HIERARCHY
ROOT Hips
{
	OFFSET -0.179506 -22.333345 2.821913
	CHANNELS 6 Xposition Yposition Zposition Zrotation Yrotation Xrotation 
	JOINT LeftUpLeg
	{
		OFFSET 6.951974 -9.140623 -0.681533
		CHANNELS 3 Zrotation Yrotation Xrotation
		JOINT LeftLeg
		{
			OFFSET 3.427654 -37.519855 -0.449580
			CHANNELS 3 Zrotation Yrotation Xrotation
			JOINT LeftFoot
			{
				OFFSET -1.359570 -39.796059 -4.369333
				CHANNELS 3 Zrotation Yrotation Xrotation
				JOINT LeftToe
				{
					OFFSET 2.635814 -5.579078 11.928840
					CHANNELS 3 Zrotation Yrotation Xrotation
					End Site
					{
						OFFSET 0.000000 0.000000 0.000000
					}
				}
			}
		}
	}
	JOINT RightUpLeg
	{
		OFFSET -6.767048 -9.052170 -0.431982
		CHANNELS 3 Zrotation Yrotation Xrotation
		JOINT RightLeg
		{
			OFFSET -3.829005 -38.256897 -0.885003
			CHANNELS 3 Zrotation Yrotation Xrotation
			JOINT RightFoot
			{
				OFFSET 1.577377 -39.841461 -4.231180
				CHANNELS 3 Zrotation Yrotation Xrotation
				JOINT RightToe
				{
					OFFSET -2.537174 -4.814398 12.334795
					CHANNELS 3 Zrotation Yrotation Xrotation
					End Site
					{
						OFFSET 0.000000 0.000000 0.000000
					}
				}
			}
		}
	}
	JOINT Spine
	{
		OFFSET -0.253288 10.896323 -2.669631
		CHANNELS 3 Zrotation Yrotation Xrotation
		JOINT Spine1
		{
			OFFSET 0.548704 13.518043 0.109247
			CHANNELS 3 Zrotation Yrotation Xrotation
			JOINT Spine2
			{
				OFFSET 0.145701 5.292222 2.542457
				CHANNELS 3 Zrotation Yrotation Xrotation
				JOINT Neck
				{
					OFFSET -0.277840 21.387037 -4.285703
					CHANNELS 3 Zrotation Yrotation Xrotation
					JOINT Head
					{
						OFFSET 0.515184 6.496960 5.134897
						CHANNELS 3 Zrotation Yrotation Xrotation
						End Site
						{
							OFFSET 0.000000 0.000000 0.000000
						}
					}
				}
				JOINT LeftShoulder
				{
					OFFSET 7.884473 12.174932 -3.408961
					CHANNELS 3 Zrotation Yrotation Xrotation
					JOINT LeftArm
					{
						OFFSET 9.097692 3.046888 -0.886815
						CHANNELS 3 Zrotation Yrotation Xrotation
						JOINT LeftForeArm
						{
							OFFSET 25.961220 -1.277207 -2.745643
							CHANNELS 3 Zrotation Yrotation Xrotation
							JOINT LeftHand
							{
								OFFSET 24.923361 0.898606 -0.117091
								CHANNELS 3 Zrotation Yrotation Xrotation
								End Site
								{
									OFFSET 0.000000 0.000000 0.000000
								}
							}
						}
					}
				}
				JOINT RightShoulder
				{
					OFFSET -8.175920 11.883285 -3.861528
					CHANNELS 3 Zrotation Yrotation Xrotation
					JOINT RightArm
					{
						OFFSET -9.601238 3.255117 -0.914307
						CHANNELS 3 Zrotation Yrotation Xrotation
						JOINT RightForeArm
						{
							OFFSET -25.374195 -1.332924 -2.140099
							CHANNELS 3 Zrotation Yrotation Xrotation
							JOINT RightHand
							{
								OFFSET -25.529810 0.777228 -0.555919
								CHANNELS 3 Zrotation Yrotation Xrotation
								End Site
								{
									OFFSET 0.000000 0.000000 0.000000
								}
							}
						}
					}
				}
			}
		}
	}
}
MOTION
Frames: 779
Frame Time: 0.033333
-44.438374 -283.164703 91.291313 177.344212 0.580750 86.364047 -0.707168 2.759937 3.906805 -3.256770 -2.554376 7.984525 4.341978 13.003687 -16.564109 nan nan nan -0.973298 -3.373862 2.551288 2.764274 -1.622666 6.417931 -0.412530 -5.915905 -13.887816 nan nan nan -0.284783 2.207571 7.300224 1.373367 -2.829803 7.451839 0.565872 -0.362778 -4.763105 0.543651 1.707420 -0.223098 2.570890 1.907142 4.500493 -29.280285 -1.811872 1.985526 -53.954618 -4.874290 12.900926 3.287289 -24.276754 6.862307 -7.801064 -12.122767 2.488554 28.739529 7.650310 4.339025 53.832857 3.629800 14.705953 -7.373137 22.289793 -0.683286 8.603369 10.862833 1.173864 
-44.489185 -283.126831 91.259804 177.291402 0.616595 86.341077 -0.726546 2.631733 3.789213 -3.302508 -2.503342 8.305990 4.170005 13.138829 -16.617414 nan nan nan -0.902314 -3.199776 2.878644 2.651268 -1.359600 5.893628 -0.256513 -6.133660 -13.953707 nan nan nan -0.205804 2.228087 7.394292 1.312099 -2.862708 7.450053 0.588904 -0.402426 -4.738441 0.559491 1.787779 -0.289488 2.725605 2.168614 4.172870 -29.269567 -2.197472 2.299857 -53.955093 -4.572738 12.936831 3.508868 -24.576105 6.806937 -7.561677 -12.161962 2.244054 28.635540 7.972989 4.472125 53.904634 3.579242 14.725869 -7.395683 22.498149 -0.682152 8.364998 10.868697 0.910759 
-44.557686 -283.113098 91.242882 177.329925 0.670518 86.415818 -0.700121 2.453372 3.552559 -3.386236 -2.360731 8.669195 4.107714 13.210641 -16.802225 nan nan nan -0.934565 -2.994382 3.027869 2.827941 -1.036377 5.573012 0.185744 -6.387829 -13.855898 nan nan nan -0.106778 2.268174 7.336056 1.276527 -2.831174 7.416070 0.553403 -0.382377 -4.683002 0.600699 1.711136 -0.437411 2.722468 2.118448 4.222054 -29.231320 -2.255160 2.367994 -53.897625 -4.660733 12.988515 3.236955 -24.567032 7.125741 -7.422698 -12.338523 2.140409 28.576411 7.996135 4.497591 53.950413 3.633852 14.822801 -7.344569 22.596491 -0.520434 8.143803 10.909313 0.820967 
-44.607002 -283.041016 91.221825 177.378741 0.791808 86.446117 -0.562936 2.203766 3.482672 -3.497129 -2.219381 8.883868 4.113027 13.198906 -16.937902 nan nan nan -1.085201 -2.698813 3.349945 3.455237 -0.498582 5.050700 1.299860 -6.654850 -12.883143 nan nan nan 0.029997 2.304698 7.263681 1.246204 -2.752440 7.344876 0.544962 -0.348375 -4.492360 0.668371 1.642454 -0.678907 2.660016 1.952441 4.500786 -29.218519 -2.157991 2.521971 -53.873488 -5.031719 12.939339 2.963442 -24.462136 7.781214 -7.537785 -12.550333 2.062159 28.497363 7.790101 4.535308 54.043268 3.776669 14.920406 -7.422565 22.735344 -0.222207 7.942704 10.833075 0.566738 
-44.678398 -282.907593 91.196991 177.467130 0.838618 86.319778 -0.641727 2.164486 3.462347 -3.339332 -2.087962 9.404716 4.233245 13.030612 -17.280431 nan nan nan -1.180623 -2.683071 3.803565 3.553731 -0.500233 4.725277 1.452012 -6.703157 -12.695632 nan nan nan 0.016715 2.493834 7.041283 1.438852 -2.891720 8.041451 0.545994 -0.353066 -4.568106 0.705256 2.242982 -0.595229 2.598736 1.593514 3.750476 -29.379387 -2.136859 2.294407 -53.966930 -5.155108 12.613619 3.047193 -24.462308 7.660814 -8.449923 -12.488043 3.268037 28.980724 7.183139 4.196852 54.549135 3.364370 13.777510 -9.974585 23.987971 -1.580049 8.244888 10.825340 2.433054 
-44.633797 -282.953003 91.191811 177.939570 1.503608 88.034049 -1.028781 1.081274 0.739217 -2.310564 -2.769808 11.097677 4.979585 15.159809 -18.850800 nan nan nan 0.088554 -3.425446 3.536400 3.015901 1.130727 1.736092 0.414432 -8.115900 -11.751225 nan nan nan 0.444924 2.966620 3.585921 1.993596 -3.956645 10.916109 0.437048 -0.185524 -6.373567 0.040665 2.163792 1.269051 2.865253 1.686243 2.646256 -29.783475 -2.459749 1.743303 -54.542624 -4.650729 13.941171 4.352208 -22.959493 4.318987 -9.953133 -12.924529 5.577075 28.740073 7.869169 4.230245 54.784564 2.123250 13.615173 -10.692393 24.111774 -3.341960 8.599921 11.607004 4.091772 
-44.663498 -282.870361 91.246216 178.109583 1.297397 88.021326 -0.647837 1.530674 0.310647 -2.833512 -2.000781 12.142939 4.977153 13.409804 -19.035397 nan nan nan -0.130200 -3.602129 3.840550 2.866723 0.938125 1.352334 0.518860 -7.916112 -11.675354 nan nan nan 0.001298 3.013257 3.462891 2.159123 -4.186875 11.288331 0.473528 -0.191898 -6.714384 0.183572 2.406056 1.378707 2.821393 1.302985 2.393979 -29.789210 -2.404992 1.699138 -54.441477 -4.512079 13.801785 4.032011 -22.937817 4.170684 -9.680571 -12.994996 5.453613 28.903889 7.906881 4.433234 54.681943 2.135408 13.454549 -10.699103 24.275533 -3.607795 8.575792 11.698918 4.662980 
-44.700996 -282.778564 91.239281 178.133439 1.223079 88.039637 -0.504731 1.866730 0.105201 -2.979640 -1.510395 12.654730 4.887333 12.513211 -19.254942 nan nan nan -0.189128 -3.661416 3.972104 2.720473 0.818255 1.208300 0.672591 -7.850831 -11.788569 nan nan nan -0.210352 3.021762 3.447730 2.250372 -4.293166 11.395319 0.437567 -0.109460 -6.838241 0.306367 2.506772 1.217049 2.790836 1.146154 2.440286 -29.734708 -2.229276 1.620146 -54.481081 -4.351757 13.641657 3.925104 -23.154228 4.482872 -9.712640 -13.013933 5.499514 28.920342 7.820538 4.548908 54.722656 2.146492 13.313457 -10.702973 24.697778 -3.613746 8.329982 12.117920 5.041246 
-44.764751 -282.710114 91.214607 178.109239 1.307319 88.129540 -0.697458 1.666244 0.033164 -2.790334 -1.691748 12.750149 4.915642 13.146986 -19.577294 nan nan nan -0.096252 -3.549770 3.857905 2.671496 0.744239 1.370988 0.681185 -8.007575 -11.955548 nan nan nan -0.110260 2.975118 3.301321 2.217609 -4.254243 11.455084 0.400054 -0.037549 -6.747692 0.339484 2.543989 1.084595 2.778710 1.353328 2.458281 -29.637366 -2.125591 1.474181 -54.627803 -4.352185 13.723985 3.929866 -23.136371 4.482784 -9.899945 -12.901119 5.573720 28.735481 7.813963 4.414823 54.944322 2.131611 13.401881 -10.773272 24.687410 -3.574277 8.269215 12.176541 4.924969 
-44.849506 -282.631317 91.159317 178.117502 1.641300 88.322975 -1.107618 1.023819 -0.006159 -2.178031 -2.454366 12.549095 5.181431 15.013126 -19.992518 nan nan nan -0.048156 -3.655411 2.970791 3.215578 0.759648 2.782184 0.472865 -8.016414 -12.511653 nan nan nan 0.386282 2.931839 2.900527 2.126231 -4.175555 11.850008 0.336952 -0.027712 -6.769419 0.261861 2.635969 1.127227 2.781291 1.728996 2.262786 -29.478991 -2.006726 0.980524 -54.986251 -4.375219 14.136799 4.012146 -22.770358 4.156047 -10.350585 -12.974464 6.007365 28.446538 7.831019 4.107302 55.224944 2.082110 13.532173 -10.965358 24.411189 -3.694776 8.482215 12.117083 4.898873 
-44.927391 -282.547241 91.191002 178.205236 1.544106 88.220253 -1.064825 1.080979 0.225809 -2.271446 -1.942070 12.565406 5.181422 14.180541 -19.910829 nan nan nan -0.232966 -3.729980 3.065927 3.178529 0.574974 2.955979 0.752678 -7.725230 -12.562853 nan nan nan 0.191890 3.036467 3.238779 2.187666 -4.085952 11.534957 0.435363 -0.129666 -6.747886 0.341184 2.565247 1.085022 2.727131 1.520865 2.398451 -29.590049 -2.103295 1.161347 -54.787415 -4.183037 14.110889 3.818984 -23.175990 4.553739 -10.173783 -12.734157 5.858031 28.571289 7.731980 4.164323 55.007622 1.936844 13.582049 -10.985179 24.576306 -3.646442 8.560067 11.951467 4.677885 
-44.992165 -282.472900 91.171539 178.291707 1.564640 88.250240 -1.087775 1.018637 0.046399 -2.246135 -1.769538 12.991302 5.203376 14.038548 -20.166841 nan nan nan -0.312427 -3.844745 2.817891 3.254270 0.428755 3.493197 0.876373 -7.548028 -12.826499 nan nan nan 0.157668 3.102829 3.228013 2.253226 -4.099299 11.537367 0.449788 -0.220427 -6.698221 0.418970 2.713933 0.928346 2.656351 1.419690 2.505051 -29.540147 -2.139183 1.130774 -54.812667 -4.056312 14.106257 3.666148 -23.344258 4.644495 -10.121393 -12.489664 5.844019 28.512896 7.755071 4.158443 55.026332 1.887591 13.585785 -11.033713 24.709370 -3.622619 8.805431 11.945055 4.608542 
-45.033600 -282.349274 91.153793 178.531919 1.454810 88.265854 -0.644407 1.747503 -0.563002 -2.715376 -1.553748 14.207914 5.249520 12.445243 -20.320523 nan nan nan -0.521869 -4.197487 2.627278 3.282668 0.188041 3.980261 0.850451 -7.180924 -13.080798 nan nan nan -0.196864 3.100562 3.111451 2.457529 -4.290689 12.070298 0.450686 -0.213041 -7.162332 0.627866 3.008944 1.112588 2.473565 1.172925 2.297370 -29.480431 -2.162237 1.111145 -54.913767 -3.885141 14.012785 3.572947 -23.355651 4.500170 -9.907772 -12.226874 5.980765 28.487949 7.781992 4.126115 55.225716 1.781659 13.363498 -11.295767 24.764537 -4.095289 9.025499 11.755209 5.195631 
-45.091656 -282.245728 91.112221 178.649213 1.857943 88.307103 -1.226523 0.674195 -0.229386 -2.031864 -2.701609 13.712498 5.404656 15.219876 -20.798053 nan nan nan 0.123123 -3.850170 2.961944 3.011931 0.603602 3.418681 0.464542 -8.052978 -12.903958 nan nan nan 0.404504 3.012193 3.093588 2.258661 -4.311243 11.809528 0.501647 -0.270819 -6.822815 0.424992 2.396192 0.713794 2.572781 1.615074 2.663119 -29.421567 -1.991946 1.101008 -55.236756 -3.996665 14.131475 3.858439 -23.221581 4.229809 -10.006528 -12.458010 5.908804 28.178409 7.774142 4.037897 55.578978 1.802155 13.377331 -11.551680 24.678229 -4.006897 8.750314 11.929718 4.607071 
-45.171131 -282.154846 91.074829 178.704536 1.730562 88.474671 -1.431597 0.527594 -0.476022 -2.114465 -2.751914 13.987269 5.649567 15.458896 -21.086230 nan nan nan -0.193744 -3.882261 2.232340 3.263954 0.424481 4.632873 0.472584 -7.875260 -13.453414 nan nan nan 0.090787 3.004911 2.855613 2.317136 -4.272926 11.890084 0.551965 -0.253698 -6.738220 0.626607 2.243286 0.540914 2.565003 1.538423 2.698950 -29.373448 -1.924058 1.159902 -55.337861 -4.015449 14.102380 3.936509 -23.344645 4.256611 -9.890571 -12.593842 5.903085 28.230316 7.636808 3.960087 55.538756 1.839719 13.261216 -11.539139 24.718404 -4.090710 8.561342 12.059916 4.667525 
-45.258347 -282.051605 91.058601 178.689448 1.701130 88.554888 -1.562376 0.493768 -0.535543 -2.088982 -2.765624 14.106441 5.731411 15.579911 -21.366109 nan nan nan -0.296710 -3.786846 1.732066 3.322305 0.281382 5.556898 0.486267 -7.844447 -13.885378 nan nan nan -0.050872 3.048094 2.763903 2.379546 -4.169504 11.885913 0.536933 -0.238318 -6.629744 0.793397 2.257906 0.649723 2.603638 1.527165 2.441727 -29.373050 -1.944505 1.100882 -55.325491 -3.928049 14.214595 3.943437 -23.469793 4.335978 -10.008426 -12.581717 6.033829 28.322768 7.543918 3.779878 55.398277 1.739553 13.279795 -11.457732 24.746349 -4.113728 8.614028 12.125758 4.615781 
-45.330925 -281.937561 91.063507 178.730512 1.752690 88.516658 -1.599960 0.508709 -0.456519 -2.051722 -2.919529 14.234785 5.729602 15.660007 -21.515422 nan nan nan -0.201556 -3.660312 1.473413 3.197873 0.167958 6.257503 0.470053 -7.973431 -14.130348 nan nan nan -0.130933 3.092937 2.918448 2.467784 -4.039595 11.746336 0.606781 -0.328796 -6.538065 0.831861 2.301040 0.765471 2.710731 1.536936 2.114874 -29.393865 -1.948445 0.922506 -55.389592 -3.865885 14.348121 3.948382 -23.371287 4.333478 -10.262308 -12.540442 6.024598 28.324952 7.483076 3.567677 55.362491 1.602480 13.350072 -11.525984 24.697925 -4.190711 8.576488 12.170702 4.507473 
-45.406540 -281.820770 91.062424 178.838874 1.766653 88.408590 -1.715041 0.468508 -0.296529 -1.989594 -3.073906 14.384537 5.689678 15.762648 -21.668855 nan nan nan -0.107869 -3.520252 1.347176 2.962827 0.029359 6.861083 0.468303 -8.203370 -14.333269 nan nan nan -0.213678 3.078506 3.078152 2.514384 -3.975035 11.749081 0.679399 -0.430883 -6.463719 0.881373 2.314742 0.734863 2.734319 1.473354 1.895407 -29.448155 -1.953742 0.824286 -55.340940 -3.874362 14.399922 3.871302 -23.404366 4.436474 -10.558694 -12.703745 6.105617 28.291072 7.549867 3.461461 55.435457 1.475930 13.390872 -11.826011 24.781773 -4.459963 8.161820 12.256843 4.360638 
-45.497112 -281.706970 91.067856 178.985471 1.789235 88.235966 -1.871175 0.468683 -0.080267 -1.850226 -3.316684 14.543161 5.768001 15.904991 -21.842301 nan nan nan -0.042140 -3.471730 1.232319 2.726968 -0.102372 7.707538 0.199640 -8.190271 -14.671289 nan nan nan -0.146421 2.928201 3.373298 2.474381 -4.021605 11.729373 0.615708 -0.405277 -6.410107 0.869475 2.322385 0.562027 2.702695 1.553360 1.853301 -29.407113 -1.971143 0.752300 -55.345327 -3.825621 14.405590 3.774120 -23.448331 4.461469 -10.532917 -12.814226 6.002813 28.248431 7.661890 3.385377 55.581136 1.400970 13.351187 -12.076190 24.897780 -4.990328 7.942988 12.306537 3.747178 
-45.569763 -281.594910 91.066635 179.048817 1.801636 88.095636 -2.005729 0.461021 0.122056 -1.740176 -3.549057 14.664097 5.940515 15.995553 -21.965974 nan nan nan 0.023784 -3.336937 1.002056 2.555493 -0.185267 8.603940 0.131760 -8.267468 -15.088462 nan nan nan -0.152730 2.823455 3.652231 2.429363 -4.058401 11.723628 0.523663 -0.288197 -6.393653 0.919328 2.313247 0.365964 2.782587 1.610310 1.887779 -29.256917 -2.025694 0.719516 -55.319581 -3.754153 14.522066 3.597730 -23.631611 4.482731 -10.549929 -12.780258 5.851766 28.304085 7.754143 3.313847 55.626196 1.335921 13.324202 -12.219357 24.952943 -5.659640 8.449911 12.462788 2.768950 
-45.620739 -281.449493 91.042961 179.158502 1.759027 88.108280 -2.082943 0.431307 0.251537 -1.824165 -3.752413 14.613242 6.037965 15.949244 -21.986063 nan nan nan 0.084433 -3.350475 0.477779 2.319206 -0.230952 9.726017 0.074713 -8.396285 -15.543210 nan nan nan -0.368856 2.795983 3.670225 2.496295 -4.101352 11.812890 0.528324 -0.262563 -6.433031 1.014741 2.349429 0.383314 2.825601 1.641866 1.821163 -29.128631 -2.011960 0.621306 -55.330014 -3.655070 14.643570 3.439914 -23.753676 4.401942 -10.691584 -12.818790 5.925008 28.273672 7.756291 3.243668 55.739839 1.322337 13.256118 -12.306490 24.836682 -5.947677 9.031409 12.698579 2.510099 
-45.699131 -281.217590 90.991127 179.638068 1.569726 88.185701 -2.324569 0.246783 0.386849 -1.889398 -4.008625 14.488520 6.081752 15.837098 -22.053878 nan nan nan -0.079071 -3.680901 0.022556 2.132335 -0.247733 10.783983 0.072962 -8.508112 -16.093000 nan nan nan -0.746702 2.799803 3.307098 2.597847 -4.369251 12.170467 0.606987 -0.449622 -6.429574 1.131382 2.465938 0.522858 2.748295 1.582401 1.502912 -29.067872 -1.930092 0.466128 -55.406453 -3.575387 14.643577 3.420907 -23.735871 4.236987 -10.949426 -12.773414 6.320923 28.169570 7.675927 3.120057 55.952958 1.375342 13.071787 -12.441861 24.605809 -5.916909 9.450391 12.781214 3.064643 
-45.806290 -281.060089 90.953529 -179.987897 1.451825 88.084090 -2.545529 0.127023 0.559467 -1.877707 -4.309306 14.566363 6.090035 15.791538 -22.185715 nan nan nan -0.204383 -3.566998 -0.444077 2.037550 -0.568655 12.099560 0.272236 -8.729691 -16.784767 nan nan nan -0.979927 2.651041 3.420656 2.637714 -4.448537 12.186840 0.641371 -0.551601 -6.297003 1.197488 2.577894 0.566520 2.804210 1.460155 1.279382 -28.909305 -1.911747 0.305603 -55.529026 -3.528375 14.676501 3.380932 -23.735455 4.369783 -10.937537 -12.787892 6.545092 28.096189 7.648017 2.924659 56.076422 1.349221 12.948183 -12.564429 24.514434 -5.822819 9.489549 12.775724 3.338150 
-45.888496 -280.928314 90.925209 -179.778980 1.446802 87.950611 -2.608330 0.096292 0.691979 -1.941541 -4.587570 14.764996 6.065868 15.742642 -22.297352 nan nan nan -0.150287 -3.293342 -0.971379 1.895760 -1.024236 13.471679 0.427358 -8.913993 -17.277334 nan nan nan -1.187132 2.486243 3.745096 2.711851 -4.403764 11.988468 0.721632 -0.585889 -6.180596 1.294067 2.610019 0.577525 2.849596 1.401267 1.207139 -28.749685 -1.909035 0.270118 -55.590847 -3.477288 14.720703 3.250193 -23.904079 4.679671 -10.950773 -12.774138 6.491717 28.106325 7.606997 2.811070 55.972183 1.256009 12.965835 -12.550355 24.597252 -5.727076 9.341049 12.811625 3.213507 
-45.947311 -280.792480 90.901466 -179.701225 1.452612 87.847609 -2.633819 0.172278 0.791916 -1.994600 -4.797299 14.989915 6.102396 15.696388 -22.343508 nan nan nan -0.063270 -3.030595 -1.697298 1.673452 -1.450076 15.147521 0.463917 -9.019635 -17.642583 nan nan nan -1.379524 2.374454 4.054941 2.803775 -4.254110 11.822021 0.802370 -0.612408 -6.119061 1.413655 2.527700 0.519637 2.795516 1.457934 1.100829 -28.690154 -1.978645 0.276976 -55.527485 -3.362766 14.841797 3.068047 -24.238801 4.837537 -10.815876 -12.726092 6.301177 28.174049 7.608092 2.668879 55.775747 1.103261 13.071485 -12.455898 24.720235 -5.870039 9.196628 12.978041 2.808161 
-46.014347 -280.694672 90.875908 -179.884939 1.392715 87.612093 -2.757859 0.351109 1.052143 -2.018974 -4.896875 15.112614 6.189342 15.814817 -22.401231 nan nan nan -0.054379 -2.467497 -2.545126 1.443250 -1.818580 17.234408 0.530350 -9.204154 -18.168188 nan nan nan -1.498486 2.250141 4.671434 2.795415 -3.903029 11.540895 0.789426 -0.571802 -5.995723 1.465496 2.436404 0.319490 2.742547 1.450784 1.042035 -28.642945 -2.138118 0.269607 -55.377041 -3.266691 14.882367 2.958821 -24.578388 4.913625 -10.657907 -12.603906 6.044281 28.219155 7.643078 2.473860 55.838021 0.962612 13.050880 -12.623059 24.911913 -6.061834 9.195898 13.041618 2.538004 
-46.122616 -280.659576 90.850227 179.721898 1.346525 87.275957 -2.931269 0.579238 1.501375 -2.014229 -5.019666 14.988463 6.335733 16.102783 -22.379701 nan nan nan -0.043028 -1.711099 -3.448995 1.203348 -2.088173 19.452512 0.739123 -9.382017 -18.650708 nan nan nan -1.425446 2.079729 5.728484 2.686445 -3.388094 10.947544 0.701066 -0.548990 -5.876951 1.359227 2.331354 0.071885 2.738531 1.479202 1.136366 -28.626612 -2.186048 0.213369 -55.172494 -3.160433 14.920257 2.846129 -24.988857 5.208328 -10.528604 -12.556718 5.636681 28.196743 7.745685 2.351837 55.920617 0.899699 13.124897 -12.708647 25.090475 -6.035745 9.154078 13.087824 2.171631 
-46.223797 -280.519501 90.811737 179.623278 1.267541 86.972893 -3.123712 0.668413 2.143288 -2.025430 -5.309148 14.577710 6.467177 16.304184 -22.312358 nan nan nan -0.099354 -1.275313 -4.197609 0.976743 -2.378034 21.528344 0.938787 -9.560408 -18.967185 nan nan nan -1.440637 1.927290 6.464745 2.608896 -3.125485 10.565795 0.619135 -0.647559 -5.765274 1.322765 2.480016 -0.071535 2.736170 1.524744 1.243555 -28.585554 -2.141355 0.141870 -54.976535 -3.074893 14.889518 2.642629 -25.299635 5.436247 -10.677871 -12.629824 5.569838 28.241846 7.847456 2.299239 55.933227 0.843660 13.171918 -12.775244 25.173490 -6.077502 9.209091 13.252866 1.978911 
-46.288643 -280.237457 90.753822 -179.986715 1.134189 86.757479 -3.300746 0.620888 2.754091 -2.057166 -5.684752 14.231755 6.470220 16.279481 -22.338255 nan nan nan -0.287658 -1.293602 -4.719911 0.838563 -2.801174 23.346990 0.927840 -9.658628 -19.233834 nan nan nan -1.697425 1.771210 6.657826 2.618080 -3.260567 10.565803 0.626634 -0.788573 -5.630855 1.388063 2.854569 -0.120579 2.725740 1.506637 1.131917 -28.473417 -2.191780 0.179717 -54.933778 -3.086317 14.691841 2.509075 -25.387506 5.340726 -10.839261 -12.813378 5.667330 28.336941 7.926662 2.315279 55.937703 0.750840 13.133600 -12.871167 25.252827 -6.136912 9.260238 13.449405 1.927422 
-46.374161 -280.073181 90.712090 -179.963028 1.105113 86.593094 -3.409289 0.716676 3.059592 -2.035019 -5.839158 14.237748 6.519501 16.405536 -22.402303 nan nan nan -0.356916 -1.040919 -5.516585 0.673083 -3.155329 25.307046 0.934297 -9.655654 -19.413216 nan nan nan -1.704612 1.551878 7.098999 2.558358 -3.181646 10.423971 0.507678 -0.731486 -5.527396 1.407467 2.960119 -0.195154 2.783779 1.440122 0.901977 -28.377983 -2.276665 0.117280 -54.867773 -3.041629 14.631951 2.457964 -25.653644 5.175532 -10.749745 -12.901421 5.625571 28.450494 8.021061 2.295272 55.920442 0.619289 13.225614 -12.978213 25.542351 -6.111162 9.271935 13.617364 1.818969 
-46.443951 -279.899414 90.681320 -179.870952 1.063670 86.338023 -3.516060 0.813051 3.476460 -2.024056 -6.159981 14.237799 6.557180 16.564052 -22.516312 nan nan nan -0.422184 -0.601302 -6.245470 0.503080 -3.670254 27.365247 1.097489 -9.845012 -19.555134 nan nan nan -1.723349 1.237911 7.677587 2.466814 -3.045279 10.204099 0.395757 -0.653765 -5.327414 1.482361 2.965472 -0.427988 2.775434 1.309898 0.760869 -28.378538 -2.332047 0.014701 -54.616079 -3.030260 14.563508 2.359008 -26.039418 5.275835 -10.692848 -12.879554 5.575358 28.664431 8.100976 2.215021 55.866752 0.445850 13.336125 -13.170489 25.843263 -6.087555 9.144780 13.745766 1.750204 
-46.503593 -279.714935 90.642456 -179.660787 0.999573 86.131218 -3.606685 0.852472 3.857757 -2.079838 -6.543622 14.202880 6.593022 16.667089 -22.618955 nan nan nan -0.565718 -0.032984 -7.024664 0.518880 -4.208774 29.398002 1.420866 -10.299652 -19.667369 nan nan nan -1.811862 0.935109 8.238550 2.411718 -2.899344 9.887824 0.374204 -0.721130 -5.104730 1.608414 2.932297 -0.746314 2.571756 1.219100 0.829233 -28.400678 -2.402249 0.007333 -54.446278 -3.097314 14.456869 2.380843 -26.299505 5.261051 -10.361737 -12.664824 5.332408 28.709181 8.136723 2.111229 55.915214 0.399435 13.377210 -13.212341 25.956456 -6.001108 8.795370 13.648459 1.549984 
-46.578106 -279.532043 90.596535 -179.594404 0.927186 86.063118 -3.732990 0.938781 4.120951 -2.066192 -6.732297 14.059408 6.656842 16.766788 -22.621083 nan nan nan -0.748950 0.320560 -7.925706 0.605061 -4.398554 31.041468 1.558071 -10.564306 -19.890602 nan nan nan -1.868059 0.775410 8.561931 2.399244 -2.784768 9.740766 0.317868 -0.838358 -4.988877 1.649447 2.919095 -1.058361 2.331687 1.264626 0.997233 -28.486698 -2.454937 -0.098422 -54.304088 -3.154528 14.450683 2.437103 -26.357638 5.048074 -10.043235 -12.445622 5.316138 28.822432 8.112547 2.028442 55.786354 0.324616 13.462385 -13.180949 26.217405 -6.014743 8.596811 13.561328 1.651508 
-46.662785 -279.261414 90.556885 -179.144546 0.753778 85.989908 -3.975763 0.909281 4.447305 -2.009694 -6.987268 13.933972 6.623637 16.648580 -22.659961 nan nan nan -1.087327 0.067202 -8.471038 0.548244 -4.625550 32.050982 1.397398 -10.181318 -20.436483 nan nan nan -2.036910 0.603358 8.514542 2.368120 -3.076262 9.982998 0.273899 -0.943916 -4.888527 1.580119 3.093846 -1.217932 2.281920 1.208427 0.949125 -28.449342 -2.537515 -0.204272 -54.213351 -3.209354 14.293991 2.349855 -26.325974 4.956403 -10.045532 -12.530041 5.435572 28.920187 8.136408 2.022414 55.741326 0.279371 13.368904 -13.151168 26.413675 -6.010827 8.508235 13.661682 2.043999 
-46.778374 -279.040833 90.549301 -178.873236 0.759662 85.959721 -4.040470 0.886194 4.738225 -1.966057 -7.146731 13.741399 6.548991 16.541023 -22.695372 nan nan nan -1.180023 0.064686 -9.086118 0.440788 -4.890080 32.875430 1.347668 -9.767764 -20.755793 nan nan nan -1.947457 0.356420 8.538688 2.337612 -3.168777 10.146632 0.169869 -0.962431 -4.845298 1.436928 3.234461 -1.180376 2.312553 1.071973 0.705355 -28.452485 -2.685367 -0.201650 -54.103578 -3.303020 14.200554 2.239651 -26.307288 4.958247 -10.018637 -12.824127 5.385410 28.913970 8.149559 1.990328 55.725775 0.275931 13.221986 -13.047114 26.387916 -5.945295 8.414613 13.734879 2.187264 
-46.886440 -278.897369 90.583588 -178.962861 0.954686 86.048517 -3.874484 1.023512 4.866637 -1.956380 -7.193871 13.503276 6.571960 16.499742 -22.543484 nan nan nan -1.000694 0.371554 -9.991751 0.330783 -5.124071 33.664046 1.344190 -9.607341 -20.576314 nan nan nan -1.671288 0.145209 8.730643 2.373147 -2.929636 10.084475 0.059940 -0.990426 -4.948361 1.296240 3.307612 -1.023143 2.312164 1.105438 0.479627 -28.607961 -2.810368 -0.232219 -54.016794 -3.323825 14.295725 2.317928 -26.330148 4.641915 -10.048080 -12.787565 5.302090 28.942747 8.039232 1.912221 55.588855 0.123092 13.160682 -13.017425 26.598569 -5.913210 8.625732 13.623350 2.202355 
-46.954231 -278.619598 90.618095 -178.576063 1.078934 86.103485 -3.686383 1.103650 5.097696 -1.995798 -7.417076 13.328802 6.541698 16.306841 -22.607062 nan nan nan -0.952016 0.160571 -10.597642 0.310521 -5.397356 34.169022 1.301769 -9.374996 -20.564771 nan nan nan -1.550575 -0.068177 8.618437 2.460699 -3.040574 10.374969 0.010153 -1.173116 -5.105640 1.220401 3.523796 -0.754222 2.253138 1.113673 0.132041 -28.833366 -2.976764 -0.188002 -53.800809 -3.238518 14.280810 2.357748 -26.488752 4.285797 -10.042386 -12.657421 5.553642 29.102077 7.930503 1.899493 55.484899 -0.233879 12.924913 -13.217671 27.177935 -5.994491 8.909443 13.444752 2.542464 
-47.033272 -278.434326 90.662224 -178.596793 1.048793 85.928738 -3.736178 1.244218 5.581613 -2.043566 -7.600523 13.054977 6.682141 16.462516 -22.650991 nan nan nan -1.058283 0.251727 -11.250540 0.528111 -5.258495 34.830570 1.513777 -9.425981 -20.725362 nan nan nan -1.479446 -0.263195 9.034470 2.374275 -2.944770 10.357980 -0.076327 -1.164615 -5.109135 1.157339 3.488296 -0.832420 2.224129 1.141885 0.067675 -28.872227 -3.124441 -0.180001 -53.644799 -3.355292 14.315091 2.304044 -26.667279 4.265436 -10.052064 -12.821722 5.538319 28.982915 8.193968 1.930179 55.565835 -0.185256 13.023060 -13.059363 26.876841 -6.056697 8.824961 13.595549 2.310877 
-47.055229 -278.152832 90.710403 -178.119227 1.105326 86.021563 -3.664377 1.110755 5.775012 -2.082179 -7.962720 12.913118 6.730877 16.334821 -22.638940 nan nan nan -1.065215 0.070179 -11.928206 0.708716 -5.311475 35.101487 1.450025 -9.589005 -20.739231 nan nan nan -1.535900 -0.503414 8.910203 2.500379 -3.184329 10.541568 -0.078411 -1.219684 -5.206236 1.092250 3.597506 -0.682470 2.173195 1.101236 -0.027448 -29.023472 -3.160019 -0.207076 -53.455470 -3.447654 14.483241 2.263835 -26.664010 4.081113 -10.664432 -13.139848 5.930224 29.079896 8.214798 1.912484 55.499242 -0.391668 13.047139 -13.153170 26.774326 -6.277989 8.991543 13.771995 2.132210 
-47.055305 -277.961060 90.747314 -178.134409 1.148546 85.921442 -3.538423 1.195586 6.156247 -2.199793 -8.173188 12.651987 6.793030 16.367293 -22.629051 nan nan nan -1.005417 0.323784 -12.586061 0.696910 -5.449887 35.414470 1.367246 -9.629179 -20.554096 nan nan nan -1.615251 -0.656557 9.514148 2.520187 -2.982565 10.029693 0.015149 -1.224575 -5.086102 1.034273 3.430254 -0.966762 2.101918 1.143878 0.426095 -28.973352 -3.187917 -0.138055 -53.433104 -3.682624 14.511620 2.160420 -26.709641 4.286180 -10.834359 -13.174842 5.620089 29.058453 8.115066 1.971981 55.538551 -0.461240 13.132904 -13.249294 26.768111 -6.189454 8.997579 13.770551 1.696959 
-47.088562 -277.658173 90.770393 -177.572787 1.346892 86.097290 -3.252634 1.113132 6.233552 -2.243646 -8.484033 12.552804 6.747119 16.181628 -22.841773 nan nan nan -0.886772 0.233748 -13.262683 0.832684 -5.645981 35.411384 1.315699 -9.675071 -20.396791 nan nan nan -1.536414 -0.870174 9.329077 2.723677 -3.131557 10.007763 0.066700 -1.387258 -5.015812 0.953390 3.333024 -0.979272 1.928485 1.129141 0.692879 -29.151719 -3.206556 -0.095932 -53.457290 -3.940799 14.552551 2.318749 -26.664624 4.139225 -10.996664 -12.938378 5.615193 29.099826 7.849722 2.012117 55.444461 -0.607953 13.037048 -13.356669 26.954651 -6.083036 9.132638 13.514128 1.635834 
-47.138111 -277.453918 90.792473 -177.454786 1.391264 86.087789 -3.184447 1.284190 6.525997 -2.170010 -8.643435 12.297316 6.632725 16.214708 -23.093130 nan nan nan -0.896449 0.339697 -13.999929 0.762237 -5.907347 35.344482 1.284725 -9.761334 -20.284306 nan nan nan -1.513995 -1.057780 9.701087 2.733020 -3.001506 9.685337 0.102866 -1.482778 -4.850781 0.823899 3.398650 -1.050381 1.866874 1.301109 0.803381 -29.069686 -3.249725 -0.107982 -53.527486 -4.112360 14.640463 2.373204 -26.830792 4.161385 -10.461930 -12.870243 5.250473 29.038059 7.751577 1.965925 55.361301 -0.571644 13.171919 -13.045737 26.888334 -5.714143 8.887637 13.344813 1.544125 
-47.193062 -277.126831 90.809853 -176.992671 1.548080 86.360709 -2.954967 1.367093 6.597891 -2.069062 -8.823068 12.009291 6.590526 16.070941 -23.277998 nan nan nan -0.817739 0.122555 -14.846536 0.781665 -6.021093 35.213752 1.228332 -9.791792 -20.085330 nan nan nan -1.387324 -1.309562 9.348784 2.906172 -3.195819 9.928460 0.025508 -1.563466 -4.963686 0.713629 3.564108 -0.786121 1.792449 1.241854 0.564946 -29.075331 -3.263106 -0.229107 -53.617293 -4.077836 14.960479 2.632836 -26.945383 3.726786 -10.251752 -12.645899 5.512579 29.097147 7.561005 1.829138 55.286782 -0.819313 13.166582 -13.028344 26.818771 -5.657304 9.283694 12.942093 1.825479 
-47.249573 -276.782898 90.837593 -176.822249 1.664646 86.423942 -2.789866 1.504275 7.056286 -2.014847 -9.088311 11.484590 6.637912 15.900508 -23.229401 nan nan nan -0.794539 -0.014587 -15.457775 0.911091 -6.017114 34.965922 1.198672 -9.713431 -19.835877 nan nan nan -1.285569 -1.502576 9.183451 2.989534 -3.236237 10.182466 0.002896 -1.594517 -5.034201 0.655646 3.701408 -0.632039 1.682540 1.215585 0.354248 -29.081901 -3.312615 -0.231946 -53.679922 -4.145537 15.074299 2.759188 -27.164211 3.458286 -10.387898 -12.502616 5.664120 29.079923 7.489716 1.846686 55.279002 -1.007998 13.111505 -13.115850 26.765104 -5.660184 10.057536 12.443901 1.836697 
-47.327995 -276.441986 90.876434 -176.633488 1.692276 86.367586 -2.775936 1.627485 7.668197 -1.904640 -9.372492 10.909378 6.655823 15.777475 -23.159018 nan nan nan -0.862779 -0.075420 -15.833496 0.926500 -6.113922 34.463976 1.211695 -9.641446 -19.650295 nan nan nan -1.214578 -1.663553 9.211234 2.996799 -3.273850 10.375514 -0.013213 -1.662349 -5.128245 0.590509 3.727184 -0.423427 1.668145 1.195721 0.213301 -29.117643 -3.402515 -0.157650 -53.644598 -4.237741 15.060165 2.740579 -27.441122 3.283620 -10.293493 -12.543718 5.766643 29.123109 7.530666 1.980894 55.202823 -1.181823 12.987820 -13.187949 26.803568 -5.822730 10.083753 12.453297 2.002567 
-47.380623 -276.153870 90.909332 -176.349669 1.716633 86.326053 -2.750178 1.674388 8.119838 -1.811443 -9.624514 10.525269 6.584300 15.724890 -23.163136 nan nan nan -0.938412 -0.080807 -16.336247 0.789058 -6.368776 33.957386 1.242255 -9.731810 -19.469694 nan nan nan -1.246655 -1.844367 9.505332 3.040103 -3.291240 10.202996 0.077164 -1.765660 -5.148176 0.468781 3.581092 -0.504656 1.681727 1.193960 0.467898 -29.131129 -3.434259 -0.028685 -53.704469 -4.437418 15.031848 2.751910 -27.586552 3.175209 -10.024749 -12.719878 5.619806 29.100295 7.508042 2.061339 55.155541 -1.278024 12.909658 -13.195977 26.761543 -5.888859 9.539690 12.830929 2.172869 
-47.403637 -275.863739 90.910820 -176.145123 1.795574 86.389955 -2.603549 1.731915 8.442614 -1.806638 -9.874004 10.162969 6.482347 15.668276 -23.194377 nan nan nan -0.981987 0.050493 -16.982146 0.812945 -6.601821 33.475950 1.364962 -9.782101 -19.236335 nan nan nan -1.267906 -2.095485 9.786335 3.100322 -3.228295 9.877580 0.173451 -1.760275 -5.177263 0.348214 3.363576 -0.775212 1.642926 1.158515 1.043369 -29.139817 -3.439202 0.203610 -53.791689 -4.685558 15.031084 2.798937 -27.650162 3.252953 -9.836739 -13.036585 5.265540 28.962273 7.343669 2.121779 55.232901 -1.408068 12.881323 -13.210380 26.697442 -5.771612 8.634718 13.092796 1.973412 
-47.424995 -275.551392 90.880226 -176.035780 1.878327 86.512723 -2.413341 1.853758 8.717899 -1.840445 -10.096346 9.792760 6.459710 15.607708 -23.254209 nan nan nan -0.992657 0.249022 -17.746161 0.849015 -6.724588 33.019011 1.472290 -9.680887 -18.832513 nan nan nan -1.215770 -2.324817 9.823820 3.140015 -3.160166 9.790602 0.155036 -1.732517 -5.201918 0.325185 3.345313 -0.806524 1.652449 1.132690 1.233144 -29.087956 -3.442268 0.310591 -53.809814 -4.907766 15.081239 2.749656 -27.759723 3.154428 -9.683316 -13.350687 4.949562 28.849920 7.184396 2.121153 55.347351 -1.576225 12.875944 -13.259003 26.697767 -5.841108 7.592110 13.184579 1.647868 
-47.466251 -275.207581 90.854530 -175.861786 1.920849 86.484741 -2.278803 2.029868 9.183658 -1.805550 -10.388084 9.402018 6.422816 15.497968 -23.304089 nan nan nan -1.020131 0.326329 -18.277058 0.863870 -6.710334 32.378384 1.609401 -9.617122 -18.487769 nan nan nan -1.194338 -2.547030 10.009789 3.193805 -3.173329 9.802645 0.148860 -1.750762 -5.218131 0.256158 3.311794 -0.814428 1.595647 1.226761 1.222707 -29.068606 -3.377903 0.210722 -53.667736 -5.057622 15.213398 2.507212 -28.048058 3.264677 -9.369105 -13.401737 4.896526 28.791759 7.079856 2.070792 55.344943 -1.705004 12.900367 -13.199056 26.738065 -5.911032 7.178551 13.290330 1.642008 
-47.505630 -274.861511 90.830528 -175.665929 1.975645 86.455138 -2.146892 2.205279 9.606228 -1.767852 -10.608395 9.070492 6.358411 15.417707 -23.420520 nan nan nan -1.074927 0.257315 -18.760734 0.971165 -6.736082 31.698075 1.635451 -9.651900 -18.242498 nan nan nan -1.218938 -2.741898 10.246005 3.273988 -3.220079 9.827477 0.199576 -1.731017 -5.319605 0.144602 3.308375 -0.888933 1.597072 1.250109 1.397625 -29.069665 -3.325343 0.123249 -53.587372 -5.219764 15.358838 2.301891 -28.306376 3.436127 -8.941874 -13.477095 5.017004 28.887196 7.043302 2.178991 55.140026 -1.848843 12.908565 -13.164130 26.750798 -5.960320 7.055776 13.537514 1.879204 
-47.535210 -274.514862 90.784187 -175.427194 2.015286 86.506340 -2.021592 2.322339 9.925884 -1.760750 -10.823066 8.799057 6.294305 15.307429 -23.592853 nan nan nan -1.175448 0.214144 -19.267850 1.148933 -6.828908 30.858971 1.698265 -9.767973 -17.963106 nan nan nan -1.225363 -2.866545 10.397533 3.346571 -3.247637 9.817124 0.245128 -1.768113 -5.400397 0.045727 3.421543 -0.895282 1.648922 1.299396 1.468064 -29.055221 -3.355900 0.093330 -53.572870 -5.425212 15.498114 2.185232 -28.508438 3.494522 -8.546298 -13.657606 5.170825 28.994989 6.947271 2.292450 54.987349 -2.014107 12.851263 -13.221179 26.817537 -6.036086 6.721416 13.930622 2.217020 
-47.544037 -274.112061 90.727631 -175.233792 2.122403 86.501294 -1.774659 2.463689 10.451313 -1.737648 -11.035132 8.305628 6.239656 15.151622 -23.605133 nan nan nan -1.243742 0.312498 -19.696353 1.251246 -7.147406 30.109390 1.836754 -9.660339 -17.625848 nan nan nan -1.213469 -3.043568 10.557875 3.445556 -3.152904 9.595851 0.308816 -1.831445 -5.200717 0.021490 3.533358 -1.012541 1.555052 1.272955 1.586290 -29.074455 -3.412174 0.183878 -53.579395 -5.636807 15.513307 2.215705 -28.868126 3.571734 -8.431178 -13.657829 5.117110 29.028050 6.799251 2.303274 54.897963 -2.053220 12.793040 -13.214549 26.747389 -5.885185 7.308820 13.895019 2.257067 
-47.523094 -273.713196 90.668076 -175.093697 2.388443 86.521396 -1.295774 2.542517 10.931346 -1.848280 -11.260962 7.866183 6.102070 15.044454 -23.666066 nan nan nan -1.144245 0.514395 -20.224856 1.341143 -7.498133 29.446662 1.915860 -9.517520 -17.102755 nan nan nan -1.075044 -3.269617 10.804787 3.569758 -2.953534 9.063132 0.408854 -1.955372 -4.790707 0.021019 3.517113 -1.215881 1.326521 1.204355 1.799773 -29.112368 -3.395311 0.315883 -53.684721 -5.968183 15.505045 2.423241 -29.063445 3.765011 -8.764489 -13.565613 4.706842 28.923072 6.592353 2.259981 54.874344 -1.764341 12.796122 -12.862419 26.125859 -5.249064 9.305968 13.091929 1.741299 
-47.557446 -273.261963 90.620956 -175.205320 2.392383 86.478739 -1.226273 2.725886 11.607104 -1.819954 -11.390546 7.292936 6.022380 14.978365 -23.636770 nan nan nan -1.256032 0.549903 -20.747664 1.402735 -7.512594 28.853273 1.900022 -9.145922 -16.452192 nan nan nan -1.107740 -3.268521 10.731715 3.602939 -2.790684 9.375596 0.498502 -2.053354 -4.873601 -0.083080 3.592375 -1.125455 1.303085 1.134811 1.620556 -29.183073 -3.478135 0.395020 -53.721738 -6.236661 15.406614 2.522338 -29.072146 3.580012 -8.872669 -13.954700 4.727896 29.026135 6.536097 2.353659 54.727212 -1.707734 12.646485 -12.898036 26.018808 -5.325646 9.420340 13.502610 2.114611 
-47.588310 -272.888733 90.553444 -175.036799 2.341994 86.525408 -1.163440 2.835280 11.961660 -1.859718 -11.521973 7.013334 6.004137 14.900200 -23.810456 nan nan nan -1.436065 0.448064 -21.365128 1.522185 -7.405828 28.180325 1.936185 -9.055153 -15.948569 nan nan nan -1.185227 -3.357086 10.907996 3.615455 -2.787164 9.308441 0.551690 -2.107495 -4.851151 -0.035815 3.562607 -1.215820 1.326897 1.125898 1.719538 -29.136724 -3.525307 0.471864 -53.666182 -6.557648 15.521652 2.438642 -29.284667 3.529218 -8.718001 -13.951906 4.501204 29.017389 6.387918 2.360860 54.765289 -1.736001 12.685024 -12.786647 25.595241 -5.432601 9.699327 12.860184 1.653499 
-47.600998 -272.511536 90.463257 -174.840990 2.311103 86.685333 -1.023077 2.887768 12.163088 -1.948774 -11.564617 6.797071 5.850619 14.894397 -24.232016 nan nan nan -1.572001 0.394537 -21.960907 1.635306 -7.273530 27.304669 2.090418 -9.073197 -15.605327 nan nan nan -1.307137 -3.424576 10.865871 3.722002 -2.915288 9.401964 0.576933 -2.120164 -4.921975 -0.017012 3.627113 -1.204183 1.393995 1.027543 1.674725 -29.054665 -3.605149 0.457544 -53.631886 -6.699016 15.761950 2.420882 -29.584379 3.385341 -8.688952 -14.158528 4.729458 29.137069 6.347475 2.391107 54.627782 -1.891722 12.669824 -12.693905 25.507539 -5.728065 9.589644 12.833468 1.854117 
-47.634388 -272.097961 90.365013 -174.790662 2.342431 86.805202 -0.875188 3.001867 12.517229 -1.998126 -11.724765 6.434446 5.695723 14.893407 -24.444899 nan nan nan -1.658745 0.509703 -22.471908 1.706052 -7.189352 26.459006 2.195019 -8.933549 -15.469880 nan nan nan -1.253822 -3.573039 10.779001 3.784587 -2.911858 9.597723 0.551911 -2.115705 -5.069916 -0.107180 3.741914 -1.103675 1.377703 1.018869 1.494836 -29.044745 -3.631226 0.418712 -53.535920 -6.795145 15.921950 2.313148 -29.890886 3.310337 -8.505576 -14.420569 4.931682 29.173299 6.362340 2.487521 54.556539 -1.991174 12.619382 -12.592290 25.221358 -5.890397 9.340892 13.019440 2.037198 
-47.656994 -271.667175 90.258644 -174.781127 2.417674 86.870485 -0.692833 3.123649 12.929116 -2.051049 -11.879375 6.117409 5.671852 14.871265 -24.533657 nan nan nan -1.674546 0.558608 -22.961383 1.827814 -7.012722 25.689950 2.134044 -8.789238 -15.337240 nan nan nan -1.139254 -3.736096 10.833376 3.820726 -2.851600 9.556973 0.516571 -2.083306 -5.023742 -0.121753 3.782773 -1.177090 1.316365 1.043367 1.614614 -29.028839 -3.614275 0.367745 -53.496749 -7.022358 16.014297 2.246841 -30.082684 3.311585 -8.126195 -14.412232 4.889778 29.214212 6.257042 2.515904 54.568848 -2.037400 12.618679 -12.737629 25.064977 -5.892010 9.260716 12.898224 2.029821 
-47.652252 -271.219208 90.147377 -174.783944 2.445224 86.879994 -0.498304 3.217131 13.408835 -2.172926 -11.989246 5.786085 5.576795 14.983268 -24.795657 nan nan nan -1.727782 0.506268 -23.434355 2.042933 -6.813973 24.934581 2.127932 -8.651570 -15.221095 nan nan nan -1.141084 -3.862294 10.999735 3.822095 -2.767747 9.375703 0.530319 -2.080344 -4.916836 -0.093049 3.685269 -1.268870 1.404940 1.100112 1.898496 -28.925224 -3.628949 0.428571 -53.499833 -7.300677 16.082157 2.188254 -30.184608 3.421644 -7.562192 -14.515892 4.589741 29.082594 6.275448 2.581550 54.697194 -1.808237 12.689482 -12.538099 24.369608 -5.686100 9.130239 12.935099 1.738681 
-47.644836 -270.755127 90.022980 -174.769786 2.283257 86.826395 -0.493644 3.376911 13.958772 -2.278208 -12.093994 5.488586 5.493819 15.084810 -25.144611 nan nan nan -1.936692 0.351453 -23.930759 2.146217 -6.683010 24.393654 2.127808 -8.527119 -15.114780 nan nan nan -1.357441 -3.892555 11.176261 3.798788 -2.738406 9.291670 0.604573 -2.142380 -4.801942 -0.051205 3.711532 -1.441502 1.403185 1.084217 2.039629 -28.799151 -3.711166 0.544413 -53.452243 -7.508343 16.030839 2.077125 -30.476180 3.575983 -7.143920 -14.476258 4.473324 29.089493 6.260489 2.728223 54.738841 -1.719780 12.673869 -12.530606 24.155731 -5.521361 8.833438 12.693377 1.755082 
-47.684624 -270.240845 89.874184 -174.677763 1.986853 86.728642 -0.705838 3.470444 14.606990 -2.315672 -12.319769 5.161501 5.459104 15.120217 -25.329664 nan nan nan -2.300729 0.045869 -24.302378 2.173842 -6.555797 23.869347 2.141333 -8.366919 -14.917948 nan nan nan -1.630018 -3.893116 11.272426 3.685723 -2.809671 9.299165 0.650544 -2.206648 -4.642117 0.002179 3.762783 -1.654678 1.384389 1.067135 2.317046 -28.628339 -3.767419 0.661041 -53.416158 -7.832362 15.953061 1.918409 -30.655268 3.870046 -6.879620 -14.582888 4.335495 29.197935 6.366189 2.907426 54.585035 -1.450258 12.806561 -12.215714 23.487193 -5.287536 8.569260 12.521547 1.767380 
-47.758362 -269.689453 89.738182 -174.450866 1.843267 86.788530 -0.804734 3.494956 15.056598 -2.243689 -12.538956 4.916443 5.425950 14.974812 -25.409774 nan nan nan -2.588076 -0.327426 -24.575266 2.284963 -6.471442 23.014559 2.219233 -8.196158 -14.517690 nan nan nan -1.642774 -3.963490 11.070096 3.654383 -2.975278 9.427587 0.615810 -2.262418 -4.535705 -0.033975 3.888047 -1.600368 1.385394 1.022012 2.373330 -28.653943 -3.791634 0.661183 -53.393013 -8.178912 15.945121 1.885495 -30.530876 3.842298 -7.138066 -14.835597 4.444444 29.310114 6.317348 2.945755 54.507034 -1.424974 12.844927 -12.287312 23.121536 -5.263977 9.029200 12.379136 1.699711 
-47.773415 -269.267731 89.651909 -174.616208 2.034993 86.920755 -0.496489 3.628026 15.285779 -2.316437 -12.635025 4.804467 5.413420 14.924957 -25.435202 nan nan nan -2.371659 -0.145068 -25.079730 2.324107 -6.320672 22.126831 2.387469 -8.346576 -13.946960 nan nan nan -1.429084 -4.115951 11.211249 3.737322 -2.708906 9.287075 0.606070 -2.232222 -4.548848 -0.169714 3.781753 -1.474796 1.470270 1.064574 2.233600 -28.783679 -3.849595 0.634914 -53.388521 -8.421767 16.142947 2.068318 -30.453253 3.651227 -7.434805 -14.961699 4.541766 29.187894 6.264059 2.768780 54.647322 -1.573862 12.791755 -12.504176 22.825852 -5.264589 9.652467 12.333772 1.521963 
-47.792721 -268.772034 89.520096 -174.760176 2.068651 86.952884 -0.372507 3.783063 15.738402 -2.295264 -12.669776 4.537696 5.351322 14.947280 -25.601874 nan nan nan -2.342590 -0.102336 -25.473572 2.404076 -6.260817 21.387075 2.468325 -8.305532 -13.477150 nan nan nan -1.363782 -4.132854 11.404955 3.757423 -2.455647 9.010055 0.656803 -2.332333 -4.403405 -0.171282 3.695683 -1.541824 1.399556 1.135067 2.309520 -28.847016 -3.942890 0.784466 -53.346752 -8.722752 16.145908 2.077455 -30.453868 3.747876 -7.284254 -14.920048 4.403401 29.056065 6.127318 2.637462 54.686765 -1.517636 12.822842 -12.380524 22.389827 -5.004241 9.674674 12.194047 1.451907 
-47.817387 -268.223938 89.378532 -174.838784 2.027120 86.918884 -0.348169 3.936583 16.338841 -2.215243 -12.672012 4.188931 5.254712 14.978351 -25.863473 nan nan nan -2.418533 -0.115148 -25.692651 2.441165 -6.292590 20.654760 2.552933 -8.169147 -13.009519 nan nan nan -1.336822 -4.145331 11.562753 3.735263 -2.322881 8.835692 0.683047 -2.397093 -4.261147 -0.218903 3.841725 -1.523096 1.369721 1.213471 2.256116 -28.870123 -4.030479 0.823739 -53.391524 -9.016498 16.077508 2.127604 -30.294118 3.733916 -7.227507 -15.036618 4.393767 29.064773 6.121829 2.631812 54.665384 -1.504625 12.858432 -12.362636 21.942131 -4.885645 9.601176 12.208148 1.503532 
-47.822929 -267.667175 89.225021 -175.006673 1.873051 86.887958 -0.460487 4.125851 16.956329 -2.124742 -12.744813 3.834943 5.283642 14.934410 -25.914334 nan nan nan -2.520037 -0.179852 -26.088144 2.377431 -6.295125 20.278239 2.631117 -8.065113 -12.667777 nan nan nan -1.511370 -4.130481 11.546382 3.738319 -2.236525 9.058396 0.744108 -2.385453 -4.303350 -0.274800 4.036206 -1.515017 1.396333 1.161386 2.297396 -28.829332 -4.150918 0.798781 -53.374665 -9.175263 16.077171 2.122080 -30.303392 3.449874 -7.111329 -15.150014 4.497946 29.172357 6.245036 2.689381 54.607305 -1.508861 12.834061 -12.473891 21.586435 -5.144762 9.664377 12.209493 1.509200 
-47.804161 -267.038788 89.045708 -175.328824 1.706081 86.844418 -0.573789 4.327590 17.670028 -2.093820 -12.819965 3.464867 5.328075 14.930916 -25.957527 nan nan nan -2.574245 -0.192788 -26.479902 2.330156 -6.217449 19.996485 2.610761 -7.968652 -12.463640 nan nan nan -1.737488 -4.066963 11.353183 3.734689 -2.097227 9.468779 0.811624 -2.385760 -4.386285 -0.250364 4.188663 -1.469111 1.376807 1.040933 2.262925 -28.767982 -4.227119 0.849682 -53.302380 -9.333697 16.040853 1.973085 -30.336185 3.466225 -7.119256 -15.263952 4.665050 29.276900 6.293760 2.798534 54.478428 -1.430650 12.828141 -12.418800 21.317449 -5.080077 9.818488 12.072790 1.692003 
-47.802814 -266.412720 88.887360 -175.471842 1.660386 86.777862 -0.526207 4.425341 18.336785 -2.079388 -12.906859 3.219159 5.215034 14.960329 -26.170302 nan nan nan -2.621802 -0.197543 -26.654292 2.427742 -6.236013 19.465927 2.507052 -8.022871 -12.318747 nan nan nan -1.699246 -4.127839 11.420202 3.664234 -1.977110 9.408616 0.838005 -2.438431 -4.251747 -0.271368 4.261351 -1.460397 1.303522 0.999542 2.190429 -28.754820 -4.155717 0.862575 -53.533065 -9.723519 16.053114 2.154928 -29.949513 3.952632 -7.364538 -15.327175 4.527437 29.332003 6.207000 2.871407 54.419858 -1.322088 12.929615 -12.463681 21.028978 -4.596641 9.977725 11.801215 1.525073 
-47.810944 -265.822906 88.726654 -175.571438 1.655563 86.737710 -0.446028 4.500076 18.854594 -2.098989 -13.002198 3.182092 5.143534 15.024548 -26.396919 nan nan nan -2.665272 -0.091391 -26.868077 2.474975 -6.314584 19.016944 2.596755 -8.096855 -12.153999 nan nan nan -1.618036 -4.255829 11.609053 3.602940 -1.829590 9.151474 0.853204 -2.462854 -4.058595 -0.286990 4.260112 -1.539387 1.295832 1.031611 2.510319 -28.702769 -4.067020 0.904588 -53.911767 -10.144499 16.018193 2.559078 -29.519650 4.420393 -7.261851 -15.388969 4.215490 29.263680 6.093424 2.931380 54.485963 -1.158293 12.942009 -12.500284 20.708261 -4.170630 10.098725 11.663770 1.152602 
-47.814430 -265.231598 88.539818 -175.098705 1.681227 87.002464 -0.240852 4.333253 18.786329 -2.216053 -13.127402 3.565116 5.151085 14.802526 -26.676461 nan nan nan -2.775269 -0.377070 -27.336096 2.522168 -6.538813 18.676036 2.716392 -8.118109 -11.882299 nan nan nan -1.562872 -4.427042 11.402779 3.782274 -2.135626 9.063660 0.816011 -2.575830 -3.969570 -0.210268 4.408505 -1.620681 1.245237 1.049676 2.764897 -28.788720 -4.061402 0.935303 -53.945639 -10.301270 16.025073 2.725505 -29.386924 4.231214 -6.951379 -15.388258 4.285250 29.324098 6.019834 2.948441 54.300747 -1.210610 12.898920 -12.468101 20.628601 -4.238068 10.207440 11.597734 1.253153 
-47.826916 -264.722626 88.290237 -174.412524 1.947911 87.466631 0.248932 3.978982 18.230350 -2.455190 -13.292826 4.263043 5.130385 14.491590 -26.864212 nan nan nan -2.676563 -0.648976 -28.107083 2.454774 -6.860015 18.445206 2.886733 -8.357421 -11.550735 nan nan nan -1.134563 -4.730906 11.373460 4.035301 -2.536174 8.480566 0.688861 -2.726476 -3.725764 -0.125014 4.553889 -1.880539 1.088449 1.155411 3.026470 -28.755861 -4.055779 0.877073 -54.203134 -10.498632 16.253793 2.921707 -29.148946 4.047404 -6.883126 -15.372816 4.241257 29.188695 5.912705 2.849050 54.196842 -1.220995 12.955770 -12.491707 20.580077 -4.245902 10.339721 11.498678 1.294197 
-48.076244 -263.819183 88.183800 -174.359511 1.636569 86.964251 -0.271390 4.359276 19.802019 -1.839691 -13.876888 3.539417 4.564534 14.359002 -26.675616 nan nan nan -3.176505 -1.342359 -27.476836 2.779366 -6.963460 18.169328 2.691441 -7.919318 -11.722827 nan nan nan -0.805276 -4.891147 11.011160 3.636359 -2.672607 9.561169 0.537409 -2.848586 -4.018960 -0.297452 4.575595 -1.340933 1.143829 1.323031 2.597706 -29.144329 -4.290236 1.175611 -53.779837 -10.557779 15.893501 2.777829 -29.158118 4.274262 -6.779664 -15.205253 4.399939 29.381774 6.123341 3.143507 53.834179 -1.061645 12.768509 -12.260591 20.204938 -4.149907 10.354311 11.262640 1.259857 
-48.067104 -263.178802 88.030037 -174.405289 1.710308 86.917891 -0.163668 4.426245 20.306202 -1.757769 -14.105599 3.602930 4.370574 14.463857 -26.983648 nan nan nan -3.090120 -1.290642 -27.673373 2.801042 -7.012929 18.139785 2.583676 -7.940427 -11.704264 nan nan nan -0.641582 -5.079886 11.120962 3.614483 -2.596273 9.562529 0.534166 -2.846817 -4.021891 -0.362574 4.516746 -1.288264 1.089481 1.384143 2.564859 -29.107128 -4.303252 1.200466 -53.805184 -10.673049 15.959156 2.682769 -29.089895 4.561646 -6.638763 -15.090277 4.253318 29.315278 6.132283 3.123605 53.781143 -1.002998 12.749075 -12.131677 19.926381 -4.051852 10.473429 11.176307 0.993441 
-48.077675 -262.489899 87.869217 -174.346923 1.701786 87.006254 -0.129761 4.491763 20.643490 -1.662213 -14.307000 3.770438 4.248868 14.444600 -27.273911 nan nan nan -3.105807 -1.431979 -28.080292 2.821809 -7.147324 18.435244 2.480037 -7.840327 -11.711169 nan nan nan -0.574474 -5.169917 10.892120 3.727332 -2.712728 9.916576 0.464384 -2.816004 -4.249477 -0.440335 4.581726 -1.028462 1.122163 1.350440 2.390807 -29.093534 -4.396623 1.105827 -53.812879 -10.648394 16.144632 2.588719 -28.854774 4.384953 -6.478143 -14.931892 4.621375 29.424857 6.037796 3.132602 53.493326 -1.253251 12.457485 -12.096520 20.077802 -4.819107 10.813443 11.467538 1.458773 
-47.742817 -261.921570 87.685326 -174.453019 1.810934 87.289954 0.403735 4.122133 20.503061 -2.223711 -14.261034 4.345406 4.323693 14.435015 -27.727847 nan nan nan -2.688480 -0.743547 -28.859517 2.491671 -7.166240 18.824256 2.481365 -8.315750 -11.663888 nan nan nan -1.202857 -5.317436 11.279426 4.090196 -2.475046 9.089007 0.763907 -2.725266 -3.939046 -0.187351 4.782278 -1.412554 0.958751 1.267734 2.980363 -29.093434 -3.960947 1.062302 -53.402816 -10.586142 16.118557 1.999161 -29.594149 5.021579 -5.809476 -14.742906 4.287308 29.607917 5.725469 2.967629 53.391762 -1.232766 12.677977 -12.103310 20.054216 -4.191275 11.098447 11.401718 1.703311 
-47.742039 -261.211578 87.542656 -174.406999 1.772936 87.264576 0.445855 4.102894 20.977060 -2.155318 -14.415024 4.521571 4.246949 14.378866 -27.791092 nan nan nan -2.751434 -0.691460 -29.050640 2.503708 -7.195756 19.231225 2.596869 -8.347324 -11.655172 nan nan nan -1.207061 -5.472105 11.361892 4.158594 -2.494288 9.009282 0.763648 -2.768447 -3.838287 -0.127286 4.913548 -1.536207 0.776878 1.289147 3.174216 -29.152303 -4.036008 1.096428 -53.360669 -10.621451 16.148898 1.944085 -29.440507 5.068716 -5.824536 -14.582525 4.330059 29.727809 5.750698 2.976818 53.139519 -1.237930 12.782477 -12.021526 19.934772 -4.117380 11.050967 11.173070 1.933133 
-47.713539 -260.462555 87.398224 -174.505266 1.759330 87.237345 0.565293 4.184275 21.484882 -2.111690 -14.517611 4.691832 4.228075 14.312457 -27.891730 nan nan nan -2.721790 -0.539351 -29.318454 2.484954 -7.172229 19.951503 2.637838 -8.266525 -11.674938 nan nan nan -1.222934 -5.621471 11.364837 4.226770 -2.461109 9.102140 0.744736 -2.783789 -3.864675 -0.066686 5.017156 -1.519502 0.660205 1.265884 3.222791 -29.086191 -4.064805 1.054462 -53.522723 -10.592551 16.196915 1.941400 -29.157503 4.936465 -6.055316 -14.348584 4.756656 29.736745 5.774959 2.900388 53.086658 -1.187520 12.818407 -12.033329 19.650339 -4.175093 11.184261 10.942006 2.244061 
-47.686623 -259.669952 87.259422 -174.492452 1.734295 87.201379 0.680618 4.237281 22.025456 -2.057990 -14.763977 4.861706 4.211050 14.196171 -27.885304 nan nan nan -2.767199 -0.420952 -29.559393 2.557308 -7.216593 20.854292 2.588945 -8.180951 -11.703886 nan nan nan -1.236516 -5.765823 11.329311 4.302597 -2.434648 9.134725 0.769399 -2.864281 -3.906633 -0.036368 4.970321 -1.290485 0.583501 1.301139 3.138445 -29.186941 -4.161524 1.130173 -53.585601 -10.489103 16.193334 2.009600 -28.870531 4.792785 -5.834214 -14.020429 5.066871 29.719622 5.812698 2.804891 53.041088 -1.266900 12.834821 -12.083398 19.371000 -4.111814 11.189943 10.860330 2.516009 
-47.650307 -258.873718 87.122711 -174.304355 1.707621 87.228514 0.856653 4.160107 22.393422 -2.132623 -15.051004 5.227316 4.062720 14.081998 -27.949986 nan nan nan -2.872246 -0.349030 -29.826814 2.647155 -7.255944 21.927441 2.483208 -8.067596 -11.509761 nan nan nan -1.305964 -5.906643 11.212432 4.465297 -2.519124 9.195162 0.826288 -2.979333 -3.898748 -0.000398 5.023636 -1.165014 0.512690 1.309141 3.029323 -29.374679 -4.350216 1.341743 -53.354622 -10.350433 16.170644 1.911622 -28.842574 4.841148 -5.197946 -13.839344 4.900614 29.734749 5.844505 2.845046 52.898495 -1.359329 12.789804 -12.101909 19.370661 -3.961750 11.085833 10.809820 2.495968 
-47.592918 -258.106598 86.971428 -174.216610 1.657229 87.346383 0.897043 4.046915 22.622577 -2.121625 -15.328996 5.635380 3.834460 14.107806 -28.082473 nan nan nan -2.996905 -0.161531 -30.276749 2.758020 -7.150607 23.303639 2.291058 -7.879908 -11.048702 nan nan nan -1.388059 -6.107215 11.009355 4.577371 -2.549439 9.339649 0.897170 -3.011722 -3.927250 -0.091666 5.163376 -1.116795 0.410697 1.396713 2.977704 -29.405795 -4.389798 1.384188 -53.562870 -10.378738 16.139952 2.144515 -28.370419 4.417923 -4.925353 -13.751893 4.985438 29.705858 5.849905 2.928444 52.832308 -1.270055 12.750810 -12.156196 19.253657 -4.037163 10.969713 10.837679 2.455010 
-47.567146 -257.297028 86.835129 -174.156891 1.627325 87.393481 0.940811 3.873879 23.011265 -2.121431 -15.589527 5.976897 3.595627 14.137432 -28.223207 nan nan nan -3.087595 0.101887 -30.597306 2.812339 -7.062078 24.856427 2.126851 -7.802773 -10.850713 nan nan nan -1.363912 -6.350344 10.924305 4.638989 -2.475672 9.418208 0.840123 -3.066026 -4.006620 0.044234 5.134305 -1.287638 0.268772 1.440681 3.369719 -29.692002 -4.172664 1.489784 -53.076051 -10.197667 16.049979 1.672098 -28.778154 4.800442 -4.476689 -13.762288 4.758642 29.975926 5.677055 2.899178 52.498612 -1.370536 12.795328 -12.133891 19.407945 -3.957423 10.626361 10.903423 2.501779 
-47.572586 -256.477386 86.728256 -174.106132 1.773853 87.432185 1.158344 3.642181 23.368319 -2.186343 -15.819367 6.359896 3.345777 14.158360 -28.269124 nan nan nan -2.966716 0.484899 -30.910207 2.674019 -7.067268 26.471264 2.092174 -7.880486 -10.941572 nan nan nan -1.078315 -6.744217 10.983744 4.701969 -2.357596 9.236887 0.769664 -3.068206 -3.919514 -0.007930 5.174289 -1.369015 0.189525 1.562632 3.459688 -29.809389 -4.144909 1.467835 -53.226951 -10.147125 15.997188 1.778998 -28.411151 4.557717 -4.735455 -13.545639 4.737211 29.912945 5.647856 2.756739 52.429634 -1.456771 12.813870 -12.207509 19.313517 -3.900792 10.855130 10.846632 2.428115 
-47.550343 -255.661102 86.637421 -173.991916 1.898762 87.388869 1.443374 3.372987 23.732146 -2.399884 -16.056708 6.916322 3.006689 14.089339 -28.259462 nan nan nan -2.868893 0.818538 -31.087393 2.509787 -7.193640 28.047631 2.057685 -7.996499 -11.301442 nan nan nan -0.863413 -7.128208 11.212295 4.723833 -2.272002 8.967432 0.755885 -3.082886 -3.878759 -0.059914 5.262619 -1.314289 0.185682 1.726133 3.547389 -29.853318 -4.245666 1.529578 -53.286132 -9.960846 15.985018 1.796844 -28.138835 4.325511 -4.901641 -13.311491 4.605307 29.912727 5.686328 2.724024 52.333203 -1.531731 12.797032 -12.268693 19.234136 -3.964175 11.102323 10.653344 2.078036 
-47.466259 -254.731888 86.495262 -173.776151 1.794618 87.545304 1.498642 3.065360 23.936833 -2.588587 -16.360814 7.506536 2.479156 13.989217 -28.256570 nan nan nan -3.040081 0.934738 -31.579288 2.424552 -7.402403 29.909825 1.786216 -8.116709 -11.966576 nan nan nan -0.997085 -7.325631 10.675173 4.778354 -2.357597 9.298359 0.828911 -3.250915 -3.846730 0.053729 5.476764 -1.307965 0.040803 1.726912 3.491983 -29.882304 -4.254536 1.574606 -53.387885 -9.869566 15.883569 1.882279 -27.741228 3.867126 -4.814265 -13.238584 4.807388 30.081367 5.724722 2.736702 52.156686 -1.446600 12.686696 -12.288946 19.010306 -4.268365 10.787783 10.694161 1.982261 
-47.375820 -253.825943 86.397636 -173.490015 1.777622 87.615720 1.592159 2.760984 24.186916 -2.623175 -16.851209 8.116642 1.934532 13.914357 -28.174160 nan nan nan -3.176944 1.112523 -31.864731 2.324525 -7.683870 31.518443 1.568668 -8.334332 -12.433603 nan nan nan -1.069731 -7.626905 10.406928 4.866502 -2.441991 9.513519 0.904915 -3.365128 -3.863602 0.074833 5.512589 -1.419470 -0.119786 1.672649 3.548044 -29.927583 -4.248783 1.701105 -53.441094 -9.801317 15.793062 1.863172 -27.392009 3.681508 -4.568263 -13.118484 4.826667 30.221346 5.752013 2.683854 51.982844 -1.405934 12.579019 -12.324050 18.806420 -4.431915 10.229673 10.671938 2.079350 
-47.296898 -253.065125 86.372742 -173.701388 2.146545 87.521646 2.011870 2.713333 24.465746 -2.737687 -17.240314 8.953529 1.522977 14.179430 -28.217926 nan nan nan -2.878137 1.941850 -31.906578 2.214902 -7.896190 32.617334 1.738680 -8.815225 -12.321024 nan nan nan -0.682069 -8.059489 10.912153 5.035762 -2.171233 9.252840 0.712463 -3.210334 -4.084520 -0.025072 5.278934 -1.490889 -0.090342 1.781929 3.786662 -29.821301 -4.809380 2.070173 -52.605983 -9.047982 16.870595 0.915353 -27.959690 4.970423 -4.234183 -12.497322 4.152100 30.302720 6.026613 2.540040 51.709830 -1.915898 12.716485 -12.193018 19.082706 -4.633229 9.811248 10.379205 1.606723 
-47.223076 -252.199997 86.479027 -173.764909 2.319470 87.303158 2.251304 2.619140 24.863410 -2.913630 -17.061957 10.034259 1.612663 14.147129 -28.792435 nan nan nan -2.748015 2.380825 -31.692841 2.201231 -8.242104 33.777188 1.506421 -8.943372 -12.507905 nan nan nan -0.601542 -8.044076 11.140421 5.258520 -2.266252 9.341032 0.796444 -3.272876 -4.383615 -0.019778 5.528375 -1.445806 -0.296348 1.783058 4.030737 -29.981240 -4.764364 1.938427 -52.982905 -9.024172 16.731855 1.234611 -26.641837 4.799351 -4.912873 -12.668123 4.460370 30.654443 5.995049 2.568186 51.269879 -2.099891 12.579054 -12.506043 19.119300 -4.578896 10.168245 10.385927 2.186234 
-47.081772 -251.294540 86.506432 -173.597088 2.537933 87.208913 2.731765 2.387577 24.943110 -3.258316 -16.846090 11.351965 1.429895 13.948522 -28.930736 nan nan nan -2.488967 2.662431 -31.468875 2.165785 -8.547740 34.754883 1.123954 -9.109413 -12.677370 nan nan nan -0.541864 -8.129185 11.177665 5.492280 -2.509611 9.444937 0.859331 -3.307552 -4.447611 0.153088 5.890523 -1.488741 -0.484391 1.871752 4.010943 -30.065314 -4.775471 2.051722 -53.041603 -8.762240 16.647986 1.362952 -26.471006 5.012252 -4.702512 -12.334178 4.153895 30.785814 6.102438 2.630491 51.103803 -2.226331 12.435202 -12.673169 19.307503 -4.694207 10.211926 10.241576 1.971768 
-46.940769 -250.453506 86.556129 -173.377720 2.692620 87.026269 3.115238 2.050514 24.901697 -3.763256 -16.698922 12.974038 1.165592 13.699604 -28.742100 nan nan nan -2.220262 2.914584 -31.079226 2.173128 -8.786726 35.507793 0.373707 -9.455786 -12.705878 nan nan nan -0.477633 -8.326944 11.702564 5.587839 -2.737047 9.114829 0.882783 -3.304322 -4.440130 0.186379 5.933608 -1.731683 -0.579770 1.949949 4.259376 -30.085415 -4.755640 2.270297 -53.103774 -8.524964 16.597795 1.653545 -26.397874 5.020350 -4.330200 -11.953876 3.604688 30.913150 6.243077 2.635724 51.055065 -2.197279 12.379107 -12.719834 19.283223 -4.897878 10.072270 10.195688 1.246856 
-46.884979 -249.388489 86.563309 -173.856445 2.679817 86.980339 2.998636 2.044720 25.207378 -3.981480 -16.395552 14.092133 0.893358 13.632465 -28.357137 nan nan nan -1.982320 3.340141 -30.817966 2.208886 -8.776379 36.412710 -0.399207 -9.454082 -12.880296 nan nan nan -0.256128 -8.309351 11.102412 5.497667 -2.680434 9.844034 0.720025 -3.309394 -4.712083 0.125464 6.143590 -1.341330 -0.556997 1.909296 3.977475 -30.218770 -4.781085 2.598422 -52.957118 -8.156557 16.353134 1.722238 -26.377676 4.822406 -4.544559 -11.878155 3.868470 31.018000 6.490429 2.841250 51.074687 -2.231104 12.183515 -12.775990 19.170161 -5.126381 10.037298 10.204528 1.072650 
-46.805813 -248.535110 86.524612 -173.306676 3.012945 87.222367 3.515521 1.501069 24.299238 -4.433257 -15.878401 16.371192 0.758350 13.160615 -28.128130 nan nan nan -1.621618 3.417569 -30.795384 2.252458 -9.018048 37.062280 -0.908548 -9.752688 -13.071508 nan nan nan 0.292876 -8.478840 11.173270 5.677367 -2.987877 9.160600 0.665661 -3.559220 -4.453340 0.205802 6.352434 -1.369024 -0.736776 1.859307 4.138921 -30.251949 -4.776686 2.824468 -53.119864 -8.068735 16.201521 1.569118 -26.069903 4.984781 -4.414226 -11.938318 3.600172 30.696895 6.471521 2.835655 51.277444 -2.202936 12.151070 -12.795575 19.287221 -4.820854 9.887068 10.154405 0.845455 
-46.670624 -247.579132 86.488411 -172.763409 3.028257 87.505135 3.827365 0.964829 23.257780 -5.063778 -15.258731 18.853135 0.556197 12.625444 -27.733767 nan nan nan -1.368481 3.246638 -30.779583 2.091481 -8.991185 37.791443 -1.521174 -9.943388 -13.504126 nan nan nan 0.287364 -8.482672 10.784013 5.896622 -3.427590 9.038033 0.755052 -3.784701 -4.320871 0.404046 6.473750 -1.427557 -0.949407 1.729316 4.241376 -30.289659 -4.644725 2.811185 -53.346485 -7.972496 16.086988 1.521333 -25.507925 4.963197 -4.633295 -11.889066 3.675331 30.688031 6.360408 2.769378 51.202903 -2.190843 12.151340 -12.885160 19.389260 -4.668047 10.167704 10.254740 1.082196 
-46.493889 -246.540909 86.447693 -172.219428 2.764118 87.798473 3.881434 0.446005 22.111843 -5.748912 -14.682398 21.601677 0.309323 12.016802 -27.072919 nan nan nan -1.274506 2.840885 -30.652533 1.782206 -8.874958 38.487302 -2.210414 -10.014657 -14.089450 nan nan nan -0.093198 -8.374054 10.021392 6.050916 -4.094164 9.332982 0.863343 -3.939116 -4.297717 0.699465 6.677993 -1.314984 -1.067134 1.706139 4.229279 -30.207983 -4.427108 2.805824 -53.563057 -7.844032 16.045099 1.539562 -25.001964 4.845795 -4.711343 -11.723758 3.837725 30.692233 6.359105 2.647952 51.163305 -1.998414 12.204978 -12.684274 18.932029 -4.668035 10.328116 10.476525 1.130803 
-46.334110 -245.533234 86.454720 -172.077495 2.643557 87.973416 3.964450 0.098030 21.064924 -6.362233 -14.056802 24.399998 -0.284488 11.375884 -26.161988 nan nan nan -0.977617 2.732255 -30.298694 1.505775 -8.653637 38.876508 -2.802980 -10.159200 -14.495780 nan nan nan -0.206753 -8.272798 9.525862 6.119110 -4.521793 9.459422 0.840997 -3.922968 -4.249860 0.889254 6.928593 -0.928486 -1.136480 1.716579 3.926632 -30.188605 -4.298759 2.808400 -53.617201 -7.630680 16.059755 1.474216 -24.672175 4.776492 -4.771949 -11.555618 4.004912 30.697478 6.347709 2.509615 51.140021 -1.983760 12.227956 -12.472340 18.893301 -4.602863 10.151797 10.366654 1.284056 
-46.222420 -244.546616 86.540756 -172.397886 2.658920 87.926952 4.076196 -0.032200 20.267404 -7.029172 -13.040114 27.018706 -1.189672 11.021513 -25.008641 nan nan nan -0.489571 3.016146 -29.599152 1.356596 -8.272174 38.949640 -3.347842 -10.349037 -14.768100 nan nan nan -0.061555 -8.111995 9.346530 6.108066 -4.572410 9.550827 0.758390 -3.824489 -4.230008 0.979531 7.083041 -0.451206 -1.078258 1.702811 3.532972 -30.296492 -4.262287 2.769405 -53.550856 -7.357321 16.060203 1.379086 -24.442872 4.796149 -5.116422 -11.365153 4.214244 30.706418 6.318588 2.392544 51.105742 -2.132503 12.162840 -12.437386 19.152534 -4.519519 10.179045 10.296955 1.567593 
-46.166225 -243.634460 86.667534 -173.089766 2.659027 87.679863 4.051417 0.025579 19.523076 -7.638084 -11.784710 29.826017 -1.840115 10.815097 -23.751140 nan nan nan -0.007772 3.589549 -28.766074 1.258212 -7.780131 38.986940 -3.796046 -10.577995 -15.087048 nan nan nan 0.161739 -7.890017 9.762616 5.976807 -4.264557 9.317219 0.677877 -3.699065 -4.253296 1.051606 7.046890 -0.366591 -0.988899 1.808203 3.603963 -30.458542 -4.214234 2.750340 -53.476147 -6.980257 16.068496 1.424720 -24.465606 4.840139 -4.983396 -11.018214 4.102664 30.824844 6.247140 2.377649 50.995769 -2.287717 12.053419 -12.593858 19.594337 -4.675525 10.180758 10.245375 1.678851 
-46.018131 -242.537170 86.746056 -172.920982 2.239244 87.642634 3.853931 -0.580035 18.385440 -8.366948 -10.607940 32.846331 -2.257618 10.245654 -21.972019 nan nan nan -0.005042 3.270080 -27.873928 1.040306 -7.568105 39.052685 -4.384814 -10.558560 -15.803058 nan nan nan -0.224009 -7.457714 9.392049 5.880828 -4.746967 9.515953 0.745552 -3.796129 -4.362851 1.318043 6.985053 -0.214060 -1.018938 1.615588 3.788648 -30.468108 -3.936008 2.768095 -53.396630 -6.620780 16.088148 1.285810 -24.333129 5.056003 -4.812671 -10.825451 4.173338 30.993735 6.114652 2.400055 50.925307 -2.195578 11.964776 -12.337151 19.364753 -4.790067 10.006899 10.310661 1.793341 
-45.864487 -241.530930 86.887665 -173.488838 1.964903 87.384572 3.722961 -0.659638 17.490025 -8.951041 -9.311099 35.648715 -2.503614 9.753612 -19.823146 nan nan nan 0.213259 3.514008 -26.863145 0.944132 -7.156811 39.021493 -4.824527 -10.585426 -16.293330 nan nan nan -0.525436 -7.053049 9.501645 5.718972 -4.653682 9.601418 0.826121 -3.675725 -4.511168 1.429853 6.787271 -0.123053 -1.113907 1.297003 4.004498 -30.470678 -3.755472 2.872209 -53.305551 -6.367819 16.018347 1.103592 -24.195499 5.337176 -4.851749 -10.570358 4.327335 31.067952 6.030640 2.341139 50.989098 -2.212325 11.917177 -12.289242 19.384079 -4.945512 9.953445 10.253063 2.048705 
-45.810181 -240.696014 87.067276 -174.545770 2.142054 87.021561 3.979248 -0.222266 16.435742 -9.353356 -7.999970 38.620846 -2.507633 9.258021 -17.307365 nan nan nan 0.805494 4.329599 -25.853580 1.025571 -6.700433 38.810109 -5.096636 -10.742921 -16.558463 nan nan nan -0.120577 -6.800018 10.311242 5.541150 -3.995808 9.113972 0.730789 -3.401918 -4.575890 1.367857 6.567576 -0.083594 -1.078253 1.242770 4.198398 -30.662159 -3.779192 3.045934 -53.344303 -6.215249 15.890909 1.230349 -24.028419 5.475927 -4.765788 -10.273573 4.234995 30.910328 6.041320 2.228126 51.133392 -2.334454 11.847151 -12.350374 19.617523 -4.952161 10.089845 10.317483 2.240251 
-45.739761 -239.822571 87.203949 -174.910105 2.218594 86.872730 4.164233 -0.083779 14.885636 -9.534691 -6.961853 41.838948 -2.668780 9.421418 -15.755121 nan nan nan 1.196651 4.615947 -24.988650 1.014341 -6.465344 38.671158 -5.469235 -10.897666 -17.008238 nan nan nan 0.141315 -6.567518 10.783132 5.449210 -3.932734 8.722171 0.614696 -3.165017 -4.599637 1.339364 6.343601 -0.028862 -0.824027 1.300835 4.209135 -30.688532 -3.617868 2.938479 -53.494830 -6.024785 15.901928 1.277118 -23.814766 5.581753 -4.562061 -9.958413 4.077270 30.840695 5.946047 2.087066 51.237841 -2.382164 11.766325 -12.301184 19.836574 -4.888575 9.988816 10.334627 2.371159 
-45.644741 -238.887817 87.358879 -175.241465 2.108563 86.661954 4.109974 0.028458 13.447435 -9.733714 -6.073178 44.845377 -2.471936 9.739204 -14.184212 nan nan nan 1.442676 4.607024 -23.938360 0.979779 -6.166664 38.459852 -5.880407 -10.961601 -17.490552 nan nan nan 0.130939 -6.219441 10.954013 5.312732 -4.020268 8.821482 0.587369 -2.849237 -4.766275 1.307075 5.940315 0.169958 -0.494401 1.445332 4.038309 -30.718018 -3.518980 2.794095 -53.509531 -5.746868 16.097498 1.400444 -23.584394 5.928722 -4.860830 -9.748607 4.289304 30.922409 5.929372 1.954365 51.248342 -2.502219 11.724150 -12.295765 20.052892 -5.002897 9.935703 10.237502 2.553386 
-45.541435 -237.954651 87.483780 -175.668905 2.068598 86.529213 4.075748 -0.002505 11.856134 -9.737557 -4.778787 47.777678 -1.949512 10.003777 -12.715937 nan nan nan 1.781101 4.640584 -22.951278 0.977561 -5.831130 38.159946 -6.298672 -11.074584 -17.942123 nan nan nan 0.178476 -5.764732 10.908783 5.213269 -4.069083 9.092783 0.591422 -2.618960 -4.966826 1.371669 5.516775 0.299412 -0.371983 1.602848 4.130878 -30.798492 -3.558141 2.885060 -53.545307 -5.487237 16.063688 1.561063 -23.407856 5.990144 -4.907937 -9.615776 4.453996 30.913502 6.078192 2.069572 51.289102 -2.581033 11.671082 -12.302788 20.285369 -5.270836 9.899282 10.264575 2.728533 
-45.422550 -237.046082 87.565002 -176.114596 2.130769 86.553012 4.000987 -0.464453 10.010994 -9.552700 -3.088882 50.773327 -1.740573 10.484222 -13.051894 nan nan nan 2.318992 4.507480 -22.134672 1.010459 -5.170779 37.781734 -6.679847 -11.236022 -18.342651 nan nan nan 0.362537 -5.173252 10.656254 5.185187 -4.189319 9.389539 0.506905 -2.469374 -4.952032 1.582128 5.131943 0.034418 -0.417000 1.419508 4.384578 -30.902816 -3.582768 2.884625 -53.589256 -5.288708 15.949142 1.639447 -23.380872 5.629347 -4.289002 -9.244402 4.441379 30.805346 6.206719 2.116075 51.403293 -2.551573 11.632698 -12.270761 20.589365 -5.557837 9.616256 10.338572 2.673597 
-45.346554 -236.193085 87.675110 -176.461956 1.960059 86.687581 3.922055 -0.553850 8.018585 -9.533444 -1.671301 53.333478 -1.446353 10.892237 -13.690413 nan nan nan 2.606253 4.054700 -21.487326 0.997778 -4.289868 37.416156 -6.928865 -11.328178 -18.749050 nan nan nan 0.320860 -4.542098 10.393795 5.184272 -4.412296 9.747666 0.447396 -2.387070 -5.101973 1.694323 4.699671 -0.145479 -0.416108 1.293282 4.329698 -31.074391 -3.586183 2.766971 -53.480927 -4.970652 15.961872 1.752631 -23.444620 4.957720 -4.018099 -8.889261 4.524242 30.738376 6.370747 2.116248 51.457813 -2.599940 11.603248 -12.291141 21.079833 -5.891389 9.408075 10.533621 2.913726 
-45.320518 -235.296402 87.810326 -176.667340 1.787709 86.621696 3.793635 -0.764948 6.350969 -9.459260 -0.369354 55.416943 -1.232332 11.297147 -14.597730 nan nan nan 2.669254 3.724736 -20.502897 1.117505 -3.723606 36.918740 -7.012189 -11.414297 -19.147183 nan nan nan 0.334955 -3.972590 10.315420 5.112584 -4.554223 9.925670 0.445357 -2.439388 -5.054681 1.752814 4.424288 -0.294026 -0.427126 1.253078 4.343831 -31.224312 -3.642442 2.803763 -53.419398 -4.762262 15.736560 1.956247 -23.407027 4.619990 -4.095671 -9.078875 4.252263 30.647447 6.543700 2.199813 51.460815 -2.550611 11.531393 -12.300441 21.660223 -6.103580 9.183870 11.021559 3.028451 
-45.295933 -234.348801 87.979538 -176.785690 1.628852 86.309882 3.698870 -1.018250 5.038977 -9.356944 0.780542 57.020315 -1.054731 11.481848 -15.342062 nan nan nan 2.626776 3.503471 -19.091286 1.316037 -3.427749 36.195763 -7.003705 -11.503716 -19.524242 nan nan nan 0.372520 -3.493000 10.533371 4.940341 -4.623619 10.002457 0.454433 -2.460270 -4.928449 1.826700 4.306901 -0.416411 -0.321883 1.147485 4.378065 -31.363066 -3.673439 2.949509 -53.302714 -4.689575 15.317669 2.074688 -23.411083 4.702666 -4.275362 -9.328920 4.012882 30.667658 6.681277 2.301310 51.408865 -2.445543 11.446310 -12.329032 22.045389 -6.236447 9.109549 11.185498 2.854063 
-45.226830 -233.397903 88.146416 -176.932221 1.477650 86.057424 3.745493 -1.021636 3.539945 -8.827429 2.127324 58.290258 -0.970599 11.565669 -15.737582 nan nan nan 2.584224 3.254893 -17.735786 1.460565 -3.229461 35.453936 -6.957644 -11.390380 -19.868544 nan nan nan 0.314563 -2.980342 10.697488 4.806226 -4.708690 10.114792 0.495492 -2.410338 -4.868297 2.031415 4.372145 -0.252937 -0.209196 0.934047 4.046581 -31.376448 -3.667170 2.913591 -53.368664 -4.573322 15.141647 2.169578 -23.209054 4.920261 -4.312615 -9.164315 4.168386 30.616667 6.773890 2.353191 51.455018 -2.206229 11.427582 -12.301227 22.115699 -6.053639 9.277475 10.744761 3.033966 
-45.147793 -232.450104 88.325958 -177.096117 1.321638 85.823768 3.728312 -1.088918 2.129787 -8.470104 3.159979 59.158865 -0.780101 11.797103 -16.224479 nan nan nan 2.571568 3.016447 -16.314764 1.496717 -3.016483 34.570626 -6.852821 -11.230911 -20.155309 nan nan nan 0.170483 -2.415104 10.888910 4.736471 -4.770258 10.189642 0.601724 -2.373752 -4.834220 2.184534 4.329669 -0.006428 -0.096593 0.893665 3.747779 -31.338903 -3.673812 2.782556 -53.523334 -4.411807 15.068043 2.229730 -22.833429 5.185419 -4.261626 -9.061436 4.296834 30.412916 6.833444 2.311938 51.566530 -1.879082 11.405182 -12.078678 22.053761 -5.701956 9.314922 10.520049 3.548186 
-45.090595 -231.508789 88.523308 -177.269472 1.118887 85.603082 3.623299 -1.268612 0.725961 -8.253977 4.065122 59.776245 -0.547945 12.008506 -16.733986 nan nan nan 2.499877 2.731066 -14.809191 1.533285 -2.747832 33.492253 -6.725980 -11.119414 -20.385662 nan nan nan 0.059851 -1.892525 11.142457 4.597471 -4.840479 10.105235 0.649773 -2.299016 -4.797837 2.223144 4.057198 0.145355 0.009756 0.776728 3.832604 -31.337774 -3.535963 2.665066 -53.549603 -4.310855 14.955337 2.163616 -22.510503 5.465890 -4.209925 -9.028832 4.169822 30.265690 6.837105 2.363480 51.691781 -1.651072 11.424201 -11.887045 22.144015 -5.629539 8.994799 10.715955 3.545112 
-45.022625 -230.563828 88.730179 -177.468917 0.866044 85.420548 3.523759 -1.411036 -0.688173 -8.081839 4.888807 60.084289 -0.380573 12.081695 -17.254219 nan nan nan 2.407912 2.515171 -13.299039 1.540392 -2.414950 32.314844 -6.570341 -11.040159 -20.555092 nan nan nan -0.157397 -1.397612 11.268151 4.447298 -4.954580 10.154378 0.699304 -2.108279 -4.774054 2.263847 3.723270 0.295072 0.129000 0.531072 3.830247 -31.347346 -3.439175 2.636955 -53.543081 -4.264654 14.807288 2.195553 -22.330386 5.390861 -4.481655 -9.010133 3.950372 30.167093 6.988537 2.401262 51.876672 -1.591476 11.527864 -11.922295 22.279172 -5.742378 8.946238 10.980706 3.086416 
-44.976448 -229.608536 88.936661 -177.708611 0.592004 85.251429 3.405368 -1.461331 -2.018055 -7.920388 5.653982 59.937948 -0.292753 12.228875 -17.686862 nan nan nan 2.245643 2.357490 -11.832632 1.579317 -2.086792 31.166403 -6.414142 -10.955389 -20.721600 nan nan nan -0.430194 -0.876780 11.266471 4.321976 -5.063917 10.279186 0.779178 -1.933434 -4.674118 2.315332 3.507628 0.478707 0.279200 0.441787 3.641563 -31.263760 -3.452813 2.666079 -53.685529 -4.269209 14.627316 2.218061 -22.062302 5.346734 -4.653392 -9.176885 3.766354 30.054047 7.198594 2.465966 51.975129 -1.326682 11.582673 -11.833741 22.307220 -5.692755 9.012202 11.526562 2.798936 
-44.919079 -228.663589 89.135757 -177.896094 0.411286 85.126919 3.322595 -1.552015 -3.462261 -7.829108 6.313849 59.702019 -0.233505 12.545710 -18.222105 nan nan nan 2.164393 2.347550 -10.443639 1.631709 -1.857702 30.083437 -6.206228 -10.920366 -20.902944 nan nan nan -0.582685 -0.423976 11.359702 4.209037 -5.109377 10.211170 0.833240 -1.812840 -4.571858 2.395209 3.271234 0.656243 0.397745 0.457070 3.516608 -31.106715 -3.266332 2.469149 -53.898817 -4.160114 14.554403 2.105343 -21.879281 5.528705 -4.554664 -9.282382 3.637222 29.874389 7.185770 2.484885 52.181833 -1.054381 11.584543 -11.691768 22.437407 -5.697766 8.617844 12.169590 2.644741 
-44.861156 -227.765411 89.319511 -178.269803 0.206148 85.170122 3.203854 -1.610716 -5.162653 -7.641041 7.113133 59.499518 -0.098829 12.768893 -18.874486 nan nan nan 2.157218 2.173403 -9.357361 1.562502 -1.296046 29.147934 -6.041633 -10.803517 -21.058804 nan nan nan -0.727754 0.165161 11.352419 4.078005 -5.132924 10.096910 0.843318 -1.622443 -4.529442 2.499181 3.103603 0.871968 0.531814 0.364824 3.540214 -30.886786 -3.030131 2.264185 -54.141458 -3.939410 14.670651 2.145057 -21.977922 5.702644 -4.765848 -8.919273 3.708373 29.760575 7.043066 2.592400 52.388197 -0.987944 11.760569 -11.782222 22.951225 -5.698724 8.375862 11.975759 2.555650 
-44.861126 -226.871735 89.497917 -178.918373 -0.188026 85.261525 2.902692 -1.547795 -6.722143 -7.288459 8.056634 58.909164 0.201923 12.861780 -19.398377 nan nan nan 1.940757 1.629847 -8.345557 1.454163 -0.242775 28.188563 -5.834635 -10.481809 -21.151711 nan nan nan -0.925747 1.016337 11.158419 3.910304 -5.099413 10.128084 0.798176 -1.482079 -4.359712 2.595650 3.078144 0.993952 0.562126 0.146197 3.377998 -30.679277 -2.841635 2.004171 -54.433704 -3.785125 14.720134 2.389204 -21.982236 5.780811 -5.517345 -8.895126 4.080492 29.630658 6.909464 2.613797 52.561082 -0.774456 11.854665 -12.056648 23.459169 -5.569168 8.853278 11.447492 3.201202 
-44.808014 -225.968292 89.688805 -179.199458 -0.418509 85.520365 2.870325 -1.680718 -8.458795 -7.009629 8.781479 58.110793 0.287840 12.914085 -19.647970 nan nan nan 1.942928 1.092896 -7.325392 1.290797 0.590955 26.917589 -5.541455 -10.390631 -21.119285 nan nan nan -1.085182 1.645273 10.674913 3.862868 -5.261834 10.440068 0.752278 -1.371761 -4.494161 2.542113 3.068191 1.278797 0.766013 -0.019580 3.263074 -30.575076 -2.623314 1.745116 -54.728534 -3.615708 14.851721 2.699936 -21.591332 5.491578 -6.087772 -9.381156 4.584399 29.491738 6.909133 2.633248 52.699271 -0.594396 11.818877 -12.115349 23.620464 -5.711524 9.227830 11.746747 3.616075 
-44.766762 -225.057144 89.865852 -179.443651 -0.678234 85.669706 2.803565 -1.671615 -10.004419 -6.941031 9.384721 56.928368 0.320887 12.974008 -19.841023 nan nan nan 1.834243 0.615137 -6.201203 1.163657 1.242611 25.682763 -5.187134 -10.326304 -21.203426 nan nan nan -1.290894 2.132800 10.385294 3.741456 -5.478176 10.689918 0.677667 -1.162257 -4.711898 2.507262 3.025441 1.452057 0.999747 -0.085875 3.543605 -30.386948 -2.313539 1.583687 -54.993899 -3.343723 14.879175 2.988409 -21.492873 5.445993 -6.765228 -9.672828 5.131751 29.450890 6.885004 2.779060 52.800655 -0.401394 11.800307 -12.175500 24.038944 -5.770582 9.731069 11.959191 4.156675 
-44.714359 -224.132828 90.045349 -179.712975 -0.916906 85.766400 2.728184 -1.554389 -11.391920 -6.815545 9.915579 55.401291 0.408536 13.083864 -20.169088 nan nan nan 1.756332 0.202149 -5.064606 0.934752 1.881502 24.551703 -4.929342 -10.222962 -21.263341 nan nan nan -1.583781 2.667128 10.269354 3.657217 -5.616452 10.808836 0.743588 -0.994538 -4.932418 2.414198 2.746588 1.623216 1.155935 -0.104749 3.573088 -30.243634 -2.013839 1.398027 -55.142540 -2.904000 14.975618 3.168207 -21.650262 5.634225 -7.499670 -9.793647 5.529646 29.388872 6.821546 2.850031 52.897142 -0.411450 11.937015 -12.235067 24.601493 -5.794952 9.820924 12.083217 4.635737 
-44.681316 -223.190033 90.221230 -179.929573 -1.054449 85.722473 2.682065 -1.528478 -12.545438 -6.527685 10.344863 53.721116 0.471254 13.303048 -20.299673 nan nan nan 1.673340 0.025995 -3.745610 0.824440 2.218096 23.394249 -4.764491 -10.095202 -21.313834 nan nan nan -1.711024 3.222014 10.205346 3.576647 -5.591407 10.969855 0.811907 -0.940812 -5.017382 2.378644 2.441655 1.805520 1.286945 -0.267463 3.403386 -30.240487 -1.868430 1.312647 -55.168903 -2.673587 14.982304 3.303590 -21.755129 5.807011 -8.343571 -9.988313 5.762763 29.161482 6.816774 2.799743 53.117714 -0.468402 12.016154 -12.302371 25.079124 -5.947581 9.618345 12.311961 4.630107 
-44.664051 -222.344391 90.385643 179.588547 -1.163382 85.585021 2.666597 -1.437559 -13.512812 -6.336002 10.774174 51.796086 0.710248 13.636996 -20.135941 nan nan nan 1.602981 0.119361 -2.543390 0.748075 2.538650 22.513043 -4.469513 -9.862590 -21.397197 nan nan nan -1.716386 3.765775 10.426390 3.381292 -5.299043 10.870258 0.824285 -0.831808 -4.869503 2.436217 2.295244 1.757009 1.453630 -0.440982 3.421858 -30.074591 -1.886877 1.354216 -55.260064 -2.647317 14.959497 3.296647 -21.858717 6.172552 -8.657931 -10.176475 5.571839 28.784135 6.832207 2.652154 53.453297 -0.196707 12.160906 -12.201686 25.219694 -5.762191 9.299775 12.501188 4.083982 
-44.637520 -221.632629 90.540199 178.558044 -1.261265 85.369362 2.781076 -1.135696 -14.231688 -6.353340 11.344688 49.479697 1.075830 14.124858 -20.043715 nan nan nan 1.610504 0.516732 -1.532338 0.655336 3.050375 21.983828 -4.011395 -9.602871 -21.508970 nan nan nan -1.680018 4.257328 11.235631 3.043880 -4.566223 10.172176 0.848131 -0.596013 -4.522701 2.516707 2.101004 1.447182 1.577194 -0.450057 3.675926 -29.818358 -1.884092 1.473947 -55.249120 -2.668973 14.774370 3.005490 -22.203795 6.917932 -8.459974 -10.311218 4.891473 28.411724 6.827840 2.532422 53.739060 0.344729 12.511954 -11.980817 25.297248 -4.678923 8.930531 12.332784 3.272782 
-44.580242 -220.669113 90.626640 178.295099 -1.509418 85.352776 2.668128 -1.168016 -15.004186 -6.305851 11.656640 47.031398 1.192889 14.245136 -20.208559 nan nan nan 1.351297 0.108537 -0.180077 0.605002 3.573995 20.805586 -3.622564 -9.344315 -21.697335 nan nan nan -1.961135 4.827638 10.995373 2.847613 -4.563622 10.445645 0.925997 -0.563426 -4.530699 2.623218 2.018673 1.550759 1.734489 -0.488549 3.478174 -29.672715 -1.763773 1.490945 -55.045648 -2.394409 14.609487 2.691330 -22.673223 6.985783 -8.492501 -10.573474 4.923578 28.307867 6.853632 2.620712 53.848186 0.568706 12.581968 -11.848693 25.592142 -4.640640 8.637556 12.455080 3.109365 
-44.579018 -219.769547 90.685432 178.037786 -1.722582 85.452915 2.546052 -1.229246 -15.978183 -6.305436 11.900336 44.553934 1.052418 14.406730 -20.279958 nan nan nan 1.006169 -0.321197 0.943168 0.708865 4.265356 19.640918 -3.175688 -9.166926 -21.864666 nan nan nan -2.026943 5.291576 10.826335 2.574920 -4.637919 10.609563 0.888583 -0.436366 -4.571075 2.593067 1.805470 1.414978 1.918095 -0.613072 3.456930 -29.525496 -1.587242 1.346859 -54.909645 -2.107476 14.555771 2.462570 -23.011081 7.080319 -8.522008 -10.927616 4.787956 28.204742 6.890799 2.819471 54.027807 0.846825 12.611678 -11.836001 25.972141 -4.644692 8.239983 12.448825 2.988237 
-44.594387 -218.869659 90.717201 177.980692 -1.828572 85.501710 2.445066 -1.361028 -16.967817 -6.072353 12.141821 42.192059 1.033420 14.640287 -20.213204 nan nan nan 0.750117 -0.685010 2.109582 0.780316 4.782395 18.528120 -2.898976 -9.026435 -21.996622 nan nan nan -1.930181 5.615491 10.771557 2.338080 -4.812542 10.757339 0.821025 -0.295460 -4.661082 2.508732 1.572983 1.301437 2.065727 -0.688835 3.487379 -29.352437 -1.432829 1.053372 -54.913195 -1.863303 14.675009 2.247497 -23.037884 7.252007 -8.346518 -11.149673 4.683236 27.989914 6.872817 2.913767 54.165188 1.109483 12.763954 -11.598764 26.465394 -4.556687 7.633369 12.511106 2.905948 
-44.588085 -217.991287 90.715584 177.919305 -1.894921 85.606759 2.365657 -1.452254 -18.051560 -5.654102 11.925776 39.805944 1.591694 14.754575 -19.967915 nan nan nan 0.570433 -0.967808 3.088369 0.711467 4.933877 17.634080 -2.766917 -8.779055 -22.144637 nan nan nan -1.898734 5.913647 10.742000 2.172551 -4.956997 10.808150 0.764911 -0.127802 -4.720943 2.466531 1.548193 1.268412 2.272102 -0.739588 3.366516 -29.224961 -1.344719 0.790654 -54.933552 -1.623479 14.769557 2.262448 -23.040169 7.316932 -8.560983 -11.273946 4.788690 27.866424 6.909469 2.930301 54.216266 1.253892 12.886647 -11.506245 27.002143 -4.461153 7.340327 12.766597 2.964989 
-44.585304 -217.134155 90.683723 177.747823 -1.885396 85.675907 2.375195 -1.479923 -18.893155 -5.300103 11.899210 37.042369 2.044844 15.085929 -19.802834 nan nan nan 0.398465 -1.219658 4.046291 0.799380 5.142293 16.823995 -2.669935 -8.468889 -22.257636 nan nan nan -1.691796 6.205826 10.887877 1.928197 -4.940466 10.561854 0.645778 0.025593 -4.614801 2.447992 1.435612 1.045901 2.432598 -0.763430 3.472163 -29.113184 -1.237594 0.679682 -54.836990 -1.478039 14.827394 2.142049 -23.212983 7.608767 -8.823523 -11.397257 4.745638 27.757514 6.857132 2.945743 54.295007 1.413055 13.027081 -11.501027 27.523369 -4.383730 7.180370 12.874544 2.615783 
-44.593391 -216.269958 90.631111 177.589820 -1.847774 85.790749 2.396788 -1.513006 -19.678677 -5.079112 11.906144 34.087802 2.215004 15.381471 -19.296457 nan nan nan 0.229527 -1.414389 4.985875 0.968691 5.459813 16.026848 -2.441873 -8.375391 -22.422272 nan nan nan -1.498157 6.522129 10.842203 1.725490 -4.907966 10.489283 0.605269 0.089864 -4.524187 2.445337 1.284258 0.995256 2.543936 -0.687461 3.523408 -29.081066 -1.156901 0.601518 -54.830855 -1.313322 14.929219 2.126864 -23.401209 7.712410 -8.960214 -11.507701 4.658089 27.535338 6.778017 2.891288 54.362255 1.647350 13.167528 -11.448907 27.961273 -4.462762 7.075929 12.778149 2.164278 
-44.573151 -215.400162 90.566307 177.369696 -1.762327 85.935088 2.484181 -1.467197 -20.387214 -4.868979 11.723634 31.046986 2.276397 15.509928 -18.660412 nan nan nan 0.191150 -1.633795 5.949443 0.959789 5.754511 15.109054 -2.208922 -8.312360 -22.589391 nan nan nan -1.372277 6.768905 10.688778 1.582016 -4.903102 10.673935 0.599389 0.224125 -4.617624 2.444860 1.379700 1.052238 2.705868 -0.571513 3.405149 -29.090783 -1.114571 0.451639 -54.846785 -0.956543 15.062866 2.302766 -23.655329 7.560847 -8.994480 -11.608392 4.497741 27.264939 6.852646 2.867230 54.416331 1.850921 13.319217 -11.346660 28.390868 -4.533435 6.969612 12.763932 1.848809 
-44.565125 -214.524353 90.480438 177.143038 -1.681061 86.102358 2.584706 -1.368540 -20.999492 -4.719713 11.467896 27.918437 2.342489 15.475768 -17.976017 nan nan nan 0.133787 -1.892823 6.878930 0.914750 6.053659 14.217290 -1.956329 -8.061029 -22.627522 nan nan nan -1.212623 6.984671 10.551738 1.438370 -4.924518 10.787225 0.533469 0.363324 -4.696332 2.370990 1.478992 0.874534 2.765129 -0.486682 3.303817 -29.096359 -1.053806 0.205101 -54.810893 -0.608317 15.154348 2.374062 -23.879596 7.359638 -9.066316 -11.706574 4.396264 27.144142 6.884101 2.835873 54.351710 2.043004 13.437223 -11.266194 28.903491 -4.536583 7.022348 12.991275 1.938213 
-44.564205 -213.624756 90.363121 176.924394 -1.623436 86.260784 2.675543 -1.200014 -21.511460 -4.697377 11.057512 24.751324 2.495864 15.297928 -17.122228 nan nan nan -0.006784 -2.140578 7.782631 0.957481 6.329356 13.447172 -1.663528 -7.903736 -22.839556 nan nan nan -1.056895 7.236558 10.485301 1.274683 -4.903713 10.715066 0.484451 0.451293 -4.725400 2.223238 1.322506 0.707286 2.815830 -0.389398 3.201596 -29.048581 -1.022715 0.065575 -54.808157 -0.285934 15.223748 2.344363 -24.088515 7.357641 -9.021451 -11.492262 4.336545 27.006729 6.905204 2.857526 54.346107 2.150593 13.577025 -11.257531 29.429573 -4.563038 6.755901 13.192406 1.809708 
-44.556374 -212.713867 90.216064 176.681358 -1.528750 86.456846 2.793030 -1.071216 -21.990522 -4.680299 10.292176 21.587665 2.694872 15.191443 -16.285640 nan nan nan -0.152986 -2.350455 8.619870 1.079129 6.615865 12.727753 -1.380823 -7.806342 -23.110748 nan nan nan -0.907003 7.478873 10.307745 1.105364 -4.854542 10.707628 0.450247 0.540545 -4.742202 2.117109 1.132688 0.551758 2.943765 -0.308298 3.241942 -29.027059 -0.961213 0.054129 -54.823681 -0.027044 15.255792 2.421595 -24.271912 7.448177 -8.875082 -11.512242 4.324933 26.833952 7.018497 3.066668 54.327846 2.297392 13.712968 -11.258505 29.886460 -4.525687 6.416113 13.416485 1.496507 
-44.547035 -211.805344 90.048218 176.474884 -1.427863 86.603377 2.894909 -1.049633 -22.418190 -4.614984 9.272874 18.577210 2.841352 14.959969 -15.637996 nan nan nan -0.320925 -2.589998 9.461322 1.232822 6.850967 12.077015 -1.141163 -7.656040 -23.367355 nan nan nan -0.817536 7.674616 10.149674 0.947595 -4.796927 10.763886 0.464356 0.597156 -4.692221 2.107091 1.124412 0.247782 3.133877 -0.292168 3.423241 -29.109185 -0.848503 -0.000243 -54.694252 0.158443 15.204763 2.408226 -24.512602 7.742102 -9.008795 -12.073147 4.319970 26.730005 7.113079 3.221950 54.212417 2.565571 13.768108 -11.262768 30.345492 -4.296330 6.382554 13.664601 1.380284 
-44.553444 -210.888336 89.862656 176.188341 -1.328031 86.723789 3.007867 -0.907682 -22.837176 -4.531807 8.493697 15.746203 2.836614 14.581073 -15.127917 nan nan nan -0.586054 -2.863265 10.315484 1.444700 7.131264 11.455478 -0.886092 -7.307645 -23.626768 nan nan nan -0.635393 7.887884 9.954892 0.763544 -4.665174 10.866051 0.425183 0.631989 -4.607956 2.097826 1.120317 0.040902 3.179200 -0.365130 3.532361 -29.204863 -0.719765 -0.135265 -54.531219 0.252071 15.150340 2.289986 -24.608146 8.183865 -9.155434 -12.784076 4.510669 26.652548 7.105344 3.251355 54.083545 2.935592 13.796030 -11.189344 30.691806 -4.024671 6.354262 13.855394 1.455777 
-44.569679 -209.939590 89.666275 175.927062 -1.280792 86.809894 3.082893 -0.881446 -23.147507 -4.359899 7.204077 13.211218 2.954260 14.361717 -14.785334 nan nan nan -0.948308 -3.103684 11.338988 1.686734 7.431823 10.674238 -0.601306 -7.033348 -23.827514 nan nan nan -0.488110 8.090962 9.854153 0.565347 -4.606946 10.909390 0.356410 0.787609 -4.625410 1.915423 0.962810 -0.033715 3.347889 -0.243847 3.534536 -29.208742 -0.656943 -0.205210 -54.429356 0.477640 15.198483 2.209224 -24.847895 8.467435 -8.753991 -12.813272 4.341098 26.544239 7.154991 3.352496 54.007918 3.134154 13.918713 -11.059113 31.090627 -3.882666 5.970859 13.916410 1.112562 
-44.575836 -208.975662 89.454208 175.839875 -1.167289 86.905354 3.051921 -0.725317 -23.602265 -4.099812 6.166557 11.080289 3.076704 14.300617 -14.457699 nan nan nan -1.152793 -3.308949 12.388124 1.911461 7.599854 9.917658 -0.295047 -6.941817 -23.926260 nan nan nan -0.392792 8.214628 9.629542 0.452716 -4.639312 11.094436 0.323867 0.970750 -4.671850 1.737274 0.826800 -0.016503 3.544842 -0.147433 3.420497 -29.207792 -0.680573 -0.248138 -54.458091 0.745150 15.217351 2.424577 -25.155326 8.306569 -8.570713 -12.335021 4.087811 26.387723 7.221176 3.407683 54.002176 3.292253 13.955145 -11.048299 31.471091 -3.865228 5.884289 13.824860 0.899252 
-44.564468 -208.014893 89.231430 175.688295 -0.987514 86.941855 3.124744 -0.490150 -24.043838 -3.857087 5.027473 9.330191 3.260734 14.210610 -14.330412 nan nan nan -1.260360 -3.535387 13.371125 2.071429 7.822088 9.407419 -0.017303 -6.903971 -24.104892 nan nan nan -0.349105 8.369396 9.406004 0.413378 -4.600298 11.229691 0.397321 1.113418 -4.543631 1.674503 0.609306 -0.240306 3.584734 -0.019870 3.537233 -29.362469 -0.697931 -0.244758 -54.482135 0.850937 15.077805 2.727758 -25.374039 8.243455 -8.819744 -11.796614 3.767186 26.273369 7.283908 3.525733 53.879349 3.541532 13.911161 -11.198604 31.913162 -3.862679 5.897761 13.603585 0.589738 
-44.564774 -206.991943 88.989059 175.467796 -0.899038 86.860697 3.253631 -0.309076 -24.326709 -3.736027 3.874350 7.971329 3.507987 13.990027 -14.439411 nan nan nan -1.433476 -3.763630 14.381214 2.081223 8.105141 9.148802 0.264639 -6.828678 -24.416160 nan nan nan -0.375801 8.504473 9.446114 0.317740 -4.594110 11.178588 0.459083 1.301652 -4.463258 1.725193 0.493387 -0.542115 3.605160 0.095049 3.833700 -29.392195 -0.589765 -0.246949 -54.463442 0.970364 14.849112 2.649348 -25.526887 8.502399 -9.039794 -11.342968 3.382897 26.218480 7.353488 3.748950 53.770281 3.746079 13.933994 -11.374080 32.306488 -3.931401 5.708535 13.516999 0.005132 
-44.604038 -205.943878 88.726547 175.210126 -0.914403 86.808732 3.297307 -0.223400 -24.603464 -3.590510 3.031005 6.906703 3.704102 13.688506 -14.525887 nan nan nan -1.801750 -3.971988 15.179857 2.133045 8.378082 9.214483 0.497756 -6.540938 -24.778035 nan nan nan -0.363221 8.716619 9.277420 0.153281 -4.573470 11.509079 0.378545 1.440102 -4.536330 1.713507 0.428622 -0.628338 3.754824 0.039012 3.835798 -29.346496 -0.618203 -0.290209 -54.404036 1.105585 14.714703 2.622249 -25.642239 8.522474 -9.017506 -11.287566 3.289052 26.160545 7.532060 3.944965 53.857235 3.908008 13.786964 -11.754344 32.513835 -4.282587 5.743171 13.705656 -0.286437 
-44.660004 -204.909836 88.463943 175.060448 -0.874194 86.808390 3.414683 -0.200572 -24.953613 -3.551136 2.343971 6.133550 3.868656 13.349189 -14.530925 nan nan nan -2.075938 -4.014369 15.931261 2.250555 8.577758 9.242749 0.695912 -6.355592 -25.054537 nan nan nan -0.329385 8.895706 9.135338 0.079788 -4.449582 11.626749 0.363882 1.445716 -4.471781 1.667806 0.270549 -0.663946 3.793416 0.005969 3.836321 -29.376627 -0.577177 -0.460756 -54.403980 1.138854 14.675107 2.660604 -25.633734 8.617546 -8.674302 -11.392129 3.038857 25.971303 7.609082 4.068763 53.789803 4.067269 13.762364 -11.737702 32.788705 -4.210324 5.569844 14.055096 -0.250126 
-44.714626 -203.851212 88.194389 174.922591 -0.825022 86.740143 3.600769 -0.458657 -25.279907 -3.467549 1.960833 5.860148 4.063684 13.232053 -14.670322 nan nan nan -2.244158 -3.897489 16.801604 2.305588 8.767541 9.232279 0.896622 -6.360871 -25.306994 nan nan nan -0.342567 9.071084 9.119702 0.022402 -4.348098 11.546149 0.404020 1.454474 -4.291935 1.703312 0.218507 -0.764381 3.780941 0.054380 3.957204 -29.313391 -0.485940 -0.666876 -54.538413 1.097505 14.630212 2.690829 -25.382037 8.857527 -8.369758 -11.866915 2.579742 25.790766 7.656162 4.018213 53.675506 4.210603 13.919331 -11.535438 32.821223 -4.014008 5.272603 14.531748 -0.165575 
-44.742397 -202.751373 87.905113 174.610562 -0.780819 86.613427 3.872821 -0.889383 -25.575942 -3.254506 2.063361 6.141139 4.253660 13.253818 -14.995952 nan nan nan -2.457198 -3.819957 17.752398 2.321801 9.069257 9.225935 1.092623 -6.244495 -25.589532 nan nan nan -0.347321 9.386515 8.960044 -0.095639 -4.278524 11.829089 0.377890 1.525017 -4.331666 1.788607 0.277525 -0.834773 3.809449 -0.107433 4.245988 -29.212120 -0.475950 -0.700371 -54.600954 1.093722 14.557927 2.779616 -25.207330 8.996804 -8.194493 -12.480748 2.512779 25.741255 7.791156 3.986662 53.714857 4.294025 14.022551 -11.685726 32.633332 -4.181162 5.034425 14.866392 -0.189737 
-44.765827 -201.665070 87.626930 174.228414 -0.726928 86.481163 4.218847 -1.192261 -25.950823 -3.171052 2.433643 6.937907 4.336876 13.192433 -15.371475 nan nan nan -2.682120 -3.822475 18.494992 2.332432 9.457281 9.579041 1.326204 -6.037421 -25.942106 nan nan nan -0.298429 9.758429 8.813553 -0.206861 -4.195519 12.193150 0.283413 1.609966 -4.375905 1.930522 0.244671 -1.010117 3.779419 -0.253033 4.432111 -29.299469 -0.559251 -0.731532 -54.308068 1.158524 14.457922 2.610369 -25.322682 9.125086 -7.909135 -12.632282 2.659989 25.867798 7.838728 4.048331 53.616646 4.425165 13.892945 -11.829937 32.684587 -4.455012 4.735128 14.980572 -0.212373 
-44.771393 -200.591003 87.360268 173.896001 -0.650397 86.468936 4.672136 -1.372503 -26.523457 -3.379615 2.525894 8.308613 4.193363 13.013508 -15.653758 nan nan nan -2.785330 -3.817200 18.904536 2.323126 9.899187 10.306809 1.450294 -5.850049 -26.332537 nan nan nan -0.401028 10.102468 8.799739 -0.144855 -4.102005 12.131913 0.281064 1.704666 -4.351197 2.150753 -0.080483 -0.999138 3.536404 -0.343111 4.432920 -29.469100 -0.486715 -0.967458 -53.924919 1.309844 14.571432 2.223639 -25.454664 9.196216 -7.185049 -12.401280 2.424008 25.997542 7.686288 4.004223 53.395313 4.421291 13.932722 -11.857142 32.971310 -4.713614 4.308032 14.974176 -0.389072 
-44.777798 -199.473358 87.112907 173.642772 -0.608845 86.365258 5.048817 -1.664971 -26.824438 -3.638525 2.452219 9.560154 3.785517 13.080262 -15.900741 nan nan nan -2.870172 -3.761040 19.465223 2.266777 10.262024 10.973727 1.546685 -5.722054 -26.688349 nan nan nan -0.527352 10.430691 8.705075 -0.116249 -3.998080 12.320987 0.302444 1.753522 -4.479986 2.214852 -0.147055 -1.148812 3.463775 -0.427963 4.751433 -29.603026 -0.525831 -1.026740 -53.658109 1.398965 14.458286 2.024208 -25.557251 8.852889 -6.681826 -11.997236 2.070733 26.213611 7.665123 4.119883 53.227235 4.323077 13.842484 -12.191034 33.187286 -5.041686 4.139508 14.940665 -0.296615 
-44.827053 -198.353394 86.888344 173.363081 -0.634103 86.225282 5.263100 -1.893917 -27.155659 -3.938188 2.695669 11.213696 3.661724 13.240165 -16.114825 nan nan nan -3.075412 -3.633514 19.994670 2.238611 10.471330 11.732183 1.666056 -5.548362 -26.914844 nan nan nan -0.633463 10.633348 8.664289 -0.218078 -3.925956 12.555148 0.225364 1.891892 -4.667203 2.275856 -0.000895 -1.383532 3.648152 -0.559297 5.155578 -29.632875 -0.407774 -1.058326 -53.454574 1.465607 14.314278 2.101643 -25.416023 9.190496 -6.885051 -12.809431 2.358392 26.518571 7.678550 4.207801 53.098697 4.384552 13.624614 -12.413477 32.960520 -5.067840 4.110330 15.199066 -0.077810 
-44.902977 -197.223724 86.665184 173.155366 -0.613552 86.201663 5.459766 -2.179738 -27.712045 -4.122672 3.174122 13.468389 3.663184 13.133274 -16.316728 nan nan nan -3.211041 -3.498187 20.407766 2.199988 10.619695 12.556837 1.738717 -5.448020 -27.025396 nan nan nan -0.688802 10.828488 8.441148 -0.294288 -3.921180 12.765945 0.128661 1.863657 -4.705626 2.526518 0.078664 -1.482580 3.619233 -0.614319 5.180271 -29.632673 -0.175661 -1.094856 -53.330301 1.411605 14.172857 2.037367 -25.343082 9.640100 -7.096339 -12.995985 2.567657 26.556227 7.510285 3.942482 53.166504 4.653460 13.648568 -12.197214 32.548406 -4.908211 3.982785 15.119592 0.034640 
-45.005646 -196.052338 86.450478 172.970187 -0.666479 86.228765 5.593459 -2.703731 -28.118452 -4.208514 3.703178 15.581338 3.540103 13.164569 -16.671297 nan nan nan -3.442846 -3.359487 20.809765 2.180427 10.746600 13.424566 1.994563 -5.328534 -26.950254 nan nan nan -0.806204 11.124191 8.091945 -0.357560 -3.903909 12.904328 0.080769 1.726186 -4.661006 2.648962 0.127743 -1.481083 3.637365 -0.750215 5.259211 -29.648280 -0.148942 -0.939186 -53.203712 1.386106 13.979030 1.931496 -25.257969 9.758163 -7.692114 -12.915887 2.534756 26.593348 7.372582 3.740189 53.253307 4.686730 13.709287 -12.139854 32.407335 -4.915516 3.915517 15.013754 0.101351 
-45.251114 -194.799362 86.212769 172.235281 -1.268786 86.796112 4.969249 -2.600033 -28.970213 -4.946774 2.746282 17.774628 4.262746 15.645299 -18.141568 nan nan nan -5.219312 -3.898322 20.013843 3.149773 12.494177 15.554794 3.196652 -4.838374 -28.223404 nan nan nan -1.773618 12.249634 5.324906 -0.162772 -4.351987 17.999299 -0.268511 2.329910 -7.691025 3.730073 -0.273824 -0.855563 2.032724 -0.899739 3.999409 -29.598620 0.459021 -0.443685 -54.175791 -0.326605 17.820144 4.623817 -23.301605 5.139107 -9.412798 -14.872245 5.470493 26.120069 7.521301 3.060922 54.214060 3.437557 14.582971 -13.446750 32.502145 -6.973883 2.218227 15.435173 -1.047060 
-45.434025 -193.600937 86.070824 171.764594 -1.597197 86.908453 5.166772 -2.887316 -29.405053 -5.648356 4.338772 19.779499 4.743100 15.941155 -17.889445 nan nan nan -5.984923 -3.601803 19.928058 3.427563 12.601581 16.955252 3.725940 -4.395416 -27.974754 nan nan nan -2.235612 12.558651 4.941788 -0.206130 -4.302762 18.377327 -0.363762 2.662954 -8.077105 3.948077 -0.311494 -0.404351 1.879003 -0.753695 3.542619 -29.791506 0.718692 -0.530737 -54.147160 -0.495241 18.447569 4.986200 -22.878805 4.279774 -9.379503 -14.897838 5.654900 26.480533 7.389830 3.407508 54.083781 3.193179 14.472800 -13.988375 32.631609 -7.649776 2.316873 15.119662 -0.830245 
-45.547623 -192.376373 85.945091 171.391189 -1.662250 87.034813 5.130724 -2.988018 -29.727408 -5.509064 5.310828 21.383095 5.324391 15.875714 -16.890067 nan nan nan -6.341644 -3.299280 19.830711 3.673397 12.373014 18.319454 4.001448 -4.052927 -27.439722 nan nan nan -2.486269 12.653708 4.471937 -0.201803 -4.201764 18.821228 -0.465818 2.801791 -8.486904 4.069317 -0.263721 0.041253 1.881117 -0.590589 3.200528 -30.031351 1.038415 -0.758261 -53.946248 -0.413109 18.340375 5.041534 -22.682616 4.178960 -9.552801 -14.860070 5.942738 26.839727 7.209965 3.648569 53.868700 3.257688 14.422075 -14.090338 32.455297 -8.148278 2.463162 14.978582 -0.565191 
-45.702553 -191.140594 85.853333 171.147171 -1.827477 87.272953 4.948195 -3.065977 -30.091904 -5.364494 6.001433 22.663182 5.726439 15.544430 -15.525924 nan nan nan -6.709835 -2.980196 19.575466 3.522613 12.107023 19.878306 4.065525 -3.433206 -26.720247 nan nan nan -2.809080 12.671653 3.835028 -0.232074 -4.120404 19.393503 -0.623174 2.799305 -9.004342 4.176001 -0.247604 0.496845 1.925517 -0.521100 2.912322 -30.266806 1.192650 -0.697452 -53.607550 -0.124015 18.248432 5.126147 -22.839359 4.089717 -9.725194 -14.818638 6.104194 27.142144 7.133163 3.965798 53.885168 3.291711 14.478836 -14.349810 32.276333 -8.756001 2.406642 14.995057 -0.201599 
-45.896694 -189.906067 85.795380 171.042095 -2.087543 87.602676 4.631066 -3.251013 -30.484589 -5.262063 6.402436 23.711076 6.204492 15.240694 -14.246310 nan nan nan -7.074764 -2.557814 19.166395 3.464442 11.725563 21.375336 4.285279 -3.093538 -25.954775 nan nan nan -3.239620 12.620010 3.142631 -0.290543 -4.054924 19.878059 -0.772838 2.851303 -9.418302 4.233515 -0.243123 0.684392 2.057437 -0.500600 2.837655 -30.463171 1.257231 -0.554084 -53.298000 0.160712 18.334494 5.224144 -23.085912 4.076998 -9.558334 -14.827070 6.247453 27.402642 7.081425 4.229666 54.124873 3.062494 14.633334 -14.981044 32.156316 -9.208071 2.030271 15.129203 -0.000012 
-46.058765 -188.638794 85.776230 170.964909 -2.295521 87.861628 4.278218 -3.269575 -30.736671 -5.274079 6.373826 24.816472 6.533247 15.213080 -13.466635 nan nan nan -7.272563 -2.153371 18.641500 3.347351 11.471746 23.377002 4.434504 -2.822311 -24.809302 nan nan nan -3.653545 12.566143 2.519016 -0.310393 -3.929210 20.195324 -0.918421 2.820956 -9.624592 4.319231 -0.316135 0.755739 2.205931 -0.575720 2.815262 -30.558483 1.299436 -0.526398 -53.053809 0.385278 18.360115 5.285005 -23.261807 3.840445 -8.821178 -14.915596 5.993857 27.814717 6.927826 4.415261 54.073123 2.941777 14.702997 -15.033154 31.965591 -9.179017 1.482422 15.162499 0.183470 
-46.207470 -187.344223 85.787415 170.880441 -2.458973 88.047174 3.984554 -3.222811 -30.841863 -5.425579 6.340534 26.088327 6.724739 15.479608 -13.279347 nan nan nan -7.343598 -1.724544 18.078529 3.316659 11.263818 25.521243 4.783968 -2.693328 -23.463944 nan nan nan -4.037266 12.473679 1.862035 -0.302069 -3.784533 20.547635 -1.044837 2.781190 -9.784906 4.364799 -0.494217 0.972030 2.258908 -0.538297 2.706327 -30.644860 1.316248 -0.547732 -52.849473 0.576355 18.354073 5.351969 -23.320759 3.524597 -7.809364 -15.012894 6.000464 28.142084 6.787562 4.515040 54.042148 2.907688 14.772432 -14.855479 31.460508 -9.119194 1.225549 14.984704 -0.035577 
-46.419033 -186.044739 85.834778 170.987329 -2.676041 88.144127 3.711939 -3.506640 -30.808868 -5.751075 6.565514 27.311393 6.944146 15.715342 -13.140537 nan nan nan -7.579510 -1.356416 17.481019 3.322775 10.720884 27.856578 5.396313 -2.387771 -21.930265 nan nan nan -4.379801 12.304101 1.338749 -0.288934 -3.764598 20.740954 -1.154942 2.747570 -9.837598 4.290069 -0.711649 1.157303 2.287336 -0.364569 2.790716 -30.732718 1.281926 -0.431732 -52.786552 0.655619 18.365748 5.449044 -23.136992 3.248674 -7.204737 -15.097325 6.042798 28.362918 6.707933 4.671537 54.171554 2.779807 14.796065 -14.941418 30.917238 -9.272996 1.247494 14.772463 -0.044925 
-46.653473 -184.739838 85.923767 171.292198 -2.961000 88.051074 3.390444 -4.039218 -30.519446 -6.180914 6.974050 28.372733 7.347744 15.721842 -13.037397 nan nan nan -8.092764 -1.266029 16.882309 3.469814 9.576847 30.367813 5.664877 -2.123986 -19.995814 nan nan nan -4.703085 12.143749 1.118565 -0.286953 -3.801342 20.816410 -1.237307 2.622656 -9.862640 4.155735 -0.820271 1.461498 2.438658 -0.097212 2.786773 -30.770189 1.104148 -0.203180 -52.815434 0.670007 18.297894 5.705445 -22.829025 3.040181 -7.513650 -15.051678 6.054523 28.516382 6.682227 4.724558 54.443416 2.535829 14.653245 -15.155601 30.474543 -9.583698 1.711956 14.599473 0.535913 
-46.843094 -183.407532 86.023827 171.650536 -3.247655 87.771752 3.017874 -4.581926 -29.952043 -6.496540 7.469553 29.328189 7.812666 15.579576 -13.143704 nan nan nan -8.522303 -1.212949 16.396922 3.435554 8.518895 32.989267 5.513658 -1.872993 -17.531057 nan nan nan -5.036285 11.900174 1.170979 -0.259459 -3.823526 20.747772 -1.314476 2.523411 -9.825425 4.069487 -0.793323 1.836156 2.474274 -0.020925 2.644711 -30.585374 0.875021 0.038578 -52.967555 0.629517 18.320385 5.828910 -22.425356 2.984681 -7.753380 -14.986940 5.940528 28.531175 6.639579 4.739992 54.795217 2.287292 14.479147 -15.167287 30.202652 -9.700128 1.993897 14.648568 1.131142 
-47.009850 -182.099915 86.121429 172.160888 -3.435327 87.438772 2.651608 -5.196731 -29.306936 -6.745937 7.758297 30.172118 8.385191 15.566057 -13.296649 nan nan nan -8.703223 -1.140280 15.796129 3.328515 7.320193 35.792384 5.666113 -1.801412 -14.343435 nan nan nan -5.293863 11.522566 1.328960 -0.169930 -3.933930 20.623113 -1.442219 2.451062 -9.686010 4.084879 -0.758618 1.946277 2.391282 -0.080164 2.707972 -30.249447 0.693761 0.079796 -53.289976 0.544920 18.544844 5.986867 -21.957751 3.092054 -7.889352 -14.874393 5.527832 28.455578 6.605917 4.596564 55.248231 2.017424 14.624661 -15.310933 29.838538 -9.704722 2.107954 14.572227 1.280678 
-47.168457 -180.835953 86.232162 172.763039 -3.457661 87.128277 2.393548 -5.834536 -28.661723 -6.957510 7.800007 30.922831 8.928858 15.624768 -13.626731 nan nan nan -8.620769 -1.068140 14.996290 3.194398 6.042028 38.626880 5.872711 -2.024985 -10.917502 nan nan nan -5.440461 11.153920 1.632795 0.045251 -4.082704 20.195719 -1.503153 2.291758 -9.393269 4.013192 -0.706766 1.906930 2.238130 -0.098060 3.059008 -29.899916 0.493950 0.049361 -53.807432 0.468057 18.712085 6.280503 -21.420553 2.975705 -8.245635 -14.799563 4.872416 28.363048 6.533595 4.200393 55.526607 1.596241 14.861791 -15.357630 29.468477 -9.659479 2.379753 14.531537 1.144890 
-47.303902 -179.577957 86.350517 173.157058 -3.382448 86.890218 2.184515 -6.210987 -27.948051 -7.064395 7.785033 31.541315 9.489331 15.744725 -14.010524 nan nan nan -8.396304 -0.957718 13.923578 2.920099 5.010686 41.531586 5.886357 -2.303160 -7.770622 nan nan nan -5.497095 10.805298 1.852985 0.269812 -4.052607 19.795644 -1.553290 2.149826 -9.175256 3.955299 -0.664774 2.041697 2.037273 -0.071260 3.322416 -29.582314 0.223653 0.055165 -54.252784 0.526889 18.898164 6.541611 -21.057452 3.112136 -8.925905 -14.491437 4.499091 28.190962 6.390439 3.877371 55.820971 1.205422 14.912944 -15.297656 29.179903 -9.592862 2.968198 14.386613 0.700508 
-47.420185 -178.354156 86.471954 173.388080 -3.289873 86.719785 1.932413 -6.394240 -27.237015 -7.149874 7.544298 32.062005 9.923187 16.019181 -14.395084 nan nan nan -8.091577 -0.776719 12.543954 2.614295 4.239563 44.487593 4.708517 -2.305126 -5.455438 nan nan nan -5.447716 10.351315 2.135327 0.390451 -3.836969 19.422991 -1.670972 2.109222 -9.028271 3.949690 -0.622801 2.154975 1.766167 -0.022350 3.267595 -29.406993 0.121671 0.078813 -54.348149 0.364570 19.143174 6.531640 -20.858759 3.605008 -9.538855 -14.010800 4.145894 28.035815 6.170029 3.827804 56.230448 1.038016 14.797457 -15.303852 28.925281 -9.414790 3.506881 13.790677 0.429254 
-47.578358 -177.144852 86.598099 173.668822 -3.294157 86.617264 1.468170 -6.703899 -26.553896 -7.151140 7.172521 32.478269 10.492723 16.356672 -14.810156 nan nan nan -7.972825 -0.511213 11.079878 2.367914 3.397227 47.645361 4.934977 -2.560397 -2.754302 nan nan nan -5.415566 9.824849 2.355687 0.463197 -3.710010 19.117914 -1.847342 2.060300 -8.909875 3.801011 -0.618269 2.261755 1.616975 -0.056418 3.207822 -29.360978 0.055359 0.043915 -54.239381 0.271564 19.189901 6.372208 -20.874951 3.891660 -10.084115 -13.867932 3.861528 28.043274 6.117586 3.828682 56.455420 0.733509 14.605871 -15.376122 28.836927 -9.124195 3.951013 13.210866 0.600788 
-47.778934 -175.930618 86.725388 173.997539 -3.318645 86.488900 0.881092 -6.948190 -25.819084 -7.033845 6.848452 32.859416 10.983917 16.463064 -15.271688 nan nan nan -8.044495 -0.385683 9.616107 2.035149 2.480991 50.690589 5.416992 -3.016713 0.159390 nan nan nan -5.319563 9.262235 2.455209 0.496142 -3.690174 19.091569 -2.065790 1.988925 -8.811030 3.733879 -0.344105 2.468156 1.431753 -0.081052 2.899790 -29.332148 -0.146277 0.002244 -54.292638 0.301042 18.967207 6.530846 -21.008323 3.874836 -10.484430 -14.102905 4.315227 28.021678 6.321907 3.727086 56.566626 0.324866 14.477404 -15.324586 28.815370 -8.868514 4.472105 12.983019 0.692562 
-47.973953 -174.720001 86.857025 174.262362 -3.345179 86.281293 0.324912 -7.026087 -24.922090 -7.021704 6.494839 33.093136 11.464062 16.698548 -15.823214 nan nan nan -8.190158 -0.352425 8.128197 1.706807 1.682815 53.614587 5.285298 -3.633849 2.285683 nan nan nan -5.282887 8.773625 2.686844 0.536427 -3.603703 19.004279 -2.143148 1.886555 -8.662346 3.848080 0.095781 2.482516 1.060014 -0.077445 2.727589 -29.316692 -0.418259 -0.039656 -54.772242 0.278619 18.269458 7.392193 -20.973347 3.219640 -11.566096 -13.945073 5.706710 28.062537 6.543165 3.753659 56.525407 -0.012257 14.005885 -15.218133 29.018359 -8.831713 5.804525 12.616547 1.211573 
-48.183014 -173.579712 87.015396 174.429004 -3.466735 86.045492 -0.322306 -7.135832 -23.876848 -6.999486 6.158158 33.090031 11.826275 17.191288 -16.374282 nan nan nan -8.403770 -0.323635 6.427777 1.373776 1.068336 56.595637 5.150409 -4.526070 3.233537 nan nan nan -5.366899 8.370541 3.194562 0.576423 -3.481751 18.515017 -2.158353 1.787570 -8.416473 3.775644 0.232611 2.292270 0.872483 0.120371 2.794787 -29.426314 -0.621020 -0.094005 -54.819965 0.313478 17.831356 7.861893 -21.278431 2.740505 -12.438209 -13.605445 6.720464 28.343600 6.534260 3.569642 56.139450 -0.297698 13.631701 -14.828982 29.152951 -8.755064 6.928743 12.196642 2.287062 
-48.363533 -172.469131 87.187256 174.499764 -3.623584 85.727055 -0.985519 -7.220402 -22.576348 -6.958218 5.863071 32.840640 11.952893 17.581569 -16.770838 nan nan nan -8.528633 -0.164992 4.853805 1.078959 0.647450 59.316235 4.816745 -5.525968 2.748002 nan nan nan -5.408195 8.024409 3.923954 0.545160 -3.318343 17.849159 -2.190173 1.605293 -8.075729 3.673283 0.371937 2.027615 0.733264 0.263442 2.900493 -29.314781 -0.749456 -0.305183 -54.778964 0.368264 17.962490 7.936077 -21.600872 2.676036 -12.117390 -13.643715 6.630007 28.572922 6.469490 3.165524 55.846433 -0.593939 13.920337 -14.499418 29.158837 -8.752892 7.297453 12.164610 2.368277 
-48.516254 -171.367767 87.368294 174.595685 -3.668872 85.436534 -1.517064 -7.129831 -21.268156 -6.969673 5.438032 32.520503 11.967313 17.776408 -17.029368 nan nan nan -8.562829 -0.166603 3.407694 0.825634 0.240471 61.524817 4.226026 -6.453472 1.347597 nan nan nan -5.416449 7.585399 4.479218 0.480118 -3.264015 17.511253 -2.161273 1.563763 -7.908686 3.406510 0.385592 1.879084 0.786871 0.618300 2.946167 -29.338814 -1.031234 -0.209365 -54.471669 0.487653 17.913456 7.897344 -22.429603 2.580824 -11.714484 -13.194682 6.746461 28.701354 6.669836 3.216720 55.564132 -0.735497 13.920951 -14.151076 29.203224 -8.810014 7.727811 12.085921 2.397794 
-48.654991 -170.261475 87.577812 174.724405 -3.668853 85.120100 -2.055090 -6.811999 -19.834315 -6.961741 4.851599 32.007039 12.074556 17.918874 -17.306414 nan nan nan -8.578778 -0.296988 2.082970 0.711435 -0.138990 63.219564 3.564937 -7.217370 -0.176572 nan nan nan -5.356380 7.206886 5.146816 0.442417 -3.179139 17.039770 -2.156319 1.469440 -7.810943 3.116934 0.316088 1.929418 0.929080 0.948185 3.028649 -29.411795 -1.227330 0.035891 -53.928953 0.460245 17.972900 7.579146 -23.385248 2.788004 -11.847736 -12.541690 6.843422 28.931726 6.736340 3.456017 55.304841 -0.779855 13.934597 -13.930807 29.193694 -8.753332 7.967317 11.858570 2.187483 
-48.755779 -169.140213 87.807671 174.810558 -3.684539 84.713511 -2.633073 -6.431476 -18.136488 -6.845580 4.188903 31.239597 12.114896 17.936380 -17.528688 nan nan nan -8.521492 -0.314378 0.874814 0.364098 -0.673304 64.567845 3.104043 -7.830153 -1.615866 nan nan nan -5.433262 6.847568 5.792712 0.526209 -3.036636 16.693168 -2.060361 1.341925 -7.636277 2.752550 0.431944 2.059470 1.092760 1.207086 2.707794 -29.442281 -1.292329 0.040899 -53.711841 0.048612 17.999093 7.394994 -23.522475 3.042672 -11.979123 -12.746489 6.859846 29.100112 6.707243 3.388281 55.136302 -0.775610 14.098845 -13.770448 29.001514 -8.457667 7.978580 11.996618 1.829638 
-48.836781 -168.013245 88.042770 174.905481 -3.567254 84.222441 -3.046340 -6.022483 -16.321860 -6.749750 3.504774 30.393993 12.010277 17.919099 -17.725234 nan nan nan -8.248891 -0.303219 -0.234168 -0.426316 -1.489407 65.633817 2.835496 -8.529154 -2.964595 nan nan nan -5.396605 6.342070 6.536986 0.621780 -2.905346 16.310920 -1.871067 1.250592 -7.359238 2.511568 0.820834 1.975111 0.972725 1.205147 2.422538 -29.179358 -1.391570 -0.372655 -54.394075 -0.496658 17.921504 7.665317 -22.521967 2.730851 -12.224667 -13.410495 7.319130 29.004767 6.779892 3.133342 55.128454 -0.819002 14.348229 -13.643148 28.753592 -7.811921 7.936209 12.265936 1.769465 
-48.935497 -166.896240 88.295662 175.126417 -3.361150 83.717947 -3.375302 -5.630342 -14.519453 -6.606419 2.818689 29.485132 11.871404 18.010651 -17.961671 nan nan nan -7.939761 -0.261675 -1.310124 -1.061892 -2.030575 66.417528 2.682725 -8.669112 -3.935593 nan nan nan -5.219817 5.797272 7.387098 0.674988 -2.812223 15.716677 -1.636841 1.090253 -6.954955 2.528734 1.420141 1.847698 0.594539 1.021889 2.338243 -28.728282 -1.669338 -0.904524 -55.716979 -1.326688 17.479523 8.290602 -20.462056 1.656598 -12.852735 -14.096150 8.895389 28.894086 6.910075 2.778320 55.048569 -0.961495 14.282478 -13.450715 28.476879 -7.337177 8.550891 12.449053 2.604860 
-49.060570 -165.822464 88.580376 175.477077 -3.166754 83.436571 -3.709683 -5.388865 -13.027330 -6.431602 2.162477 28.758727 11.655609 18.080359 -18.317024 nan nan nan -7.700502 -0.330825 -2.595809 -1.657006 -2.754854 66.951032 2.380499 -8.971032 -4.711134 nan nan nan -5.065784 5.208342 7.906534 0.734630 -2.814231 15.321138 -1.513289 0.972525 -6.758596 2.342690 1.521570 1.952273 0.490607 1.207765 2.353176 -28.697680 -1.566339 -0.894552 -55.999678 -2.081323 17.156332 8.382825 -20.090401 1.156778 -12.574268 -14.239515 9.433395 28.877356 6.811590 2.843518 54.991927 -0.928954 14.089784 -13.486059 28.350779 -7.093037 9.438531 12.525881 3.303700 
-49.164154 -164.730499 88.858971 175.823569 -2.953334 83.248543 -4.031740 -5.201143 -11.564553 -6.318352 1.231074 27.991495 11.645843 18.359921 -18.531100 nan nan nan -7.357606 -0.364575 -3.967840 -1.822233 -3.056116 67.415630 2.045019 -9.026266 -5.589632 nan nan nan -4.959902 4.682810 8.109589 0.980005 -2.938556 15.338437 -1.572888 0.936130 -6.848880 1.972039 1.298403 2.246886 0.663429 1.697346 2.287527 -28.598916 -1.685423 -0.491773 -55.584750 -2.334076 17.647725 7.723991 -20.870209 2.573418 -11.146155 -14.385183 6.944559 28.871211 6.786218 2.967012 54.982554 -1.112976 14.042006 -13.632831 28.297231 -6.768457 9.614404 12.656363 3.133562 
-49.231190 -163.698395 89.082878 176.171162 -2.720054 83.073744 -4.245114 -4.928215 -10.168088 -6.256875 0.359498 27.222527 11.477799 18.575678 -18.722285 nan nan nan -7.047964 -0.462202 -5.229393 -1.898493 -3.775101 67.409447 1.843762 -9.709851 -6.588999 nan nan nan -4.823132 4.148232 8.250147 1.089076 -2.958870 15.245173 -1.463408 0.801087 -6.728590 1.693940 1.426895 2.470200 0.796735 1.998227 2.226424 -28.442595 -1.746826 -0.360117 -55.722472 -2.941540 17.556408 7.543128 -20.887748 2.645531 -10.971101 -14.396414 7.031744 28.650482 6.748011 2.962537 55.196103 -1.182780 14.010903 -13.699321 28.130692 -6.311885 9.603607 12.648241 2.431158 
-49.340172 -162.601517 89.353920 176.561176 -2.509460 83.001088 -4.446847 -4.635823 -8.893284 -6.143468 -0.460988 26.452604 11.264192 18.658191 -19.010604 nan nan nan -6.792848 -0.524168 -6.709076 -1.908766 -4.355585 67.408790 1.740496 -9.966675 -7.498297 nan nan nan -4.722430 3.610879 8.380869 1.188092 -2.987807 15.060909 -1.275452 0.602207 -6.483768 1.478643 1.775703 2.681529 0.916772 2.075061 2.048053 -28.173481 -2.067611 -0.533626 -55.872850 -3.493777 17.675200 7.309215 -20.379916 2.388006 -11.775708 -14.706055 7.869588 28.459005 6.820615 2.751266 55.335737 -1.402755 14.091729 -13.726934 28.008276 -6.274232 9.682108 12.682551 2.072275 
-49.432068 -161.517731 89.614624 176.997179 -2.199518 82.847790 -4.525289 -4.174874 -7.477132 -5.943247 -1.290528 25.625710 11.011255 18.443562 -19.337294 nan nan nan -6.425648 -0.577280 -7.778284 -1.975125 -5.120699 66.745674 1.874660 -10.267599 -8.900316 nan nan nan -4.454951 3.043899 8.609523 1.375634 -3.063621 14.921273 -1.214918 0.338255 -6.462279 1.211541 1.960874 3.019580 0.967469 2.272027 1.778159 -28.274291 -1.945132 -0.307373 -55.443286 -3.876436 17.622161 6.814672 -21.075768 2.909703 -11.937248 -14.953806 6.881435 28.296266 6.793059 2.981826 55.604181 -1.458733 14.045740 -14.146533 27.947977 -5.719716 9.435936 12.873458 1.516436 
-49.510181 -160.479340 89.864273 177.493258 -1.822297 82.722719 -4.458988 -3.806744 -6.155284 -5.801062 -2.089238 24.851165 10.694160 18.270890 -19.624496 nan nan nan -6.036826 -0.517319 -8.934369 -1.852877 -5.908063 65.968720 1.822425 -10.500005 -9.828670 nan nan nan -4.159312 2.450431 8.905316 1.467623 -3.035399 14.393150 -1.011636 0.070399 -5.987112 1.100122 2.230351 3.031435 0.905811 2.251939 1.637265 -28.096159 -2.123617 -0.414418 -55.604070 -4.543271 17.337372 6.699125 -20.786012 1.949572 -12.324548 -14.943632 7.973641 28.064552 6.743485 2.791186 55.718817 -1.589863 13.690073 -13.925368 27.910898 -5.818437 9.479221 12.880676 2.042646 
-49.602390 -159.415848 90.088623 177.983001 -1.540467 82.670193 -4.493077 -3.538880 -4.856971 -5.700145 -2.977447 23.982661 10.466350 18.345794 -19.869286 nan nan nan -5.791555 -0.468541 -10.220201 -1.644178 -6.465810 65.160582 1.611676 -10.581564 -10.423946 nan nan nan -3.956472 1.878451 9.054692 1.587598 -3.073018 14.071608 -0.926958 -0.079843 -5.751183 0.982947 2.311978 3.115280 0.900978 2.331777 1.696783 -27.870735 -2.231754 -0.360631 -55.667280 -4.992963 17.375730 6.533063 -20.946528 2.197359 -11.373662 -15.134596 7.820911 27.937319 6.576144 2.679484 55.798945 -1.801965 13.556351 -13.775695 27.971217 -5.678837 9.162152 12.920553 1.920664 
-49.704266 -158.360077 90.288689 178.509063 -1.346150 82.603638 -4.612301 -3.288758 -3.478236 -5.559831 -3.903022 23.025035 10.215609 18.391535 -20.135818 nan nan nan -5.709390 -0.473418 -11.200494 -1.353275 -7.308430 63.832887 1.957968 -10.901779 -11.588190 nan nan nan -3.808257 1.364519 9.115735 1.656020 -3.156294 13.956151 -0.803229 -0.282441 -5.586411 0.724587 2.347500 3.146545 1.029630 2.480303 1.879610 -27.655943 -2.250008 -0.209819 -55.644703 -5.686822 17.327167 6.129585 -21.102813 1.972521 -10.583519 -15.333759 7.767738 27.715378 6.395728 2.629135 56.035156 -1.877667 13.420711 -13.655446 27.857226 -6.028865 8.705953 13.218735 1.298641 
-49.789642 -157.291092 90.480598 178.964826 -1.069348 82.651454 -4.542287 -2.911827 -2.242762 -5.411749 -4.715869 22.045483 10.016982 18.279377 -20.395597 nan nan nan -5.484273 -0.465921 -12.396546 -1.148177 -7.922278 62.521713 2.164456 -10.995932 -12.468158 nan nan nan -3.563515 0.821421 9.086990 1.780760 -3.228291 13.818825 -0.777217 -0.503302 -5.489832 0.594637 2.491339 3.341594 1.104883 2.581859 1.869512 -27.497430 -2.195684 -0.180954 -55.477801 -6.178366 17.293051 5.719921 -21.388815 2.296708 -10.406470 -15.649624 7.624593 27.519296 6.238174 2.593265 56.242784 -2.029326 13.134736 -13.451716 27.857366 -6.298658 8.287639 13.492611 0.914736 
-49.880421 -156.203827 90.662193 179.478419 -0.834822 82.549620 -4.541473 -2.466841 -0.756882 -5.259403 -5.756566 20.887763 9.797007 18.416938 -20.591943 nan nan nan -5.318614 -0.657201 -13.255923 -0.911806 -8.476108 60.918282 2.250413 -11.538269 -13.077520 nan nan nan -3.376971 0.262855 9.235014 1.873881 -3.312381 13.536475 -0.686983 -0.712693 -5.124129 0.466322 2.381618 3.262239 1.085734 2.981854 1.785019 -27.426675 -2.423037 -0.148910 -54.954094 -6.335787 17.592474 5.199581 -22.346517 2.583271 -9.998467 -15.327536 6.901644 27.316108 6.127691 2.253764 56.262384 -2.275892 12.924715 -12.952608 28.029667 -6.440622 7.663253 13.130630 0.620580 
-49.950703 -155.118134 90.816544 -179.939533 -0.703971 82.421961 -4.635282 -2.076661 0.715126 -5.037303 -6.550897 19.898527 9.393000 18.285415 -20.841596 nan nan nan -5.315526 -0.812253 -13.984689 -0.836790 -9.262993 59.157287 2.333939 -11.861160 -13.894219 nan nan nan -3.291328 -0.268855 9.474262 1.965702 -3.380892 13.301545 -0.577434 -0.915503 -4.964842 0.412241 2.529568 3.147904 0.991626 3.039587 1.871848 -27.270390 -2.069595 -0.186069 -55.221248 -7.258345 17.329705 5.283337 -22.227214 2.328018 -10.015493 -15.736759 7.942918 27.198311 5.706365 2.289661 56.372134 -2.148307 12.614466 -13.066452 28.068312 -6.083213 7.772437 13.027440 1.434230 
-50.031425 -153.999756 90.997459 -179.434974 -0.597514 82.268320 -4.648433 -1.597009 2.213120 -4.994060 -7.750017 19.096702 8.928508 18.136097 -20.936346 nan nan nan -5.350829 -0.763138 -14.423960 -0.595211 -9.999914 56.825018 2.713572 -12.236582 -14.769772 nan nan nan -3.352380 -0.740058 9.858390 2.215244 -3.570401 12.973921 -0.494038 -1.073051 -5.107976 0.112923 2.494318 3.523463 1.217826 3.329951 1.925429 -27.319467 -1.828258 0.603931 -54.548163 -7.888710 17.070512 4.550342 -23.253219 3.343302 -9.500386 -15.730255 7.427639 27.294413 5.397995 2.722417 56.344239 -2.163868 12.071066 -13.480447 28.404600 -5.598201 7.943641 12.563165 1.716325 
-50.005531 -152.847763 91.067398 -179.260164 0.000018 81.475828 -3.776686 0.178865 4.346248 -3.752062 -6.966648 17.704612 7.847044 14.652389 -20.006269 nan nan nan -4.435598 -0.761199 -14.341254 -2.526865 -11.236265 55.036990 3.123800 -10.692690 -15.161738 nan nan nan -2.636265 -0.889074 11.857390 2.256063 -3.108056 10.207349 -0.305547 -2.081091 -3.550520 0.946312 4.657247 3.078939 0.716448 1.663442 3.267992 -27.328266 -3.210932 0.438992 -53.373869 -5.583473 14.449993 3.145200 -27.002821 5.659368 -8.827222 -13.240018 5.173837 27.636318 5.837413 2.756740 55.954598 -2.628625 12.626253 -14.278169 28.321796 -5.277494 9.190961 12.949538 0.812810 
-50.044079 -151.757935 91.141289 -178.952871 0.226823 81.299711 -3.452317 0.721602 5.895454 -3.508311 -7.324270 16.445840 7.294570 14.165520 -20.100288 nan nan nan -4.239495 -0.895528 -14.891387 -2.749210 -12.048803 52.874247 3.149091 -10.784067 -15.341392 nan nan nan -2.478641 -1.256843 12.228230 2.346818 -3.006715 9.702353 -0.166040 -2.296391 -3.187178 1.145156 5.082516 3.051484 0.554305 1.319337 3.329143 -27.269940 -3.438624 0.361353 -53.132762 -5.718586 13.891630 2.837471 -27.642676 6.574298 -8.929930 -13.505554 4.773532 27.537893 5.733764 2.623979 55.976286 -2.892726 12.529864 -14.320578 28.434167 -4.976277 9.291749 13.095460 0.509716 
-50.131947 -150.714523 91.219460 -178.654900 0.372737 81.270284 -3.264305 1.152912 7.267268 -3.334216 -7.846207 15.247196 6.966172 14.022349 -20.163666 nan nan nan -4.221133 -1.143261 -15.491557 -2.574128 -12.803253 50.399210 3.081904 -11.096488 -15.169534 nan nan nan -2.346649 -1.646598 12.345533 2.386530 -2.997159 9.559415 -0.016554 -2.431688 -3.090233 1.103016 5.242397 3.082182 0.454455 1.312001 3.152321 -27.107043 -3.516835 0.146691 -53.288968 -6.225730 13.823320 2.968597 -27.537059 6.108340 -9.123351 -13.513691 5.105744 27.327465 5.646569 2.469595 56.122045 -2.959939 12.445388 -14.261031 28.164454 -4.946789 9.712214 12.972616 0.735346 
-50.210239 -149.673859 91.256958 -178.376522 0.524701 81.262695 -2.983317 1.510546 8.570192 -3.323107 -8.438049 14.170804 6.569264 13.845983 -20.270400 nan nan nan -4.177647 -1.190774 -15.992839 -2.403678 -13.650654 47.750429 2.998259 -11.499965 -15.084818 nan nan nan -2.180705 -2.097211 12.623525 2.386119 -2.947905 9.163614 0.064590 -2.528183 -3.013462 0.995825 5.371348 2.981418 0.476847 1.216215 3.374118 -27.000964 -3.428213 0.204328 -53.164911 -6.765708 13.667974 2.813755 -27.813563 6.393240 -8.809027 -13.818754 4.984328 27.204399 5.473324 2.525047 56.170650 -3.030576 12.358216 -14.073833 28.054924 -4.594070 9.821061 12.925933 0.393972 
-50.277561 -148.642914 91.187920 -178.087045 0.679693 81.349304 -2.651927 1.862924 9.616371 -3.385984 -9.280867 13.180654 6.176157 13.616373 -20.008612 nan nan nan -4.063188 -1.208039 -16.771280 -2.229976 -14.316055 45.352025 2.840279 -11.818338 -15.107414 nan nan nan -2.132119 -2.575497 12.859230 2.485558 -2.900827 8.731780 0.184174 -2.560878 -2.863951 0.663289 5.407137 2.876998 0.585214 1.124268 3.450929 -26.999266 -3.639034 0.420596 -52.670699 -7.001734 13.986449 2.651590 -28.743455 6.438643 -8.200979 -13.837058 4.446765 27.299918 5.477305 2.643767 55.902066 -3.182454 12.342984 -13.936791 28.096009 -4.789179 9.628788 13.040896 -0.290124 
-50.352806 -147.614868 91.126228 -177.897336 0.805623 81.431145 -2.389446 2.241404 10.682803 -3.304999 -9.888035 12.231319 5.882975 13.438044 -19.817074 nan nan nan -3.928402 -1.351360 -17.527528 -1.844588 -14.637531 42.931280 2.735468 -11.963848 -15.159358 nan nan nan -2.147560 -2.921170 12.820203 2.658251 -2.880839 8.803447 0.330229 -2.562970 -2.882153 0.389389 5.557194 2.929106 0.720380 1.027643 3.194216 -26.995492 -3.871833 0.459843 -52.409402 -7.375758 14.107023 2.647818 -29.247520 6.219332 -7.839446 -13.950552 4.513976 27.402203 5.494854 2.661969 55.602718 -3.319145 12.131456 -13.836455 28.178316 -4.946008 9.316697 13.121278 -0.034097 
-50.432518 -146.580322 91.054039 -177.716497 0.892584 81.553642 -2.167294 2.647560 11.718184 -3.152623 -10.238663 11.270193 5.550330 13.448730 -19.907214 nan nan nan -3.850711 -1.477569 -18.171274 -1.396752 -14.682716 40.222029 2.541301 -11.824114 -15.114678 nan nan nan -2.115536 -3.143729 12.717645 2.788235 -2.860787 8.879540 0.477366 -2.660983 -2.903272 0.224618 5.646097 2.942049 0.762019 1.040826 3.079900 -26.990024 -4.004085 0.438725 -52.423157 -7.825669 14.112259 2.933475 -29.551920 5.889825 -7.411815 -14.021789 4.823481 27.499637 5.409018 2.574810 55.346008 -3.424282 12.023964 -13.796503 28.214739 -5.032970 9.037718 13.077319 0.127008 
-50.480122 -145.543915 90.984726 -177.273593 0.893622 81.733888 -2.011872 2.926492 12.653918 -3.014753 -10.682994 10.452122 5.339744 13.218669 -20.115481 nan nan nan -3.867953 -1.729027 -18.577930 -0.944606 -14.709777 37.065849 2.465523 -11.635228 -14.947408 nan nan nan -2.250500 -3.379494 12.604247 2.919721 -3.043924 8.810859 0.654701 -2.788981 -2.914265 0.239441 5.603718 2.806224 0.775161 1.133633 3.319514 -26.951581 -4.035818 0.432040 -52.170304 -8.181312 14.236160 2.790462 -29.957709 6.086080 -6.763999 -14.183076 4.684701 27.524659 5.270480 2.625687 55.187086 -3.517661 12.040092 -13.733374 28.236137 -5.133383 8.706171 13.345724 -0.202280 
-50.520199 -144.511734 90.881866 -176.831694 0.819438 81.953992 -1.908469 3.121471 13.461459 -2.957873 -11.012421 9.796222 5.224467 12.931723 -20.268021 nan nan nan -3.983581 -2.003727 -19.004699 -0.376177 -14.838166 33.857160 2.591206 -11.593850 -14.651760 nan nan nan -2.424878 -3.541145 12.393696 2.982438 -3.222007 8.799773 0.840017 -2.942725 -2.849189 0.343677 5.742245 2.615982 0.868571 1.153796 3.348291 -26.808939 -3.980373 0.376966 -52.163438 -8.781219 14.090112 2.916520 -30.047769 5.986217 -6.753219 -14.712133 4.828408 27.566780 5.048372 2.739881 55.085314 -3.428773 11.916173 -13.659930 28.219248 -5.125808 8.593473 13.588337 -0.137631 
-50.556194 -143.506729 90.743622 -176.610563 0.822859 82.154800 -1.738755 3.353723 14.313383 -2.828979 -11.213557 9.029446 4.965929 12.858100 -20.649026 nan nan nan -3.950146 -2.108190 -19.490423 0.320991 -14.726946 30.654233 2.769348 -11.583075 -14.417668 nan nan nan -2.411522 -3.640233 12.335793 3.051987 -3.267250 8.715260 0.943287 -3.071622 -2.825787 0.362137 5.870286 2.656417 0.919673 1.237625 2.946388 -26.765797 -4.045130 0.373129 -51.844449 -9.260712 14.080770 2.897919 -30.545708 5.995021 -6.916823 -14.986566 5.112552 27.579971 4.927051 2.720657 55.036522 -3.426473 11.807655 -13.542198 28.109399 -5.106472 8.520435 13.484068 0.044822 
-50.576897 -142.533661 90.586555 -176.439165 0.828963 82.380743 -1.573435 3.551807 15.128033 -2.709924 -11.541756 8.266122 4.678890 12.850796 -21.151411 nan nan nan -3.751293 -2.213998 -20.023989 0.851430 -14.131441 27.449074 2.784805 -11.428836 -14.207360 nan nan nan -2.429622 -3.740849 12.343404 3.195069 -3.310137 8.631969 1.051354 -3.137130 -2.926538 0.145541 5.841185 2.585334 1.026810 1.290866 2.869964 -26.758932 -4.177375 0.333357 -51.530682 -9.547113 14.291600 3.044643 -31.179051 5.784484 -6.925707 -14.956445 5.310243 27.580623 4.819391 2.599436 54.952050 -3.517686 11.775583 -13.426458 28.027904 -5.033539 8.598824 13.316300 0.343575 
-50.605213 -141.517120 90.434967 -176.201477 0.729714 82.570489 -1.485275 3.777823 15.965660 -2.643448 -11.937710 7.664885 4.416478 12.704430 -21.504655 nan nan nan -3.715977 -2.294889 -20.212553 1.416682 -13.404100 23.733216 2.868345 -11.317271 -13.845047 nan nan nan -2.618542 -3.889791 12.256461 3.309652 -3.430760 8.542794 1.192170 -3.137749 -2.928174 -0.050718 5.705390 2.450720 1.171534 1.179519 3.086678 -26.701907 -4.219878 0.259969 -51.394702 -9.953019 14.470719 3.167877 -31.395039 5.733193 -6.875791 -14.997984 5.280252 27.567946 4.678942 2.610445 54.858117 -3.546425 11.788119 -13.376279 27.918552 -4.909181 8.748797 13.275578 0.612667 
-50.626759 -140.461411 90.261101 -175.992033 0.524336 82.705806 -1.463657 4.073040 16.869840 -2.619047 -12.225677 7.090822 4.209500 12.561405 -21.719600 nan nan nan -3.860965 -2.368178 -20.261252 2.020485 -12.667780 20.032053 3.083181 -11.074983 -13.542056 nan nan nan -2.934730 -4.002482 12.128312 3.352337 -3.536961 8.498857 1.395063 -3.170334 -2.878593 -0.247308 5.660921 2.363312 1.238651 1.074599 3.161274 -26.741028 -4.211615 0.344416 -51.115448 -10.425369 14.409406 3.147092 -31.679836 5.966859 -6.669172 -14.846262 5.027225 27.554520 4.518041 2.824072 54.801680 -3.470911 11.798889 -13.336231 27.929552 -4.849071 8.822062 13.175511 0.410619 
-50.652012 -139.466553 90.048378 -175.509954 0.475204 83.100547 -1.264856 4.240410 17.206714 -2.683633 -12.493550 6.970532 4.141644 12.347776 -22.111349 nan nan nan -3.929965 -2.521839 -20.685758 2.458710 -12.026507 16.684509 3.181125 -10.732722 -13.208448 nan nan nan -2.940489 -4.032227 11.829173 3.491408 -3.820146 8.455518 1.452353 -3.366463 -2.960842 -0.310583 5.666477 2.238069 1.262493 1.020506 3.214530 -26.670199 -4.216008 0.291295 -51.034399 -10.880319 14.549207 3.353286 -31.731413 5.785933 -6.566480 -15.190508 5.098456 27.652811 4.232310 2.792249 54.577591 -3.528458 11.825467 -13.136365 27.982565 -4.789377 8.855462 13.130440 0.423785 
-50.670845 -138.442230 89.789162 -175.297338 0.434084 83.547202 -1.051632 4.389333 17.561898 -2.727856 -12.601724 6.702774 4.043480 12.151880 -22.354123 nan nan nan -3.862059 -2.604015 -21.110891 2.697793 -10.999307 13.393208 3.465195 -10.230299 -12.654039 nan nan nan -2.970745 -3.980968 11.334548 3.652789 -4.068542 8.615432 1.478493 -3.448886 -3.062621 -0.348877 5.789647 2.200818 1.353999 0.967384 3.119360 -26.534577 -4.235203 0.219069 -50.896107 -11.279932 14.633459 3.426323 -31.976153 5.295657 -6.418105 -15.636305 5.331879 27.728512 4.136538 2.854178 54.388692 -3.449759 11.835413 -12.949928 27.794811 -4.816596 8.945504 13.126927 0.591054 
-50.721653 -137.391281 89.563728 -175.348743 0.259087 83.869627 -1.035260 4.599504 18.201237 -2.744888 -12.736251 6.230338 3.791002 12.130866 -22.520507 nan nan nan -3.879907 -2.633625 -21.432977 2.796546 -9.763065 10.423505 3.769178 -9.627755 -12.004405 nan nan nan -3.155663 -3.919337 10.856359 3.733319 -4.127804 8.875842 1.568561 -3.411619 -3.166501 -0.448607 5.722464 2.357419 1.521493 0.965406 2.881225 -26.542902 -4.391161 0.149627 -50.644353 -11.551153 14.752941 3.442404 -32.266367 4.700084 -6.116738 -15.847144 5.588631 27.834099 4.132648 2.981121 54.156926 -3.441600 11.843583 -12.866889 27.630202 -5.016923 8.913627 13.030831 0.866090 
-50.740486 -136.360764 89.333435 -175.198992 0.015258 84.234211 -1.122550 4.690899 18.564677 -2.769794 -13.066908 6.181869 3.556808 12.111111 -22.854582 nan nan nan -3.877714 -2.694385 -21.809319 2.529426 -8.409887 7.741941 3.909630 -9.154957 -11.541513 nan nan nan -3.365965 -3.773603 10.194460 3.786268 -4.314814 9.529820 1.618596 -3.473002 -3.476069 -0.491788 5.693291 2.488606 1.738784 1.041640 2.528036 -26.464097 -4.536350 -0.049228 -50.473221 -11.865422 14.996345 3.564919 -32.379095 4.014536 -6.052368 -15.941372 6.052250 28.135379 4.108452 2.941174 53.903858 -3.491194 11.878880 -12.951977 27.395770 -5.452625 9.119001 12.953361 1.309279 
-50.731476 -135.306824 89.073036 -175.031707 -0.144608 84.565347 -1.124590 4.725178 18.915978 -2.757790 -13.395932 6.300103 3.400051 12.011734 -23.314616 nan nan nan -3.762259 -2.756329 -22.255899 2.201642 -7.207425 5.505293 3.916276 -8.750927 -11.410600 nan nan nan -3.548618 -3.777262 9.671799 3.897874 -4.556648 9.972617 1.662691 -3.428753 -3.683756 -0.488603 5.852010 2.678154 1.904549 1.217969 2.104738 -26.403933 -4.501501 -0.275332 -50.445581 -12.173913 15.034910 3.800778 -32.452223 3.373116 -5.945935 -16.157493 6.441502 28.228851 4.068652 2.843507 53.874776 -3.472808 11.833067 -12.995118 26.984431 -5.562849 9.292549 12.978857 1.951760 
-50.729176 -134.210175 88.802559 -175.026860 -0.292663 84.826958 -1.092508 4.874409 19.351130 -2.782807 -13.601197 6.484961 3.236609 11.897335 -23.755031 nan nan nan -3.658650 -3.000211 -22.822396 2.077181 -6.147158 3.928854 3.949725 -8.350209 -11.147629 nan nan nan -3.684083 -3.765058 9.218031 4.015835 -4.648986 10.297844 1.694333 -3.382801 -3.815122 -0.466255 5.869347 2.682865 1.847617 1.354730 2.005867 -26.480418 -4.557985 -0.339275 -50.119237 -12.373123 15.033295 3.724695 -32.784147 2.905192 -5.272185 -16.293566 6.490448 28.241194 3.938664 2.876090 53.783349 -3.480124 11.800744 -12.844033 26.995784 -5.554367 9.089185 12.775339 2.316901 
-50.724819 -133.093781 88.549805 -174.981238 -0.450665 85.035442 -1.074027 5.009184 19.727910 -2.795330 -13.790131 6.896691 3.070343 11.695813 -24.114913 nan nan nan -3.615705 -3.494754 -23.410444 2.157384 -5.308800 2.988917 4.066855 -8.041756 -10.806734 nan nan nan -3.609831 -3.591559 8.692715 4.017508 -4.668444 10.932091 1.582592 -3.573395 -4.177023 -0.497318 5.690325 2.457208 1.801119 1.095840 2.064590 -26.439684 -4.728425 -0.221047 -49.718697 -12.518898 15.027578 3.763321 -33.341654 2.245076 -4.987586 -16.153720 6.649669 28.484082 3.806630 2.802367 53.704302 -3.627935 11.651311 -12.952315 27.053593 -5.922887 9.630194 12.505862 2.735773 
-50.753067 -131.976562 88.288834 -174.836791 -0.552101 85.108477 -1.028400 5.077535 20.168798 -2.813504 -14.013906 7.499030 2.940668 11.541211 -24.597526 nan nan nan -3.635445 -3.933188 -23.911591 2.355480 -4.935971 2.585333 4.114300 -7.881096 -10.747651 nan nan nan -3.657064 -3.655448 8.320690 4.095972 -4.739232 11.326926 1.570743 -3.609629 -4.197976 -0.690515 5.598482 2.242112 1.852374 0.762850 2.228276 -26.330201 -4.850221 -0.238237 -49.634318 -12.870165 14.883555 3.818223 -33.403266 1.878445 -5.103353 -16.142608 6.928748 28.592852 3.818183 2.759339 53.727307 -3.566021 11.325672 -13.292587 26.830859 -6.207593 10.393426 12.435689 3.281420 
-50.754314 -130.814972 88.025627 -174.613239 -0.614932 85.125759 -0.883478 5.044770 20.694519 -2.911312 -14.290143 8.101973 2.814597 11.497093 -25.040940 nan nan nan -3.686407 -4.128299 -24.309072 2.536705 -4.918564 2.617292 4.095459 -7.922062 -10.773021 nan nan nan -3.643663 -3.851968 8.319523 4.095022 -4.744756 11.163477 1.578040 -3.722510 -4.113240 -0.584860 5.695837 2.228466 1.749015 0.753348 2.295965 -26.246671 -4.742009 -0.234454 -49.470066 -13.050157 14.734328 3.716932 -33.632904 1.868446 -4.904709 -16.275010 6.639309 28.451106 3.777026 2.788228 53.857951 -3.431477 11.335268 -13.151061 26.383144 -5.967968 10.366049 12.400208 3.175602 
-50.740620 -129.637131 87.775009 -174.339785 -0.649500 85.161582 -0.713606 4.864003 21.239017 -3.031919 -14.611752 8.634667 2.609316 11.475140 -25.420683 nan nan nan -3.791058 -4.021542 -24.661268 2.563001 -5.105217 3.028294 3.897134 -7.993416 -10.884490 nan nan nan -3.663279 -4.143163 8.258769 4.164555 -4.767937 11.053048 1.589499 -3.758236 -3.995472 -0.433859 5.902657 2.316161 1.611120 0.791568 2.078624 -26.329811 -4.680544 -0.319227 -49.310210 -13.154502 14.571199 3.786739 -33.814135 1.444152 -4.725825 -16.386547 6.385119 28.466761 3.803515 2.813542 53.806194 -3.423629 11.357625 -13.049063 26.094275 -5.793213 10.313670 12.372103 3.219544 
-50.748901 -128.468643 87.529999 -174.119354 -0.700418 85.166354 -0.606376 4.655654 21.763494 -3.191281 -14.918961 9.246073 2.435803 11.455493 -25.794855 nan nan nan -3.916792 -3.805456 -25.029553 2.491024 -5.146655 3.905249 3.765297 -7.973202 -11.035009 nan nan nan -3.672536 -4.393836 8.192918 4.253049 -4.772515 11.030382 1.570199 -3.763546 -3.942910 -0.422773 5.997300 2.351247 1.570767 0.759219 2.085873 -26.373085 -4.733884 -0.352094 -49.189730 -13.240553 14.441076 3.810987 -33.967464 0.997163 -4.663359 -16.377215 6.191112 28.516559 3.817723 2.807253 53.713072 -3.529491 11.315993 -13.065646 25.990975 -5.837528 10.547704 12.358974 3.249143 
-50.748726 -127.268806 87.311501 -173.847534 -0.609765 85.036571 -0.346728 4.374759 22.383596 -3.374056 -15.212023 9.987498 2.121414 11.449318 -26.052026 nan nan nan -4.008185 -3.375538 -25.292415 2.463982 -5.345983 5.314569 3.664101 -7.876748 -11.179902 nan nan nan -3.504923 -4.732399 8.283523 4.297358 -4.705525 10.958370 1.531016 -3.790179 -3.830392 -0.365529 6.131200 2.277228 1.483406 0.722678 2.131676 -26.431939 -4.774512 -0.319584 -49.055991 -13.353354 14.209104 3.770769 -34.129864 0.936231 -4.464758 -16.418993 5.913044 28.591701 3.844249 2.778212 53.639181 -3.583743 11.267006 -13.182231 25.770040 -5.793912 10.647087 12.520504 3.250970 
-50.717079 -126.032997 87.117241 -173.472918 -0.356784 84.778486 0.159337 4.057520 23.063362 -3.588333 -15.487654 10.927945 1.730197 11.405401 -26.293130 nan nan nan -4.043923 -2.805681 -25.416905 2.523740 -5.831350 7.132177 3.485902 -7.802115 -11.438442 nan nan nan -3.194163 -5.155908 8.547528 4.336450 -4.581626 10.786261 1.502118 -3.886573 -3.666733 -0.282946 6.212271 2.143900 1.272700 0.582191 2.140824 -26.579515 -4.732385 -0.263812 -48.802666 -13.438509 13.806723 3.632138 -34.403926 1.075630 -4.026412 -16.335224 5.539710 28.820631 3.758720 2.670592 53.453906 -3.639191 11.133534 -13.309871 25.654216 -5.706147 10.544565 12.604454 3.274576 
-50.653740 -124.772102 86.929787 -173.052012 -0.067192 84.471508 0.718059 3.643758 23.716801 -3.850513 -15.830805 12.095700 1.239966 11.320515 -26.429676 nan nan nan -3.997292 -2.261650 -25.435109 2.584467 -6.364502 9.129428 3.267385 -7.924598 -11.802963 nan nan nan -2.870826 -5.659967 8.887004 4.313570 -4.419617 10.405959 1.478167 -4.015087 -3.326570 -0.093407 6.201553 1.885725 0.947698 0.548640 2.436997 -26.728808 -4.701929 -0.042764 -48.311862 -13.361525 13.455945 3.289874 -35.053175 1.519804 -3.102689 -15.999494 4.770192 28.914325 3.735088 2.679303 53.295760 -3.651253 11.190023 -12.975786 25.564418 -5.384860 10.350520 12.286215 2.461349 
-50.579544 -123.498642 86.821983 -172.917717 0.090356 84.117068 1.039987 3.405683 24.435472 -4.120086 -16.135313 13.369644 1.000326 11.400314 -26.727982 nan nan nan -3.901542 -1.792362 -25.406279 2.724574 -6.621435 11.348171 3.152022 -7.911406 -12.077381 nan nan nan -2.755683 -5.947840 9.057381 4.353451 -4.262452 10.359044 1.457514 -4.113777 -3.204907 0.072629 6.204049 1.852854 0.745432 0.651907 2.681715 -26.942596 -4.795814 0.327951 -47.932873 -12.949038 13.292382 3.626163 -36.030781 1.329861 -2.532686 -15.507985 4.093725 29.028376 3.999510 2.769907 53.003677 -3.811043 11.329840 -12.521902 25.263940 -5.170931 10.150209 12.023567 1.804277 
-50.493645 -122.223694 86.716530 -172.983158 0.201613 83.865367 1.235178 3.284181 24.967718 -4.330841 -16.166008 14.762927 0.952183 11.460882 -26.887254 nan nan nan -3.761406 -1.189381 -25.571919 2.826461 -6.944176 13.729977 2.936878 -7.620998 -11.935250 nan nan nan -2.699338 -6.081293 9.042719 4.486162 -4.079089 10.612346 1.421238 -4.140757 -3.389800 0.100686 6.311873 2.033941 0.699525 0.623315 2.591869 -27.191944 -4.882629 0.555385 -47.752320 -12.674167 13.110895 4.057325 -36.330300 0.959287 -2.835202 -15.368672 3.998964 29.380165 4.163366 2.758349 52.595358 -3.988085 11.186812 -12.427368 24.861099 -5.159069 10.296645 11.987922 2.078130 
-50.401642 -120.880875 86.612305 -172.848633 0.248264 83.746538 1.396201 2.970965 25.280148 -4.651923 -16.079287 16.304072 0.786174 11.333599 -26.907396 nan nan nan -3.650415 -0.795168 -25.652506 2.774831 -7.381817 15.763226 2.476541 -7.122364 -11.191740 nan nan nan -2.691180 -6.240528 8.691144 4.657632 -4.135583 11.010422 1.324651 -4.116381 -3.619648 0.146362 6.372842 2.290128 0.593993 0.467773 2.526549 -27.455258 -4.855176 0.748355 -47.715110 -12.478241 13.019821 4.571551 -36.266130 0.576682 -2.885271 -15.293526 4.130548 29.781700 4.221814 2.760339 52.257285 -4.130232 10.991124 -12.471909 24.418301 -5.281388 10.357570 11.942663 2.398927 
-50.275719 -119.544617 86.522110 -172.788657 0.354541 83.733612 1.682178 2.564704 25.346010 -5.240035 -15.908596 18.038383 0.399612 11.096484 -26.668418 nan nan nan -3.441296 -0.353498 -25.844953 2.551243 -7.699075 17.582545 2.114839 -6.642148 -9.925128 nan nan nan -2.595716 -6.383416 8.234952 4.800955 -4.171902 11.406481 1.234429 -4.088616 -3.804283 0.218560 6.376515 2.336874 0.388189 0.409036 2.725327 -27.692321 -4.807804 0.956122 -47.759067 -12.311342 12.945470 4.891513 -36.151990 0.029784 -2.004864 -14.961799 3.869019 30.080585 4.279465 2.875181 51.912752 -4.163840 11.002847 -12.267639 24.126637 -5.383873 10.104582 11.715410 2.287623 
-50.130035 -118.218025 86.468605 -172.728946 0.539730 83.815671 2.050486 2.102413 25.075848 -5.854427 -15.520531 20.179949 -0.064677 10.685777 -26.351866 nan nan nan -3.270086 0.044782 -26.117305 2.464480 -7.754882 19.247911 1.901073 -6.194846 -8.550315 nan nan nan -2.446192 -6.472939 7.725793 4.990741 -4.253203 11.794995 1.218095 -4.121497 -3.978724 0.310462 6.545883 2.344856 0.120501 0.320181 2.793190 -27.997207 -4.702231 1.113381 -47.801159 -12.147189 12.801860 5.031679 -36.016020 -0.520456 -1.615778 -14.602292 3.687891 30.354952 4.253655 3.037434 51.420015 -4.078300 11.028870 -11.986121 23.932510 -5.419469 10.143492 11.304871 2.381211 
-49.993587 -116.862961 86.440094 -172.636024 0.645603 83.898087 2.261379 1.642367 24.654422 -6.344702 -14.932538 22.563341 -0.485101 10.323439 -25.705218 nan nan nan -3.208228 0.286320 -26.346678 2.575364 -7.216228 20.785720 1.682379 -6.060920 -7.414413 nan nan nan -2.299011 -6.469883 7.164986 5.128469 -4.374909 12.138060 1.126786 -4.161534 -4.132699 0.411487 6.600109 2.375488 -0.013923 0.265823 3.007600 -28.308051 -4.545654 1.219476 -47.805649 -12.047696 12.777447 5.170481 -35.676636 -1.061931 -1.945153 -14.487174 3.710928 30.646709 4.112004 3.079936 51.093509 -3.999790 11.012545 -11.903139 23.536710 -5.647230 10.293054 11.065002 2.652446 
-49.852951 -115.513847 86.434471 -172.535447 0.711672 84.001029 2.377653 1.145483 24.018333 -6.877484 -14.211000 25.195695 -0.956336 10.116004 -24.816008 nan nan nan -3.081794 0.381356 -26.686654 2.796378 -6.384932 22.461957 1.224434 -6.483685 -6.601048 nan nan nan -2.248205 -6.418182 6.576359 5.287708 -4.504673 12.522415 1.066233 -4.184870 -4.349722 0.514914 6.509652 2.283338 -0.104822 0.366039 3.435771 -28.641534 -4.374272 1.294134 -47.896033 -11.958390 12.920754 5.570215 -35.118785 -1.828452 -2.286080 -14.480168 3.895894 30.934110 3.962940 2.957677 50.830810 -4.032286 11.109449 -11.884675 23.069509 -5.942362 10.400187 11.050500 2.833839 
-49.706635 -114.154884 86.475876 -172.566806 0.901184 84.096577 2.689800 0.712379 23.240090 -7.496263 -13.357562 28.011273 -1.436872 9.808001 -23.667896 nan nan nan -2.701470 0.581847 -26.976142 2.994525 -5.768843 24.216714 0.530741 -7.228408 -6.113430 nan nan nan -2.168994 -6.427213 5.900536 5.522600 -4.604193 13.182097 1.034363 -4.180369 -4.703652 0.588315 6.494914 2.347770 -0.221252 0.390343 3.537820 -28.982626 -4.117024 1.261415 -48.134933 -11.822925 13.125350 6.105123 -34.502172 -2.641170 -2.551701 -14.274101 4.407168 31.252481 3.963953 2.902281 50.455258 -4.087184 11.199529 -11.870661 22.649525 -6.238518 10.547184 11.022459 3.242267 
-49.597359 -112.763351 86.548485 -172.731360 1.238165 84.014777 3.183283 0.348270 22.605604 -8.047203 -12.292995 30.826389 -1.920699 9.319370 -22.086063 nan nan nan -2.104831 0.902468 -26.882255 3.139638 -5.473632 25.786492 -0.514324 -7.690737 -5.992673 nan nan nan -1.899355 -6.597700 5.548296 5.727868 -4.628682 13.468958 0.958647 -3.978869 -4.868513 0.677945 6.535840 2.600010 -0.446131 0.343678 3.451751 -29.378875 -3.872243 1.249450 -48.378938 -11.550959 13.302097 6.564542 -33.964322 -3.193463 -2.813097 -14.087145 4.532805 31.424842 4.067588 2.959787 50.219424 -4.229720 11.239110 -11.962941 22.261600 -6.433231 10.624545 10.888832 3.511147 
-49.536850 -111.392899 86.624695 -172.724448 1.683849 83.716911 3.772199 -0.141999 21.959885 -8.518002 -11.037165 33.834777 -2.415421 8.757786 -20.028002 nan nan nan -1.563957 1.357089 -26.391915 3.357386 -5.621126 27.150395 -1.687205 -7.969353 -6.170386 nan nan nan -1.415352 -6.889134 5.706635 5.835970 -4.662994 13.193078 0.885053 -3.757338 -4.697782 0.826739 6.729203 2.649718 -0.780159 0.153805 3.530845 -29.662908 -3.693383 1.429770 -48.725690 -11.367952 13.203505 6.900059 -33.446525 -3.213286 -3.130827 -14.184565 4.173138 31.321910 4.203636 3.064638 50.285525 -4.231049 11.202478 -12.101179 21.828610 -6.305941 10.618786 10.768160 3.483071 
-49.471798 -110.046135 86.701225 -172.643861 2.172004 83.325853 4.421837 -0.665728 21.133300 -8.865386 -9.750228 37.053137 -2.866954 8.165761 -17.609016 nan nan nan -1.087290 1.970521 -25.667056 3.551468 -6.195043 28.300850 -2.840519 -8.015724 -6.621644 nan nan nan -0.856248 -7.135737 6.111913 5.870319 -4.657902 12.731397 0.859833 -3.674917 -4.399932 1.078558 6.934479 2.665778 -1.177047 -0.020762 3.513736 -29.777938 -3.455723 1.569680 -49.196483 -11.320290 12.943240 7.015380 -32.914010 -2.892446 -3.453945 -14.223533 3.764125 31.053586 4.275769 2.930197 50.530049 -3.969451 11.098315 -12.157073 21.081845 -6.105340 10.844332 10.727697 3.493674 
-49.373096 -108.700500 86.804260 -172.693263 2.436605 82.921435 4.809717 -1.089149 20.164180 -9.158177 -8.552407 40.355924 -3.351529 7.476454 -14.812192 nan nan nan -0.683214 2.430989 -24.778283 3.594667 -6.670292 29.206852 -4.019712 -7.889931 -7.279482 nan nan nan -0.565273 -7.118751 6.493984 5.820585 -4.669811 12.415976 0.911396 -3.652626 -4.201161 1.295803 7.101394 2.748878 -1.393250 -0.116415 3.455218 -29.865203 -3.228357 1.614494 -49.609534 -11.196703 12.678072 7.019768 -32.368825 -2.636971 -3.673136 -14.225750 3.483470 30.992653 4.333809 2.709777 50.571240 -3.805547 11.081286 -12.063922 20.461411 -5.986329 10.938255 10.796778 3.567131 
-49.272762 -107.384682 86.933670 -172.955834 2.502826 82.565499 4.869041 -1.415656 19.081731 -9.499761 -7.490740 43.569284 -3.846994 6.967681 -11.989040 nan nan nan -0.301097 2.742970 -23.822698 3.588666 -6.660142 29.850355 -4.995317 -7.873785 -7.846795 nan nan nan -0.453177 -6.787320 6.845900 5.736515 -4.644531 12.177565 1.041923 -3.661118 -4.148724 1.419846 7.013791 2.721414 -1.490331 -0.201829 3.558568 -30.081638 -3.155351 1.858214 -49.922270 -11.000361 12.342886 7.152732 -31.911636 -2.534865 -3.793176 -14.199942 3.219503 31.043607 4.337147 2.714572 50.456819 -3.956147 11.134587 -12.062109 20.608697 -5.883570 10.649871 10.695532 3.622394 
-49.175713 -106.114517 87.052322 -173.373103 2.420701 82.340046 4.801998 -1.573920 17.788338 -9.761367 -6.270268 46.562291 -4.107651 6.937747 -9.601856 nan nan nan 0.065946 3.067143 -22.958182 3.523560 -6.250205 30.320469 -5.694908 -8.078026 -8.325214 nan nan nan -0.434579 -6.364064 7.006141 5.642519 -4.614785 12.098905 1.111573 -3.580982 -4.142351 1.436930 6.743773 2.637812 -1.493976 -0.222645 3.617232 -30.234185 -3.110168 2.002717 -50.152253 -10.812871 12.229747 7.207908 -31.408972 -2.490039 -4.072743 -14.047290 3.132313 31.037107 4.382204 2.792278 50.514144 -4.032367 11.145383 -12.202324 20.766303 -6.065904 10.516699 10.530549 3.557217 
-49.084156 -104.887001 87.168289 -173.763498 2.238409 82.151927 4.659063 -1.638288 16.335460 -9.775692 -4.892970 49.405197 -3.931803 7.305067 -7.611553 nan nan nan 0.434397 3.314484 -22.059233 3.312537 -5.633733 30.608491 -6.216505 -8.242893 -8.758423 nan nan nan -0.380636 -5.821336 7.043023 5.455027 -4.648836 12.322694 1.072307 -3.563951 -4.291124 1.370926 6.373120 2.599849 -1.246431 -0.105066 3.545268 -30.215356 -3.175057 2.102100 -50.305962 -10.598824 12.235355 7.136372 -30.911551 -2.477832 -4.560029 -13.866734 3.202815 30.983914 4.493911 2.617582 50.828910 -4.028041 11.067127 -12.386365 20.529452 -6.358287 10.717011 10.444374 3.680401 
-48.987850 -103.661484 87.285835 -173.936899 2.185617 82.040163 4.679317 -1.723018 14.645726 -9.611798 -3.671481 52.292845 -3.548492 7.841161 -5.920098 nan nan nan 0.843565 3.398651 -21.052728 3.089996 -5.259466 30.619342 -6.656289 -8.367152 -9.283456 nan nan nan -0.378343 -5.517572 7.216617 5.388068 -4.819055 12.080083 1.090916 -3.304820 -4.259325 1.296663 5.934549 2.707373 -1.020266 0.072578 3.437822 -30.230739 -3.238267 2.159461 -50.552497 -10.288375 12.349422 7.010485 -30.376429 -2.384298 -4.821829 -13.669142 3.124905 30.674344 4.659845 2.515104 51.301326 -4.124853 10.975818 -12.498672 20.222346 -6.539850 10.618480 10.591998 3.601455 
-48.873287 -102.486603 87.441879 -173.948989 2.226612 81.970112 4.812968 -1.854272 12.813280 -9.386508 -2.593177 55.142479 -3.106637 8.315922 -5.083600 nan nan nan 1.232090 3.433533 -20.011237 2.920858 -5.162975 30.416480 -7.030720 -8.499596 -9.798405 nan nan nan -0.221664 -5.152842 7.247081 5.314935 -4.995217 12.286909 1.039610 -3.216909 -4.456763 1.371331 5.612529 2.722334 -0.839025 0.121892 3.211354 -30.310248 -3.359505 2.141816 -50.558205 -10.067414 12.447987 6.670945 -29.836671 -2.285868 -4.811027 -13.424534 3.260390 30.583862 4.793792 2.415511 51.554826 -3.991325 10.725683 -12.464246 19.839198 -6.816764 10.559213 10.736943 3.734246 
-48.775723 -101.342949 87.617828 -173.925928 2.378464 81.924658 5.043573 -2.038190 10.999160 -9.099104 -1.523054 57.702346 -2.834001 8.824218 -5.350343 nan nan nan 1.672285 3.417072 -18.932094 2.767026 -5.228449 30.172273 -7.284391 -8.539094 -10.394856 nan nan nan 0.073658 -4.783816 7.257276 5.281284 -5.139129 12.510789 0.979608 -3.175572 -4.613329 1.513042 5.376167 2.592394 -0.777448 -0.012502 3.108405 -30.465184 -3.531356 2.157793 -50.505715 -9.898948 12.398163 6.219885 -29.348749 -2.049254 -5.034232 -13.152126 3.391537 30.583560 4.910869 2.478259 51.575592 -3.843410 10.516809 -12.335510 19.854114 -6.904951 10.317961 10.654346 3.917139 
-48.705566 -100.197968 87.823082 -173.926641 2.496359 81.829477 5.262141 -2.198211 9.312141 -8.791980 -0.461425 59.807165 -2.592777 9.476443 -6.233759 nan nan nan 2.043608 3.167863 -17.680899 2.688382 -5.248105 29.796410 -7.491920 -8.411395 -11.024362 nan nan nan 0.272615 -4.357138 7.407858 5.298378 -5.277855 12.539409 1.043335 -3.117430 -4.679381 1.564314 4.976502 2.445435 -0.816815 -0.159634 3.040397 -30.733696 -3.708944 2.271617 -50.578563 -9.725218 12.222235 5.927431 -28.928483 -1.753801 -5.395852 -12.930801 3.423992 30.458863 5.117207 2.626692 51.600255 -3.866396 10.353665 -12.303090 20.072267 -6.997003 10.257824 10.664711 3.770779 
-48.642452 -99.070663 88.044357 -174.059459 2.518519 81.664873 5.366941 -2.456002 7.766630 -8.445628 0.798914 61.445570 -2.344177 10.014706 -7.385194 nan nan nan 2.335799 2.764558 -16.273154 2.653821 -5.058531 29.188490 -7.624118 -8.238808 -11.542010 nan nan nan 0.381828 -3.831288 7.710227 5.264112 -5.371443 12.442510 1.133014 -3.051881 -4.714392 1.624638 4.536483 2.268777 -0.779752 -0.304472 3.192455 -30.948048 -3.817238 2.434186 -50.658288 -9.570765 12.090229 5.596799 -28.613660 -1.042565 -5.353989 -12.796560 3.354961 30.308262 5.342770 2.852159 51.652035 -3.851486 10.323914 -12.313395 20.313909 -6.978568 9.968665 10.846755 3.488677 
-48.607536 -97.962685 88.270065 -174.283290 2.460896 81.490968 5.349224 -2.633908 6.261924 -8.012750 2.010599 62.682689 -2.073046 10.307565 -8.549050 nan nan nan 2.532833 2.439003 -14.703802 2.646133 -4.747055 28.218033 -7.615503 -8.102736 -11.927401 nan nan nan 0.597591 -3.281009 8.043840 5.106087 -5.403631 12.289793 1.067172 -3.037064 -4.706913 1.663379 4.257401 2.435440 -0.577620 -0.285932 2.905584 -31.021428 -3.883818 2.471419 -50.658662 -9.339397 12.126882 5.126467 -28.372261 -0.308055 -5.146742 -12.699036 3.205487 30.167421 5.466614 2.885274 51.757474 -3.736542 10.406156 -12.159559 20.531626 -6.788204 9.613226 10.954515 3.408039 
-48.588928 -96.876862 88.481842 -174.586572 2.245223 81.514287 5.239989 -2.525620 4.519642 -7.622503 3.048611 63.620927 -1.848116 10.473699 -9.546114 nan nan nan 2.559699 2.084063 -13.393439 2.674725 -4.205927 27.221104 -7.489251 -7.988237 -12.273643 nan nan nan 0.684107 -2.710595 8.086769 4.942959 -5.440362 12.293000 0.951354 -2.917636 -4.749563 1.642434 4.018295 2.685510 -0.321071 -0.283220 2.431368 -30.993960 -3.961178 2.391895 -50.859087 -9.131429 12.273778 4.844827 -27.878014 0.059976 -5.304248 -12.512161 3.363421 29.946453 5.522809 2.756081 51.971686 -3.645061 10.422233 -11.975136 20.755109 -6.744303 9.489336 10.901789 3.332488 
-48.565945 -95.784729 88.703423 -175.015564 1.908945 81.518125 5.004929 -2.320473 2.867138 -7.217778 4.071758 64.202917 -1.595189 10.588583 -10.276308 nan nan nan 2.456076 1.691694 -12.152848 2.738946 -3.470076 26.318029 -7.298298 -7.933557 -12.574879 nan nan nan 0.457663 -2.053311 8.116779 4.854666 -5.433941 12.388218 0.993296 -2.740474 -4.778043 1.676022 3.669373 2.752246 -0.199827 -0.317883 2.138420 -30.940360 -4.040937 2.286652 -51.209804 -8.968640 12.449038 4.629862 -27.269453 0.467047 -5.648077 -12.337591 3.697843 29.686636 5.599463 2.672558 52.166268 -3.516030 10.409159 -11.885289 21.013436 -6.847108 9.481132 10.910601 3.339143 
-48.530441 -94.664520 88.941833 -175.536370 1.573745 81.443464 4.792003 -2.138853 1.422818 -6.856581 5.156124 64.348118 -1.301594 10.751641 -10.957052 nan nan nan 2.368755 1.379983 -10.877103 2.828221 -2.695324 25.527758 -7.091522 -7.915259 -12.884255 nan nan nan 0.173267 -1.372530 8.214503 4.778272 -5.353640 12.388074 1.096255 -2.619632 -4.746776 1.703586 3.372719 2.902739 -0.171513 -0.393639 1.859929 -30.955711 -4.082207 2.207281 -51.542964 -8.702734 12.558919 4.559058 -26.753974 0.842313 -6.069715 -12.216966 4.075443 29.486823 5.721160 2.693144 52.304482 -3.390908 10.484558 -11.952354 21.371793 -6.883234 9.599846 10.899849 3.391611 
-48.498810 -93.566528 89.173759 -176.114675 1.168825 81.469213 4.522858 -1.886722 -0.113306 -6.532171 6.181073 64.263128 -0.998421 10.887051 -11.603950 nan nan nan 2.247499 1.024058 -9.904273 2.792222 -1.838637 25.037141 -6.887972 -7.841883 -13.216321 nan nan nan -0.065018 -0.662768 8.216763 4.627607 -5.291972 12.427342 1.061139 -2.467382 -4.868929 1.673681 3.113073 3.199309 -0.010486 -0.548187 1.650348 -30.820757 -4.095283 2.117895 -51.920697 -8.314163 12.811464 4.530670 -26.252050 1.012119 -6.378713 -12.089017 4.421534 29.384772 5.911487 2.843536 52.471151 -3.284529 10.573528 -12.063644 21.685456 -7.154680 9.553829 11.043788 3.398154 
-48.472118 -92.465843 89.392410 -176.716701 0.753275 81.428454 4.205962 -1.775103 -1.505875 -6.263600 7.236973 63.980782 -0.898402 11.032046 -12.256236 nan nan nan 2.099217 0.788631 -8.875511 2.703804 -0.974804 24.606758 -6.648683 -7.674860 -13.536171 nan nan nan -0.293005 0.034814 8.235876 4.416338 -5.194048 12.526593 1.009994 -2.295622 -4.918632 1.694486 2.963566 3.348663 0.172538 -0.692888 1.516010 -30.576772 -4.071612 2.035301 -52.225627 -7.992790 13.018381 4.323425 -25.853736 1.440801 -6.637526 -12.051817 4.631618 29.249706 6.028933 2.907253 52.627832 -3.109839 10.709454 -11.979522 22.059183 -7.196093 9.175620 11.386325 3.526256 
-48.416443 -91.313362 89.621986 -177.136506 0.571298 81.172568 4.151564 -1.768081 -2.528750 -6.129532 8.100770 63.356821 -0.822413 11.304510 -13.004884 nan nan nan 2.095243 0.995616 -7.429216 2.732895 -0.687944 23.981605 -6.317375 -7.672390 -13.836629 nan nan nan -0.417409 0.477012 8.559341 4.219741 -5.050796 12.328315 1.059859 -2.139029 -4.729955 1.799839 2.875581 3.436297 0.226653 -0.773044 1.409254 -30.373251 -3.968946 2.047821 -52.480539 -7.684698 13.064783 4.090079 -25.656145 2.276416 -7.050495 -12.110550 4.583617 29.050640 6.118151 3.072501 52.860632 -2.865656 10.843966 -11.988667 22.515778 -6.910276 9.198142 11.614049 3.218828 
-48.397976 -90.199753 89.832405 -177.613253 0.213449 81.122928 3.966190 -1.356129 -3.731832 -6.194093 8.689828 62.455966 -0.500355 11.517879 -13.871033 nan nan nan 1.943524 0.871993 -6.240579 2.629117 -0.148979 23.326300 -6.039724 -7.649673 -14.220351 nan nan nan -0.690836 0.951592 8.639109 4.015240 -4.942765 12.242976 1.065274 -1.928832 -4.619359 1.853826 2.680199 3.391155 0.300961 -0.750525 1.447373 -30.206635 -3.840752 2.028105 -52.727604 -7.233358 13.260584 3.976364 -25.658760 2.867395 -7.261723 -11.990653 4.545754 28.909180 6.132444 3.130921 53.061147 -2.692785 11.029033 -11.978382 23.040508 -6.620293 9.460647 11.516926 2.836033 
-48.354259 -89.084404 90.053017 -178.151800 -0.078148 80.981528 3.705144 -1.143298 -4.728782 -6.128873 9.174169 61.188117 -0.188747 11.682722 -14.601357 nan nan nan 1.901723 0.778565 -4.789006 2.447442 0.477802 22.364724 -5.745831 -7.586262 -14.544075 nan nan nan -0.873680 1.477805 8.876766 3.830419 -4.900546 12.161959 1.050764 -1.685928 -4.625960 1.835651 2.439999 3.487130 0.406646 -0.779983 1.320929 -30.027780 -3.666356 1.930287 -53.055692 -6.733557 13.359273 3.928589 -25.566120 3.190738 -7.549301 -11.819981 4.606655 28.652363 6.222262 3.130645 53.385238 -2.560531 11.207104 -11.987511 23.448040 -6.440953 9.560578 11.364608 2.720006 
-48.334362 -88.057396 90.276237 -178.871965 -0.219824 80.869760 3.692044 -0.876006 -5.744139 -6.124675 9.857600 59.701442 -0.052537 11.960566 -15.186459 nan nan nan 2.020910 0.903297 -3.517853 2.281760 1.197183 21.552329 -5.451371 -7.434820 -14.754116 nan nan nan -0.823108 1.958234 9.271528 3.670197 -4.662935 11.853762 0.994838 -1.440534 -4.582310 1.809557 2.250474 3.620727 0.505699 -0.677168 1.192750 -29.991254 -3.506384 1.855280 -53.340274 -6.399889 13.335357 3.905974 -25.266850 3.545702 -7.797779 -11.750185 4.602540 28.390878 6.294272 3.069372 53.594326 -2.390933 11.400093 -12.010418 23.870683 -6.208969 9.490400 11.461115 2.592349 
-48.308258 -86.955750 90.468872 -179.227235 -0.389308 80.878022 3.595716 -0.795363 -6.834239 -6.079515 10.414970 58.138212 0.012327 12.266605 -15.709894 nan nan nan 2.023287 0.594013 -2.366935 2.124274 1.776653 20.815109 -5.356062 -7.300486 -15.021829 nan nan nan -0.914094 2.471643 9.227092 3.554002 -4.709411 11.879648 0.986200 -1.313126 -4.623447 1.797338 2.184001 3.898390 0.619953 -0.531970 0.875258 -30.016636 -3.279812 1.748741 -53.575292 -6.008286 13.286786 3.940179 -24.992062 3.712581 -8.085252 -11.702124 4.834001 28.306344 6.275463 3.079424 53.586305 -2.204235 11.556964 -11.938616 24.430919 -5.852599 9.408477 11.631286 2.851555 
-48.407463 -86.082993 90.642899 179.377498 -0.631347 80.825661 3.387632 -0.330139 -7.759146 -5.976052 11.282007 56.257579 0.301479 12.739077 -16.136394 nan nan nan 1.908344 0.975148 -1.694464 2.050949 2.295083 20.592659 -5.001544 -6.946297 -15.192614 nan nan nan -0.590434 2.927182 9.913680 3.212673 -4.032645 11.409396 0.744435 -0.900597 -4.605713 1.601828 2.051740 3.740973 0.651038 -0.367213 0.823897 -30.021373 -3.147027 1.589948 -53.838512 -5.587142 13.304533 4.053802 -24.830583 3.964556 -8.322868 -11.648004 4.750754 28.017599 6.361451 3.129038 53.764852 -1.924308 11.710433 -11.943854 25.055674 -5.664581 9.172050 11.723728 2.920152 
-48.308273 -84.848953 90.769188 179.874932 -0.778805 80.995995 3.174759 -0.723992 -8.896801 -5.963927 11.291527 54.259747 0.407082 12.921560 -16.597616 nan nan nan 1.844250 0.204356 -0.047941 1.803997 2.583281 18.991213 -5.010573 -7.033179 -15.532945 nan nan nan -1.019522 3.325888 9.206708 3.202766 -4.645962 11.780997 0.934053 -0.944108 -4.543109 1.560561 2.107205 3.885793 0.755876 -0.387623 0.686318 -29.978526 -2.898251 1.531701 -54.058000 -5.088765 13.244122 4.136445 -24.658894 4.014373 -8.766623 -11.816065 5.065123 27.956988 6.403244 3.278014 53.752571 -1.753786 11.697098 -11.856124 25.720971 -5.670410 9.017133 12.022276 2.947354 
-48.291256 -83.785202 90.897141 179.603457 -0.821014 81.021660 3.122979 -0.703481 -9.751327 -5.972014 11.496303 51.953009 0.514412 13.281049 -16.975754 nan nan nan 1.815089 0.114961 1.390153 1.761357 2.926010 17.787162 -4.612369 -6.938562 -15.680524 nan nan nan -0.916699 3.657648 9.207563 3.005636 -4.649712 11.621869 0.911479 -0.873823 -4.325140 1.539799 2.070316 3.741217 0.851386 -0.352674 0.711053 -29.885849 -2.694524 1.526123 -54.286659 -4.693914 13.193125 4.155274 -24.525211 4.444260 -8.952324 -12.114578 4.916642 27.702064 6.418817 3.325030 53.873887 -1.420915 11.788463 -11.808821 26.323148 -5.541819 9.116307 12.292156 2.364951 
-48.289383 -82.754410 90.996902 179.286958 -0.952091 81.134282 2.912604 -0.792557 -10.641053 -6.062761 11.633035 49.471761 0.660102 13.649862 -17.226073 nan nan nan 1.562509 -0.115343 2.355542 1.902445 3.334783 17.183002 -4.164814 -6.697666 -15.914922 nan nan nan -0.937382 4.010181 9.152951 2.811305 -4.664365 11.566336 0.907793 -0.746633 -4.301984 1.523563 2.090469 3.649024 0.960162 -0.319261 0.721339 -29.853127 -2.496357 1.522326 -54.442051 -4.233296 13.153729 4.164373 -24.517634 4.640132 -9.320400 -12.139612 4.761088 27.510748 6.382379 3.372182 53.962623 -1.147440 11.914347 -11.916548 26.984301 -5.516622 9.271815 12.409113 1.879846 
-48.302139 -81.760109 91.057152 178.946680 -1.125118 81.338814 2.655168 -0.932899 -11.559687 -6.109604 11.760543 46.796652 0.730839 13.967034 -17.387475 nan nan nan 1.234087 -0.505296 3.038913 2.084216 3.684234 16.740221 -3.769590 -6.516207 -16.296990 nan nan nan -0.947264 4.377712 8.938698 2.595029 -4.694962 11.772841 0.859424 -0.625706 -4.472728 1.403993 2.065900 3.619343 1.087732 -0.240250 0.661094 -29.896626 -2.265109 1.391400 -54.538156 -3.781318 13.076252 4.264904 -24.486900 4.631387 -9.904822 -12.027706 4.872848 27.254709 6.392922 3.401256 54.108773 -0.897316 11.991405 -11.909949 27.714019 -5.440485 9.147555 12.599668 1.921778 
-48.315441 -80.748672 91.108955 178.683851 -1.189175 81.422442 2.538810 -1.007572 -12.280723 -5.993767 11.964395 43.948232 0.833062 14.295052 -17.353438 nan nan nan 1.089419 -0.813586 4.130274 2.099451 4.025589 15.787272 -3.442802 -6.512154 -16.532829 nan nan nan -0.795327 4.674251 8.892664 2.340244 -4.733678 11.837781 0.783851 -0.538294 -4.528201 1.268428 1.943154 3.570054 1.245163 -0.117356 0.540034 -29.876456 -2.009486 1.271886 -54.749663 -3.358738 12.993047 4.580284 -24.417747 4.752438 -10.473668 -12.042014 4.839779 26.898399 6.416140 3.345053 54.342693 -0.671891 12.131454 -11.827732 28.468398 -5.180919 9.003297 12.642897 1.779241 
-48.319656 -79.719612 91.132011 178.481195 -1.130570 81.590271 2.542089 -1.018492 -13.012411 -5.771112 12.211379 40.910113 1.016338 14.637041 -17.418546 nan nan nan 1.081599 -0.999379 5.208909 2.062194 4.579333 14.838697 -2.993163 -6.473161 -16.658198 nan nan nan -0.614182 4.927718 8.721522 2.185028 -4.797261 11.786546 0.724539 -0.433052 -4.423378 1.247353 1.912452 3.402474 1.201006 -0.049563 0.484310 -29.802450 -1.850460 1.177820 -55.001027 -3.000822 13.016490 4.668195 -24.163960 5.038254 -10.769231 -11.984039 4.792766 26.538799 6.382153 3.310837 54.525328 -0.359958 12.307804 -11.744017 29.124327 -5.010108 8.640489 12.695897 1.369284 
-48.313202 -78.710686 91.116295 178.271791 -1.046810 81.856453 2.543607 -1.070645 -13.689519 -5.624737 12.257030 37.550848 1.029660 14.945460 -17.592617 nan nan nan 1.088437 -1.182570 6.085301 2.031805 5.042497 14.088831 -2.506706 -6.308446 -16.812745 nan nan nan -0.477708 5.164003 8.397610 2.088343 -4.881595 11.815145 0.674848 -0.236212 -4.354230 1.143439 1.827070 3.283759 1.223296 -0.022736 0.429936 -29.735968 -1.814926 1.114818 -55.166891 -2.562054 13.165989 4.576648 -24.005151 5.379959 -10.741138 -11.838409 4.902810 26.296831 6.353811 3.374261 54.615130 -0.084377 12.371858 -11.729760 29.851282 -4.959270 8.082540 12.917146 1.083711 
-48.303436 -77.719498 91.086273 178.074701 -0.990585 82.062567 2.518147 -1.101633 -14.199862 -5.545640 12.042647 34.070297 1.031535 15.012715 -17.613342 nan nan nan 1.064953 -1.399197 7.009750 1.981417 5.393391 13.321923 -2.239785 -6.210256 -17.074684 nan nan nan -0.336065 5.408946 8.203342 1.961414 -4.928535 11.925175 0.632086 -0.094571 -4.402701 0.901452 1.655414 3.122269 1.359550 -0.013946 0.302234 -29.793260 -1.680488 0.973606 -55.224309 -2.077991 13.321444 4.677288 -23.996054 5.614538 -10.848046 -11.816169 4.910222 26.190656 6.396802 3.462485 54.518172 0.060577 12.446703 -11.834812 30.687046 -5.000519 7.877345 13.158433 0.791502 
-48.319912 -76.715935 91.033257 177.896439 -0.943827 82.237004 2.444189 -0.945933 -14.716596 -5.362846 11.768939 30.764892 1.273062 15.003225 -17.330266 nan nan nan 0.978260 -1.647989 7.997568 1.962133 5.697653 12.491425 -2.030591 -6.027303 -17.236097 nan nan nan -0.165976 5.627464 8.130732 1.838258 -4.939956 11.840448 0.572540 0.019708 -4.370441 0.689410 1.520310 2.893460 1.443327 0.073516 0.260670 -29.855609 -1.449007 0.833203 -55.320245 -1.678601 13.330945 4.790582 -23.890917 5.745284 -11.010324 -11.849259 4.959486 26.037853 6.374896 3.440829 54.469767 0.173535 12.489059 -12.150524 31.404717 -5.058898 8.149282 13.271083 0.722752 
-48.359512 -75.713470 90.950035 177.763919 -0.824129 82.446002 2.295433 -0.834089 -15.212146 -4.981360 11.375198 27.296867 1.562480 15.308481 -16.949115 nan nan nan 0.862282 -1.917665 8.921523 2.129413 5.913776 11.692095 -1.814514 -5.831659 -17.357391 nan nan nan 0.045488 5.812825 7.966321 1.725649 -4.950617 11.785220 0.509482 0.123622 -4.295569 0.694334 1.478647 2.662934 1.476126 0.305581 0.346265 -29.787456 -1.289203 0.639392 -55.521591 -1.300981 13.342562 4.821362 -23.721255 5.745751 -11.198386 -11.776046 5.182121 25.762534 6.281694 3.356586 54.549538 0.384234 12.522044 -12.414385 32.063901 -5.108692 8.287116 13.309391 0.983162 
-48.380539 -74.692841 90.851486 177.677662 -0.632751 82.690641 2.219198 -0.703280 -15.563786 -4.641890 10.839538 23.546349 1.753606 15.530145 -16.508300 nan nan nan 0.852141 -2.235930 9.748010 2.263572 6.074680 10.986434 -1.522568 -5.872125 -17.618106 nan nan nan 0.376850 6.004032 7.749042 1.580396 -4.952909 11.813790 0.431220 0.160400 -4.374185 0.658393 1.583271 2.563633 1.514858 0.455852 0.442658 -29.738370 -1.197900 0.520439 -55.617668 -0.819913 13.432852 4.804549 -23.626397 5.773138 -11.353253 -11.823146 5.285821 25.659203 6.168513 3.388379 54.442904 0.497600 12.574930 -12.581279 32.900325 -5.244533 7.849397 13.487234 0.983249 
-48.385410 -73.666748 90.739792 177.589478 -0.439009 82.922912 2.130750 -0.543062 -15.696436 -4.264197 10.047655 19.583102 1.959714 15.585613 -15.985648 nan nan nan 0.922910 -2.551252 10.546151 2.255715 6.255409 10.339321 -1.159181 -5.954751 -17.869320 nan nan nan 0.784739 6.249607 7.753440 1.389395 -4.854670 11.638218 0.353332 0.085919 -4.550367 0.637452 1.578861 2.485909 1.606048 0.551266 0.562236 -29.625690 -1.018821 0.380478 -55.714850 -0.299636 13.658527 4.598047 -23.475177 5.971079 -11.139895 -11.976560 5.069472 25.475463 5.941099 3.297819 54.470465 0.596501 12.777272 -12.619985 33.557764 -5.441398 7.109544 13.934843 0.395165 
-48.391930 -72.651527 90.596962 177.399877 -0.185021 83.122367 2.105899 -0.417259 -15.665427 -3.808540 9.025036 15.522174 2.284677 15.675362 -15.450714 nan nan nan 1.057468 -2.830367 11.369469 2.196307 6.516605 9.687349 -0.728153 -5.884365 -18.013982 nan nan nan 1.064928 6.342084 7.502867 1.297768 -4.825039 11.821337 0.344809 0.263264 -4.604951 0.463200 1.350032 2.338358 1.779743 0.801774 0.415908 -29.593251 -0.959427 0.204926 -55.849729 0.171807 13.917378 4.463283 -23.406896 5.968560 -10.722527 -11.980389 4.810680 25.139342 6.054023 3.223769 54.487693 0.903911 12.951705 -12.604582 33.842117 -5.626186 6.544016 14.352978 -0.108404 
-48.401787 -71.660217 90.416855 177.090663 0.016425 83.368803 2.060005 -0.177201 -15.656674 -3.422412 8.273095 11.504430 2.488043 15.862877 -14.936065 nan nan nan 1.072382 -3.019913 12.015383 2.289464 6.796804 9.340329 -0.301158 -5.782039 -18.314776 nan nan nan 1.422978 6.477395 7.350849 1.125843 -4.678135 11.754148 0.228512 0.294350 -4.564778 0.391264 1.236221 2.112915 1.817604 0.980438 0.395409 -29.428433 -0.732903 0.054952 -55.837812 0.681444 14.247583 4.132611 -23.687565 6.723641 -10.558121 -11.793316 4.974405 24.953852 5.958746 3.071171 54.444943 1.272338 13.213224 -12.491217 34.171065 -5.415062 6.227233 14.490000 -0.288906 
-48.413307 -70.636276 90.214249 176.725102 0.212792 83.684502 2.002937 0.173600 -15.700011 -2.887921 7.306946 7.784524 2.439391 15.926945 -14.676892 nan nan nan 1.058834 -3.250240 12.546208 2.381510 7.055948 9.179836 0.053477 -5.604895 -18.695365 nan nan nan 1.740709 6.639609 6.993640 1.000499 -4.486726 11.888264 0.092348 0.343224 -4.714901 0.369444 1.150867 2.177177 1.800719 1.178398 0.301291 -29.226347 -0.531508 -0.107706 -55.997947 1.217889 14.590036 4.001166 -23.731854 7.378809 -10.278301 -11.611336 5.411440 24.645799 5.804602 2.966902 54.586191 1.533815 13.302444 -12.335555 34.512153 -5.315846 6.017210 14.603061 -0.496882 
-48.437057 -69.603790 90.008957 176.487223 0.431351 84.002085 1.904825 0.695053 -15.971464 -2.456239 6.479414 4.762923 2.801035 15.913374 -14.425291 nan nan nan 1.097637 -3.519091 13.025353 2.383610 7.229238 9.075235 0.468190 -5.390442 -19.115395 nan nan nan 1.821589 6.704647 6.550304 1.014273 -4.410743 12.163469 0.079097 0.617064 -4.920990 0.309740 0.948555 2.290154 1.916416 1.424380 0.151417 -29.158116 -0.539436 -0.211888 -56.316641 1.740801 14.746554 4.220583 -23.713442 7.313241 -9.834375 -11.311151 5.537662 24.362846 5.901035 3.135469 54.625110 1.633212 13.191791 -12.525264 35.020359 -5.690444 5.904737 14.651170 -0.769828 
-48.508656 -68.585182 89.768974 176.389838 0.628628 84.316684 1.752967 1.255423 -16.501153 -2.198243 6.003454 2.360531 3.171112 15.868999 -14.186444 nan nan nan 1.119129 -3.721013 13.416795 2.368151 7.275660 9.077752 0.769292 -5.276085 -19.621057 nan nan nan 1.898353 6.710717 6.202960 1.046336 -4.391016 12.247191 0.097286 0.854850 -4.934094 0.217700 0.821922 2.270916 1.974913 1.570560 -0.016837 -29.097815 -0.578375 -0.312235 -56.673317 2.174066 14.728502 4.396440 -23.734855 6.886739 -9.537649 -10.952599 5.209023 24.112710 6.019064 3.251965 54.552231 1.697591 13.113079 -12.939772 35.702129 -6.123074 5.884233 14.682535 -0.940954 
-48.644394 -67.576454 89.509323 176.376365 0.765441 84.658253 1.533335 1.767593 -17.187107 -2.133322 5.912251 0.432155 3.409948 15.832500 -13.917088 nan nan nan 0.963581 -3.880705 13.587459 2.523599 7.309687 9.456747 0.944006 -5.136564 -20.193755 nan nan nan 2.144339 6.668488 5.953610 0.947882 -4.342289 12.062331 0.016877 0.961970 -4.812811 0.233570 0.828993 2.091616 1.911154 1.632847 0.038123 -29.030022 -0.506788 -0.416196 -56.900404 2.547472 14.755487 4.395186 -23.699670 6.823345 -9.358438 -10.765081 4.764353 23.835706 5.937862 3.197616 54.556363 1.849496 13.178704 -13.162692 36.225883 -6.211020 5.840859 14.664459 -1.153055 
-48.695934 -66.459930 89.275047 176.287334 0.874198 84.801934 1.440209 2.399888 -17.469060 -2.335736 5.755829 -1.162055 3.734651 15.849613 -13.759871 nan nan nan 0.859547 -4.054566 14.064533 2.540199 7.473979 9.772630 1.110511 -4.939488 -20.669878 nan nan nan 2.153127 6.693424 5.612037 0.934068 -4.267192 12.264924 -0.014482 1.065570 -4.858261 0.310156 0.819324 2.195297 1.897032 1.742253 -0.178728 -29.050316 -0.390499 -0.485212 -56.866089 2.931690 14.757277 4.358997 -23.787560 7.094063 -9.528723 -10.504015 4.855731 23.719618 5.901275 3.249520 54.496064 2.020158 13.117063 -13.330256 36.654446 -6.191251 5.863735 14.630317 -1.132525 
-48.756550 -65.335297 89.026077 176.311893 0.949273 85.003292 1.324174 2.720444 -17.796738 -2.482815 5.643849 -2.322219 4.006694 15.893825 -13.644186 nan nan nan 0.796203 -4.157098 14.457334 2.527617 7.616968 10.149002 1.270977 -4.844832 -21.217400 nan nan nan 2.092706 6.709534 5.146366 0.925155 -4.297610 12.570716 -0.076035 1.166262 -4.964413 0.389662 0.793321 2.293453 1.973968 1.864102 -0.333433 -28.966769 -0.235601 -0.594405 -56.928560 3.266904 14.701944 4.320551 -23.723101 7.115975 -9.478030 -10.464192 4.866310 23.628283 5.895252 3.266931 54.475124 2.183572 13.021983 -13.444571 36.916641 -6.307266 5.726554 14.788124 -1.142551 
-48.816914 -64.195343 88.760002 176.280732 1.013155 85.274622 1.267708 2.767691 -18.295337 -2.613217 5.971674 -2.926712 4.168549 15.942667 -13.514073 nan nan nan 0.764946 -4.105193 14.721290 2.512601 7.829723 10.569300 1.532700 -4.761688 -21.707528 nan nan nan 2.050869 6.885957 4.577731 0.930337 -4.284718 12.893261 -0.136236 1.198924 -5.094475 0.413254 0.792220 2.356712 2.097794 1.834183 -0.403168 -28.833788 -0.221430 -0.607409 -57.064554 3.551284 14.642412 4.226706 -23.371218 6.716061 -9.254454 -10.775958 4.570767 23.526646 5.879528 3.144214 54.530664 2.166831 12.965645 -13.577218 37.014077 -6.594601 5.548961 15.097381 -1.233170 
-48.850967 -63.054600 88.502632 176.143329 1.086840 85.369229 1.363059 2.482122 -18.657281 -2.562793 6.358011 -2.847761 4.199200 16.041046 -13.399738 nan nan nan 0.784784 -3.964315 15.108647 2.433597 8.141320 11.079579 1.754065 -4.679163 -22.180082 nan nan nan 2.028656 7.175022 4.284816 0.927192 -4.238435 13.043530 -0.146886 1.212715 -5.106210 0.509487 0.952785 2.375631 2.173473 1.877404 -0.441642 -28.791728 -0.269501 -0.610155 -57.081479 3.772640 14.603342 4.182766 -23.037363 6.650599 -9.359869 -11.087738 4.457812 23.464570 5.879497 3.111400 54.539365 2.205606 12.958042 -13.768595 37.102093 -6.776341 5.264843 15.301151 -1.246477 
-48.892994 -61.938980 88.252556 176.087276 1.126037 85.338058 1.410631 2.142345 -19.067661 -2.540034 6.744465 -2.079610 4.043693 16.153576 -13.345727 nan nan nan 0.837341 -3.789960 15.553793 2.256434 8.307175 11.801285 1.893734 -4.683396 -22.642778 nan nan nan 1.977955 7.371843 4.287294 0.911786 -4.278102 12.968106 -0.146664 1.248467 -5.069587 0.675546 1.036364 2.328021 2.129058 1.967925 -0.311646 -28.797186 -0.247701 -0.651918 -57.085550 4.021719 14.542755 4.259541 -22.816119 6.751201 -9.425757 -11.130559 4.475205 23.445679 5.896463 3.169845 54.526156 2.311171 12.926539 -14.084261 37.270281 -7.035143 4.990586 15.405290 -1.260751 
-48.938110 -60.826412 88.013664 176.034422 1.163469 85.273496 1.459327 1.949010 -19.621169 -2.702465 7.371003 -0.729206 3.967493 16.223193 -13.456343 nan nan nan 0.809971 -3.668398 15.986355 2.227438 8.371510 12.668155 1.947985 -4.631428 -22.975530 nan nan nan 1.942791 7.536964 4.388298 0.877519 -4.297170 12.830324 -0.170395 1.301808 -5.014837 0.880208 1.068635 2.285311 1.979962 1.999530 -0.212237 -28.820880 -0.120519 -0.738202 -57.013236 4.208450 14.388195 4.248550 -22.672352 6.821286 -9.479208 -11.063558 4.472870 23.524004 5.893694 3.178219 54.483280 2.373028 12.888392 -14.449107 37.401397 -7.352632 4.927743 15.493460 -1.183679 
-48.983616 -59.691158 87.793724 175.957535 1.195226 85.146507 1.478362 1.711327 -20.071819 -2.707601 7.979548 1.013920 3.909120 16.228821 -13.631622 nan nan nan 0.793629 -3.488094 16.490596 2.252195 8.387991 13.485828 2.171055 -4.684332 -23.359670 nan nan nan 1.879637 7.750735 4.533095 0.855355 -4.195597 12.592627 -0.154541 1.307401 -4.874487 1.070252 1.048301 2.236223 1.882271 2.043742 -0.048241 -28.855884 0.107473 -0.822749 -56.816058 4.257746 14.305815 4.077401 -22.543319 7.215694 -9.593244 -10.963960 4.568193 23.588131 5.773862 3.043566 54.487249 2.363264 12.891412 -14.749680 37.414893 -7.634243 4.741014 15.555090 -1.197752 
-49.050327 -58.556976 87.600266 175.836997 1.137229 85.015132 1.447265 1.392472 -20.390403 -2.725346 8.284196 2.906613 3.827273 16.304066 -13.761264 nan nan nan 0.711385 -3.267770 16.902988 2.240430 8.500303 14.489201 2.399623 -4.695251 -23.727562 nan nan nan 1.719506 7.999116 4.662519 0.804029 -4.095502 12.462325 -0.130629 1.337584 -4.878824 1.115354 1.036087 2.292418 1.986438 2.068179 0.075635 -28.848552 0.214637 -0.835522 -56.607971 4.325644 14.264931 3.900085 -22.338005 7.550893 -9.793245 -10.965054 4.611432 23.682239 5.694037 2.954708 54.506509 2.242777 12.863255 -14.949691 37.422971 -7.855738 4.204878 15.746792 -1.211765 
-49.137356 -57.395138 87.433754 175.763664 1.017987 84.774909 1.437094 0.975061 -20.499451 -2.951023 8.398161 4.991735 3.738425 16.381919 -14.027716 nan nan nan 0.572350 -3.086112 17.450053 2.162034 8.630522 15.567446 2.666175 -4.612593 -24.017254 nan nan nan 1.437535 8.252730 4.812920 0.766348 -4.075330 12.484713 -0.039109 1.419943 -4.929166 1.180059 1.051752 2.325852 2.101105 2.206673 0.221141 -28.893737 0.226276 -0.803112 -56.409080 4.430527 14.139677 3.786139 -22.178798 7.835781 -9.882262 -10.933560 4.542921 23.805677 5.692689 2.905604 54.430290 2.067363 12.807353 -15.070813 37.404511 -8.173580 3.665095 15.997935 -1.401491 
-49.251606 -56.198860 87.279747 175.713321 0.809893 84.479765 1.305649 0.524435 -20.453738 -3.246157 8.706725 7.059282 3.761776 16.302562 -14.176718 nan nan nan 0.232440 -2.956257 18.028835 2.238216 8.550995 16.755441 2.949583 -4.481976 -24.176129 nan nan nan 1.109069 8.519949 4.983076 0.701760 -4.053821 12.479446 0.062225 1.407268 -4.890242 1.345661 1.139797 2.285563 2.141178 2.328321 0.475608 -28.969725 0.304010 -0.794130 -56.206497 4.509508 13.887782 3.742689 -22.082497 8.163033 -10.059764 -10.848249 4.460480 24.067421 5.680833 2.954492 54.180159 2.050474 12.781575 -15.232245 37.267287 -8.525996 3.696602 16.037631 -1.627652 
-49.383217 -54.987125 87.113632 175.781838 0.580927 84.236096 1.081488 0.150952 -20.520910 -3.494242 9.255154 8.994376 4.018814 15.797676 -13.756371 nan nan nan -0.243769 -2.865124 18.420907 2.436341 8.258994 18.258956 3.088700 -4.176685 -24.051200 nan nan nan 0.784981 8.630981 5.104825 0.642210 -4.074582 12.478324 0.092707 1.381805 -4.842747 1.550586 1.301163 2.377895 2.113992 2.317276 0.460431 -29.005793 0.426837 -0.775293 -56.034030 4.599261 13.552207 3.695965 -22.046441 8.398928 -10.316466 -10.786165 4.389965 24.266246 5.679772 3.094484 54.065869 2.136142 12.682119 -15.486750 37.162109 -8.797403 3.890633 15.880534 -1.437667 
-49.535416 -53.777451 86.975212 175.973316 0.380322 84.081475 0.864468 -0.223832 -20.751337 -3.624653 9.577996 10.694529 4.498580 15.018103 -12.681223 nan nan nan -0.653810 -2.755424 18.520227 2.602807 7.835621 20.098750 3.272461 -3.838517 -23.682834 nan nan nan 0.500771 8.618260 5.160297 0.633418 -4.155858 12.519722 0.061889 1.414674 -4.983100 1.638126 1.448755 2.629783 2.086776 2.385107 0.426374 -29.062852 0.513167 -0.770577 -55.853067 4.743190 13.378948 3.606598 -21.861994 8.513946 -10.443443 -10.723636 4.428313 24.441578 5.690711 3.203346 54.037268 2.038349 12.641157 -15.817809 36.972664 -9.160926 4.053843 15.739184 -1.109608 
-49.695343 -52.549118 86.846176 176.142408 0.136087 84.051216 0.606160 -0.502768 -21.026698 -3.620703 9.494094 12.012014 5.071852 14.313381 -11.193477 nan nan nan -0.986510 -2.565339 18.247596 2.577217 7.346386 22.233589 3.649474 -3.441743 -23.172511 nan nan nan 0.075466 8.625325 5.007420 0.691713 -4.173349 12.594003 0.027487 1.467239 -5.122019 1.652186 1.535382 2.938641 2.129064 2.553269 0.441658 -29.152193 0.566573 -0.819557 -55.594029 4.946390 13.438754 3.516200 -21.685149 8.477621 -10.244470 -10.635961 4.462037 24.663815 5.659541 3.212391 53.995121 1.831320 12.702774 -15.991397 36.729831 -9.645914 3.988131 15.830912 -0.919247 
-49.860374 -51.313385 86.745483 176.386578 -0.141733 84.101144 0.330041 -0.790043 -21.312777 -3.717307 8.921851 13.243224 5.407853 13.982956 -9.713836 nan nan nan -1.283618 -2.284555 17.705597 2.586854 6.935334 24.707200 3.902332 -3.097503 -22.490869 nan nan nan -0.429632 8.642939 4.704835 0.736658 -4.168196 12.742808 -0.018244 1.453902 -5.224890 1.751476 1.563174 3.138323 2.256976 2.654748 0.477904 -29.252318 0.675315 -0.916578 -55.285657 5.070900 13.549149 3.530633 -21.501607 8.199222 -10.071868 -10.631572 4.664521 25.037305 5.540108 3.160553 53.837121 1.664473 12.804314 -16.003760 36.466699 -10.068996 3.605345 16.006219 -0.754218 
-50.090023 -50.095741 86.691811 176.762644 -0.492650 84.111117 -0.162343 -1.078735 -21.591371 -3.860489 8.220961 14.782458 5.705422 13.947887 -8.576005 nan nan nan -1.775261 -2.077530 16.966668 2.759528 6.342100 27.536539 4.242271 -2.802105 -21.484606 nan nan nan -0.855270 8.561900 4.449703 0.676592 -4.235853 12.958674 -0.151967 1.352091 -5.332071 1.952336 1.574710 3.170850 2.335393 2.861467 0.657003 -29.375738 0.856453 -1.018942 -54.959946 5.096704 13.555397 3.689398 -21.241664 7.899876 -10.146925 -10.654427 5.031514 25.492345 5.495623 3.148953 53.665554 1.642165 12.890993 -15.995423 36.030839 -10.401447 3.270040 16.087341 -0.364903 
-50.329319 -48.882160 86.685005 177.269871 -0.829821 83.996359 -0.745222 -1.265832 -21.826732 -4.051548 7.743670 16.738355 6.062341 14.023780 -8.411860 nan nan nan -2.293462 -1.966862 16.225968 3.012497 5.626639 30.553175 4.586193 -2.529400 -20.166980 nan nan nan -1.291538 8.379165 4.287164 0.640675 -4.352988 13.257112 -0.266011 1.308478 -5.490496 2.071255 1.541703 3.253841 2.366593 3.074663 0.840360 -29.469006 0.913472 -1.023785 -54.750013 5.039201 13.547758 3.862674 -20.895578 7.618549 -10.182241 -10.476606 5.365361 25.905131 5.447828 3.140263 53.531119 1.593930 12.860446 -16.017108 35.586437 -10.731345 3.246461 15.967217 0.015061 
-50.515587 -47.647121 86.702171 177.710919 -1.123820 83.831301 -1.215822 -1.447228 -21.986780 -4.306717 7.481886 18.857088 6.451443 13.998342 -8.921645 nan nan nan -2.730870 -1.786186 15.384145 3.189006 4.770793 33.795843 5.123895 -2.165467 -18.280667 nan nan nan -1.772366 8.249925 4.147168 0.649059 -4.334985 13.448373 -0.305608 1.210545 -5.539118 2.178370 1.560525 3.405552 2.366547 3.259232 0.997242 -29.438041 0.964908 -0.924364 -54.718621 4.891909 13.528189 4.106189 -20.548342 7.452889 -10.083923 -10.473394 5.318400 26.259568 5.321201 3.201830 53.508570 1.601411 12.843029 -15.972777 35.039109 -10.930258 3.099673 15.880103 0.119528 
-50.697674 -46.370152 86.748695 178.149073 -1.403400 83.511605 -1.617472 -1.980364 -21.807737 -4.547070 7.352560 20.774184 6.878931 13.915480 -9.496229 nan nan nan -3.194338 -1.618300 14.626676 3.249329 3.805518 37.045982 5.720609 -1.730710 -15.846874 nan nan nan -2.143731 8.189260 4.099163 0.592946 -4.311526 13.619011 -0.354681 1.011377 -5.503318 2.282602 1.585576 3.669740 2.387894 3.431962 1.078303 -29.301228 0.957714 -0.716547 -54.739870 4.660600 13.340284 4.347956 -20.144132 7.229210 -10.196524 -10.670443 5.180980 26.513625 5.275991 3.280289 53.641351 1.641421 12.848376 -15.833959 34.300744 -11.112992 2.915336 15.917425 0.058778 
-50.901779 -45.095104 86.814751 178.613424 -1.589531 83.075103 -1.866240 -2.808680 -21.415752 -4.813364 7.372230 22.492450 7.409680 13.836761 -9.891271 nan nan nan -3.614763 -1.445269 13.820722 3.245668 2.830412 40.349709 6.063022 -1.313042 -13.223920 nan nan nan -2.360251 8.154898 4.273979 0.573582 -4.286153 13.590519 -0.406784 0.812166 -5.385863 2.365214 1.594026 3.907543 2.400843 3.565956 1.289031 -29.174225 0.904932 -0.453590 -54.805417 4.359786 13.063269 4.561701 -19.729261 6.934571 -10.543833 -10.796156 5.092843 26.671369 5.205983 3.371575 53.800689 1.576992 12.853070 -15.848665 33.587573 -11.102923 3.047720 15.929811 0.259894 
-51.106304 -43.841969 86.878647 179.101883 -1.750407 82.622624 -2.051546 -3.620077 -20.967479 -5.104078 7.575009 24.037703 8.012119 13.723178 -10.161940 nan nan nan -4.044203 -1.310037 12.854148 3.242498 2.104191 43.732161 6.225500 -0.742701 -10.641162 nan nan nan -2.510742 8.068503 4.533982 0.602759 -4.278109 13.537791 -0.505936 0.712007 -5.232850 2.320336 1.721748 3.955633 2.395803 3.614407 1.513914 -29.013527 0.802380 -0.262214 -54.826660 4.047413 12.874669 4.693360 -19.392318 6.740717 -10.901846 -10.925985 5.136697 26.756214 5.083239 3.340902 53.943130 1.428507 12.889282 -15.887154 33.006765 -10.900713 3.369749 15.845699 0.775117 
-51.300400 -42.632435 86.946976 179.668122 -1.838711 82.151321 -2.308492 -4.290666 -20.367263 -5.246743 7.653168 25.279538 8.569962 13.792770 -10.542923 nan nan nan -4.372516 -1.157668 11.897897 3.374011 1.599627 46.883272 6.201020 -0.189242 -8.554683 nan nan nan -2.566973 7.887690 4.898608 0.651840 -4.327252 13.551042 -0.609665 0.599682 -5.121696 2.241307 2.013004 4.066268 2.341095 3.700235 1.445024 -28.821898 0.691751 -0.194406 -54.882481 3.773254 12.778335 4.778457 -19.145468 6.494352 -11.165465 -11.008035 5.070474 26.744271 5.034903 3.247813 54.124386 1.310227 12.970368 -15.864498 32.516176 -10.739648 3.665416 15.639482 1.095409 
-51.512680 -41.471710 87.006264 -179.850772 -1.868245 81.785184 -2.688501 -4.743486 -19.682343 -5.206379 7.413932 26.143849 9.041729 13.927277 -10.952056 nan nan nan -4.587001 -0.937662 10.751319 3.518693 1.341403 49.848837 5.901899 -0.148747 -7.641060 nan nan nan -2.494217 7.674668 5.204089 0.692897 -4.287953 13.481467 -0.758558 0.468696 -4.940296 2.180623 2.206162 4.198423 2.158199 3.787296 1.313725 -28.662443 0.597414 -0.192499 -54.957335 3.524544 12.833571 4.860584 -19.008889 6.320677 -11.141826 -10.760744 5.196674 26.709145 4.999018 3.124721 54.259271 1.168856 13.095767 -15.755694 32.023818 -10.606224 3.975978 15.337297 1.229256 
-51.707268 -40.369633 87.046089 -179.552071 -1.911163 81.584698 -3.104673 -4.861813 -19.033351 -5.150736 7.020327 26.684168 9.480423 13.958768 -11.382868 nan nan nan -4.722829 -0.615556 9.246319 3.668252 1.203344 52.874383 5.712861 -0.504307 -7.638358 nan nan nan -2.543442 7.442437 5.414970 0.802789 -4.122159 13.457638 -0.898230 0.415621 -4.931873 2.241757 2.416259 4.290273 1.887309 3.910744 1.255544 -28.482729 0.543950 -0.277331 -55.071255 3.409109 13.068400 4.969455 -19.069688 6.133526 -10.902162 -10.239458 5.564934 26.751461 4.943901 2.976009 54.278350 0.971027 13.215933 -15.596604 31.546189 -10.581630 4.436256 14.937649 1.440770 
-51.884842 -39.328224 87.085701 -179.337991 -2.021211 81.447655 -3.612640 -4.721478 -18.329173 -5.140337 6.559527 26.919923 9.917837 14.019749 -11.729720 nan nan nan -4.863950 -0.292209 7.662320 3.770275 0.908660 55.700281 5.924714 -0.903556 -7.915870 nan nan nan -2.730340 7.208788 5.666441 0.916935 -3.882454 13.396271 -0.946956 0.363086 -4.957556 2.288657 2.724993 4.350335 1.638936 4.026535 1.209692 -28.247266 0.452324 -0.387552 -55.240755 3.334794 13.191407 5.101578 -19.210404 5.635085 -10.750232 -10.157512 5.551937 26.757377 5.036610 2.930896 54.334217 0.749144 13.320552 -15.532357 31.259204 -10.739703 4.903910 14.757421 1.321974 
-52.073780 -38.296932 87.143700 -179.143639 -2.114177 81.235057 -4.140675 -4.394390 -17.478961 -5.179633 6.079980 27.030620 10.311949 14.166639 -11.962737 nan nan nan -5.049142 -0.171658 6.166853 3.450981 0.533450 58.139955 5.752903 -1.343962 -8.809344 nan nan nan -2.802884 6.947457 6.049371 0.947772 -3.623421 13.271892 -0.970925 0.269994 -4.911085 2.159639 3.011057 4.376940 1.531805 4.184783 1.108030 -28.133458 0.371370 -0.496946 -55.271279 3.280278 13.064812 5.312788 -19.443372 4.923999 -11.054238 -10.424539 5.214416 26.776785 5.247462 2.885834 54.314689 0.486113 13.351131 -15.441154 31.074458 -10.668854 5.658780 14.719670 1.321233 
-52.246796 -37.252171 87.226799 -178.936882 -2.155700 80.998532 -4.567393 -3.932833 -16.574845 -5.180797 5.625668 27.159570 10.566538 14.221842 -12.259285 nan nan nan -5.228793 -0.271663 4.693237 2.778537 0.231116 60.199850 5.299499 -1.868348 -9.813661 nan nan nan -2.851710 6.699958 6.380268 1.018028 -3.449759 13.254935 -1.025826 0.257720 -4.867853 2.019126 3.304902 4.362622 1.445594 4.257134 1.080242 -28.181293 0.277006 -0.655632 -55.063276 3.233936 12.958254 5.361756 -19.775799 4.346917 -11.561979 -10.381414 5.281445 27.019370 5.425861 2.789087 53.992609 0.215949 13.335565 -15.265395 30.870911 -10.405153 6.536805 14.624099 1.989002 
-52.411156 -36.202984 87.329407 -178.709360 -2.223795 80.693400 -4.909212 -3.571454 -15.492070 -5.218715 5.344277 27.083707 10.665814 14.148007 -12.637613 nan nan nan -5.487701 -0.252842 3.364190 2.306217 -0.157329 61.887507 5.548756 -2.407266 -10.377501 nan nan nan -2.948568 6.452297 6.727574 1.064834 -3.281898 13.269423 -1.086169 0.290976 -4.794290 2.052736 3.723353 4.346463 1.334528 4.162514 1.193489 -28.110774 0.162314 -0.742934 -54.878660 3.047991 12.872733 5.233984 -20.100390 4.107333 -11.681316 -10.270133 5.478360 27.252795 5.515011 2.732409 53.758418 0.072245 13.360765 -15.159136 30.645798 -10.313390 7.025038 14.341137 2.392353 
-52.593815 -35.163307 87.446136 -178.454894 -2.316431 80.275608 -5.242413 -3.257443 -14.216200 -5.365802 4.897726 26.847811 10.642175 14.100711 -13.001645 nan nan nan -5.816476 -0.093190 2.235116 1.641440 -0.613302 63.058545 5.465449 -2.862168 -11.160048 nan nan nan -2.993837 6.167518 7.376644 0.994754 -3.111363 13.002016 -1.110289 0.303889 -4.636698 2.112952 4.030791 4.377830 1.205571 4.236478 1.289317 -27.952468 -0.021482 -0.588029 -54.778662 2.835728 12.746220 5.172613 -20.556756 4.047874 -11.594570 -10.402146 5.274266 27.365970 5.688821 2.768189 53.668224 -0.114572 13.400423 -15.027074 30.452290 -10.244922 7.443784 14.397382 2.093613 
-52.746841 -34.153175 87.581413 -178.233967 -2.299013 79.823062 -5.465214 -2.969887 -12.807251 -5.422629 4.282797 26.426399 10.680932 14.143090 -13.233439 nan nan nan -6.011480 0.242758 1.193279 1.172432 -1.030807 63.813335 5.097410 -3.096678 -11.894396 nan nan nan -2.933244 5.824311 8.304484 0.915067 -2.890691 12.378949 -1.099583 0.258385 -4.346843 2.132561 4.283474 4.247106 1.131569 4.520767 1.551523 -27.846455 -0.051711 -0.473931 -54.712225 2.570641 12.544115 5.222781 -21.008845 4.044904 -11.564781 -10.757972 4.782704 27.482590 5.823752 2.851577 53.565060 -0.167342 13.450096 -14.792414 30.108273 -9.926377 8.018755 14.793290 1.734247 
-52.869389 -33.160946 87.720573 -177.858044 -2.181578 79.501049 -5.585687 -2.715819 -11.533778 -5.471057 3.513100 25.954974 10.698093 14.197197 -13.487186 nan nan nan -6.020200 0.594420 0.031026 0.962823 -1.437962 64.356094 4.776153 -3.117645 -12.697231 nan nan nan -2.838823 5.377840 9.026182 0.905780 -2.745295 11.917807 -1.095994 0.243154 -4.112836 2.054007 4.573360 4.160274 1.068442 4.769289 1.726871 -27.861525 -0.061589 -0.531280 -54.465140 2.377152 12.450475 5.157903 -21.550824 3.959596 -11.333031 -11.039503 4.442507 27.621585 5.876477 2.828522 53.427627 -0.218651 13.488595 -14.556744 29.781994 -9.593440 8.575879 15.092528 1.590173 
-53.016689 -32.144871 87.870171 -177.275227 -1.955974 79.262034 -5.677514 -2.474638 -10.402728 -5.502898 2.680720 25.600160 10.603386 14.240937 -13.799027 nan nan nan -5.990987 0.716165 -1.060115 0.851655 -1.991739 64.453180 4.712759 -3.217434 -13.423238 nan nan nan -2.610357 4.816302 9.451674 0.936116 -2.752460 11.772912 -1.139288 0.274584 -4.066505 1.893804 4.912354 4.296724 1.001632 4.945584 1.745357 -27.967588 -0.109378 -0.589518 -54.165689 2.203497 12.431791 5.081726 -22.076719 3.725234 -11.065155 -11.302996 4.206169 27.718620 5.931180 2.792814 53.362229 -0.374253 13.500331 -14.384970 29.504927 -9.396416 8.773496 15.068289 1.479021 
-53.161255 -31.119637 88.032974 -176.567702 -1.621781 79.134338 -5.669978 -2.270204 -9.462906 -5.511308 1.900327 25.425372 10.334611 14.257145 -14.111396 nan nan nan -5.868961 0.643021 -2.168181 0.707790 -2.592200 64.181045 4.693783 -3.446036 -14.036866 nan nan nan -2.312415 4.282037 9.611901 1.041903 -2.837792 11.762622 -1.149638 0.191663 -4.062881 1.664126 5.282337 4.652942 0.941475 5.114463 1.598199 -28.052357 -0.184699 -0.642167 -54.017996 1.984240 12.399708 5.014650 -22.393264 3.229220 -10.667313 -11.550797 4.079784 27.760837 6.028665 2.767523 53.306173 -0.567337 13.504185 -14.073424 29.107826 -8.992951 8.625415 15.015628 1.942846 
-53.306328 -30.130871 88.210648 -175.848534 -1.269233 79.007380 -5.609416 -2.085206 -8.588027 -5.580959 1.135397 25.391300 10.008061 14.308655 -14.479094 nan nan nan -5.695609 0.597650 -3.377258 0.305532 -2.543800 63.894792 3.793476 -3.409749 -14.876162 nan nan nan -1.961535 3.743955 9.873716 1.122889 -2.944107 11.575633 -1.173308 0.077563 -3.966318 1.350192 5.550259 4.883444 0.936106 5.482329 1.595112 -28.064480 -0.203522 -0.812571 -54.075995 1.759730 12.435553 5.184987 -22.574819 2.847754 -10.321726 -11.763375 4.193629 27.667118 6.038986 2.655799 53.354989 -0.690566 13.566153 -13.633349 28.727560 -8.161124 8.587944 14.841422 2.736008 
-53.443897 -29.191448 88.403267 -175.120021 -0.953310 78.884759 -5.558042 -1.995354 -7.748137 -5.641253 0.366178 25.430795 9.778727 14.260958 -14.888007 nan nan nan -5.581319 0.454227 -4.546554 0.028506 -2.682275 63.316823 3.311575 -3.513755 -15.434927 nan nan nan -1.659655 3.259945 10.137586 1.206546 -3.051761 11.404461 -1.176976 -0.030432 -3.875500 1.105040 5.776240 4.971672 0.926034 5.718298 1.671953 -28.045961 -0.267785 -0.903496 -54.045210 1.508014 12.480500 5.235540 -22.913566 2.677598 -10.074858 -11.952699 4.358109 27.620793 6.064531 2.654027 53.377574 -0.872435 13.540134 -13.461693 28.494063 -7.611036 8.710604 14.707704 3.311041 
-53.562199 -28.250780 88.595688 -174.365058 -0.657614 78.764919 -5.513789 -1.995313 -6.873455 -5.629826 -0.406090 25.438314 9.612835 14.077399 -15.227266 nan nan nan -5.463147 0.262573 -5.522370 0.099021 -2.951454 62.312758 3.201751 -3.658964 -15.898389 nan nan nan -1.420657 2.869048 10.326061 1.301672 -3.135168 11.284540 -1.106630 -0.201867 -3.771268 0.916045 6.125600 5.049399 0.826934 5.885744 1.715007 -28.024919 -0.393802 -0.792164 -53.864176 1.247237 12.477657 5.034624 -23.573646 2.580462 -9.722172 -12.121139 4.255979 27.628730 6.069715 2.696295 53.362284 -1.094514 13.494522 -13.499542 28.357842 -7.388543 8.928054 14.604705 3.442059 
-53.689365 -27.307276 88.770493 -173.681164 -0.419709 78.690451 -5.504866 -2.049616 -5.963674 -5.600630 -1.020844 25.249049 9.471570 13.945437 -15.578390 nan nan nan -5.385896 0.208018 -6.419849 0.756599 -3.187297 61.095287 3.636017 -3.791766 -16.641732 nan nan nan -1.251760 2.560625 10.324730 1.387099 -3.147841 11.277609 -1.058120 -0.426664 -3.646931 1.009021 6.690604 5.266083 0.642782 5.892166 1.729478 -27.866981 -0.423593 -0.650805 -53.826242 0.884434 12.411623 4.880108 -24.324129 2.599485 -9.264680 -12.299811 4.052925 27.596085 5.907108 2.546918 53.400313 -1.185223 13.473341 -13.377820 28.038868 -7.158144 9.123163 14.421978 3.446165 
-53.827072 -26.383930 88.928421 -172.955379 -0.243559 78.593403 -5.580585 -2.074557 -4.994443 -5.567979 -1.710379 24.893709 9.235067 13.950887 -15.940583 nan nan nan -5.420671 0.146951 -7.304807 0.691992 -3.485493 59.718564 3.702938 -4.374133 -17.458593 nan nan nan -1.098064 2.224611 10.437144 1.386772 -3.146273 11.122680 -0.993102 -0.670072 -3.463571 1.110214 7.074992 5.429873 0.505046 6.182941 1.885485 -27.662178 -0.373376 -0.581107 -53.838265 0.471501 12.388756 4.797080 -25.038197 2.584228 -8.665699 -12.511562 3.713661 27.432551 5.639366 2.364849 53.612012 -1.186700 13.418885 -13.223997 27.723733 -6.888272 9.186439 14.272916 3.363357 
-53.947914 -25.466698 89.093437 -172.094090 -0.032834 78.466835 -5.604059 -2.038327 -4.049980 -5.504112 -2.512628 24.694433 8.984436 13.742236 -16.300426 nan nan nan -5.502162 0.045470 -8.026069 0.347435 -4.095102 58.015409 3.472853 -5.078015 -17.706353 nan nan nan -0.966766 1.837922 10.619397 1.431995 -3.186284 10.953752 -0.893028 -0.912238 -3.263469 1.100876 7.538870 5.627738 0.339719 6.362262 1.888201 -27.501915 -0.387778 -0.492565 -53.883406 -0.008132 12.276590 4.780400 -25.608269 2.473720 -8.293425 -12.676047 3.513259 27.338933 5.461497 2.385115 53.809389 -1.258439 13.286434 -13.313455 27.610362 -6.600077 9.256768 14.022619 3.521955 
-54.056480 -24.560064 89.260498 -171.250962 0.175227 78.346806 -5.544156 -1.860917 -3.228359 -5.518323 -3.238777 24.804560 8.723787 13.409953 -16.554447 nan nan nan -5.567788 -0.011137 -8.674423 -0.036486 -4.748783 56.059724 3.178700 -5.826074 -17.655655 nan nan nan -0.910513 1.467224 10.819766 1.526865 -3.197804 10.747702 -0.758682 -1.129115 -3.041243 1.010957 8.048596 5.759571 0.222549 6.511282 1.870303 -27.338827 -0.359826 -0.430340 -53.882671 -0.523360 12.226699 4.682552 -26.161457 2.562256 -8.066210 -12.911869 3.401834 27.327164 5.276940 2.370214 53.886357 -1.368317 13.144093 -13.371306 27.521432 -6.327958 9.448241 13.893933 3.721412 
-54.161407 -23.676762 89.414635 -170.506231 0.421604 78.261267 -5.407641 -1.707977 -2.393442 -5.480424 -3.760510 24.725196 8.451823 13.157237 -16.832412 nan nan nan -5.571099 0.016632 -9.253638 -0.231295 -5.319937 53.940899 3.126498 -6.529858 -17.684352 nan nan nan -0.793262 1.133143 10.999138 1.622315 -3.167423 10.528195 -0.607008 -1.283563 -2.837302 0.956421 8.471194 5.794454 0.120460 6.699268 2.016068 -27.150722 -0.305217 -0.380117 -53.902780 -1.076374 12.154449 4.419808 -26.724232 2.766750 -7.779097 -13.123971 3.248157 27.215963 5.015838 2.310397 53.989134 -1.476602 12.994184 -13.345297 27.424438 -6.088878 9.547455 13.839781 3.851790 
-54.261177 -22.807999 89.550545 -169.806782 0.653020 78.203474 -5.289935 -1.588867 -1.528175 -5.403659 -4.261491 24.470395 8.118783 13.059444 -17.192520 nan nan nan -5.584601 0.065118 -9.795938 -0.340967 -5.770058 51.707832 3.208773 -7.240196 -17.595903 nan nan nan -0.674544 0.764491 11.215546 1.681453 -3.130276 10.260641 -0.493099 -1.397349 -2.629758 0.984232 8.859688 5.817360 -0.013284 6.959866 2.083691 -27.039886 -0.191175 -0.346861 -53.729633 -1.432180 12.238866 4.191768 -27.774194 2.892493 -7.323686 -13.050919 3.065310 27.205348 4.715364 2.202603 54.025493 -1.613126 12.871510 -13.293811 27.492429 -6.048839 9.524308 13.467025 3.965944 
-54.360668 -21.942282 89.671326 -169.118992 0.815502 78.112620 -5.225869 -1.446074 -0.630938 -5.384862 -4.856153 24.173315 7.810391 12.993133 -17.464785 nan nan nan -5.656229 0.161996 -10.261204 -0.422882 -6.116356 49.398289 3.340398 -7.870190 -17.642179 nan nan nan -0.621769 0.454420 11.546004 1.768426 -3.104460 9.928568 -0.312192 -1.517677 -2.405307 1.050874 9.309316 5.842795 -0.356942 7.392421 2.082240 -27.025922 -0.119186 -0.308990 -53.661321 -1.667268 12.283359 4.408001 -28.951006 2.971439 -7.142363 -13.146705 2.860208 27.174895 4.423942 2.217772 54.138955 -1.793089 12.681552 -13.574909 27.786128 -6.124809 9.585325 13.143803 3.918218 
-54.445000 -21.072372 89.780815 -168.419152 0.883734 78.054108 -5.234024 -1.336018 0.243032 -5.343603 -5.448786 23.870073 7.527151 12.813708 -17.753446 nan nan nan -5.797797 0.220559 -10.678238 -0.571479 -6.394097 46.940476 3.498702 -8.521644 -17.629112 nan nan nan -0.690198 0.191983 11.713394 1.859851 -3.136237 9.778126 -0.123552 -1.614492 -2.239377 1.089894 9.836673 6.017637 -0.667148 7.877993 1.891366 -26.922165 0.037223 -0.460272 -53.736798 -2.162900 12.208343 4.427956 -29.484207 3.017268 -7.068812 -13.545144 2.844538 27.108136 4.159934 2.277313 54.347768 -1.854561 12.470366 -13.925576 27.794711 -6.261348 9.589009 13.070193 3.883607 
-54.529709 -20.214272 89.876892 -167.832440 0.985632 78.055506 -5.220267 -1.172136 1.038758 -5.201442 -6.062055 23.575602 7.270474 12.755266 -18.060916 nan nan nan -5.891763 0.153547 -11.203363 -0.741505 -6.558635 44.464179 3.567500 -8.988263 -17.429411 nan nan nan -0.715496 0.004132 11.751033 1.945019 -3.122719 9.800838 -0.022358 -1.705031 -2.207256 1.072161 10.291416 6.041225 -0.742125 8.253697 1.958179 -26.872343 0.094920 -0.395975 -53.571883 -2.392313 12.394974 4.531383 -30.657388 3.042294 -6.877474 -13.657760 2.827068 27.204781 3.990667 2.269763 54.282637 -1.988402 12.321769 -13.900162 27.751939 -6.444463 9.581049 12.915065 3.720879 
-54.617844 -19.358490 89.951027 -167.337555 1.161355 78.083200 -5.064851 -0.956156 1.754429 -5.110821 -6.717936 23.298050 6.988700 12.687728 -18.279664 nan nan nan -5.964056 0.166820 -11.791558 -0.748152 -6.727575 41.991744 3.478524 -9.147759 -17.127197 nan nan nan -0.674502 -0.150606 11.775595 2.042048 -3.056984 9.805707 0.059209 -1.765729 -2.239592 0.931855 10.860428 5.999619 -0.528368 8.426048 2.237683 -26.804946 0.055208 -0.201482 -53.576475 -2.591014 12.540826 5.128533 -31.726724 2.875583 -6.946340 -13.853205 2.678067 27.488395 3.895063 2.382150 54.052881 -2.197734 12.178732 -13.945850 27.761934 -6.606846 9.577346 12.887366 3.622733 
-54.687649 -18.469658 90.019325 -166.691565 1.343470 78.061814 -4.792360 -0.787544 2.510659 -5.169165 -7.387632 23.047557 6.721839 12.510358 -18.503683 nan nan nan -6.070376 0.109097 -12.172332 -0.721659 -6.939234 39.374890 3.430545 -9.191223 -16.585866 nan nan nan -0.615716 -0.284584 11.839196 2.140417 -3.058223 9.779736 0.157072 -1.852982 -2.252618 0.716017 11.248825 6.061958 -0.382256 8.519634 2.312428 -26.809187 0.025752 -0.130173 -53.497261 -2.903411 12.620376 5.450839 -32.475474 2.602188 -6.578652 -14.233678 2.352519 27.835401 3.732706 2.430813 53.823943 -2.485423 12.069979 -14.093298 27.808779 -6.816196 9.340965 12.933769 3.589306 
-54.757011 -17.601246 90.064163 -165.974035 1.442108 78.187314 -4.626584 -0.763614 3.072983 -5.162400 -7.878885 22.859165 6.470720 12.245169 -18.706957 nan nan nan -6.165460 -0.097209 -12.565982 -0.685906 -6.897439 36.452571 3.244506 -9.257870 -15.742081 nan nan nan -0.667584 -0.342843 11.710467 2.275508 -3.174080 9.870561 0.278970 -1.940723 -2.316921 0.498179 11.525783 6.202916 -0.325993 8.799592 2.173747 -26.815232 0.073862 -0.147715 -53.485976 -3.320557 12.763758 5.712118 -33.069086 2.145699 -6.127703 -14.670208 2.096286 28.092009 3.496189 2.410976 53.642230 -2.667259 11.970481 -14.125652 27.766461 -7.004645 9.198428 13.018619 3.685773 
-54.836559 -16.750103 90.088470 -165.293689 1.486066 78.359066 -4.536739 -0.776591 3.613775 -5.088080 -8.327696 22.631403 6.331664 11.954194 -18.885681 nan nan nan -6.263518 -0.182223 -12.758250 -0.555742 -6.604823 33.068705 3.101167 -8.965502 -14.416601 nan nan nan -0.707888 -0.361103 11.551300 2.361342 -3.301167 9.971991 0.359767 -2.044035 -2.446312 0.371641 11.850135 6.273045 -0.210678 9.191067 2.231246 -26.757904 0.181532 -0.111436 -53.481692 -3.747024 12.858385 5.936447 -33.727954 1.733443 -5.987230 -15.174228 1.894254 28.273142 3.187407 2.468431 53.615891 -2.737499 11.859699 -14.174175 27.706964 -7.180308 9.160143 13.043352 3.778718 
-54.922626 -15.911240 90.104782 -164.621418 1.471205 78.507209 -4.514002 -0.807727 4.219390 -5.020944 -8.797535 22.324891 6.100083 11.785072 -19.203791 nan nan nan -6.516274 -0.346098 -12.927560 -0.358991 -6.151116 30.000187 3.044139 -8.157713 -12.728020 nan nan nan -0.755003 -0.359470 11.433799 2.401599 -3.433947 10.021721 0.438877 -2.163797 -2.584990 0.204980 12.274113 6.350368 -0.061625 9.574584 2.311700 -26.744050 0.215962 0.028473 -53.375163 -4.096410 12.867175 6.158073 -34.480671 1.420093 -5.828391 -15.627258 1.667183 28.433883 2.912385 2.647099 53.599754 -2.794256 11.785664 -14.195060 27.740595 -7.288710 9.072008 13.049966 3.777206 
-55.009457 -15.062016 90.100311 -163.975377 1.456384 78.699485 -4.526744 -0.902321 4.788520 -4.855219 -9.135403 22.010684 5.975630 11.645985 -19.518597 nan nan nan -6.820856 -0.521960 -13.203252 -0.035565 -5.441136 27.002553 3.322239 -7.305670 -10.672142 nan nan nan -0.819101 -0.329864 11.150599 2.460169 -3.590176 10.154025 0.518689 -2.257905 -2.647792 0.049846 12.707071 6.431800 0.027480 9.959297 2.266783 -26.632402 0.301240 0.104704 -53.436881 -4.494707 12.941677 6.480459 -35.129486 1.077195 -6.039210 -16.103401 1.650258 28.524352 2.617578 2.807274 53.588922 -2.769240 11.744013 -14.175059 27.748524 -7.363164 9.260549 13.077628 3.791033 
-55.094009 -14.213505 90.084724 -163.280635 1.397473 78.976538 -4.516322 -1.023507 5.238916 -4.807340 -9.515103 21.706036 5.950049 11.394776 -19.769428 nan nan nan -7.130595 -0.714166 -13.578023 0.340558 -4.334783 24.131317 3.687831 -6.440934 -8.478447 nan nan nan -1.002096 -0.284923 10.618413 2.593321 -3.805999 10.503911 0.586544 -2.325764 -2.748589 -0.026295 13.133509 6.598085 0.035791 10.338714 2.129848 -26.527941 0.409561 0.070255 -53.516871 -4.902091 13.127315 6.845860 -35.694925 0.574235 -6.245162 -16.468728 1.945892 28.619159 2.330804 2.894980 53.552235 -2.745889 11.728814 -14.149473 27.663470 -7.527656 9.436981 13.157781 4.112064 
-55.177063 -13.389036 90.060738 -162.585244 1.280378 79.239684 -4.479215 -1.108978 5.604591 -4.860820 -9.818331 21.506614 5.972125 11.176477 -20.032489 nan nan nan -7.449302 -0.881207 -13.842590 0.611437 -2.936478 21.270193 4.171393 -5.456041 -6.333647 nan nan nan -1.214856 -0.196073 10.122928 2.695813 -3.973438 10.872022 0.690689 -2.446788 -2.844029 -0.093199 13.453578 6.655428 0.003233 10.747075 2.072496 -26.491025 0.406669 0.116934 -53.500209 -5.301266 13.256753 7.178897 -36.342904 0.077503 -6.078194 -16.813752 2.002641 28.623929 2.044082 2.995241 53.598832 -2.664384 11.717064 -14.092748 27.624746 -7.664906 9.488759 12.992631 4.332505 
-55.233421 -12.582370 90.024628 -161.852521 1.224247 79.511684 -4.375668 -1.248831 5.850095 -4.891810 -10.114116 21.482907 5.989133 10.970673 -20.330862 nan nan nan -7.668422 -0.944689 -13.928860 0.692314 -1.414333 18.207365 4.752798 -4.568541 -3.910243 nan nan nan -1.316773 -0.120207 9.666592 2.770008 -4.173683 11.239718 0.777751 -2.552987 -3.008596 -0.240558 13.744170 6.680508 0.029177 11.213113 1.975625 -26.410306 0.361228 0.225983 -53.540596 -5.694747 13.376309 7.608670 -36.905736 -0.468371 -5.735235 -17.224209 1.902735 28.552959 1.772174 3.147322 53.778485 -2.611395 11.720286 -14.108026 27.638266 -7.815639 9.398250 12.800244 4.380755 
-55.260639 -11.758020 89.966476 -161.098580 1.193358 79.810000 -4.239310 -1.448452 6.049459 -4.909206 -10.467680 21.526387 5.948160 10.744925 -20.696391 nan nan nan -7.895491 -0.969811 -14.065363 0.723838 0.109726 15.472884 5.325193 -3.637920 -1.598134 nan nan nan -1.420966 -0.084745 9.120562 2.850027 -4.412926 11.628513 0.830767 -2.629642 -3.123803 -0.433655 14.127455 6.697378 0.053149 11.511382 1.851064 -26.279878 0.390955 0.222834 -53.640656 -6.111085 13.538811 8.090397 -37.327233 -0.875550 -5.795310 -17.652469 2.153855 28.525469 1.509985 3.254195 53.972387 -2.513332 11.693178 -14.203477 27.572205 -7.964730 9.611964 12.719790 4.422923 
-55.282673 -10.918071 89.901588 -160.371443 1.177775 80.078946 -4.082263 -1.625101 6.361002 -4.922196 -10.843723 21.488432 5.976410 10.502443 -21.100109 nan nan nan -8.197449 -1.082377 -14.370211 0.892172 1.573662 13.286722 5.780124 -2.537672 0.337965 nan nan nan -1.497278 -0.023223 8.569734 2.954461 -4.620388 12.089370 0.857430 -2.725639 -3.290877 -0.571810 14.503079 6.717021 0.009235 11.854013 1.754850 -26.249263 0.434087 0.191353 -53.563627 -6.562140 13.605917 8.309372 -37.737059 -1.121849 -5.825162 -17.962022 2.465318 28.550457 1.145204 3.343383 54.046519 -2.334335 11.589141 -14.091409 27.453425 -7.992112 9.795088 12.680783 4.689384 
-55.326389 -10.069806 89.821495 -159.715653 1.170377 80.365742 -3.858266 -1.730619 6.604463 -5.011278 -11.179974 21.513353 5.964170 10.257730 -21.436119 nan nan nan -8.494444 -1.266838 -14.712983 1.082142 3.235523 11.417228 6.143658 -1.360369 2.058496 nan nan nan -1.475788 0.095161 7.925561 3.039594 -4.775288 12.585087 0.828581 -2.814087 -3.445526 -0.657180 14.822213 6.746768 -0.071868 12.258365 1.849114 -26.280367 0.308965 0.321645 -53.432033 -6.933102 13.692610 8.623568 -38.261136 -1.656813 -5.860876 -18.140883 2.542724 28.574799 0.803839 3.440353 54.100788 -2.255413 11.527802 -14.000471 27.441681 -8.136893 10.012338 12.585172 4.842154 
-55.386364 -9.224576 89.737259 -159.039679 1.173353 80.573635 -3.609966 -1.825732 6.889137 -5.140141 -11.503812 21.586770 5.935908 10.053903 -21.765441 nan nan nan -8.819218 -1.368528 -14.908354 1.280516 4.730858 9.780200 6.555680 -0.346206 3.542255 nan nan nan -1.401707 0.149188 7.360268 3.070025 -4.915302 13.042244 0.770760 -2.876924 -3.561092 -0.859808 15.132685 6.891607 -0.039218 12.496272 1.644339 -26.219291 0.173307 0.468402 -53.477816 -7.366034 13.603212 8.974946 -38.612694 -2.242022 -5.914106 -18.523321 2.470275 28.550527 0.587157 3.577272 54.218593 -2.210606 11.490091 -13.896508 27.409271 -8.148502 10.070995 12.630354 4.954617 
-55.399052 -8.376327 89.643707 -158.295091 1.207745 80.770368 -3.230063 -1.908860 7.096917 -5.347135 -11.698950 21.824116 5.874062 9.842959 -22.150823 nan nan nan -9.097144 -1.476219 -15.221386 1.479196 5.842630 8.666139 6.931770 0.472200 4.621179 nan nan nan -1.404630 0.172740 6.917304 3.130882 -5.036995 13.397685 0.770360 -2.967190 -3.735616 -1.037038 15.482916 6.978180 0.162346 12.620952 1.563970 -26.091924 0.130265 0.546989 -53.414991 -7.746603 13.533817 8.975591 -38.992413 -2.387411 -5.788818 -18.995300 2.259075 28.555390 0.343460 3.715835 54.313009 -2.226952 11.457937 -13.709796 27.419516 -8.003675 10.095973 12.637753 4.881879 
-55.454758 -7.585473 89.503525 -157.263281 1.118007 81.720087 -3.186115 -2.398166 6.251585 -5.955138 -12.751061 22.605549 6.269273 11.240132 -23.651295 nan nan nan -9.941812 -2.314778 -16.355454 2.695349 7.593536 7.821253 7.095759 0.229556 6.881022 nan nan nan -1.742099 0.116562 5.156681 3.917182 -5.748873 15.147179 0.102561 -2.398707 -5.044684 -1.126093 14.965703 8.410859 -0.447420 13.110906 -0.193806 -26.552269 -0.070833 1.149790 -52.202515 -8.142774 16.259437 9.998357 -39.570102 -4.512298 -4.049225 -19.985251 -0.494229 28.397617 0.252989 2.662829 54.696648 -3.918746 11.319258 -13.354716 28.019706 -8.343689 8.635367 11.567809 4.701347 
-55.473309 -6.715665 89.423462 -156.446208 1.238390 81.830582 -2.706789 -2.456204 6.560681 -6.308181 -13.553766 22.963214 6.367553 11.245606 -24.126140 nan nan nan -10.286322 -2.523098 -16.564602 3.184329 7.957822 7.541482 7.541037 0.332872 8.188403 nan nan nan -1.756964 -0.007888 4.720523 4.164048 -5.917493 15.610886 -0.102611 -2.357978 -5.280112 -1.029360 15.077190 8.601219 -0.737379 13.266640 -0.210672 -26.595025 -0.180719 1.611462 -51.823831 -8.365854 16.818014 10.949095 -40.573370 -5.337091 -4.169193 -19.641943 -0.544760 28.498642 0.184128 2.727559 54.684572 -4.353071 11.131303 -13.184356 28.446476 -8.382396 9.076750 11.089708 4.841933 
-55.538589 -5.830167 89.329964 -155.800860 1.296919 81.764477 -2.425387 -2.547860 7.276446 -6.390570 -14.257973 22.931373 6.308038 11.196667 -24.521715 nan nan nan -10.603813 -2.389161 -16.747379 3.433808 7.763371 7.774724 7.861370 0.405949 9.128643 nan nan nan -1.710855 -0.200227 4.620208 4.223656 -5.821973 15.611454 -0.144499 -2.277795 -5.147256 -0.973892 15.474400 8.755260 -0.920053 13.274897 -0.243774 -26.387479 -0.214444 1.597404 -52.115404 -8.921181 16.687212 11.071661 -40.537038 -5.455397 -4.169753 -19.780466 -0.373225 28.473637 0.047804 2.901260 54.783607 -4.442211 10.785788 -13.059586 28.498330 -8.162187 9.407900 11.076966 5.135111 
-55.620499 -4.976867 89.271698 -155.222181 1.207886 81.561282 -2.332298 -2.480686 8.090233 -6.647289 -15.218174 23.043023 6.094508 11.512812 -24.931695 nan nan nan -11.068389 -1.998252 -16.745755 3.680628 7.496462 8.189306 8.148865 0.164651 10.067328 nan nan nan -1.835512 -0.458338 4.506955 4.227693 -5.729635 15.700967 -0.254530 -2.081224 -4.931668 -0.872948 15.703711 8.720219 -0.764358 13.812755 -0.197648 -26.564521 -0.683398 1.677137 -51.597605 -8.528421 17.509651 12.372003 -41.652058 -5.192781 -3.482058 -19.383365 -2.529401 28.778490 0.299980 2.662923 54.433191 -5.050074 10.764833 -12.673769 28.591362 -8.491978 8.956278 10.923477 4.662594 
-55.706173 -4.134316 89.208588 -154.564819 1.197474 81.325052 -2.174255 -2.508039 8.859124 -6.776926 -15.763005 23.203306 5.848442 11.553825 -25.225315 nan nan nan -11.434549 -1.542128 -16.722814 3.860703 7.148207 8.960070 8.240178 0.075285 10.845098 nan nan nan -1.747516 -0.874837 4.636877 4.222445 -5.658840 15.505543 -0.344687 -2.005745 -4.610816 -0.795297 16.309223 8.708940 -1.025544 14.405425 -0.278758 -26.492727 -0.401264 1.410109 -51.653132 -9.059603 17.531879 11.967508 -41.700386 -4.726332 -2.417247 -19.428828 -3.824061 28.685218 0.152346 2.731810 54.463059 -4.742182 10.759381 -12.314158 28.210312 -8.155309 8.823828 11.073079 4.470578 
-55.764317 -3.283330 89.128288 -153.796223 1.318364 81.129089 -1.799022 -2.587936 9.462766 -6.951161 -16.272705 23.542468 5.689445 11.547347 -25.701859 nan nan nan -11.661500 -1.005153 -16.648166 3.964757 6.762817 9.897092 8.237686 0.164973 11.457649 nan nan nan -1.541382 -1.251411 4.635720 4.209357 -5.688372 15.718177 -0.532314 -1.967634 -4.600004 -0.522392 16.958051 8.695272 -1.317627 14.669061 -0.319794 -26.556601 -0.352499 1.279329 -51.547342 -9.095706 17.534814 12.595025 -42.183978 -5.274917 -2.566216 -19.609888 -4.019675 28.746766 0.339312 2.803328 54.473226 -4.727832 10.810793 -12.029650 27.869551 -8.104401 9.239524 11.259861 4.292181 
-55.806957 -2.417053 89.059555 -152.976893 1.516601 80.972668 -1.305694 -2.777473 9.935357 -7.168126 -16.641201 24.013697 5.633782 11.543638 -26.131498 nan nan nan -11.829143 -0.400549 -16.490673 4.266463 7.088311 11.002099 8.435809 1.177633 12.122596 nan nan nan -1.299515 -1.558380 4.655999 4.242421 -5.737240 15.835553 -0.653374 -1.988125 -4.581343 -0.450833 17.471933 8.592096 -1.452419 14.819307 -0.221380 -26.730574 -0.339314 1.259377 -51.380386 -9.177667 17.359385 13.110318 -42.560901 -6.120872 -2.965297 -19.833674 -3.717207 28.889747 0.484202 2.997950 54.397445 -4.700596 10.696936 -11.841768 27.648609 -8.206893 9.722813 11.308591 4.507826 
-55.882435 -1.553853 88.978302 -152.161353 1.675901 80.723919 -0.892701 -2.840924 10.512921 -7.392054 -17.216800 24.505350 5.523407 11.614441 -26.408652 nan nan nan -11.894616 0.024571 -16.289186 4.288447 7.334875 12.173837 8.523677 1.235579 11.381827 nan nan nan -1.060353 -1.885732 4.855420 4.273625 -5.774516 15.635517 -0.728857 -1.995813 -4.319461 -0.711876 17.845415 8.474355 -1.513294 15.159766 -0.270973 -26.873484 -0.323861 1.128539 -51.311978 -9.440625 17.408820 13.303949 -42.518128 -5.531244 -2.380858 -20.004374 -4.913209 28.898630 0.514753 3.004148 54.384669 -4.732345 10.736629 -11.704542 27.524291 -7.820984 9.342966 11.405832 4.055991 
-55.974346 -0.677457 88.893684 -151.447839 1.802101 80.492807 -0.541029 -2.813671 11.210888 -7.523606 -17.884252 24.796874 5.320349 11.656629 -26.699050 nan nan nan -11.870035 0.353247 -16.146742 4.367398 7.584903 13.514262 8.359010 1.003830 9.606165 nan nan nan -0.780851 -2.158365 4.993156 4.237985 -5.749451 15.356329 -0.853710 -2.079153 -4.004781 -1.022700 18.122285 8.436548 -1.570500 15.722757 -0.427120 -26.960343 -0.241657 0.808818 -51.332631 -9.603760 17.876098 13.628509 -42.130653 -4.005777 -1.289460 -20.357154 -7.128476 28.900218 0.505666 2.697050 54.505116 -4.837199 11.185935 -11.722804 27.055270 -7.328442 8.721481 11.750161 2.965202 
-56.029064 0.253024 88.815933 -150.680178 1.804407 80.382414 -0.260351 -2.855945 11.854855 -7.632140 -18.406595 25.002348 5.071625 11.750337 -27.204257 nan nan nan -11.896783 0.511633 -16.059951 4.503761 7.712834 15.059993 8.081178 0.935182 7.554919 nan nan nan -0.749882 -2.247938 4.839404 4.172677 -5.800706 15.516961 -0.907087 -2.325778 -4.034322 -1.032930 18.415026 8.526530 -1.648209 16.110552 -0.479127 -27.053629 -0.110417 0.758318 -51.192655 -9.462848 17.830157 14.007163 -42.327355 -4.582821 -1.030275 -20.653376 -7.380915 29.122520 0.603072 2.698291 54.521556 -4.991457 11.575951 -11.781817 26.792910 -7.359266 8.546111 12.178046 2.281705 
-56.037441 1.217867 88.752510 -149.833058 1.633667 80.383492 -0.106219 -2.998914 12.274730 -7.725107 -18.608506 25.372337 4.992667 11.710072 -27.633377 nan nan nan -12.061027 0.629076 -15.955265 4.578528 7.799191 16.680970 7.655020 1.096095 5.444000 nan nan nan -1.128139 -2.262344 4.343275 4.107040 -5.952228 16.372214 -0.762540 -2.599144 -4.480255 -0.807648 18.948600 8.640938 -1.766029 16.215915 -0.368186 -27.337804 -0.104143 1.103658 -50.521020 -8.918485 16.755116 14.323447 -43.625869 -8.819666 -2.962112 -20.498188 -3.650511 29.525432 0.799509 3.161315 54.325936 -4.946358 11.496064 -11.783276 26.913401 -8.000958 9.424179 12.106800 3.249111 
-56.054340 2.153596 88.690475 -148.931708 1.468127 80.428053 0.037546 -3.115262 12.554547 -7.904455 -18.899283 25.866031 4.842868 11.814314 -27.907141 nan nan nan -12.262056 0.765544 -15.833984 4.805363 8.044845 18.289427 7.148500 1.115621 3.198497 nan nan nan -1.539484 -2.395856 3.817233 4.118853 -6.146136 16.984823 -0.580648 -2.650094 -4.707987 -0.871510 19.288053 8.824708 -1.772798 16.867216 -0.321656 -27.523085 -0.308228 1.237299 -50.278009 -8.731621 16.567571 14.784150 -43.749924 -9.067129 -3.468464 -20.379825 -3.211157 29.604257 0.869042 3.324188 54.408452 -4.914304 11.564415 -11.812341 26.807590 -7.838393 9.640833 12.071897 3.126088 
-56.047947 3.083648 88.632927 -147.970152 1.462731 80.491655 0.392780 -3.254710 12.722049 -8.081469 -19.051528 26.464444 4.625418 11.921530 -28.246551 nan nan nan -12.236290 0.773781 -15.697851 4.975067 8.111596 19.824542 6.649474 1.105814 1.274993 nan nan nan -1.741319 -2.539258 3.395724 4.138641 -6.362882 17.347232 -0.441393 -2.736670 -4.801431 -0.936030 19.590996 8.952142 -1.837953 17.631110 -0.358652 -27.714493 -0.485692 1.416563 -50.133293 -8.603796 16.278537 15.059744 -43.760714 -9.374021 -3.236237 -20.344582 -3.591879 29.600486 0.856195 3.444382 54.574837 -4.782800 11.531223 -11.664647 26.622610 -7.482257 9.251907 12.055212 3.000771 
-56.013935 3.987323 88.581512 -147.016237 1.555195 80.571237 0.913522 -3.421912 12.791550 -8.304223 -19.192109 27.120114 4.593617 12.128603 -28.484714 nan nan nan -11.990388 0.775220 -15.442595 5.034031 8.271360 20.973458 5.969492 0.810302 -0.405908 nan nan nan -1.862672 -2.676113 3.203181 4.182075 -6.531459 17.271936 -0.309170 -2.787039 -4.682707 -1.167298 19.766974 8.927837 -1.711876 18.075390 -0.307286 -27.699102 -0.664191 1.505233 -50.212945 -8.525131 16.179576 14.943176 -43.507198 -9.775191 -1.903056 -20.441142 -4.730603 29.517267 0.750879 3.371745 54.768708 -4.737793 11.484923 -11.368447 26.513057 -6.988138 8.514213 11.748789 3.129713 
-55.998821 4.855520 88.538437 -146.289246 1.671688 80.657894 1.409815 -3.529117 12.847021 -8.462910 -19.278005 27.848700 4.409715 12.226917 -28.691328 nan nan nan -11.596537 0.903062 -15.159665 4.993569 8.458563 21.846831 5.283766 0.301627 -2.038682 nan nan nan -1.769664 -2.815698 3.022205 4.125401 -6.583517 17.175210 -0.290653 -2.837691 -4.561975 -1.361798 20.063902 8.768842 -1.522123 18.421551 -0.052956 -27.685966 -0.701784 1.571141 -50.307487 -8.394773 16.058887 15.243960 -43.363791 -10.378758 -1.199121 -20.275263 -4.845158 29.455824 0.689564 3.362263 54.965025 -4.641819 11.532905 -11.244408 26.316851 -6.717195 8.196725 11.549821 3.164072 
-56.026520 5.708817 88.500832 -145.705510 1.771105 80.721136 1.883327 -3.535926 12.894364 -8.731513 -19.214172 28.670763 4.123029 12.319801 -28.901856 nan nan nan -11.225048 0.996893 -14.730641 5.004146 8.442249 22.380872 4.748728 -0.220003 -3.519539 nan nan nan -1.603308 -2.826515 2.798903 4.081148 -6.590992 17.118446 -0.277638 -2.898720 -4.445420 -1.396116 20.341359 8.825180 -1.501902 18.856015 0.044376 -27.793608 -0.704443 1.636734 -50.417660 -8.277370 15.845960 15.555550 -43.258729 -10.771437 -1.264323 -20.014331 -4.443974 29.323108 0.631214 3.175839 55.135099 -4.686099 11.555169 -11.172165 26.082685 -6.395454 8.528676 11.663554 2.849958 
-56.058121 6.528612 88.470284 -145.150729 1.802651 80.750361 2.258033 -3.469442 12.896401 -9.018944 -19.020719 29.546383 3.926607 12.460757 -29.015267 nan nan nan -10.954012 0.956786 -14.138024 5.020248 8.167773 22.592750 4.217053 -0.668455 -4.882570 nan nan nan -1.470311 -2.799478 2.652329 4.058044 -6.584577 17.115700 -0.293695 -2.872949 -4.412702 -1.399565 20.585150 9.011894 -1.659700 19.117020 -0.049301 -27.849308 -0.594157 1.631278 -50.400827 -8.398589 15.752618 15.257984 -42.981682 -10.185607 -1.734022 -19.820063 -3.965771 29.186060 0.560433 2.977791 55.334614 -4.822644 11.549846 -11.191505 25.956310 -6.035189 8.813821 11.763077 2.565784 
-56.054043 7.316032 88.442932 -144.502168 1.785957 80.949386 2.623321 -3.513870 12.550359 -9.372087 -18.635671 30.607133 3.630196 12.426529 -29.085902 nan nan nan -10.814181 0.738819 -13.630986 5.042092 7.531810 22.586700 3.663846 -1.031524 -5.999785 nan nan nan -1.331492 -2.739573 2.352227 3.980954 -6.618409 17.173657 -0.366584 -2.875978 -4.526889 -1.381368 20.816689 9.305297 -1.792367 19.343955 -0.163638 -27.862004 -0.401623 1.667395 -50.171586 -8.623343 15.736002 14.833415 -42.648237 -9.222999 -2.724291 -19.492648 -3.069337 29.123645 0.422263 2.939661 55.582329 -4.847950 11.508917 -11.251062 25.834126 -5.989074 9.218015 11.841869 2.225873 
-56.060665 8.115444 88.419945 -143.680317 1.760569 81.157168 3.074527 -3.628947 12.115834 -9.801555 -18.143051 31.702367 3.250962 12.243902 -29.019800 nan nan nan -10.797356 0.385171 -12.967232 5.089821 6.705030 22.388107 3.117398 -1.243617 -6.934203 nan nan nan -1.264580 -2.589171 2.066738 3.923100 -6.739288 17.116327 -0.363112 -3.047692 -4.486801 -1.306730 21.113455 9.481741 -2.033818 19.664832 -0.270438 -27.822323 -0.254310 1.758854 -50.124372 -8.803588 15.703193 14.540155 -42.303433 -8.670224 -3.164414 -19.325660 -2.543883 29.032676 0.319997 2.967935 55.827320 -4.841799 11.479046 -11.378071 25.802005 -5.998209 9.409407 11.901186 1.940979 
-56.076046 8.874315 88.417763 -142.935380 1.792205 81.364975 3.692171 -3.612920 11.606082 -10.300510 -17.571288 32.778637 2.745266 12.032151 -28.806409 nan nan nan -10.733912 0.076357 -12.293584 5.170719 6.071984 22.094747 2.605280 -1.357857 -7.658363 nan nan nan -1.162821 -2.468881 1.827120 3.908399 -6.858995 16.991803 -0.312676 -3.176624 -4.332846 -1.367215 21.507632 9.614415 -2.309369 19.904258 -0.522158 -27.906227 -0.196103 1.800287 -50.268820 -8.882182 15.520003 14.486841 -41.883731 -8.747250 -3.224887 -19.294201 -2.469882 28.898853 0.363857 2.973814 55.953657 -4.844994 11.309255 -11.454742 25.798565 -5.879544 9.079637 12.089873 2.136313 
-56.112217 9.573545 88.429375 -142.308378 1.714997 81.511561 4.152360 -3.449837 11.120338 -10.658410 -16.804877 33.813242 2.379413 11.913316 -28.485297 nan nan nan -10.764640 -0.272904 -11.638712 5.270706 5.775837 21.829463 2.070763 -1.505316 -8.315683 nan nan nan -1.122817 -2.410144 1.725433 3.846552 -6.977249 17.004061 -0.312832 -3.105179 -4.410977 -1.307114 21.934316 9.697721 -2.441145 20.064084 -0.496633 -28.016401 -0.032025 1.810667 -50.481855 -8.954775 15.294332 14.550928 -41.457821 -8.920193 -3.566789 -19.183000 -2.004228 28.886764 0.333890 2.955463 55.999502 -4.842288 11.255574 -11.649234 25.877449 -5.989892 8.808345 12.202343 2.148587 
-56.153324 10.228912 88.452988 -141.714866 1.611086 81.718706 4.509814 -3.176285 10.564199 -10.730522 -15.879458 34.755685 2.227722 11.713048 -28.106904 nan nan nan -10.804831 -0.657611 -11.131368 5.358546 5.772105 21.584832 1.685062 -1.624918 -8.826071 nan nan nan -1.054858 -2.342482 1.618893 3.764441 -7.089078 17.020360 -0.300266 -2.978024 -4.545924 -1.240217 22.374164 9.746638 -2.670699 20.140993 -0.450663 -28.118388 0.053738 1.682888 -50.692558 -8.885880 15.141597 14.449251 -40.948830 -8.899061 -4.300574 -19.058489 -1.385555 28.849064 0.241807 2.838500 55.992617 -4.842455 11.167077 -11.705887 25.999293 -6.391552 9.123931 12.181545 1.841915 
-56.169827 10.867783 88.492470 -141.215334 1.622816 81.969616 5.001131 -2.873178 9.972108 -10.862812 -15.052143 35.694763 2.062707 11.491523 -27.702934 nan nan nan -10.675781 -0.862128 -10.894611 5.402451 5.693551 21.596966 1.464623 -1.712369 -9.321202 nan nan nan -0.866242 -2.243005 1.457589 3.742172 -7.086289 17.124611 -0.280217 -2.900620 -4.768900 -1.072358 22.826665 9.739255 -2.942458 20.368100 -0.255548 -28.339546 0.083880 1.607909 -50.745806 -8.743212 15.113603 14.352747 -40.496628 -8.615493 -4.695237 -19.008012 -1.129864 28.775901 0.196152 2.913806 55.943731 -4.712375 11.024877 -11.671827 26.014689 -6.811025 9.324713 12.228772 1.427876 
-56.192440 11.450933 88.547867 -140.752241 1.663689 82.205568 5.470637 -2.617162 9.343572 -11.113635 -14.323102 36.703086 1.910274 11.363198 -27.179906 nan nan nan -10.499351 -0.954777 -10.757017 5.418723 5.693540 21.712939 1.311692 -1.876038 -9.851536 nan nan nan -0.580115 -2.110719 1.220118 3.716545 -7.016814 17.391784 -0.292724 -2.833246 -4.976283 -0.901530 23.162881 9.575166 -3.184220 20.844343 0.075614 -28.713210 -0.022315 1.734816 -50.596953 -8.759130 15.027659 14.364337 -40.036990 -8.462983 -5.027049 -18.707252 -1.054237 28.605766 0.189313 3.197236 56.005941 -4.406955 10.819047 -11.715399 25.963885 -6.905456 9.517065 11.934043 1.172732 
-56.193485 11.955553 88.605446 -140.249130 1.707141 82.454245 5.861784 -2.432423 8.562525 -11.292493 -13.545122 37.846043 1.759361 11.207207 -26.519379 nan nan nan -10.374754 -1.002069 -10.725571 5.481590 5.590972 21.908485 1.235603 -2.107546 -10.390662 nan nan nan -0.260504 -1.979607 1.076749 3.690915 -6.903121 17.640481 -0.262641 -2.758440 -5.134116 -1.021884 23.502841 9.279890 -3.330929 21.186222 0.246198 -28.975181 -0.319723 1.863291 -50.653960 -8.781870 14.924910 14.504645 -39.478341 -8.576417 -5.571547 -18.296622 -0.840862 28.338267 0.165323 3.306767 56.100729 -4.177380 10.608788 -11.791658 26.118554 -6.790772 9.616826 11.499879 1.074576 
-56.187534 12.435229 88.693405 -139.574087 1.718847 82.529892 6.170852 -2.287183 7.914578 -11.277612 -12.694377 38.900859 1.546215 10.877486 -25.728404 nan nan nan -10.343706 -1.071259 -10.350212 5.480950 5.217847 21.899073 1.084044 -2.193615 -10.649797 nan nan nan -0.039727 -1.886052 1.267554 3.688931 -6.864873 17.784369 -0.199450 -2.741299 -5.274723 -1.114636 23.941915 9.139798 -3.679826 21.314962 0.159663 -29.031316 -0.543363 1.815327 -50.973219 -8.844757 14.928071 14.487930 -38.710428 -8.735924 -5.997780 -18.378798 -0.864067 28.131357 0.312760 3.281546 56.128451 -4.100509 10.576078 -11.967505 26.401900 -7.004123 9.336263 11.673571 1.127915 
-56.218212 12.935167 88.816658 -138.806986 1.700017 82.535215 6.444047 -2.141471 7.362593 -11.349068 -11.989974 39.887459 1.269245 10.522765 -24.990816 nan nan nan -10.341120 -1.217858 -9.698163 5.419120 4.770502 21.668674 0.841320 -2.166751 -10.678639 nan nan nan 0.110789 -1.839727 1.551743 3.698647 -6.945171 17.711030 -0.133805 -2.684420 -5.313792 -1.080185 24.348924 9.379982 -4.150157 21.602711 -0.130209 -29.186811 -0.735036 1.806724 -51.118686 -8.801300 14.965580 14.283302 -38.033570 -8.616059 -6.350145 -18.616889 -1.130065 27.941698 0.648048 3.326121 56.150262 -4.074684 10.546260 -12.181538 26.488469 -7.423029 9.094035 11.947670 1.065046 
-56.254963 13.428069 88.939697 -138.211840 1.674760 82.558761 6.731288 -1.934120 6.827122 -11.446784 -11.128882 40.811022 0.969687 10.352292 -24.347159 nan nan nan -10.299348 -1.293944 -9.080375 5.350688 4.308713 21.346240 0.591626 -2.143915 -10.802023 nan nan nan 0.258087 -1.734740 1.667633 3.685806 -6.982924 17.899195 -0.072141 -2.557259 -5.393554 -0.879335 24.824910 9.495362 -4.693003 21.935544 -0.252308 -29.288460 -0.968271 1.867557 -51.418404 -8.819671 14.933528 14.331078 -37.276742 -8.562168 -6.765086 -18.872812 -1.237743 27.718444 1.013707 3.391228 56.204776 -3.958603 10.478033 -12.425145 26.453323 -7.811218 9.195112 12.108954 0.953816 
-56.283493 13.863479 89.052467 -137.699783 1.609973 82.649442 6.914066 -1.753927 6.189412 -11.448202 -10.094504 41.681660 0.806340 10.397392 -23.611022 nan nan nan -10.267383 -1.282111 -8.588097 5.265798 3.855224 20.992720 0.416501 -2.301007 -11.025212 nan nan nan 0.416721 -1.562361 1.897868 3.635727 -6.879884 17.686352 0.008879 -2.492764 -5.259483 -0.901078 25.068296 9.518515 -4.965037 22.266822 -0.403609 -29.269542 -1.261899 1.909029 -51.887254 -8.693451 14.968303 14.537480 -36.546225 -8.545478 -6.414949 -18.909854 -1.400980 27.528647 1.217660 3.276847 56.116929 -3.938565 10.316695 -12.402349 26.603241 -7.753461 9.091771 11.992978 1.344846 
-56.319054 14.271240 89.180481 -137.156951 1.567269 82.748027 7.055483 -1.603487 5.539891 -11.393144 -9.152686 42.492026 0.707466 10.492368 -22.742601 nan nan nan -10.173647 -1.299829 -8.020584 5.155757 3.566169 20.487764 0.251907 -2.606053 -11.209206 nan nan nan 0.584687 -1.404091 2.316434 3.622792 -6.748419 17.069680 0.126408 -2.441856 -5.008885 -1.163943 24.987264 9.606266 -5.181017 22.598174 -0.760806 -29.342350 -1.415263 1.954703 -52.249654 -8.577717 15.017415 14.516057 -35.855868 -8.242716 -5.589478 -18.715847 -1.720258 27.286777 1.315633 3.255822 55.993754 -3.921181 10.067202 -12.297060 26.902728 -7.631826 8.533127 11.842141 1.599639 
-56.349777 14.656263 89.291222 -136.689847 1.453599 82.779808 7.104778 -1.298985 4.955455 -11.184653 -8.195740 43.262673 0.753767 10.607332 -21.896083 nan nan nan -10.112443 -1.399425 -7.455972 4.961277 3.324668 20.032531 0.093116 -2.790678 -11.338981 nan nan nan 0.673787 -1.167743 2.454931 3.577488 -6.656326 17.379022 0.185539 -2.404094 -5.198867 -1.301590 25.122523 9.533170 -5.523822 22.638761 -1.093699 -29.251656 -1.627540 2.003067 -52.621528 -8.492627 15.118417 14.508650 -35.287868 -7.892861 -5.281989 -18.428039 -1.867708 26.982259 1.575796 3.272002 56.062198 -3.828185 10.097582 -12.523302 27.136648 -7.905088 7.945059 11.738486 1.230719 
-56.396427 15.025759 89.378349 -136.276027 1.166546 82.821967 6.967350 -0.975734 4.358169 -10.882336 -6.967234 43.994987 0.813203 10.891899 -21.244750 nan nan nan -10.249093 -1.492214 -6.956239 4.789747 3.147664 19.590790 -0.022325 -2.943706 -11.566020 nan nan nan 0.625391 -0.845590 2.376492 3.434978 -6.581092 18.044450 0.169142 -2.344025 -5.442912 -1.532025 25.212009 9.382522 -5.860172 22.451066 -1.629304 -29.012902 -1.927504 2.009635 -52.943607 -8.354784 15.226968 14.458109 -34.858096 -7.666640 -5.172098 -18.119675 -1.978819 26.782269 1.857453 3.171353 56.106453 -3.769010 10.238425 -12.792675 27.339227 -8.218694 7.313157 11.123318 0.813168 
-56.439606 15.383578 89.472382 -135.749559 0.874429 82.990921 6.858643 -0.727603 3.565618 -10.532546 -5.510431 44.778074 0.821131 11.122016 -20.577099 nan nan nan -10.346840 -1.705937 -6.565558 4.585134 3.181085 19.090698 -0.121534 -3.232382 -11.729090 nan nan nan 0.549662 -0.607013 2.516725 3.336468 -6.632858 17.817650 0.171110 -2.172680 -5.315490 -1.361320 25.406224 9.169035 -5.867331 22.943333 -1.232338 -28.966849 -1.998978 2.011571 -53.063821 -8.163333 15.294867 14.285595 -34.486121 -7.239740 -5.834588 -17.776609 -2.047217 26.651961 1.884146 3.231329 55.995566 -3.541857 10.291529 -13.069064 27.570599 -8.473961 7.447146 10.633762 0.728899 
-56.476662 15.731265 89.564987 -135.085725 0.589377 83.198135 6.765203 -0.614058 2.717729 -10.164414 -4.115975 45.583429 0.712241 11.148649 -19.846564 nan nan nan -10.526040 -2.043281 -6.278016 4.435512 3.020203 18.837956 -0.288456 -3.356741 -11.876434 nan nan nan 0.451039 -0.430774 2.744621 3.246409 -6.753677 17.334562 0.173658 -2.039433 -5.132782 -1.417176 25.553663 9.161037 -5.784742 23.138851 -1.126833 -28.860665 -1.836378 1.979463 -53.240352 -8.054869 15.302736 13.920227 -34.025717 -6.721244 -6.663133 -17.655624 -1.959621 26.614470 1.861473 3.395753 55.691963 -3.214315 10.196020 -13.061172 27.977660 -8.908978 8.112825 11.147277 0.894987 
-56.523384 16.076742 89.651237 -134.449538 0.360942 83.380010 6.746952 -0.491730 1.906068 -9.819623 -2.807725 46.415383 0.543241 11.169376 -19.107877 nan nan nan -10.685362 -2.335633 -6.012761 4.320286 2.792706 18.709057 -0.423373 -3.389429 -12.079147 nan nan nan 0.410479 -0.222205 2.938896 3.145754 -6.783332 16.972690 0.223603 -1.947770 -5.041520 -1.447123 25.754445 9.255135 -5.788940 23.242235 -1.095541 -28.700093 -1.775443 1.987879 -53.546077 -7.881988 15.287483 13.570755 -33.561093 -6.249316 -6.767149 -17.752198 -1.743667 26.440472 1.796253 3.482000 55.461752 -2.979689 10.010838 -12.906204 28.343572 -9.061832 8.311639 11.791643 1.263971 
-56.591698 16.402256 89.740768 -133.913162 0.114249 83.496840 6.669937 -0.253991 1.244984 -9.428738 -1.555706 47.129515 0.599795 11.456487 -18.465338 nan nan nan -10.949664 -2.557274 -5.717016 4.347706 2.566192 18.575883 -0.423900 -3.375157 -12.203051 nan nan nan 0.391307 0.010413 3.125956 3.036817 -6.705802 16.888883 0.240801 -1.818135 -5.128433 -1.389122 25.777650 9.263485 -5.848234 23.372383 -1.051925 -28.701541 -1.800748 2.040771 -53.688549 -7.654653 15.297311 13.447108 -33.238878 -6.016205 -6.835824 -17.722767 -1.397595 26.267162 1.753589 3.565115 55.337875 -2.868563 9.858783 -13.028217 28.666942 -9.134881 8.223557 11.915879 1.776831 
-56.692619 16.732470 89.828690 -133.333265 -0.036487 83.543571 6.647489 -0.027247 0.723514 -8.879548 -0.293339 47.757196 0.776047 11.839972 -17.824271 nan nan nan -11.219565 -2.820610 -5.166521 4.473694 2.258178 18.180432 -0.367628 -3.332709 -12.192810 nan nan nan 0.542003 0.201646 3.205177 2.917389 -6.703935 17.048751 0.181888 -1.700331 -5.235376 -1.390438 25.779538 9.306025 -6.095793 23.503523 -1.114248 -28.805373 -1.813217 2.062047 -53.660626 -7.324733 15.306665 13.282845 -33.187012 -5.838098 -7.077421 -17.551592 -0.897194 26.120017 1.748324 3.508722 55.168929 -2.865973 9.793088 -13.293748 29.111557 -9.306700 8.412922 11.830301 2.266157 
-56.787136 17.033634 89.908607 -132.663137 -0.105229 83.648299 6.744975 0.055291 0.064804 -8.420076 0.993827 48.403715 0.926199 12.289922 -17.162258 nan nan nan -11.422993 -3.026264 -4.634470 4.639180 1.941356 17.718069 -0.395162 -3.434974 -12.169662 nan nan nan 0.860256 0.399390 3.195541 2.785655 -6.743625 17.283871 0.096718 -1.698972 -5.403802 -1.454810 25.770900 9.226622 -6.315634 23.656454 -0.938281 -28.932710 -1.904211 2.118185 -53.490035 -6.844236 15.338761 12.991093 -33.271834 -5.406618 -6.802387 -17.592739 -0.995644 25.960866 1.776428 3.378210 54.888360 -2.971841 9.787328 -13.338898 29.673808 -9.344441 8.228384 11.856024 2.303974 
-56.838234 17.294411 89.987785 -132.099935 -0.193405 83.859595 6.828532 0.249739 -0.741859 -7.967020 2.220695 49.041020 1.013320 12.728385 -16.682479 nan nan nan -11.551567 -3.075954 -4.448515 4.684609 1.509950 17.526586 -0.440191 -3.468665 -12.185752 nan nan nan 1.064611 0.613201 3.191697 2.719090 -6.666996 17.441054 0.048685 -1.679874 -5.607126 -1.453485 25.870716 9.242131 -6.394061 23.729647 -0.975729 -29.055094 -1.866920 2.106889 -53.360466 -6.490930 15.380596 12.640098 -33.163320 -4.749021 -6.633518 -17.800063 -1.206751 25.868595 1.713927 3.336042 54.462986 -2.995055 9.666229 -13.222630 30.317374 -9.400512 7.875129 11.935472 2.345902 
-56.882992 17.541613 90.055374 -131.501696 -0.285507 84.110816 6.880449 0.476154 -1.555981 -7.406127 3.357423 49.574231 1.064740 13.185373 -16.527599 nan nan nan -11.630120 -3.192347 -4.333632 4.646902 1.024110 17.390147 -0.502381 -3.539412 -12.244259 nan nan nan 1.254217 0.823995 3.295312 2.676422 -6.539305 17.261330 -0.022956 -1.653836 -5.677665 -1.453626 25.835932 9.368833 -6.484973 23.628281 -1.211471 -29.167592 -1.619582 2.115320 -53.266087 -6.401027 15.353344 12.241276 -32.923383 -4.247779 -7.011323 -17.900353 -1.351258 25.776406 1.527775 3.366964 54.105689 -2.962887 9.480944 -13.173695 30.901595 -9.495981 7.752391 11.971467 2.390971 
-56.961880 17.766376 90.126526 -130.948415 -0.403768 84.337590 6.910265 0.758688 -2.235427 -6.948536 4.417938 49.861388 1.078719 13.593387 -16.846557 nan nan nan -11.795381 -3.450485 -4.177608 4.694698 0.648850 17.215623 -0.410398 -3.538155 -12.245525 nan nan nan 1.431581 1.047007 3.351733 2.627477 -6.423033 17.096013 -0.104531 -1.591033 -5.693367 -1.604406 25.746896 9.417478 -6.498000 23.479696 -1.370059 -29.280138 -1.418345 2.142358 -53.248173 -6.306825 15.334203 11.877445 -32.669134 -4.150741 -7.221989 -17.637145 -1.462913 25.752179 1.445420 3.379011 53.689979 -3.040787 9.291607 -13.225645 31.471095 -9.681777 7.709957 12.090196 2.541986 
-57.070015 17.978453 90.182869 -130.374403 -0.525959 84.515566 6.944184 1.050336 -2.821805 -6.616554 5.357375 50.018219 1.112404 13.777686 -17.235571 nan nan nan -12.011638 -3.841690 -3.923561 4.789390 0.376884 16.973097 -0.236108 -3.500603 -12.216672 nan nan nan 1.598552 1.240500 3.299824 2.560388 -6.364038 17.069484 -0.173024 -1.477366 -5.582282 -1.802943 25.718803 9.189930 -6.384505 23.428256 -1.234574 -29.367336 -1.354528 2.108414 -53.383994 -6.230570 15.317507 11.608247 -32.256154 -4.430707 -6.925055 -17.408240 -1.683885 25.698337 1.407162 3.279277 53.251431 -3.032558 8.987573 -13.214804 31.982514 -10.239746 7.594648 12.310852 2.600297 
-57.176666 18.191431 90.233025 -129.792015 -0.651738 84.710567 7.013894 1.333025 -3.386587 -6.403218 6.291805 50.034479 1.189169 13.853450 -17.460549 nan nan nan -12.195098 -4.308696 -3.720707 4.839024 0.135256 16.776710 -0.122084 -3.506296 -12.212706 nan nan nan 1.694154 1.418057 3.247969 2.521702 -6.308850 17.007675 -0.178591 -1.336849 -5.483191 -1.970188 25.583861 9.112780 -6.313886 23.441643 -1.216245 -29.536701 -1.309796 2.058132 -53.383963 -6.054516 15.331776 11.213259 -31.803555 -4.256080 -6.607588 -17.639821 -1.831162 25.592248 1.276204 3.269641 52.785165 -2.865974 8.622043 -13.132666 32.359312 -10.556615 7.481278 12.460326 2.695228 
-57.264614 18.402308 90.293526 -129.143939 -0.808388 84.834816 7.065959 1.588339 -3.857426 -6.243915 7.114375 49.900420 1.178650 13.936253 -17.702270 nan nan nan -12.356220 -4.667144 -3.434209 4.819400 -0.171196 16.566420 -0.062449 -3.570249 -12.189350 nan nan nan 1.710525 1.637684 3.370804 2.493218 -6.229525 16.895380 -0.143116 -1.276365 -5.451285 -2.011935 25.360503 9.114373 -6.365000 23.336014 -1.326603 -29.637715 -1.322274 2.052860 -53.431516 -5.764905 15.328345 10.951202 -31.362915 -4.114772 -6.086670 -18.035702 -2.053734 25.546572 1.201006 3.177492 52.261692 -2.863275 8.314779 -12.913985 32.703957 -10.445478 7.509267 12.586894 3.159542 
-57.376324 18.600645 90.346046 -128.440214 -0.983069 84.942791 7.101686 1.846614 -4.274137 -6.256645 7.786873 49.619626 1.110064 13.993107 -18.202029 nan nan nan -12.590253 -4.871903 -3.118976 4.849563 -0.624638 16.390599 0.039184 -3.648564 -12.214599 nan nan nan 1.720134 1.799013 3.429394 2.442845 -6.160294 16.920470 -0.186347 -1.239968 -5.471794 -2.006337 25.283549 9.005735 -6.527370 23.097118 -1.429212 -29.628352 -1.228110 1.967519 -53.660939 -5.485448 15.353467 10.876604 -30.944256 -4.308265 -5.631379 -18.195590 -2.070297 25.573259 1.289128 3.084986 51.808514 -3.056392 8.247644 -12.924809 33.058415 -10.571192 7.306558 13.004466 3.420507 
-57.497902 18.777529 90.403427 -127.769990 -1.124465 85.026530 7.134480 2.143291 -4.630452 -6.333128 8.337287 49.220883 1.001965 14.061942 -18.780975 nan nan nan -12.815232 -5.107586 -2.757383 4.921723 -1.009686 16.146632 0.281691 -3.694190 -12.222493 nan nan nan 1.806762 1.969485 3.570638 2.388936 -6.061905 16.840870 -0.200964 -1.256256 -5.456476 -2.117370 25.177447 8.913910 -6.882101 22.894157 -1.738028 -29.692443 -1.075914 1.824887 -53.825873 -5.163489 15.382981 10.804610 -30.576346 -4.447019 -5.489087 -18.099327 -1.624910 25.542884 1.334326 2.983227 51.348660 -3.246780 8.299781 -12.986981 33.427973 -10.673468 6.943587 13.505425 3.339574 
-57.614250 18.925673 90.458023 -127.139702 -1.313370 85.086403 7.151845 2.421000 -4.932176 -6.537936 8.894747 48.708847 0.925636 14.134886 -19.189738 nan nan nan -13.102464 -5.376976 -2.379072 4.971394 -1.327577 15.900968 0.431089 -3.716274 -12.300596 nan nan nan 1.845346 2.179941 3.760836 2.323430 -5.941020 16.652159 -0.181792 -1.298578 -5.286857 -2.093324 25.084249 8.947428 -7.395849 22.835328 -2.290290 -29.711937 -0.915841 1.617775 -53.972133 -4.901285 15.390933 10.706423 -30.181030 -4.308071 -5.890546 -17.920915 -1.135300 25.372205 1.296051 2.782121 51.061576 -3.292561 8.287033 -13.031281 33.706255 -10.656178 6.730956 13.546356 3.408257 
-57.731178 19.078817 90.497925 -126.469273 -1.462354 85.164913 7.197487 2.774905 -5.255596 -6.813664 9.232623 48.100834 1.103716 14.244704 -19.475318 nan nan nan -13.295840 -5.664108 -2.010987 4.942438 -1.613608 15.682740 0.459473 -3.865691 -12.312616 nan nan nan 1.878916 2.288029 3.834656 2.264884 -5.890430 16.581057 -0.183790 -1.221573 -5.149948 -1.854962 25.037397 8.971459 -7.931202 23.020764 -2.546547 -29.662028 -0.806628 1.442106 -54.137177 -4.610125 15.378381 10.581772 -29.788865 -4.074879 -6.004385 -17.784395 -1.282088 25.061995 1.289403 2.642108 50.979147 -3.232266 8.214611 -13.107471 33.827347 -10.804122 6.346852 13.734616 3.108728 
-57.825081 19.225660 90.521156 -125.699655 -1.601624 85.284243 7.272900 3.159521 -5.697448 -7.133186 9.459324 47.446895 1.148992 14.374549 -20.057965 nan nan nan -13.496995 -5.979756 -1.666396 4.956488 -1.886949 15.440087 0.519792 -4.101289 -12.378699 nan nan nan 1.895578 2.375210 3.883897 2.229090 -5.922991 16.634984 -0.205751 -1.081678 -5.174179 -1.617398 24.894372 8.743400 -8.210364 23.154525 -2.285987 -29.703332 -0.731137 1.428490 -54.115372 -4.375508 15.403942 10.401376 -29.420193 -3.765427 -5.671564 -17.839696 -1.849039 24.915573 1.356768 2.676904 50.791749 -3.288573 8.153943 -13.416187 34.124890 -11.380898 5.556892 13.944511 2.171353 
-57.902245 19.329901 90.523033 -124.853887 -1.724789 85.539264 7.304816 3.480259 -6.371563 -7.378461 9.642763 46.806727 0.845562 14.516095 -20.791226 nan nan nan -13.701881 -6.275552 -1.494015 5.021991 -2.241389 15.216070 0.648533 -4.302575 -12.488660 nan nan nan 1.938107 2.449560 3.802562 2.182616 -5.957658 16.741025 -0.264943 -0.917352 -5.308971 -1.673919 24.672733 8.444938 -8.144293 23.122454 -2.161187 -29.843236 -0.562776 1.681181 -54.065402 -4.390672 15.310844 10.255535 -29.087727 -3.468133 -5.517688 -17.483353 -1.636994 24.899793 1.380481 3.077683 50.527682 -3.196198 7.784361 -13.718979 34.414027 -11.720626 5.159571 13.596038 2.046586 
-58.018169 19.427591 90.534111 -124.044225 -1.793452 85.838691 7.351880 3.831048 -7.041217 -7.580672 9.792098 46.066629 0.562330 14.545620 -21.133203 nan nan nan -13.832396 -6.464878 -1.329614 5.039331 -2.707883 14.925865 0.734150 -4.486095 -12.531045 nan nan nan 2.059784 2.487656 3.647993 2.126864 -5.925848 16.788893 -0.320216 -0.791615 -5.416578 -1.653775 24.517968 8.254221 -8.235876 23.048957 -2.074602 -30.092352 -0.326508 1.761751 -53.992714 -4.325892 15.185784 10.205483 -28.625530 -3.417281 -5.995835 -17.165575 -0.920984 24.789612 1.356110 3.324273 50.277954 -3.087392 7.514307 -13.874410 34.410629 -11.945875 5.561693 13.625006 1.837571 
-58.126633 19.501991 90.555832 -123.289829 -1.861797 86.110014 7.406672 4.168497 -7.682584 -7.814509 9.998033 45.196505 0.423453 14.539143 -21.453485 nan nan nan -13.968557 -6.614283 -1.148714 5.090674 -3.088761 14.619724 0.864192 -4.643996 -12.544432 nan nan nan 2.194357 2.603732 3.625512 2.067975 -5.853221 16.692986 -0.342699 -0.705866 -5.449474 -1.608812 24.411099 8.152687 -8.461344 22.977896 -1.901954 -30.149692 -0.393196 1.597128 -54.115576 -3.908641 15.336490 10.317790 -28.044834 -3.461451 -6.399322 -17.164367 -0.901205 24.639664 1.365585 3.090115 50.016992 -3.311376 7.505472 -13.908149 34.480043 -12.153431 5.751753 13.936928 1.357928 
-58.248062 19.566494 90.569191 -122.501484 -2.005659 86.274469 7.360842 4.337232 -8.196537 -8.089061 10.132906 44.277249 0.456604 14.403867 -21.862502 nan nan nan -14.204685 -6.835865 -0.868392 5.139644 -3.354002 14.396361 1.064686 -4.746424 -12.623338 nan nan nan 2.229911 2.781165 3.657324 1.995556 -5.797689 16.683551 -0.342482 -0.639358 -5.445460 -1.658631 24.333640 8.055548 -8.603121 22.758318 -1.998967 -29.989104 -0.504734 1.495530 -54.469990 -3.598543 15.472551 10.440851 -27.508762 -3.498954 -6.668565 -16.927434 -0.819846 24.608290 1.482115 3.137115 49.800414 -3.539049 7.365207 -14.310542 34.772560 -12.608646 5.591276 13.973038 1.047823 
-58.371147 19.640913 90.574310 -121.582308 -2.117679 86.352932 7.349529 4.550783 -8.657173 -8.285731 10.112552 43.408923 0.569978 14.141342 -22.087182 nan nan nan -14.406144 -7.116689 -0.389187 5.198247 -3.646976 14.054012 1.257896 -4.933657 -12.640029 nan nan nan 2.220130 2.908809 3.753332 1.966199 -5.782046 16.688843 -0.292558 -0.580349 -5.458748 -1.612786 24.314713 7.896193 -8.703622 22.510339 -1.973062 -29.976141 -0.363370 1.489074 -54.654157 -3.530585 15.395299 10.263644 -27.129790 -3.294797 -6.756366 -16.642620 -0.404796 24.553100 1.540229 3.629084 49.552313 -3.497646 6.849463 -14.447419 35.179130 -12.962975 5.293922 13.873317 1.040184 
-58.444134 19.706823 90.572174 -120.592624 -2.129117 86.491773 7.455452 4.793267 -9.271687 -8.489224 10.017833 42.526922 0.637173 14.074909 -22.333839 nan nan nan -14.450499 -7.344861 0.045310 5.235771 -4.090491 13.627678 1.349842 -5.255336 -12.684428 nan nan nan 2.259349 2.976339 3.999574 1.992390 -5.774828 16.298225 -0.210038 -0.590485 -5.289670 -1.546528 24.136051 7.543530 -8.839172 22.358292 -1.868846 -30.021683 -0.203403 1.419399 -54.798535 -3.368976 15.270398 9.960735 -26.713132 -3.009032 -6.333365 -16.681056 -0.213733 24.324139 1.541052 3.683369 49.311392 -3.457084 6.613340 -14.051434 35.214610 -12.666926 4.607444 14.106663 1.142089 
-58.540379 19.753738 90.581665 -119.582697 -2.143949 86.626878 7.550575 4.999819 -9.828257 -8.787663 9.930673 41.508825 0.656080 14.171184 -22.653540 nan nan nan -14.549956 -7.626232 0.511776 5.329997 -4.450986 13.186960 1.468827 -5.546248 -12.740574 nan nan nan 2.376436 3.045389 4.202864 1.996021 -5.805564 16.036297 -0.178628 -0.623392 -5.286840 -1.537839 23.814967 7.323771 -9.010746 22.362330 -1.770787 -30.172753 -0.139616 1.419254 -54.824249 -3.103228 15.199912 9.761552 -26.274719 -2.821723 -6.049654 -16.699104 -0.046456 24.106742 1.494755 3.318452 49.096834 -3.657932 6.675155 -13.835231 35.060822 -12.154212 4.361210 14.360948 1.323832 
-58.682842 19.790865 90.588043 -118.529311 -2.217622 86.773450 7.522706 5.181315 -10.399577 -8.807156 9.923960 40.486899 0.712578 14.204001 -22.850659 nan nan nan -14.739621 -7.978189 1.008664 5.383579 -4.815706 12.771048 1.586278 -5.703183 -12.780546 nan nan nan 2.521946 3.118235 4.181610 1.912759 -5.895607 16.006324 -0.247787 -0.614432 -5.315604 -1.541452 23.547110 7.373613 -9.099049 22.357913 -1.860417 -30.323961 -0.123469 1.490025 -54.740665 -2.949795 15.037340 9.716041 -25.892970 -2.736243 -6.693279 -16.418744 0.550051 24.026125 1.457078 3.003948 48.933895 -3.885707 6.603236 -13.987776 34.975099 -11.974735 5.045880 14.262071 1.817879 
-58.786133 19.822834 90.574135 -117.533827 -2.280745 87.008372 7.519720 5.409309 -11.177202 -8.685233 10.013481 39.565630 0.811790 14.203659 -22.864596 nan nan nan -14.821113 -8.248127 1.288453 5.296172 -5.147638 12.488657 1.731534 -5.855943 -12.836963 nan nan nan 2.627487 3.212634 4.096555 1.815422 -5.912558 15.928444 -0.327751 -0.551178 -5.235659 -1.498153 23.295465 7.314381 -9.151825 22.171401 -1.864239 -30.278102 -0.153913 1.318651 -54.819986 -2.736211 15.200110 9.749204 -25.406739 -2.522047 -7.028977 -16.249934 0.638721 23.968020 1.409293 2.582866 48.814536 -4.115996 6.762035 -14.095562 34.859012 -11.996675 5.190885 14.094629 1.890719 
-58.855934 19.862955 90.547920 -116.508912 -2.344697 87.182984 7.574445 5.630563 -11.950034 -8.639802 10.181796 38.701782 0.837672 14.291119 -22.795831 nan nan nan -14.829097 -8.448331 1.625297 5.158689 -5.429680 12.148007 1.801306 -6.168985 -12.911141 nan nan nan 2.591445 3.338752 4.306813 1.801976 -5.917333 15.577229 -0.258340 -0.527939 -5.092593 -1.380769 23.098931 7.071777 -9.266997 21.895814 -1.615288 -30.040698 -0.174305 0.993350 -55.215964 -2.469964 15.551898 9.640167 -24.673906 -2.392496 -6.802290 -16.232090 0.263248 23.828794 1.343863 2.295913 48.717090 -4.227871 6.980598 -14.106966 34.723271 -11.981387 4.865600 13.962550 1.633675 
-58.952377 19.879372 90.520668 -115.485272 -2.385588 87.360036 7.638789 5.885382 -12.683943 -8.492350 10.493915 37.819284 0.815003 14.441776 -22.883492 nan nan nan -14.850648 -8.640417 1.989453 5.113278 -5.697926 11.745901 1.913628 -6.531459 -13.028159 nan nan nan 2.581709 3.502506 4.526064 1.827888 -5.947277 15.286680 -0.114107 -0.605069 -4.995033 -1.467292 22.880783 6.821363 -9.434036 21.635604 -1.645768 -30.018327 -0.168345 0.808879 -55.501367 -2.236690 15.635683 9.620405 -24.072313 -2.606788 -6.814233 -16.102270 0.362391 23.640739 1.358079 2.176579 48.511416 -4.311289 7.077781 -14.039769 34.625597 -11.724024 4.768070 13.998574 1.456812 
-59.064045 19.872879 90.484055 -114.499838 -2.401796 87.607959 7.678307 6.180540 -13.495291 -8.222976 10.851663 36.994841 0.975502 14.608463 -23.123056 nan nan nan -14.929159 -8.925088 2.232109 5.222015 -5.942487 11.421489 2.089394 -6.819396 -13.240183 nan nan nan 2.680350 3.624491 4.566907 1.799930 -6.012566 15.129112 -0.083123 -0.610409 -4.986794 -1.581863 22.602937 6.738675 -9.595935 21.488884 -1.895046 -30.158188 -0.144083 0.783148 -55.532648 -2.023045 15.530412 9.642079 -23.646883 -2.504805 -7.187517 -15.999167 0.488625 23.449298 1.477575 2.108524 48.442727 -4.438630 7.127390 -14.102501 34.420548 -11.516482 4.718112 14.107604 1.157718 
-59.174614 19.876535 90.437401 -113.566640 -2.424874 87.839991 7.747222 6.501586 -14.254351 -8.076100 11.186965 36.093389 1.091344 14.755602 -23.120096 nan nan nan -15.035297 -9.243652 2.459633 5.333633 -6.228909 11.150487 2.386339 -7.001778 -13.573144 nan nan nan 2.737895 3.743948 4.593483 1.739021 -6.036352 14.965201 -0.076733 -0.530416 -4.941173 -1.615412 22.387210 6.610061 -9.542893 21.174401 -1.937427 -30.168381 -0.083483 0.813698 -55.573858 -1.899515 15.435829 9.482476 -23.263872 -1.961180 -7.267851 -16.095253 0.832921 23.276362 1.510105 2.119190 48.522679 -4.463118 6.984609 -14.172388 34.240283 -11.453258 4.495382 14.310806 1.010762 
-59.291458 19.881598 90.393349 -112.574039 -2.477989 88.000152 7.774505 6.733271 -14.970220 -7.915005 11.569235 35.208242 1.057356 14.879744 -22.931351 nan nan nan -15.075277 -9.513541 2.761603 5.287682 -6.527242 10.873079 2.538536 -7.242581 -13.711313 nan nan nan 2.689344 3.920792 4.757000 1.717623 -6.053676 14.656766 -0.009531 -0.510612 -4.809024 -1.535055 22.161849 6.474331 -9.499774 20.849139 -1.811445 -30.033579 -0.114297 0.859930 -55.767649 -1.717990 15.476561 9.406272 -22.880512 -1.529679 -7.409991 -16.274053 1.030724 23.146079 1.504417 2.107817 48.581056 -4.551159 6.936768 -14.344050 34.095678 -11.607870 4.609726 14.512795 0.899671 
-59.434052 19.859558 90.341400 -111.596158 -2.527752 88.175719 7.780604 6.926190 -15.704848 -7.697180 12.015375 34.363905 1.053208 14.964138 -22.756432 nan nan nan -15.055001 -9.753383 3.042956 5.165360 -6.784975 10.529971 2.582025 -7.535971 -13.717018 nan nan nan 2.672898 4.118250 4.734712 1.687586 -6.091565 14.680992 0.031837 -0.504032 -4.742595 -1.526148 21.890904 6.211583 -9.512886 20.657105 -1.760988 -29.919159 -0.227895 0.807747 -55.966335 -1.486676 15.565197 9.439785 -22.615429 -1.578430 -7.563872 -16.199334 0.826150 23.015155 1.526819 1.958265 48.601986 -4.638389 6.942238 -14.479365 33.979410 -11.887261 4.775094 14.494223 0.706753 
-59.623360 19.830479 90.300125 -110.712204 -2.589254 88.273044 7.746807 7.219232 -16.255438 -7.513374 12.364296 33.418971 1.069200 15.080119 -22.580642 nan nan nan -15.170303 -10.057532 3.512723 5.168280 -7.042726 10.092139 2.677474 -7.658656 -13.796625 nan nan nan 2.680702 4.326052 4.688750 1.628700 -6.105313 14.898577 0.049587 -0.472748 -4.798161 -1.515339 21.598853 6.095013 -9.587305 20.458732 -1.818168 -29.890219 -0.298002 0.816914 -56.062998 -1.343051 15.482105 9.367890 -22.333666 -1.586910 -7.761943 -16.053715 0.914362 22.936588 1.625385 1.942901 48.597577 -4.733472 6.847718 -14.565784 33.941334 -11.960676 4.856849 14.469780 0.982687 
-59.809143 19.793537 90.263039 -109.872424 -2.684740 88.355786 7.665494 7.504243 -16.777380 -7.315055 12.669037 32.431194 1.222801 15.224411 -22.132608 nan nan nan -15.356929 -10.381176 3.918458 5.172060 -7.422460 9.894747 2.765345 -7.712067 -14.004827 nan nan nan 2.645037 4.559279 4.801323 1.557598 -6.034918 14.967238 0.083001 -0.459003 -4.934133 -1.404933 21.397084 5.964262 -9.610771 20.296699 -1.653316 -29.859273 -0.203913 0.844736 -56.144470 -1.247194 15.442988 9.336134 -22.024948 -1.201616 -7.969229 -16.064007 1.007851 22.854495 1.634456 2.023523 48.671258 -4.773515 6.900167 -14.748253 33.813658 -11.939340 4.937413 14.526507 0.998943 
-59.986267 19.751575 90.210518 -109.003740 -2.753987 88.442496 7.630833 7.734353 -17.392547 -7.164699 12.912276 31.559292 1.486533 15.341580 -21.654116 nan nan nan -15.503317 -10.689165 4.278599 5.158413 -7.742935 9.842481 2.745775 -7.814558 -14.269119 nan nan nan 2.599100 4.746405 5.036918 1.495906 -5.971615 14.833487 0.117672 -0.397670 -5.010629 -1.132984 21.370487 5.586464 -9.455499 20.232137 -0.998603 -29.810048 -0.050601 0.873640 -56.283947 -1.093180 15.410956 9.444570 -21.826478 -0.733293 -8.312216 -15.974018 1.222685 22.803223 1.544866 2.164012 48.721715 -4.771508 6.896729 -14.992192 33.758685 -12.213528 5.127862 14.623043 0.567778 
-60.167980 19.715683 90.148079 -108.144759 -2.813045 88.534894 7.605736 8.000127 -18.033849 -7.134596 13.034336 30.749850 1.833697 15.395776 -21.243877 nan nan nan -15.620472 -10.946176 4.654299 5.158077 -7.932447 9.680715 2.737870 -8.064428 -14.529643 nan nan nan 2.492987 4.926665 5.212158 1.474214 -5.957133 14.791756 0.186833 -0.313544 -5.105265 -0.886595 21.296940 5.277950 -9.417828 20.030242 -0.539341 -29.720825 -0.020723 0.912351 -56.408883 -0.912226 15.340734 9.282669 -21.591512 -0.399183 -8.328198 -15.957072 1.327381 22.755777 1.565602 2.378977 48.746424 -4.798866 6.829203 -15.097728 33.774724 -12.311469 4.750416 14.667651 0.437462 
-60.356964 19.670565 90.084976 -107.292197 -2.847101 88.657551 7.603792 8.226159 -18.705424 -7.118858 13.233252 29.939017 1.843700 15.388844 -20.685538 nan nan nan -15.726096 -11.243296 5.027181 5.217422 -8.196731 9.410893 2.743561 -8.271431 -14.717259 nan nan nan 2.426512 5.097720 5.307586 1.443869 -5.979260 14.745645 0.258072 -0.201656 -5.132729 -0.707163 21.107789 5.219230 -9.511810 19.755106 -0.530632 -29.687134 -0.008182 0.855081 -56.438011 -0.772781 15.346267 8.911900 -21.210439 -0.192181 -8.163134 -15.906698 1.222318 22.654226 1.611976 2.567640 48.769376 -4.727212 6.646383 -14.901076 33.701177 -12.231780 4.246558 14.469431 0.695131 
-60.538784 19.613937 90.016785 -106.505483 -2.867868 88.867876 7.605564 8.376978 -19.464828 -7.022191 13.519148 29.115084 1.438570 15.261115 -19.968220 nan nan nan -15.755163 -11.549567 5.269778 5.156635 -8.538360 9.161534 2.810738 -8.399114 -15.001067 nan nan nan 2.413565 5.323191 5.291016 1.375092 -5.939733 14.807568 0.267851 -0.129553 -5.223556 -0.617348 20.912550 5.087192 -9.442142 19.378012 -0.499478 -29.642637 0.114651 0.816549 -56.467261 -0.680227 15.414731 8.706373 -20.936817 0.022598 -8.190098 -15.961283 1.327588 22.665277 1.570760 2.679871 48.779021 -4.662166 6.506424 -14.864519 33.629232 -12.318147 4.157638 14.409573 0.858588 
-60.743530 19.557283 89.945877 -105.712425 -2.889565 88.942118 7.587035 8.539449 -20.061123 -7.002262 13.662261 28.271125 1.222358 15.168486 -19.407525 nan nan nan -15.755204 -11.727187 5.716290 5.014371 -8.813367 8.836808 2.953503 -8.586834 -15.337885 nan nan nan 2.403876 5.518375 5.383640 1.305190 -5.874655 14.917555 0.268728 -0.061042 -5.209034 -0.594583 20.730189 4.879806 -9.394783 18.919906 -0.504217 -29.554643 0.312678 0.850909 -56.511882 -0.752257 15.354460 8.538400 -20.828500 0.331957 -8.266970 -16.002527 1.682449 22.617694 1.538874 2.817625 48.920046 -4.543612 6.396077 -14.938482 33.630114 -12.378717 4.155736 14.441130 0.917764 
-60.970234 19.483189 89.855888 -104.869135 -2.938862 89.046211 7.537026 8.671777 -20.689168 -7.075900 13.700194 27.444088 1.415391 15.163740 -18.830467 nan nan nan -15.846519 -11.909345 6.203820 5.021629 -9.128797 8.450798 3.061838 -8.863012 -15.520964 nan nan nan 2.343975 5.703527 5.443484 1.258985 -5.864329 14.953697 0.273660 0.011385 -5.181195 -0.514894 20.469108 4.682875 -9.366910 18.591114 -0.372617 -29.496205 0.511649 0.987522 -56.578474 -0.698984 15.209756 8.514604 -20.995919 0.622271 -8.431796 -15.572534 2.180074 22.574802 1.507600 2.908691 49.080459 -4.512226 6.388014 -15.158123 33.682854 -12.452858 4.186526 14.344482 0.810519 
-61.205750 19.394505 89.764145 -104.038966 -2.981904 89.186384 7.456042 8.789723 -21.381962 -7.041324 13.729141 26.641926 1.444297 15.052582 -18.211392 nan nan nan -15.947212 -12.231562 6.688673 5.064012 -9.355409 7.994426 2.973069 -9.133042 -15.412629 nan nan nan 2.295193 5.896460 5.464894 1.205243 -5.865895 14.908759 0.309100 0.030523 -5.064028 -0.491479 20.140718 4.443987 -9.409821 18.422543 -0.367173 -29.514362 0.670125 0.940843 -56.677509 -0.491781 15.139142 8.620705 -21.148162 0.349566 -8.524902 -15.016119 2.195323 22.546469 1.445691 2.844874 49.173664 -4.443229 6.480158 -15.239386 33.711869 -12.343977 4.357364 14.097738 0.994967 
-61.457008 19.295820 89.670731 -103.350127 -3.010943 89.357874 7.406943 8.999076 -21.983772 -7.133870 13.746593 25.652522 1.266242 14.876197 -17.762933 nan nan nan -16.094424 -12.538711 7.049279 5.169759 -9.584739 7.624366 2.975017 -9.268670 -15.400653 nan nan nan 2.258532 6.098025 5.421218 1.124253 -5.833424 14.923139 0.321221 0.116232 -4.990698 -0.428566 19.920136 4.392108 -9.511772 18.174945 -0.502915 -29.523719 0.854656 0.815296 -56.693576 -0.292081 15.123294 8.542675 -21.183852 0.072526 -8.541443 -14.868417 2.050938 22.560835 1.458263 2.894454 49.277751 -4.389349 6.449329 -15.291520 33.793669 -12.391506 4.385485 14.003802 1.101935 
-61.718678 19.194208 89.571808 -102.687191 -3.026459 89.507348 7.376399 9.143176 -22.479603 -7.261882 13.738598 24.566243 1.181996 14.754312 -17.257440 nan nan nan -16.230955 -12.759198 7.394389 5.250249 -9.856393 7.341340 3.029492 -9.412648 -15.512537 nan nan nan 2.231226 6.297959 5.411057 1.052753 -5.741202 14.915800 0.338653 0.165067 -4.964025 -0.371581 19.709617 4.387937 -9.513412 17.886753 -0.482729 -29.572810 1.016319 0.739386 -56.630797 -0.004359 15.185588 8.509630 -21.176192 0.302823 -8.669919 -15.181349 2.101088 22.513483 1.445153 2.799447 49.412768 -4.401320 6.470376 -15.249501 33.795956 -12.440486 4.395794 14.166525 0.865169 
-61.958683 19.077784 89.472168 -102.057814 -3.072168 89.708327 7.302432 9.215103 -23.050600 -7.314258 13.655460 23.565344 1.373133 14.637049 -16.682902 nan nan nan -16.386302 -12.923940 7.600696 5.303991 -10.149932 7.266798 3.076544 -9.543251 -15.653682 nan nan nan 2.141696 6.488002 5.396040 0.980497 -5.619162 15.019394 0.351711 0.206599 -5.081519 -0.214594 19.591609 4.296316 -9.484304 17.566322 -0.294089 -29.588349 1.222051 0.721947 -56.523218 0.315058 15.100268 8.407669 -21.394294 0.603761 -9.014788 -15.346346 2.716802 22.531127 1.430721 2.756679 49.496021 -4.418676 6.508737 -15.245573 33.872929 -12.458320 4.532845 14.324670 0.867490 
-62.226147 18.939911 89.372963 -101.440994 -3.156470 89.922307 7.194956 9.185260 -23.602346 -7.373467 13.572284 22.571284 1.600219 14.546189 -16.139539 nan nan nan -16.639596 -13.225599 7.770817 5.354957 -10.384213 7.295010 3.107279 -9.560343 -15.807336 nan nan nan 2.003677 6.740733 5.372648 0.902876 -5.536174 15.118076 0.358367 0.233257 -5.210356 -0.085380 19.377769 4.261439 -9.411850 17.319345 -0.270733 -29.446694 1.410484 0.763449 -56.603920 0.621838 15.027321 8.315071 -21.655766 0.613672 -9.298415 -15.196569 2.991991 22.555832 1.364815 2.687244 49.625987 -4.432640 6.658585 -15.359949 33.960573 -12.367758 4.574073 14.369409 0.993766 
-62.529411 18.812115 89.273804 -100.787051 -3.144847 90.086607 7.158994 9.191725 -24.064519 -7.422898 13.486710 21.573245 1.774913 14.451743 -16.002645 nan nan nan -16.748597 -13.492721 8.087046 5.347057 -10.542718 7.153698 3.241500 -9.586782 -15.954970 nan nan nan 1.953374 6.954684 5.348369 0.876004 -5.517847 15.179789 0.371071 0.266718 -5.241580 0.015079 19.215843 4.261194 -9.444736 16.986798 -0.291293 -29.381403 1.592130 0.667415 -56.723848 0.894576 14.961601 8.275642 -21.591950 0.493674 -9.667176 -15.286479 3.075580 22.643119 1.371858 2.681913 49.680137 -4.391057 6.852620 -15.619517 33.998100 -12.197770 4.751472 14.434959 1.123529 
-62.833282 18.697105 89.173996 -100.180313 -3.024581 90.221621 7.213432 9.318624 -24.483617 -7.439903 13.254230 20.589035 1.844937 14.355217 -16.064630 nan nan nan -16.654175 -13.655527 8.378135 5.269294 -10.739494 7.017446 3.420913 -9.684167 -16.087808 nan nan nan 1.967687 7.120378 5.378738 0.899001 -5.427032 15.162055 0.399195 0.340260 -5.255756 0.086238 19.064213 4.286360 -9.487634 16.588388 -0.208702 -29.424258 1.765074 0.597595 -56.753344 1.225056 14.975245 8.308446 -21.662087 0.707946 -10.021557 -15.487144 3.106496 22.707410 1.409639 2.704915 49.770162 -4.372199 6.893485 -15.758584 34.065144 -11.882061 4.774163 14.583173 1.411227 
-63.149509 18.573345 89.070892 -99.604524 -2.916305 90.325984 7.235702 9.434565 -24.900404 -7.414195 12.906763 19.693743 1.788415 14.301502 -16.019259 nan nan nan -16.536832 -13.741211 8.644692 5.149856 -10.923620 6.919544 3.603457 -9.905919 -16.295124 nan nan nan 1.935296 7.243797 5.525408 0.904701 -5.310949 15.069238 0.435693 0.491788 -5.285051 0.169776 18.827509 4.356393 -9.556787 16.369102 -0.300425 -29.452070 2.013098 0.455129 -56.717758 1.502729 15.008816 8.150299 -21.687377 1.074823 -9.957498 -15.644874 2.860044 22.770459 1.345828 2.622727 49.841275 -4.354831 6.858091 -15.592703 34.199757 -11.648224 4.502779 14.658279 1.489695 
-63.504974 18.430340 88.955505 -99.011521 -2.836827 90.426090 7.200913 9.477330 -25.299716 -7.300358 12.586701 18.790550 1.771122 14.266299 -15.779597 nan nan nan -16.487980 -13.916314 8.899529 5.000564 -11.085659 6.920121 3.797140 -10.158409 -16.657109 nan nan nan 1.871238 7.392991 5.628809 0.896023 -5.255544 14.941204 0.489678 0.561540 -5.206737 0.269239 18.560785 4.406305 -9.604778 16.329530 -0.433118 -29.501698 2.259518 0.393010 -56.698692 1.776242 14.902215 8.013625 -21.856388 1.090876 -9.749757 -15.454751 2.810009 22.814947 1.303767 2.573168 49.881075 -4.219536 6.822996 -15.392697 34.344766 -11.637823 4.332567 14.663902 1.440619 
-63.859768 18.271984 88.822762 -98.378894 -2.744516 90.627520 7.169352 9.406793 -25.814887 -7.104893 12.475183 17.889310 1.889842 14.324785 -15.426841 nan nan nan -16.458519 -14.094463 9.057887 4.937004 -11.403031 6.960782 3.878202 -10.276097 -16.683686 nan nan nan 1.830682 7.552692 5.599790 0.898555 -5.232690 14.869156 0.506696 0.575631 -5.225268 0.404238 18.333147 4.526340 -9.639304 16.224393 -0.496533 -29.502886 2.504072 0.424192 -56.752584 2.033995 14.739995 7.968989 -21.944556 1.071270 -9.914965 -15.357846 3.018851 22.729449 1.296144 2.549637 50.146154 -4.042437 6.919175 -15.444791 34.291938 -11.449180 4.586935 14.702045 1.497875 
-64.228424 18.123268 88.681793 -97.828062 -2.690485 90.760039 7.165759 9.300348 -26.196239 -6.899326 12.390831 17.045131 2.072415 14.455581 -15.156066 nan nan nan -16.495156 -14.211945 9.264788 4.875306 -11.760430 7.052517 3.914551 -10.323256 -16.548994 nan nan nan 1.720862 7.735199 5.611895 0.906992 -5.160556 14.843369 0.518328 0.623547 -5.242443 0.536549 18.190954 4.646029 -9.609792 15.936074 -0.463284 -29.372531 2.742149 0.399019 -56.975682 2.284028 14.785201 8.098510 -21.857472 1.027023 -9.955003 -15.558304 2.695578 22.672099 1.326780 2.510238 50.471719 -3.989370 7.271171 -15.765874 34.332452 -11.115210 4.465983 14.788153 1.408511 
-64.604057 17.955156 88.546928 -97.257662 -2.615000 90.888590 7.124573 9.199308 -26.637394 -6.574870 12.330400 16.377561 2.238301 14.629968 -14.992476 nan nan nan -16.452508 -14.257296 9.421889 4.699825 -12.117777 7.249923 4.028525 -10.440133 -16.583245 nan nan nan 1.614197 7.918082 5.564430 0.916770 -5.114348 14.955543 0.562875 0.683744 -5.263793 0.650339 18.001048 4.740177 -9.512140 15.630885 -0.436266 -29.278112 2.835521 0.382972 -57.206338 2.502713 14.744321 8.137931 -21.735078 0.877775 -9.875780 -15.670429 2.530807 22.690819 1.439236 2.465906 50.668666 -3.979932 7.411400 -15.962690 34.534597 -11.113187 4.463534 14.875133 1.296401 
-64.949928 17.743258 88.398857 -96.686841 -2.537353 91.108941 7.064946 9.056739 -27.282022 -6.201976 12.455096 15.894746 2.313477 14.871118 -14.772838 nan nan nan -16.433831 -14.301676 9.345305 4.530082 -12.500019 7.678793 4.120256 -10.595435 -16.784395 nan nan nan 1.635010 8.042726 5.628318 0.840935 -5.058949 14.668464 0.534929 0.746152 -5.046446 0.743142 17.871355 4.646555 -9.388231 15.407946 -0.317733 -29.152978 2.992138 0.252980 -57.346527 2.740909 14.689345 7.974743 -21.645101 0.875701 -9.705728 -15.758934 2.450783 22.712967 1.526685 2.386899 50.901123 -3.881301 7.477367 -16.028600 34.634346 -11.326613 4.382265 15.024155 1.009406 
-65.310883 17.520718 88.229210 -96.168643 -2.397765 91.360739 7.065408 9.025839 -27.978370 -5.852395 12.730103 15.505158 2.260048 15.208233 -14.625193 nan nan nan -16.384380 -14.395379 9.212503 4.368332 -12.860124 8.157481 4.244923 -10.743285 -17.020917 nan nan nan 1.758566 8.169546 5.704468 0.730645 -4.959431 14.214497 0.456638 0.777658 -4.722006 0.880166 17.726129 4.499768 -9.234001 15.107548 -0.194428 -28.982232 3.246483 0.002207 -57.443906 3.064724 14.763677 7.781898 -21.615431 1.225281 -9.490917 -15.951383 2.334755 22.727649 1.586632 2.278097 51.131868 -3.795466 7.633127 -15.966406 34.683790 -11.235878 4.013192 15.355920 0.753664 
-65.767502 17.344147 88.092178 -95.777868 -2.245012 91.406127 7.178915 9.222733 -28.277361 -5.640916 13.175472 15.094039 2.304889 15.556990 -14.572537 nan nan nan -16.380898 -14.551640 9.478124 4.205251 -13.072492 8.369417 4.408227 -10.854505 -17.099266 nan nan nan 1.742385 8.378949 5.807812 0.716338 -4.824177 14.124627 0.453336 0.799767 -4.669824 1.053785 17.572018 4.537850 -9.203336 14.793839 -0.236994 -29.013729 3.501717 -0.118412 -57.438818 3.408405 14.752337 7.782193 -21.624925 1.425973 -9.442542 -16.039714 2.294227 22.917522 1.581294 2.288965 51.187277 -3.692610 7.684338 -15.996153 34.919329 -11.004491 3.836449 15.362079 1.145962 
-66.311142 17.150785 87.961861 -95.471954 -2.206091 91.361097 7.182238 9.486688 -28.294282 -5.447521 13.881525 14.570715 2.508229 15.774072 -14.344382 nan nan nan -16.491799 -14.435606 10.013076 4.048665 -13.359443 8.292718 4.626928 -10.938346 -17.088184 nan nan nan 1.526594 8.556907 5.798359 0.731277 -4.675072 14.534430 0.465546 0.867124 -5.052489 1.393268 17.524498 4.822407 -9.312077 14.482925 -0.270160 -29.046311 3.872232 -0.076731 -57.549182 3.653088 14.639367 8.047906 -21.562218 1.494318 -9.923678 -15.853575 2.559862 23.060747 1.567339 2.553774 51.360666 -3.481605 7.862238 -16.286079 35.199950 -11.102255 3.887582 15.227937 1.387588 
-66.836258 16.917538 87.811661 -95.020550 -2.148769 91.364298 7.109208 9.652424 -28.468529 -5.178773 14.614787 14.165370 2.641158 15.938916 -13.792452 nan nan nan -16.542037 -14.198251 10.490897 3.931430 -13.760762 8.266694 4.854228 -11.131477 -17.236931 nan nan nan 1.361115 8.670645 5.797845 0.739547 -4.566158 14.761717 0.475524 0.892527 -5.225885 1.667711 17.498401 4.924306 -9.351652 14.208092 -0.275684 -28.968702 4.249914 -0.057519 -57.723751 3.800396 14.465344 8.145922 -21.582551 1.616560 -10.151159 -15.637415 2.754586 23.104709 1.602214 2.723000 51.608919 -3.233909 8.159308 -16.455712 35.369805 -11.238831 3.611737 15.396702 1.167516 
-67.310760 16.692003 87.653969 -94.538721 -1.999510 91.405183 7.148526 9.816295 -28.790189 -5.050035 15.308814 13.958031 2.715062 16.004379 -13.189622 nan nan nan -16.503077 -14.152411 10.816330 3.763892 -14.157512 8.453194 4.922239 -11.256576 -17.394961 nan nan nan 1.237493 8.815761 5.957189 0.772970 -4.502529 14.587875 0.513873 0.915479 -5.054920 1.958399 17.432665 4.873168 -9.403904 13.931577 -0.292295 -28.794304 4.644340 -0.228741 -57.927097 3.893399 14.300164 8.043644 -21.542128 1.864999 -10.330573 -15.548800 2.927894 23.171026 1.620949 2.633817 51.803042 -2.945695 8.431905 -16.512247 35.389391 -11.348952 3.344903 15.700625 1.100787 
-67.804214 16.464727 87.500565 -94.227619 -1.792379 91.506117 7.324508 9.991465 -29.100778 -5.060230 15.900025 13.800002 2.595738 16.072785 -13.195045 nan nan nan -16.545734 -14.300948 11.049985 3.706550 -14.379234 8.682303 5.054831 -11.142610 -17.461684 nan nan nan 1.153165 9.018285 6.056675 0.784171 -4.462599 14.427876 0.539115 1.012604 -4.970801 2.159827 17.361468 4.952691 -9.352584 13.739047 -0.407323 -28.674825 4.844217 -0.297066 -58.069666 4.245831 14.290966 8.007927 -21.556392 2.047548 -10.122292 -15.686880 2.632968 23.319317 1.684111 2.618274 51.877285 -2.750038 8.521347 -16.449534 35.563313 -11.304540 3.175990 15.884476 1.024339 
-68.318748 16.217722 87.342941 -93.936849 -1.639331 91.665839 7.461392 10.165443 -29.487021 -5.106697 16.457452 13.833564 2.485842 16.402217 -13.789907 nan nan nan -16.665371 -14.432287 11.276942 3.691175 -14.535267 8.840936 5.271846 -11.004868 -17.387259 nan nan nan 1.016410 9.251732 6.007457 0.797130 -4.419287 14.402664 0.579389 1.057690 -5.011211 2.278205 17.227869 5.095753 -9.385040 13.559033 -0.613644 -28.537061 4.903058 -0.221621 -58.317099 4.614183 14.379076 8.158856 -21.417205 2.033841 -9.865378 -15.861569 2.031332 23.302445 1.797156 2.659884 52.162784 -2.600060 8.635419 -16.458738 35.733697 -11.004519 2.979286 15.890559 0.673855 
-68.893440 15.972508 87.180267 -93.539361 -1.457299 91.704384 7.574883 10.450930 -29.829489 -5.043196 17.129091 14.204311 2.663032 16.645742 -14.257714 nan nan nan -16.692226 -14.478395 11.774467 3.567067 -14.577615 8.912777 5.561985 -10.950378 -17.432750 nan nan nan 0.932133 9.435000 5.961655 0.829816 -4.404503 14.479102 0.594475 1.045860 -4.991060 2.368142 17.223481 5.113063 -9.346873 13.388033 -0.634131 -28.423700 4.885067 -0.079368 -58.513479 4.918846 14.346190 8.370266 -21.345029 1.746388 -9.795610 -15.919367 1.489401 23.328142 1.943555 2.671792 52.463546 -2.460168 8.781914 -16.542200 35.959201 -10.860050 2.696244 15.801120 0.384843 
-69.493958 15.699356 87.022316 -93.046369 -1.288370 91.644509 7.686367 10.601581 -30.082645 -5.046634 17.731889 14.618380 3.021347 16.513173 -14.055586 nan nan nan -16.817586 -14.623028 12.409593 3.431871 -14.559389 9.056655 5.873083 -10.846657 -17.397903 nan nan nan 0.863123 9.612642 6.026742 0.860523 -4.427679 14.597005 0.595918 1.029073 -5.002491 2.619995 17.172099 5.013161 -9.368282 13.184229 -0.416290 -28.362609 5.000701 -0.089002 -58.563948 5.162732 14.298871 8.419650 -21.391758 1.511237 -9.832620 -15.723473 1.435816 23.487306 1.980663 2.619510 52.628287 -2.278160 8.921728 -16.637406 36.220518 -11.007856 2.656405 15.619729 0.569915 
-70.094635 15.426759 86.860725 -92.557870 -1.116570 91.611254 7.811301 10.684000 -30.423774 -5.068888 18.298702 15.201104 3.073466 16.870133 -14.501015 nan nan nan -16.950188 -14.724210 12.975539 3.323702 -14.521480 9.281405 6.099986 -10.841147 -17.293298 nan nan nan 0.729114 9.807816 6.160101 0.905489 -4.455603 14.533567 0.571784 1.093952 -5.007742 2.903908 17.047230 4.973539 -9.299193 12.967820 -0.306255 -28.232660 5.425235 -0.113287 -58.523746 5.159426 14.168606 8.168560 -21.444893 1.866310 -9.757322 -15.289725 1.898631 23.655523 1.847672 2.626866 52.814182 -1.960697 8.892440 -16.522209 36.390754 -10.822200 2.636826 15.562496 0.891448 
-70.681541 15.117620 86.714371 -92.131210 -0.954679 91.628487 7.922841 10.637247 -30.846659 -5.025644 18.720000 16.037711 3.209068 17.069897 -14.805414 nan nan nan -17.133613 -14.765127 13.353917 3.205183 -14.462115 9.699416 6.249599 -10.713768 -17.074469 nan nan nan 0.608055 9.968311 6.341211 0.924031 -4.479311 14.455536 0.556761 1.165466 -5.065223 3.083365 16.882382 4.923559 -9.248652 12.817829 -0.375555 -28.168493 5.758807 -0.127266 -58.491725 5.275200 14.073735 8.017072 -21.384661 2.558662 -9.727977 -15.269427 2.211837 23.810440 1.821912 2.585575 52.970820 -1.761589 8.940808 -16.424847 36.535666 -10.506161 2.683389 15.839873 1.183597 
-71.290855 14.756990 86.582336 -91.780907 -0.803187 91.670140 8.002912 10.554074 -31.218716 -4.985099 19.045738 16.964265 3.372370 17.293114 -15.405767 nan nan nan -17.441554 -14.789376 13.717916 3.242627 -14.356062 10.085174 6.583953 -10.463210 -16.900279 nan nan nan 0.510131 10.163215 6.436669 0.948772 -4.475756 14.434101 0.557613 1.189973 -5.016125 3.158394 16.738400 4.802015 -9.243075 12.778184 -0.486776 -28.168946 5.803623 -0.052174 -58.526519 5.518060 14.026069 8.029669 -21.395392 2.813298 -9.579564 -15.331653 2.128402 23.923745 1.986118 2.413741 53.100832 -1.750515 9.051902 -16.316763 36.640762 -10.276397 2.551035 16.096918 1.259611 
-71.921982 14.366488 86.454002 -91.458434 -0.639680 91.728512 8.064640 10.502301 -31.590661 -5.032163 19.264390 17.932920 3.430367 17.321492 -15.635360 nan nan nan -17.712948 -14.771810 14.085745 3.242386 -14.252782 10.420291 6.821026 -10.331758 -16.719841 nan nan nan 0.438898 10.348709 6.555809 0.977488 -4.411440 14.411032 0.559075 1.207120 -5.071674 3.301569 16.631568 4.782533 -9.326077 12.716747 -0.641277 -28.209537 5.966589 0.060526 -58.481714 5.668512 13.867032 7.981536 -21.456308 2.897990 -9.545235 -15.391321 2.113798 24.024523 2.085299 2.352981 53.229072 -1.725054 9.204004 -16.253435 36.824644 -10.028119 2.248722 16.212529 1.139007 
-72.546471 13.962006 86.308548 -91.017650 -0.398622 91.800100 8.170066 10.348278 -32.080509 -5.036877 19.513457 19.081957 3.374803 17.080891 -15.460460 nan nan nan -17.843436 -14.688668 14.506357 3.209123 -14.266067 10.707392 7.004009 -10.262588 -16.432885 nan nan nan 0.498820 10.512301 6.812383 0.989949 -4.397416 14.062519 0.566890 1.228545 -4.965921 3.406493 16.495944 4.609789 -9.323349 12.608222 -0.584517 -28.211743 6.079638 0.224311 -58.493564 5.762634 13.674098 7.973705 -21.465656 3.081569 -9.591733 -15.413139 1.972997 24.125212 2.121868 2.390602 53.337218 -1.663456 9.142034 -16.243557 37.183364 -10.050943 2.255311 16.199566 1.144079 
-73.195503 13.531663 86.155724 -90.533886 -0.203999 91.798716 8.238788 10.101800 -32.441235 -5.017361 19.902869 20.275924 3.580782 16.935919 -15.635465 nan nan nan -18.037629 -14.551112 15.084785 3.217811 -14.378546 10.874543 7.257038 -10.249121 -16.069069 nan nan nan 0.542035 10.687720 6.938501 0.991820 -4.416184 14.002248 0.541561 1.255581 -4.819424 3.487477 16.355649 4.230877 -9.286977 12.387572 -0.360782 -28.141375 6.044834 0.310233 -58.609988 5.773184 13.630207 8.050341 -21.365404 3.052036 -9.679427 -15.311902 1.645748 24.257731 2.233019 2.357500 53.448557 -1.576799 9.029209 -16.203066 37.522798 -10.265362 2.490796 16.033511 1.288586 
-73.877846 13.071338 86.003876 -90.198916 -0.046444 91.917934 8.258102 9.881957 -32.795418 -4.967261 20.397348 21.419020 4.146219 16.819053 -15.836876 nan nan nan -18.315245 -14.506806 15.430640 3.148895 -14.422962 11.184258 7.606662 -10.088749 -15.600129 nan nan nan 0.460946 10.941063 6.718837 1.039968 -4.347993 14.240201 0.524747 1.290840 -4.767361 3.722877 16.288055 3.963870 -9.426672 12.175355 -0.145479 -28.135603 6.037538 0.173435 -58.673525 5.838136 13.665183 8.114909 -21.174586 2.720533 -9.911736 -15.180570 1.648960 24.449209 2.303599 2.403194 53.474241 -1.407532 9.046894 -16.222088 37.682778 -10.457599 2.548545 15.997864 1.639920 
-74.565063 12.579000 85.853905 -89.880270 0.152581 92.128884 8.277734 9.635412 -33.202463 -4.957118 20.691373 22.486368 4.604004 16.564605 -15.804884 nan nan nan -18.606407 -14.480294 15.608627 3.050730 -14.353490 11.620874 7.817771 -9.852435 -15.029664 nan nan nan 0.444942 11.191626 6.554358 1.092385 -4.268644 14.372054 0.492951 1.362267 -4.887935 3.998056 16.278826 3.877751 -9.540834 11.918658 -0.036859 -28.091073 6.068067 0.091604 -58.761408 5.968145 13.647426 8.199673 -20.956776 2.500583 -10.104585 -15.254066 1.890587 24.551175 2.343187 2.572124 53.573099 -1.343001 9.019266 -16.250477 37.858561 -10.611381 2.392794 16.092347 2.031623 
-75.265312 12.079016 85.727432 -89.483011 0.375588 92.295581 8.277168 9.381372 -33.589295 -4.941839 20.736954 23.598624 4.853400 16.120337 -15.672772 nan nan nan -18.864835 -14.428330 15.804380 2.914648 -14.285317 12.150787 8.010012 -9.618076 -14.362855 nan nan nan 0.457865 11.439490 6.484101 1.165064 -4.230333 14.433640 0.472458 1.400616 -5.021664 4.171111 16.145933 3.826932 -9.507715 11.623325 -0.006092 -28.044755 6.045728 0.188364 -58.852263 5.999394 13.596414 8.266566 -20.732350 2.471705 -10.318311 -15.403717 1.850607 24.648440 2.434995 2.772877 53.681475 -1.302235 8.938043 -16.316973 38.030964 -10.783420 2.402112 16.146579 2.224505 
-75.982101 11.554632 85.627937 -89.038922 0.584306 92.509020 8.237936 9.068635 -34.088288 -4.823171 20.714202 24.827355 5.154981 15.710777 -15.426434 nan nan nan -19.061053 -14.348812 15.852944 2.711514 -14.260387 12.918419 8.297023 -9.418063 -13.667781 nan nan nan 0.424908 11.640686 6.495531 1.233384 -4.199555 14.225009 0.484896 1.402464 -5.027549 4.299130 15.970370 3.681537 -9.432353 11.459353 0.184860 -28.003394 6.075647 0.197256 -58.914610 6.097869 13.631389 8.224466 -20.472743 2.651619 -10.317956 -15.538766 1.754878 24.788009 2.427172 2.813956 53.719296 -1.207121 8.929644 -16.221625 38.045277 -10.752503 2.447110 16.121383 2.351478 
-76.734032 11.006118 85.547516 -88.653949 0.815677 92.719075 8.289549 8.834338 -34.567614 -4.640255 20.850621 26.143152 5.409512 15.450116 -15.344848 nan nan nan -19.184212 -14.185880 15.757362 2.463743 -14.122047 13.868711 8.533508 -9.245700 -13.008019 nan nan nan 0.404495 11.843418 6.450109 1.315999 -4.148675 14.014793 0.456317 1.447711 -4.964836 4.517645 15.834947 3.458129 -9.396307 11.279971 0.548957 -27.936429 6.063102 0.213916 -58.946655 6.138243 13.673839 8.103652 -20.233426 2.778504 -10.291125 -15.533018 1.634375 25.036363 2.422515 2.822325 53.656058 -1.172606 8.889441 -16.105068 38.165803 -10.789384 2.382620 15.975952 2.585895 
-77.497116 10.420166 85.495346 -88.238239 0.997567 92.947762 8.282916 8.570097 -35.071139 -4.498075 20.828149 27.500897 5.595045 15.271949 -15.377423 nan nan nan -19.388571 -13.949741 15.579889 2.247121 -14.062800 14.863689 8.627414 -9.177605 -12.188749 nan nan nan 0.271320 11.936688 6.243908 1.435469 -4.132835 14.151087 0.436691 1.577946 -5.148947 4.732851 15.827330 3.335779 -9.419451 11.061032 0.716534 -27.914599 6.096007 0.174482 -58.963088 6.148197 13.778273 8.045236 -20.008721 2.923488 -10.380955 -15.472709 1.529993 25.197519 2.611466 2.926342 53.722804 -1.212065 9.032531 -16.255490 38.096531 -10.993535 2.168301 15.973315 2.706439 
-78.261848 9.807229 85.480209 -87.727697 1.052000 93.165215 8.163240 8.114402 -35.540302 -4.437503 20.799192 28.791409 5.734363 15.354942 -15.444628 nan nan nan -19.665543 -13.632080 15.408487 1.808340 -14.089270 15.936553 8.806625 -9.122589 -11.060324 nan nan nan 0.013673 12.010981 5.945273 1.549221 -4.179330 14.488286 0.435264 1.656674 -5.366096 4.784898 15.661785 3.189839 -9.378157 11.002219 0.777065 -28.063326 6.032268 0.131788 -58.767843 6.154450 13.896120 7.956473 -19.855523 3.140360 -10.465851 -15.608772 1.414935 25.388278 2.815844 2.887764 53.781934 -1.184917 9.292519 -16.412803 37.799312 -11.111424 2.083163 16.123986 2.940606 
-79.062767 9.176203 85.509872 -87.194949 1.008952 93.233963 8.027291 7.502600 -35.756045 -4.413268 20.919643 30.053468 5.932065 15.601270 -15.605915 nan nan nan -19.987011 -13.217458 15.396594 1.145837 -13.995793 17.059932 9.207239 -9.066532 -9.851167 nan nan nan -0.314028 12.182654 5.825250 1.647573 -4.206480 14.761795 0.498109 1.658727 -5.517184 4.811252 15.383267 3.048652 -9.321242 10.974022 0.762755 -28.224966 5.825762 0.143536 -58.607681 6.100390 14.038314 7.946813 -19.585052 3.147148 -10.454018 -15.692239 1.430668 25.687346 2.972536 2.830395 53.749697 -1.198855 9.520558 -16.682763 37.591519 -11.196476 2.082541 16.106262 3.345734 
-79.889519 8.504486 85.559456 -86.721325 0.973028 93.231785 7.920857 6.896566 -35.772697 -4.387017 21.260380 31.189951 6.267447 15.726089 -15.903906 nan nan nan -20.392405 -12.794783 15.219207 0.566981 -13.840484 18.496408 9.439176 -8.974752 -8.582968 nan nan nan -0.533740 12.362092 5.712576 1.720898 -4.126293 15.210931 0.468060 1.641232 -5.811062 4.900716 15.159889 2.976099 -9.300343 10.757928 0.735143 -28.219490 5.615869 0.169802 -58.567191 6.022390 14.296962 7.993840 -19.355023 3.181116 -10.486596 -15.663297 1.475187 26.007969 3.097792 2.841495 53.764080 -1.210381 9.753954 -17.007045 37.387225 -11.425999 2.058965 15.986830 3.583687 
-80.730667 7.774055 85.619827 -86.257190 0.941177 93.273452 7.725962 6.348654 -35.712379 -4.449047 21.504904 32.082209 6.772240 15.815563 -16.326114 nan nan nan -20.813784 -12.346983 14.828641 0.079626 -13.616243 20.160262 9.329650 -8.852904 -7.069198 nan nan nan -0.652696 12.397360 5.462242 1.754760 -4.019366 15.736262 0.340669 1.676543 -6.093190 4.873736 14.969435 3.109902 -9.203241 10.545153 0.431200 -28.104912 5.345233 0.275116 -58.620954 5.915092 14.524959 8.045026 -19.162051 3.296508 -10.557110 -15.552294 1.255505 26.229676 3.285546 2.914243 53.934478 -1.156088 9.862041 -17.341521 37.066821 -11.639210 2.186261 15.746805 3.899368 
-81.553726 7.036955 85.686798 -85.663027 0.926384 93.280593 7.464594 5.767066 -35.618795 -4.573986 21.545454 32.855097 7.196527 15.747527 -16.631113 nan nan nan -21.002019 -11.853404 14.461195 -0.544121 -13.107106 21.786345 9.084901 -8.776596 -5.437503 nan nan nan -0.737236 12.360148 5.437893 1.819918 -3.984856 15.909011 0.274130 1.705186 -6.231210 4.773276 14.801491 3.300745 -9.176491 10.373161 0.112273 -27.890880 4.990703 0.333970 -58.891824 5.854362 14.839668 8.225685 -18.835569 3.499173 -10.674986 -15.614703 0.599795 26.198437 3.499312 2.867050 54.260476 -1.181625 10.215517 -17.651695 36.663223 -11.734680 2.080928 15.576732 3.672872 
-82.355164 6.306678 85.753822 -84.947412 0.932401 93.251508 7.177109 5.184180 -35.492893 -4.713475 21.510135 33.546090 7.630852 15.577932 -16.836472 nan nan nan -21.036405 -11.328425 14.093931 -1.265720 -12.496429 23.440063 8.809980 -8.700014 -3.588503 nan nan nan -0.780897 12.288335 5.585697 1.909464 -3.981163 15.908043 0.201464 1.715750 -6.388631 4.758263 14.613269 3.359275 -9.164747 10.262277 0.150142 -27.634473 4.707370 0.380648 -59.213882 5.803776 15.262612 8.533781 -18.578066 3.721787 -10.957126 -15.711768 -0.099567 26.158114 3.620554 2.845744 54.586047 -1.192226 10.808256 -17.995417 36.175565 -11.865454 1.988799 15.548114 3.048930 
-83.249847 5.590671 85.816872 -84.336546 0.968398 93.258944 6.815393 4.925714 -35.237663 -4.930427 21.325827 34.074434 8.154988 15.431373 -17.058308 nan nan nan -20.936734 -10.704793 13.560658 -2.027965 -11.814617 25.216724 8.412136 -8.672568 -1.557762 nan nan nan -0.911537 12.157230 5.366115 2.030097 -3.827312 16.214408 0.102723 1.751117 -6.637374 4.892009 14.465344 3.688685 -9.191010 10.034702 0.083267 -27.484372 4.438081 0.468449 -59.219103 5.795125 15.481764 8.580623 -18.536316 3.819463 -11.260995 -15.627782 -0.377566 26.291424 3.715967 2.955722 54.766196 -1.249760 11.121036 -18.161869 35.893240 -11.960483 2.087039 15.357842 2.643134 
-84.028000 4.853665 85.852661 -83.311865 1.156331 93.434800 6.439936 4.355389 -35.326642 -5.041555 20.831504 34.621345 8.737130 15.529396 -17.169867 nan nan nan -20.493992 -10.203485 12.776926 -2.639293 -11.156311 27.184392 7.630131 -9.095209 0.134188 nan nan nan -0.732459 11.842820 5.328014 2.151401 -3.843917 15.828620 0.009405 1.736499 -6.457220 4.967244 14.297587 3.834035 -9.233682 9.883807 0.223280 -27.324827 4.189094 0.427744 -59.294806 5.710052 15.529892 8.475398 -18.455407 4.079925 -11.245515 -15.781967 -0.386865 26.131823 3.677027 2.785819 55.098350 -1.259897 11.167631 -18.026912 35.576026 -11.702535 2.139032 15.282465 2.497299 
-84.807251 4.159807 85.897636 -82.399596 1.330407 93.547338 6.048032 3.910550 -35.240214 -5.142316 20.304267 35.118434 9.417858 15.502490 -17.297098 nan nan nan -19.993302 -9.602117 11.997024 -3.131372 -10.361307 29.128484 6.759539 -9.648708 1.679627 nan nan nan -0.653699 11.537410 5.299628 2.298832 -3.789138 15.621578 -0.043380 1.718637 -6.412654 5.069304 14.272126 3.968445 -9.358894 9.676436 0.371396 -27.161927 3.920040 0.427490 -59.364034 5.646648 15.515571 8.458361 -18.514495 4.203173 -11.345400 -15.845556 -0.321591 25.966537 3.747110 2.570493 55.453718 -1.311747 11.304648 -18.008193 35.171051 -11.450208 2.276180 15.280546 2.269067 
-85.581833 3.494595 85.946518 -81.479760 1.550442 93.593733 5.650303 3.621581 -35.027166 -5.217805 19.768787 35.531223 10.084546 15.368383 -17.518052 nan nan nan -19.457327 -9.030455 11.168839 -3.580613 -9.711159 31.249469 5.967204 -10.044986 3.246490 nan nan nan -0.517005 11.143868 5.498264 2.439308 -3.725741 15.258634 -0.118265 1.742287 -6.340380 5.129999 14.194252 3.953706 -9.478539 9.600486 0.556875 -26.966891 3.696331 0.413255 -59.418693 5.578599 15.589300 8.423041 -18.647603 4.531543 -11.138386 -16.058553 -0.796654 25.789827 3.748601 2.255711 55.756994 -1.332752 11.540672 -17.703454 34.755369 -10.888867 2.080170 15.391582 1.893843 
-86.368042 2.842756 85.983604 -80.524364 1.710501 93.578753 5.200990 3.213070 -34.706178 -5.266237 19.166886 35.832578 10.722970 15.442360 -17.840011 nan nan nan -19.016455 -8.565842 10.304994 -3.871587 -9.095316 33.441761 4.923424 -10.353139 4.402521 nan nan nan -0.405326 10.763956 5.791365 2.546646 -3.651624 14.819955 -0.202596 1.706231 -6.163534 5.124055 14.079843 3.867599 -9.440487 9.546269 0.679841 -26.765653 3.530651 0.318467 -59.381715 5.400892 15.740146 8.319280 -18.715639 5.100900 -11.136511 -16.265234 -1.418626 25.747868 3.678500 2.025503 55.972308 -1.294109 11.684233 -17.497570 34.583519 -10.503310 1.957492 15.337983 1.656559 
-87.178841 2.197968 86.007057 -79.569972 1.831479 93.519075 4.798462 2.770744 -34.336993 -5.260257 18.697016 36.211763 11.360151 15.460805 -18.200240 nan nan nan -18.540248 -7.991800 9.488611 -3.765586 -8.211367 35.640582 3.954805 -10.268815 4.942088 nan nan nan -0.345887 10.395903 6.003376 2.632615 -3.625697 14.572738 -0.264536 1.647310 -6.043170 5.130511 13.991261 3.869979 -9.428516 9.369198 0.681276 -26.553883 3.352237 0.277478 -59.386023 5.236805 15.785927 8.375597 -18.930016 5.363775 -11.471026 -16.192357 -1.492609 25.760975 3.646999 1.852727 56.171467 -1.261688 11.843790 -17.525007 34.598850 -10.336102 2.280506 15.069691 1.617249 
-87.991165 1.550992 86.026596 -78.474442 1.912286 93.436874 4.384625 2.285593 -33.901964 -5.263982 18.359897 36.522116 11.934367 15.487542 -18.758038 nan nan nan -17.992532 -7.380028 8.819909 -3.406025 -7.194554 37.765911 4.006768 -9.770053 4.835049 nan nan nan -0.307499 10.080594 6.128664 2.706171 -3.757551 14.412939 -0.271772 1.479180 -5.794443 5.123801 13.888511 3.818612 -9.401323 9.365501 0.692423 -26.470036 3.186638 0.129012 -59.310718 5.038493 15.659270 8.558394 -19.295128 5.146373 -11.995954 -16.122769 -0.966707 25.896176 3.723366 1.669273 56.236513 -1.178885 12.112326 -17.761309 34.577093 -10.394465 2.857902 14.907883 1.742258 
-88.785416 0.900826 86.070183 -77.249997 1.919771 93.251899 3.846841 1.748561 -33.277905 -5.313307 18.017158 36.662496 12.274663 15.643744 -19.305914 nan nan nan -17.460835 -6.860452 8.304590 -2.938766 -6.253100 39.769045 4.680172 -9.020797 4.343684 nan nan nan -0.180362 9.885395 6.580702 2.735883 -3.891935 14.053821 -0.275107 1.143586 -5.565340 5.041629 13.673100 3.735892 -9.319772 9.401005 0.753628 -26.423923 2.956589 0.057040 -59.166284 4.704254 15.475577 8.676850 -19.554916 4.861685 -12.342165 -16.143598 -0.483035 25.966857 3.705348 1.351484 56.340117 -1.214490 12.260816 -17.807964 34.647518 -10.315748 3.166812 14.762076 2.122406 
-89.567780 0.276161 86.132812 -76.037597 1.915989 93.052161 3.312465 1.130791 -32.586871 -5.363549 17.528597 36.743083 12.538068 15.767237 -19.633545 nan nan nan -16.898300 -6.297972 7.727577 -2.301490 -5.444084 41.723558 5.079105 -8.034940 3.414959 nan nan nan -0.057415 9.642854 7.082958 2.699618 -4.004485 13.756753 -0.319798 0.863956 -5.493856 4.977760 13.593948 3.677255 -9.080276 9.296470 0.733199 -26.264409 2.688722 0.063221 -59.147964 4.307382 15.213633 8.918908 -19.701224 4.384324 -12.272843 -16.287777 -0.120624 26.094830 3.804897 1.249187 56.520855 -1.183187 12.273894 -17.914482 34.535728 -10.382506 3.347693 14.795236 2.620426 
-90.331299 -0.338467 86.212448 -74.764335 2.054869 92.893229 2.886841 0.536110 -31.910405 -5.522455 16.676279 36.756104 12.742949 15.952516 -19.972431 nan nan nan -16.114600 -5.694032 6.951081 -1.560402 -4.817241 43.697050 5.234212 -7.093800 2.413671 nan nan nan -0.127475 9.085400 7.338522 2.877329 -4.235814 13.654637 -0.187529 0.969359 -5.378267 4.622608 13.389238 3.556486 -8.747481 9.427461 0.795478 -26.461293 2.232353 0.061105 -59.033274 4.001045 14.858589 9.147282 -19.863236 3.642142 -11.800565 -16.644822 0.107442 26.168047 4.151740 1.222859 56.378301 -1.241202 12.047683 -17.832774 34.683453 -10.468176 3.262687 14.907250 2.977747 
-91.116257 -0.974100 86.285110 -73.386129 2.100099 92.726482 2.376950 -0.176253 -31.106494 -5.692751 15.848923 36.611293 12.916412 16.109605 -20.351418 nan nan nan -15.430492 -5.119903 6.194633 -0.879473 -4.466672 45.477152 5.437462 -6.325517 1.677750 nan nan nan -0.139495 8.621449 7.704066 2.996082 -4.451317 13.293401 -0.109904 0.944524 -5.111318 4.294208 13.022610 3.433877 -8.429637 9.632729 0.800874 -26.577003 1.785798 0.058966 -58.728066 3.616320 14.708082 9.175309 -20.024452 3.084771 -11.518510 -16.994225 0.023022 26.338465 4.336826 1.052452 56.239707 -1.406756 11.890242 -17.863638 34.894822 -10.724608 3.337226 14.907068 3.119153 
-91.934700 -1.612214 86.386902 -72.076718 2.089273 92.462641 1.792568 -0.927737 -30.041251 -5.909184 14.862925 36.240808 13.113127 16.395424 -20.750414 nan nan nan -14.826033 -4.600615 5.576557 -0.195726 -4.197112 46.983364 5.607815 -5.775921 0.932392 nan nan nan -0.214884 8.311836 8.120364 3.130015 -4.598499 13.214799 0.022930 0.802686 -5.128011 3.974316 12.602153 3.382916 -8.173520 9.863815 0.711259 -26.697274 1.391565 0.031784 -58.422155 3.186510 14.723854 9.274262 -20.275107 2.586726 -11.350114 -17.160144 -0.218502 26.424116 4.483786 0.966833 56.167500 -1.476789 11.927649 -17.953276 34.877675 -10.858363 3.385220 14.944958 3.052837 
-92.689194 -2.261192 86.547714 -70.691708 2.021733 92.325784 1.060393 -1.738962 -29.101071 -6.053052 13.786158 35.905003 13.350361 16.743552 -21.097885 nan nan nan -14.164097 -4.142807 4.670063 0.417865 -4.056787 48.584085 5.700343 -5.715646 -0.001330 nan nan nan -0.348396 7.957385 8.414823 3.261642 -4.759609 13.124285 0.157378 0.633056 -5.119075 3.563325 12.083885 3.206198 -7.746033 10.165227 0.726292 -26.749919 1.073337 0.053808 -57.982174 2.684008 14.894072 9.002175 -20.842042 2.555073 -10.624133 -17.319545 -0.854302 26.489914 4.491076 0.861173 56.117172 -1.468617 12.128902 -17.997320 34.837472 -10.740146 2.850414 15.109165 2.620076 
-93.421486 -2.915386 86.693039 -69.260310 2.047422 92.306797 0.382267 -2.395318 -28.312170 -6.101523 12.723871 35.642647 13.495834 16.900583 -21.489352 nan nan nan -13.407113 -3.710342 3.523105 0.889707 -4.204645 50.253061 5.898253 -5.749678 -0.977199 nan nan nan -0.346400 7.439945 8.622880 3.384071 -4.877479 12.812947 0.252508 0.472384 -5.004380 3.232386 11.705017 3.141507 -7.402681 10.286910 0.845750 -26.750669 0.852490 0.042542 -57.680166 2.105492 14.894506 8.788466 -21.222284 2.351507 -10.171854 -17.526596 -1.076642 26.372490 4.473482 0.779213 56.283140 -1.507043 12.240104 -18.093004 34.814884 -10.604252 2.287612 15.354702 2.280711 
-94.162544 -3.590725 86.855667 -67.949721 2.140861 92.258670 -0.190611 -2.925639 -27.402332 -6.137190 11.767153 35.335487 13.574277 16.974689 -21.918589 nan nan nan -12.625479 -3.177009 2.370583 1.243805 -4.520085 51.777345 6.001316 -5.818630 -1.944472 nan nan nan -0.252314 6.817303 8.971674 3.484970 -4.896801 12.216052 0.297963 0.390349 -4.849319 3.022888 11.488785 3.240777 -7.179077 10.169564 0.943872 -26.691002 0.727848 -0.065025 -57.500348 1.664994 14.946123 8.677814 -21.481928 2.298398 -9.807597 -17.921902 -0.962879 26.175312 4.474949 0.675790 56.539896 -1.650349 12.391240 -18.172361 34.665646 -10.383271 1.953539 15.679299 1.953913 
-94.897102 -4.279929 87.047989 -66.730565 2.186948 92.168956 -0.816112 -3.460322 -26.344028 -6.155293 10.840220 34.873402 13.660271 17.145804 -22.220221 nan nan nan -11.868132 -2.626374 1.188658 1.563156 -4.671065 53.172808 5.853658 -6.004651 -2.826800 nan nan nan -0.206001 6.227615 9.283983 3.565831 -4.868551 11.788641 0.356332 0.386168 -4.714381 2.680652 11.139555 3.278896 -6.933520 10.228549 1.038497 -26.740416 0.484711 -0.077532 -57.221972 1.214347 14.980203 8.552470 -21.857114 2.208554 -9.281116 -18.189778 -0.888032 26.029990 4.488541 0.752410 56.678433 -1.723322 12.355147 -18.200159 34.651052 -10.252760 1.566826 15.877169 1.815988 
-95.617134 -4.988563 87.263306 -65.512476 2.157433 92.092052 -1.547791 -4.011278 -25.228033 -6.163443 9.912584 34.282511 13.706068 17.368382 -22.433255 nan nan nan -11.233671 -2.130389 -0.016428 1.816030 -4.765009 54.382833 5.679465 -6.145927 -3.932839 nan nan nan -0.171192 5.740924 9.301119 3.613426 -4.893866 11.929266 0.422751 0.329702 -4.806442 2.217192 10.677497 3.441671 -6.681159 10.446308 0.857755 -26.896163 0.130645 -0.078555 -56.865733 0.723102 15.015028 8.484426 -22.247688 1.843327 -8.651382 -18.480432 -0.992764 25.882073 4.560690 0.734306 56.808634 -1.820541 12.352847 -18.320918 34.558529 -10.214884 1.136342 16.081351 1.583732 
-96.323990 -5.708723 87.489677 -64.284830 2.067314 91.990715 -2.390257 -4.417114 -24.003523 -6.107494 8.990392 33.578960 13.664839 17.454179 -22.655919 nan nan nan -10.765001 -1.737384 -1.191525 1.987118 -4.922480 55.361925 5.536577 -6.231132 -5.297353 nan nan nan -0.055692 5.316310 9.240170 3.566556 -4.918931 12.162858 0.409441 0.183930 -4.812167 1.742551 10.143754 3.623030 -6.323305 10.548056 0.658166 -26.920336 -0.233065 -0.158777 -56.529138 0.137400 15.141260 8.365388 -22.686491 1.638610 -8.154445 -18.659139 -1.190132 25.804541 4.644369 0.528337 56.877632 -1.937819 12.491100 -18.366417 34.388005 -10.088986 0.953016 16.324516 1.356057 
-97.013008 -6.427436 87.707336 -63.092241 1.963053 91.935648 -3.242119 -4.785059 -22.789534 -6.032401 7.871385 32.838379 13.735017 17.549917 -22.795862 nan nan nan -10.325455 -1.404849 -2.581170 2.068276 -4.967015 56.326512 5.468253 -6.452534 -6.507267 nan nan nan 0.052930 4.856912 9.207311 3.519579 -4.911837 12.172032 0.364824 0.016309 -4.698433 1.254414 9.518122 3.538971 -5.815661 10.706801 0.917616 -26.894241 -0.482891 -0.212496 -56.151980 -0.464522 15.243591 8.142626 -23.372250 1.560176 -7.842489 -18.160575 -1.258382 25.791758 4.624726 0.484537 56.817586 -1.907467 12.638984 -18.236407 34.340259 -9.863218 0.921102 16.287551 1.381141 
-97.727013 -7.148489 87.912178 -61.966697 1.910665 91.777226 -3.988467 -5.095682 -21.341932 -5.949093 6.689505 31.875433 13.759828 17.544988 -22.768540 nan nan nan -9.840167 -1.051516 -3.761888 2.229461 -4.750337 56.976206 5.328177 -6.623722 -7.780966 nan nan nan 0.224157 4.379238 9.532119 3.460495 -4.841335 11.843555 0.326854 -0.094102 -4.596387 0.858759 9.060398 3.578203 -5.365108 10.732111 1.085336 -26.844570 -0.697299 -0.264039 -56.015829 -0.879520 15.331335 8.375500 -24.130329 1.177530 -7.684044 -18.028788 -1.173071 25.680600 4.547769 0.385792 56.875960 -2.067265 12.757197 -18.190599 34.325568 -9.742010 1.029076 16.371844 1.329412 
-98.390961 -7.861642 88.143745 -60.743021 1.842844 91.704725 -4.731055 -5.358502 -19.977286 -5.821691 5.649566 30.919453 13.718689 17.405262 -22.893665 nan nan nan -9.438852 -0.808799 -5.052990 2.305088 -4.770701 57.479532 5.203438 -6.821432 -9.123249 nan nan nan 0.336574 3.884111 9.799417 3.432987 -4.819791 11.466693 0.364029 -0.223580 -4.486958 0.493228 8.763427 3.628701 -5.022091 10.664193 1.208334 -26.689760 -0.836611 -0.508797 -56.225406 -1.506953 15.281589 8.636726 -24.387547 0.316231 -7.574604 -18.309161 -0.607310 25.563064 4.412146 0.289515 56.881767 -2.164516 12.809255 -18.131939 34.322117 -9.728665 1.138366 16.421864 1.407778 
-99.099419 -8.564157 88.346344 -59.415730 1.820604 91.603786 -5.423005 -5.491600 -18.533348 -5.765092 4.386826 29.860106 13.616512 17.336879 -22.780893 nan nan nan -9.005155 -0.655007 -6.253878 2.282025 -4.905889 57.648686 4.966795 -7.110788 -10.277140 nan nan nan 0.438407 3.324468 9.919913 3.468955 -4.856271 11.372701 0.375342 -0.242183 -4.527521 0.042575 8.265756 3.893816 -4.590079 10.743280 1.206320 -26.793678 -1.074138 -0.354146 -55.769741 -1.972593 15.377870 8.496177 -25.519248 0.564009 -7.265530 -18.393688 -0.585315 25.409692 4.339486 0.402347 56.919247 -2.312740 12.598999 -18.138627 34.546218 -9.600713 1.246709 16.341328 1.413208 
-99.782791 -9.267875 88.595551 -58.050835 1.795481 91.565088 -6.147484 -5.617628 -17.139998 -5.620516 3.000228 28.872284 13.626468 17.350887 -22.720603 nan nan nan -8.488247 -0.433580 -7.557989 2.339398 -4.759161 57.806922 4.446666 -7.307240 -11.313197 nan nan nan 0.538255 2.735011 10.009438 3.572446 -4.926609 11.217906 0.363236 -0.297637 -4.566543 -0.453349 7.673547 4.052254 -4.202997 10.818416 1.409956 -26.964665 -1.282716 -0.200761 -55.335291 -2.558911 15.382847 8.339330 -26.418018 0.388643 -6.898256 -18.165271 -0.923562 25.222749 4.247812 0.486094 56.973269 -2.370704 12.461299 -18.061377 34.551972 -9.455020 1.394468 16.214599 1.391226 
-100.477226 -9.984680 88.859756 -56.723783 1.740892 91.544059 -6.890720 -5.647488 -15.639244 -5.386490 1.576534 27.710983 13.610340 17.288354 -22.677472 nan nan nan -8.051954 -0.303017 -8.965582 2.348478 -4.547041 57.909621 4.035881 -7.450036 -12.103983 nan nan nan 0.590196 2.133479 10.082032 3.626899 -4.970743 11.040531 0.404371 -0.382426 -4.567996 -0.936802 7.150552 4.151530 -3.798267 10.885953 1.651241 -27.058677 -1.439542 -0.111878 -55.075022 -3.188077 15.218949 8.157330 -27.022487 0.373632 -6.477337 -18.587535 -0.775563 25.099082 4.135549 0.532790 56.878854 -2.378918 12.434685 -17.811976 34.485492 -9.086200 1.311717 16.447803 1.247331 
-101.213600 -10.730541 89.103889 -55.507315 1.661780 91.307363 -7.608762 -5.438535 -13.744687 -5.264465 -0.000007 26.234496 13.575765 17.318143 -22.444269 nan nan nan -7.699703 -0.246457 -10.053644 2.297104 -4.195370 57.703714 3.799931 -7.408726 -12.900727 nan nan nan 0.707082 1.616274 10.351257 3.573976 -4.930180 10.943803 0.379828 -0.487345 -4.591445 -1.224764 6.616073 4.192876 -3.404002 10.890495 1.919842 -27.180322 -1.723797 0.026689 -54.699118 -3.542247 15.179486 8.257430 -28.039316 0.149035 -6.303397 -18.808455 -0.544223 24.958166 4.101779 0.520451 56.854282 -2.552103 12.235191 -17.543589 34.560677 -8.992296 1.742483 16.421217 1.382896 
-101.950943 -11.502386 89.357231 -54.391068 1.613713 90.895325 -8.254661 -5.134046 -11.614097 -5.159340 -1.551138 24.631515 13.441263 17.508437 -22.133838 nan nan nan -7.348714 -0.053167 -10.870137 2.240975 -3.609216 57.377384 3.870020 -6.967494 -13.787251 nan nan nan 0.896446 1.202432 10.827319 3.504570 -4.874986 10.646480 0.347612 -0.714759 -4.420558 -1.410860 6.165091 4.285326 -3.148909 10.936060 2.040980 -27.234356 -2.066550 0.013397 -54.419642 -3.714404 15.308411 8.699559 -29.373751 -0.924830 -6.402026 -18.236198 -1.102870 24.878259 4.117319 0.381905 56.643591 -2.795646 12.149360 -17.144456 34.751553 -9.075368 2.283559 15.896380 1.733461 
-102.676857 -12.247585 89.616417 -53.142707 1.599323 90.663494 -8.757224 -4.996123 -9.794985 -4.951014 -2.809978 23.279279 13.088910 17.481507 -21.974020 nan nan nan -7.097593 0.237832 -11.808074 2.327249 -3.696593 56.653705 3.740021 -7.050262 -14.570457 nan nan nan 1.035964 0.588656 11.150651 3.478755 -4.871571 10.304613 0.368680 -0.803297 -4.387448 -1.707256 5.787206 4.572997 -2.943638 10.997381 2.176313 -27.348394 -2.026192 0.000794 -54.101730 -4.392185 15.351026 8.407633 -29.944241 -1.038264 -6.011147 -18.456177 -0.782055 24.814527 3.839651 0.440377 56.549118 -2.761986 12.132226 -16.944070 34.743183 -8.683865 2.331976 15.991121 2.080277 
-103.397919 -12.983014 89.861748 -51.907803 1.568376 90.426339 -9.214183 -4.807709 -7.952279 -4.722010 -4.069686 21.894939 12.777383 17.386331 -21.782181 nan nan nan -6.837351 0.621564 -12.723877 2.385466 -3.761023 55.750450 3.502220 -7.228627 -15.247154 nan nan nan 1.053066 0.078478 11.328086 3.549985 -4.853684 10.327020 0.443336 -0.954592 -4.529120 -1.987990 5.436534 4.911305 -2.724030 10.926170 2.198411 -27.428179 -2.165812 0.171513 -53.940702 -5.123475 15.333329 8.366873 -30.368122 -1.108856 -5.575441 -18.863487 -0.894313 24.656773 3.705525 0.560909 56.528537 -2.779801 12.117631 -16.817593 34.621658 -8.529915 2.452072 16.189228 1.636510 
-104.155655 -13.726729 90.063728 -50.785078 1.601321 90.103239 -9.521026 -4.419520 -5.948431 -4.493805 -5.329280 20.321056 12.537585 17.333829 -21.470566 nan nan nan -6.499987 1.035001 -13.480481 2.477492 -3.549312 54.671749 3.556140 -7.345110 -15.796352 nan nan nan 1.148859 -0.426912 11.504465 3.579805 -4.781178 10.513180 0.442464 -1.093982 -4.604462 -2.068400 5.126460 5.020781 -2.505892 10.738971 2.338032 -27.387075 -2.295476 0.208549 -53.886360 -5.693417 15.413473 8.643531 -31.176168 -1.426327 -5.742249 -18.807777 -0.685629 24.477692 3.670047 0.578073 56.551000 -2.882856 12.204455 -16.787073 34.565512 -8.525980 3.096166 16.076501 1.262275 
-104.889290 -14.465542 90.274506 -49.663614 1.717543 89.884776 -9.712383 -4.084861 -4.077467 -4.216129 -6.572272 18.826763 12.244847 17.286653 -21.298935 nan nan nan -6.127878 1.553010 -14.354378 2.633548 -3.274114 53.598196 3.673896 -7.392045 -16.198675 nan nan nan 1.340699 -1.046243 11.713556 3.624783 -4.720048 10.329201 0.429932 -1.168753 -4.489175 -2.227256 4.956470 5.063621 -2.347371 10.503975 2.535444 -27.309624 -2.278271 0.044404 -54.182949 -6.544516 15.143781 8.700702 -31.194167 -1.546143 -5.835872 -19.229617 -0.267643 24.325517 3.555637 0.659546 56.481055 -2.858421 12.029181 -16.608917 34.602625 -7.864459 3.801483 15.930658 1.605330 
-105.617447 -15.210306 90.466171 -48.567113 1.807135 89.729349 -9.890979 -3.825080 -2.257801 -3.874247 -7.736340 17.328673 12.001552 17.213038 -21.187350 nan nan nan -5.793519 1.990788 -15.320561 2.767310 -2.973134 52.468632 3.603252 -7.486591 -16.420565 nan nan nan 1.498254 -1.659528 11.861277 3.682968 -4.709946 10.205633 0.394235 -1.189434 -4.579598 -2.478678 4.766799 5.350197 -2.141526 10.417193 2.649289 -27.321671 -2.240783 0.041206 -54.175811 -7.187861 14.996148 8.506669 -31.618936 -1.142156 -5.465930 -19.713867 -0.471646 24.127797 3.431500 0.828532 56.426445 -2.846417 11.954445 -16.380860 34.546614 -7.142750 3.981663 15.999703 1.520698 
-106.344826 -15.947614 90.607780 -47.519716 1.866034 89.566143 -10.061868 -3.647681 -0.400053 -3.512157 -8.775761 15.717269 11.782164 17.347304 -21.014931 nan nan nan -5.524793 2.342838 -16.209354 2.761252 -2.845976 51.052386 3.600756 -7.924106 -16.589284 nan nan nan 1.647514 -2.114786 11.947634 3.687189 -4.662451 10.114964 0.373665 -1.309930 -4.587926 -2.677482 4.491736 5.569840 -1.821669 10.375059 2.756807 -27.291809 -2.391199 0.123868 -53.920595 -7.637411 15.180504 8.274607 -32.368695 -0.643032 -5.067050 -19.987183 -0.903103 23.867766 3.368161 0.777944 56.494945 -3.001065 12.051245 -16.261635 34.420822 -6.784164 4.082989 15.989378 0.958743 
-107.076324 -16.677839 90.716980 -46.469321 1.883245 89.434998 -10.212475 -3.397693 1.359193 -3.297962 -9.932879 14.171823 11.358022 17.588712 -20.742340 nan nan nan -5.401089 2.543780 -17.121370 2.868589 -2.761989 49.585173 3.694446 -8.465303 -16.816626 nan nan nan 1.721208 -2.525247 11.964454 3.701115 -4.660539 10.131100 0.384744 -1.472378 -4.649026 -2.872479 4.192687 5.610187 -1.532179 10.408443 3.048302 -27.268191 -2.627589 0.347472 -53.616873 -8.061380 15.312231 8.120926 -33.292524 -0.791132 -4.584169 -20.003631 -1.184902 23.729969 3.333364 0.655886 56.459745 -3.299000 12.166777 -16.138220 34.467974 -6.573744 3.954853 15.823145 0.495615 
-107.826157 -17.402794 90.776398 -45.344236 1.962519 89.337797 -10.156813 -2.930831 3.016527 -3.195351 -11.308716 12.626735 10.652676 17.666600 -20.462494 nan nan nan -5.330692 2.626489 -18.130625 3.102419 -2.650829 48.215645 3.602025 -8.913967 -17.085520 nan nan nan 1.770464 -3.066950 11.896584 3.750840 -4.699757 10.204683 0.440946 -1.571992 -4.692458 -3.091943 3.698180 5.670982 -1.340088 10.523133 3.443486 -27.389431 -2.999744 0.777708 -53.368353 -8.260836 15.455586 8.731608 -34.741841 -1.786428 -4.213224 -19.178800 -0.773944 23.589600 3.361507 0.680274 56.314018 -3.551722 12.090277 -15.895014 34.666518 -6.495346 4.127940 15.589520 0.526269 
-108.586914 -18.140072 90.825188 -44.254173 2.039182 89.162829 -10.068048 -2.361212 4.737481 -2.865082 -12.341270 11.014572 10.771745 17.592805 -20.494553 nan nan nan -5.319132 2.732939 -18.921507 3.284906 -2.507291 46.608209 3.062228 -9.119370 -17.568741 nan nan nan 1.823070 -3.623212 12.063764 3.790620 -4.633210 9.989655 0.477963 -1.648565 -4.631134 -3.165467 3.359142 5.838821 -1.259874 10.459532 3.680154 -27.337190 -3.112706 0.840617 -53.447319 -8.716183 15.664610 9.156132 -35.526251 -2.222740 -4.163359 -18.906195 -0.132741 23.313233 3.145764 0.638230 56.372468 -3.651442 11.945693 -15.604020 34.702877 -6.272337 4.750434 15.427791 1.195527 
-109.348808 -18.864941 90.844772 -43.239585 2.191286 89.135087 -9.809044 -1.879069 6.346794 -2.537325 -12.861872 9.676768 9.932050 17.744171 -20.516164 nan nan nan -5.265033 2.991908 -19.850878 3.300224 -2.714995 44.929032 2.466108 -9.141103 -17.785394 nan nan nan 2.003313 -4.182437 12.036244 3.823351 -4.489772 9.745218 0.453563 -1.771691 -4.502094 -3.112457 3.451073 6.071613 -1.250972 10.108436 3.576644 -27.048446 -2.871802 0.477308 -53.683438 -9.339813 16.043579 9.064966 -35.568490 -1.638756 -4.458505 -20.410944 -0.897917 23.055000 2.893763 0.619703 56.491752 -3.641819 11.959201 -15.460326 34.554582 -5.845678 5.103891 15.688460 1.094812 
-110.078537 -19.565742 90.837784 -42.319756 2.271449 89.148126 -9.557437 -1.498476 7.782153 -2.381914 -13.461853 8.393284 9.223611 17.688639 -20.473216 nan nan nan -5.305766 2.990003 -20.979417 3.332694 -3.099347 43.355729 2.294839 -9.289096 -17.414297 nan nan nan 1.960228 -4.580291 11.999065 3.962255 -4.444635 9.552680 0.493869 -1.817341 -4.457065 -3.146757 3.278660 6.200836 -1.076220 9.975577 3.832134 -26.847601 -2.907976 0.395732 -54.239815 -10.106341 16.308724 9.278037 -35.562206 -1.795538 -3.962380 -20.078519 -1.000349 22.945573 2.745772 0.681605 56.366222 -3.774118 12.009142 -15.395081 34.674423 -5.613806 5.201310 15.461636 0.865574 
-110.794945 -20.271538 90.806534 -41.433760 2.290898 89.120348 -9.332355 -1.113600 9.100871 -2.225265 -13.921997 7.324049 9.069427 17.454899 -20.638767 nan nan nan -5.416780 2.971859 -21.957139 3.338949 -3.439633 41.515960 2.459462 -9.419763 -17.178666 nan nan nan 1.831654 -4.961171 12.051307 4.118246 -4.416936 9.432211 0.524465 -1.852823 -4.495506 -3.185374 3.115479 6.303771 -0.847841 9.592378 4.123510 -26.578037 -2.848676 0.285542 -54.760074 -10.808893 16.568112 9.435485 -35.564471 -1.899717 -3.389960 -21.197190 -2.667624 22.854973 2.541054 0.689979 56.308067 -3.891435 11.998281 -15.398697 34.747625 -5.251241 5.315120 15.570376 0.727995 
-111.538658 -20.982639 90.665611 -40.467819 2.466714 89.257401 -8.823953 -0.608872 10.091644 -2.198739 -14.853401 6.333554 8.660299 17.423381 -20.357466 nan nan nan -5.329150 2.797463 -23.346305 3.452241 -3.493816 39.847088 2.557041 -9.658701 -17.423050 nan nan nan 1.970335 -5.336830 11.621511 4.189433 -4.421639 9.796296 0.409773 -1.956893 -4.716144 -3.248215 2.666231 6.301159 -0.385662 9.632123 4.422265 -27.144130 -3.452305 0.622299 -53.097971 -10.587236 17.671647 10.134252 -37.614141 -1.951807 -4.403157 -19.633225 -2.065439 23.170432 2.664133 0.409174 55.745751 -4.304238 11.690836 -14.901750 34.764414 -6.355093 5.897626 15.022942 1.237159 
-112.276588 -21.671316 90.526840 -39.542103 2.598249 89.371236 -8.470287 -0.391742 11.079622 -1.977618 -15.390230 5.534872 8.060909 17.176599 -20.279715 nan nan nan -5.326283 2.605272 -24.494985 3.514284 -3.739989 38.022413 2.615186 -9.623108 -17.279687 nan nan nan 2.054075 -5.633194 11.498240 4.233634 -4.328444 9.536489 0.531993 -2.188707 -4.517352 -3.281044 2.539830 6.265887 -0.267781 9.511597 4.597867 -27.049258 -3.436141 0.618294 -53.024902 -11.012268 17.884116 10.043439 -38.426627 -2.240217 -4.363662 -19.705706 -1.562454 23.039696 2.393379 0.313168 55.595742 -4.285721 11.691298 -14.662795 34.717221 -6.244964 6.072911 15.007261 1.156246 
-113.014679 -22.370794 90.372398 -38.706124 2.630697 89.455746 -8.207217 -0.122146 12.101101 -1.667457 -15.810693 4.751165 7.946421 16.859710 -20.318691 nan nan nan -5.483821 2.501263 -25.469018 3.637195 -3.924167 35.983227 2.885112 -9.348260 -16.696960 nan nan nan 1.932813 -5.901083 11.414989 4.375189 -4.239451 9.434527 0.627913 -2.345150 -4.512897 -3.153125 2.448914 6.248646 -0.260923 9.225975 4.931968 -26.860451 -3.463361 0.494829 -53.141445 -11.488350 18.359347 10.097529 -38.733145 -2.059388 -3.915869 -20.449030 -2.024218 22.915217 2.180698 0.200134 55.394404 -4.348895 11.833520 -14.382166 34.638705 -5.852377 6.170367 15.057017 1.058319 
-113.769554 -23.093311 90.189865 -37.992422 2.654527 89.462768 -7.887092 0.320782 13.201980 -1.403143 -16.248363 4.031724 7.887177 16.563247 -20.613607 nan nan nan -5.637701 2.500411 -26.221810 3.782414 -3.873523 33.748373 3.419449 -8.918233 -15.893964 nan nan nan 1.795017 -6.173716 11.269783 4.482506 -4.151870 9.609067 0.664390 -2.414946 -4.593759 -2.974031 2.339370 6.210729 -0.250075 8.903623 5.198693 -26.782439 -3.577988 0.503847 -53.031026 -12.055005 18.657292 10.121238 -39.099266 -1.956613 -3.757183 -20.735869 -1.818065 22.903761 2.123837 0.219723 55.144657 -4.451065 11.884363 -14.224316 34.696279 -5.674310 6.300007 15.031696 1.079209 
-114.507912 -23.816599 89.985001 -37.294703 2.727708 89.466383 -7.405687 0.707330 14.253187 -1.410967 -16.908898 3.512318 7.390102 16.367084 -21.270984 nan nan nan -5.692254 2.350927 -26.988703 3.808582 -3.966388 31.548879 3.437427 -8.667665 -15.140858 nan nan nan 1.772932 -6.416254 11.147453 4.596837 -4.119682 9.711775 0.617048 -2.446800 -4.590741 -2.900924 2.236840 6.156899 -0.102568 8.543087 5.370354 -26.720819 -3.654961 0.682706 -52.881634 -12.760036 18.764114 10.050475 -39.796209 -2.019856 -4.143157 -20.274184 -1.073635 23.001761 2.139322 0.354291 54.797386 -4.554879 11.739702 -14.161162 34.923931 -5.802218 6.596820 14.837409 1.201322 
-115.251282 -24.550659 89.763359 -36.540738 2.795772 89.408978 -6.849006 1.163720 15.281438 -1.446902 -17.722683 3.176587 6.779090 16.027974 -21.841122 nan nan nan -5.775880 2.130369 -27.521600 3.798575 -4.235087 29.019278 3.443428 -8.674847 -14.958775 nan nan nan 1.744540 -6.751962 11.156229 4.694125 -4.162046 9.707891 0.636302 -2.415486 -4.533591 -2.926360 2.187523 6.065327 -0.001750 8.251814 5.574190 -26.823947 -3.650963 0.876338 -52.592422 -13.418155 18.720850 9.858929 -40.674184 -2.063999 -4.622560 -20.026625 -0.598053 23.121064 2.165802 0.732420 54.412215 -4.514171 11.268348 -14.035333 35.281591 -5.996863 6.824094 14.666436 1.497068 
-116.018135 -25.290377 89.522781 -35.832495 2.829086 89.331125 -6.362119 1.557347 16.264063 -1.300779 -18.377450 2.902238 6.419993 15.637393 -22.234512 nan nan nan -5.876069 1.950364 -27.936470 3.778092 -4.576557 26.351968 3.502693 -8.726496 -14.740909 nan nan nan 1.647272 -6.992075 11.217097 4.792561 -4.135408 9.722882 0.699486 -2.568219 -4.548259 -2.785514 2.314314 5.882964 -0.012578 7.948943 6.040736 -26.852019 -3.631099 1.050464 -52.404470 -14.009516 18.775488 9.990905 -41.354062 -2.236133 -5.055867 -20.340717 -0.398861 23.205422 2.079530 0.925460 54.234936 -4.415266 10.987473 -14.166523 35.405487 -6.158563 7.161458 14.675329 1.895455 
-116.779861 -26.033281 89.252838 -35.141583 2.833784 89.300364 -5.873513 1.881630 17.140432 -1.237926 -18.997726 2.734544 6.082872 15.246823 -22.809925 nan nan nan -5.958074 1.694043 -28.376785 3.793124 -4.744960 23.790285 3.559224 -8.738934 -14.116677 nan nan nan 1.500375 -7.201357 11.225025 4.904817 -4.141044 9.703219 0.752471 -2.741100 -4.483792 -2.648789 2.409267 5.684710 0.004075 7.709653 6.391848 -26.868133 -3.616557 1.181131 -52.209258 -14.675417 18.871574 10.149589 -41.726125 -2.245454 -5.011775 -20.815452 -0.502092 23.208568 2.003769 0.983766 54.145204 -4.313812 10.867726 -14.236639 35.401361 -6.164541 7.320939 14.750099 1.850082 
-117.532951 -26.800385 88.971024 -34.551598 2.720593 89.214943 -5.570213 2.056116 18.114267 -1.308905 -19.563847 2.609225 5.643026 14.980651 -23.294664 nan nan nan -6.093012 1.378346 -28.666014 3.790361 -4.624148 21.178915 3.793682 -8.698722 -13.544156 nan nan nan 1.300905 -7.309922 11.215935 4.952558 -4.222393 9.726852 0.763059 -2.874617 -4.372492 -2.635111 2.398209 5.568015 0.172990 7.657689 6.468475 -26.795472 -3.546113 1.166323 -52.053795 -15.187744 19.104780 10.228997 -41.969656 -1.989024 -4.769926 -21.229855 -1.057738 23.388881 1.915044 1.114622 53.899456 -4.072338 10.879387 -14.373159 35.271052 -6.426554 7.297276 14.793973 1.730914 
-118.314201 -27.575222 88.682503 -34.002929 2.628061 89.136249 -5.261447 2.103253 19.038540 -1.438799 -20.121464 2.644217 5.130854 14.699111 -23.684103 nan nan nan -6.165875 1.056278 -28.889147 3.634237 -4.547608 18.605348 4.106835 -8.542571 -13.076340 nan nan nan 1.113359 -7.283111 11.091610 5.035142 -4.373579 10.035824 0.791415 -3.021699 -4.448731 -2.639675 2.412908 5.601568 0.326936 7.557464 6.360826 -26.797972 -3.574734 1.238239 -51.878513 -15.612039 19.252207 10.241668 -42.418632 -2.218226 -4.803393 -21.446652 -1.303278 23.630841 1.921728 1.210129 53.577656 -4.026131 10.883690 -14.574912 35.269889 -6.800548 7.296534 14.736252 1.861814 
-119.092239 -28.339781 88.378387 -33.371510 2.573477 89.107393 -4.835326 2.214453 19.733382 -1.511283 -20.549445 2.926481 4.827301 14.312234 -24.295001 nan nan nan -6.260197 0.626976 -29.170995 3.658100 -4.534908 16.263667 4.495413 -8.449741 -12.612500 nan nan nan 0.965532 -7.304998 11.012503 5.152194 -4.516879 10.198427 0.837315 -3.151736 -4.457186 -2.609773 2.413511 5.507518 0.378423 7.353219 6.383888 -26.770867 -3.713415 1.394603 -51.785369 -15.927788 19.311817 10.512855 -42.900747 -2.857700 -4.759570 -21.953330 -2.314165 23.725996 1.928650 1.177789 53.391263 -4.041459 10.748970 -14.712871 35.247894 -6.944527 7.173071 14.779778 1.928634 
-119.833633 -29.104980 88.045631 -32.647330 2.447392 89.112574 -4.478111 2.364237 20.264481 -1.554726 -21.082248 3.385564 4.725817 14.078458 -25.002163 nan nan nan -6.370807 0.033566 -29.503391 3.713824 -4.155368 14.146873 4.705127 -8.591979 -12.393891 nan nan nan 0.790780 -7.383065 10.889966 5.230987 -4.720275 10.336517 0.861273 -3.286806 -4.321420 -2.582375 2.213702 5.017119 0.454570 7.298233 6.867074 -26.776093 -3.792357 1.659056 -51.598804 -16.597992 19.127725 10.436477 -43.452493 -3.161164 -4.473123 -20.723381 -1.095417 23.811671 1.801598 1.202896 53.166865 -3.699031 10.474809 -14.618996 35.221748 -7.113574 7.189559 14.419737 2.296362 
-120.596222 -29.889666 87.696487 -31.942356 2.304787 89.127097 -4.110704 2.465072 20.829504 -1.766502 -21.839114 3.853475 4.228465 13.773883 -25.555220 nan nan nan -6.456016 -0.564537 -29.827048 3.607391 -3.862398 12.205102 4.688195 -8.680668 -12.501274 nan nan nan 0.560254 -7.392924 10.603336 5.278040 -4.938781 10.599544 0.929753 -3.420950 -4.222350 -2.415014 2.120377 4.691919 0.576466 7.137556 7.363600 -26.730004 -4.023515 1.792020 -51.391790 -17.078588 19.197061 10.628868 -43.574703 -3.373999 -4.175095 -20.921401 -1.098533 23.963405 1.815238 1.101733 52.920592 -3.656924 10.413572 -14.679804 35.133387 -7.287680 7.108392 14.445919 2.169918 
-121.389359 -30.694378 87.373741 -31.359717 2.165908 89.123197 -3.818723 2.452373 21.434897 -2.026643 -22.534411 4.333743 3.917607 13.644466 -26.009697 nan nan nan -6.436187 -1.133544 -30.185475 3.440916 -3.615345 10.583231 4.698403 -8.807401 -12.555614 nan nan nan 0.404850 -7.368816 10.460153 5.292498 -5.074287 10.663664 0.966170 -3.617838 -4.092844 -2.338619 1.988643 4.423051 0.711325 7.046389 7.673306 -26.714234 -4.172963 1.801851 -51.185867 -17.368235 19.355297 10.760282 -43.631457 -3.258196 -3.799115 -21.447705 -1.521367 24.164554 1.814229 0.897582 52.708955 -3.689221 10.397159 -14.776057 34.962464 -7.416371 6.972049 14.512433 2.168580 
-122.192467 -31.522924 87.069000 -30.986311 2.053810 89.147637 -3.615469 2.515178 22.057953 -2.070188 -23.080129 4.756749 3.506364 13.603057 -26.396713 nan nan nan -6.296426 -1.629782 -30.652719 3.261262 -3.288597 9.363318 4.753620 -8.847906 -12.505704 nan nan nan 0.302885 -7.344112 10.368908 5.321877 -5.125281 10.628678 0.969258 -3.780223 -4.011223 -2.365119 1.936142 4.251021 0.868588 6.880527 7.880894 -26.692104 -4.108641 1.905703 -51.107668 -17.688618 19.363839 10.700492 -43.812853 -3.223399 -3.609822 -21.711685 -1.602330 24.303782 1.740212 1.042253 52.577801 -3.468200 10.220281 -14.909509 34.788279 -7.564668 6.775063 14.499493 2.256234 
-123.013916 -32.358303 86.778885 -30.561781 1.953908 89.189798 -3.286851 2.584772 22.655379 -2.150646 -23.557448 5.229318 2.818789 13.192897 -26.750644 nan nan nan -6.131901 -2.201959 -31.083525 3.132815 -3.081808 8.389280 4.668603 -8.815327 -12.539352 nan nan nan 0.169765 -7.337600 10.235174 5.388037 -5.218450 10.691179 0.997217 -3.918582 -4.031778 -2.385599 1.982538 4.199380 0.985590 6.745149 8.039794 -26.705119 -3.873423 2.007893 -51.094348 -18.045877 19.408706 10.606053 -43.955730 -3.326762 -3.503031 -21.881683 -1.611919 24.431899 1.568449 1.318789 52.443933 -3.097812 10.135884 -15.114604 34.529921 -7.756173 6.556359 14.580334 2.176283 
-123.842155 -33.229355 86.504822 -30.101724 1.780389 89.189217 -2.955474 2.593971 23.300028 -2.359348 -24.026657 5.703882 2.451882 12.717499 -26.982197 nan nan nan -6.112664 -2.781913 -31.457255 3.215018 -3.014285 7.809398 4.435431 -8.937559 -12.678018 nan nan nan -0.056860 -7.357657 9.913131 5.462846 -5.344091 11.105240 1.042309 -3.991676 -4.084433 -2.404597 1.968403 4.112769 1.043722 6.645361 8.112842 -26.816284 -3.700730 2.007045 -50.970390 -18.416310 19.411028 10.302600 -43.996932 -3.391195 -3.417245 -21.857563 -1.443042 24.511763 1.451191 1.344785 52.284198 -2.853085 10.151674 -15.164134 34.228481 -7.984352 6.086887 14.641066 2.167770 
-124.687363 -34.118587 86.258492 -29.694289 1.707721 89.150663 -2.469324 2.636255 23.976129 -2.692052 -24.599690 6.224641 2.282130 12.462057 -27.184131 nan nan nan -6.115982 -3.089506 -31.798767 3.344018 -3.098328 7.666869 4.265932 -9.120338 -12.714138 nan nan nan -0.180633 -7.405649 9.554816 5.570951 -5.325273 11.527537 1.098240 -4.034849 -4.064124 -2.547327 1.839685 4.094512 1.024929 6.507058 8.030667 -27.073916 -3.757104 2.164215 -50.765909 -18.809758 19.206261 9.843916 -43.916914 -3.390951 -3.184903 -21.511395 -0.949791 24.453854 1.427828 1.089056 52.214392 -2.896952 9.932817 -15.101539 33.945331 -8.104586 5.753180 14.613438 2.260376 
-125.547569 -35.041283 86.038162 -29.363842 1.703153 89.129970 -1.961715 2.708627 24.598422 -3.011343 -25.208124 6.845275 2.134402 12.242991 -27.304726 nan nan nan -6.122449 -3.142426 -32.127538 3.415859 -3.342207 7.870114 4.160580 -9.195952 -12.821454 nan nan nan -0.214387 -7.556197 9.244594 5.643386 -5.301832 11.851995 1.090907 -3.990882 -4.185664 -2.568308 1.706818 4.260491 0.927100 6.422885 8.085318 -27.277301 -3.832296 2.520232 -50.649435 -18.962720 18.959469 9.674680 -43.885556 -3.493308 -3.111308 -21.132027 -0.370469 24.517184 1.455964 1.110068 52.032521 -2.936692 9.663725 -15.053919 33.657280 -8.128581 5.529202 14.596645 2.430740 
-126.405190 -36.003994 85.855774 -29.021152 1.680490 89.049832 -1.653713 2.607760 25.212410 -3.286877 -25.757123 7.656163 1.971568 12.131686 -27.416172 nan nan nan -6.172723 -3.135537 -32.301709 3.547022 -3.847309 8.356188 4.074577 -9.312368 -13.151448 nan nan nan -0.203741 -7.853053 9.178214 5.642712 -5.298599 11.823566 1.034773 -3.956409 -4.196316 -2.652911 1.643956 4.560637 0.984150 6.449774 8.053978 -27.450954 -3.640861 2.610634 -50.640662 -18.912403 18.949633 9.650119 -43.737145 -3.406802 -3.058250 -21.535618 -0.521564 24.670384 1.437341 1.298864 51.845352 -2.824505 9.423563 -15.129062 33.334268 -8.169130 5.396032 14.783572 2.664508 
-127.264366 -37.002808 85.695808 -28.710133 1.708126 88.897139 -1.380124 2.427584 25.814541 -3.579038 -26.297490 8.697231 1.669759 12.088626 -27.449001 nan nan nan -6.165220 -3.032795 -32.394904 3.718339 -4.341726 9.216619 3.719791 -9.548588 -13.603059 nan nan nan -0.112285 -8.138829 9.128199 5.633665 -5.238816 11.879277 0.992816 -3.991268 -4.190042 -2.685723 1.684334 4.700849 0.949607 6.430441 8.037853 -27.630987 -3.391472 2.665308 -50.683020 -18.817746 18.896498 9.685312 -43.747234 -3.444484 -3.238678 -21.340241 0.056750 24.729297 1.431261 1.359197 51.696387 -2.732996 9.297529 -15.167916 33.032750 -8.307092 5.610703 14.776021 2.617716 
-128.165573 -38.019630 85.555084 -28.487691 1.833294 88.749803 -0.972989 2.301264 26.357309 -3.850274 -26.586528 9.879097 1.305543 11.944220 -27.263022 nan nan nan -6.098529 -2.748123 -32.534706 3.875009 -4.653491 10.576896 3.183947 -9.564634 -13.783266 nan nan nan 0.034844 -8.395139 8.958302 5.677243 -5.128460 12.196980 0.954860 -4.048673 -4.369223 -2.579623 1.839519 4.771325 0.683073 6.349702 8.143489 -27.792394 -3.081372 2.733175 -50.874470 -18.595236 18.713946 9.781071 -43.894143 -3.510488 -3.789590 -20.693741 1.232670 24.773237 1.383810 1.499976 51.505004 -2.547963 9.158312 -15.097856 32.721731 -8.430507 5.871033 14.601473 2.564961 
-129.098709 -39.057053 85.451111 -28.386286 2.012707 88.647842 -0.494267 2.215416 26.889503 -4.128850 -26.579773 11.018316 1.024465 11.607115 -26.921247 nan nan nan -5.976730 -2.304762 -32.734209 3.944750 -4.950138 12.417312 2.848189 -9.282974 -12.946950 nan nan nan 0.251789 -8.666909 8.624207 5.752265 -4.995943 12.634930 0.863523 -3.989470 -4.570462 -2.553548 2.021530 5.053155 0.406214 6.179884 7.962410 -27.969337 -3.057690 2.737685 -51.112325 -18.228073 18.629286 9.952681 -43.490877 -3.730572 -4.035219 -20.882215 0.845392 24.868007 1.450283 1.511239 51.306163 -2.579254 8.912260 -15.064016 32.337979 -8.428961 5.880474 14.498641 2.625617 
-130.014633 -40.121223 85.387505 -28.276017 2.050974 88.715817 -0.322106 1.967895 27.173258 -4.503619 -26.424194 12.299647 0.859300 11.464485 -26.440837 nan nan nan -5.947483 -1.909519 -33.007063 3.876500 -5.126308 14.342481 2.741273 -9.064759 -11.071433 nan nan nan 0.469506 -9.001015 8.396143 5.795060 -4.911941 12.103826 0.684807 -3.801317 -4.310299 -2.907340 1.969374 5.497371 0.490349 6.408533 7.842231 -28.372634 -3.039769 2.916479 -51.063436 -17.930726 18.408095 9.710827 -42.755527 -3.864018 -4.098342 -20.887872 -0.173064 25.077643 1.378564 1.626733 50.970976 -2.637476 8.347040 -14.791372 31.963417 -8.173926 5.861484 14.377679 3.175743 
-130.928757 -41.174068 85.325935 -28.243260 2.022032 88.709030 -0.441982 1.543936 27.452118 -4.866332 -26.204886 13.693159 0.822837 11.548947 -25.747507 nan nan nan -6.006593 -1.546997 -33.356464 3.760437 -5.347457 16.548236 2.405492 -8.612625 -9.189416 nan nan nan 0.495991 -8.916358 7.571500 5.984026 -4.810674 13.650066 0.645331 -3.869152 -5.232323 -2.952485 2.028920 5.330407 0.269711 6.439907 8.128691 -28.646481 -3.253706 3.249933 -51.050780 -17.711752 18.386841 9.604211 -42.276027 -4.152298 -4.438557 -20.610748 -0.222130 25.290511 1.403715 1.650127 50.573282 -2.733357 8.162034 -14.778170 31.614839 -8.802803 5.757823 14.394513 3.529265 
-131.886047 -42.235794 85.341858 -28.145371 2.149763 88.841110 -0.348302 1.257197 27.345914 -5.194659 -25.906721 15.485825 0.355206 11.285152 -25.141356 nan nan nan -5.921045 -1.315788 -33.999239 3.676767 -5.513469 19.138179 2.075059 -8.038474 -8.205455 nan nan nan 0.854214 -9.182361 7.128688 6.018406 -4.822812 13.682540 0.455053 -3.703228 -5.425569 -3.264149 2.069738 5.727359 0.310596 6.535667 8.053792 -29.081513 -3.240058 3.328932 -50.847815 -16.799715 18.520103 9.250287 -41.963190 -3.541338 -4.463951 -21.133799 -0.239571 25.780059 1.459554 1.850176 49.964242 -2.824873 7.792542 -14.600586 31.086314 -9.096899 5.958542 14.512745 3.895361 
-132.837921 -43.301682 85.401001 -28.069151 2.431958 88.910796 -0.095595 0.957818 27.107055 -5.751640 -25.675177 17.601338 -0.017110 11.344169 -24.387613 nan nan nan -5.759667 -0.899139 -34.589853 3.750515 -5.440909 21.793174 1.968903 -7.817600 -8.133960 nan nan nan 1.369634 -9.424447 6.861997 6.068402 -4.723554 13.672924 0.327587 -3.612701 -5.640066 -3.482643 1.999955 5.888905 0.197115 6.551604 8.271749 -29.712155 -3.165724 3.367098 -50.528734 -16.185078 18.519629 8.809918 -41.246589 -3.115825 -4.252987 -21.474824 0.011127 26.209389 1.532489 2.126198 49.395903 -2.881019 7.403225 -14.532291 30.684287 -9.389914 5.889604 14.598009 4.062203 
-133.785309 -44.421844 85.499886 -28.087020 2.790664 88.892111 0.165690 0.559962 26.893952 -6.473167 -25.279529 19.781745 -0.437397 11.482853 -23.430518 nan nan nan -5.632440 -0.094718 -34.824671 3.985739 -5.303650 23.960798 2.198312 -8.211645 -8.567378 nan nan nan 2.028124 -9.807169 6.918215 6.059672 -4.486269 13.130243 0.212849 -3.447645 -5.608683 -3.829160 1.942498 6.072652 0.136003 6.843722 8.433469 -30.440055 -2.818404 3.397789 -50.289511 -15.778646 18.369910 8.447455 -40.367861 -3.122232 -4.446232 -21.388283 0.116493 26.349222 1.456500 2.562607 49.141894 -2.755755 6.924142 -14.507723 30.300163 -9.531324 5.739843 14.605179 4.420460 
-134.749634 -45.571518 85.605980 -28.118999 3.210749 88.873336 0.521304 0.172997 26.548391 -7.133765 -24.421091 22.067690 -0.913309 11.045197 -22.086454 nan nan nan -5.579567 0.897217 -34.915149 4.265303 -5.827633 25.765359 2.141247 -8.712774 -9.256067 nan nan nan 2.552837 -10.132484 6.422560 6.137948 -4.276616 13.859007 0.243093 -3.280819 -6.074218 -4.008184 1.905404 6.224907 -0.058539 6.906911 8.377533 -30.945667 -2.752425 3.424533 -50.647865 -15.036809 18.550546 9.101015 -39.748311 -4.114504 -4.622029 -21.000495 -0.099728 26.294355 1.653879 2.720169 48.956624 -2.684556 7.090013 -14.499318 29.501718 -9.915392 5.300301 14.785194 4.251778 
-135.739990 -46.717373 85.767296 -28.232718 3.744522 88.889017 1.052877 -0.130528 26.012604 -7.862449 -23.328192 24.529858 -1.449805 10.501334 -20.245866 nan nan nan -5.451207 1.910282 -34.989146 4.541353 -6.850754 27.474085 1.768019 -8.998667 -9.651608 nan nan nan 3.184301 -10.428629 5.887422 6.232824 -4.070582 14.702360 0.252461 -3.130376 -6.687944 -4.165415 2.052770 6.679671 -0.281208 6.740192 7.907455 -31.390076 -2.681505 3.488369 -51.023662 -14.193444 18.761008 9.677068 -39.098996 -4.665130 -4.999921 -20.816677 -0.110199 26.200569 1.970301 2.926576 48.778377 -2.615939 7.440643 -14.390301 28.524173 -9.898666 4.838737 15.000421 3.497639 
-136.737488 -47.887741 85.962250 -28.413616 4.292692 88.765520 1.709682 -0.389895 25.499540 -8.812772 -22.134347 27.127191 -1.978638 10.029698 -17.983046 nan nan nan -5.271354 2.735693 -34.749198 4.953642 -7.825379 29.063660 1.119962 -9.083446 -9.807821 nan nan nan 3.866104 -10.614187 5.617494 6.301964 -3.924639 15.161488 0.230890 -3.007559 -7.136210 -4.055855 2.344088 7.230267 -0.826599 6.593285 7.502057 -31.766145 -2.534865 3.632021 -51.393541 -13.636530 18.662715 9.757723 -38.042544 -4.391117 -5.586180 -20.785554 0.455582 26.044296 2.287575 3.264060 48.700933 -2.568755 7.478101 -14.251072 27.817790 -9.792195 4.754202 15.060146 2.822119 
-137.723892 -49.063263 86.154671 -28.532502 4.681689 88.574512 2.209835 -0.661915 24.776179 -9.760430 -20.766378 29.964997 -2.550087 9.424518 -15.438114 nan nan nan -5.149947 3.370556 -34.123258 5.478576 -8.590639 30.172745 0.398717 -8.908526 -10.258137 nan nan nan 4.379174 -10.692778 5.429889 6.283468 -3.930184 15.332095 0.217142 -2.837632 -7.289602 -3.986276 2.557405 7.756292 -1.093067 6.409957 7.173114 -31.919225 -2.570015 3.898629 -51.824600 -13.159844 18.545311 9.680370 -36.737974 -4.182631 -5.761923 -20.956812 0.779471 25.923764 2.646601 3.603827 48.732955 -2.506173 7.271304 -14.126561 27.140740 -9.885323 4.709682 15.084823 2.662557 
-138.663025 -50.183582 86.331078 -28.656432 4.826194 88.485643 2.255848 -0.994039 23.606020 -10.563793 -19.301562 33.013356 -2.922867 8.993588 -12.828752 nan nan nan -5.039065 3.759669 -33.503821 5.982067 -8.733900 31.006444 -0.450966 -8.534677 -10.781347 nan nan nan 4.678698 -10.636983 5.283549 6.157596 -4.095588 15.266727 0.181819 -2.640336 -7.340654 -3.955250 2.639229 8.081782 -1.137142 6.434551 7.074470 -31.846094 -2.672684 4.178554 -52.310613 -12.524114 18.517695 9.693970 -35.661588 -4.076957 -5.826529 -20.629956 1.149348 25.869214 2.908801 3.871477 48.840137 -2.325567 7.257888 -14.039805 26.396791 -9.935831 4.978211 14.896060 2.831771 
-139.540665 -51.269958 86.487511 -29.042987 4.659392 88.258798 1.963175 -1.250035 22.562522 -10.938548 -17.280351 35.661221 -3.105303 8.179880 -10.027915 nan nan nan -4.807945 3.906976 -32.832121 6.117566 -8.187026 31.929549 -1.522706 -7.991281 -11.192651 nan nan nan 4.637912 -10.023378 5.230291 5.985662 -3.999223 15.569200 0.271691 -2.758145 -7.561689 -3.613268 2.522103 8.020369 -1.350133 6.393331 7.239261 -31.670462 -2.902803 4.232942 -52.880771 -11.941456 18.662943 9.645408 -34.642225 -3.780936 -5.998901 -20.002096 2.049719 25.830959 2.932684 3.749835 48.932627 -2.161431 7.570512 -14.001849 25.706002 -10.312046 5.471795 14.518021 3.104274 
-140.412033 -52.349888 86.628571 -29.323985 4.254470 88.039212 1.316797 -1.563657 21.450349 -11.265015 -15.581859 38.316130 -3.161527 7.992562 -7.061953 nan nan nan -4.607093 3.864191 -32.123460 6.061041 -7.424834 32.815599 -2.536519 -7.959878 -11.980122 nan nan nan 4.407038 -9.499705 5.320694 5.683186 -4.052657 15.390245 0.260219 -2.738477 -7.564608 -3.503726 2.268627 8.164862 -1.215581 6.596436 7.384009 -31.426002 -2.982449 4.313018 -53.243274 -11.356546 18.719166 9.357828 -33.535308 -3.324849 -6.152208 -19.626261 1.856788 25.890640 3.003433 3.742392 49.189049 -2.004008 7.857622 -14.086871 24.915144 -10.657544 5.869046 14.144200 3.598997 
-141.284119 -53.409954 86.773376 -29.366997 3.873415 87.842251 0.735662 -1.859160 20.085068 -11.477227 -14.037769 41.232665 -3.008135 8.197662 -4.169330 nan nan nan -4.338999 3.810254 -31.263151 5.841130 -6.729838 33.417091 -3.500858 -8.368430 -13.105834 nan nan nan 4.107711 -9.057740 5.482504 5.466009 -4.216152 15.217425 0.339411 -2.695672 -7.646888 -3.674225 1.805474 8.286408 -0.923967 6.896421 7.476231 -31.268739 -3.105061 4.469262 -53.589501 -10.800092 18.759558 9.253940 -32.325438 -2.967414 -6.635457 -18.984361 1.385462 25.816696 3.034382 3.680075 49.561463 -1.887887 8.153485 -14.284168 24.231272 -10.943644 6.338004 13.659485 4.049772 
-142.168152 -54.408382 86.914597 -29.255859 3.599057 87.786635 0.508664 -2.085143 18.371189 -11.333987 -12.133286 44.206438 -2.587027 8.378219 -2.036817 nan nan nan -3.933931 3.740938 -30.568430 5.409504 -6.051355 34.118187 -4.361699 -8.713348 -14.176665 nan nan nan 3.898720 -8.613421 5.459206 5.306559 -4.426710 15.162727 0.408773 -2.683269 -7.743795 -3.669502 1.395569 8.282931 -0.837226 7.077953 7.671870 -31.223871 -3.238722 4.596156 -53.790782 -10.346970 18.625706 8.850735 -31.269935 -2.398448 -7.011185 -17.784293 2.622527 25.738261 2.968073 3.632322 49.903808 -1.723816 8.298484 -14.345518 23.755607 -11.193815 6.777843 13.171346 4.630203 
-143.040253 -55.356258 87.077629 -29.395260 3.414342 87.599239 0.376607 -2.209714 16.769409 -10.939148 -10.033643 46.979706 -2.258927 8.949214 -0.870649 nan nan nan -3.467731 3.966693 -29.740671 4.969774 -5.539759 34.731584 -4.860480 -8.930984 -15.015701 nan nan nan 3.827765 -8.134645 5.793697 5.099715 -4.394856 14.668626 0.369889 -2.667228 -7.529822 -3.450910 1.244782 8.222480 -0.778514 6.967848 7.831179 -30.989389 -3.281667 4.397051 -54.042177 -9.892235 18.759945 8.377209 -29.754795 -1.813298 -7.041391 -18.616325 1.339542 25.712555 3.002889 3.376411 50.243654 -1.785752 8.749791 -14.334618 23.321020 -11.079111 6.725417 13.182695 4.326272 
-143.829498 -56.236443 87.266945 -29.734537 3.249235 87.416623 0.130658 -2.363695 15.026012 -10.978767 -8.328257 49.815481 -1.832890 10.250835 -0.914393 nan nan nan -3.021391 4.345049 -28.903193 4.720997 -4.978479 35.167588 -5.152914 -9.377425 -15.525829 nan nan nan 3.725286 -7.652475 6.278341 4.952319 -4.220578 14.117323 0.295215 -2.510517 -7.252626 -3.281196 0.857767 7.908514 -0.653997 6.994707 8.196787 -30.862601 -3.123544 4.431922 -54.090095 -10.050060 18.677352 7.218188 -28.549143 -0.838377 -6.343492 -17.730395 1.515205 25.756090 2.936260 3.170833 50.348382 -1.719838 8.917788 -13.979458 23.184792 -10.827604 6.341106 12.912935 4.065223 
-144.557327 -57.111050 87.488464 -30.029175 3.063277 87.334103 -0.104134 -2.512652 13.158554 -10.908131 -6.667997 52.372399 -1.151058 11.510137 -2.042175 nan nan nan -2.740225 4.653651 -28.008332 4.529293 -4.552559 35.328886 -5.267423 -9.528477 -15.622161 nan nan nan 3.656758 -7.156922 6.538114 4.858347 -4.143136 14.021657 0.193671 -2.348098 -7.316578 -3.196166 0.626665 7.852663 -0.558398 6.942359 8.253663 -30.913352 -2.951433 4.390983 -54.015510 -9.983092 18.658908 6.808975 -27.189421 0.465941 -7.158291 -18.487210 0.461380 25.761002 2.954295 2.926661 50.607679 -1.723574 8.961885 -13.978299 23.043716 -10.629243 6.498938 12.853727 3.687613 
-145.299820 -57.977398 87.726311 -30.275850 2.975223 87.340688 -0.082936 -2.644720 11.218314 -10.440676 -4.806802 54.621017 -0.394921 12.456981 -3.836879 nan nan nan -2.375736 4.818726 -26.991188 4.310547 -4.176775 35.113460 -5.487475 -9.416237 -15.376663 nan nan nan 3.656700 -6.600012 6.528620 4.836019 -4.183468 14.266145 0.122446 -2.225989 -7.529209 -3.035169 0.520228 7.943495 -0.581730 6.808959 8.111158 -31.180383 -2.819559 4.387785 -53.753875 -9.833440 18.510987 6.408864 -26.187934 1.582231 -8.227571 -18.656824 0.843192 25.709432 3.027581 2.822275 50.849404 -1.646778 8.970749 -13.974649 23.003774 -10.552463 6.395699 12.987994 3.519375 
-146.081406 -58.846764 87.990562 -30.518326 2.970028 87.147547 0.211364 -2.692105 9.570162 -10.048974 -3.135725 56.550331 0.287969 13.211592 -5.891653 nan nan nan -1.881520 4.928495 -25.541029 4.117556 -3.799678 34.594809 -5.791680 -9.447349 -15.161640 nan nan nan 3.598330 -6.113487 6.664807 4.820683 -4.250587 14.456148 0.098156 -2.059467 -7.477296 -2.851354 0.377514 8.003252 -0.611934 6.667957 7.819157 -31.351992 -2.790061 4.390482 -53.594699 -9.755461 18.357146 5.883503 -25.328115 2.430106 -8.573362 -18.119478 1.876653 25.566408 3.274063 2.717121 51.114162 -1.523341 9.052693 -13.802864 22.914272 -10.392283 5.975742 13.323424 3.316157 
-146.870361 -59.756359 88.265938 -30.780666 2.876735 86.852000 0.452795 -2.701953 8.048134 -9.760659 -1.705335 58.160409 0.881708 13.844688 -7.671021 nan nan nan -1.446049 4.858574 -23.836105 4.021049 -3.286588 33.829290 -6.018962 -9.735403 -15.064428 nan nan nan 3.489102 -5.596851 6.963083 4.718536 -4.324058 14.458721 0.052537 -1.878456 -7.345297 -2.637773 0.143182 8.044079 -0.628832 6.548087 7.661360 -31.443900 -2.681664 4.524269 -53.459671 -9.554051 18.155255 5.491149 -24.945949 3.080346 -9.076676 -16.905104 3.384311 25.522717 3.426130 2.711381 51.335503 -1.356210 8.996311 -13.615342 22.962985 -10.226088 6.274343 12.998715 3.180134 
-147.626450 -60.672237 88.535980 -31.105004 2.616241 86.562458 0.485308 -2.746965 6.475136 -9.466242 -0.269481 59.455790 1.394795 14.390123 -9.113276 nan nan nan -1.172291 4.758136 -22.131197 4.014946 -2.516972 32.919986 -5.947785 -10.158078 -15.059542 nan nan nan 3.305268 -4.982190 7.411070 4.534959 -4.319648 14.285696 -0.002863 -1.832174 -7.260594 -2.307470 0.005087 8.042489 -0.717142 6.413830 7.746329 -31.306575 -2.387588 4.691254 -53.533375 -9.309485 18.023175 5.329491 -24.653727 3.552922 -9.806213 -15.903363 4.554564 25.432308 3.342290 2.687748 51.787913 -1.102294 9.236267 -13.714744 23.048072 -9.724654 7.001390 12.507196 2.708768 
-148.385956 -61.616657 88.831749 -31.332972 2.402867 86.347923 0.563013 -2.883229 4.760589 -9.013555 1.091658 60.529781 1.606987 14.576370 -10.424381 nan nan nan -0.916935 4.857979 -20.517092 3.924091 -1.976545 32.011357 -5.767656 -10.413427 -15.428672 nan nan nan 3.135549 -4.386446 7.717111 4.388441 -4.333404 14.187022 0.057423 -1.845032 -7.219280 -2.002695 0.105340 8.035451 -0.990648 6.082893 7.769875 -31.115190 -2.070877 4.592408 -54.269851 -9.376561 17.669550 5.608310 -23.046762 3.646572 -10.577566 -15.966243 5.778539 25.331248 3.304297 2.755735 52.248833 -0.690434 9.426648 -13.995857 23.007301 -9.093029 7.265590 12.696165 2.490589 
-149.130020 -62.551743 89.146561 -31.455225 2.158047 86.154835 0.636591 -2.981714 3.028271 -8.580011 2.281429 61.324695 1.701456 14.708597 -11.623932 nan nan nan -0.783858 4.914961 -19.038167 3.815326 -1.583136 31.327643 -5.577680 -10.505901 -15.741382 nan nan nan 2.906718 -3.790883 7.904238 4.225532 -4.471802 14.146869 0.116279 -1.823959 -7.047433 -1.739850 0.233116 7.901866 -1.071997 5.704585 7.843028 -30.917886 -2.286644 4.461694 -55.050854 -8.919177 17.383534 6.491026 -21.901896 2.990416 -11.691987 -15.624252 7.254808 25.436814 3.665224 2.728257 52.363580 -0.722006 9.366913 -13.990191 23.395053 -9.415658 7.304981 12.758775 2.814631 
-149.881973 -63.523209 89.464607 -31.660440 1.790263 86.149913 0.605991 -3.034023 1.107366 -8.244006 3.445952 61.859893 1.921592 14.769302 -12.685074 nan nan nan -0.693674 4.776423 -17.771808 3.642864 -0.841416 30.719236 -5.532954 -10.723151 -16.059967 nan nan nan 2.665180 -3.130818 7.922735 4.043403 -4.607543 14.242159 -0.028613 -1.797940 -7.223980 -1.731821 -0.076367 7.910934 -0.715929 5.790585 8.080983 -31.378463 -1.659053 4.906783 -54.080506 -8.258980 16.868325 6.037928 -23.212783 3.981172 -11.218052 -14.698808 7.161985 25.841657 3.407739 3.004583 52.422186 -0.314210 9.423854 -14.013587 23.856152 -9.108096 6.910743 12.450761 2.670785 
-150.609085 -64.471123 89.759926 -31.919939 1.310571 86.274326 0.407101 -3.127921 -0.916045 -8.059096 4.478680 62.162770 2.221783 14.900872 -13.932914 nan nan nan -0.706867 4.338077 -16.669589 3.484688 0.132703 30.085285 -5.366651 -10.859872 -16.433369 nan nan nan 2.219892 -2.324396 7.683801 3.883061 -4.795946 14.403834 -0.077697 -1.744334 -7.279543 -1.755415 -0.386764 8.004387 -0.394809 5.978467 8.078510 -31.568973 -1.528333 5.098926 -53.379880 -7.300253 17.011077 5.781325 -24.074499 4.672768 -11.376147 -14.055066 6.690681 26.086712 3.397272 2.907995 52.519442 -0.285337 9.790319 -13.954386 24.273778 -9.067995 6.963777 12.201786 2.178760 
-151.336731 -65.374580 90.011765 -32.044885 0.955966 86.387314 0.318964 -3.403081 -2.921017 -7.680133 5.538269 62.200768 2.315598 14.890933 -15.156575 nan nan nan -0.790654 3.902065 -15.540289 3.372970 0.786077 29.308971 -5.131414 -10.695113 -16.763640 nan nan nan 1.941935 -1.604638 7.576940 3.727249 -4.993897 14.253190 -0.034965 -1.763591 -7.053337 -1.580227 -0.404143 8.109695 -0.471692 5.870633 7.880450 -31.195674 -1.464114 4.911475 -54.161659 -7.013937 17.009489 6.391804 -22.864829 4.015887 -12.189375 -13.832684 7.321958 25.839129 3.422362 2.659962 53.090704 -0.190829 10.225303 -14.181554 24.526010 -9.042667 7.330929 12.331914 2.147339 
-151.988785 -66.290390 90.286949 -32.080540 0.724711 86.531343 0.461502 -3.605189 -5.029474 -7.672362 6.359102 62.092704 2.527752 15.076482 -16.337995 nan nan nan -0.839090 3.484491 -14.295071 3.389072 1.304396 28.297838 -4.912957 -10.781709 -17.127481 nan nan nan 1.760797 -0.937958 7.504834 3.645656 -5.266854 14.137229 -0.171050 -1.743908 -6.924547 -1.321819 -0.625979 7.963871 -0.471825 6.000586 8.099798 -31.215497 -1.152074 5.048325 -53.527478 -5.956145 17.167898 6.038805 -24.143237 5.023374 -12.470194 -13.055830 6.709771 25.899906 3.437527 2.506419 53.283262 -0.259483 10.597730 -14.104695 25.300581 -9.012443 6.965121 12.121185 1.787814 
-152.684799 -67.259850 90.592476 -32.289146 0.470571 86.510815 0.555210 -3.793634 -6.756116 -7.577766 7.245586 61.518202 2.570658 14.951867 -17.328761 nan nan nan -0.966175 2.987348 -12.770622 3.355780 1.609277 27.113156 -4.661488 -10.366670 -17.285057 nan nan nan 1.642851 -0.389374 7.612397 3.300979 -5.330776 13.716105 0.022933 -1.753401 -6.406359 -1.104685 -0.460097 8.053883 -0.929067 5.717576 7.783477 -30.904158 -0.663166 4.555764 -55.501924 -6.261842 16.002476 8.025313 -21.868076 1.174205 -13.567684 -11.815422 9.869023 25.542316 3.328758 2.579310 53.926726 0.408856 10.551897 -14.319856 25.503432 -9.087865 8.096943 11.972706 2.803490 
-153.397797 -68.228691 90.933044 -32.722184 -0.078242 86.182522 0.217048 -3.480104 -7.910367 -8.136101 7.461621 60.309881 3.164992 15.704980 -17.809195 nan nan nan -1.392688 2.512244 -10.809013 3.516505 2.395803 25.703837 -4.343143 -10.319937 -17.438681 nan nan nan 0.890290 0.452249 7.727131 3.278482 -5.501060 14.211042 -0.033814 -1.396332 -6.666285 -1.115677 -1.059398 8.314324 -0.455526 5.903984 7.720154 -30.803327 -1.230782 4.970788 -53.857603 -4.572155 17.686880 6.375233 -23.907544 4.311513 -13.084519 -11.674227 6.414738 25.843569 3.721947 2.139966 53.685427 -0.451876 11.111178 -13.917153 26.605751 -9.508923 6.640961 11.857017 1.617368 
-154.047531 -69.234764 91.224876 -32.884898 -0.226492 86.110341 0.404199 -3.573220 -9.494790 -7.661165 8.353150 59.245855 3.148994 15.278926 -18.224991 nan nan nan -1.441296 2.076315 -9.132772 3.322953 2.534015 24.156611 -4.242542 -9.705298 -17.664870 nan nan nan 0.878240 0.922887 7.923870 2.982616 -5.458837 13.714283 0.221904 -1.444453 -6.108293 -0.817021 -0.698202 8.316041 -0.977444 5.225046 7.544392 -30.252018 -0.406165 4.204918 -56.901766 -5.922348 16.095558 8.942948 -19.698933 0.104597 -14.262187 -11.454922 10.076935 25.297088 3.281400 2.278454 54.653414 0.615495 10.972760 -14.571075 26.501741 -9.156140 8.393120 12.253022 2.877554 
-154.762405 -70.112038 91.454437 -33.167169 -0.382058 86.181163 0.602411 -3.403818 -11.095802 -7.395338 9.028424 57.989863 3.002821 15.351065 -18.416753 nan nan nan -1.349328 1.711231 -7.655960 3.068384 3.170729 22.814460 -3.839103 -9.586779 -17.914081 nan nan nan 0.616712 1.547042 7.828810 3.017868 -5.644553 13.859535 0.051021 -1.229672 -6.219950 -0.602742 -0.766683 8.320405 -0.677646 5.065882 7.848761 -30.278653 -0.058557 4.417083 -55.777247 -4.858808 16.493216 7.900311 -21.231765 2.554071 -13.958987 -12.248064 7.959345 25.492457 3.294235 2.290069 54.633422 0.372192 11.273885 -14.445734 27.624820 -8.747206 7.562464 12.583018 1.922121 
-155.486542 -71.056366 91.691154 -33.540782 -0.525038 86.115763 0.785420 -3.077475 -12.380069 -7.351144 9.373971 56.404914 3.008287 15.665155 -18.566314 nan nan nan -1.274533 1.282434 -6.133844 2.938932 4.117080 21.731484 -3.375743 -9.499245 -17.856814 nan nan nan 0.445107 2.177650 7.881526 2.964635 -5.779885 13.951664 -0.148665 -0.979468 -6.245586 -0.378407 -0.958209 8.302809 -0.469242 5.036153 8.002124 -30.335689 -0.132779 4.628782 -54.297685 -3.266199 17.263129 6.632084 -23.374106 4.712273 -13.548024 -12.287303 5.929468 25.701211 3.455484 2.055759 54.547732 -0.096893 11.627661 -14.147463 28.776434 -8.689403 6.676257 12.672867 0.886768 
-156.207001 -72.071617 91.958862 -33.922358 -0.593639 85.803509 0.998044 -2.956449 -13.184807 -6.967428 9.926029 54.498742 3.113477 15.428861 -19.060272 nan nan nan -1.197802 0.854742 -4.339111 2.684587 4.650097 20.574452 -3.147125 -8.772793 -17.568828 nan nan nan 0.504296 2.759301 8.239041 2.670455 -5.582089 13.731771 0.175864 -1.051910 -5.858196 0.054163 -0.231707 8.383468 -1.110232 4.146154 7.663193 -29.535612 0.035885 3.882336 -57.355086 -4.517046 15.847060 8.759751 -18.485077 0.157355 -15.101131 -12.126559 10.574327 25.089757 3.282537 1.949645 55.360254 0.515265 11.504540 -14.449277 28.900838 -8.460785 8.098159 13.121452 2.194749 
-157.005081 -73.044434 92.143425 -34.283897 -0.754976 85.711242 1.091929 -2.632183 -14.232640 -7.127469 9.932331 52.387417 3.545202 15.931024 -19.524758 nan nan nan -1.210306 0.570910 -2.704590 2.497105 5.380694 19.354812 -2.831856 -8.658650 -17.607919 nan nan nan 0.171260 3.407765 8.171638 2.788203 -5.672364 14.178817 0.011512 -0.855956 -6.219145 0.179087 -0.452126 8.549049 -0.907442 4.182331 7.779202 -29.549538 0.338472 4.343731 -55.939638 -3.295084 16.512024 7.311725 -20.676554 3.728651 -14.148652 -12.571680 7.973916 25.257344 3.233149 2.038332 55.229645 0.286501 11.701226 -14.250981 30.198678 -7.759218 7.252861 13.199803 1.162817 
-157.730164 -74.026688 92.282990 -34.685722 -0.937340 85.731820 1.153367 -2.476134 -15.308776 -7.134783 10.073797 50.058764 3.505116 16.442359 -19.765711 nan nan nan -1.352958 0.261337 -1.307618 2.405760 6.089242 18.190800 -2.206474 -8.707017 -17.984936 nan nan nan -0.092537 3.998798 8.001923 2.708667 -5.725798 14.361585 -0.031578 -0.672332 -6.195501 0.317585 -0.585778 8.657215 -0.820837 4.170124 7.716363 -29.441386 0.601241 4.386150 -55.309641 -2.389564 16.740050 6.363269 -21.842776 5.215263 -13.768786 -12.034320 7.879349 25.209373 3.235930 2.107593 55.236929 0.356865 11.722845 -13.851765 31.224226 -7.547754 7.005691 13.170740 0.881514 
-158.396896 -74.961647 92.407181 -35.107360 -1.166245 85.807161 1.181039 -2.539338 -16.292860 -6.900588 10.471701 47.483620 3.387858 16.565472 -19.971042 nan nan nan -1.635335 0.149772 -0.089989 2.309288 6.520715 17.132016 -1.524956 -8.463170 -18.310389 nan nan nan -0.301436 4.647752 7.903881 2.535197 -5.673610 14.459432 -0.002673 -0.592818 -6.258806 0.669378 -0.371203 8.742007 -0.934975 3.755236 7.670370 -28.821545 0.821504 3.999959 -56.472711 -2.463686 16.585679 7.123000 -20.017229 4.085793 -14.662689 -12.617777 7.359945 24.979086 3.196457 2.050300 55.733333 0.409761 11.995488 -14.128489 31.815954 -7.418267 7.177960 13.708333 0.741948 
-159.085205 -75.879829 92.453903 -35.569106 -1.372915 86.018152 1.321783 -2.421228 -17.412964 -7.012458 10.559556 44.741350 3.559594 16.918061 -19.861434 nan nan nan -1.944575 -0.078842 0.920060 2.440655 7.158181 16.239071 -1.017708 -8.341322 -18.647442 nan nan nan -0.520731 5.270153 7.633684 2.406199 -5.663710 14.695875 -0.124636 -0.410028 -6.355673 0.803360 -0.642110 8.882937 -0.767344 3.863234 7.414481 -28.829464 1.140221 4.209824 -55.141975 -1.404558 17.074104 5.917090 -21.962025 5.935427 -13.956481 -13.052253 5.007446 25.028974 3.136065 2.066404 55.849038 0.407616 12.270666 -13.974292 32.858839 -7.061393 6.338907 13.786280 -0.117131 
-159.677841 -76.747421 92.503090 -36.061701 -1.404323 86.210076 1.661686 -2.449076 -18.436967 -7.056480 10.769433 41.828590 3.645165 17.243675 -19.804626 nan nan nan -2.176046 -0.353060 1.732307 2.637690 7.378440 15.637614 -0.643348 -7.761047 -18.829743 nan nan nan -0.502316 5.729121 7.650704 2.179246 -5.466629 14.489066 -0.134008 -0.307083 -6.173500 1.193305 -0.113711 8.564320 -0.811972 3.250864 7.525320 -28.378290 1.397296 3.893413 -55.538840 -1.043017 17.043159 5.670520 -20.885624 7.143459 -13.677208 -14.233830 7.622986 24.825572 3.156850 2.008348 56.187771 0.576964 12.222988 -13.748961 33.505399 -6.883723 6.245037 14.528605 0.130295 
-160.400681 -77.660774 92.507240 -36.780616 -1.313915 86.356227 2.154306 -2.167580 -19.189381 -6.918445 10.902466 38.765973 3.679887 17.377322 -19.834726 nan nan nan -2.148412 -0.450917 2.692509 2.592220 7.735254 15.014716 -0.708291 -7.265881 -18.800103 nan nan nan -0.460920 6.252207 7.560689 2.069856 -5.204298 14.534489 -0.113632 -0.165509 -6.216304 1.473167 0.164310 8.597659 -0.981406 2.883115 7.507626 -28.153723 2.160231 3.674061 -56.429291 -1.136382 16.148382 7.053294 -20.310431 4.909653 -15.112563 -14.181396 6.706084 24.642520 2.970494 2.246748 56.479384 0.963595 12.478578 -14.020105 34.325570 -6.389779 6.794542 14.614155 -0.210910 
-161.043854 -78.611656 92.522949 -37.251303 -1.380480 86.352269 2.291952 -2.013581 -19.748578 -6.721548 10.765943 35.653626 3.778392 17.706205 -19.590891 nan nan nan -2.604418 -0.930649 3.949815 2.841679 8.327238 14.054673 -0.291858 -6.893688 -18.844878 nan nan nan -0.341879 6.790482 7.741486 1.903747 -5.170606 14.465017 -0.281541 -0.067593 -6.212132 1.805489 0.025381 8.493348 -1.090342 2.696615 7.604234 -28.140646 2.368820 3.576478 -55.931989 -0.277312 16.452138 6.217522 -20.858362 6.669082 -13.906721 -14.183300 7.272099 24.563896 3.025886 2.101342 56.483859 0.914507 12.711449 -13.608877 35.286064 -6.107435 6.241085 14.782893 -0.400310 
-161.674179 -79.533348 92.520271 -37.726131 -1.302891 86.498014 2.675394 -1.790136 -20.402961 -6.522163 10.674250 32.478058 3.700211 17.567670 -19.153463 nan nan nan -3.043955 -1.548459 5.059554 3.186018 8.864058 13.022111 0.141909 -6.127459 -18.768702 nan nan nan -0.228399 7.318894 7.631142 1.777824 -5.180052 14.617298 -0.255981 0.028349 -6.229476 2.130397 0.199848 8.277132 -1.249215 2.375990 7.664433 -28.011066 2.431989 3.266045 -56.397368 0.160456 16.218559 6.431689 -20.177627 6.026872 -13.772512 -14.558104 7.849581 24.350748 3.184369 1.968504 56.485147 0.932021 12.777238 -13.200584 36.142745 -5.995572 6.105501 15.114737 -0.244468 
-162.310959 -80.507217 92.446053 -38.029271 -1.265865 86.679568 2.841227 -1.570386 -21.020794 -6.251817 10.162070 29.175446 3.587462 17.374775 -18.690711 nan nan nan -3.085161 -1.381954 6.258504 2.944148 8.956192 11.923315 0.337124 -5.968203 -18.811768 nan nan nan -0.348515 7.431005 7.350308 1.740940 -5.228039 15.022208 -0.269717 0.297259 -6.486595 2.285820 0.342001 8.232067 -1.288524 2.281161 7.711661 -28.037867 2.816624 3.301321 -56.384130 0.606837 15.834466 6.390808 -20.473632 5.539187 -14.119888 -14.696259 7.423162 24.139551 3.319891 2.185963 56.591937 1.202219 12.952103 -13.144455 36.918667 -5.789496 6.036387 15.315175 -0.382740 
-162.966751 -81.463104 92.321548 -38.436453 -1.135595 86.899305 3.082098 -1.184797 -21.598909 -5.900857 9.469221 25.773371 3.691312 17.078085 -18.218932 nan nan nan -3.089005 -1.400548 7.437471 2.802561 9.169767 10.770915 0.843562 -5.660058 -18.913454 nan nan nan -0.378205 7.624616 7.087468 1.683948 -5.155413 15.254784 -0.257283 0.498762 -6.615454 2.485490 0.496149 8.176229 -1.361220 2.068691 7.701594 -27.974801 3.119129 3.277884 -56.449954 1.147243 15.428182 6.511288 -20.788323 5.041425 -14.679084 -14.673896 7.422280 23.969348 3.419230 2.416299 56.654981 1.540124 12.965707 -13.135028 37.754703 -5.257183 6.596155 15.359172 0.031987 
-163.597473 -82.389557 92.146774 -38.857270 -0.890737 87.224003 3.491575 -0.916697 -22.229607 -5.553946 8.613555 22.298853 3.969359 16.842624 -17.595883 nan nan nan -3.185533 -1.792435 8.282130 2.961796 9.612516 9.980120 1.347612 -5.277046 -19.073548 nan nan nan -0.129304 7.952539 6.764300 1.563245 -5.053413 15.379811 -0.268084 0.583043 -6.661673 2.573721 0.460554 8.120830 -1.452750 1.980456 7.607560 -27.906052 3.269281 3.326623 -56.530137 1.741997 14.963246 6.702001 -21.250510 4.925153 -15.240867 -14.154750 7.659702 23.699355 3.517225 2.556687 56.723911 1.816812 12.882838 -13.011910 38.657077 -4.645808 7.779716 15.049198 -0.165752 
-164.217682 -83.332573 91.945381 -39.288707 -0.685538 87.498059 3.852693 -0.719423 -22.718321 -5.116474 7.619038 18.800087 4.082244 16.640370 -16.877269 nan nan nan -3.372628 -2.197413 9.064062 3.120942 9.993400 9.386347 1.731890 -4.876944 -19.338589 nan nan nan 0.084298 8.256010 6.472625 1.428745 -4.976283 15.586856 -0.321599 0.661028 -6.765472 2.673908 0.509161 7.939147 -1.471102 1.986035 7.765171 -27.836243 3.400748 3.377712 -56.684302 2.333400 14.691854 7.114247 -21.694100 5.224052 -15.651367 -13.612640 7.649405 23.470613 3.654887 2.630911 56.788154 2.043979 12.971237 -12.919300 39.487691 -4.303954 8.414038 14.966913 -0.595051 
-164.827911 -84.326515 91.716621 -39.756319 -0.598094 87.692427 4.025024 -0.476722 -23.101820 -4.562186 6.639994 15.511871 4.139036 16.510166 -16.470474 nan nan nan -3.691047 -2.441443 9.943879 3.255163 10.346156 8.837515 2.101635 -4.506995 -19.623435 nan nan nan 0.269328 8.508525 6.322335 1.251365 -4.915040 15.773557 -0.491741 0.770820 -6.918394 2.808589 0.683754 7.580526 -1.437326 1.990974 8.169177 -27.698265 3.680088 3.371871 -56.802340 2.961321 14.658284 7.441508 -22.290667 5.582472 -15.690607 -13.492678 6.844429 23.410229 3.744727 2.775168 56.813944 2.313947 13.286592 -13.010485 40.268628 -4.096231 8.001284 15.279748 -0.854714 
-165.465927 -85.365387 91.472008 -40.161950 -0.479107 87.824635 4.178004 0.000740 -23.512691 -4.056131 5.768452 12.646074 4.278015 16.433109 -16.377911 nan nan nan -4.048986 -2.710618 10.953894 3.455473 10.637893 8.298262 2.516489 -4.074000 -19.877067 nan nan nan 0.454315 8.692995 6.058001 1.120213 -4.909846 16.169733 -0.634293 0.858480 -7.135262 2.804310 0.837297 7.392289 -1.446656 2.039595 8.447149 -27.684888 4.014839 3.455775 -56.960735 3.589572 14.332118 7.891030 -22.923126 4.927819 -15.575146 -13.292101 6.355495 23.380947 3.930587 3.033358 56.767545 2.589085 13.537435 -13.190874 41.077881 -3.977932 7.576539 15.633963 -1.034745 
-166.112289 -86.400650 91.209610 -40.552614 -0.246195 88.009352 4.443086 0.487845 -24.023405 -3.625782 4.658758 10.056336 4.473618 16.615167 -16.372676 nan nan nan -4.268608 -2.970814 11.786912 3.666071 10.883860 7.989461 2.860338 -3.710906 -20.298178 nan nan nan 0.606108 8.875640 5.580095 1.087683 -4.881556 16.762597 -0.695973 0.936787 -7.373926 2.894338 0.787205 7.310369 -1.542736 2.063566 8.490979 -27.809135 4.363290 3.534344 -57.208380 4.029108 13.874977 8.542712 -23.345138 3.859042 -15.913180 -12.307521 6.268723 23.273323 4.090050 3.267960 56.733803 2.866355 13.595083 -13.429300 41.991256 -4.019059 7.827869 15.613908 -1.418396 
-166.748367 -87.420296 90.919220 -40.940559 0.023351 88.195834 4.755428 1.037715 -24.627148 -3.349687 3.408960 7.887979 4.474622 16.770390 -16.290239 nan nan nan -4.413020 -3.267802 12.498108 3.837942 11.222796 7.870431 2.979097 -3.432261 -20.797354 nan nan nan 0.763125 9.062223 5.106023 1.076793 -4.834397 17.204599 -0.696770 1.014088 -7.380652 3.132497 0.726630 7.073051 -1.746483 2.099625 8.597203 -27.921920 4.455281 3.608438 -57.287258 4.332736 13.479463 8.812286 -23.548982 3.277145 -16.412267 -11.504759 6.049040 23.044353 4.299588 3.348063 56.797499 3.114562 13.537553 -13.564848 42.779208 -3.993592 7.975872 15.631140 -1.596805 
-167.381683 -88.440010 90.594902 -41.404706 0.190750 88.318645 5.021446 1.658540 -25.222755 -3.200599 2.671341 6.122658 4.052141 16.503286 -16.056695 nan nan nan -4.757329 -3.528272 13.227632 4.117644 11.321708 7.794239 3.090346 -2.906933 -21.404704 nan nan nan 0.851857 9.129899 4.747152 0.958362 -4.795169 17.691924 -0.771323 1.205877 -7.499246 3.469296 0.916134 6.788194 -1.955730 2.046898 8.776764 -27.711848 4.613944 3.467849 -57.145481 4.819148 13.551250 8.432313 -23.687322 3.999677 -15.998912 -12.669635 6.037586 22.992330 4.448856 3.378113 56.737005 3.593109 13.715592 -13.400666 43.114290 -3.474218 7.806760 16.159430 -1.602926 
-168.017258 -89.476707 90.266907 -41.902430 0.167000 88.244635 5.186891 2.330464 -25.543934 -3.316448 2.261799 4.694355 3.656149 15.869621 -15.965954 nan nan nan -5.326667 -3.816381 14.157643 4.267413 11.500202 7.786575 3.442746 -2.361882 -22.003738 nan nan nan 0.767258 9.259818 4.643352 0.816142 -4.752348 18.217685 -0.891316 1.380115 -7.761942 3.829117 1.111028 6.585072 -2.070455 1.893773 9.023369 -27.497855 4.873619 3.288676 -56.892168 5.358540 14.007469 7.952548 -23.663431 5.245918 -15.767174 -13.848553 5.607197 23.117185 4.615914 3.487705 56.610133 4.122046 14.308822 -13.578742 43.250525 -3.190466 7.284895 16.666700 -2.345097 
-168.732635 -90.534554 89.905540 -42.661706 0.213406 88.306534 5.661985 3.135121 -25.858714 -3.681090 1.923836 3.665109 4.280562 15.415211 -16.198434 nan nan nan -5.728575 -3.969625 14.852301 4.223794 12.080537 8.058623 4.123880 -1.757437 -22.299616 nan nan nan 0.560806 9.539727 4.215607 0.868658 -4.420691 18.503676 -0.905894 1.520466 -7.699913 4.055194 1.252529 6.560169 -2.198048 1.712729 9.228446 -27.483163 4.996773 3.201187 -56.884172 5.805365 14.094715 7.886618 -23.499528 6.130790 -15.459655 -14.399738 5.213932 23.136378 4.733290 3.621135 56.583292 4.399661 14.546083 -13.831420 43.576119 -2.629019 6.820649 17.006413 -2.773263 
-169.418427 -91.585899 89.529160 -43.259678 0.332660 88.378657 6.208106 3.620955 -26.334401 -3.910259 1.853515 3.165115 4.546115 15.295152 -16.595089 nan nan nan -5.976863 -3.985318 15.478256 4.209137 12.642721 8.461511 4.887463 -1.396810 -22.604153 nan nan nan 0.554246 9.840762 3.998445 0.906661 -4.156406 18.271403 -0.900318 1.554255 -7.281224 4.058881 1.255396 6.490337 -2.255113 1.604203 9.237251 -27.580964 5.042294 3.175482 -56.915062 5.972188 13.808663 7.878811 -23.126164 6.345234 -15.280247 -14.714957 4.920389 23.077883 4.773622 3.634459 56.583953 4.592751 14.347167 -13.809946 44.111636 -2.012537 6.578987 17.263107 -2.757648 
-170.064178 -92.647751 89.177948 -43.817972 0.402433 88.223634 6.717912 3.734002 -26.591402 -3.947572 2.035576 3.097463 4.230592 15.195357 -16.833307 nan nan nan -6.367745 -3.909639 16.279732 4.277254 13.036696 8.887773 4.848966 -1.171818 -23.225734 nan nan nan 0.663305 10.226539 4.305083 0.828514 -3.904328 17.935598 -0.870920 1.462934 -6.985902 4.279546 1.200051 6.314591 -2.458630 1.640588 9.238459 -27.760272 5.233514 3.350522 -56.899298 6.112562 13.417691 8.265294 -23.319144 5.865319 -15.639191 -14.758427 4.687451 22.932842 4.738648 3.650948 56.666134 4.931386 14.094705 -14.065916 44.659874 -2.387061 7.489690 17.246268 -3.445755 
-170.724487 -93.726807 88.843460 -44.427866 0.425860 87.937693 7.226028 3.693559 -26.640522 -3.951649 2.369185 3.391178 4.179627 15.102692 -16.990112 nan nan nan -6.805391 -3.813018 17.104952 4.253315 13.370936 9.517591 4.474370 -0.954688 -23.952567 nan nan nan 0.673587 10.546796 4.702911 0.746322 -3.714865 17.813632 -0.899927 1.516551 -6.817673 4.683412 1.311586 5.973935 -2.683036 1.552255 9.416099 -27.719436 5.509070 3.470512 -57.076744 6.274194 13.064170 8.796055 -23.723748 5.521592 -16.199597 -14.395616 4.874373 22.928992 4.754350 3.821097 56.692245 5.306676 14.045908 -14.450459 45.117742 -2.178098 7.895967 17.064039 -2.293924 
-171.397339 -94.814575 88.521408 -45.042769 0.472119 87.716410 7.732035 3.598907 -26.823189 -4.014124 2.754479 4.203141 4.135980 15.119246 -17.199893 nan nan nan -7.104704 -3.626603 17.832469 4.117324 13.760637 10.155963 4.615297 -0.765951 -24.449047 nan nan nan 0.658706 10.755948 4.827164 0.657934 -3.625967 18.026674 -1.032004 1.819210 -6.831870 4.990837 1.609447 5.740534 -2.691028 1.250219 9.641552 -27.454896 5.833805 2.995746 -57.176611 6.428940 13.432914 8.761013 -23.379758 6.030505 -16.309606 -14.193327 4.983482 23.052473 4.754044 3.785171 56.761092 5.531564 14.287536 -14.992022 45.302018 -3.026129 7.583293 17.131250 -2.606552 
-172.090302 -95.927185 88.229256 -45.671225 0.419168 87.518546 8.151974 3.373311 -27.024629 -4.134183 3.152133 5.469322 4.208930 15.177647 -17.382836 nan nan nan -7.483972 -3.360561 18.554248 3.994770 14.238376 10.803434 5.417935 -0.407202 -24.524428 nan nan nan 0.449276 11.082775 4.840075 0.622865 -3.534293 18.324514 -1.118509 2.138737 -6.979274 5.315136 1.910630 5.767345 -2.700714 0.884013 9.730502 -27.126741 6.158424 2.196099 -57.227506 6.600873 14.201566 8.319268 -22.533683 7.090211 -15.864643 -14.311679 5.284344 23.289114 4.603733 3.662451 56.709393 5.636058 14.596294 -15.334563 45.400957 -3.956310 6.889522 17.304028 -3.324619 
-172.766464 -97.036362 87.969376 -46.250559 0.297375 87.405924 8.482995 3.094930 -27.324371 -4.317470 3.570111 7.075421 4.193819 15.256687 -17.458607 nan nan nan -7.954164 -3.100472 19.127287 4.001490 14.848151 11.572269 6.521519 0.015881 -24.235572 nan nan nan 0.162139 11.494925 4.863731 0.609561 -3.448073 18.477721 -1.159925 2.306314 -7.091696 5.672380 1.915330 5.749777 -2.750540 0.739038 9.877576 -27.097799 6.417687 1.792866 -57.205377 6.599277 14.461184 8.342861 -21.931538 7.238257 -15.778274 -13.930695 5.562527 23.666802 4.464972 3.627920 56.544031 5.743451 14.648622 -15.834809 45.564820 -4.414621 7.092194 17.015260 -2.774076 
-173.419724 -98.174377 87.731812 -46.675872 0.225751 87.168572 8.695885 3.003202 -27.597516 -4.529913 3.983654 9.043301 3.570574 15.167026 -17.795278 nan nan nan -8.506479 -3.010124 19.710836 3.874061 15.047980 12.430891 5.085431 -0.027147 -25.134906 nan nan nan 0.057647 11.824229 5.159644 0.575704 -3.300882 18.484074 -1.122766 2.296343 -7.152601 5.997956 1.753507 5.519485 -2.988152 0.781038 10.198045 -27.243097 6.637781 1.866195 -57.287512 6.247162 14.333531 9.001364 -21.306954 6.603607 -16.793616 -14.034987 4.881819 23.892565 4.258614 3.627054 56.504922 5.963138 14.598545 -16.451476 45.665960 -4.477738 8.073413 16.750590 -1.719547 
-174.049622 -99.361145 87.495972 -47.100089 0.103196 87.042498 8.873822 2.703440 -27.952170 -4.795404 4.307349 11.237668 3.711487 15.320017 -18.406085 nan nan nan -9.052770 -2.627839 20.185004 3.974501 15.397589 13.331490 4.936679 0.042719 -25.518342 nan nan nan -0.238808 12.039459 5.195641 0.617546 -3.230798 18.577857 -1.061294 2.413575 -7.212555 6.099922 1.575885 5.457466 -3.101134 0.873413 10.223150 -27.380513 6.873125 1.770733 -57.356132 6.041020 14.303452 9.204110 -20.692790 6.545580 -17.107840 -13.795640 4.738887 23.958188 4.139466 3.739466 56.485236 6.194272 14.552735 -16.696569 45.696910 -4.636673 8.032898 16.632414 -1.440980 
-174.670319 -100.611397 87.299782 -47.489932 -0.118686 87.082524 8.935882 2.173384 -28.340184 -5.088601 4.766478 13.457750 4.783053 15.608703 -18.837971 nan nan nan -9.620461 -2.241132 20.455152 3.954803 15.670852 14.465762 6.610093 0.509337 -24.723335 nan nan nan -0.728507 12.218349 4.863434 0.694560 -3.281580 18.929495 -1.028944 2.573387 -7.412773 6.091146 1.447008 5.655633 -3.048586 1.119318 9.983370 -27.591879 7.016622 1.494621 -57.335112 6.215663 14.402311 9.283339 -20.212089 6.626270 -16.717734 -13.451895 4.868636 24.054301 4.189998 3.821144 56.452005 6.165011 14.623966 -16.938324 45.676637 -5.333032 7.636091 16.673272 -1.831447 
-175.293427 -101.894722 87.159935 -47.702533 -0.340637 87.136957 8.826410 1.664912 -28.706257 -5.325290 5.279946 15.588731 5.480487 15.697970 -18.454834 nan nan nan -10.220122 -2.026731 20.616455 3.990963 15.705983 15.681780 6.740189 0.889706 -24.429892 nan nan nan -1.059300 12.399831 4.672104 0.691321 -3.316353 19.179687 -1.078265 2.564660 -7.801661 6.216880 1.327545 5.826617 -3.030446 1.358041 10.163512 -27.805032 7.149733 1.536365 -57.154228 6.325650 14.516340 9.319968 -19.910986 6.483618 -16.356946 -13.025823 5.159641 24.358577 4.058736 3.902600 56.392012 6.066158 14.746899 -17.325901 45.562376 -6.060213 7.618818 16.605607 -1.823954 
-175.907639 -103.197655 87.020462 -47.775618 -0.459567 87.381427 8.706339 1.179089 -29.294289 -5.413362 5.958463 17.522388 5.666953 15.235735 -17.078241 nan nan nan -10.725794 -1.756239 20.420716 4.262026 15.469499 17.232271 7.209025 1.348076 -23.772759 nan nan nan -1.310225 12.558330 4.203216 0.706116 -3.405750 19.472371 -1.141486 2.521466 -8.207141 6.197132 1.186489 6.215089 -2.759901 1.556584 10.114135 -28.002345 7.168851 1.552201 -56.974345 6.503705 14.680717 9.302445 -19.583440 6.363527 -16.134646 -12.891908 5.162318 24.796883 3.877853 4.018841 56.150655 5.916144 14.875747 -17.728382 45.378408 -6.521522 7.586304 16.475589 -1.495599 
-176.524139 -104.533615 86.890381 -47.752491 -0.488069 87.656258 8.587536 0.908289 -29.956288 -5.390074 6.656717 19.363758 5.903028 14.509035 -15.489889 nan nan nan -10.934764 -1.497500 20.156438 4.231086 15.176530 18.812218 7.605767 1.691982 -22.943232 nan nan nan -1.436022 12.604141 3.695314 0.725242 -3.522765 19.688618 -1.214715 2.493975 -8.458563 6.043543 1.086075 6.514125 -2.496564 1.708510 9.961688 -28.239402 6.954459 1.605615 -56.850764 6.847489 14.784592 9.473316 -19.311385 6.166569 -16.049766 -13.315163 4.326656 25.175349 3.819288 4.061848 55.932957 5.648557 15.008985 -18.233219 45.116139 -7.010010 7.500952 16.438321 -1.294298 
-177.161301 -105.883987 86.814857 -47.569379 -0.612540 87.909697 8.299255 0.621578 -30.659456 -5.355322 6.938207 21.304941 6.454485 14.196066 -14.449982 nan nan nan -10.971939 -1.358520 19.977276 3.813325 14.874293 20.258667 7.602823 1.784333 -21.971204 nan nan nan -1.722834 12.583222 3.311335 0.777799 -3.710858 19.712389 -1.247734 2.423214 -8.584226 6.007555 0.989558 6.541499 -2.314749 1.761937 10.152839 -28.358157 6.745981 1.723366 -56.844294 7.113547 14.796185 9.630640 -19.084880 5.796769 -15.755774 -13.470622 3.770394 25.473024 3.759777 4.068844 55.812756 5.381341 15.095882 -18.516999 44.847785 -7.476396 7.152249 16.500516 -1.213971 
-177.773788 -107.261818 86.759895 -47.355145 -0.896869 88.265829 7.899982 0.170233 -31.425574 -5.526035 6.949591 23.249298 7.085665 14.347564 -13.802006 nan nan nan -11.438925 -0.974797 19.528604 4.096196 14.509980 21.878553 7.477166 1.813729 -20.962404 nan nan nan -2.179840 12.541463 2.725943 0.862331 -3.895837 19.741172 -1.372006 2.377351 -8.554610 6.006628 0.713121 6.291226 -2.194799 1.922164 10.666312 -28.295264 6.587038 1.633548 -56.774948 6.879748 15.393794 9.352857 -18.216911 6.898729 -15.441655 -13.253013 2.564785 25.792025 3.570019 3.894074 55.839183 5.105462 15.350945 -18.670121 44.433853 -7.692364 6.343793 16.449633 -0.770808 
-178.366165 -108.658180 86.797440 -47.236541 -0.958434 88.536172 7.740112 -0.118651 -31.894276 -5.699460 7.219326 25.095995 7.087318 14.241599 -13.408736 nan nan nan -11.449524 -0.745843 18.634153 4.016256 13.828577 24.385097 7.248500 1.826992 -19.460747 nan nan nan -2.260195 12.420435 2.315727 0.920012 -3.900696 19.866775 -1.486845 2.243263 -8.799718 5.851225 0.513355 6.564518 -1.978244 2.102265 10.644536 -28.648262 6.506152 1.631958 -56.623633 6.756662 15.575850 9.508808 -17.575630 6.752421 -15.314924 -13.236679 1.885437 26.179221 3.390504 4.076815 55.822833 4.907475 15.272670 -18.913207 43.955433 -7.731630 5.616908 16.536283 0.249421 
-178.898651 -110.057518 86.906952 -47.371311 -0.951555 88.918267 7.769521 -0.291575 -32.268127 -5.929108 7.927707 26.743109 6.829838 14.099154 -13.200536 nan nan nan -11.347433 -0.265300 17.228302 3.989796 12.964739 27.381801 7.565576 1.943418 -17.055024 nan nan nan -2.157060 12.287514 1.736053 0.957106 -3.784282 20.314372 -1.674753 2.114840 -9.424801 5.450693 0.380921 7.312917 -1.703182 2.300130 10.108379 -29.118555 6.181433 1.941754 -56.484517 7.044324 15.633624 9.941032 -17.350124 6.398045 -15.706955 -13.498679 1.286899 26.497044 3.397534 4.402637 55.834655 4.599423 14.971081 -19.156584 43.334029 -7.954575 5.131596 16.862004 0.885387 
-179.518860 -111.484131 87.045372 -47.267887 -1.416460 89.010855 7.440311 -0.818499 -32.086867 -6.335750 8.787223 27.961854 6.787272 14.071614 -13.048456 nan nan nan -11.760545 -0.052541 16.267927 3.893998 12.151435 30.167742 7.798979 1.874630 -14.480072 nan nan nan -2.754773 12.276005 1.338459 1.011160 -3.855685 20.678049 -1.749522 1.954977 -9.798826 5.223206 0.040993 7.703411 -1.410905 2.746440 9.915936 -29.327935 5.775269 2.723736 -56.352306 6.721011 15.291066 9.935078 -17.158677 5.659206 -15.689867 -12.114238 1.863966 26.822100 3.373846 4.679027 55.863210 4.446235 14.718557 -19.189157 42.712264 -8.136900 5.225685 16.500393 1.907962 
-180.275879 -112.914017 87.172470 -46.617884 -2.240152 88.666874 6.747453 -1.779788 -31.244361 -6.801829 9.708271 28.676895 7.163919 13.922493 -12.886236 nan nan nan -12.429483 -0.245636 16.110969 3.514099 11.076421 32.497700 7.781093 1.503777 -11.739268 nan nan nan -4.057497 12.205507 1.355581 1.169349 -4.077890 20.537583 -1.531642 1.778713 -9.535147 5.341974 -0.121142 7.705964 -1.231467 2.905482 10.062619 -28.816586 5.465806 2.942215 -56.694190 6.415462 15.548004 9.937390 -16.842027 5.277320 -15.406517 -13.010743 1.157520 27.022007 3.246072 4.486064 56.159186 4.214106 15.141889 -19.611737 41.750985 -8.144923 5.526920 16.182141 2.263195 
-180.999512 -114.329666 87.307999 -45.935812 -2.708617 88.271565 6.171032 -2.387734 -30.276244 -7.293695 10.230031 29.200405 7.754158 13.707739 -13.063530 nan nan nan -12.636327 -0.348800 15.782430 3.147815 9.895610 34.971100 7.867569 0.915180 -8.730017 nan nan nan -4.866725 11.847221 1.481965 1.348259 -4.185949 20.283545 -1.442530 1.716288 -9.151249 5.532916 -0.154338 7.631539 -1.115002 2.769548 10.253016 -28.252705 5.317820 2.739177 -57.069195 6.117732 16.091754 9.811741 -16.480794 5.058552 -15.103921 -13.745930 0.684166 27.084547 3.089289 4.176643 56.483965 3.977978 15.441577 -19.856602 40.804320 -8.655501 5.654120 15.824374 1.641267 
-181.681091 -115.698029 87.471893 -45.490371 -2.752320 87.966344 5.732642 -2.371829 -29.316740 -7.727887 10.164324 29.669101 8.373523 13.375474 -13.660792 nan nan nan -12.302462 -0.181213 15.016224 2.745959 8.772712 37.689455 7.808982 0.350299 -5.866656 nan nan nan -5.014790 11.339405 1.759578 1.513695 -4.079907 19.967453 -1.465006 1.633165 -8.958586 5.597603 -0.117486 7.742372 -1.140492 2.703010 10.105616 -28.105117 4.978419 2.941950 -57.136408 5.997442 16.216613 9.812473 -16.680189 5.005097 -15.621605 -13.585245 0.804344 26.999882 3.012923 3.944255 56.794686 3.745774 15.107658 -19.741101 40.084171 -9.571378 6.319999 15.387818 0.296758 
-182.340958 -117.002869 87.644218 -44.999202 -2.754635 87.774587 5.242278 -2.403791 -28.511431 -8.046657 9.819591 30.168448 8.906260 13.212726 -14.296692 nan nan nan -11.845233 -0.032660 13.953915 2.287107 7.638024 40.592766 7.527949 -0.323248 -3.286095 nan nan nan -5.124706 10.799713 2.147096 1.680162 -4.016427 19.390990 -1.481976 1.481763 -8.770498 5.695551 -0.044121 7.941419 -1.341845 2.658303 9.984976 -27.963625 4.790740 3.141278 -57.235109 5.790793 16.022940 9.790789 -16.715993 5.020758 -15.727436 -13.781175 0.594007 26.989080 2.974815 3.877764 57.019500 3.451356 14.867031 -19.416878 39.447384 -9.315820 6.203323 15.364013 0.043658 
-182.962112 -118.260155 87.814568 -44.530645 -2.720219 87.681849 4.725924 -2.571456 -27.805856 -8.105229 9.430398 30.628163 9.426312 13.226661 -14.828338 nan nan nan -11.331863 0.025267 12.650187 1.699502 6.627852 43.548524 7.174052 -1.115216 -0.616155 nan nan nan -5.138742 10.179421 2.403908 1.768105 -4.020127 18.829226 -1.582609 1.449229 -8.517118 5.860567 0.103580 8.159760 -1.513993 2.529462 9.955463 -27.785460 4.526055 3.096352 -57.392087 5.747623 15.759184 9.778788 -16.808206 4.733433 -15.763085 -13.759638 0.694216 27.033275 3.112552 3.776544 57.117398 2.994502 14.619577 -19.110713 38.836112 -9.081137 6.389637 15.131883 0.126850 
-183.548676 -119.475510 87.951813 -44.133489 -2.688096 87.643150 4.201866 -2.689123 -27.113019 -8.020740 9.128732 30.992316 9.963933 13.428469 -15.163340 nan nan nan -10.846922 0.118807 11.180113 1.038632 5.622371 46.441274 6.720858 -2.051788 2.190020 nan nan nan -5.116741 9.518110 2.587694 1.845884 -4.000088 18.414547 -1.743893 1.415796 -8.324955 6.059923 0.380254 8.270460 -1.752901 2.381824 9.898697 -27.490607 4.230263 3.171528 -57.644935 5.719651 15.508235 9.812252 -17.341512 4.864203 -16.289273 -13.160354 1.768546 27.016207 3.201626 3.603058 57.243464 2.603339 14.370855 -18.897395 38.405829 -8.974884 7.431208 14.468356 0.256645 
-184.159256 -120.676811 88.095612 -43.717884 -2.705348 87.580101 3.714137 -2.839770 -26.294519 -8.056772 8.813607 31.184246 10.447750 13.802136 -15.500858 nan nan nan -10.481826 0.184853 9.747983 0.355950 4.586174 49.153951 6.179364 -3.151128 5.031042 nan nan nan -5.240012 8.897690 2.819945 1.989636 -3.974374 18.010692 -1.828643 1.253171 -8.160373 6.413700 0.801932 8.266515 -2.065505 2.276078 9.970745 -27.224950 4.142351 3.152294 -57.823428 5.529333 15.365589 9.718762 -17.729844 5.198091 -16.163254 -12.937155 3.126564 27.097388 3.152144 3.490061 57.172216 2.440747 14.266994 -18.293596 37.875147 -8.255291 8.035278 14.170078 0.927296 
-184.801056 -121.899918 88.283401 -43.368705 -2.847099 87.345578 3.149804 -3.018064 -25.152341 -8.219051 8.498458 31.213681 10.712137 14.081538 -16.019080 nan nan nan -10.323921 0.339232 8.509941 -0.174651 3.830261 51.805985 6.042068 -4.183210 6.106283 nan nan nan -5.482790 8.374055 3.151776 2.073684 -4.028282 17.681865 -1.784234 1.187416 -7.956130 6.422231 0.897151 8.386361 -2.202877 2.461417 9.792485 -27.057667 3.924713 3.019527 -57.996373 5.454918 15.303378 10.114484 -18.168228 4.548212 -16.146597 -13.771999 1.498182 27.182915 3.263168 3.396342 57.045790 2.141834 14.361845 -17.953664 37.392027 -7.852214 8.261778 14.045716 0.869158 
-185.429504 -123.123322 88.489639 -42.971610 -3.046985 86.992856 2.450744 -3.295939 -23.846361 -8.375786 8.037238 31.108520 11.011519 14.512365 -16.498173 nan nan nan -10.269125 0.510103 7.420710 -0.449912 2.890432 54.157523 5.684854 -5.322227 6.466142 nan nan nan -5.692059 7.878912 3.607169 2.105411 -4.069289 17.463519 -1.722569 1.079477 -7.788612 6.187531 0.825097 8.353413 -2.157146 2.704693 9.685599 -27.140105 3.625911 3.018675 -57.948000 5.117809 15.048102 10.138124 -18.408061 4.097734 -16.084108 -13.464164 1.997412 27.261171 3.391678 3.259806 56.912068 1.823773 14.153027 -17.565730 37.098580 -7.746451 8.719887 13.774598 1.234946 
-186.001465 -124.326744 88.684357 -42.492282 -3.235488 86.695803 1.582177 -3.613043 -22.642666 -8.280825 7.410911 30.955128 11.109051 14.973465 -16.774135 nan nan nan -10.203096 0.652534 6.271002 -0.620336 1.822385 56.335787 5.408098 -6.418622 5.593859 nan nan nan -5.785908 7.325770 4.273653 2.030945 -4.098651 16.754425 -1.652138 0.934374 -7.374757 5.847964 0.761567 8.134111 -1.913195 2.908777 9.808857 -27.202193 3.389963 2.898279 -57.961070 4.609372 14.752287 10.238601 -18.370324 3.452560 -16.395969 -13.393834 2.641620 27.277507 3.405081 3.073309 56.931223 1.580825 13.776185 -17.155466 36.759540 -7.628473 9.247446 13.576299 1.932950 
-186.582794 -125.541115 88.901924 -42.186435 -3.390365 86.350066 0.706754 -3.651149 -21.166140 -8.074148 6.798751 30.534158 11.166992 15.221916 -17.026637 nan nan nan -10.068643 0.732253 5.206560 -0.777625 1.544055 58.420272 5.753315 -6.654940 3.624483 nan nan nan -5.796740 6.830048 4.981111 1.903919 -4.101273 16.151075 -1.602772 0.782802 -7.038475 5.697263 0.953816 7.907267 -1.899530 3.110601 9.886779 -27.175473 3.246113 2.580931 -57.937645 4.135478 14.590438 10.189518 -18.373154 3.169386 -16.425136 -13.677916 3.022749 27.359309 3.413279 2.919294 56.895182 1.440890 13.833823 -16.882130 36.259334 -7.312934 9.442352 13.626218 2.324626 
-187.185318 -126.747627 89.176483 -41.907569 -3.454780 85.940236 -0.021445 -3.572759 -19.426433 -8.077610 5.946309 29.784574 11.216368 15.435135 -17.359990 nan nan nan -9.852948 0.496817 3.936973 -0.755706 1.500041 59.974928 4.822429 -6.665954 3.095844 nan nan nan -5.783454 6.503177 5.666684 1.981348 -4.112911 15.721780 -1.566521 0.572600 -6.887629 5.347153 0.877065 7.969072 -1.846361 3.485847 9.764770 -27.191789 2.884556 2.508767 -57.620112 3.659629 14.827917 9.735797 -18.496169 3.529564 -16.029593 -13.944437 2.257970 27.345384 3.341392 2.573351 56.706677 1.151236 14.142555 -16.288319 35.700766 -6.844250 9.353610 13.598173 2.189047 
-187.815079 -127.928650 89.483337 -41.453316 -3.392862 85.572818 -0.624976 -3.559498 -17.702634 -8.071831 4.935230 29.030781 11.134469 15.512124 -17.829363 nan nan nan -9.410394 0.309309 2.891514 -0.686282 1.205586 61.132887 4.153871 -6.732803 1.964027 nan nan nan -5.763776 6.137301 6.168532 2.126291 -4.148510 15.474604 -1.442225 0.354360 -6.846839 4.949559 0.741933 8.140707 -1.602915 3.844393 9.634982 -27.267358 2.566985 2.599728 -57.324438 2.998112 14.969900 9.487552 -18.623280 3.398528 -16.099285 -14.134030 1.917945 27.354997 3.238276 2.450120 56.496643 0.821250 14.283415 -15.954861 35.281861 -6.535626 9.635090 13.638220 2.018279 
-188.448471 -129.094803 89.803223 -40.889141 -3.306695 85.360313 -1.192702 -3.654339 -16.173560 -7.936371 4.088215 28.357591 11.110917 15.588992 -18.227211 nan nan nan -8.886387 0.193225 1.702847 -0.713060 0.732008 62.173755 3.846051 -6.712580 0.521338 nan nan nan -5.826492 5.619601 6.316360 2.274587 -4.265325 15.471953 -1.319728 0.226642 -6.851206 4.661108 0.735678 8.418507 -1.313157 4.002320 9.445313 -27.288790 2.323013 2.539994 -56.985282 2.565057 15.299134 9.056307 -18.875593 3.842055 -15.688642 -15.122746 2.555239 27.432447 3.221673 2.377059 56.339048 0.444086 14.437176 -15.858887 34.742937 -6.302251 9.696718 14.111209 1.863819 
-189.070679 -130.246765 90.111572 -40.293516 -3.207552 85.191338 -1.699033 -3.688256 -14.734780 -7.793502 3.319172 27.711788 11.069957 15.730568 -18.525729 nan nan nan -8.413320 0.125908 0.452460 -0.668759 0.220396 62.997124 3.650760 -6.668553 -1.049371 nan nan nan -5.828783 5.039155 6.452559 2.388291 -4.416008 15.394215 -1.243901 0.123515 -6.783677 4.414236 0.685133 8.607593 -1.143752 4.214043 9.369313 -27.313323 2.110801 2.523461 -56.627201 2.074416 15.438429 8.620912 -19.263236 4.048883 -14.730584 -16.017911 3.115009 27.480210 3.237222 2.410312 56.212374 0.120750 14.491671 -15.664021 34.300130 -5.814197 9.268754 14.470394 2.046974 
-189.697205 -131.358414 90.406471 -39.770740 -3.009503 85.056823 -2.062617 -3.591346 -13.330317 -7.656337 2.410878 27.009886 10.900019 15.906098 -18.711063 nan nan nan -7.829565 0.198722 -0.875535 -0.585644 -0.313939 63.646755 3.485182 -6.733868 -2.803870 nan nan nan -5.656803 4.475471 6.603762 2.528490 -4.443356 15.284653 -1.171927 -0.035718 -6.740580 4.105570 0.636361 8.745286 -1.100563 4.518366 9.329974 -27.349080 1.771021 2.543826 -56.055909 1.613362 15.903925 7.758217 -19.793421 4.640406 -13.112033 -16.627151 3.094509 27.241229 3.240175 2.316713 56.230628 -0.269448 14.651304 -15.225433 33.792857 -5.369888 8.385908 14.908583 1.576852 
-190.290924 -132.513809 90.718613 -39.270184 -2.715777 84.893927 -2.357879 -3.391576 -11.834329 -7.387426 1.535603 26.251985 10.670262 15.969006 -18.902451 nan nan nan -7.165862 0.367054 -2.133219 -0.578022 -1.038368 64.030586 3.170178 -6.875537 -4.318065 nan nan nan -5.313993 3.895423 6.837403 2.623773 -4.358881 15.228932 -1.073181 -0.284128 -6.793362 3.876120 0.741072 8.980891 -1.156806 4.483879 9.162670 -27.463919 1.896570 2.468670 -56.062855 0.544572 15.506662 7.863427 -19.736087 3.899438 -12.572577 -16.773260 4.536289 26.983004 2.975014 2.360672 56.394998 -0.428853 14.555161 -15.059248 33.339392 -4.944676 8.068035 15.222150 1.409029 
-190.868423 -133.632858 91.020706 -38.847312 -2.509272 84.788320 -2.715409 -3.234775 -10.337726 -7.120001 0.636521 25.345113 10.618419 16.172683 -18.936942 nan nan nan -6.640296 0.485613 -3.522930 -0.471794 -1.702217 64.230032 2.930434 -7.089291 -5.404630 nan nan nan -5.128273 3.327470 6.843474 2.773099 -4.361885 15.345953 -1.000861 -0.368540 -6.814108 3.386600 0.630901 9.215257 -0.944273 4.674685 9.064184 -27.556806 1.760050 2.588011 -55.787378 -0.452984 15.385892 7.679590 -20.195586 3.017104 -12.194432 -16.274273 3.956844 26.832159 2.798739 2.378556 56.430603 -0.659348 14.360061 -15.052260 33.067426 -4.854153 7.954171 15.087965 1.185091 
-191.417328 -134.724121 91.300858 -38.447212 -2.369962 84.716812 -3.070404 -3.148149 -8.878367 -6.950469 -0.265392 24.375308 10.617632 16.454095 -18.951118 nan nan nan -6.247769 0.583254 -4.995585 -0.384911 -2.466234 64.228718 2.971759 -7.502394 -6.335012 nan nan nan -5.049780 2.824621 6.629401 2.910335 -4.381286 15.799476 -0.887024 -0.457966 -6.848885 3.043567 0.568028 9.249287 -0.809132 4.863034 9.098953 -27.553319 1.472335 2.606149 -55.544922 -1.284003 15.436663 7.460751 -20.939160 2.088937 -11.809127 -15.720049 3.270770 26.688909 2.827769 2.411040 56.414212 -0.923577 14.306842 -15.147122 32.836375 -4.923857 7.711261 14.789645 0.994671 
-191.987640 -135.823288 91.572433 -38.042228 -2.289470 84.636309 -3.496348 -3.011747 -7.391185 -6.751506 -1.243952 23.375799 10.564046 16.799240 -18.830003 nan nan nan -6.036476 0.633986 -6.420451 -0.262856 -3.352341 63.948153 3.009891 -8.107582 -7.321714 nan nan nan -4.907560 2.379351 6.603264 2.922548 -4.313190 15.917641 -0.778202 -0.665061 -6.810018 2.637313 0.456022 9.391075 -0.606895 5.056664 8.984399 -27.549904 0.995587 2.686035 -55.208420 -1.793739 15.523868 7.295719 -21.693969 1.600816 -11.227627 -15.914326 2.916263 26.494707 2.859289 2.323024 56.562705 -1.313612 14.165550 -15.104198 32.439864 -4.823032 7.353592 14.829382 0.846592 
-192.612595 -136.911041 91.862404 -37.533161 -2.235524 84.614643 -3.953517 -2.862183 -5.884515 -6.409844 -2.299569 22.239920 10.496524 17.116048 -18.654668 nan nan nan -6.000298 0.533474 -7.826121 0.178182 -4.126311 63.430528 2.885872 -8.442797 -8.307847 nan nan nan -4.751692 1.784667 7.221240 2.877306 -4.305219 14.628445 -0.732057 -0.849723 -6.343766 1.973422 0.223044 9.695706 -0.128645 5.492118 8.848970 -27.559844 0.854590 2.780692 -54.774643 -2.144855 15.560178 7.204971 -22.357244 1.513450 -10.516262 -16.202274 2.527742 26.431064 2.537768 2.336683 56.660223 -1.642578 13.900063 -14.749923 32.108642 -4.555820 7.185518 14.913896 0.818480 
-193.246597 -138.008438 92.094048 -36.990560 -2.128034 84.457862 -4.274255 -2.604338 -4.138975 -6.067928 -3.305628 20.868272 10.548455 17.410675 -18.332635 nan nan nan -6.080177 0.441507 -8.925605 0.775377 -4.912606 62.638498 2.722752 -8.262672 -9.285159 nan nan nan -4.657633 1.327866 7.513261 2.970159 -4.299983 14.394620 -0.670261 -1.056374 -6.256875 1.867286 0.192665 9.788307 -0.088835 5.571072 8.981803 -27.288698 0.594203 2.878487 -54.967349 -2.770355 15.656063 7.644618 -22.917759 1.122423 -10.383296 -16.198391 2.521254 26.263330 2.364210 2.199673 56.880857 -2.110326 13.795002 -14.892481 31.904139 -4.853546 7.459276 14.777788 0.740009 
-193.852814 -139.134140 92.345352 -36.574104 -2.042114 84.184727 -4.533988 -2.145014 -2.265196 -5.848494 -4.140732 19.548612 10.266306 17.558342 -18.348244 nan nan nan -5.834060 0.465939 -9.799805 1.020858 -5.310979 61.513932 2.622110 -8.288469 -10.288199 nan nan nan -4.536638 0.930488 7.810253 3.025130 -4.259588 14.283536 -0.582748 -1.250907 -6.146055 1.876940 0.328651 9.900669 -0.186787 5.338132 8.971040 -26.932957 0.320876 2.650298 -55.530250 -3.587278 15.574125 8.230833 -22.782758 0.096500 -10.402726 -16.365623 2.864863 26.052639 2.295566 1.984073 56.987065 -2.548698 13.638128 -14.829241 31.554907 -5.167918 7.726336 14.666933 0.829011 
-194.462585 -140.230133 92.587326 -36.240005 -1.952375 83.946005 -4.735983 -1.681425 -0.555658 -5.615700 -4.950580 18.421282 9.724710 17.526571 -18.418473 nan nan nan -4.938944 0.782252 -10.646100 0.702664 -5.199066 60.112530 2.039629 -8.998696 -11.218142 nan nan nan -4.379325 0.475067 8.251467 3.038045 -4.194021 14.047644 -0.526943 -1.359307 -6.138808 1.621511 0.430862 10.170037 -0.107369 5.314306 8.746662 -26.997580 0.499202 2.666558 -54.956793 -4.376848 15.415427 7.730919 -23.735907 0.605253 -9.780609 -16.751243 3.050605 25.936483 2.008104 2.071706 57.007824 -2.680706 13.612259 -14.780436 31.183552 -4.578312 7.488260 14.831043 0.503300 
-195.175552 -141.315399 92.716034 -35.782189 -1.375865 82.891511 -4.160868 -0.520035 2.032651 -4.539163 -4.711354 16.986866 8.350272 14.694768 -17.631006 nan nan nan -3.945520 0.960256 -10.247558 -0.987357 -6.599423 58.258831 2.687374 -7.244559 -12.187682 nan nan nan -3.328387 -0.214047 10.956290 2.428104 -3.487468 10.093801 -0.195743 -2.402216 -3.557898 2.042676 2.547026 8.775423 0.152651 3.965535 10.745149 -27.045010 -0.078681 2.224996 -53.871999 -3.278064 12.412367 6.171744 -27.035752 3.107257 -9.237153 -14.499225 2.453162 26.057012 2.604322 2.298431 56.755018 -2.723188 13.667714 -14.905705 30.529606 -4.576486 9.182546 14.933616 0.257438 
-195.766800 -142.348953 92.860039 -35.262040 -1.099357 82.737474 -4.006656 -0.272796 3.508324 -4.280887 -5.435996 15.972087 7.833459 14.482663 -17.661549 nan nan nan -3.479229 0.963836 -11.253144 -0.798412 -6.786112 56.755324 2.929024 -6.955400 -12.641061 nan nan nan -2.999653 -0.719759 11.306553 2.437509 -3.430601 9.630198 -0.097617 -2.570082 -3.177667 1.927282 2.910736 8.697895 0.270863 3.737795 10.968531 -26.927799 -0.532399 2.056706 -53.767589 -3.805535 12.012195 6.118048 -27.499990 3.203862 -9.077815 -14.781841 2.452244 25.964874 2.571089 2.221141 56.748233 -2.952428 13.460676 -14.918392 30.068668 -4.606824 9.251033 14.947748 0.188628 
-196.368744 -143.383911 92.984039 -34.816592 -0.894881 82.722597 -3.867956 -0.060947 4.885299 -4.173171 -6.038502 14.912993 7.629017 14.408460 -17.760904 nan nan nan -3.114654 1.231028 -12.363715 -0.108637 -6.312816 55.073011 2.994886 -6.406370 -12.976277 nan nan nan -2.809755 -1.164008 11.427942 2.555448 -3.422548 9.418631 -0.006754 -2.699670 -3.032874 1.729438 3.072576 8.729009 0.204383 3.608097 10.988909 -26.799968 -0.770075 2.009259 -53.617184 -4.548419 11.796611 5.903722 -28.146154 3.045723 -8.586186 -14.753401 1.947916 25.792765 2.283031 2.217972 56.756834 -3.060983 13.350632 -14.903623 29.773831 -4.518317 9.221933 14.803392 0.068772 
-197.010895 -144.468643 93.016060 -34.253584 -0.805761 82.641460 -3.780031 0.384373 6.296113 -4.038885 -6.827871 13.832922 6.935021 14.192529 -17.836560 nan nan nan -2.965057 0.844367 -13.048145 -0.296540 -8.224977 52.617627 2.720259 -8.097423 -14.013835 nan nan nan -2.698669 -1.709308 11.717272 2.527820 -3.353507 8.943812 0.141928 -2.972037 -2.767927 1.572704 3.325549 8.748554 0.078073 3.585414 10.924603 -26.747540 -0.779604 1.920574 -53.369085 -5.192318 11.802940 5.981787 -28.869995 2.734771 -8.399338 -14.630071 1.608192 25.740907 2.144369 2.064488 56.664532 -3.390643 13.256154 -14.896661 29.495742 -4.419416 9.343527 14.594549 0.133135 
-197.628433 -145.474106 93.060715 -33.721176 -0.684315 82.682000 -3.592756 0.682780 7.449103 -3.987829 -7.472340 12.904940 6.449227 13.847184 -17.953501 nan nan nan -2.811642 0.795397 -14.087229 0.095621 -8.842461 50.536327 2.824639 -8.433823 -14.196669 nan nan nan -2.653668 -2.159957 11.932849 2.634688 -3.340169 8.570200 0.246471 -3.156112 -2.662967 1.519866 3.495936 8.774268 0.033993 3.575523 11.007062 -26.781783 -0.907521 1.813726 -52.995214 -5.811917 11.882341 6.024438 -29.409878 2.665848 -8.249023 -14.751444 1.657221 25.789405 1.944022 1.878606 56.410620 -3.652863 13.240511 -14.754288 29.126366 -4.288939 9.682702 14.346758 0.230162 
-198.197327 -146.454483 93.055595 -33.241448 -0.541752 82.751551 -3.385291 0.844939 8.545934 -3.947931 -7.886198 12.025356 6.212858 13.700561 -17.971150 nan nan nan -2.689728 0.884459 -15.089828 0.499797 -9.332687 48.272372 2.939441 -8.505729 -14.357958 nan nan nan -2.472953 -2.540019 12.144314 2.690110 -3.291336 8.158864 0.337000 -3.397553 -2.457341 1.404285 3.635464 8.765411 -0.076698 3.553990 11.019539 -26.652972 -1.135809 1.819100 -52.780675 -6.524237 11.907721 6.052230 -30.087454 2.527917 -7.995489 -14.830343 1.520054 25.672499 1.772868 1.803542 56.356810 -3.737913 13.137808 -14.633374 28.734060 -4.286381 9.975084 14.126656 -0.005776 
-198.781708 -147.455826 93.023903 -32.781453 -0.371719 82.796693 -3.097888 1.077591 9.757686 -3.897157 -8.427385 11.128452 5.938466 13.682531 -18.025707 nan nan nan -2.504227 0.964211 -15.931659 0.794121 -9.606413 45.872044 2.887913 -8.333167 -14.411890 nan nan nan -2.221184 -2.942250 12.303681 2.683233 -3.217806 7.782889 0.378280 -3.608121 -2.210608 1.322293 3.749961 8.623924 -0.066068 3.550859 11.282104 -26.425651 -1.353163 1.850490 -52.675947 -7.265904 11.909118 6.112564 -30.782907 2.343768 -7.373898 -15.070491 1.043961 25.574119 1.609005 1.891304 56.377378 -3.749259 13.001372 -14.498226 28.363792 -4.379739 9.870232 14.080489 -0.540774 
-199.365112 -148.473618 92.979652 -32.316785 -0.335346 82.938453 -2.968256 1.274528 10.871013 -3.853002 -9.279425 10.247626 5.471393 13.450451 -18.227374 nan nan nan -2.473139 0.929870 -16.783690 1.037540 -9.782235 43.276060 2.619359 -8.340004 -14.649585 nan nan nan -2.182681 -3.315760 12.336430 2.714323 -3.272641 7.570170 0.451785 -3.790212 -2.140201 1.257854 3.913017 8.439412 0.059306 3.602801 11.656634 -26.338718 -1.463101 1.855101 -52.424741 -7.904401 11.910821 6.217319 -31.513215 2.083855 -6.944093 -15.359726 0.600690 25.631212 1.512302 1.945979 56.217662 -3.858714 12.978970 -14.488991 28.034572 -4.422302 9.911482 13.962629 -0.912967 
-199.937637 -149.486023 92.903633 -31.765974 -0.287766 83.157054 -2.847904 1.533678 11.732998 -3.659401 -9.869235 9.607616 5.085721 13.333831 -18.319241 nan nan nan -2.537684 0.880838 -17.627002 1.386314 -10.163690 40.410988 2.502714 -8.573654 -15.035538 nan nan nan -2.152840 -3.675181 12.288188 2.788952 -3.443020 7.380959 0.536273 -3.952947 -2.052776 1.157686 4.120897 8.380677 0.171588 3.523652 11.639242 -26.266986 -1.628656 1.878452 -52.132991 -8.577732 11.902479 6.380563 -32.259651 1.933282 -6.974938 -15.422673 0.665699 25.690829 1.478046 1.951604 56.114555 -4.024194 12.802435 -14.715230 27.777906 -4.566700 10.287234 13.783017 -1.004105 
-200.573456 -150.511322 92.812088 -31.288760 -0.167437 83.189765 -2.547888 1.810455 12.950367 -3.515886 -10.433480 8.769896 4.881202 13.103492 -18.512306 nan nan nan -2.445651 0.777044 -18.087636 1.762964 -10.441644 37.255648 2.531097 -8.774882 -15.172884 nan nan nan -2.108335 -3.995663 12.367151 2.884485 -3.492655 7.222833 0.689841 -4.055542 -1.916635 0.996471 4.212562 8.330363 0.141579 3.344498 11.576947 -26.215590 -1.929751 1.950857 -51.829351 -9.303200 11.846609 6.528172 -33.014547 1.933430 -6.882575 -15.356395 0.653343 25.671509 1.442967 2.063139 56.058908 -4.206038 12.497658 -14.942790 27.622018 -4.669995 10.728616 13.586440 -1.109873 
-201.206360 -151.505905 92.688644 -30.926133 -0.130055 83.297591 -2.307818 2.039202 14.082174 -3.455248 -11.006635 8.005836 4.700171 12.908060 -18.709274 nan nan nan -2.359307 0.767961 -18.468017 2.101282 -10.471083 33.791584 2.629968 -9.012998 -15.070993 nan nan nan -2.145439 -4.236691 12.387178 2.962959 -3.443958 7.088829 0.894605 -4.155090 -1.856534 0.805402 4.266967 8.237170 0.133859 3.267480 11.693728 -26.076341 -2.111138 1.777527 -51.783408 -10.064895 11.969906 6.564786 -33.236612 1.796314 -6.401196 -15.687572 0.254663 25.521669 1.322143 2.189277 55.903176 -4.296807 12.460502 -14.691214 27.417804 -4.686384 10.633992 13.572054 -1.470551 
-201.785950 -152.471588 92.508224 -30.647690 -0.304569 83.680757 -2.362779 2.315698 14.765363 -3.357780 -11.402489 7.346144 4.432736 12.840909 -19.013736 nan nan nan -2.536932 0.815331 -19.322434 2.374177 -10.350885 30.519336 2.991899 -9.201515 -14.759334 nan nan nan -2.305535 -4.405136 12.091763 3.016848 -3.476902 7.096129 0.962658 -4.157852 -1.941925 0.618081 4.305569 8.276113 0.297312 3.108129 11.742321 -25.814871 -2.174762 1.374701 -51.888931 -10.800414 12.249149 6.668435 -33.199009 1.232574 -6.207191 -16.126892 0.284495 25.520189 1.089720 2.222923 55.761459 -4.329770 12.432338 -14.476799 27.071759 -4.769192 10.490395 13.564358 -1.247884 
-202.395630 -153.467209 92.294273 -30.300584 -0.510369 84.042677 -2.448433 2.602804 15.491895 -3.192892 -11.859218 6.652163 4.209756 12.777069 -19.342122 nan nan nan -2.774254 0.413986 -20.492030 2.578096 -9.984496 27.983191 3.439942 -9.094088 -14.433331 nan nan nan -2.568416 -4.516326 11.728341 3.151462 -3.594445 7.296342 1.023070 -4.225916 -2.108515 0.544695 4.361698 8.227306 0.423705 3.014480 11.732755 -25.595335 -2.306711 1.112265 -51.770253 -11.412335 12.513284 6.681224 -33.653569 0.535609 -5.914647 -16.334345 0.447210 25.609200 0.897617 2.199210 55.627674 -4.423180 12.383931 -14.435838 26.697017 -4.916096 10.546277 13.499198 -0.688582 
-203.062286 -154.487473 92.108536 -29.789196 -0.462038 84.190624 -2.140097 2.822081 16.425020 -3.097290 -12.502087 6.109487 3.954519 12.641921 -19.615786 nan nan nan -2.522977 -0.011437 -20.796328 2.574662 -9.423616 24.464970 3.192654 -9.098060 -13.928434 nan nan nan -2.648458 -4.607511 11.520567 3.363689 -3.773788 7.574152 1.187855 -4.390696 -2.239011 0.439449 4.335503 8.135805 0.444974 3.068980 11.674218 -25.629891 -2.562051 1.120806 -51.425414 -12.072242 12.643854 6.833036 -34.315194 0.137060 -5.600087 -16.526918 0.526285 25.623697 0.781233 2.161279 55.375988 -4.574731 12.331953 -14.330953 26.468908 -4.790087 10.670934 13.337390 -0.418357 
-203.656250 -155.462067 91.828445 -29.504683 -0.706221 84.535042 -2.228559 3.010521 16.977500 -3.082357 -12.858837 5.821904 3.831972 12.520693 -19.911450 nan nan nan -2.805240 0.011192 -21.588861 2.601656 -9.363840 21.275953 3.120764 -9.013997 -13.359193 nan nan nan -2.913844 -4.718211 11.369390 3.415126 -3.773760 7.401876 1.350460 -4.565075 -2.158973 0.351966 4.474157 7.929924 0.500486 3.042864 11.786528 -25.336995 -2.606785 1.008192 -51.370490 -12.843071 12.814422 6.935536 -34.750241 0.107546 -5.585891 -16.927592 0.580657 25.481642 0.583786 2.237851 55.327006 -4.484262 12.329439 -14.230401 26.236809 -4.606598 10.911246 13.174518 -0.360924 
-204.314194 -156.481750 91.570496 -29.137169 -0.749792 84.713715 -1.910484 3.178842 17.784779 -3.220137 -13.108804 5.526265 3.526305 12.258413 -20.368068 nan nan nan -2.822667 -0.097496 -21.754360 2.344462 -9.699095 17.679597 3.219205 -8.202498 -12.673649 nan nan nan -3.034186 -4.925208 11.310722 3.501392 -3.919791 7.281890 1.533321 -4.601987 -2.153689 0.214693 4.682831 8.072876 0.645540 2.962826 11.671511 -25.299657 -2.704080 1.005570 -51.227751 -13.532762 12.716675 7.068652 -35.225325 0.260224 -5.454482 -17.132491 0.486044 25.436179 0.473607 2.511403 55.170202 -4.391428 12.108631 -14.157296 26.023578 -4.525150 11.239227 13.124931 -0.609653 
-204.991531 -157.500229 91.296913 -28.779609 -0.894195 84.912290 -1.718658 3.399146 18.555437 -3.305315 -13.602442 5.304649 3.393436 12.190195 -20.993885 nan nan nan -2.872084 -0.255648 -22.024751 2.279623 -8.996263 14.159295 3.308305 -8.304806 -12.167278 nan nan nan -3.209030 -5.027211 11.125140 3.553418 -4.073392 7.382325 1.613051 -4.679625 -2.295207 0.128042 4.731722 7.994741 0.840154 2.973540 11.908544 -25.279921 -2.781360 1.072903 -50.859348 -14.234198 12.669196 7.033297 -35.777566 0.201283 -4.967214 -17.259205 0.558464 25.546409 0.305228 2.613607 55.007228 -4.470386 12.010491 -14.128350 25.794147 -4.609320 11.277094 13.032773 -0.663657 
-205.674484 -158.531830 90.990601 -28.480933 -1.137029 85.332232 -1.712598 3.735277 19.007580 -3.265198 -14.171161 5.216905 3.249063 12.329173 -21.517364 nan nan nan -2.979425 -0.454977 -22.667509 2.159362 -7.823197 10.963003 3.379484 -8.751112 -11.686083 nan nan nan -3.421016 -4.986760 10.521594 3.631262 -4.279636 7.710454 1.582325 -4.865596 -2.523720 -0.020823 4.798353 7.791968 1.067338 2.760582 12.394294 -25.134512 -2.855520 1.180921 -50.544236 -14.769415 12.825156 7.236420 -36.378836 -0.604993 -4.658131 -17.349905 0.872661 25.815912 0.206835 2.654119 54.774981 -4.625701 12.008285 -14.242007 25.542406 -4.825638 11.292363 12.904853 -0.315723 
-206.408646 -159.612686 90.680054 -28.073999 -1.148620 85.644051 -1.350348 4.034918 19.612972 -3.257530 -14.710578 5.147412 2.931331 12.266175 -22.053533 nan nan nan -2.856767 -0.754388 -23.024173 1.929194 -6.982655 7.882925 3.361256 -8.786372 -11.313170 nan nan nan -3.503576 -5.045995 9.884598 3.856494 -4.620322 8.144056 1.683103 -5.004024 -2.643778 -0.169472 4.817279 8.247101 0.920891 2.784833 11.857051 -25.062015 -2.923353 1.046180 -50.563732 -15.171096 13.016020 7.671904 -36.772257 -1.508576 -4.691878 -17.551153 1.282756 25.789954 0.211766 2.695107 54.629413 -4.742539 11.934012 -14.425059 25.364684 -4.938489 11.610707 12.770171 0.045356 
-207.059265 -160.631653 90.365730 -27.855365 -1.307085 85.991078 -1.294757 4.258989 20.122373 -3.227205 -15.115810 5.152205 2.746256 12.130756 -22.489155 nan nan nan -2.889945 -1.167057 -23.739092 1.749676 -6.216314 5.475861 3.386306 -8.573660 -11.102032 nan nan nan -3.639947 -5.004814 9.393791 4.032113 -4.849682 8.618250 1.757495 -5.025156 -2.997164 -0.328260 4.861087 8.441149 1.039656 2.787270 11.579713 -25.092708 -3.021763 0.813062 -50.427882 -15.588001 13.209051 7.845904 -37.178156 -1.928072 -4.677975 -17.773514 1.908501 26.008279 -0.163136 2.834209 54.330181 -4.867413 11.475954 -14.775716 25.773558 -5.156724 12.048483 12.417840 0.774715 
-207.725143 -161.634293 90.031670 -27.731662 -1.544201 86.355634 -1.239047 4.573550 20.674980 -3.189112 -15.481748 5.064054 2.588659 11.783729 -22.812560 nan nan nan -2.976964 -1.763429 -24.673441 1.814960 -5.458533 3.678765 3.629345 -8.530058 -10.951503 nan nan nan -3.887454 -4.885994 8.884312 4.221046 -4.996181 9.187095 1.802011 -5.068591 -3.286362 -0.366803 4.949637 8.157133 0.994728 2.500201 11.653392 -25.226637 -3.168156 0.613628 -49.887267 -15.899008 13.300321 7.776430 -38.104379 -2.220350 -4.519601 -17.451888 2.385441 26.537990 -0.741866 2.888364 53.754942 -5.387448 10.872037 -15.310471 27.381071 -5.716511 12.259840 11.453171 1.685915 
-208.399414 -162.710083 89.676926 -27.395082 -1.474807 86.406760 -0.816556 4.636520 21.553960 -3.163707 -15.852096 4.968580 2.282611 11.537589 -23.119156 nan nan nan -2.820085 -2.547435 -25.145465 2.088681 -5.229835 2.407585 4.313674 -8.457243 -10.946903 nan nan nan -4.487814 -5.731705 8.009998 4.596433 -5.428380 10.667902 2.153802 -4.203816 -3.181467 -0.859613 4.880445 7.812266 1.195360 2.702802 11.314187 -25.339035 -3.580464 0.495505 -49.953045 -16.666428 12.992660 8.281285 -38.239722 -2.964393 -4.244050 -17.982846 2.392660 25.579699 0.672130 3.177675 54.104863 -4.473055 10.785800 -14.363221 24.804552 -5.474327 12.177907 12.251389 1.898469 
-209.106918 -163.809601 89.367050 -26.956989 -1.466978 86.259677 -0.385019 4.710056 22.510120 -3.275078 -16.089496 5.210590 2.015285 11.220245 -23.412689 nan nan nan -2.875835 -3.159557 -25.287631 2.408439 -5.452401 1.305689 4.234911 -8.327538 -11.136863 nan nan nan -4.468390 -6.009911 8.249107 4.671119 -5.521601 10.440880 2.223531 -4.207916 -2.889141 -1.024106 4.989656 7.541366 1.172643 2.472923 11.409473 -25.414692 -3.716252 0.615212 -49.839812 -17.270646 12.462649 8.404485 -38.642740 -2.974489 -3.963277 -18.265147 2.151282 25.559835 0.560971 3.146739 54.175743 -4.388134 10.383184 -14.733236 24.436480 -5.251646 12.442568 12.074681 2.311104 
-209.913620 -164.930588 89.024361 -26.708396 -1.709322 86.243052 -0.101536 4.869221 23.430391 -3.468910 -16.152426 5.394947 1.856728 10.821559 -23.457039 nan nan nan -3.219627 -3.469384 -25.652675 2.794899 -5.683482 0.811715 4.099136 -8.295591 -11.602600 nan nan nan -3.994920 -5.692238 9.005595 4.265898 -5.064483 8.883315 1.953217 -5.118951 -2.664291 -0.605113 5.013913 7.674574 0.887818 2.186923 11.725880 -25.069115 -3.422277 0.838508 -49.568353 -17.434583 12.411338 8.077190 -39.512480 -2.418255 -3.225375 -18.271523 1.352687 25.788774 -0.376963 2.858240 54.226105 -4.590493 10.619191 -14.553376 24.194960 -4.844620 12.278036 11.796311 1.898878 
-210.729370 -166.077744 88.711815 -26.498521 -1.821548 86.124903 0.186166 4.768551 24.459554 -3.621442 -16.400116 5.620747 1.552108 10.529252 -23.569583 nan nan nan -3.584715 -3.286370 -25.800433 3.059699 -5.756414 0.674897 5.289509 -8.388097 -11.890607 nan nan nan -3.876629 -5.750148 9.095138 3.988173 -4.741617 8.754485 1.898243 -5.578820 -2.591951 -0.053619 5.402926 7.066056 0.965332 2.025381 12.677608 -24.854149 -3.401801 1.141722 -49.141271 -17.693994 12.157197 7.841063 -40.509239 -1.951632 -2.331912 -18.568417 0.732561 26.124045 -0.683751 2.917401 53.952265 -4.422114 10.750572 -14.220221 23.796652 -4.610239 11.766283 11.740378 1.685926 
-211.501404 -167.186356 88.458931 -26.109899 -1.788644 86.034413 0.612178 4.632131 25.102913 -3.851184 -16.930092 6.387680 1.151732 10.272831 -23.825444 nan nan nan -3.798379 -3.085208 -26.157991 2.880947 -6.431337 1.246700 3.607029 -8.260470 -12.647190 nan nan nan -3.644441 -5.955916 9.304364 3.892282 -4.572800 8.564455 1.882189 -5.942686 -2.590932 0.083896 5.324448 7.128317 0.657424 1.861369 12.588489 -24.953079 -3.440619 1.379570 -48.705051 -17.818312 11.890872 7.891932 -41.345913 -1.910052 -2.088887 -18.856411 0.399408 26.300003 -0.673066 2.919419 53.780825 -4.577072 10.697049 -14.230729 23.498059 -4.271245 11.906609 11.645020 1.660394 
-212.255737 -168.320389 88.205803 -25.532353 -1.734787 86.065236 1.026130 4.361989 25.491606 -4.040354 -17.482374 7.369452 0.789667 10.020966 -23.986907 nan nan nan -4.116594 -2.931845 -26.759079 2.797646 -7.066015 2.580762 2.756197 -8.481621 -13.102530 nan nan nan -3.500796 -6.351235 9.511536 3.971692 -4.558920 8.118142 1.867109 -6.130449 -2.528478 0.147603 5.387601 6.922140 0.318247 1.583930 12.915972 -25.143709 -3.374240 1.579000 -48.493726 -17.894932 11.708296 8.067927 -42.002510 -1.909274 -2.059123 -18.618427 0.190070 26.842573 -0.677299 2.971848 53.416242 -5.059425 10.794839 -15.114707 23.505593 -4.240348 12.076673 11.514957 1.830294 
-212.951416 -169.454636 88.006287 -24.898826 -1.386373 85.924714 1.653167 4.042871 25.923913 -4.100048 -18.174382 8.517102 0.267680 9.828983 -24.141344 nan nan nan -4.096476 -2.798423 -27.228177 2.638951 -7.570095 4.307630 2.908242 -8.737203 -13.311765 nan nan nan -4.339958 -8.024273 8.623521 4.820327 -5.348145 10.232927 2.333076 -4.594668 -2.533539 -0.638327 5.438930 6.579114 0.355163 2.001415 12.281006 -25.925811 -3.830770 1.076427 -48.458196 -18.031994 11.414226 8.953543 -42.235961 -3.532607 -1.715715 -18.045699 0.515390 26.236695 0.690030 3.363799 53.173178 -4.546965 9.613031 -14.656689 22.959604 -4.870729 11.862525 11.480778 2.632365 
-213.852539 -170.610291 87.764015 -24.387104 -1.637395 85.903912 1.798408 3.649428 26.351342 -4.352972 -18.513755 9.599201 0.173131 9.521892 -24.048701 nan nan nan -4.587944 -2.596087 -27.923065 2.562271 -8.092257 6.680737 2.867903 -9.240988 -13.856584 nan nan nan -3.358178 -7.299289 9.751293 4.161390 -4.663246 7.919851 1.700576 -6.247054 -2.542197 0.394502 5.735411 6.023963 0.140705 1.463948 14.384073 -25.431720 -3.355013 1.910268 -48.104433 -18.141100 11.471602 8.790434 -43.052812 -2.356070 -1.223797 -18.164967 -0.830133 27.586717 -0.568073 2.904485 52.967783 -5.204785 10.503324 -15.713431 22.568246 -4.910998 11.932458 11.272028 1.169583 
-214.670670 -171.824371 87.576584 -24.118615 -1.508932 85.679419 2.141933 3.360308 27.033022 -4.409905 -18.818380 10.721458 -0.146005 9.322031 -23.942097 nan nan nan -4.700657 -2.320829 -28.300505 2.533189 -8.599145 9.136900 2.826413 -9.576494 -14.288043 nan nan nan -3.177559 -7.672106 9.813067 4.225769 -4.584393 7.958104 1.645035 -6.242756 -2.451061 0.545426 5.858610 5.919158 -0.349492 1.372577 14.403624 -25.656995 -3.413931 2.019021 -48.034197 -18.170920 11.330644 9.028516 -43.450023 -2.464974 -1.036789 -17.799360 -1.321983 27.700101 -0.420009 2.916270 52.782537 -5.280846 10.492049 -15.742386 22.230338 -5.234807 11.839014 11.010312 0.455337 
-215.539658 -173.079071 87.414986 -23.883824 -1.344194 85.464634 2.527154 3.071227 27.679080 -4.562067 -19.126771 11.932877 -0.615000 9.068195 -23.824539 nan nan nan -4.732184 -2.090671 -28.573641 2.497361 -9.380410 11.642598 2.554009 -9.616641 -14.466159 nan nan nan -2.909706 -8.016643 9.661962 4.298462 -4.540422 8.249849 1.594179 -6.335815 -2.464910 0.545093 5.956660 6.293882 -0.893434 1.299548 13.619039 -25.885406 -3.391218 2.024592 -48.157091 -18.071745 11.053586 9.351385 -43.595814 -2.816999 -1.029831 -17.542473 -1.287607 27.381148 -0.449930 2.846920 52.720340 -4.988578 9.851022 -14.876882 21.678349 -5.148830 11.714881 10.844823 0.739011 
-216.445679 -174.358994 87.270081 -23.760594 -1.236958 85.323359 2.703481 2.633413 28.302042 -4.783894 -19.240027 13.109963 -0.581382 9.003594 -23.562643 nan nan nan -4.741103 -1.851431 -28.803782 2.380041 -10.244191 14.058368 2.228339 -9.647455 -13.470565 nan nan nan -2.824918 -8.199808 9.460912 4.448654 -4.476184 8.488690 1.575596 -6.354513 -2.541219 0.445883 6.216426 6.270737 -0.874423 0.890436 13.733105 -26.094857 -3.363624 2.366649 -48.413300 -18.080293 10.905915 10.156105 -43.717296 -3.172615 -1.579537 -17.760468 -1.038395 27.964873 -0.230887 2.987722 52.399650 -5.364279 9.835015 -15.858182 21.381910 -5.609924 12.218878 10.778725 0.492147 
-217.360397 -175.637512 87.138695 -23.596785 -1.128982 85.279147 2.898330 2.127381 28.673534 -5.134672 -19.175202 14.538244 -0.667781 8.901900 -23.136440 nan nan nan -4.706137 -1.685395 -29.058865 2.160945 -10.999155 16.331064 1.635836 -9.866301 -11.490078 nan nan nan -2.700264 -8.531436 9.128653 4.564457 -4.363669 8.650004 1.448050 -6.271873 -2.520759 0.496098 6.306902 6.070544 -0.854690 0.709334 14.303882 -26.359431 -3.227614 2.670685 -48.510792 -18.146834 11.012966 10.617197 -43.771650 -3.129862 -1.715830 -17.921327 -1.210400 28.306818 -0.124579 3.029582 52.069707 -5.700251 10.211337 -16.063281 21.094395 -5.478050 12.221080 10.381354 -0.507031 
-218.219803 -176.877594 87.057350 -23.372367 -0.754494 85.218143 3.409079 1.733330 28.735433 -5.531873 -19.152007 16.461551 -1.053276 8.735458 -22.655911 nan nan nan -4.306334 -1.725610 -29.263341 1.824355 -11.475414 18.566329 0.984150 -9.891519 -9.863519 nan nan nan -3.217071 -9.557137 8.016131 5.370913 -4.930557 10.653491 1.871113 -5.031185 -2.765173 -0.012809 6.203872 6.214857 -1.310557 1.360331 13.485817 -27.471489 -3.639663 2.545601 -48.450021 -18.068261 10.971615 11.325483 -43.593540 -4.285192 -1.714120 -17.739047 -0.532965 27.880064 1.021334 3.323589 51.806612 -5.688014 9.599650 -16.010989 20.538066 -5.942383 12.356030 10.087351 -0.437660 
-219.230240 -178.097794 86.958069 -23.215282 -0.747825 85.477310 3.547038 1.247036 28.270143 -6.132165 -18.807078 18.678423 -1.204007 8.577951 -21.920498 nan nan nan -4.283050 -1.839149 -30.011794 1.769709 -11.503299 21.222534 0.259536 -9.929113 -9.097925 nan nan nan -2.247191 -8.905309 8.047149 5.092620 -4.494074 9.416706 1.303534 -6.097105 -2.918433 0.476694 6.180375 6.204029 -1.750922 0.945019 14.667855 -27.360381 -3.168622 2.966683 -48.351681 -17.792863 11.331898 10.887845 -43.728486 -3.821423 -1.710973 -17.375971 -0.814339 28.587270 -0.104584 2.964619 51.547191 -5.981393 9.906976 -16.058707 20.083311 -6.053138 12.256033 9.963646 -0.773524 
-220.196014 -179.313400 86.951363 -23.291750 -0.475655 85.709457 3.723869 0.865558 27.651296 -6.462949 -18.346509 21.262562 -1.425833 8.368433 -21.016454 nan nan nan -4.070867 -1.535742 -30.648270 1.955615 -11.049927 23.651347 -0.178985 -10.036937 -8.447182 nan nan nan -1.766255 -8.848373 7.347616 5.285564 -4.486465 10.080377 1.112140 -6.079555 -3.506043 0.405123 6.087267 6.403140 -1.927405 0.815118 14.623423 -27.757561 -3.053677 3.003779 -48.417602 -17.396791 11.671220 11.023253 -43.524869 -4.235892 -2.212911 -17.311650 -0.195231 28.966350 -0.203633 3.083732 50.985902 -6.229499 9.876881 -15.887351 20.085884 -6.625971 11.756435 10.441279 -0.280417 
-221.187653 -180.555298 86.996338 -23.354639 -0.020535 85.776399 4.119396 0.426044 27.107054 -6.910844 -17.524998 23.817102 -1.800728 8.198481 -19.645144 nan nan nan -3.694263 -0.915777 -30.791473 2.165121 -10.650833 25.577844 -0.749182 -10.090231 -8.186260 nan nan nan -1.248194 -8.981847 6.786391 5.496167 -4.408229 10.754127 1.029234 -5.947838 -3.940791 0.407186 6.014725 6.462874 -2.163368 0.779741 14.690068 -28.391447 -2.898245 3.071719 -48.409382 -17.088321 11.832485 11.239832 -43.349554 -4.318365 -2.953846 -17.504403 0.276475 29.187606 -0.135570 3.260700 50.552701 -6.222679 9.899831 -15.628650 19.499881 -6.597450 12.202540 9.871784 -0.072261 
-222.115051 -181.834961 87.089172 -23.561742 0.725625 85.500858 4.727313 -0.032918 26.953513 -7.249494 -16.465205 26.142879 -2.291215 8.056052 -17.808253 nan nan nan -3.032785 -0.252187 -30.462918 2.429194 -10.604179 27.335850 -1.225135 -10.016997 -8.018215 nan nan nan -1.392114 -9.936057 5.818840 6.239295 -4.779360 12.527064 1.345971 -4.561934 -3.786020 -0.168849 5.900042 6.334860 -2.286443 0.992448 14.305338 -29.503450 -3.420443 2.906973 -48.615410 -16.952120 11.810815 12.111750 -42.769247 -5.498260 -3.748359 -17.123025 1.050977 28.768881 1.196462 3.703641 50.379714 -6.067879 9.240947 -15.690135 18.865448 -7.220743 12.708398 9.528472 0.359665 
-223.168030 -183.117859 87.197968 -23.906740 0.833128 85.414245 4.780279 -0.492507 26.481376 -7.843725 -15.109183 28.561717 -2.873908 7.707745 -15.532394 nan nan nan -2.931754 0.363690 -30.325996 2.712053 -10.936036 29.158287 -2.010881 -10.007978 -8.189365 nan nan nan -0.092725 -8.977857 6.477849 5.636809 -3.878887 11.166167 0.791308 -5.776235 -4.374919 0.878739 6.002555 6.586226 -2.792610 0.399733 15.603847 -29.290739 -2.561193 3.315011 -48.778965 -16.594721 12.083259 11.424729 -42.750769 -4.326670 -3.631445 -16.710258 0.589354 29.533382 -0.156960 3.324172 50.156604 -6.322643 10.000280 -15.555161 18.417785 -6.795531 12.598495 9.116722 -0.020961 
-224.115250 -184.388885 87.336151 -24.393894 1.183687 84.993768 5.064875 -0.820962 26.036628 -8.528819 -13.619504 31.430991 -3.437438 7.188253 -13.124458 nan nan nan -2.497285 1.024496 -29.538038 2.881351 -11.426968 30.468103 -2.997910 -9.769556 -8.442413 nan nan nan 0.212303 -9.120224 6.409041 5.682950 -3.732793 11.644820 0.835395 -5.392855 -4.423560 0.991798 6.194268 6.948368 -3.117635 0.131937 15.135371 -29.562831 -2.496302 3.547567 -49.204600 -16.358066 11.898789 11.562056 -42.472124 -4.269629 -3.693244 -16.798013 0.676517 29.451474 0.269274 3.656825 50.261741 -6.138151 9.697704 -15.675808 17.976741 -6.784312 12.576283 9.141083 0.326140 
-225.040573 -185.630066 87.470253 -24.819188 1.401236 84.661701 5.232872 -1.061552 25.325558 -8.983444 -12.134571 34.371941 -3.686391 6.741633 -10.619372 nan nan nan -2.108959 1.435474 -28.705543 3.074385 -11.733636 31.499399 -3.874998 -9.588590 -8.978859 nan nan nan 0.521427 -9.087279 6.372098 5.611263 -3.679087 11.847603 0.748590 -5.072257 -4.374046 0.964175 6.215334 7.088652 -2.990432 -0.253604 15.064019 -29.708875 -2.414236 3.772776 -49.483395 -16.072348 11.713045 11.354341 -41.974341 -3.599276 -4.041580 -17.073812 0.859952 29.541280 0.513821 3.720288 50.329208 -5.988949 9.337888 -15.835819 17.607012 -6.931440 12.372278 9.496170 0.765414 
-225.933716 -186.795410 87.600182 -25.160486 1.455253 84.337224 5.188485 -1.290925 24.491127 -9.172078 -10.807890 37.091283 -3.899447 6.606256 -8.288192 nan nan nan -1.764059 1.623279 -27.741872 3.192177 -11.765530 32.229380 -4.583483 -9.587808 -9.661378 nan nan nan 0.772895 -8.760364 6.638198 5.436420 -3.676837 11.586807 0.698524 -4.974226 -4.190198 1.024045 6.044827 7.041791 -2.899959 -0.239402 15.207069 -29.739781 -2.311248 4.013153 -49.792324 -15.841291 11.476187 10.861165 -41.346944 -3.046386 -3.715909 -16.751088 0.217540 29.604700 0.584533 3.681218 50.349013 -5.713007 9.330324 -15.757924 17.263769 -7.174482 11.684837 9.669621 0.536204 
-226.813873 -187.909241 87.712875 -25.480661 1.342274 84.078318 4.930804 -1.544497 23.405824 -9.183705 -9.483579 39.762350 -4.088096 6.815797 -5.874832 nan nan nan -1.481397 1.719557 -26.727168 3.154471 -11.691032 32.685902 -5.314870 -9.594792 -10.178256 nan nan nan 0.834360 -8.256584 7.007815 5.241965 -3.698502 11.157061 0.705922 -4.928414 -4.046107 1.175442 5.710369 7.026581 -2.944996 -0.109097 15.353278 -29.641618 -2.258937 4.206736 -50.261361 -15.466682 11.431230 10.434250 -40.820433 -3.064770 -3.183286 -16.302092 -0.590935 29.358745 0.719750 3.569921 50.792655 -5.716772 9.586011 -15.793037 17.056134 -7.274456 11.510474 9.653054 0.175095 
-227.693909 -189.000153 87.818039 -25.734698 1.134416 83.849118 4.639022 -1.682358 22.194799 -9.133013 -8.377667 42.508174 -3.977949 7.178655 -3.960187 nan nan nan -1.194948 1.655038 -25.701199 2.940426 -11.458191 33.129808 -5.913465 -9.503682 -10.600084 nan nan nan 0.631992 -7.745735 7.226705 5.156518 -3.843727 11.094017 0.775896 -4.791437 -4.085161 1.171996 5.297844 7.195412 -2.931721 -0.084270 15.096137 -29.606229 -2.322309 4.319332 -50.613010 -14.988252 11.468207 10.129158 -40.477346 -3.073335 -3.350547 -16.202323 -0.622899 29.272940 0.985326 3.490074 51.122801 -5.670760 9.466846 -15.964381 16.760672 -7.446129 12.053226 9.651436 0.630999 
-228.587357 -190.051376 87.934097 -25.974619 0.974175 83.651798 4.389982 -1.931269 20.911326 -9.251848 -7.373751 45.319045 -3.553499 7.669795 -3.300933 nan nan nan -0.797777 1.571210 -24.659173 2.697756 -11.083336 33.487133 -6.411851 -9.547159 -11.206296 nan nan nan 0.533406 -7.172628 7.301273 5.042346 -3.901367 11.191150 0.801267 -4.764992 -4.102834 1.241757 5.085940 7.015402 -2.688781 -0.085739 15.330254 -29.705802 -2.510179 4.590750 -50.573273 -14.577678 11.357739 9.693663 -40.216591 -2.715617 -3.568251 -16.557584 -0.512795 29.348534 1.201613 3.548360 51.348279 -5.607772 9.321535 -16.107721 16.778467 -7.521327 12.176444 9.707050 0.831983 
-229.464859 -191.048447 88.090385 -26.146057 0.943960 83.509614 4.323332 -2.218998 19.441230 -9.302046 -6.218495 48.087439 -3.215732 8.225713 -3.584409 nan nan nan -0.306347 1.620570 -23.567898 2.448423 -10.814346 33.605047 -6.810730 -9.740694 -11.783121 nan nan nan 0.673021 -6.571466 7.348133 4.909677 -3.890031 11.285285 0.765217 -4.890215 -4.152898 1.419341 4.862062 7.066941 -2.585593 -0.215394 15.197412 -29.889115 -2.660859 4.804678 -50.404863 -14.208165 11.230180 9.093335 -39.746492 -2.182284 -3.961956 -16.665041 -0.236925 29.434386 1.360232 3.657650 51.569965 -5.604803 9.246260 -16.112014 17.090030 -7.613580 12.146372 9.584765 0.560915 
-230.297516 -192.042130 88.293251 -26.264550 1.022423 83.520205 4.437740 -2.428617 17.715408 -9.113686 -4.920737 50.689869 -3.107519 8.881970 -4.533279 nan nan nan 0.193236 1.778674 -22.494060 2.297141 -10.650651 33.435362 -7.087004 -9.999074 -12.243782 nan nan nan 0.896730 -6.092442 7.100523 4.873244 -3.960034 11.660333 0.621444 -4.863453 -4.345460 1.495163 4.618705 7.202587 -2.307626 -0.617586 15.122170 -29.973188 -2.815101 4.858463 -50.548777 -13.873728 11.366823 8.723188 -38.811966 -1.960630 -4.444204 -16.127707 0.207556 29.632391 1.512155 3.747601 51.710784 -5.682029 9.133969 -16.287450 17.625587 -7.883909 11.810075 9.678553 0.524596 
-231.109894 -193.022324 88.528366 -26.396550 1.160153 83.546251 4.605622 -2.735429 15.924873 -8.882137 -3.640661 53.121971 -2.949703 9.288265 -5.675560 nan nan nan 0.767481 1.832350 -21.362763 2.207976 -10.403922 33.082982 -7.364308 -10.221066 -12.645725 nan nan nan 1.117151 -5.611337 6.865750 4.942924 -4.100604 12.091555 0.554391 -4.789565 -4.592488 1.544920 4.487531 7.302656 -2.194822 -0.712401 15.049457 -30.159448 -2.952415 4.785455 -50.731714 -13.503466 11.590687 8.419886 -37.748347 -1.960368 -4.941067 -15.566570 0.595898 29.674988 1.684290 3.697858 51.752659 -5.635090 9.163035 -16.190147 17.944597 -7.949385 12.170349 9.759530 0.608066 
-231.891281 -194.001312 88.770409 -26.633099 1.207615 83.558085 4.657424 -2.988116 14.143169 -8.517966 -2.309130 55.256902 -2.558986 9.590736 -6.745120 nan nan nan 1.262903 1.696035 -20.152033 2.166973 -9.967528 32.557535 -7.551185 -10.245875 -12.951145 nan nan nan 1.282234 -5.049067 6.731436 4.951523 -4.250979 12.316129 0.463255 -4.650657 -4.721291 1.622973 4.223015 7.476448 -2.078441 -0.867828 14.842607 -30.340333 -2.919958 4.643417 -50.723522 -13.195579 11.750115 7.654461 -36.880689 -1.271405 -5.384172 -15.334279 1.046304 29.558312 1.834395 3.581503 51.916571 -5.655687 9.279059 -16.189459 18.534326 -8.027102 11.816895 10.059469 0.712884 
-232.669128 -195.008652 89.045555 -26.992655 1.201011 83.457485 4.688049 -3.080462 12.598367 -8.235447 -1.197386 56.903790 -2.158850 10.003263 -7.584167 nan nan nan 1.709982 1.437504 -18.741396 2.217341 -9.260074 31.897928 -7.690439 -10.265399 -13.174280 nan nan nan 1.443852 -4.483101 6.736049 4.857317 -4.298570 12.385130 0.336872 -4.400845 -4.730491 1.710210 3.747239 7.605857 -1.926691 -0.902870 14.804112 -30.491158 -2.711721 4.541535 -50.686133 -13.092014 11.743286 6.607748 -36.007394 -0.062877 -5.768637 -15.050423 1.357126 29.254842 1.797097 3.480460 52.130678 -5.460357 9.365361 -15.686282 18.961412 -7.724188 11.955093 9.871906 0.463309 
-233.454102 -196.024155 89.356064 -27.380422 1.060929 83.253285 4.536035 -3.123957 11.248963 -8.059488 -0.398382 58.188413 -1.873405 10.351742 -8.418623 nan nan nan 1.982026 1.154649 -17.172005 2.331436 -8.493585 31.147014 -7.680967 -10.269078 -13.495265 nan nan nan 1.490511 -3.956220 6.976391 4.649774 -4.280804 12.147607 0.210610 -4.168144 -4.661577 1.880713 3.275324 7.557866 -1.764620 -0.568589 15.345201 -30.582556 -2.447999 4.516249 -50.628502 -12.907301 11.579783 5.517134 -35.109630 1.175905 -5.626359 -14.976186 1.359579 28.842274 1.571565 3.480248 52.295366 -4.802729 9.229737 -14.467370 19.125110 -7.067313 11.203329 10.303174 0.846022 
-234.131104 -197.023956 89.668320 -27.977126 0.425512 83.373755 3.676889 -3.060330 9.456677 -7.986392 0.381314 59.428140 -1.383255 10.652701 -9.280182 nan nan nan 1.949356 0.514324 -15.993990 2.092559 -7.202764 30.348320 -7.417488 -10.127337 -13.685034 nan nan nan 1.030618 -3.176560 6.962837 4.542490 -4.454197 11.879215 0.074723 -3.837880 -4.695361 1.588555 2.642779 8.225488 -1.457045 -0.424919 14.884024 -30.717010 -2.204873 4.126316 -50.656902 -12.233236 11.957057 4.835468 -34.299826 1.577742 -5.509862 -15.022583 2.020346 29.037439 1.637301 3.394822 51.988204 -4.794960 9.378668 -14.023737 19.799380 -7.303842 9.658154 11.590145 1.888114 
-234.881912 -198.057587 89.998665 -28.406577 0.070767 83.284584 3.222765 -3.206614 7.924577 -8.111632 1.002837 60.419249 -1.186329 10.945275 -9.912571 nan nan nan 1.986675 0.299508 -14.444211 2.079540 -6.368853 29.375729 -7.075575 -10.187642 -13.847376 nan nan nan 0.795747 -2.585482 7.024688 4.395484 -4.536408 11.690506 0.021047 -3.606007 -4.639268 1.444950 2.246455 8.562368 -1.121162 -0.274862 14.726128 -30.841357 -2.008958 4.014265 -50.675527 -11.710316 12.108299 4.279578 -33.462399 2.271832 -5.597765 -14.919530 2.309768 29.001571 1.654072 3.363440 52.044003 -4.682176 9.470841 -13.767928 20.395865 -7.349263 9.012588 11.990551 2.061414 
-235.708527 -199.111908 90.336830 -28.781203 -0.012110 83.012242 3.144975 -3.374671 6.676374 -8.102059 1.608586 61.054462 -1.072307 11.174949 -10.426856 nan nan nan 2.088255 0.527901 -12.633362 2.290887 -6.106999 28.357148 -6.619526 -10.236290 -14.046788 nan nan nan 0.759236 -2.086426 7.202518 4.239263 -4.493018 11.538616 0.059628 -3.505850 -4.519776 1.412336 2.022670 8.998142 -0.860630 -0.164954 14.384472 -30.770792 -1.906891 4.108722 -51.018054 -11.209156 12.051326 4.096551 -32.578635 2.858040 -5.876028 -14.534973 2.432102 28.763087 1.773384 3.470259 52.361422 -4.469159 9.492445 -13.774328 21.085675 -7.321064 8.732483 12.189029 1.955479 
-236.543213 -200.171066 90.684761 -29.068929 0.001539 82.757137 3.223010 -3.448727 5.404307 -7.672009 2.483868 61.317797 -1.058287 11.316255 -10.856822 nan nan nan 2.147673 1.013717 -10.755638 2.617120 -6.328719 27.136517 -6.144990 -10.285492 -14.283352 nan nan nan 0.774716 -1.799471 7.466228 4.078975 -4.460194 11.313483 0.158480 -3.334668 -4.475246 1.354307 1.883975 9.606472 -0.851106 -0.141154 13.954559 -30.743808 -1.726148 4.181069 -51.364001 -10.550078 12.022906 4.047301 -31.869980 3.480006 -6.216165 -14.245237 2.529721 28.495872 1.862490 3.596102 52.619519 -4.310861 9.560524 -13.732559 21.988143 -7.046891 8.520364 12.381975 1.792215 
-237.412537 -201.194138 91.032417 -29.314133 0.407156 82.423982 3.905915 -3.567462 4.225891 -6.981142 3.759698 61.170121 -1.432340 11.427666 -11.356644 nan nan nan 2.464236 1.758146 -8.709754 3.316108 -7.007077 25.686708 -5.755663 -10.391459 -14.440636 nan nan nan 1.249712 -1.689754 7.911122 3.868064 -4.217242 10.887015 0.318087 -3.239382 -4.283832 1.547634 1.927014 9.883757 -1.313866 -0.352228 14.026071 -30.888409 -1.450297 4.449050 -51.587736 -10.199993 11.800115 4.083026 -31.201973 4.730786 -7.290312 -14.147440 2.256030 27.909646 1.718774 3.749232 53.193342 -3.767582 9.689566 -13.467694 22.351597 -5.953432 10.743272 11.018123 0.333616 
-238.370972 -202.241730 91.421814 -29.741814 0.999904 81.960381 4.843563 -3.806742 3.529872 -7.416601 4.229805 60.518914 -1.620175 11.455162 -11.820952 nan nan nan 2.790269 2.582963 -6.473636 4.391894 -7.896221 24.159343 -5.188450 -9.971237 -14.289749 nan nan nan 1.954912 -1.479994 8.407170 3.622799 -3.929152 10.493314 0.422201 -3.061731 -4.090071 1.519080 1.987116 10.276579 -1.168409 -0.660119 14.004917 -30.988206 -1.432440 4.954950 -51.786781 -9.872340 11.223640 3.967442 -30.344727 5.731679 -7.481240 -14.289795 1.661453 27.610143 1.694043 4.086295 53.575625 -3.401023 9.551060 -13.538937 23.338484 -5.371793 10.335434 11.439560 -0.436500 
-239.185913 -203.275787 91.809288 -30.198049 1.388628 81.556391 5.281698 -3.921783 2.692147 -7.772148 4.568934 59.816137 -1.524828 11.730346 -12.090386 nan nan nan 3.035247 3.244821 -4.517783 5.177067 -8.319614 22.851933 -4.823258 -9.591657 -13.929641 nan nan nan 2.536362 -1.312849 9.203131 3.371508 -3.718161 9.732140 0.481826 -2.822645 -3.883677 1.418656 1.789332 10.701904 -1.006598 -0.673113 13.823921 -31.019939 -1.382652 5.277893 -52.082696 -9.284779 11.045523 3.962469 -29.722187 6.478841 -7.548801 -14.183830 1.057324 27.224643 1.715271 4.229405 53.908082 -3.204487 9.571319 -13.520472 24.458799 -4.891214 9.892864 11.746200 -1.124063 
-240.183823 -204.361435 92.155334 -30.553554 1.834181 80.874419 5.913662 -3.872459 2.398436 -8.048247 4.625416 58.812460 -1.489047 11.638949 -12.425305 nan nan nan 3.571978 3.514854 -2.025574 5.965166 -8.468413 21.269665 -4.450902 -9.420966 -13.829088 nan nan nan 2.817849 -1.117365 9.890653 3.218383 -3.645462 9.408426 0.713101 -2.668033 -3.639029 1.422989 1.471947 11.277955 -1.121092 -0.606236 13.060355 -30.825804 -1.205913 5.474508 -52.504929 -8.683312 10.710697 3.830105 -29.276526 7.430573 -7.515400 -13.715985 0.688454 26.776684 1.767284 4.305193 54.304379 -2.913127 9.583027 -13.422940 25.609180 -4.146748 9.697991 11.777864 -1.256898 
-241.099213 -205.433105 92.493790 -31.056373 2.174318 80.271428 6.335075 -3.873724 2.070837 -8.148707 4.872302 57.475693 -1.587937 11.732435 -12.872185 nan nan nan 3.947329 4.019569 0.212402 6.855196 -8.369383 19.851962 -3.692691 -9.266717 -13.857729 nan nan nan 3.105577 -0.913351 10.633043 3.029571 -3.487975 9.094759 0.803142 -2.431433 -3.563330 1.484000 1.476793 11.267515 -0.744849 -0.552253 13.193927 -30.737772 -1.032119 5.690371 -52.767471 -8.152830 10.263796 3.652138 -28.672095 8.292262 -7.115534 -13.580154 0.368668 26.649603 1.809353 4.550312 54.471549 -2.598299 9.491663 -13.519761 26.896924 -3.586164 8.235432 12.597350 -0.709124 
-241.210739 -206.246933 92.485939 -32.809986 -0.535847 82.034154 2.816817 -3.348924 -1.741249 -7.235744 6.567935 57.502957 -0.429512 12.245149 -13.603855 nan nan nan 2.814327 0.188790 -1.610505 2.945828 -2.878597 20.955571 -4.931995 -8.671217 -14.699420 nan nan nan 0.901180 1.472931 8.280884 2.944309 -4.164331 10.634351 0.246272 -1.917875 -4.197760 1.310202 1.002609 10.640353 0.002225 0.007493 13.497918 -30.012315 -0.990484 4.321654 -53.595015 -7.112986 11.886103 4.143525 -27.259077 6.034875 -7.966779 -13.595977 2.356017 26.949106 2.186284 3.916670 54.305749 -2.636796 10.410945 -13.674005 27.344328 -5.241396 8.297120 13.557417 0.627887 
-241.838181 -207.178787 92.660538 -33.493625 -1.145277 82.353996 2.106085 -3.452962 -3.544487 -6.985558 7.302076 56.721238 -0.402501 12.197452 -14.602028 nan nan nan 2.534581 -0.666798 -0.767270 2.408503 -1.069053 20.238312 -4.775425 -8.640425 -14.820324 nan nan nan 0.404796 2.296429 7.482584 2.916380 -4.330064 11.476157 0.113992 -1.616142 -4.422980 1.262935 0.857794 10.403484 0.034720 0.002567 13.737136 -30.029720 -0.798375 3.888492 -53.698253 -6.541189 12.264129 4.021938 -26.156402 5.642143 -8.302097 -13.755619 3.054551 26.664007 2.068340 3.517101 54.545873 -2.320802 10.613439 -13.625628 28.104629 -5.675166 8.295663 13.827007 1.190580 
-242.511307 -208.123260 92.879601 -34.050955 -1.345609 82.577610 1.916162 -3.670473 -5.111344 -7.054023 7.737984 55.448918 -0.351889 12.202144 -15.463120 nan nan nan 2.180935 -0.544477 0.269915 2.768087 -0.235427 19.422837 -4.239887 -8.434640 -14.683924 nan nan nan 0.262160 2.765461 7.139362 2.878200 -4.368846 11.596238 0.035325 -1.403701 -4.440018 1.275774 0.887480 10.622179 -0.005159 -0.172383 13.634059 -30.207689 -0.428176 3.791671 -53.745924 -5.974883 12.316759 4.072439 -25.369425 5.575339 -8.552960 -13.733725 3.335273 26.524303 1.994350 3.495800 54.499946 -1.894399 10.757650 -13.556299 29.057444 -5.694759 8.052778 14.052977 1.263275 
-243.202438 -209.036942 93.097481 -34.652345 -1.484864 82.567103 1.823204 -3.778315 -6.344664 -7.173206 7.791754 53.891951 0.085635 12.410117 -15.821612 nan nan nan 2.036299 -0.587464 1.527046 2.792911 0.316585 18.613268 -3.874901 -8.105553 -14.387439 nan nan nan 0.138018 3.133975 6.883245 2.778465 -4.514837 12.061964 -0.059213 -1.070017 -4.386206 1.322990 0.915068 10.560127 0.015921 -0.090417 13.568716 -30.236093 -0.262783 3.675246 -53.825064 -5.414094 12.252641 4.190075 -24.776246 5.486747 -8.866846 -13.611030 3.427634 26.532327 2.245875 3.603242 54.378508 -1.380713 10.834919 -13.639222 30.184975 -5.819662 8.000671 14.281142 1.306752 
-243.872162 -209.939636 93.278702 -35.364545 -1.656319 82.529646 1.731512 -3.811368 -7.432272 -7.088423 7.995807 52.009267 0.579975 12.773527 -15.778192 nan nan nan 1.843016 -0.735880 2.626589 2.733711 0.423543 17.956056 -3.750299 -7.830223 -14.298509 nan nan nan 0.183760 3.655460 7.235755 2.501854 -4.353885 12.137567 -0.070776 -1.047450 -4.705542 1.364274 0.822559 10.112017 0.058639 0.230931 14.047311 -30.183802 0.205391 3.491282 -53.857981 -4.515888 12.319220 4.202341 -24.654453 5.755459 -9.018669 -13.520970 3.312851 26.422231 2.148428 3.504212 54.393008 -1.023422 11.117354 -13.647930 31.347741 -5.724982 7.966324 14.486484 1.213321 
-244.523743 -210.871826 93.416145 -36.159053 -1.786241 82.665075 1.735521 -3.831440 -8.525492 -6.810095 8.728047 49.857322 0.761599 13.196975 -15.965737 nan nan nan 1.660734 -0.781970 3.650659 2.716465 1.260244 17.412096 -3.387096 -7.444460 -14.410598 nan nan nan 0.434774 4.308377 7.241119 2.203352 -4.169092 12.123383 -0.240852 -1.102390 -4.818394 1.435803 0.812748 10.162400 0.150716 0.388880 13.969659 -30.065061 0.445194 3.606217 -53.913840 -3.652213 12.293245 4.302965 -24.387319 5.871459 -9.298267 -13.796396 3.672606 26.184014 2.126160 3.426916 54.593956 -0.695780 11.281029 -13.620483 32.395511 -5.624166 7.796037 14.902002 0.952671 
-245.186249 -211.824661 93.512016 -36.922116 -1.832538 82.803985 1.757123 -3.820933 -9.528245 -6.595963 9.154764 47.554157 1.029130 13.525100 -16.169491 nan nan nan 1.509576 -0.781319 4.759675 2.796010 1.849142 16.553585 -2.479013 -7.134425 -14.430880 nan nan nan 0.481463 4.673211 6.997177 2.079088 -4.112025 12.254529 -0.287799 -0.782120 -4.740896 1.294458 0.830503 10.284569 0.267732 0.585625 13.705550 -30.121419 0.544205 3.592003 -53.971798 -2.902176 12.348081 4.390834 -23.747853 6.210165 -9.647255 -14.205819 4.217573 25.858073 2.319660 3.461294 54.689183 -0.312688 11.319792 -13.624170 33.364949 -5.742582 7.577007 15.468438 0.759789 
-245.882629 -212.784210 93.610443 -37.545828 -1.951875 82.915796 1.664650 -3.895816 -10.521808 -6.395090 9.162446 45.233161 1.408570 13.649791 -16.052784 nan nan nan 1.370189 -0.802469 6.050439 2.655428 2.683192 15.399695 -1.512803 -6.771714 -14.296054 nan nan nan 0.450551 5.175556 6.887423 1.921022 -4.149115 12.226094 -0.247648 -0.706929 -4.702370 1.156884 0.875806 10.260250 0.302842 0.682708 13.760687 -30.193583 0.870768 3.437234 -54.047282 -2.241532 12.249107 4.511669 -23.170762 6.259228 -9.777702 -13.959981 4.166836 25.736752 2.232334 3.489583 54.617602 0.247651 11.499863 -13.648196 34.339696 -5.882630 7.223332 15.598136 0.721104 
-246.624710 -213.746368 93.701126 -38.162201 -1.962222 82.937571 1.750220 -3.822411 -11.190301 -6.206898 9.455968 42.497236 1.475262 14.059475 -16.439071 nan nan nan 1.362124 -0.639392 7.462479 2.586461 4.403160 14.844493 -0.404186 -6.365530 -14.260012 nan nan nan 0.593896 5.598850 6.836980 1.737770 -4.171484 12.430434 -0.374225 -0.536316 -4.807647 1.265820 0.971782 10.204909 0.324176 0.632813 13.532775 -30.023418 1.119959 3.424137 -54.322969 -1.704956 11.882675 4.799778 -22.718944 5.979989 -10.320161 -13.335775 3.977888 25.601341 2.212296 3.476662 54.742190 0.651988 11.702292 -13.897912 35.411805 -6.068163 6.897145 15.500076 0.576378 
-247.323471 -214.732269 93.763184 -38.789634 -1.973767 82.980413 1.802949 -3.601814 -11.859211 -6.100962 9.283636 39.523081 1.439784 14.331418 -16.973726 nan nan nan 1.056060 -0.981278 8.565558 2.696717 4.427841 13.878700 0.600147 -6.031461 -14.158617 nan nan nan 0.648920 6.036348 6.905242 1.597278 -4.050763 12.331241 -0.294177 -0.533458 -4.725426 1.101444 0.851348 10.347255 0.576776 0.824808 12.903481 -29.898591 1.379434 3.213754 -54.699913 -1.086658 11.726470 5.079237 -22.126507 5.929840 -11.053119 -12.925655 3.641444 25.208735 2.356478 3.375381 54.921994 1.007877 11.827266 -13.999428 36.318775 -6.083803 6.731057 15.723320 0.045728 
-247.963867 -215.677734 93.783722 -39.407666 -1.934604 83.203479 1.919337 -3.657817 -12.647028 -6.026418 9.093056 36.411531 1.381782 14.628338 -17.435804 nan nan nan 0.826904 -1.300659 9.382319 2.652982 5.067344 13.224947 1.354871 -5.414036 -13.862851 nan nan nan 0.731764 6.329696 6.811979 1.500123 -4.097044 12.124890 -0.300813 -0.295308 -4.553193 0.874007 0.747534 10.448481 0.770377 1.001026 12.520325 -29.858634 1.648280 2.927634 -54.831612 -0.486791 11.841211 5.041295 -21.535735 6.333536 -11.481994 -12.889934 3.479996 24.886304 2.476565 3.218055 54.960141 1.441486 12.041758 -14.059719 37.105980 -5.828863 6.866888 15.877496 -0.361745 
-248.614166 -216.592743 93.732826 -39.980146 -1.808940 83.494659 2.128786 -3.734408 -13.469977 -5.763915 8.911920 33.354635 1.665081 14.959128 -17.346019 nan nan nan 0.803412 -1.553111 10.277579 2.526048 6.183265 12.554649 1.523528 -5.094882 -13.896223 nan nan nan 0.893618 6.602263 6.470882 1.402757 -4.201544 12.304395 -0.395337 0.040113 -4.598020 0.743927 0.696908 10.143168 0.920849 0.978332 12.792656 -29.680835 1.886209 2.685442 -55.012095 0.001389 12.121458 4.959309 -20.974878 6.885925 -11.734224 -12.760659 3.555145 24.652503 2.435196 3.138422 54.998257 1.959317 12.221855 -14.290431 37.983665 -5.857769 7.054314 15.914486 -0.514325 
-249.267487 -217.537766 93.644600 -40.575092 -1.767819 83.712047 2.212479 -3.661307 -14.169108 -5.386056 8.802335 30.238479 2.120790 15.451477 -17.039420 nan nan nan 0.666432 -1.591711 11.280269 2.515436 7.153575 11.991650 1.485617 -5.053576 -14.278413 nan nan nan 1.010505 6.934289 6.343299 1.261081 -4.146111 12.162068 -0.404759 0.206596 -4.458788 0.615931 0.836411 9.801393 1.049623 0.945179 13.089990 -29.498220 2.147566 2.509434 -55.305924 0.540726 12.322014 5.035388 -20.459287 7.180999 -11.672346 -12.881695 3.553732 24.322881 2.308306 3.088807 55.090086 2.472498 12.428167 -14.400296 38.915065 -5.956750 6.644193 16.239421 -0.887710 
-249.944687 -218.551926 93.547394 -41.184379 -1.718257 83.750015 2.230386 -3.414937 -14.563457 -4.981761 8.585744 27.002984 2.368891 15.656098 -16.980342 nan nan nan 0.418339 -1.699733 12.465525 2.555076 7.436546 11.298133 1.929923 -4.860210 -14.564669 nan nan nan 1.240469 7.125869 6.387432 1.089460 -4.005452 12.134841 -0.483054 0.532318 -4.499678 0.357959 0.985212 9.941401 1.251724 1.036173 12.921122 -29.569427 2.149863 2.738068 -55.382480 1.432663 12.159670 5.299091 -20.499161 7.041953 -11.559714 -12.999214 3.746317 23.982620 2.348307 3.226061 55.232990 2.658206 12.360795 -14.601645 40.110619 -5.780295 5.934161 16.559710 -0.644105 
-250.517395 -219.519684 93.435646 -41.701077 -1.838056 84.208441 1.993616 -3.326082 -15.400802 -4.534305 8.244664 23.630050 2.444470 15.709546 -16.941360 nan nan nan 0.105684 -1.804238 13.000402 2.490536 7.016218 10.513418 2.388681 -5.042129 -14.930495 nan nan nan 1.249273 7.370198 6.084850 0.958079 -3.980710 12.171599 -0.514873 0.699978 -4.689505 0.364516 0.959071 9.901366 1.102673 1.179686 12.894381 -29.603327 2.349871 2.479372 -55.393179 2.258098 12.444176 5.337110 -20.230461 7.173158 -11.791450 -12.682478 4.047186 23.781419 2.473864 3.103428 55.229737 2.794101 12.544653 -14.898664 41.002803 -5.736923 5.379932 16.774997 0.008463 
-251.253265 -220.495361 93.270363 -42.161810 -1.651281 84.505175 2.196135 -2.863976 -15.833741 -4.286777 7.614261 19.993246 2.604521 15.347116 -16.746607 nan nan nan -0.012947 -2.185509 13.676928 2.607671 7.034146 10.090268 2.907395 -4.808641 -15.276908 nan nan nan 1.401602 7.618339 5.705323 0.918945 -3.933980 12.467905 -0.542386 0.796268 -4.959052 0.306257 1.187038 9.749851 1.138743 1.215381 13.211314 -29.531425 2.536808 2.377379 -55.383303 3.090388 12.584082 5.246130 -20.159818 7.573978 -11.778193 -12.569916 4.282314 23.652028 2.437921 3.149559 55.137533 3.224527 12.574070 -15.299292 41.945701 -5.757643 5.690005 16.700537 0.251860 
-251.938797 -221.507050 93.128586 -42.664318 -1.348205 84.650637 2.420677 -2.274535 -15.951706 -3.973110 6.864207 16.185080 2.768107 15.006924 -16.239470 nan nan nan -0.341411 -2.582137 14.388407 2.639436 7.961336 9.905837 3.244284 -3.410029 -14.891976 nan nan nan 1.830315 7.788987 5.607672 0.850760 -3.889161 12.703340 -0.657038 0.927935 -5.167451 0.157707 1.053535 9.740236 1.224007 1.304066 12.949003 -29.605145 2.693916 2.375563 -55.368230 3.786558 12.532537 5.221831 -20.051571 7.952722 -12.001359 -12.481336 4.462489 23.440113 2.378291 3.158600 54.932266 3.792531 12.482878 -15.702067 42.979457 -5.807573 7.077614 16.030397 0.166061 
-252.536255 -222.494263 92.894241 -43.185186 -1.246167 85.051122 2.425423 -1.835152 -16.534147 -3.570279 6.328648 12.776076 2.915002 14.840118 -15.696956 nan nan nan -0.559570 -2.825463 14.921088 2.422958 8.637604 9.542564 3.181739 -2.991512 -15.220853 nan nan nan 1.947390 7.907685 5.155344 0.789559 -3.921040 12.878079 -0.786420 1.157747 -5.178009 0.091669 0.989271 9.850878 1.273090 1.448844 12.432721 -29.429704 2.961457 2.200415 -55.583943 4.382514 12.644325 5.251523 -19.820264 8.082276 -12.441271 -12.498344 4.801938 23.185684 2.546991 3.078588 54.742937 4.154949 12.640712 -15.686174 43.646920 -5.323207 8.088461 15.766660 0.764760 
-253.171646 -223.472412 92.596245 -43.610842 -1.042409 85.354249 2.534218 -1.566094 -17.027468 -3.105133 5.903257 9.504329 3.050098 14.752016 -15.174852 nan nan nan -0.759575 -2.832296 15.517543 2.905281 8.626847 9.312293 4.115687 -3.155704 -15.803174 nan nan nan 2.088376 7.854170 4.904623 0.728616 -3.887089 12.745983 -0.778233 1.465469 -5.104857 -0.081347 1.233927 9.798480 1.351357 1.556705 12.545669 -29.206410 3.253360 2.133889 -55.809686 5.010531 12.957642 5.271135 -19.836858 8.582641 -12.532194 -12.489549 4.638528 22.783578 2.542885 3.091120 54.819575 4.661747 12.794856 -16.042521 44.413226 -5.870151 8.111070 15.554167 -0.656573 
-253.776245 -224.531158 92.269310 -44.311220 -0.978007 86.469407 2.319448 -0.974852 -18.338186 -2.937838 3.524944 6.537329 3.706393 16.997716 -15.749376 nan nan nan -1.785457 -3.554436 14.855623 4.069985 9.791462 10.042491 5.596071 -2.948183 -16.771161 nan nan nan 1.939862 8.409473 1.767758 0.998364 -4.135599 17.731062 -1.292514 2.281779 -8.336567 0.349936 -0.427371 10.529120 -0.212171 2.433916 12.286765 -28.731186 3.304949 3.514644 -57.596958 3.769753 14.747921 7.813221 -17.259461 6.534498 -14.344316 -14.436422 7.073681 22.000464 2.810938 3.743006 55.504050 4.136285 10.735452 -16.116013 46.117410 -5.969316 8.039440 16.368127 0.399090 
-254.428894 -225.516464 91.992096 -45.005389 -0.782138 86.845031 2.439389 -0.227586 -18.912208 -2.687757 3.026159 3.985258 3.565647 17.108830 -15.532043 nan nan nan -2.182069 -3.804652 15.153563 4.332924 10.272607 10.336793 6.032168 -2.518449 -17.049022 nan nan nan 2.258532 8.630594 1.214298 0.928551 -3.993525 18.526391 -1.582847 2.502335 -8.917703 0.550631 -0.579735 10.553718 -0.587322 2.496193 12.202700 -28.582403 3.549561 3.641066 -58.053454 4.182793 14.708548 8.500080 -16.984868 6.487139 -14.737708 -13.763323 7.505801 21.750425 2.890386 3.938938 55.775375 4.246801 10.554866 -16.515351 47.219596 -6.857923 6.970001 16.784351 -1.572918 
-255.069992 -226.520660 91.685936 -45.665089 -0.697426 87.216899 2.397809 0.597107 -19.599829 -2.532961 2.860375 1.970045 3.467796 17.109557 -15.386985 nan nan nan -2.632575 -3.808295 15.485166 4.373147 10.718372 10.418054 6.124895 -1.832237 -17.640449 nan nan nan 2.307383 8.827985 0.712487 0.904892 -3.834353 19.010485 -1.708069 2.602437 -9.356364 0.737628 -0.402083 10.612605 -0.724008 2.497550 12.324324 -28.535347 3.868821 3.673334 -58.291309 4.765282 14.415247 8.768928 -16.897970 6.810643 -14.962364 -13.495476 7.710513 21.642004 2.970331 4.353627 55.726517 4.624787 10.660609 -16.750432 47.816813 -6.889750 5.644972 17.593216 -2.061547 
-255.782028 -227.544586 91.349060 -46.120479 -0.477210 87.319926 2.538051 1.595455 -20.254851 -2.753321 2.579935 0.850207 3.632382 16.816922 -15.583393 nan nan nan -2.945110 -3.939663 16.162630 4.590640 11.121815 10.713498 6.383318 -1.424930 -17.999473 nan nan nan 2.420094 8.900757 0.505494 0.967029 -3.660950 19.038415 -1.730687 2.755138 -9.307615 1.154358 -0.384378 10.238224 -1.417377 2.733517 12.710327 -28.433865 4.014264 3.908152 -58.533279 4.954268 14.194829 8.761775 -16.559732 7.269476 -15.244784 -13.550499 7.349380 21.260026 2.950476 4.566218 55.864025 5.053117 10.563205 -17.111342 48.523913 -6.905027 5.417488 17.628673 -3.186401 
-256.509399 -228.578812 91.020935 -46.425314 -0.309531 87.396362 2.687531 2.148226 -20.927795 -2.989044 2.719875 0.246762 3.766647 16.460093 -15.716309 nan nan nan -3.190463 -3.976540 16.930629 4.604323 11.422242 10.731691 6.714757 -0.947521 -18.386759 nan nan nan 2.652193 8.974553 0.546536 0.856529 -3.567437 18.596866 -1.877887 2.853460 -8.753362 1.380131 -0.393637 9.987579 -1.124464 2.186017 12.715549 -28.252188 4.158180 3.680968 -58.560848 5.322140 14.364920 8.751442 -16.284084 7.602277 -15.311027 -14.034993 7.077664 21.210903 2.971225 4.153978 55.966600 5.080436 10.722248 -17.687864 49.098882 -6.909954 5.376992 17.830084 -3.323171 
-257.204895 -229.650253 90.693642 -47.013690 -0.235260 87.618109 2.823915 2.425989 -21.482490 -3.149910 2.988634 -0.423191 4.153257 16.309033 -15.255362 nan nan nan -3.557596 -4.005205 17.314854 4.476464 11.751632 11.034528 6.866251 -0.414015 -18.755073 nan nan nan 2.824206 9.157327 0.268836 0.737486 -3.420004 18.624154 -2.033995 3.039035 -8.489105 1.601853 -0.624395 9.623583 -1.215084 2.062230 12.651488 -28.319817 4.336745 3.370721 -58.384223 5.883258 14.494067 8.759493 -16.382114 7.956016 -15.043391 -13.948080 6.624898 21.222017 2.980672 3.919250 55.991865 5.124945 10.912891 -18.477485 49.765649 -7.438966 4.989537 17.813397 -3.402604 
-257.889862 -230.709869 90.359207 -47.629346 -0.140906 87.695974 3.066625 2.303100 -21.880472 -3.184058 3.391112 -0.675404 4.409262 16.667807 -14.992208 nan nan nan -3.884414 -3.930146 17.715223 4.398609 11.819799 11.623288 7.025926 -0.013189 -18.963360 nan nan nan 2.737114 9.427252 0.248244 0.813935 -3.457963 18.690365 -1.972437 3.028776 -8.802535 1.824930 -0.101201 9.785747 -1.293627 2.139713 12.834325 -28.193615 4.940640 3.125450 -58.768204 6.385859 14.610823 8.996543 -16.111985 8.005909 -14.494450 -13.966107 6.282009 21.057827 2.980521 3.940225 55.943286 5.425783 11.409819 -18.854832 50.056575 -7.874054 4.112859 18.164996 -4.089495 
-258.616455 -231.797989 90.041702 -48.280561 -0.097588 87.654866 3.325059 2.056591 -22.131041 -3.266462 3.595714 -0.442000 4.486238 16.972185 -15.584398 nan nan nan -4.392964 -3.956290 18.106400 4.522399 12.300131 12.670003 7.308395 0.278394 -19.133401 nan nan nan 2.974093 9.789523 0.259167 0.665771 -3.286481 18.792942 -2.220912 3.099856 -8.786084 2.094635 -0.290769 9.702833 -1.313325 2.062531 12.833826 -28.027158 4.972533 3.204678 -58.785166 6.691977 14.626079 9.002605 -15.998689 8.350380 -14.152905 -14.306996 5.512095 21.100065 3.103781 4.026802 56.070653 5.402675 11.239002 -19.447940 50.494155 -8.962729 3.911059 18.264206 -4.955295 
-259.358887 -232.881607 89.742126 -48.961863 -0.109920 87.592489 3.547005 1.913604 -22.519927 -3.465493 4.033501 0.535130 4.542334 16.868312 -16.163831 nan nan nan -4.813917 -3.763282 18.659835 4.419379 13.357016 13.489290 7.533363 0.610495 -19.444312 nan nan nan 3.168376 10.287344 0.425303 0.489772 -3.118437 18.593631 -2.539156 2.980142 -8.682539 2.766890 -0.272491 9.406609 -1.495476 1.744941 13.412099 -27.675798 5.172085 3.147372 -58.867546 7.028832 14.719628 9.044418 -15.801541 8.574250 -13.865224 -14.630128 5.076103 21.504398 3.153232 4.029459 56.019582 5.378340 11.439171 -20.175801 50.703259 -9.728965 2.983485 18.736826 -4.611978 
-260.119507 -233.944290 89.478729 -49.441723 -0.218487 87.428652 3.646493 1.704481 -22.911478 -3.732724 4.402625 2.075973 4.565241 16.876345 -16.469630 nan nan nan -5.411833 -3.788990 19.101991 4.582798 13.465162 14.554689 7.645556 0.788227 -19.481420 nan nan nan 3.079546 10.673977 0.718148 0.366669 -3.022979 18.362925 -2.691930 2.954851 -8.648178 3.233346 -0.340233 9.256112 -1.566053 1.601562 13.757512 -27.460317 5.319142 3.201053 -58.746058 7.135185 14.826650 8.961315 -15.469063 8.660377 -14.274710 -14.510039 4.954993 21.826179 3.112285 3.918218 56.101600 5.330422 11.476938 -20.935866 50.820605 -10.871016 3.113297 18.557024 -4.924888 
-260.830536 -235.029251 89.213417 -49.653434 -0.311142 87.325196 3.697593 1.207278 -23.449615 -3.987731 4.393724 3.877709 4.378887 16.796643 -16.916961 nan nan nan -5.806181 -3.587694 19.562032 4.610353 13.571629 15.545594 7.700582 0.953172 -19.612401 nan nan nan 2.669869 10.696762 0.784494 0.446182 -3.168058 18.320135 -2.583414 3.159182 -8.634428 3.242314 -0.410667 9.163743 -1.469418 1.855142 13.779395 -27.652503 5.636089 3.171265 -58.499358 7.169650 14.846085 8.892380 -15.235842 8.785655 -14.624089 -14.507004 5.010256 21.977660 3.099015 4.063953 56.010785 5.552236 11.359667 -21.476762 50.937144 -11.535740 2.858170 18.872461 -4.666024 
-261.510956 -236.147995 88.960411 -49.778562 -0.534848 87.287350 3.644638 0.218442 -23.931926 -4.148340 4.039253 5.815347 4.564594 16.968956 -17.071040 nan nan nan -6.196551 -3.160313 19.986363 4.558454 13.924304 16.597711 7.822076 0.975067 -19.696945 nan nan nan 2.242847 10.998218 0.784781 0.521619 -3.284630 18.603285 -2.432135 2.850260 -8.979640 3.111599 -0.556587 9.100905 -1.352500 2.233790 13.766502 -27.844291 6.107490 2.968702 -58.227355 7.432232 15.112337 8.855171 -15.229881 9.108554 -15.006667 -14.327301 4.730850 22.126247 2.851981 3.885274 55.881423 5.658544 11.907357 -21.919012 50.864719 -11.780070 3.068065 18.576843 -4.775751 
-262.171967 -237.308655 88.710472 -49.957621 -0.841119 87.156307 3.581831 -0.834322 -24.284544 -4.484454 3.688782 7.910822 4.769483 16.804454 -16.905756 nan nan nan -6.953127 -3.018290 20.164209 4.685039 13.616968 18.159018 8.420992 1.342759 -19.119404 nan nan nan 1.586903 11.059478 0.597891 0.602986 -3.535600 18.983520 -2.251085 3.157440 -9.095214 2.825937 -0.920925 9.012543 -1.054253 2.633975 13.884984 -27.978684 5.989737 2.876250 -58.403077 7.758921 15.302794 9.166139 -14.996449 9.147833 -14.997193 -14.365068 4.010634 22.144291 2.986596 3.936136 55.728792 5.622731 11.981550 -22.473923 50.811169 -12.331304 2.848373 18.467868 -4.577163 
-262.953094 -238.507904 88.514442 -50.208729 -1.182246 87.077041 3.383128 -1.200842 -24.727555 -4.920526 4.332562 10.127270 5.265996 16.297169 -15.401089 nan nan nan -7.650109 -2.789252 20.258702 4.750928 13.601540 19.858707 8.139143 1.550749 -18.798076 nan nan nan 1.386652 11.113941 1.115774 0.355117 -3.598610 18.066798 -2.506572 3.157695 -9.065887 2.847560 -1.032780 9.367430 -0.681119 2.982160 14.024717 -27.872849 6.493641 2.881038 -58.000631 8.144742 15.401808 9.170821 -14.851164 9.537600 -14.701461 -14.441645 3.139276 22.682633 2.516438 4.223300 55.790503 5.787238 12.255789 -22.599723 50.597954 -12.538486 2.772702 18.433596 -4.404916 
-263.805969 -239.674438 88.333855 -50.031294 -1.548568 87.136043 2.973088 -1.303907 -25.675304 -5.218079 5.377619 12.846865 6.137608 15.519114 -13.323676 nan nan nan -8.115869 -2.569078 20.216154 4.800148 13.211850 21.608188 8.322780 1.721214 -17.923566 nan nan nan 0.409770 11.228891 0.385824 0.555178 -3.868822 18.992003 -2.408569 3.141402 -9.635989 2.720911 -1.479158 9.796247 -0.324331 3.360630 13.649208 -28.043917 6.335210 3.012077 -57.638157 8.427910 15.601140 9.156974 -14.696416 9.309980 -16.109303 -13.465033 1.632714 22.969267 2.495353 4.272195 55.751000 5.593526 12.628436 -23.193231 50.286000 -13.730262 2.599238 18.162477 -4.475145 
-264.654846 -240.981400 88.164963 -49.946010 -1.671803 87.246110 2.813184 -1.283988 -26.659349 -5.560504 5.870219 15.685646 6.394687 14.394365 -12.332856 nan nan nan -8.477932 -2.230291 20.028680 4.992471 12.459074 23.355798 8.674015 2.127084 -16.826466 nan nan nan -0.125237 11.136896 -0.384109 0.763994 -3.952272 19.645343 -2.403452 3.058608 -10.015912 2.872333 -1.500508 10.068183 -0.287228 3.347737 13.693952 -28.458660 6.491387 3.128169 -57.282295 8.486193 15.589204 9.462990 -14.538477 8.680028 -15.600660 -13.265014 2.207434 23.330547 2.369840 4.220062 55.579159 5.373057 12.868278 -23.535773 49.969117 -14.183731 2.413220 18.108875 -4.292173 
-265.336548 -242.312302 87.968086 -49.991623 -1.719819 87.518460 2.731803 -1.621576 -27.717683 -5.613358 6.192938 18.361383 6.974776 13.986440 -11.511228 nan nan nan -8.663619 -1.754299 19.224354 4.980575 11.655993 25.659673 8.521001 2.445214 -15.952883 nan nan nan -0.057793 11.048975 -1.002807 0.742002 -3.900473 19.829505 -2.657219 2.991657 -10.086421 2.930154 -1.429827 9.892536 -0.215759 3.374430 14.088864 -28.329683 6.372930 3.265304 -57.380033 8.638072 15.629490 9.299491 -14.212072 9.157823 -17.034837 -12.708885 2.351439 23.543444 2.143805 4.247243 55.500624 5.264693 12.776896 -23.539703 49.687362 -14.228664 3.071965 17.709861 -3.605782 
-266.133606 -243.504349 87.811172 -49.299472 -2.203694 87.787497 2.312516 -2.652571 -28.590181 -5.800584 6.450777 20.604809 7.667442 14.070483 -10.314694 nan nan nan -9.494394 -1.838453 18.320679 5.389462 10.236605 28.299386 8.432543 2.825995 -14.220122 nan nan nan -0.915035 10.921020 -1.190435 0.756643 -4.267089 19.432877 -2.724380 2.713372 -10.438065 2.883309 -1.463338 10.147805 0.187171 3.663103 14.140639 -27.778833 6.574545 3.564417 -57.270894 8.759809 16.007243 8.798212 -13.892630 10.135838 -16.847826 -12.931936 1.627004 24.109006 1.656217 4.420801 55.546432 5.195386 13.230695 -23.475651 48.990375 -14.358972 2.763778 17.662741 -3.524676 
-266.809845 -244.842499 87.746773 -49.534890 -2.281778 87.804564 2.296115 -2.947565 -28.877273 -5.959655 7.242316 22.641356 8.229328 13.978490 -9.898056 nan nan nan -9.635041 -1.258489 17.481193 5.316861 9.666356 30.806657 9.008646 2.772565 -11.776915 nan nan nan -0.912026 10.299927 -1.408865 0.661451 -4.349243 18.573858 -3.006579 3.252395 -9.037444 3.134365 -1.813941 9.968847 0.685841 3.339141 14.939857 -28.274719 6.600279 2.569103 -56.713751 8.922128 16.475540 8.708977 -13.626412 9.523278 -15.740528 -12.879902 0.847727 24.786415 1.908060 4.112561 54.860112 5.181747 13.248545 -22.987093 48.601770 -14.945562 2.230773 17.292892 -3.443549 
-267.500305 -246.142654 87.719711 -49.403432 -2.759122 87.870237 1.937161 -3.455500 -29.203806 -6.511929 8.298179 24.557853 8.507644 13.616387 -9.682085 nan nan nan -10.174756 -0.802334 16.512094 5.169464 8.786619 33.464000 9.521476 2.948847 -9.347200 nan nan nan -1.371176 10.335908 -1.641159 0.608121 -4.249268 18.705441 -3.138901 2.891802 -9.236643 3.365261 -1.928145 10.066862 0.747120 3.403812 15.224210 -28.421006 6.563340 2.724130 -56.524380 8.547138 16.446088 9.117616 -13.331611 8.597617 -14.868098 -13.027139 0.674432 25.291849 1.628424 4.128079 54.738829 5.073075 13.186493 -22.760340 48.030972 -15.117385 2.312424 17.041874 -2.945985 
-268.266632 -247.413620 87.763931 -48.898649 -3.300599 87.543516 1.438984 -4.256397 -28.748699 -7.354183 8.632050 25.796214 9.210238 13.429377 -9.766431 nan nan nan -10.862584 -0.792024 15.856753 5.142378 7.684430 36.103011 9.549721 2.981192 -6.277477 nan nan nan -2.073307 10.255354 -1.435598 0.714701 -4.431683 18.779421 -3.194449 2.631797 -9.541182 3.412504 -2.152206 10.284051 0.726373 3.614728 15.495947 -28.320712 6.389098 3.123318 -56.676231 8.095536 16.465214 9.468534 -12.745822 8.411868 -15.439952 -12.832690 0.502791 25.640833 1.440868 4.222060 54.913407 4.864486 13.248305 -22.977271 47.153966 -15.360257 3.028577 16.591683 -2.311649 
-269.097687 -248.686188 87.841843 -48.807617 -3.809853 86.912167 0.807459 -4.674182 -27.663127 -7.957227 8.696828 26.757007 10.437929 13.642805 -10.188523 nan nan nan -11.415529 -0.550752 15.511287 4.847147 7.160900 38.736792 9.828733 3.051344 -3.508745 nan nan nan -2.856333 10.321124 -1.390164 0.962704 -4.226507 19.885364 -3.078816 2.381483 -10.268874 3.402582 -2.256517 10.587378 0.504986 3.672225 15.294224 -28.279849 5.713886 3.443348 -56.851401 7.895425 16.725248 9.444465 -12.180753 8.793005 -16.922581 -12.445428 0.593753 25.783710 1.450901 4.102785 55.093586 4.425127 13.279838 -23.148121 46.248504 -15.687552 3.379296 16.235425 -1.835277 
-269.884430 -249.876755 87.887909 -48.650935 -3.992161 86.401942 0.280651 -4.996872 -27.181843 -8.129291 8.384852 28.685891 11.216713 14.090465 -11.125936 nan nan nan -11.478238 -0.427059 14.900057 4.589827 6.897021 41.612978 10.056838 2.746677 -1.105336 nan nan nan -2.939122 10.185499 -0.949454 0.914560 -4.145842 19.423309 -3.155709 2.247591 -9.819801 3.396510 -2.308191 10.751658 0.453743 3.699269 15.087069 -28.215347 5.138626 3.453938 -56.653049 7.868471 16.789801 9.115243 -12.071605 9.389761 -16.336973 -12.733293 0.726076 25.994055 1.622872 3.945543 55.231318 3.967473 13.000517 -22.388883 45.429116 -15.263729 2.712258 16.191079 -1.941878 
-270.563446 -250.983063 87.940346 -48.421089 -4.204758 86.271926 -0.331979 -5.462130 -26.415329 -8.094275 8.390081 29.039404 12.239969 14.280248 -11.652960 nan nan nan -11.477195 -0.105892 13.439531 4.387876 6.311586 44.886232 10.391800 2.207289 1.473516 nan nan nan -3.330210 9.696602 -0.789039 1.025836 -4.053377 18.974589 -3.212473 2.238910 -9.453683 3.639683 -2.197897 10.597205 0.381751 3.670559 15.377852 -28.136776 4.857654 3.257694 -56.619773 7.694763 16.803385 9.219523 -12.180897 9.190347 -14.045547 -13.430731 1.213411 26.166009 1.750845 3.862158 55.230670 3.772281 13.016485 -21.569116 44.475110 -14.772307 2.056331 16.183575 -1.753258 
-271.266968 -252.059723 87.999931 -48.241213 -4.153620 86.029991 -0.592344 -5.728075 -25.746061 -8.088600 8.732287 29.712460 12.696746 14.427345 -12.132643 nan nan nan -11.223470 0.101641 11.824165 4.578935 6.047714 48.408785 8.410626 1.171283 2.853619 nan nan nan -3.273398 9.254613 -0.305256 1.124719 -3.932047 18.162624 -3.362082 2.169963 -8.923970 3.909853 -1.960792 10.533669 0.002061 3.593844 15.504640 -27.869331 4.710069 3.347992 -56.881084 7.098392 16.460889 9.352682 -12.075791 8.877454 -14.412656 -13.294420 1.276037 26.358446 1.654817 3.844350 55.282539 3.814219 13.004174 -20.984064 43.493952 -13.778977 2.593269 15.490701 -1.326768 
-271.962585 -253.134323 88.087128 -48.194247 -4.231211 85.749691 -1.064526 -5.847214 -24.803698 -7.981706 8.887832 30.017795 13.130873 14.502057 -12.551218 nan nan nan -11.472728 0.215714 10.209099 4.292412 5.193822 51.383229 8.338755 0.208297 6.033765 nan nan nan -3.393503 8.852621 0.020929 1.222377 -3.770595 18.027873 -3.513995 2.188943 -8.982720 3.892216 -1.787888 10.958282 -0.286462 3.634850 15.250769 -27.625565 4.215191 3.606996 -57.230166 6.766210 16.372756 9.690782 -12.104801 8.464948 -14.366377 -13.051507 1.284639 26.624830 1.894903 4.076600 55.487501 3.632846 13.014525 -21.094044 42.304215 -13.758813 2.759048 15.125190 -1.351447 
-272.686096 -254.174942 88.212502 -47.739661 -4.316388 85.497539 -1.721687 -6.041313 -23.660683 -7.813128 8.547240 29.942905 13.601124 14.429704 -12.964165 nan nan nan -11.794748 0.055562 8.828636 3.764779 3.701230 53.649622 11.388909 -0.688847 10.358813 nan nan nan -3.770919 8.412912 0.232679 1.446624 -3.896190 18.342460 -3.655025 2.052866 -9.168783 4.392622 -1.631614 10.758442 -0.157597 3.258254 15.235006 -27.334125 3.821034 3.192932 -57.383510 6.558634 16.790641 9.707097 -12.139078 7.861444 -14.379606 -12.869463 1.368042 26.898315 2.349299 3.766119 55.525198 3.093439 13.341050 -20.798423 41.153220 -14.227541 2.853520 14.926534 -1.267151 
-273.315308 -255.270493 88.379219 -47.709843 -4.382474 85.112376 -2.266375 -5.988627 -22.183167 -8.070086 8.088613 29.511065 13.662452 14.867474 -13.240416 nan nan nan -12.234831 0.038002 7.172340 3.226282 3.047485 56.493539 9.604483 -1.448175 10.504882 nan nan nan -3.673477 7.951435 1.011256 1.453911 -3.651819 17.794179 -3.676665 2.019733 -8.988393 4.273106 -1.725256 10.904280 -0.320287 3.471465 14.960380 -27.381295 3.629301 3.215193 -57.524667 5.886092 16.790427 9.837226 -12.158554 7.443572 -14.447145 -12.709630 1.336908 26.784332 2.229396 3.643569 55.738779 3.053847 13.362315 -20.332583 40.171671 -13.384915 3.638916 14.360005 -0.953195 
-274.098999 -256.433563 88.618469 -47.921962 -4.505063 84.213058 -2.948410 -5.521877 -19.626550 -8.110773 7.757841 28.485043 13.698647 14.969052 -13.668183 nan nan nan -14.086779 -0.474476 6.559288 3.223366 1.273751 58.099749 9.173110 -1.382551 10.966936 nan nan nan -3.864391 7.552082 2.195939 1.662084 -3.619904 17.468094 -3.439737 1.639859 -9.155132 4.529875 -0.839226 11.541081 -1.333907 3.501245 14.443128 -27.331124 4.426621 2.664633 -57.977161 5.441125 17.174754 10.147220 -12.183297 6.467772 -14.474433 -12.719044 1.999332 26.365885 2.523616 3.478539 56.054326 3.141706 14.697815 -20.037172 38.433181 -12.865015 3.907129 14.275673 -1.062467 
-274.769623 -257.518402 88.846390 -48.097774 -4.600115 83.571828 -3.614443 -5.411805 -17.316102 -8.041755 7.374779 27.157996 13.665306 15.237268 -13.347520 nan nan nan -14.869071 -0.207492 4.691162 2.566067 -0.049064 60.655719 9.358191 -1.399332 11.743826 nan nan nan -4.004692 7.302587 2.855067 1.847635 -3.201209 18.215100 -3.289197 1.279439 -9.910731 4.817428 -0.557594 11.904668 -1.687372 3.359427 14.106008 -27.278312 4.428720 2.124072 -58.350018 4.995030 18.053751 10.511524 -12.122604 5.639428 -14.893687 -12.961760 2.116535 26.213470 2.455288 3.204940 56.232415 3.066928 15.580591 -19.970721 36.911260 -12.768419 4.362496 14.209164 -0.869048 
-275.335846 -258.126465 88.919067 -47.441105 -4.243132 83.794135 -3.327291 -5.241084 -17.467216 -8.687405 6.626229 27.974413 13.475889 15.724114 -13.960378 nan nan nan -10.229315 0.237108 3.896147 1.409171 3.012959 62.053068 6.499756 -5.086544 6.737831 nan nan nan -4.034995 6.665631 3.175090 1.604517 -3.500655 16.028406 -2.972110 1.736029 -7.679651 4.516500 -0.835751 10.314072 -0.960211 3.798753 15.438203 -27.036318 3.555231 1.134632 -57.937325 4.931825 17.339478 9.743573 -12.917396 6.662367 -13.846910 -12.559293 1.434924 26.489727 2.560705 2.531375 55.933602 3.076293 14.883288 -18.071896 35.888689 -11.058206 4.353178 13.544425 -1.032404 
-275.841492 -259.253662 89.292702 -47.064947 -4.981007 83.363762 -5.117498 -5.377127 -15.514223 -8.331274 5.798877 26.829507 13.817460 16.321208 -13.760025 nan nan nan -10.595391 0.607817 2.947390 0.848901 2.829851 63.188546 5.595193 -6.032790 5.646764 nan nan nan -4.220694 6.186630 3.616129 1.123800 -3.278880 16.665425 -3.294557 1.933502 -8.499823 3.822935 -1.589950 10.904946 -0.378415 4.381280 15.142653 -27.351223 2.527533 1.497280 -56.855872 4.610536 17.479795 9.360041 -13.535553 6.842617 -13.890750 -12.896145 1.218224 26.996137 2.380774 3.031158 55.948505 2.870514 14.311971 -17.593543 34.750627 -11.174632 5.508799 13.236916 -0.330114 
-276.508942 -260.150330 89.566147 -46.547932 -4.465137 83.149625 -5.175476 -4.820158 -14.312477 -8.410197 4.590727 26.555409 13.441161 16.721233 -14.255676 nan nan nan -9.919015 0.568437 1.658350 0.573171 1.940973 64.255029 4.745176 -6.679783 4.452825 nan nan nan -3.914841 4.994518 3.636151 1.295498 -3.419252 16.489195 -3.237213 2.219762 -7.805790 2.753192 -1.796024 11.529551 0.097465 4.805565 13.547802 -28.233687 2.423293 1.739914 -55.669225 3.898856 16.830228 8.914191 -15.283099 6.446362 -13.119896 -12.479787 1.728299 26.783388 2.924552 3.145394 55.930868 2.886396 13.771310 -16.606121 33.963032 -10.225096 5.339903 13.095511 -0.631588 
-277.030151 -261.107758 89.933372 -45.876860 -4.166907 82.976429 -5.673795 -4.717658 -12.951949 -8.244932 3.257385 25.788480 13.247376 17.202702 -14.328398 nan nan nan -9.421864 0.661952 0.372241 0.089413 1.110435 64.933669 4.114588 -7.255492 3.317580 nan nan nan -3.914079 3.989597 3.314488 1.584114 -3.796547 17.655988 -2.902406 2.389929 -8.253862 1.227406 -2.203209 12.206450 0.441720 5.688495 12.562574 -28.928863 1.415811 2.686010 -55.557437 2.911023 16.255774 8.913098 -15.709453 5.112520 -12.456321 -12.568449 1.568093 26.194432 3.672932 3.609313 55.989610 2.909321 13.297919 -16.180814 32.935257 -9.495906 5.841324 13.069369 -0.938698 
-277.535156 -262.015472 90.214439 -45.291494 -3.763982 82.988892 -5.849442 -4.716102 -11.905454 -8.167495 2.246470 25.161925 13.048968 17.627951 -14.352803 nan nan nan -8.998649 0.190052 -1.277777 -0.214861 0.717951 65.620066 3.736163 -7.683326 2.080744 nan nan nan -4.022112 2.983221 2.327692 1.855425 -4.396326 18.546077 -2.271348 2.832352 -7.417845 -0.501321 -2.549831 12.076671 1.068600 7.131789 11.757303 -29.609581 -0.298696 3.607969 -55.807612 2.160780 15.319735 9.276816 -16.523776 3.464167 -11.684998 -12.675040 1.070457 25.306364 5.023506 4.011985 56.055144 3.043241 12.181773 -15.681830 32.002160 -8.892263 6.890252 12.636820 -0.551783 
-278.344482 -263.018860 90.592216 -44.694868 -3.454102 82.624189 -6.022242 -4.374975 -10.117826 -8.050800 1.240854 24.351861 12.841183 17.774600 -14.612643 nan nan nan -8.324327 0.561444 -1.976819 -0.402336 -0.131206 65.580133 3.372996 -8.463197 0.910707 nan nan nan -3.979653 2.134049 3.489647 2.075225 -4.353668 17.113372 -2.196698 2.759291 -7.498473 -0.106328 -2.047750 12.507967 0.872019 6.766404 12.361101 -29.283288 0.817324 2.916254 -55.842697 1.407726 15.564570 9.076100 -16.537335 3.748991 -12.235345 -13.183897 1.931548 25.506069 4.232056 4.018694 56.119575 2.655914 12.598752 -15.237854 30.874086 -8.064318 7.791948 12.651703 -0.033060 
-278.997009 -263.970459 90.858971 -43.891711 -3.362432 82.631446 -6.412705 -4.189994 -9.067119 -7.795960 0.657520 23.855630 12.562492 17.466386 -14.978780 nan nan nan -7.847289 0.298015 -3.217236 -1.448224 -0.898880 65.699688 2.834010 -8.863798 -0.747518 nan nan nan -3.321914 2.148952 4.925847 1.855929 -3.976036 14.216067 -2.481905 1.605843 -6.956909 0.884562 -1.589631 12.843105 0.571416 5.945414 13.367361 -28.325728 1.802313 2.121120 -56.127955 0.723775 15.937020 9.026277 -16.178882 4.505634 -13.040681 -14.030942 3.507088 25.954706 2.944641 3.550694 56.383570 1.877037 13.261372 -14.821267 29.755340 -7.092622 9.018426 12.704568 0.592998 
-279.677002 -264.920013 91.230614 -43.060818 -3.130997 82.566343 -6.549764 -4.266756 -7.614868 -7.782577 -0.183398 22.735687 11.833852 17.455720 -15.001447 nan nan nan -7.384847 0.440472 -4.300036 -1.457058 -1.792529 65.285104 2.521921 -9.661706 -1.908793 nan nan nan -2.287422 1.994714 6.047540 1.594504 -3.609810 12.476725 -3.028562 0.639507 -6.549290 1.349370 -1.198984 12.828914 0.843585 4.775244 13.448142 -27.290483 3.471664 1.359069 -56.507606 -1.073726 16.184738 8.896969 -16.238179 4.251534 -14.064399 -13.430491 6.755240 26.367404 1.249513 2.912054 56.639115 1.752112 13.886511 -14.351436 28.829179 -6.094420 10.057433 12.303787 1.200232 
-280.033234 -266.023254 91.336662 -41.741844 -2.366000 83.239388 -6.504797 -4.731522 -7.451309 -7.353485 -1.183941 22.265578 11.361242 17.478404 -14.757990 nan nan nan -7.108123 -0.089871 -6.413308 -0.938223 -2.800986 64.975209 2.303395 -10.119743 -3.066072 nan nan nan -0.677511 1.056947 5.703582 1.403036 -4.056512 11.287480 -3.528015 0.445941 -5.837844 0.900645 -1.603358 12.784998 1.088797 5.097971 13.603657 -27.331709 4.129280 1.206545 -56.629720 -1.651473 15.572287 9.636918 -18.864312 3.151736 -14.316699 -12.222251 6.746084 25.808526 0.574446 3.117402 56.907534 1.624558 13.483535 -13.902197 28.767449 -4.978951 11.168477 11.419122 1.391935 
-280.670654 -266.951141 91.586174 -41.276633 -2.087618 83.210382 -6.495745 -4.443480 -6.017187 -7.316145 -2.313749 21.032964 11.206915 17.684965 -14.422626 nan nan nan -6.797859 -0.376999 -7.716690 -0.565756 -2.818209 64.385146 1.998885 -10.375597 -4.057537 nan nan nan -0.388134 0.603443 5.656780 1.376412 -4.029379 11.380504 -3.395917 0.276984 -5.938354 0.509809 -1.750391 13.353208 0.993209 5.431457 13.139558 -27.514976 4.151209 1.589649 -55.696632 -1.499603 15.205135 9.271086 -22.100462 3.052938 -13.717318 -12.641344 8.521818 25.618886 0.312337 3.297740 56.968249 1.294375 13.234164 -13.495121 28.334506 -4.379550 11.434748 11.397335 1.380752 
-281.130524 -267.813843 91.874809 -40.421245 -1.860811 83.327712 -6.674665 -4.423686 -5.116804 -7.044142 -3.032381 20.367314 10.666973 17.321938 -14.255084 nan nan nan -6.696592 -0.455358 -9.179476 -0.292544 -3.270032 63.800010 2.010231 -10.291331 -5.140332 nan nan nan 0.033411 -0.088001 6.249702 1.285023 -4.147388 10.292139 -3.381974 0.020260 -5.580665 0.297501 -1.591103 13.560892 1.411682 5.168353 12.728852 -27.791121 4.363823 1.102700 -54.827485 -1.577432 15.651915 8.833652 -23.849353 4.246641 -13.122401 -14.970516 9.778583 25.683075 0.037705 2.982951 56.712228 0.747449 13.266430 -12.839745 27.575844 -3.737710 11.389459 12.077675 1.665356 
-282.133087 -268.706726 92.279930 -39.954182 -1.191852 82.031351 -5.653080 -2.894030 -1.856683 -6.883835 -3.058137 18.449867 8.978874 14.848335 -13.061854 nan nan nan -5.553068 0.184328 -8.060002 -1.420976 -4.574777 61.769143 2.310953 -8.836177 -7.023199 nan nan nan 0.373075 -0.994690 10.409313 0.990728 -3.254291 4.126718 -2.827258 -0.811381 -2.910295 1.443458 -0.178833 10.425677 2.124956 4.532626 18.647676 -28.006947 5.335657 1.661968 -52.978661 -1.544865 13.456637 7.202214 -27.254873 5.528630 -11.794660 -16.276030 2.386305 27.311230 -0.023242 2.912682 54.789751 -0.442526 15.174280 -12.484677 26.654056 -2.384497 11.070037 13.516229 -1.479215 
-282.925537 -269.656372 92.570168 -39.599957 -1.221658 81.966118 -5.804128 -2.250808 -0.272528 -6.565968 -3.635009 17.178262 8.676551 14.693798 -12.852724 nan nan nan -5.228756 -0.004679 -8.794019 -1.814433 -4.719251 60.247186 2.455080 -8.783479 -8.068355 nan nan nan 0.428971 -1.534429 11.694628 0.749463 -2.919141 1.510725 -2.924681 -1.037997 -2.320228 1.630724 -0.196853 9.569967 2.375918 4.724047 21.369337 -28.209609 6.623692 0.968570 -51.488582 -1.447916 13.333356 5.799943 -29.613729 6.758198 -10.979668 -16.331926 1.148191 28.019064 -1.169046 2.518467 54.239790 -1.367429 16.008988 -12.064140 26.074721 -1.760510 11.137857 13.676930 -1.989680 
-283.296082 -270.396545 92.735764 -38.495599 -0.775644 80.832946 -5.587543 -1.989368 1.866344 -6.466697 -4.286176 16.733188 7.863602 13.804140 -13.276942 nan nan nan -5.176190 -0.136888 -8.443257 -1.739160 -6.199809 58.517404 2.591324 -8.565690 -8.986044 nan nan nan 0.021693 -1.289414 9.740774 1.523498 -3.546456 6.600080 -2.055122 -2.154793 -1.867189 1.475521 1.464220 9.579627 2.215215 2.946579 17.651407 -27.639693 1.547014 3.653392 -52.094909 -3.619118 11.969353 5.743564 -29.414041 4.678211 -10.897599 -16.018809 1.274326 27.654989 2.193630 3.634200 54.002213 -1.062781 14.284411 -12.993947 25.909364 -3.570345 10.791609 13.587009 -1.915806 
-283.873169 -271.217773 92.926353 -37.848866 -0.646781 80.832209 -5.553015 -1.838162 2.999144 -6.312039 -4.951891 15.927504 7.433880 13.420509 -13.270947 nan nan nan -4.974167 -0.202395 -9.301819 -1.700337 -6.801486 56.588321 2.408835 -8.846388 -9.781374 nan nan nan 0.144958 -1.533900 9.619813 1.573343 -3.371721 6.496119 -1.978988 -2.368295 -1.708848 1.470755 1.338657 9.614429 2.116522 2.525023 17.885354 -27.698718 1.975140 2.749658 -52.966999 -5.397611 11.607539 6.610838 -28.766220 3.711821 -10.222941 -16.138755 1.220136 27.607174 1.310391 3.300331 54.324006 -1.339173 14.146985 -13.220724 25.202902 -3.276914 10.943188 13.368448 -1.538363 
-284.392822 -272.042236 93.049271 -37.240621 -0.328491 80.786098 -5.452964 -1.358193 3.823576 -5.858324 -5.795178 15.531520 7.037755 13.128823 -13.445391 nan nan nan -4.573688 -0.365937 -10.385767 -1.644699 -7.173131 54.909501 2.347183 -8.981014 -10.651026 nan nan nan 0.008986 -1.959173 9.782760 2.000938 -3.850646 6.807669 -1.448899 -2.725850 -1.873595 0.832548 1.673019 9.957743 1.961984 2.661652 16.645271 -26.710841 0.110436 3.386299 -52.625492 -5.705712 12.194456 4.688775 -29.361904 2.922467 -8.875229 -15.061094 0.364610 26.978723 2.272777 3.495851 54.096735 -1.694124 14.057461 -12.487736 24.451376 -3.916952 10.778541 13.100316 -1.994099 
-285.267700 -272.740845 93.303375 -37.377547 -0.352418 80.184182 -5.192594 -0.504116 5.833674 -5.818038 -6.735033 14.439496 6.783687 13.079179 -13.756492 nan nan nan -3.931488 0.080606 -10.561424 -1.852258 -7.307303 52.692021 2.097715 -9.471523 -11.961366 nan nan nan -0.751427 -2.219037 10.561531 2.139920 -3.580762 6.762315 -1.087925 -2.571757 -1.898012 0.839531 1.721522 9.867493 2.154495 2.560990 16.610959 -26.592728 -0.196649 3.405291 -52.019084 -5.948277 12.593101 4.414561 -31.680348 3.833965 -7.137749 -14.262246 0.861250 27.425927 2.174246 3.556448 54.079611 -2.133327 13.763374 -12.588631 24.072293 -3.973549 10.740019 12.559701 -2.033950 
-285.899963 -273.618469 93.477669 -36.973649 -0.265401 80.095953 -5.097706 -0.442640 7.051173 -5.842296 -7.087543 13.882597 6.133925 12.967596 -13.904608 nan nan nan -3.863737 0.253635 -11.133462 -1.500726 -7.801583 50.355797 2.453425 -9.468880 -12.132826 nan nan nan -0.787998 -2.554639 10.782421 2.163867 -3.559830 6.502364 -0.913928 -2.778275 -1.766922 0.750523 1.806207 9.820536 2.247397 2.392349 16.387135 -26.449454 -0.405059 3.514068 -51.765025 -6.603904 12.476333 4.441215 -32.787806 3.859105 -6.675682 -14.835629 0.515446 27.416226 2.063691 3.680078 54.005065 -2.553841 13.700892 -12.389509 23.648850 -3.721663 10.689430 12.551950 -2.208428 
-286.493317 -274.442871 93.593224 -36.626061 -0.212006 80.101814 -5.061246 -0.147690 8.159452 -5.729095 -7.502169 13.012086 6.173727 12.899090 -14.336327 nan nan nan -3.782131 0.359355 -11.822975 -0.975211 -7.534662 48.081056 2.167158 -9.269097 -12.790528 nan nan nan -0.884860 -2.786978 10.868243 2.216603 -3.528106 6.435451 -0.742372 -2.903469 -1.778332 0.694737 1.695125 9.819409 2.271969 2.307660 16.157404 -26.189091 -0.604412 3.415435 -51.626829 -7.246243 12.571127 4.557027 -33.958630 3.736972 -6.372213 -14.687353 0.268413 27.303640 1.984160 3.817391 53.941597 -2.990520 13.813831 -12.093986 23.288982 -3.474941 10.615738 12.454695 -2.441080 
-287.050476 -275.269775 93.655777 -35.980767 -0.127789 80.149342 -5.081353 0.056738 9.245923 -5.580325 -8.212222 11.818593 5.971913 12.477876 -14.307120 nan nan nan -3.787254 0.257602 -12.386165 -0.695687 -7.918244 45.371092 2.227029 -9.356462 -12.854596 nan nan nan -0.884335 -3.135814 11.074078 2.219398 -3.588061 6.156851 -0.611422 -3.150112 -1.717243 0.546086 1.529094 9.640370 2.473987 2.097543 16.138706 -26.263919 -0.716678 3.484164 -51.249346 -7.864824 12.369770 4.766718 -34.951626 3.112213 -5.312854 -15.693474 -0.321733 27.400838 1.729065 3.851486 53.902256 -3.460922 13.661531 -12.180751 23.047112 -3.436911 10.274324 12.627746 -2.365359 
-287.714294 -276.130615 93.703903 -35.524350 -0.081893 80.096187 -4.980846 0.194080 10.761135 -5.766256 -9.392058 10.041931 5.026137 11.553995 -13.420412 nan nan nan -3.742029 0.236180 -12.650534 -0.404035 -8.384564 42.429135 2.342824 -9.484899 -12.799963 nan nan nan -1.093522 -3.434776 11.081774 2.257259 -3.670998 6.062078 -0.342025 -3.356247 -1.505726 0.188434 1.515531 9.672555 2.752116 1.797628 15.904638 -26.435788 -0.971371 3.876343 -50.799325 -8.462285 11.836569 5.113485 -35.898448 2.329247 -4.599996 -16.773725 -1.019144 27.618005 1.550096 4.022422 53.937317 -3.872178 13.241081 -12.686867 22.901692 -3.602379 10.085317 12.645014 -2.354044 
-288.247437 -276.893494 93.632195 -34.882565 0.150122 80.433879 -4.564009 0.657274 10.973558 -5.131325 -8.743609 10.730551 4.656684 12.059862 -14.028202 nan nan nan -3.517013 0.002047 -13.577270 -0.160865 -8.700993 39.672380 2.163271 -9.652799 -12.634409 nan nan nan -1.073876 -3.642322 10.654020 2.517720 -3.724500 6.268152 -0.177230 -3.555154 -1.446871 0.240766 1.435608 9.794198 2.416766 1.152013 15.125131 -25.843128 -1.209611 3.570307 -51.261046 -9.570029 12.300506 5.424172 -36.996084 2.196277 -4.680301 -16.094794 -0.735582 27.274928 1.378658 4.030999 54.040082 -4.086825 13.144485 -12.310486 22.465265 -3.492809 10.115855 12.310626 -2.534002 
-288.879120 -277.716278 93.607796 -34.603437 0.200745 80.537769 -4.377985 1.079203 12.007450 -4.994931 -9.140050 9.876711 4.441473 11.887019 -14.172745 nan nan nan -3.344270 -0.148840 -14.109440 0.114075 -8.385739 36.759951 1.934142 -9.556221 -12.268884 nan nan nan -1.175517 -3.765882 10.525957 2.626253 -3.730317 6.398814 -0.103977 -3.591100 -1.608783 0.121275 1.086745 9.999225 2.429779 0.855009 14.692678 -25.586895 -1.325445 3.191212 -51.100178 -10.306503 12.840662 5.759523 -38.841333 2.705530 -4.684987 -14.411947 0.170079 27.292911 0.944945 4.037345 54.080017 -4.525077 13.020639 -12.305712 22.464230 -3.478556 10.316527 11.630770 -2.411718 
-289.489685 -278.529694 93.547691 -34.231628 0.239142 80.616810 -4.235277 1.298806 13.060374 -4.875717 -9.557689 9.009386 4.136979 11.623205 -14.299062 nan nan nan -3.308170 -0.214092 -14.471683 0.478174 -8.359544 33.680368 2.294236 -9.549357 -11.951091 nan nan nan -1.307214 -3.924973 10.423643 2.662379 -3.745652 6.488074 -0.008809 -3.724740 -1.541973 0.245565 0.797392 9.846674 2.628704 0.325467 14.533725 -25.529501 -1.401158 3.156691 -50.755191 -10.945763 12.742670 6.056922 -40.241584 2.250093 -4.344889 -14.422487 -0.066685 27.313899 0.691860 4.067490 54.183496 -4.825830 12.764247 -12.320815 22.385143 -3.584691 10.179152 11.447028 -2.423679 
-290.055542 -279.350555 93.449196 -33.946731 0.199033 80.788108 -4.190289 1.578741 13.885857 -4.768760 -9.755222 8.432069 3.923736 11.521985 -14.365157 nan nan nan -3.355281 -0.306159 -14.909975 0.796095 -8.342126 30.368646 2.364729 -9.488982 -11.504496 nan nan nan -1.497884 -4.038149 10.388600 2.732207 -3.756553 6.338895 0.230666 -3.869709 -1.528277 0.221488 0.799489 9.677810 2.646895 0.146702 14.691771 -25.406097 -1.582362 3.252634 -50.732130 -11.752653 12.704854 6.687862 -40.842731 1.939060 -4.346851 -14.805566 0.000314 27.438448 0.560997 4.297516 54.263737 -5.164783 12.713068 -13.020501 22.075689 -3.732638 10.408779 11.381182 -2.535001 
-290.645569 -280.158600 93.322105 -33.480238 0.263613 81.077060 -3.997152 1.835124 14.413862 -4.627579 -9.916628 8.145150 3.607547 11.429573 -14.752957 nan nan nan -3.285425 -0.528326 -15.336566 0.971734 -8.334950 26.882225 2.269590 -9.458340 -11.290211 nan nan nan -1.554529 -4.203024 10.205650 2.841371 -3.891904 6.155893 0.374160 -4.061869 -1.484654 0.140657 0.577159 9.797010 2.791774 -0.245038 14.417224 -25.030827 -1.681967 3.155455 -50.907536 -12.571545 12.826930 7.048447 -41.306878 1.586861 -4.161595 -15.163339 -0.101543 27.146480 0.281809 4.294005 54.464313 -5.385028 12.549105 -12.873506 21.729618 -3.538230 10.484033 11.277974 -2.615445 
-291.229919 -280.943420 93.144890 -33.114487 0.217965 81.324195 -3.880875 2.146575 15.119780 -4.498293 -10.205046 7.547992 3.391349 11.270247 -15.119121 nan nan nan -3.318221 -0.783862 -15.781423 1.181023 -8.451148 23.586510 2.441643 -9.424642 -10.470118 nan nan nan -1.744107 -4.322901 10.085464 2.917038 -3.941886 6.119402 0.495633 -4.194052 -1.555004 0.066682 0.353246 9.770840 2.994042 -0.694580 14.165612 -24.956531 -1.736944 3.073317 -50.663821 -13.262113 12.893733 7.516233 -42.296107 1.044517 -4.033612 -15.590689 -0.011211 27.269556 0.128116 4.332600 54.532537 -5.829874 12.429290 -13.252801 21.540075 -3.827712 10.616354 11.272339 -2.652018 
-291.799744 -281.748810 92.945541 -32.783451 -0.065636 81.752078 -3.941914 2.430952 15.850030 -4.477867 -10.539135 6.397904 3.314070 10.977025 -14.688236 nan nan nan -3.501964 -0.907536 -16.317350 1.441902 -8.026250 20.498990 2.358035 -7.939799 -4.532108 nan nan nan -2.171701 -4.410654 9.544137 3.042742 -3.942547 6.499131 0.532903 -4.247032 -1.795587 -0.053892 -0.125381 9.756887 3.216923 -0.869853 13.971605 -24.985716 -1.505427 2.895940 -50.410716 -14.378284 13.254788 8.035512 -42.674304 0.398643 -3.949397 -16.025822 0.514128 27.430844 -0.528382 4.389818 54.375450 -5.713968 12.526737 -13.217900 21.178400 -3.896316 10.679564 11.049454 -2.314571 
-292.472260 -282.575592 92.717873 -32.796230 -0.149190 81.978216 -4.172211 2.493240 16.480813 -4.030257 -10.462625 6.061311 3.218108 11.042467 -15.090704 nan nan nan -3.297186 -1.040178 -16.880311 1.342472 -7.807851 17.819907 2.621269 -7.942953 -2.487263 nan nan nan -2.351164 -4.373061 9.047039 3.176447 -4.035502 6.956061 0.639298 -4.261070 -1.960729 -0.360333 -0.160071 10.013316 3.330527 -1.093875 13.338333 -24.417432 -1.699623 2.746859 -50.738818 -15.225351 13.505405 8.539669 -42.697837 -0.239427 -4.525991 -16.512908 1.083066 27.152055 -0.615465 4.513203 54.689718 -5.849744 12.369923 -13.374121 20.751095 -4.118677 10.865030 11.074193 -2.056618 
-293.146790 -283.392853 92.467865 -32.738709 -0.273566 82.397833 -4.462858 2.419892 16.819935 -3.638310 -10.186235 5.942685 3.152151 11.143600 -15.573717 nan nan nan -3.187183 -1.090463 -17.555076 1.290902 -7.511135 15.327560 3.132137 -7.856152 -0.397362 nan nan nan -2.552714 -4.348209 8.279717 3.362311 -4.281198 7.511009 0.754616 -4.330338 -2.203077 -0.826901 -0.094289 10.427951 3.475679 -1.434913 12.449524 -23.510730 -2.032089 2.543241 -51.464972 -16.117344 13.908801 9.168622 -41.843203 -0.905369 -5.589111 -17.262178 2.041345 26.774326 -0.536327 4.675346 55.045747 -5.967123 12.186166 -13.412127 20.135143 -4.449872 11.196837 11.333266 -1.740290 
-293.719604 -284.176392 92.266403 -32.395750 -0.501604 82.728621 -4.038506 3.133886 17.544071 -4.109247 -10.975570 5.198185 2.667475 10.693636 -15.745498 nan nan nan -3.348494 -1.538336 -17.912367 1.234355 -7.707882 11.678470 2.705845 -7.779269 -1.733245 nan nan nan -2.772410 -4.594627 8.203452 3.316033 -4.336105 7.064972 0.909792 -4.511610 -2.107817 -0.985886 -0.146817 10.411501 3.540750 -1.648474 12.408616 -23.393755 -2.256249 2.641455 -51.312862 -16.771647 13.714362 9.387877 -41.741320 -1.145537 -4.924447 -17.516121 1.669064 26.703596 -0.676357 4.800581 55.083535 -6.083206 11.887226 -13.338211 19.725159 -4.256833 11.117881 11.274617 -1.920061 
-294.375397 -284.904419 92.037445 -31.978771 -0.880163 82.824517 -3.964395 3.222157 18.056680 -4.561501 -11.354467 5.422432 2.304559 10.320898 -16.130623 nan nan nan -3.540972 -2.509549 -18.296033 0.731919 -9.091364 9.480769 2.297119 -8.949630 -1.634334 nan nan nan -3.328237 -4.579463 8.207683 3.212445 -4.332764 6.971146 1.002531 -4.748993 -2.075634 -0.651350 -0.323942 10.010664 3.716989 -1.967929 12.806165 -23.634767 -2.219756 2.708431 -50.344111 -17.474857 13.448215 9.239695 -42.826208 -1.386934 -4.216354 -17.814360 1.320047 27.179384 -0.994003 4.717336 54.934771 -6.374220 11.654711 -13.369055 19.613242 -4.442346 10.849189 11.257167 -2.045964 
-295.039093 -285.651825 91.783539 -31.608547 -1.153075 82.958921 -3.869806 3.295207 18.675690 -4.702709 -11.995315 5.397275 2.050568 10.048021 -16.783844 nan nan nan -3.648933 -3.008574 -18.437756 0.893506 -9.577624 7.109485 2.077855 -9.180091 -1.600983 nan nan nan -3.733630 -4.640466 8.219368 3.030724 -4.284724 6.781722 0.986330 -4.997076 -2.007845 -0.147642 -0.644223 9.374836 4.090703 -2.136258 13.746383 -24.299616 -2.171287 3.131498 -48.981223 -17.797907 12.696468 8.599096 -43.641173 -2.880679 -1.419910 -19.484808 -1.138207 27.678177 -1.245543 4.852352 54.703106 -6.532485 11.638695 -12.911794 19.359786 -4.653945 9.756902 11.731446 -2.710687 
-295.743927 -286.445129 91.492798 -31.658754 -1.087513 83.054568 -3.789107 3.186194 19.254929 -4.374070 -12.186474 5.659469 1.879772 9.992155 -17.540201 nan nan nan -3.274787 -3.174346 -18.490841 1.051736 -9.691266 4.866654 2.019911 -9.367034 -1.568687 nan nan nan -3.727434 -4.628568 7.925886 3.070659 -4.341147 6.913517 1.055070 -5.088663 -1.920210 -0.231694 -0.659625 9.434747 4.142029 -2.461447 13.430909 -23.985454 -2.382256 3.136106 -49.103219 -18.322990 12.550593 8.963700 -43.852096 -3.550403 -0.977762 -19.843928 -1.482335 27.462958 -1.148576 5.052429 54.863942 -6.636365 11.516749 -12.709389 19.027223 -4.517611 9.637729 11.767795 -2.827240 
-296.478302 -287.386566 91.225845 -31.955415 -1.277623 82.583766 -3.380101 2.946283 20.429752 -5.338347 -11.928691 5.991475 1.577326 9.806257 -17.435747 nan nan nan -3.270074 -3.397898 -17.827373 1.506157 -9.804296 2.744961 1.708647 -9.486256 -1.487141 nan nan nan -3.471838 -4.560098 8.446991 2.455756 -3.944201 6.424087 0.697418 -5.178859 -1.580393 0.301432 -1.104881 8.843702 4.278722 -2.635417 14.259789 -25.825427 -1.776949 3.242718 -48.587613 -19.050092 11.276746 12.241701 -45.085907 -5.191878 -1.312223 -19.679859 -1.492744 28.168141 -1.576184 5.287759 54.754008 -6.720144 11.432013 -12.941387 19.151978 -3.910710 9.704555 11.289263 -2.877863 
-297.190521 -288.257141 90.946274 -31.980227 -1.289275 82.581176 -3.164073 2.909267 20.971927 -5.479670 -12.075322 6.479353 1.288443 9.722490 -17.844371 nan nan nan -2.900307 -3.704351 -17.832562 1.744766 -10.150724 1.099312 1.570636 -9.724547 -1.503450 nan nan nan -3.493062 -4.595509 8.283291 2.435818 -3.952372 6.471261 0.723184 -5.285146 -1.443451 0.419074 -1.105112 8.685689 4.254557 -2.922651 14.220858 -25.801930 -1.860987 3.239717 -48.445926 -19.541366 11.038460 12.682247 -45.389201 -5.501977 -1.486499 -19.614883 -1.417555 28.158452 -1.552065 5.375170 54.844442 -6.748173 11.260614 -12.960688 18.746339 -3.809348 10.008265 11.049554 -2.836170 
-297.815338 -289.060242 90.694603 -31.993316 -1.303502 82.737931 -3.096171 2.790118 21.066372 -5.572517 -12.265517 7.333339 1.232053 9.751242 -18.291305 nan nan nan -2.836422 -3.733770 -18.271021 1.915017 -9.842347 0.389997 1.428682 -9.768122 -1.496517 nan nan nan -3.437075 -4.611710 8.212024 2.439887 -3.967664 6.407104 0.663563 -5.328763 -1.635905 0.522567 -1.130652 8.391467 4.224490 -2.750127 14.892046 -26.044728 -1.892700 3.161755 -48.179692 -19.875599 11.006471 13.100834 -45.609272 -5.959685 -1.209987 -19.869243 -1.400712 28.405955 -1.740633 5.449368 54.644996 -6.886979 11.150710 -13.059019 18.508996 -3.926772 10.073825 11.025079 -2.623387 
-298.477631 -289.905457 90.453674 -31.935240 -1.328409 82.889148 -3.089444 2.792273 21.203303 -5.414068 -12.411042 8.170367 1.023675 9.797138 -18.914109 nan nan nan -2.586503 -3.900190 -18.680180 1.892794 -10.062897 -0.044214 1.460612 -9.963948 -1.650914 nan nan nan -3.743281 -4.597431 7.852676 2.800122 -4.213477 6.717920 0.969124 -5.402286 -1.750636 0.292583 -0.940425 8.682738 4.201862 -3.041254 14.193694 -24.684213 -2.564432 3.296697 -47.899039 -19.840869 11.375587 10.757561 -45.631793 -5.269114 -0.344543 -19.880213 -2.058476 27.809102 -1.330219 5.500953 54.727282 -7.064397 11.035474 -12.655716 18.036235 -4.191188 9.690513 11.148526 -2.811866 
-299.169220 -290.747650 90.220032 -31.887589 -1.394993 82.908436 -2.969653 2.807648 21.568269 -5.450286 -12.529333 8.867846 0.952389 9.888310 -19.352522 nan nan nan -2.461055 -3.763460 -18.924681 1.957979 -10.077256 -0.091580 1.388971 -10.031904 -1.774421 nan nan nan -3.771860 -4.783188 7.908405 2.817541 -4.233938 6.568971 0.948004 -5.485234 -1.809097 0.177264 -1.071014 8.671234 4.177598 -3.216946 14.060781 -24.600214 -2.542118 3.230322 -47.848859 -19.962699 11.368570 10.903539 -45.769416 -5.328041 -0.365729 -19.845329 -2.008548 27.794587 -1.350713 5.443161 54.672347 -7.253646 11.049712 -12.550846 17.745316 -4.036358 9.854367 11.103205 -2.881555 
-299.849121 -291.595398 89.976997 -31.862885 -1.434265 82.959653 -2.840848 2.735007 21.857064 -5.666021 -12.780631 9.673776 1.000186 9.918645 -19.734320 nan nan nan -2.332105 -3.569346 -19.363487 2.031937 -9.998264 0.637680 1.283944 -10.100168 -1.815602 nan nan nan -3.927885 -4.864009 7.635454 2.898145 -4.214872 6.849104 0.877497 -5.467318 -2.004563 0.430034 -1.373411 8.724135 4.193405 -3.535711 14.158925 -24.567940 -2.617002 2.889843 -47.544329 -20.377978 11.615719 11.424464 -46.474895 -4.591614 -1.531457 -19.209094 -0.280163 28.026436 -1.373125 5.419599 54.481261 -7.508579 11.029105 -12.568563 17.592052 -3.837240 10.355855 10.820883 -2.562897 
-300.547791 -292.471039 89.792465 -31.857257 -1.419055 82.949882 -2.693234 2.670271 22.196571 -5.908871 -13.110855 10.565438 1.028748 9.827286 -19.922288 nan nan nan -2.096982 -3.469701 -19.658898 2.283928 -9.895648 1.550447 1.141820 -10.139047 -1.995004 nan nan nan -3.867900 -4.987076 7.607321 3.027309 -4.232897 6.859299 0.851375 -5.497301 -2.115297 0.495909 -1.447824 8.556449 3.918625 -3.551771 14.225057 -24.774724 -2.593515 2.725280 -47.282122 -20.354693 11.642952 11.714648 -47.204215 -4.255459 -1.948834 -17.730436 0.538348 28.216697 -1.658685 5.245096 54.228774 -7.726733 10.869119 -12.925618 17.755009 -3.919464 10.713725 10.141398 -2.119909 
-301.266846 -293.347198 89.608810 -31.863226 -1.379978 82.811178 -2.468978 2.528108 22.540508 -6.308877 -13.239978 11.745046 0.959932 9.720110 -20.160678 nan nan nan -1.813250 -3.388014 -19.733083 2.891786 -10.215589 2.531453 0.935855 -10.175991 -2.302288 nan nan nan -3.905844 -5.141979 7.694684 3.105671 -4.259744 6.759908 0.878689 -5.626114 -2.030021 0.571665 -1.563297 8.488391 3.734090 -3.896494 14.138901 -24.810946 -2.639264 2.855425 -47.288589 -20.311600 11.403323 12.003895 -47.573573 -4.477669 -1.901308 -16.927282 0.335606 28.276617 -1.572669 5.188555 54.155119 -7.795570 10.757322 -13.123207 17.555546 -3.914861 10.958967 9.739474 -2.098365 
-302.028168 -294.262848 89.395432 -31.845763 -1.449933 82.552574 -2.335436 2.360904 22.977954 -6.697860 -13.310882 13.159415 0.925491 9.548604 -20.517263 nan nan nan -1.667711 -3.228904 -19.586351 3.340165 -10.489014 3.516932 1.097966 -10.060262 -2.628367 nan nan nan -4.100582 -5.277452 7.641180 3.103571 -4.320494 6.885142 0.919451 -5.765794 -2.001932 0.235623 -1.538671 8.921640 3.674128 -4.292033 13.361148 -24.679787 -2.977212 3.194860 -47.393346 -20.437278 10.865060 12.170154 -47.450641 -5.402031 -1.592147 -16.911667 -0.561293 28.228394 -1.218335 5.380125 54.269825 -7.835643 10.580279 -13.032426 17.204718 -3.953009 10.914909 9.792292 -2.277919 
-302.793884 -295.145416 89.234138 -31.750044 -1.464328 82.527625 -2.267601 1.961731 23.100179 -7.095601 -13.329455 14.538429 0.711811 9.553678 -20.729366 nan nan nan -1.533537 -3.027250 -19.671927 3.539448 -10.678653 4.594587 0.876489 -9.921186 -2.915388 nan nan nan -4.077833 -5.469239 7.714510 3.029428 -4.141700 6.489460 0.784643 -5.951306 -1.844461 0.943572 -1.797589 7.990454 3.600571 -4.193906 14.867741 -25.736482 -2.227033 3.558565 -46.894121 -19.924437 10.255347 11.874116 -47.719359 -6.567989 0.948973 -18.176537 -2.850639 28.884174 -1.697768 5.146057 53.677875 -7.810207 10.754545 -12.771916 16.917975 -4.096067 9.751068 10.200885 -2.519955 
-303.511444 -296.098480 89.009735 -31.648354 -1.816199 82.664839 -3.009522 1.307184 22.902723 -7.249673 -12.828585 16.351627 1.099688 9.850433 -20.874426 nan nan nan -1.823329 -3.249054 -20.421546 2.477680 -11.283616 7.497170 0.819493 -8.538777 6.440787 nan nan nan -4.610112 -5.337893 6.753011 3.353268 -4.193712 7.719940 0.465744 -5.913882 -2.441637 1.155980 -2.516643 8.227158 3.686451 -4.612815 14.673149 -26.182930 -1.804966 3.376014 -46.595289 -20.589606 10.768836 12.154342 -47.659601 -7.679126 0.229857 -19.047893 -1.523136 29.438695 -2.240969 4.861110 53.371342 -7.847398 10.895869 -13.078811 16.714406 -4.710592 10.190848 10.192309 -1.386713 
-304.319519 -297.064270 88.846375 -31.630365 -1.811567 82.701327 -2.978066 1.124789 22.867448 -7.533057 -12.933747 18.028397 0.775787 9.857990 -20.912908 nan nan nan -1.425459 -3.100162 -20.903304 2.419989 -11.698022 9.321506 0.221393 -9.278433 5.035820 nan nan nan -4.578489 -5.637558 6.645050 3.474475 -4.359823 7.355747 0.517284 -6.099354 -2.465405 0.766567 -2.406483 8.625238 3.466134 -4.663548 14.103571 -25.573947 -1.606258 3.339654 -47.964029 -20.344295 11.090228 12.850684 -46.603895 -8.096870 -0.017614 -18.837410 -1.596257 29.053955 -2.053958 4.736649 53.605519 -8.110284 10.903289 -13.116555 16.378081 -4.581651 10.152421 10.186251 -1.433561 
-305.097412 -297.974091 88.730003 -31.674127 -1.674256 82.707106 -2.640663 0.786467 22.601992 -8.162076 -12.768544 20.169270 0.369424 9.544048 -20.791019 nan nan nan -1.091252 -2.852735 -20.908989 2.461649 -12.179391 10.866354 -0.253223 -9.236624 3.779252 nan nan nan -4.548232 -5.733739 6.375908 3.629694 -4.477473 7.312984 0.622724 -6.226769 -2.437036 0.721517 -2.301828 8.887535 3.358606 -5.046233 13.678732 -25.616296 -1.716542 3.638252 -48.341288 -20.018529 10.927080 12.898700 -46.005346 -7.815564 -0.321640 -19.252607 -1.609261 29.036557 -1.808759 4.774399 53.478461 -8.276878 10.701973 -13.109148 16.221906 -4.455496 10.134347 10.454541 -1.672520 
-305.926331 -298.950043 88.735291 -31.747324 -1.726533 82.411107 -2.033373 0.751554 22.869729 -8.818157 -12.155980 21.857479 -0.072721 8.532178 -19.784955 nan nan nan -1.100828 -2.600730 -20.224161 2.513094 -12.303251 12.160953 -0.523414 -8.772634 2.746993 nan nan nan -4.607286 -5.766028 6.395470 3.607985 -4.487244 7.326258 0.649082 -6.349137 -2.429194 0.880116 -2.212746 9.014244 3.303001 -5.510996 13.657635 -26.321141 -1.882184 4.221237 -47.626704 -19.561344 10.263431 12.643095 -45.854996 -6.805355 -0.444363 -20.168213 -1.284214 29.539560 -1.783583 4.839813 53.062440 -8.484786 10.336192 -13.333777 16.482125 -4.302957 9.982096 10.791807 -1.615214 
-306.792084 -299.912079 88.696106 -31.769004 -1.986770 82.067835 -2.031059 0.547107 22.932938 -9.553687 -11.906146 24.115372 -0.497465 8.219566 -19.280336 nan nan nan -0.993327 -2.182437 -19.999513 2.215207 -12.123855 13.821441 -1.193706 -9.366762 1.549230 nan nan nan -4.890155 -5.908668 6.274032 3.493017 -4.437685 7.569371 0.531021 -6.421311 -2.477444 1.120469 -2.270401 8.799633 3.211518 -5.807499 14.136001 -26.795336 -1.601297 4.462067 -46.983333 -19.116717 10.075598 12.402164 -45.851082 -5.827947 -0.663554 -21.064358 -0.556035 30.123049 -1.932902 4.622706 52.803365 -8.778555 10.153511 -13.565824 16.741650 -4.253691 9.792116 11.054954 -1.384147 
-307.546936 -300.744232 88.750870 -31.869244 -1.894125 81.949557 -1.581045 0.445966 22.374541 -10.302550 -11.565178 26.801047 -0.672827 7.890295 -18.544832 nan nan nan -1.001928 -1.825405 -20.054371 2.052759 -11.531894 16.111170 -1.478773 -9.189854 0.496448 nan nan nan -4.740582 -5.972029 6.463035 3.607842 -4.555873 7.475450 0.381618 -6.412717 -2.807416 1.060526 -2.812187 8.762953 2.923587 -6.065560 14.229236 -27.449376 -1.552574 4.374662 -46.507869 -18.384185 10.560180 11.762725 -45.913749 -4.424898 -0.065860 -19.547219 0.806143 30.658813 -2.148246 4.242197 52.140424 -9.197117 10.221302 -13.445965 17.137167 -4.102043 9.648769 10.514173 -0.810250 
-308.276611 -301.592560 88.728561 -31.762689 -1.713943 81.732686 -1.303739 0.212153 21.451623 -11.063603 -10.868653 29.741057 -0.768134 7.981260 -17.637509 nan nan nan -0.857618 -1.489346 -20.054336 1.892724 -11.180478 18.057909 -1.977968 -9.451336 -0.461006 nan nan nan -4.711638 -5.945658 6.492968 3.754173 -4.739969 7.564795 0.346961 -6.462863 -2.902817 1.214789 -3.279122 8.735974 2.872419 -6.469784 14.214673 -27.756543 -1.725393 4.444071 -46.443996 -18.119857 10.717546 11.604533 -45.382707 -4.432903 -0.059956 -18.661429 1.092428 30.862553 -2.060370 4.027732 51.950685 -9.455410 10.214086 -13.482822 17.302784 -4.289738 9.675012 10.296685 -0.841394 
-308.997803 -302.448761 88.771942 -31.797432 -1.614949 81.542344 -1.043016 0.081620 20.343532 -11.714625 -9.526872 33.146421 -0.618111 7.900147 -16.507861 nan nan nan -0.748746 -1.173689 -19.838844 1.788906 -10.846493 19.540926 -2.370137 -9.451981 -1.279826 nan nan nan -4.577597 -5.904415 6.709562 3.806722 -4.864935 7.396525 0.298478 -6.545449 -2.982553 1.353612 -3.614614 8.522832 2.726601 -6.721769 14.392307 -28.220022 -1.614451 4.557465 -46.178839 -17.800356 10.614413 11.255781 -45.340576 -4.131649 -0.404817 -18.387108 1.101601 31.200159 -2.110175 3.796391 51.575035 -9.560508 10.176975 -13.512051 17.479370 -4.479810 9.807594 10.294854 -0.708793 
-309.779846 -303.282532 88.881042 -32.053580 -1.497975 81.230136 -0.648340 -0.210867 19.493774 -12.521490 -8.693834 36.024571 -0.715454 7.404952 -14.662683 nan nan nan -0.547214 -0.792412 -19.244826 1.828189 -10.468571 20.579713 -2.853758 -9.274923 -1.940810 nan nan nan -4.452643 -5.850197 7.088080 3.751058 -4.984212 7.282146 0.222866 -6.628648 -3.138931 1.616768 -3.943599 8.039263 2.732669 -6.776376 14.878915 -29.343395 -1.769569 4.789851 -45.436455 -17.538675 10.119966 11.638734 -44.508615 -4.566570 -0.418387 -17.872263 1.073832 31.962693 -2.054704 3.607573 51.006209 -9.593053 10.171173 -13.662672 17.619648 -4.749059 9.754349 10.151288 -0.292316 
-310.535248 -304.066589 89.020172 -32.258511 -1.266722 81.035824 -0.120390 -0.628942 18.368748 -13.334051 -7.891311 39.030566 -1.058548 6.707432 -12.865147 nan nan nan -0.267146 -0.486110 -18.788781 1.935640 -10.345324 21.539654 -3.371775 -9.161305 -2.573757 nan nan nan -4.377733 -5.767778 7.279652 3.866213 -5.114068 7.158480 0.281004 -6.690655 -3.262146 1.805092 -4.217066 7.916210 2.685437 -7.085133 14.998039 -29.888984 -1.812009 5.080095 -45.158284 -17.137724 9.968200 11.256400 -43.855220 -4.249408 -0.624594 -17.560492 0.991445 32.414606 -1.948764 3.472777 50.637455 -9.564315 10.074996 -13.799875 17.661794 -4.930093 9.780038 10.056501 -0.032405 
-311.239014 -304.829315 89.146721 -32.383880 -0.834318 80.685927 0.490531 -1.160646 17.409253 -13.777168 -7.247756 41.756129 -1.604577 6.028746 -10.798508 nan nan nan 0.146418 -0.249180 -18.023473 2.165785 -10.549918 22.247452 -3.934403 -9.206394 -3.227991 nan nan nan -4.104647 -5.692548 7.632462 3.993202 -5.275696 7.025353 0.418687 -6.776384 -3.204175 1.938333 -4.442776 7.749876 2.680332 -7.459417 14.785399 -30.312966 -2.169646 5.518719 -45.046191 -16.913668 9.592834 10.971455 -43.013280 -4.278499 -0.912045 -17.071079 0.523220 32.551509 -1.610545 3.395743 50.508748 -9.501824 9.906318 -14.063689 17.858884 -5.199803 9.857111 9.959794 -0.130679 
-311.965027 -305.612518 89.311607 -32.588354 -0.607405 80.303089 0.760794 -1.746174 16.408360 -14.362623 -6.654450 44.381332 -1.867336 5.392463 -9.058673 nan nan nan 0.368528 0.007694 -16.996319 2.494474 -10.641556 22.560394 -4.411477 -9.211314 -3.788209 nan nan nan -3.932761 -5.546232 7.969551 3.994795 -5.414769 6.908433 0.501701 -6.863578 -3.132847 2.006492 -4.779163 7.577323 2.755908 -7.905271 14.639208 -30.911022 -2.280566 5.923993 -44.835468 -16.739459 8.990393 10.877466 -42.173134 -4.541914 -1.089213 -17.096416 -0.043801 32.843861 -1.380965 3.276907 50.382910 -9.307567 9.734307 -14.244605 17.872275 -5.365570 9.756912 9.961879 0.071184 
-312.668030 -306.407990 89.470551 -33.058786 -0.610384 79.998551 0.805377 -2.097177 15.050667 -14.771558 -5.549172 47.630913 -0.998202 5.226196 -8.540557 nan nan nan 0.519193 0.149329 -16.041422 2.691157 -10.477325 22.790897 -4.744871 -9.146509 -4.367676 nan nan nan -3.915392 -5.205735 8.221943 3.971005 -5.576307 6.929493 0.509803 -6.860187 -3.306168 1.919886 -5.279927 7.677794 2.930501 -8.300913 14.214001 -31.240670 -2.274275 6.153118 -44.774940 -16.354141 8.673146 10.420762 -41.211014 -4.531713 -1.741818 -17.075455 -0.206669 33.034153 -1.123108 3.099303 50.322775 -9.250962 9.614549 -14.328964 17.990757 -5.690035 9.904581 10.233122 0.355640 
-313.300385 -307.102966 89.605148 -33.250640 -0.416726 79.823651 1.330327 -2.438687 13.555525 -14.737580 -4.303327 50.342404 -1.199389 5.149239 -6.759107 nan nan nan 0.781364 0.223446 -15.195974 2.946175 -10.414773 22.886679 -5.167606 -9.236051 -4.865184 nan nan nan -3.671865 -5.058075 8.613295 3.953853 -5.798556 6.513825 0.569059 -6.976816 -3.214649 2.131609 -5.642270 7.334631 2.909076 -8.456220 14.487457 -31.507333 -2.358888 6.408266 -44.779595 -16.152362 8.454858 10.025917 -40.115602 -4.429879 -2.024639 -16.621689 -0.817441 32.984391 -0.948783 2.877803 50.337993 -9.018503 9.651002 -14.362008 18.264914 -5.950679 9.881271 10.189736 0.006256 
-313.860626 -307.732605 89.718330 -33.564283 -0.313449 79.908106 1.789815 -2.667824 11.761316 -14.415465 -2.976161 52.876563 -1.448332 5.310603 -5.134374 nan nan nan 1.063924 0.185353 -14.660277 3.101062 -10.149842 22.871805 -5.545259 -9.321888 -5.222154 nan nan nan -3.537080 -4.851600 8.737576 3.989647 -6.091417 6.241907 0.610417 -7.052619 -3.307483 2.315257 -6.067110 7.112768 2.917679 -8.636151 14.632381 -31.559233 -2.456658 6.426516 -44.869277 -15.897029 8.634616 9.364442 -38.762636 -4.080410 -2.366405 -16.000841 -0.803929 32.919605 -0.687939 2.692875 50.217705 -8.819154 9.945369 -14.004110 18.403382 -5.703985 9.750466 10.092398 0.369907 
-314.391571 -308.441681 89.861465 -34.060825 -0.719294 79.591241 1.592287 -2.417628 9.804181 -15.095617 -2.241118 54.168846 -0.681077 5.813408 -9.731057 nan nan nan 1.068667 -0.170043 -13.614923 2.941611 -9.250970 22.716358 -5.224891 -9.385528 -6.066696 nan nan nan -3.898665 -4.418294 9.388025 3.929152 -6.440400 6.007937 0.571630 -7.053837 -3.436757 2.461221 -6.789059 6.800610 3.267866 -8.521863 14.857517 -31.356697 -2.735346 6.623934 -44.761568 -15.330845 8.732658 8.292270 -38.091477 -3.490373 -1.729514 -15.138405 -1.403066 32.734035 -0.179296 2.746410 50.394085 -8.424600 10.158124 -13.480278 18.663335 -5.789507 9.357153 10.143824 -0.686628 
-314.905182 -309.096832 89.993156 -34.601638 -0.876309 79.578209 1.658437 -2.326929 8.065641 -15.181502 -0.884186 56.462776 -0.617827 5.927871 -10.251110 nan nan nan 1.227710 -0.271884 -12.922310 2.807850 -8.655454 22.562553 -5.425226 -9.283785 -6.417563 nan nan nan -3.976304 -4.100705 9.513694 3.988038 -6.756442 5.993463 0.618262 -7.055721 -3.567559 2.384602 -7.139179 6.808721 3.349219 -8.821749 14.358183 -31.213969 -2.931828 6.743594 -44.962443 -14.919123 8.809460 7.626586 -36.894656 -3.308981 -2.219381 -14.520951 -1.377943 32.574379 0.179222 2.530027 50.492366 -8.100170 10.126374 -13.464051 19.041007 -6.042969 9.428977 10.130341 -0.700073 
-315.454224 -309.726288 90.176231 -35.284636 -0.913364 79.431833 1.347005 -2.465593 6.549328 -14.973234 0.089101 58.265029 -0.519851 5.884759 -10.175980 nan nan nan 1.545733 -0.377131 -12.086150 2.726014 -8.237647 22.315244 -5.554239 -9.219140 -6.544080 nan nan nan -4.062136 -3.610160 9.442887 4.181592 -7.140850 6.607045 0.817085 -6.976038 -3.722156 2.121301 -7.269821 6.992245 3.519373 -9.242901 13.274777 -31.000878 -3.650239 6.920844 -45.284161 -14.838195 8.668584 7.147828 -35.267198 -3.882942 -3.282633 -13.666957 -1.053768 32.465838 0.779518 2.403830 50.732232 -7.612143 9.743175 -13.995295 19.483203 -6.971287 9.739837 10.153294 -0.296750 
-315.985321 -310.396942 90.421822 -35.980354 -1.163236 79.369779 2.323186 -1.925447 4.655608 -14.209671 2.170386 59.891085 -0.511715 6.322517 -10.199849 nan nan nan 1.667626 -0.444465 -11.107616 2.562360 -7.533293 21.757648 -5.583751 -9.099774 -6.774396 nan nan nan -4.349982 -3.215892 9.866822 4.277236 -7.426086 6.320324 0.992558 -6.966943 -3.861084 2.314932 -7.450115 6.930924 3.485849 -9.415983 13.066859 -30.917633 -3.923689 7.040678 -45.438111 -14.352254 8.941601 6.460072 -34.023406 -3.446507 -3.571480 -12.552283 -0.935377 32.387002 1.110859 2.236020 50.658097 -7.250971 9.898693 -13.916541 20.101309 -7.045373 9.649476 9.898769 -0.329921 
-316.529144 -310.976044 90.590630 -36.625667 -1.166620 79.283737 2.474458 -1.912058 3.168186 -13.898699 3.059350 60.990468 -0.465162 6.425786 -10.073052 nan nan nan 2.020079 -0.422707 -10.237492 2.493861 -6.993372 21.279407 -5.677386 -9.075113 -7.007030 nan nan nan -4.466251 -2.852660 10.062426 4.350644 -7.694596 6.450945 1.113123 -6.918572 -3.960661 2.421422 -7.834712 6.887430 3.709813 -9.732963 12.670766 -30.786487 -4.275479 7.186316 -45.525728 -13.956257 9.049309 5.885839 -32.987442 -3.222136 -4.188798 -11.846602 -0.736449 32.333250 1.632694 2.211892 50.745410 -6.874151 10.018568 -13.918844 20.812100 -7.086233 9.683842 9.911786 -0.196690 
-317.111359 -311.548279 90.785995 -37.501057 -1.215541 79.320607 2.466589 -1.959671 1.739097 -13.621627 3.777842 61.684723 -0.418149 6.534223 -9.904097 nan nan nan 2.343517 -0.311871 -9.468131 2.480346 -6.447339 20.811078 -5.746206 -8.983509 -7.285333 nan nan nan -4.625360 -2.496659 10.090480 4.376103 -7.874603 6.577340 1.176164 -6.849678 -4.058203 2.578571 -8.192111 6.800928 3.931638 -10.061506 12.399683 -30.831104 -4.185754 7.212185 -45.513651 -13.304860 9.145512 5.374910 -32.118292 -2.934697 -4.812318 -11.662444 -0.492747 32.492042 1.960519 2.086619 50.665769 -6.451466 10.207615 -13.822115 21.548440 -7.014862 9.694327 10.115787 0.085596 
-317.713531 -312.052429 90.937988 -38.194337 -1.303323 79.137088 2.428769 -2.253515 0.451019 -13.552526 4.214492 62.150710 -0.353572 6.469463 -9.664701 nan nan nan 2.648540 -0.219497 -8.365926 2.415468 -5.938519 20.131894 -5.917402 -8.891438 -7.444734 nan nan nan -4.855967 -2.057340 10.250752 4.210642 -7.919867 6.785055 1.152516 -6.772503 -4.092457 2.824923 -8.836686 6.596124 4.367194 -10.578426 12.088735 -31.311011 -3.729036 7.316077 -45.187959 -12.611948 8.698080 5.589623 -31.773120 -3.328317 -5.416962 -12.292548 -0.644655 32.968889 2.080562 1.965710 50.772326 -6.132292 10.180242 -14.139399 22.623065 -7.186511 9.672094 10.626932 0.144545 
-318.266632 -312.581604 91.138908 -39.067677 -1.388916 79.092465 2.587657 -2.297635 -0.808544 -13.304564 4.705188 62.247003 -0.245622 6.570531 -9.358677 nan nan nan 2.901444 -0.157546 -7.514501 2.428754 -5.381168 19.639258 -5.935800 -8.842350 -7.455449 nan nan nan -5.063462 -1.711215 10.475943 4.130988 -8.015937 6.627304 1.166348 -6.702262 -4.261832 3.088193 -9.349787 6.500868 4.481381 -10.716145 12.558901 -31.518273 -3.464756 7.371569 -44.959693 -11.915174 8.798857 5.347297 -30.947129 -2.988879 -5.896431 -12.034432 -0.483521 33.216804 2.210951 1.877598 50.827893 -5.815058 10.472330 -14.254315 23.624917 -7.133330 9.630407 10.761916 0.078017 
-318.827057 -313.123260 91.389923 -40.001868 -1.546971 78.999351 2.625765 -2.389123 -1.991142 -13.074379 5.272077 62.237432 -0.164487 6.623167 -9.153616 nan nan nan 3.048333 -0.134249 -6.598488 2.418627 -4.942513 19.089205 -5.843479 -8.708878 -7.436016 nan nan nan -5.294107 -1.301925 10.442894 4.068302 -8.010603 6.734926 1.244384 -6.565560 -4.294432 3.175888 -9.812405 6.506125 4.564007 -11.058893 12.668228 -31.499573 -3.087560 7.515744 -45.053579 -11.455067 8.734307 5.195848 -31.167055 -2.517414 -6.205942 -12.269194 -0.584505 33.292956 2.250911 1.941175 50.989174 -5.299388 10.487222 -14.260281 24.616360 -7.120077 9.301943 11.118718 -0.051722 
-319.362549 -313.653168 91.654121 -40.911249 -1.667347 79.038321 2.754880 -2.396862 -3.359052 -12.754879 5.813043 62.251207 -0.072501 6.754085 -8.873813 nan nan nan 3.206687 -0.021079 -5.905475 2.427702 -4.275564 18.659450 -5.740854 -8.609823 -7.465527 nan nan nan -5.495064 -0.956580 10.439288 4.034297 -8.149935 6.789726 1.271528 -6.496947 -4.313814 3.498593 -10.069968 6.215163 4.780838 -11.244189 12.719327 -31.446358 -2.983639 7.528007 -44.995335 -10.860608 8.910880 4.732784 -30.286731 -1.894581 -6.995265 -11.952287 -0.206712 33.359402 2.426785 1.830432 51.041736 -4.847847 10.795442 -14.228559 25.622888 -6.803532 9.473650 11.205966 0.093762 
-319.877625 -314.225952 92.030838 -41.726267 -1.755962 79.644009 2.857202 -2.457218 -4.846867 -12.442626 5.838559 61.188699 -0.073979 6.848526 -8.521721 nan nan nan 3.398529 0.178162 -5.720393 2.389799 -3.334513 17.956576 -5.591462 -8.570979 -7.099400 nan nan nan -5.654443 -0.745352 10.497346 4.181071 -8.299432 6.722450 1.340251 -6.552413 -4.181348 4.810733 -9.961281 3.300742 5.947362 -11.519498 11.554915 -31.933607 -2.407756 6.699566 -44.496183 -9.712150 9.469834 4.318031 -30.744022 -1.250336 -7.121717 -11.923496 0.378988 34.141974 2.287287 0.682094 49.979064 -4.741035 11.502878 -13.937871 27.303751 -6.150916 9.426615 11.202739 1.135408 
-320.401184 -314.787231 92.266350 -42.628479 -1.897110 79.746442 2.963518 -2.507860 -5.840638 -12.131037 5.928995 60.527251 0.015223 6.928449 -8.293630 nan nan nan 3.549009 0.302216 -5.076034 2.237842 -2.598086 17.484100 -5.453697 -8.341011 -7.082466 nan nan nan -5.941668 -0.452260 10.418484 4.128578 -8.423214 6.853001 1.340389 -6.491374 -4.177434 5.041400 -10.246331 3.031932 6.456743 -11.917479 10.892971 -31.792180 -2.052208 6.405647 -44.499572 -8.946440 9.755687 4.135236 -30.611164 -0.960241 -7.721288 -11.866933 0.683711 34.222517 2.410773 0.289622 50.063266 -4.467315 11.872866 -13.832165 28.619742 -5.903757 9.595155 11.454330 1.185711 
-320.894409 -315.300201 92.507614 -43.310487 -1.989373 79.764941 3.817952 -2.108149 -6.653850 -12.073775 6.266558 59.415958 0.038231 6.940953 -7.874009 nan nan nan 3.641843 0.091163 -4.369063 2.227113 -2.079560 16.966640 -5.579111 -8.169934 -7.174034 nan nan nan -5.883183 -0.344394 11.043002 3.836607 -8.145571 5.724994 1.108134 -6.495381 -3.806751 5.746990 -11.135746 2.085558 6.015748 -11.968331 12.728233 -32.419847 -0.639689 5.710827 -44.108021 -8.493823 8.735500 6.911328 -30.622502 -4.088243 -4.063063 -10.316889 -1.292316 34.729405 1.540076 -0.223022 49.959969 -3.948172 12.453041 -13.646797 30.091248 -5.454752 7.993347 10.968365 1.081566 
-321.471588 -315.613586 92.685638 -43.474760 -1.771549 80.322150 4.364942 -2.111316 -8.628080 -11.160029 6.026014 59.375271 -0.091473 6.993857 -7.220754 nan nan nan 4.367749 0.087028 -4.240105 1.666501 -1.938439 16.713568 -5.787141 -8.792408 -7.719439 nan nan nan -6.312272 -0.390405 10.522379 4.385598 -9.483753 5.949568 1.746184 -6.971252 -4.006329 4.525581 -10.804209 3.369315 6.749341 -12.213653 9.941878 -30.554443 -2.826330 6.124388 -46.839536 -8.858423 9.038785 6.385097 -23.169229 -5.941708 -6.179235 -9.115769 -0.874156 33.290886 3.138110 -0.179088 51.387046 -3.544425 12.577345 -14.034627 30.229148 -5.750706 8.771380 11.547668 1.032148 
-322.010193 -315.676239 92.792580 -43.590343 -2.390665 80.313443 4.710771 -1.976422 -9.648206 -11.025055 6.113245 58.146230 -0.001614 7.049745 -7.155283 nan nan nan 4.128765 0.082884 -3.821556 1.297100 -1.642942 16.578268 -5.792442 -8.836135 -7.862028 nan nan nan -7.445086 -0.091001 11.197632 4.109816 -9.812107 5.559206 1.961699 -7.390225 -3.857184 5.006457 -11.133639 2.696849 6.867472 -12.763980 10.238219 -29.956431 -2.408646 6.144633 -46.302420 -8.528065 8.724661 6.004473 -22.948032 -5.691676 -5.799844 -8.962409 -1.431292 33.720050 3.019397 -0.560034 51.928769 -2.845159 12.978161 -13.823809 31.359088 -5.029963 8.526091 11.482732 0.768924 
-321.606537 -317.776947 92.727074 -52.303709 -2.284000 79.346747 1.758567 -2.118320 -7.841312 -11.342827 6.769468 55.721452 1.005921 7.977935 -7.423423 nan nan nan 3.466648 2.083472 -3.311342 2.725378 1.023312 18.940935 -4.737735 -6.163374 -8.410771 nan nan nan -3.185568 0.213653 11.096435 3.044424 -7.314375 6.370729 0.276031 -4.803935 -3.469127 3.800200 -10.814260 2.461254 5.657995 -11.338203 10.126296 -31.312490 -2.454730 6.267761 -47.933954 -6.839417 8.604200 7.087387 -24.037157 -5.149762 -7.069517 -9.618417 -1.568375 31.441053 4.912494 1.095670 51.458305 -1.163961 13.041204 -13.789804 32.753418 -5.355783 8.694942 11.908542 0.136419 
-321.871918 -318.999420 92.993744 -53.750946 -2.624863 78.893550 1.675889 -1.639318 -7.168480 -11.236405 6.915511 53.015794 0.952712 7.881745 -6.968388 nan nan nan 2.433977 1.707372 -1.907649 3.138073 1.545418 18.369256 -4.185192 -5.286454 -8.364819 nan nan nan -2.325074 0.221229 11.073707 2.607017 -7.151657 6.674981 -0.148091 -4.668303 -3.234596 3.573295 -11.320540 2.354401 5.480830 -11.743790 9.596195 -32.093347 -2.407519 6.712528 -47.990986 -6.146995 8.254364 7.088063 -24.516398 -4.276976 -7.056778 -9.678465 -1.533046 31.289271 5.222717 1.331116 50.929556 -0.573909 13.037239 -13.629662 34.297705 -4.767849 8.250921 11.809266 0.522695 
-322.321930 -319.568085 93.106331 -55.127443 -2.762554 78.978737 1.742750 -1.730259 -7.721325 -11.029809 6.444059 51.018394 1.102584 7.894447 -6.696194 nan nan nan 2.406278 1.789286 -1.370175 3.055538 2.422136 18.066078 -3.855117 -4.882237 -8.478376 nan nan nan -2.273940 0.476952 10.994345 2.446338 -7.105703 6.764963 -0.304689 -4.464313 -3.263169 3.467224 -11.993070 2.342564 5.744378 -12.222781 9.126984 -32.035664 -2.012130 6.498968 -48.214560 -5.355500 8.532923 6.989966 -24.354388 -3.974092 -7.232205 -9.704696 -1.423788 31.123656 5.338760 1.122072 51.137083 -0.198024 13.380767 -13.428369 35.598821 -4.388524 8.106324 12.124968 0.413476 
-322.632507 -320.073608 93.152306 -56.141672 -2.813183 79.043440 1.920001 -1.824713 -8.374209 -10.775408 5.928135 49.079296 1.226542 7.838842 -6.426691 nan nan nan 2.368010 1.913853 -1.040071 3.009056 3.010572 18.022619 -3.582908 -4.567946 -8.664972 nan nan nan -2.244367 0.636757 11.114148 2.401017 -7.156655 6.770295 -0.339566 -4.363416 -3.240159 3.285636 -12.695809 2.218099 5.992926 -12.916605 8.282472 -31.967463 -1.758514 6.301254 -48.511408 -4.632149 8.757346 6.982745 -24.454390 -3.806841 -7.290829 -9.662706 -1.382366 30.923250 5.455845 0.819106 51.306764 0.100065 13.626215 -13.527069 37.330600 -4.120321 7.794456 12.473421 0.415241 
-323.010864 -320.661713 93.237183 -57.521447 -2.826968 79.277786 2.248633 -1.758123 -8.261733 -10.668379 5.041886 45.744989 1.313586 7.815476 -6.236994 nan nan nan 2.334263 2.103864 -0.761901 3.064396 3.767243 17.822364 -3.371600 -4.302170 -8.811723 nan nan nan -2.285268 0.517567 11.676019 2.256476 -7.176993 6.801438 -0.389958 -4.507266 -2.927553 4.260947 -13.946047 0.173638 6.720806 -13.682280 7.340612 -32.511474 -1.107736 6.473607 -48.215419 -3.461334 8.499053 7.385117 -26.064531 -3.144917 -6.839447 -9.571270 -1.619488 31.304017 5.718146 0.490119 50.726465 0.702706 14.015323 -13.106782 39.617355 -2.782797 7.443257 12.335617 0.660625 
-323.249908 -321.846008 93.319878 -60.361943 -4.393826 79.969129 4.196756 0.075050 -4.394725 -4.876531 -3.578141 6.344400 2.906814 8.659304 -3.648620 nan nan nan -0.284787 1.472615 -1.557603 3.847088 6.397523 18.953290 0.924550 -2.630021 -8.660750 nan nan nan -2.099909 -0.042552 11.929765 1.012355 -5.834711 4.378872 -1.339128 -3.806141 -1.956870 5.074638 -16.138637 -1.793482 5.640193 -13.020919 13.780009 -32.908245 1.800074 4.044456 -48.183356 -1.915561 12.235104 7.464197 -26.618436 1.346143 -1.698057 -8.882261 -1.561501 31.160967 2.852785 -0.247992 50.723166 2.797412 16.963829 -10.999959 40.475269 0.085997 4.640193 10.937991 -2.875097 
-323.688446 -322.474365 93.367065 -61.710701 -4.534069 80.130206 4.656232 0.267389 -3.785645 -4.147668 -4.273770 1.907168 3.113254 8.898344 -3.489194 nan nan nan -0.630525 1.420578 -0.957017 3.986942 7.085515 18.521138 1.697516 -2.375545 -8.608566 nan nan nan -1.952494 -0.027176 11.961940 0.767495 -5.489903 3.215391 -1.186608 -3.600809 -1.785291 6.624235 -13.581682 -4.173705 6.115847 -9.637804 14.633501 -33.437474 2.425005 3.830276 -47.929730 -0.506106 12.363832 6.804659 -27.045914 3.344646 -0.460523 -8.787627 -2.248372 30.907521 2.055712 -0.105661 50.578696 3.336964 17.474715 -10.359733 41.705129 1.362952 3.884303 10.734783 -3.627035 
-324.107910 -323.057312 93.448662 -63.194284 -4.597241 80.312463 4.965307 0.202589 -4.081614 -4.098391 -4.346750 1.379484 3.099818 8.817586 -3.408035 nan nan nan -0.851813 1.561052 -0.619749 4.064296 7.539511 18.274752 1.940857 -2.146439 -8.607432 nan nan nan -1.937408 0.010598 12.007321 0.615551 -5.418944 3.101036 -1.282495 -3.590029 -1.585269 6.992508 -13.611638 -5.043466 5.912040 -9.681673 14.866569 -33.835207 3.082749 3.770375 -47.745551 0.338809 12.248976 6.834120 -27.679907 3.980381 -0.154702 -8.830322 -2.405782 31.252370 2.004403 -0.229507 50.155269 4.014625 17.743244 -9.827043 43.213423 2.307963 3.481232 10.749730 -3.320163 
-323.936768 -323.119446 93.392662 -61.367873 -4.648919 80.489834 5.325676 -0.066614 -2.471058 -4.104851 -5.576261 -0.607813 3.198675 8.534807 -3.643289 nan nan nan -1.223007 1.040888 -0.615431 4.107391 6.942927 18.111186 1.914011 -2.389074 -7.937230 nan nan nan -2.236173 0.139936 12.133486 0.199717 -4.261923 2.035658 -1.672444 -3.355018 -1.406980 8.550623 -14.456707 -6.579418 5.213537 -10.099995 17.827225 -35.275185 6.744123 2.086747 -45.135632 1.102845 11.886240 9.450237 -36.184462 3.833747 2.463725 -9.781114 -3.105532 33.027192 -0.915287 -1.401180 49.243806 3.234525 17.768330 -10.450391 46.261125 2.690731 2.274209 10.615772 -3.216883 
-324.031006 -323.516693 93.385406 -61.657680 -4.764623 80.684136 5.381175 -0.119208 -2.515104 -3.974559 -5.558829 -1.140878 3.247798 8.463427 -3.518250 nan nan nan -1.425121 1.067507 -0.540626 3.984755 6.975984 18.127357 2.077831 -2.270714 -7.349977 nan nan nan -2.287044 0.188005 11.949396 0.069375 -4.148223 2.067735 -1.796169 -3.297435 -1.298495 8.459640 -14.602963 -6.704730 4.922067 -10.396879 17.602362 -35.143852 7.246122 1.897449 -45.133226 1.379945 11.838407 10.056612 -37.504822 3.647155 2.440597 -9.926096 -3.215746 32.975742 -1.097364 -1.550731 49.520090 3.447251 17.782322 -10.801656 47.685956 2.596744 2.171508 10.672123 -3.472357 
-324.135864 -323.935638 93.384483 -61.890233 -4.685820 80.479607 5.399389 -0.165735 -2.764319 -4.170650 -5.284886 -0.491896 3.170368 8.341235 -3.651283 nan nan nan -1.431876 1.018265 0.063032 3.931253 6.827381 17.764130 2.038896 -2.294603 -8.023820 nan nan nan -2.207480 0.291717 11.986429 0.033609 -4.217566 2.296335 -1.697089 -3.330238 -1.079759 8.278588 -14.122841 -6.859967 4.827506 -10.417314 16.606165 -34.925309 7.012694 2.231305 -45.365486 1.690548 11.324846 10.363326 -38.528465 3.488206 2.274332 -9.948276 -3.560796 32.707098 -0.659914 -1.317751 49.701492 3.713976 17.447596 -11.486010 49.051671 2.260033 1.964068 10.848792 -3.577970 
-324.266266 -324.422577 93.337585 -62.258003 -4.651567 80.091027 5.374623 -0.255671 -3.142139 -4.360757 -4.883089 0.044443 3.143435 8.177431 -3.700527 nan nan nan -1.517745 1.008154 0.836299 3.835686 6.671218 17.590571 2.147808 -2.170657 -8.277071 nan nan nan -2.122834 0.426231 12.014870 0.017287 -4.338737 2.694877 -1.558023 -3.368115 -0.810330 7.970618 -13.699828 -6.726891 4.792349 -10.529601 15.478735 -34.529921 6.557344 2.747273 -45.851646 1.767200 10.712016 10.890300 -39.570745 2.911269 2.031710 -9.929991 -4.209775 32.260120 -0.037068 -0.923245 50.137278 4.185287 16.944139 -12.793199 50.379153 0.972356 1.773587 10.974390 -4.297178 
-324.349731 -324.832764 93.279625 -62.541339 -4.598238 79.611124 5.146528 -0.619082 -3.921350 -4.587739 -4.670506 1.031060 3.190127 7.914914 -3.753721 nan nan nan -1.497361 1.185090 1.496878 3.698714 6.889693 17.689426 2.196368 -1.877109 -8.383976 nan nan nan -2.085564 0.659967 11.971628 0.091121 -4.527496 3.512653 -1.418978 -3.363076 -0.656546 7.523354 -13.400706 -6.410686 4.837092 -10.802922 14.292064 -34.099719 6.011234 3.192739 -46.388946 1.761892 10.229593 11.374038 -40.640137 2.310883 1.593107 -10.109200 -4.438055 31.924340 0.732248 -0.500984 50.408726 4.724855 16.405059 -14.180851 51.522899 -0.344949 1.622466 11.360811 -4.306082 
