HIERARCHY
ROOT Hips
{
	OFFSET -0.179506 -22.333345 2.821913
	CHANNELS 6 Xposition Yposition Zposition Zrotation Yrotation Xrotation 
	JOINT LeftUpLeg
	{
		OFFSET 6.951974 -9.140623 -0.681533
		CHANNELS 3 Zrotation Yrotation Xrotation
		JOINT LeftLeg
		{
			OFFSET 3.427654 -37.519855 -0.449580
			CHANNELS 3 Zrotation Yrotation Xrotation
			JOINT LeftFoot
			{
				OFFSET -1.359570 -39.796059 -4.369333
				CHANNELS 3 Zrotation Yrotation Xrotation
				JOINT LeftToe
				{
					OFFSET 2.635814 -5.579078 11.928840
					CHANNELS 3 Zrotation Yrotation Xrotation
					End Site
					{
						OFFSET 0.000000 0.000000 0.000000
					}
				}
			}
		}
	}
	JOINT RightUpLeg
	{
		OFFSET -6.767048 -9.052170 -0.431982
		CHANNELS 3 Zrotation Yrotation Xrotation
		JOINT RightLeg
		{
			OFFSET -3.829005 -38.256897 -0.885003
			CHANNELS 3 Zrotation Yrotation Xrotation
			JOINT RightFoot
			{
				OFFSET 1.577377 -39.841461 -4.231180
				CHANNELS 3 Zrotation Yrotation Xrotation
				JOINT RightToe
				{
					OFFSET -2.537174 -4.814398 12.334795
					CHANNELS 3 Zrotation Yrotation Xrotation
					End Site
					{
						OFFSET 0.000000 0.000000 0.000000
					}
				}
			}
		}
	}
	JOINT Spine
	{
		OFFSET -0.253288 10.896323 -2.669631
		CHANNELS 3 Zrotation Yrotation Xrotation
		JOINT Spine1
		{
			OFFSET 0.548704 13.518043 0.109247
			CHANNELS 3 Zrotation Yrotation Xrotation
			JOINT Spine2
			{
				OFFSET 0.145701 5.292222 2.542457
				CHANNELS 3 Zrotation Yrotation Xrotation
				JOINT Neck
				{
					OFFSET -0.277840 21.387037 -4.285703
					CHANNELS 3 Zrotation Yrotation Xrotation
					JOINT Head
					{
						OFFSET 0.515184 6.496960 5.134897
						CHANNELS 3 Zrotation Yrotation Xrotation
						End Site
						{
							OFFSET 0.000000 0.000000 0.000000
						}
					}
				}
				JOINT LeftShoulder
				{
					OFFSET 7.884473 12.174932 -3.408961
					CHANNELS 3 Zrotation Yrotation Xrotation
					JOINT LeftArm
					{
						OFFSET 9.097692 3.046888 -0.886815
						CHANNELS 3 Zrotation Yrotation Xrotation
						JOINT LeftForeArm
						{
							OFFSET 25.961220 -1.277207 -2.745643
							CHANNELS 3 Zrotation Yrotation Xrotation
							JOINT LeftHand
							{
								OFFSET 24.923361 0.898606 -0.117091
								CHANNELS 3 Zrotation Yrotation Xrotation
								End Site
								{
									OFFSET 0.000000 0.000000 0.000000
								}
							}
						}
					}
				}
				JOINT RightShoulder
				{
					OFFSET -8.175920 11.883285 -3.861528
					CHANNELS 3 Zrotation Yrotation Xrotation
					JOINT RightArm
					{
						OFFSET -9.601238 3.255117 -0.914307
						CHANNELS 3 Zrotation Yrotation Xrotation
						JOINT RightForeArm
						{
							OFFSET -25.374195 -1.332924 -2.140099
							CHANNELS 3 Zrotation Yrotation Xrotation
							JOINT RightHand
							{
								OFFSET -25.529810 0.777228 -0.555919
								CHANNELS 3 Zrotation Yrotation Xrotation
								End Site
								{
									OFFSET 0.000000 0.000000 0.000000
								}
							}
						}
					}
				}
			}
		}
	}
}
MOTION
Frames: 849
Frame Time: 0.033333
-41.171944 -257.517853 97.763000 176.352491 0.233818 90.239346 1.015549 3.804163 2.325818 2.973417 3.738056 -4.293139 -2.736388 12.836015 0.894279 nan nan nan -2.554982 -4.907382 0.096375 1.331229 -7.020728 -3.892521 7.094540 -8.933390 5.217414 nan nan nan -1.605171 1.904279 -0.491995 3.684994 -2.686606 3.953697 0.063078 -0.310640 -0.587188 1.635928 -1.276139 -0.466191 3.984867 -4.517529 -5.260374 -14.121212 5.666497 -1.412141 -70.620928 -7.997853 21.655019 3.382209 -23.302937 -7.063951 -9.120717 -17.140401 -18.583950 16.532419 -1.825755 -2.440291 64.378836 4.967800 15.276244 -6.075338 28.069022 -9.261869 5.063143 11.425759 -17.001253 
-41.163979 -257.520538 97.705246 176.375367 0.361985 90.316979 1.177617 3.869033 2.162843 3.026406 4.060381 -4.180454 -3.108907 12.402912 1.088313 nan nan nan -2.417376 -4.786208 -0.009344 1.032591 -7.117994 -3.827901 7.113305 -8.793289 5.423068 nan nan nan -1.286036 1.858284 -0.363725 3.476988 -2.591850 3.601292 0.095024 -0.390178 -0.314447 1.800547 -1.067195 -0.448943 3.898727 -4.759326 -5.467308 -13.882188 4.924396 -1.717742 -71.515625 -7.804898 22.143204 4.677443 -21.980799 -8.163685 -9.960351 -18.186140 -19.504995 15.791721 -1.589355 -2.788182 65.391561 4.627445 15.420781 -5.928187 26.928827 -10.113866 6.341595 11.291219 -19.435427 
-41.003105 -257.501465 97.624199 176.144382 0.540290 90.356351 1.605723 4.277878 2.169113 2.850409 4.130086 -4.220843 -3.576880 12.136818 1.111245 nan nan nan -2.334771 -5.107874 -0.537518 1.577669 -7.500369 -2.947508 7.530493 -8.312154 4.943258 nan nan nan -1.361690 1.859945 -0.326920 3.526288 -2.377136 3.275619 0.210171 -0.333573 0.046949 1.931108 -0.911842 -0.444697 4.018651 -4.946222 -5.526109 -13.523025 5.019185 -1.780983 -71.809461 -7.949284 22.203891 4.427118 -21.790983 -8.122878 -9.591714 -18.689490 -19.743245 15.653865 -1.590652 -2.725225 65.626121 4.863727 15.188703 -5.568853 26.761832 -10.117915 6.128821 11.853415 -19.906956 
-40.987766 -257.620911 97.702545 175.605504 0.775275 90.673011 1.839737 4.665874 1.677997 2.945316 4.743676 -3.949292 -4.305880 11.662731 1.070412 nan nan nan -2.286931 -6.709319 -0.610162 2.064207 -6.596880 -3.896932 8.191689 -7.370308 5.875138 nan nan nan -1.068472 2.321173 -0.557831 3.590103 -2.331379 3.623661 0.222617 -0.230072 -0.322820 1.877660 -0.736126 -0.341465 3.960820 -5.148369 -5.801036 -13.664771 4.914907 -1.887203 -71.949445 -7.909778 22.300635 3.570359 -21.327271 -9.154966 -6.777389 -20.066181 -21.463330 15.545808 -1.599574 -2.771162 65.443080 4.878223 14.870770 -4.951570 26.715063 -10.092621 4.711275 12.737835 -19.953839 
-40.973541 -257.560638 97.751053 175.713266 0.724006 90.444714 1.806318 4.747858 1.986083 2.990941 4.638590 -3.987483 -4.621793 11.549666 0.992504 nan nan nan -2.356731 -7.036232 -0.297007 1.984976 -6.423542 -3.889062 8.520382 -7.376437 5.832111 nan nan nan -0.999504 2.338328 -0.431811 3.541765 -2.379293 3.609375 0.227474 -0.227359 -0.243076 1.617449 -0.938861 -0.078846 4.009927 -5.139196 -5.989941 -13.909152 4.758853 -1.877473 -71.620501 -7.935800 22.115757 3.431930 -21.217533 -9.113018 -7.117328 -20.090800 -21.333812 15.413606 -1.605017 -2.831391 65.523802 4.751987 14.731819 -4.863995 26.546053 -9.897015 5.319332 12.414864 -19.934365 
-40.905056 -257.363556 97.782654 176.364997 0.522504 89.162385 1.696186 4.856326 3.597012 3.258114 3.976168 -4.279904 -6.114319 11.402693 0.741999 nan nan nan -2.291801 -5.865815 1.052712 1.142241 -7.317919 -3.145376 9.608381 -8.058554 4.465226 nan nan nan -1.415997 2.053177 1.043528 3.540119 -2.454331 3.377097 0.483414 -0.411984 -0.007517 1.364936 -1.213353 -0.322557 4.437964 -4.951019 -6.056764 -13.775862 3.923792 -1.988133 -71.395817 -7.613403 22.084372 3.046604 -21.118873 -8.960936 -6.248934 -21.266939 -22.548643 15.256263 -1.626085 -3.419807 66.081510 4.623391 14.346904 -5.184701 26.218301 -9.529130 5.377184 13.049343 -19.319639 
-40.904133 -257.396423 97.769432 176.272488 0.492398 89.264399 1.608808 4.788015 3.466702 3.312686 4.035044 -4.255617 -6.198462 11.427318 0.632257 nan nan nan -2.305857 -5.744908 0.814985 1.159893 -7.414891 -2.971941 9.600428 -8.000001 4.286111 nan nan nan -1.393497 2.102893 1.047176 3.510171 -2.373540 3.378385 0.483451 -0.399855 -0.089570 1.302893 -1.192263 -0.286643 4.517224 -4.928392 -5.990329 -13.862696 3.903281 -2.030484 -71.391695 -7.685808 22.032548 3.001347 -20.908463 -9.031797 -6.206819 -21.450634 -22.309114 15.309485 -1.653213 -3.398845 66.110647 4.767851 14.124655 -5.257017 26.099108 -9.796358 5.303743 13.606050 -18.783437 
-40.904697 -257.377625 97.764427 176.441508 0.518678 89.309373 1.622181 4.851163 3.391235 3.354340 3.806671 -4.253791 -6.263693 11.360279 0.642701 nan nan nan -2.291630 -5.830720 0.835165 1.215054 -7.503451 -3.033219 9.500204 -8.072797 4.265509 nan nan nan -1.273779 2.014756 0.955573 3.472511 -2.467238 3.476978 0.422637 -0.394106 -0.123261 1.297268 -1.166432 -0.256904 4.547883 -4.861590 -5.969695 -13.942236 3.906744 -1.965529 -71.370357 -7.776388 21.879985 2.986949 -20.753543 -9.101186 -6.295407 -21.333867 -22.093890 15.264434 -1.637046 -3.296939 66.225001 4.900765 13.870851 -5.223230 25.965840 -10.145186 5.270021 13.662386 -18.518164 
-40.882805 -257.310822 97.771553 176.683514 0.571302 89.254262 1.728580 4.903642 3.480737 3.333054 3.572090 -4.304760 -6.364826 11.286015 0.660170 nan nan nan -2.202971 -5.928871 1.116439 1.172716 -7.547526 -3.305937 9.475210 -8.170827 4.337664 nan nan nan -1.247203 1.962958 0.876285 3.508970 -2.588001 3.624732 0.420443 -0.421845 -0.157912 1.260486 -1.233714 -0.221783 4.583237 -4.877221 -5.948925 -13.986188 3.873478 -1.835472 -71.310874 -7.809671 21.787254 2.885762 -20.712277 -9.036591 -5.960420 -21.187883 -22.174407 15.260942 -1.596797 -3.183964 66.183460 4.938432 13.675144 -5.057891 25.942477 -10.274618 4.999228 13.740015 -18.390535 
-40.810349 -257.272308 97.781021 176.717465 0.653450 89.215248 1.939125 4.977786 3.560076 3.240563 3.501566 -4.335658 -6.458072 11.243964 0.675044 nan nan nan -2.001798 -5.900659 1.252096 1.056236 -7.564138 -3.438250 9.501728 -8.201618 4.393817 nan nan nan -1.352217 2.027622 0.834937 3.626609 -2.585551 3.754926 0.509494 -0.439646 -0.233004 1.223677 -1.255524 -0.104557 4.647354 -4.979849 -6.034257 -14.016368 3.748673 -1.719580 -71.217359 -7.818656 21.745410 2.776136 -20.782860 -9.065922 -5.491082 -21.193327 -22.305561 15.305545 -1.576159 -3.133740 66.042993 4.727268 13.537086 -5.139213 26.397597 -10.085900 4.413753 13.969462 -17.808172 
-40.842560 -257.286774 97.782516 176.769993 0.602253 89.338945 1.766662 4.757035 3.433481 3.369009 3.509926 -4.404371 -6.376702 11.443900 0.743346 nan nan nan -2.137397 -5.873588 1.083516 1.173097 -7.690290 -3.383855 9.493538 -8.200139 4.379202 nan nan nan -1.303032 2.039250 0.775722 3.623427 -2.619972 3.756386 0.445752 -0.445543 -0.312462 1.095164 -1.314681 -0.097912 4.738181 -4.934380 -6.014618 -14.106033 3.831696 -1.692206 -71.103589 -7.956849 21.723352 2.474689 -20.617345 -9.044906 -5.483387 -21.450747 -22.418727 15.388739 -1.681185 -3.071071 65.966171 4.626978 13.440473 -5.581131 26.951363 -9.836346 3.728329 14.475791 -16.436458 
-40.856998 -257.271362 97.779984 176.850451 0.574072 89.365121 1.691905 4.647910 3.408817 3.424386 3.496598 -4.426436 -6.369421 11.496771 0.782912 nan nan nan -2.236934 -5.936153 1.095186 1.264493 -7.730078 -3.412907 9.496799 -8.208922 4.368674 nan nan nan -1.233155 2.024670 0.755237 3.590230 -2.671034 3.769791 0.380481 -0.469867 -0.301695 1.033257 -1.289874 -0.022137 4.838753 -4.891779 -6.067268 -14.141876 3.962137 -1.755125 -71.046118 -8.024875 21.746639 2.313079 -20.455300 -8.925009 -5.768873 -21.641097 -22.463348 15.450320 -1.770369 -3.101908 65.952180 4.702303 13.430814 -5.621059 26.921934 -9.734407 3.910172 14.567340 -16.381804 
-40.851738 -257.251221 97.783897 176.890937 0.548112 89.340431 1.692534 4.656563 3.427340 3.389318 3.509062 -4.395848 -6.360186 11.457646 0.826222 nan nan nan -2.276422 -6.002366 1.175869 1.271064 -7.635127 -3.458755 9.518493 -8.217046 4.361596 nan nan nan -1.186705 2.031148 0.780318 3.535194 -2.669277 3.732716 0.337816 -0.490621 -0.214343 1.079801 -1.272069 -0.088435 4.799358 -4.862297 -6.003299 -14.087431 3.971750 -1.855140 -71.088291 -7.968137 21.798102 2.410903 -20.418798 -8.898368 -5.917377 -21.625862 -22.521821 15.424839 -1.830342 -3.292019 65.993722 4.659906 13.510511 -5.374094 26.680403 -9.789400 4.420932 14.302692 -16.984981 
-40.838451 -257.240295 97.790215 176.890192 0.524268 89.363639 1.709901 4.703773 3.398446 3.345320 3.572271 -4.356841 -6.368095 11.346096 0.796119 nan nan nan -2.297009 -6.000585 1.165944 1.267415 -7.609997 -3.474415 9.529910 -8.198593 4.367279 nan nan nan -1.181732 2.056567 0.770467 3.499920 -2.640176 3.664871 0.331451 -0.501725 -0.143986 1.126751 -1.272343 -0.013667 4.713533 -4.870645 -6.064334 -14.088889 3.935020 -1.939107 -71.119771 -7.856144 21.808597 2.608637 -20.404379 -9.011048 -5.988230 -21.621577 -22.409026 15.404462 -1.814425 -3.364713 66.011638 4.545304 13.496335 -5.365406 26.689151 -9.975801 4.564952 14.292343 -17.055056 
-40.806881 -257.238312 97.789986 176.933290 0.526525 89.389434 1.750352 4.682845 3.361989 3.328248 3.611201 -4.342858 -6.379393 11.305510 0.765074 nan nan nan -2.258761 -6.018419 1.182636 1.242745 -7.661642 -3.579510 9.600757 -8.245305 4.489906 nan nan nan -1.245514 2.068593 0.752943 3.531064 -2.654337 3.621444 0.379490 -0.500216 -0.093659 1.123903 -1.331357 0.137433 4.717290 -4.890195 -6.180327 -14.087158 3.919959 -1.977508 -71.133256 -7.825956 21.818334 2.628793 -20.395464 -9.031858 -5.992189 -21.596395 -22.259115 15.417716 -1.744377 -3.387542 65.933091 4.553096 13.523921 -5.310970 26.596305 -9.995290 4.590796 14.421496 -17.146848 
-40.774582 -257.233765 97.793655 176.969605 0.530360 89.400258 1.794618 4.633423 3.386920 3.277241 3.640326 -4.397257 -6.386428 11.321383 0.739703 nan nan nan -2.215828 -6.037842 1.216486 1.180919 -7.722691 -3.670025 9.771802 -8.258334 4.670056 nan nan nan -1.327361 2.088180 0.696930 3.586227 -2.682540 3.653800 0.413465 -0.461142 -0.033255 1.151556 -1.417494 0.117881 4.694181 -4.923152 -6.225258 -14.069665 3.850533 -1.972757 -71.162923 -7.795069 21.828819 2.636384 -20.556347 -9.079206 -5.273718 -21.656602 -22.399914 15.455476 -1.738990 -3.461521 65.834325 4.485281 13.544663 -5.448256 26.798559 -9.630602 3.848384 14.688689 -16.634956 
-40.770836 -257.210846 97.799751 177.026767 0.522866 89.445129 1.766538 4.605572 3.369731 3.313025 3.609037 -4.433818 -6.445117 11.312915 0.754874 nan nan nan -2.221677 -6.057796 1.199706 1.164298 -7.792260 -3.656843 9.842251 -8.226787 4.627698 nan nan nan -1.345529 2.119759 0.541594 3.617657 -2.716568 3.794723 0.392647 -0.432346 -0.041990 1.125977 -1.475322 0.079842 4.699527 -4.970537 -6.218423 -13.979298 3.788216 -1.870655 -71.240544 -7.834055 21.818171 2.627640 -20.834748 -9.159385 -4.908972 -21.209243 -22.296307 15.481635 -1.788957 -3.429841 65.792801 4.379836 13.440574 -5.686328 27.152174 -9.557166 3.310554 14.857811 -15.904165 
-40.746567 -257.174744 97.810410 177.051232 0.562397 89.415759 1.835164 4.647030 3.448068 3.276768 3.596388 -4.482073 -6.499612 11.303334 0.727118 nan nan nan -2.187347 -6.078667 1.290822 1.206986 -7.778007 -3.645894 9.750984 -8.192545 4.422703 nan nan nan -1.296671 2.156643 0.532454 3.610601 -2.705471 3.844753 0.381491 -0.433524 -0.058688 1.108326 -1.406608 0.084166 4.783189 -5.059091 -6.182160 -14.151734 3.766783 -1.877481 -71.028661 -7.988617 21.787243 2.413865 -20.426053 -9.036440 -5.313910 -21.691849 -22.271060 15.539336 -1.831549 -3.575350 65.828065 4.249921 13.386165 -5.822466 27.051730 -9.727080 3.471740 15.158218 -15.897851 
-40.693748 -257.151764 97.815765 177.000424 0.637033 89.318096 1.990491 4.731492 3.609469 3.223595 3.538171 -4.533703 -6.565082 11.296466 0.744902 nan nan nan -2.042196 -6.046306 1.399186 1.165632 -7.738176 -3.616716 9.670264 -8.223665 4.294497 nan nan nan -1.320088 2.195371 0.596820 3.669440 -2.666713 3.955947 0.419125 -0.444462 -0.074141 1.159172 -1.201019 -0.022685 4.786870 -5.091341 -6.157598 -14.185594 3.791679 -1.988462 -70.943941 -8.028256 21.844148 2.234001 -20.245576 -8.956028 -5.452913 -21.925943 -22.513192 15.602514 -1.794175 -3.757164 65.742136 4.194285 13.555810 -5.777608 26.959736 -9.772814 3.328035 15.283037 -16.267255 
-40.682259 -257.136932 97.813705 176.997955 0.652707 89.270584 2.007021 4.733423 3.667814 3.255358 3.473740 -4.521445 -6.598343 11.295111 0.767655 nan nan nan -1.999316 -6.027944 1.470532 1.132997 -7.735623 -3.643624 9.644723 -8.260762 4.270643 nan nan nan -1.311516 2.214871 0.642466 3.683379 -2.646232 3.999440 0.439304 -0.437003 -0.024580 1.156924 -1.115634 -0.083127 4.803418 -5.093457 -6.281878 -14.213827 3.785184 -2.088418 -70.903294 -8.007086 21.912864 2.128415 -20.240940 -8.883450 -5.260596 -22.046945 -22.676068 15.632754 -1.772059 -3.833304 65.606950 4.148159 13.578494 -5.634072 27.074118 -9.743664 3.086519 15.336757 -16.359544 
-40.695507 -257.123291 97.810471 177.063902 0.616650 89.299320 1.941434 4.689983 3.641181 3.295268 3.420163 -4.524523 -6.575382 11.305537 0.770904 nan nan nan -2.059726 -6.051352 1.479904 1.168293 -7.755544 -3.671503 9.623779 -8.307801 4.220501 nan nan nan -1.268182 2.213081 0.685636 3.650506 -2.663575 3.955347 0.421963 -0.451458 -0.033395 1.139040 -1.224441 -0.025695 4.842199 -5.123047 -6.371504 -14.293714 3.822965 -2.172352 -70.806159 -7.947586 21.962534 2.010316 -20.224315 -8.796238 -5.265529 -22.089776 -22.759576 15.599772 -1.783465 -3.865714 65.572882 4.075177 13.578918 -5.480645 27.152574 -9.652275 2.974621 15.354161 -16.346915 
-40.701439 -257.119110 97.806618 177.102180 0.598328 89.363165 1.916330 4.664268 3.588109 3.288835 3.432399 -4.558113 -6.501925 11.315767 0.780240 nan nan nan -2.081410 -6.044461 1.447855 1.187056 -7.714719 -3.709640 9.522020 -8.311435 4.249981 nan nan nan -1.235788 2.192014 0.736786 3.644419 -2.672056 3.918560 0.417308 -0.479296 -0.113216 1.130140 -1.295258 -0.051950 4.756308 -5.124995 -6.289571 -14.293433 3.936822 -2.209555 -70.827855 -7.852467 22.000529 2.035496 -20.380686 -8.781027 -5.284323 -21.903658 -22.767353 15.528194 -1.873248 -3.846251 65.616654 4.181626 13.671482 -5.411523 27.096259 -9.474951 2.950758 15.201693 -16.301285 
-40.684139 -257.122955 97.809364 177.049267 0.596920 89.361074 1.932082 4.656645 3.636240 3.282781 3.528288 -4.614639 -6.482040 11.307287 0.837423 nan nan nan -2.041372 -6.026216 1.429213 1.131937 -7.667673 -3.660839 9.437959 -8.284677 4.269716 nan nan nan -1.261243 2.187136 0.814935 3.643945 -2.622840 3.866566 0.470911 -0.490317 -0.101062 1.185049 -1.254610 -0.122933 4.640215 -5.088834 -6.231512 -14.146487 4.011464 -2.243527 -71.041205 -7.702132 22.042995 2.213945 -20.687144 -8.893149 -5.191813 -21.323889 -22.618724 15.390500 -1.846209 -3.649311 65.628935 4.393139 13.754160 -5.191670 27.073556 -9.633458 3.264451 15.101884 -16.857580 
-40.665051 -257.110077 97.803108 176.988632 0.580652 89.375315 1.947458 4.588703 3.662592 3.237143 3.658543 -4.651840 -6.516750 11.323132 0.825358 nan nan nan -2.058325 -5.980945 1.393453 1.139690 -7.741842 -3.643486 9.546719 -8.210429 4.381514 nan nan nan -1.230203 2.192649 0.869258 3.550647 -2.564144 3.685016 0.482107 -0.477483 0.006589 1.150385 -1.222603 -0.031437 4.721554 -5.012840 -6.318717 -14.231078 4.022098 -2.243969 -71.032903 -7.796288 21.834882 2.334000 -20.271292 -9.164087 -6.317598 -21.733793 -22.228922 15.337089 -1.758269 -3.510360 65.724607 4.503703 13.595259 -5.002155 26.854757 -9.944721 5.424741 15.057713 -17.341799 
-40.663601 -257.093445 97.797882 177.012700 0.569869 89.421486 1.925692 4.555149 3.609347 3.250877 3.640107 -4.644711 -6.529479 11.359088 0.847595 nan nan nan -2.089074 -5.964817 1.328979 1.150994 -7.870065 -3.629529 9.746123 -8.248081 4.511392 nan nan nan -1.199699 2.211598 0.813018 3.579804 -2.570824 3.684527 0.423322 -0.448783 -0.019160 1.079395 -1.183631 0.066361 4.731074 -5.018651 -6.342228 -14.271469 4.027953 -2.120896 -70.949337 -7.920640 21.830068 2.077418 -20.176784 -8.816426 -5.848013 -21.855935 -22.565449 15.389075 -1.754282 -3.320500 65.721715 4.505471 13.410267 -5.461658 27.157901 -9.773286 3.652137 15.047313 -16.560828 
-40.669437 -257.071747 97.800377 177.056790 0.578348 89.412510 1.885555 4.538587 3.660909 3.313195 3.565204 -4.720297 -6.543211 11.404156 0.846429 nan nan nan -2.082394 -5.959059 1.364852 1.146907 -7.893013 -3.641284 9.686119 -8.313805 4.449714 nan nan nan -1.149100 2.213644 0.815148 3.583122 -2.561229 3.698120 0.422173 -0.430616 -0.020107 1.002352 -1.214909 0.047762 4.690402 -5.005641 -6.321981 -14.368069 3.942424 -2.098706 -70.903260 -7.913210 21.834971 2.115226 -20.178126 -8.771572 -5.776594 -21.783750 -22.586229 15.444712 -1.724254 -3.318881 65.599394 4.456330 13.350406 -5.626022 27.297565 -9.581882 3.335392 14.895204 -16.127488 
-40.641743 -257.034912 97.800781 177.103344 0.622935 89.352795 1.948736 4.585734 3.786607 3.329615 3.478387 -4.791565 -6.559770 11.418903 0.852166 nan nan nan -1.998983 -5.919718 1.525219 1.124052 -7.880370 -3.711311 9.598003 -8.355327 4.278740 nan nan nan -1.150739 2.197198 0.862441 3.600819 -2.556656 3.698120 0.470501 -0.444585 0.014716 0.989889 -1.167834 0.039374 4.699686 -5.026034 -6.392970 -14.434674 3.904135 -2.083218 -70.859087 -7.843403 21.781854 2.173835 -20.270652 -8.911202 -5.849722 -21.776640 -22.530024 15.480099 -1.669685 -3.350499 65.536571 4.397470 13.322305 -5.663566 27.333551 -9.573774 3.268320 14.809505 -16.037717 
-40.609501 -256.990814 97.805038 177.118214 0.620647 89.296729 1.966507 4.628153 3.906210 3.328514 3.445935 -4.821381 -6.575179 11.381567 0.781216 nan nan nan -1.983796 -5.924478 1.687696 1.131029 -7.893090 -3.800106 9.590985 -8.299794 4.203594 nan nan nan -1.210917 2.198981 0.845437 3.613030 -2.548345 3.768064 0.478562 -0.453150 0.018231 1.111109 -1.028395 0.077270 4.715368 -5.105868 -6.317006 -14.327819 3.977557 -2.113630 -70.974599 -7.855865 21.851420 2.208930 -20.149197 -8.883841 -6.111158 -21.956855 -22.566444 15.519835 -1.673610 -3.403457 65.568491 4.353529 13.404225 -5.779936 27.274672 -9.603026 3.272941 14.846457 -15.857257 
-40.584858 -256.964203 97.800682 177.098910 0.623126 89.312787 1.969629 4.553232 3.939561 3.347550 3.456865 -4.861035 -6.601263 11.469777 0.760140 nan nan nan -1.975631 -5.935270 1.688775 1.149797 -7.907376 -3.784486 9.543128 -8.265320 4.174584 nan nan nan -1.248368 2.224699 0.753726 3.618442 -2.534478 3.818054 0.505085 -0.449882 0.085739 1.193145 -0.996479 0.102391 4.671643 -5.075045 -6.268504 -14.235876 3.927988 -2.106812 -71.115780 -7.792564 21.822852 2.437770 -20.261845 -8.885133 -6.085699 -21.929640 -22.594271 15.484343 -1.616553 -3.427510 65.556758 4.362538 13.389012 -5.700239 27.255964 -9.596397 3.323072 14.830819 -15.775338 
-40.559658 -256.941742 97.797058 177.096627 0.656047 89.336204 2.025107 4.508560 3.976700 3.356614 3.449990 -4.937407 -6.644832 11.499746 0.789459 nan nan nan -1.907401 -5.922670 1.697752 1.111981 -7.881832 -3.823160 9.483805 -8.302233 4.227777 nan nan nan -1.274371 2.230402 0.680937 3.657519 -2.530844 3.855059 0.531742 -0.445229 0.143796 1.223366 -1.011509 0.096631 4.590824 -5.063913 -6.305912 -14.049717 3.926885 -2.089341 -71.323762 -7.660272 21.853036 2.758900 -20.669001 -8.936808 -6.243021 -21.241402 -22.446964 15.426910 -1.571220 -3.430775 65.538112 4.412985 13.468707 -5.489526 27.179599 -9.763730 3.523038 14.616872 -16.236169 
-40.556671 -256.934082 97.803780 177.098826 0.653817 89.313795 2.007168 4.501498 4.032063 3.403880 3.546832 -4.971472 -6.660725 11.436749 0.813736 nan nan nan -1.904448 -5.910551 1.753510 1.102100 -7.874697 -3.882648 9.499249 -8.297814 4.316789 nan nan nan -1.207890 2.208872 0.856969 3.593847 -2.511178 3.725222 0.501418 -0.430840 0.120728 1.196081 -0.975036 0.146418 4.652552 -5.038747 -6.384387 -14.206048 4.063708 -2.214888 -71.218962 -7.740525 21.874557 2.613185 -20.155602 -9.069809 -7.098932 -21.695287 -22.435395 15.458473 -1.586560 -3.533475 65.513758 4.395345 13.613601 -5.209604 26.899921 -9.874543 4.877433 14.566591 -16.843129 
-40.554668 -256.931671 97.813522 177.090839 0.645343 89.387935 1.955020 4.434532 3.968301 3.469208 3.631936 -4.990245 -6.630777 11.488357 0.841223 nan nan nan -1.912185 -5.901963 1.664077 1.116706 -7.930407 -3.864499 9.575854 -8.242600 4.295329 nan nan nan -1.176502 2.194001 0.906133 3.577659 -2.500212 3.587067 0.459716 -0.405235 0.093607 1.169368 -0.918144 0.193990 4.723070 -5.042388 -6.382026 -14.241567 4.133135 -2.134790 -71.212916 -7.782186 21.758030 2.583099 -20.042898 -9.027987 -6.678160 -21.940358 -22.340115 15.570355 -1.616370 -3.495681 65.453925 4.364859 13.470772 -5.582935 27.018288 -9.602483 4.552500 14.559068 -15.643137 
-40.546555 -256.921875 97.816139 177.010075 0.634247 89.403941 1.962294 4.470943 3.992340 3.437513 3.679486 -5.020146 -6.609020 11.506207 0.810927 nan nan nan -1.913353 -5.893960 1.606064 1.100472 -7.912969 -3.832816 9.623793 -8.237144 4.393729 nan nan nan -1.172668 2.220217 0.933796 3.583991 -2.454868 3.602195 0.450030 -0.402087 0.030027 1.151315 -0.959219 0.191109 4.722623 -5.074837 -6.365802 -14.265419 4.119651 -2.181348 -71.196950 -7.625080 21.876852 2.699241 -20.146849 -9.001973 -6.316266 -21.959901 -22.573929 15.583035 -1.577990 -3.692349 65.531677 4.256841 13.672066 -5.433458 26.787166 -9.931908 4.511841 14.602662 -16.837921 
-40.544716 -256.904022 97.815887 177.059002 0.591877 89.452861 1.931058 4.478016 3.945305 3.407841 3.690117 -5.015199 -6.615650 11.476852 0.793823 nan nan nan -1.947122 -5.886858 1.586759 1.080865 -7.964510 -3.914653 9.748633 -8.287495 4.567296 nan nan nan -1.237944 2.246881 0.855916 3.639116 -2.476540 3.707265 0.439557 -0.400716 -0.064751 1.173267 -1.064102 0.214480 4.719070 -5.164335 -6.347791 -14.271605 4.108032 -2.099889 -71.150987 -7.624163 21.954364 2.639271 -20.243894 -8.843910 -5.891210 -21.931626 -22.761265 15.658005 -1.655974 -3.701834 65.633677 4.201063 13.705246 -6.122689 26.958485 -9.850374 3.420547 14.641760 -16.343744 
-40.560257 -256.860992 97.808540 177.160383 0.556560 89.496123 1.862022 4.420942 3.931121 3.453784 3.658870 -5.065361 -6.588367 11.470616 0.814042 nan nan nan -1.970594 -5.933093 1.638496 1.060420 -7.950806 -4.038991 9.861307 -8.323523 4.626676 nan nan nan -1.223609 2.256566 0.740954 3.636351 -2.540081 3.786276 0.418559 -0.420587 -0.088186 1.078252 -1.147585 0.226850 4.705145 -5.063644 -6.326061 -14.255145 4.080643 -2.006819 -71.166563 -7.578066 21.901061 2.741849 -20.423770 -8.920370 -6.471379 -21.395901 -22.645870 15.699275 -1.683562 -3.513301 65.454016 4.240618 13.642661 -6.209038 27.315779 -9.662322 3.643992 14.372604 -15.728086 
-40.563152 -256.820496 97.797806 177.223130 0.553006 89.539196 1.828971 4.370810 3.919337 3.522480 3.625158 -5.114838 -6.597743 11.437281 0.901116 nan nan nan -1.954811 -6.000730 1.679284 1.077464 -7.918806 -4.120228 9.782430 -8.356226 4.576342 nan nan nan -1.182494 2.257766 0.647580 3.605800 -2.572018 3.878889 0.390396 -0.450759 -0.150311 1.095119 -1.096884 0.245301 4.618519 -4.968422 -6.280918 -14.124291 4.028059 -1.962488 -71.336077 -7.365758 21.879997 3.206160 -20.894584 -9.080574 -6.597804 -20.616801 -22.126420 15.672966 -1.670264 -3.414431 65.324254 4.257311 13.616179 -5.985444 27.497955 -9.627618 3.803896 14.123793 -15.476447 
-40.550014 -256.790131 97.783218 177.242025 0.546843 89.549293 1.820639 4.330522 3.953337 3.548362 3.595591 -5.184730 -6.629357 11.485857 0.996478 nan nan nan -1.953568 -5.983612 1.726808 1.087974 -7.890551 -4.129688 9.554279 -8.418990 4.338527 nan nan nan -1.131030 2.256616 0.679260 3.556724 -2.594909 3.892624 0.345101 -0.411896 -0.213925 1.134769 -1.116191 0.314157 4.672499 -4.882118 -6.286594 -14.252827 4.040621 -1.971178 -71.232441 -7.497014 21.888386 2.990353 -20.390294 -8.980485 -6.258218 -20.769593 -22.600926 15.705527 -1.731147 -3.521846 65.408178 4.232723 13.594326 -6.023943 27.382548 -9.723353 3.610330 14.117936 -15.491063 
-40.532864 -256.776337 97.773087 177.242035 0.581222 89.604917 1.848290 4.279558 3.902869 3.564581 3.619492 -5.178988 -6.631937 11.494851 0.981371 nan nan nan -1.900101 -5.952370 1.711260 1.088788 -7.863766 -4.171348 9.401264 -8.424221 4.239699 nan nan nan -1.107346 2.267141 0.623626 3.578197 -2.603163 3.897478 0.359716 -0.398429 -0.182465 1.168192 -1.198315 0.398566 4.669054 -4.884325 -6.351997 -14.256456 4.031803 -1.940272 -71.274926 -7.457230 21.832271 3.175017 -20.718222 -8.953655 -6.071833 -20.609337 -22.448148 15.723443 -1.744853 -3.582098 65.419470 4.250235 13.549885 -6.072456 27.351524 -9.788886 3.584232 14.083824 -15.381527 
-40.501057 -256.773987 97.760345 177.182510 0.574737 89.685022 1.829536 4.224048 3.824182 3.606558 3.736044 -5.153006 -6.662779 11.473525 0.918988 nan nan nan -1.861025 -5.870321 1.647502 1.058698 -7.881682 -4.259024 9.307395 -8.440860 4.348243 nan nan nan -1.127498 2.320822 0.612558 3.545622 -2.574831 3.808445 0.356316 -0.422656 -0.138028 1.140472 -1.170978 0.436212 4.814864 -4.867129 -6.371169 -14.339192 4.022832 -1.951958 -71.214620 -7.635562 21.773041 2.977283 -20.168238 -9.186762 -7.246198 -20.983084 -22.504034 15.816956 -1.756071 -3.644962 65.441739 4.364269 13.520628 -5.962536 27.028067 -10.100033 4.428205 14.264631 -15.675722 
-40.480492 -256.760132 97.745705 177.171682 0.551572 89.706493 1.825486 4.155092 3.828695 3.597192 3.813918 -5.157099 -6.675400 11.438885 0.885149 nan nan nan -1.884473 -5.856274 1.625017 1.064631 -7.988093 -4.258296 9.364066 -8.348973 4.408625 nan nan nan -1.201042 2.334644 0.593634 3.528432 -2.527310 3.754994 0.435462 -0.484632 -0.007688 1.132655 -1.210263 0.489199 4.803565 -4.752591 -6.514609 -14.252188 3.948614 -1.992245 -71.501935 -7.471668 21.761391 3.546766 -20.340258 -9.576273 -7.080176 -20.674888 -21.784126 15.804261 -1.696757 -3.750338 65.492623 4.509515 13.637095 -5.753415 26.546555 -10.336179 5.757742 14.141728 -16.420609 
-40.481113 -256.734436 97.732628 177.220047 0.510582 89.773121 1.764029 4.105598 3.771448 3.626937 3.835869 -5.142559 -6.678018 11.446280 0.835684 nan nan nan -1.932390 -5.894703 1.588410 1.067813 -8.022164 -4.266358 9.501350 -8.260437 4.387323 nan nan nan -1.216063 2.333314 0.471362 3.531009 -2.561410 3.868207 0.429262 -0.467152 -0.032311 1.127588 -1.198174 0.411599 4.721114 -4.760340 -6.447097 -14.314485 3.981408 -2.025869 -71.417148 -7.423381 21.802921 3.653673 -20.624903 -9.353982 -6.693080 -20.223238 -21.317097 15.824242 -1.704425 -3.654709 65.559949 4.509406 13.553031 -6.281281 26.840576 -10.357299 4.531558 14.206750 -15.523871 
-40.478230 -256.704529 97.723534 177.252096 0.483393 89.738705 1.732548 4.056822 3.871122 3.630483 3.897562 -5.226505 -6.616722 11.461443 0.870389 nan nan nan -1.953166 -5.894852 1.698872 1.040702 -8.023538 -4.345104 9.519465 -8.230520 4.358603 nan nan nan -1.158225 2.306978 0.618251 3.484468 -2.605598 3.809701 0.376664 -0.384245 -0.115097 1.061359 -1.038032 0.357331 4.793911 -4.829218 -6.352379 -14.505420 4.148298 -2.118118 -71.144315 -7.685927 21.718625 3.036157 -19.905357 -9.429846 -7.729801 -21.003938 -21.645391 15.861115 -1.777785 -3.635280 65.484041 4.401602 13.409824 -6.318577 27.107438 -10.305892 4.791528 14.221832 -14.612372 
-40.463005 -256.677795 97.719017 177.301164 0.485626 89.664772 1.766831 4.050258 4.008821 3.617554 3.861709 -5.294197 -6.618625 11.426201 0.852560 nan nan nan -1.912382 -5.939213 1.878164 0.964047 -7.974572 -4.486361 9.519208 -8.267684 4.448274 nan nan nan -1.148009 2.294608 0.756373 3.499791 -2.617651 3.806121 0.370891 -0.371166 -0.139125 1.052103 -1.015433 0.217049 4.758486 -4.827719 -6.340996 -14.537753 4.193230 -2.123672 -71.081436 -7.755116 21.686156 2.898470 -19.793163 -9.410599 -7.260063 -21.318153 -21.680839 15.858075 -1.917105 -3.700260 65.401099 4.388244 13.317028 -6.068617 27.232291 -10.161027 4.608363 14.265251 -14.340280 
-40.443115 -256.648224 97.716431 177.327248 0.484018 89.651672 1.790818 4.067020 4.089415 3.600744 3.857406 -5.360892 -6.630273 11.393143 0.810467 nan nan nan -1.913478 -6.000157 1.994222 0.985467 -7.915860 -4.623670 9.492365 -8.259462 4.528498 nan nan nan -1.184233 2.317803 0.715683 3.532550 -2.633692 3.897771 0.364792 -0.382702 -0.126871 1.098589 -1.009430 0.048332 4.717800 -4.822754 -6.320800 -14.512965 4.162848 -2.069855 -71.074567 -7.716584 21.664869 2.956522 -19.945997 -9.328648 -7.289882 -21.276318 -21.658542 15.912664 -1.927455 -3.673620 65.318071 4.402888 13.289516 -6.070008 27.414011 -10.045004 4.721699 14.173716 -14.277866 
-40.435196 -256.637695 97.711143 177.328748 0.471716 89.719118 1.750065 3.984923 4.032431 3.622920 3.934276 -5.380539 -6.577753 11.446535 0.795468 nan nan nan -1.921261 -5.990513 1.963710 1.007208 -7.908781 -4.687259 9.433966 -8.248267 4.489392 nan nan nan -1.187836 2.339914 0.649110 3.530388 -2.655163 3.964301 0.352433 -0.375192 -0.174253 1.115150 -1.040628 -0.048892 4.715828 -4.835308 -6.214398 -14.475838 4.152852 -2.044398 -71.078681 -7.688733 21.694624 2.938819 -19.951607 -9.230902 -7.513348 -21.261718 -21.609291 15.929650 -1.885374 -3.650375 65.242491 4.435059 13.330763 -6.041313 27.452801 -10.061262 4.944605 14.263622 -14.365164 
-40.428776 -256.622162 97.707314 177.296126 0.460936 89.794282 1.697787 3.871688 4.005786 3.673561 4.013470 -5.464278 -6.561837 11.500701 0.851534 nan nan nan -1.935413 -5.981400 1.898930 1.031172 -7.970689 -4.702286 9.462407 -8.208038 4.439174 nan nan nan -1.174323 2.346346 0.517823 3.515678 -2.667636 4.073099 0.340429 -0.351466 -0.225321 1.134975 -1.016762 0.000368 4.690638 -4.895704 -6.183501 -14.384608 4.200897 -2.035701 -71.185384 -7.660968 21.730728 3.081641 -20.052234 -9.238774 -7.540175 -21.070295 -21.258341 15.857095 -1.832944 -3.577949 65.371293 4.415228 13.398932 -6.238096 27.466438 -10.338880 4.876482 14.342647 -14.561240 
-40.420135 -256.612030 97.711838 177.307112 0.432443 89.869564 1.640441 3.784226 3.935915 3.735450 3.997671 -5.447865 -6.578241 11.528451 0.856179 nan nan nan -1.987258 -6.015204 1.842252 1.078986 -8.019081 -4.710709 9.464825 -8.154029 4.481302 nan nan nan -1.209814 2.368404 0.420623 3.534577 -2.669069 4.133082 0.366786 -0.402070 -0.257605 1.138752 -1.043997 0.015179 4.629356 -4.833330 -6.247286 -14.316887 4.258507 -2.025626 -71.274501 -7.517692 21.737309 3.346707 -20.524981 -9.349314 -7.741514 -20.370186 -20.810354 15.859165 -1.815543 -3.511345 65.300570 4.572374 13.491315 -6.180266 27.392843 -10.262250 4.929291 14.266637 -14.509936 
-40.408375 -256.599854 97.720001 177.281318 0.432014 89.924714 1.660721 3.867317 3.899073 3.720815 4.007387 -5.457563 -6.714979 11.435301 0.852463 nan nan nan -2.004705 -6.021495 1.790747 1.128237 -8.057816 -4.691622 9.455602 -8.111379 4.455813 nan nan nan -1.166384 2.399287 0.394472 3.516086 -2.615032 4.133032 0.361141 -0.436709 -0.281724 1.052676 -0.968091 -0.027288 4.707994 -4.809458 -6.301938 -14.503103 4.297757 -2.042123 -71.105023 -7.695003 21.690026 2.948382 -20.130073 -9.590981 -8.092911 -20.991849 -21.357304 15.830341 -1.867926 -3.472192 65.387804 4.700853 13.414789 -6.281565 27.243504 -10.353461 5.110894 14.510304 -14.533712 
-40.406368 -256.581787 97.728203 177.228419 0.468717 89.890468 1.724098 3.895006 4.002960 3.669539 4.055806 -5.531012 -6.738504 11.391375 0.885582 nan nan nan -1.985369 -6.080460 1.818055 1.159921 -8.075676 -4.654429 9.399824 -8.103829 4.469057 nan nan nan -1.093112 2.404573 0.432180 3.513276 -2.566426 4.158055 0.362672 -0.433693 -0.253809 1.081326 -0.862679 -0.075688 4.612327 -4.815848 -6.317148 -14.419804 4.321755 -2.127396 -71.393675 -7.621120 21.709655 3.216059 -20.197434 -9.802440 -6.772427 -20.573096 -21.058009 15.747383 -1.820785 -3.568969 65.518594 4.699438 13.554969 -6.421619 27.109575 -10.519682 4.664853 14.607190 -14.786163 
-40.386013 -256.549835 97.725121 177.206278 0.454827 89.895792 1.727266 3.878389 4.028676 3.655868 4.146328 -5.539731 -6.724308 11.369026 0.911321 nan nan nan -1.998243 -6.098952 1.862030 1.194272 -8.082927 -4.745644 9.365183 -8.096092 4.564685 nan nan nan -1.102250 2.401965 0.362563 3.495171 -2.566598 4.306415 0.346053 -0.412365 -0.307288 1.186804 -0.695734 -0.089681 4.563803 -4.884217 -6.337010 -14.296774 4.294164 -2.221836 -71.430039 -7.313138 21.859287 3.653087 -20.584491 -9.202537 -6.638878 -20.619697 -20.517653 15.780377 -1.704290 -3.656008 65.629278 4.638058 13.712157 -6.657539 26.979652 -10.651039 4.569860 14.633816 -14.926840 
-40.372097 -256.521698 97.708466 177.279000 0.435865 89.938284 1.684903 3.741824 3.987124 3.705527 4.148280 -5.527376 -6.652320 11.486432 0.912245 nan nan nan -1.972339 -6.014378 1.877668 1.156637 -8.051296 -4.806825 9.297353 -8.188231 4.608265 nan nan nan -1.122835 2.373560 0.332957 3.469319 -2.618797 4.243584 0.338142 -0.398006 -0.199772 1.254697 -0.667467 -0.220531 4.585582 -4.838883 -6.293616 -14.219500 4.260266 -2.314162 -71.416968 -7.131685 21.940361 3.779895 -20.780249 -8.919751 -6.753493 -20.550400 -20.540904 15.830543 -1.657902 -3.711660 65.645864 4.647754 13.800214 -6.750277 26.955585 -10.686156 4.658911 14.533244 -15.000961 
-40.373016 -256.498199 97.690689 177.347031 0.407769 89.973168 1.599729 3.638884 3.973040 3.793983 4.087954 -5.550643 -6.619386 11.642927 0.874894 nan nan nan -1.993255 -5.968399 1.868454 1.140161 -7.978008 -4.793530 9.338671 -8.234555 4.576912 nan nan nan -1.150649 2.409077 0.378090 3.452467 -2.592442 4.023569 0.382470 -0.453097 -0.043240 1.201507 -0.866866 -0.324254 4.640609 -4.765502 -6.211716 -14.332026 4.229950 -2.376694 -71.367620 -7.244056 21.887929 3.523971 -20.523617 -9.129102 -6.783342 -20.633980 -21.036864 15.807571 -1.765011 -3.730203 65.468925 4.640146 13.711175 -6.367072 27.185899 -10.260518 4.816817 14.312339 -14.699263 
-40.368515 -256.471161 97.674591 177.357396 0.378414 89.973528 1.545489 3.596645 4.028254 3.838031 4.018953 -5.618593 -6.677694 11.746762 0.877340 nan nan nan -2.049054 -5.979543 1.911126 1.195618 -7.883832 -4.826766 9.349050 -8.251135 4.535871 nan nan nan -1.074007 2.405104 0.522134 3.372139 -2.594287 3.870775 0.348836 -0.449840 -0.041524 1.121736 -0.931175 -0.497025 4.670906 -4.787272 -6.021027 -14.666040 4.419526 -2.455546 -71.072137 -7.652694 21.705256 2.895959 -19.698482 -9.318015 -6.934467 -21.410540 -21.429350 15.821599 -1.873849 -3.650030 65.330930 4.705579 13.578718 -5.979055 27.361909 -9.959937 4.878916 14.155499 -14.547361 
-40.352367 -256.454285 97.663628 177.365541 0.370097 89.985560 1.548412 3.530463 4.036642 3.839240 4.068752 -5.637711 -6.667645 11.746510 0.920424 nan nan nan -2.045112 -5.989497 1.911653 1.179024 -7.894763 -4.828442 9.383556 -8.253531 4.539726 nan nan nan -1.011611 2.337591 0.574604 3.345671 -2.668858 3.918739 0.269175 -0.407518 -0.150286 1.152752 -0.799234 -0.625844 4.574717 -4.805015 -5.900011 -14.640999 4.581770 -2.501510 -71.019347 -7.619877 21.709923 2.909216 -19.825170 -9.256357 -7.201003 -21.454920 -21.241481 15.845201 -1.874944 -3.608765 65.423537 4.808251 13.704612 -6.086797 27.252685 -10.150417 5.001375 14.091167 -14.548048 
-40.324459 -256.446503 97.661102 177.310690 0.367825 89.993009 1.568812 3.502220 4.064690 3.808724 4.164564 -5.665896 -6.634538 11.678385 0.925397 nan nan nan -2.024059 -5.979700 1.902436 1.152455 -7.886603 -4.857813 9.452439 -8.204666 4.614590 nan nan nan -1.015973 2.321405 0.615572 3.348168 -2.680378 4.009326 0.237316 -0.384341 -0.284522 1.256461 -0.714206 -0.730279 4.496548 -4.867343 -5.854287 -14.558962 4.640050 -2.461514 -71.092564 -7.518156 21.772600 3.273368 -20.094108 -9.208592 -7.865731 -21.321121 -20.901414 15.831897 -1.840461 -3.630240 65.645239 4.855945 13.885270 -6.478698 27.049350 -10.467871 5.350136 14.108913 -14.585194 
-40.289654 -256.445190 97.668953 177.272149 0.362477 89.990472 1.608551 3.545184 4.073834 3.761847 4.184650 -5.650000 -6.636564 11.625010 0.919416 nan nan nan -2.011499 -6.015273 1.898952 1.149407 -7.868397 -4.871056 9.384769 -8.225024 4.657989 nan nan nan -1.055212 2.378421 0.704543 3.366126 -2.658584 4.040178 0.224038 -0.351109 -0.383616 1.318381 -0.743048 -0.836211 4.485428 -4.921670 -5.840811 -14.562780 4.583666 -2.383717 -71.107562 -7.614820 21.843530 3.418816 -20.018851 -9.386759 -9.068201 -21.064290 -20.886071 15.928568 -1.864255 -3.786276 65.663961 4.696421 13.985386 -6.756439 27.071276 -10.693543 5.905560 14.037055 -14.484306 
-40.255070 -256.441681 97.682106 177.243622 0.394269 89.984936 1.689366 3.590037 4.090326 3.722275 4.235337 -5.641057 -6.614540 11.565405 0.972924 nan nan nan -1.951113 -6.028098 1.867879 1.140121 -7.916448 -4.783165 9.237554 -8.229954 4.603391 nan nan nan -1.108195 2.414842 0.735979 3.422763 -2.625022 4.111148 0.272480 -0.335633 -0.427576 1.373506 -0.723866 -0.889458 4.351537 -4.960193 -5.918172 -14.372117 4.346310 -2.297784 -71.336605 -7.318340 21.922256 4.192505 -20.591720 -9.267253 -9.190108 -20.471532 -20.384223 16.042565 -1.703165 -3.866154 65.622952 4.549723 13.977384 -7.108596 27.083724 -11.031708 6.077231 14.026996 -14.234813 
-40.216278 -256.432709 97.691788 177.183708 0.452440 89.950086 1.822640 3.678849 4.155189 3.644789 4.187389 -5.664757 -6.615780 11.619978 0.954936 nan nan nan -1.846371 -6.068678 1.905920 1.114211 -7.874320 -4.767504 9.202525 -8.200001 4.573175 nan nan nan -1.148337 2.412320 0.846475 3.479739 -2.585247 3.894239 0.347122 -0.266677 -0.219534 1.294439 -0.865636 -0.831625 4.399055 -4.914657 -6.086408 -14.493774 4.127729 -2.288307 -71.285032 -7.326294 21.871272 3.622907 -20.745051 -9.983538 -5.895925 -20.667540 -21.176694 16.140621 -1.573221 -3.914266 65.410113 4.516407 13.790963 -6.800354 27.110624 -11.091944 4.538187 14.542051 -14.201589 
-40.188236 -256.406708 97.694870 177.152322 0.484607 89.944282 1.929030 3.761567 4.177186 3.577522 4.231863 -5.636253 -6.717746 11.477302 0.887357 nan nan nan -1.812172 -6.143912 1.928670 1.149239 -7.857526 -4.756814 9.297541 -8.111393 4.538557 nan nan nan -1.150248 2.402236 0.827710 3.498426 -2.570912 3.877854 0.361015 -0.285091 -0.123231 1.328575 -0.756044 -0.921099 4.388807 -4.946892 -6.099078 -14.493676 4.169717 -2.288800 -71.207494 -7.374322 21.843737 3.817870 -20.712938 -9.565855 -6.564399 -20.355779 -20.037004 16.186718 -1.607823 -3.829641 65.436948 4.664690 13.666891 -6.888600 27.140983 -11.097494 4.741276 14.548638 -13.865950 
-40.171219 -256.371002 97.690353 177.183354 0.477191 89.929459 1.943525 3.775497 4.229223 3.590643 4.225000 -5.661173 -6.794111 11.432655 0.895683 nan nan nan -1.829156 -6.183585 1.984840 1.170326 -7.890742 -4.758463 9.301148 -8.057821 4.495324 nan nan nan -1.167549 2.392232 0.855862 3.498412 -2.585530 3.854225 0.357462 -0.336744 -0.087642 1.399077 -0.730978 -1.022127 4.411818 -4.936171 -6.040194 -14.510498 4.242178 -2.342504 -71.184341 -7.422402 21.836647 3.521722 -20.678170 -9.835606 -5.687337 -20.495817 -20.318999 16.220674 -1.672410 -3.835584 65.392045 4.695542 13.714083 -6.702115 27.218537 -10.992832 4.049664 14.768976 -13.842709 
-40.147953 -256.349854 97.679459 177.151909 0.491233 89.938890 1.963654 3.771289 4.225965 3.613876 4.261144 -5.643471 -6.780145 11.454871 0.890113 nan nan nan -1.772396 -6.101657 1.990027 1.107322 -7.880492 -4.795030 9.317212 -8.088157 4.582236 nan nan nan -1.105851 2.350826 0.951411 3.474602 -2.597817 3.879125 0.291439 -0.313648 -0.237213 1.529725 -0.725572 -1.154373 4.384293 -5.012598 -5.847100 -14.542616 4.426367 -2.417329 -71.108547 -7.445863 21.869270 3.327478 -20.632342 -9.860014 -5.444596 -20.803393 -20.654752 16.207789 -1.751195 -3.771022 65.420741 4.738257 13.787431 -6.564259 27.291597 -11.005974 3.835753 14.911417 -14.028105 
-40.134621 -256.339630 97.667870 177.140478 0.489782 89.963078 1.946123 3.801269 4.201018 3.655594 4.285100 -5.659811 -6.785655 11.466915 0.902555 nan nan nan -1.774760 -6.064689 1.934619 1.111249 -7.889762 -4.762003 9.443208 -8.072147 4.574716 nan nan nan -1.029049 2.296770 1.071102 3.451438 -2.598003 3.827004 0.270513 -0.335263 -0.340537 1.472333 -0.798623 -1.248013 4.359475 -5.056837 -5.743257 -14.656278 4.655640 -2.425269 -71.020174 -7.606735 21.820402 3.157148 -20.501305 -9.874246 -5.787251 -21.007627 -20.687151 16.112343 -1.902735 -3.608954 65.426035 4.891334 13.699929 -6.278599 27.519170 -10.982088 3.922425 14.780156 -14.181548 
-40.113537 -256.337860 97.660133 177.148411 0.498164 89.999666 1.949495 3.790595 4.156800 3.688172 4.298007 -5.663910 -6.822112 11.477037 0.899672 nan nan nan -1.742964 -6.022468 1.837280 1.116139 -7.871681 -4.629203 9.387870 -8.059395 4.397871 nan nan nan -0.991448 2.269987 1.174267 3.442417 -2.574059 3.680344 0.292935 -0.369302 -0.334513 1.382640 -0.813290 -1.331412 4.343713 -5.029583 -5.674502 -14.707996 4.733255 -2.432851 -71.036471 -7.715536 21.805583 3.115158 -20.375650 -10.007570 -5.920596 -21.078448 -20.791400 16.066503 -2.009149 -3.602197 65.415444 4.947471 13.712945 -6.110229 27.671527 -10.818290 3.905758 14.605585 -14.394269 
-40.087955 -256.325165 97.656792 177.133028 0.539316 90.029149 1.995580 3.752519 4.168912 3.723302 4.222136 -5.721139 -6.794808 11.561639 0.941744 nan nan nan -1.669324 -5.975194 1.815851 1.118787 -7.816159 -4.599193 9.260470 -8.126504 4.312472 nan nan nan -1.012367 2.267438 1.167448 3.471368 -2.558345 3.644313 0.346326 -0.355781 -0.302787 1.371000 -0.811681 -1.375109 4.348945 -5.018371 -5.669236 -14.724356 4.647753 -2.481525 -71.065107 -7.668954 21.766969 3.198654 -20.406339 -10.032443 -6.149684 -20.954805 -20.770973 16.126658 -1.952970 -3.676570 65.295252 4.910240 13.697098 -6.066035 27.712774 -10.655864 4.095705 14.515967 -14.313296 
-40.075085 -256.295532 97.639130 177.112423 0.551452 90.015574 2.021569 3.810493 4.236548 3.737534 4.076310 -5.793013 -6.809384 11.623827 0.990366 nan nan nan -1.658848 -5.945100 1.914597 1.138235 -7.713011 -4.701295 9.174527 -8.217933 4.366954 nan nan nan -1.040592 2.260901 1.138264 3.485391 -2.542477 3.665922 0.400648 -0.325197 -0.197728 1.365568 -0.822976 -1.496989 4.325479 -5.003038 -5.759599 -14.752479 4.484906 -2.552859 -71.063025 -7.566831 21.764097 3.355426 -20.525538 -9.865844 -6.413214 -20.819743 -20.896443 16.193084 -1.821672 -3.767037 65.080090 4.854876 13.649479 -5.906502 27.803896 -10.418968 4.242727 14.435183 -14.444104 
-40.072762 -256.271210 97.624794 177.062390 0.534619 90.014030 1.992196 3.825082 4.286401 3.755594 4.133730 -5.830887 -6.831180 11.604034 0.974762 nan nan nan -1.692134 -5.934785 1.942050 1.155373 -7.692649 -4.726860 9.213278 -8.153875 4.384861 nan nan nan -1.013116 2.245223 1.154714 3.477403 -2.543256 3.641785 0.410269 -0.336828 -0.146613 1.269978 -0.769739 -1.583226 4.283929 -5.012452 -5.726506 -14.799002 4.488330 -2.571558 -71.077678 -7.552340 21.776347 3.467246 -20.501852 -9.811166 -6.467519 -20.782229 -20.820948 16.148939 -1.759063 -3.723508 65.105009 4.787650 13.660293 -6.017112 27.929920 -10.607608 4.231051 14.535076 -14.409865 
-40.058712 -256.254486 97.619560 177.054504 0.528012 90.076188 1.981718 3.767001 4.253321 3.752937 4.224101 -5.846018 -6.878103 11.605616 0.943986 nan nan nan -1.694624 -5.899358 1.892372 1.179011 -7.720043 -4.744717 9.220237 -8.116514 4.381925 nan nan nan -0.976973 2.226890 1.197175 3.484761 -2.549479 3.584507 0.408680 -0.394039 -0.213381 1.168621 -0.762859 -1.572693 4.269651 -4.986474 -5.668525 -14.890513 4.604042 -2.607688 -71.014262 -7.512197 21.808143 3.449909 -20.485936 -9.780089 -6.555838 -20.873560 -20.879069 16.133971 -1.781560 -3.710694 65.097889 4.855000 13.742644 -6.009100 27.849995 -10.638727 4.316558 14.613750 -14.413528 
-40.037758 -256.238190 97.621498 177.051034 0.535167 90.137540 1.996392 3.752223 4.195843 3.736770 4.248522 -5.822827 -6.889653 11.624063 0.879709 nan nan nan -1.658346 -5.875716 1.817859 1.165250 -7.704396 -4.720250 9.212158 -8.175545 4.310115 nan nan nan -0.956038 2.226849 1.152579 3.491292 -2.566656 3.607628 0.395756 -0.434260 -0.237205 1.196511 -0.756350 -1.604761 4.281788 -4.930309 -5.689754 -14.970820 4.661845 -2.689203 -70.957870 -7.496830 21.822599 3.446104 -20.392359 -9.869266 -6.890114 -20.691215 -20.973966 16.171317 -1.796537 -3.744896 65.087971 4.988772 13.830314 -6.031569 27.713854 -10.579559 4.473328 14.503160 -14.542131 
-40.007931 -256.219940 97.621300 177.019324 0.540060 90.195585 2.010825 3.708059 4.147379 3.723045 4.299599 -5.825595 -6.867297 11.614655 0.886767 nan nan nan -1.628740 -5.838201 1.758395 1.159732 -7.732218 -4.724043 9.145426 -8.215610 4.332384 nan nan nan -0.970119 2.229752 1.115890 3.506129 -2.583209 3.685895 0.376712 -0.458280 -0.322432 1.307713 -0.723677 -1.811551 4.274022 -4.991971 -5.568758 -14.920074 4.707052 -2.675899 -71.041748 -7.563648 21.861913 3.558978 -20.191624 -10.011423 -7.665218 -20.470465 -20.880326 16.184835 -1.769759 -3.657683 65.165170 5.053330 13.989832 -6.285902 27.706778 -10.614340 4.851882 14.367417 -14.540650 
-39.952629 -256.204224 97.613861 176.892814 0.519813 90.237034 2.020384 3.775205 4.129654 3.707681 4.383487 -5.828016 -6.910861 11.569681 0.904809 nan nan nan -1.607640 -5.780975 1.669415 1.133088 -7.753754 -4.655854 9.171052 -8.187897 4.272192 nan nan nan -1.016747 2.238868 1.096979 3.512767 -2.557335 3.763755 0.351132 -0.459265 -0.421568 1.383178 -0.647023 -1.973253 4.248704 -5.053374 -5.403943 -14.829297 4.818207 -2.647166 -71.089266 -7.655775 21.932598 3.516555 -20.117993 -10.042518 -7.617521 -20.393867 -20.827907 16.178736 -1.761687 -3.578460 65.246691 5.155589 14.265589 -6.302287 27.603728 -10.655830 4.399663 14.507496 -14.852408 
-39.892986 -256.203186 97.597069 176.782850 0.506009 90.310723 2.077198 3.924828 4.018471 3.647836 4.437705 -5.752620 -7.008617 11.487898 0.897752 nan nan nan -1.544272 -5.735469 1.493518 1.059243 -7.746149 -4.491417 9.200557 -8.183991 4.107523 nan nan nan -1.092954 2.250906 1.116875 3.521765 -2.495577 3.694669 0.382952 -0.453736 -0.456098 1.425655 -0.578341 -2.026375 4.209398 -5.043577 -5.339357 -14.787549 4.875734 -2.633514 -71.104053 -7.730891 21.940154 3.434398 -20.098416 -10.071705 -7.290126 -20.379475 -20.808672 16.237102 -1.793587 -3.503418 65.182166 5.258675 14.342551 -6.141817 27.578506 -10.644876 3.982154 14.639797 -15.162320 
-39.880455 -256.184570 97.582329 176.749121 0.496975 90.345831 2.097617 3.981334 3.967675 3.618175 4.480569 -5.706989 -7.068863 11.423393 0.885521 nan nan nan -1.523609 -5.749927 1.444957 1.038729 -7.744111 -4.436226 9.167676 -8.161612 4.046095 nan nan nan -1.096027 2.265186 1.088399 3.514496 -2.463797 3.694178 0.413913 -0.467718 -0.439337 1.435509 -0.568453 -2.069222 4.165249 -5.060315 -5.357153 -14.813337 4.848694 -2.703893 -71.100223 -7.777890 21.943774 3.344871 -19.972532 -10.097180 -7.113349 -20.536051 -20.873152 16.238063 -1.819283 -3.489486 65.161936 5.325539 14.254481 -6.133422 27.532920 -10.734004 3.885382 14.810329 -15.217453 
-39.901939 -256.163177 97.579865 176.824320 0.515109 90.336412 2.112161 3.914199 4.003619 3.630383 4.450146 -5.744715 -7.062898 11.396382 0.926770 nan nan nan -1.566367 -5.814009 1.525031 1.171290 -7.779317 -4.514105 9.052116 -8.120864 4.138400 nan nan nan -0.994382 2.244250 1.064663 3.498438 -2.526850 3.720223 0.417257 -0.483359 -0.350702 1.331869 -0.609855 -2.085665 4.157571 -5.032174 -5.479648 -14.917858 4.675732 -2.745575 -70.987725 -7.765187 21.977137 3.282403 -19.930976 -10.096383 -6.966776 -20.827844 -21.129166 16.207392 -1.707933 -3.578078 65.148178 5.181097 14.209763 -6.312573 27.591683 -10.773519 4.063048 14.905387 -15.105649 
-39.888283 -256.164032 97.578880 176.744614 0.515736 90.365991 2.135757 3.928022 3.977054 3.595273 4.490143 -5.732436 -7.015306 11.437890 0.912184 nan nan nan -1.595355 -5.789860 1.460494 1.226719 -7.782584 -4.494955 9.030656 -8.072758 4.204870 nan nan nan -0.993584 2.232974 1.087971 3.503932 -2.532317 3.723453 0.438783 -0.457201 -0.318362 1.278735 -0.606465 -2.076160 4.181666 -5.006228 -5.638452 -15.014755 4.614086 -2.811750 -70.902374 -7.705851 22.010800 3.322781 -19.991594 -10.103777 -6.955899 -20.947257 -21.390088 16.302138 -1.574653 -3.635395 65.049972 5.076106 14.267938 -6.483561 27.661996 -10.774974 4.188536 14.855938 -14.959300 
-39.831516 -256.158051 97.569847 176.568024 0.544794 90.429563 2.231169 4.062606 3.938961 3.534815 4.556237 -5.731888 -7.016591 11.440226 0.948999 nan nan nan -1.508978 -5.712011 1.283525 1.177800 -7.825235 -4.389098 9.009709 -8.078700 4.238783 nan nan nan -1.078373 2.221510 1.062728 3.551167 -2.438920 3.666035 0.491660 -0.439752 -0.224154 1.345066 -0.449809 -2.136579 4.161959 -5.007411 -5.660887 -14.964106 4.719462 -2.957732 -70.996057 -7.636258 22.026696 3.418496 -20.054979 -9.900662 -7.126446 -20.942676 -21.409054 16.447434 -1.572765 -3.763660 64.973026 5.094071 14.319905 -6.599128 27.618379 -10.898619 4.514199 14.810025 -14.757367 
-39.781105 -256.133728 97.557167 176.465323 0.605498 90.492970 2.358168 4.142581 3.890814 3.485584 4.555582 -5.699234 -7.058920 11.467799 0.884658 nan nan nan -1.386578 -5.667919 1.183127 1.152956 -7.726480 -4.321969 8.987591 -8.091319 4.165957 nan nan nan -1.066251 2.229463 1.031477 3.574350 -2.374489 3.565177 0.488618 -0.446140 -0.129962 1.428924 -0.395728 -2.206233 4.139256 -4.983709 -5.639944 -14.833481 4.789764 -2.984806 -71.161696 -7.624373 22.046245 3.499835 -20.147040 -9.820524 -6.921753 -20.671464 -21.291188 16.323274 -1.671986 -3.826274 64.952350 5.116955 14.440188 -6.208746 27.676162 -10.505111 4.390250 14.766979 -15.235157 
-39.764877 -256.106781 97.571487 176.502755 0.638952 90.505100 2.402311 4.061193 3.916446 3.485442 4.588241 -5.720498 -7.050359 11.480419 0.880207 nan nan nan -1.347735 -5.637875 1.257357 1.174353 -7.626966 -4.362185 9.080982 -8.055359 4.064022 nan nan nan -1.018969 2.262947 1.054962 3.610135 -2.399497 3.509247 0.483317 -0.500772 -0.156945 1.386398 -0.455737 -2.078254 4.156154 -5.078055 -5.705875 -14.843438 4.763138 -2.814081 -71.230987 -7.760656 21.938450 3.652115 -20.103938 -10.001034 -7.406041 -20.565655 -20.917988 16.331971 -1.693324 -3.836187 65.255659 5.048362 14.459270 -6.941763 27.499541 -10.758978 4.804736 14.774474 -15.237513 
-39.749454 -256.079865 97.581932 176.560454 0.626064 90.426245 2.404819 4.026586 4.023077 3.493477 4.521937 -5.718713 -7.063768 11.490455 0.797382 nan nan nan -1.361247 -5.668381 1.384351 1.148312 -7.583320 -4.357624 9.239245 -8.047946 3.992238 nan nan nan -0.984784 2.242422 1.205113 3.611181 -2.431826 3.427087 0.475017 -0.556175 -0.122352 1.271393 -0.541263 -2.113678 4.209838 -5.026544 -5.692134 -14.843429 4.775500 -2.800171 -71.154168 -7.743108 22.042053 3.549652 -20.314009 -9.930050 -6.958069 -20.509231 -21.288363 16.297568 -1.803717 -3.861849 64.952175 4.961822 14.472115 -6.313540 27.893990 -10.510898 4.275020 14.751159 -15.403176 
-39.739407 -256.061310 97.581779 176.579436 0.576725 90.443409 2.334912 3.904180 4.030902 3.516217 4.596178 -5.719603 -7.038327 11.492014 0.738318 nan nan nan -1.414898 -5.665340 1.376719 1.155939 -7.633984 -4.351604 9.255738 -8.059758 3.941590 nan nan nan -0.999565 2.216170 1.268571 3.587605 -2.449107 3.292667 0.464098 -0.561750 -0.013132 1.282264 -0.553171 -2.252927 4.214074 -5.054607 -5.580426 -14.876568 4.829925 -2.789980 -71.030666 -7.765497 22.044320 3.508306 -20.545540 -9.738858 -7.158976 -20.940329 -21.256186 16.489141 -1.863929 -3.856727 65.056182 5.145994 14.414928 -6.826464 27.633493 -10.737502 4.576381 14.793192 -14.998208 
-39.706635 -256.044403 97.585953 176.494426 0.541079 90.450517 2.339312 3.953449 4.067464 3.455462 4.614247 -5.733410 -7.056741 11.465646 0.713257 nan nan nan -1.469099 -5.678827 1.353639 1.214530 -7.605874 -4.317408 9.285791 -8.027139 3.878409 nan nan nan -1.048738 2.238098 1.358993 3.559262 -2.382566 3.162844 0.512232 -0.565586 0.064620 1.302929 -0.589005 -2.304352 4.225324 -5.095172 -5.584402 -15.021690 4.871790 -2.898618 -70.754653 -7.832696 22.064760 3.064801 -20.516014 -9.608232 -7.183530 -21.491372 -21.296340 16.464024 -1.916215 -3.885016 64.867098 5.093941 14.370614 -6.419700 27.823815 -10.469036 4.502756 14.823017 -15.030940 
-39.673798 -256.021362 97.594810 176.447860 0.542623 90.473309 2.385888 3.990656 4.060308 3.400066 4.605862 -5.717454 -7.062057 11.451189 0.728034 nan nan nan -1.454467 -5.704061 1.325713 1.224425 -7.621670 -4.306953 9.306203 -8.029962 3.926343 nan nan nan -1.065115 2.232203 1.338808 3.547450 -2.391174 3.182664 0.544307 -0.513035 0.036930 1.254351 -0.577767 -2.273265 4.226189 -5.137167 -5.647411 -15.074352 4.750194 -2.885660 -70.734918 -7.870059 22.038923 2.997134 -20.174621 -9.810154 -7.351328 -21.685370 -21.413568 16.392710 -1.852780 -3.880432 64.890306 4.918030 14.273434 -6.401367 27.974636 -10.472255 4.551247 14.803190 -14.984961 
-39.658974 -255.990005 97.585152 176.453202 0.513398 90.467500 2.366791 4.012054 4.048288 3.402722 4.605951 -5.654109 -7.038840 11.411525 0.716143 nan nan nan -1.508871 -5.799345 1.332038 1.266155 -7.556449 -4.266619 9.266585 -7.992270 3.872087 nan nan nan -1.008742 2.196071 1.339073 3.494520 -2.454705 3.191633 0.503726 -0.496895 0.058571 1.212963 -0.596220 -2.389369 4.183816 -5.055226 -5.625875 -15.084584 4.685541 -2.885796 -70.711045 -7.790444 22.075654 3.067455 -20.185650 -9.829299 -6.925758 -21.545229 -21.569075 16.351502 -1.807237 -3.871790 64.775519 4.881906 14.297171 -6.062827 28.133441 -10.266705 4.193158 14.696879 -15.145695 
-39.639618 -255.952225 97.573303 176.432250 0.514626 90.473187 2.369304 4.087548 4.035738 3.451406 4.579264 -5.629680 -7.079305 11.331813 0.675651 nan nan nan -1.541863 -5.874814 1.293845 1.323189 -7.480281 -4.132157 9.212498 -7.884693 3.716191 nan nan nan -0.910731 2.140510 1.355129 3.463986 -2.502377 3.145484 0.459207 -0.493624 0.081371 1.178136 -0.543356 -2.510008 4.102185 -5.004869 -5.533610 -15.147365 4.652457 -2.913950 -70.592697 -7.687990 22.098174 3.016390 -20.319324 -9.877725 -6.059599 -21.537181 -21.695708 16.362558 -1.751136 -3.876718 64.613658 4.867663 14.356258 -5.743353 28.216584 -10.120832 3.468281 14.740480 -15.575080 
-39.618690 -255.918243 97.563148 176.483072 0.506768 90.472487 2.403184 4.135067 4.020001 3.440938 4.561614 -5.602715 -7.146742 11.259074 0.648590 nan nan nan -1.579740 -5.933546 1.296098 1.358769 -7.497188 -4.044545 9.316207 -7.736705 3.628494 nan nan nan -0.869285 2.094123 1.373078 3.457659 -2.562715 3.143138 0.433894 -0.504071 0.058500 1.139746 -0.427721 -2.526892 4.125718 -5.012438 -5.563576 -15.122884 4.580799 -2.900209 -70.602392 -7.692663 22.122949 3.029634 -20.280774 -10.001931 -5.501350 -21.659950 -21.853534 16.332218 -1.727345 -3.892959 64.646997 4.862393 14.383796 -5.762254 28.097901 -10.199522 3.048543 14.902345 -15.787996 
-39.603405 -255.900345 97.547028 176.558762 0.511207 90.535625 2.416632 4.031148 3.935197 3.441033 4.521477 -5.582920 -7.147019 11.329416 0.635877 nan nan nan -1.560421 -5.990761 1.197886 1.374468 -7.510933 -3.948299 9.240347 -7.697340 3.602757 nan nan nan -0.819457 2.100857 1.337233 3.443941 -2.572600 3.103185 0.414854 -0.548766 0.101198 1.111817 -0.392739 -2.561336 4.163970 -4.986612 -5.501108 -15.084343 4.531620 -2.872470 -70.682002 -7.842109 22.093812 3.134504 -20.218252 -10.129778 -5.784159 -21.621797 -21.525664 16.337678 -1.827367 -3.960836 64.681564 4.985785 14.303334 -5.745697 27.773105 -10.211385 3.347048 14.938300 -15.478809 
-39.573036 -255.886353 97.524719 176.556465 0.530256 90.638840 2.465299 3.970255 3.788608 3.411732 4.568837 -5.504453 -7.155500 11.395870 0.619554 nan nan nan -1.475347 -5.984052 1.058623 1.325459 -7.554239 -3.925954 9.183808 -7.762871 3.664145 nan nan nan -0.772361 2.108052 1.334965 3.436638 -2.516571 2.918976 0.419227 -0.581420 0.186233 1.087459 -0.456077 -2.514001 4.163532 -5.023258 -5.473035 -15.072348 4.591931 -2.864993 -70.766669 -7.974911 22.028955 3.288500 -20.238800 -10.127108 -6.550133 -21.483058 -21.054235 16.242906 -1.974837 -3.987821 64.795574 5.082725 14.235840 -5.711871 27.571670 -10.081926 3.788199 14.889943 -15.221592 
-39.526340 -255.854233 97.508293 176.501665 0.516021 90.620675 2.525375 3.993248 3.823874 3.328305 4.586015 -5.461996 -7.137854 11.421823 0.534291 nan nan nan -1.473345 -5.979178 1.108946 1.317214 -7.611796 -4.005453 9.438133 -7.756133 3.793165 nan nan nan -0.761032 2.138800 1.440263 3.439845 -2.463284 2.787148 0.391009 -0.562666 0.251625 1.110099 -0.573416 -2.486293 4.141611 -5.089923 -5.415652 -15.060513 4.638570 -2.839957 -70.788364 -8.114004 22.076958 3.396915 -20.263054 -10.165095 -7.008192 -21.364152 -20.917362 16.180030 -2.124885 -4.081285 64.950061 4.989229 14.268406 -5.831181 27.576098 -10.045497 3.941759 14.815660 -15.170496 
-39.409664 -255.818604 97.492477 176.284667 0.574951 90.589943 2.781632 4.191636 3.934322 3.135899 4.648403 -5.504549 -7.220114 11.372998 0.555289 nan nan nan -1.281290 -5.848609 1.085221 1.199766 -7.521347 -3.923234 9.558977 -7.697012 3.784400 nan nan nan -0.844431 2.207690 1.508383 3.495985 -2.360493 2.793413 0.446857 -0.506435 0.237156 1.190967 -0.465055 -2.492146 4.084996 -5.242646 -5.429817 -14.976821 4.538329 -2.860031 -70.806700 -8.076102 22.257565 3.381145 -20.194700 -10.105069 -6.518935 -21.332896 -21.338556 16.190806 -2.030231 -4.148229 65.012085 4.772452 14.358360 -5.981409 27.634015 -10.375980 3.390792 14.840677 -15.735815 
-39.335846 -255.744873 97.500847 176.285625 0.677077 90.568281 3.023396 4.244670 4.080979 3.014154 4.536599 -5.638385 -7.295424 11.417195 0.590348 nan nan nan -1.134458 -5.839526 1.221403 1.230977 -7.405559 -3.974512 9.344375 -7.680304 3.605713 nan nan nan -0.808846 2.215220 1.358318 3.557449 -2.399996 3.051399 0.462156 -0.486775 0.134257 1.235734 -0.397256 -2.489715 4.014070 -5.263647 -5.453145 -14.981859 4.438042 -2.815846 -70.835972 -8.048253 22.338754 3.355976 -20.056482 -10.037390 -5.828279 -21.388357 -21.829626 16.123635 -1.920369 -4.161133 65.042057 4.604666 14.395061 -6.096888 27.652955 -10.623305 2.876014 14.994201 -16.260097 
-39.279026 -255.690460 97.503365 176.358764 0.746841 90.587810 3.178833 4.234153 4.095611 2.939619 4.368654 -5.641467 -7.305398 11.528572 0.529195 nan nan nan -1.026545 -5.895156 1.296167 1.265203 -7.376748 -4.031800 9.157463 -7.771052 3.507022 nan nan nan -0.771540 2.197530 1.246437 3.601542 -2.446957 3.182626 0.467544 -0.523061 0.079933 1.273892 -0.463991 -2.618332 3.922782 -5.253919 -5.339510 -15.023833 4.412364 -2.727790 -70.840362 -8.054451 22.293384 3.407506 -20.092675 -10.031933 -5.527472 -21.298348 -21.847737 16.098964 -1.873484 -4.156618 64.991668 4.571943 14.404670 -6.165397 27.601296 -10.507151 2.804608 14.905242 -16.330771 
-39.260567 -255.649933 97.502197 176.408375 0.773911 90.601444 3.153833 4.177784 4.107433 3.036121 4.197002 -5.642456 -7.260432 11.672203 0.464847 nan nan nan -0.984770 -5.910033 1.303138 1.270579 -7.388328 -3.999800 9.075789 -7.866640 3.399369 nan nan nan -0.653794 2.141872 1.229113 3.577399 -2.475389 3.110528 0.445907 -0.540891 0.126758 1.201045 -0.560523 -2.571429 3.916976 -5.190467 -5.259790 -15.144591 4.422969 -2.647773 -70.748242 -8.113286 22.090812 3.403178 -20.132360 -10.068699 -5.640349 -21.310392 -21.571379 16.056178 -1.837329 -4.063770 64.991317 4.666047 14.290473 -6.267024 27.423997 -10.251600 3.084730 14.763293 -16.059113 
-39.261009 -255.603424 97.511528 176.504038 0.792098 90.559740 3.130266 4.111142 4.149176 3.140172 4.104737 -5.596117 -7.376306 11.667730 0.408972 nan nan nan -1.021499 -5.903056 1.379487 1.374610 -7.514476 -3.945954 8.985228 -7.873255 3.319324 nan nan nan -0.530820 2.042321 1.260552 3.561838 -2.558391 3.078521 0.424894 -0.553603 0.154786 1.124697 -0.501650 -2.555056 3.927937 -5.176966 -5.203502 -15.258610 4.457979 -2.691887 -70.689039 -8.097053 21.907025 3.490693 -20.087304 -10.173229 -5.878785 -21.501336 -21.215189 16.138117 -1.699970 -3.963465 64.787729 4.734706 14.207574 -6.292386 27.302335 -10.078778 3.641714 14.888584 -15.703549 
-39.225662 -255.574570 97.512291 176.512776 0.784833 90.524913 3.146257 4.024414 4.200250 3.136529 4.124465 -5.559337 -7.346838 11.683503 0.329462 nan nan nan -1.016304 -5.862764 1.388898 1.376288 -7.542085 -3.833788 8.983409 -7.878360 3.239857 nan nan nan -0.540479 1.977358 1.323092 3.571526 -2.614978 3.146250 0.439937 -0.538956 0.105756 1.161796 -0.345370 -2.724264 3.885483 -5.125493 -5.103849 -15.210608 4.496736 -2.843424 -70.773396 -7.996339 21.859039 3.604397 -20.120977 -10.225819 -5.882250 -21.463765 -20.869644 16.206579 -1.653465 -3.982487 64.564920 4.825512 14.231339 -6.132826 27.190471 -9.910147 4.076649 15.025406 -15.440354 
-39.178352 -255.557266 97.499214 176.495797 0.745125 90.550577 3.148446 3.935586 4.188412 3.099348 4.247639 -5.545755 -7.331559 11.736830 0.314704 nan nan nan -1.015241 -5.762837 1.365335 1.361411 -7.510740 -3.809669 8.960673 -7.891559 3.200707 nan nan nan -0.563269 1.951622 1.378491 3.548975 -2.643360 3.175695 0.423924 -0.501923 0.022455 1.186945 -0.231473 -2.846173 3.808692 -5.147320 -5.004313 -15.061909 4.530364 -2.942102 -70.929599 -7.986429 21.904570 3.746098 -20.003665 -10.193045 -5.948642 -21.512878 -20.853796 16.218640 -1.678467 -4.072385 64.585869 4.824694 14.295522 -6.173225 27.034292 -9.875128 4.266779 15.076750 -15.290200 
-39.143990 -255.532349 97.495956 176.505530 0.699959 90.611779 3.148727 3.864502 4.133483 3.055738 4.276070 -5.528265 -7.338146 11.751352 0.318581 nan nan nan -1.022405 -5.709540 1.326805 1.343527 -7.479815 -3.826297 8.934918 -7.880439 3.243838 nan nan nan -0.561631 1.953803 1.338852 3.517680 -2.662732 3.182940 0.400044 -0.474843 -0.034702 1.198573 -0.193854 -2.802354 3.744193 -5.179863 -4.961897 -15.019778 4.447091 -2.920939 -70.975458 -8.022266 21.903427 3.902000 -19.857045 -10.382716 -6.221420 -21.538022 -20.833855 16.236595 -1.634765 -4.092563 64.657094 4.721957 14.248129 -6.386520 26.943594 -10.076015 4.451992 15.052003 -15.150656 
-39.102001 -255.499146 97.502426 176.484239 0.677481 90.642090 3.165924 3.793675 4.196332 3.029160 4.226623 -5.620418 -7.379235 11.810453 0.342935 nan nan nan -1.019377 -5.725045 1.338750 1.346350 -7.460576 -3.871832 9.057788 -7.851371 3.262066 nan nan nan -0.529637 1.986305 1.309192 3.496927 -2.666202 3.198674 0.382288 -0.442151 -0.097514 1.121470 -0.342914 -2.699728 3.761900 -5.196647 -4.974832 -15.154460 4.260513 -2.796762 -70.726313 -8.063390 21.887486 3.810116 -19.900988 -10.434390 -5.912122 -21.471859 -20.736681 16.285449 -1.582863 -4.041863 64.570924 4.561250 14.116646 -6.340175 27.101626 -10.089370 4.213401 15.081039 -15.082606 
-39.043114 -255.474091 97.504951 176.447533 0.639580 90.672519 3.201490 3.749702 4.222651 2.954037 4.267249 -5.647518 -7.368358 11.830520 0.302788 nan nan nan -1.013844 -5.737135 1.292845 1.307928 -7.503827 -3.850874 9.369387 -7.840394 3.381314 nan nan nan -0.562162 2.001657 1.321110 3.509908 -2.654342 3.171354 0.375046 -0.416091 -0.180522 1.040389 -0.422910 -2.549164 3.805433 -5.169535 -4.963843 -15.153070 4.185543 -2.678513 -70.622707 -8.125695 21.879116 3.733072 -19.911939 -10.480067 -5.846257 -21.395413 -20.706536 16.253477 -1.629420 -3.992705 64.614429 4.559518 14.049111 -6.315941 26.995362 -10.017824 3.952378 14.929280 -14.995169 
-38.988132 -255.411652 97.502884 176.508141 0.618889 90.662909 3.251698 3.723915 4.224362 2.923792 4.244114 -5.519829 -7.430118 11.785269 0.189728 nan nan nan -1.049070 -5.760012 1.361879 1.385845 -7.606530 -3.859912 9.540857 -7.806618 3.388537 nan nan nan -0.590201 2.019163 1.205082 3.527524 -2.680224 3.269369 0.372063 -0.445317 -0.185253 1.003524 -0.432264 -2.422364 3.876432 -5.156790 -4.968087 -15.055649 4.097344 -2.537178 -70.734454 -8.245853 21.793715 3.849253 -19.846140 -10.689677 -6.119872 -21.469932 -20.750304 16.185269 -1.627725 -3.942832 64.625115 4.589537 13.942709 -6.299517 26.832516 -10.041738 3.999165 14.965258 -15.059481 
-38.930489 -255.318344 97.509186 176.615052 0.618706 90.566121 3.372917 3.832203 4.328464 2.839483 4.146112 -5.430402 -7.546934 11.657112 0.080379 nan nan nan -1.075062 -5.847360 1.600319 1.491510 -7.616275 -3.910168 9.450212 -7.768794 3.190821 nan nan nan -0.598376 2.038622 1.182896 3.544778 -2.693951 3.362340 0.387808 -0.484978 -0.144144 1.064980 -0.482641 -2.430124 3.829566 -5.250750 -4.923179 -15.113408 4.094049 -2.517891 -70.711908 -8.344409 21.745289 3.842026 -19.842520 -10.786576 -6.010224 -21.467516 -20.624705 16.285288 -1.594014 -3.919670 64.328669 4.510793 13.866155 -6.157205 26.903844 -10.081960 4.063109 15.146793 -15.228350 
-38.853928 -255.240662 97.516434 176.625656 0.644131 90.481642 3.585102 4.017400 4.400725 2.644845 4.090996 -5.275082 -7.653194 11.486461 -0.007811 nan nan nan -1.035369 -5.848441 1.740774 1.541637 -7.520465 -3.824683 9.261232 -7.757161 2.905027 nan nan nan -0.580145 2.025520 1.265559 3.552104 -2.675208 3.336157 0.378495 -0.470514 -0.095345 1.175164 -0.466270 -2.524621 3.712705 -5.355884 -4.842230 -15.140388 4.196569 -2.572476 -70.671772 -8.365503 21.762944 3.803011 -19.910883 -10.738695 -5.937351 -21.345674 -20.853266 16.426556 -1.559371 -3.838910 64.083689 4.535635 13.867232 -6.114716 26.933243 -10.146542 4.049125 15.097226 -15.623937 
-38.774555 -255.191559 97.513390 176.585792 0.702898 90.493490 3.759828 4.086204 4.448808 2.538056 4.049208 -5.311307 -7.701449 11.454170 0.016763 nan nan nan -0.941019 -5.807789 1.737359 1.596354 -7.436654 -3.760851 9.126665 -7.756863 2.767708 nan nan nan -0.518473 2.006088 1.297962 3.556546 -2.663488 3.303923 0.370314 -0.431061 -0.105108 1.223673 -0.370669 -2.501797 3.629132 -5.333246 -4.876541 -15.135065 4.299053 -2.665487 -70.654721 -8.289671 21.810702 3.851931 -19.936969 -10.613918 -6.246974 -21.368042 -21.236625 16.417076 -1.585991 -3.831096 64.095084 4.534221 13.889850 -6.155622 26.873612 -10.132590 4.115645 14.993166 -15.895771 
-38.704544 -255.163681 97.509224 176.595322 0.753502 90.536555 3.840668 4.001035 4.515454 2.554217 3.950500 -5.485629 -7.676088 11.635293 0.043156 nan nan nan -0.834955 -5.811723 1.700385 1.600689 -7.450585 -3.724446 8.981693 -7.797610 2.726741 nan nan nan -0.498224 1.993202 1.260813 3.590718 -2.691463 3.395851 0.410333 -0.410678 -0.158250 1.214752 -0.284469 -2.408928 3.606607 -5.268743 -5.058638 -15.101664 4.277386 -2.750378 -70.644236 -8.171276 21.883352 3.926242 -20.053628 -10.523667 -6.101017 -21.557146 -21.509971 16.294252 -1.576674 -3.924260 64.219267 4.427672 13.945072 -6.239855 26.821772 -10.054096 3.771517 15.089247 -16.002367 
-38.653526 -255.121597 97.507454 176.640528 0.779427 90.569196 3.876631 3.943576 4.600754 2.608775 3.828955 -5.673264 -7.664816 11.771986 0.102955 nan nan nan -0.778157 -5.824874 1.684127 1.612901 -7.450339 -3.682378 8.891909 -7.846721 2.678611 nan nan nan -0.429674 1.944474 1.264332 3.606224 -2.708130 3.410243 0.424177 -0.416406 -0.197323 1.192515 -0.240491 -2.372483 3.554715 -5.248985 -5.128979 -15.154323 4.338160 -2.829577 -70.603842 -8.063353 21.905503 3.988432 -20.171018 -10.530539 -5.929884 -21.708183 -21.504980 16.190098 -1.565963 -3.984769 64.315426 4.359863 14.062259 -6.406524 26.692020 -10.007048 3.642849 15.188662 -16.091883 
-38.595776 -255.065704 97.508293 176.709898 0.764530 90.534864 3.895421 3.885046 4.728743 2.655136 3.778672 -5.770006 -7.655642 11.872970 0.117386 nan nan nan -0.765828 -5.859173 1.818958 1.632884 -7.426199 -3.753934 8.907552 -7.788707 2.635747 nan nan nan -0.384182 1.905804 1.240635 3.602594 -2.747787 3.536805 0.400839 -0.437838 -0.275567 1.175231 -0.182797 -2.397142 3.475799 -5.301488 -5.089847 -15.193814 4.503248 -2.885340 -70.583890 -8.099616 21.886341 4.019492 -20.202151 -10.713061 -5.628850 -21.743790 -21.253427 16.125220 -1.576315 -3.915096 64.354734 4.424828 14.152900 -6.467666 26.576747 -10.244208 3.598286 15.282382 -16.238173 
-38.518166 -255.020386 97.502144 176.736709 0.741556 90.584755 3.932094 3.869854 4.691981 2.664972 3.831817 -5.721213 -7.708813 11.816600 0.064342 nan nan nan -0.741455 -5.855177 1.831593 1.644032 -7.532861 -3.779082 8.877780 -7.705537 2.613871 nan nan nan -0.412468 1.895241 1.088653 3.623625 -2.773456 3.719592 0.353430 -0.422271 -0.398117 1.246246 -0.072924 -2.536731 3.424919 -5.450749 -4.849113 -15.063846 4.679906 -2.814199 -70.672437 -8.283357 21.823463 3.988724 -20.152817 -10.997723 -6.111859 -21.765481 -21.112347 16.125367 -1.624075 -3.738965 64.377527 4.576904 14.142642 -6.570379 26.461245 -10.644511 3.847492 15.305431 -16.284964 
-38.447845 -254.991989 97.494301 176.766322 0.706930 90.612392 3.966882 3.911088 4.589089 2.655807 3.872981 -5.529309 -7.728752 11.656243 -0.002577 nan nan nan -0.730796 -5.905205 1.803097 1.629033 -7.628390 -3.734876 8.970824 -7.720867 2.678082 nan nan nan -0.442337 1.891220 1.121640 3.643921 -2.787271 3.711598 0.314090 -0.437924 -0.465470 1.331045 0.114749 -2.657218 3.379918 -5.532349 -4.618443 -14.876827 4.860837 -2.825716 -70.788639 -8.350971 21.811644 3.935532 -20.152636 -10.942614 -6.421889 -21.877729 -20.993630 16.117957 -1.700347 -3.709823 64.373216 4.691617 14.189378 -6.550987 26.287208 -10.645002 3.910735 15.301663 -16.302762 
-38.366508 -254.954773 97.481277 176.782452 0.634179 90.606562 4.012097 3.961668 4.483342 2.581090 3.939822 -5.252153 -7.779496 11.478245 -0.102634 nan nan nan -0.763062 -5.970460 1.828278 1.616448 -7.638693 -3.764275 9.241829 -7.785198 2.839807 nan nan nan -0.547921 1.927656 1.213208 3.652225 -2.791943 3.524530 0.321850 -0.477729 -0.352891 1.392367 0.220690 -2.672586 3.411349 -5.499331 -4.553367 -14.780488 4.905464 -2.886037 -70.791075 -8.302557 21.762600 3.926507 -20.210289 -10.818237 -6.687599 -22.091364 -21.242588 16.206796 -1.677457 -3.692543 64.270309 4.741712 14.189973 -6.516985 26.167815 -10.340091 4.070144 15.327885 -16.103947 
-38.278835 -254.894852 97.454269 176.772263 0.571290 90.637217 3.983383 3.939373 4.464407 2.621205 3.931712 -5.205508 -7.785736 11.493275 -0.100110 nan nan nan -0.771962 -5.940877 1.849357 1.613406 -7.614962 -3.813671 9.391437 -7.833785 2.867889 nan nan nan -0.671264 1.974233 1.177166 3.659542 -2.739699 3.362119 0.386154 -0.507382 -0.143013 1.368645 0.116892 -2.600673 3.466344 -5.429165 -4.672920 -14.730391 4.921801 -2.859385 -70.855755 -8.335146 21.719818 4.016680 -20.312423 -10.849482 -6.980222 -21.941511 -21.429225 16.227410 -1.748524 -3.629919 64.239719 4.777735 14.169662 -6.587709 26.227197 -10.012046 4.201808 15.116984 -15.855892 
-38.196835 -254.833282 97.440018 176.783800 0.621148 90.655534 4.013107 3.905585 4.538622 2.755191 3.824831 -5.321311 -7.773308 11.650582 -0.065388 nan nan nan -0.686332 -5.857541 1.876280 1.673107 -7.559811 -3.765703 9.254366 -7.820494 2.685202 nan nan nan -0.624139 1.976611 1.107796 3.665904 -2.676945 3.322541 0.448361 -0.519848 0.011362 1.292137 -0.023182 -2.533941 3.480219 -5.415696 -4.879698 -14.796358 4.924917 -2.928255 -70.885654 -8.341737 21.696431 4.132408 -20.319714 -10.972857 -7.176608 -21.672200 -21.446488 16.150319 -1.762243 -3.714112 64.181950 4.739279 14.153486 -6.413541 26.098656 -10.107808 4.438645 14.986864 -16.362435 
-38.116352 -254.766541 97.418533 176.812206 0.648481 90.606392 4.052150 3.897121 4.646515 2.866026 3.745742 -5.353113 -7.861128 11.694959 -0.012120 nan nan nan -0.595075 -5.702835 1.993307 1.682822 -7.593247 -3.728011 8.862285 -7.846747 2.409354 nan nan nan -0.522930 1.884723 1.148617 3.628784 -2.652726 3.368996 0.461419 -0.541728 0.059969 1.263563 -0.028006 -2.616624 3.416145 -5.499593 -4.887191 -14.907394 5.070562 -3.036721 -70.920229 -8.403419 21.720711 4.344112 -20.298296 -11.276447 -8.009378 -21.600598 -21.178025 16.071306 -1.747528 -3.705674 64.261764 4.905055 14.282276 -6.400976 25.828120 -10.442358 4.915203 14.864427 -17.034986 
-38.036533 -254.607773 97.424767 177.224134 0.653890 90.525846 4.161798 3.798415 4.814018 2.859038 3.475372 -5.408003 -7.980968 11.581724 -0.101465 nan nan nan -0.560869 -5.872282 2.487091 1.763086 -7.674235 -4.157436 8.721155 -7.965133 2.340602 nan nan nan -0.499463 1.761540 0.812306 3.665800 -2.969998 3.747676 0.407027 -0.589823 0.100300 1.283983 0.052753 -2.690802 3.391593 -5.547460 -4.786116 -14.877969 5.129228 -2.945513 -70.865256 -8.505921 21.489733 4.374626 -20.371718 -11.506711 -8.816925 -21.728967 -20.676706 16.042484 -1.759441 -3.647578 64.382545 4.963091 14.129785 -6.740552 25.861784 -10.550560 5.276380 14.770170 -16.298720 
-37.913361 -254.644150 97.416054 176.900173 0.604195 90.648305 4.176940 3.987374 4.687748 2.839831 3.601530 -5.345525 -8.079580 11.574826 -0.178610 nan nan nan -0.463680 -5.658594 2.116122 1.628801 -7.590246 -3.825287 8.691984 -7.879942 2.167604 nan nan nan -0.556924 1.833559 1.034772 3.637402 -2.712085 3.558973 0.423239 -0.562002 -0.037362 1.425753 0.229602 -2.659281 3.291216 -5.665754 -4.853696 -14.716280 5.152493 -2.954977 -70.946852 -8.345956 21.548347 4.590882 -20.539717 -11.478149 -8.277124 -21.690727 -20.750835 16.089127 -1.729167 -3.743216 64.508101 4.866842 14.188046 -6.989705 25.694438 -10.753309 5.002158 14.603880 -16.579412 
-37.789322 -254.612656 97.396744 176.845927 0.632303 90.663056 4.315711 4.090750 4.638424 2.831397 3.563249 -5.227629 -8.151308 11.562146 -0.206887 nan nan nan -0.300268 -5.621530 2.097383 1.567085 -7.469895 -3.802924 8.599027 -7.966448 2.119900 nan nan nan -0.601838 1.904835 1.239445 3.671903 -2.574230 3.367807 0.517721 -0.632766 -0.021495 1.384377 0.220259 -2.750464 3.210208 -5.685925 -4.807056 -14.671479 5.149440 -3.038226 -70.959792 -8.253240 21.622667 4.650588 -20.573137 -11.511896 -7.869282 -21.460330 -20.789064 16.106142 -1.775897 -3.957060 64.417137 4.839386 14.212860 -6.464252 25.209221 -11.057787 5.331617 14.255527 -17.639034 
-37.686615 -254.532196 97.382874 176.922233 0.624081 90.550166 4.409194 4.109678 4.790794 2.806979 3.480557 -5.202409 -8.106816 11.612158 -0.185478 nan nan nan -0.257841 -5.703999 2.321419 1.607172 -7.382632 -3.863965 8.493975 -8.074730 2.083808 nan nan nan -0.674513 1.950195 1.351965 3.701873 -2.534881 3.376386 0.617365 -0.697858 0.024655 1.383786 0.040295 -2.841950 3.113731 -5.641791 -4.748524 -14.732864 5.124976 -3.052306 -70.870058 -8.265521 21.575521 4.626807 -20.685938 -11.620302 -7.925460 -21.189924 -20.764316 16.007547 -1.818516 -4.035133 64.293226 4.867337 14.231403 -5.998422 25.030394 -11.079098 5.900125 13.998494 -18.341202 
-37.632946 -254.448700 97.376755 176.984797 0.587968 90.518025 4.391852 4.067001 4.854386 2.832978 3.437840 -5.168049 -8.046209 11.710244 -0.189314 nan nan nan -0.331632 -5.751102 2.436699 1.734985 -7.320350 -3.861925 8.433045 -8.108431 2.013407 nan nan nan -0.649778 1.975975 1.371932 3.681094 -2.513598 3.364480 0.630621 -0.706348 0.053259 1.405655 -0.159783 -2.867700 3.130975 -5.565347 -4.737846 -14.860912 5.076143 -3.023724 -70.768641 -8.206928 21.530264 4.714011 -20.804145 -11.649269 -7.704962 -21.067266 -20.966505 15.929476 -1.909904 -4.060108 64.184419 4.756693 14.162045 -5.787370 25.258877 -10.884876 6.116193 13.859182 -18.601365 
-37.569836 -254.376968 97.367386 177.062576 0.524310 90.530636 4.369621 4.083303 4.812214 2.869209 3.441821 -5.015841 -8.075244 11.588084 -0.273377 nan nan nan -0.390502 -5.768705 2.497690 1.793371 -7.357870 -3.889268 8.534703 -8.067107 2.046372 nan nan nan -0.629887 1.982252 1.345576 3.671332 -2.504379 3.433990 0.562713 -0.715036 -0.003428 1.475223 -0.224061 -2.935989 3.096959 -5.559769 -4.687425 -14.787027 5.119920 -3.040860 -70.874595 -8.097491 21.629951 4.887296 -20.944801 -11.607274 -7.455210 -20.974853 -21.274670 15.963737 -2.075878 -4.076455 64.058570 4.684402 14.227125 -5.588617 25.539251 -10.642421 6.004531 13.984759 -18.716499 
-37.462231 -254.290497 97.358604 177.180120 0.482234 90.510817 4.418505 4.092012 4.860492 2.906768 3.486569 -4.955139 -8.214071 11.371702 -0.358992 nan nan nan -0.343034 -5.836317 2.643799 1.729008 -7.491700 -4.028257 8.849117 -8.005085 2.185928 nan nan nan -0.719154 2.022798 1.298114 3.722269 -2.548078 3.496777 0.533440 -0.781750 -0.008160 1.561985 -0.011604 -3.022033 3.086966 -5.641262 -4.599627 -14.534966 5.144488 -3.006583 -71.105965 -8.008216 21.668375 5.004917 -21.132102 -11.788878 -7.013896 -21.027482 -21.138505 16.095848 -2.119462 -4.017735 63.887113 4.672281 14.228606 -5.647456 25.859440 -10.552412 5.107811 14.517124 -17.977601 
-37.331894 -254.211349 97.358345 177.265300 0.487619 90.468757 4.558278 4.115223 4.946227 2.880477 3.431366 -4.938115 -8.326843 11.319579 -0.390603 nan nan nan -0.221295 -5.921748 2.784752 1.677576 -7.595179 -4.108420 8.865997 -7.946447 2.219892 nan nan nan -0.854804 2.061765 1.321123 3.816472 -2.571108 3.548621 0.606566 -0.793255 -0.043197 1.639477 0.173875 -3.032991 3.055317 -5.723794 -4.667288 -14.437514 5.070679 -2.823802 -71.199968 -8.075138 21.576101 4.989078 -21.263060 -11.957411 -6.190200 -21.216773 -20.918188 16.181367 -2.051378 -3.892766 63.781600 4.573682 14.065722 -6.107878 26.239877 -10.293372 4.029545 14.855626 -16.683901 
-37.206558 -254.150436 97.353928 177.293743 0.512869 90.470943 4.685062 4.194242 4.960748 2.885578 3.316442 -4.912846 -8.410757 11.357226 -0.389867 nan nan nan -0.088365 -5.892984 2.858715 1.662156 -7.591360 -4.118761 8.688798 -7.954729 2.050495 nan nan nan -0.859615 2.014922 1.368297 3.838285 -2.581244 3.490120 0.639241 -0.716764 -0.000854 1.633650 0.139197 -2.954553 3.061021 -5.858933 -4.857913 -14.501209 5.074004 -2.727969 -71.056948 -8.170207 21.444711 4.835843 -21.288512 -11.857611 -5.889838 -21.312602 -20.902088 16.230022 -1.984547 -3.777085 63.748993 4.512651 13.864737 -6.423223 26.489778 -10.083490 3.497847 14.894075 -15.998549 
-37.097248 -254.099091 97.346718 177.273530 0.505857 90.558449 4.717267 4.242983 4.842537 2.936219 3.319322 -4.821687 -8.425581 11.353824 -0.361588 nan nan nan -0.000808 -5.790967 2.781639 1.668728 -7.539686 -4.025058 8.441606 -7.919941 1.785261 nan nan nan -0.729797 1.935677 1.369482 3.750298 -2.589648 3.448227 0.557132 -0.589384 -0.037277 1.640205 0.191502 -2.941066 3.048365 -6.004843 -4.877871 -14.552765 5.178852 -2.802574 -70.865918 -8.213081 21.389672 4.652178 -21.027762 -11.652929 -6.164226 -21.472806 -20.608156 16.251891 -1.950717 -3.713031 63.795725 4.513416 13.750604 -6.509308 26.466258 -10.213922 3.461527 15.039738 -15.892935 
-36.992832 -254.055618 97.331047 177.309668 0.486778 90.692910 4.717205 4.198406 4.680442 3.020899 3.298303 -4.756216 -8.410225 11.370736 -0.362972 nan nan nan 0.062890 -5.692606 2.663732 1.722539 -7.533091 -3.993938 8.139616 -7.970393 1.670675 nan nan nan -0.644609 1.900853 1.305498 3.683299 -2.596286 3.430839 0.492780 -0.525779 -0.096682 1.692903 0.213252 -3.040269 2.993822 -5.971179 -4.724912 -14.573530 5.202591 -2.772955 -70.819628 -8.228494 21.288736 4.802159 -20.862165 -11.632921 -6.716918 -21.464862 -20.314626 16.174119 -1.955823 -3.788488 63.940979 4.498175 13.756661 -6.576693 26.283562 -10.324071 3.856097 15.051326 -16.051993 
-36.912682 -253.992447 97.311996 177.456867 0.437712 90.789692 4.681967 4.013112 4.599966 3.083998 3.225793 -4.743128 -8.421459 11.431472 -0.392750 nan nan nan 0.057173 -5.672658 2.704796 1.825033 -7.602388 -4.154564 7.881439 -8.065865 1.649876 nan nan nan -0.627223 1.922140 1.160340 3.686784 -2.633382 3.490231 0.497161 -0.596599 -0.051257 1.623445 -0.013901 -2.949734 3.006288 -5.972837 -4.793612 -14.612046 5.176835 -2.692766 -70.838374 -8.207989 21.189991 4.971999 -20.983497 -11.780320 -7.189291 -21.345522 -20.336222 16.078940 -1.924290 -3.958164 63.941267 4.350793 13.880565 -6.575147 26.346432 -10.200501 4.304737 15.015841 -16.142362 
-36.745819 -253.926178 97.288544 177.383702 0.452218 90.755009 4.913489 4.214656 4.716057 2.946454 3.188691 -4.749918 -8.501331 11.349726 -0.390831 nan nan nan 0.241424 -5.640241 2.762807 1.734972 -7.558309 -4.131549 7.729012 -8.101846 1.561580 nan nan nan -0.728320 1.936305 1.296981 3.734141 -2.512386 3.357874 0.585456 -0.630917 0.045095 1.630137 0.134465 -2.929295 3.034989 -6.055099 -4.925653 -14.667899 5.259249 -2.810854 -70.720114 -8.126588 21.253701 4.831175 -20.881934 -11.503488 -7.125178 -21.481074 -20.853213 16.069319 -1.890131 -4.012585 63.966184 4.310152 14.050137 -6.557796 26.410624 -9.954335 4.002341 15.021962 -16.487550 
-36.577534 -253.842667 97.247734 177.349774 0.457762 90.710570 5.113677 4.332109 4.870164 2.840232 3.115749 -4.825314 -8.498560 11.354597 -0.367831 nan nan nan 0.387112 -5.694299 2.828999 1.704154 -7.439486 -4.078288 7.606524 -8.154739 1.454480 nan nan nan -0.838013 1.981630 1.361216 3.770157 -2.426366 3.288939 0.641454 -0.660027 0.178978 1.683963 0.171775 -3.155058 2.983022 -6.158156 -4.800024 -14.581918 5.289970 -2.853865 -70.694959 -8.153990 21.353740 4.694299 -20.748269 -11.331891 -6.731525 -21.544181 -21.373771 16.080770 -1.962168 -4.018922 64.047411 4.431045 14.110301 -6.556529 26.417766 -9.742279 3.469807 14.802824 -16.692089 
-36.472454 -253.767136 97.214493 177.379601 0.460333 90.722160 5.162854 4.172690 4.938549 2.874050 3.130993 -4.885927 -8.449395 11.502291 -0.354263 nan nan nan 0.423978 -5.708639 2.880198 1.819304 -7.410105 -4.098388 7.407489 -8.200462 1.429713 nan nan nan -0.841914 2.046870 1.303858 3.763678 -2.404902 3.395237 0.642194 -0.642618 0.127287 1.790969 0.149707 -3.266716 2.939264 -6.244243 -4.561076 -14.436148 5.141619 -2.706005 -70.893372 -8.222116 21.457788 4.959367 -20.644751 -11.704052 -6.606492 -21.465016 -21.463334 15.972861 -1.969561 -3.983724 64.192850 4.445961 14.129962 -6.644460 26.384925 -9.822958 3.318740 14.681903 -16.975084 
-36.364697 -253.700653 97.190216 177.404314 0.446248 90.734097 5.189953 4.053337 4.956102 2.920863 3.255917 -4.864462 -8.477864 11.527450 -0.369553 nan nan nan 0.455688 -5.679920 2.936634 1.910698 -7.449301 -4.127353 7.229104 -8.208718 1.385516 nan nan nan -0.811980 2.046523 1.354913 3.729753 -2.421482 3.431532 0.611241 -0.586655 0.030310 1.876476 0.325314 -3.274860 2.886980 -6.332537 -4.485485 -14.235116 5.140551 -2.607399 -71.145068 -8.233664 21.572125 5.273300 -20.651854 -12.147330 -6.682251 -21.452003 -21.427605 15.924968 -2.016920 -3.985560 64.360807 4.456541 14.271565 -6.829379 26.348300 -9.886220 3.451779 14.640647 -17.111858 
-36.206459 -253.592392 97.172897 177.569888 0.464582 90.644571 5.378632 4.158378 5.076988 2.900625 3.140422 -4.826151 -8.561738 11.392104 -0.408148 nan nan nan 0.610818 -5.802254 3.210029 1.892026 -7.443680 -4.286103 7.153216 -8.279802 1.373262 nan nan nan -0.911765 2.004550 1.327993 3.816389 -2.544147 3.613451 0.660458 -0.574669 -0.006320 1.944031 0.370990 -3.390919 2.763151 -6.449766 -4.375565 -14.041999 5.125617 -2.365430 -71.256558 -8.304771 21.377896 5.422264 -20.896203 -12.603372 -7.202162 -21.487178 -21.865610 16.021725 -2.047002 -3.852999 64.441779 4.416771 14.080519 -7.228814 26.736450 -9.990780 4.025315 14.475404 -16.669594 
-36.073128 -253.582581 97.148903 177.502653 0.445933 90.747142 5.392287 4.283588 4.919132 3.019368 2.997299 -4.702046 -8.556573 11.496127 -0.466893 nan nan nan 0.741526 -5.689699 3.015200 1.834461 -7.386036 -4.156473 6.992578 -8.436413 1.362611 nan nan nan -0.934176 1.958521 1.423562 3.813649 -2.471561 3.467478 0.715053 -0.529300 0.002793 1.924654 0.341381 -3.537054 2.695822 -6.513813 -4.256493 -14.108307 5.029112 -2.289424 -71.205875 -8.308600 21.022130 5.606302 -20.707265 -12.938714 -8.213116 -21.730353 -22.499854 16.156757 -1.951146 -3.637978 64.407075 4.210406 13.547732 -7.608141 27.573758 -10.099657 4.951259 14.126985 -15.901352 
-35.937515 -253.534775 97.127655 177.499306 0.395118 90.911080 5.394293 4.243629 4.716375 3.074369 2.911519 -4.595831 -8.554543 11.617533 -0.502524 nan nan nan 0.799256 -5.622066 2.839955 1.822967 -7.446743 -4.134236 6.858347 -8.543663 1.417557 nan nan nan -0.873885 1.935599 1.438032 3.750582 -2.454630 3.228889 0.668280 -0.569942 0.087790 1.821006 0.282060 -3.558716 2.760630 -6.439610 -4.317217 -14.194328 5.043429 -2.376557 -71.076254 -8.209682 20.933471 5.599689 -20.292289 -12.827541 -8.259196 -21.860811 -23.050872 16.068265 -1.842467 -3.681738 64.472830 4.123486 13.646112 -7.394748 27.670534 -9.837783 4.808346 14.151462 -16.259823 
-35.785347 -253.458755 97.120033 177.607195 0.370107 90.979099 5.501942 4.258010 4.608607 3.042306 2.895456 -4.496354 -8.628248 11.562376 -0.430805 nan nan nan 0.909035 -5.650488 2.880785 1.791098 -7.502899 -4.253035 6.733384 -8.612203 1.454320 nan nan nan -0.847361 1.868279 1.482940 3.720827 -2.511898 3.026874 0.640201 -0.655054 0.176231 1.777619 0.285097 -3.595451 2.721288 -6.305877 -4.292078 -14.071406 5.187440 -2.455382 -71.107123 -7.987540 21.071178 5.558200 -20.351947 -12.521273 -7.341918 -21.751485 -23.431819 15.820307 -1.764396 -3.804121 64.493949 4.336639 14.212108 -6.664780 27.088397 -9.382853 3.942992 14.510164 -17.390369 
-35.655590 -253.378586 97.105148 177.710731 0.369462 90.968829 5.625737 4.229727 4.612774 3.018700 2.917203 -4.419802 -8.672999 11.510438 -0.455322 nan nan nan 1.001970 -5.724212 2.985014 1.803678 -7.460535 -4.282388 6.569287 -8.601129 1.381731 nan nan nan -0.851729 1.864356 1.470887 3.732902 -2.538453 3.127750 0.644599 -0.689395 0.099076 1.821040 0.256901 -3.657530 2.656305 -6.335754 -4.138764 -13.898471 5.302809 -2.380299 -71.262632 -7.958940 21.302783 5.571355 -20.497299 -12.382698 -6.671903 -21.459717 -23.423234 15.720275 -1.867002 -3.766346 64.388506 4.586900 14.645910 -6.214121 26.850669 -9.034218 3.248904 14.836791 -18.519855 
-35.535538 -253.316589 97.091438 177.607157 0.317141 91.029180 5.614306 4.112977 4.633122 3.065618 3.037010 -4.418470 -8.641962 11.586837 -0.520859 nan nan nan 0.995821 -5.687976 2.977528 1.834566 -7.305800 -4.283236 6.618121 -8.524520 1.344355 nan nan nan -0.855954 1.948203 1.412553 3.713617 -2.481817 3.336693 0.624976 -0.610819 -0.068896 1.866574 0.333451 -3.819018 2.565333 -6.444201 -3.953435 -13.814917 5.397272 -2.362690 -71.324914 -8.066085 21.392418 5.527159 -20.377177 -12.460715 -7.210726 -21.356465 -23.178682 15.766197 -1.975475 -3.659926 64.431247 4.713688 14.617836 -6.408233 26.935727 -9.197696 3.452389 14.816215 -18.368677 
-35.385323 -253.258362 97.081215 177.469447 0.263184 91.048107 5.632681 4.069829 4.670947 3.094184 3.094568 -4.361397 -8.645462 11.612107 -0.557176 nan nan nan 0.995605 -5.655227 3.013913 1.889012 -7.253089 -4.302212 6.733871 -8.424501 1.315691 nan nan nan -0.894382 2.018718 1.432739 3.724829 -2.448748 3.547468 0.582339 -0.522319 -0.230465 1.905129 0.602350 -4.035807 2.514915 -6.610703 -3.815192 -13.771136 5.508183 -2.354504 -71.363937 -8.185740 21.334778 5.572154 -20.226756 -12.617429 -7.878011 -21.403303 -22.906065 15.956858 -1.962290 -3.527984 64.541685 4.710188 14.433667 -6.984115 27.265779 -9.699519 3.908036 14.736449 -17.589711 
-35.243320 -253.190567 97.064453 177.507824 0.261937 91.080252 5.672112 4.030326 4.648047 3.208815 2.986852 -4.298851 -8.688873 11.688563 -0.642670 nan nan nan 1.058658 -5.647479 3.046934 1.972017 -7.281459 -4.326206 6.716634 -8.419835 1.238525 nan nan nan -0.920155 2.009538 1.461798 3.788356 -2.502716 3.580807 0.599239 -0.520844 -0.287311 1.802987 0.586681 -4.064373 2.464110 -6.628154 -3.820983 -13.786895 5.435495 -2.119527 -71.388801 -8.217051 21.125255 5.676485 -20.282157 -12.739595 -7.602697 -21.297392 -22.959054 16.046564 -1.837570 -3.377012 64.565253 4.659481 14.270244 -7.221758 27.612061 -9.829120 3.781640 14.599167 -17.251148 
-35.090313 -253.148224 97.039856 177.484533 0.245959 91.225817 5.722884 4.004717 4.543565 3.266610 2.981494 -4.319232 -8.715557 11.757798 -0.581894 nan nan nan 1.151856 -5.620319 2.866501 1.987932 -7.313111 -4.273017 6.781160 -8.442529 1.248710 nan nan nan -0.952086 2.015610 1.471537 3.806520 -2.495031 3.466668 0.641182 -0.536048 -0.327656 1.711549 0.367274 -3.941044 2.502226 -6.594787 -3.822654 -13.891705 5.227564 -1.844954 -71.181190 -8.108660 20.965445 5.697706 -20.539274 -12.829286 -7.303920 -21.306817 -23.182517 15.974456 -1.693768 -3.223604 64.587929 4.661664 14.254262 -7.105884 27.757398 -9.605484 3.533077 14.556435 -17.446581 
-34.928711 -253.111038 97.015785 177.399727 0.205319 91.287056 5.861489 4.119034 4.535260 3.167816 2.991004 -4.325184 -8.724911 11.695536 -0.550091 nan nan nan 1.256937 -5.601000 2.799759 1.888589 -7.229654 -4.282244 6.892867 -8.486817 1.451750 nan nan nan -1.015435 2.026137 1.572768 3.816832 -2.428720 3.204295 0.668929 -0.473356 -0.174659 1.637694 0.267716 -4.018049 2.471200 -6.568601 -3.651152 -13.944826 5.094955 -1.629909 -70.990472 -8.113670 20.844609 5.720122 -20.740929 -12.889522 -7.562301 -21.104935 -23.251884 16.080625 -1.740305 -3.098775 64.610848 4.708078 14.072171 -7.276712 28.071761 -9.584768 3.804904 14.314182 -17.449756 
-34.800976 -253.054581 97.001968 177.441090 0.148386 91.308174 5.948285 4.184662 4.508386 3.108696 2.981984 -4.231668 -8.732613 11.631493 -0.598412 nan nan nan 1.292384 -5.607156 2.846622 1.851564 -7.258576 -4.331925 6.908663 -8.509463 1.562728 nan nan nan -1.034438 2.009781 1.548928 3.802970 -2.449687 3.271869 0.627029 -0.450711 -0.149659 1.609434 0.458517 -3.959412 2.510696 -6.518738 -3.766686 -13.909944 5.120959 -1.589797 -71.022083 -8.139414 20.777038 5.847835 -20.765960 -13.008477 -7.743249 -21.009241 -23.036531 16.248964 -1.793574 -3.104396 64.708217 4.812659 13.945300 -7.599347 28.100380 -9.714938 4.002501 14.204673 -17.271798 
-34.670036 -252.982529 96.982475 177.484506 0.079013 91.374298 6.012072 4.189185 4.398335 3.060809 3.055295 -4.061918 -8.699500 11.540664 -0.661580 nan nan nan 1.295513 -5.645647 2.857304 1.874547 -7.315046 -4.378778 7.027851 -8.454083 1.523514 nan nan nan -1.141377 2.031161 1.424011 3.833892 -2.468399 3.556254 0.637444 -0.539726 -0.367752 1.743294 0.472344 -4.153882 2.273953 -6.518155 -3.388187 -13.812044 5.327013 -1.542193 -71.220134 -8.113575 20.789200 6.104484 -20.769818 -12.995053 -7.929469 -21.041669 -22.881171 16.241952 -1.728846 -2.989782 64.845941 5.084583 14.248445 -7.857272 27.724057 -9.742677 3.916287 14.364737 -17.433044 
-34.502739 -252.905487 96.964569 177.472399 0.049027 91.411696 6.127990 4.245988 4.373737 3.030740 3.074591 -3.984887 -8.765729 11.465874 -0.698160 nan nan nan 1.373847 -5.679213 2.925341 1.909701 -7.304264 -4.452322 7.004677 -8.347605 1.368043 nan nan nan -1.250128 2.056402 1.399029 3.858320 -2.443311 3.586982 0.683965 -0.598849 -0.310066 1.816836 0.628563 -4.152345 2.311037 -6.534646 -3.657441 -13.747243 5.547212 -1.638746 -71.322995 -8.050012 20.742461 6.217464 -20.786532 -12.941318 -8.126380 -21.035471 -22.548653 16.212118 -1.673932 -3.055857 64.875274 5.243764 14.427097 -7.824731 27.505458 -9.680116 3.975800 14.404229 -17.440012 
-34.327930 -252.811890 96.951942 177.419720 0.030278 91.375976 6.263364 4.325355 4.531046 2.975145 3.081086 -4.060917 -8.804874 11.454979 -0.645293 nan nan nan 1.429375 -5.751023 3.088100 1.995622 -7.099087 -4.493850 6.591940 -8.287290 1.143437 nan nan nan -1.257113 2.125356 1.475806 3.851242 -2.355293 3.585716 0.676175 -0.691158 -0.386364 1.944903 0.638114 -4.517026 1.976207 -6.552714 -3.207322 -13.681395 5.695886 -1.426881 -71.334561 -8.169608 20.628996 6.263822 -20.783754 -12.741275 -8.317033 -21.023714 -22.211200 16.147913 -1.787295 -2.959365 65.044342 5.396343 14.497738 -7.863209 27.499152 -9.739236 3.999663 14.524311 -17.647475 
-34.152718 -252.732193 96.955269 177.386637 0.050235 91.325202 6.428736 4.475533 4.625706 2.968781 3.096258 -3.997315 -8.930919 11.330887 -0.687060 nan nan nan 1.528764 -5.768433 3.263025 2.074676 -7.033847 -4.568293 6.378178 -8.269528 1.025879 nan nan nan -1.246196 2.159928 1.624358 3.866610 -2.318312 3.671774 0.640728 -0.724701 -0.638271 1.931323 0.861978 -4.423238 1.953725 -6.595924 -3.227882 -13.524587 5.859314 -1.285559 -71.394779 -8.212206 20.691871 6.185787 -20.687982 -12.471453 -8.042549 -21.088757 -22.348636 16.111242 -1.896287 -2.875199 65.114354 5.503634 14.666763 -7.599126 27.499911 -9.497363 3.497808 14.854693 -18.153242 
-34.012428 -252.686340 96.965736 177.378776 -0.000371 91.340044 6.455755 4.599065 4.566582 3.015132 3.049199 -3.851027 -9.016004 11.321445 -0.707175 nan nan nan 1.571962 -5.727451 3.282080 2.093937 -7.084609 -4.558031 6.319650 -8.276268 1.009411 nan nan nan -1.316611 2.117389 1.841478 3.881949 -2.322610 3.623267 0.643199 -0.675142 -0.886090 1.850227 1.009969 -4.202123 2.024953 -6.543574 -3.332139 -13.451913 6.093206 -1.345786 -71.402732 -8.086584 20.851829 5.931583 -20.564998 -12.228572 -7.365900 -21.299264 -22.894306 16.134059 -1.944996 -2.888170 64.959593 5.483796 14.929407 -6.950221 27.568236 -9.267576 3.081462 15.097592 -19.090164 
-33.899769 -252.639145 96.958389 177.430055 -0.109965 91.347973 6.375207 4.493205 4.536529 3.077085 3.023508 -3.764649 -9.007481 11.431955 -0.706321 nan nan nan 1.500301 -5.741864 3.354146 2.186615 -7.186923 -4.633285 6.230507 -8.212257 0.971436 nan nan nan -1.279643 2.099616 1.910336 3.805119 -2.351721 3.625121 0.572435 -0.653876 -0.867721 1.715868 1.030416 -4.212746 2.064725 -6.474598 -3.399120 -13.503154 6.100587 -1.390220 -71.351719 -8.108943 20.742184 5.899966 -20.344514 -12.714076 -7.579489 -21.727366 -22.926972 16.351622 -1.807809 -3.009398 64.872406 5.502310 14.985205 -6.750427 27.382307 -9.530297 4.705686 14.969457 -19.476247 
-33.771633 -252.574844 96.948463 177.442135 -0.182559 91.433860 6.332115 4.434279 4.417590 3.164195 3.079348 -3.632828 -9.012038 11.431099 -0.771675 nan nan nan 1.485712 -5.725551 3.350606 2.263295 -7.290189 -4.704202 6.194369 -8.125115 0.910769 nan nan nan -1.231497 2.076082 1.801866 3.794955 -2.396127 3.860046 0.451418 -0.601764 -1.041206 1.708927 1.240149 -4.422133 1.957029 -6.692299 -3.235348 -13.488021 6.151178 -1.306308 -71.313895 -8.163281 20.682924 5.790892 -20.252524 -12.977312 -7.009463 -22.334450 -23.145697 16.480638 -1.771506 -2.942890 65.118250 5.590711 14.993994 -7.712665 27.402396 -9.608365 3.096930 15.218526 -18.082068 
-33.627686 -252.518295 96.938408 177.425947 -0.201439 91.461019 6.404817 4.418103 4.365094 3.200707 3.079326 -3.482053 -9.060302 11.413754 -0.844353 nan nan nan 1.599887 -5.703279 3.357867 2.214119 -7.204004 -4.673354 6.137821 -8.270755 0.757892 nan nan nan -1.200932 2.076678 1.875966 3.765275 -2.402093 3.849918 0.435163 -0.569937 -1.122014 1.702601 1.325578 -4.509056 1.962743 -6.790544 -3.166749 -13.475685 6.146865 -1.220385 -71.252339 -8.128039 20.594018 5.804696 -20.319191 -12.921265 -6.897523 -22.386470 -23.309795 16.375765 -1.804197 -2.908257 65.399064 5.681535 15.015723 -7.978795 27.382517 -9.388952 2.534870 15.146486 -17.806767 
-33.481804 -252.441849 96.918785 177.470743 -0.232359 91.508920 6.516764 4.435303 4.275663 3.157066 2.970285 -3.300993 -9.105413 11.392200 -0.920393 nan nan nan 1.686741 -5.719797 3.407464 2.185172 -7.097167 -4.725556 6.184636 -8.361745 0.676172 nan nan nan -1.194635 2.095819 1.818706 3.722645 -2.399615 3.787331 0.444308 -0.556648 -1.027014 1.611040 1.222420 -4.413125 2.036720 -6.821391 -3.284413 -13.518455 6.091758 -1.148444 -71.064388 -8.122349 20.512020 5.728940 -20.433688 -12.752537 -6.849940 -22.102186 -23.420428 16.220192 -1.865943 -2.872506 65.664161 5.753878 14.900681 -7.981747 27.367887 -9.265312 2.535354 14.831838 -18.037945 
-33.331200 -252.379379 96.900017 177.516084 -0.261187 91.593611 6.625289 4.562757 4.068907 3.132760 2.997136 -3.010461 -9.216449 11.245302 -0.992999 nan nan nan 1.736722 -5.740013 3.425888 2.240665 -7.081718 -4.817132 6.257870 -8.248470 0.598261 nan nan nan -1.164491 2.081174 1.738096 3.690187 -2.407508 3.710548 0.422529 -0.584879 -0.909490 1.499132 1.252434 -4.291247 2.067667 -6.806486 -3.455559 -13.549324 6.187782 -1.262755 -70.911533 -8.011055 20.635863 5.620270 -20.509419 -12.759794 -6.312124 -21.965227 -23.704586 16.135621 -1.863587 -2.950680 65.657418 5.851868 15.160260 -7.546620 27.291627 -9.194716 1.846457 14.996180 -18.859148 
-33.168865 -252.325394 96.878830 177.483446 -0.254597 91.638499 6.768253 4.602724 3.953138 3.097158 3.103993 -2.789544 -9.260945 11.214752 -1.040992 nan nan nan 1.837773 -5.719955 3.438667 2.267975 -7.076493 -4.849004 6.131604 -8.253342 0.536641 nan nan nan -1.144095 2.098020 1.778951 3.667981 -2.365326 3.593879 0.424906 -0.626364 -0.837872 1.491163 1.357309 -4.317637 1.978423 -6.744974 -3.445104 -13.548584 6.343835 -1.436817 -70.968123 -7.888458 20.656959 5.846776 -20.491542 -13.095765 -6.561217 -21.898816 -23.668662 16.138575 -1.869370 -3.152163 65.559275 5.861547 15.535595 -7.111354 27.000574 -8.983725 2.580843 15.095933 -19.468958 
-33.012867 -252.260361 96.860031 177.376502 -0.283424 91.617511 6.834412 4.540715 4.031449 3.088399 3.150131 -2.758134 -9.252270 11.321179 -1.053419 nan nan nan 1.912031 -5.674878 3.503683 2.239953 -7.031357 -4.836658 5.943178 -8.238174 0.472601 nan nan nan -1.189611 2.143538 1.784193 3.650044 -2.322250 3.657077 0.467008 -0.617882 -0.825420 1.457651 1.497180 -4.319798 1.929286 -6.706353 -3.384859 -13.541518 6.358998 -1.554057 -71.003373 -7.831086 20.613740 5.968102 -20.378885 -13.383897 -6.677040 -21.933526 -23.770406 16.184889 -1.703481 -3.218283 65.424704 5.970932 15.780660 -6.728646 26.761064 -9.044858 3.228090 15.305026 -20.175474 
-32.862469 -252.161499 96.849678 177.354270 -0.391424 91.482904 6.852100 4.564336 4.236241 3.056998 3.111918 -2.719872 -9.267372 11.333712 -1.104627 nan nan nan 1.851773 -5.760751 3.753706 2.252740 -7.049470 -4.843310 6.067903 -8.050571 0.389808 nan nan nan -1.300387 2.158862 1.867735 3.610563 -2.303273 3.804914 0.494844 -0.550199 -0.923822 1.464588 1.694894 -4.253292 1.891572 -6.848081 -3.233046 -13.436927 6.286749 -1.328853 -71.059209 -8.020436 20.280054 6.075692 -20.205015 -13.763425 -7.346124 -21.872177 -23.146826 16.241580 -1.562099 -2.932423 65.434701 6.087011 15.516909 -7.306548 27.107855 -8.874833 4.101208 15.074900 -18.433039 
-32.715061 -252.061722 96.840645 177.456279 -0.476638 91.440207 6.876424 4.628084 4.274924 3.116517 2.922637 -2.603014 -9.378867 11.235227 -1.163092 nan nan nan 1.779445 -5.830276 3.910584 2.363952 -7.133299 -4.825745 6.289630 -7.932772 0.212042 nan nan nan -1.370734 2.132182 1.890331 3.639331 -2.342061 3.936867 0.440114 -0.562896 -1.098051 1.478635 1.848562 -4.152295 1.949121 -6.918262 -3.118045 -13.372280 6.524583 -1.154501 -71.046577 -8.121523 20.142111 6.053543 -20.251324 -13.685807 -7.319364 -21.929700 -22.913876 16.354547 -1.621147 -2.687480 65.619208 6.290314 15.293841 -7.678991 27.233543 -9.194000 3.173773 15.397897 -17.633257 
-32.594551 -251.967987 96.827393 177.545551 -0.571600 91.487479 6.843715 4.611643 4.179622 3.155581 2.761863 -2.392230 -9.463363 11.281787 -1.345626 nan nan nan 1.622176 -5.907849 3.983285 2.586363 -7.196593 -4.836700 6.335152 -7.803166 0.048388 nan nan nan -1.402883 2.130605 1.734304 3.622355 -2.382631 4.025302 0.385916 -0.601108 -1.039402 1.361182 1.903963 -3.960737 2.140321 -6.783305 -3.414310 -13.403643 6.775602 -1.147676 -71.047633 -8.220733 19.965925 6.099338 -20.271190 -13.598207 -7.429070 -21.766442 -22.676677 16.442649 -1.826563 -2.588413 65.502275 6.497201 14.903351 -7.293207 27.555931 -9.059058 3.096028 15.136230 -16.880545 
-32.472435 -251.883148 96.816872 177.523267 -0.665904 91.520597 6.835457 4.628799 4.052384 3.114438 2.826028 -2.065159 -9.441835 11.304686 -1.556468 nan nan nan 1.486119 -5.928755 4.078460 2.774493 -7.176095 -4.922124 6.286921 -7.694235 -0.029145 nan nan nan -1.421645 2.201156 1.575885 3.580290 -2.323009 4.152323 0.334087 -0.669124 -1.045886 1.482846 1.733283 -4.267479 1.889978 -6.765845 -2.929351 -13.381569 6.780202 -1.005711 -71.091718 -8.301211 19.918837 6.246844 -20.268043 -13.751027 -7.248383 -21.726370 -22.825508 16.461233 -1.755268 -2.505444 65.540562 6.650424 15.005952 -7.390671 27.359461 -9.161745 3.067807 15.174913 -17.159190 
-32.336346 -251.811630 96.802948 177.447083 -0.712881 91.485209 6.900808 4.658820 3.960119 3.080616 2.766482 -1.647588 -9.443948 11.355126 -1.798049 nan nan nan 1.507283 -5.851629 4.251901 2.795703 -7.060241 -5.076083 6.312493 -7.803678 -0.113053 nan nan nan -1.433222 2.248189 1.630313 3.565564 -2.270573 4.275133 0.279498 -0.664383 -1.179170 1.642818 1.642595 -4.615620 1.677432 -6.750920 -2.423202 -13.314060 6.827827 -0.881785 -71.050645 -8.340633 19.839167 6.228933 -20.409111 -13.905897 -7.029362 -21.440497 -22.896860 16.541035 -1.701985 -2.319780 65.381179 6.585361 14.910573 -7.306165 27.869320 -9.042533 3.126550 15.008458 -17.125845 
-32.210712 -251.757538 96.794197 177.413679 -0.728510 91.407262 6.983335 4.650020 3.942564 3.070778 2.695378 -1.336350 -9.486961 11.364832 -1.971262 nan nan nan 1.579812 -5.794059 4.439939 2.781091 -7.011351 -5.153142 6.322273 -7.915671 -0.297830 nan nan nan -1.363806 2.243886 1.816779 3.546952 -2.304492 4.321394 0.204776 -0.577660 -1.295658 1.603645 1.775619 -4.739625 1.593705 -6.696690 -2.263451 -13.262208 6.956448 -0.929524 -70.968772 -8.321121 19.878141 6.055778 -20.474490 -13.975960 -6.599877 -21.323692 -22.977373 16.511710 -1.677339 -2.273416 65.325725 6.624004 15.047512 -7.054020 28.022050 -8.807661 2.705767 15.145221 -17.157387 
-32.095016 -251.703232 96.796379 177.449207 -0.778288 91.375691 7.062148 4.652311 3.791469 2.988919 2.668129 -0.842793 -9.518963 11.259308 -2.245111 nan nan nan 1.538218 -5.878683 4.522003 2.881649 -7.034306 -5.070050 6.391862 -7.856120 -0.496296 nan nan nan -1.323359 2.263799 1.924554 3.497960 -2.341793 4.265643 0.191107 -0.511661 -1.279461 1.440117 1.871340 -4.696156 1.637701 -6.634899 -2.322653 -13.290726 6.927466 -0.921984 -70.942864 -8.240270 19.808822 6.413718 -20.462572 -14.124378 -7.320151 -21.225722 -22.722341 16.433722 -1.659847 -2.351322 65.446171 6.694130 15.157273 -6.979075 27.732536 -8.660303 3.595811 15.244043 -17.359564 
-31.956009 -251.623016 96.788643 177.484764 -0.798505 91.410295 7.228457 4.650401 3.506073 2.856296 2.731329 -0.175008 -9.569845 11.130663 -2.677828 nan nan nan 1.539657 -5.961410 4.571656 3.003729 -7.001116 -5.034037 6.498010 -7.783391 -0.611478 nan nan nan -1.323430 2.325621 1.936979 3.463528 -2.306575 4.122052 0.206015 -0.516933 -1.189950 1.463036 1.949947 -4.689681 1.583918 -6.690802 -2.285898 -13.196645 7.066350 -1.048835 -71.044194 -8.031116 19.839217 7.095112 -20.390957 -13.792742 -9.496829 -20.961830 -21.914663 16.400076 -1.736247 -2.439951 65.554058 6.782038 15.237198 -6.768420 27.316944 -8.777041 5.684078 14.970504 -18.086854 
-31.810818 -251.546707 96.767059 177.473220 -0.824360 91.459369 7.363918 4.647442 3.171450 2.749186 2.727727 0.511172 -9.582526 11.141609 -2.968995 nan nan nan 1.526359 -6.005396 4.602833 3.115666 -6.982842 -5.031261 6.585453 -7.752627 -0.756599 nan nan nan -1.376042 2.396232 1.979812 3.457003 -2.256411 3.880102 0.224103 -0.537946 -1.023471 1.530631 2.024833 -4.742112 1.590997 -6.645368 -2.199889 -13.171403 7.344234 -1.202462 -71.058853 -7.998934 19.867842 7.041730 -20.498849 -13.770633 -9.071739 -20.858359 -22.002928 16.431257 -1.867233 -2.450927 65.452546 6.948082 15.203449 -6.322568 27.158404 -8.806274 5.278975 14.799445 -18.481438 
-31.690088 -251.486374 96.761505 177.476765 -0.919911 91.548635 7.401575 4.577798 2.736477 2.618108 2.686410 1.278711 -9.523021 11.173245 -3.241628 nan nan nan 1.432103 -6.015445 4.573392 3.203272 -6.995663 -5.013404 6.781200 -7.699034 -0.841920 nan nan nan -1.442738 2.485549 2.005877 3.435734 -2.213840 3.688746 0.229601 -0.489665 -0.993314 1.486011 2.081111 -4.771287 1.586360 -6.750689 -2.034413 -13.218750 7.443939 -1.164987 -70.934035 -8.017074 19.856121 6.876660 -20.662865 -13.647505 -8.071374 -20.771138 -22.062189 16.422163 -1.970239 -2.265948 65.438072 6.902397 15.096508 -6.588077 27.651017 -8.522936 3.546612 14.641984 -17.973523 
-31.569658 -251.418884 96.764275 177.567757 -1.034958 91.596879 7.386778 4.354137 2.302489 2.510603 2.599568 2.109376 -9.392848 11.254698 -3.627711 nan nan nan 1.304722 -6.080135 4.590820 3.351835 -7.043460 -4.979131 6.920884 -7.656833 -0.883835 nan nan nan -1.526609 2.598565 2.090313 3.424508 -2.214921 3.608841 0.197291 -0.523712 -1.107127 1.527188 2.107691 -4.878767 1.546170 -6.900208 -1.740235 -13.232706 7.656584 -1.059026 -70.843831 -8.129752 19.727803 6.798039 -20.774481 -13.529210 -7.957813 -20.633229 -21.753545 16.464151 -2.037778 -2.094972 65.483233 6.794707 15.024180 -6.942221 28.052792 -8.346844 2.836054 14.536819 -17.253137 
-31.440954 -251.340637 96.749596 177.716586 -1.108121 91.565676 7.430786 4.089921 1.886381 2.395856 2.483301 3.060896 -9.269290 11.425791 -4.196870 nan nan nan 1.270211 -6.131243 4.758692 3.458806 -7.041309 -5.051891 6.939139 -7.710244 -0.992563 nan nan nan -1.611815 2.690599 2.185619 3.447671 -2.243079 3.542960 0.214099 -0.569430 -1.106134 1.552492 2.025139 -5.017953 1.501713 -6.943007 -1.364060 -13.153237 7.839815 -0.860504 -70.955163 -8.347464 19.582362 6.896912 -20.767746 -13.338338 -8.356292 -20.629636 -21.581610 16.356098 -2.117812 -1.983466 65.650444 6.888294 14.852306 -6.988547 28.002258 -8.292836 3.090756 14.452736 -17.212135 
-31.300611 -251.244949 96.743576 177.796592 -1.089514 91.468430 7.594725 3.865112 1.494067 2.255632 2.359121 4.142373 -9.152243 11.547879 -4.849329 nan nan nan 1.377216 -6.108631 5.008414 3.486448 -6.935184 -5.136158 6.882326 -7.805292 -1.194300 nan nan nan -1.634449 2.751039 2.291595 3.487277 -2.268302 3.530970 0.258857 -0.531139 -1.094610 1.600549 2.061938 -5.050075 1.449902 -6.955613 -1.150320 -13.162879 8.017334 -0.751945 -71.039495 -8.483072 19.500924 7.029862 -20.760372 -13.344451 -8.431495 -20.569602 -21.614584 16.182566 -2.134350 -1.902996 65.860712 7.016178 14.825580 -7.074990 27.752757 -8.298158 2.954776 14.296684 -17.639872 
-31.161362 -251.171494 96.746216 177.771169 -1.081752 91.458047 7.717326 3.656067 0.917208 2.122635 2.290937 5.410303 -8.977552 11.629292 -5.468769 nan nan nan 1.496808 -6.038079 5.091426 3.463051 -6.853087 -5.153800 6.856986 -7.885209 -1.347108 nan nan nan -1.626522 2.868920 2.329126 3.472036 -2.237300 3.517737 0.228511 -0.511202 -1.050224 1.719134 2.147751 -5.198359 1.394416 -6.942155 -0.895420 -13.195759 8.208122 -0.878858 -71.087532 -8.495034 19.558744 7.243185 -20.788542 -13.611092 -8.560806 -20.614212 -21.725738 16.241961 -2.074731 -1.953346 65.872027 7.103378 15.066911 -6.933059 27.341968 -8.499590 3.238127 14.232038 -18.630587 
-31.038548 -251.120148 96.741867 177.799755 -1.152441 91.497119 7.729250 3.449388 0.154109 1.950076 2.165881 6.880775 -8.797688 11.772453 -6.264068 nan nan nan 1.492800 -5.980286 5.080133 3.477799 -6.827270 -5.120169 6.975471 -8.042935 -1.517590 nan nan nan -1.643534 3.022852 2.321970 3.413414 -2.239086 3.441427 0.151136 -0.517978 -0.900135 1.778452 2.004380 -5.430438 1.471166 -7.016751 -0.557865 -13.111536 8.379479 -0.992587 -71.131446 -8.576100 19.604235 7.307967 -20.837899 -13.711140 -8.874450 -20.698262 -21.795764 16.343387 -2.035278 -2.026995 65.858040 7.237447 15.200428 -6.451455 26.955103 -8.755160 3.962912 14.372435 -19.920693 
-30.934641 -251.052536 96.742577 177.951418 -1.250811 91.517215 7.706222 3.115756 -0.632504 1.739431 2.118646 8.378305 -8.561791 11.930712 -6.992703 nan nan nan 1.407009 -5.973485 5.126565 3.599640 -6.819181 -5.139187 7.140825 -8.078552 -1.577541 nan nan nan -1.701090 3.154318 2.379849 3.376294 -2.312208 3.294107 0.114783 -0.490587 -0.791529 1.776764 1.836163 -5.510064 1.615236 -7.177282 -0.402428 -13.018580 8.485137 -0.977784 -71.130116 -8.655539 19.538805 7.236248 -20.963874 -13.684889 -8.837749 -20.749963 -22.001224 16.346810 -2.101394 -1.947599 65.911765 7.238155 14.980091 -6.384082 27.123855 -8.647156 3.746092 14.225283 -19.820899 
-30.839052 -250.983505 96.741348 178.167825 -1.375671 91.513268 7.652850 2.581170 -1.399146 1.464669 1.999955 9.877019 -8.117779 12.144452 -7.564719 nan nan nan 1.309365 -6.003204 5.231499 3.718164 -6.712720 -5.253822 7.298136 -8.049001 -1.513621 nan nan nan -1.798350 3.312587 2.471257 3.325497 -2.384744 3.165536 0.080105 -0.500054 -0.697857 1.888793 1.694337 -5.611157 1.663809 -7.181575 -0.280415 -12.934700 8.528615 -0.977820 -71.211756 -8.737050 19.379082 7.397983 -21.070386 -13.987183 -8.788976 -20.630625 -22.054750 16.241456 -2.163369 -1.951813 66.144175 7.218002 14.742582 -6.650228 27.188900 -8.472686 3.624816 13.775189 -19.059289 
-30.749132 -250.910629 96.747070 178.426958 -1.538395 91.450821 7.508041 2.047933 -2.142446 1.255425 1.971765 11.428043 -7.603083 12.380473 -8.248633 nan nan nan 1.174018 -6.074734 5.421591 3.822649 -6.672665 -5.362274 7.463887 -8.044079 -1.591596 nan nan nan -1.922472 3.494671 2.683213 3.257062 -2.474214 3.081993 0.061092 -0.553001 -0.720606 2.017503 1.586439 -5.784683 1.677202 -7.160355 -0.035884 -12.910092 8.658326 -1.070835 -71.248082 -8.748221 19.347383 7.616415 -21.199656 -14.239216 -8.939277 -20.643040 -21.971489 16.165362 -2.080237 -2.001793 66.232340 7.142551 14.763806 -6.578834 27.056440 -8.568027 3.923832 13.601930 -19.131408 
-30.652864 -250.822037 96.755836 178.710677 -1.610159 91.321291 7.450129 1.670440 -2.982749 1.139091 1.932022 13.232156 -7.220924 12.467618 -9.000737 nan nan nan 1.161684 -6.138734 5.711267 3.855630 -6.712193 -5.451303 7.505468 -8.329502 -1.917163 nan nan nan -1.977978 3.639434 3.062549 3.257546 -2.575473 2.891295 0.084870 -0.564647 -0.712968 2.066983 1.518260 -6.062854 1.681274 -7.156756 0.107929 -12.985100 8.875233 -1.153224 -71.164833 -8.749984 19.471647 7.626038 -21.441097 -14.095615 -8.380627 -20.681879 -22.335619 16.139182 -2.049635 -2.002380 66.074689 6.848435 14.931221 -6.528544 27.520536 -8.350024 2.970269 13.591072 -19.576282 
-30.557611 -250.726257 96.774078 178.892201 -1.690668 91.195778 7.394272 1.338827 -3.802665 0.984312 1.880834 14.968237 -6.741578 12.416994 -9.574790 nan nan nan 1.138955 -6.172509 5.992234 3.848017 -6.697571 -5.503253 7.544577 -8.600262 -2.372262 nan nan nan -2.030770 3.831472 3.500956 3.263980 -2.605849 2.683440 0.064322 -0.609901 -0.860030 2.124325 1.493145 -6.096400 1.703403 -7.133044 0.117962 -13.022977 9.289506 -1.241094 -71.133770 -8.733808 19.707197 7.672662 -21.636718 -13.870385 -8.076389 -20.693328 -22.537575 16.240592 -2.151859 -2.021653 65.947065 6.611445 15.343229 -6.640414 27.763399 -8.296321 2.371629 13.745195 -20.657678 
-30.476435 -250.650543 96.805992 179.050530 -1.773460 91.101983 7.275956 0.858117 -4.565012 0.793523 1.796241 16.465393 -6.053793 12.554745 -9.881695 nan nan nan 1.121242 -6.195810 6.206418 3.874920 -6.536126 -5.527009 7.630692 -8.743397 -2.814150 nan nan nan -1.995968 4.115537 3.760301 3.240253 -2.561745 2.597230 0.044426 -0.564584 -0.952357 1.853786 1.108278 -5.941957 1.851073 -7.202862 -0.004788 -13.274237 9.386883 -1.232286 -70.885052 -8.937327 19.803612 7.638826 -21.724744 -13.978674 -8.025081 -20.579161 -22.433225 16.213998 -2.460966 -2.125085 66.003570 6.545496 15.575935 -6.589791 27.705072 -8.139249 2.479695 13.835778 -21.745856 
-30.392813 -250.585419 96.806107 179.298796 -1.860344 91.049435 7.142463 0.337008 -5.478043 0.667494 1.885873 17.995457 -5.563383 12.647293 -9.914783 nan nan nan 1.128283 -6.210574 6.343963 3.905409 -6.575329 -5.588203 7.644472 -8.796233 -3.063933 nan nan nan -1.985135 4.387068 3.913515 3.197983 -2.576106 2.471748 0.051092 -0.581461 -0.823622 1.689780 0.762049 -5.848475 1.958885 -7.282536 -0.114827 -13.455831 9.258482 -1.235124 -70.749406 -9.128431 19.587156 7.733324 -21.773464 -14.459857 -8.132269 -20.596906 -22.199567 16.153498 -2.510264 -2.098641 66.046192 6.507157 15.344895 -6.680153 27.855136 -7.858069 2.727518 13.778643 -21.061850 
-30.298218 -250.530945 96.795486 179.588689 -1.935292 90.998986 7.084845 -0.073046 -6.560210 0.502595 2.115151 19.721551 -5.271576 12.592064 -9.817037 nan nan nan 1.172543 -6.229701 6.479094 3.905131 -6.729979 -5.704690 7.613167 -8.835097 -2.956679 nan nan nan -1.963749 4.611043 4.351136 3.130517 -2.572118 1.927175 0.192724 -0.539016 -0.659276 1.378147 0.578188 -5.574349 2.106898 -7.526944 -0.349299 -13.661386 9.042451 -1.334553 -70.642804 -9.132252 19.422464 7.843774 -21.725497 -15.107365 -8.697483 -20.726456 -21.810145 15.767734 -2.548935 -2.125941 66.196050 6.311299 15.259711 -6.557238 28.011649 -7.482530 3.661329 13.642860 -20.862221 
-30.245613 -250.434845 96.796005 179.974877 -2.097253 90.883766 6.859401 -0.524334 -7.571673 0.376389 2.200285 21.363129 -4.987020 12.565891 -9.692197 nan nan nan 1.068499 -6.387354 6.728454 3.919581 -6.801316 -5.852664 7.502852 -8.816690 -2.655519 nan nan nan -1.962164 4.774787 4.708341 2.977258 -2.692086 1.635448 0.112954 -0.742213 -0.459413 1.631590 0.483429 -5.740987 2.267239 -7.524899 -0.313271 -13.741674 9.289934 -1.650331 -70.680787 -9.018117 19.224217 8.225155 -21.933708 -15.569898 -9.034428 -20.524113 -21.159361 15.920734 -2.137272 -1.986785 65.826109 6.397311 15.096068 -6.095694 27.984952 -7.680971 4.650317 13.568560 -20.586238 
-30.251711 -250.301376 96.801140 -179.505831 -2.341633 90.814074 6.466090 -1.039030 -8.598936 0.250928 2.161407 22.833813 -4.706736 12.566865 -9.462997 nan nan nan 0.759639 -6.629178 6.992901 4.097473 -6.767374 -6.009683 7.302687 -8.844779 -2.650172 nan nan nan -1.815538 4.952270 4.746128 2.738687 -2.860361 1.623428 0.068093 -0.610717 -0.400422 1.255835 0.090121 -5.438165 2.575473 -7.703634 -0.575558 -14.070137 8.961764 -1.708051 -70.316952 -9.029598 19.082231 8.258761 -22.094957 -15.769373 -8.789355 -20.657847 -21.098915 15.532303 -1.920514 -1.881529 66.032369 6.149027 14.809146 -6.008793 27.989397 -7.761116 4.637092 13.689374 -20.819298 
-30.219627 -250.067505 96.858475 -178.773203 -2.429959 90.417701 6.350839 -1.261894 -9.186117 -0.027850 1.933435 24.138760 -4.636309 12.262939 -9.296777 nan nan nan 0.612559 -7.091316 7.895497 4.294068 -6.839206 -6.499984 7.271998 -8.909919 -2.737022 nan nan nan -1.824339 5.069059 4.749300 2.767691 -3.162257 2.066227 0.022707 -0.605746 -0.372278 1.264819 -0.143559 -5.344912 2.702866 -7.789227 -0.809872 -14.258158 9.243900 -1.920217 -70.143348 -9.217967 19.000564 8.196135 -22.250648 -15.854431 -8.522462 -20.612319 -20.632985 15.550458 -1.937785 -1.794366 65.906257 6.251058 14.635794 -5.897410 27.836124 -7.960013 4.719086 13.831240 -20.430392 
-30.158224 -249.959366 96.914444 -178.458429 -2.522488 90.227892 6.192011 -1.217637 -10.023506 -0.183653 1.918153 25.385111 -4.643740 12.025325 -8.988230 nan nan nan 0.574204 -7.218604 8.247822 4.322929 -6.968275 -6.624718 7.173055 -9.024477 -2.861882 nan nan nan -1.887642 5.269790 5.026785 2.764318 -3.114323 2.023091 0.032623 -0.646013 -0.358979 1.351890 -0.338071 -5.101886 2.785870 -7.927955 -1.107699 -14.375725 9.561421 -2.190155 -69.976644 -9.215316 18.959998 8.141749 -22.543917 -15.886529 -8.158730 -20.536332 -20.415784 15.668454 -1.981060 -1.824055 65.700928 6.273133 14.718476 -5.805440 27.707731 -7.862648 4.638071 13.770262 -20.228953 
-30.077152 -249.872986 96.948883 -178.393731 -2.574701 90.144142 6.091952 -1.055232 -10.880196 -0.319203 2.121109 26.379432 -4.713355 11.832273 -8.628222 nan nan nan 0.659799 -7.189889 8.395784 4.250756 -7.014860 -6.673277 7.117529 -9.079059 -3.031149 nan nan nan -1.941549 5.505749 5.286404 2.732703 -2.966602 1.943368 0.108468 -0.698674 -0.406654 1.388398 -0.537336 -4.862623 2.864462 -8.135430 -1.387008 -14.484141 9.558622 -2.214428 -69.766613 -9.016701 18.751150 8.300330 -23.053449 -16.020998 -7.527683 -20.363378 -20.333595 15.680696 -1.738780 -1.710094 65.536272 6.197912 14.772327 -5.697847 27.746179 -7.530672 4.149238 13.632972 -20.133557 
-29.974073 -249.769653 96.976372 -178.339511 -2.659185 90.057876 6.039270 -0.968963 -11.657859 -0.690688 2.414392 27.238943 -4.726381 11.653973 -8.484534 nan nan nan 0.722084 -7.249302 8.528520 4.143372 -6.861591 -6.641167 6.982707 -9.091870 -3.218839 nan nan nan -2.037017 5.784787 5.457396 2.598787 -2.849559 2.034987 0.092854 -0.623652 -0.482822 1.714862 -0.782555 -4.921924 2.954151 -8.255562 -1.420406 -14.857964 9.510102 -2.283518 -69.134750 -8.630562 18.664936 8.659545 -24.216664 -16.127378 -7.260673 -20.075706 -20.399164 15.914739 -1.559659 -1.655727 65.254772 6.092163 14.803586 -5.544908 27.847555 -7.522296 4.087383 13.508666 -20.368072 
-29.890026 -249.584534 96.982368 -178.092524 -2.871471 90.013446 5.828819 -1.297834 -12.400440 -0.904792 3.094592 27.902138 -4.856031 11.330936 -8.394834 nan nan nan 0.624147 -7.443109 8.733590 4.077003 -7.120599 -6.703055 6.874053 -8.852158 -3.347796 nan nan nan -2.274071 6.067963 5.377172 2.432966 -2.762081 2.187488 0.047502 -0.396778 -0.416123 2.279083 -0.579884 -4.995599 2.936384 -8.810063 -1.401031 -14.323392 9.628473 -2.653155 -69.931297 -9.229936 19.143331 9.130891 -22.814629 -17.136534 -8.875426 -20.941400 -19.203586 16.056375 -1.812176 -2.011183 65.307780 5.957252 14.861809 -5.683359 27.503038 -8.150788 5.516481 13.755515 -19.630362 
-29.869480 -249.473358 96.967659 -177.848150 -3.137265 90.155857 5.426613 -1.881388 -13.426207 -1.087065 3.603699 28.483830 -4.871341 11.486440 -8.223808 nan nan nan 0.450498 -7.430902 8.668427 4.039617 -7.315522 -6.743484 6.755219 -8.993186 -3.518786 nan nan nan -2.279556 6.319815 5.449459 2.137941 -2.676895 1.954891 -0.106720 -0.018825 -0.334121 2.525571 -0.966488 -4.895353 3.135175 -9.158833 -1.519030 -14.265535 9.900658 -2.944208 -69.973830 -9.601046 19.375843 9.037953 -22.609802 -17.490845 -9.817482 -21.010249 -18.366362 16.134154 -2.260709 -2.417331 65.471242 5.675582 14.793289 -5.816964 27.385765 -8.149494 6.246518 13.489369 -18.889035 
-29.729645 -249.375565 96.995430 -177.789923 -3.055450 90.163203 5.485982 -1.606927 -14.259297 -1.379718 3.767917 28.946862 -4.901876 11.405227 -7.976168 nan nan nan 0.845376 -7.314911 8.757464 3.754164 -7.295521 -6.809431 6.755267 -9.179392 -3.612011 nan nan nan -2.216691 6.532918 5.759586 2.074497 -2.487851 1.749488 -0.099992 0.362813 -0.440178 2.596499 -1.400326 -4.672953 3.334520 -9.586027 -1.762643 -14.369750 9.502308 -2.781838 -69.706131 -9.702617 19.205009 9.082456 -22.673930 -17.750722 -9.967976 -21.268028 -18.541239 16.102078 -2.132373 -2.817984 65.567546 5.081744 14.507777 -5.932762 27.284687 -7.924135 6.349678 13.424123 -18.930556 
-29.766310 -249.271408 97.012115 -177.284870 -3.212924 90.436318 5.144724 -1.995143 -15.521215 -1.519020 4.064342 29.459232 -4.861564 11.265449 -7.761952 nan nan nan 0.647428 -7.455357 8.549514 3.916310 -7.541882 -6.743180 6.681851 -9.244229 -3.815195 nan nan nan -2.031182 6.611904 5.395334 1.889519 -2.701402 1.769380 -0.235394 0.396001 -0.285338 2.398448 -1.849740 -4.440874 3.726024 -9.432670 -2.041539 -14.501300 9.284024 -2.477270 -69.534339 -9.506316 18.689243 9.482958 -23.417313 -18.038971 -9.691859 -20.880449 -18.685062 15.923667 -1.682933 -2.557045 65.574615 5.183881 14.394927 -5.977261 27.065058 -8.049896 6.327976 13.451601 -19.016710 
-29.595057 -249.165024 97.069077 -177.712603 -3.098866 90.307544 5.441771 -1.405122 -16.007263 -1.901287 4.630544 29.693190 -5.260314 10.725549 -7.726999 nan nan nan 1.037512 -7.285434 8.521472 3.489559 -7.529616 -6.310241 6.682273 -9.116857 -4.010465 nan nan nan -2.056293 6.924369 5.779977 1.891514 -2.282770 1.807862 -0.095285 0.647215 -0.469306 2.576510 -1.686443 -4.133233 3.689357 -9.867831 -2.600627 -14.585458 9.246470 -2.737148 -69.768282 -9.447310 18.723150 10.123460 -23.020722 -18.463922 -9.805727 -20.971374 -18.439467 15.866504 -1.387665 -2.610747 65.447995 5.056095 14.388293 -5.925442 27.043233 -8.047458 6.321211 13.568686 -19.238240 
-29.604961 -248.965576 97.097595 -177.471464 -3.317906 90.319887 5.179039 -2.022189 -16.788535 -2.106489 5.239542 29.812666 -5.510319 10.616898 -7.540131 nan nan nan 0.756169 -7.439048 8.712532 3.572101 -7.617078 -6.401651 6.684485 -9.144381 -4.112744 nan nan nan -2.067091 7.255864 5.591540 1.774520 -2.375668 1.966816 -0.163531 0.677810 -0.382502 2.523179 -2.089458 -4.028451 3.863931 -9.937061 -2.826937 -14.730357 9.530667 -2.889357 -69.594486 -9.425299 18.727901 10.170259 -23.318058 -18.672199 -9.946022 -20.796679 -18.124450 15.908255 -1.421737 -2.601468 65.306165 5.079112 14.518682 -5.933460 27.094549 -8.104883 6.467696 13.427031 -19.045261 
-29.471781 -248.925644 97.134117 -178.140604 -3.443145 90.239072 5.129723 -1.989469 -17.252392 -2.219725 6.074981 29.597164 -5.703404 10.365702 -6.980496 nan nan nan 0.869482 -7.033368 8.541590 3.148481 -7.501991 -5.917230 6.714838 -9.032512 -4.373405 nan nan nan -1.983893 7.666400 6.463812 1.473550 -1.842761 1.537243 -0.217480 0.920472 -0.606006 2.864517 -1.916621 -4.036052 3.826093 -10.438249 -2.938944 -14.726438 9.558417 -3.257508 -69.615827 -9.300857 18.931883 10.543453 -22.963886 -19.271816 -10.457820 -21.181317 -18.076264 15.888620 -1.290648 -2.700981 65.380943 4.938417 14.831456 -6.057457 27.060462 -7.774355 6.363364 13.435900 -18.858011 
-29.249369 -248.945206 97.193077 -178.918625 -3.294766 90.141269 5.405152 -1.315266 -17.652154 -2.489245 6.556202 29.296019 -5.923385 9.972870 -6.656370 nan nan nan 1.509497 -6.511369 8.258206 2.463186 -7.430388 -5.288982 6.799485 -8.818459 -4.645896 nan nan nan -1.792871 7.922009 7.529908 1.247642 -1.136399 1.175849 -0.200290 1.258140 -1.080872 3.267456 -1.467700 -3.962121 3.591426 -11.159165 -3.196589 -14.764352 9.409392 -3.794416 -69.856185 -9.219848 19.266637 11.170867 -21.858188 -20.244551 -10.943496 -22.097165 -18.133128 15.719058 -0.985674 -2.963627 65.660268 4.623560 15.263532 -6.346530 26.894514 -7.442285 6.012662 13.875989 -19.277391 
-29.159140 -248.915924 97.199684 -179.101185 -3.283588 90.294460 5.322653 -1.093007 -18.461380 -2.734890 6.748163 28.969414 -5.909672 9.793603 -6.454027 nan nan nan 1.772898 -6.232785 7.854800 2.196954 -7.558088 -4.814959 6.703138 -8.635752 -4.902190 nan nan nan -1.529558 7.952454 7.968129 0.987338 -0.789968 0.917388 -0.324029 1.319783 -1.246735 3.529336 -1.312095 -4.104854 3.398235 -11.574803 -3.112751 -14.777419 9.811932 -4.219682 -70.237663 -9.334307 19.340140 11.793881 -21.062991 -21.071328 -11.757812 -22.299547 -17.501625 15.640049 -0.826312 -2.873378 65.913851 4.963405 15.723110 -6.749552 26.593087 -7.647890 6.399358 13.711505 -19.365567 
-29.397709 -248.794830 97.113663 -178.402444 -3.850557 90.770867 4.262048 -2.353311 -19.844186 -2.695161 6.825797 28.626698 -5.507139 10.232792 -6.086958 nan nan nan 0.723997 -6.461171 7.421784 2.841104 -7.775732 -4.730230 6.497089 -8.783541 -5.121279 nan nan nan -1.112290 7.884996 7.731375 0.425677 -1.088218 0.507805 -0.757913 1.487549 -0.817775 3.177434 -2.309121 -4.487469 3.736845 -11.140110 -2.675091 -14.862698 10.162177 -4.183091 -70.069370 -9.308911 19.082958 11.709145 -21.931083 -20.581292 -11.359697 -21.604804 -17.718799 15.380445 -1.123582 -3.045625 66.259642 5.097767 15.582225 -6.794558 26.593812 -7.816535 6.664716 12.953443 -18.908075 
-29.336809 -248.228134 97.079750 -177.236284 -4.036578 90.553057 3.772617 -2.785369 -20.194757 -2.862679 6.197168 28.162397 -5.450011 9.955966 -5.874361 nan nan nan 0.499100 -7.261904 8.703039 3.012590 -7.728450 -5.972857 6.860348 -9.266850 -4.809803 nan nan nan -1.579060 8.045131 6.463297 0.776979 -1.832728 1.770184 -0.739710 1.442048 -0.666015 2.722315 -3.253434 -4.294885 4.262611 -10.453371 -2.733654 -15.122768 10.654926 -3.699098 -68.745108 -9.138538 18.694644 10.339858 -24.326679 -19.528508 -9.398845 -20.292289 -18.374434 15.671963 -1.423328 -2.845053 65.822567 5.464449 15.791150 -6.420049 26.722591 -7.874491 5.433053 12.820434 -19.312677 
-29.337395 -247.976303 97.080612 -177.178954 -4.179731 90.318996 3.472074 -2.922361 -20.477029 -2.960237 6.299764 27.637353 -5.607261 9.533057 -5.540555 nan nan nan 0.220841 -7.357507 9.174819 3.083740 -7.745512 -5.956482 7.004221 -9.047487 -4.932743 nan nan nan -1.504133 8.284143 6.655254 0.674502 -1.828496 1.788229 -0.761966 1.502717 -0.552877 2.680032 -3.306115 -4.186670 4.205142 -10.608630 -2.842037 -15.040666 10.832522 -3.888777 -68.848286 -8.997363 18.802262 10.541770 -24.128734 -19.793837 -9.583754 -20.608145 -18.414245 15.595444 -1.355864 -2.858376 65.737320 5.598549 16.093282 -6.370926 26.588449 -7.799409 5.799091 13.332286 -19.237407 
-29.316057 -247.704941 97.085861 -177.004124 -4.343491 90.136693 3.176817 -3.082457 -20.814297 -3.153754 6.338956 27.028421 -5.654857 9.147907 -5.070679 nan nan nan -0.028579 -7.533233 9.655333 3.147715 -7.735743 -6.017809 7.093332 -8.845038 -5.076118 nan nan nan -1.533745 8.516806 6.706605 0.592986 -1.841971 1.895938 -0.785760 1.556568 -0.422816 2.672855 -3.581113 -4.232561 4.213879 -10.725057 -2.792702 -14.935581 10.860831 -3.874499 -68.831859 -8.915786 18.761015 10.758039 -24.067225 -19.948750 -9.763528 -20.772961 -18.474067 15.702716 -1.367750 -2.842756 65.472058 5.725224 16.144275 -6.225217 26.640581 -7.624039 6.600864 13.525406 -18.663958 
-29.276945 -247.477875 97.067940 -176.912951 -4.536086 90.136822 2.754052 -3.235413 -21.314338 -3.092777 6.330011 26.267834 -5.595753 9.005295 -4.517192 nan nan nan -0.262592 -7.693514 9.817198 3.164009 -7.789819 -5.971193 7.193108 -8.709419 -5.285206 nan nan nan -1.615117 8.765695 6.648969 0.464883 -1.773242 1.920319 -0.785191 1.540066 -0.262128 2.630581 -3.825799 -4.146240 4.384759 -10.802623 -2.934740 -14.837655 10.875078 -3.884987 -68.866136 -8.812400 18.571358 11.107686 -24.068336 -20.260409 -9.810665 -20.628475 -18.164107 15.804527 -1.219530 -2.747424 65.237637 5.835508 16.106292 -6.130467 26.767873 -7.645734 7.135680 13.823236 -17.983279 
-29.235828 -247.259811 97.032913 -176.909227 -4.641940 90.192607 2.378515 -3.349752 -21.829731 -3.001994 6.133290 25.474682 -5.538648 9.094296 -4.153269 nan nan nan -0.369518 -7.816092 9.916215 3.133520 -7.700234 -6.025162 7.249682 -8.804159 -5.353933 nan nan nan -1.596823 9.002470 6.756990 0.323275 -1.691587 1.669335 -0.758357 1.605816 -0.013652 2.530103 -4.050527 -3.959236 4.729450 -10.667195 -3.349674 -14.989683 10.881703 -4.055558 -68.317567 -8.453464 18.493583 10.722956 -24.626555 -19.926588 -8.707497 -20.435967 -18.517865 15.847219 -1.107402 -2.944752 64.949632 5.645546 16.099919 -5.649142 27.115546 -7.348955 6.466152 14.188396 -18.081252 
-29.183046 -246.998306 97.013847 -176.891642 -4.699837 90.125774 2.155507 -3.437922 -22.176520 -3.073897 6.018142 24.599498 -5.606867 9.089005 -3.741549 nan nan nan -0.379980 -7.905604 10.194862 3.019402 -7.678939 -6.137189 7.320014 -8.923755 -5.323169 nan nan nan -1.539754 9.180725 6.954133 0.216887 -1.621197 1.608620 -0.729295 1.658960 -0.002546 2.548955 -4.232240 -3.750675 4.817202 -10.657177 -3.659876 -15.155154 10.948552 -4.245289 -68.078765 -8.101625 18.338049 10.862062 -24.762037 -19.941744 -8.209387 -20.308732 -18.509712 15.813934 -1.010529 -3.064451 64.880669 5.573967 16.179845 -5.499842 27.259260 -7.291622 6.101321 14.375128 -18.422287 
-29.121849 -246.772339 96.986740 -177.022737 -4.714241 89.984528 2.024941 -3.381816 -22.430756 -3.121787 6.233344 23.708880 -5.800650 9.057334 -3.382836 nan nan nan -0.276371 -7.809008 10.445533 2.815661 -7.627097 -6.006635 7.361722 -9.037633 -5.693458 nan nan nan -1.344093 9.357042 7.367834 0.065788 -1.464107 1.564862 -0.775823 1.726162 -0.111760 2.674524 -4.320568 -3.861853 4.639980 -10.790305 -3.665187 -15.135510 11.033455 -4.409938 -68.076881 -7.886188 18.349433 11.170303 -24.494611 -20.167414 -8.401635 -20.443346 -18.763299 15.699526 -1.016722 -3.216552 65.053704 5.653497 16.460193 -5.664526 27.283916 -7.337225 6.111058 14.367323 -18.742980 
-29.148287 -246.442017 96.989189 -176.556407 -4.716049 89.779397 1.736041 -3.758827 -22.618754 -3.032884 6.270546 22.819364 -5.859086 8.957581 -3.106463 nan nan nan -0.318191 -8.118720 11.109789 2.861209 -7.626890 -6.262540 7.538668 -9.089964 -5.922776 nan nan nan -1.135732 9.470496 7.157342 0.072697 -1.722861 2.079540 -0.868917 1.724127 -0.123967 2.543871 -4.647995 -4.047548 4.682557 -10.661319 -3.522170 -15.194355 10.980703 -4.477763 -67.899604 -7.698476 18.350915 11.300774 -24.291077 -20.564183 -8.467296 -20.501591 -19.150145 15.691358 -1.065056 -3.385274 64.803980 5.731891 16.726611 -5.396047 27.508184 -7.213092 6.262976 14.362173 -18.805221 
-29.130716 -246.188385 96.984634 -176.499585 -4.712076 89.696221 1.520831 -3.934666 -22.874613 -2.974863 6.028174 21.858715 -5.755445 8.850094 -2.690929 nan nan nan -0.320372 -8.204126 11.370715 2.809607 -7.477112 -6.170564 7.563394 -9.113594 -6.013601 nan nan nan -1.012858 9.646035 7.147870 0.050063 -1.707132 2.390187 -0.895815 1.767490 -0.241048 2.436050 -4.730267 -4.184013 4.683716 -10.680511 -3.412333 -15.213125 10.821792 -4.585326 -67.810189 -7.304956 18.320406 11.585878 -24.224259 -20.921718 -8.358930 -20.309009 -19.455150 15.780584 -0.835287 -3.486752 64.335825 5.715044 16.971078 -5.103290 27.784538 -6.837541 6.350486 14.308222 -19.151181 
-29.138712 -245.952362 96.918114 -176.459397 -4.813995 89.824955 1.228338 -4.281377 -23.449702 -2.811754 5.954079 20.946636 -5.841990 8.789012 -2.112646 nan nan nan -0.438595 -8.151223 11.336486 2.823262 -7.490670 -6.032419 7.467145 -9.204078 -6.152235 nan nan nan -0.966800 9.808287 7.159432 -0.110331 -1.649251 2.251121 -0.881096 1.807411 -0.104926 2.268750 -4.713974 -4.096089 5.010880 -10.680303 -3.740565 -15.122911 10.753837 -4.648529 -67.876601 -7.031426 18.176575 11.819008 -24.062625 -20.995977 -8.352385 -20.276901 -19.586750 15.758062 -0.670549 -3.480542 64.187180 5.758051 16.915448 -5.026855 27.984895 -6.778744 6.290191 14.378251 -19.301064 
-29.125423 -245.737320 96.833977 -176.802060 -4.936429 89.894795 0.983353 -4.311127 -23.877556 -2.657506 6.198894 19.949734 -6.086432 8.762815 -1.474844 nan nan nan -0.502635 -7.953514 11.266978 2.634162 -7.469987 -5.726111 7.521373 -9.059265 -6.521896 nan nan nan -0.814801 9.978001 7.519522 -0.390827 -1.396455 1.782576 -0.888531 1.926079 0.178206 2.152440 -4.735240 -4.057680 5.204529 -10.803063 -4.099262 -15.142096 10.789299 -4.828439 -67.825804 -6.856048 18.097533 11.868958 -23.745969 -21.048339 -8.245968 -20.451572 -19.936335 15.635895 -0.630943 -3.589931 64.322294 5.840382 16.795994 -5.055632 28.200580 -7.128967 6.104870 14.473551 -19.193774 
-29.116163 -245.454224 96.767578 -176.971510 -4.941307 89.804133 0.864707 -4.366861 -24.140244 -2.601935 6.373835 19.054599 -6.111254 8.738930 -1.053456 nan nan nan -0.455965 -7.907012 11.596948 2.468292 -7.383781 -5.726845 7.605042 -8.951963 -6.755677 nan nan nan -0.551139 10.064939 7.756475 -0.559312 -1.341718 1.648805 -0.926496 2.063630 0.366903 2.115774 -4.907838 -4.198703 5.087168 -10.812266 -4.145665 -15.267611 10.849099 -5.057535 -67.619414 -6.571823 18.049721 11.786618 -23.525419 -20.932049 -7.846096 -20.437294 -20.238176 15.476469 -0.492401 -3.553219 64.340661 6.020838 16.812369 -4.938848 28.463993 -7.493776 5.797839 14.588995 -19.129029 
-29.093592 -245.100693 96.703796 -176.817545 -4.937266 89.673622 0.679229 -4.599172 -24.355996 -2.564997 6.285250 18.135901 -5.853556 8.814084 -0.755422 nan nan nan -0.440637 -8.065628 12.163323 2.457627 -7.362217 -6.034232 7.659016 -8.971766 -6.838163 nan nan nan -0.423245 10.146325 7.769850 -0.577081 -1.460743 1.942618 -0.948528 2.106713 0.285020 2.035310 -5.027482 -4.350937 4.940615 -10.717828 -4.040289 -15.285565 10.838181 -5.093850 -67.551712 -6.330669 17.900985 11.867499 -23.243208 -21.048627 -7.576489 -20.392003 -20.470265 15.404052 -0.239358 -3.503546 64.361889 6.094932 16.944592 -5.117230 28.581805 -8.021305 5.682244 14.906677 -19.338979 
-29.096087 -244.813110 96.640175 -176.988614 -4.958057 89.680949 0.484869 -4.865154 -24.604130 -2.444548 6.219597 16.981111 -5.657305 9.198795 -0.383314 nan nan nan -0.515387 -8.014040 12.357577 2.482058 -7.215497 -6.013037 7.644984 -8.958490 -7.012801 nan nan nan -0.144509 10.291629 8.059659 -0.754168 -1.387397 1.910291 -1.062379 2.209349 0.169938 1.918193 -5.016564 -4.301172 5.022440 -10.766119 -4.184315 -15.298644 10.911612 -5.245175 -67.449208 -6.023798 17.861340 11.896331 -22.966090 -21.204530 -7.330156 -20.345676 -20.733794 15.347044 -0.138900 -3.577418 64.491762 6.183834 17.009421 -5.262120 28.570503 -8.414914 5.364931 15.026339 -19.392638 
-29.084915 -244.405334 96.602150 -176.833148 -4.858282 89.558968 0.359376 -5.030979 -24.650817 -2.317926 6.167612 15.879876 -6.038020 9.048344 -0.123956 nan nan nan -0.417329 -8.151008 12.923773 2.480297 -7.250065 -6.267104 7.800901 -8.930835 -7.112117 nan nan nan 0.002664 10.327885 7.995336 -0.722652 -1.532346 2.240853 -1.093653 2.319167 0.027815 1.804770 -5.028062 -3.987759 5.327686 -10.742025 -4.601323 -15.438487 10.995813 -5.253285 -67.275734 -5.746463 17.735672 12.183053 -22.716615 -21.727138 -7.655997 -19.982776 -20.165945 15.557806 -0.101250 -3.496790 64.259604 6.353827 16.841725 -5.278860 28.677956 -8.925612 5.550467 15.050134 -18.937535 
-29.067101 -244.059738 96.506363 -176.917841 -4.825620 89.568211 0.201918 -4.946849 -25.055081 -1.962453 6.569774 15.162198 -5.982054 8.624769 0.054223 nan nan nan -0.397298 -8.236511 13.223863 2.472123 -7.197080 -6.362917 7.817759 -8.830959 -7.333187 nan nan nan 0.137585 10.394431 7.980775 -0.798089 -1.549945 2.271513 -1.085568 2.417059 0.119446 1.797206 -4.994052 -4.044318 5.324359 -10.820077 -4.634137 -15.448821 11.031524 -5.362116 -67.269421 -5.433960 17.485100 12.471571 -22.347205 -22.039779 -8.130589 -19.609323 -19.524422 15.631434 0.078280 -3.401696 64.098251 6.552922 16.742454 -5.281667 28.897484 -9.389751 5.925412 15.168725 -18.658460 
-29.062937 -243.691605 96.397301 -177.057268 -4.779570 89.516289 0.077157 -4.816663 -25.316127 -1.806809 6.750816 14.347288 -5.922596 8.445892 0.170459 nan nan nan -0.407946 -8.346807 13.630796 2.455727 -6.986754 -6.507065 7.872249 -8.719069 -7.502588 nan nan nan 0.269929 10.508422 8.049579 -0.819625 -1.512548 2.224585 -1.006361 2.431624 0.233028 1.711398 -5.201901 -3.972219 5.106176 -10.775705 -4.680443 -15.594560 10.976940 -5.338694 -67.120368 -5.064952 17.164095 12.549390 -22.166817 -22.016780 -8.072265 -19.530926 -19.550251 15.560156 0.291325 -3.336056 63.940340 6.762348 16.712094 -5.281113 29.132221 -9.214702 6.003571 15.013220 -18.421663 
-29.054502 -243.293472 96.298912 -177.256170 -4.747121 89.277663 -0.091517 -4.667432 -25.298534 -1.767336 6.664514 13.512053 -6.014685 8.538348 0.205581 nan nan nan -0.393986 -8.416646 14.256078 2.299195 -6.656778 -6.636101 7.868186 -8.809992 -7.711263 nan nan nan 0.416910 10.695813 8.425275 -0.867842 -1.368396 1.958414 -0.906985 2.386937 0.516737 1.626970 -5.379063 -3.912992 5.002009 -10.633927 -4.881712 -15.781138 10.905220 -5.377372 -66.921014 -4.678237 16.802328 12.609006 -22.071605 -21.858937 -8.343538 -19.490172 -19.885009 15.656749 0.348688 -3.484365 63.612217 7.023218 16.589593 -5.167910 29.380105 -8.296340 6.830581 14.273825 -17.507857 
-29.030834 -242.922943 96.194519 -177.544355 -4.655084 89.189730 -0.141137 -4.561834 -25.448191 -1.654761 6.650713 12.703467 -6.206637 8.569692 0.225293 nan nan nan -0.233848 -8.330621 14.634349 2.081778 -6.385838 -6.650811 7.819872 -8.869337 -7.944262 nan nan nan 0.703122 10.793055 8.727748 -1.015004 -1.243225 1.734735 -0.971910 2.484135 0.763855 1.616999 -5.076581 -3.934485 5.113670 -10.621043 -5.178778 -15.878370 10.979587 -5.707266 -66.688565 -4.209570 16.702865 12.614399 -21.852341 -21.587567 -8.829723 -19.539928 -20.052572 15.815524 0.472863 -3.747347 63.409279 7.201471 16.614024 -5.093499 29.444449 -8.107884 7.488686 14.099860 -17.101329 
-29.019794 -242.536636 96.083839 -177.862125 -4.600969 89.254660 -0.217239 -4.407751 -25.745132 -1.476691 6.852814 11.883911 -6.184010 8.474534 0.352029 nan nan nan -0.184246 -8.284740 14.867313 1.970206 -6.180656 -6.687461 7.946822 -8.783806 -8.107697 nan nan nan 0.913417 10.870188 8.738388 -1.099194 -1.188572 1.862875 -1.095578 2.610677 0.735324 1.624751 -4.689846 -4.108484 5.035171 -10.747932 -5.225463 -15.706112 11.407478 -5.985709 -66.768476 -3.931962 16.687694 12.382357 -21.535575 -21.572996 -8.825764 -19.375766 -20.077347 15.910895 0.593783 -3.729994 63.343922 7.497605 16.975364 -5.241783 29.463995 -8.492873 7.345656 14.333663 -17.545348 
-29.006115 -242.104065 95.975906 -178.198317 -4.589653 89.266467 -0.401043 -4.124578 -25.946282 -1.256535 7.063195 11.066240 -6.126383 8.427193 0.219081 nan nan nan -0.244955 -8.387961 15.256935 1.854629 -5.937643 -6.828281 8.123874 -8.515968 -8.215662 nan nan nan 0.974152 11.057116 8.631246 -1.127468 -1.106115 2.220283 -1.112964 2.684881 0.545162 1.746796 -4.581913 -4.295933 4.696505 -10.871406 -5.084901 -15.553591 11.456404 -5.980636 -67.127532 -3.817248 16.529454 12.651027 -20.717878 -22.129813 -8.676888 -19.313338 -19.992455 15.957434 0.763919 -3.570231 63.295866 7.763946 17.075203 -5.502259 29.572105 -8.818352 7.268434 14.361536 -17.717540 
-29.004957 -241.678818 95.865532 -178.484910 -4.563578 89.177940 -0.540960 -4.027402 -26.082578 -1.049154 7.248585 10.344600 -6.102889 8.586510 0.021394 nan nan nan -0.279632 -8.503873 15.708313 1.689000 -5.713039 -6.856752 8.285995 -8.274028 -8.444842 nan nan nan 1.084966 11.225322 8.655065 -1.177392 -1.089796 2.389140 -1.111720 2.822118 0.584124 1.833793 -4.558972 -4.343357 4.594911 -10.834728 -5.170637 -15.478900 11.391509 -5.929716 -67.255207 -3.674286 16.266962 12.647421 -20.174385 -22.408504 -8.518008 -19.158726 -20.089027 15.920617 0.871090 -3.537203 63.302570 8.081084 16.831734 -5.510558 29.622878 -9.133495 7.349811 14.105776 -17.342911 
-29.025183 -241.226257 95.744164 -178.746169 -4.513227 89.190534 -0.595903 -3.963324 -26.363671 -0.878559 7.541305 9.805458 -6.090088 8.500176 -0.017184 nan nan nan -0.272873 -8.559280 16.081150 1.538756 -5.625485 -6.920788 8.432791 -8.104161 -8.658823 nan nan nan 1.194513 11.392643 8.519981 -1.196878 -1.081985 2.497295 -1.120733 2.940516 0.685657 1.765889 -4.521506 -4.077436 4.761079 -10.769213 -5.512397 -15.516356 11.438750 -5.985794 -67.161028 -3.427302 16.186469 12.486245 -19.763925 -22.613414 -8.547417 -19.063526 -20.145159 15.951515 0.884798 -3.550688 63.193254 8.385847 16.762532 -5.414333 29.546680 -9.283000 7.275231 13.986033 -17.072738 
-29.001041 -240.716751 95.607117 -178.938092 -4.458902 89.175042 -0.679378 -3.667981 -26.717179 -0.766061 7.763053 9.587422 -5.962287 8.221947 -0.107006 nan nan nan -0.241009 -8.683740 16.629650 1.410141 -5.552267 -7.216334 8.442574 -8.185427 -8.724889 nan nan nan 1.154210 11.537585 8.291663 -1.138377 -1.121169 2.744848 -1.096148 2.939613 0.696970 1.834495 -4.476953 -4.010631 4.673481 -10.731130 -5.571069 -15.657594 11.630291 -6.090462 -67.079284 -3.042037 15.962343 12.819557 -19.444682 -22.770805 -9.144731 -18.880108 -20.035635 16.177635 1.013466 -3.470554 62.955658 8.696114 16.958013 -5.542572 29.480483 -9.467437 7.575983 14.106951 -17.373428 
-28.988293 -240.328705 95.484756 -179.590504 -4.350251 89.028280 -0.740157 -3.127204 -26.858931 -0.601385 7.873736 9.287706 -5.789088 8.246407 -0.175189 nan nan nan -0.253040 -8.581801 17.028073 1.303955 -5.230047 -7.130268 8.249084 -8.208575 -8.858197 nan nan nan 1.592129 11.609662 8.980080 -1.335491 -0.887608 2.477802 -1.292301 3.140956 0.616242 2.041827 -4.285852 -4.229675 4.416266 -10.872566 -5.479964 -15.662083 11.770350 -6.138480 -67.058847 -2.724361 15.777674 12.921919 -19.086427 -22.439794 -9.269876 -18.786735 -20.359304 16.217366 1.111635 -3.532389 63.021603 8.919570 17.015877 -5.657945 29.424583 -9.563600 7.432686 14.259107 -17.847951 
-28.979166 -239.897598 95.339409 179.822669 -4.321980 89.075231 -0.776796 -2.863013 -27.080679 -0.500910 8.125265 8.775404 -5.698319 8.434164 -0.059729 nan nan nan -0.328743 -8.455503 17.298531 1.263242 -4.936752 -7.173167 8.243753 -8.097252 -8.991454 nan nan nan 1.789221 11.700574 9.255053 -1.503828 -0.710322 2.254099 -1.367174 3.272824 0.688929 2.083996 -4.063972 -4.213709 4.395213 -10.785976 -5.687866 -15.688893 12.005852 -6.263864 -67.034907 -2.376290 15.604270 12.889804 -18.812469 -22.234656 -9.264269 -18.646526 -20.548447 16.184882 1.206192 -3.573127 63.153062 9.268304 17.070407 -5.738232 29.301471 -9.737080 7.270896 14.220883 -17.891039 
-28.950239 -239.232590 95.213417 179.940250 -4.320861 89.108306 -0.894214 -2.970035 -27.213855 -0.464147 8.299391 8.248951 -5.551400 8.430462 -0.003029 nan nan nan -0.413867 -8.872529 18.020999 1.232994 -4.826404 -7.710737 8.515958 -7.927532 -8.944047 nan nan nan 1.379306 11.850783 8.331297 -1.198177 -0.979122 3.095276 -1.196889 3.269228 0.616381 1.803119 -4.258179 -3.833169 4.551945 -10.420336 -6.023864 -15.781244 12.166363 -6.121443 -66.963221 -2.218261 15.206413 12.832403 -18.451699 -22.400292 -9.217984 -18.381506 -20.165922 16.375223 1.205854 -3.396433 62.998629 9.655801 16.879996 -5.929179 29.275415 -10.102259 7.381027 14.118684 -16.941326 
-28.948284 -238.775009 95.055901 179.195931 -4.321392 89.140142 -0.906166 -2.591424 -27.416134 -0.317247 8.857394 7.862155 -5.438017 8.489672 0.230748 nan nan nan -0.574854 -8.794323 18.152764 1.070672 -4.522589 -7.369913 8.578731 -7.608483 -9.262869 nan nan nan 1.544373 11.994389 8.552018 -1.357777 -0.751383 3.038113 -1.266563 3.369561 0.573938 1.906938 -3.867562 -3.892749 4.330443 -10.464685 -6.058173 -15.704166 12.391567 -6.242998 -67.131672 -1.867715 15.032843 12.975402 -17.997952 -22.430111 -9.113600 -18.306768 -19.965913 16.377452 1.242214 -3.252070 63.118732 10.176003 16.976830 -6.191035 29.194348 -10.160682 7.356822 14.140877 -16.653655 
-29.012777 -238.170227 94.935318 179.120969 -4.276307 89.104521 -1.040097 -2.625336 -27.620412 -0.206720 9.034887 7.742093 -5.285161 8.572248 0.256794 nan nan nan -0.801480 -9.037125 18.838635 1.182769 -4.262168 -7.722620 8.794681 -7.491232 -9.229257 nan nan nan 1.765247 12.084542 8.116638 -1.410252 -0.962399 3.608389 -1.394234 3.458315 0.559181 1.809488 -3.826331 -3.899115 4.425478 -10.226072 -6.202408 -15.852280 12.202346 -6.149480 -66.887194 -1.395631 14.838842 13.099082 -17.805497 -22.320105 -8.989409 -18.247097 -20.037931 16.394144 1.477990 -3.193168 63.135853 10.263357 16.958792 -6.252205 29.243384 -10.398277 7.307958 14.253682 -17.045585 
-29.030741 -237.690231 94.784088 178.466062 -4.278613 89.164778 -1.012869 -2.465722 -27.884649 -0.089621 9.514278 7.603373 -5.160666 8.816216 0.353432 nan nan nan -1.049326 -8.950557 19.118823 1.215193 -3.877721 -7.685049 8.722606 -7.216927 -9.480185 nan nan nan 1.923516 12.294354 8.271716 -1.557881 -0.834434 3.493658 -1.464416 3.577719 0.642567 1.832265 -3.707329 -3.852477 4.309048 -10.267914 -6.322969 -15.818918 12.191722 -6.299829 -66.883108 -0.897251 14.857362 12.968456 -17.484690 -22.311939 -8.250475 -18.205972 -20.793727 16.424390 1.666792 -3.416224 63.073912 10.312199 17.146675 -6.012334 29.254985 -10.507797 6.955476 14.401862 -17.727935 
-29.017220 -237.127625 94.602089 177.999316 -4.300395 89.228687 -0.950598 -2.388886 -28.160351 -0.096339 10.076806 7.567837 -4.972100 9.067870 0.285757 nan nan nan -1.216566 -8.898522 19.520758 1.155759 -3.634799 -7.766950 8.776119 -7.001559 -9.749415 nan nan nan 1.838748 12.465792 8.148468 -1.534328 -0.859215 3.717552 -1.511109 3.686560 0.538586 1.940016 -3.496008 -3.939293 4.197091 -10.403283 -6.243094 -15.572139 12.475242 -6.355628 -66.968237 -0.553647 14.818455 12.619321 -17.218037 -22.332151 -7.963044 -18.166365 -21.414665 16.414206 1.689318 -3.527792 63.203347 10.521192 17.419886 -6.090562 29.228178 -10.753080 6.599886 14.307022 -17.953581 
-29.042969 -236.551498 94.425056 177.532612 -4.306559 89.310348 -1.030331 -1.903723 -28.527892 -0.171588 10.636250 7.744551 -5.133631 9.055575 0.169672 nan nan nan -1.394925 -8.893885 19.883272 1.044168 -3.385598 -7.819272 8.960145 -6.814423 -10.003724 nan nan nan 1.910255 12.582318 7.933024 -1.619525 -0.821008 3.895869 -1.632044 3.730267 0.606034 2.083422 -3.231594 -4.037839 4.190097 -10.448529 -6.292580 -15.487034 12.720423 -6.218817 -66.868920 -0.334045 14.552596 12.736688 -17.039680 -21.799729 -9.149134 -17.984201 -21.191160 16.501750 1.678407 -3.164077 63.321355 11.245474 17.191683 -6.363891 29.084313 -11.014768 6.444385 14.042877 -17.313891 
-29.063601 -235.988632 94.261368 176.894917 -4.244665 89.338533 -1.132952 -0.953884 -28.860821 -0.278467 11.073057 8.079688 -5.378743 8.775726 0.082321 nan nan nan -1.558176 -8.895655 20.296849 0.926877 -3.041344 -7.890176 9.127347 -6.533377 -10.190216 nan nan nan 2.003313 12.699819 8.040679 -1.666574 -0.607531 3.779396 -1.669092 3.825055 0.682759 2.151225 -2.923162 -4.018213 4.045677 -10.404187 -6.451388 -15.561216 12.891374 -6.162844 -66.910054 -0.041325 14.454034 12.516074 -16.911262 -21.502498 -7.236201 -17.971827 -22.055641 16.669503 1.599085 -3.041858 63.109091 11.710969 16.927595 -6.262417 29.082139 -10.737263 3.334142 14.283950 -16.415575 
-29.022764 -235.433197 94.097275 176.068901 -4.143641 89.376153 -0.931268 -0.350058 -29.070434 -0.339075 11.702092 8.258774 -5.538319 8.704165 0.021639 nan nan nan -1.593142 -8.778542 20.686284 0.697545 -2.695506 -7.952885 9.126026 -6.191921 -10.336618 nan nan nan 2.189967 12.795612 8.346683 -1.846130 -0.346448 3.498869 -1.693002 3.982490 0.739823 2.288615 -2.478201 -3.902866 3.865974 -10.467226 -6.786072 -15.729949 13.121573 -6.404277 -66.961672 0.303535 14.116665 12.944062 -16.360805 -21.754238 -8.332876 -17.662838 -21.023076 16.756787 1.799153 -2.961581 62.977555 11.970076 17.069649 -6.117249 29.149493 -10.374080 5.423287 14.379361 -16.439307 
-28.970745 -234.856979 93.925278 175.218412 -4.059711 89.442954 -0.531586 -0.327961 -29.176319 -0.407565 12.355917 8.273217 -5.598254 9.194464 0.016986 nan nan nan -1.598847 -8.518396 21.074676 0.478745 -2.386363 -8.054610 9.029910 -5.937819 -10.520002 nan nan nan 2.390194 12.975777 8.578703 -1.991539 -0.179268 3.467214 -1.863389 4.113143 0.499852 2.409299 -2.204157 -3.757114 3.784245 -10.546776 -6.902913 -15.690486 13.386983 -6.307501 -66.989473 0.548802 13.969595 13.155692 -15.996337 -21.796060 -9.047891 -17.788386 -20.972103 16.771223 1.909453 -2.798708 63.229736 12.343004 17.367923 -6.384762 28.948466 -10.340054 6.357634 14.332670 -16.740110 
-28.948036 -234.241730 93.746933 174.499176 -3.997563 89.619355 -0.251949 -0.317845 -29.411224 -0.485647 13.028094 8.412782 -5.614098 9.511185 0.182095 nan nan nan -1.629838 -8.304666 21.402477 0.270300 -2.132320 -8.253939 9.087468 -5.704430 -10.678228 nan nan nan 2.441569 13.183824 8.507327 -2.041892 -0.093534 3.615736 -1.966186 4.232470 0.210691 2.455585 -2.006250 -3.726917 3.683213 -10.482650 -6.824732 -15.624865 13.573515 -6.211917 -67.131609 0.852384 13.853453 13.350615 -15.629127 -21.838408 -9.265803 -17.763907 -21.196828 16.724719 1.958250 -2.703059 63.416309 12.604680 17.627437 -6.545385 28.836968 -10.187996 6.388278 14.314081 -16.725469 
-28.928360 -233.603836 93.575706 173.949942 -3.968871 89.892194 -0.094765 -0.208281 -29.802209 -0.555076 13.524003 8.701047 -5.680939 9.565122 0.400801 nan nan nan -1.668347 -8.223574 21.638178 0.030493 -1.972819 -8.471832 9.237637 -5.404071 -10.807650 nan nan nan 2.323415 13.320115 8.191580 -2.060889 -0.075127 3.729219 -1.953988 4.194070 0.098237 2.499566 -1.712478 -3.715986 3.596335 -10.299428 -6.880064 -15.682942 13.876702 -6.255248 -67.107474 1.314562 13.738449 13.379213 -15.468156 -21.851805 -9.075400 -17.490348 -20.927508 16.844146 2.170813 -2.343842 63.187448 13.019341 17.963862 -6.464379 28.915972 -10.072828 6.048782 14.514571 -16.828306 
-28.919159 -232.936005 93.396805 173.430481 -4.006158 90.073664 -0.004958 -0.017836 -30.092287 -0.713017 13.942398 9.041282 -5.828019 9.561148 0.504711 nan nan nan -1.895198 -8.179113 22.036993 -0.030735 -1.749261 -8.744488 9.336168 -5.160487 -10.871816 nan nan nan 2.243588 13.413749 8.082799 -2.168893 -0.057289 3.719021 -2.035645 4.312516 0.002681 2.655126 -1.538207 -3.783522 3.514259 -10.123260 -6.927395 -15.618527 14.104134 -6.125855 -67.056730 1.641986 13.713693 13.416235 -15.319155 -21.617144 -9.168923 -17.597551 -21.238490 16.786597 2.151853 -2.280829 63.398771 13.086681 18.188735 -6.377572 29.089568 -10.033998 6.062819 14.596549 -17.464258 
-28.942245 -232.208435 93.196846 172.678877 -4.088745 90.256039 0.008414 0.407979 -30.312886 -0.865087 14.415393 9.485875 -6.021167 9.284572 0.597106 nan nan nan -2.317542 -8.108289 22.397115 -0.051529 -1.431532 -8.875517 9.391228 -4.827880 -10.978944 nan nan nan 2.238208 13.477704 7.741394 -2.314211 0.030219 4.036981 -2.300598 4.570592 -0.150240 2.943348 -1.214687 -3.935899 3.350509 -10.134981 -6.709714 -15.410571 14.522080 -6.140686 -67.124984 1.901132 13.792626 13.492418 -15.099123 -21.475907 -9.621737 -17.549100 -21.527654 16.753825 1.974497 -2.200697 63.809813 13.288196 18.540942 -6.365135 29.238114 -10.198770 6.476145 14.374750 -18.325663 
-28.947319 -231.518494 93.021362 172.077247 -4.128785 90.372244 0.118358 0.573375 -30.473718 -1.032769 14.748667 9.970885 -6.257362 9.121140 0.718165 nan nan nan -2.612259 -8.118504 22.795201 -0.187174 -1.140928 -8.979374 9.410333 -4.535983 -11.135655 nan nan nan 2.162194 13.621240 7.527542 -2.373223 0.071211 4.201065 -2.379859 4.646649 -0.156217 3.073602 -0.958664 -4.151509 3.251723 -10.154930 -6.584706 -15.458741 14.834238 -6.234249 -67.125906 2.129653 13.736921 13.543948 -14.886904 -21.579254 -9.515000 -17.470503 -21.440551 16.939847 1.867925 -2.099622 63.765897 13.726361 18.693800 -6.248136 29.259152 -10.207405 6.404633 14.237921 -18.226259 
-28.971222 -230.826202 92.847725 171.609011 -4.099540 90.512012 0.261040 0.577871 -30.676588 -1.165114 14.929324 10.519024 -6.395544 9.109749 0.773700 nan nan nan -2.875195 -8.140604 23.263633 -0.222721 -0.896541 -9.204414 9.527843 -4.256252 -11.276651 nan nan nan 2.153601 13.841629 7.320713 -2.393343 0.103179 4.178251 -2.390610 4.584606 -0.001704 3.039242 -0.923749 -4.229114 3.245120 -10.012165 -6.663677 -15.544746 14.980593 -6.126339 -67.155558 2.342703 13.514078 13.563540 -14.805072 -21.584506 -9.023356 -17.528954 -21.557816 17.009145 1.780554 -2.069345 63.662714 14.066537 18.579721 -6.059758 29.275782 -9.943148 5.876139 14.373280 -17.573177 
-29.011284 -230.100815 92.670334 171.093360 -4.124970 90.721566 0.300275 0.648776 -30.969114 -1.277519 15.011049 11.193991 -6.393089 9.009810 0.897795 nan nan nan -3.221911 -8.112764 23.605798 -0.212777 -0.623811 -9.344340 9.673610 -4.052341 -11.386569 nan nan nan 2.113910 13.966846 6.960742 -2.451107 0.160073 4.354782 -2.442485 4.611015 -0.046834 3.016799 -0.952468 -4.142014 3.254094 -9.778660 -6.884805 -15.585313 15.021700 -5.928090 -67.178861 2.581425 13.274159 13.608321 -14.621655 -21.584391 -8.701648 -17.374134 -21.606082 16.855369 1.776723 -1.966844 63.769756 14.245654 18.526299 -5.820976 29.404345 -9.655342 5.364846 14.632224 -17.499411 
-29.033867 -229.366730 92.512146 170.471468 -4.257021 90.949995 0.307108 0.706170 -31.226409 -1.454648 14.962762 11.888465 -6.210091 8.649368 1.362497 nan nan nan -3.649926 -8.009012 23.879805 -0.254685 -0.390420 -9.459311 9.759521 -3.810358 -11.418576 nan nan nan 1.925351 14.074127 6.663829 -2.548195 0.221180 4.623693 -2.506059 4.678175 -0.323017 3.023283 -0.795832 -4.034971 3.304782 -9.717637 -7.026416 -15.558339 15.166332 -5.883754 -67.225731 2.781771 13.124268 13.688844 -14.150068 -21.912903 -8.830805 -17.325221 -21.476167 16.865915 1.860679 -1.700772 63.876429 14.471467 18.612006 -5.818177 29.519493 -9.665884 5.535952 15.046482 -17.343843 
-29.013659 -228.614151 92.333733 169.789590 -4.303700 91.195412 0.458952 0.820757 -31.442857 -1.661427 14.797994 12.525665 -5.974853 8.123445 2.167494 nan nan nan -3.911786 -7.844592 24.161229 -0.417487 -0.118087 -9.608427 9.757120 -3.572658 -11.390357 nan nan nan 1.734039 14.179213 6.398910 -2.609282 0.360932 4.795979 -2.579851 4.753783 -0.607772 3.095911 -0.544072 -3.896978 3.346615 -9.699494 -7.155108 -15.398707 15.503045 -5.757474 -67.315803 2.911931 12.933813 13.745822 -13.891065 -22.048792 -9.332351 -17.258804 -21.183543 16.905840 1.742125 -1.307857 64.092029 14.912629 18.592522 -5.923966 29.533414 -9.789293 6.146505 15.208441 -16.934959 
-29.026091 -227.834091 92.150185 169.102162 -4.325736 91.507536 0.575749 0.993841 -31.738090 -1.835514 14.577069 13.143387 -5.819402 7.569785 3.286190 nan nan nan -4.190146 -7.650877 24.318356 -0.600043 0.202668 -9.669051 9.808256 -3.354759 -11.275353 nan nan nan 1.594834 14.244629 5.960144 -2.648489 0.499247 5.058973 -2.688746 4.858417 -0.887631 3.135509 -0.455911 -3.628037 3.420306 -9.563322 -7.414349 -15.404422 15.775176 -5.567705 -67.282761 3.160351 12.841109 13.886144 -13.901631 -22.125403 -9.652323 -17.079283 -21.509190 16.848915 1.584035 -1.020348 64.404693 15.267898 18.703318 -6.052067 29.436523 -9.886546 6.167774 14.725037 -16.935849 
-29.083721 -227.057068 91.988525 168.605980 -4.315027 91.694971 0.668589 0.952592 -32.010695 -1.981036 14.266674 13.901118 -5.728907 7.130209 4.340901 nan nan nan -4.486434 -7.542845 24.532740 -0.678384 0.340340 -9.628596 9.855680 -3.234412 -11.086089 nan nan nan 1.664231 14.213093 5.783714 -2.746654 0.487518 5.162150 -2.840413 4.996093 -1.068668 3.121940 -0.333758 -3.371745 3.557242 -9.324743 -7.740633 -15.561859 15.892723 -5.495831 -67.216215 3.420315 12.828349 14.142991 -13.794775 -22.344653 -9.509481 -16.909803 -21.873864 16.769072 1.541438 -0.920983 64.646088 15.377456 18.847426 -6.138552 29.311649 -10.084550 5.869631 14.203576 -17.213687 
-29.073208 -226.240326 91.815895 168.165568 -4.340638 91.880940 0.731075 0.964501 -32.330648 -2.155399 13.862836 14.774032 -5.587025 6.692727 5.029895 nan nan nan -4.739079 -7.450002 24.789716 -0.787427 0.346670 -9.603929 10.079385 -3.108380 -10.878058 nan nan nan 1.514559 14.266482 5.610907 -2.807761 0.463751 5.068144 -2.884914 5.072851 -1.099149 3.117221 -0.151415 -3.211897 3.751205 -9.215089 -8.047765 -15.599400 16.023235 -5.449001 -67.198365 3.673565 12.725265 14.361388 -13.685885 -22.475384 -9.365534 -16.875836 -21.813982 16.823494 1.486231 -0.903113 64.723967 15.289377 18.827405 -6.110722 29.396181 -10.147132 5.966649 14.360829 -17.665425 
-29.141142 -225.360519 91.669846 167.439898 -4.311962 92.228287 0.827940 1.091428 -32.712065 -2.338459 13.451726 15.499081 -5.376897 6.295834 5.462839 nan nan nan -5.160215 -7.283149 24.728890 -0.783160 0.425144 -9.320249 10.400192 -2.742616 -10.600887 nan nan nan 1.604019 14.325565 5.072786 -2.907508 0.573969 5.339007 -3.097265 5.254557 -1.277351 3.097308 -0.112395 -2.972816 3.831430 -9.171085 -8.435377 -15.749478 16.149981 -5.417709 -67.025444 4.034157 12.563255 14.429652 -13.647364 -22.439920 -9.000061 -17.044277 -21.528754 16.803156 1.407211 -0.785048 64.778346 15.177440 18.748053 -5.992149 29.596322 -9.867321 6.063194 14.938082 -18.100087 
-29.191631 -224.485580 91.548271 166.990185 -4.321184 92.354486 0.923012 1.088808 -32.950457 -2.733704 12.976798 16.366150 -5.356088 5.918000 5.924361 nan nan nan -5.578474 -7.181038 24.903708 -0.727876 0.608086 -9.001505 10.593149 -2.644925 -10.263994 nan nan nan 1.656023 14.363518 4.760372 -3.002286 0.593873 5.572356 -3.201303 5.299998 -1.386878 3.106078 -0.106790 -2.736171 3.850053 -8.970415 -8.760906 -15.976239 16.097620 -5.305655 -66.874937 4.268851 12.347595 14.668346 -13.569054 -22.683558 -8.812513 -16.873245 -21.154048 16.728928 1.408062 -0.625570 64.852466 15.151499 18.667252 -5.813639 29.731021 -9.490898 6.321705 14.960589 -18.250467 
-29.236933 -223.639786 91.456131 166.549640 -4.360157 92.333951 0.995900 1.054538 -33.084703 -3.112388 12.634714 17.373401 -5.298079 5.559708 6.318537 nan nan nan -5.986985 -6.954150 25.132366 -0.723841 0.859926 -8.533052 10.967789 -2.561784 -9.996354 nan nan nan 1.692839 14.449846 4.799492 -3.127373 0.661715 5.538822 -3.188520 5.243849 -1.421561 3.083271 -0.057654 -2.350261 3.965885 -8.735578 -9.264538 -16.243027 15.932651 -5.146815 -66.767120 4.477158 11.973841 14.884521 -13.583912 -23.302994 -9.105937 -16.770549 -20.879728 16.602211 1.445664 -0.446485 64.957791 15.125258 18.325438 -5.578195 29.813158 -9.045273 6.656535 14.789194 -17.695655 
-29.266148 -222.756866 91.376595 166.088184 -4.416168 92.364710 1.067690 0.883809 -33.199674 -3.413767 12.321838 18.367738 -5.102423 5.254539 6.515470 nan nan nan -6.416290 -6.688007 25.321299 -0.777789 1.097989 -8.069200 11.630298 -2.417701 -9.752356 nan nan nan 1.594414 14.484547 4.787750 -3.172861 0.713024 5.394051 -3.198277 5.358429 -1.429755 2.984014 -0.120944 -2.238981 4.153461 -8.613854 -9.529101 -16.233331 15.943287 -5.101731 -66.683338 4.527561 12.089557 14.593006 -13.241073 -22.726837 -8.739827 -17.089167 -21.853996 16.501850 1.281824 -0.470933 65.068818 14.903927 18.205149 -5.272946 29.995811 -8.418611 6.196433 14.906015 -17.532210 
-29.285776 -221.861938 91.333351 165.754622 -4.501138 92.382284 1.063838 0.593958 -33.233632 -3.735435 11.882022 19.368639 -4.881330 4.842476 6.523644 nan nan nan -6.849622 -6.531658 25.443740 -0.821010 1.244841 -7.426828 12.225266 -2.325506 -9.456091 nan nan nan 1.457725 14.549940 4.668838 -3.182049 0.712923 5.471858 -3.245251 5.350863 -1.489709 2.958685 -0.222361 -2.139924 4.275029 -8.507290 -9.941013 -16.249861 15.947054 -5.044750 -66.583722 4.597566 12.277880 14.464075 -13.055172 -22.509043 -8.114288 -17.104922 -22.316210 16.488971 1.211017 -0.538299 65.153794 14.640023 18.368812 -5.246936 30.095750 -8.025624 5.439341 15.060520 -17.846027 
-29.323347 -220.944931 91.306686 165.602249 -4.669972 92.430148 0.920215 0.178875 -33.271093 -4.186895 11.264923 20.349851 -4.531044 4.476056 6.478266 nan nan nan -7.320412 -6.441258 25.498174 -0.851746 1.345916 -6.676091 12.748650 -2.340164 -9.149368 nan nan nan 1.241553 14.671910 4.323173 -3.213081 0.662343 5.777454 -3.299392 5.249509 -1.651265 2.993896 -0.282275 -1.873736 4.452123 -8.355299 -10.261032 -16.208863 15.711700 -4.924965 -66.589537 4.805990 12.278864 14.578390 -13.044484 -22.610891 -7.163811 -16.800201 -22.317539 16.481039 1.267543 -0.539079 65.208602 14.225811 18.303881 -5.170643 30.242979 -7.772841 4.580926 14.999853 -17.789191 
-29.374842 -220.041824 91.298859 165.707907 -4.813978 92.348243 0.778767 -0.520955 -33.240468 -4.622063 10.649671 21.342543 -3.920016 4.426023 6.217391 nan nan nan -7.705604 -6.306822 25.693125 -0.789099 1.424518 -5.920709 13.232831 -2.470271 -8.806621 nan nan nan 1.046774 14.689192 4.162775 -3.212966 0.457540 5.873331 -3.263330 5.206330 -1.725240 2.944837 -0.396898 -1.490640 4.685005 -8.101126 -10.620186 -16.133109 15.355780 -4.861444 -66.684077 4.929225 12.179417 14.607356 -12.776017 -22.617709 -6.679317 -16.677881 -22.346885 16.398156 1.411606 -0.617119 65.202550 13.652045 17.951932 -4.967761 30.395965 -7.794659 4.454870 15.072265 -17.615239 
-29.427608 -219.181381 91.326874 166.112201 -4.949500 91.973565 0.677919 -1.601147 -32.921623 -4.872187 10.339741 22.268688 -3.292302 4.715262 5.827920 nan nan nan -7.933227 -6.081264 26.179088 -0.716636 1.380972 -5.143980 13.738909 -2.705162 -8.421918 nan nan nan 0.852239 14.506161 4.609629 -3.197848 0.109748 5.597686 -3.142819 5.187898 -1.736113 2.843916 -0.489863 -1.298726 5.053885 -8.020375 -10.724857 -15.986413 15.052319 -4.772927 -66.962119 4.837143 12.152381 14.644732 -12.249071 -22.559912 -6.576877 -16.969806 -22.367938 16.352296 1.490840 -0.748463 65.151904 13.144067 17.533304 -4.819051 30.547951 -8.051974 4.789378 15.366025 -17.245835 
-29.466171 -218.176712 91.349098 166.086315 -5.102385 91.873564 0.530275 -2.189612 -32.635044 -4.918981 10.496230 23.107965 -2.679191 4.942291 5.184546 nan nan nan -8.296375 -5.756314 26.294867 -0.714163 1.265584 -4.196968 14.263573 -2.688163 -7.729927 nan nan nan 0.526409 14.514373 4.177894 -3.095275 0.054849 5.908550 -3.127185 5.174888 -1.792363 2.864550 -0.564509 -1.012283 5.198686 -7.893552 -10.876058 -15.818686 14.874383 -4.629680 -67.019915 4.762526 12.163896 14.444923 -11.995317 -22.382937 -6.799925 -17.237494 -22.394872 16.325308 1.391533 -0.744717 65.166344 12.762989 17.274957 -4.669068 30.581089 -7.912335 5.057191 15.429415 -16.802622 
-29.522413 -217.196945 91.381752 166.201267 -5.203704 91.806468 0.363188 -2.874520 -32.372572 -4.843238 10.589712 23.868693 -2.275727 5.273938 4.562375 nan nan nan -8.565372 -5.545047 26.214589 -0.709115 1.163116 -3.009517 14.629252 -2.811817 -6.978874 nan nan nan 0.383584 14.485527 3.824791 -3.023665 -0.086601 6.020558 -3.213050 5.114693 -1.748275 2.801254 -0.788224 -0.736523 5.440531 -7.686749 -10.894706 -15.700118 14.703168 -4.414830 -66.968040 4.584014 12.194733 14.207965 -11.856136 -22.396068 -6.751965 -17.350626 -23.105720 16.270381 1.308194 -0.732597 65.343328 12.353226 17.118433 -4.692170 30.470774 -7.924746 5.002992 15.459574 -16.719742 
-29.550529 -216.212540 91.435234 166.395169 -5.273053 91.724494 0.140787 -3.547695 -32.029379 -4.787836 10.461658 24.564408 -1.925770 5.721569 3.784404 nan nan nan -8.750543 -5.413142 26.151423 -0.708689 1.104682 -1.862399 14.951433 -3.041257 -6.263914 nan nan nan 0.167571 14.424906 3.457897 -2.889152 -0.256524 6.168014 -3.257612 5.040988 -1.751519 2.805989 -0.983198 -0.555682 5.681333 -7.552267 -10.765393 -15.625683 14.638572 -4.276524 -66.923965 4.363283 12.295302 13.980094 -11.788584 -22.439895 -6.394519 -17.323630 -23.855770 16.303366 1.207262 -0.754561 65.422695 11.871931 17.043492 -4.746153 30.403188 -8.075631 4.535134 15.576320 -16.607692 
-29.547758 -215.242554 91.498978 166.424397 -5.338283 91.707525 -0.139197 -3.988633 -31.626903 -4.833282 10.153364 25.110751 -1.477443 6.217663 2.927836 nan nan nan -8.908040 -5.187291 25.894498 -0.716860 1.158715 -0.545400 15.174718 -3.345213 -5.740988 nan nan nan -0.147242 14.396260 3.094072 -2.757018 -0.213176 6.237422 -3.197666 4.982134 -1.774479 2.895844 -1.161030 -0.299578 5.813962 -7.594697 -10.716647 -15.637397 14.477780 -4.280591 -66.797479 4.209179 12.378532 13.735611 -11.692147 -22.399940 -6.101343 -17.299593 -23.911069 16.319576 1.041209 -0.880294 65.492258 11.282898 16.818026 -4.753756 30.317455 -7.977729 4.020357 15.430394 -16.249485 
-29.566473 -214.250107 91.563210 166.528418 -5.451827 91.700788 -0.532093 -4.456840 -31.138784 -4.846845 9.902812 25.460863 -0.872876 6.790895 2.060814 nan nan nan -9.098732 -5.004506 25.485570 -0.771159 1.210381 1.031801 15.320630 -3.618353 -5.150336 nan nan nan -0.458408 14.337879 2.709567 -2.662959 -0.159558 6.190646 -3.152379 4.913021 -1.711508 3.005550 -1.351432 0.052139 5.924362 -7.486829 -10.652259 -15.579098 14.176430 -4.255468 -66.756240 4.103879 12.356380 13.562782 -11.595352 -22.457819 -5.675183 -17.290854 -23.754993 16.305206 0.913475 -1.037751 65.558877 10.584343 16.563163 -4.619872 30.226761 -7.667621 3.849581 15.174091 -16.086013 
-29.614567 -213.266922 91.635033 166.754616 -5.594805 91.610980 -0.977165 -5.049207 -30.536406 -4.854403 9.672855 25.715461 -0.265569 7.363409 1.223512 nan nan nan -9.323349 -4.904683 24.995870 -0.837727 1.168998 2.892960 15.447145 -3.957450 -4.439227 nan nan nan -0.647155 14.202878 2.486964 -2.651040 -0.183279 6.039536 -3.186595 4.867121 -1.537118 3.106367 -1.610114 0.262493 6.096792 -7.214511 -10.486867 -15.446149 13.917093 -4.137121 -66.737350 3.876653 12.349878 13.384122 -11.674853 -22.376524 -5.485437 -17.177277 -23.564176 16.159574 0.685182 -1.123032 65.712479 9.971620 16.391918 -4.383397 30.254688 -7.134398 4.458168 14.907372 -16.137079 
-29.632786 -212.295135 91.746109 166.931726 -5.644066 91.467524 -1.296355 -5.411106 -29.761629 -5.039654 9.335823 25.838383 0.126637 7.537700 0.490328 nan nan nan -9.462531 -4.831167 24.421651 -0.881250 1.148391 4.937920 15.443273 -4.352394 -3.424847 nan nan nan -0.809413 14.069697 2.309518 -2.547124 -0.136164 6.049580 -3.197617 4.784045 -1.535961 3.265787 -2.093241 0.611647 6.244038 -7.078241 -10.365785 -15.513822 13.626209 -4.029985 -66.583533 3.664918 12.571372 13.286359 -11.846384 -22.249322 -5.261094 -16.843761 -23.597037 16.013684 0.390146 -1.188238 65.748966 9.231568 16.295882 -4.045438 30.563463 -6.723002 4.549238 14.778442 -16.776648 
-29.634384 -211.335312 91.886978 167.072754 -5.651532 91.373700 -1.624330 -5.533192 -28.940809 -5.236677 8.941092 25.844413 0.347907 7.538808 -0.186934 nan nan nan -9.486166 -4.651312 23.676788 -0.889065 1.077870 7.180977 15.276151 -4.641559 -2.442675 nan nan nan -0.944825 13.886831 2.044103 -2.401773 0.015519 6.215896 -3.220116 4.695797 -1.641623 3.415314 -2.531054 0.988269 6.299098 -7.187199 -10.358053 -15.734312 13.437416 -4.138329 -66.348639 3.477412 12.945862 13.261138 -12.067959 -22.407522 -4.562782 -16.793323 -24.304756 15.934020 0.124024 -1.378068 65.801154 8.393809 16.425540 -3.804498 30.753646 -6.623358 3.412292 14.749368 -17.976250 
-29.640293 -210.403580 92.023994 167.312223 -5.696412 91.251881 -2.040326 -5.700287 -28.058425 -5.360686 8.604833 25.696999 0.620613 7.770500 -0.730089 nan nan nan -9.442089 -4.452494 22.833283 -0.913319 0.955246 9.637962 14.967203 -4.923896 -1.642943 nan nan nan -1.064798 13.598649 1.942653 -2.333889 0.120025 6.220130 -3.243960 4.597484 -1.648391 3.633025 -2.656195 0.972053 6.238733 -7.332832 -10.182581 -15.811831 13.355291 -4.354250 -66.399848 3.119899 13.036433 13.559226 -11.983621 -22.917570 -4.894038 -16.865611 -24.359026 15.879320 -0.064236 -1.477303 65.981623 7.790179 16.443656 -3.997086 30.666205 -6.579753 3.418540 14.532047 -17.993394 
-29.662521 -209.496048 92.166237 167.639231 -5.788203 91.184860 -2.515883 -6.005081 -27.280938 -5.419945 8.219726 25.554643 1.031857 8.051825 -1.174513 nan nan nan -9.485694 -4.356854 21.790990 -0.887433 0.716270 12.295397 14.524719 -5.227229 -0.939507 nan nan nan -1.258028 13.209716 1.867656 -2.291389 0.134720 6.047784 -3.244508 4.523432 -1.586439 3.842255 -2.643139 0.828155 6.194245 -7.298987 -9.883292 -15.713132 13.412607 -4.517123 -66.659808 2.573875 12.903151 13.873564 -11.656978 -23.211360 -5.863437 -16.983065 -23.806313 15.852074 -0.335289 -1.359096 66.241710 7.570629 16.210849 -4.412403 30.296381 -6.388249 4.483876 14.432625 -16.757377 
-29.662941 -208.602234 92.326782 167.923457 -5.835791 91.166465 -2.988942 -6.239982 -26.535350 -5.427478 7.679889 25.364190 1.530880 8.415358 -1.704875 nan nan nan -9.675673 -4.518334 20.560369 -0.810270 0.594668 15.074127 13.897344 -5.463597 0.061246 nan nan nan -1.591465 12.795253 1.526566 -2.138014 0.126573 6.195926 -3.160018 4.540068 -1.576930 3.924587 -2.788307 0.724660 6.194505 -6.974660 -9.605778 -15.817136 13.462288 -4.356722 -66.458203 1.879874 12.671199 13.471564 -12.446842 -22.858606 -5.833364 -15.499471 -21.123315 15.920836 -0.636991 -0.897367 66.190650 7.701982 15.626436 -4.358466 30.133489 -6.410377 4.735956 14.123071 -15.559457 
-29.537624 -207.722809 92.500374 167.726538 -5.680982 91.078636 -3.179189 -5.646319 -25.563320 -5.531299 7.148088 25.090465 1.803041 8.554591 -2.364012 nan nan nan -9.621647 -4.576960 19.216584 -0.889979 0.790878 17.967471 13.081514 -5.505934 1.227515 nan nan nan -2.003977 12.456698 1.026104 -1.831821 0.396326 6.692872 -2.915494 4.599952 -1.589825 4.106766 -2.605684 0.716898 6.045568 -6.898139 -9.550001 -16.066942 13.179878 -4.468076 -66.333977 1.631546 12.642631 13.415079 -12.966594 -23.312167 -5.525183 -15.341105 -21.333911 15.934616 -0.564673 -0.722610 66.001117 7.441683 15.383102 -4.115703 30.224308 -6.379275 4.347227 13.910353 -16.180353 
-29.457188 -206.954803 92.698128 167.478211 -5.539029 90.890052 -3.327998 -5.031004 -24.474816 -5.713368 6.653141 24.603928 2.120752 8.516853 -2.570381 nan nan nan -9.423304 -4.399345 17.626953 -0.942066 1.083481 21.250132 12.286188 -5.595487 2.594348 nan nan nan -2.129657 11.966657 1.268907 -1.679034 0.730103 6.731506 -2.816829 4.754041 -1.792936 4.307487 -2.469730 0.795646 5.880069 -6.930242 -9.490182 -16.307793 12.923830 -4.811924 -66.415880 1.368631 12.879103 13.701417 -13.049205 -23.325825 -5.081060 -15.176063 -22.104849 15.847581 -0.527571 -0.604139 65.950927 7.176376 15.318842 -3.909477 30.206945 -6.201463 4.017557 13.798627 -17.271686 
-29.427532 -206.160980 92.862381 167.635605 -5.497203 90.706703 -3.592875 -4.902549 -23.464584 -5.766794 6.285231 24.108481 2.414857 8.620490 -2.744899 nan nan nan -9.211528 -4.164206 16.121727 -0.951310 0.910025 24.358077 11.444113 -5.856405 4.131984 nan nan nan -2.127305 11.411556 1.706322 -1.586162 0.851763 6.350330 -2.923932 4.770824 -1.846163 4.460693 -2.500561 0.944736 5.941451 -6.856742 -9.417796 -16.254499 12.809841 -4.824539 -66.220824 1.099796 13.154770 13.217331 -13.828140 -23.034663 -4.161617 -15.269848 -23.084251 15.817909 -0.666829 -0.508330 66.010313 7.010152 15.381420 -3.788189 29.924366 -5.933290 3.362482 13.867533 -18.058971 
-29.445255 -205.308548 93.018463 168.165169 -5.534836 90.618696 -4.021870 -5.301933 -22.579342 -5.692640 5.871859 23.612925 2.671039 9.126353 -3.080550 nan nan nan -9.158739 -3.938330 14.724299 -0.843343 0.260135 27.130102 10.412026 -6.166447 5.920312 nan nan nan -2.149195 10.953281 1.777359 -1.539394 0.817887 6.088038 -3.003477 4.683734 -1.720349 4.392934 -2.830185 1.199634 6.274632 -6.638549 -9.636519 -16.377006 11.986057 -4.790548 -66.106411 0.854947 13.372479 13.330401 -13.884420 -23.247944 -3.694792 -16.308070 -24.533968 15.573266 -0.757849 -0.953922 66.358283 6.105729 15.124913 -3.639304 29.690714 -5.691802 3.013320 14.197984 -18.598564 
-29.560720 -204.406067 93.169174 169.148364 -5.695136 90.524277 -4.730209 -6.325767 -21.684272 -5.593489 5.155926 23.118731 3.070306 9.720135 -3.295626 nan nan nan -9.544432 -3.997301 13.489786 -0.471087 -0.672969 29.579294 9.391902 -6.423877 8.195002 nan nan nan -2.164205 10.394395 1.479739 -1.440733 0.481268 5.956857 -3.118495 4.487315 -1.209960 4.089232 -3.221994 1.181583 6.571534 -6.244593 -9.563082 -16.350368 11.529836 -4.636831 -66.194643 0.300487 13.354338 13.314752 -14.372251 -23.522279 -3.384422 -16.916101 -25.217169 15.424983 -1.132340 -1.172861 66.530544 5.429756 14.539695 -3.447169 29.922959 -5.865213 3.113013 14.090792 -18.438001 
-29.430117 -203.650574 93.372955 169.619152 -5.397229 90.628487 -4.632187 -6.447996 -21.030762 -5.729327 4.454795 22.706150 3.125681 9.896738 -3.445657 nan nan nan -8.960801 -3.821436 11.695274 -0.537062 -1.316366 32.150055 8.216162 -6.732051 10.529300 nan nan nan -2.357450 9.892430 1.164240 -1.085563 0.446063 6.224715 -3.036478 4.332291 -1.429778 4.139781 -2.976198 1.326045 6.642786 -6.276539 -9.567130 -16.408917 11.191957 -4.634214 -66.177073 -0.234598 13.302129 13.305347 -14.828589 -23.958573 -2.622876 -17.058970 -25.111184 15.632840 -1.425220 -1.274597 66.329059 4.814384 14.012666 -3.280450 30.244250 -6.155855 2.437075 13.703192 -18.760213 
-29.338667 -202.820450 93.546051 170.185869 -5.283833 90.529243 -4.858970 -6.597847 -20.067487 -5.877229 3.544518 22.221533 3.355238 10.325514 -3.746901 nan nan nan -8.681102 -3.806763 10.292722 -0.294411 -1.440603 34.419219 7.200115 -7.002327 12.447324 nan nan nan -2.640204 9.368491 0.897099 -0.747645 0.254902 6.450142 -3.042568 4.298804 -1.390258 4.060109 -3.222586 1.321039 6.918991 -5.750479 -9.355627 -16.584119 10.967259 -4.398346 -65.434329 -0.451985 13.497178 12.300272 -16.859772 -23.356477 -0.222000 -16.349294 -26.180946 15.867174 -1.795190 -1.347930 65.877683 4.448513 13.833928 -2.593815 30.491143 -5.826065 0.647012 13.180964 -19.438061 
-29.287996 -201.980484 93.703156 170.708717 -5.234982 90.284751 -5.147803 -6.803066 -18.921956 -5.902795 2.994467 21.713356 3.482554 10.488070 -4.092709 nan nan nan -8.598961 -3.643736 9.045823 0.360310 -1.228986 36.945145 7.298858 -6.646068 12.277212 nan nan nan -2.695829 8.860046 0.939012 -0.631812 0.123270 6.306735 -2.992648 4.098426 -1.141735 3.989768 -3.274273 1.278922 7.098763 -5.578266 -9.169495 -16.410981 10.529702 -4.393667 -65.778459 -1.257523 13.521552 12.217387 -16.476753 -23.625629 0.204577 -16.621174 -26.186128 15.820279 -1.803931 -1.365046 65.951535 4.210547 13.645512 -2.651274 30.189100 -5.821218 0.919706 13.512493 -19.192579 
-29.251909 -201.226120 93.845993 170.986622 -5.289105 90.159480 -5.537742 -7.046174 -17.866107 -5.824193 2.563245 21.028531 3.684466 10.747796 -4.306706 nan nan nan -8.634009 -3.264246 7.577524 1.176914 -0.834355 39.381089 7.598670 -5.990318 11.696604 nan nan nan -2.705061 8.333669 1.193018 -0.620938 0.101613 6.072741 -2.925249 3.849662 -1.079586 3.749456 -3.550013 1.077865 7.153680 -5.292326 -8.945371 -16.499585 10.263963 -4.351400 -65.737697 -1.703156 13.634824 12.331364 -16.878280 -23.487992 -0.213475 -16.927488 -26.325945 15.511608 -1.833493 -1.329238 66.207215 4.145969 13.849829 -2.620281 29.887748 -5.605449 1.848160 13.716559 -19.637884 
-29.187454 -200.530136 93.999542 171.020215 -5.311669 90.056297 -5.887986 -7.113815 -16.807514 -5.667882 2.162680 20.297622 3.801524 10.822425 -4.424873 nan nan nan -8.498980 -2.661773 6.051780 1.949659 -0.246430 41.600942 7.728143 -5.038498 10.693046 nan nan nan -2.684260 7.871335 1.501355 -0.615430 0.221292 5.975368 -2.781153 3.528975 -1.123451 3.375424 -3.556626 1.093919 7.172565 -5.044526 -9.026669 -16.770446 9.908601 -4.549623 -65.524986 -1.990241 13.874638 12.549582 -17.160268 -23.498991 -1.469425 -17.298316 -25.805491 15.047885 -1.794781 -1.304348 66.529001 4.182123 14.236689 -2.731750 29.502662 -5.366169 2.880505 14.016296 -20.135560 
-29.095303 -199.854126 94.159439 170.993402 -5.176373 89.764675 -6.069095 -6.873373 -15.583473 -5.536156 1.681414 19.638807 3.761658 10.729168 -4.540164 nan nan nan -8.186328 -2.090808 4.681706 2.790214 0.436665 43.674138 7.516400 -3.827777 9.195942 nan nan nan -2.524167 7.503553 1.925464 -0.579952 0.408612 5.918785 -2.727347 3.276134 -1.064885 3.296630 -3.276200 1.050574 7.102006 -5.134838 -9.019478 -16.709489 9.527590 -4.832824 -65.731893 -2.741314 14.114329 12.642135 -16.906458 -23.988105 -2.221853 -17.687362 -24.966658 14.865210 -1.744594 -1.338078 66.661872 4.180069 14.407148 -3.028831 29.146955 -5.396909 3.207369 14.580006 -19.941286 
-29.038013 -199.233093 94.324684 170.770309 -5.038144 89.360530 -6.217685 -6.615901 -14.275418 -5.345781 1.468919 18.947859 3.680797 10.821797 -4.706766 nan nan nan -8.033128 -1.503205 3.278732 3.627979 0.981065 45.686569 7.472244 -2.721535 7.932654 nan nan nan -2.229515 7.217770 2.677957 -0.653601 0.632606 5.662572 -2.810458 3.240660 -1.017507 3.504666 -2.931526 0.898180 7.061508 -5.426065 -8.748349 -16.486808 9.061423 -5.149216 -66.093878 -3.532491 14.524529 12.861345 -16.532728 -24.459680 -2.681694 -18.178077 -24.370425 14.929681 -1.798362 -1.437535 66.662613 4.093998 14.441911 -3.306975 28.862082 -5.559327 3.365045 15.023191 -19.681995 
-28.954182 -198.506409 94.498131 170.790570 -4.870897 89.067006 -6.308524 -6.443823 -13.009785 -5.246124 1.131111 18.213474 3.568132 10.990685 -4.871272 nan nan nan -7.721753 -1.052877 1.995751 4.253249 1.310370 47.270579 7.578003 -2.052366 6.742432 nan nan nan -2.142970 6.807130 2.997340 -0.570244 0.646251 5.689115 -2.777560 3.118683 -1.098062 3.525332 -2.793090 0.924216 7.132678 -5.244379 -8.578055 -16.460045 8.761757 -5.206178 -66.022935 -3.910315 14.901805 12.855476 -17.091610 -24.306588 -2.791950 -18.382558 -24.171574 15.092987 -1.886488 -1.370112 66.349567 4.057159 14.658968 -3.173895 28.677498 -5.304543 3.382740 15.108412 -19.989007 
-28.887859 -197.776855 94.665733 170.871482 -4.690845 88.837505 -6.419764 -6.253040 -11.779152 -5.124522 0.665417 17.397826 3.308106 11.316160 -5.073980 nan nan nan -7.362234 -0.712635 0.676488 4.701046 1.563372 48.677884 7.470326 -1.663342 5.319874 nan nan nan -2.070530 6.347997 3.219610 -0.424257 0.621112 5.629980 -2.692053 2.939340 -0.956625 3.369758 -3.025326 1.136003 7.242275 -4.676176 -8.721682 -16.650422 8.646868 -5.186540 -65.467317 -4.378497 15.271103 12.039895 -18.186933 -23.635551 -1.712242 -18.490741 -24.583637 15.199150 -1.973822 -1.378518 65.953228 4.035872 15.041857 -2.908148 28.486357 -4.856974 2.745473 15.360212 -20.628051 
-28.823381 -197.087357 94.823975 171.082764 -4.486401 88.688891 -6.598483 -6.045464 -10.680373 -4.859868 -0.146707 16.615266 3.154463 11.774805 -5.303671 nan nan nan -7.052823 -0.449249 -0.737492 5.053958 1.517768 49.832848 7.402321 -1.546613 3.956458 nan nan nan -1.946346 5.856799 3.364887 -0.322951 0.554882 5.458076 -2.654768 2.840310 -0.796920 3.048931 -3.118920 1.347169 7.610695 -4.277884 -8.639331 -16.818400 8.158919 -4.987134 -64.863664 -4.996215 15.228745 11.137220 -19.142003 -23.203985 -0.544803 -18.676126 -24.997414 15.421343 -1.918490 -1.346275 65.656299 3.634330 14.579240 -2.901322 28.692195 -5.094050 2.197575 15.525649 -20.354076 
-28.754379 -196.403564 94.993896 171.278005 -4.206547 88.526024 -6.699011 -5.758859 -9.586699 -4.567971 -1.062685 15.888649 3.100021 12.076854 -5.427538 nan nan nan -6.670651 -0.201470 -2.097915 5.298166 1.427515 50.753009 7.419474 -1.547715 2.500201 nan nan nan -1.775404 5.340079 3.501405 -0.252412 0.465508 5.388853 -2.549082 2.806442 -0.717910 2.750238 -3.019612 1.470980 7.953952 -4.059187 -8.489767 -16.980262 7.431979 -4.801188 -64.726240 -5.523326 14.853040 11.338859 -19.694063 -23.399799 -1.166659 -18.514561 -24.367603 15.709209 -1.801634 -1.188308 65.448992 3.079852 13.444585 -3.273963 29.347008 -5.696387 3.193125 15.218091 -19.145741 
-28.673336 -195.705032 95.185890 171.347661 -3.955569 88.292741 -6.727295 -5.609704 -8.344705 -4.360741 -1.606480 15.035336 3.090936 12.152086 -5.341657 nan nan nan -6.297895 0.092294 -3.335692 5.402571 1.339374 51.456059 7.276482 -1.566710 1.222030 nan nan nan -1.634339 4.889867 3.708862 -0.221659 0.424638 5.488700 -2.433215 2.749306 -0.759800 2.649856 -2.830052 1.434986 8.151172 -3.943589 -8.357408 -17.124255 6.962888 -4.979297 -64.948010 -6.136837 14.648054 12.052635 -19.696785 -24.025580 -2.145770 -18.553281 -23.378573 15.929159 -1.909789 -1.151717 65.322590 2.804933 12.722021 -3.567935 29.616976 -5.978293 4.525702 15.033840 -18.056947 
-28.576979 -195.029221 95.377563 171.477783 -3.682582 88.155101 -6.732029 -5.519566 -7.227427 -4.054000 -2.081758 14.176595 3.029118 12.425836 -5.394632 nan nan nan -5.891018 0.406242 -4.638380 5.339593 1.064213 51.926561 7.039164 -1.804761 0.288849 nan nan nan -1.515080 4.454710 3.896087 -0.116866 0.446893 5.473492 -2.313508 2.569114 -0.810994 2.519257 -2.723767 1.538835 8.330167 -3.796444 -8.304627 -17.201529 6.737999 -5.180352 -65.099814 -6.862164 14.715886 12.368389 -19.675831 -24.340251 -2.721946 -18.748372 -22.856803 16.008175 -2.169300 -1.192308 65.213509 2.579621 12.385010 -3.621142 29.726904 -6.078246 5.254223 15.079130 -17.723736 
-28.472332 -194.363480 95.558830 171.734022 -3.372266 88.067396 -6.686237 -5.411127 -6.196100 -3.654357 -2.641358 13.313821 2.896077 13.047460 -5.586643 nan nan nan -5.456836 0.614640 -5.966469 5.234208 0.718211 52.237027 6.866980 -2.148499 -0.747667 nan nan nan -1.438886 3.978362 4.002576 0.049712 0.413294 5.364319 -2.124918 2.351827 -0.706691 2.311302 -2.682943 1.571820 8.502797 -3.487757 -8.106918 -17.311436 6.456965 -5.160512 -65.012495 -7.578019 14.722689 12.233936 -20.174365 -24.528218 -2.353844 -18.704177 -22.804634 16.053671 -2.370144 -1.129495 65.009495 2.301693 11.895846 -3.515245 30.187239 -6.214890 5.163200 14.876998 -17.525514 
-28.357563 -193.663940 95.729660 171.970762 -3.083380 87.925055 -6.646085 -5.488079 -5.019863 -3.433647 -3.420135 12.504319 2.699678 13.249395 -5.645908 nan nan nan -5.015939 0.820008 -7.164503 5.065393 0.453081 52.371796 6.752714 -2.433153 -1.792678 nan nan nan -1.415043 3.490613 4.110851 0.232855 0.305128 5.257387 -1.919237 2.220234 -0.616548 2.157125 -2.630520 1.615611 8.657541 -3.240617 -7.801604 -17.435595 6.143873 -5.127298 -64.788368 -8.285548 14.813078 11.767878 -20.625677 -24.586698 -1.157562 -18.861260 -22.916953 16.028162 -2.511786 -0.928229 64.870319 2.106568 11.464799 -3.448644 30.620958 -6.244435 4.159294 14.866181 -17.257973 
-28.262339 -192.965759 95.888245 172.240507 -2.760919 87.758358 -6.569974 -5.330067 -3.895642 -3.059844 -3.943886 11.686791 2.589274 13.624856 -5.751119 nan nan nan -4.599050 0.995434 -8.277936 4.911439 0.160372 52.273420 6.529133 -2.844154 -2.676578 nan nan nan -1.225974 2.972860 4.264592 0.352016 0.185317 5.029976 -1.791090 2.142047 -0.421020 1.968834 -2.707403 1.532609 8.784165 -2.980316 -7.389167 -17.485665 5.776136 -4.876339 -64.630986 -8.991365 14.816958 11.653046 -21.110595 -24.047163 -0.845236 -19.032734 -22.982153 15.868935 -2.712196 -0.620181 64.977379 2.110806 10.920224 -3.544583 30.798324 -6.050018 3.873251 14.909454 -17.131650 
-28.194105 -192.298798 96.050217 172.484688 -2.442564 87.615840 -6.491789 -4.833509 -2.833035 -2.747174 -4.842829 11.047182 2.243800 13.505037 -6.089183 nan nan nan -4.260457 1.134964 -9.392656 4.649322 -0.262181 51.957257 6.199226 -3.237744 -3.269526 nan nan nan -1.067842 2.335326 4.521445 0.479959 0.097041 4.732294 -1.635591 2.133615 -0.243958 1.811707 -2.565651 1.581682 8.802405 -2.892583 -7.203503 -17.500147 5.484376 -4.806566 -64.652445 -9.615361 14.952126 11.901945 -21.352799 -23.710870 -1.896962 -19.309989 -22.957072 15.786658 -2.738447 -0.502972 65.245071 1.902053 10.566942 -4.278040 30.841269 -6.246086 4.887990 14.806440 -17.285179 
-28.098984 -191.648224 96.208351 172.641509 -2.185572 87.523046 -6.390184 -4.446524 -1.840429 -2.415325 -5.330366 10.269596 1.994829 13.434565 -6.159400 nan nan nan -3.881445 1.387845 -10.552387 4.215915 -0.658248 51.482633 5.861758 -3.614551 -3.694994 nan nan nan -1.090236 1.799750 4.629171 0.660053 0.017267 4.857001 -1.523898 2.040060 -0.355666 1.973524 -2.310695 1.560202 8.632217 -2.814055 -6.948377 -17.207135 5.507426 -5.132762 -64.965083 -10.169390 15.773075 12.005579 -21.430519 -23.577117 -1.221294 -18.831143 -23.204512 15.492243 -2.523077 -0.981753 65.572407 1.828752 11.933061 -4.801598 29.499164 -6.614182 3.621290 15.346628 -19.285123 
-27.997110 -191.019897 96.356812 172.788548 -1.937878 87.473496 -6.330376 -4.371314 -0.865058 -2.043739 -5.908233 9.469822 1.879208 13.604368 -6.192114 nan nan nan -3.477528 1.570443 -11.755873 3.830929 -0.882816 50.869840 5.620075 -4.040978 -4.106291 nan nan nan -1.146182 1.375683 4.714758 0.862093 -0.061531 4.953557 -1.371944 1.822686 -0.390964 1.997780 -2.022458 1.474627 8.677528 -2.590946 -6.699312 -17.092110 5.391930 -5.283106 -64.986504 -10.693944 16.128499 12.078386 -22.104508 -23.532094 -1.132867 -18.710638 -22.945911 15.522461 -2.622254 -1.291080 65.360928 1.564378 12.260445 -4.773890 29.481424 -6.841068 2.892922 15.569763 -19.741591 
-27.906067 -190.396011 96.498100 172.989729 -1.694758 87.382818 -6.337484 -4.283360 0.190892 -1.556936 -6.501812 8.614778 1.713377 13.744686 -6.259028 nan nan nan -3.158185 1.616110 -12.828274 3.546035 -1.044409 50.013785 5.280999 -4.502368 -4.174391 nan nan nan -1.145827 0.913749 4.985185 1.036755 -0.159394 4.758694 -1.229291 1.583587 -0.278934 1.964559 -1.657136 1.418006 8.756839 -2.330696 -6.499729 -17.006914 5.320096 -5.456881 -65.050186 -11.238689 16.314532 12.183740 -22.570002 -23.347880 -1.523494 -19.018080 -22.695466 15.621011 -2.922710 -1.483074 65.095929 1.388766 12.148876 -4.608927 29.708854 -6.884625 3.294289 15.569797 -19.703404 
-27.806242 -189.716278 96.626152 173.228928 -1.353652 87.343281 -6.216858 -4.103751 1.220534 -1.083469 -6.996128 7.705228 1.351488 13.912841 -6.354849 nan nan nan -2.785176 1.880772 -13.776869 3.288517 -1.396207 48.877220 4.872494 -5.010916 -4.325038 nan nan nan -1.021902 0.383285 5.079914 1.243533 -0.266709 4.666523 -1.082857 1.365791 -0.279937 1.875135 -1.490333 1.460260 8.717724 -2.197695 -6.198712 -16.963370 5.271121 -5.468391 -65.080520 -11.833713 16.371655 12.182764 -22.890301 -23.249119 -2.004482 -19.240595 -22.646580 15.461487 -3.086315 -1.410580 65.152361 1.293521 12.022825 -4.838585 29.737826 -6.917978 3.697374 15.383077 -19.539876 
-27.681732 -189.040604 96.734070 173.632153 -0.905836 87.391359 -5.863043 -3.992006 2.014197 -0.763636 -7.579379 7.036618 0.841344 14.014687 -6.509509 nan nan nan -2.293277 2.268036 -14.723597 2.787809 -2.150959 47.523979 4.584597 -5.818338 -4.816156 nan nan nan -0.849784 -0.145464 5.119754 1.496746 -0.377414 4.501667 -0.842065 1.056924 -0.256424 1.655767 -1.391930 1.627414 8.785686 -2.102004 -6.087799 -17.021547 5.127768 -5.386003 -65.111154 -12.487441 16.268735 12.311306 -23.138849 -23.424796 -2.761154 -19.425003 -22.225823 15.309771 -3.210052 -1.342979 65.335199 1.082014 11.664828 -5.467714 29.823591 -6.904924 4.559598 15.082078 -18.952727 
-27.576164 -188.412598 96.809853 173.961550 -0.576102 87.381791 -5.618763 -3.870017 2.791564 -0.470890 -8.056443 6.432990 0.466635 14.065267 -6.676943 nan nan nan -1.902169 2.524699 -15.682510 2.331852 -2.632146 46.164990 4.494244 -6.439781 -5.041016 nan nan nan -0.845864 -0.567101 5.438305 1.765360 -0.460102 4.110351 -0.617465 0.735383 -0.108696 1.535760 -1.160578 1.592653 8.962439 -1.946472 -6.011485 -16.917538 5.062962 -5.422383 -65.302000 -13.138359 16.420218 12.358707 -23.514234 -23.479326 -2.839384 -19.433684 -21.925963 15.340831 -3.592013 -1.541316 65.319433 0.955946 11.453050 -5.610647 29.931963 -6.803251 4.915941 14.911483 -18.758904 
-27.497299 -187.782806 96.865150 174.098253 -0.394283 87.274730 -5.594007 -3.704501 3.786552 -0.097476 -8.496167 5.654095 0.307612 14.121449 -6.846350 nan nan nan -1.693990 2.683110 -16.513666 2.095670 -2.803396 44.730683 4.462083 -6.715465 -5.071164 nan nan nan -0.921807 -0.950013 5.791373 1.982304 -0.527021 3.735255 -0.488053 0.516486 0.176797 1.499417 -0.967728 1.361583 9.014256 -1.819983 -5.738835 -16.655939 4.908497 -5.456965 -65.531136 -13.684839 16.760235 12.309265 -24.107315 -23.555862 -1.768340 -19.502963 -22.379509 15.322732 -3.862452 -1.806784 65.312325 0.877061 11.505734 -5.557949 29.968233 -6.978497 3.862828 15.067871 -19.236762 
-27.381519 -187.125046 96.928421 174.309188 -0.149986 87.272117 -5.445626 -3.603655 4.758231 0.257166 -9.149262 4.816167 0.064722 14.202141 -7.070977 nan nan nan -1.375716 2.892083 -17.282773 1.846726 -3.047248 43.004717 4.423756 -7.098532 -5.039507 nan nan nan -1.022868 -1.333608 5.830277 2.265187 -0.654994 3.626216 -0.301673 0.298833 0.332506 1.301053 -0.925869 1.339162 9.132069 -1.623764 -5.530342 -16.472537 4.655104 -5.249155 -65.690633 -14.268291 16.924883 12.425996 -24.705871 -23.822697 -1.043992 -19.408171 -22.779328 15.239379 -3.956275 -1.864452 65.283372 0.780098 11.514271 -5.597521 30.040800 -7.191929 3.146515 15.196625 -19.693153 
-27.246891 -186.458481 96.975609 174.560323 0.140168 87.353492 -5.175584 -3.487958 5.597104 0.590927 -9.529405 3.955628 -0.181040 14.352912 -7.251468 nan nan nan -0.988715 3.067339 -18.044639 1.583454 -3.342317 41.040596 4.398332 -7.705967 -4.774956 nan nan nan -1.166671 -1.658250 5.751430 2.602428 -0.796508 3.629975 -0.069662 0.037887 0.405783 1.209971 -0.927953 1.213257 9.285010 -1.369584 -5.286471 -16.234163 4.472990 -4.937126 -65.827177 -14.980761 16.934993 12.409686 -25.278539 -23.916713 -0.868993 -19.425822 -22.990839 15.109496 -4.273043 -1.865965 65.294953 0.815056 11.283952 -5.519606 30.127850 -7.183354 3.033858 15.267236 -19.666066 
-27.137238 -185.785675 97.010796 174.749542 0.418850 87.384434 -4.908648 -3.269679 6.443696 0.943497 -9.689715 3.088292 -0.240002 14.450133 -7.253932 nan nan nan -0.702367 3.051642 -18.709046 1.456753 -3.591050 38.968038 4.490594 -8.149869 -4.301810 nan nan nan -1.219198 -1.981657 5.857997 2.862696 -0.903389 3.538334 0.115799 -0.165164 0.429814 1.305158 -0.843382 0.968519 9.279072 -1.180601 -4.923091 -15.942282 4.395527 -4.768444 -66.001121 -15.593386 17.091579 12.344046 -25.851469 -23.851912 -0.708401 -19.538593 -22.974817 14.901637 -4.824906 -1.881029 65.390327 0.923481 10.869607 -5.306594 30.223214 -7.069014 3.247486 14.947693 -19.328854 
-26.990078 -185.113068 97.037231 174.981004 0.813371 87.546711 -4.459637 -3.032419 7.121961 1.272120 -9.960724 2.342904 -0.345572 14.284728 -7.391822 nan nan nan -0.259088 3.140518 -19.419845 1.190108 -3.945427 36.793693 4.634262 -8.522616 -3.648883 nan nan nan -1.219565 -2.424043 5.785176 3.161694 -1.095393 3.476035 0.313556 -0.272583 0.463738 1.340070 -0.453670 0.918270 9.362560 -1.168826 -4.796585 -15.669740 4.341688 -4.749654 -66.224462 -16.067528 17.200844 12.375237 -26.316305 -23.948001 -1.544419 -19.673174 -22.853165 14.758781 -5.129863 -1.801605 65.492592 0.986953 10.417744 -5.468204 30.271968 -7.104255 3.989767 14.760978 -18.770009 
-26.846918 -184.476379 97.036842 175.270102 1.133569 87.690705 -4.144242 -2.984478 7.763721 1.602183 -10.218109 1.734441 -0.446889 14.248558 -7.703910 nan nan nan 0.143485 3.250540 -20.114723 0.818358 -4.358501 34.617878 4.645428 -9.089563 -2.834601 nan nan nan -1.245397 -2.853255 5.715704 3.433468 -1.324304 3.451924 0.479884 -0.488475 0.571719 1.338415 -0.057671 0.777552 9.402040 -1.087210 -4.672728 -15.435407 4.149473 -4.661838 -66.338751 -16.575563 17.230408 12.480593 -26.814580 -24.304821 -2.131925 -19.883289 -23.082405 14.669394 -5.109142 -1.797336 65.625581 0.995203 10.311733 -5.910543 30.232454 -7.298152 4.630417 14.616591 -18.714638 
-26.761866 -183.836182 96.994553 175.562526 1.241590 87.751074 -4.159908 -3.057702 8.501706 1.959690 -10.435933 1.139403 -0.470851 14.334378 -7.995327 nan nan nan 0.185710 3.268148 -20.692297 0.778352 -4.646529 32.394064 4.966294 -9.428834 -2.050095 nan nan nan -1.361203 -3.146944 5.746952 3.626482 -1.496670 3.441159 0.585991 -0.788066 0.646342 1.355504 0.043743 0.390637 9.456534 -0.891010 -4.261389 -15.232573 3.884384 -4.369513 -66.326133 -17.205280 17.372861 12.623635 -27.525011 -24.730403 -1.915983 -19.858376 -23.272584 14.709737 -5.043979 -1.740546 65.574862 1.003282 10.476425 -6.316079 30.207654 -7.595941 5.010746 14.262784 -19.071867 
-26.669119 -183.138916 96.934525 175.909235 1.380719 87.889472 -4.055935 -3.023128 9.212607 2.300246 -10.647588 0.455184 -0.682068 14.174534 -8.244759 nan nan nan 0.203500 3.253570 -21.179672 0.874549 -4.979074 29.937604 5.527360 -9.476359 -1.365819 nan nan nan -1.530817 -3.406419 5.685099 3.897136 -1.723749 3.536427 0.762013 -0.993183 0.515616 1.358006 0.115873 0.108457 9.563303 -0.817935 -3.947611 -15.139288 3.698697 -4.140389 -66.364004 -17.796466 17.626954 12.854621 -28.002134 -25.158128 -2.748242 -19.898513 -23.281991 14.834442 -4.993431 -1.645185 65.380563 0.750490 10.584544 -6.891484 30.407162 -8.233821 5.872707 14.027810 -19.449474 
-26.536295 -182.450043 96.852676 176.280036 1.557462 88.040913 -3.827324 -2.940856 9.896935 2.602805 -10.871158 -0.252630 -0.902831 13.891955 -8.399100 nan nan nan 0.310474 3.199741 -21.650472 0.961340 -5.298164 27.467265 5.839720 -9.560646 -0.766882 nan nan nan -1.795349 -3.638474 5.746429 4.219603 -1.972335 3.477172 1.024468 -1.215981 0.407165 1.418759 0.145990 -0.111177 9.642644 -0.821661 -3.716870 -15.068538 3.469811 -3.998237 -66.399836 -18.280281 17.958224 13.077868 -28.386943 -25.482814 -2.978018 -20.210643 -23.629860 14.962702 -5.032013 -1.779108 65.213019 0.365552 10.679030 -7.373277 30.574120 -8.765361 6.055272 14.099733 -19.802053 
-26.398643 -181.742493 96.760544 176.564066 1.713226 88.075963 -3.670550 -2.852261 10.793667 2.927129 -11.257016 -1.031735 -0.999399 13.685296 -8.553813 nan nan nan 0.471565 3.098024 -21.986463 0.974956 -5.486170 25.026982 5.537015 -9.774049 -0.110756 nan nan nan -2.076321 -3.799340 5.705214 4.497111 -2.145097 3.772958 1.263249 -1.462785 0.224543 1.672889 0.239819 -0.368127 9.546144 -0.900574 -3.478969 -14.918399 3.109434 -3.807917 -66.336392 -18.823340 18.249172 13.192738 -28.848916 -25.909029 -2.629030 -20.458074 -23.834442 15.015179 -5.080140 -2.006341 65.169615 0.107550 10.731100 -7.702543 30.469280 -9.262455 5.945782 14.159895 -19.918290 
-26.281595 -181.017151 96.668282 176.836160 1.754779 88.077198 -3.624329 -2.766465 11.756912 3.206260 -11.721937 -1.801156 -1.161085 13.549367 -8.782371 nan nan nan 0.501433 2.813184 -22.220815 1.153548 -5.526940 22.555125 5.262403 -9.870881 0.507719 nan nan nan -2.373242 -3.942883 5.574135 4.722874 -2.399010 4.192001 1.421440 -1.681926 0.055241 1.758937 0.352625 -0.540215 9.628504 -0.716584 -3.375423 -14.833974 2.725522 -3.542843 -66.082809 -19.369630 18.395298 13.309463 -29.450954 -26.276980 -2.250915 -20.500583 -23.777684 15.157698 -5.221485 -2.055838 65.082707 0.092521 10.482461 -7.888845 30.392976 -9.777212 5.996413 14.075766 -19.605880 
-26.145674 -180.296326 96.584290 177.026661 1.787168 87.984161 -3.464741 -2.424114 12.833815 3.427450 -12.147971 -2.644742 -1.515968 13.342304 -9.057540 nan nan nan 0.566188 2.506962 -22.242643 1.343222 -5.438326 19.932368 5.364506 -9.794113 1.246117 nan nan nan -2.642466 -4.104549 5.630355 4.910681 -2.599377 4.438834 1.576742 -1.896348 -0.013498 1.736160 0.574096 -0.722223 9.793402 -0.528378 -3.334984 -14.865186 2.494314 -3.380101 -65.751921 -19.881735 18.501546 13.409242 -29.998642 -26.310007 -1.640601 -20.543740 -23.333152 15.350044 -5.404295 -2.094766 64.818210 0.068718 10.182957 -7.755608 30.560368 -10.061283 5.866473 13.960991 -19.359568 
-25.975151 -179.590637 96.471664 177.010579 1.885179 87.955356 -3.188351 -1.865547 13.876417 3.701321 -12.450081 -3.631288 -1.733494 13.135680 -9.242680 nan nan nan 0.745711 2.432908 -22.375365 1.505528 -5.204234 17.413188 5.682332 -9.518910 2.027061 nan nan nan -2.883620 -4.246183 5.660718 5.145943 -2.590370 4.685169 1.741638 -2.061295 -0.127317 1.831483 0.772746 -1.009865 9.749216 -0.577006 -3.182048 -14.877385 2.332282 -3.338646 -65.548392 -20.387032 18.758957 13.413139 -30.425913 -26.425359 -1.059152 -20.684487 -23.230260 15.500562 -5.549946 -2.216216 64.551119 -0.128704 10.217051 -7.684798 30.772228 -10.278969 5.236907 13.958343 -19.665248 
-25.782833 -178.880341 96.327858 177.023712 2.011787 88.074672 -2.807902 -1.379923 14.696821 3.868699 -12.678733 -4.489915 -1.954259 12.910768 -9.509312 nan nan nan 0.968334 2.413140 -22.670859 1.618069 -5.024296 14.984649 5.888249 -9.262430 2.665579 nan nan nan -3.124877 -4.379999 5.540988 5.407065 -2.560882 4.893128 1.886111 -2.252159 -0.267603 1.962717 0.905101 -1.204118 9.742453 -0.566426 -3.047734 -14.923912 2.166159 -3.112510 -65.319092 -20.938092 18.902394 13.494733 -30.912166 -26.789667 -0.986737 -20.893521 -23.238573 15.647870 -5.888507 -2.301458 64.494406 -0.093928 10.097953 -7.812160 30.614028 -10.518993 4.908786 14.053313 -19.757550 
-25.596281 -178.138565 96.167000 177.096916 2.126280 88.120507 -2.429186 -0.959551 15.582157 3.975251 -12.873109 -5.246941 -2.218994 12.613326 -9.799527 nan nan nan 1.219306 2.249039 -22.856716 1.772400 -4.798274 12.680056 5.888552 -9.083028 3.083936 nan nan nan -3.378839 -4.520336 5.430051 5.627533 -2.617247 5.107031 2.046096 -2.454278 -0.354417 2.088257 1.042266 -1.333150 9.806509 -0.547083 -2.964191 -14.936105 2.042549 -2.797480 -65.115723 -21.550508 18.922633 13.647975 -31.306467 -27.135618 -1.254290 -21.097473 -23.143262 15.780129 -6.184330 -2.257059 64.510661 0.120470 9.748612 -8.083995 30.330612 -11.221851 5.201697 14.182814 -19.951577 
-25.432232 -177.374435 95.986023 177.070954 2.238273 88.114426 -2.122556 -0.493345 16.589099 4.169426 -13.132137 -6.111856 -2.433791 12.393827 -9.975836 nan nan nan 1.470065 2.042658 -23.001349 2.000350 -4.392757 10.519168 5.944529 -8.924393 3.434506 nan nan nan -3.498369 -4.702558 5.404473 5.749525 -2.650850 5.210808 2.208158 -2.620082 -0.384693 2.165631 1.265325 -1.502859 9.809192 -0.559162 -2.838160 -14.900322 1.938828 -2.682910 -65.012770 -21.939314 18.785419 13.789017 -31.601185 -27.146185 -1.075202 -21.167805 -22.647233 15.746455 -6.199221 -2.112974 64.482929 0.097617 9.322377 -8.192808 30.367086 -12.153403 5.378848 14.301028 -20.739094 
-25.290918 -176.582779 95.785385 177.041114 2.362502 88.135626 -1.839741 0.077968 17.514964 4.471272 -13.393682 -6.930248 -2.551808 12.290089 -10.186403 nan nan nan 1.705587 1.818275 -23.117172 2.245585 -3.805431 8.380421 6.029739 -8.705744 3.846874 nan nan nan -3.540006 -4.838681 5.383412 5.892447 -2.655730 5.219329 2.410045 -2.770783 -0.367228 1.955628 1.300654 -1.660837 9.828486 -0.509224 -2.851909 -15.118905 1.588509 -2.526327 -64.642447 -22.116823 18.439990 13.812501 -32.189394 -26.791820 -0.138645 -21.050632 -22.176553 15.763646 -6.098568 -2.156018 64.052044 -0.419302 8.884681 -7.807106 30.826674 -12.367947 4.754008 14.355371 -21.511615 
-25.118555 -175.814697 95.571747 177.315632 2.408363 88.237795 -1.582948 0.366744 18.199606 4.673372 -13.531617 -7.455269 -2.722324 12.039690 -10.592135 nan nan nan 1.792636 1.547005 -23.306040 2.367371 -3.532198 6.382608 6.217934 -8.517354 4.308554 nan nan nan -3.818692 -4.946446 5.392079 6.107239 -2.808067 5.214302 2.675698 -2.949222 -0.484774 1.799898 1.247967 -1.714727 9.938727 -0.520178 -2.880127 -15.445464 1.298111 -2.420512 -64.295505 -22.353264 18.345439 13.818595 -32.647323 -26.785861 0.540029 -21.173425 -21.832635 15.961104 -5.984056 -2.385045 63.464992 -1.087202 8.773972 -7.457011 31.064458 -12.413173 4.269776 14.585122 -21.695166 
-24.985413 -175.070160 95.317818 177.584030 2.504480 88.273333 -1.350594 0.482130 18.954766 4.874232 -13.779492 -7.943013 -2.841502 11.858538 -10.956556 nan nan nan 1.881887 1.243177 -23.525327 2.545198 -3.292552 4.667439 6.285980 -8.382356 4.824321 nan nan nan -3.870509 -5.055282 5.446537 6.272087 -3.014582 5.303954 2.746317 -3.128596 -0.612938 1.802058 1.192196 -1.904258 9.947000 -0.525762 -2.751865 -15.679505 1.135053 -2.375073 -64.001569 -22.727928 18.423444 13.946157 -32.921003 -27.066328 0.271971 -21.234515 -21.571035 16.150778 -5.962783 -2.515770 63.077018 -1.354643 8.814370 -7.388497 31.024372 -12.548123 4.404103 14.686073 -21.461794 
-24.847122 -174.298050 95.055534 177.761949 2.644211 88.300361 -1.046698 0.651477 19.690439 5.011565 -14.117006 -8.315429 -2.925391 11.724215 -11.374024 nan nan nan 2.057172 1.081096 -23.779100 2.617010 -3.046339 3.262183 6.355016 -8.281124 5.216385 nan nan nan -3.847404 -5.208808 5.324051 6.432687 -3.187424 5.596373 2.726481 -3.349380 -0.712811 1.931604 1.386462 -2.063884 9.925234 -0.463827 -2.704191 -15.864222 1.109270 -2.364205 -63.665162 -23.130105 18.536160 14.101181 -33.167455 -27.291395 -0.400790 -21.380327 -21.258795 16.521113 -5.902754 -2.350036 62.634582 -1.256612 9.067116 -7.613595 30.930670 -12.504765 4.545021 14.637774 -21.306565 
-24.685047 -173.477402 94.791969 177.866002 2.718398 88.350315 -0.759171 0.920457 20.386554 5.088836 -14.366092 -8.589218 -3.048010 11.546527 -11.901862 nan nan nan 2.187641 1.059342 -24.053528 2.569672 -2.875183 2.113058 6.586144 -8.106278 5.554152 nan nan nan -3.928628 -5.413802 5.056086 6.531706 -3.273067 5.962722 2.731212 -3.459035 -0.818510 2.042305 1.652777 -1.927522 10.028926 -0.412202 -2.899764 -16.132957 1.194483 -2.349901 -63.356986 -23.556069 18.642298 14.233033 -33.401616 -27.491528 -0.898154 -21.614411 -20.639167 16.844772 -6.016258 -2.043103 62.333271 -0.974462 9.094693 -7.805286 30.639481 -12.254942 4.882763 14.477292 -20.728970 
-24.498655 -172.668167 94.513634 177.981201 2.719226 88.417563 -0.526521 1.121655 20.926366 5.045780 -14.395408 -8.624924 -3.168453 11.341592 -12.476751 nan nan nan 2.230962 1.054928 -24.374136 2.526571 -2.815257 1.209571 6.811597 -7.944645 5.788964 nan nan nan -4.232944 -5.496832 4.855215 6.649924 -3.308920 6.254147 2.845097 -3.486212 -0.919756 2.314230 1.739787 -2.106340 10.055868 -0.513968 -2.724841 -16.413576 1.205803 -2.318865 -63.220440 -24.109113 18.931320 14.501159 -33.402932 -27.710460 -1.142215 -21.791108 -19.881489 17.247543 -6.259420 -2.107992 62.029546 -1.029616 9.192987 -8.240772 30.400019 -12.315663 5.623024 14.256964 -20.296464 
-24.309261 -171.884857 94.237892 178.201412 2.675433 88.517634 -0.342448 1.185766 21.323287 4.974524 -14.493837 -8.484160 -3.258323 11.261134 -13.067572 nan nan nan 2.152705 1.064432 -24.782997 2.557907 -2.662145 0.648755 6.702614 -7.928558 5.852076 nan nan nan -4.575789 -5.596686 4.765710 6.762834 -3.454762 6.376294 2.943977 -3.552780 -0.986665 2.507224 1.679921 -2.318163 10.113311 -0.488501 -2.462513 -16.527771 1.135241 -2.273057 -63.145946 -24.547706 19.091277 14.660920 -33.427460 -27.791299 -0.834401 -21.784231 -19.512625 17.657921 -6.497596 -2.220694 61.690524 -0.991262 9.151303 -8.274437 30.098892 -12.253065 5.780546 14.006140 -19.635431 
-24.155807 -171.073349 93.974152 178.438584 2.702209 88.393806 -0.122913 1.249353 22.018196 4.961291 -14.585298 -8.419303 -3.413062 11.288531 -13.666078 nan nan nan 2.063266 1.212659 -24.919856 2.599232 -2.470170 0.338882 6.609534 -7.942307 5.701159 nan nan nan -4.667134 -5.779530 5.013446 6.787410 -3.561871 6.396882 3.001417 -3.648619 -1.100202 2.537327 1.723869 -2.286056 10.156045 -0.492916 -2.502890 -16.637089 0.996121 -2.294405 -63.003150 -24.784468 19.121018 14.591133 -33.403192 -27.840609 -0.970804 -22.170596 -19.371579 17.730534 -6.427287 -2.293056 61.488484 -1.116293 9.056728 -8.022209 29.687731 -12.407384 5.748432 14.433831 -19.817610 
-24.025640 -170.214249 93.712593 178.641864 2.807631 88.238313 0.137350 1.284488 22.843630 4.992196 -14.886362 -8.455008 -3.626719 11.456847 -14.275085 nan nan nan 2.033910 1.293655 -25.104557 2.725146 -2.283380 0.511214 6.579649 -7.897145 5.379042 nan nan nan -4.589746 -5.936562 5.196959 6.837147 -3.576186 6.562052 3.038466 -3.726433 -1.298695 2.571588 1.667457 -2.476129 10.011589 -0.570565 -2.380946 -16.927895 0.717670 -2.215506 -62.811056 -25.003271 19.179229 14.690125 -33.309298 -27.943839 -1.709324 -22.442310 -19.389429 17.788878 -6.109721 -2.580388 61.300770 -1.792731 9.200399 -8.347420 29.441959 -12.826497 5.969329 14.758149 -20.455780 
-23.858976 -169.333771 93.465836 178.795607 2.976084 88.095560 0.516870 1.377036 23.617898 5.000076 -15.357549 -8.375014 -3.721683 11.689059 -14.917141 nan nan nan 2.121871 1.448231 -25.279209 2.803210 -2.103021 0.929130 6.829345 -7.862759 4.944912 nan nan nan -4.538375 -6.090254 5.301726 6.945542 -3.542180 6.598721 3.070835 -3.784037 -1.265180 2.594226 1.535285 -2.749529 9.944801 -0.567839 -2.220996 -17.322584 0.466855 -2.177808 -62.494718 -25.173802 19.148996 14.654981 -33.359997 -27.865887 -1.962410 -22.276161 -19.203778 18.106424 -5.969949 -2.872394 60.896359 -2.245131 9.198515 -8.467791 29.164859 -12.566525 5.991708 14.180070 -19.917164 
-23.687473 -168.459991 93.239082 179.044591 3.085930 87.990370 0.830459 1.351616 24.255778 4.967587 -15.733233 -8.145881 -3.807265 11.836053 -15.499374 nan nan nan 2.082502 1.648674 -25.403950 2.874201 -2.144531 1.398203 7.029441 -7.840424 4.687819 nan nan nan -4.555615 -6.290394 5.346310 7.040575 -3.584268 6.621005 3.114953 -3.893932 -1.147248 2.506581 1.549293 -2.896988 9.958049 -0.531415 -2.257720 -17.621818 0.334977 -2.171159 -62.374843 -25.327810 19.052964 14.676205 -33.322855 -28.018484 -2.002912 -22.203931 -18.940243 18.361739 -5.993142 -2.999308 60.670018 -2.266748 8.976746 -8.578641 28.717927 -12.664980 6.194686 13.898820 -19.506679 
-23.526241 -167.576797 93.034584 179.402952 3.188622 87.895204 1.165691 1.261434 24.862944 4.926015 -16.093083 -7.888201 -3.925511 11.803314 -15.864475 nan nan nan 1.926670 1.749978 -25.553390 3.087742 -2.347398 2.161253 7.130442 -7.754171 4.560119 nan nan nan -4.492757 -6.518701 5.406683 7.129657 -3.700363 6.769498 3.116975 -4.072782 -1.262640 2.395392 1.702683 -2.905277 9.904254 -0.602158 -2.362732 -17.780463 0.274252 -2.122661 -62.485828 -25.343886 18.980532 14.807909 -33.237778 -28.156834 -2.108438 -22.270847 -18.694307 18.544765 -5.997821 -3.077650 60.512329 -2.331184 8.890527 -8.754524 28.349591 -12.950631 6.375392 14.069899 -19.791043 
-23.355803 -166.668747 92.837631 179.582915 3.496440 87.647422 1.839906 1.336915 25.691202 4.801543 -16.520310 -7.692719 -4.037584 11.710826 -16.110904 nan nan nan 2.044405 1.936339 -25.545053 3.292651 -2.545649 3.132822 7.221559 -7.653989 4.995914 nan nan nan -4.171557 -6.725096 5.634006 7.266724 -3.715338 6.745702 3.041121 -4.243584 -1.246097 2.366264 2.054959 -2.826565 9.676389 -0.809423 -2.508795 -17.774884 0.284782 -2.103373 -62.726709 -25.354192 18.776763 14.662941 -33.099370 -28.081479 -2.366586 -22.064095 -18.166895 18.751009 -5.964471 -3.014017 60.123432 -2.263930 8.811666 -8.661676 28.040139 -12.308982 6.635312 13.780314 -19.442218 
-23.194708 -165.746414 92.656944 179.771087 3.630370 87.528939 2.346534 1.463689 26.248276 4.617351 -16.796987 -7.264506 -4.096573 11.530342 -16.267872 nan nan nan 1.982359 2.026468 -25.676298 3.489271 -3.035426 4.238094 7.157303 -7.514807 6.070849 nan nan nan -4.069431 -6.934801 5.690109 7.387965 -3.710500 6.875971 2.996424 -4.342233 -1.389414 2.449340 2.400388 -2.502334 9.373628 -0.990299 -2.897065 -17.668693 0.270300 -2.045591 -63.016637 -25.296988 18.766806 14.559907 -32.911095 -27.924187 -2.832881 -21.923354 -17.832358 18.811528 -5.913168 -2.925327 59.984983 -2.283013 8.726690 -8.787039 27.527360 -11.738292 7.088740 13.398575 -18.699105 
-23.040644 -164.793320 92.481178 179.939932 3.696025 87.384591 2.722184 1.598766 26.834432 4.473703 -16.888783 -6.820207 -4.109331 11.432311 -16.438374 nan nan nan 1.873042 2.015191 -25.762886 3.714079 -3.688891 5.395594 7.008392 -7.465323 7.421001 nan nan nan -4.049120 -7.105221 5.761187 7.486413 -3.636537 6.970695 2.915495 -4.398949 -1.458031 2.639909 2.685297 -2.349406 9.034976 -1.217455 -3.205901 -17.480805 0.130642 -1.988299 -63.384246 -25.241061 19.029568 14.492009 -32.555462 -27.719758 -2.984882 -21.942938 -18.328104 18.847543 -5.853638 -3.119845 60.068512 -2.541779 8.577596 -9.087973 26.898407 -11.943109 7.196722 13.061537 -18.626462 
-22.908628 -163.783417 92.314011 -179.916088 3.788057 87.274617 2.973543 1.564794 27.478706 4.395912 -16.931859 -6.498302 -4.222830 11.613140 -16.410311 nan nan nan 1.800239 1.940232 -25.778092 3.973759 -4.229145 6.458985 6.955886 -7.458260 8.552020 nan nan nan -3.930357 -7.234932 5.639564 7.592659 -3.595021 7.114042 2.826999 -4.455192 -1.440890 2.600490 2.735043 -2.317956 8.817989 -1.352981 -3.262382 -17.347889 -0.032015 -1.830097 -63.755207 -25.175388 19.200311 14.417989 -32.208158 -27.430939 -2.826188 -21.878261 -18.712638 18.809889 -5.769549 -3.291051 60.069137 -2.813050 8.396440 -9.179055 26.389008 -12.279047 7.359415 12.889835 -18.872010 
-22.769522 -162.731369 92.177109 -179.784694 3.896267 87.242040 3.204074 1.478873 28.063708 4.384064 -17.086630 -6.221684 -4.540374 11.854384 -16.229984 nan nan nan 1.767181 1.832653 -25.758734 4.252543 -4.734946 7.303272 6.877532 -7.507463 9.267449 nan nan nan -3.782069 -7.390549 5.252705 7.691114 -3.687297 7.522897 2.761903 -4.391243 -1.608392 2.419530 2.634552 -2.053570 8.696896 -1.351686 -3.299702 -17.337452 -0.179710 -1.565302 -64.043806 -25.065359 19.215994 14.321897 -31.809757 -27.286157 -3.241032 -21.730247 -18.733705 18.665116 -5.596254 -3.254742 60.061340 -3.044337 8.203368 -9.222384 25.870199 -12.638222 7.819420 13.066932 -19.076635 
-22.593103 -161.678299 92.076477 -179.639105 4.052157 87.335825 3.531375 1.445060 28.385644 4.338486 -17.318115 -5.732715 -4.958322 11.923768 -15.910234 nan nan nan 1.866463 1.884218 -25.804144 4.275370 -5.202473 7.971909 6.569704 -7.735843 9.838783 nan nan nan -3.629943 -7.571168 4.759501 7.819468 -3.778440 7.922018 2.712109 -4.265662 -1.817918 2.207976 2.622492 -1.725031 8.561691 -1.440712 -3.459941 -17.376065 -0.229504 -1.413580 -64.391785 -24.882077 19.245522 14.123276 -31.324427 -27.161869 -4.248667 -21.577883 -18.302909 18.692389 -5.587834 -3.277751 59.982525 -3.184784 8.016564 -9.283347 25.056645 -12.577628 8.140765 12.944113 -18.350687 
-22.398264 -160.663773 92.001938 -179.495184 4.255544 87.577335 3.867832 1.357000 28.392967 4.216035 -17.609382 -4.934282 -5.406177 11.937623 -15.655751 nan nan nan 1.971070 2.099402 -26.028699 4.267181 -5.653344 8.612495 6.220402 -8.044064 10.455588 nan nan nan -3.459298 -7.746360 4.215179 7.920426 -3.777761 8.015351 2.671930 -4.202765 -1.766438 2.039432 2.665174 -1.605738 8.484196 -1.546722 -3.520693 -17.291516 -0.300860 -1.250144 -64.673188 -24.630436 19.308478 13.851888 -30.953148 -26.624558 -4.759551 -21.361654 -17.943174 18.649066 -5.674624 -3.148072 59.947373 -3.278313 7.580406 -9.274580 24.787928 -12.846236 8.681232 12.917157 -18.531370 
-22.246571 -159.631470 91.955643 -179.371239 4.419144 87.688892 4.024542 1.143804 28.554791 4.150832 -17.973370 -4.119633 -5.881159 12.239383 -15.443678 nan nan nan 1.995657 2.117577 -26.100619 4.436527 -5.941526 9.326735 6.076597 -8.251499 11.110942 nan nan nan -3.178902 -7.928538 3.887898 7.962098 -3.811863 7.941739 2.545449 -4.185652 -1.653328 1.812608 2.600064 -1.545956 8.383102 -1.458300 -3.507216 -17.242961 -0.094813 -1.126377 -64.937761 -24.405426 19.286236 13.467873 -30.579960 -25.720602 -4.673075 -20.837686 -17.672449 18.556666 -5.914435 -2.825471 59.939359 -2.881095 6.817716 -8.871886 24.174309 -12.758435 8.910563 12.431353 -17.411387 
-22.079760 -158.511200 91.910156 -179.201785 4.521589 87.698566 4.153585 0.888006 28.750922 3.942960 -18.145724 -3.128122 -6.345541 12.462701 -15.121979 nan nan nan 1.992414 1.984111 -25.929327 4.678107 -6.140972 10.064110 5.797926 -8.236870 11.658240 nan nan nan -3.006176 -8.099066 3.459673 8.005930 -3.903258 8.022814 2.405012 -4.138517 -1.543173 1.747812 2.635684 -1.446742 8.191567 -1.423268 -3.285773 -17.102683 0.153488 -0.964100 -65.395776 -24.153097 19.459445 13.163980 -30.115754 -25.090153 -4.461676 -20.367719 -17.713838 18.400519 -6.059379 -2.718983 60.004483 -2.798389 6.618627 -8.616367 23.541253 -12.687919 8.683747 12.238613 -16.829593 
-21.886457 -157.358047 91.884483 -178.957479 4.624174 87.714347 4.455660 0.671455 28.771247 3.507747 -18.031580 -1.926315 -6.721532 12.645749 -14.460866 nan nan nan 2.025646 1.807253 -25.684282 4.894765 -6.409970 10.890172 5.486493 -8.167097 12.120503 nan nan nan -2.957464 -8.243784 3.020556 8.075436 -3.979401 7.988719 2.359284 -4.082796 -1.337286 1.789929 2.693763 -1.398501 7.940911 -1.466402 -2.918949 -16.913549 0.257236 -0.638885 -65.921428 -23.886960 19.507237 12.817495 -29.649567 -24.571569 -4.575298 -20.083121 -17.638115 18.318953 -6.055961 -2.553807 60.098502 -2.882269 6.473338 -8.720266 22.994130 -12.770337 8.794457 12.117500 -16.576839 
-21.710133 -156.238846 91.907570 -178.800932 4.732840 87.808412 4.634971 0.397315 28.568676 3.096349 -17.592576 -0.599047 -6.953561 13.048453 -13.622814 nan nan nan 2.060317 1.744786 -25.566927 5.077926 -6.716808 11.805250 5.323100 -8.093788 12.611408 nan nan nan -2.768834 -8.292418 2.622425 8.121143 -3.984082 7.922643 2.285607 -4.093931 -1.310529 1.749380 2.567274 -1.248177 7.641686 -1.511940 -2.678705 -16.851280 0.420732 -0.386863 -66.375918 -23.519250 19.515515 12.518917 -29.052677 -23.840508 -5.361152 -19.806925 -17.253887 18.247367 -6.123737 -2.321713 60.209026 -2.883732 6.242232 -8.940653 22.472571 -12.886628 9.387226 11.879781 -16.153408 
-21.528080 -155.159210 91.993042 -178.704260 4.816771 87.957497 4.659963 0.044268 28.084884 2.661325 -17.160729 1.091338 -6.953593 13.380128 -12.836787 nan nan nan 2.095660 1.797345 -25.521253 5.187464 -6.991323 12.729118 5.176854 -7.902655 12.903988 nan nan nan -2.603069 -8.271353 2.194492 8.195082 -4.025660 8.177510 2.250690 -4.128862 -1.670194 1.662036 2.504248 -0.957932 7.390477 -1.599008 -2.648428 -16.861838 0.642276 -0.340682 -66.750862 -22.947086 19.721374 12.241235 -28.311636 -23.063440 -6.005858 -19.800702 -16.986461 18.145269 -6.148847 -2.238010 60.220442 -2.953604 6.314307 -9.076243 21.917744 -13.044856 9.743278 12.000428 -16.141271 
-21.334568 -154.050812 92.088608 -178.712545 4.896877 88.028349 4.716152 -0.156610 27.587624 2.205167 -16.837442 2.987302 -6.892254 13.612674 -12.008904 nan nan nan 2.200043 1.826094 -25.366939 5.308167 -7.177050 13.612988 4.898900 -7.545906 12.856417 nan nan nan -2.561867 -8.265560 1.756260 8.280020 -4.019084 8.537108 2.285286 -4.043409 -1.967280 1.653463 2.461251 -0.853426 7.110386 -1.716190 -2.470266 -16.866842 0.881093 -0.371240 -67.133021 -22.288290 20.125477 12.027610 -27.696082 -22.404636 -6.358603 -19.707465 -17.051782 18.061490 -6.248215 -2.195357 60.104387 -2.985439 6.435697 -8.982409 21.491311 -13.244170 9.639671 11.959770 -16.176164 
-21.138870 -152.917709 92.162651 -178.862101 5.041184 88.093351 4.855801 -0.310688 27.022951 1.622881 -16.479104 5.066619 -6.984817 14.096471 -11.270302 nan nan nan 2.415488 2.009448 -25.204320 5.475114 -7.235690 14.465340 4.282110 -7.274645 12.612695 nan nan nan -2.469987 -8.292753 1.232836 8.337954 -3.945638 8.715660 2.287747 -3.748628 -1.916557 1.611433 2.362684 -0.852961 6.930797 -1.806305 -2.188366 -16.836242 1.044217 -0.246239 -67.466559 -21.793031 20.458250 11.647646 -27.145096 -21.585182 -6.591455 -19.326410 -17.282868 18.017113 -6.420186 -2.146793 59.927804 -3.058297 6.358650 -8.756413 21.343999 -13.399045 9.623922 11.713744 -16.336905 
-20.948246 -151.820419 92.251389 -178.932101 5.190005 88.060970 4.968084 -0.660857 26.405708 0.919596 -16.200525 7.374855 -7.081775 14.583469 -10.487449 nan nan nan 2.573509 2.203371 -24.836192 5.837008 -7.181234 15.163529 3.518295 -7.146473 12.229105 nan nan nan -2.269526 -8.260873 1.041690 8.328388 -3.963239 8.547168 2.236813 -3.574310 -1.765012 1.492030 2.372528 -0.683974 6.817424 -1.762125 -2.176740 -16.735268 1.092224 -0.015744 -67.756528 -21.232043 20.423760 11.260889 -26.554791 -20.840759 -6.661538 -19.172973 -17.456410 17.913187 -6.433709 -2.102146 59.969276 -3.190779 6.217785 -8.762653 21.212633 -13.248196 9.766384 11.626567 -16.484657 
-20.752520 -150.744781 92.344429 -178.860618 5.208854 87.879775 5.068597 -0.989082 25.683176 0.073222 -15.902398 10.042991 -7.181481 14.452588 -9.226683 nan nan nan 2.597530 2.192370 -24.185974 6.222269 -7.208484 15.706937 3.023020 -7.068279 11.499109 nan nan nan -2.129331 -8.136532 1.246470 8.220013 -4.032175 8.047804 2.213540 -3.661093 -1.506747 1.417774 2.589439 -0.421946 6.620801 -1.755415 -2.419647 -16.503327 1.116345 0.063464 -68.258950 -20.518468 20.147757 11.161261 -25.761166 -20.611214 -7.177791 -19.224798 -17.440865 17.784599 -6.184957 -2.037273 60.277145 -3.312828 6.027671 -9.138405 20.967879 -13.452821 10.203027 11.695957 -16.419796 
-20.582897 -149.677017 92.425919 -178.764921 5.204845 87.681504 5.202536 -1.208902 24.809070 -0.727349 -15.481736 12.882314 -7.400020 14.101190 -7.834274 nan nan nan 2.634648 2.054838 -23.557682 6.521734 -7.233669 16.387249 2.681550 -6.973804 10.525247 nan nan nan -2.000198 -7.955621 1.528095 8.116547 -4.068719 7.686417 2.249816 -3.723795 -1.411307 1.398570 2.635090 -0.293790 6.305016 -1.770974 -2.570116 -16.313817 1.103299 0.116157 -68.874864 -19.828388 19.976973 11.318941 -24.878714 -20.297418 -8.113066 -19.201454 -17.285482 17.491995 -6.065170 -2.003401 60.674070 -3.377005 5.728853 -9.414067 20.803780 -13.645455 10.647804 11.722297 -16.060836 
-20.446280 -148.667221 92.525513 -178.675852 5.205158 87.563691 5.294203 -1.458849 23.580678 -1.494383 -14.749662 15.976519 -7.493032 13.972114 -6.547731 nan nan nan 2.738006 1.895529 -23.028779 6.705198 -7.189589 17.052913 2.537193 -6.907869 9.581930 nan nan nan -1.850290 -7.675569 1.821196 8.045258 -4.142222 7.395934 2.272629 -3.713424 -1.467607 1.263613 2.485893 -0.287836 6.186286 -1.763210 -2.700651 -16.141548 0.940698 0.349129 -69.302642 -19.223322 19.882321 11.182724 -24.158973 -19.947084 -8.346363 -19.228538 -17.366269 17.212404 -6.013662 -1.946087 60.942154 -3.438358 5.408236 -9.412845 20.811368 -13.591084 10.516846 11.712735 -15.712113 
-20.324181 -147.716873 92.631805 -178.688487 5.266601 87.514764 5.295217 -1.965362 22.095601 -2.379780 -13.833322 19.275104 -7.220170 13.888225 -5.056960 nan nan nan 2.911211 1.884207 -22.574404 6.810331 -7.110707 17.606906 2.459609 -6.790606 8.867359 nan nan nan -1.618424 -7.331275 2.212917 8.007271 -4.247005 6.919900 2.271800 -3.663374 -1.500023 1.018596 2.405329 -0.260744 6.124210 -1.752803 -2.823576 -15.962939 1.022631 0.419237 -69.747856 -18.691714 19.858781 10.759883 -23.343829 -19.811752 -8.358214 -19.246926 -17.738626 16.992298 -5.990031 -1.810646 61.127062 -3.414312 5.332670 -9.449457 20.966723 -13.593913 10.399462 11.567910 -15.598513 
-20.174074 -146.757614 92.729904 -178.959069 5.453813 87.477961 5.499952 -2.277794 20.535865 -3.332722 -12.957106 22.557892 -6.876369 13.816224 -3.627814 nan nan nan 3.307239 2.129021 -22.047531 6.854696 -6.961751 17.923816 2.266806 -6.703703 8.285961 nan nan nan -1.287488 -7.038475 2.449398 7.988371 -4.209683 6.329538 2.278628 -3.545134 -1.201698 0.855845 2.425854 -0.209606 5.896846 -1.620338 -2.951694 -15.853539 1.341700 0.422204 -70.147172 -18.232552 19.734975 10.352296 -22.568210 -19.544704 -8.393720 -19.209409 -18.192656 16.709307 -6.055703 -1.675258 61.271407 -3.202783 5.310422 -9.350820 21.127566 -13.514162 10.152894 11.382692 -15.991653 
-20.011471 -145.779877 92.833534 -179.452581 5.583149 87.487797 5.772912 -2.110406 18.870709 -4.050647 -11.965266 25.725601 -6.418641 13.591033 -1.767283 nan nan nan 3.693366 2.466555 -21.489821 6.893519 -6.723117 18.090638 2.175058 -6.598771 7.657951 nan nan nan -1.005371 -6.678960 2.322887 7.897640 -3.977910 6.122023 2.282736 -3.379887 -0.983241 0.731492 2.318585 -0.005594 5.747218 -1.457960 -3.175174 -15.997141 1.452035 0.562135 -70.186377 -17.606831 19.377966 10.253574 -22.196457 -19.165217 -8.403307 -18.785167 -18.086997 16.454714 -6.098248 -1.551899 61.401762 -3.042059 5.073051 -9.210355 21.319317 -13.561784 10.121292 11.396072 -16.677735 
-19.874809 -144.816345 92.932190 -179.815590 5.684199 87.438787 6.063281 -1.940661 17.081095 -4.480273 -10.627753 28.894507 -6.053210 13.211799 0.635961 nan nan nan 4.028017 2.690699 -20.795090 6.861617 -6.567767 18.171002 2.238060 -6.412683 6.950834 nan nan nan -0.743214 -6.311691 2.297934 7.740714 -3.808349 6.105604 2.259900 -3.136529 -1.020907 0.604226 2.255461 0.312552 5.770869 -1.593121 -3.455019 -15.901072 1.446332 0.739850 -70.406076 -17.049365 19.232462 10.160029 -21.623298 -18.637078 -8.361453 -18.570581 -17.967503 16.188318 -6.128332 -1.363826 61.631617 -2.884557 4.775370 -9.142774 21.461089 -13.758644 10.273025 11.798225 -17.288100 
-19.767750 -143.861710 93.034950 -179.969339 5.791198 87.290376 6.416054 -1.999052 15.267807 -5.007452 -9.335005 32.011055 -5.838983 12.875607 3.254050 nan nan nan 4.313961 2.711957 -19.855845 6.897700 -6.419884 18.013900 2.053474 -6.192460 6.454811 nan nan nan -0.494266 -5.942266 2.472428 7.587585 -3.819948 6.097988 2.224422 -2.808838 -1.070509 0.533274 2.115739 0.487443 5.813669 -1.620806 -3.696384 -15.823295 1.385637 0.989945 -70.497881 -16.600179 19.150730 9.995211 -21.211125 -18.133597 -8.530326 -18.438955 -18.421902 15.987532 -6.262056 -1.294280 61.725967 -2.773096 4.593251 -8.878001 21.732391 -13.479461 10.473390 11.810041 -17.318913 
-19.661127 -142.929840 93.132675 179.835617 5.852750 87.039048 6.773333 -1.998507 13.565309 -5.354038 -8.005494 34.806901 -5.369847 12.371468 5.977740 nan nan nan 4.611547 2.664238 -18.817085 6.913369 -6.187643 17.857280 1.820755 -6.033693 6.025344 nan nan nan -0.270948 -5.547599 2.925340 7.418277 -3.767082 5.674711 2.212715 -2.579954 -0.779645 0.522877 1.961347 0.441793 5.750480 -1.653491 -3.909757 -15.718965 1.464841 1.034167 -70.627921 -16.071849 18.923059 9.783265 -20.855621 -17.874959 -9.080054 -18.178170 -18.860828 15.837569 -6.382426 -1.334922 61.707610 -2.568385 4.540824 -8.460787 22.048621 -12.823395 10.687736 11.220368 -16.677493 
-19.555244 -142.053177 93.234009 179.656440 5.902885 86.805955 7.117820 -1.992380 11.760645 -5.554697 -6.712507 37.535731 -4.902542 11.913825 8.580755 nan nan nan 4.924059 2.587845 -17.854749 6.880795 -5.918642 17.777434 1.799156 -5.950120 5.502279 nan nan nan 0.041958 -5.127796 3.556565 7.219993 -3.685264 4.897858 2.234395 -2.508619 -0.359310 0.276111 1.866303 0.439482 5.648732 -1.669222 -4.184458 -15.682882 1.579260 0.974085 -70.778241 -15.436155 18.320525 9.566144 -20.403540 -17.470000 -9.441712 -17.987663 -18.821939 15.618723 -6.358600 -1.368148 61.726529 -2.369457 4.331802 -8.078987 22.487044 -11.918142 10.762629 11.058524 -15.834614 
-19.468197 -141.205246 93.348305 179.694833 6.095123 86.678416 7.565189 -2.082264 9.682653 -5.743386 -5.700663 40.591261 -5.643324 12.187218 10.883967 nan nan nan 5.291306 2.568889 -16.885904 6.892571 -5.823381 17.471147 1.625966 -5.934863 4.889327 nan nan nan 0.567531 -4.751732 4.080190 7.045054 -3.681300 4.139166 2.239449 -2.503224 0.070768 -0.052932 1.784033 0.571355 5.563229 -1.762855 -4.683512 -15.750265 1.482157 1.090593 -70.846735 -14.771257 17.735543 9.469066 -20.122119 -16.733796 -8.556329 -18.087068 -19.277630 15.338756 -5.965781 -1.445792 61.823820 -2.550276 4.067156 -7.827307 23.102583 -11.370583 9.787804 11.369067 -15.754765 
-19.399839 -140.355072 93.469009 179.779470 6.186128 86.434081 7.811741 -2.316247 7.775060 -6.155901 -5.040334 43.356981 -5.120160 12.056290 11.785313 nan nan nan 5.546465 2.496323 -15.766318 6.854291 -5.673877 17.125068 1.515230 -5.983481 4.200657 nan nan nan 0.897429 -4.313361 4.571810 6.915749 -3.724602 3.714704 2.198795 -2.442659 0.397345 -0.100964 1.758966 0.522883 5.420442 -2.080427 -4.961598 -15.642102 1.285957 1.101130 -70.972398 -14.095526 17.413803 9.450113 -19.934354 -16.269345 -7.883106 -17.889086 -19.568388 15.256192 -5.405615 -1.470244 61.892428 -2.774723 4.054066 -7.894874 23.638198 -11.424944 8.808055 11.289157 -16.047607 
-19.327770 -139.508163 93.577850 179.757540 6.236646 86.309198 8.129642 -2.332528 5.896576 -6.792714 -4.467719 46.003384 -5.989323 12.408041 11.976133 nan nan nan 5.792947 2.487695 -14.780870 6.779540 -5.489055 16.722100 1.439795 -6.005947 3.736417 nan nan nan 1.152674 -3.932349 4.756987 6.786708 -3.731964 3.619137 2.095056 -2.270959 0.561839 0.097477 1.740786 0.537523 5.232463 -2.498790 -5.125330 -15.642280 1.554237 1.029457 -71.011788 -13.660290 17.549560 9.381615 -19.600716 -16.065122 -7.791378 -17.525613 -19.896359 15.324762 -5.061350 -1.417003 61.758097 -2.720679 4.188692 -7.778185 24.054365 -11.568663 7.717335 11.112325 -16.362121 
-19.275970 -138.668488 93.702133 179.738399 6.164520 86.303296 8.205793 -2.461551 4.066470 -7.206774 -3.874241 47.997229 -6.150390 12.159603 11.366309 nan nan nan 5.884440 2.292388 -13.842061 6.752949 -5.269236 16.185998 1.510724 -5.852146 3.342631 nan nan nan 1.280889 -3.480178 4.851897 6.631001 -3.771972 3.681699 2.003064 -2.009463 0.425312 0.272263 1.628550 0.623687 5.133413 -2.827612 -5.203622 -15.763699 2.003654 0.823061 -71.108056 -13.222819 17.780611 9.521318 -19.008661 -16.077036 -8.285187 -17.458203 -19.805627 15.494493 -4.978857 -1.428308 61.541810 -2.642132 4.247580 -7.774290 24.464556 -11.770897 7.677189 11.162904 -16.283370 
-19.192999 -137.867722 93.834457 179.988884 6.138077 86.257941 8.399156 -2.784383 2.179891 -7.472905 -3.189683 49.921762 -6.128333 11.615036 10.391698 nan nan nan 6.026852 1.889845 -12.765126 6.745753 -5.025590 15.460329 1.631563 -5.765522 3.005194 nan nan nan 1.286611 -2.990381 5.255275 6.549381 -3.886816 3.444709 2.092278 -1.838447 0.379773 0.359689 1.512953 0.561525 5.057359 -3.158827 -5.288257 -15.830403 2.356098 0.618782 -71.341189 -12.901791 17.712900 9.646067 -18.268615 -16.190306 -8.743886 -17.566049 -19.353574 15.595777 -4.925287 -1.521716 61.281966 -2.592543 3.954651 -7.587347 24.976280 -11.924910 8.617277 11.358345 -15.746943 
-19.121277 -137.069717 93.976555 -179.815602 6.093998 86.212792 8.580345 -2.894523 0.291056 -7.698232 -2.601828 51.715887 -6.002408 10.952715 9.265302 nan nan nan 6.214578 1.475885 -11.704853 6.653778 -4.603729 14.760612 1.848941 -5.681267 2.717430 nan nan nan 1.339397 -2.484048 5.446189 6.471545 -4.004448 3.459210 2.110834 -1.773697 0.312556 0.403867 1.423603 0.608091 4.961580 -3.447707 -5.477967 -15.966530 2.478357 0.660697 -71.325902 -12.552237 17.325912 9.744171 -17.929269 -16.543124 -8.937922 -17.603738 -19.094790 15.604080 -4.558238 -1.432756 61.150686 -2.325081 3.812063 -7.533108 25.182932 -12.211091 9.279919 11.658553 -15.683071 
-19.070173 -136.253586 94.122032 -179.734519 5.900681 86.133198 8.489996 -2.852374 -1.453182 -7.911617 -2.225648 52.988223 -5.512532 9.868945 8.185552 nan nan nan 6.270671 1.147452 -10.705086 6.425027 -4.129273 14.276658 2.078101 -5.598753 2.246292 nan nan nan 1.343199 -2.014549 5.595828 6.302641 -4.041863 3.446387 2.029136 -1.683517 0.387984 0.477587 1.280445 0.493424 4.849433 -3.557713 -5.602450 -15.994104 2.667670 0.673459 -71.356102 -12.176640 16.924732 9.940761 -17.668311 -16.885999 -9.320593 -17.512604 -18.895258 15.688774 -4.274033 -1.328530 61.184142 -1.726461 3.977126 -7.900198 24.908765 -12.323764 9.846846 11.875611 -15.583875 
-19.014828 -135.429230 94.271461 -179.697292 5.750990 86.019665 8.462969 -2.744202 -3.058650 -8.066967 -1.842742 54.201513 -6.240483 9.782610 7.549986 nan nan nan 6.338948 1.066799 -9.638856 6.214786 -3.887911 13.729980 2.136770 -5.632097 1.748807 nan nan nan 1.385245 -1.582890 5.830776 6.136078 -3.952436 3.152930 1.932909 -1.515840 0.747014 0.571072 1.017601 0.384654 4.790807 -3.737009 -5.823570 -16.045172 2.959400 0.488482 -71.415561 -11.811136 16.737596 10.099101 -17.287719 -17.225218 -9.579158 -17.525784 -19.073793 15.950648 -4.266251 -1.704582 60.878162 -1.541157 4.178491 -7.710541 25.140323 -11.764614 10.121463 11.963476 -15.323054 
-18.953388 -134.652191 94.443665 -179.616959 5.506603 85.922149 8.245342 -2.783909 -4.734018 -8.187341 -1.512747 54.949293 -5.037345 9.331608 6.385496 nan nan nan 6.300974 0.887385 -8.478440 6.067506 -3.494520 12.905250 2.328402 -5.745282 1.504580 nan nan nan 1.235105 -1.033764 6.199957 6.016438 -3.947068 2.858716 1.917684 -1.377212 0.857872 0.599426 0.610955 0.474549 4.808337 -3.719536 -5.991197 -16.118971 3.114505 0.291858 -71.274834 -11.154112 16.489482 10.050022 -17.345969 -17.400236 -9.348698 -17.416633 -19.408044 15.957787 -4.232267 -2.071915 60.637609 -1.506787 4.680921 -7.252962 25.535211 -10.669632 10.100057 12.011177 -15.709276 
-18.917885 -133.893707 94.614334 -179.552348 5.268035 85.808778 8.078734 -2.843682 -6.295676 -8.064555 -0.943941 55.514269 -4.922097 9.514560 5.929956 nan nan nan 6.199212 0.653234 -7.206465 6.046673 -3.141445 11.877548 2.478436 -5.805193 1.327780 nan nan nan 1.236717 -0.491278 6.653023 5.810185 -3.957187 2.455798 1.835511 -1.351909 1.078124 0.590004 0.246270 0.451953 4.845196 -3.664582 -6.218438 -16.245071 3.473908 0.174540 -71.022012 -10.604288 16.280532 9.987640 -17.604130 -17.342176 -8.959398 -17.254893 -19.704931 15.995123 -4.039910 -2.178298 60.295516 -1.151800 5.269771 -6.891863 25.759367 -9.780829 10.096974 12.093254 -16.094298 
-18.883549 -133.153854 94.778152 -179.635326 4.977077 85.614586 7.853921 -2.770433 -7.688198 -7.936446 -0.365690 55.925259 -5.040257 9.545457 5.168528 nan nan nan 6.051379 0.448685 -5.905228 6.006250 -2.646774 10.922651 2.692885 -5.805683 1.092059 nan nan nan 1.283323 0.096778 7.251127 5.545842 -3.816153 2.016558 1.712478 -1.363882 1.312406 0.629097 0.038866 0.291411 4.826009 -3.867669 -6.315516 -16.283505 3.833068 0.074392 -70.803676 -10.109001 16.130350 10.004687 -17.795499 -17.145804 -8.938280 -17.136068 -19.687794 16.088695 -3.766107 -2.253210 60.034514 -0.814549 5.600322 -6.692111 26.002581 -9.535986 9.964702 11.991541 -16.253387 
-18.845129 -132.393723 94.945236 -179.802949 4.678352 85.463821 7.545596 -2.681259 -9.049515 -7.779826 0.207014 56.109856 -4.742274 9.465116 3.905222 nan nan nan 5.904591 0.178945 -4.722639 5.899492 -2.041830 10.108205 3.024810 -5.717379 0.829575 nan nan nan 1.250915 0.757149 7.675328 5.331564 -3.618640 1.756728 1.663081 -1.324218 1.448438 0.682245 -0.121609 0.159753 4.760288 -4.205025 -6.342189 -16.324978 4.167281 -0.105150 -70.644833 -9.587570 15.968210 9.914235 -17.874631 -17.005385 -9.002593 -17.265955 -19.560873 16.226335 -3.541337 -2.313006 59.706271 -0.467964 5.657149 -6.488933 26.219887 -9.610923 9.521908 12.042414 -15.992789 
-18.809731 -131.604858 95.116982 -179.935171 4.321822 85.403926 7.100596 -2.655385 -10.470223 -7.517981 0.766618 56.094728 -4.343159 9.551661 2.886614 nan nan nan 5.660855 -0.149639 -3.644625 5.798375 -1.527733 9.336880 3.527345 -5.584190 0.595129 nan nan nan 1.052215 1.375761 7.939992 5.204816 -3.523514 1.581196 1.643618 -1.130312 1.502275 0.607956 -0.476800 0.266223 4.917638 -4.413048 -6.502016 -16.307650 4.684760 -0.146720 -70.378422 -9.289597 15.872323 9.186698 -18.015407 -16.838942 -8.572857 -17.579366 -20.088430 16.268580 -3.629581 -2.313450 59.602812 0.134220 5.703123 -6.594486 26.253049 -9.631071 8.409440 12.203014 -15.431126 
-18.762426 -130.811050 95.298500 179.945557 3.983169 85.337646 6.678250 -2.626013 -11.754510 -7.201107 1.254343 55.780845 -4.102955 9.758522 1.949384 nan nan nan 5.447176 -0.544273 -2.470965 5.670014 -1.024900 8.393021 3.967743 -5.518474 0.398121 nan nan nan 0.874463 1.952181 8.168274 5.068735 -3.487496 1.387986 1.605870 -0.935280 1.585429 0.537372 -0.885149 0.564057 5.015942 -4.538581 -6.713547 -16.254382 5.251334 -0.114496 -69.984630 -8.971694 15.854598 8.377939 -18.363028 -16.699083 -8.642557 -17.513249 -20.471417 16.076882 -3.735464 -2.345349 59.757634 0.582351 6.131180 -6.579533 26.492299 -9.503367 8.442488 12.122912 -16.014994 
-18.711115 -130.046051 95.465858 179.672956 3.670138 85.357168 6.336841 -2.522382 -13.046894 -6.723903 1.801571 55.216290 -3.959842 9.953341 0.888849 nan nan nan 5.252475 -0.840256 -1.471535 5.499124 -0.592313 7.544341 4.248363 -5.323704 0.176163 nan nan nan 0.807032 2.562749 8.302344 4.875677 -3.352376 1.264635 1.498810 -0.768246 1.595021 0.627019 -1.098524 0.736029 4.966746 -4.799434 -6.774797 -16.152475 5.764039 -0.274866 -69.794806 -8.591052 15.892914 7.942302 -18.340534 -16.661341 -8.485750 -17.600024 -20.474710 15.963829 -3.681574 -2.432628 59.776202 0.982976 6.567556 -6.484692 26.574086 -9.532737 8.114617 12.370200 -16.488702 
-18.644236 -129.289169 95.603256 179.327293 3.442679 85.435459 6.141018 -2.446716 -14.351693 -6.235086 2.417674 54.435347 -3.826499 10.043914 0.106848 nan nan nan 5.208746 -0.883619 -0.599047 5.243689 -0.158208 6.800770 4.462072 -5.167353 -0.005137 nan nan nan 0.794216 3.088051 8.362116 4.667885 -3.166568 1.191459 1.416281 -0.530758 1.642668 0.844948 -1.096029 0.692094 4.851262 -5.207520 -6.780041 -15.997811 6.287045 -0.645091 -69.950767 -8.205281 15.783179 8.024438 -17.919903 -16.708252 -8.495417 -17.792303 -20.101059 15.874294 -3.433684 -2.371290 59.743029 1.450597 6.879366 -6.550741 26.609570 -9.633768 7.764996 12.625640 -16.502857 
-18.567053 -128.541977 95.720459 178.993083 3.223814 85.492656 5.978561 -2.361109 -15.579744 -5.704599 3.111987 53.488935 -3.766956 10.181483 -0.454116 nan nan nan 5.193661 -0.886933 0.284251 4.952204 0.196175 6.049808 4.725410 -5.034926 -0.180293 nan nan nan 0.792200 3.542603 8.502810 4.411112 -2.979862 1.062948 1.340372 -0.236289 1.749602 0.997931 -1.062347 0.717418 4.883451 -5.625807 -6.934379 -15.843535 6.787576 -0.943650 -70.067318 -7.749972 15.575660 8.266657 -17.796272 -16.579547 -8.870976 -17.894426 -19.680333 15.803436 -3.120414 -2.230442 59.758434 1.943097 7.122556 -6.732467 26.693193 -9.605638 7.611163 12.639041 -16.323394 
-18.523594 -127.764679 95.833824 178.628205 2.955693 85.540203 5.731589 -2.172501 -16.682441 -5.093961 3.837331 52.306818 -3.824913 10.286126 -1.172973 nan nan nan 5.062797 -1.049309 1.235814 4.701418 0.724901 5.233625 5.191384 -4.918245 -0.360708 nan nan nan 0.843444 4.096403 8.661310 4.131180 -2.773388 0.837865 1.218215 -0.043375 1.852682 1.075867 -1.313517 0.922955 4.907315 -5.865402 -7.084259 -15.855380 7.254721 -1.158119 -69.838922 -7.079605 15.445744 8.412289 -18.150289 -16.271084 -9.412304 -17.786597 -19.664652 15.717281 -3.073166 -2.270778 59.727946 2.405432 7.491699 -6.768861 26.802865 -9.313718 7.769210 12.481757 -16.453133 
-18.505857 -126.979218 95.944221 178.297736 2.640003 85.510452 5.430265 -2.075910 -17.584841 -4.459477 4.675673 50.870055 -3.948374 10.337175 -1.595454 nan nan nan 4.753957 -1.322329 2.279417 4.565098 1.310608 4.415782 5.566528 -4.707507 -0.501300 nan nan nan 0.984961 4.749275 8.953973 3.844663 -2.593265 0.637276 0.976414 0.056679 1.803769 1.202583 -1.520835 1.018333 4.769790 -6.050764 -7.013753 -15.725838 7.765859 -1.220748 -69.583943 -6.458363 15.515333 8.460070 -18.647002 -16.212749 -9.797033 -17.677262 -19.699256 15.644206 -3.256015 -2.331465 59.708294 2.891482 8.028950 -6.813443 26.934824 -9.310132 7.885062 12.366178 -16.580912 
-18.483442 -126.209961 96.048714 177.987842 2.348626 85.536881 5.110842 -2.128783 -18.482160 -3.811322 5.501514 49.270935 -3.999358 10.574816 -1.818795 nan nan nan 4.448166 -1.482632 3.260942 4.442486 1.745138 3.563839 5.830017 -4.448436 -0.639863 nan nan nan 1.082737 5.313184 9.091061 3.583142 -2.461066 0.589059 0.761596 0.218127 1.761852 1.339119 -1.734139 1.019449 4.664830 -6.295960 -6.919924 -15.512886 8.386712 -1.286212 -69.524193 -5.964623 15.565394 8.670447 -19.076547 -16.339138 -10.425489 -17.352358 -19.391804 15.605370 -3.353484 -2.234831 59.637024 3.529251 8.494678 -6.901312 27.077067 -9.565419 8.023655 12.295001 -16.454921 
-18.441795 -125.471558 96.126175 177.644544 2.081847 85.627728 4.835070 -2.124123 -19.414019 -3.313277 6.151728 47.576794 -3.933518 10.727253 -1.967316 nan nan nan 4.234235 -1.527440 4.085000 4.243798 2.160731 2.889135 6.047770 -4.202290 -0.820002 nan nan nan 1.030750 5.783280 9.116121 3.366439 -2.318974 0.670157 0.686458 0.442167 1.719190 1.425842 -1.935934 0.890825 4.603658 -6.648378 -6.851929 -15.297395 8.918965 -1.419715 -69.466967 -5.490238 15.506072 8.620747 -19.343611 -16.096847 -10.197632 -17.414845 -19.506230 15.484537 -3.227090 -2.135374 59.540835 4.123814 8.949294 -6.951686 27.278238 -9.555797 7.638195 12.559793 -16.602804 
-18.385967 -124.697037 96.185219 177.339506 1.824189 85.590702 4.517362 -2.099414 -20.090263 -2.832965 6.597058 45.692871 -3.887556 10.839976 -1.942262 nan nan nan 4.026725 -1.611911 5.039296 4.041575 2.446116 2.301827 6.312143 -4.049191 -1.135735 nan nan nan 1.010439 6.169419 9.293615 3.099388 -2.202240 0.682080 0.641677 0.683533 1.723395 1.413184 -1.960175 0.818720 4.549461 -6.892723 -6.918359 -15.248181 9.291270 -1.706140 -69.169463 -4.924742 15.410999 8.271245 -19.402577 -15.842605 -8.964797 -18.140954 -20.002055 15.332150 -2.970486 -2.119892 59.455402 4.581373 9.350579 -6.857241 27.411093 -9.394636 6.817889 13.066416 -16.964405 
-18.341169 -123.912621 96.222633 177.054390 1.556705 85.598329 4.186859 -2.124133 -20.777646 -2.381817 7.055091 43.666361 -3.918041 11.075667 -1.804892 nan nan nan 3.750206 -1.703614 5.915954 3.907683 2.687568 1.736765 6.666282 -3.887076 -1.449513 nan nan nan 1.092725 6.581137 9.386699 2.769379 -2.070223 0.621181 0.521352 0.958419 1.898985 1.334575 -2.058383 0.744789 4.572845 -7.068206 -7.054352 -15.249688 9.557720 -2.008868 -68.791791 -4.443376 15.340347 7.952537 -19.492704 -15.715943 -8.380477 -18.684259 -20.272040 15.258326 -2.839127 -2.324832 59.402983 4.975659 9.549639 -6.745738 27.485618 -9.467629 6.393662 13.275634 -17.170214 
-18.311453 -123.154381 96.247643 176.622059 1.357969 85.732187 3.970216 -2.117881 -21.574959 -1.996600 7.599149 41.559901 -3.961696 11.113817 -1.461795 nan nan nan 3.558932 -1.760543 6.571951 3.746700 3.091487 1.216504 7.034995 -3.574167 -1.516275 nan nan nan 1.265712 7.057388 9.365618 2.445432 -1.886524 0.714529 0.314915 1.286688 1.893444 1.390020 -2.200401 0.593303 4.598191 -7.391935 -7.052168 -15.128771 9.727531 -2.139296 -68.658925 -3.917247 15.189107 8.039138 -19.734127 -15.784414 -8.642774 -19.098261 -20.556523 15.290466 -2.738614 -2.451217 59.272418 5.461566 9.601655 -6.638372 27.615463 -9.618047 6.443445 13.342680 -17.130746 
-18.303148 -122.401276 96.266090 176.226972 1.202409 85.797511 3.745412 -2.084277 -22.146693 -1.573177 8.143846 39.219627 -3.834517 11.099564 -1.075352 nan nan nan 3.351123 -1.969148 7.274684 3.586473 3.506657 0.742470 7.340137 -3.190229 -1.672553 nan nan nan 1.462064 7.470999 9.476285 2.165552 -1.776550 0.899978 0.084911 1.598731 1.701977 1.518212 -2.213017 0.442733 4.677560 -7.737131 -7.005841 -14.956450 10.079097 -2.342912 -68.620453 -3.352769 15.125228 8.190251 -19.922508 -15.849236 -9.177645 -19.565436 -21.002106 15.383968 -2.705631 -2.515877 59.032809 6.078142 9.814263 -6.535952 27.772018 -9.673312 6.651499 13.393167 -16.924260 
-18.302637 -121.624146 96.253548 175.922772 1.062146 85.871606 3.460896 -2.035420 -22.628507 -1.121113 8.571667 36.742128 -3.679573 11.205359 -0.657341 nan nan nan 3.142250 -2.197734 7.962525 3.425193 3.912584 0.315975 7.706644 -2.852188 -1.988589 nan nan nan 1.670701 7.840155 9.527993 1.932621 -1.670699 1.078822 -0.123597 1.784560 1.540173 1.599407 -2.282312 0.106994 4.587573 -7.949122 -6.675389 -14.858206 10.557890 -2.511963 -68.531783 -2.907404 15.126199 8.224967 -20.062178 -15.874056 -9.504274 -19.550841 -21.370829 15.380166 -2.707497 -2.386028 58.875137 6.899090 10.126667 -6.463034 27.872622 -10.061165 6.436816 13.295024 -16.980277 
-18.305939 -120.830505 96.206406 175.588819 0.960712 85.996047 3.240384 -1.975990 -23.109119 -0.737975 9.054176 34.184157 -3.615380 11.322572 -0.138671 nan nan nan 2.997529 -2.331640 8.621296 3.300074 4.229682 -0.107273 7.816149 -2.546626 -2.057711 nan nan nan 1.897067 8.220239 9.456259 1.722967 -1.497812 1.275732 -0.268495 1.930127 1.402744 1.624382 -2.418674 -0.071291 4.311881 -8.010907 -6.506575 -14.849501 10.979800 -2.624612 -68.469806 -2.501297 15.045719 8.324115 -20.149179 -16.035249 -9.494008 -19.015575 -21.349409 15.184884 -2.670372 -2.334115 58.790911 7.548117 10.442043 -6.242600 28.036540 -10.489828 6.128646 13.254005 -16.959971 
-18.323709 -120.024368 96.137886 175.340237 0.877239 86.067720 3.031291 -2.028714 -23.491942 -0.453212 9.485517 31.589950 -3.602941 11.496095 0.296177 nan nan nan 2.834553 -2.464395 9.390953 3.254981 4.476788 -0.515536 7.702404 -2.321938 -2.372286 nan nan nan 2.157968 8.515522 9.474101 1.459918 -1.427249 1.317191 -0.402328 2.136592 1.442937 1.631740 -2.457036 -0.082049 4.186728 -8.060897 -6.728293 -14.834679 11.268044 -2.857384 -68.408702 -1.909421 14.784849 8.502407 -20.405407 -16.311531 -9.026434 -18.498648 -20.941912 15.079662 -2.413753 -2.379074 58.563713 7.942081 10.651931 -6.169835 28.274075 -10.733969 5.970443 13.418858 -16.772775 
-18.346794 -119.203835 96.049309 175.125995 0.804617 86.153866 2.783066 -2.104808 -23.822093 -0.246945 9.559822 28.866995 -3.509992 11.640697 0.721229 nan nan nan 2.645558 -2.554463 10.180162 3.233235 4.730128 -1.008299 7.581034 -2.157902 -2.766120 nan nan nan 2.385730 8.780655 9.431954 1.223960 -1.383500 1.496383 -0.553736 2.369186 1.402852 1.730854 -2.581507 -0.260965 4.034721 -8.207900 -6.789869 -14.777977 11.509830 -3.104015 -68.312368 -1.192263 14.599829 8.718036 -20.776799 -16.451621 -8.530615 -18.554461 -21.103965 14.969006 -2.035293 -2.508541 58.370460 8.219120 11.172163 -6.434226 28.372407 -10.810877 5.671095 13.688228 -17.153228 
-18.368589 -118.367455 95.950981 174.999567 0.816862 86.218988 2.551765 -2.151335 -24.055917 0.049091 9.491228 26.039543 -3.405886 11.516781 1.356868 nan nan nan 2.567209 -2.626791 11.033811 3.169403 4.956939 -1.600416 7.472428 -2.070599 -3.003268 nan nan nan 2.672544 9.010655 9.466179 1.062186 -1.382195 1.700474 -0.700301 2.467788 1.197021 1.814823 -2.690951 -0.423824 3.796296 -8.429745 -6.646608 -14.754740 11.801372 -3.356402 -68.228560 -0.384098 14.556182 9.026327 -20.912072 -16.594404 -8.664304 -19.242796 -22.034600 14.868705 -1.714113 -2.776813 58.310879 8.546498 11.959648 -6.865233 28.221540 -10.907137 5.716184 14.061808 -17.680792 
-18.400282 -117.512436 95.839470 174.884778 0.914369 86.233976 2.416974 -1.989802 -24.233381 0.271409 9.357394 23.333827 -3.572172 11.212735 1.884914 nan nan nan 2.571446 -2.804396 11.962110 3.048063 5.228368 -2.211935 7.595708 -2.044474 -3.240023 nan nan nan 3.076011 9.133195 9.600517 0.900235 -1.381196 1.757525 -0.808601 2.588886 1.034873 1.748325 -2.723085 -0.542517 3.586779 -8.615747 -6.466085 -14.730909 12.091971 -3.563390 -68.151601 0.396158 14.492617 9.047924 -20.948205 -16.619146 -8.187934 -19.672395 -22.989443 14.732619 -1.462345 -2.817942 58.097904 9.064462 12.344059 -6.636251 28.233797 -11.167687 5.002818 14.585963 -18.502275 
-18.421993 -116.677742 95.711304 174.681258 1.051139 86.195262 2.288305 -1.669311 -24.357604 0.437871 8.936210 20.730003 -3.782092 10.948704 2.247123 nan nan nan 2.585151 -2.973807 12.823865 2.981538 5.615093 -2.624311 7.780805 -1.979869 -3.527824 nan nan nan 3.526093 9.228386 9.885940 0.738697 -1.288018 1.641576 -0.859118 2.758195 0.994018 1.622974 -2.729876 -0.798166 3.289053 -8.672454 -6.217572 -14.790407 12.314210 -3.677160 -68.090211 1.028753 14.250347 9.062447 -21.049472 -16.834048 -7.413804 -19.578385 -23.470312 14.646647 -1.227116 -2.592450 57.670882 9.685941 12.312196 -6.207458 28.575384 -11.248830 3.947667 14.783670 -18.834911 
-18.432150 -115.852776 95.553085 174.386367 1.201817 86.230939 2.194438 -1.328133 -24.569985 0.552129 8.554258 18.201098 -3.848746 10.773200 2.540795 nan nan nan 2.673167 -3.021242 13.527202 2.848947 6.042938 -2.847488 7.711949 -1.837789 -3.973452 nan nan nan 3.920914 9.372244 10.036353 0.598365 -1.120709 1.561367 -0.901053 2.940510 0.990962 1.630149 -2.636883 -1.047971 2.857699 -8.602212 -6.193631 -14.820003 12.488993 -3.712234 -68.198912 1.615867 13.871989 9.495622 -21.148910 -17.174364 -7.535676 -19.403297 -23.688121 14.556575 -1.022002 -2.494643 57.395753 10.124756 12.322019 -6.417615 29.043923 -11.113915 4.047776 14.581933 -18.293800 
-18.411573 -114.995888 95.373024 174.154733 1.336323 86.309434 2.096721 -0.902497 -24.780759 0.587068 8.204273 15.671534 -3.957636 10.442512 2.762550 nan nan nan 2.810504 -3.095683 14.279206 2.618182 6.358554 -3.188348 7.710773 -1.696318 -4.390650 nan nan nan 4.135400 9.433730 9.987854 0.512045 -1.039710 1.697871 -0.928221 3.133024 0.909375 1.733992 -2.402417 -1.339986 2.438372 -8.627602 -6.244546 -14.749072 12.806529 -3.853264 -68.363484 2.285854 13.558034 9.919977 -21.225351 -17.263516 -7.631908 -19.414298 -24.233814 14.569080 -0.728118 -2.318829 57.052841 10.679325 12.490409 -6.596885 29.388707 -11.158231 4.095220 14.516444 -18.311854 
-18.400806 -114.108971 95.168213 173.962108 1.538081 86.342208 2.063180 -0.349765 -24.913815 0.642766 7.931659 13.213528 -4.231347 9.720631 3.010350 nan nan nan 2.995946 -3.216232 15.193646 2.363647 6.568487 -3.759249 7.861049 -1.499920 -4.668332 nan nan nan 4.394133 9.378331 10.102929 0.442608 -1.010907 1.688379 -0.927696 3.343129 0.818415 1.876386 -2.118172 -1.640509 2.047314 -8.814382 -6.151272 -14.724410 13.287589 -4.097228 -68.518087 2.986519 13.281206 10.183238 -21.195676 -17.510752 -7.367198 -19.457632 -24.529911 14.611622 -0.441084 -2.133653 56.683742 11.326325 12.717811 -6.569052 29.562813 -11.347158 3.374062 14.810050 -18.868026 
-18.431110 -113.204674 94.942047 173.793558 1.746272 86.308656 2.010730 0.178655 -24.993242 0.635367 7.476928 10.921890 -4.499578 9.055641 3.163926 nan nan nan 3.113307 -3.381662 16.181426 2.144360 6.761455 -4.310317 7.910209 -1.328795 -5.005275 nan nan nan 4.753256 9.373287 10.215657 0.370007 -0.949390 1.770625 -0.963433 3.486870 0.804369 2.011485 -2.001552 -1.991277 1.736416 -8.980308 -6.130473 -14.746956 13.610505 -4.293610 -68.750893 3.544968 12.981053 10.515406 -21.104627 -18.034184 -6.932623 -19.397766 -24.454907 14.676559 -0.202047 -2.216903 56.288277 11.829952 12.855175 -6.566450 29.783094 -11.463010 2.857997 15.058813 -18.812462 
-18.419426 -112.277435 94.692642 173.641635 1.926322 86.257571 1.903218 0.751107 -25.064196 0.617719 6.853477 8.800377 -4.577053 8.610288 3.378005 nan nan nan 3.259399 -3.548878 17.229830 1.814542 7.048149 -4.934557 7.858961 -1.341230 -5.420155 nan nan nan 5.010623 9.463166 10.185586 0.340179 -0.870137 1.964149 -0.974997 3.530929 0.867366 2.085282 -1.910492 -2.280042 1.514405 -8.965283 -6.148939 -14.675646 13.718161 -4.421294 -69.048849 4.079299 12.610757 10.939385 -21.018232 -18.529655 -6.500025 -19.061519 -24.543369 14.686503 0.026306 -2.424091 55.932457 12.282152 12.977734 -6.405068 30.029754 -11.518686 2.632940 15.102554 -18.902539 
-18.400499 -111.329498 94.421440 173.521193 2.022824 86.325999 1.671920 1.292584 -25.266925 0.760419 6.481365 6.870931 -4.713223 8.126018 3.718729 nan nan nan 3.318757 -3.691950 18.097058 1.555480 7.192167 -5.418559 7.801432 -1.265050 -5.789880 nan nan nan 5.063929 9.591017 9.947741 0.358835 -0.830732 2.131216 -0.936040 3.571133 0.983742 2.153402 -1.838012 -2.619346 1.247248 -8.958169 -6.042842 -14.433577 13.889908 -4.510657 -69.495431 4.502336 12.201402 11.379485 -20.686211 -19.043053 -6.515050 -18.743437 -24.525529 14.766783 0.188303 -2.438439 55.479989 12.925367 13.110878 -6.427927 30.211691 -11.401582 3.108762 15.020051 -18.322355 
-18.449305 -110.374741 94.127579 173.537716 2.061732 86.408664 1.330918 1.550303 -25.553251 1.022889 6.277410 5.229401 -5.096079 7.716786 4.078323 nan nan nan 3.172121 -3.876687 18.942164 1.541156 7.222864 -5.849028 7.700435 -1.094114 -6.047451 nan nan nan 5.151940 9.672014 9.787473 0.356990 -0.889586 2.185768 -0.925655 3.627078 1.079863 2.116589 -1.921984 -2.796719 1.103674 -8.987700 -6.038248 -14.287746 14.072691 -4.569196 -69.987420 4.818706 11.726887 11.904871 -20.075859 -19.636159 -7.078685 -18.649021 -24.501904 14.960542 0.392064 -2.465545 54.963153 13.508509 13.044650 -6.848559 30.322582 -11.343909 4.361832 14.935932 -16.694746 
-18.484167 -109.425400 93.818329 173.525841 2.165056 86.376190 1.117874 1.793011 -25.779736 1.191804 6.094032 3.865900 -5.464491 7.560634 4.347831 nan nan nan 3.168579 -4.059159 19.868050 1.398770 7.327704 -6.220319 7.515327 -1.035672 -6.364884 nan nan nan 5.358512 9.767338 9.859403 0.357920 -0.901687 2.139000 -0.904580 3.586651 1.155259 2.081515 -1.993950 -2.945706 0.893572 -8.922256 -6.016252 -14.260189 14.099509 -4.545504 -70.359166 5.214216 11.338871 12.328130 -19.643707 -20.105550 -7.003356 -18.574172 -24.725030 14.957424 0.664586 -2.583974 54.596151 13.966529 13.090594 -6.935997 30.418777 -11.288602 4.576177 15.019819 -16.152868 
-18.472334 -108.476616 93.502724 173.411849 2.227678 86.316975 0.964848 2.119075 -25.987627 1.286030 6.158874 2.876192 -5.471397 7.351562 4.463760 nan nan nan 3.219921 -4.228482 20.740359 1.080590 7.554826 -6.451277 7.301153 -0.974255 -6.677052 nan nan nan 5.476853 9.876731 10.036201 0.311633 -0.869276 2.030990 -0.860705 3.575416 1.227284 2.146278 -1.936661 -3.090512 0.680491 -8.938122 -6.096165 -14.196501 14.043862 -4.627587 -70.566821 5.820725 11.147424 12.808040 -19.396695 -20.276613 -7.474438 -18.223919 -24.599480 14.850210 0.978583 -2.714223 54.287501 14.296384 13.378848 -6.640028 30.672406 -11.043469 4.536660 15.015182 -16.184356 
-18.448769 -107.509987 93.187408 173.276206 2.258638 86.281530 0.846912 2.301669 -26.183493 1.355445 6.289151 2.061536 -5.426585 7.200703 4.550926 nan nan nan 3.194649 -4.415895 21.578476 0.854070 7.816223 -6.618890 7.184203 -0.898219 -7.020464 nan nan nan 5.501242 10.023808 10.170758 0.242564 -0.868966 1.917073 -0.815997 3.612746 1.327132 2.294048 -1.841304 -3.333303 0.543281 -8.961322 -6.160883 -14.045407 14.173794 -4.736501 -70.800066 6.257735 10.945093 13.421901 -19.004279 -20.191201 -9.365196 -17.772952 -24.131328 14.930280 1.136174 -2.744567 54.084287 14.813139 13.512842 -6.793291 30.866111 -11.066107 5.818983 14.837680 -15.614828 
-18.428614 -106.516380 92.869446 173.071405 2.282650 86.192745 0.824687 2.312846 -26.343530 1.465230 6.340950 1.630565 -5.353204 7.138097 4.477185 nan nan nan 3.065222 -4.554058 22.482104 0.742429 8.096764 -6.772048 7.168201 -0.837743 -7.458697 nan nan nan 5.489751 10.210049 10.333099 0.241033 -0.889881 1.831278 -0.775228 3.652624 1.412851 2.406526 -1.812649 -3.479091 0.421490 -8.815603 -6.299411 -13.895573 14.356493 -4.722554 -71.133588 6.474979 10.585781 13.712753 -18.542359 -20.560280 -10.157922 -17.263363 -24.178357 15.068380 1.280379 -2.735824 53.931423 15.337804 13.517486 -7.140278 31.084376 -11.232290 6.584991 14.554254 -15.089452 
-18.424936 -105.509911 92.558449 172.805178 2.259634 86.052446 0.856508 2.171884 -26.432590 1.561163 6.536551 1.529423 -5.226506 7.173230 4.214789 nan nan nan 2.825827 -4.691872 23.389590 0.628635 8.359269 -6.827600 7.172594 -0.731647 -7.984345 nan nan nan 5.494007 10.388089 10.611140 0.226682 -0.912314 1.699201 -0.772617 3.730478 1.466274 2.525669 -1.815837 -3.796789 0.267327 -8.702736 -6.214733 -13.921931 14.562977 -4.849159 -71.299856 6.635506 10.415583 13.444385 -17.865845 -21.153748 -8.936892 -17.526291 -24.956356 15.232638 1.422676 -2.822152 53.709654 15.758394 13.731477 -7.290969 31.262144 -11.307585 6.193673 14.740138 -15.027230 
-18.433283 -104.459442 92.267662 172.532821 2.189423 85.903492 0.907331 2.012940 -26.478085 1.509898 6.802476 1.681770 -5.037195 7.278130 3.916056 nan nan nan 2.393663 -4.921603 24.328776 0.620165 8.691573 -6.862338 7.163608 -0.537951 -8.435850 nan nan nan 5.473643 10.646877 10.720714 0.184850 -0.931849 1.714344 -0.774161 3.812772 1.554471 2.726133 -1.913493 -4.163231 0.109066 -8.650552 -6.051071 -14.082395 14.665949 -4.950839 -71.317692 6.643925 10.160107 13.290444 -17.069074 -21.713683 -8.226938 -17.714428 -25.139563 15.478411 1.527591 -2.796645 53.511585 16.208740 13.670657 -7.606290 31.439672 -11.543579 6.260109 14.799070 -14.457380 
-18.429329 -103.378372 92.007195 172.104282 2.165518 85.837683 1.111121 1.999986 -26.559106 1.382318 7.193785 2.078282 -4.930148 7.305731 3.654687 nan nan nan 1.900018 -5.174055 25.108356 0.704710 9.148740 -6.784274 7.274196 -0.250998 -8.773501 nan nan nan 5.482348 11.009166 10.556436 0.149678 -0.878572 1.962575 -0.814042 3.889791 1.561318 2.831542 -1.922609 -4.339337 0.112576 -8.553069 -6.008318 -14.238343 14.635633 -4.864354 -71.263997 6.717338 9.790022 13.666940 -16.590290 -22.025899 -8.916529 -17.015725 -24.414587 15.739023 1.554895 -2.706992 53.329389 16.662159 13.298143 -7.836532 31.717362 -11.733630 6.757584 14.472748 -13.436826 
-18.391977 -102.314400 91.758331 171.536489 2.212529 85.828111 1.606930 2.078030 -26.642746 1.011030 7.703547 2.660116 -4.893309 7.333418 3.488280 nan nan nan 1.570172 -5.306991 25.752510 0.696739 9.703651 -6.637423 7.317781 -0.035777 -9.091493 nan nan nan 5.463047 11.372085 10.370438 0.176413 -0.754021 2.266853 -0.861271 4.017428 1.398529 3.000504 -1.824594 -4.529376 -0.009758 -8.620995 -5.867883 -14.201440 14.738790 -4.818015 -71.301067 6.844730 9.730812 13.980838 -16.055854 -22.026919 -9.635048 -16.213874 -24.278369 15.921600 1.551162 -2.661920 53.272463 17.029450 13.286751 -8.086827 31.891380 -11.975309 6.839608 14.088480 -13.231298 
-18.334843 -101.255913 91.518433 171.030226 2.238584 85.821090 2.005804 2.058996 -26.825887 0.776077 8.104724 3.652993 -4.948124 7.500004 3.251153 nan nan nan 1.409516 -5.199961 26.455167 0.552305 10.122905 -6.632564 7.309122 0.067123 -9.283022 nan nan nan 5.265028 11.682235 10.223067 0.269640 -0.628856 2.514623 -0.803343 4.120736 1.185427 3.273839 -1.691340 -4.750723 -0.248488 -8.715022 -5.657592 -14.121661 15.007844 -4.859083 -71.279520 6.914371 9.918624 13.795316 -15.409195 -21.684732 -9.725364 -15.892392 -24.634930 16.017069 1.623415 -2.508139 53.267673 17.366958 13.565110 -8.437155 32.014027 -12.252716 6.357639 14.039924 -13.587731 
-18.299782 -100.179436 91.304436 170.534905 2.164966 85.867276 2.316438 1.978444 -27.026348 0.540633 8.767312 4.772651 -4.963945 7.717798 3.350328 nan nan nan 1.114770 -5.003802 27.027416 0.497446 10.295774 -6.489987 7.499826 0.363877 -9.357104 nan nan nan 4.991936 11.974601 10.015159 0.305568 -0.481467 2.711559 -0.737212 4.219292 1.033059 3.477128 -1.622764 -4.694311 -0.269759 -8.764049 -5.835936 -14.128257 15.221339 -4.970949 -71.246447 6.941645 10.012573 13.652299 -14.575309 -21.367719 -9.603510 -15.891510 -24.767460 16.096584 1.705926 -2.354850 53.340378 17.661320 13.692045 -8.727553 32.101424 -12.429687 6.257450 14.118207 -13.534987 
-18.302822 -99.071434 91.112282 170.103281 1.922458 86.099197 2.427978 1.756697 -27.356945 0.400407 9.572614 5.898513 -4.726539 7.773304 4.243658 nan nan nan 0.575876 -4.832571 27.273334 0.565228 10.363377 -6.110663 7.783362 0.728997 -9.451694 nan nan nan 4.563919 12.318853 9.545796 0.311390 -0.343624 3.022844 -0.706329 4.301066 0.742488 3.430975 -1.824383 -4.253883 0.024908 -8.624498 -6.273637 -14.193679 15.206898 -4.844755 -71.135745 6.942977 10.031105 13.551099 -13.766729 -21.133342 -9.202030 -15.973755 -25.006261 16.187946 1.632061 -2.261384 53.569553 17.848795 13.667190 -8.964224 32.163570 -12.609922 6.256968 14.261974 -13.331653 
-18.297602 -97.926804 90.947556 169.670472 1.706753 86.361448 2.477284 1.597883 -27.676464 0.402085 10.289266 7.007312 -4.341396 7.553747 5.666438 nan nan nan 0.085619 -4.698532 27.529161 0.535056 10.435421 -5.855257 8.157801 1.000812 -9.284980 nan nan nan 4.145967 12.651818 8.881212 0.326554 -0.256716 3.578624 -0.746829 4.370866 0.330509 3.543766 -1.900068 -3.831007 0.239501 -8.542758 -6.555732 -14.113594 15.144044 -4.747288 -71.104018 7.085633 10.143685 13.527101 -13.003762 -21.108164 -9.082541 -15.828828 -25.334071 16.277122 1.615581 -2.256494 53.831253 17.849881 14.010133 -9.189510 32.220611 -12.967575 6.204365 14.355429 -13.771181 
-18.266537 -96.768974 90.811737 169.123972 1.508973 86.615148 2.547776 1.556241 -27.881989 0.414783 10.999409 7.868951 -4.337330 7.418531 7.153603 nan nan nan -0.321074 -4.502430 27.729405 0.380944 10.516320 -5.523098 8.509192 1.259327 -9.026443 nan nan nan 3.752330 12.961862 8.233616 0.318473 -0.138336 4.104746 -0.788471 4.449708 -0.068506 3.783444 -1.820505 -3.438156 0.313603 -8.462400 -6.860840 -14.054220 15.104245 -4.707359 -71.058347 7.285687 10.329034 13.602980 -12.331835 -21.179484 -8.964966 -15.730456 -25.896768 16.275394 1.659487 -2.228923 54.247743 17.812956 14.536792 -9.507266 32.203280 -13.288029 5.837970 14.382888 -14.380886 
-18.258846 -95.590790 90.680183 168.554844 1.288105 86.666493 2.603821 1.699998 -27.958105 0.244701 11.724606 8.744971 -4.398106 7.239371 8.269051 nan nan nan -0.844913 -4.357436 28.033880 0.262532 10.634755 -4.985341 8.987423 1.551810 -8.752405 nan nan nan 3.409423 13.183869 7.948268 0.295738 -0.024880 4.188151 -0.803180 4.610102 -0.160188 3.975617 -1.851875 -2.997452 0.423063 -8.386990 -7.227776 -13.999633 15.165628 -4.486700 -71.048402 7.233681 10.382371 13.525179 -11.755480 -20.817738 -8.726253 -15.625380 -25.698847 16.182523 1.583522 -1.900855 54.827885 18.202906 14.550641 -9.879025 31.888956 -13.492845 5.473167 14.341636 -14.135772 
-18.252441 -94.395554 90.583801 168.079794 1.127304 86.652815 2.646045 1.873555 -28.002843 0.065828 12.209264 9.560426 -4.165558 7.159849 9.083459 nan nan nan -1.219841 -4.184301 28.316143 0.107419 10.765730 -4.306951 9.517615 1.735881 -8.461243 nan nan nan 3.140023 13.336555 7.781554 0.252863 0.056529 4.056366 -0.805338 4.697525 -0.084174 4.151730 -1.930259 -2.756998 0.617460 -8.417047 -7.345044 -13.906752 15.287256 -4.321684 -71.098649 7.208076 10.258331 13.445296 -11.224993 -20.559530 -8.840603 -15.578652 -25.258185 16.190771 1.535031 -1.634583 55.238493 18.544700 14.445952 -9.934480 31.599082 -13.624176 5.776520 14.446218 -13.918021 
-18.213396 -93.198257 90.568016 167.756519 0.895037 86.949456 2.589333 1.492197 -28.087124 -0.059916 12.348322 9.814436 -3.584316 7.615180 9.729386 nan nan nan -1.427233 -3.841994 28.157472 -0.042668 10.646772 -3.430855 10.076037 1.712546 -8.108428 nan nan nan 2.687730 13.588720 7.121089 0.224547 0.121008 4.397263 -0.854148 4.600899 -0.418635 4.419757 -1.972181 -2.603643 0.885855 -8.389673 -7.277160 -13.776156 15.359283 -4.358990 -71.045770 7.259002 10.223102 13.470251 -10.375170 -21.093864 -9.619649 -15.617970 -25.667500 16.322269 1.444031 -1.745643 55.699999 18.367078 14.773496 -9.975230 31.503485 -13.959391 6.273092 14.399937 -13.980345 
-18.219709 -91.985641 90.623772 167.603825 0.424922 87.310414 2.191590 1.306627 -28.305118 -0.331645 12.582658 10.364889 -2.964878 7.624260 10.124715 nan nan nan -1.997802 -3.595296 27.877493 -0.030679 10.391389 -2.450646 10.721103 1.757720 -7.572572 nan nan nan 2.000949 13.751696 6.269134 0.174210 0.128851 4.972955 -0.882260 4.509576 -0.943107 4.661669 -2.011080 -2.268016 1.061159 -8.339867 -7.267531 -13.831365 15.278188 -4.166321 -70.764703 7.386822 10.269523 13.448681 -10.040007 -20.770645 -9.987440 -15.558425 -24.898960 16.517374 1.298855 -1.602484 56.204750 18.159158 14.922545 -10.259791 31.555863 -14.137958 6.345472 14.436972 -13.735810 
-18.218699 -90.790268 90.671593 167.402351 0.167298 87.583285 1.979413 0.909211 -28.356532 -0.374558 12.551941 10.929551 -2.300829 7.768380 10.764844 nan nan nan -2.380682 -3.359943 27.519250 0.062774 10.214661 -1.207554 11.272644 1.683184 -7.049436 nan nan nan 1.562111 13.786577 5.569245 0.144517 0.094288 5.234635 -0.933485 4.562758 -1.138466 4.721515 -2.115545 -2.027258 1.392096 -8.207733 -7.223304 -13.689408 15.177405 -3.887445 -70.761585 7.310432 10.003440 13.569136 -9.676942 -20.836905 -9.905043 -15.298287 -24.985519 16.541473 1.224643 -1.361669 56.796469 18.047890 14.856840 -10.492155 31.620539 -14.227370 6.480664 14.424907 -13.478277 
-18.243067 -89.577621 90.739639 167.163801 -0.103991 87.768631 1.770776 0.641652 -28.301776 -0.486076 12.527298 11.747669 -1.885276 7.824134 11.438756 nan nan nan -2.820291 -3.134190 27.049277 0.174719 9.983543 0.401786 11.811537 1.660945 -6.491869 nan nan nan 1.193255 13.765361 4.966769 0.089100 0.077542 5.431115 -1.030742 4.637145 -1.241243 4.802314 -2.233184 -1.696937 1.802213 -8.008644 -7.440657 -13.459768 15.089204 -3.679311 -70.826456 7.272238 9.809367 13.497122 -9.407379 -20.950207 -9.459964 -15.314170 -25.674775 16.392105 1.198930 -1.188645 57.434262 17.946016 14.759851 -10.418667 31.505336 -14.321943 6.548313 14.603145 -13.596211 
-18.274202 -88.343201 90.836304 167.026852 -0.423208 87.864363 1.487653 0.493983 -28.135346 -0.703113 12.513982 12.724864 -1.723823 7.691176 11.841516 nan nan nan -3.187036 -2.860140 26.655203 0.189623 9.873839 2.021497 12.197268 1.594501 -5.732233 nan nan nan 0.851381 13.703364 4.499966 0.003962 0.104551 5.562004 -1.166252 4.629028 -1.332618 4.909553 -2.305842 -1.374541 2.187020 -7.925285 -7.670119 -13.232000 14.992360 -3.488032 -70.816497 7.371219 9.777502 13.321766 -9.493772 -20.887769 -8.692102 -15.262909 -26.350628 16.308900 1.155649 -1.018996 57.956197 17.731273 14.725188 -10.151153 31.495784 -14.252129 5.987963 14.740079 -13.922522 
-18.290010 -87.115234 90.959511 166.913350 -0.659431 87.977984 1.302513 0.172308 -27.866905 -0.958266 12.308999 13.517714 -1.626316 7.591479 12.063235 nan nan nan -3.358524 -2.459833 26.117066 0.226190 9.840421 3.782918 12.330789 1.454793 -4.849830 nan nan nan 0.633199 13.567359 4.089548 -0.062995 0.153770 5.682928 -1.318825 4.590881 -1.557551 4.942195 -2.406511 -0.951873 2.370354 -7.883820 -7.788079 -13.159862 14.958634 -3.315297 -70.706873 7.497654 9.838797 13.459750 -9.622030 -20.820552 -8.632739 -14.805419 -26.418309 16.222938 1.061833 -0.903561 58.554007 17.382875 14.975416 -10.063813 31.570410 -13.932325 5.632636 14.669225 -14.242518 
-18.298918 -85.900139 91.095940 166.850979 -0.878695 88.024325 1.148334 -0.039278 -27.546811 -1.400607 12.093521 14.295773 -1.345622 7.463032 11.824688 nan nan nan -3.597243 -2.175456 25.463398 0.415973 9.661193 5.880230 12.449348 1.284562 -3.912552 nan nan nan 0.342227 13.394116 3.766094 -0.063193 0.202827 5.755666 -1.381212 4.527359 -1.722566 5.112757 -2.500469 -0.720277 2.226911 -7.675226 -7.565985 -13.094441 14.924027 -3.129838 -70.722711 7.483967 9.868816 13.526596 -9.662255 -20.896757 -7.979373 -14.503155 -26.442363 16.032646 0.868486 -0.821636 59.138042 17.048793 15.200130 -9.765308 31.821864 -13.388158 4.995658 14.645768 -14.704086 
-18.309219 -84.689743 91.223473 166.896875 -1.063632 87.973523 0.982142 -0.175035 -27.254970 -1.837694 11.972786 15.253895 -0.840019 7.286140 11.278324 nan nan nan -3.854219 -2.009312 24.791046 0.713335 9.409843 8.228831 12.552970 1.097444 -3.040499 nan nan nan 0.083062 13.163059 3.579998 -0.057305 0.213551 5.599295 -1.387223 4.444946 -1.593155 5.152652 -2.425968 -0.255176 2.598976 -7.475439 -8.176040 -12.923560 14.801573 -2.940601 -70.853445 7.336983 9.638813 13.027731 -9.633910 -21.256016 -6.140586 -14.962473 -26.978291 15.822968 0.753535 -0.728490 59.592593 16.736464 15.036103 -9.014928 32.079064 -12.570426 4.131210 15.130259 -15.398937 
-18.305040 -83.505333 91.326591 166.968089 -1.178568 87.972768 0.924124 -0.694770 -27.029692 -2.132631 11.934916 16.193265 -0.062815 7.519751 10.652543 nan nan nan -3.999121 -1.827304 23.947080 1.081272 9.247724 10.780116 12.677838 0.838875 -2.295270 nan nan nan -0.063495 12.917966 3.485293 -0.059653 0.131907 5.258352 -1.472699 4.336798 -1.434282 5.098252 -2.515889 -0.216821 2.944826 -7.308158 -8.045444 -12.849863 14.759560 -2.760414 -70.762598 7.357033 9.528777 12.769784 -10.040800 -21.131655 -5.931717 -15.142281 -26.970247 15.860238 0.655799 -0.676261 59.901772 16.390907 15.019761 -8.430565 32.246520 -11.887774 4.578326 15.314578 -15.747367 
-18.343546 -82.314201 91.434349 167.179104 -1.406191 87.926735 0.569182 -0.752535 -26.871729 -2.469962 11.764823 17.446127 0.546855 7.591059 9.684321 nan nan nan -4.307741 -1.746331 23.057461 1.467793 8.923254 13.489949 12.770771 0.616638 -1.471074 nan nan nan -0.288860 12.566283 3.469721 -0.041914 0.026974 4.900764 -1.583029 4.237440 -1.327138 5.106566 -2.594578 -0.287714 3.069793 -7.178857 -7.679984 -12.746597 14.780437 -2.510739 -70.722901 7.193946 9.438261 12.442240 -10.398748 -21.125164 -5.609901 -15.065622 -27.082942 15.972698 0.440686 -0.614892 60.085415 15.948350 15.039189 -7.890824 32.669824 -10.991279 4.670011 15.076879 -15.957172 
-18.369013 -81.148567 91.545128 167.355370 -1.577988 87.821570 0.305562 -1.106108 -26.493268 -2.768498 11.490355 18.464120 1.142373 8.021164 8.536382 nan nan nan -4.527938 -1.613794 22.084570 1.865589 8.445777 16.311054 12.609045 0.266274 -0.212701 nan nan nan -0.513141 12.211966 3.432067 0.082411 -0.023389 4.805713 -1.636492 4.124507 -1.321488 5.079701 -2.710163 -0.366707 2.988612 -6.787241 -7.553465 -12.769422 14.723226 -2.364132 -70.701032 6.942364 9.465267 12.313814 -10.633182 -21.344628 -5.080365 -14.877911 -27.787013 15.912199 0.198060 -0.613052 60.254467 15.543292 15.133367 -7.211242 33.159691 -10.047565 4.339622 14.773797 -16.180069 
-18.381128 -80.019707 91.644669 167.446981 -1.687960 87.626095 0.152358 -1.631581 -25.835763 -3.043066 11.279205 19.120076 1.681593 8.649850 7.389142 nan nan nan -4.728410 -1.397705 21.065083 2.315164 7.961341 19.199333 12.326572 0.047350 1.279973 nan nan nan -0.666659 11.788938 3.470927 0.197196 -0.075731 4.806664 -1.646021 4.106903 -1.291560 5.050460 -2.758699 -0.347413 2.906496 -6.309886 -7.568040 -12.823120 14.408804 -2.285963 -70.786904 6.796423 9.497659 12.412962 -10.806029 -21.511313 -4.989989 -14.980096 -28.620165 15.701224 0.268982 -0.572010 60.440130 15.177615 15.177258 -6.601381 33.444501 -9.253393 4.607286 14.693838 -16.413526 
-18.395126 -78.917343 91.747482 167.614220 -1.844881 87.455527 -0.089943 -2.098025 -25.111901 -3.290563 11.177607 19.552933 2.082970 9.087285 6.438160 nan nan nan -5.057743 -1.292564 19.874661 2.766839 7.502189 22.200143 11.862658 -0.054361 2.881861 nan nan nan -0.895873 11.332630 3.475497 0.288466 -0.179574 4.702792 -1.614775 4.088933 -1.065817 5.051577 -2.835568 -0.425038 2.877269 -5.923376 -7.484490 -12.883568 13.976400 -2.197065 -70.871992 6.539309 9.497131 12.485337 -11.027467 -21.783175 -5.510680 -14.857589 -28.721280 15.578597 0.506594 -0.531789 60.593319 14.840677 15.142591 -6.354388 33.563611 -8.939931 5.325782 14.600858 -16.121287 
-18.414005 -77.845528 91.858437 167.765788 -2.140573 87.248677 -0.539179 -2.509638 -24.270897 -3.450818 11.195188 19.784914 2.449094 9.381310 5.606902 nan nan nan -5.532375 -1.344859 18.606385 3.048451 7.183563 25.220585 10.990761 -0.175624 4.593057 nan nan nan -1.154940 10.990612 3.757112 0.312633 -0.207228 4.431796 -1.720893 3.852243 -0.832081 5.304695 -2.873130 -0.842639 2.772695 -5.684144 -7.097976 -12.872479 13.870978 -2.248712 -70.944354 6.108021 9.684094 12.692066 -11.290582 -22.039799 -6.317032 -14.319686 -28.308244 15.769519 0.412409 -0.548939 60.780157 14.712636 15.275673 -6.313064 33.627297 -8.965019 6.134776 14.303896 -15.317225 
-18.400501 -76.781738 91.984062 167.797204 -2.480023 87.016732 -1.037530 -3.117375 -23.234327 -3.545103 11.136839 19.657368 2.939281 9.892354 5.048476 nan nan nan -5.938259 -1.322801 17.351013 3.156466 6.853934 27.998824 10.025622 -0.373998 6.678629 nan nan nan -1.273532 10.793041 4.261207 0.215050 -0.100237 4.065876 -2.029203 3.751892 -0.669200 5.426351 -2.878242 -1.126882 3.110718 -5.791085 -6.856966 -12.741037 13.368430 -2.270010 -70.884040 5.627911 9.936943 12.769085 -11.308620 -21.556042 -6.985336 -14.621579 -28.407270 16.008026 0.162030 -0.943892 61.280735 14.175653 15.075896 -6.262519 33.553046 -8.824183 7.404927 14.269845 -14.484709 
-18.368587 -75.725029 92.117714 167.803616 -2.738916 86.878854 -1.424102 -3.625392 -22.241200 -3.663697 11.082603 19.417990 3.269529 10.289638 4.488155 nan nan nan -6.182241 -1.212351 15.911728 3.101506 6.258189 30.620427 9.437865 -0.562557 9.336035 nan nan nan -1.512326 10.467593 4.505392 0.234507 -0.025752 3.810547 -2.157879 3.643690 -0.450518 5.425586 -2.785382 -1.187617 3.473453 -5.753879 -6.713316 -12.881022 13.024390 -2.500084 -70.648900 5.256410 10.253959 12.586202 -11.352074 -21.089517 -7.073686 -15.212391 -28.474263 16.299853 -0.059522 -1.219596 61.444122 13.923900 14.920752 -5.894985 33.393143 -8.532420 8.289615 14.394000 -13.834420 
-18.376619 -74.706871 92.270241 168.110430 -2.934992 86.889952 -1.947034 -3.748233 -21.518004 -3.794986 10.656713 19.331850 3.439240 10.506423 3.930847 nan nan nan -6.358129 -1.162970 14.313901 3.130823 5.511279 33.093109 8.892586 -0.833937 12.124143 nan nan nan -1.779917 9.934780 4.380287 0.373017 -0.081170 3.893955 -2.138353 3.539862 -0.417656 5.177547 -2.930208 -0.864496 3.621440 -5.090534 -7.053663 -13.258357 12.378366 -2.438913 -70.309550 4.960032 10.501386 12.239940 -11.909294 -20.828880 -6.390132 -15.294438 -28.877294 16.283738 -0.184386 -1.240878 61.368225 13.619351 14.636405 -5.094929 33.643607 -7.973626 8.025672 14.235700 -13.834940 
-18.385590 -73.706268 92.436676 168.479379 -3.187502 86.792501 -2.627241 -4.039771 -20.583295 -3.787226 10.207154 19.083045 3.718418 10.840208 3.377456 nan nan nan -6.625814 -1.119469 12.804522 3.242229 4.873350 35.561455 8.367112 -1.159289 14.383686 nan nan nan -2.077722 9.409771 4.402166 0.477936 -0.172896 3.974963 -2.172798 3.428589 -0.387353 4.994480 -3.127060 -0.841528 3.793124 -4.607595 -7.069808 -13.510824 11.915860 -2.483607 -70.063879 4.390282 10.767781 11.914890 -12.198616 -20.947990 -5.943946 -15.469023 -28.981349 16.376565 -0.351095 -1.395764 61.306913 13.235395 14.555282 -4.472852 33.794678 -7.604725 7.959921 14.217622 -13.692820 
-18.355436 -72.735214 92.602600 168.615179 -3.409386 86.696225 -3.200091 -4.412421 -19.506631 -3.775496 9.901747 18.588253 4.026039 11.281909 2.846024 nan nan nan -6.806357 -0.954447 11.143633 3.423504 4.601812 38.242154 8.374363 -1.525548 15.338955 nan nan nan -2.302655 9.016201 4.505559 0.479303 -0.147460 3.916807 -2.239349 3.306992 -0.312044 4.900009 -3.203950 -0.933707 4.009776 -4.206494 -6.870954 -13.634428 11.477667 -2.604150 -69.903727 3.735861 10.924052 11.719117 -12.282089 -21.294201 -5.980500 -15.535742 -28.957019 16.502418 -0.537053 -1.514644 61.438117 12.917900 14.399381 -4.083421 33.732992 -7.368607 8.384368 14.244038 -13.308369 
-18.322113 -71.820343 92.783646 168.605743 -3.563910 86.688689 -3.671546 -4.500713 -18.538254 -3.796775 9.554976 18.090735 4.121110 11.625643 2.364838 nan nan nan -6.835730 -0.653545 9.300206 3.757063 4.523632 41.036512 8.600504 -1.802575 14.831429 nan nan nan -2.421229 8.602186 4.538108 0.433292 -0.074838 3.896387 -2.251865 3.265766 -0.310616 4.829441 -3.302004 -0.870719 4.142352 -3.713604 -6.696086 -13.775990 10.954923 -2.628378 -69.774404 3.122866 11.047795 11.660969 -12.491977 -21.331056 -5.953225 -15.453962 -28.860245 16.424156 -0.621328 -1.438401 61.769012 12.622247 14.209871 -4.015089 33.610782 -7.171362 8.550270 14.278940 -13.227576 
-18.288084 -70.917206 92.978844 168.680843 -3.751421 86.710820 -4.175244 -4.427781 -17.623421 -3.858601 9.201896 17.625449 4.127431 11.813513 1.894806 nan nan nan -6.824653 -0.310920 7.562436 4.117915 4.398732 43.510807 8.492390 -1.923651 13.605115 nan nan nan -2.625799 8.111917 4.417563 0.377646 -0.031222 4.063969 -2.203908 3.197684 -0.361108 4.582811 -3.396309 -0.622116 4.333133 -3.445384 -6.909895 -13.980961 10.358644 -2.786520 -69.573138 2.657576 11.268758 11.770141 -12.833273 -21.241766 -5.453619 -15.353265 -28.360037 16.420207 -0.553629 -1.411137 62.000391 12.177521 14.159947 -4.094130 33.508451 -7.060319 8.289420 14.208510 -13.374800 
-18.261520 -70.011391 93.188614 168.783712 -3.955208 86.721642 -4.704339 -4.312880 -16.649921 -3.886684 8.908865 17.078203 4.077921 11.869463 1.546847 nan nan nan -6.843282 0.068799 5.923372 4.285638 4.102320 45.601560 8.413715 -1.834576 12.310299 nan nan nan -2.773100 7.584301 4.372301 0.277570 0.013138 4.224648 -2.214885 3.117484 -0.512925 4.235765 -3.377401 -0.398882 4.663893 -3.149676 -6.998798 -14.308606 9.687414 -2.980581 -69.097137 2.258858 11.732139 11.808009 -13.143680 -21.211068 -5.184398 -15.461220 -27.925815 16.493874 -0.530817 -1.396135 62.207593 11.671751 14.186126 -4.224609 33.412970 -7.103868 8.148428 14.118569 -13.490689 
-18.242886 -69.148483 93.408844 168.846749 -4.055039 86.751015 -5.147853 -4.273094 -15.665232 -3.836716 8.579251 16.391725 3.969678 12.011635 1.260757 nan nan nan -6.812119 0.439322 4.150541 4.348145 3.695252 47.584528 8.472521 -1.669703 10.907145 nan nan nan -2.761868 6.994170 4.464021 0.129751 0.021937 4.297330 -2.238410 3.041818 -0.743538 3.885157 -3.220224 -0.072203 5.067607 -2.856899 -7.104714 -14.737736 9.129268 -3.320122 -68.953152 1.772436 12.057808 12.588052 -12.955668 -21.662427 -5.846340 -15.596168 -27.124537 16.517566 -0.497590 -1.347792 62.539242 11.283168 14.147514 -4.479666 33.124101 -7.367736 8.402773 14.138394 -13.491860 
-18.207417 -68.301880 93.631538 168.881405 -4.020753 86.741642 -5.430376 -4.402383 -14.604806 -3.785615 8.224092 15.601863 3.867368 12.375823 0.971457 nan nan nan -6.614983 0.805577 2.409923 4.463944 3.372947 49.395409 8.560766 -1.559285 9.397813 nan nan nan -2.722405 6.405628 4.579475 0.061714 -0.026336 4.362727 -2.165770 3.024343 -0.924669 3.532981 -3.010833 0.239152 5.432307 -2.522679 -7.222172 -15.073266 8.638654 -3.576354 -68.632120 1.296396 12.310310 12.707070 -13.204889 -21.976350 -5.575295 -15.856685 -26.401947 16.517711 -0.463738 -1.328755 62.643039 10.872008 14.153471 -4.433673 32.964981 -7.308821 8.344076 14.344206 -13.621162 
-18.163177 -67.445992 93.851166 168.846064 -3.928650 86.595471 -5.642754 -4.344346 -13.410311 -3.716705 7.875478 14.883672 3.647046 12.633680 0.643780 nan nan nan -6.329639 1.174309 0.947735 4.595617 3.151677 50.818436 8.337483 -1.480097 7.880532 nan nan nan -2.518349 5.935466 4.832274 -0.019696 0.049917 4.313007 -2.158916 2.945325 -0.915304 3.372240 -2.822769 0.448426 5.625943 -2.176873 -7.250150 -15.393408 8.244851 -3.793417 -68.311431 0.544019 12.566987 12.733254 -13.430789 -22.285214 -4.839829 -16.095946 -25.746232 16.538160 -0.589811 -1.363733 62.726142 10.428923 14.205662 -4.304482 32.903419 -7.158767 8.106891 14.559080 -14.141027 
-18.123951 -66.588715 94.068214 168.920346 -3.820339 86.360538 -5.937689 -3.895437 -12.164155 -3.579094 7.198676 14.254210 3.404004 12.712242 0.343019 nan nan nan -6.037141 1.424623 -0.310358 4.634771 2.927161 51.867589 7.879837 -1.628019 6.361297 nan nan nan -2.242097 5.460517 5.146597 -0.096870 0.069895 4.302289 -2.228190 2.836839 -0.926942 3.173635 -2.675134 0.664722 5.854552 -1.912178 -7.155742 -15.703949 7.751278 -3.925862 -67.820304 -0.164378 13.014049 12.477157 -13.864803 -22.424859 -4.223354 -16.497610 -26.348717 16.481285 -0.654716 -1.452770 62.977970 9.886946 14.304364 -4.122514 32.703692 -7.320295 6.747871 14.915832 -15.617887 
-18.110861 -65.725441 94.293732 169.093570 -3.689890 86.252880 -6.207317 -3.556389 -11.049998 -3.471519 6.422973 13.592284 3.223256 12.886175 0.070781 nan nan nan -5.793373 1.629442 -1.663253 4.661905 2.616358 52.643576 7.429223 -1.760345 4.966434 nan nan nan -2.034255 4.912373 5.214339 -0.105305 -0.024598 4.431546 -2.216140 2.779938 -1.017385 2.777846 -2.545016 1.008658 6.139253 -1.585095 -7.234398 -16.039731 7.241334 -3.932031 -67.296515 -0.817420 13.331288 12.243130 -14.472502 -22.305148 -3.700810 -16.788421 -26.955617 16.381312 -0.736193 -1.448247 63.160278 9.347826 14.234231 -4.066370 32.602738 -7.231451 5.562353 15.144902 -16.429626 
-18.097961 -64.882660 94.513985 169.253145 -3.509663 86.284015 -6.332440 -3.425670 -10.127346 -3.391655 5.889550 12.983236 3.083892 13.105380 -0.225147 nan nan nan -5.538258 1.829946 -3.185842 4.664867 2.256623 53.250444 7.073499 -1.750626 3.773189 nan nan nan -1.828337 4.393589 5.150822 -0.095845 -0.094984 4.462820 -2.184573 2.673742 -1.015696 2.482422 -2.346278 1.227442 6.364325 -1.300635 -7.165503 -16.347057 6.795611 -4.025643 -66.951868 -1.482264 13.513072 12.427017 -14.934055 -22.471186 -3.322950 -17.074439 -27.024995 16.423384 -0.874467 -1.499085 63.259430 8.781932 14.147520 -4.415958 32.568393 -6.964017 5.284008 15.213244 -16.253281 
-18.040705 -64.073341 94.712044 169.522398 -3.259537 86.254222 -6.384960 -3.513200 -9.119914 -3.234566 5.328597 12.280533 2.959495 13.435463 -0.521641 nan nan nan -5.192682 1.855780 -4.631719 4.611521 1.880057 53.693317 6.615561 -1.954495 2.640509 nan nan nan -1.545080 3.963353 5.374568 -0.077703 -0.167889 4.166354 -2.211272 2.398390 -0.901493 2.310703 -2.242516 1.284758 6.588781 -1.078258 -6.812188 -16.455909 6.429311 -4.068253 -66.641376 -2.296141 13.749123 12.412170 -15.384620 -22.826438 -2.670907 -17.428352 -27.336304 16.515919 -1.081560 -1.652771 63.381182 8.206350 14.174769 -4.640133 32.451560 -6.922204 4.992056 15.309120 -16.420773 
-17.999138 -63.219173 94.905746 169.926128 -2.986569 85.900772 -6.438717 -2.908016 -7.857578 -3.087941 4.576622 11.808228 2.522903 13.224681 -0.917102 nan nan nan -4.807412 1.784883 -5.560652 4.376281 1.489564 53.802036 6.256105 -2.148453 1.474747 nan nan nan -1.132048 3.463677 5.995464 -0.096271 -0.237121 3.716763 -2.264162 2.120605 -0.646586 2.280157 -2.023703 1.379423 6.637214 -1.068074 -6.701734 -16.474276 6.119560 -4.113805 -66.360099 -3.326964 13.884177 12.231463 -15.820706 -23.044672 -1.679061 -17.459403 -26.759218 16.459864 -1.348837 -1.792625 63.554834 7.661689 13.964146 -4.520868 32.401400 -6.797967 4.425803 15.437783 -16.825438 
-17.952362 -62.387100 95.109604 170.287501 -2.672918 85.717140 -6.445157 -2.731811 -6.708332 -2.915423 3.858183 11.182572 2.199344 13.373424 -1.227921 nan nan nan -4.316762 1.904178 -6.626339 4.057992 1.027150 53.655655 6.090845 -2.433391 0.505645 nan nan nan -0.849404 2.928792 6.189005 -0.039192 -0.370259 3.681658 -2.201141 1.942382 -0.499527 2.114458 -1.816374 1.476991 6.771934 -0.862157 -6.664273 -16.611722 5.746980 -4.221641 -66.088904 -4.248023 13.949600 12.371035 -16.340950 -23.104937 -0.876825 -17.256881 -25.534806 16.383363 -1.503167 -1.934516 63.647860 7.141381 13.642773 -4.384805 32.368680 -6.614944 3.967313 15.460680 -16.678876 
-17.938034 -61.590038 95.291718 170.590878 -2.448993 85.754765 -6.516388 -2.744587 -5.837032 -2.763613 3.232971 10.558601 1.994158 13.664756 -1.451689 nan nan nan -3.988275 2.023418 -7.951822 3.850942 0.647481 53.335231 5.796464 -2.818592 -0.295784 nan nan nan -0.605037 2.410008 6.208070 -0.008067 -0.511280 3.782471 -2.165368 1.732029 -0.599739 1.904244 -1.631128 1.564378 6.880780 -0.438327 -6.531790 -16.802597 5.408164 -4.262942 -65.732739 -4.992857 14.006507 12.635012 -17.039454 -23.166067 -0.641100 -17.061972 -24.752609 16.201723 -1.611552 -1.927739 63.808540 6.636311 13.482304 -4.389883 32.354283 -6.572780 3.838733 15.437310 -16.896128 
-17.963259 -60.788551 95.444290 170.944832 -2.315559 85.767102 -6.726840 -2.658579 -4.981058 -2.538458 2.766978 9.978614 1.811184 13.901541 -1.605334 nan nan nan -3.886412 1.971084 -9.248689 3.707073 0.276344 52.920566 5.423388 -3.225709 -1.108407 nan nan nan -0.372557 1.924174 6.431138 0.004607 -0.616268 3.581336 -2.102983 1.448341 -0.572642 1.592312 -1.645198 1.640937 6.919014 0.013930 -6.333291 -17.049695 5.196445 -4.385722 -65.473672 -5.868624 14.076962 12.822976 -17.435353 -23.574910 -0.704024 -16.901972 -24.725491 15.890786 -1.901535 -1.919237 64.008489 6.170605 13.381801 -4.330724 32.390791 -6.384916 4.202459 15.242330 -17.044906 
-17.975163 -59.946964 95.612068 171.367373 -2.035268 85.677713 -6.782840 -2.355659 -3.963557 -2.279114 2.025721 9.393870 1.483993 13.915441 -1.823030 nan nan nan -3.624296 1.892900 -10.280672 3.538665 -0.133379 52.185536 5.270361 -3.636362 -1.633786 nan nan nan -0.089754 1.348672 6.594376 0.102440 -0.758449 3.423406 -1.956316 1.243083 -0.437180 1.182222 -1.638624 1.902600 7.012923 0.356622 -6.364410 -17.393912 4.845831 -4.520540 -65.201387 -6.692358 14.095698 12.914626 -17.840286 -24.050135 -0.205584 -16.785651 -24.346184 15.527879 -2.131141 -1.915263 64.074888 5.712531 13.033734 -3.984005 32.382320 -5.969885 4.148911 15.144950 -16.864187 
-17.934742 -59.085110 95.774559 171.871718 -1.547300 85.559837 -6.490505 -1.902278 -2.850369 -2.120453 0.933464 8.722683 1.178226 13.748183 -2.240397 nan nan nan -3.052476 1.817901 -11.106928 3.207686 -0.615037 51.076843 5.402391 -4.151582 -1.774891 nan nan nan 0.131832 0.713676 6.496073 0.362925 -0.985911 3.518498 -1.684805 1.097521 -0.256731 0.882878 -1.424284 2.068071 7.061231 0.534205 -6.256352 -17.656568 4.435648 -4.586632 -64.986993 -7.400863 14.030611 12.982707 -18.717250 -24.253182 -0.216457 -16.934723 -23.602182 15.172223 -2.180269 -1.922219 64.002733 5.178364 12.573959 -3.672574 32.370466 -5.542339 4.197825 15.168676 -16.841683 
-17.895422 -58.309795 95.936142 172.446170 -1.348434 85.828376 -6.484628 -2.009974 -2.243958 -1.961968 0.550311 8.036158 0.899092 13.812469 -2.530312 nan nan nan -2.888882 1.787118 -12.454289 2.889900 -1.326234 50.048861 5.550698 -4.599031 -1.996490 nan nan nan 0.212074 0.288617 6.358970 0.503707 -1.234939 3.523468 -1.656379 0.743688 -0.508091 0.751860 -1.145265 2.114188 7.277793 0.640689 -5.871592 -17.655577 4.411724 -4.586173 -64.664468 -8.358046 14.162665 12.877761 -19.349917 -24.557419 -2.904323 -17.649975 -23.473479 15.164240 -2.513849 -1.887687 64.058207 4.659631 12.461361 -3.875767 32.180940 -5.791337 5.793407 15.091006 -16.612838 
-17.842594 -57.545021 96.083786 172.877610 -1.133539 85.856552 -6.420239 -1.985852 -1.348366 -1.863056 0.097290 7.371133 0.525333 13.852672 -2.834466 nan nan nan -2.626041 1.874916 -13.474556 2.605437 -1.883499 48.847231 5.415927 -5.052898 -2.270864 nan nan nan 0.227958 -0.229585 6.641030 0.662929 -1.465397 3.210250 -1.546286 0.516719 -0.511193 0.674168 -0.851576 2.172400 7.368515 0.890337 -5.744261 -17.576927 4.382399 -4.624422 -64.496029 -9.226226 14.366931 12.960344 -19.975876 -24.774151 -2.798436 -17.786325 -23.177862 15.164696 -2.691677 -1.787321 63.975933 4.302473 12.456083 -3.883329 32.023827 -5.881240 6.051455 15.072879 -16.834307 
-17.783543 -56.781334 96.227226 173.351511 -0.986499 85.851524 -6.505607 -2.074297 -0.419102 -1.550288 -1.274658 6.936767 0.320808 13.774632 -2.779555 nan nan nan -2.431608 1.987241 -14.355903 2.392923 -2.427489 47.376639 5.029256 -5.576740 -2.295826 nan nan nan 0.052553 -0.755227 6.918468 0.902724 -1.665918 3.044023 -1.318359 0.312245 -0.602704 0.428428 -0.717947 2.369417 7.524901 1.282708 -5.741370 -17.570063 4.198838 -4.485458 -64.265763 -10.076858 14.598572 12.946249 -20.792830 -24.896092 -2.035549 -18.040113 -23.317766 15.059410 -2.936886 -1.734180 63.854289 3.829440 12.429316 -3.862837 32.102298 -5.472544 5.708049 15.314048 -17.123330 
-17.726665 -56.001797 96.328873 173.897120 -0.805068 85.910936 -6.572298 -1.956833 0.453007 -1.178727 -2.021386 6.240675 0.081959 13.873051 -2.988565 nan nan nan -2.199078 1.986752 -15.223652 2.197545 -2.897423 45.799844 4.842533 -6.108116 -2.303867 nan nan nan 0.002267 -1.224862 6.970164 1.090005 -1.847916 2.936432 -1.109076 0.084942 -0.517514 0.183378 -0.696697 2.356193 7.630236 1.505498 -5.633558 -17.544473 3.875524 -4.403670 -64.116381 -10.988873 14.631261 13.021221 -21.511840 -25.181657 -1.792320 -18.210881 -23.227657 14.821608 -3.313682 -1.815161 63.788888 3.268770 12.042510 -3.591618 32.274245 -5.090587 5.845884 15.306044 -17.024031 
-17.694641 -55.176266 96.400253 174.401525 -0.637235 85.921771 -6.635921 -1.592153 1.402667 -0.802266 -2.788571 5.531269 -0.218625 13.809402 -3.253677 nan nan nan -1.999627 1.929992 -15.974972 2.012048 -3.227390 44.128170 4.913144 -6.541607 -2.496937 nan nan nan 0.024112 -1.689269 7.007899 1.228020 -2.009345 2.868979 -0.963007 -0.075578 -0.405822 -0.059243 -0.757867 2.366748 7.812618 1.676521 -5.589356 -17.571729 3.442566 -4.304816 -63.931384 -11.886042 14.580558 13.252264 -22.216215 -25.630303 -1.738558 -18.098971 -22.857032 14.612227 -3.557422 -1.866865 63.688951 2.701190 11.459776 -3.293513 32.399686 -5.140907 6.174447 14.850820 -16.921854 
-17.679750 -54.357742 96.443504 174.845799 -0.475897 85.883482 -6.635652 -1.279011 2.334389 -0.592532 -3.461221 4.915811 -0.466060 13.805978 -3.564112 nan nan nan -1.828655 1.859972 -16.642340 1.892241 -3.495136 42.348150 4.859778 -6.904553 -2.621646 nan nan nan 0.094731 -2.052678 7.085296 1.341047 -2.121002 2.845049 -0.839708 -0.226947 -0.280098 -0.291621 -0.736306 2.299697 7.945418 1.807321 -5.552291 -17.531347 2.900203 -4.242835 -63.732054 -12.800088 14.621234 13.342112 -22.893879 -25.984640 -1.562970 -18.171272 -22.726151 14.386862 -3.678840 -2.050562 63.651785 1.971309 11.073300 -3.256559 32.389222 -5.061866 6.476966 14.682894 -16.764699 
-17.650087 -53.587994 96.463318 175.310967 -0.316400 85.953334 -6.543827 -1.221505 2.981739 -0.511179 -3.840995 4.547041 -0.656975 13.701015 -3.835674 nan nan nan -1.712231 1.801275 -17.486644 1.816827 -3.926191 40.554314 4.785730 -7.212432 -2.523094 nan nan nan 0.093482 -2.362592 7.187301 1.521298 -2.264485 2.744106 -0.676061 -0.457160 -0.210912 -0.464513 -0.549579 2.114398 7.995509 1.997015 -5.383373 -17.424959 2.532816 -4.245561 -63.613653 -13.726877 14.840776 13.407184 -23.444158 -26.190809 -1.759178 -18.441788 -22.665266 14.229726 -3.881665 -2.233548 63.563111 1.283965 11.036402 -3.421240 32.390057 -4.720389 6.862191 14.791849 -16.698377 
-17.606295 -52.839626 96.456703 175.891957 -0.133798 86.099584 -6.454389 -1.245594 3.500233 -0.360741 -4.318174 4.292865 -0.794960 13.692153 -4.264391 nan nan nan -1.585903 1.799403 -18.312328 1.772381 -4.413465 38.545808 4.722402 -7.695473 -2.441937 nan nan nan 0.049930 -2.729642 7.279589 1.762658 -2.518459 2.563314 -0.494966 -0.713618 -0.110469 -0.631919 -0.417978 1.933277 8.088701 2.321328 -5.279845 -17.348300 2.205586 -4.242866 -63.439331 -14.567217 15.033469 13.560280 -24.102828 -26.481459 -1.675337 -18.700755 -22.894595 14.061084 -4.156228 -2.522691 63.482047 0.628139 11.045323 -3.457606 32.420676 -4.504261 6.944397 14.832747 -17.074742 
-17.542004 -52.060741 96.445084 176.473713 0.033149 86.264598 -6.387618 -1.178802 4.141148 -0.099458 -4.880392 3.776606 -0.997749 13.685897 -4.653755 nan nan nan -1.403403 1.847093 -18.957304 1.652338 -4.839793 36.272941 4.697934 -8.173609 -2.368090 nan nan nan -0.091980 -3.090891 7.260809 2.028226 -2.753639 2.440377 -0.256207 -0.960721 -0.031532 -0.883549 -0.399566 1.989173 8.286034 2.544448 -5.279385 -17.314536 1.781540 -4.137581 -63.192074 -15.350654 15.130382 13.695987 -24.812693 -26.948867 -1.435976 -19.095146 -23.189326 13.912622 -4.403697 -2.778978 63.368860 -0.045830 10.945443 -3.530271 32.387019 -4.419630 6.869810 15.005612 -17.404272 
-17.454796 -51.246506 96.440590 176.896927 0.068295 86.380026 -6.387464 -0.919016 4.933493 0.117880 -5.469056 3.126187 -1.249256 13.646556 -4.916639 nan nan nan -1.272086 1.839677 -19.502691 1.513558 -5.046118 33.983120 4.725929 -8.511626 -2.081988 nan nan nan -0.448871 -3.356396 7.081805 2.277007 -2.881183 2.583794 0.027561 -1.200846 -0.026952 -1.064914 -0.378480 2.015177 8.511229 2.710883 -5.172340 -17.283322 1.299405 -3.916796 -62.891783 -16.243188 15.163926 13.778781 -25.509678 -27.731321 -1.602034 -19.278473 -23.381435 13.931796 -4.517303 -2.662744 63.088230 -0.499684 10.654407 -3.684572 32.395507 -4.547718 7.113467 14.754062 -17.231717 
-17.388895 -50.442471 96.413666 177.233468 0.054174 86.392819 -6.473833 -0.647894 5.874690 0.350976 -6.039904 2.413493 -1.377277 13.645808 -5.104177 nan nan nan -1.267559 1.793506 -20.020673 1.474653 -5.261479 31.811933 5.008763 -8.765857 -1.575730 nan nan nan -0.755043 -3.569695 7.115180 2.466946 -2.905095 2.615995 0.275168 -1.470582 0.077558 -1.185940 -0.344935 1.801380 8.592778 2.791278 -5.025215 -17.256870 0.927147 -3.920847 -62.631304 -17.155031 15.361526 13.760834 -26.123111 -28.268291 -1.277055 -19.431211 -23.532703 14.024574 -4.736053 -2.633876 62.704909 -1.005236 10.324187 -3.718942 32.619877 -4.643196 7.101184 14.306127 -16.962501 
-17.260815 -49.640877 96.368881 177.570987 0.031651 86.569468 -6.434723 -0.362387 6.554993 0.441685 -6.579140 1.863529 -1.497097 13.529760 -5.371309 nan nan nan -1.239012 1.767253 -20.695207 1.325438 -5.650022 29.628701 5.158295 -9.042117 -0.869690 nan nan nan -1.144062 -3.818556 6.966965 2.675476 -2.902619 2.693834 0.541757 -1.670882 0.077214 -1.284003 -0.139276 1.719894 8.699136 2.715446 -5.082074 -17.146847 0.506763 -3.811360 -62.274184 -18.000373 15.441410 13.717108 -26.722275 -28.533220 -0.856997 -19.813430 -23.379043 14.070719 -5.011695 -2.704726 62.394937 -1.783405 9.868407 -3.667000 32.828975 -4.526740 7.146383 14.284023 -16.574527 
-17.133106 -48.865704 96.306412 178.097648 0.015331 86.744858 -6.323169 -0.182514 6.991232 0.411417 -7.079234 1.736649 -1.594245 13.240491 -5.826175 nan nan nan -1.202190 1.620141 -21.301320 1.156819 -6.043405 27.349422 5.161006 -9.373498 -0.100552 nan nan nan -1.512445 -4.076126 6.845303 2.889388 -3.046734 2.800266 0.788285 -1.916279 0.024388 -1.333179 0.032862 1.645568 8.821277 2.709896 -5.091557 -17.091189 -0.008406 -3.537913 -61.826381 -18.866392 15.239855 14.011136 -27.283880 -28.793897 -1.014450 -20.090730 -22.499486 14.091080 -5.214979 -2.722810 62.229485 -2.471192 9.270286 -3.856091 32.939846 -4.445150 7.732108 14.337248 -15.659472 
-17.170368 -48.162815 96.211655 179.246322 -0.041256 86.775080 -6.587423 -0.740231 7.468001 0.656592 -7.598474 1.734224 -1.551000 13.110104 -6.179047 nan nan nan -1.488345 0.885430 -21.630385 1.321261 -6.534802 24.875296 5.422323 -9.721706 0.789403 nan nan nan -1.535823 -4.228715 7.146903 3.020126 -3.693306 2.627154 0.833362 -2.404149 0.010038 -1.500499 -0.198871 1.380489 9.005968 3.115691 -4.804092 -17.123297 -0.579286 -3.308738 -61.354085 -19.816633 15.149975 14.426417 -27.779261 -29.047947 -0.884187 -20.175635 -21.762390 14.113845 -5.342809 -2.855237 62.070423 -2.985993 8.862099 -4.155718 32.965124 -4.874343 8.504408 14.232581 -15.202751 
-17.142323 -47.388622 96.098953 179.921019 -0.180592 86.876306 -6.885193 -0.992267 8.165848 0.935721 -8.073647 1.275674 -1.493246 13.122096 -6.470551 nan nan nan -1.700458 0.486712 -22.026936 1.491660 -6.599769 22.475847 5.894471 -9.928260 1.634866 nan nan nan -1.839906 -4.337194 7.110436 3.197035 -4.077413 2.688949 0.930004 -2.770836 0.020229 -1.747860 -0.374761 1.121745 9.380345 3.311948 -4.516711 -17.052051 -0.951766 -3.171204 -60.960588 -20.701665 15.298262 14.549634 -28.405042 -29.544498 -0.412738 -20.185941 -21.785110 14.294411 -5.513041 -2.924292 61.679873 -3.442087 8.740938 -4.251859 33.104630 -5.382645 8.626266 14.182450 -15.256942 
-17.064732 -46.591824 95.977859 -179.465014 -0.197924 87.067113 -6.925294 -1.099042 8.669307 1.097743 -8.572387 1.017297 -1.504407 13.124980 -6.842435 nan nan nan -1.692159 0.230298 -22.435891 1.554058 -6.560365 20.036286 6.040430 -10.142730 2.397807 nan nan nan -2.090320 -4.489261 6.998392 3.442189 -4.402935 2.767446 1.103381 -3.074946 -0.088635 -1.949818 -0.488656 1.062425 9.560503 3.549264 -4.357240 -17.132901 -1.301280 -2.957820 -60.422738 -21.535212 15.329503 14.427725 -29.109734 -29.870550 -0.296534 -20.311099 -21.943315 14.342280 -5.743988 -2.906053 61.333319 -3.947417 8.478118 -4.327440 33.255296 -5.578649 8.785950 14.045800 -14.910569 
-16.943367 -45.762074 95.853615 -179.079189 -0.198966 87.058026 -6.826958 -0.860703 9.410449 1.174378 -9.049351 0.739533 -1.620000 13.006912 -7.301617 nan nan nan -1.559595 0.016429 -22.606977 1.622328 -6.380446 17.612126 5.995346 -10.289767 3.009308 nan nan nan -2.361565 -4.547697 6.999172 3.620949 -4.549858 2.966882 1.289180 -3.310176 -0.199344 -1.939947 -0.477636 1.053181 9.594101 3.612050 -4.300368 -17.237224 -1.752474 -2.907099 -59.841441 -22.291347 15.457143 14.488543 -29.552777 -30.014261 -0.109806 -20.480203 -21.793597 14.386499 -5.929743 -3.071434 61.042333 -4.625691 8.294340 -4.339950 33.206391 -5.641118 8.555429 13.666693 -14.733752 
-16.833422 -44.923931 95.715248 -178.789415 -0.272663 86.979746 -6.790397 -0.485359 10.283286 1.304811 -9.519545 0.376920 -1.812712 12.797249 -7.792515 nan nan nan -1.501085 -0.217609 -22.687376 1.725707 -6.103713 15.195862 5.875548 -10.318952 3.525861 nan nan nan -2.679586 -4.613921 6.998354 3.749044 -4.637302 3.251324 1.442123 -3.502627 -0.312357 -1.897349 -0.395379 0.923035 9.640642 3.551687 -4.090337 -17.280432 -2.172728 -2.798902 -59.326051 -23.142492 15.578756 14.732907 -29.793224 -30.203152 0.432525 -20.721570 -21.599545 14.452660 -6.077275 -3.115245 60.867784 -5.165489 8.133228 -4.463695 32.988764 -5.774469 7.944636 13.459531 -14.632366 
-16.743479 -44.076576 95.554665 -178.332995 -0.392517 87.094884 -6.824364 -0.318205 10.908209 1.402677 -10.092308 0.110231 -1.972421 12.716611 -8.319542 nan nan nan -1.585963 -0.609861 -22.937425 1.937887 -5.962626 12.805675 5.625185 -10.325841 3.895061 nan nan nan -2.976706 -4.732631 6.734041 3.853054 -4.792982 3.512929 1.580544 -3.755113 -0.384882 -1.980054 -0.398367 0.938727 9.837222 3.717995 -3.950233 -17.444180 -2.612144 -2.561491 -58.676590 -23.996854 15.518431 14.905353 -30.098782 -30.394138 0.606000 -20.961586 -21.418100 14.553609 -6.224493 -3.044433 60.756213 -5.569403 7.669319 -4.816523 32.642139 -6.127759 7.952038 13.596504 -14.181980 
-16.666447 -43.227165 95.386032 -177.782679 -0.539935 87.234177 -6.880517 -0.238937 11.523392 1.493566 -10.634533 -0.200904 -2.113320 12.619010 -8.809621 nan nan nan -1.696728 -1.125616 -23.143741 2.137219 -5.840395 10.397633 5.585203 -10.362834 4.225256 nan nan nan -3.162767 -4.799187 6.493647 3.889700 -5.018833 3.745282 1.624044 -4.061718 -0.532228 -2.098872 -0.457732 1.071945 10.110453 3.871210 -3.968662 -17.638172 -3.010524 -2.339555 -58.018544 -24.820397 15.397520 15.003201 -30.438861 -30.584948 0.438963 -21.238278 -20.894020 14.730636 -6.385205 -3.122064 60.592641 -6.081965 7.196044 -5.130135 32.180162 -6.701984 8.421698 13.797541 -13.984031 
-16.621696 -42.389839 95.216347 -177.237464 -0.657243 87.266271 -6.895764 -0.099781 12.237556 1.570613 -11.099687 -0.485911 -2.231384 12.479672 -9.331607 nan nan nan -1.767128 -1.704944 -23.209505 2.316053 -5.731636 8.005127 5.697656 -10.453783 4.691545 nan nan nan -3.281140 -4.867484 6.440267 3.937448 -5.299521 3.967411 1.684215 -4.291073 -0.697717 -2.191750 -0.500621 1.059873 10.286594 3.949648 -3.962537 -17.923925 -3.453615 -2.139177 -57.258154 -25.578460 15.279820 15.113151 -30.839182 -30.963369 -0.011250 -21.205781 -20.436376 14.829140 -6.406378 -3.230721 60.369202 -6.769742 6.912789 -5.370370 31.957904 -7.304587 8.696736 13.706113 -14.182645 
-16.585865 -41.535397 95.030792 -176.737404 -0.814091 87.317351 -6.991378 0.072945 12.956222 1.732182 -11.674130 -0.794022 -2.323505 12.397602 -9.816988 nan nan nan -1.798731 -2.339838 -23.267040 2.379305 -5.751773 5.650294 5.807112 -10.612550 5.163259 nan nan nan -3.457035 -4.997157 6.260000 3.968192 -5.591068 4.252752 1.787316 -4.381176 -0.822082 -2.413806 -0.605068 1.133811 10.496764 4.108587 -4.048118 -18.264760 -3.973157 -1.909918 -56.383983 -26.294622 15.044319 15.182918 -31.183038 -31.216692 -0.111921 -21.344477 -20.075607 14.774816 -6.376803 -3.163709 60.246941 -7.389457 6.505982 -5.490778 31.786305 -7.678387 8.775275 13.588673 -14.357152 
-16.524694 -40.668285 94.820381 -176.231541 -1.015266 87.352060 -7.062819 0.344082 13.665840 1.857681 -12.256452 -1.069624 -2.410192 12.290934 -10.262958 nan nan nan -1.809296 -2.948124 -23.376183 2.326177 -5.886951 3.524134 5.967456 -10.912880 5.458797 nan nan nan -3.718371 -5.115663 6.069254 3.981034 -5.805654 4.510288 1.906869 -4.510026 -0.869200 -2.615521 -0.697738 1.255819 10.700031 4.233735 -4.197259 -18.551476 -4.530925 -1.719202 -55.577210 -26.967105 14.718113 15.290960 -31.441480 -31.270533 0.211576 -21.542286 -19.144013 14.796540 -6.386443 -3.238132 60.112786 -8.059004 6.016367 -5.555203 31.552889 -7.878027 8.904938 13.412603 -14.301392 
-16.444141 -39.804745 94.612312 -175.763471 -1.196199 87.440314 -7.073617 0.584330 14.296256 1.948039 -12.743822 -1.299864 -2.526486 12.132570 -10.700477 nan nan nan -1.811676 -3.525132 -23.601888 2.300076 -6.200423 1.622793 6.105563 -11.213980 5.797375 nan nan nan -3.889414 -5.185693 5.832476 3.970507 -5.975677 4.801248 1.941324 -4.662681 -1.026731 -2.792143 -0.773324 1.409668 10.934495 4.236830 -4.329526 -18.873110 -5.156772 -1.418256 -54.721513 -27.612935 14.357529 15.430067 -31.587553 -31.331251 0.098567 -21.914304 -18.284422 14.905235 -6.409508 -3.474000 60.108442 -8.900945 5.496137 -5.854579 31.214584 -8.033122 9.113719 13.210441 -13.653402 
-16.360645 -38.930359 94.410957 -175.320599 -1.367732 87.531633 -7.089372 0.746808 14.943813 2.069384 -13.084098 -1.544032 -2.703266 11.887748 -11.133657 nan nan nan -1.777904 -4.130995 -23.808369 2.240563 -6.601799 -0.222845 6.276241 -11.476769 6.240849 nan nan nan -3.969318 -5.177947 5.587569 3.931954 -6.136541 5.165361 1.901969 -4.856588 -1.373212 -2.886822 -0.696066 1.517358 11.172661 4.120096 -4.259808 -19.160719 -5.674905 -1.117809 -53.933696 -28.320128 14.054809 15.419424 -31.517491 -31.574088 -1.104157 -22.391216 -17.594770 15.063000 -6.435821 -3.503085 60.185843 -9.673173 5.014637 -6.361155 30.852791 -8.320053 9.500158 13.253031 -12.470123 
-16.277708 -38.035831 94.187279 -174.926959 -1.573245 87.575699 -7.154681 0.806191 15.697423 2.199683 -13.433212 -1.857361 -2.890619 11.736867 -11.618186 nan nan nan -1.800335 -4.640347 -23.967904 2.151981 -7.004911 -1.938728 6.750673 -11.850947 6.419645 nan nan nan -4.127904 -5.109389 5.414878 3.907453 -6.244326 5.449926 1.868368 -5.097500 -1.605521 -2.912770 -0.756838 1.500748 11.444237 4.110806 -4.109358 -19.385451 -5.913008 -0.999047 -53.386593 -29.108122 14.015411 15.365982 -31.475849 -31.750018 -1.835926 -22.504610 -16.797141 15.316538 -6.614815 -3.445106 60.040772 -10.146312 4.773991 -6.624387 30.450826 -8.568438 9.711731 13.362966 -11.753640 
-16.195839 -37.126415 93.935257 -174.536996 -1.814044 87.675653 -7.174213 1.013396 16.309085 2.247319 -13.914638 -2.023903 -3.117323 11.596680 -12.098217 nan nan nan -1.851163 -5.084355 -24.226446 2.050336 -7.330687 -3.427462 6.952599 -12.179146 6.358444 nan nan nan -4.395247 -5.147407 5.133124 3.905520 -6.386731 5.685878 1.932652 -5.294190 -1.653480 -3.012356 -0.904181 1.560164 11.598442 4.363187 -4.098452 -19.714481 -6.120462 -0.917557 -52.783641 -29.751649 13.863297 15.316655 -31.616699 -31.763674 -1.632918 -22.581297 -16.431234 15.468351 -6.729332 -3.332954 59.831581 -10.478862 4.622460 -6.636408 30.016265 -8.614795 9.612537 13.368898 -11.777920 
-16.161146 -36.242817 93.696030 -174.071380 -1.970343 87.749653 -7.085215 1.297729 16.853695 2.278050 -14.459899 -2.047563 -3.426183 11.460866 -12.609369 nan nan nan -1.856041 -5.542085 -24.447428 1.956901 -7.653074 -4.740251 6.869915 -12.423358 6.276357 nan nan nan -4.508429 -5.324910 4.978967 3.893201 -6.578746 5.918138 2.045480 -5.407095 -1.777582 -3.145320 -0.960168 1.623845 11.655157 4.584777 -4.173925 -20.131724 -6.439437 -0.794696 -52.187691 -30.351099 13.574616 15.324436 -31.594664 -31.764092 -1.595839 -22.876337 -16.208505 15.479902 -6.757392 -3.312283 59.595495 -10.805614 4.290234 -6.577001 29.535783 -8.854061 9.884277 13.290411 -12.058637 
-16.141354 -35.373657 93.475548 -173.467029 -2.086722 87.823394 -6.972874 1.480438 17.384990 2.377073 -15.038492 -2.059250 -3.681890 11.336169 -13.071110 nan nan nan -1.950998 -5.927072 -24.634772 1.868768 -8.118380 -5.882741 6.867738 -12.767136 6.122336 nan nan nan -4.580882 -5.537147 4.886369 3.880166 -6.754909 6.148438 2.173433 -5.500932 -2.009050 -3.368326 -1.113949 1.731327 11.840716 4.660405 -4.183726 -20.645824 -6.885700 -0.577857 -51.554070 -30.837045 13.357287 15.471537 -31.636277 -32.013902 -2.095147 -22.763784 -15.580624 15.484747 -6.716057 -3.332871 59.356415 -11.300001 3.849144 -6.653940 29.195593 -9.716721 10.549899 13.056440 -12.813014 
-16.091154 -34.445492 93.242844 -172.777715 -2.248382 87.904141 -6.864915 1.618802 17.940173 2.498612 -15.771183 -2.082470 -3.882243 11.235499 -13.622564 nan nan nan -2.102847 -6.354132 -24.781062 1.763680 -8.624499 -6.819999 6.805471 -13.173641 5.828962 nan nan nan -4.774772 -5.668070 4.598825 3.894959 -6.902346 6.495711 2.326006 -5.678229 -2.155381 -3.630545 -1.420391 1.746671 12.072014 4.690549 -4.215720 -21.203614 -7.395647 -0.279106 -50.857822 -31.362720 13.034819 15.515803 -31.700652 -32.473797 -3.078471 -22.512224 -14.828779 15.507695 -6.657659 -3.391143 59.176807 -11.859323 3.394546 -6.761693 28.812459 -10.420347 11.365866 12.706498 -13.216870 
-16.036745 -33.486462 93.003174 -172.061263 -2.407349 87.971583 -6.672103 1.767344 18.466269 2.525648 -16.568253 -2.039715 -3.971873 11.177595 -14.112820 nan nan nan -2.286124 -6.824998 -24.931011 1.712303 -9.127829 -7.492542 6.840440 -13.572528 5.633005 nan nan nan -4.998633 -5.779201 4.311077 3.957261 -7.036642 6.838766 2.523225 -5.932573 -2.269501 -3.893643 -1.756926 1.754505 12.222181 4.826658 -4.263812 -21.745080 -7.904122 0.027217 -50.249109 -31.843551 12.697582 15.481670 -31.792378 -32.653208 -2.818916 -22.328856 -14.359317 15.557956 -6.638330 -3.462909 58.902170 -12.350876 2.959234 -6.639245 28.399885 -10.596773 11.616130 12.383569 -13.195105 
-15.984771 -32.534561 92.763947 -171.399270 -2.506097 88.027626 -6.413789 1.834874 18.969455 2.451851 -17.224319 -1.915899 -4.129064 11.011291 -14.487663 nan nan nan -2.497880 -7.151949 -25.156013 1.707984 -9.732169 -7.790902 6.975809 -13.940530 5.481214 nan nan nan -5.030436 -5.945788 4.175155 3.951646 -7.118342 6.959000 2.591715 -6.151112 -2.329885 -4.075959 -1.909152 1.779808 12.323288 4.878087 -4.350926 -22.127921 -8.321842 0.262464 -49.818084 -32.331935 12.462386 15.420642 -31.665021 -32.610274 -2.165361 -22.382812 -13.708443 15.658225 -6.642153 -3.537755 58.700583 -12.758912 2.526738 -6.498013 27.750081 -10.530698 11.678812 12.228441 -12.726257 
-15.931936 -31.585775 92.542786 -170.829045 -2.581557 87.997459 -6.072741 2.042564 19.568983 2.365810 -17.860579 -1.775767 -4.276122 10.770871 -14.890252 nan nan nan -2.742616 -7.368526 -25.369803 1.731772 -10.254841 -7.671925 6.972689 -14.339777 5.268244 nan nan nan -4.952942 -6.165524 4.237506 3.913987 -7.167224 6.968892 2.525009 -6.269505 -2.415712 -4.124199 -2.002993 1.789446 12.355045 4.809174 -4.439267 -22.366513 -8.668215 0.454458 -49.545115 -32.784302 12.299503 15.397571 -31.434073 -32.679394 -2.536736 -22.396665 -13.241480 15.841061 -6.610953 -3.590423 58.558280 -13.107521 2.198401 -6.586137 26.930710 -10.401528 12.211432 12.225115 -12.127613 
-15.901199 -30.628176 92.343033 -170.335241 -2.642492 87.949435 -5.747011 2.373174 20.197188 2.408381 -18.617079 -1.657597 -4.296457 10.650824 -15.271112 nan nan nan -3.003196 -7.592657 -25.618003 1.773893 -10.694532 -7.180849 6.854483 -14.692899 5.145410 nan nan nan -4.862432 -6.402017 4.249771 3.921433 -7.221759 7.135604 2.494884 -6.317719 -2.555538 -4.152996 -2.134010 1.697107 12.222097 4.767999 -4.432673 -22.630978 -9.067967 0.640050 -49.356481 -33.018085 12.137906 15.508931 -31.375900 -32.851871 -3.069354 -22.168036 -12.901437 15.953378 -6.458776 -3.647600 58.443153 -13.494527 1.891792 -6.796585 26.314826 -10.417862 12.542929 11.982382 -11.780071 
-15.853023 -29.678204 92.154633 -169.758764 -2.658484 87.945817 -5.343675 2.594488 20.606218 2.305107 -19.300432 -1.242975 -4.322545 10.575683 -15.680430 nan nan nan -3.289748 -7.760921 -25.883271 1.823932 -11.195733 -6.487610 6.710428 -14.963229 5.060172 nan nan nan -4.792380 -6.675004 4.279570 3.990929 -7.321478 7.353528 2.523392 -6.358825 -2.794870 -4.222786 -2.180766 1.623547 12.106048 4.669992 -4.494798 -22.834406 -9.363442 0.832239 -49.291906 -33.274684 12.042883 15.527588 -31.282181 -32.973600 -3.433434 -22.073313 -12.692382 15.964781 -6.336568 -3.638712 58.351840 -13.818522 1.629946 -6.924401 25.756280 -10.467288 12.801281 11.666608 -11.727163 
-15.802955 -28.718338 91.966026 -169.155647 -2.630829 87.970644 -4.914630 2.560372 20.939662 2.069763 -19.795634 -0.715020 -4.439694 10.506236 -16.102675 nan nan nan -3.629796 -7.853553 -26.131586 1.937176 -11.714875 -5.629957 6.687383 -15.204809 4.894836 nan nan nan -4.623010 -6.986336 4.320802 4.038526 -7.446546 7.439013 2.531042 -6.356293 -2.953676 -4.431270 -2.154192 1.588338 12.066608 4.553388 -4.682432 -23.045539 -9.614750 1.094158 -49.253118 -33.597466 11.890465 15.508556 -31.104122 -33.069643 -4.002498 -22.081042 -12.390845 15.889888 -6.219926 -3.498256 58.355718 -14.069626 1.256295 -7.012619 25.207358 -10.496202 13.255909 11.396717 -11.560396 
-15.758075 -27.717886 91.769226 -168.612019 -2.514226 87.990276 -4.380775 2.561394 21.301631 1.831260 -20.422234 -0.145595 -4.651218 10.501923 -16.494119 nan nan nan -3.903908 -7.886177 -26.303890 2.088572 -12.023070 -4.629569 6.723529 -15.394916 4.522836 nan nan nan -4.335999 -7.294537 4.305820 4.083758 -7.552251 7.390505 2.499227 -6.348011 -2.900825 -4.625660 -2.129969 1.415683 11.949775 4.554695 -4.807431 -23.174859 -9.908416 1.335100 -49.217811 -33.793765 11.701825 15.333190 -30.966427 -32.815714 -4.383294 -21.976180 -12.376186 15.763308 -6.039745 -3.386883 58.400029 -14.260730 0.732734 -6.983674 24.621584 -10.515393 13.464711 11.102065 -11.310444 
-15.709986 -26.715950 91.592155 -168.088746 -2.450203 88.059862 -3.906572 2.623477 21.524200 1.578204 -21.002818 0.549299 -4.817958 10.528405 -16.821884 nan nan nan -4.261738 -8.014558 -26.583176 2.365142 -12.428366 -3.353929 6.753903 -15.416680 4.307050 nan nan nan -4.144877 -7.515626 4.296041 4.159053 -7.620022 7.344514 2.518720 -6.344454 -2.950096 -4.789818 -2.178792 1.417246 11.822842 4.555623 -4.993055 -23.375831 -10.351395 1.613094 -49.042431 -33.848807 11.548272 15.074153 -30.804845 -32.606723 -4.759709 -21.856695 -12.491965 15.735397 -5.755657 -3.339172 58.350166 -14.681286 0.195996 -7.069970 24.167397 -10.725387 13.651632 10.880509 -11.182737 
-15.687785 -25.710955 91.437294 -167.554241 -2.429385 88.191525 -3.538945 2.495712 21.638054 1.262814 -21.396777 1.296859 -4.878470 10.610573 -16.992615 nan nan nan -4.725471 -8.218461 -26.923113 2.687956 -13.155268 -1.991123 6.537676 -15.402033 4.947820 nan nan nan -3.947937 -7.681128 4.138760 4.242206 -7.704437 7.604075 2.506734 -6.300830 -3.180527 -4.914051 -2.319004 1.539990 11.707558 4.385728 -5.463550 -23.530883 -10.860072 1.886438 -49.019884 -33.964764 11.464441 14.879408 -30.534480 -32.493923 -4.682070 -21.721868 -12.501159 15.692877 -5.454599 -3.410702 58.302869 -15.132836 -0.337834 -7.113677 23.643833 -11.020850 13.701998 10.651316 -11.089727 
-15.666941 -24.688868 91.276726 -166.974470 -2.318233 88.350419 -3.105250 2.247589 21.635526 0.915404 -21.641026 2.190985 -4.913190 10.711083 -17.013486 nan nan nan -5.101579 -8.394388 -27.190212 2.902216 -14.008919 -0.895781 6.230642 -15.457624 6.502840 nan nan nan -3.607608 -7.893004 4.008573 4.360059 -7.866908 7.822438 2.424814 -6.156440 -3.414184 -4.961099 -2.394302 1.603768 11.479476 4.151128 -5.891535 -23.602259 -11.295620 2.052031 -49.276316 -34.071054 11.603946 14.691310 -30.128208 -32.100587 -4.432011 -21.609573 -12.728149 15.566116 -5.127809 -3.463982 58.396299 -15.472887 -0.855437 -7.200559 22.985785 -11.377424 13.596477 10.378263 -11.294727 
-15.651917 -23.666208 91.112366 -166.325623 -2.197196 88.549306 -2.670498 1.938559 21.427755 0.538438 -21.552510 3.331485 -5.051941 10.651227 -16.930633 nan nan nan -5.441180 -8.585894 -27.411447 3.004568 -14.923806 -0.136426 5.877594 -15.440334 8.335092 nan nan nan -3.115062 -8.129798 3.944218 4.463560 -8.091743 7.800454 2.243048 -6.075048 -3.569246 -5.025005 -2.292706 1.515520 11.200452 3.921838 -6.212200 -23.711522 -11.606892 2.217186 -49.443147 -34.171971 11.847486 14.458492 -29.656280 -31.762327 -4.820097 -21.548320 -13.051787 15.531770 -4.833632 -3.402072 58.483244 -15.584401 -1.220514 -7.494480 22.253396 -11.877803 13.818501 10.051715 -11.375976 
-15.625589 -22.620180 90.970238 -165.933635 -2.079359 88.672216 -2.238329 1.840288 21.308683 0.208899 -21.391485 4.479426 -5.299968 10.541929 -16.770603 nan nan nan -5.728212 -8.716396 -27.551239 3.226103 -15.510757 0.491415 5.186779 -15.378665 9.773858 nan nan nan -2.632192 -8.241249 3.886099 4.535888 -8.152397 7.889078 2.064188 -6.021690 -3.668710 -5.001697 -2.024190 1.263315 10.781889 3.543343 -6.548622 -23.767423 -11.862189 2.432771 -49.542361 -34.372693 11.930096 14.174494 -29.201540 -31.445362 -5.714356 -21.578333 -12.921782 15.688912 -4.452746 -3.341945 58.577927 -15.512683 -1.619076 -8.151578 21.381898 -12.825812 14.362731 9.763813 -11.388858 
-15.603197 -21.596865 90.859291 -165.543277 -2.119166 88.753090 -2.033726 1.612075 21.167744 -0.212053 -21.272515 5.723016 -5.559747 10.634976 -16.544800 nan nan nan -6.225730 -8.987832 -27.690361 3.601596 -15.932580 1.156848 4.433872 -15.473583 10.777083 nan nan nan -2.417786 -8.216013 4.010261 4.595443 -8.144914 7.815581 2.033049 -5.908379 -3.671600 -5.050792 -2.067678 0.987362 10.489943 3.251735 -6.837394 -23.897719 -12.330803 2.786615 -49.695905 -34.693035 12.016016 13.835122 -28.639805 -30.793741 -5.227204 -21.520543 -12.755619 15.828516 -4.102529 -3.421334 58.673700 -15.593518 -2.157999 -8.661840 20.631467 -13.612450 13.890818 9.526008 -11.311297 
-15.587135 -20.550661 90.757561 -165.154764 -2.191304 88.839146 -1.978907 1.270370 21.001650 -0.591013 -21.030980 6.990983 -5.763717 10.955261 -16.174363 nan nan nan -6.789932 -9.332220 -27.836989 4.035409 -16.395731 1.962838 3.992941 -15.558736 11.599289 nan nan nan -2.316547 -8.135049 4.088245 4.701384 -8.092943 7.770591 2.108796 -5.808661 -3.620245 -5.195527 -2.303951 0.653036 10.265417 2.954213 -7.043215 -24.014579 -12.955171 3.158286 -50.060345 -34.960657 12.212081 13.585368 -27.963307 -30.005947 -4.185007 -21.453226 -12.776113 15.784418 -3.683055 -3.522679 58.740602 -15.755526 -2.615847 -8.886945 19.970050 -14.229533 12.977960 9.368332 -11.305122 
-15.582019 -19.515356 90.670609 -164.880766 -2.264670 88.933520 -2.051216 0.852394 20.709104 -1.020282 -20.566711 8.480510 -5.874983 11.359969 -15.751735 nan nan nan -7.305539 -9.653012 -27.962502 4.465537 -16.765723 2.779284 3.645245 -15.595140 12.693153 nan nan nan -2.078049 -8.059424 4.177441 4.777979 -8.071573 7.743000 2.008177 -5.687335 -3.619125 -5.318429 -2.439031 0.158876 10.070320 2.692794 -7.089514 -23.888691 -13.284228 3.447136 -50.379038 -35.282335 12.405630 13.148321 -27.310927 -29.173235 -5.165047 -20.985060 -12.669353 15.800270 -3.392289 -3.495841 58.854750 -15.389756 -3.012926 -9.315121 18.942477 -15.041917 13.531355 8.867412 -10.900795 
-15.567245 -18.505013 90.619377 -164.828832 -2.286228 89.026502 -2.033272 0.602586 20.257600 -1.627088 -20.032524 10.275323 -6.048286 11.656735 -15.281034 nan nan nan -7.532742 -9.893747 -28.192325 4.683041 -17.004436 3.794513 3.288438 -15.683901 13.973856 nan nan nan -1.815015 -8.001583 4.545970 4.870158 -8.017360 7.288319 1.930567 -5.485262 -3.438431 -5.477219 -2.541805 -0.339732 9.890937 2.598876 -7.211733 -23.756451 -13.517927 3.680888 -50.836753 -35.439627 12.548889 12.881682 -26.786256 -28.504866 -6.251382 -20.318999 -12.591020 15.922462 -3.040868 -3.316464 58.761337 -14.852562 -3.494409 -9.673455 18.092938 -15.710800 14.278367 8.186756 -10.318948 
-15.515381 -17.484575 90.570648 -164.950526 -2.266914 89.066385 -1.853351 0.567936 19.753252 -2.352267 -19.413297 12.250132 -6.304762 11.827546 -14.643281 nan nan nan -7.550203 -10.057187 -28.517541 4.770854 -17.373393 5.160445 2.768473 -15.661752 15.034410 nan nan nan -1.590712 -7.983358 4.908722 4.958983 -7.946771 7.103138 1.832751 -5.210109 -3.343818 -5.395231 -2.414235 -0.926274 9.599742 2.251894 -7.411384 -23.388114 -13.682442 3.780374 -51.501672 -35.498742 12.820499 12.720663 -26.309363 -27.936625 -6.627245 -19.852031 -12.783971 16.014329 -2.522520 -3.119378 58.702853 -14.376146 -3.728363 -9.898782 17.557081 -16.351748 14.216531 7.746215 -10.130020 
-15.455581 -16.474041 90.519211 -165.046092 -2.138821 89.110641 -1.461647 0.396026 19.134763 -3.316510 -18.778427 14.375568 -6.472097 12.089573 -13.967405 nan nan nan -7.449261 -10.182721 -28.842700 4.841083 -17.725653 6.579676 2.066753 -15.475641 16.006868 nan nan nan -1.506199 -7.519088 5.110561 5.207547 -7.552258 7.354111 2.064613 -5.305694 -3.381438 -5.376911 -2.573356 -1.506727 9.212326 1.827298 -7.771150 -23.196832 -14.424851 4.000656 -52.018143 -35.691539 12.995657 12.615780 -25.485311 -27.312552 -7.087728 -19.395277 -12.905316 15.802069 -2.064013 -3.328951 58.648094 -14.249685 -4.250946 -9.761978 17.260068 -16.786787 14.252505 7.328750 -9.979171 
-15.430388 -15.512085 90.478836 -165.172055 -2.132906 89.138399 -1.213183 0.160884 18.345100 -4.255891 -17.693488 16.718063 -6.618170 11.998024 -13.128887 nan nan nan -7.585262 -10.448859 -29.166501 5.026383 -18.030785 8.036523 1.621356 -14.741826 16.789933 nan nan nan -1.110106 -7.486970 5.705849 5.172317 -7.486394 7.275191 1.879508 -5.093628 -3.630205 -5.126266 -2.224138 -1.951004 8.810335 1.407627 -8.182080 -22.608460 -14.424034 3.919045 -52.820377 -35.672417 13.549632 12.608894 -24.868941 -26.671565 -7.730676 -18.712922 -12.420956 15.749446 -1.449712 -3.088665 58.671127 -13.642830 -4.106208 -9.823801 16.685478 -17.305155 14.516771 7.021003 -9.876827 
-15.449988 -14.551702 90.462746 -165.271269 -2.128298 89.115824 -0.983367 0.004569 17.460722 -5.130528 -16.657906 19.241516 -6.879939 12.034284 -12.022297 nan nan nan -7.882139 -10.829576 -29.324972 5.550399 -18.165506 9.336310 1.132409 -13.736555 17.408871 nan nan nan -0.831240 -7.303872 6.295070 5.251230 -7.302155 7.201118 1.902659 -4.974666 -3.756614 -5.105668 -2.191400 -2.282098 8.466611 1.136459 -8.764377 -22.314370 -14.929945 4.154696 -53.377448 -35.782084 13.890909 12.642882 -23.993982 -26.333569 -7.912292 -18.277818 -12.145871 15.532070 -0.844037 -3.087058 58.579077 -13.231192 -4.024433 -9.850113 16.300814 -17.245038 14.669582 6.790873 -9.686164 
-15.453094 -13.591767 90.423180 -165.374501 -2.080231 89.027086 -0.616880 -0.019379 16.552678 -5.991129 -15.715862 21.875597 -7.225113 11.844961 -10.709297 nan nan nan -8.119064 -11.196143 -29.473199 6.148487 -18.051289 10.748871 0.491611 -12.921222 17.741253 nan nan nan -0.497593 -7.110766 7.036257 5.282301 -7.087201 6.707466 1.895597 -4.792752 -3.551862 -5.265600 -2.262533 -2.458396 8.273950 0.980774 -9.354763 -22.043045 -15.518162 4.331092 -53.693522 -35.936230 14.100035 12.256873 -23.011948 -25.633345 -8.275738 -17.919054 -12.447982 15.282014 -0.426289 -3.140681 58.434711 -12.781557 -4.197506 -9.625247 16.085629 -16.658941 15.128721 6.437758 -9.435324 
-15.423859 -12.682346 90.333893 -165.609227 -2.096627 89.075489 -0.236345 0.033830 15.296106 -6.954345 -14.536800 24.814861 -7.536808 11.498607 -9.573793 nan nan nan -8.279846 -11.519449 -29.979447 6.684509 -17.654795 12.482337 -0.346755 -12.268018 17.562538 nan nan nan -0.171287 -6.912907 7.771907 5.213597 -6.867082 5.907641 1.824625 -4.574110 -3.087080 -5.352061 -2.198039 -2.858943 8.080167 0.771171 -9.775483 -21.521460 -15.985247 4.341524 -53.950828 -35.985864 14.299497 11.713753 -22.226171 -24.577468 -8.838847 -17.446137 -12.774668 15.078639 0.007756 -3.072968 58.347658 -12.202729 -4.436186 -9.371168 16.099380 -16.281513 15.466834 6.139219 -9.284175 
-15.375492 -11.834744 90.252357 -165.884461 -2.111663 89.269810 0.225726 0.117266 13.608054 -8.033294 -13.165769 28.073337 -7.800720 11.387576 -8.576629 nan nan nan -8.295846 -11.746866 -30.756499 7.065695 -17.277467 14.349018 -1.242671 -11.892575 16.927601 nan nan nan 0.124875 -6.730816 8.487472 5.129165 -6.650665 5.078724 1.819186 -4.345223 -2.662046 -5.368462 -2.095995 -3.307648 7.880266 0.571197 -10.282125 -21.004556 -16.460733 4.202424 -54.316309 -35.913191 14.550432 11.326531 -21.350514 -23.413211 -9.331352 -16.917419 -12.944474 14.872436 0.628261 -2.985491 58.255390 -11.690134 -4.637464 -9.146063 16.283409 -16.002880 15.679035 6.042365 -9.275969 
-15.340265 -11.015435 90.175446 -166.134818 -2.110249 89.405326 0.743976 0.229027 11.818039 -9.106307 -11.724411 31.428058 -7.677955 11.288623 -7.562540 nan nan nan -8.229750 -11.983827 -31.477250 7.294095 -17.126415 16.248360 -2.127991 -11.689132 16.091926 nan nan nan 0.460355 -6.568689 9.352104 5.025475 -6.438492 4.265812 1.797035 -4.090113 -2.358358 -5.340244 -2.010276 -3.569076 7.706894 0.326010 -10.726414 -20.571614 -16.917202 3.903497 -54.589493 -35.868154 14.782334 10.741817 -20.331009 -22.136709 -10.148925 -16.310112 -13.051266 14.695493 1.328519 -2.858250 58.112933 -11.220997 -4.841911 -8.834601 16.570427 -15.470538 15.844981 5.675801 -8.786184 
-15.313489 -10.233981 90.070679 -166.287738 -2.149449 89.427285 1.261584 0.294219 9.941017 -9.954074 -10.004924 34.820952 -7.163815 10.963338 -6.363380 nan nan nan -8.232373 -12.278651 -32.076074 7.369199 -17.081537 18.205758 -2.710117 -11.480012 15.184090 nan nan nan 0.731698 -6.362572 10.497415 4.918085 -6.260558 3.337357 1.781263 -3.899012 -2.031331 -5.272702 -1.980887 -3.903145 7.619764 0.072988 -11.049641 -20.085961 -17.390329 3.657676 -54.646905 -35.933701 14.903526 10.086273 -19.481716 -20.840753 -11.279887 -15.589547 -12.913674 14.562493 1.937730 -2.757317 57.859030 -10.578331 -4.941611 -8.370617 16.866240 -14.793837 16.158060 5.136011 -8.048041 
-15.257814 -9.517010 89.943840 -166.302014 -2.169956 89.398716 1.898731 0.287253 7.836973 -10.545541 -7.986815 38.291059 -6.659621 10.467720 -4.454924 nan nan nan -8.308716 -12.507667 -32.563381 7.374745 -17.159864 20.110604 -3.020914 -11.235714 14.135577 nan nan nan 0.884068 -6.123761 11.736553 4.872984 -6.170489 2.591203 1.847461 -3.773459 -1.738049 -5.132445 -1.924446 -4.573678 7.538684 -0.245205 -11.198861 -19.405946 -17.904490 3.393036 -54.855665 -36.133553 15.089925 9.707582 -18.672941 -19.883572 -12.200802 -14.679045 -12.897148 14.460100 2.549030 -2.737441 57.501759 -9.731595 -4.766851 -7.990786 17.193897 -14.501013 16.495615 4.674546 -7.751517 
-15.221984 -8.827632 89.820892 -166.374704 -2.131104 89.387186 2.608112 0.379459 5.603909 -10.834531 -5.757024 41.699976 -6.307291 10.121652 -1.949267 nan nan nan -8.421268 -12.573453 -32.988627 7.393157 -17.410982 21.906720 -3.049140 -10.969783 13.004667 nan nan nan 1.131146 -5.901504 12.811924 4.801839 -6.094565 2.136780 1.907222 -3.589886 -1.456336 -5.020722 -1.804411 -5.411236 7.402356 -0.585351 -11.367257 -18.744991 -18.439932 2.936469 -55.075933 -36.368555 15.265883 9.359182 -17.756994 -19.221803 -13.391436 -13.680089 -12.821942 14.280827 3.282536 -2.837309 57.112175 -8.875663 -4.613774 -7.646574 17.575908 -14.540336 17.001212 4.167398 -7.381166 
-15.191562 -8.158304 89.726532 -166.566695 -2.000502 89.351244 3.444421 0.648279 3.348834 -10.980070 -3.577734 45.054875 -6.033454 9.869540 0.787144 nan nan nan -8.459845 -12.555916 -33.385387 7.422725 -17.692882 23.705539 -2.881222 -10.696326 11.791363 nan nan nan 1.515891 -5.678170 14.020176 4.694016 -5.930203 1.573415 1.966641 -3.420127 -1.174340 -5.039298 -1.685892 -6.136524 7.296379 -0.900763 -11.657350 -18.258728 -19.024396 2.609234 -55.116616 -36.582698 15.198663 9.126429 -16.881459 -18.407171 -14.477106 -13.066181 -12.627447 14.096519 4.044427 -2.872169 56.688517 -7.974974 -4.687536 -7.293583 18.102241 -14.330159 17.313812 3.853950 -6.592184 
-15.173032 -7.512053 89.663597 -166.708222 -1.839510 89.240645 4.345114 0.964148 1.171709 -11.033174 -1.536612 48.238797 -5.798398 9.890259 3.285809 nan nan nan -8.474726 -12.639069 -33.660406 7.472340 -18.004411 25.480200 -2.724496 -10.395190 10.547277 nan nan nan 1.944507 -5.409639 15.281754 4.573331 -5.744892 1.125866 2.035069 -3.347189 -0.957029 -5.025776 -1.627758 -6.845625 7.219491 -1.166336 -12.020664 -17.930118 -19.668228 2.368451 -54.908775 -36.789091 15.104837 8.943971 -16.182527 -17.309339 -15.083496 -12.439352 -12.153135 14.006468 4.792130 -2.939068 56.074808 -7.047703 -4.753343 -6.790489 18.688808 -13.983484 17.312923 3.437124 -5.779236 
-15.199252 -6.909313 89.620354 -166.793521 -1.773805 89.184295 5.065871 1.146422 -1.025655 -10.910289 0.559128 51.244649 -5.623237 10.302407 5.042692 nan nan nan -8.550784 -12.850673 -33.887489 7.555319 -18.228804 27.004773 -2.727815 -10.044864 9.501512 nan nan nan 2.325833 -5.153935 16.444738 4.472663 -5.717029 0.788817 2.078827 -3.283645 -0.791524 -4.977715 -1.537672 -7.512408 7.115712 -1.308785 -12.458616 -17.628457 -20.174843 2.180083 -54.693967 -36.995326 14.880483 8.905056 -15.787410 -16.468618 -15.716924 -11.420549 -11.427748 13.910733 5.621619 -2.973924 55.407664 -5.870762 -4.721034 -6.381567 18.955376 -13.652397 17.586738 2.823637 -4.711810 
-15.225410 -6.332639 89.567421 -166.897607 -1.782234 89.202860 5.735617 1.281744 -3.186109 -10.885997 2.606818 54.110055 -5.523580 10.928435 5.579771 nan nan nan -8.685702 -13.039093 -34.105869 7.757919 -18.395622 28.288935 -2.896619 -9.749672 8.473080 nan nan nan 2.531019 -4.928423 17.568901 4.418822 -5.755189 0.455034 2.160154 -3.159413 -0.681064 -4.837396 -1.357129 -8.206313 6.936093 -1.393753 -12.847188 -17.251805 -20.497715 1.977317 -54.611519 -37.219451 14.672179 8.864963 -15.564097 -15.728845 -16.645069 -10.632681 -10.680042 13.848670 6.364088 -2.960385 54.666104 -4.517010 -4.822673 -5.980549 18.998272 -13.216057 18.123442 2.236565 -3.581551 
-15.220876 -5.801830 89.529243 -166.948287 -1.776590 89.236343 6.433524 1.555355 -5.341132 -10.881029 4.399786 56.909910 -5.311699 11.499311 4.997086 nan nan nan -8.725969 -13.263735 -34.325592 7.900233 -18.530871 29.484670 -3.032813 -9.523892 7.522719 nan nan nan 2.573922 -4.673606 18.734465 4.480711 -5.778936 0.266404 2.329113 -3.049442 -0.693237 -4.615566 -1.233981 -8.988074 6.712945 -1.615383 -13.145295 -16.845889 -20.772383 1.737053 -54.575801 -37.458720 14.546586 8.881534 -15.560706 -15.067912 -17.186281 -9.885635 -10.058183 13.875490 7.062470 -3.055334 53.733091 -3.246172 -4.921903 -5.542527 19.205660 -12.844725 18.413738 1.781138 -3.012863 
-15.242952 -5.270908 89.525139 -167.062242 -1.795493 89.344285 7.018585 2.036047 -7.428300 -10.443381 6.155597 59.425638 -5.114789 11.501476 3.643232 nan nan nan -8.780687 -13.595329 -34.511974 8.040345 -18.736030 30.501663 -2.934247 -9.065816 6.629784 nan nan nan 2.685569 -4.408014 19.756561 4.543989 -5.807360 0.426347 2.451971 -2.942402 -1.142252 -4.487760 -1.042389 -9.295668 6.504237 -1.889610 -13.666095 -16.831451 -21.001227 1.680367 -54.155679 -37.559934 14.380755 8.864537 -15.701915 -14.274760 -17.266035 -9.608983 -9.214733 13.910062 7.922178 -3.059083 52.833747 -2.073715 -4.798875 -5.383342 19.463330 -12.738610 18.154928 2.095859 -3.094505 
-15.300562 -4.749884 89.514107 -167.192486 -1.885731 89.487616 7.412664 2.421493 -9.420774 -10.204234 7.711023 61.519432 -4.799228 11.559664 1.941609 nan nan nan -8.931433 -14.025434 -34.649545 8.262131 -18.917186 31.368983 -2.864670 -8.519979 5.781211 nan nan nan 2.774742 -4.060596 20.600899 4.600220 -5.834154 0.780954 2.549210 -2.862830 -1.613592 -4.405330 -0.730584 -9.634144 6.342277 -2.143539 -14.166285 -16.907701 -21.284442 1.704166 -53.552490 -37.715598 14.144016 8.744837 -16.014253 -13.675729 -17.383491 -9.641128 -8.135175 13.960527 8.793679 -3.091964 51.910381 -0.892461 -4.798814 -5.388848 19.741452 -13.248621 18.024461 2.819470 -3.537902 
-15.361691 -4.260387 89.500412 -167.302004 -2.034461 89.613714 7.722463 2.864177 -11.350073 -9.780169 9.177848 63.377882 -4.485857 11.416172 0.130880 nan nan nan -9.036263 -14.518510 -34.800626 8.415995 -18.863216 32.197855 -2.741822 -8.065398 5.039682 nan nan nan 2.778394 -3.674248 21.520871 4.648446 -5.804174 0.979822 2.674692 -2.795071 -1.901889 -4.366000 -0.449652 -10.016017 6.266226 -2.407267 -14.783453 -16.968384 -21.655316 1.719346 -52.880293 -37.897339 13.894116 8.532202 -16.492173 -13.019861 -16.358339 -9.489249 -6.776859 14.157783 9.606055 -3.167144 50.763084 0.215204 -4.786164 -5.159740 20.141368 -13.458812 16.961959 3.383508 -3.750536 
-15.402816 -3.809460 89.481750 -167.462854 -2.236648 89.842587 7.962561 3.483464 -13.373925 -9.184738 10.538811 65.005305 -4.368593 11.046165 -1.475992 nan nan nan -9.194375 -14.987545 -35.069073 8.555838 -18.984914 33.001510 -2.617766 -7.416714 4.351948 nan nan nan 2.787441 -3.354822 22.363742 4.629240 -5.778509 1.249548 2.741224 -2.720243 -2.362069 -4.368195 0.041452 -10.159148 6.167165 -2.892086 -15.437489 -17.155081 -21.942134 1.795855 -52.015297 -38.111892 13.499179 8.196573 -17.040701 -12.416726 -16.867464 -10.768843 -5.339522 14.359007 10.593461 -2.987668 49.821882 1.366434 -4.717444 -5.278945 20.553608 -13.270938 15.813174 4.205591 -3.266621 
-15.419768 -3.402294 89.450043 -167.629645 -2.477725 90.138060 8.090601 4.014326 -15.463831 -8.777491 11.759842 66.351330 -4.363841 10.542662 -2.713493 nan nan nan -9.348555 -15.437456 -35.453053 8.638724 -19.176657 33.782154 -2.594382 -6.829790 3.709762 nan nan nan 2.743603 -3.094568 23.390674 4.605959 -5.771311 1.144969 2.779106 -2.613517 -2.661468 -4.212094 0.350137 -10.450821 5.972755 -3.100689 -15.931649 -17.043421 -21.986476 1.613538 -51.715386 -38.203902 13.633547 8.131715 -17.502270 -11.401737 -15.489479 -11.004286 -4.403702 14.517531 11.429478 -2.977229 48.928529 2.565385 -4.341225 -5.394921 21.095520 -13.246238 14.211175 4.836027 -3.280421 
-15.500916 -2.973942 89.389114 -167.852865 -2.804337 90.491965 7.985078 4.548658 -17.520284 -8.448967 12.831799 67.431455 -4.215430 10.010276 -3.720349 nan nan nan -9.606240 -15.989741 -35.881231 8.752188 -19.325005 34.525506 -2.522366 -6.255014 3.095075 nan nan nan 2.644555 -2.827788 24.263307 4.593938 -5.760383 0.933454 2.813289 -2.402438 -2.764521 -4.157981 0.301196 -10.772668 5.848809 -3.036069 -16.289086 -17.009355 -22.068478 1.452721 -51.446876 -38.265714 13.847084 7.944612 -18.272038 -10.692426 -13.959252 -10.799493 -4.007161 14.676382 12.108962 -3.086703 47.887521 3.786302 -4.108760 -5.474988 21.665818 -13.463778 12.911655 5.221537 -3.302997 
-15.590560 -2.535238 89.317726 -168.141215 -3.143191 90.853357 7.869262 5.276944 -19.524528 -8.245956 13.713822 68.299412 -4.168882 9.372661 -4.689144 nan nan nan -9.865554 -16.512229 -36.310189 8.819615 -19.519897 35.254066 -2.387706 -5.691687 2.483267 nan nan nan 2.507045 -2.562826 25.042501 4.544567 -5.695576 0.825414 2.887372 -2.194403 -2.899518 -4.295365 0.348170 -10.868158 5.780763 -3.075008 -16.821324 -17.009201 -22.223890 1.419137 -51.094354 -38.337535 13.908297 7.744419 -19.124497 -10.318753 -12.909926 -11.368731 -3.501728 14.736258 12.817354 -3.005242 46.936764 5.161377 -4.182541 -5.642275 22.098978 -13.753791 11.513423 5.883614 -3.237019 
-15.606446 -2.153738 89.249382 -168.443509 -3.378456 91.240558 7.996752 6.073967 -21.553727 -8.273656 14.594335 68.974073 -4.175936 8.604103 -5.379376 nan nan nan -9.986730 -16.875375 -36.813027 8.898242 -19.710745 35.955560 -2.248756 -5.193726 1.909801 nan nan nan 2.442012 -2.223263 25.992815 4.451466 -5.475603 0.431282 2.981281 -2.139652 -2.911688 -4.374209 0.483147 -10.940753 5.713574 -3.196027 -17.402917 -17.093381 -22.477044 1.285374 -50.533726 -38.314544 13.964454 7.491990 -19.900184 -9.823753 -11.601983 -12.025812 -2.968929 14.725927 13.396563 -3.289503 46.190109 6.272400 -4.033931 -5.797412 22.768794 -13.552567 9.702298 6.115222 -3.521425 
-15.618328 -1.809490 89.169365 -168.860606 -3.630096 91.623553 8.099525 6.958410 -23.479247 -8.353477 15.469971 69.394470 -4.032203 7.876036 -5.795723 nan nan nan -10.113237 -17.089047 -37.395911 8.954987 -19.858014 36.707554 -2.141651 -4.732713 1.341882 nan nan nan 2.384625 -1.903914 27.061543 4.314323 -5.138120 -0.042600 3.000373 -2.111408 -2.923652 -4.352062 0.483771 -11.077509 5.699329 -3.352377 -17.929343 -17.209901 -22.637522 1.093466 -49.845443 -38.274914 14.128332 7.073805 -20.801938 -9.053088 -10.050572 -12.676409 -2.747981 14.769251 13.791599 -3.777295 45.497417 7.352801 -3.652115 -5.873251 23.575012 -12.939414 7.973186 6.142922 -3.711445 
-15.666909 -1.445271 89.079315 -169.270276 -3.900288 91.964910 8.076375 7.903749 -25.312958 -8.287500 16.207209 69.676059 -4.064276 7.373664 -6.253448 nan nan nan -10.301360 -17.391087 -37.879956 9.014689 -20.048712 37.457116 -2.026131 -4.123880 0.711378 nan nan nan 2.268618 -1.688212 28.085741 4.206192 -4.952586 -0.378790 3.042219 -1.945122 -3.041433 -4.382407 0.569378 -11.030516 5.596794 -3.367042 -18.584819 -17.294225 -22.641281 0.948688 -49.341976 -38.282682 14.236300 6.676250 -21.645042 -8.042852 -8.208862 -13.494940 -2.695247 14.726865 14.316819 -3.925719 44.765398 8.427182 -3.421845 -5.787882 24.529159 -12.264258 6.169727 6.765494 -3.856960 
-15.728368 -1.085231 88.990845 -169.676565 -4.112387 92.288885 8.146765 8.890199 -27.057320 -8.155374 17.031056 69.834618 -4.254733 7.046289 -6.853359 nan nan nan -10.405052 -17.750868 -38.286432 9.062722 -20.219935 38.127791 -1.927413 -3.455754 0.110100 nan nan nan 2.130137 -1.469375 29.203619 4.106041 -4.802572 -0.802898 3.145668 -1.671543 -3.117312 -4.318615 0.866236 -10.993322 5.409064 -3.443957 -19.295737 -17.016445 -22.685029 0.637058 -49.400582 -38.279857 14.513186 6.487279 -22.340698 -7.069861 -6.067959 -14.344961 -2.788046 14.368933 14.852934 -4.017899 44.294581 9.391959 -3.360062 -5.652677 25.620523 -11.421803 4.191084 7.608174 -4.061162 
-15.798297 -0.763924 88.893364 -170.159563 -4.347765 92.658218 8.236695 9.909047 -28.771592 -8.089901 17.939225 69.827952 -4.149171 6.685966 -7.121047 nan nan nan -10.467818 -18.165374 -38.794844 9.188632 -20.296141 38.768386 -1.956064 -2.890118 -0.414971 nan nan nan 2.014301 -1.222197 30.381133 3.942041 -4.554568 -1.435409 3.212733 -1.501445 -3.078002 -4.186763 1.121204 -11.091604 5.232110 -3.710218 -19.826388 -16.604874 -22.862214 0.239594 -49.389352 -38.129208 14.918564 6.215033 -23.051503 -6.371415 -3.662042 -15.268594 -3.107552 13.900824 15.349663 -4.350049 44.121163 10.298139 -2.921357 -5.813167 26.561284 -10.258048 1.885336 8.481177 -4.299728 
-15.845142 -0.453183 88.765251 -170.649023 -4.569372 93.011049 8.378617 10.847960 -30.415889 -8.095307 18.814840 69.672349 -4.031381 6.389698 -7.309022 nan nan nan -10.461272 -18.661448 -39.389164 9.418600 -20.229277 39.475840 -2.021870 -2.481382 -0.866942 nan nan nan 2.011126 -1.008254 31.515225 3.685910 -4.300500 -2.219896 3.204377 -1.403771 -2.800796 -4.147720 1.214122 -11.373695 5.201101 -3.937461 -20.143245 -16.413332 -23.061611 -0.046129 -48.806784 -37.988998 14.985292 5.656609 -23.946083 -5.774632 -1.765130 -15.701949 -3.577935 13.632360 15.679974 -4.487296 43.639989 10.941773 -3.125005 -5.306316 28.539462 -9.182664 0.057446 8.352315 -4.020752 
-15.893990 -0.117678 88.640862 -171.033710 -4.732323 93.346140 8.637725 11.571441 -31.932391 -7.945320 19.808103 69.386376 -3.887514 6.039844 -7.518665 nan nan nan -10.541494 -19.187341 -39.843789 9.599579 -20.413759 40.161529 -2.000247 -1.880428 -1.248009 nan nan nan 2.057195 -0.807800 32.346720 3.455914 -4.216718 -2.446548 3.110814 -1.211964 -2.767504 -3.925834 1.543744 -11.580250 5.087069 -4.143380 -20.552358 -15.861015 -23.341409 -0.310433 -48.670932 -37.883328 14.992067 5.640791 -24.638416 -5.384831 -0.886503 -16.301535 -3.770453 12.976691 16.292870 -5.051049 44.150712 12.322366 -2.667259 -6.296631 27.921533 -8.944630 -0.589972 9.059151 -4.829430 
-15.955632 0.216106 88.507599 -171.490304 -4.923437 93.706407 8.854743 12.323249 -33.297044 -7.732230 20.816058 68.908978 -3.805130 5.825946 -7.845385 nan nan nan -10.661747 -19.705212 -40.304549 9.803587 -20.551013 40.836716 -1.934856 -1.136458 -1.717241 nan nan nan 2.006957 -0.506249 32.899896 3.261166 -4.130976 -2.373407 3.100170 -1.084389 -2.824251 -3.883139 2.008257 -11.489435 4.979941 -4.254022 -21.034128 -15.655473 -23.619024 -0.554370 -48.362775 -37.862538 14.830022 5.581601 -25.190439 -5.369732 -0.196561 -16.087445 -2.461549 12.598490 16.979817 -5.147997 43.846231 13.260620 -2.542793 -6.465801 28.508868 -9.064160 -0.714045 9.326623 -5.167149 
-15.974263 0.528803 88.364258 -171.994983 -5.098740 94.143391 9.143622 13.193467 -34.648348 -7.493090 21.903502 68.269254 -3.818207 5.726294 -8.164314 nan nan nan -10.722200 -20.118020 -40.895823 10.047203 -20.704617 41.490550 -1.992861 -0.557055 -2.113767 nan nan nan 1.896135 -0.199482 33.793873 2.987551 -3.917878 -2.815793 3.087771 -0.854206 -2.920536 -3.625531 2.262550 -11.376150 4.875950 -4.427229 -21.368983 -15.412193 -23.601204 -0.752198 -48.493715 -38.211107 14.857082 5.419065 -25.429939 -4.916959 0.505626 -15.775388 -1.394900 12.207461 17.296820 -5.249046 43.914594 14.040101 -2.557520 -6.491741 29.283935 -8.746013 -1.295162 9.320122 -5.076211 
-16.007824 0.832284 88.190659 -172.426154 -5.250832 94.555670 9.498675 13.978953 -35.947494 -7.133655 23.043478 67.605922 -3.932739 5.694730 -8.371096 nan nan nan -10.805125 -20.584349 -41.496163 10.266291 -20.923374 42.225236 -1.971373 0.010493 -2.478217 nan nan nan 1.915361 -0.006785 34.654100 2.688595 -3.728967 -3.332104 2.966439 -0.722838 -2.875337 -3.283298 2.450027 -11.393071 4.779584 -4.593933 -21.576601 -14.998681 -23.594104 -1.044163 -48.642031 -38.508260 15.146205 5.285605 -25.517196 -4.255092 1.212721 -15.868260 -1.452016 11.625476 17.684159 -5.522958 44.268809 14.945992 -2.169790 -6.573347 29.585810 -8.480890 -2.296300 9.388616 -5.711462 
-16.064785 1.121024 88.004547 -172.842073 -5.343464 94.998041 9.921482 14.751173 -37.231570 -6.803617 24.136732 66.910235 -4.252047 5.898168 -8.474681 nan nan nan -10.849507 -21.100132 -42.123222 10.552792 -21.170252 42.935023 -2.013183 0.610239 -2.829402 nan nan nan 1.975973 0.182588 35.380537 2.424997 -3.524917 -3.769521 2.897136 -0.711209 -2.720040 -2.955981 2.730181 -11.666122 4.606731 -4.755036 -21.678799 -14.511087 -23.716528 -1.426273 -48.888349 -38.641576 15.474507 5.503413 -25.524178 -3.657903 2.037141 -16.030500 -1.378306 10.858211 18.117745 -5.969113 44.694337 15.967657 -1.693600 -6.441927 29.549410 -8.211321 -3.368228 9.494760 -6.764614 
-16.118088 1.432744 87.825005 -173.294825 -5.407701 95.527577 10.397199 15.460244 -38.489521 -6.542439 25.160263 66.078217 -4.633090 6.085406 -8.386826 nan nan nan -10.855919 -21.651350 -42.799800 10.843387 -21.480431 43.627163 -2.068642 1.345551 -3.066104 nan nan nan 1.987132 0.381024 36.164968 2.169571 -3.336538 -4.251688 2.845429 -0.637071 -2.820000 -2.625350 3.076021 -12.000939 4.447287 -4.995525 -21.578926 -14.035309 -23.600697 -1.877776 -49.522662 -38.807783 16.070484 5.906078 -25.349999 -3.225983 2.152548 -16.060465 -0.964615 10.344206 18.378942 -6.102077 45.004727 17.090530 -1.389687 -6.320180 29.464153 -8.115108 -3.650592 9.652519 -7.373075 
-16.171402 1.759451 87.632545 -173.731803 -5.433011 96.031796 10.954541 16.090715 -39.647103 -6.303204 26.114178 65.184977 -4.819670 6.043899 -8.222685 nan nan nan -10.847865 -22.096037 -43.496651 11.072409 -21.795702 44.430894 -2.048895 1.971557 -3.311292 nan nan nan 1.993802 0.510395 36.904560 1.929103 -3.196626 -4.599691 2.780364 -0.525918 -2.954627 -2.390083 3.474344 -12.461890 4.348275 -5.290167 -21.542668 -13.449350 -23.475703 -2.324701 -50.262414 -38.973182 16.607761 6.334826 -25.192524 -3.232781 1.588898 -16.022116 -0.982158 9.962276 18.762039 -5.915286 45.210967 18.366053 -1.237346 -6.443145 29.267375 -8.375298 -3.404033 9.673977 -7.776431 
-16.253599 2.090038 87.424774 -174.096151 -5.524569 96.367309 11.409908 16.683141 -40.619593 -6.251865 26.816920 64.214551 -4.915409 6.060808 -7.943960 nan nan nan -11.003193 -22.593552 -44.040331 11.338752 -22.042329 45.319607 -2.068340 2.527119 -3.586302 nan nan nan 1.860853 0.624766 37.643034 1.758693 -3.185125 -4.782713 2.794430 -0.388394 -3.022038 -2.246680 3.867781 -12.899666 4.353810 -5.440270 -21.517622 -12.901611 -23.535245 -2.750323 -50.742826 -39.105937 17.030720 6.267066 -24.914989 -3.269116 2.357477 -16.357685 -2.252436 9.586056 19.372424 -5.854109 45.189209 19.511092 -1.003705 -6.249075 28.990726 -8.550538 -4.058572 9.797345 -8.555894 
-16.357140 2.419896 87.208237 -174.500275 -5.709733 96.636156 11.694950 17.434140 -41.423820 -6.324850 27.247671 63.103853 -5.082120 5.847730 -7.700911 nan nan nan -11.241366 -23.270345 -44.598329 11.550986 -22.300244 46.377592 -1.932323 3.225822 -3.789045 nan nan nan 1.589943 0.688823 38.438671 1.579006 -3.270919 -5.209050 2.787460 -0.208143 -2.850649 -2.049973 4.109778 -13.106522 4.501932 -5.374981 -21.640122 -12.598153 -23.590403 -3.170048 -50.858849 -39.098739 17.509291 5.656028 -24.691894 -3.375312 4.725601 -16.734564 -4.335417 9.471377 20.191432 -5.905380 44.712847 20.567399 -0.385663 -5.528709 28.468619 -8.338261 -5.537205 9.851234 -9.940186 
-16.481903 2.730704 86.974098 -174.863920 -5.803721 96.976124 12.038806 18.097002 -42.315104 -6.448284 27.581692 61.913726 -4.953253 5.453393 -7.470655 nan nan nan -11.364640 -23.947131 -45.248258 11.708069 -22.635929 47.410130 -1.823945 3.918239 -3.861608 nan nan nan 1.551008 0.914244 38.896053 1.447574 -3.129139 -4.582300 2.757490 -0.326961 -3.424941 -1.733936 4.404107 -13.697904 4.234433 -5.583537 -21.542265 -12.383863 -23.770327 -3.490899 -51.077196 -38.941546 17.859931 6.779087 -24.816715 -3.038630 3.187416 -15.795745 -2.805792 9.216044 20.705423 -6.016159 44.461945 21.712938 0.319054 -5.262591 27.964150 -7.923938 -5.143304 9.466967 -10.314189 
-16.593916 3.027136 86.727287 -175.134275 -5.805104 97.414015 12.464278 18.569972 -43.361002 -6.780377 27.699531 60.628716 -4.793470 5.181628 -7.100249 nan nan nan -11.381201 -24.517209 -45.971846 11.872325 -23.007953 48.359082 -1.763320 4.430523 -3.959037 nan nan nan 1.575405 1.054939 39.536358 1.328556 -3.006979 -4.690455 2.767338 -0.372748 -3.673760 -1.611136 4.582730 -14.041016 4.206236 -5.810299 -21.620135 -12.179524 -24.153024 -3.743139 -51.457007 -38.688515 18.261421 7.710967 -24.666973 -3.007545 3.533901 -15.404555 -2.258105 8.987108 21.200614 -6.182291 44.390323 22.397922 0.763559 -4.760274 27.757669 -7.092436 -6.528071 9.284417 -9.898157 
-16.702639 3.339441 86.475380 -175.425084 -5.749772 97.709980 12.942818 19.161326 -44.182022 -7.164070 27.496156 59.388696 -4.754568 4.840641 -6.740796 nan nan nan -11.420971 -24.943039 -46.505571 12.037122 -23.293072 49.329999 -1.829635 4.927048 -4.284424 nan nan nan 1.475018 1.189345 40.342948 1.249712 -2.842233 -5.094212 2.924893 -0.370742 -3.646952 -1.510447 4.849983 -14.353349 4.180877 -6.013507 -21.735286 -12.056639 -24.694660 -3.967754 -51.474621 -38.362718 18.612948 8.188172 -24.459030 -2.878432 4.193884 -16.393143 -3.349939 8.789640 21.958403 -6.366273 44.167277 22.898305 0.946449 -4.344289 27.589576 -6.929227 -7.475815 9.390431 -10.277411 
-16.815697 3.657605 86.201302 -175.768826 -5.677695 97.828937 13.567151 19.844254 -44.714878 -7.462213 27.355846 58.306920 -4.695621 4.554688 -6.606402 nan nan nan -11.512803 -25.310537 -46.901548 12.138078 -23.568218 50.432171 -1.718672 5.447769 -4.653045 nan nan nan 1.314525 1.335922 41.164295 1.196210 -2.705809 -5.242407 3.081655 -0.394831 -3.595671 -1.353458 5.247073 -14.969188 4.044605 -6.153325 -21.609188 -11.936981 -25.072392 -4.171733 -51.268576 -38.271438 18.478711 8.414307 -24.462469 -3.223356 2.996869 -16.752462 -3.310221 8.779925 22.806662 -6.436339 43.691688 23.721136 0.981369 -4.114991 27.229209 -6.919788 -5.411830 9.550369 -10.341639 
-16.950041 3.962157 85.894287 -176.099258 -5.620149 98.019742 14.183147 20.356586 -45.320874 -7.757398 27.206931 57.246003 -4.565447 4.292702 -6.486333 nan nan nan -11.593736 -25.802520 -47.460277 12.246392 -23.854206 51.635838 -1.506927 5.989280 -4.879239 nan nan nan 1.190054 1.426964 41.913114 1.185414 -2.625704 -5.258914 3.140932 -0.425052 -3.748589 -1.308539 5.533836 -15.512525 3.955489 -6.171342 -21.517600 -11.796168 -25.190922 -4.297064 -51.184970 -38.417789 18.225137 8.680911 -24.268415 -3.575357 2.075387 -16.063212 -2.358869 8.942404 23.396258 -6.309018 43.303306 24.908723 1.166041 -4.101748 26.628443 -6.250026 -3.746468 9.558033 -9.267149 
-17.111740 4.280011 85.577087 -176.441183 -5.593113 98.215219 14.713342 20.840310 -45.907943 -7.976659 26.937481 56.266138 -4.437591 4.001974 -6.150691 nan nan nan -11.712563 -26.450244 -48.023208 12.431649 -24.103688 52.872332 -1.322430 6.653125 -5.070921 nan nan nan 1.019684 1.587858 42.660445 1.243373 -2.530996 -5.197343 3.225326 -0.438735 -4.052608 -1.335457 5.735387 -15.865799 3.818504 -6.224253 -21.620983 -11.561059 -25.276085 -4.390961 -51.301826 -38.422425 18.464761 8.964398 -24.215270 -3.531714 3.115642 -15.822498 -2.389386 9.055840 23.832019 -6.336268 43.142207 25.960459 1.758775 -4.137079 25.913108 -5.443075 -4.369749 9.458878 -8.823180 
-17.292900 4.610673 85.252220 -176.765113 -5.546207 98.370900 15.306196 21.417885 -46.393701 -8.161028 26.720764 55.476906 -4.336340 3.622495 -5.638638 nan nan nan -11.853784 -27.066722 -48.510246 12.520668 -24.389889 54.126236 -1.194903 7.367922 -5.249095 nan nan nan 0.940614 1.630377 43.450318 1.276432 -2.513291 -5.267381 3.227762 -0.457727 -4.248924 -1.365627 6.236955 -16.234437 3.636864 -6.525036 -21.809460 -11.377735 -25.342445 -4.474329 -51.156789 -38.174033 18.784604 9.004141 -24.494226 -3.076723 3.721744 -16.327134 -2.515425 9.384117 24.434539 -6.258734 42.950285 26.855600 2.456600 -4.123399 25.438355 -4.844865 -5.149621 9.403576 -9.436245 
-17.457523 4.929475 84.893806 -177.101096 -5.525673 98.593989 15.858314 22.031164 -46.937436 -8.413517 26.447583 54.768241 -4.124839 3.367865 -5.186243 nan nan nan -11.949123 -27.595955 -49.158867 12.536932 -24.629990 55.500544 -1.121108 7.997813 -5.536853 nan nan nan 0.810995 1.553163 44.059261 1.276922 -2.599406 -5.264975 3.086216 -0.393013 -4.383168 -1.342579 6.802465 -16.766815 3.598556 -6.845501 -21.858039 -11.145645 -25.279905 -4.612729 -50.870036 -38.082582 18.819544 8.816896 -24.751596 -2.513884 3.099665 -16.138068 -2.363581 10.014296 25.041685 -5.894825 42.699681 27.985049 2.926749 -4.172888 24.990907 -4.254543 -5.153867 8.996587 -9.523335 
-17.613098 5.234809 84.486183 -177.386252 -5.512840 98.803511 16.224363 22.593799 -47.577811 -8.455111 25.966232 54.217892 -3.840539 3.217612 -4.863373 nan nan nan -12.066362 -28.119982 -49.816397 12.575212 -24.879364 56.901140 -1.245232 8.563820 -5.905156 nan nan nan 0.663680 1.554894 44.463027 1.346747 -2.624676 -4.514912 2.960925 -0.331364 -4.997019 -1.349203 7.169986 -17.547991 3.513433 -7.074946 -21.695126 -10.883150 -25.309067 -4.714344 -50.621696 -38.381551 18.743340 8.595056 -24.428912 -1.991122 2.300565 -15.866423 -2.642159 10.344199 25.484294 -5.716891 42.726338 29.149650 3.472076 -4.336726 24.413600 -3.913894 -5.196756 8.650054 -9.743102 
-17.780016 5.516728 84.048180 -177.642532 -5.564056 99.072911 16.558699 23.004619 -48.288516 -8.596762 25.543472 53.710702 -3.572414 3.158798 -4.445056 nan nan nan -12.169273 -28.707086 -50.622588 12.689527 -25.068479 58.304754 -1.389011 8.904428 -6.269202 nan nan nan 0.453549 1.867913 44.729779 1.472149 -2.555475 -4.071791 3.128653 -0.355013 -5.253572 -1.609030 7.072811 -18.104382 3.529987 -7.178111 -21.739422 -10.935914 -25.693000 -4.475164 -50.053712 -38.824102 18.461919 8.085008 -24.273658 -1.678863 2.208430 -14.893858 -2.277492 10.535334 25.988526 -5.543628 42.497800 29.767487 3.678938 -4.330415 24.293988 -3.641079 -5.689548 8.183602 -9.982529 
-17.935024 5.833531 83.600601 -178.016790 -5.636750 99.293857 17.129857 23.582318 -48.690436 -8.795237 25.461217 53.265980 -3.536696 2.892783 -3.720252 nan nan nan -12.243482 -29.179826 -51.422203 12.640541 -25.208295 59.749365 -1.582358 9.358805 -6.748534 nan nan nan 0.120145 2.068810 45.484935 1.545377 -2.451503 -4.016030 3.198955 -0.330869 -5.769397 -1.701984 7.458071 -18.609118 3.401812 -7.515139 -21.611399 -10.598002 -25.427190 -4.488177 -50.181048 -39.034170 18.984750 7.447247 -24.629734 -0.921705 3.191484 -14.284484 -1.855605 11.074596 26.228361 -5.014878 42.314582 30.597724 4.162775 -4.188432 24.289467 -3.249448 -6.743973 8.152718 -9.936698 
-18.112135 6.147529 83.142136 -178.355819 -5.645350 99.417524 17.786154 24.157244 -48.990292 -9.068427 25.302864 52.916512 -3.741356 2.701826 -2.885306 nan nan nan -12.341799 -29.701299 -52.084126 12.489146 -25.444515 61.234132 -1.901701 9.959953 -7.175341 nan nan nan -0.091647 2.381390 45.974945 1.658215 -2.311651 -3.423640 3.306482 -0.354971 -6.308037 -1.830174 7.899652 -18.953896 3.356905 -7.868080 -21.953502 -10.421417 -25.740595 -4.486616 -49.947559 -39.029669 19.256674 7.096496 -24.757952 -0.283955 4.926243 -14.889401 -1.941789 11.590148 26.755827 -4.880049 41.792342 30.960964 4.291521 -3.873697 24.281728 -2.953691 -8.016931 9.084756 -9.636415 
-18.350084 6.437299 82.623390 -178.586191 -5.736947 99.584180 18.233469 24.506261 -49.504798 -9.251006 25.134781 52.799276 -3.730332 2.633474 -2.076209 nan nan nan -12.609418 -30.445540 -52.822857 12.499264 -25.704792 62.723230 -2.161297 10.426910 -7.355942 nan nan nan -0.114180 2.589394 46.172874 1.646039 -2.272932 -2.733023 3.295839 -0.421006 -6.535265 -1.808272 8.061798 -19.560539 3.247408 -8.029675 -22.277333 -10.320211 -26.444393 -4.579632 -49.345376 -38.969319 19.350719 7.079504 -24.838779 0.474286 5.726383 -14.788387 -1.819291 11.688054 27.194592 -5.293627 41.695758 30.989878 4.793885 -3.460188 24.466358 -2.686583 -8.223230 7.914650 -10.878197 
-18.642401 6.587753 82.046860 -178.657969 -5.519353 97.177133 18.590485 25.631886 -48.524554 -5.346937 24.581459 55.914980 -6.700024 -2.395804 -0.391519 nan nan nan -12.115251 -32.423088 -52.059092 6.557636 -24.880213 67.988082 2.825904 17.575966 -6.560907 nan nan nan 2.241215 4.085799 47.424228 1.337370 -3.189081 4.184155 4.140630 -1.506946 -8.352511 -6.826981 5.823810 -32.455089 6.965537 -8.239894 -12.945546 -5.091851 -30.500647 -12.294742 -49.297547 -33.921503 8.714023 1.908609 -27.387557 13.550318 6.693450 -12.578941 -6.498555 5.702653 26.279764 -9.247946 47.119924 34.440198 0.713066 -5.515002 22.363019 0.507422 -0.347773 9.257324 -7.643202 
-18.899611 6.937383 81.431717 -178.960550 -5.577048 97.434687 18.876601 26.330795 -49.241276 -5.198861 24.360630 56.470349 -7.011366 -2.906344 0.502488 nan nan nan -12.004280 -33.253017 -53.034383 5.942309 -24.747611 69.701248 2.741763 18.515710 -6.735364 nan nan nan 2.313543 3.810123 49.511511 0.918021 -3.296410 1.467325 4.211067 -1.484612 -7.990684 -7.337179 5.433791 -33.055692 7.702605 -7.982212 -12.300702 -4.776106 -30.609018 -12.641556 -49.447515 -33.120053 7.690535 0.899503 -27.506536 15.752911 5.501438 -12.754845 -7.544587 5.801382 26.745784 -8.765456 47.992904 34.943124 0.045636 -5.336558 22.059864 1.415375 0.104031 9.656702 -6.245518 
-19.164104 7.261694 80.808968 -179.273253 -5.607616 97.644650 19.397784 26.978890 -49.730217 -5.510550 24.328921 56.881706 -7.291033 -3.194985 1.345478 nan nan nan -12.058402 -33.970369 -53.925499 5.882556 -24.649041 71.252056 2.505809 18.933105 -7.023649 nan nan nan 2.208889 3.680828 50.630638 0.734232 -3.332259 -0.168402 4.199487 -1.344777 -7.347786 -7.639220 5.391996 -33.232264 8.092599 -8.008561 -12.543586 -4.918153 -31.040647 -12.365511 -48.863501 -33.029712 7.288522 0.498079 -27.322198 16.190265 4.891144 -12.976186 -8.386760 6.270314 27.397138 -8.274720 47.767281 35.271805 -0.399730 -4.925498 21.832643 2.006081 0.106872 9.842450 -5.379273 
-19.435417 7.588385 80.161140 -179.514642 -5.624837 97.793372 19.887874 27.570613 -50.215660 -5.876017 24.193426 57.414164 -7.633324 -3.513187 2.113489 nan nan nan -12.244645 -34.788948 -54.736693 5.938772 -24.651485 72.906180 2.362238 19.319927 -7.200982 nan nan nan 2.155763 3.643613 51.140456 0.634427 -3.390675 -0.675353 4.138620 -1.225706 -7.010060 -7.818901 5.294320 -33.496885 8.495831 -8.103094 -12.869049 -5.194303 -31.752715 -12.180049 -48.110067 -32.929377 6.919220 0.347398 -27.095830 16.160790 4.615242 -12.518896 -7.940916 6.805794 28.163470 -7.887642 47.325608 35.522481 -0.997843 -4.552448 21.533604 2.143626 0.625974 9.850319 -4.214641 
-19.723011 7.922434 79.512512 -179.766158 -5.663219 97.916430 20.158884 28.215001 -50.905677 -6.163842 23.731943 58.345508 -7.786644 -3.874930 2.799422 nan nan nan -12.376456 -35.668413 -55.568146 5.959907 -24.558386 74.585431 2.204643 19.827909 -7.374424 nan nan nan 2.152396 3.601514 52.081531 0.496476 -3.420875 -1.611721 4.138091 -1.186991 -6.790065 -7.935614 5.177541 -33.983893 8.697781 -8.082738 -12.865027 -5.572910 -32.126326 -12.101793 -47.550029 -32.786409 6.573649 -0.363556 -26.896066 16.913688 4.998464 -12.168995 -7.258557 7.299716 28.730167 -7.490285 47.055674 35.576028 -1.312060 -3.900012 21.675471 2.613911 -0.624129 10.535157 -3.051364 
-20.021957 8.257588 78.865929 179.907756 -5.681626 98.232781 20.303770 29.103597 -51.898420 -6.372766 23.234292 59.747744 -8.086856 -4.420439 3.313734 nan nan nan -12.301331 -36.452002 -56.706375 5.719500 -24.425897 76.341577 2.022909 20.507642 -7.653552 nan nan nan 2.058138 3.341223 53.597989 0.195259 -3.451338 -4.238883 4.087908 -1.039505 -6.006438 -8.058616 5.200814 -34.055566 9.016467 -7.996782 -12.888640 -6.179060 -32.133922 -11.703102 -47.129319 -32.490557 6.449651 -1.189962 -26.964376 18.375840 5.561142 -12.136198 -6.961873 8.195925 29.172624 -6.663369 46.772851 35.591625 -1.615485 -2.860029 21.902380 3.924720 -2.797287 11.479139 -2.730983 
-20.315886 8.627452 78.236343 179.613368 -5.649994 98.738739 20.382367 30.112777 -53.099176 -6.673983 22.697133 61.515305 -8.489506 -5.187558 3.333515 nan nan nan -12.096262 -37.199377 -58.033807 5.271095 -24.366271 78.186657 2.012338 21.303700 -7.960541 nan nan nan 1.871724 2.836455 55.634424 -0.199794 -3.568470 -8.666364 3.985643 -0.779175 -4.620450 -8.126110 5.271095 -33.375488 9.614063 -7.624105 -13.140963 -7.227708 -31.903111 -10.892998 -46.801602 -32.033588 6.531532 -1.835434 -27.116341 19.945229 5.966599 -12.309024 -6.829535 9.658327 29.518275 -5.346988 46.502603 35.552103 -2.119371 -1.779438 21.901914 5.880608 -3.184114 11.401886 -2.630017 
-20.632421 8.913330 77.580246 179.357313 -5.555572 98.772383 20.860797 30.828675 -53.755420 -7.081863 22.283980 63.496474 -8.942941 -5.802371 2.786518 nan nan nan -12.242246 -37.809611 -58.760621 5.339134 -24.284998 79.763616 1.978082 21.739013 -8.215276 nan nan nan 1.832399 2.834833 56.232223 -0.243524 -3.500230 -8.593105 3.969856 -0.733214 -4.767300 -8.138248 5.439521 -34.346547 9.613666 -7.652673 -12.794114 -7.655619 -32.289795 -10.880685 -46.336662 -32.013383 6.102390 -1.963522 -27.007060 19.919350 5.982624 -12.261605 -6.643522 10.175590 29.987911 -5.040014 46.170155 35.749595 -2.334594 -1.583907 21.892168 6.774524 -1.890170 10.899402 -1.325023 
-20.951563 9.220345 76.872002 179.081229 -5.480044 98.983149 21.429246 31.548123 -54.467001 -7.185998 22.382960 65.744802 -9.406632 -6.420530 1.856399 nan nan nan -12.263644 -38.395538 -59.790384 5.342014 -24.185318 81.432806 1.951801 22.158381 -8.476530 nan nan nan 1.765009 2.873650 56.707687 -0.305460 -3.462573 -8.801630 4.017847 -0.686452 -4.913059 -8.179524 5.323340 -34.738856 9.775244 -7.576387 -12.771435 -8.245961 -32.598339 -10.810038 -46.062772 -31.977164 5.453607 -2.065761 -26.845130 19.510931 5.126185 -11.388320 -6.463452 10.796293 30.443859 -4.403714 45.899719 35.894785 -2.664983 -1.411105 22.019685 7.572301 -1.236746 10.409941 0.359835 
-21.279289 9.505249 76.129135 178.720858 -5.433974 98.880598 22.288418 32.147684 -54.629339 -6.962655 22.909492 67.969934 -9.861105 -7.185718 1.088033 nan nan nan -12.536343 -38.868446 -60.520096 5.462478 -24.061821 83.056705 1.913590 22.433394 -8.676570 nan nan nan 1.660482 3.085959 56.968694 -0.274415 -3.257160 -7.276783 4.024357 -0.755312 -5.754852 -8.210623 5.602224 -36.262586 9.560891 -7.915700 -12.152140 -8.227654 -32.849970 -11.381483 -46.033216 -32.068424 5.112071 -2.001948 -26.742170 19.051937 4.800146 -10.733904 -5.585815 10.942417 30.839597 -4.498933 45.851061 36.173476 -2.585978 -1.448334 22.047191 7.442248 -0.063013 10.224370 1.568187 
-21.613161 9.799642 75.356400 178.392498 -5.402508 98.836679 22.894948 32.841814 -55.010162 -6.552858 23.324418 70.218122 -10.391776 -7.801390 0.717855 nan nan nan -12.771582 -39.409647 -61.336621 5.407899 -23.951464 84.764191 1.812413 22.828484 -8.943112 nan nan nan 1.566475 3.238298 57.490572 -0.267383 -3.100240 -6.712992 3.995222 -0.765547 -6.209909 -8.287625 5.898134 -37.176359 9.509134 -8.195003 -11.836684 -8.378983 -33.320360 -11.527569 -45.624148 -31.911604 4.925410 -2.169911 -26.957773 18.739856 5.252427 -10.835268 -5.336656 11.347858 31.334029 -4.460780 45.607867 36.214021 -2.691569 -1.522584 21.894945 7.623561 1.131995 10.107652 3.212693 
-21.960032 10.098306 74.565994 178.061084 -5.339110 98.972113 23.340990 33.680912 -55.661280 -6.158837 23.712396 72.412155 -10.692832 -7.954719 0.386990 nan nan nan -12.797853 -39.964665 -62.433849 5.256764 -23.817263 86.486414 1.739764 23.242726 -9.111375 nan nan nan 1.446546 3.335374 58.131259 -0.285075 -3.083143 -6.914337 4.003847 -0.667956 -6.429741 -8.384320 5.983120 -37.577461 9.745771 -8.293444 -11.902097 -8.750712 -33.934992 -11.413690 -45.084228 -31.679042 4.328965 -2.340332 -26.629292 18.997970 5.205533 -10.249541 -3.978268 11.922183 31.960688 -3.994604 45.351035 36.107439 -3.126601 -1.756283 21.832561 8.218478 1.977791 9.587505 4.643920 
-22.323812 10.398087 73.762421 177.754939 -5.242337 99.062988 23.732371 34.526498 -56.353369 -5.955252 23.957003 74.568817 -10.789982 -7.919953 -0.137792 nan nan nan -12.808692 -40.541227 -63.522589 5.120062 -23.624674 88.225062 1.867703 23.674706 -9.157365 nan nan nan 1.350256 3.315777 58.829307 -0.348959 -3.051092 -7.307825 3.994643 -0.577103 -6.468999 -8.434502 6.079623 -38.000146 9.969924 -8.400659 -11.998414 -9.192227 -34.362882 -11.092020 -44.485388 -31.638445 3.657640 -2.416899 -26.528117 18.960420 4.522043 -10.140927 -4.000187 12.424758 32.437708 -3.484581 45.100463 36.106154 -3.327457 -1.482714 21.689134 9.099096 1.708244 9.753688 5.220956 
-22.684103 10.677278 72.954659 177.521496 -5.079680 99.115537 24.083034 35.280873 -57.132995 -6.202406 23.983243 76.509521 -10.527820 -7.893571 -0.730163 nan nan nan -12.834173 -41.116988 -64.505355 5.094839 -23.540925 89.880538 1.863225 23.921611 -9.297984 nan nan nan 1.293284 3.234403 59.554197 -0.377092 -2.971209 -7.716797 3.955745 -0.466707 -6.418510 -8.455587 6.237848 -38.592781 10.035003 -8.587845 -12.013534 -9.392237 -34.542553 -10.926121 -44.009724 -31.632410 3.636331 -2.848150 -26.824803 19.041859 5.728486 -10.475388 -4.969626 12.928869 32.770315 -3.089805 44.691011 36.090331 -3.143835 -0.666044 21.543734 10.234692 -0.480995 10.577526 5.630900 
-23.045801 10.946667 72.158119 177.334095 -4.950958 99.104177 24.240729 36.032770 -57.961952 -6.482568 23.862254 78.379438 -10.013025 -8.183203 -1.382110 nan nan nan -12.900692 -41.757393 -65.387399 5.059613 -23.438933 91.484196 1.579917 24.139507 -9.574655 nan nan nan 1.382901 3.100371 60.381374 -0.462513 -2.983056 -7.993390 3.875210 -0.426736 -6.469050 -8.611961 6.273849 -39.256180 10.123298 -8.588260 -12.027436 -9.526492 -34.820810 -10.932875 -43.480523 -31.505572 3.508868 -3.216375 -27.039661 19.315987 6.856183 -10.444914 -5.489094 13.284762 33.233585 -2.836589 44.376684 36.068562 -3.148321 -0.104035 21.443819 10.888802 -1.506794 10.847372 5.950181 
-23.407187 11.210881 71.368904 177.179295 -4.839756 99.112167 24.130137 36.909962 -59.029120 -6.645480 23.508661 80.338495 -9.419127 -8.662734 -2.085218 nan nan nan -12.773161 -42.471302 -66.408234 5.105650 -23.166171 93.002526 1.200504 24.338195 -9.873861 nan nan nan 1.521010 3.005343 61.200269 -0.613879 -3.054538 -8.249151 3.913625 -0.461509 -6.560029 -8.758883 5.887920 -39.611103 10.563051 -8.196809 -12.343066 -9.895312 -35.324842 -10.934661 -42.765528 -31.454961 2.544472 -3.712211 -26.851988 19.224324 7.244800 -8.512149 -4.580057 13.418621 33.744428 -2.526121 44.123326 35.926765 -3.539722 0.463143 21.754761 11.277829 -1.674188 10.458621 5.734442 
-23.755167 11.460206 70.565117 177.016081 -4.727298 99.169989 24.015307 37.816059 -60.200924 -6.410148 23.178453 82.489746 -9.345746 -9.083351 -2.697232 nan nan nan -12.742048 -43.061094 -67.446053 4.968424 -22.960498 94.570716 1.243240 24.746025 -9.957904 nan nan nan 1.517878 2.984282 62.113433 -0.652607 -2.998853 -8.824546 3.965178 -0.603786 -6.535777 -8.782117 6.237266 -40.044660 10.551170 -8.315684 -12.473584 -10.132026 -35.467142 -10.571840 -42.040112 -31.598124 2.006322 -4.092075 -26.716682 20.417263 7.721391 -8.748830 -4.794790 13.785526 33.783655 -2.165661 44.054465 36.322082 -3.697261 1.527937 21.457635 11.568609 -4.306518 11.411155 2.493078 
-24.107141 11.686288 69.725647 176.841317 -4.667864 99.318762 24.048295 38.567215 -61.257129 -5.969474 23.174826 84.656017 -9.149357 -9.559901 -3.349932 nan nan nan -12.565492 -43.668610 -68.784230 4.889257 -22.726395 96.184870 1.173357 24.925351 -10.058720 nan nan nan 1.322257 3.065091 62.674677 -0.526652 -3.001803 -9.009560 3.999063 -0.586952 -6.585666 -8.824515 6.362801 -40.688952 10.646998 -8.525127 -12.418281 -10.082328 -35.736947 -10.513245 -41.674656 -31.535689 1.490149 -3.996826 -26.795290 20.623630 6.683089 -8.882240 -4.388276 14.242995 33.903175 -2.089626 44.234662 36.695586 -4.101001 0.829579 21.311990 12.106919 -0.380097 10.120764 5.162044 
-24.459808 11.910089 68.889610 176.678842 -4.561553 99.443325 24.118216 39.265483 -62.277413 -5.442781 23.108832 86.816357 -9.140569 -10.076841 -3.893576 nan nan nan -12.423691 -44.219865 -70.035762 4.740446 -22.570786 97.755072 0.964854 25.055003 -10.201928 nan nan nan 1.178391 3.068434 63.189521 -0.495325 -3.000399 -9.156387 4.030251 -0.543904 -6.601944 -8.961407 6.443622 -41.100970 10.857076 -8.713835 -12.661294 -10.169977 -36.034828 -10.399644 -41.018410 -31.476147 0.932079 -4.258317 -26.951386 20.533737 4.159654 -8.568556 -4.907090 14.702595 34.173054 -1.794897 44.036592 36.894298 -4.438418 0.949406 21.185282 12.497238 1.972290 9.092445 6.121087 
-24.803205 12.130810 68.081825 176.521746 -4.470234 99.485999 24.148805 39.861412 -63.183615 -5.253516 22.975151 88.712104 -9.197084 -10.254427 -4.493967 nan nan nan -12.406154 -44.766558 -71.151668 4.790545 -22.431149 99.143528 1.058497 25.126260 -10.140562 nan nan nan 1.134288 3.084106 63.969552 -0.535089 -2.963060 -9.599152 4.061488 -0.641369 -6.491354 -8.962344 6.511650 -41.426521 11.003585 -8.774945 -12.974116 -10.193688 -36.172591 -10.322433 -40.449765 -31.545082 1.056839 -4.569651 -26.856242 20.977695 6.875665 -8.692541 -5.423631 14.876645 34.362680 -1.770879 43.824908 36.804316 -4.123737 2.386037 20.899884 12.856309 -0.232546 9.646737 3.321877 
-25.158148 12.331582 67.290642 176.444966 -4.414694 99.607291 24.177934 40.200471 -64.067334 -5.096602 23.002904 90.408460 -9.064807 -10.404280 -5.300461 nan nan nan -12.359678 -45.382089 -72.341170 4.776602 -22.256064 100.487131 1.250163 25.340045 -10.048295 nan nan nan 1.241131 3.084085 64.804110 -0.545817 -3.005887 -10.131256 4.032568 -0.762374 -6.518981 -8.921488 6.553669 -41.822253 11.173271 -8.957493 -13.033878 -10.473558 -36.555559 -10.127630 -39.760809 -31.532254 0.929598 -4.629169 -26.694584 20.580996 8.199866 -9.006966 -6.384291 15.400136 34.664961 -1.600508 43.304159 36.701723 -4.015200 2.483277 20.989793 13.848693 -1.007809 9.476446 4.496321 
-25.497622 12.538270 66.486038 176.355373 -4.311797 99.786986 24.190302 40.556260 -65.027235 -5.088963 22.963723 92.017606 -8.987525 -10.643371 -6.012564 nan nan nan -12.223927 -45.893739 -73.620151 4.622859 -22.080523 101.915954 1.400597 25.514746 -10.033771 nan nan nan 1.453734 3.018013 65.581124 -0.652341 -3.062487 -10.677762 3.991488 -0.856349 -6.646742 -8.996525 6.628938 -41.824977 11.399323 -9.182761 -13.309809 -11.180877 -37.060512 -9.536317 -38.623027 -31.587543 0.023482 -5.278432 -26.384291 20.724243 9.215627 -8.756872 -5.392439 16.242548 34.988138 -0.790447 42.381529 36.916539 -4.606434 2.396646 21.103825 14.253332 -6.685610 11.350260 6.464625 
-25.828373 12.721105 65.673477 176.228529 -4.269130 99.987003 24.282586 40.856640 -65.876878 -5.165405 23.086303 93.567451 -8.591076 -10.708994 -6.768324 nan nan nan -12.082212 -46.395261 -75.002987 4.739600 -21.994394 103.248634 1.464390 25.415586 -9.979823 nan nan nan 1.399837 3.027773 66.121608 -0.676208 -3.039099 -10.881306 3.995419 -0.905065 -6.737137 -9.057677 6.403735 -42.147871 11.727427 -9.128716 -13.404395 -11.413137 -37.533555 -9.219731 -38.030551 -31.472013 -0.655981 -5.125948 -26.482743 20.418833 9.758901 -8.851509 -4.196035 16.427853 35.308219 -0.620325 42.324430 36.976872 -5.035788 2.239367 21.084173 14.039867 -5.374141 10.870884 8.209840 
-26.152311 12.900603 64.874168 176.041930 -4.267125 100.152959 24.429771 41.183652 -66.637829 -5.260466 23.256285 95.112715 -8.294025 -10.650581 -7.703170 nan nan nan -12.074753 -46.793984 -76.200383 4.787957 -21.898739 104.467426 1.504211 25.526029 -10.187286 nan nan nan 1.188690 3.106634 66.658434 -0.677172 -2.983862 -11.026893 4.041701 -0.873761 -6.732640 -9.200020 6.461769 -42.694274 11.892018 -9.338599 -13.563865 -11.501350 -37.790125 -9.190436 -37.675838 -31.465829 -1.038568 -4.860994 -26.535973 20.188203 8.987918 -8.386258 -4.230652 16.686933 35.351899 -0.538117 42.014770 37.127128 -5.242475 2.321581 21.248943 15.522056 -3.187364 9.651870 9.957155 
-26.476200 13.079418 64.113487 175.817092 -4.195238 100.207274 24.656516 41.642365 -67.279202 -5.300966 23.330995 96.697205 -8.009934 -10.596968 -8.817436 nan nan nan -12.133051 -47.090105 -77.096827 4.614079 -21.730985 105.654157 1.476439 25.890619 -10.636040 nan nan nan 1.003512 3.131033 67.381452 -0.768591 -2.889511 -11.218396 4.119216 -0.821874 -6.779648 -9.334277 6.571185 -43.065040 12.020036 -9.501378 -13.844775 -11.668199 -38.046061 -9.259458 -37.203459 -31.412518 -1.443050 -4.744274 -26.519353 19.931152 6.512999 -7.165851 -4.984819 16.968171 35.489135 -0.340534 41.553299 37.280792 -5.583014 2.716644 21.361952 16.393644 -1.572409 8.687152 9.770455 
-26.809204 13.265812 63.351925 175.666351 -4.127006 100.252778 24.829698 42.059589 -67.968627 -5.292366 23.369818 98.262801 -7.553654 -10.573930 -10.014151 nan nan nan -12.256226 -47.482521 -77.918076 4.543406 -21.600444 106.792889 1.431998 26.213505 -11.113769 nan nan nan 0.960036 3.120775 68.074667 -0.839614 -2.828300 -11.403361 4.161704 -0.904918 -6.855869 -9.349708 6.505348 -43.261554 12.192305 -9.499360 -14.217562 -11.796722 -38.389863 -9.168031 -36.725643 -31.225485 -1.658609 -4.543372 -26.696539 20.043852 7.507789 -7.120798 -4.156943 17.039254 35.843983 -0.214155 41.148649 37.207942 -5.843132 3.282667 21.424229 16.748783 -1.179982 8.508350 8.377166 
-27.132008 13.441998 62.607834 175.500221 -4.042031 100.334610 25.004316 42.485290 -68.636386 -5.202528 23.474703 99.752705 -7.139251 -10.642849 -10.888479 nan nan nan -12.183206 -47.831814 -78.880485 4.624659 -21.505467 107.847504 1.115671 26.273801 -11.643990 nan nan nan 0.931615 3.093711 68.677795 -0.933631 -2.749880 -11.489806 4.199982 -0.968703 -7.021951 -9.462643 6.323060 -43.254836 12.427775 -9.348600 -14.732572 -11.896266 -38.678004 -9.221271 -36.216522 -31.005564 -1.961310 -4.789224 -26.775846 20.017087 8.117239 -6.405601 -3.742387 17.184686 36.158460 -0.055449 40.567677 37.215683 -6.257042 3.818551 21.509666 17.081237 -1.013648 8.063508 8.026768 
-27.422371 13.608408 61.889084 175.335989 -3.927101 100.436518 25.223115 42.953393 -69.273011 -5.024827 23.575378 101.228012 -7.116737 -10.878147 -11.459765 nan nan nan -12.005056 -48.148688 -79.874933 4.626423 -21.369474 108.933061 0.915017 26.396190 -12.034454 nan nan nan 0.917657 3.085867 69.335091 -1.037173 -2.671476 -11.640358 4.198312 -0.978392 -7.290105 -9.561124 6.316161 -43.316947 12.620775 -9.385586 -15.027530 -12.069636 -38.865090 -9.185121 -35.663595 -30.856961 -2.341992 -5.083259 -26.728039 20.261399 7.609682 -6.210018 -4.236765 17.560511 36.313445 0.258318 39.990662 37.323590 -6.795993 4.098778 21.643848 17.330327 -1.639491 8.325242 8.213171 
-27.713619 13.759164 61.168701 175.233756 -3.780321 100.480281 25.563926 43.369248 -69.896765 -4.734537 23.631164 102.792978 -7.350750 -11.095372 -12.177852 nan nan nan -12.035419 -48.526533 -80.690772 4.497108 -21.264987 110.045497 0.990123 26.714529 -12.208435 nan nan nan 1.022357 3.066019 70.054054 -1.106082 -2.628152 -11.886250 4.161870 -1.025059 -7.479145 -9.577213 6.514757 -43.411519 12.647956 -9.493208 -15.178845 -12.270978 -39.043123 -8.972177 -35.082129 -30.874654 -2.667494 -5.093797 -26.507717 20.634006 6.528839 -6.977591 -5.026146 17.816310 36.441052 0.535794 39.385922 37.439042 -7.234961 4.386107 21.780465 17.439233 -2.379034 8.979887 7.369425 
-28.035084 13.909770 60.458794 175.173580 -3.705703 100.418443 25.725072 43.723736 -70.513969 -4.534717 23.584317 104.300430 -7.565993 -11.355923 -12.804614 nan nan nan -12.151463 -48.984620 -81.421872 4.396088 -21.040299 111.148041 0.883657 27.024309 -12.592779 nan nan nan 1.173557 2.936338 70.830643 -1.224991 -2.609898 -12.086355 4.096840 -1.072277 -7.563221 -9.665896 6.502953 -43.624434 12.710133 -9.633175 -15.347759 -12.380379 -39.400584 -8.859830 -34.578047 -30.754767 -3.012347 -4.991773 -26.418778 20.647356 5.983293 -7.332899 -5.081617 17.788443 36.800822 0.491967 38.893961 37.300875 -7.582648 4.463138 21.964946 17.390760 -1.863716 8.962662 6.515636 
-28.347317 14.066178 59.760841 175.048147 -3.726039 100.410785 25.764824 44.077016 -71.089463 -4.473886 23.572050 105.663725 -7.632956 -11.707711 -13.150683 nan nan nan -12.180533 -49.390348 -82.331554 4.395067 -20.779947 112.178906 0.766615 27.307490 -12.982064 nan nan nan 1.246619 2.870983 71.531194 -1.344727 -2.614474 -12.190674 4.013471 -1.062066 -7.759880 -9.867714 6.413620 -43.734819 12.869353 -9.808744 -15.634596 -12.487668 -39.803950 -8.792812 -34.071921 -30.489922 -3.224243 -5.283463 -26.413179 20.511975 6.507574 -7.589872 -4.914325 17.842246 37.280642 0.491984 38.605713 36.944774 -7.798487 3.868729 22.335686 16.937325 -1.918658 8.881540 7.051623 
-28.622885 14.200225 59.080853 174.915296 -3.668480 100.457803 25.970628 44.329494 -71.620584 -4.358880 23.556135 106.960024 -7.663863 -12.124424 -13.547365 nan nan nan -12.163787 -49.667085 -83.202135 4.283966 -20.548008 113.198525 0.877907 27.621346 -13.425101 nan nan nan 1.410209 2.838511 72.226276 -1.452769 -2.630751 -12.502626 3.918305 -1.084273 -7.799444 -10.023262 6.683641 -43.986320 12.792200 -10.153901 -15.791412 -12.690571 -39.972886 -8.592290 -33.513264 -30.508284 -3.562331 -5.864833 -26.282779 20.895625 6.660708 -8.174986 -5.459437 18.161390 37.399124 0.865413 38.040442 37.021746 -8.111285 3.338930 22.672828 16.835936 -5.769593 10.205878 8.059373 
-28.906334 14.325716 58.424461 174.829343 -3.573132 100.408467 26.334091 44.531156 -71.978615 -4.308077 23.646870 108.243417 -7.545276 -12.423644 -14.118899 nan nan nan -12.345759 -49.961250 -83.810967 4.270504 -20.430343 114.141219 0.902783 27.853832 -13.841937 nan nan nan 1.500996 2.709874 72.830314 -1.544272 -2.629140 -12.609059 3.879564 -1.122363 -7.806788 -10.108495 6.833704 -44.350838 12.647729 -10.141716 -15.762596 -12.765144 -40.114510 -8.527735 -33.151993 -30.393305 -3.937674 -5.842959 -26.421206 20.977833 4.515469 -8.100816 -6.502834 18.280041 37.442546 1.059527 37.476337 37.222529 -8.488570 3.480722 22.856182 17.577368 -4.550875 10.138735 8.626208 
-29.208744 14.450848 57.784733 174.779893 -3.540854 100.320019 26.548489 44.740033 -72.304739 -4.395828 23.751074 109.381134 -7.272281 -12.710417 -14.826900 nan nan nan -12.563356 -50.328328 -84.379893 4.425266 -20.345405 114.960318 0.327614 27.886086 -14.562013 nan nan nan 1.393165 2.439535 73.375001 -1.681153 -2.657399 -12.615199 3.868930 -1.061428 -7.849023 -10.239623 6.960175 -44.649711 12.622838 -9.990250 -15.718085 -12.750305 -40.234417 -8.681487 -32.835683 -30.190439 -4.411643 -5.961052 -26.289673 21.272435 3.692503 -7.679156 -7.089228 18.310570 37.605670 1.243938 37.063362 37.472256 -8.955452 3.546746 22.797426 18.196770 -3.940764 9.939372 9.256752 
-29.486509 14.589685 57.142105 174.651111 -3.478293 100.312754 26.766455 45.005232 -72.663237 -4.477789 23.765848 110.462508 -6.950245 -12.818381 -15.902383 nan nan nan -12.514307 -50.622208 -85.184124 4.651719 -20.259847 115.731979 -0.399313 27.781997 -15.405940 nan nan nan 1.268750 2.370620 73.780278 -1.788526 -2.637079 -12.538414 3.946185 -0.994507 -7.976870 -10.366263 6.904752 -44.695879 12.731214 -9.774119 -15.939660 -12.925163 -40.349662 -8.843611 -32.670859 -30.010969 -4.654143 -6.215935 -26.053306 21.526278 5.325822 -7.102121 -6.690198 18.369386 37.921005 1.284225 36.724175 37.432733 -9.170854 3.582737 22.599500 18.213736 -5.561315 9.864851 9.783913 
-29.721251 14.714824 56.467773 174.432352 -3.463789 100.388454 27.072225 45.285834 -72.955229 -4.314007 23.839103 111.659510 -6.762470 -12.769527 -17.344861 nan nan nan -12.372444 -50.800277 -86.243885 4.782864 -20.190648 116.603198 -0.607772 27.702339 -15.913661 nan nan nan 1.212392 2.474604 74.098454 -1.911739 -2.514988 -12.595962 3.931975 -1.031445 -8.061860 -10.440042 6.868875 -44.472660 12.842629 -9.818967 -16.382952 -13.217992 -40.519492 -8.714414 -32.363812 -29.820427 -4.479226 -6.825811 -26.093880 21.885122 8.644231 -7.341795 -5.468877 18.715461 38.155605 1.496160 36.253404 37.267210 -9.237769 3.739017 22.367454 18.162256 -8.741722 10.117802 10.647973 
-29.944601 14.822935 55.814735 174.231111 -3.454270 100.477092 27.259870 45.577655 -73.330695 -4.041984 23.894292 112.874150 -6.730620 -12.918988 -18.324724 nan nan nan -12.245667 -50.935908 -87.295788 4.685820 -20.034262 117.553956 -0.455898 27.819574 -16.165363 nan nan nan 1.242046 2.456467 74.583739 -2.118114 -2.399176 -12.880280 3.802477 -1.105612 -8.179605 -10.463161 6.857693 -44.203242 12.970387 -9.962341 -16.804217 -13.396107 -40.704899 -8.495427 -32.014220 -29.629665 -4.493113 -7.231048 -25.981228 22.447172 8.823430 -7.479721 -5.720300 19.042574 38.272762 1.863029 35.918246 37.088702 -9.514019 3.800244 22.372747 18.353380 -9.728496 10.525953 11.003911 
-30.166885 14.923493 55.220955 174.054142 -3.309311 100.508154 27.396629 45.886692 -73.823187 -3.905203 23.853304 113.956572 -6.399531 -12.944301 -18.946093 nan nan nan -12.217670 -51.027656 -87.952611 4.513493 -19.931128 118.375895 -0.566398 27.936189 -16.790516 nan nan nan 1.211311 2.366614 75.087528 -2.307257 -2.259856 -13.052454 3.719679 -1.066498 -8.309015 -10.494681 6.886161 -44.273755 13.066458 -10.023625 -16.960865 -13.457535 -40.834328 -8.377283 -31.907922 -29.345738 -4.394930 -7.329252 -26.015855 22.953815 9.651136 -7.703659 -6.134757 19.149907 38.396755 1.939314 35.763829 36.835925 -9.817988 3.968628 22.381097 18.824820 -9.276741 11.221594 11.097074 
-30.375481 15.026661 54.643566 173.891364 -3.223386 100.548206 27.687837 46.113961 -74.102958 -3.719183 23.929556 114.991162 -5.821190 -12.847734 -19.884781 nan nan nan -12.319249 -51.139214 -88.508081 4.424704 -19.869030 119.103626 -0.760363 28.112963 -17.541387 nan nan nan 0.980991 2.420421 75.249955 -2.357253 -2.147552 -12.703120 3.792405 -1.011921 -8.615750 -10.418035 6.913540 -44.327993 13.111245 -9.818844 -17.185527 -13.758054 -41.023660 -8.267096 -31.750287 -29.014958 -4.496606 -7.276902 -25.933914 22.647819 8.703537 -7.409716 -6.088155 19.470207 38.657505 2.298826 35.183592 36.577938 -10.235614 4.182819 22.723647 18.573351 -7.910226 11.015370 10.961143 
-30.576834 15.142493 54.054066 173.777909 -3.206877 100.492922 28.066925 46.309693 -74.186886 -3.505737 24.053479 116.072358 -5.629030 -13.036687 -20.571065 nan nan nan -12.579177 -51.302859 -88.945210 4.423864 -19.741312 119.863507 -0.761546 28.463049 -18.088080 nan nan nan 0.757528 2.498631 75.408834 -2.368052 -2.036346 -12.285149 3.874248 -1.033127 -8.974780 -10.351539 6.975171 -44.160240 13.139094 -9.515473 -17.527077 -14.070299 -41.122828 -8.110682 -31.611472 -28.824210 -4.821339 -7.281491 -25.716270 22.147931 6.548486 -6.914173 -6.333338 19.711180 38.758170 2.683595 34.798719 36.539562 -10.640710 4.072327 23.108465 17.615796 -6.768312 10.430527 10.198751 
-30.777016 15.238047 53.452393 173.659737 -3.143102 100.403035 28.378447 46.533421 -74.373594 -3.371899 24.104167 117.126999 -5.610007 -13.375619 -20.922341 nan nan nan -12.876094 -51.360197 -89.279932 4.327784 -19.549081 120.658973 -0.851248 28.768025 -18.732697 nan nan nan 0.653371 2.501288 75.710258 -2.426830 -1.888482 -12.055654 3.874400 -1.107021 -9.223345 -10.451841 7.236715 -44.052347 13.075910 -9.490523 -17.807384 -14.170997 -41.087294 -7.895002 -31.648440 -28.713774 -4.949458 -7.149709 -25.794375 21.910884 5.733335 -6.890912 -6.793175 19.493884 38.616777 2.582758 34.829898 36.581014 -10.554407 3.879369 23.502386 18.276884 -5.679058 9.639230 9.117714 
-30.956726 15.318284 52.890530 173.524780 -3.068825 100.405369 28.358478 46.773795 -74.864467 -3.284814 23.924907 118.107486 -5.258979 -13.616332 -21.523532 nan nan nan -12.906859 -51.329144 -89.807482 4.264902 -19.270580 121.364235 -1.176594 28.889323 -19.685076 nan nan nan 0.615401 2.478728 76.049724 -2.522986 -1.820516 -12.312466 3.839620 -1.175928 -9.127951 -10.489961 7.325068 -44.010204 13.116441 -9.502956 -18.003541 -14.422687 -41.118330 -7.519539 -31.439306 -28.520469 -4.969937 -7.570500 -25.892439 21.884637 8.132656 -7.804250 -5.530143 19.576538 38.615242 2.610192 35.075774 36.550283 -10.745726 4.008522 23.286924 17.064073 -7.881008 11.041483 9.335835 
-31.149231 15.422751 52.327309 173.482129 -3.043806 100.276079 28.387825 46.916730 -75.280666 -3.309104 23.786860 119.103726 -4.991552 -13.713360 -22.314596 nan nan nan -13.125667 -51.439187 -90.109813 4.339052 -19.019571 122.029667 -1.805710 28.904573 -20.921425 nan nan nan 0.557487 2.449243 76.298217 -2.506369 -1.834696 -12.301313 3.890269 -1.192977 -9.128614 -10.573421 7.333559 -43.926142 13.143685 -9.424077 -18.261494 -14.697592 -41.190169 -7.263443 -31.289978 -28.156405 -4.946151 -7.796885 -25.849784 22.310476 10.157329 -8.001608 -5.196610 19.666878 38.706062 2.679687 35.029199 36.439477 -11.022495 4.082150 23.193425 16.750181 -8.988785 11.870504 9.247925 
-31.347490 15.539894 51.773994 173.475575 -3.012709 100.103184 28.637389 47.033352 -75.533184 -3.246789 23.691930 120.107736 -5.149429 -13.974455 -22.905819 nan nan nan -13.604961 -51.587856 -90.128926 4.315141 -18.811444 122.630534 -2.376177 28.942484 -22.148483 nan nan nan 0.413323 2.425572 76.460944 -2.401957 -1.878877 -12.040665 3.942199 -1.101123 -9.263263 -10.695828 7.519281 -43.714175 13.121094 -9.327585 -18.686371 -15.027415 -41.255830 -6.946569 -31.152070 -27.810630 -4.914678 -7.704298 -25.785216 22.941530 10.486659 -8.660877 -5.424188 19.917809 38.804418 2.930203 34.660083 36.199380 -11.377094 4.109784 23.387524 16.997571 -8.953793 12.159414 8.721025 
-31.514051 15.641772 51.270298 173.405416 -2.856131 99.980744 29.205100 47.169479 -75.628619 -3.141453 23.597159 121.004862 -5.536596 -14.276068 -23.425990 nan nan nan -14.036327 -51.564324 -90.035954 4.258597 -18.673404 123.133140 -2.707075 29.085980 -23.209804 nan nan nan 0.328482 2.388634 76.717021 -2.403434 -1.847405 -11.852813 3.951953 -0.993464 -9.447489 -10.860926 7.812862 -43.572822 13.128661 -9.385274 -19.065702 -15.167302 -41.284165 -6.808623 -31.191092 -27.583542 -4.891929 -7.700498 -25.711443 23.278390 9.518020 -8.909632 -5.941602 20.106497 38.750529 3.117675 34.342246 35.923393 -11.613484 4.450962 23.793342 17.569781 -8.868138 12.189687 8.215898 
-31.654654 15.735409 50.772217 173.344915 -2.744678 99.837928 29.832682 47.340804 -75.629444 -3.091442 23.553374 121.853355 -5.905247 -14.623364 -23.860696 nan nan nan -14.509874 -51.552870 -89.955189 4.158004 -18.535457 123.730730 -2.826652 29.294462 -24.145879 nan nan nan 0.323856 2.321607 76.967146 -2.494546 -1.772526 -11.625405 3.879786 -0.992082 -9.662603 -10.956911 8.145329 -43.544720 13.098282 -9.659795 -19.321084 -15.344613 -41.307081 -6.643196 -31.344155 -27.441298 -4.916707 -7.449207 -25.649584 23.381733 8.412098 -9.056812 -5.994500 20.194803 38.523994 3.065455 34.568346 35.713499 -11.502445 4.521828 24.183151 18.266018 -9.246413 12.024505 8.289330 
-31.780762 15.803007 50.287895 173.287812 -2.654214 99.648003 30.319033 47.522291 -75.709207 -3.047065 23.423727 122.689847 -6.247737 -15.018770 -24.096010 nan nan nan -14.974941 -51.578092 -89.909755 3.964113 -18.370169 124.373994 -2.921309 29.573725 -24.832778 nan nan nan 0.337506 2.262638 77.199358 -2.557297 -1.745171 -11.405448 3.815454 -1.040697 -9.837143 -11.063743 8.451601 -43.366778 13.127884 -9.832497 -19.655469 -15.508835 -41.364545 -6.418188 -31.495914 -27.216422 -4.909674 -7.029938 -25.491283 23.276860 7.496846 -9.124959 -5.894936 20.371491 38.424513 3.204127 34.674652 35.474732 -11.570603 4.596474 24.627593 18.643338 -9.477419 11.989827 8.144976 
-31.899237 15.867695 49.801952 173.324117 -2.618568 99.419269 30.716998 47.522736 -75.878220 -3.009146 23.310453 123.485985 -6.408699 -15.174961 -24.302173 nan nan nan -15.444356 -51.639419 -89.895487 3.858985 -18.139333 125.062518 -3.151927 29.619924 -25.639110 nan nan nan 0.339292 2.198823 77.426100 -2.501978 -1.768306 -11.273805 3.749336 -1.140281 -9.811603 -11.124205 8.741695 -43.475431 13.078459 -9.864600 -19.756698 -15.296302 -41.238397 -6.410629 -31.764961 -27.093287 -4.600177 -7.161655 -25.349694 23.359471 8.286122 -9.053756 -6.643526 20.361805 38.197257 3.108971 34.934455 35.379987 -11.349531 4.823842 24.975038 18.486965 -9.484093 12.034749 7.297674 
-32.008884 15.963278 49.320717 173.417798 -2.597580 99.119465 31.161546 47.478927 -75.960372 -3.039580 23.210986 124.261380 -6.373928 -15.147481 -24.667461 nan nan nan -15.865615 -51.730085 -89.851071 3.893155 -17.909353 125.788818 -3.545405 29.332414 -26.564395 nan nan nan 0.363684 2.118258 77.681439 -2.459757 -1.823735 -11.098922 3.727730 -1.249901 -9.871271 -11.038306 8.695157 -43.451234 13.237449 -9.552871 -19.910971 -15.227935 -41.191557 -6.392545 -31.873936 -26.750138 -4.387419 -7.911809 -25.583431 23.477986 11.217412 -9.195679 -6.576636 20.274253 38.125670 2.996129 35.204868 34.996184 -11.074149 5.205560 25.365909 18.391916 -9.878571 12.117490 7.246645 
-32.106113 16.056290 48.906643 173.428820 -2.509970 98.907584 31.577056 47.550261 -76.002380 -2.983735 22.942332 124.958413 -6.338186 -15.201819 -25.245435 nan nan nan -15.978028 -51.639005 -90.044748 3.689116 -17.564869 126.523950 -3.965383 28.993490 -27.328500 nan nan nan 0.282672 2.035249 78.089901 -2.599100 -1.767502 -11.185912 3.808853 -1.298580 -10.068273 -10.900012 8.530539 -42.968916 13.580676 -9.188652 -20.357577 -15.462314 -41.222361 -6.308051 -31.889658 -26.339919 -4.656011 -8.282435 -25.569365 23.666290 9.541408 -8.508118 -7.325904 20.350969 38.137143 3.139837 35.397836 34.472156 -11.068120 5.446977 25.811806 18.705983 -10.145616 11.972939 7.592575 
-32.194649 16.124605 48.519466 173.492894 -2.417731 98.685415 31.878526 47.561285 -76.084691 -3.001609 22.690653 125.561324 -6.493917 -15.443955 -25.774358 nan nan nan -16.147160 -51.540350 -90.220313 3.475880 -17.251464 127.232819 -4.152393 28.667073 -27.819483 nan nan nan 0.185298 2.005119 78.371951 -2.650469 -1.721180 -11.202223 3.939617 -1.300208 -10.083522 -10.860032 8.624897 -42.668556 13.687501 -9.017212 -20.814379 -15.760059 -41.218189 -6.092092 -31.701276 -26.004649 -4.926017 -8.645801 -25.685538 24.347796 9.060457 -8.634145 -6.793130 20.401429 38.030175 3.149980 35.490170 34.093129 -11.042340 5.890615 26.085153 19.341712 -11.152294 12.489089 7.632976 
-32.291405 16.187742 48.138725 173.615237 -2.283198 98.374008 32.211753 47.462618 -76.097581 -3.147634 22.604965 126.140448 -6.623251 -15.683268 -26.298830 nan nan nan -16.509414 -51.505611 -90.132140 3.435517 -17.101762 127.863131 -4.136067 28.325665 -28.081567 nan nan nan 0.168129 1.975340 78.459421 -2.577101 -1.653613 -10.823586 4.044893 -1.275848 -10.060566 -10.947237 8.733264 -42.783587 13.621231 -8.952765 -21.024971 -16.073128 -41.262466 -5.675189 -31.444924 -25.548651 -4.871649 -9.243928 -26.392208 24.857791 12.428179 -10.102586 -4.527593 20.319638 37.956934 3.098897 35.418045 33.663067 -10.976743 6.545663 26.429313 19.899130 -12.230671 13.221603 7.456235 
-32.368065 16.278240 47.769207 173.805283 -2.141610 97.939913 32.698679 47.271847 -75.887379 -3.068447 22.452098 126.812645 -6.633076 -15.935535 -26.933129 nan nan nan -17.179434 -51.534841 -89.668709 3.328229 -16.896952 128.486206 -4.107003 28.312859 -28.339763 nan nan nan 0.267815 1.930270 78.522663 -2.455398 -1.669678 -10.062341 4.130969 -1.264191 -10.355397 -10.957995 8.805127 -42.593782 13.635578 -8.803167 -21.411538 -16.269223 -41.409727 -5.292262 -31.563199 -25.109528 -4.953084 -8.931448 -27.016265 25.092384 11.680661 -10.623063 -3.831535 20.237239 37.984730 3.118792 35.491496 33.242444 -11.191245 6.592695 26.881007 20.089128 -10.298802 12.576282 7.312377 
-32.400608 16.363970 47.406506 174.038010 -1.943889 97.472788 33.130910 47.051654 -75.686615 -2.996650 22.270704 127.410754 -6.410673 -15.976110 -27.833977 nan nan nan -17.817053 -51.514902 -89.157328 3.306079 -16.687893 129.085677 -4.030986 28.301423 -28.614603 nan nan nan 0.343519 1.866144 78.710759 -2.334149 -1.700253 -9.636218 4.199299 -1.253782 -10.447279 -10.832427 8.931528 -42.344555 13.601115 -8.490563 -21.710307 -16.356573 -41.461012 -5.103762 -31.786069 -24.841575 -4.903558 -8.781991 -27.250816 25.646129 13.240580 -11.811850 -3.394689 20.330010 38.019191 3.183012 35.372295 32.823809 -11.288228 6.773703 27.396245 20.700161 -10.334513 12.884770 7.701660 
-32.409637 16.418356 47.085171 174.228663 -1.672803 97.147926 33.402220 46.901520 -75.666412 -3.100991 22.132590 127.851044 -5.803511 -15.887677 -28.733310 nan nan nan -17.993682 -51.277258 -89.077574 3.451606 -16.526523 129.596982 -3.871047 27.976541 -28.762080 nan nan nan 0.369882 1.835001 78.919680 -2.252589 -1.579072 -9.536121 4.307378 -1.254416 -10.414908 -10.718086 8.843615 -41.988509 13.647347 -8.102621 -22.018165 -16.193260 -41.228694 -5.176587 -32.296503 -24.702617 -4.465703 -9.240672 -27.382929 25.695844 15.256883 -11.329150 -4.867550 20.421500 37.895697 3.289009 35.330986 32.483880 -11.044177 7.093269 27.970207 21.103461 -11.284814 13.332331 8.634699 
-32.422600 16.496780 46.795143 174.444285 -1.435079 96.767975 33.659988 46.706113 -75.567736 -3.160678 21.900006 128.266112 -5.246590 -15.760338 -29.793748 nan nan nan -18.369690 -51.034948 -88.811253 3.603762 -16.312232 130.065376 -3.416054 27.777746 -28.743474 nan nan nan 0.542475 1.791003 79.239440 -2.195547 -1.517339 -9.404843 4.397779 -1.309801 -10.516199 -10.582645 8.663242 -41.596921 13.689106 -7.767885 -22.278773 -16.176244 -40.981593 -5.192369 -32.883406 -24.645658 -4.107857 -9.463865 -27.609828 25.711239 17.436943 -11.107464 -5.155364 20.465426 37.739614 3.318482 35.361213 32.113482 -10.769428 7.634637 28.283086 21.519037 -12.029112 13.529508 9.165232 
-32.439442 16.585720 46.501431 174.626663 -1.231446 96.343409 33.976703 46.563695 -75.395927 -3.176623 21.680926 128.716830 -4.755486 -15.643314 -30.895978 nan nan nan -18.964369 -50.869110 -88.321316 3.696153 -16.125785 130.526144 -2.946519 27.736392 -28.737301 nan nan nan 0.674398 1.735063 79.438807 -2.133044 -1.544869 -9.122575 4.429184 -1.307752 -10.578689 -10.354448 8.612759 -41.246798 13.694486 -7.395393 -22.579386 -16.161518 -40.614405 -5.318141 -33.535935 -24.628668 -3.820745 -9.468481 -27.760496 25.827322 18.884636 -10.823769 -4.950377 20.523846 37.523881 3.308560 35.351097 31.874003 -10.418399 8.381685 28.492705 22.311370 -12.380744 13.650610 9.120601 
-32.440430 16.647974 46.205772 174.833868 -1.024298 96.029320 34.200076 46.438268 -75.397515 -3.236047 21.488018 129.140663 -4.205079 -15.711995 -31.680594 nan nan nan -19.459627 -50.747614 -87.895116 3.690942 -15.969755 130.979475 -2.780974 27.731934 -28.870320 nan nan nan 0.585101 1.656004 79.333985 -2.081484 -1.495977 -8.619821 4.504703 -1.185816 -10.705516 -10.209275 8.641815 -40.646625 13.798935 -7.139573 -23.136888 -16.400200 -40.368187 -5.231125 -33.826031 -24.601632 -3.966001 -9.648420 -27.794071 25.142068 16.665149 -9.762655 -6.535266 20.759327 37.276085 3.618351 35.147756 31.732255 -10.346204 8.897996 29.130123 22.852629 -12.417555 13.329371 9.557103 
-32.416878 16.636414 45.911549 175.020791 -0.878363 95.775267 34.107039 46.341728 -75.705757 -3.540399 21.420205 129.442402 -3.633660 -14.974743 -32.614503 nan nan nan -19.992929 -50.446783 -87.602718 4.050670 -16.169808 131.303815 -1.958933 27.449507 -28.737427 nan nan nan 0.526058 1.880378 79.145907 -1.748488 -1.602350 -8.243464 4.526265 -1.096401 -10.459078 -10.073735 8.759061 -41.119646 13.743515 -7.277527 -22.705063 -17.142729 -40.728614 -4.653472 -33.246245 -24.593188 -3.999301 -9.185413 -27.595642 24.580231 26.396410 -11.686554 -2.849390 21.240226 37.456785 3.707521 34.602464 31.175204 -10.170023 9.198099 29.906785 22.770081 -15.877545 14.319942 9.558302 
-32.385372 16.643627 45.633572 175.205793 -0.780198 95.432233 34.297814 46.233343 -75.737995 -3.576847 21.240969 129.794624 -3.426418 -14.445945 -33.652804 nan nan nan -20.563089 -50.237318 -87.216736 4.266412 -16.138838 131.692193 -1.213014 27.362524 -28.666117 nan nan nan 0.521955 2.039214 79.052197 -1.481060 -1.591170 -7.653496 4.543265 -1.054212 -10.514571 -10.119175 8.929528 -41.278015 13.677320 -7.744734 -22.598022 -16.780528 -40.416405 -4.654877 -33.635751 -24.840100 -3.768007 -9.554466 -27.819345 25.242993 31.179307 -12.503453 -2.662447 21.022577 37.002295 3.383701 34.916621 31.021066 -9.668125 9.309425 30.822854 23.233717 -17.977809 14.886063 8.944011 
-32.349659 16.698454 45.357170 175.400826 -0.726905 95.075763 34.527527 46.194912 -75.744120 -3.661580 21.094305 130.155261 -3.236054 -14.392649 -34.259682 nan nan nan -20.981543 -50.097404 -86.928337 4.331343 -15.880122 132.183821 -0.975375 27.265317 -28.868706 nan nan nan 0.468011 2.045543 79.027163 -1.361363 -1.637787 -7.528759 4.558011 -1.064815 -10.407732 -10.066451 9.058341 -40.724393 13.808935 -7.652099 -22.965764 -16.664584 -40.129115 -4.550202 -33.946147 -24.692239 -3.613175 -9.697844 -28.410973 25.710495 31.767963 -12.231322 -3.006534 21.044907 36.646510 3.366226 35.256117 30.769397 -9.370507 9.417278 31.840315 23.551645 -18.242117 14.666784 8.870233 
-32.302834 16.770000 45.122349 175.638100 -0.743809 94.909824 34.636277 46.129919 -75.851102 -3.730001 21.069986 130.512147 -3.096779 -14.429699 -34.576017 nan nan nan -21.232784 -50.041996 -86.848899 4.335679 -15.618341 132.677699 -1.085293 27.139616 -29.233759 nan nan nan 0.174037 1.991224 79.107560 -1.326892 -1.760963 -8.586426 4.630005 -0.983941 -9.732491 -9.780673 8.982460 -39.332348 14.168296 -6.935374 -23.866441 -17.278145 -39.830708 -4.079013 -33.840248 -24.396894 -3.594537 -10.084798 -28.706444 26.048280 31.639013 -11.710011 -2.936341 21.694521 36.283113 3.827523 35.466980 30.479754 -9.423903 9.569031 32.535576 23.641489 -18.473633 14.297493 9.356769 
-32.241837 16.802794 44.911705 175.876084 -0.810024 94.577806 34.845334 45.952486 -75.744978 -3.801741 21.008399 130.761609 -3.086104 -14.522149 -34.616616 nan nan nan -21.619787 -49.844096 -86.645981 4.394723 -15.400879 133.130744 -1.094324 26.867519 -29.409120 nan nan nan 0.006374 2.211378 78.938556 -1.159403 -1.663703 -8.109085 4.788288 -1.134757 -9.854217 -9.383914 9.008047 -38.811208 14.103173 -6.600035 -23.967520 -17.104200 -39.565386 -4.162321 -34.200623 -24.580000 -3.559902 -10.100276 -28.629121 26.138950 31.716080 -11.439314 -2.807826 21.594933 35.816711 3.715326 36.218452 30.425067 -9.122397 9.265894 33.036413 23.414748 -18.636810 14.643842 9.283054 
-32.198627 16.858725 44.705063 176.221811 -0.887127 94.188291 35.114344 45.744791 -75.583532 -3.884118 20.946673 130.967316 -3.043488 -14.827193 -34.461753 nan nan nan -22.188919 -49.752440 -86.222584 4.393894 -15.112683 133.601265 -1.033112 26.602104 -29.586077 nan nan nan -0.031180 2.368560 78.712397 -0.901653 -1.716709 -7.421034 4.899337 -1.251070 -10.059519 -9.132376 9.017061 -38.248237 14.116644 -6.418782 -24.179461 -16.876330 -39.520594 -4.202036 -34.501696 -24.560062 -3.625755 -9.979027 -28.788569 25.900503 31.405280 -11.283985 -2.623709 21.601596 35.592754 3.774036 36.650049 30.370516 -9.195716 8.758787 33.308504 23.143842 -17.855916 14.643679 10.355552 
-32.168819 16.933958 44.504128 176.582868 -0.956096 93.686841 35.528151 45.566278 -75.224399 -3.999433 20.948379 131.175060 -3.097312 -15.115673 -34.500158 nan nan nan -23.013479 -49.769964 -85.432019 4.413844 -14.868540 134.039765 -0.892642 26.606266 -29.744290 nan nan nan -0.058297 2.466353 78.510063 -0.677908 -1.819274 -6.702227 4.944438 -1.308158 -10.176546 -8.951275 9.161183 -37.696417 14.192115 -6.483716 -24.610437 -16.679594 -39.538947 -4.261973 -34.530317 -24.481260 -3.626653 -10.176156 -29.004129 25.794917 31.079576 -11.331916 -2.745558 21.825239 35.392710 3.912976 36.557756 30.418364 -9.411392 8.654027 33.373358 23.164050 -17.408249 14.338123 11.688978 
-32.121807 17.028147 44.303711 176.849419 -1.002774 93.123504 35.921100 45.447049 -74.815133 -4.145763 20.816007 131.403791 -3.215476 -15.288504 -34.788621 nan nan nan -23.805919 -49.710393 -84.609681 4.442244 -14.611125 134.467186 -0.808464 26.668189 -29.982194 nan nan nan -0.061895 2.480052 78.564414 -0.627241 -1.900523 -6.450742 4.937679 -1.423186 -10.131272 -8.732990 9.303827 -37.088333 14.329495 -6.702427 -24.905816 -16.449224 -39.329414 -4.343608 -34.629879 -24.544879 -3.472441 -10.586126 -28.975105 26.242728 31.916979 -11.525353 -3.562524 22.014145 35.165955 4.030446 36.449171 30.363612 -9.265134 9.423379 33.299352 23.611961 -19.392424 14.966619 10.005667 
-32.058945 17.104815 44.156250 177.076809 -0.974065 92.714434 36.361395 45.367576 -74.457704 -4.267492 20.730457 131.547473 -3.281487 -15.516935 -34.900968 nan nan nan -24.260414 -49.596659 -84.047880 4.466632 -14.391138 134.816869 -0.935869 26.490861 -30.291250 nan nan nan 0.036787 2.487215 78.562807 -0.566443 -1.966541 -6.156338 4.923693 -1.485973 -10.262912 -8.554173 9.156570 -36.535230 14.555790 -6.710922 -24.978898 -16.255290 -39.328563 -4.478808 -34.871859 -24.295377 -3.441987 -10.685912 -29.192220 26.262822 30.646028 -11.293123 -4.524614 22.052399 35.192871 4.018556 36.553142 29.995709 -9.154467 9.158506 33.925557 24.291759 -17.269844 14.269551 11.155755 
-31.988327 17.181110 44.066036 177.274305 -0.936693 92.320043 36.704925 45.325325 -74.099051 -4.416074 20.620124 131.609527 -3.437582 -15.758921 -34.933522 nan nan nan -24.772645 -49.484032 -83.362881 4.482227 -14.185338 135.067823 -0.972087 26.450372 -30.528709 nan nan nan 0.141716 2.544137 78.565730 -0.532883 -1.969354 -5.725082 4.987080 -1.556913 -10.576976 -8.330701 8.993163 -35.853383 14.603732 -6.444943 -25.109710 -16.369619 -39.508839 -4.428272 -34.834063 -23.959769 -3.479584 -10.839504 -29.402639 26.091660 29.843095 -11.036172 -4.664639 22.100420 35.415573 4.121218 36.575733 29.606521 -9.145303 8.852733 34.151848 23.905361 -16.378181 13.772718 12.011887 
-31.912325 17.265135 43.971233 177.471663 -0.901273 91.900222 36.951127 45.275738 -73.740005 -4.633232 20.486360 131.654651 -3.499453 -15.899373 -35.084971 nan nan nan -25.346046 -49.368976 -82.641474 4.556640 -13.980323 135.301737 -0.792372 26.589139 -30.616018 nan nan nan 0.207970 2.607360 78.546578 -0.544341 -1.970606 -5.397299 5.052464 -1.549606 -10.810769 -8.134438 8.856080 -35.025073 14.561578 -6.095774 -25.325228 -16.634989 -39.742499 -4.289686 -34.792677 -23.681815 -3.463777 -10.889833 -29.460589 26.083123 30.287061 -10.981994 -3.930493 22.147082 35.705697 4.241489 36.527760 29.176460 -9.143479 8.671437 34.045610 23.207522 -16.782811 13.698281 12.051310 
-31.815477 17.319775 43.880451 177.606620 -0.842735 91.567626 37.107127 45.290708 -73.488718 -4.982889 20.424776 131.619597 -3.394459 -16.072828 -35.264908 nan nan nan -25.870671 -49.120275 -82.051149 4.559934 -13.812914 135.524406 -0.365693 26.788585 -30.485245 nan nan nan 0.108966 2.648131 78.466605 -0.600349 -1.868363 -5.260208 5.060308 -1.394244 -10.913154 -8.030939 8.686505 -34.170485 14.589626 -6.057956 -25.557220 -16.954802 -39.944442 -4.058312 -34.647219 -23.458418 -3.335342 -10.880587 -29.601361 26.186003 30.541182 -10.886322 -3.097880 22.090473 35.936477 4.168368 36.589687 28.730927 -9.048685 8.675730 33.740186 22.521654 -16.802364 13.302603 11.103729 
-31.719774 17.343742 43.800728 177.718833 -0.763261 91.351234 37.143389 45.327426 -73.450942 -5.278815 20.358018 131.569564 -3.221099 -16.272096 -35.394582 nan nan nan -26.214763 -48.833269 -81.641309 4.553573 -13.710456 135.706801 0.018345 26.908317 -30.456684 nan nan nan -0.142337 2.727752 78.353407 -0.608263 -1.643640 -5.207103 5.092941 -1.215154 -10.901684 -7.961069 8.664103 -33.789514 14.532314 -6.251545 -25.520001 -17.101150 -39.913280 -3.967086 -34.683692 -23.500554 -3.076171 -10.878316 -29.644939 26.265634 30.977337 -10.623542 -2.635405 22.031831 35.903856 4.073447 36.704146 28.520207 -8.811084 8.931462 33.505529 22.002383 -17.736084 13.220356 9.614502 
-31.660238 17.392097 43.739674 177.934870 -0.710631 91.036339 37.300797 45.235794 -73.251293 -5.461722 20.250049 131.531699 -3.283751 -16.419438 -35.529578 nan nan nan -26.834611 -48.689834 -80.930695 4.610210 -13.565493 135.808904 0.582987 27.187549 -30.300681 nan nan nan -0.108575 2.679263 78.377068 -0.578627 -1.615928 -5.042675 5.098007 -1.223975 -10.935256 -7.901158 8.731618 -33.609997 14.363751 -6.443335 -25.451917 -17.188628 -39.799077 -3.939479 -34.829314 -23.682172 -2.880371 -10.726587 -29.413868 26.253433 31.143769 -10.470349 -2.907949 21.971379 35.784009 4.036076 36.518941 28.574996 -8.545442 9.619345 33.242335 22.257679 -19.326446 13.251368 8.241492 
-31.635958 17.467245 43.707367 178.249026 -0.667636 90.547436 37.595255 45.002041 -72.837686 -5.623080 20.128895 131.534116 -3.585153 -16.482003 -35.633173 nan nan nan -27.779517 -48.652767 -79.765775 4.716763 -13.373771 135.844909 1.114344 27.686528 -30.096664 nan nan nan 0.437896 2.535717 78.649739 -0.529483 -1.949245 -4.983043 5.020690 -1.406550 -10.938935 -7.794439 8.601438 -33.388413 14.275506 -6.443800 -25.430360 -17.157417 -39.842408 -4.029938 -35.237106 -23.642826 -2.736665 -10.272274 -29.227665 26.127633 30.151085 -10.548402 -3.587188 21.836744 35.879976 3.909112 36.282501 28.556036 -8.560071 10.004197 32.966882 22.755715 -18.210443 12.764118 7.757325 
-31.629759 17.526306 43.649899 178.649355 -0.736792 90.183654 37.592043 44.701901 -72.765881 -5.690682 20.071414 131.611834 -3.677597 -16.481056 -35.739261 nan nan nan -28.658007 -48.790198 -78.883031 4.858298 -13.209031 135.896566 1.502822 28.063555 -29.908046 nan nan nan 0.757059 2.381834 78.723764 -0.431716 -2.321249 -4.963281 4.988903 -1.474297 -10.935385 -7.621115 8.373006 -33.086496 14.288462 -6.234149 -25.383161 -17.102883 -39.929241 -3.992743 -35.592132 -23.538507 -2.874593 -10.017165 -29.098012 26.211947 29.547421 -10.934663 -3.715827 21.762593 36.062476 4.010464 36.238895 28.515857 -8.756330 9.834399 32.927212 22.904690 -17.151439 13.311038 8.178431 
-31.646662 17.573370 43.573772 179.181585 -0.926875 89.959170 37.431951 44.270099 -72.910976 -5.666823 20.171002 131.735413 -3.555208 -16.550913 -35.775931 nan nan nan -29.459286 -49.126030 -78.268134 5.030088 -13.092498 135.989005 1.709290 28.139637 -29.765683 nan nan nan 0.734406 2.161065 78.529693 -0.281159 -2.539000 -4.662946 4.987807 -1.443758 -11.121330 -7.417511 8.156623 -32.939980 14.313800 -6.132985 -25.131680 -16.974100 -39.988768 -3.992971 -35.946468 -23.492754 -2.994753 -9.804216 -28.955618 26.356793 28.593015 -11.002921 -3.759490 21.560935 36.104791 4.020821 36.600263 28.530119 -8.715335 9.315062 32.622213 22.627584 -15.983169 12.739555 8.314060 
-31.637569 17.590530 43.546303 179.611495 -1.017258 89.827595 37.260489 43.965041 -73.108243 -5.636222 20.167755 131.780372 -3.410386 -16.661692 -35.794079 nan nan nan -29.763832 -49.308304 -77.959866 5.089501 -12.971670 136.100121 1.750367 27.866921 -29.740975 nan nan nan 0.709488 2.001641 78.441656 -0.182489 -2.611972 -4.553322 5.019462 -1.454077 -11.277122 -7.248293 7.954872 -32.847155 14.323297 -6.100842 -24.892302 -16.995463 -39.999039 -3.926473 -36.117691 -23.583838 -3.074547 -9.805509 -28.600391 26.276265 28.538676 -10.912909 -3.606004 21.519926 36.124112 4.069004 36.848863 28.631106 -8.510811 9.015201 32.036261 22.645527 -16.326897 12.778761 9.289648 
-31.539618 17.565481 43.560066 179.610176 -0.956329 89.895063 37.267650 44.079351 -73.209092 -5.705824 20.083550 131.635423 -3.368004 -16.697371 -35.766249 nan nan nan -29.420574 -48.996950 -78.244709 4.918480 -12.967386 136.276587 1.644601 27.467151 -29.820544 nan nan nan 0.523786 2.152206 78.303360 -0.224980 -2.472089 -4.609026 5.040523 -1.426793 -11.369206 -7.123642 7.947296 -32.722296 14.442613 -6.224967 -24.851472 -17.157673 -39.961564 -3.851847 -36.095170 -23.595515 -3.077221 -9.918811 -28.303964 26.090453 28.649545 -10.611092 -3.239072 21.788774 36.192135 4.213335 37.045182 28.758839 -8.409004 8.601494 31.498756 22.374228 -16.734211 12.915196 9.911574 
-31.365671 17.534012 43.530617 179.272862 -0.873697 90.047972 37.505877 44.603696 -73.123213 -5.953002 20.049465 131.430126 -3.441409 -16.689697 -35.696417 nan nan nan -28.746590 -48.380497 -79.005665 4.737551 -13.065221 136.531706 1.554530 27.024388 -29.865165 nan nan nan -0.213935 2.591104 77.845733 -0.304917 -2.004638 -4.482713 5.083183 -1.259387 -11.353897 -6.995481 8.228299 -32.732523 14.573363 -6.566605 -24.873714 -17.285028 -39.801891 -3.681226 -35.779781 -23.542471 -2.926403 -10.134226 -28.509724 26.246006 28.558345 -10.404316 -3.515031 22.174000 36.230679 4.417686 37.039853 29.024785 -8.297826 8.295973 31.162218 22.126086 -16.323543 12.623530 9.087052 
-31.291340 17.529295 43.518444 179.215726 -0.875558 89.980917 37.627915 44.749229 -72.982381 -6.139780 20.060514 131.328736 -3.636046 -16.760967 -35.621424 nan nan nan -28.699679 -48.071722 -79.057566 4.659796 -13.042982 136.654561 1.657544 26.851853 -29.851322 nan nan nan -0.557248 2.734786 77.528627 -0.318270 -1.777940 -4.182526 5.084799 -1.253099 -11.384802 -6.881897 8.448220 -32.737652 14.527371 -6.714819 -24.961061 -17.467063 -39.818279 -3.482185 -35.442618 -23.398182 -2.808000 -9.990116 -28.800898 26.423317 28.327050 -10.605796 -4.184850 22.277414 36.331707 4.363438 36.839305 29.159957 -8.240870 8.418573 30.831397 22.073012 -15.562910 12.056443 7.451158 
-31.252474 17.533175 43.479939 179.296031 -0.922236 89.812705 37.782116 44.665147 -72.780005 -6.204165 20.098533 131.291192 -3.766522 -17.001845 -35.535420 nan nan nan -28.937100 -47.933686 -78.851370 4.615473 -12.952126 136.777608 1.796235 26.881587 -29.879977 nan nan nan -0.722156 2.822072 77.362731 -0.259958 -1.657364 -3.914773 5.094918 -1.247221 -11.408816 -6.815132 8.665859 -32.963905 14.378625 -6.857742 -24.795604 -17.474138 -39.918926 -3.558978 -35.485575 -23.345444 -2.760404 -9.602252 -28.741974 26.619690 28.438240 -11.166452 -4.186494 22.355036 36.426436 4.343912 37.219326 29.205695 -8.247223 7.471804 30.627292 21.625736 -15.035908 11.818139 7.786823 
-31.211123 17.529602 43.464207 179.429628 -1.004160 89.681788 37.715837 44.551410 -72.815937 -6.303792 20.149032 131.236789 -3.946676 -17.218929 -35.284280 nan nan nan -29.166624 -47.842804 -78.666738 4.573022 -12.826469 136.851709 1.888994 26.935123 -29.867508 nan nan nan -0.751936 2.808497 77.424788 -0.291667 -1.635015 -4.039717 5.094362 -1.283935 -11.372311 -6.792836 8.674510 -32.884140 14.353190 -6.836670 -24.817056 -17.448317 -40.016389 -3.540533 -35.541335 -23.333511 -2.796752 -9.603093 -28.545762 26.534048 28.942584 -11.247626 -3.857681 22.190867 36.473235 4.272786 37.374481 29.227557 -8.247405 7.413523 30.347432 21.545074 -15.947716 11.903495 8.369743 
-31.177332 17.529430 43.464912 179.550218 -1.060755 89.615031 37.628535 44.444135 -72.891112 -6.355583 20.177092 131.161463 -4.119780 -17.199110 -35.106728 nan nan nan -29.323478 -47.793960 -78.523083 4.547873 -12.735767 136.845695 2.032870 26.997602 -29.788237 nan nan nan -0.716889 2.779184 77.525984 -0.362817 -1.634173 -4.342812 5.101412 -1.307878 -11.243619 -6.807861 8.521259 -32.602156 14.381677 -6.746098 -25.058935 -17.489038 -40.052571 -3.515674 -35.506409 -23.414283 -2.604177 -9.961062 -28.228920 26.203595 29.742913 -10.892134 -3.785230 22.001904 36.420526 4.154787 36.829883 29.162374 -8.235932 8.757948 30.068052 21.771877 -17.737743 11.822985 7.644307 
-31.259289 17.559111 43.612514 -179.982881 -0.973567 89.003975 37.606021 43.775709 -72.677000 -6.187726 19.828075 131.137188 -4.243386 -17.309881 -34.949898 nan nan nan -30.153991 -47.923766 -77.003485 4.569868 -12.370650 136.550632 2.050474 27.323693 -29.840764 nan nan nan 1.416369 2.307570 78.907427 -0.452036 -2.803796 -5.171318 4.725786 -1.865869 -11.074178 -6.963020 8.029593 -33.075239 14.442786 -6.748013 -24.629942 -16.690344 -40.202909 -4.240595 -36.376694 -23.554567 -2.985291 -9.872125 -27.767201 26.143726 28.949197 -10.842837 -3.762459 20.996403 36.582329 3.252716 37.906318 28.985954 -8.242198 8.177689 29.632280 21.390509 -17.893018 12.160848 8.374767 
-31.247269 17.571302 43.654366 -179.891206 -0.932856 88.810402 37.569747 43.675923 -72.636479 -6.197305 19.634651 131.055130 -4.279437 -17.322099 -34.882807 nan nan nan -30.316282 -47.809081 -76.590519 4.603788 -12.198371 136.427331 2.141794 27.429384 -29.894204 nan nan nan 1.902134 2.232347 79.345406 -0.547074 -3.000945 -5.554409 4.646123 -1.955183 -10.954977 -6.972339 7.806712 -33.326980 14.482998 -6.807106 -24.406983 -16.373027 -40.047506 -4.631675 -36.814779 -23.852847 -3.143870 -9.911165 -27.451702 26.354465 28.030256 -10.844202 -3.534137 20.639670 36.535500 2.871879 38.401568 28.982861 -8.146049 7.867776 29.233226 21.564973 -17.342186 12.372732 9.394241 
-31.147589 17.549540 43.599960 179.866344 -0.915551 88.996366 37.741837 44.015470 -72.652071 -6.291361 19.665273 130.972408 -4.266236 -17.315239 -34.786841 nan nan nan -30.021520 -47.473577 -77.067319 4.506598 -12.271983 136.542095 2.274043 27.420498 -29.901802 nan nan nan 1.342802 2.587121 79.037690 -0.623494 -2.631684 -5.690084 4.731652 -1.789232 -10.862627 -6.841711 7.894356 -33.528950 14.504262 -7.017169 -24.196522 -16.243662 -39.626822 -4.857941 -37.052736 -24.068035 -2.968972 -10.147877 -27.394882 26.888226 27.573973 -10.749888 -3.163574 20.666871 36.295470 2.807798 38.710393 29.195640 -7.872180 7.746165 28.836802 21.696230 -16.759565 12.242411 9.608817 
-31.184668 17.558960 43.664963 -179.890657 -0.925127 88.834604 37.441600 43.800103 -72.864097 -6.347925 19.593435 130.939964 -4.313008 -17.238501 -34.625638 nan nan nan -30.398828 -47.644013 -76.467977 4.598868 -12.133653 136.359816 2.458328 27.631465 -29.934966 nan nan nan 1.774094 2.301487 79.336636 -0.658438 -2.867198 -5.901421 4.661571 -1.899631 -10.836588 -6.835988 7.576470 -33.615042 14.500778 -6.906721 -24.118517 -16.389356 -39.675207 -4.812533 -36.982646 -23.999576 -3.165232 -10.194223 -27.497145 27.219032 27.036385 -10.654141 -3.235606 20.459366 36.476249 2.755494 38.619813 29.060942 -7.998139 7.862912 28.685959 21.667828 -16.476208 12.176584 9.340490 
-31.122618 17.535501 43.668781 -179.952030 -0.949912 89.044564 37.360207 43.957893 -73.023262 -6.397564 19.634074 130.815538 -4.325727 -17.272491 -34.550261 nan nan nan -30.329277 -47.545864 -76.634444 4.550571 -12.184222 136.330975 2.641969 27.853195 -30.020217 nan nan nan 1.551501 2.436044 79.151112 -0.687662 -2.784637 -6.154434 4.684657 -1.791043 -10.790301 -6.799124 7.578979 -33.380889 14.621059 -6.943818 -24.273508 -16.597798 -39.601335 -4.717656 -36.882679 -23.930862 -3.120863 -10.275354 -27.483434 27.328010 27.217106 -10.612945 -2.855267 20.696828 36.486096 3.004688 38.520189 29.022904 -8.083350 7.836389 28.596291 21.683836 -16.678458 12.218133 9.440647 
-31.063049 17.494728 43.689259 179.975863 -0.983057 89.301309 37.222179 44.118067 -73.239217 -6.408085 19.690827 130.696325 -4.344454 -17.290817 -34.513891 nan nan nan -30.211337 -47.406871 -76.827156 4.456658 -12.280405 136.281322 2.895538 28.025526 -30.047703 nan nan nan 1.148785 2.594246 78.915059 -0.700555 -2.595049 -6.322498 4.770140 -1.638641 -10.749556 -6.771040 7.698808 -33.275471 14.604570 -6.912682 -24.454286 -16.910158 -39.518058 -4.522995 -36.715237 -23.990546 -3.106250 -10.252977 -27.327141 27.220137 27.826269 -10.763780 -2.465457 20.931898 36.427365 3.169408 38.317857 29.082632 -8.065717 7.884270 28.452986 21.720112 -17.342873 12.501968 9.408985 
-31.054049 17.467451 43.701515 -179.969740 -1.020663 89.415046 37.078488 44.141568 -73.454467 -6.425822 19.790023 130.676217 -4.330699 -17.344210 -34.472621 nan nan nan -30.361755 -47.433869 -76.708871 4.420872 -12.358658 136.234805 3.008695 28.138339 -30.158720 nan nan nan 0.921165 2.553198 78.704282 -0.708677 -2.462876 -6.354766 4.811911 -1.586675 -10.706359 -6.708756 7.813644 -33.289453 14.408931 -6.824451 -24.569378 -17.061575 -39.428475 -4.270237 -36.632039 -24.101437 -3.089415 -10.068101 -27.251232 27.317337 28.288145 -11.138916 -2.684723 20.771923 36.345451 3.097983 38.206980 29.309078 -8.013590 8.138078 28.043733 21.756439 -17.954566 12.768274 8.394947 
-31.058903 17.464958 43.720207 -179.948046 -1.057657 89.357564 37.293223 44.184163 -73.204167 -6.409308 19.890543 130.709627 -4.270989 -17.645334 -34.469649 nan nan nan -30.572667 -47.498825 -76.444750 4.450422 -12.395751 136.211987 2.851637 28.149857 -30.370147 nan nan nan 0.719807 2.602544 78.447840 -0.609325 -2.355239 -5.929970 4.818203 -1.497139 -10.880534 -6.699166 7.848977 -33.352746 14.346029 -6.931277 -24.512724 -16.962813 -39.455829 -4.214944 -36.739882 -23.973114 -3.159385 -9.851872 -27.532228 27.582448 27.457614 -11.209623 -3.223684 20.902793 36.420208 3.276527 38.885434 29.252209 -8.186786 6.499901 28.420870 20.542119 -16.009589 12.586326 8.135201 
-31.060614 17.459019 43.729050 -179.927722 -1.124707 89.316747 37.290488 44.222464 -73.124577 -6.453094 19.935393 130.668481 -4.346093 -17.738648 -34.366686 nan nan nan -30.650452 -47.541762 -76.365983 4.444248 -12.404362 136.224919 2.851682 28.125492 -30.388824 nan nan nan 0.684238 2.633835 78.421665 -0.620736 -2.310458 -5.876844 4.801355 -1.517158 -10.869259 -6.615198 7.707605 -33.495777 14.435830 -7.174026 -24.421823 -16.822255 -39.430934 -4.367502 -36.847425 -23.961932 -3.004162 -9.919128 -27.583193 27.739670 27.681932 -11.024181 -3.086851 20.764078 36.413209 3.061368 38.775305 29.193414 -8.239822 6.791196 28.339216 20.261855 -15.931075 12.466349 7.389017 
-31.063471 17.439617 43.752377 -179.886424 -1.155097 89.364495 37.222736 44.214166 -73.199102 -6.461243 19.977157 130.605503 -4.389863 -17.780085 -34.307596 nan nan nan -30.600491 -47.571013 -76.372121 4.417368 -12.421907 136.201661 2.820081 28.056889 -30.478955 nan nan nan 0.716093 2.638866 78.420279 -0.630971 -2.301010 -5.887561 4.809055 -1.545365 -10.881677 -6.627152 7.659677 -33.772269 14.492840 -7.386576 -24.303240 -16.710763 -39.426610 -4.497058 -36.927611 -23.941650 -2.974944 -9.999711 -27.629022 27.724819 28.000504 -10.985747 -2.922907 20.697024 36.368599 2.940776 38.627740 29.111962 -8.277726 7.123715 28.316769 20.474166 -16.240071 12.464502 7.409704 
-31.061569 17.421354 43.775883 -179.852983 -1.175247 89.340975 37.118932 44.188696 -73.267592 -6.515705 19.981207 130.565657 -4.519562 -17.764204 -34.247597 nan nan nan -30.577964 -47.608609 -76.325253 4.428521 -12.426171 136.150030 2.756176 28.018442 -30.580147 nan nan nan 0.838545 2.612797 78.549572 -0.675268 -2.316903 -5.916204 4.805851 -1.659642 -10.939835 -6.638988 7.772259 -34.195904 14.401845 -7.573421 -23.997427 -16.520845 -39.419255 -4.594175 -37.062931 -23.954088 -2.836594 -9.850760 -27.575581 27.718327 28.989229 -11.301480 -2.912798 20.478381 36.323609 2.739407 38.286224 29.188071 -8.174577 8.075892 27.954665 21.072109 -17.486359 12.626810 6.810433 
-31.064377 17.389919 43.784203 -179.811432 -1.208322 89.321255 36.974310 44.144569 -73.367035 -6.538762 19.992305 130.529809 -4.612462 -17.739216 -34.194188 nan nan nan -30.662890 -47.673382 -76.237152 4.431091 -12.457771 136.068167 2.756126 28.030951 -30.641424 nan nan nan 0.993855 2.689044 78.512664 -0.631659 -2.280718 -5.525241 4.827354 -1.804301 -11.146658 -6.580557 7.838423 -34.713926 14.249518 -7.800091 -23.718973 -16.252760 -39.431853 -4.797690 -37.279748 -24.165273 -2.647827 -9.539862 -27.365084 27.687324 29.488669 -11.606621 -2.893448 20.157476 36.193338 2.410485 38.085989 29.280572 -8.020725 8.641296 27.851850 21.415308 -17.839648 12.671088 6.116351 
-31.063707 17.374235 43.778671 -179.805407 -1.212490 89.434673 36.908643 44.212319 -73.507431 -6.519405 20.013878 130.518446 -4.569163 -17.821861 -34.129746 nan nan nan -30.679557 -47.789728 -76.292578 4.348887 -12.484182 136.050571 2.686365 28.085783 -30.660150 nan nan nan 0.991233 2.672034 78.476129 -0.592265 -2.375214 -5.763605 4.758713 -1.708605 -11.055026 -6.570939 7.842554 -34.703483 14.372393 -7.842241 -23.732108 -16.316428 -39.455896 -4.715832 -37.239430 -24.054938 -2.756300 -9.480755 -27.447126 27.817887 29.186299 -11.713383 -2.850061 20.459512 36.261446 2.699109 38.435747 29.181078 -8.148883 7.633077 28.096747 21.013044 -17.308003 12.843791 6.753606 
-31.067114 17.347782 43.776867 -179.810302 -1.221102 89.545848 36.776487 44.261787 -73.689823 -6.514926 20.035402 130.495476 -4.561410 -17.783662 -34.142793 nan nan nan -30.561412 -47.917985 -76.472696 4.355895 -12.512899 136.017213 2.690655 28.144769 -30.633425 nan nan nan 0.928704 2.569180 78.495413 -0.677136 -2.382968 -6.184911 4.714843 -1.691634 -10.805912 -6.485347 7.811209 -34.731538 14.380339 -7.708792 -23.670464 -16.357684 -39.309208 -4.733522 -37.119251 -24.066680 -2.681094 -9.729000 -27.421403 27.908784 29.379726 -11.858357 -2.918878 20.275767 36.233421 2.598357 38.146369 29.285434 -8.090192 8.421660 27.769489 21.315584 -17.893828 12.921981 6.290412 
-31.068907 17.318613 43.790596 -179.798019 -1.222536 89.633288 36.696604 44.230980 -73.808671 -6.474353 20.049017 130.468091 -4.532730 -17.764639 -34.145096 nan nan nan -30.448880 -47.986865 -76.595481 4.348097 -12.525306 135.978518 2.646831 28.144182 -30.645145 nan nan nan 0.902952 2.532834 78.493995 -0.679777 -2.392483 -6.340152 4.716302 -1.660562 -10.751446 -6.508448 7.821316 -34.723327 14.380507 -7.645062 -23.713520 -16.443934 -39.326745 -4.658339 -37.010500 -24.027168 -2.750302 -9.729320 -27.451074 27.843548 29.206902 -11.905168 -2.828478 20.346310 36.272920 2.702795 38.117061 29.292317 -8.104228 8.292303 27.767285 21.309337 -17.967946 12.903920 6.462915 
-31.068703 17.256607 43.857281 -179.763696 -1.206820 89.885947 36.474039 44.148333 -74.106114 -6.368014 20.108798 130.345427 -4.486483 -17.656809 -34.140626 nan nan nan -30.236826 -48.127576 -76.801840 4.284472 -12.614126 135.821768 2.499527 28.202195 -30.704701 nan nan nan 0.844515 2.453462 78.530507 -0.685689 -2.404715 -6.625086 4.751370 -1.606847 -10.744749 -6.557382 7.816517 -34.704125 14.341843 -7.443005 -23.872622 -16.665688 -39.385860 -4.488611 -36.744175 -23.934087 -2.896137 -9.722820 -27.504572 27.696605 29.019429 -12.060035 -2.592620 20.415474 36.369149 2.877046 38.078357 29.332302 -8.130266 8.019592 27.718313 21.328225 -18.154272 12.956187 6.847952 
-31.077751 17.235056 43.876911 -179.777789 -1.189486 89.893463 36.461098 44.154191 -74.139225 -6.356465 20.138052 130.330362 -4.598114 -17.619597 -34.050205 nan nan nan -30.255973 -48.187620 -76.760957 4.252933 -12.657967 135.776999 2.426253 28.224049 -30.669652 nan nan nan 0.789475 2.435421 78.560470 -0.671635 -2.384468 -6.649340 4.762558 -1.566014 -10.713773 -6.568924 7.845109 -34.772287 14.315845 -7.469954 -23.856423 -16.698105 -39.402333 -4.446940 -36.602976 -23.921321 -2.965286 -9.790543 -27.575131 27.816307 29.056363 -12.093666 -2.552371 20.453307 36.395231 2.904063 38.101923 29.411902 -8.177270 7.820012 27.660698 21.263178 -18.206977 13.033954 6.894637 
-31.099043 17.214321 43.866661 -179.864177 -1.179608 89.828826 36.604418 44.187400 -74.006136 -6.302236 20.132404 130.396576 -4.609369 -17.648452 -34.045480 nan nan nan -30.185507 -48.183957 -76.804244 4.281475 -12.682677 135.744421 2.320841 28.159229 -30.688526 nan nan nan 0.740176 2.456327 78.526238 -0.672721 -2.385628 -6.572323 4.712556 -1.495258 -10.637434 -6.590585 7.883535 -34.885155 14.401230 -7.690194 -23.699416 -16.556845 -39.398748 -4.544818 -36.654970 -23.963132 -3.044017 -9.800738 -27.587474 27.855726 28.796448 -12.074931 -2.622470 20.589829 36.415010 2.988418 38.339434 29.459016 -8.298211 7.206742 27.783010 20.973550 -17.810299 13.141488 7.437895 
-31.115625 17.197454 43.867573 -179.966115 -1.157880 89.788776 36.678216 44.238339 -73.926543 -6.292637 20.107365 130.428946 -4.645975 -17.656067 -33.995461 nan nan nan -30.037272 -48.162914 -76.894699 4.335793 -12.693023 135.700077 2.290518 28.115423 -30.714752 nan nan nan 0.660401 2.406176 78.631840 -0.737746 -2.384956 -6.803319 4.685264 -1.465311 -10.448984 -6.567522 7.875262 -34.954413 14.433148 -7.709394 -23.585813 -16.461973 -39.407024 -4.555923 -36.718807 -23.934308 -2.895648 -9.638993 -27.588139 27.707481 29.400620 -12.169063 -2.693671 20.466678 36.541397 2.911955 38.180933 29.554862 -8.319501 7.670815 27.490065 21.036179 -18.164019 13.296475 7.315429 
-31.144011 17.163376 43.895367 -179.964362 -1.110044 89.740798 36.709529 44.166665 -73.942490 -6.293360 20.118423 130.454002 -4.654268 -17.646065 -33.960107 nan nan nan -30.044684 -48.217798 -76.780343 4.404424 -12.757838 135.594972 2.237120 28.099490 -30.818775 nan nan nan 0.758162 2.420102 78.521462 -0.694967 -2.340361 -6.333070 4.728288 -1.524481 -10.552173 -6.628156 7.986115 -35.392181 14.314850 -7.878706 -23.356257 -16.166350 -39.660047 -4.667011 -36.969655 -23.953225 -2.625831 -9.092838 -27.620190 27.401652 30.385734 -12.446588 -2.627235 20.097306 36.606134 2.612279 38.050233 29.547570 -8.285905 8.088861 27.516107 21.259731 -18.318425 13.299562 6.823596 
-31.159180 17.140472 43.915195 -179.978325 -1.091122 89.722804 36.699022 44.126180 -73.966071 -6.290651 20.131449 130.476310 -4.661896 -17.580105 -33.981953 nan nan nan -30.108473 -48.280594 -76.692197 4.447009 -12.789420 135.529200 2.259741 28.239211 -30.829460 nan nan nan 0.877491 2.445944 78.506017 -0.659100 -2.363578 -6.080688 4.709918 -1.564699 -10.668001 -6.669996 8.048478 -35.731655 14.233579 -8.042417 -23.131649 -15.945766 -39.690107 -4.838331 -37.161507 -24.031127 -2.510433 -9.030241 -27.577898 27.465530 30.924669 -12.774750 -2.701250 19.922106 36.578397 2.449349 38.064266 29.597264 -8.266604 8.267410 27.514725 21.198628 -18.345836 13.342961 6.063127 
-31.156725 17.125776 43.936344 179.945707 -1.065615 89.715177 36.730330 44.151152 -73.928441 -6.273270 20.102619 130.486109 -4.714822 -17.518180 -33.973092 nan nan nan -30.127242 -48.256855 -76.664176 4.413406 -12.780786 135.502463 2.373564 28.484922 -30.753362 nan nan nan 0.925699 2.477406 78.529361 -0.675941 -2.379830 -6.045612 4.657277 -1.539370 -10.669971 -6.654462 8.119651 -35.861069 14.207578 -8.156432 -22.985842 -15.853014 -39.494488 -5.064441 -37.305781 -24.205231 -2.484726 -9.252233 -27.399440 27.553718 30.617850 -12.782191 -2.966137 19.925464 36.499267 2.389376 38.022774 29.740983 -8.262270 8.373180 27.404550 21.026378 -18.103476 13.243109 5.486436 
-31.159315 17.109871 43.962116 179.844206 -1.025727 89.735084 36.761829 44.194819 -73.904981 -6.262521 20.089951 130.460274 -4.683924 -17.463427 -34.006098 nan nan nan -30.032694 -48.219849 -76.700864 4.350606 -12.809389 135.450390 2.348915 28.531266 -30.719717 nan nan nan 0.925650 2.514632 78.617830 -0.716748 -2.366517 -6.156719 4.663788 -1.519597 -10.639356 -6.662539 8.164809 -35.865906 14.194893 -8.077444 -22.994120 -15.847137 -39.339719 -5.218137 -37.372304 -24.326182 -2.467786 -9.481566 -27.213983 27.453998 30.364686 -12.682492 -3.216970 19.860144 36.412527 2.279937 37.896783 29.831444 -8.170418 8.674582 27.310863 21.348782 -17.967969 13.048695 5.740282 
-31.169828 17.095858 43.977814 179.719578 -0.971709 89.757125 36.931887 44.236967 -73.767325 -6.142968 20.051645 130.504226 -4.495430 -17.531725 -34.043336 nan nan nan -29.928362 -48.176780 -76.744549 4.277520 -12.825748 135.385862 1.948804 28.450981 -30.847198 nan nan nan 0.970148 2.628484 78.623941 -0.629837 -2.407518 -6.016849 4.648056 -1.449074 -10.816581 -6.749111 8.252188 -35.804126 14.223398 -7.986557 -23.038678 -15.790696 -39.448615 -5.142030 -37.410175 -24.202382 -2.966743 -9.456526 -27.326286 27.511610 28.684538 -12.523239 -3.663500 20.086576 36.569045 2.561776 39.352205 29.823852 -8.145481 5.568114 27.704590 20.320777 -15.534854 13.121329 8.041491 
-31.173643 17.072151 43.982491 179.624159 -0.938923 89.813561 36.796052 44.249833 -73.943506 -6.194375 20.018220 130.501588 -4.674938 -17.382203 -34.048539 nan nan nan -29.834559 -48.155574 -76.857149 4.289963 -12.886686 135.300889 1.997788 28.534926 -30.886971 nan nan nan 0.991049 2.530820 78.714771 -0.786535 -2.366544 -6.283067 4.667656 -1.563819 -10.670973 -6.662275 8.124875 -35.704769 14.189854 -7.860180 -23.097656 -15.947699 -39.314114 -5.174774 -37.213270 -24.213944 -2.684204 -9.637904 -27.291810 27.334057 29.814854 -12.355716 -3.494432 19.737807 36.489668 2.271985 38.041010 29.916162 -8.160104 8.476280 27.291126 21.488715 -17.698330 12.999689 6.284468 
-31.187298 17.033016 44.000347 179.538495 -0.913557 89.951093 36.794142 44.256321 -74.001970 -6.080504 20.012045 130.494590 -4.529059 -17.333606 -34.123375 nan nan nan -29.667269 -48.170395 -77.076862 4.247684 -12.960109 135.225514 1.863793 28.488449 -30.914944 nan nan nan 0.982827 2.604725 78.644682 -0.717709 -2.372899 -6.243326 4.661669 -1.531104 -10.756081 -6.698207 8.120287 -35.750751 14.223935 -8.068782 -22.980616 -16.043743 -39.394995 -5.112122 -37.205691 -24.195977 -2.819708 -9.371511 -27.321646 27.324694 29.462225 -12.157526 -3.066134 20.138357 36.533096 2.592270 38.290580 29.853875 -8.234755 7.433962 27.676831 21.327880 -17.206134 13.049474 7.073955 
-31.185078 17.006996 44.012142 179.491576 -0.884206 90.055963 36.743685 44.274076 -74.116477 -6.037452 19.998363 130.472223 -4.498673 -17.291737 -34.121370 nan nan nan -29.542827 -48.194489 -77.234161 4.232151 -13.022846 135.178378 1.846348 28.511655 -30.858999 nan nan nan 0.979557 2.619681 78.633756 -0.708022 -2.356275 -6.312334 4.663567 -1.529169 -10.777037 -6.708985 8.081565 -35.750438 14.247422 -8.129662 -22.948453 -16.054355 -39.430706 -5.049148 -37.212154 -24.189460 -2.808382 -9.252328 -27.372233 27.227221 29.491789 -12.062635 -2.967676 20.164278 36.560543 2.633899 38.365148 29.888027 -8.221714 7.289567 27.644848 21.361053 -17.122284 13.112948 7.310772 
-31.194456 16.985294 44.022209 179.428142 -0.838751 90.085026 36.744669 44.268411 -74.162697 -5.994966 19.967209 130.476449 -4.469393 -17.206561 -34.090872 nan nan nan -29.444276 -48.230900 -77.334799 4.243199 -13.071468 135.139968 1.856178 28.533910 -30.733835 nan nan nan 0.994688 2.629186 78.669319 -0.689905 -2.352037 -6.340581 4.664935 -1.523362 -10.783513 -6.763605 8.050487 -35.782332 14.281711 -8.177227 -22.913559 -16.002071 -39.523801 -4.944098 -37.216671 -24.127872 -2.810424 -9.157170 -27.508600 26.963626 29.477041 -11.890975 -3.184825 20.140037 36.627164 2.670250 38.499780 29.897310 -8.217615 6.995536 27.695270 21.251320 -16.852739 13.119843 7.632075 
-31.220510 16.967281 44.027874 179.297656 -0.758225 89.962948 36.779282 44.219392 -74.157636 -5.977046 19.809874 130.530646 -4.493273 -17.043056 -34.011044 nan nan nan -29.268773 -48.291498 -77.446259 4.317597 -13.067198 135.090826 1.964777 28.595128 -30.432202 nan nan nan 1.145224 2.591108 78.893120 -0.767556 -2.361707 -6.438893 4.656689 -1.562816 -10.727357 -6.832112 7.900936 -35.814971 14.351825 -8.146704 -22.827283 -15.856349 -39.627967 -4.956607 -37.267235 -24.035046 -2.693951 -9.229278 -27.692538 26.472376 29.830463 -11.357620 -3.312798 19.862851 36.726178 2.558397 38.228301 29.880630 -8.214926 7.566185 27.588153 21.553115 -17.352587 13.087723 8.168260 
-31.227612 16.951790 44.040455 179.197654 -0.726255 89.901309 36.794400 44.212790 -74.118333 -5.981249 19.715782 130.538431 -4.544092 -17.083131 -33.947433 nan nan nan -29.115708 -48.291647 -77.583477 4.355613 -13.022505 135.045794 2.056959 28.635526 -30.260106 nan nan nan 1.217623 2.613442 78.960727 -0.818075 -2.344204 -6.324613 4.662985 -1.563095 -10.783167 -6.881647 7.802521 -35.818829 14.340381 -8.139304 -22.845266 -15.749389 -39.465348 -5.158659 -37.408594 -24.212303 -2.715041 -9.375688 -27.576778 26.595057 29.709663 -11.265042 -3.111736 19.759242 36.663704 2.510296 38.135452 29.920360 -8.228751 7.797990 27.627045 21.667785 -17.491606 13.085901 8.266656 
-31.242144 16.919384 44.066906 179.117857 -0.687125 89.939097 36.707318 44.192658 -74.197777 -5.926871 19.652163 130.538341 -4.489738 -16.985865 -33.979636 nan nan nan -28.931586 -48.276953 -77.750395 4.366463 -13.033097 134.972614 2.076841 28.624424 -30.203036 nan nan nan 1.243628 2.616010 78.996176 -0.834508 -2.306089 -6.371928 4.697996 -1.550410 -10.810080 -6.978192 7.739459 -35.745011 14.246618 -8.046423 -22.856327 -15.687971 -39.377591 -5.147827 -37.541245 -24.428862 -2.760594 -9.315884 -27.369156 26.707738 29.790459 -11.354686 -3.073107 19.618064 36.652849 2.527754 38.231901 30.050252 -8.265802 7.664323 27.523530 21.569606 -17.596475 13.271381 8.258481 
-31.258165 16.891121 44.071770 179.033770 -0.665666 89.983114 36.675364 44.183152 -74.246837 -5.876591 19.671964 130.546088 -4.482307 -16.879237 -33.919110 nan nan nan -28.817372 -48.280683 -77.898381 4.387955 -13.112981 134.921192 2.053057 28.546250 -30.193180 nan nan nan 1.191084 2.624752 78.925784 -0.836805 -2.260879 -6.299194 4.743648 -1.559388 -10.829264 -7.048545 7.810228 -35.800986 14.083648 -7.821895 -22.874376 -15.752006 -39.437720 -5.025379 -37.445683 -24.411641 -2.748641 -9.173602 -27.357133 26.642082 30.150144 -11.397459 -2.930733 19.576338 36.720394 2.584566 38.058281 30.130491 -8.292158 7.837362 27.472495 21.595508 -17.865786 13.403999 8.089734 
-31.260561 16.879587 44.064037 178.987890 -0.658482 90.013857 36.680208 44.205490 -74.261907 -5.886689 19.713318 130.544760 -4.514506 -16.883410 -33.864955 nan nan nan -28.764305 -48.281240 -77.982496 4.396531 -13.156655 134.912889 2.037721 28.526326 -30.169696 nan nan nan 1.122923 2.639083 78.857388 -0.839280 -2.235337 -6.251312 4.757232 -1.566410 -10.835221 -7.050765 7.861576 -35.823248 14.055725 -7.770582 -22.876609 -15.766755 -39.448974 -4.974405 -37.360155 -24.364759 -2.703011 -9.144693 -27.429676 26.563298 30.359152 -11.391650 -3.009227 19.552771 36.731577 2.590470 37.931489 30.170710 -8.261603 8.076938 27.451628 21.723950 -18.021973 13.400332 7.854389 
-31.271959 16.861811 44.061611 178.912382 -0.640011 90.061765 36.719454 44.216442 -74.266597 -5.889982 19.774565 130.543764 -4.550099 -16.891381 -33.788096 nan nan nan -28.669570 -48.299530 -78.096289 4.403462 -13.231580 134.879741 1.974669 28.511275 -30.136759 nan nan nan 1.044800 2.668255 78.780311 -0.825319 -2.223666 -6.204918 4.773778 -1.548081 -10.853731 -7.080083 7.925266 -35.808262 14.054617 -7.704772 -22.904012 -15.820014 -39.477917 -4.921271 -37.196967 -24.234354 -2.684515 -9.163661 -27.602569 26.563402 30.439518 -11.345156 -3.109838 19.654764 36.793654 2.700157 37.816641 30.173961 -8.263180 8.068944 27.518006 21.810808 -17.997140 13.363865 7.751221 
-31.290232 16.829758 44.084167 178.782441 -0.598842 90.140651 36.781227 44.189138 -74.249954 -5.892184 19.823264 130.525663 -4.588414 -16.904986 -33.717967 nan nan nan -28.478027 -48.340179 -78.285851 4.398573 -13.351104 134.795695 1.849570 28.528431 -30.044652 nan nan nan 0.943807 2.703724 78.742643 -0.807570 -2.262999 -6.243424 4.774614 -1.464630 -10.853486 -7.081325 7.993346 -35.698709 14.151739 -7.642779 -22.967966 -15.889836 -39.461813 -4.965326 -37.056782 -24.056418 -2.655697 -9.160136 -27.787529 26.693411 30.311667 -11.182667 -3.030790 19.909338 36.930798 2.929998 37.653581 30.190948 -8.355004 7.798728 27.591469 21.955835 -17.713777 13.220686 7.913067 
-31.288656 16.823917 44.091251 178.755288 -0.588683 90.155670 36.791304 44.197993 -74.243234 -5.894340 19.823687 130.518496 -4.593118 -16.902339 -33.718624 nan nan nan -28.445851 -48.333376 -78.320314 4.396673 -13.363358 134.787798 1.840055 28.524961 -30.031481 nan nan nan 0.915847 2.705547 78.734532 -0.811541 -2.267184 -6.252486 4.770693 -1.455852 -10.851213 -7.082572 7.997338 -35.683614 14.177805 -7.659762 -22.976246 -15.906720 -39.481451 -4.941470 -37.030719 -24.034541 -2.645341 -9.155921 -27.782164 26.624848 30.292012 -11.155016 -3.077653 19.943394 36.952383 2.964493 37.607545 30.186081 -8.375380 7.802417 27.603988 21.965728 -17.687303 13.196208 7.905503 
-31.301960 16.839357 44.152588 178.601717 -0.601171 90.239871 37.243717 44.165665 -73.818827 -5.262113 19.418567 130.663716 -5.417402 -18.084537 -33.558594 nan nan nan -28.426465 -48.287725 -78.328243 3.798776 -12.845824 134.817237 1.520336 29.408807 -30.110307 nan nan nan 0.559214 2.579417 78.754076 -1.095733 -1.974953 -6.109968 4.845030 -1.403717 -11.453281 -7.221784 8.623904 -34.395990 14.352075 -8.147125 -24.010511 -16.204661 -39.472333 -4.156460 -36.459629 -23.740633 -3.124109 -10.139138 -29.002013 25.981440 14.471965 -11.688972 -8.645927 20.631245 36.666578 4.069637 37.005159 30.574587 -8.951868 7.868942 27.868184 22.340740 -14.933126 12.644961 7.518757 
-31.332098 16.816248 44.153996 178.652801 -0.618385 90.273841 36.936849 44.094076 -74.192021 -5.396479 19.511042 130.642359 -5.336869 -17.604808 -33.478972 nan nan nan -28.157175 -48.427201 -78.598678 4.027042 -12.960611 134.774886 1.524106 29.071147 -30.111945 nan nan nan 0.545303 2.596115 78.630488 -1.040342 -1.934991 -6.070558 4.899125 -1.411837 -11.300315 -7.236179 8.360893 -34.509679 14.317818 -7.941763 -23.973141 -15.840033 -39.414496 -4.517583 -36.885974 -23.498552 -2.273547 -9.608385 -29.227667 26.303061 20.132119 -10.004064 -7.150007 20.442425 36.770530 3.650555 36.780013 30.474995 -8.860398 8.579077 27.494142 22.356737 -16.363556 12.810216 7.425653 
-31.360556 16.809252 44.149418 178.599937 -0.610533 90.251295 37.059860 44.030082 -74.103969 -5.352200 19.542923 130.665617 -5.420244 -17.524615 -33.557736 nan nan nan -28.208223 -48.405526 -78.570423 3.982884 -13.015443 134.764196 1.562794 29.104529 -30.099500 nan nan nan 0.561118 2.593410 78.567674 -1.061974 -1.910394 -5.875047 4.881208 -1.460264 -11.402324 -7.192180 8.488050 -34.585756 14.221224 -7.987405 -23.886418 -16.019544 -39.430208 -4.475252 -36.566799 -23.347235 -2.289204 -9.341344 -29.200386 26.863947 19.746609 -10.384112 -5.906331 20.539210 36.781291 3.675181 36.391845 30.525903 -9.004518 9.246184 27.355264 22.712700 -16.354721 12.833788 6.937073 
-31.383282 16.811363 44.143230 178.563738 -0.573697 90.107280 37.113679 43.999702 -74.039921 -5.471410 19.584545 130.684923 -5.267203 -17.141946 -33.610815 nan nan nan -28.126288 -48.456364 -78.587723 4.235457 -13.183196 134.746732 1.581695 28.832586 -30.013506 nan nan nan 0.644986 2.632541 78.561863 -1.043297 -1.859856 -5.704052 4.899099 -1.511705 -11.303489 -7.170416 8.240309 -34.756923 14.180602 -7.798682 -23.828472 -15.911686 -39.464483 -4.789237 -36.708395 -23.244553 -1.864586 -9.137267 -28.778610 27.207672 24.952231 -9.692933 -4.376346 20.520169 36.905811 3.228752 36.443247 30.475008 -8.815800 9.279602 26.942537 22.366054 -17.445755 13.143887 7.378620 
-31.389458 16.812130 44.155598 178.428939 -0.491941 90.051269 37.352016 44.004805 -73.871565 -5.395434 19.496116 130.749972 -5.434438 -17.255396 -33.614449 nan nan nan -28.086722 -48.337595 -78.580896 4.163702 -13.185616 134.753882 1.606713 28.964327 -29.979286 nan nan nan 0.725278 2.611550 78.623969 -1.119112 -1.827390 -5.640431 4.885470 -1.620051 -11.469545 -7.188028 8.416724 -34.563194 14.012767 -7.730813 -23.892755 -16.405503 -39.502773 -4.361456 -36.169332 -23.173331 -2.327426 -9.295508 -28.896990 27.247936 22.443191 -10.368943 -4.981961 20.780906 36.862542 3.426166 36.143483 30.634334 -8.853803 9.554719 26.784503 22.782281 -17.127091 12.916977 7.192914 
-31.401514 16.799982 44.168266 178.323973 -0.476952 90.066924 37.498536 43.986714 -73.785139 -5.229897 19.396121 130.826974 -5.378478 -17.382674 -33.545427 nan nan nan -27.960429 -48.283089 -78.745294 4.051312 -13.139527 134.780696 1.419381 28.962230 -30.000983 nan nan nan 0.693308 2.730427 78.533433 -1.024349 -1.791615 -5.423404 4.908759 -1.555388 -11.673194 -7.310408 8.507462 -34.385471 13.894014 -7.640719 -24.022405 -16.562669 -39.626449 -4.025217 -36.142350 -23.014477 -2.706876 -8.969064 -29.308683 27.055215 19.156275 -10.109130 -6.562592 21.315609 37.014463 4.037775 36.941576 30.596358 -9.015006 7.089836 27.332255 21.672732 -15.011588 12.827703 8.901584 
-31.400385 16.784180 44.178398 178.240407 -0.525499 90.137068 37.386921 43.949436 -73.928511 -5.181222 19.347317 130.847858 -5.763060 -17.406389 -33.476039 nan nan nan -27.916893 -48.207451 -78.939122 3.926749 -13.110385 134.805145 1.654924 29.188842 -29.843416 nan nan nan 0.512471 2.650768 78.474853 -1.211799 -1.662981 -5.592851 4.948468 -1.616124 -11.554856 -7.229434 8.643632 -34.204238 13.761112 -7.660109 -24.176606 -16.922850 -39.408160 -3.793297 -35.967686 -23.268987 -2.430764 -8.593362 -29.251542 26.301894 17.608414 -10.278797 -7.082809 21.022766 36.746192 3.790345 35.090686 30.874344 -9.050459 10.803259 26.719418 23.359298 -16.759484 12.099417 6.222991 
-31.411308 16.772854 44.197838 178.227980 -0.606029 90.109931 37.505208 43.836909 -73.719025 -4.994389 19.319684 130.881859 -5.497693 -17.564795 -33.489580 nan nan nan -27.899260 -48.247736 -79.058082 3.909064 -13.034527 134.843825 1.514973 29.215801 -29.822587 nan nan nan 0.377909 2.828756 78.246650 -0.968364 -1.728715 -4.973525 4.921311 -1.410141 -11.907720 -7.380037 8.491602 -34.261650 14.007879 -7.867498 -23.991232 -16.997928 -39.850611 -3.688678 -36.057006 -23.002747 -3.277265 -8.047581 -29.352693 25.774478 15.524018 -10.797309 -5.948314 21.695894 37.182950 4.397579 37.192983 30.438670 -9.476853 5.781044 28.060768 20.506318 -11.670740 12.159471 9.568235 
-31.405771 16.767790 44.221970 178.135189 -0.601987 90.042963 37.478779 43.840734 -73.697854 -5.046424 19.253222 130.882208 -5.877238 -17.492311 -33.522981 nan nan nan -27.833112 -48.139805 -79.100191 3.903631 -12.969055 134.838778 1.697104 29.379581 -29.738691 nan nan nan 0.367313 2.703735 78.433676 -1.218893 -1.625540 -5.284612 4.948663 -1.617673 -11.722722 -7.181467 8.623938 -34.281069 13.801186 -7.968885 -23.924162 -17.080276 -39.408076 -3.759534 -36.109452 -23.445416 -2.942723 -7.953593 -28.891786 25.729204 16.181128 -11.019800 -5.345143 20.925535 36.792465 3.757977 35.271976 31.072569 -9.281110 10.437207 26.711129 22.914582 -15.011697 11.821583 5.797756 
-31.430220 16.761559 44.245361 178.073688 -0.638103 89.965453 37.677011 43.768906 -73.409851 -4.867673 19.218620 130.962524 -5.596593 -17.539826 -33.621981 nan nan nan -27.599231 -48.172981 -79.270241 3.977479 -12.869853 134.851037 1.309440 29.153927 -29.906333 nan nan nan 0.441805 2.866904 78.370190 -1.042446 -1.719869 -4.909172 4.927940 -1.499376 -11.960933 -7.352505 8.391036 -34.293519 13.968328 -7.919581 -23.785258 -17.143839 -39.849016 -3.622906 -36.163162 -23.097969 -3.683346 -7.711684 -29.091172 25.768075 14.668440 -11.001116 -4.804570 21.565016 37.182769 4.434433 37.252846 30.640616 -9.693740 5.701485 27.988464 20.645641 -10.751217 11.900715 9.403382 
-31.410002 16.722445 44.252811 177.989229 -0.574527 90.030259 37.494653 43.727680 -73.712653 -4.958373 19.133392 130.930145 -5.948735 -17.332038 -33.572470 nan nan nan -27.548516 -48.026843 -79.351575 3.893226 -12.953229 134.840624 1.543158 29.269094 -29.783299 nan nan nan 0.511529 2.762839 78.457448 -1.269754 -1.635164 -5.379493 4.922438 -1.695703 -11.605197 -7.151898 8.542492 -34.356733 13.757049 -7.934634 -23.796100 -16.968236 -39.400659 -3.812488 -36.303733 -23.538022 -3.044538 -7.769504 -28.666284 25.847814 16.530694 -11.094596 -5.061053 20.595062 36.709898 3.524473 35.560829 31.214680 -9.269392 10.392170 26.712015 23.090437 -14.515938 11.760744 5.329672 
-31.380461 16.691658 44.287205 177.942073 -0.549898 90.130691 37.415087 43.598219 -73.861643 -4.841296 18.985637 130.878277 -5.912272 -17.301054 -33.544895 nan nan nan -27.611574 -47.887493 -79.351527 3.729387 -13.040571 134.798318 1.531642 29.330887 -29.740009 nan nan nan 0.513343 2.882735 78.337240 -1.144454 -1.711994 -5.165689 4.872906 -1.574916 -11.742479 -7.227422 8.736648 -34.362585 13.753584 -8.129166 -23.876834 -16.887604 -39.481403 -3.801459 -36.330750 -23.525922 -3.146964 -7.618452 -28.630369 25.693815 16.593359 -11.134735 -4.930211 21.061808 36.851285 3.852909 36.258410 31.283508 -9.202833 8.395302 26.904607 22.052560 -13.861405 12.144486 6.071587 
-31.359459 16.649622 44.335098 177.881226 -0.561405 90.257220 37.333427 43.504695 -73.976115 -4.665681 18.905036 130.805826 -5.822319 -17.198898 -33.508779 nan nan nan -27.482853 -47.783469 -79.530327 3.621931 -13.087371 134.752398 1.460159 29.276324 -29.776761 nan nan nan 0.431787 3.023038 78.230572 -1.006435 -1.780074 -4.961965 4.862313 -1.427954 -11.946842 -7.360986 8.677964 -34.297148 13.940597 -8.063319 -23.985568 -16.988950 -39.786926 -3.697649 -36.078901 -23.132493 -3.544101 -7.688380 -29.007351 25.400666 15.298263 -10.931424 -4.724452 21.624110 37.195813 4.361696 37.228133 30.843153 -9.447432 5.712841 27.966517 20.470345 -11.139880 11.927022 8.417090 
-31.342621 16.625048 44.361919 177.822739 -0.529573 90.272256 37.331909 43.477727 -74.052850 -4.670451 18.878613 130.781087 -6.043276 -17.093065 -33.445158 nan nan nan -27.422248 -47.687964 -79.585261 3.591507 -13.103633 134.730035 1.647476 29.406863 -29.738430 nan nan nan 0.373345 2.903178 78.333481 -1.189725 -1.681841 -5.244716 4.848671 -1.544800 -11.789894 -7.192555 8.750776 -34.229402 13.895260 -7.965310 -24.068210 -16.935009 -39.495095 -3.813324 -36.056620 -23.280229 -3.327020 -7.810044 -28.863293 25.635146 15.712774 -10.971532 -5.022463 20.985256 37.110859 3.811812 36.568621 31.300077 -9.160942 7.877531 26.815563 21.593972 -12.842594 12.095734 6.278516 
-31.323135 16.619072 44.367882 177.731968 -0.556410 90.145987 37.547971 43.489964 -73.758359 -4.673217 18.896815 130.791544 -6.007544 -17.100367 -33.418342 nan nan nan -27.405768 -47.600984 -79.624236 3.665307 -13.104007 134.758426 1.759628 29.339077 -29.654011 nan nan nan 0.329637 3.045278 78.287838 -1.132336 -1.650241 -4.926231 4.854412 -1.512072 -11.912967 -7.228966 8.743432 -34.197194 13.879928 -7.890421 -24.109262 -17.008595 -39.631789 -3.774593 -35.935029 -23.230982 -3.520333 -7.903094 -28.785540 25.580315 16.183059 -11.132376 -4.864641 21.291914 37.258373 4.046512 37.075422 31.138352 -9.162159 6.336559 27.287105 20.853128 -11.647543 12.199064 7.148428 
-31.286673 16.600689 44.371967 177.616724 -0.580427 90.112319 37.517170 43.551798 -73.759719 -4.832252 18.922028 130.726921 -6.336358 -16.942160 -33.344211 nan nan nan -27.286734 -47.490156 -79.794331 3.737123 -13.140968 134.763652 2.097881 29.292347 -29.468633 nan nan nan 0.248464 3.038243 78.322393 -1.345290 -1.531527 -5.072441 4.906593 -1.628990 -11.727664 -7.094282 8.696852 -34.129835 13.762527 -7.592013 -24.301613 -17.217314 -39.426388 -3.853341 -35.628634 -23.544785 -3.144535 -8.700116 -28.290995 25.077699 18.137878 -11.270818 -5.472865 20.827423 37.032497 3.606178 35.236697 31.339718 -8.965019 10.294776 26.602064 22.563385 -14.585210 11.855786 4.849130 
-31.266832 16.590075 44.384106 177.594699 -0.660122 90.071043 37.687974 43.488853 -73.503741 -4.713311 18.923133 130.703028 -6.096097 -17.098048 -33.346026 nan nan nan -27.204513 -47.518770 -79.945817 3.734280 -13.061861 134.811604 1.910811 29.180569 -29.450158 nan nan nan 0.109772 3.205715 78.176041 -1.157189 -1.573844 -4.658714 4.898229 -1.463872 -11.966129 -7.240617 8.621582 -34.014782 13.951487 -7.589714 -24.307652 -17.340499 -39.829487 -3.601198 -35.435401 -23.297084 -3.868443 -8.987406 -28.549751 24.578402 15.897231 -11.544271 -6.472418 21.577454 37.375163 4.359749 37.064392 31.096907 -9.188151 5.751803 27.570188 20.154004 -10.732436 11.770173 8.476358 
-31.250484 16.580959 44.400528 177.633106 -0.664426 90.046062 37.654568 43.376575 -73.543434 -4.734625 18.905578 130.667421 -6.116637 -17.033371 -33.380002 nan nan nan -27.261816 -47.569363 -79.879732 3.758991 -13.068767 134.804852 1.983212 29.328095 -29.365609 nan nan nan 0.168052 3.115463 78.226725 -1.171675 -1.628759 -4.778721 4.814571 -1.536812 -11.853278 -7.110319 8.691434 -34.130211 13.922674 -7.774920 -24.155512 -16.985964 -39.587897 -3.762456 -35.782730 -23.320450 -3.482644 -8.434932 -28.641082 25.046990 16.735173 -11.664085 -6.817344 21.137798 37.273890 3.862856 37.417610 31.408025 -8.941720 5.993416 26.988989 20.459962 -10.534221 11.939071 7.405779 
-31.226269 16.582283 44.417351 177.611107 -0.674106 90.042090 37.596707 43.288298 -73.601449 -4.682299 18.798824 130.661224 -6.432208 -17.057449 -33.369334 nan nan nan -27.406116 -47.522858 -79.760778 3.672459 -13.057321 134.806762 2.228534 29.686904 -29.271007 nan nan nan 0.273773 3.035350 78.433177 -1.315094 -1.658445 -5.211926 4.822413 -1.679993 -11.650579 -7.005936 8.907625 -34.003364 13.689363 -7.938763 -24.285964 -17.137925 -39.328873 -3.733045 -35.670313 -23.332699 -2.789008 -7.780678 -28.606390 25.598069 16.374528 -12.293883 -6.310786 21.034240 37.079856 3.763071 35.142471 31.512120 -9.112985 10.222652 26.447267 22.510329 -13.714313 11.835122 3.873846 
-31.211449 16.582911 44.440639 177.567168 -0.682700 90.022930 37.712654 43.239786 -73.466033 -4.575237 18.726925 130.667631 -6.373167 -17.177502 -33.369510 nan nan nan -27.435042 -47.483938 -79.714400 3.591054 -13.013489 134.804745 2.111994 29.769563 -29.340955 nan nan nan 0.313114 3.067017 78.475243 -1.298218 -1.755799 -5.196041 4.789148 -1.624447 -11.772529 -7.060020 8.902439 -33.712446 13.798351 -7.930568 -24.469798 -17.392727 -39.493911 -3.509809 -35.449160 -23.147034 -3.217919 -7.534787 -28.598491 25.703789 14.975777 -12.282228 -5.438029 21.480486 37.233928 4.205656 35.585260 31.365713 -9.362231 8.926300 26.821243 21.864098 -13.220207 11.884859 4.845163 
-31.184128 16.579308 44.448971 177.513903 -0.676976 90.044021 37.702318 43.288178 -73.549579 -4.587260 18.713758 130.673529 -6.576250 -17.091813 -33.329560 nan nan nan -27.371518 -47.427758 -79.789922 3.556523 -12.998083 134.806010 2.178222 29.786232 -29.354018 nan nan nan 0.274608 3.056515 78.457658 -1.388723 -1.744268 -5.325824 4.787710 -1.622054 -11.721893 -6.946330 8.856380 -33.434887 13.859443 -7.818078 -24.644765 -17.750355 -39.455893 -3.366633 -35.158298 -23.237509 -3.251642 -7.773506 -28.434792 25.360483 15.131761 -11.680005 -4.954940 21.535696 37.186745 4.205563 34.832576 31.517492 -9.445812 10.315921 26.323672 22.232193 -14.527439 11.701035 4.104121 
-31.168282 16.577065 44.475819 177.520985 -0.709297 90.033267 37.869014 43.247532 -73.361301 -4.457360 18.728068 130.668615 -6.323008 -17.137713 -33.316039 nan nan nan -27.390857 -47.483034 -79.768249 3.579782 -13.001689 134.791487 1.973349 29.735794 -29.404342 nan nan nan 0.218730 3.219717 78.304464 -1.190523 -1.772338 -4.871640 4.782337 -1.457497 -12.050619 -7.070007 8.703518 -33.353087 14.048596 -7.726100 -24.625148 -17.864584 -39.883612 -3.154998 -35.101373 -22.900463 -3.911944 -7.609272 -28.761211 25.090682 13.530805 -11.204802 -4.520179 22.110998 37.499105 4.691608 36.933798 31.125502 -9.664634 5.667876 27.406048 19.847724 -10.082546 11.698256 7.807281 
-31.137495 16.568680 44.527237 177.478695 -0.698951 90.044067 37.749333 43.277804 -73.452027 -4.573355 18.691436 130.571921 -6.605544 -17.074810 -33.253886 nan nan nan -27.406466 -47.403927 -79.690810 3.510196 -12.999177 134.734554 2.136144 29.869586 -29.389968 nan nan nan 0.316662 3.075011 78.486048 -1.427069 -1.712883 -5.150381 4.781764 -1.686369 -11.950683 -6.965958 8.817735 -33.400200 13.868898 -7.726601 -24.608378 -17.771968 -39.574585 -3.277602 -35.100242 -23.084765 -3.569496 -7.740991 -28.564177 25.180972 14.301716 -11.199777 -4.805786 21.301425 37.282965 3.970349 35.595561 31.718522 -9.384934 9.348147 25.841902 21.637270 -13.385396 12.045684 4.936769 
-31.121691 16.553354 44.579536 177.570266 -0.765720 90.077664 37.659263 43.186276 -73.449456 -4.495666 18.692306 130.491532 -6.254144 -17.082544 -33.306717 nan nan nan -27.377427 -47.539735 -79.697157 3.558710 -13.023261 134.678390 2.003771 29.758406 -29.416771 nan nan nan 0.414557 3.180526 78.427430 -1.227072 -1.854745 -4.803968 4.799448 -1.605288 -12.241182 -7.134820 8.495499 -33.433694 14.025074 -7.506030 -24.548138 -17.742902 -39.962678 -3.259919 -35.142298 -22.692282 -4.243254 -7.654928 -28.855811 24.951825 12.972949 -11.020841 -4.219894 21.691727 37.643560 4.473802 37.352116 31.182382 -9.785004 5.465805 27.218681 19.460444 -9.536837 11.967187 8.398341 
-31.103727 16.524050 44.617302 177.557361 -0.701383 90.077730 37.519656 43.173656 -73.631513 -4.583573 18.624823 130.427505 -6.558495 -16.972928 -33.286986 nan nan nan -27.419950 -47.495451 -79.537080 3.526154 -13.085429 134.617393 2.214934 29.947464 -29.393577 nan nan nan 0.548375 3.047877 78.584775 -1.432055 -1.752518 -5.008619 4.864207 -1.780595 -12.127061 -6.982379 8.631476 -33.513035 13.666115 -7.481803 -24.598447 -17.594895 -39.605783 -3.472054 -35.367534 -23.113342 -3.777109 -7.612031 -28.489359 24.940618 14.236613 -11.260013 -4.334539 20.716928 37.292365 3.724078 35.695719 31.672061 -9.535099 9.737334 26.068702 21.565068 -13.322119 11.862351 4.981339 
-31.096821 16.511049 44.642914 177.558951 -0.692862 89.941227 37.733659 43.118258 -73.357575 -4.482931 18.584235 130.451449 -6.323571 -17.069392 -33.288665 nan nan nan -27.438580 -47.545850 -79.384421 3.574264 -13.094489 134.613204 2.108164 29.846624 -29.351101 nan nan nan 0.699791 3.234137 78.546377 -1.215928 -1.848067 -4.458061 4.844570 -1.700513 -12.387401 -7.099577 8.633800 -33.827818 13.591882 -7.680975 -24.325352 -17.304720 -39.902945 -3.486636 -35.702729 -22.980432 -4.228269 -7.013311 -28.736710 25.078844 13.072817 -11.530641 -4.371742 21.008511 37.533616 4.081899 37.514115 31.381511 -9.642015 5.680128 27.236970 19.930978 -9.901195 11.672905 7.570781 
-31.066332 16.505507 44.631660 177.541760 -0.699778 89.902391 37.668898 43.153288 -73.425256 -4.585932 18.550337 130.425251 -6.602652 -17.059099 -33.223694 nan nan nan -27.521594 -47.554031 -79.321585 3.525030 -13.123182 134.650601 2.306282 30.001821 -29.202675 nan nan nan 0.710593 3.109244 78.656010 -1.388202 -1.852796 -4.844888 4.753807 -1.843647 -12.033788 -6.890164 8.895281 -34.078502 13.446329 -7.965346 -24.099118 -17.051314 -39.374320 -3.693904 -35.914463 -23.291118 -3.636259 -6.923724 -28.644490 25.620585 13.749031 -12.191685 -5.245381 20.324828 37.181751 3.372515 36.601192 31.971276 -9.189295 8.602151 25.995472 21.803776 -12.330577 11.982034 4.855970 
-31.029943 16.508633 44.630970 177.560447 -0.677353 89.899058 37.618601 43.165226 -73.576249 -4.660401 18.490221 130.429396 -6.759641 -17.052485 -33.165774 nan nan nan -27.695057 -47.552221 -79.135100 3.441562 -13.155753 134.693941 2.270169 30.218577 -29.258535 nan nan nan 0.658767 3.082664 78.657267 -1.408744 -1.845260 -4.978903 4.694544 -1.857562 -11.892562 -6.813669 9.363726 -34.291309 13.250633 -8.413254 -23.967461 -16.780479 -38.943099 -3.804762 -36.130379 -23.787835 -3.366066 -6.858248 -28.276717 26.209787 14.128615 -12.493943 -5.986725 20.132073 36.950963 3.050901 36.457116 32.933477 -8.640214 9.231636 24.160884 22.719647 -14.710341 12.780541 3.019339 
-30.992832 16.492935 44.628464 177.569374 -0.692482 89.893903 37.611437 43.169562 -73.591391 -4.730744 18.545122 130.375807 -6.699673 -16.970692 -33.156516 nan nan nan -27.680114 -47.545325 -79.123248 3.470247 -13.216848 134.704948 2.133714 30.143791 -29.379419 nan nan nan 0.624842 3.139288 78.588292 -1.385632 -1.859540 -4.839385 4.756250 -1.829632 -11.965858 -6.889679 9.271096 -34.223952 13.333386 -8.350706 -24.007041 -16.748231 -38.968269 -3.941671 -36.209264 -23.909624 -3.414604 -7.217150 -27.960927 25.711027 14.879927 -11.908658 -6.063918 20.118717 36.961580 3.130810 36.384440 32.932616 -8.540561 9.277611 24.237628 22.788427 -15.342783 12.742238 3.311503 
-30.961285 16.492458 44.623962 177.597392 -0.735846 89.932129 37.662024 43.171140 -73.567218 -4.800418 18.732390 130.308310 -6.579207 -16.754740 -33.114889 nan nan nan -27.628669 -47.604855 -79.212663 3.574666 -13.317077 134.713545 2.070759 29.975343 -29.379383 nan nan nan 0.586586 3.150648 78.527232 -1.382330 -1.920873 -4.900642 4.772878 -1.805082 -11.885965 -6.977639 9.006208 -34.238198 13.551074 -8.164004 -24.011758 -16.826164 -38.992603 -4.087917 -36.257610 -24.080246 -3.440527 -8.280889 -27.472240 24.431763 17.116855 -11.178032 -6.803339 20.243851 36.945244 3.132123 36.335323 32.918345 -8.316258 9.348822 24.244101 22.402407 -16.131988 12.676266 4.315972 
-30.929909 16.500481 44.629318 177.578469 -0.721678 89.943614 37.861068 43.219877 -73.445911 -4.723327 18.738613 130.302045 -6.644141 -16.812068 -33.002338 nan nan nan -27.736751 -47.592202 -79.086044 3.491555 -13.347324 134.734257 1.958669 30.075085 -29.424378 nan nan nan 0.573926 3.140314 78.464843 -1.395686 -1.905359 -4.841991 4.726887 -1.757101 -11.984439 -6.987429 9.046911 -33.982543 13.567526 -8.215622 -24.176415 -16.908162 -39.118041 -3.925126 -35.905469 -23.729205 -3.623976 -7.772208 -27.939806 25.380221 15.188611 -11.040655 -5.110249 20.502729 37.058645 3.455993 36.247951 32.810182 -8.771783 9.079995 24.318343 22.600337 -15.327198 12.412525 4.965215 
-30.895536 16.495840 44.624302 177.546321 -0.732468 89.978139 38.003300 43.241808 -73.331908 -4.659948 18.761153 130.262195 -6.624665 -16.860345 -33.031691 nan nan nan -27.744425 -47.580795 -79.098047 3.452978 -13.404089 134.754951 1.928708 30.117490 -29.498225 nan nan nan 0.514534 3.186714 78.374241 -1.402172 -1.854339 -4.820593 4.710453 -1.720496 -11.977086 -7.005294 9.067689 -33.860086 13.556278 -8.157754 -24.306279 -17.081681 -39.230401 -3.769332 -35.660345 -23.581396 -3.682817 -7.526255 -28.144765 25.317846 14.181311 -11.152087 -4.566764 20.743729 37.093598 3.714419 36.071867 32.636314 -9.021717 9.015703 24.664857 22.433313 -14.740574 12.218356 5.435060 
-30.872047 16.482962 44.636349 177.544733 -0.740995 90.013245 38.000005 43.252787 -73.344313 -4.660293 18.782863 130.223850 -6.625391 -16.879160 -33.020676 nan nan nan -27.710236 -47.586285 -79.120168 3.446109 -13.433753 134.748511 1.944426 30.109745 -29.511300 nan nan nan 0.493437 3.180516 78.360104 -1.405379 -1.848825 -4.823588 4.717880 -1.711292 -12.015032 -7.016566 9.070118 -33.798070 13.558734 -8.030960 -24.369840 -17.118397 -39.287876 -3.724722 -35.573967 -23.509841 -3.724692 -7.537526 -28.169856 25.198210 14.001503 -11.170621 -4.548023 20.744480 37.158102 3.793010 36.061599 32.604156 -9.082750 8.973122 24.745154 22.253688 -14.564907 12.094805 5.561203 
-30.838686 16.460300 44.663433 177.560506 -0.754688 90.061464 37.915108 43.253846 -73.439118 -4.689294 18.793853 130.158534 -6.646186 -16.891009 -32.941547 nan nan nan -27.641434 -47.594178 -79.166275 3.443210 -13.459294 134.734354 1.998911 30.103910 -29.443449 nan nan nan 0.494657 3.170820 78.371987 -1.409475 -1.847078 -4.824054 4.730501 -1.735193 -12.096061 -7.053283 9.065111 -33.749285 13.538491 -7.899389 -24.421579 -17.202820 -39.336536 -3.677743 -35.414648 -23.430328 -3.781860 -7.624641 -28.175308 25.165827 13.888482 -11.178352 -4.584278 20.783160 37.249666 3.920598 35.991571 32.596687 -9.145545 8.908839 24.798775 22.115014 -14.473147 12.011848 5.711097 
-30.805607 16.459087 44.675991 177.566405 -0.783538 90.067118 37.848684 43.277522 -73.487502 -4.727636 18.781278 130.116363 -6.679668 -16.894953 -32.835896 nan nan nan -27.607495 -47.620224 -79.218597 3.475482 -13.463142 134.749872 2.107563 30.156387 -29.341942 nan nan nan 0.479931 3.172593 78.385050 -1.413083 -1.830214 -4.837998 4.758366 -1.806428 -12.149617 -7.046656 8.949117 -33.628329 13.478200 -7.722903 -24.513736 -17.392539 -39.368870 -3.530312 -35.243086 -23.313187 -3.899360 -7.613290 -28.233149 25.180529 13.696005 -11.122630 -4.438987 20.841396 37.375237 4.103003 35.944164 32.604911 -9.264500 8.784668 24.774925 21.883557 -14.161114 11.955968 5.954706 
-30.778669 16.474876 44.655548 177.554425 -0.799603 90.016244 37.904592 43.305712 -73.443394 -4.749707 18.727641 130.146048 -6.757589 -16.943174 -32.746116 nan nan nan -27.688869 -47.612199 -79.195409 3.491177 -13.438162 134.798535 2.272787 30.256593 -29.257265 nan nan nan 0.464856 3.207800 78.339180 -1.415066 -1.806679 -4.764571 4.774367 -1.823802 -12.193561 -7.026540 8.895095 -33.430734 13.426135 -7.617886 -24.595377 -17.430448 -39.413813 -3.419456 -35.300259 -23.280720 -3.933959 -7.417065 -28.247570 25.084615 13.576418 -11.149833 -4.263907 20.795773 37.433892 4.172661 36.034268 32.572082 -9.321630 8.691971 24.793794 21.709550 -13.857257 11.982799 5.998214 
-30.751928 16.482012 44.653614 177.537619 -0.803492 89.951159 37.993247 43.307973 -73.338692 -4.774160 18.693488 130.130852 -6.720292 -17.016293 -32.699839 nan nan nan -27.637698 -47.574995 -79.225566 3.590292 -13.444114 134.824018 2.315101 30.207842 -29.209885 nan nan nan 0.460934 3.396441 78.196319 -1.282995 -1.784849 -4.260874 4.830731 -1.693245 -12.487793 -7.137031 8.771266 -33.318057 13.495447 -7.569195 -24.650330 -17.573771 -39.801559 -3.319946 -35.248936 -23.036840 -4.082303 -7.117949 -28.455992 24.649113 12.588810 -11.071377 -3.994759 21.319772 37.616013 4.746135 36.112725 31.829143 -9.742364 7.318992 26.360074 21.172227 -11.370278 11.434677 7.121068 
-30.733128 16.472649 44.675636 177.524724 -0.785155 89.925689 38.005600 43.311612 -73.321368 -4.843445 18.717384 130.070706 -6.802619 -16.970295 -32.644892 nan nan nan -27.608038 -47.513416 -79.193555 3.648294 -13.495886 134.779856 2.430238 30.199980 -29.138320 nan nan nan 0.446808 3.391017 78.213135 -1.308022 -1.732246 -4.125644 4.842651 -1.684730 -12.578184 -7.104512 8.649521 -33.399802 13.480898 -7.441999 -24.562944 -17.525189 -39.857346 -3.426046 -35.351482 -22.990983 -4.006555 -6.829624 -28.476032 24.428523 12.148557 -11.042523 -4.182083 21.014373 37.726142 4.528391 35.777572 31.670332 -9.796547 7.723747 26.524970 21.801190 -9.904239 10.974330 6.808279 
-30.720415 16.467108 44.676262 177.530366 -0.779968 89.925811 38.012541 43.303906 -73.325721 -4.839922 18.714694 130.064219 -6.810550 -16.972764 -32.630604 nan nan nan -27.612821 -47.503969 -79.175541 3.640870 -13.505610 134.794171 2.456782 30.213175 -29.123066 nan nan nan 0.452939 3.390049 78.210854 -1.299177 -1.729801 -4.097622 4.838227 -1.670339 -12.582966 -7.107765 8.659044 -33.430491 13.473231 -7.430282 -24.549857 -17.542798 -39.859128 -3.453449 -35.366752 -22.994711 -3.983985 -6.806236 -28.463448 24.404620 12.153366 -11.015847 -4.124922 21.072104 37.745646 4.554494 35.726704 31.647271 -9.808617 7.707936 26.536064 21.785516 -9.849015 10.972790 6.913409 
-30.697670 16.464260 44.674076 177.546001 -0.764531 89.946251 37.881518 43.310304 -73.462408 -4.756532 18.527953 130.067099 -6.768991 -17.033650 -32.515608 nan nan nan -27.548464 -47.468271 -79.215696 3.553860 -13.456409 134.921463 2.599231 30.281279 -29.069485 nan nan nan 0.420979 3.367050 78.211277 -1.316070 -1.770211 -4.214420 4.801171 -1.601953 -12.519680 -7.064614 8.657805 -33.374574 13.505464 -7.286316 -24.613275 -17.703512 -39.843408 -3.428989 -35.205586 -22.992001 -4.071510 -7.093544 -28.533524 24.461996 12.384907 -10.596485 -3.070968 21.387056 37.880671 4.786616 36.059363 31.701775 -9.949517 7.321210 26.207180 20.109989 -11.424908 11.735739 8.080394 
-30.681160 16.464563 44.664059 177.552361 -0.806710 89.941500 37.809747 43.312513 -73.520002 -4.778301 18.483470 130.047779 -6.809166 -16.978355 -32.464660 nan nan nan -27.484961 -47.445814 -79.337578 3.575651 -13.414913 135.009110 2.710122 30.252722 -28.994390 nan nan nan 0.305657 3.366931 78.185479 -1.324820 -1.761572 -4.326277 4.804133 -1.590184 -12.416617 -7.002642 8.593515 -33.264065 13.554822 -7.178646 -24.677360 -17.833280 -39.827705 -3.380039 -35.022902 -22.872801 -4.072614 -7.190165 -28.881622 24.643733 11.827703 -9.907890 -2.712808 21.433412 37.928595 4.774375 36.122326 31.667736 -9.843993 7.274846 26.264167 20.093559 -11.040869 11.465874 8.315393 
-30.672817 16.459944 44.658382 177.548700 -0.873394 89.940534 37.798975 43.262710 -73.488165 -4.754030 18.516271 130.032806 -6.803183 -16.965863 -32.460144 nan nan nan -27.478697 -47.421914 -79.416455 3.580437 -13.411315 135.016883 2.720493 30.179799 -29.005822 nan nan nan 0.227740 3.369309 78.166538 -1.313945 -1.741468 -4.368035 4.796089 -1.601681 -12.348687 -6.977065 8.594290 -33.306827 13.517074 -7.196082 -24.628101 -17.894779 -39.742890 -3.292054 -34.955486 -22.903370 -4.043780 -7.116785 -29.041113 24.679454 11.705594 -9.977609 -3.051312 21.490232 37.906294 4.811506 36.198810 31.716629 -9.724547 7.117446 26.262879 19.948219 -11.100812 11.566824 8.285983 
-30.660465 16.447550 44.644695 177.577315 -0.911859 89.963605 37.763052 43.211317 -73.546010 -4.722529 18.546559 130.034383 -6.811189 -17.039638 -32.440791 nan nan nan -27.488340 -47.436872 -79.474682 3.588360 -13.451126 135.044760 2.674153 30.158046 -29.056141 nan nan nan 0.190233 3.330141 78.152020 -1.286879 -1.750107 -4.440064 4.762670 -1.603151 -12.299192 -6.912975 8.630353 -33.345038 13.466382 -7.267163 -24.511714 -17.800530 -39.668127 -3.258434 -35.032049 -22.940954 -4.007047 -7.037921 -28.707595 24.634673 12.434008 -11.037845 -3.617759 21.519241 37.881395 4.880060 36.367203 31.795128 -9.624696 6.862397 26.236342 19.848757 -11.431753 11.976257 8.256632 
-30.648930 16.434841 44.639828 177.619827 -0.880495 89.970852 37.783593 43.177457 -73.612521 -4.718847 18.542322 130.030223 -6.814624 -17.060298 -32.418964 nan nan nan -27.531380 -47.433051 -79.406524 3.543224 -13.492766 135.082213 2.562986 30.184341 -29.144232 nan nan nan 0.188066 3.312052 78.116396 -1.222597 -1.731412 -4.434147 4.755930 -1.571907 -12.284627 -6.900106 8.719041 -33.250451 13.437861 -7.378381 -24.575173 -17.691363 -39.632181 -3.204646 -35.102522 -23.040651 -3.932790 -6.968247 -28.470301 24.700816 12.602862 -11.527210 -4.098952 21.542434 37.826925 4.934741 36.406303 31.856058 -9.565236 6.751690 26.257676 20.019201 -11.791235 12.147100 8.175746 
-30.637051 16.427452 44.638020 177.656430 -0.881011 89.983980 37.831074 43.155129 -73.616589 -4.674619 18.547549 130.028719 -6.847617 -17.100967 -32.385125 nan nan nan -27.556819 -47.430390 -79.381002 3.499726 -13.480414 135.130179 2.633624 30.188012 -29.138803 nan nan nan 0.176656 3.316746 78.073629 -1.175934 -1.695048 -4.342765 4.774074 -1.591001 -12.374890 -6.856496 8.777285 -33.103365 13.375113 -7.402987 -24.652666 -17.792171 -39.553777 -3.100152 -35.028095 -23.056789 -3.857738 -6.948271 -28.519351 24.874516 12.514861 -11.687940 -4.572154 21.668318 37.836174 5.058984 36.245498 31.870598 -9.483780 6.736432 26.256676 20.124471 -12.169090 12.204392 7.961587 
-30.629303 16.421610 44.641029 177.671828 -0.899632 89.970633 37.838355 43.133221 -73.598250 -4.652658 18.546244 130.038600 -6.895208 -17.158928 -32.388926 nan nan nan -27.527494 -47.424143 -79.412036 3.493616 -13.429863 135.138150 2.701431 30.186897 -29.101207 nan nan nan 0.150916 3.310384 78.056224 -1.197101 -1.643218 -4.180081 4.798171 -1.620939 -12.492110 -6.813686 8.839088 -33.096906 13.317238 -7.465394 -24.629728 -17.815683 -39.471534 -3.098069 -35.049366 -23.099012 -3.793884 -6.842368 -28.578464 24.913290 12.769687 -11.502607 -4.736008 21.551528 37.789185 4.949478 35.991183 31.968477 -9.349143 7.218398 26.093129 20.652515 -12.505896 12.035896 7.331034 
-30.619968 16.415218 44.639687 177.695235 -0.918984 89.958820 37.900898 43.105510 -73.520192 -4.616371 18.585943 130.034853 -6.819112 -17.174727 -32.462233 nan nan nan -27.573626 -47.470484 -79.385633 3.510026 -13.451203 135.131136 2.762115 30.250252 -29.052810 nan nan nan 0.139019 3.381134 77.984129 -1.144390 -1.628425 -3.979802 4.816336 -1.571894 -12.582945 -6.796791 8.831260 -33.140583 13.363785 -7.575195 -24.592740 -17.848830 -39.586448 -3.067556 -35.077772 -23.112857 -3.823928 -6.646125 -28.540151 24.535996 12.848701 -11.388659 -4.602112 21.662221 37.786052 4.996760 36.076114 31.777423 -9.336746 6.790591 26.547441 20.503946 -11.682926 11.850543 7.299367 
-30.616880 16.414093 44.633698 177.702460 -0.924466 89.978717 37.902926 43.105255 -73.527990 -4.596200 18.602519 130.040531 -6.767482 -17.165765 -32.479852 nan nan nan -27.585234 -47.499161 -79.392951 3.507921 -13.474981 135.136995 2.751562 30.241156 -29.072324 nan nan nan 0.132278 3.389311 77.939949 -1.120416 -1.646692 -3.973483 4.817553 -1.549610 -12.575250 -6.774437 8.783550 -33.135344 13.413253 -7.565181 -24.587835 -17.882368 -39.646632 -3.050952 -35.059900 -23.090643 -3.865604 -6.589228 -28.479579 24.446832 13.155697 -11.432932 -4.271268 21.727132 37.827028 5.046545 36.155428 31.673530 -9.350489 6.584294 26.709812 20.466133 -11.359450 11.853252 7.519531 
-30.613308 16.418364 44.622337 177.718477 -0.944041 90.006092 37.788424 43.111224 -73.664224 -4.634991 18.591862 130.025755 -6.815092 -17.079642 -32.397793 nan nan nan -27.561696 -47.538144 -79.451125 3.517455 -13.482284 135.155496 2.728386 30.199575 -29.109992 nan nan nan 0.098544 3.296679 77.949876 -1.174382 -1.679084 -4.205981 4.817914 -1.574233 -12.414904 -6.680492 8.663471 -33.051615 13.506828 -7.429762 -24.624052 -18.096946 -39.652667 -3.029017 -34.870302 -23.011107 -3.849336 -6.750133 -28.334204 24.564305 14.251255 -11.555135 -3.188802 21.690268 37.880269 4.986130 35.755763 31.646381 -9.343261 7.544284 26.402475 21.216577 -12.291522 11.969102 7.814263 
-30.615572 16.419695 44.618649 177.699787 -0.965250 89.966328 37.767701 43.114037 -73.673048 -4.673292 18.588020 130.028760 -6.844401 -16.976961 -32.315306 nan nan nan -27.525832 -47.553246 -79.470833 3.552802 -13.457257 135.183401 2.578044 30.139265 -29.195644 nan nan nan 0.052620 3.261938 77.962943 -1.181801 -1.695252 -4.243113 4.816723 -1.546847 -12.361184 -6.672318 8.572377 -32.982983 13.593492 -7.358723 -24.592314 -18.243619 -39.709542 -2.996843 -34.700104 -22.829137 -3.989674 -7.038104 -28.536143 24.821126 14.077544 -11.456316 -2.825016 21.820952 37.977636 5.152733 35.820809 31.592020 -9.415873 7.244266 26.453936 21.228561 -12.410267 12.003730 8.458393 
-30.616104 16.414705 44.621143 177.674803 -0.958528 89.945016 37.804965 43.124659 -73.628816 -4.748371 18.639544 130.028759 -6.861454 -16.952802 -32.298549 nan nan nan -27.566992 -47.606153 -79.426869 3.572420 -13.494795 135.187600 2.601249 30.158087 -29.118387 nan nan nan 0.058718 3.253809 77.946026 -1.179442 -1.702745 -4.255511 4.800571 -1.523435 -12.302454 -6.637648 8.503400 -32.952607 13.650571 -7.327467 -24.556937 -18.121114 -39.715573 -3.106524 -34.736783 -22.857199 -4.067458 -7.297097 -28.458506 25.007250 14.429275 -11.323535 -2.515496 21.706554 37.990342 5.078097 36.104354 31.642120 -9.306349 6.914365 26.284869 21.416751 -12.357471 12.281146 9.196756 
-30.621843 16.400711 44.625385 177.671311 -0.967446 89.932008 37.894595 43.083376 -73.505213 -4.731300 18.695157 130.015484 -6.762373 -16.986120 -32.323663 nan nan nan -27.561771 -47.660960 -79.444267 3.611170 -13.519606 135.177728 2.547060 30.130583 -29.078473 nan nan nan 0.101131 3.273285 77.894952 -1.112758 -1.760160 -4.125830 4.749323 -1.484814 -12.325101 -6.636729 8.529164 -32.984508 13.719322 -7.410147 -24.464247 -17.870734 -39.757218 -3.245515 -34.839245 -22.897062 -4.109789 -7.328063 -28.315491 25.142205 14.701853 -11.404839 -2.423886 21.791492 38.005361 5.114737 36.637109 31.578873 -9.216735 5.844706 26.533588 21.224322 -11.843343 12.442460 10.438871 
-30.622202 16.387310 44.635685 177.627773 -0.948113 89.973742 37.858007 43.105127 -73.553453 -4.759891 18.698105 129.981830 -6.858443 -16.965601 -32.296711 nan nan nan -27.468063 -47.618362 -79.524581 3.603936 -13.541012 135.154486 2.526527 30.125542 -29.079883 nan nan nan 0.101632 3.244949 77.901312 -1.182484 -1.748455 -4.196767 4.725739 -1.495775 -12.304453 -6.540348 8.492052 -32.861816 13.844925 -7.524918 -24.436937 -17.833698 -39.703484 -3.337806 -34.826652 -22.902437 -3.933027 -7.398196 -28.279531 25.074525 14.948912 -11.296750 -2.552953 21.688685 38.000014 5.030261 36.102720 31.575095 -9.267323 6.913517 26.375381 21.679996 -12.723521 12.351093 9.632801 
-30.616148 16.373743 44.654942 177.591696 -0.929671 90.014127 37.754300 43.144739 -73.648670 -4.814611 18.672413 129.946473 -6.886365 -16.893847 -32.301696 nan nan nan -27.345731 -47.610177 -79.607572 3.594701 -13.555111 135.121422 2.563145 30.131834 -29.063214 nan nan nan 0.084543 3.232847 77.967531 -1.231311 -1.729919 -4.344864 4.746075 -1.530470 -12.278764 -6.456980 8.477801 -32.710103 13.924980 -7.573934 -24.485898 -17.866463 -39.600258 -3.307942 -34.811944 -22.922709 -3.784632 -7.377109 -28.319148 25.125333 15.311523 -11.011923 -2.671081 21.553408 37.982730 4.946850 35.602881 31.675999 -9.221566 8.012352 26.116464 22.317663 -13.652550 12.153466 8.470510 
-30.618113 16.376883 44.656811 177.557589 -0.941208 89.980947 37.748735 43.178543 -73.590034 -4.838289 18.683826 129.957160 -6.836679 -16.814747 -32.357198 nan nan nan -27.348433 -47.650243 -79.608651 3.637610 -13.584410 135.104964 2.635092 30.146782 -28.992357 nan nan nan 0.079471 3.280423 78.026815 -1.218156 -1.721706 -4.393705 4.781958 -1.539428 -12.269160 -6.450616 8.428397 -32.654737 13.975584 -7.607160 -24.478142 -17.906027 -39.596598 -3.258655 -34.865841 -22.979587 -3.692254 -7.506656 -28.300390 24.986030 16.078714 -10.816980 -2.952149 21.580081 37.959807 4.977991 35.415779 31.629759 -9.129473 8.306192 26.231287 22.571297 -13.944849 12.047839 8.072229 
-30.624027 16.388361 44.639557 177.495238 -0.987930 89.908303 37.823928 43.213734 -73.417094 -4.872329 18.734708 129.990216 -6.800099 -16.744622 -32.416535 nan nan nan -27.351005 -47.640616 -79.656080 3.744633 -13.612164 135.120640 2.646440 30.059823 -28.969309 nan nan nan 0.045291 3.343555 77.998563 -1.208443 -1.708628 -4.297668 4.791643 -1.544332 -12.239378 -6.485725 8.366748 -32.677664 14.039191 -7.616883 -24.437304 -17.917646 -39.562647 -3.251097 -34.904342 -23.149505 -3.589267 -8.051124 -28.209580 24.371532 17.376793 -10.798395 -4.031869 21.636303 37.923816 4.968191 35.231819 31.638285 -8.968868 8.491764 26.222765 22.469732 -14.180005 12.111215 7.909185 
-30.632561 16.392166 44.631985 177.436662 -1.002659 89.876541 37.871770 43.221580 -73.335379 -4.889669 18.747556 130.023182 -6.759375 -16.702223 -32.445678 nan nan nan -27.311572 -47.613929 -79.714502 3.800961 -13.626927 135.118633 2.596798 29.993779 -28.974687 nan nan nan 0.020739 3.360508 77.946019 -1.209931 -1.709669 -4.187002 4.790823 -1.514816 -12.258697 -6.550039 8.353316 -32.618253 14.108939 -7.600697 -24.482482 -17.857837 -39.520019 -3.285696 -34.959428 -23.233843 -3.533885 -8.538745 -28.122493 23.970277 17.433501 -10.500956 -5.289223 21.646685 37.889522 5.014316 35.167043 31.709886 -8.896452 8.502555 26.204590 22.426432 -14.217746 12.025804 7.936383 
-30.648678 16.391714 44.632957 177.384034 -1.028982 89.867448 37.946707 43.213669 -73.222912 -4.820109 18.736761 130.053636 -6.590697 -16.747233 -32.416546 nan nan nan -27.239830 -47.597117 -79.783196 3.807014 -13.595260 135.107729 2.365568 29.885803 -29.077332 nan nan nan -0.022075 3.437726 77.899918 -1.117303 -1.741947 -4.054538 4.799011 -1.405953 -12.373478 -6.661139 8.260577 -32.426771 14.210680 -7.535336 -24.554151 -17.867452 -39.649302 -3.195775 -34.915415 -23.090022 -3.838989 -8.667707 -28.303165 24.058097 15.445674 -9.827720 -6.131108 21.972790 38.023353 5.425515 36.207345 31.558103 -8.994116 6.070921 26.821192 21.250379 -12.478233 11.971720 9.581151 
-30.662790 16.382883 44.635059 177.296647 -1.027135 89.894644 37.976228 43.255149 -73.176475 -4.821175 18.763550 130.046710 -6.708951 -16.719959 -32.402271 nan nan nan -27.128871 -47.516895 -79.907861 3.839496 -13.606441 135.064842 2.394119 29.893536 -29.059274 nan nan nan -0.068421 3.415395 77.885552 -1.207138 -1.682010 -4.096042 4.819488 -1.436447 -12.359100 -6.594885 8.201283 -32.376126 14.168841 -7.431991 -24.543589 -17.975930 -39.624750 -3.212230 -34.827395 -23.120227 -3.738642 -8.659921 -28.228795 23.948102 16.316709 -9.997377 -5.462901 21.751436 38.004762 5.209137 35.742445 31.576894 -9.016475 7.297475 26.529881 21.659551 -13.450443 12.124954 9.046378 
-30.669910 16.366405 44.637379 177.239629 -1.040960 89.941410 37.947704 43.240551 -73.178567 -4.707238 18.708867 130.069941 -6.941729 -16.778728 -32.402460 nan nan nan -27.216171 -47.445457 -79.908973 3.746226 -13.607239 135.052833 2.512324 30.056773 -29.065435 nan nan nan -0.082304 3.425952 77.819846 -1.218031 -1.634243 -3.988032 4.823618 -1.511356 -12.418290 -6.513279 8.499425 -32.477614 13.890315 -7.632026 -24.472065 -17.880681 -39.557830 -3.130406 -34.823436 -23.159139 -3.656650 -7.501551 -28.278401 24.819178 17.423145 -11.439559 -2.898630 21.532516 37.910944 5.038795 35.277665 31.819339 -9.140064 8.490190 25.979089 22.650829 -14.695811 12.574472 7.639093 
-30.680796 16.360407 44.638523 177.189874 -1.051538 89.976235 37.897245 43.226432 -73.227689 -4.604794 18.625669 130.123064 -7.109275 -16.850518 -32.352216 nan nan nan -27.234828 -47.412473 -79.929993 3.607005 -13.534035 135.069598 2.433673 30.174041 -29.120831 nan nan nan -0.079298 3.397303 77.820072 -1.241251 -1.631552 -4.041021 4.810635 -1.535554 -12.445852 -6.564933 8.623283 -32.315876 13.831003 -7.701005 -24.595995 -17.889516 -39.533811 -2.987437 -34.803147 -23.113050 -3.740701 -7.106219 -28.423574 24.888026 15.683466 -11.478405 -3.052421 21.609893 37.836601 5.188528 35.231050 31.946424 -9.237069 8.502384 25.905032 22.830028 -14.728275 12.643924 7.571655 
-30.708500 16.346704 44.638763 177.161291 -1.088309 90.009132 37.844935 43.185883 -73.240923 -4.529268 18.574892 130.157277 -7.032598 -16.972056 -32.324332 nan nan nan -27.176230 -47.405514 -80.028535 3.523422 -13.462361 135.082558 2.167329 30.079687 -29.286880 nan nan nan -0.069385 3.423712 77.735681 -1.163839 -1.687468 -3.896993 4.758508 -1.483045 -12.543094 -6.686609 8.636201 -32.277033 13.925724 -7.733826 -24.621787 -17.795294 -39.699607 -2.915796 -34.848328 -22.993135 -4.054258 -6.999170 -28.598601 24.919232 14.291740 -11.349590 -3.385676 21.854614 37.936686 5.471926 36.322317 31.806697 -9.290726 6.124447 26.553266 21.739391 -12.896580 12.773548 9.078769 
-30.724760 16.334633 44.642792 177.144662 -1.092447 90.022088 37.757125 43.143443 -73.346440 -4.617204 18.622491 130.140866 -7.172957 -16.860828 -32.322995 nan nan nan -27.192511 -47.389590 -80.066372 3.575705 -13.519436 135.029387 2.328616 30.131116 -29.151031 nan nan nan -0.069855 3.296755 77.770053 -1.310796 -1.611238 -3.986327 4.757884 -1.569435 -12.440765 -6.582852 8.630663 -32.372808 13.793810 -7.711070 -24.584636 -17.595244 -39.450525 -3.234653 -34.999056 -23.207276 -3.500642 -7.114671 -28.354611 24.982799 16.089888 -11.326191 -3.520372 21.214555 37.751821 4.814250 35.176801 32.092081 -9.077076 9.018790 25.692953 22.988556 -15.001607 12.833316 6.687210 
-30.738314 16.341335 44.644539 177.149061 -1.065266 89.994837 37.847717 43.063096 -73.314682 -4.578516 18.613296 130.174244 -7.313573 -16.904459 -32.364129 nan nan nan -27.271799 -47.379411 -80.007879 3.577838 -13.492069 135.005022 2.517907 30.358332 -28.983326 nan nan nan -0.105769 3.218777 77.825693 -1.330883 -1.609580 -3.992517 4.768820 -1.565595 -12.499117 -6.560773 8.847712 -32.328499 13.691003 -7.832939 -24.561753 -17.746121 -39.329992 -3.153214 -34.870944 -23.259254 -3.486363 -7.101159 -28.411855 24.949439 14.445115 -11.468963 -4.069301 21.368816 37.641713 5.016013 34.329209 32.299447 -9.178482 10.169180 25.432660 23.719717 -15.569301 12.517550 5.394363 
-30.760105 16.340082 44.652306 177.115557 -1.048881 89.981766 37.879932 43.021704 -73.300717 -4.508931 18.571088 130.236934 -7.333431 -16.888605 -32.350571 nan nan nan -27.255357 -47.359775 -80.041067 3.579941 -13.476949 134.978971 2.658808 30.353009 -28.810529 nan nan nan -0.143050 3.221578 77.876413 -1.309094 -1.587213 -3.996473 4.777928 -1.513123 -12.557910 -6.635509 8.903199 -32.243198 13.685271 -7.825678 -24.584790 -17.866644 -39.355234 -3.022088 -34.761633 -23.212243 -3.540594 -7.116564 -28.548815 24.900553 14.399068 -11.398364 -4.077808 21.678561 37.605941 5.352119 34.286061 32.183046 -9.283015 9.839023 25.844109 23.466729 -15.818451 12.462964 5.549421 
-30.774912 16.338621 44.677155 177.095424 -1.066543 90.021221 37.807732 42.969935 -73.379349 -4.483906 18.552085 130.245514 -7.375177 -16.862639 -32.259505 nan nan nan -27.259366 -47.332732 -80.060684 3.568462 -13.469412 134.936974 2.768156 30.351402 -28.766867 nan nan nan -0.217482 3.249904 77.865779 -1.268679 -1.579081 -3.985051 4.806389 -1.478770 -12.635804 -6.718474 8.885129 -32.089274 13.761539 -7.748276 -24.716766 -17.897969 -39.477364 -2.931674 -34.689426 -23.054933 -3.593611 -7.141326 -28.638322 24.827403 14.849604 -11.167880 -3.878297 21.915730 37.645266 5.569037 34.536442 31.995700 -9.310735 9.362993 26.139703 23.140665 -15.637678 12.257841 6.016753 
-30.781841 16.313070 44.721668 177.088987 -1.067158 90.100684 37.636143 42.908219 -73.573001 -4.522681 18.548382 130.176137 -7.538345 -16.733635 -32.161318 nan nan nan -27.218623 -47.276089 -80.115446 3.535757 -13.486536 134.866810 2.930962 30.391345 -28.687329 nan nan nan -0.273454 3.172376 77.934308 -1.342263 -1.531295 -4.135366 4.844795 -1.513270 -12.619658 -6.685114 8.773210 -31.984890 13.792595 -7.632183 -24.833331 -17.872425 -39.440350 -3.028328 -34.688588 -23.087933 -3.379902 -7.450439 -28.503419 24.554430 15.993289 -10.969053 -4.184962 21.642214 37.708822 5.271354 34.037513 32.180404 -9.209767 10.586989 25.396105 23.510663 -16.478116 12.155477 5.623950 
-30.797079 16.303951 44.730938 177.065501 -1.066794 90.092432 37.709849 42.874475 -73.495734 -4.455650 18.567167 130.193667 -7.447045 -16.735324 -32.192747 nan nan nan -27.168859 -47.262244 -80.164774 3.560124 -13.503507 134.838382 2.864812 30.323889 -28.695306 nan nan nan -0.309712 3.277255 77.839659 -1.220739 -1.527566 -3.797670 4.867070 -1.435233 -12.776214 -6.833516 8.797827 -32.123203 13.865864 -7.729215 -24.794211 -17.909272 -39.600836 -3.038779 -34.725719 -23.124191 -3.560234 -7.687837 -28.469154 23.970443 16.260451 -10.834405 -4.632163 22.072636 37.707564 5.534096 34.458985 31.934032 -9.250972 9.006100 26.303054 22.847625 -14.997803 12.130554 7.063044 
-30.820745 16.299316 44.721302 177.003518 -1.083847 90.050631 37.809702 42.884224 -73.337687 -4.373013 18.558514 130.254352 -7.404472 -16.842588 -32.196708 nan nan nan -27.161243 -47.200663 -80.206505 3.574820 -13.485635 134.815050 2.789838 30.271811 -28.730353 nan nan nan -0.353352 3.288486 77.782813 -1.216840 -1.450816 -3.581064 4.840432 -1.437303 -12.847970 -6.813392 8.703056 -32.280260 13.841983 -7.712369 -24.641223 -17.640292 -39.558578 -3.232871 -34.918098 -23.164929 -3.558133 -7.678984 -28.456403 24.062708 15.824448 -11.147414 -4.779530 21.871782 37.739403 5.411021 34.912229 31.923064 -9.351477 8.241235 26.540292 22.131596 -13.243066 12.406945 7.760091 
-30.840586 16.292707 44.719070 176.954074 -1.108272 90.044229 37.832792 42.885577 -73.248078 -4.263704 18.520631 130.294745 -7.436282 -16.943610 -32.213036 nan nan nan -27.254438 -47.157275 -80.163264 3.482471 -13.465016 134.798373 2.629670 30.304213 -28.815122 nan nan nan -0.368662 3.277211 77.762229 -1.226116 -1.414164 -3.531242 4.800007 -1.455131 -12.852210 -6.744771 8.756857 -32.334690 13.757000 -7.806693 -24.585666 -17.491575 -39.503517 -3.229553 -34.996349 -23.138891 -3.581051 -7.115369 -28.562753 24.602112 14.266096 -11.672303 -4.380502 21.807609 37.731178 5.429884 35.199318 31.998766 -9.464025 7.716537 26.509052 22.091209 -12.256103 12.455349 8.289814 
-30.856203 16.278992 44.731274 176.930508 -1.136145 90.126019 37.731106 42.899539 -73.314027 -4.162026 18.513135 130.301273 -7.459898 -16.891487 -32.267251 nan nan nan -27.288231 -47.160528 -80.176833 3.361242 -13.459385 134.774103 2.518205 30.273360 -28.897258 nan nan nan -0.381092 3.279899 77.737047 -1.237487 -1.414198 -3.578588 4.811156 -1.483489 -12.852066 -6.719837 8.762339 -32.255664 13.735450 -7.760907 -24.635392 -17.459062 -39.498145 -3.170242 -34.976537 -23.143144 -3.702171 -6.918104 -28.657839 24.755521 13.481669 -11.603793 -4.228168 21.777084 37.699327 5.446456 35.346161 32.028820 -9.530696 7.667627 26.491675 22.084340 -12.072828 12.297284 8.132398 
-30.871527 16.269188 44.746086 176.928545 -1.133254 90.183734 37.690320 42.884986 -73.375033 -4.140707 18.542691 130.276997 -7.528420 -16.823228 -32.298768 nan nan nan -27.330128 -47.178316 -80.133191 3.298978 -13.490240 134.727234 2.522976 30.293580 -28.953286 nan nan nan -0.378486 3.227076 77.745389 -1.260042 -1.430492 -3.665372 4.817387 -1.517230 -12.817200 -6.712990 8.758836 -32.202768 13.741013 -7.697378 -24.647807 -17.453795 -39.476240 -3.184439 -35.004873 -23.134699 -3.696962 -6.853436 -28.655381 24.742541 13.528360 -11.380260 -4.385675 21.717613 37.667234 5.395798 35.328758 31.989943 -9.541428 8.178377 26.564675 22.046639 -12.295885 12.208676 6.592560 
-30.884470 16.273121 44.751934 176.901415 -1.116614 90.172598 37.725808 42.897004 -73.368494 -4.186435 18.551289 130.277698 -7.633203 -16.871931 -32.204710 nan nan nan -27.332701 -47.114962 -80.114412 3.272992 -13.459555 134.708305 2.596484 30.357372 -28.936445 nan nan nan -0.408032 3.172085 77.804457 -1.306649 -1.431059 -3.759984 4.823890 -1.513757 -12.768244 -6.699633 8.744210 -32.127007 13.750985 -7.674903 -24.696323 -17.428864 -39.466223 -3.282420 -35.006150 -23.064732 -3.603514 -6.877613 -28.588160 24.694669 13.802269 -11.354570 -4.345693 21.648268 37.709179 5.345232 34.988405 32.004561 -9.550350 8.988917 26.386002 22.200162 -13.075707 12.140603 5.506740 
-30.900850 16.268686 44.761524 176.901188 -1.088116 90.147859 37.710774 42.929996 -73.407750 -4.272218 18.555669 130.266515 -7.661085 -16.941866 -32.077589 nan nan nan -27.280570 -47.084110 -80.124878 3.284042 -13.421958 134.699029 2.629201 30.375518 -28.881562 nan nan nan -0.304758 3.154826 77.882527 -1.301073 -1.463631 -3.730481 4.806625 -1.547939 -12.814589 -6.716482 8.779822 -32.247771 13.719110 -7.702861 -24.558181 -17.312333 -39.502399 -3.375467 -35.047801 -23.003270 -3.620630 -6.883380 -28.552793 24.652484 13.823661 -11.640141 -4.326870 21.537401 37.727900 5.229909 35.089433 31.975964 -9.456932 8.878002 26.435289 22.209119 -12.931835 12.092856 5.420406 
-30.936844 16.275877 44.791897 176.999234 -1.020866 89.990692 37.706656 42.831890 -73.370246 -4.293260 18.470219 130.274959 -7.669970 -17.018185 -32.034088 nan nan nan -27.334990 -47.143114 -79.886031 3.334799 -13.339657 134.664651 2.731912 30.423786 -28.787873 nan nan nan 0.225308 3.052574 78.168172 -1.286813 -1.680623 -3.663424 4.727460 -1.685362 -12.932515 -6.760716 8.674640 -32.404087 13.718355 -7.683267 -24.394836 -17.208106 -39.667382 -3.446961 -35.172416 -22.892883 -3.850278 -6.781791 -28.594280 24.595753 13.510009 -11.861413 -4.263318 21.376819 37.806320 5.066083 35.577397 31.765211 -9.528895 7.996544 26.797254 21.972771 -11.993091 12.211682 6.273171 
-30.978159 16.301245 44.832462 177.141973 -0.967199 89.789319 37.743541 42.673343 -73.265284 -4.246784 18.388488 130.280042 -7.776389 -17.099697 -31.957184 nan nan nan -27.559121 -47.280953 -79.450920 3.385622 -13.266122 134.564913 2.755465 30.585908 -28.743230 nan nan nan 0.933874 2.838002 78.551114 -1.337496 -2.084089 -3.733648 4.630294 -1.875815 -12.944376 -6.842958 8.519206 -32.367427 13.798578 -7.544674 -24.514553 -17.266314 -39.851957 -3.501949 -35.175845 -22.709892 -4.072674 -6.720110 -28.626002 24.474585 13.310482 -11.793704 -4.090360 21.238519 37.997923 4.949888 35.428343 31.668710 -9.822844 8.069993 26.775984 22.054513 -12.206560 12.474060 7.211639 
-31.001551 16.323870 44.856106 177.188955 -0.928310 89.654394 37.906247 42.625160 -73.089606 -4.231027 18.412168 130.253456 -7.769047 -17.189428 -31.893614 nan nan nan -27.633542 -47.309805 -79.238801 3.436788 -13.224946 134.488894 2.594528 30.567917 -28.718374 nan nan nan 1.323043 2.728469 78.808023 -1.358075 -2.336685 -3.837353 4.599684 -1.971602 -12.895893 -6.913043 8.421060 -32.298107 13.868925 -7.386996 -24.626355 -17.385903 -39.970575 -3.450304 -35.110537 -22.588760 -4.339911 -6.687826 -28.685109 24.328754 13.008080 -11.676637 -3.623941 21.210449 38.143502 5.017547 35.503728 31.662645 -10.040737 7.717771 26.805133 22.029351 -12.072553 12.479489 8.449702 
-30.999956 16.332462 44.857712 177.197097 -0.897896 89.616258 37.971945 42.645142 -73.060892 -4.256712 18.442336 130.238162 -7.747978 -17.142943 -31.826356 nan nan nan -27.610938 -47.296695 -79.233395 3.478238 -13.232353 134.477880 2.591473 30.500128 -28.661747 nan nan nan 1.418983 2.704139 78.898726 -1.370373 -2.386525 -3.900523 4.619724 -1.973081 -12.860193 -6.902029 8.286461 -32.272008 13.907915 -7.297913 -24.629808 -17.500039 -39.991801 -3.428348 -35.069509 -22.602787 -4.371697 -6.722662 -28.698041 24.147658 12.907321 -11.482803 -3.500857 21.176078 38.197948 4.987864 35.351679 31.647762 -10.092461 7.960482 26.622055 22.234656 -11.991470 12.298094 9.192334 
-31.003582 16.326651 44.858353 177.221511 -0.914571 89.654760 37.956099 42.623558 -73.090199 -4.328763 18.623855 130.198230 -7.576698 -16.879376 -31.874885 nan nan nan -27.494938 -47.326074 -79.382678 3.629766 -13.329009 134.445987 2.723934 30.227136 -28.641399 nan nan nan 1.450333 2.700357 78.879980 -1.365031 -2.427687 -3.954322 4.623429 -1.980746 -12.733363 -6.891973 7.993621 -32.482228 14.055913 -7.074337 -24.520998 -17.674726 -39.999845 -3.627861 -35.115612 -22.984706 -4.204641 -8.008313 -28.137051 22.701355 16.143245 -10.983328 -5.043447 21.273137 38.198121 4.784295 35.206462 31.654236 -9.665997 8.121700 26.406046 21.665435 -12.751048 12.337903 9.959215 
-30.998825 16.331724 44.865604 177.238024 -0.923620 89.672313 37.821354 42.669101 -73.168434 -4.328272 18.594085 130.161754 -7.605150 -16.849309 -31.875598 nan nan nan -27.509135 -47.311227 -79.374624 3.630735 -13.298864 134.424057 2.771379 30.226533 -28.689239 nan nan nan 1.469320 2.670603 78.954947 -1.365769 -2.408418 -4.081330 4.643501 -2.008702 -12.690158 -6.857562 7.934799 -32.386938 14.031929 -7.046862 -24.567329 -17.781081 -39.998189 -3.608930 -35.064136 -23.020681 -4.192300 -7.943792 -28.096557 23.051026 16.975650 -10.934759 -4.259649 21.359058 38.182597 4.734971 34.958861 31.624640 -9.670640 8.439230 26.272160 21.869841 -13.205522 12.424980 9.540440 
-30.997894 16.337730 44.861923 177.246142 -0.963039 89.679115 37.710605 42.695478 -73.222749 -4.339603 18.573376 130.129977 -7.651739 -16.889668 -31.891563 nan nan nan -27.542924 -47.284828 -79.382466 3.571851 -13.230617 134.425055 2.697729 30.134629 -28.801960 nan nan nan 1.446851 2.632691 79.056650 -1.402513 -2.400445 -4.250076 4.652516 -2.024212 -12.627622 -6.816825 7.919850 -32.302881 14.041331 -7.054898 -24.597793 -17.788652 -39.933394 -3.626842 -35.101495 -23.123224 -4.143798 -7.887229 -28.000449 23.278943 17.454084 -11.017410 -3.867631 21.368451 38.122543 4.704635 34.703429 31.684321 -9.684404 8.931330 26.066379 22.108890 -14.145474 12.602253 9.088748 
-30.989691 16.336353 44.859852 177.241423 -0.986400 89.676560 37.654243 42.744878 -73.235414 -4.400786 18.588459 130.099672 -7.697600 -16.955673 -31.885150 nan nan nan -27.519227 -47.229986 -79.428232 3.555875 -13.190715 134.406136 2.638565 30.033024 -28.849635 nan nan nan 1.434127 2.620440 79.115676 -1.430355 -2.416033 -4.280265 4.640403 -2.037923 -12.625845 -6.809132 7.983877 -32.320737 14.088167 -7.098872 -24.543978 -17.702445 -39.916553 -3.644451 -35.120887 -23.134044 -4.145200 -7.914808 -28.048727 23.383736 17.691619 -11.191044 -4.025185 21.398254 38.101388 4.712853 34.575993 31.740975 -9.781156 9.195822 26.024523 22.144136 -14.622034 12.775809 8.579246 
-30.980843 16.334740 44.856308 177.230446 -0.986711 89.685015 37.662946 42.769292 -73.221565 -4.402225 18.589433 130.095459 -7.685459 -16.958207 -31.895922 nan nan nan -27.483562 -47.202984 -79.478259 3.562595 -13.183671 134.408802 2.642456 30.015183 -28.832175 nan nan nan 1.394703 2.644064 79.107977 -1.432132 -2.394530 -4.287503 4.649286 -2.027542 -12.628048 -6.807692 7.994408 -32.311992 14.096223 -7.090908 -24.536969 -17.705097 -39.919676 -3.623139 -35.117714 -23.123047 -4.155555 -7.898960 -28.065698 23.379587 17.707529 -11.205413 -4.034722 21.408595 38.104492 4.727870 34.601058 31.730315 -9.783333 9.148015 26.074511 22.116135 -14.583640 12.785729 8.540060 
-30.915541 16.320930 44.820171 177.064945 -0.985204 89.807216 37.796770 43.046019 -73.069566 -4.436064 18.654927 130.025661 -7.495654 -16.922474 -32.083212 nan nan nan -27.140361 -46.955310 -80.016700 3.599243 -13.189768 134.480036 2.758676 29.893212 -28.628104 nan nan nan 0.845991 2.913893 78.933206 -1.407501 -2.104189 -4.339421 4.760200 -1.869333 -12.550474 -6.800614 8.191343 -32.332810 14.126260 -7.116703 -24.463164 -17.734390 -39.848088 -3.498259 -35.070755 -23.093982 -4.204448 -7.805404 -28.230767 23.527245 17.658599 -11.217244 -3.803379 21.587792 38.045542 4.877034 34.960561 31.804859 -9.672601 8.399973 26.234463 22.041852 -14.215389 12.781251 9.253126 
-30.910929 16.319925 44.819637 177.065075 -0.986085 89.813179 37.799854 43.053439 -73.066925 -4.438901 18.661501 130.023072 -7.490643 -16.918128 -32.085912 nan nan nan -27.132047 -46.951268 -80.032747 3.600842 -13.194136 134.481210 2.763999 29.886725 -28.624988 nan nan nan 0.826050 2.923123 78.923569 -1.407625 -2.089903 -4.330810 4.763182 -1.861829 -12.544810 -6.800915 8.194054 -32.336075 14.126334 -7.120939 -24.463381 -17.738135 -39.845289 -3.493340 -35.061765 -23.095597 -4.202215 -7.809547 -28.236628 23.525443 17.669730 -11.212498 -3.797906 21.594465 38.043437 4.883927 34.957959 31.806754 -9.668465 8.394170 26.230215 22.040180 -14.225094 12.783211 9.279717 
-30.904652 16.316050 44.819637 177.065449 -0.986605 89.827871 37.809553 43.073806 -73.068891 -4.444830 18.681629 130.013537 -7.477665 -16.907921 -32.084574 nan nan nan -27.107721 -46.935008 -80.074457 3.600742 -13.206524 134.482616 2.765741 29.859062 -28.627428 nan nan nan 0.773922 2.941979 78.889739 -1.403100 -2.050148 -4.294852 4.775295 -1.842429 -12.541805 -6.799901 8.196655 -32.350681 14.126585 -7.138630 -24.460006 -17.738365 -39.841691 -3.488000 -35.054443 -23.109823 -4.194742 -7.818383 -28.243955 23.515014 17.697862 -11.190011 -3.799110 21.597312 38.041334 4.894663 34.952400 31.816191 -9.664961 8.366324 26.226277 22.020284 -14.235838 12.780253 9.328637 
-30.893528 16.301943 44.820580 177.072752 -0.993815 89.864999 37.844083 43.110876 -73.052897 -4.455608 18.762418 129.976509 -7.417874 -16.891225 -32.094024 nan nan nan -27.059515 -46.886208 -80.163143 3.601789 -13.246853 134.472697 2.754954 29.765142 -28.654880 nan nan nan 0.630988 3.018749 78.740788 -1.357749 -1.926624 -4.079777 4.836173 -1.792086 -12.582581 -6.824205 8.198174 -32.431527 14.098624 -7.216556 -24.438954 -17.670244 -39.877100 -3.507761 -35.092521 -23.177416 -4.182165 -7.824872 -28.254658 23.366730 17.774013 -11.090416 -3.853191 21.579367 38.042445 4.919865 34.974811 31.814457 -9.667400 8.138492 26.329235 21.814790 -14.187712 12.741199 9.506426 
-30.875702 16.274698 44.829777 177.140329 -1.026459 89.916893 37.840514 43.119832 -73.085284 -4.493250 18.922199 129.872385 -7.335899 -16.833374 -32.067111 nan nan nan -27.057697 -46.823461 -80.228923 3.581294 -13.307728 134.450294 2.739228 29.598670 -28.781403 nan nan nan 0.360988 3.171941 78.459730 -1.248351 -1.681497 -3.609877 4.992566 -1.706778 -12.679203 -6.861733 8.186515 -32.580988 13.994194 -7.347919 -24.438666 -17.425616 -39.942245 -3.650920 -35.275381 -23.462442 -4.075789 -7.868970 -28.105163 22.873896 18.117759 -10.913059 -4.074955 21.359009 38.010674 4.778838 34.949283 31.845939 -9.580872 7.954129 26.398980 21.428039 -14.277529 12.703456 9.596180 
-30.901472 16.270779 44.863861 177.307344 -1.046223 89.948578 37.688098 43.009511 -73.224492 -4.455137 18.969243 129.871869 -7.278871 -16.796126 -32.102928 nan nan nan -27.214596 -46.967957 -79.992366 3.563277 -13.284476 134.409893 2.735810 29.641677 -28.800657 nan nan nan 0.442601 3.048680 78.449196 -1.210365 -1.716969 -3.527375 5.004241 -1.749562 -12.760187 -6.867462 8.117447 -32.587181 13.934623 -7.282759 -24.423641 -17.484775 -39.981708 -3.663229 -35.262584 -23.386693 -4.106090 -7.749057 -28.181753 22.981582 17.934136 -11.019452 -3.911576 21.286265 38.036982 4.672398 34.964361 31.732667 -9.592094 7.989574 26.447777 21.444948 -13.851232 12.743898 9.416493 
-30.945074 16.278770 44.908001 177.465630 -1.024590 89.881266 37.570427 42.847336 -73.283780 -4.406461 18.942247 129.864023 -7.363598 -16.834979 -32.104629 nan nan nan -27.422630 -47.047359 -79.576601 3.520360 -13.217762 134.344486 2.587937 29.654503 -28.951634 nan nan nan 1.024527 2.753507 78.804362 -1.317261 -2.005938 -3.784335 4.881843 -1.971263 -12.742228 -6.884203 7.959211 -32.617251 13.881253 -7.157842 -24.417256 -17.508843 -40.038128 -3.745374 -35.274827 -23.163231 -4.127303 -7.448028 -28.374003 23.393919 17.413040 -11.194980 -3.689165 21.013489 38.135949 4.377337 34.723821 31.645854 -9.676812 8.816981 26.172483 21.862654 -14.216780 12.692501 8.696596 
-30.966013 16.284569 44.931778 177.573605 -0.985749 89.840897 37.461873 42.732934 -73.383961 -4.291730 18.802092 129.865397 -7.408667 -16.928958 -32.116474 nan nan nan -27.508731 -47.049576 -79.336695 3.431656 -13.127144 134.295954 2.492372 29.632785 -29.072951 nan nan nan 1.462067 2.567913 79.080186 -1.377807 -2.232810 -4.036534 4.763092 -2.061134 -12.688591 -6.884992 7.907638 -32.567930 13.834416 -7.186906 -24.452657 -17.460495 -40.125683 -3.705749 -35.265096 -23.100079 -4.214106 -6.852705 -28.528857 23.960614 15.991066 -11.442687 -2.990378 20.857575 38.164927 4.280146 34.741280 31.595990 -9.805882 8.968391 26.119750 22.110834 -14.458575 12.621683 8.524704 
-30.946350 16.278637 44.953747 177.568084 -0.958659 89.888903 37.358247 42.757514 -73.508648 -4.244006 18.667604 129.815068 -7.459777 -16.979695 -32.085701 nan nan nan -27.350527 -46.980271 -79.452642 3.342640 -13.030078 134.276250 2.458516 29.617576 -29.115738 nan nan nan 1.540266 2.561561 79.179738 -1.416375 -2.306538 -4.184771 4.719182 -2.043639 -12.650374 -6.843348 7.976989 -32.572367 13.890267 -7.248181 -24.458954 -17.447188 -40.142035 -3.674720 -35.171279 -23.051930 -4.230116 -6.458002 -28.708226 24.309945 14.811944 -11.611907 -2.501859 20.899479 38.175015 4.271537 34.765029 31.580439 -9.894517 8.952967 26.140183 22.217440 -14.172796 12.564290 8.529384 
-30.928284 16.259258 44.980263 177.589618 -0.947336 89.943983 37.196448 42.769602 -73.690861 -4.281230 18.613103 129.736329 -7.448405 -16.934223 -32.001293 nan nan nan -27.153862 -46.974727 -79.630602 3.371103 -12.980136 134.251903 2.568351 29.577421 -29.012599 nan nan nan 1.518015 2.592718 79.238487 -1.396915 -2.285038 -4.304878 4.722787 -2.006646 -12.590160 -6.827351 7.960822 -32.640364 13.923276 -7.298608 -24.428230 -17.278251 -40.034073 -3.766639 -35.344105 -23.137738 -4.052046 -6.456013 -28.647622 24.299529 15.268312 -11.666990 -2.686371 20.887319 38.077296 4.208656 34.893209 31.599667 -9.835724 8.801431 26.269001 22.123261 -13.965195 12.681862 8.567802 
-30.915684 16.257187 44.977882 177.659733 -0.988176 89.894524 37.074793 42.758279 -73.754014 -4.368875 18.599986 129.708880 -7.329574 -16.938137 -31.954177 nan nan nan -27.061371 -47.053795 -79.758238 3.495533 -12.922449 134.278576 2.773743 29.516417 -28.843429 nan nan nan 1.484878 2.652896 79.246976 -1.283464 -2.280475 -4.298839 4.718538 -1.965620 -12.474979 -6.865492 8.025569 -32.846891 13.854140 -7.452271 -24.277580 -16.848821 -39.853257 -3.950800 -35.781728 -23.299632 -3.765114 -6.296630 -28.406996 24.407227 16.278548 -11.875565 -2.958920 20.885420 37.944627 4.162650 35.373661 31.706976 -9.710969 7.887071 26.435545 21.666615 -13.551768 12.907895 9.066760 
-30.905621 16.275425 44.970280 177.703382 -1.051604 89.793601 37.051469 42.766204 -73.656908 -4.418516 18.615395 129.728466 -7.348663 -16.973500 -31.948070 nan nan nan -27.136457 -47.061294 -79.737986 3.573258 -12.851963 134.326791 2.913745 29.529447 -28.734376 nan nan nan 1.526135 2.637819 79.338964 -1.330123 -2.342832 -4.267353 4.717615 -2.048803 -12.485886 -6.831180 8.016241 -32.929602 13.863920 -7.362133 -24.101599 -16.914569 -39.927480 -4.075675 -35.646207 -23.291595 -3.904430 -6.565709 -28.354245 24.377145 15.982780 -11.716679 -2.920123 20.876054 38.012535 4.125893 35.439202 31.687700 -9.665421 7.820138 26.410983 21.519758 -13.608326 12.888109 9.433459 
-30.908857 16.282511 44.973389 177.767702 -1.048654 89.728933 37.064374 42.744016 -73.648217 -4.428410 18.632898 129.739737 -7.372173 -16.954095 -31.915320 nan nan nan -27.363912 -47.041830 -79.516809 3.560911 -12.891676 134.340297 3.011541 29.598619 -28.640549 nan nan nan 1.595630 2.657906 79.410677 -1.277330 -2.331956 -4.233135 4.750084 -2.063684 -12.486938 -6.863622 8.036853 -32.986067 13.760548 -7.402105 -24.006542 -16.700230 -39.887986 -4.149001 -35.934377 -23.293142 -3.784402 -6.370017 -28.331793 24.249004 16.280997 -11.632676 -2.739166 20.699983 37.983639 4.044227 35.326449 31.702884 -9.611362 8.051454 26.359014 21.676788 -14.023718 12.842724 9.394325 
-30.907591 16.287472 44.977695 177.790152 -1.021327 89.732750 37.109406 42.763689 -73.659423 -4.425418 18.617800 129.740592 -7.387364 -16.995422 -31.900250 nan nan nan -27.502832 -46.990892 -79.354270 3.475073 -12.940202 134.345988 2.956234 29.625265 -28.699278 nan nan nan 1.616363 2.629331 79.434904 -1.316820 -2.342331 -4.136264 4.753018 -2.069392 -12.642642 -6.810329 8.049379 -32.858513 13.769596 -7.342355 -24.012055 -17.136329 -40.066014 -3.936699 -35.474826 -23.244646 -4.176817 -6.367783 -28.483489 24.258646 14.851190 -11.635384 -2.181451 20.832284 38.080655 4.172277 35.148861 31.597128 -9.754534 8.112067 26.425026 21.820084 -13.387223 12.653269 9.270137 
-30.901493 16.287682 44.979099 177.774543 -1.017223 89.663751 37.135237 42.797486 -73.630046 -4.485536 18.591658 129.729444 -7.443425 -16.993710 -31.783296 nan nan nan -27.512757 -46.895577 -79.312271 3.476126 -12.929135 134.375374 3.021722 29.553612 -28.730844 nan nan nan 1.624014 2.694642 79.488037 -1.286988 -2.335871 -4.042526 4.743297 -2.031578 -12.674705 -6.835158 8.104685 -32.877564 13.748417 -7.406811 -23.994898 -16.892181 -40.005683 -4.027731 -35.748538 -23.330363 -3.916374 -6.361995 -28.265084 23.997380 15.998936 -11.571812 -2.612168 20.783608 38.040052 4.142054 35.090230 31.639397 -9.735209 8.130955 26.405838 21.718863 -13.668327 12.776880 9.159128 
-30.869320 16.274820 44.969349 177.694462 -1.051355 89.665899 37.167828 42.908290 -73.562267 -4.531805 18.601603 129.696584 -7.515592 -17.008130 -31.739628 nan nan nan -27.438495 -46.757408 -79.458851 3.452516 -12.907139 134.397884 2.973385 29.490078 -28.794753 nan nan nan 1.437248 2.803731 79.444029 -1.324356 -2.287820 -3.952404 4.749889 -2.005178 -12.713929 -6.784802 8.212293 -32.803802 13.800493 -7.416283 -24.022029 -17.129976 -40.141798 -3.882105 -35.340050 -23.378707 -4.090131 -6.571984 -28.261216 23.938237 15.850267 -11.609507 -2.532710 20.951824 38.079730 4.249111 34.983780 31.640336 -9.721940 8.148734 26.486911 21.769713 -13.985040 12.948896 9.068941 
-30.812860 16.244867 44.933773 177.607780 -1.048085 89.809044 37.197259 43.064860 -73.637285 -4.537492 18.639682 129.645413 -7.454703 -16.969211 -31.804581 nan nan nan -27.252745 -46.590364 -79.767986 3.359994 -12.956383 134.460249 2.871081 29.364769 -28.896936 nan nan nan 1.009772 2.976551 79.215416 -1.316600 -2.070779 -3.924466 4.835860 -1.886732 -12.687119 -6.697914 8.294066 -32.765062 13.806280 -7.447885 -23.945235 -17.264443 -40.131402 -3.817671 -35.130146 -23.426656 -4.237571 -6.604604 -28.280938 24.129327 15.352206 -11.658736 -2.191128 21.048183 38.057888 4.366294 35.024758 31.692155 -9.715908 7.993154 26.584073 21.891332 -13.734811 12.896108 8.927567 
-30.777792 16.208914 44.914936 177.558763 -1.058794 89.993910 37.109417 43.143597 -73.828631 -4.551644 18.699685 129.609780 -7.399618 -16.893921 -31.873230 nan nan nan -27.090127 -46.466817 -80.039232 3.247327 -13.022802 134.503916 2.806885 29.236191 -29.040646 nan nan nan 0.493850 3.094930 78.961391 -1.299382 -1.738781 -4.012318 4.951513 -1.767499 -12.519830 -6.681502 8.409142 -32.892413 13.645063 -7.527318 -23.830834 -17.119450 -39.909015 -3.851177 -35.182743 -23.583817 -4.087615 -6.526976 -28.290483 24.343891 15.314131 -11.758446 -2.135299 20.892001 37.911040 4.219005 34.862658 31.943297 -9.579229 8.551793 26.236547 22.048719 -14.131864 12.893172 8.283214 
-30.777712 16.198814 44.914627 177.609629 -1.083775 90.036968 36.992496 43.081905 -73.969603 -4.536631 18.735336 129.612476 -7.375017 -16.818739 -31.839915 nan nan nan -27.107208 -46.486376 -80.048709 3.243612 -13.053134 134.507248 2.802804 29.220031 -29.070653 nan nan nan 0.350112 3.091296 78.807886 -1.209676 -1.655744 -3.930127 4.981744 -1.701082 -12.428490 -6.808515 8.414127 -32.886230 13.537590 -7.600615 -23.906740 -16.690873 -39.718020 -3.943415 -35.582251 -23.598270 -3.745358 -6.406109 -28.174979 24.207411 16.686652 -11.976411 -2.566081 20.792303 37.832876 4.256447 34.832027 32.112605 -9.566906 8.644768 26.139658 21.816547 -14.849685 13.006016 7.985519 
-30.801374 16.195276 44.943012 177.730171 -1.134937 90.051078 36.807899 42.974314 -74.090367 -4.429371 18.687918 129.648447 -7.393199 -16.869884 -31.800393 nan nan nan -27.178716 -46.570921 -79.955848 3.230187 -12.954037 134.488589 2.723354 29.304457 -29.180857 nan nan nan 0.503379 2.946737 78.759267 -1.215097 -1.832534 -3.774408 4.910528 -1.782691 -12.565229 -6.815452 8.392563 -32.695175 13.632648 -7.529569 -24.022250 -17.075966 -39.966628 -3.794058 -35.048834 -23.386833 -4.095508 -6.486954 -28.290720 24.548594 15.316898 -12.072866 -2.231978 21.177849 38.008194 4.643684 34.863563 31.872410 -9.744972 8.183944 26.586490 21.692911 -14.709046 12.857731 7.887624 
-30.823835 16.210648 44.976021 177.843450 -1.086820 89.953668 36.762808 42.847784 -74.091961 -4.370596 18.576848 129.650070 -7.444078 -16.932568 -31.787866 nan nan nan -27.204437 -46.636173 -79.751405 3.232665 -12.831937 134.458695 2.720591 29.358931 -29.186820 nan nan nan 1.027013 2.760273 79.055213 -1.297640 -2.118057 -3.914270 4.810822 -1.954209 -12.599797 -6.800014 8.197553 -32.609413 13.759340 -7.410722 -24.094696 -17.350717 -40.148855 -3.735638 -34.869437 -23.261591 -4.500723 -6.597093 -28.517800 24.542473 13.953771 -11.749033 -2.321617 21.156952 38.118245 4.581540 35.115321 31.669248 -9.841012 7.898948 26.809929 21.657904 -14.327043 12.739775 8.312167 
-30.835932 16.234089 44.988632 177.943703 -1.059978 89.841869 36.799654 42.745970 -74.030874 -4.371819 18.564746 129.638197 -7.453003 -16.904394 -31.780589 nan nan nan -27.344890 -46.741284 -79.513525 3.311188 -12.806344 134.414437 2.865559 29.450150 -29.069561 nan nan nan 1.396318 2.601877 79.289817 -1.379846 -2.336125 -4.040546 4.725523 -2.053507 -12.542132 -6.718836 8.009248 -32.588258 13.834502 -7.275188 -24.127448 -17.575735 -40.204703 -3.792424 -34.823308 -23.232582 -4.555737 -6.550692 -28.567321 24.455893 14.827621 -11.654369 -1.423056 21.049652 38.176870 4.330124 34.847562 31.561645 -9.912565 8.519721 26.668512 21.930064 -14.517407 12.767707 8.633673 
-30.844421 16.235279 44.993633 177.988116 -1.046344 89.801519 36.871613 42.688825 -73.982405 -4.381530 18.620694 129.621127 -7.366574 -16.938893 -31.784670 nan nan nan -27.411064 -46.785836 -79.412813 3.358067 -12.825425 134.385509 2.931375 29.439838 -28.980212 nan nan nan 1.507931 2.602582 79.321863 -1.344545 -2.408966 -3.963027 4.705102 -2.041050 -12.570617 -6.679238 7.962506 -32.579486 13.807339 -7.288825 -24.108768 -17.459960 -40.180957 -3.829074 -35.018279 -23.335010 -4.508380 -6.499028 -28.506542 24.342323 14.710572 -11.442167 -1.859998 20.944028 38.157172 4.222517 35.022646 31.612153 -9.812323 8.164445 26.645834 21.875989 -14.003586 12.734448 8.892727 
-30.838778 16.220018 45.011497 177.991261 -1.035056 89.827255 36.836667 42.672395 -74.032820 -4.372923 18.607433 129.585897 -7.351177 -16.908205 -31.787700 nan nan nan -27.366665 -46.765625 -79.431014 3.342119 -12.846249 134.371890 2.919333 29.383721 -28.982654 nan nan nan 1.513465 2.642168 79.336684 -1.330014 -2.391986 -3.979647 4.713821 -2.021494 -12.545424 -6.685671 7.952416 -32.644509 13.760892 -7.338270 -24.057044 -17.368171 -40.164288 -3.880521 -35.099047 -23.420354 -4.424610 -6.554716 -28.446557 24.200769 14.848751 -11.411562 -2.146314 20.885814 38.143045 4.143662 35.098411 31.639616 -9.727770 8.026494 26.625781 21.677420 -13.970861 12.773027 8.830099 
-30.829241 16.196299 45.056297 178.023406 -0.989195 89.959451 36.705342 42.647731 -74.225986 -4.342923 18.601199 129.509083 -7.288179 -16.842330 -31.796985 nan nan nan -27.231281 -46.776363 -79.495873 3.275542 -12.895600 134.316790 2.887460 29.305817 -29.018019 nan nan nan 1.528818 2.670596 79.394407 -1.309844 -2.386103 -4.141914 4.723897 -1.944337 -12.539672 -6.730271 7.901890 -32.694412 13.765667 -7.351289 -24.022162 -17.329574 -40.166363 -3.957636 -35.227693 -23.620615 -4.308665 -6.864022 -28.161735 23.693108 15.546812 -11.340624 -2.810311 20.935908 38.099181 4.138509 35.285920 31.605822 -9.636118 7.582517 26.737172 21.200119 -13.919167 12.919455 8.985150 
-30.831942 16.185871 45.063175 178.073515 -0.979881 90.014384 36.603281 42.608581 -74.380222 -4.426651 18.702140 129.482069 -7.332176 -16.644059 -31.800766 nan nan nan -27.227941 -46.836912 -79.508576 3.314786 -12.955054 134.270928 3.050966 29.274424 -28.986408 nan nan nan 1.534024 2.530013 79.471509 -1.426325 -2.403773 -4.484616 4.704008 -1.980115 -12.279282 -6.687296 7.849311 -32.772171 13.783857 -7.307949 -24.008904 -17.285760 -39.865843 -4.138938 -35.340271 -24.225438 -3.941733 -7.984523 -27.309348 22.670715 18.506686 -11.236137 -4.666881 20.438920 37.854207 3.654371 34.421827 32.069775 -9.166265 9.827931 25.774323 21.970768 -16.486620 13.124841 7.280908 
-30.835932 16.198137 45.044991 178.087589 -0.981923 89.910070 36.731627 42.589284 -74.254447 -4.449681 18.707739 129.510076 -7.272949 -16.699316 -31.763306 nan nan nan -27.294856 -46.879381 -79.418485 3.358794 -12.955787 134.306663 3.001705 29.205437 -29.002850 nan nan nan 1.555119 2.592243 79.421534 -1.322479 -2.436666 -4.226078 4.698914 -1.932830 -12.346640 -6.806209 7.865884 -32.815159 13.817530 -7.432029 -24.012458 -17.191626 -39.946628 -4.084447 -35.337897 -24.132070 -4.027458 -7.926142 -27.594247 22.878346 18.295897 -11.132697 -4.619340 20.688106 37.868342 3.911577 34.784986 31.889580 -9.257873 8.739761 26.407517 21.678044 -15.474338 12.918881 8.067088 
-30.811949 16.197866 45.033436 177.950425 -0.974454 89.896701 36.825248 42.743130 -74.175251 -4.531827 18.696592 129.519512 -7.465839 -16.756059 -31.710137 nan nan nan -27.302565 -46.719500 -79.436850 3.295216 -12.962262 134.327687 3.000255 29.289910 -29.007447 nan nan nan 1.378344 2.618468 79.431348 -1.463505 -2.268763 -4.295930 4.712675 -1.990675 -12.277147 -6.754827 8.018809 -32.770973 13.724877 -7.568424 -24.073972 -16.930340 -39.690565 -4.217636 -35.389283 -24.203730 -3.738575 -7.916331 -27.732035 23.259395 17.049563 -10.800228 -5.073717 20.285879 37.783357 3.631743 34.109729 32.456370 -9.225662 10.381323 25.260169 22.417275 -16.778422 12.902309 6.519384 
-30.775837 16.194067 45.002506 177.810604 -1.035093 89.975117 36.952175 42.899575 -74.042203 -4.541142 18.788198 129.493989 -7.361512 -16.773282 -31.726409 nan nan nan -27.187700 -46.593876 -79.690002 3.238019 -13.002318 134.399548 2.884733 29.182255 -29.110853 nan nan nan 0.993610 2.886254 79.294710 -1.380648 -2.132506 -4.232237 4.773206 -1.830487 -12.318891 -6.851128 8.073042 -32.756872 13.842156 -7.696458 -24.045429 -17.103973 -39.799418 -4.075597 -35.171688 -24.127787 -3.929948 -8.151307 -27.798222 22.888994 15.724944 -10.581056 -5.495543 20.869204 37.767045 4.140703 34.385341 32.189000 -9.291494 9.199383 26.168938 21.848997 -15.547285 12.663191 7.483103 
-30.758923 16.176575 45.012123 177.775603 -1.042513 90.124965 36.850743 43.002177 -74.205593 -4.563257 18.791283 129.496303 -7.399684 -16.791215 -31.734650 nan nan nan -27.180619 -46.598751 -79.797317 3.106526 -13.008522 134.413793 2.870632 29.374271 -29.077901 nan nan nan 0.498077 2.957211 78.996660 -1.382255 -1.873328 -4.154608 4.849393 -1.683488 -12.311965 -6.783857 8.249093 -32.618137 13.729674 -7.715632 -24.071319 -17.138615 -39.783418 -3.885918 -34.984552 -23.900442 -4.109547 -7.147659 -28.567457 23.817797 12.896824 -10.372701 -3.809396 20.796475 37.838522 4.217086 34.545679 32.385920 -9.579505 8.975005 25.793187 21.893844 -14.539288 12.629429 7.614769 
-30.753681 16.177244 45.015236 177.745347 -1.030704 90.145193 36.804540 43.039292 -74.240944 -4.521066 18.719975 129.513107 -7.423568 -16.780362 -31.717715 nan nan nan -27.040296 -46.634450 -79.957041 3.177609 -12.984824 134.408770 2.922416 29.452228 -28.981819 nan nan nan 0.376257 3.023183 78.936081 -1.346711 -1.812671 -4.067836 4.869565 -1.576803 -12.322220 -6.846067 8.247857 -32.700769 13.764789 -7.753710 -24.017306 -17.173753 -39.923837 -3.911042 -34.949266 -23.713369 -4.208223 -6.743167 -28.722343 23.968874 12.972884 -10.589726 -2.636835 21.031228 37.901934 4.429184 34.711179 32.094688 -9.847786 8.356825 26.378002 21.685351 -13.801222 12.571055 8.468760 
-30.773125 16.165695 45.055511 177.808454 -0.990819 90.141797 36.666280 42.951348 -74.419902 -4.499543 18.658863 129.551087 -7.626493 -16.691839 -31.664379 nan nan nan -26.987044 -46.731775 -79.913121 3.262029 -12.993939 134.341159 3.111671 29.572039 -28.836823 nan nan nan 0.581103 2.880264 78.996347 -1.422950 -1.869289 -4.140065 4.852178 -1.721274 -12.257664 -6.756632 8.272383 -32.781019 13.633641 -7.772364 -23.922958 -17.000499 -39.777020 -4.065169 -35.101575 -23.845716 -3.848144 -6.758642 -28.377868 24.297786 15.132508 -11.348170 -2.759637 20.535393 37.901771 3.950424 33.956663 32.444367 -9.682767 10.254406 25.238990 22.595526 -16.026990 12.970495 6.707927 
-30.822264 16.196165 45.113663 177.917870 -0.940317 89.950257 36.888205 42.756597 -74.134142 -4.309029 18.544706 129.604118 -7.653545 -17.007842 -31.596556 nan nan nan -27.338337 -46.837936 -79.317013 3.166072 -12.882185 134.259899 2.935243 29.758557 -28.902593 nan nan nan 1.288576 2.739258 79.304884 -1.379837 -2.253698 -3.869325 4.720188 -1.816442 -12.679933 -7.000627 8.228621 -32.539362 13.744827 -7.710104 -24.101253 -17.045070 -40.103120 -3.926130 -35.053219 -23.502116 -4.357231 -6.591601 -28.695651 24.062837 9.360547 -10.467391 -4.938410 20.951039 38.066929 4.474481 34.652155 31.883920 -9.981536 8.255260 26.583469 21.699381 -13.094324 12.197089 8.462674 
-30.848736 16.211784 45.137947 177.970630 -0.917085 89.871067 36.875941 42.667926 -74.119416 -4.334150 18.501651 129.593245 -7.818477 -17.127387 -31.598681 nan nan nan -27.655479 -46.867873 -78.946659 3.090474 -12.891417 134.192830 3.169038 30.016569 -28.751320 nan nan nan 1.636220 2.532587 79.582429 -1.532694 -2.401011 -4.084200 4.655561 -1.998336 -12.670243 -6.899486 8.369006 -32.456624 13.531020 -7.545156 -24.236206 -17.039350 -39.945001 -3.918289 -35.093150 -23.691698 -4.223648 -6.571108 -28.538709 24.124813 10.025566 -11.039919 -4.824004 20.439241 38.019251 4.041370 33.993258 32.347560 -9.898817 10.062315 25.277336 22.404397 -15.390769 12.685692 7.003084 
-30.852434 16.198742 45.145348 177.975899 -0.891872 89.914898 36.900899 42.657819 -74.138952 -4.335205 18.535840 129.563217 -7.600423 -17.108434 -31.607026 nan nan nan -27.577712 -46.912831 -79.029730 3.152005 -12.993881 134.153142 3.119650 29.912341 -28.721235 nan nan nan 1.685860 2.669430 79.487930 -1.379830 -2.453584 -3.966684 4.673818 -1.909817 -12.678808 -7.002514 8.328268 -32.583870 13.620108 -7.579557 -24.184377 -17.224298 -40.163994 -3.867781 -35.018691 -23.662309 -4.366195 -6.438771 -28.544889 23.735689 11.608790 -11.124979 -3.436594 21.052506 38.060203 4.417832 34.327911 31.880014 -10.052530 8.644613 26.342115 21.746119 -14.421044 12.604099 8.339048 
-30.844320 16.165998 45.171665 178.003444 -0.841846 90.026719 36.754560 42.660338 -74.385109 -4.365530 18.576187 129.493648 -7.570804 -16.876464 -31.582586 nan nan nan -27.423104 -46.928159 -79.154047 3.189513 -13.120772 134.085711 3.053289 29.822390 -28.776045 nan nan nan 1.687869 2.658772 79.459036 -1.359588 -2.428082 -4.083562 4.679224 -1.941932 -12.589442 -6.935079 8.189937 -32.690919 13.656827 -7.630059 -24.033706 -17.163956 -40.087566 -4.048048 -35.064078 -23.767874 -4.140684 -6.505876 -28.322965 23.730036 13.268943 -11.139449 -2.789881 20.844551 38.049990 4.053830 34.126188 31.943389 -9.889924 9.165913 26.049532 22.242250 -14.158110 12.524798 8.067737 
-30.847960 16.164909 45.173992 178.002469 -0.841296 90.027984 36.749018 42.656550 -74.388920 -4.365253 18.583752 129.493581 -7.569332 -16.862688 -31.582540 nan nan nan -27.423344 -46.930690 -79.151275 3.191676 -13.127324 134.080628 3.036481 29.805918 -28.796492 nan nan nan 1.688671 2.663599 79.454193 -1.347976 -2.432913 -4.064580 4.682551 -1.942903 -12.590126 -6.943735 8.182069 -32.704010 13.662094 -7.642584 -24.028618 -17.166972 -40.100734 -4.057648 -35.054434 -23.761726 -4.137180 -6.507578 -28.316182 23.726238 13.317979 -11.127938 -2.744057 20.867301 38.053696 4.063169 34.109371 31.905724 -9.891136 9.133532 26.112074 22.264924 -14.039433 12.489000 8.058854 
-30.857615 16.180010 45.150349 177.946733 -0.881784 89.959140 36.785307 42.681320 -74.287408 -4.416353 18.642203 129.532471 -7.606663 -16.825836 -31.551752 nan nan nan -27.506013 -46.896854 -79.082044 3.187187 -13.126543 134.111124 2.895052 29.627496 -28.973829 nan nan nan 1.641440 2.724601 79.402921 -1.323890 -2.438001 -3.969003 4.712617 -1.937757 -12.482128 -7.014032 8.117162 -32.763723 13.709652 -7.683308 -24.035721 -17.139672 -40.121673 -4.232643 -35.014416 -23.851627 -4.086322 -6.956923 -28.019994 23.536610 14.761119 -11.034993 -2.728094 20.900469 38.109739 4.052478 33.950569 31.826544 -9.769681 9.401747 26.140868 22.093236 -15.073027 12.574258 7.282602 
-30.852579 16.193581 45.122974 177.898759 -0.934815 89.907028 36.872131 42.707063 -74.134602 -4.406689 18.676750 129.559226 -7.506463 -16.845765 -31.579480 nan nan nan -27.400871 -46.937511 -79.250139 3.308322 -13.083201 134.140808 2.966898 29.543413 -28.803479 nan nan nan 1.603407 2.749068 79.413451 -1.351021 -2.445697 -3.981617 4.702763 -1.934104 -12.427637 -7.021023 7.974107 -32.751023 13.814865 -7.605487 -24.012757 -17.237453 -40.134998 -4.195957 -34.944189 -24.020047 -4.230937 -7.582910 -27.738127 22.927021 15.969495 -11.047335 -3.275079 20.991164 38.096033 4.135530 34.142489 31.869265 -9.708659 9.095501 26.149940 21.384742 -15.784545 12.824950 7.942624 
-30.827497 16.193573 45.097187 177.844992 -0.969203 89.954927 36.947589 42.747850 -74.065390 -4.380870 18.700453 129.546120 -7.357375 -16.805330 -31.694035 nan nan nan -27.145951 -46.986301 -79.606102 3.435998 -13.086879 134.169485 3.030339 29.475248 -28.658850 nan nan nan 1.419158 2.912963 79.312217 -1.290432 -2.398971 -3.941079 4.748885 -1.851647 -12.422811 -7.038540 7.919919 -32.841161 13.914014 -7.596435 -23.919633 -17.377785 -40.209476 -4.131219 -34.846842 -24.010588 -4.368526 -7.853618 -27.698901 22.508814 16.346283 -11.101793 -3.276044 21.329383 38.111388 4.330031 34.366928 31.739280 -9.768945 8.236428 26.545200 20.913790 -14.591066 12.740275 9.388640 
-30.781942 16.166965 45.075535 177.706776 -1.015439 90.073432 36.915854 42.905707 -74.080625 -4.381654 18.704837 129.517468 -7.335360 -16.695844 -31.757490 nan nan nan -26.760102 -46.882442 -80.149524 3.509290 -13.071152 134.220180 3.058950 29.359993 -28.605420 nan nan nan 0.896615 3.109737 79.133169 -1.277368 -2.144709 -4.000308 4.852463 -1.732832 -12.343239 -6.995728 7.930011 -32.839779 13.922839 -7.600273 -23.831923 -17.231414 -40.125978 -4.088432 -34.835980 -23.900591 -4.352979 -7.678088 -28.047350 23.035352 16.433572 -11.307617 -2.578395 21.272395 38.176294 4.333070 34.577696 31.849515 -9.825849 7.981353 26.415852 20.830319 -13.508907 12.735770 9.699874 
-30.762545 16.137289 45.080456 177.618448 -1.069191 90.189139 36.863834 42.992428 -74.134570 -4.352644 18.698478 129.545101 -7.433824 -16.734371 -31.725262 nan nan nan -26.592460 -46.818133 -80.444163 3.445434 -13.020428 134.258098 3.008545 29.368659 -28.636100 nan nan nan 0.344140 3.261787 78.829811 -1.229789 -1.839648 -3.876917 4.958283 -1.588114 -12.334198 -6.956845 8.099606 -32.749631 13.839080 -7.755965 -23.811295 -17.000612 -39.993802 -4.011725 -34.950586 -23.772142 -4.249577 -7.117976 -28.581686 23.725278 13.710767 -11.154333 -2.748184 21.264062 38.108564 4.535865 34.658729 31.987160 -9.965606 7.766975 26.537919 20.937816 -12.516479 12.524198 9.512759 
-30.770382 16.127176 45.102703 177.607061 -1.063263 90.205301 36.882061 43.000492 -74.118649 -4.326076 18.684082 129.581409 -7.482531 -16.858525 -31.706115 nan nan nan -26.658169 -46.812097 -80.372178 3.375118 -13.027602 134.236895 3.038114 29.477299 -28.622988 nan nan nan 0.164229 3.295137 78.712774 -1.179370 -1.691073 -3.699290 4.979303 -1.533952 -12.411782 -6.933001 8.265738 -32.831836 13.706244 -7.899954 -23.713339 -16.895086 -39.940272 -4.030915 -35.081617 -23.795755 -4.185566 -6.609265 -28.669795 23.972490 12.310175 -11.157925 -2.729014 21.236405 38.019238 4.566724 34.729534 32.010352 -9.928433 7.603886 26.719740 21.088263 -12.134872 12.428355 9.314544 
-30.799326 16.127104 45.136200 177.650592 -1.018049 90.171993 36.896380 42.936818 -74.090735 -4.295759 18.669191 129.571247 -7.480308 -16.864916 -31.744462 nan nan nan -26.818930 -46.798987 -80.101613 3.322706 -13.067401 134.182480 2.970811 29.503175 -28.708073 nan nan nan 0.444916 3.190919 78.789478 -1.183709 -1.771292 -3.609939 4.915790 -1.624795 -12.478224 -6.966223 8.291263 -32.950739 13.628081 -7.916110 -23.652244 -16.899720 -39.970482 -4.131463 -35.118185 -23.865161 -4.120200 -6.601300 -28.563417 23.741376 12.853980 -11.070155 -2.615907 21.140867 37.985566 4.389013 34.686638 31.955296 -9.787620 7.785180 26.757999 21.184022 -12.618256 12.413911 9.280466 
-30.851370 16.142769 45.168388 177.758976 -0.944012 90.058296 36.874856 42.766986 -74.079827 -4.245071 18.610896 129.580178 -7.472572 -16.863068 -31.766975 nan nan nan -27.105151 -46.856925 -79.603836 3.276158 -13.093251 134.118142 2.856527 29.543234 -28.846459 nan nan nan 1.097775 2.938786 79.089503 -1.241228 -2.086630 -3.663677 4.778961 -1.809271 -12.554760 -6.991834 8.172164 -33.005994 13.624643 -7.816752 -23.653134 -16.993479 -40.056699 -4.211039 -35.151094 -23.839534 -4.166203 -6.600854 -28.420313 23.676669 13.829249 -11.042585 -2.489396 21.004933 38.048341 4.192569 34.845007 31.823180 -9.750083 7.744789 26.809314 21.192342 -13.043542 12.439949 9.184581 
-30.889839 16.156052 45.179733 177.804479 -0.890811 89.956481 36.912373 42.691222 -74.024599 -4.250740 18.576129 129.580089 -7.430592 -16.862140 -31.726750 nan nan nan -27.169331 -46.910073 -79.377503 3.303203 -13.081458 134.047625 2.626983 29.438284 -28.991641 nan nan nan 1.512273 2.831403 79.302996 -1.237415 -2.343931 -3.719433 4.704678 -1.847622 -12.569254 -7.088820 7.969951 -32.962419 13.765873 -7.642485 -23.743348 -16.853393 -40.195691 -4.317326 -35.350890 -23.626357 -4.052384 -6.635378 -28.497635 23.823647 15.614300 -10.765230 -2.138559 20.934588 38.223786 4.114971 35.220235 31.562561 -9.904380 7.115254 27.089244 20.806425 -12.586714 12.391270 9.824217 
-30.892597 16.165335 45.178577 177.746133 -0.830804 89.914560 36.956423 42.746642 -74.008895 -4.297973 18.487438 129.575552 -7.684504 -16.968519 -31.672661 nan nan nan -27.206857 -46.830769 -79.274681 3.186753 -13.015496 134.018556 2.582209 29.631947 -29.030869 nan nan nan 1.647233 2.719871 79.495075 -1.393383 -2.390477 -3.954692 4.700074 -1.907669 -12.519154 -7.083644 8.020472 -32.765644 13.764053 -7.640979 -23.935671 -16.982242 -40.159976 -4.299412 -35.210362 -23.706710 -4.161728 -6.609569 -28.230491 23.756920 13.336776 -10.581008 -2.868900 20.737454 38.224842 4.082513 34.342216 31.711668 -10.050442 8.772153 26.632278 21.759488 -13.372223 12.263227 8.330995 
-30.896791 16.158901 45.172886 177.724671 -0.840848 89.916403 36.886667 42.750050 -74.070887 -4.370699 18.501884 129.559622 -7.589754 -16.894650 -31.699184 nan nan nan -27.231225 -46.829190 -79.319093 3.253211 -13.091936 133.987102 2.631957 29.653999 -28.940185 nan nan nan 1.709048 2.668026 79.602037 -1.425567 -2.402347 -4.177335 4.646887 -1.976903 -12.340784 -7.052427 8.132529 -32.997351 13.645773 -7.763779 -23.796186 -16.824445 -40.037880 -4.342296 -35.252340 -23.838971 -3.870798 -6.782610 -28.286455 24.214253 15.426136 -11.166613 -2.645935 20.493896 38.156426 3.766263 34.277536 32.053980 -9.777929 9.213285 25.887777 22.135763 -14.917355 12.809448 7.628469 
-30.892429 16.162582 45.167976 177.700135 -0.854863 89.926142 36.791175 42.756880 -74.105333 -4.379588 18.481983 129.545449 -7.525470 -16.819594 -31.747930 nan nan nan -27.278474 -46.822356 -79.322303 3.281482 -13.131477 133.978494 2.814986 29.661760 -28.807562 nan nan nan 1.749204 2.634678 79.671715 -1.469648 -2.437832 -4.276156 4.631234 -2.022522 -12.323594 -7.021585 8.139420 -33.098403 13.600062 -7.714570 -23.636209 -16.955138 -40.107210 -4.306903 -35.114829 -23.905912 -4.079625 -6.775899 -27.995604 24.295912 17.513341 -12.180975 -1.280378 20.483635 38.169087 3.699785 34.368423 32.072004 -9.724313 9.248369 25.735791 22.146680 -15.823673 13.154457 7.515217 
-30.890978 16.175982 45.163883 177.634210 -0.818460 89.899645 36.844817 42.768198 -74.055737 -4.365893 18.427676 129.572918 -7.569494 -16.773119 -31.738966 nan nan nan -27.236443 -46.751501 -79.332209 3.259193 -13.076867 133.991125 2.942972 29.674458 -28.721449 nan nan nan 1.729697 2.646849 79.690980 -1.482602 -2.381478 -4.245421 4.636386 -1.987850 -12.375113 -7.070928 8.096243 -32.949760 13.622666 -7.700077 -23.723050 -16.875742 -40.073421 -4.290103 -35.213829 -23.901759 -4.088923 -6.866983 -28.021881 24.220811 16.341832 -11.654718 -2.031933 20.519705 38.116001 3.776545 34.327163 32.131557 -9.783148 9.250811 25.729825 22.212819 -15.349781 12.954185 7.666258 
-30.892609 16.179306 45.163387 177.623112 -0.815489 89.900947 36.852092 42.772982 -74.046272 -4.365933 18.427608 129.576785 -7.571888 -16.760639 -31.747155 nan nan nan -27.213509 -46.751063 -79.354085 3.270770 -13.072366 133.988861 2.944974 29.669050 -28.716675 nan nan nan 1.724696 2.646746 79.688909 -1.484584 -2.379621 -4.242525 4.639570 -1.985316 -12.375847 -7.075984 8.067610 -32.920922 13.637787 -7.676439 -23.737772 -16.887635 -40.078297 -4.280513 -35.212487 -23.896675 -4.092186 -6.902324 -28.008887 24.146745 16.382812 -11.593691 -2.123504 20.525862 38.128272 3.791493 34.305543 32.125739 -9.788767 9.264869 25.735123 22.203032 -15.305338 12.944626 7.699744 
-30.891169 16.183266 45.136246 177.510452 -0.814971 89.967745 36.953022 42.872583 -73.962381 -4.412898 18.528282 129.582573 -7.496349 -16.655925 -31.860645 nan nan nan -26.947717 -46.732977 -79.686401 3.382278 -13.106662 133.996296 2.916339 29.550484 -28.700459 nan nan nan 1.551144 2.711200 79.601549 -1.499415 -2.324961 -4.320600 4.692787 -1.920788 -12.338917 -7.107886 7.784348 -32.754021 13.816398 -7.418557 -23.802011 -16.962029 -40.086389 -4.273105 -35.289405 -23.914997 -4.075130 -7.372401 -27.800345 23.043144 18.150984 -11.107924 -3.025628 20.563118 38.196165 3.868006 34.289080 32.018705 -9.673007 9.276187 25.905783 21.909263 -15.186593 12.869084 8.176178 
-30.867556 16.160826 45.101074 177.403273 -0.851842 90.049752 37.030104 42.969872 -73.917456 -4.457713 18.606045 129.552871 -7.428704 -16.694403 -31.916508 nan nan nan -26.743229 -46.680388 -80.036697 3.398333 -13.136729 134.043132 2.867254 29.457058 -28.757478 nan nan nan 1.212119 2.900333 79.443572 -1.458097 -2.153058 -4.329219 4.786047 -1.826435 -12.277168 -7.159608 7.754210 -32.704962 13.903646 -7.416730 -23.828867 -17.001349 -40.092826 -4.209985 -35.200277 -24.055907 -4.151589 -7.928400 -27.715723 22.563270 18.026997 -10.968280 -3.689847 20.695624 38.130555 4.032053 34.306475 31.958297 -9.638313 9.037324 26.315247 21.609666 -14.673165 12.747314 8.520347 
-30.859165 16.142796 45.097191 177.348097 -0.855850 90.077902 37.044795 43.007954 -73.912571 -4.469312 18.618581 129.545925 -7.396649 -16.657882 -31.923149 nan nan nan -26.634693 -46.643458 -80.183614 3.408051 -13.148247 134.046039 2.895422 29.417069 -28.698474 nan nan nan 1.031949 3.002467 79.357742 -1.422207 -2.050582 -4.301475 4.841794 -1.768531 -12.234997 -7.184972 7.801585 -32.742594 13.903757 -7.476258 -23.787592 -16.914698 -40.040367 -4.229640 -35.239048 -24.143816 -4.152067 -7.952149 -27.718712 22.519348 17.980090 -10.890402 -3.877092 20.691101 38.063309 4.042139 34.334819 31.977796 -9.620734 8.968665 26.458614 21.585058 -14.481970 12.714173 8.459972 
-30.845387 16.123800 45.105625 177.251113 -0.839458 90.157564 37.019103 43.067166 -74.004292 -4.449576 18.624964 129.533462 -7.408992 -16.483492 -31.860157 nan nan nan -26.434591 -46.510833 -80.421313 3.364514 -13.169632 134.045418 2.881367 29.249826 -28.650150 nan nan nan 0.718642 3.148677 79.247677 -1.376594 -1.847201 -4.227471 4.940280 -1.618105 -12.287987 -7.254198 7.832275 -32.632324 13.936777 -7.526419 -23.821768 -16.866354 -39.972462 -4.194637 -35.229320 -24.144076 -4.063322 -8.216175 -27.923073 22.500499 16.722350 -10.316714 -5.047539 20.836914 37.989403 4.239877 34.112773 31.948520 -9.726428 8.963568 26.747073 21.458290 -14.000238 12.535314 8.257657 
-30.861221 16.095201 45.156368 177.338480 -0.832857 90.290142 36.748992 42.980210 -74.269877 -4.322999 18.536347 129.541220 -7.473914 -16.454180 -31.888966 nan nan nan -26.479724 -46.556895 -80.347340 3.246842 -13.173535 133.996911 2.928450 29.381794 -28.681709 nan nan nan 0.762323 3.065932 79.135756 -1.342907 -1.849748 -4.066540 4.942417 -1.647751 -12.548801 -7.215088 7.978660 -32.456321 13.777543 -7.619736 -23.838217 -16.995718 -40.172966 -3.859534 -34.946738 -23.785711 -4.225012 -7.070099 -28.402672 23.492145 15.480239 -10.967242 -3.307718 20.948168 38.140600 4.484409 33.932255 31.786161 -10.149367 9.013794 26.850739 21.705564 -13.691154 12.900859 7.341058 
-30.902250 16.106840 45.191921 177.417022 -0.780422 90.207042 36.927294 42.794929 -74.045538 -3.927698 18.274099 129.660350 -7.756362 -17.132595 -31.923289 nan nan nan -26.950661 -46.589091 -79.754490 2.797918 -12.904347 133.992504 2.876741 30.101390 -28.753647 nan nan nan 1.255089 2.777917 79.388214 -1.453527 -2.074223 -4.086512 4.779487 -1.820602 -12.835463 -7.229950 8.394031 -32.068964 13.668199 -7.933894 -24.052416 -17.401578 -40.324164 -3.318647 -34.420959 -23.755476 -5.172423 -6.746208 -28.725538 23.474522 6.233645 -12.714609 -4.331501 21.069865 38.103150 4.980390 33.839119 31.953929 -10.483950 8.806694 26.915252 22.103978 -12.507783 12.856716 6.729177 
-30.939329 16.120960 45.170479 177.484789 -0.772537 90.054930 36.814905 42.700246 -74.114599 -4.084638 18.302401 129.691164 -7.559708 -16.840022 -31.932688 nan nan nan -26.982619 -46.717166 -79.672793 3.040990 -12.972888 133.959366 2.873850 29.880791 -28.696485 nan nan nan 1.503923 2.713732 79.487895 -1.411360 -2.211017 -4.177965 4.764243 -1.859423 -12.538269 -7.245067 8.111425 -32.328329 13.649354 -7.669494 -23.969127 -16.876786 -40.239280 -3.810216 -35.165100 -23.678921 -4.376288 -6.314573 -28.711932 23.631740 13.065521 -11.725103 -3.205140 20.684693 38.159881 4.410323 34.048050 31.865658 -10.254623 9.112860 26.583300 22.279514 -14.227592 12.927854 7.758854 
-30.957060 16.120562 45.157791 177.449187 -0.768242 89.990498 36.816705 42.715525 -74.106103 -4.149603 18.329882 129.713237 -7.467488 -16.633314 -31.935061 nan nan nan -26.882253 -46.716593 -79.745347 3.149998 -13.001737 133.967170 2.877620 29.660235 -28.625715 nan nan nan 1.573005 2.705464 79.539568 -1.425731 -2.225236 -4.238074 4.766993 -1.873020 -12.391270 -7.275773 7.919935 -32.375917 13.663519 -7.526050 -23.993040 -16.575076 -40.097426 -4.164092 -35.571951 -23.761689 -4.058509 -6.230731 -28.393194 23.611523 15.040067 -10.444157 -3.453859 20.471892 38.085666 4.113166 34.230339 31.912017 -10.044995 9.198941 26.490552 22.423512 -14.710516 12.617052 8.295755 
-30.957874 16.128277 45.149673 177.407921 -0.764099 89.977642 36.892143 42.736422 -74.045684 -4.129966 18.301899 129.703747 -7.606347 -16.708986 -31.915873 nan nan nan -26.887705 -46.669405 -79.760944 3.151968 -12.984991 133.962479 2.983295 29.719923 -28.526765 nan nan nan 1.635946 2.669395 79.613966 -1.476932 -2.251892 -4.255031 4.712803 -1.922158 -12.443019 -7.206764 8.029477 -32.404734 13.598704 -7.533631 -23.946690 -16.761576 -40.114800 -4.022893 -35.281262 -23.799407 -4.139948 -6.391596 -28.447492 24.032998 14.658227 -11.290543 -3.133826 20.472376 38.109271 4.133153 34.156068 31.949681 -9.976351 9.287244 26.460926 22.539503 -14.754424 12.820770 7.677826 
-30.963736 16.169641 45.157650 177.363320 -0.690583 89.855995 37.023665 42.747187 -73.945795 -4.099713 18.115182 129.760123 -7.765995 -16.806723 -31.790138 nan nan nan -26.925853 -46.579181 -79.568790 3.002213 -12.776995 133.978439 2.755354 29.902681 -28.654237 nan nan nan 1.671537 2.611122 79.773070 -1.551219 -2.170386 -4.241541 4.710098 -1.845770 -12.603225 -7.290945 8.037803 -31.812121 13.666764 -7.597089 -24.476231 -16.638079 -39.900719 -4.045885 -35.528366 -23.964120 -4.220492 -6.126753 -28.376716 23.451298 4.919582 -7.692014 -8.377148 20.512647 37.909374 4.444350 34.118035 32.169807 -9.972823 8.936291 26.653403 22.498761 -12.715103 11.726400 7.346542 
-30.962072 16.167004 45.141613 177.402679 -0.716471 89.919417 36.878313 42.716467 -74.075584 -4.182556 18.216998 129.726115 -7.702222 -16.644539 -31.910898 nan nan nan -26.926519 -46.629437 -79.684863 3.178208 -12.928592 133.956353 2.975458 29.809521 -28.561466 nan nan nan 1.687796 2.660060 79.682306 -1.473383 -2.272605 -4.231005 4.764231 -1.914433 -12.527236 -7.174298 7.985314 -32.093078 13.593349 -7.442985 -24.211566 -17.014456 -40.152218 -3.844847 -35.097515 -23.836679 -4.307599 -6.411008 -28.420926 23.688548 13.664047 -11.276243 -2.980371 20.540258 38.144213 4.241661 33.966186 32.019329 -10.120764 9.447443 26.193400 22.478067 -14.732894 13.017757 7.750535 
-30.967020 16.169657 45.138943 177.400169 -0.724011 89.916669 36.879479 42.705032 -74.066085 -4.189513 18.240673 129.725572 -7.670876 -16.614178 -31.909455 nan nan nan -26.905774 -46.643180 -79.714274 3.205540 -12.938980 133.957052 2.969363 29.759414 -28.555387 nan nan nan 1.697809 2.659168 79.675553 -1.466014 -2.287058 -4.215931 4.771571 -1.924243 -12.515161 -7.178692 7.937182 -32.099210 13.620077 -7.419475 -24.201111 -17.023019 -40.162164 -3.880631 -35.116841 -23.860068 -4.312345 -6.504187 -28.355829 23.575502 14.073290 -11.230358 -2.932098 20.562009 38.151882 4.237081 33.949826 32.013586 -10.126738 9.449420 26.184636 22.425389 -14.777313 12.968616 7.926967 
-30.981350 16.169437 45.129906 177.379693 -0.776674 89.913023 36.908688 42.676888 -74.002674 -4.230471 18.371547 129.715459 -7.524271 -16.478826 -31.915375 nan nan nan -26.777169 -46.708859 -79.897204 3.331586 -12.983978 133.937365 2.960884 29.524987 -28.497510 nan nan nan 1.704578 2.704106 79.642064 -1.443737 -2.310389 -4.220878 4.771002 -1.940108 -12.415789 -7.179815 7.765606 -32.207782 13.802053 -7.369955 -24.129146 -17.104128 -40.175999 -3.990594 -35.142012 -24.087026 -4.270450 -7.226600 -27.959595 22.741535 15.892926 -11.030208 -3.693444 20.750032 38.101797 4.259414 33.860415 31.947058 -9.997643 9.394045 26.395746 22.142304 -15.121286 12.809998 8.640756 
-30.972918 16.161337 45.123405 177.346222 -0.785497 89.921402 36.942586 42.701777 -73.966541 -4.273628 18.404786 129.693868 -7.486715 -16.470309 -31.936469 nan nan nan -26.738553 -46.666796 -79.969768 3.351356 -13.001486 133.940240 2.957623 29.480243 -28.498334 nan nan nan 1.623565 2.757630 79.634393 -1.436081 -2.272014 -4.243639 4.777753 -1.920285 -12.383875 -7.178492 7.782999 -32.212095 13.850015 -7.393390 -24.113197 -17.069533 -40.152656 -3.999345 -35.169735 -24.150090 -4.236789 -7.454913 -27.904783 22.608702 16.228607 -10.986195 -4.095882 20.785266 38.064462 4.282391 33.876107 31.961703 -9.945452 9.346381 26.462668 22.119183 -15.169546 12.778011 8.688113 
-30.926596 16.148298 45.084255 177.155532 -0.799004 89.983070 37.122273 42.879578 -73.812905 -4.356370 18.468526 129.656321 -7.440751 -16.459759 -32.031345 nan nan nan -26.623606 -46.423911 -80.239742 3.314174 -13.055421 134.009721 2.987608 29.453069 -28.545192 nan nan nan 1.167041 3.038951 79.506145 -1.399471 -2.034096 -4.263089 4.883079 -1.751306 -12.372383 -7.198211 7.953958 -32.051654 13.931319 -7.482822 -24.142534 -16.959488 -40.103363 -3.909999 -35.253290 -24.260655 -4.232285 -7.797963 -27.856961 22.298726 16.025118 -10.852643 -4.959432 20.895788 37.983112 4.487594 33.894318 32.035054 -9.937253 9.183435 26.603967 22.087205 -14.931023 12.683190 8.598912 
-30.901731 16.130203 45.076763 177.094818 -0.807779 90.092117 37.064015 42.961384 -73.908407 -4.347996 18.504826 129.638794 -7.385438 -16.290506 -32.024511 nan nan nan -26.523908 -46.346602 -80.456837 3.307834 -13.140489 134.013354 3.130292 29.355782 -28.482767 nan nan nan 0.826925 3.172575 79.349060 -1.352845 -1.841795 -4.280960 4.994267 -1.620333 -12.295233 -7.216403 7.908203 -32.044555 13.893440 -7.430338 -24.141631 -16.982737 -40.093371 -3.874708 -35.325992 -24.395875 -4.198059 -7.589375 -27.681119 22.084880 17.550658 -10.612848 -4.341586 20.893048 37.957780 4.465775 33.857543 32.032211 -9.927952 9.263059 26.599432 22.038566 -15.157131 12.876174 8.500227 
-30.903017 16.104403 45.109406 177.130336 -0.760832 90.227895 36.894438 42.968534 -74.163337 -4.312856 18.451429 129.602177 -7.471376 -16.324095 -31.975004 nan nan nan -26.536314 -46.332774 -80.444036 3.166217 -13.171020 133.977553 3.122805 29.425873 -28.472149 nan nan nan 0.677071 3.139379 79.196505 -1.312872 -1.714053 -4.177032 5.028099 -1.531760 -12.409899 -7.173636 8.016595 -31.952901 13.758120 -7.528330 -24.207952 -17.020639 -40.132679 -3.707285 -35.179888 -24.117071 -4.262758 -6.786253 -28.198935 23.135219 15.435940 -10.557316 -3.234743 20.947103 38.015922 4.666239 33.756462 32.014180 -10.260582 9.181987 26.642597 22.348057 -14.415234 12.860628 8.087040 
-30.930553 16.098047 45.149891 177.202787 -0.721371 90.224627 36.835123 42.881323 -74.227208 -4.277825 18.361850 129.630374 -7.614561 -16.510729 -31.963316 nan nan nan -26.679662 -46.394423 -80.176237 3.040193 -13.120278 133.932467 3.022041 29.608820 -28.562774 nan nan nan 0.860592 3.018782 79.222515 -1.329428 -1.765820 -4.108373 4.964524 -1.572298 -12.515091 -7.150145 8.147848 -31.849786 13.686674 -7.620753 -24.256274 -16.959654 -40.157656 -3.698330 -35.234549 -24.016584 -4.296299 -6.302707 -28.358969 23.297939 13.386698 -10.351440 -3.511876 20.953321 37.994754 4.687907 33.789705 31.996781 -10.349617 9.132086 26.660110 22.412804 -14.201273 12.819903 8.000052 
-30.976513 16.121044 45.165268 177.289250 -0.716594 90.073435 36.948318 42.732663 -74.038954 -4.202148 18.362625 129.697743 -7.633984 -16.565768 -32.029722 nan nan nan -26.835687 -46.500022 -79.879414 3.131786 -13.061478 133.867203 2.889674 29.717706 -28.621564 nan nan nan 1.326783 2.841557 79.453028 -1.353388 -2.026880 -4.146248 4.867407 -1.765110 -12.485373 -7.156768 8.110136 -32.073465 13.615781 -7.562454 -24.081261 -16.833031 -40.223246 -3.923313 -35.393801 -23.910438 -4.266982 -6.152457 -28.383889 23.477910 14.521623 -11.046555 -2.606300 20.753306 38.061477 4.393880 33.815089 31.838692 -10.262265 9.275875 26.738668 22.972262 -14.031918 12.711652 8.162258 
-31.002882 16.148615 45.173695 177.325848 -0.704011 89.943820 37.042134 42.670501 -73.902111 -4.171758 18.348357 129.745847 -7.708094 -16.597370 -31.949455 nan nan nan -26.882224 -46.575679 -79.726584 3.197489 -12.980771 133.854119 2.785305 29.755195 -28.602723 nan nan nan 1.666564 2.725472 79.639228 -1.378084 -2.212115 -4.150377 4.812168 -1.880923 -12.502218 -7.167276 7.925116 -32.067885 13.653973 -7.472019 -24.111840 -16.785847 -40.224813 -4.077578 -35.482805 -23.804969 -4.306681 -6.111342 -28.371313 23.447902 12.782108 -10.303798 -3.609011 20.662681 38.095022 4.342872 33.671781 31.732671 -10.244739 9.304196 27.024062 23.505984 -12.877456 12.019327 8.100680 
-30.996809 16.149233 45.173622 177.316897 -0.697078 89.949830 36.963423 42.682677 -73.945795 -4.158649 18.287168 129.741212 -7.649092 -16.548768 -31.986297 nan nan nan -26.853665 -46.579398 -79.784020 3.195482 -12.963061 133.891942 2.974294 29.745991 -28.443781 nan nan nan 1.754051 2.702494 79.676338 -1.403532 -2.261144 -4.213459 4.779578 -1.948720 -12.438237 -7.085104 7.879633 -32.195447 13.637816 -7.422600 -24.028346 -16.908646 -40.212359 -4.015347 -35.317789 -23.749220 -4.365717 -6.200148 -28.523386 23.628405 14.038294 -10.822031 -2.777269 20.639462 38.128127 4.240246 33.849476 31.786734 -10.258924 9.264113 26.898958 22.912778 -13.357046 12.435562 7.902216 
-30.991407 16.146545 45.177273 177.294373 -0.728112 89.952540 36.876797 42.679142 -73.947048 -4.143964 18.253167 129.734157 -7.585170 -16.519225 -32.064215 nan nan nan -26.738369 -46.576403 -79.913628 3.244215 -12.930205 133.901370 3.093050 29.686330 -28.377241 nan nan nan 1.766096 2.702846 79.700143 -1.427704 -2.277939 -4.260591 4.765122 -1.986856 -12.381733 -7.063075 7.835856 -32.256240 13.633904 -7.358243 -23.988204 -16.958758 -40.226347 -3.969678 -35.203428 -23.758577 -4.441672 -6.357301 -28.550811 23.763186 15.640152 -11.516566 -1.928363 20.584407 38.163606 4.130713 34.076366 31.832494 -10.272720 9.186671 26.706574 22.353697 -14.069211 12.965807 7.948351 
-30.991575 16.151825 45.174664 177.277419 -0.747023 89.951725 36.864468 42.698789 -73.943168 -4.138258 18.245011 129.745687 -7.611638 -16.529907 -32.061025 nan nan nan -26.580065 -46.592693 -80.046146 3.292491 -12.869493 133.880934 3.027102 29.598528 -28.416804 nan nan nan 1.758230 2.675872 79.705875 -1.457564 -2.259494 -4.280372 4.749032 -1.978499 -12.355211 -7.106443 7.798360 -32.267506 13.645353 -7.383763 -23.980430 -16.924532 -40.171790 -3.996924 -35.214005 -23.808907 -4.472846 -6.477594 -28.536819 23.719896 14.687796 -11.035537 -2.713077 20.539263 38.107438 4.131156 34.113131 31.890582 -10.255462 9.160817 26.738056 22.278969 -14.133808 12.887745 7.845673 
-30.989077 16.161119 45.174721 177.272238 -0.773136 89.931266 36.889186 42.723213 -73.924299 -4.200605 18.276071 129.727098 -7.653286 -16.547096 -31.952068 nan nan nan -26.465763 -46.641165 -80.173593 3.357436 -12.831472 133.889443 2.982698 29.498720 -28.350403 nan nan nan 1.766415 2.658983 79.739280 -1.489478 -2.267308 -4.290846 4.750185 -1.975897 -12.368102 -7.172462 7.683169 -32.187671 13.779611 -7.372656 -24.053945 -16.860874 -40.146263 -4.080029 -35.266098 -23.837795 -4.453169 -6.810999 -28.449870 23.392793 13.687939 -10.166713 -3.956938 20.561454 38.114529 4.185052 34.107925 31.915871 -10.223864 9.120703 26.684573 22.065351 -14.174533 12.631142 8.276722 
-30.995817 16.153847 45.180901 177.322863 -0.789321 89.915801 36.788770 42.659070 -74.025633 -4.336595 18.357094 129.678265 -7.543193 -16.342992 -31.890472 nan nan nan -26.418563 -46.718049 -80.207492 3.507270 -12.889602 133.857153 3.005649 29.371263 -28.321367 nan nan nan 1.788876 2.685722 79.777678 -1.457892 -2.292989 -4.398491 4.786655 -1.935048 -12.219100 -7.218907 7.482874 -32.235432 13.896480 -7.256213 -24.063327 -16.607507 -40.121935 -4.356071 -35.718009 -24.043950 -4.094144 -7.022853 -28.036675 22.639118 16.441561 -9.209109 -4.642049 20.413949 38.072928 3.939790 34.156645 31.879183 -10.032091 9.262662 26.599721 21.917977 -14.794757 12.515231 8.854749 
-30.996593 16.135960 45.200111 177.343185 -0.782741 89.991602 36.786033 42.625083 -74.039910 -4.311500 18.428553 129.631387 -7.513085 -16.343092 -31.967578 nan nan nan -26.390077 -46.709099 -80.245834 3.489688 -12.933652 133.778873 2.937387 29.372601 -28.429509 nan nan nan 1.772009 2.700106 79.754451 -1.434095 -2.327585 -4.409669 4.787861 -1.895339 -12.238866 -7.244747 7.640528 -32.246568 13.909085 -7.258866 -24.073886 -16.705379 -40.194670 -4.279765 -35.562454 -24.154715 -4.068771 -7.587189 -27.978992 22.394438 16.097261 -9.437695 -5.474690 20.603876 38.060268 4.108329 33.882813 31.892263 -10.034105 9.333552 26.695437 21.998916 -14.608785 12.524151 8.811409 
-30.977278 16.108589 45.230549 177.368114 -0.781873 90.143317 36.650542 42.632790 -74.177420 -4.209463 18.408145 129.576954 -7.480935 -16.400205 -32.086579 nan nan nan -26.333923 -46.716043 -80.328911 3.374607 -12.954282 133.721204 2.855234 29.396236 -28.563618 nan nan nan 1.742235 2.695549 79.713078 -1.428565 -2.341946 -4.499684 4.782923 -1.884239 -12.263066 -7.259135 7.871781 -32.299089 13.834179 -7.420182 -24.047370 -16.909076 -40.309287 -4.038139 -35.224950 -24.158755 -4.281053 -7.320674 -27.956868 22.658452 16.638165 -10.728514 -3.857105 20.753524 38.091392 4.212891 33.744829 31.898496 -10.195215 9.383126 26.595745 22.215307 -14.650489 12.823669 8.456617 
-30.960430 16.103584 45.248856 177.341919 -0.758245 90.190782 36.681246 42.683388 -74.192938 -4.142544 18.338069 129.573188 -7.518779 -16.478488 -32.000537 nan nan nan -26.348124 -46.666732 -80.299080 3.254281 -12.935121 133.737424 2.871858 29.520564 -28.547677 nan nan nan 1.572148 2.719217 79.674153 -1.419839 -2.197934 -4.497441 4.792061 -1.806159 -12.300190 -7.280652 8.024819 -32.282097 13.758916 -7.581512 -24.072710 -16.749743 -40.217262 -4.029920 -35.323074 -24.069641 -4.193180 -6.699369 -28.281285 23.086711 14.107116 -10.168916 -3.987164 20.733084 37.997341 4.236773 33.921264 31.955816 -10.246895 9.120159 26.719276 22.157255 -13.975564 12.573217 8.060013 
-30.923477 16.107950 45.209293 177.195438 -0.778394 90.201574 36.777480 42.845466 -74.100246 -4.161911 18.306101 129.604052 -7.557857 -16.511504 -31.956907 nan nan nan -26.287504 -46.524172 -80.477536 3.214888 -12.943835 133.849018 2.955348 29.488781 -28.419231 nan nan nan 1.206432 2.884124 79.593647 -1.426389 -1.982951 -4.529458 4.853324 -1.762508 -12.240520 -7.163762 8.085270 -32.365041 13.670613 -7.626785 -23.875739 -16.811739 -40.112836 -3.922826 -35.265027 -24.018181 -4.245581 -6.294105 -28.555861 23.571984 14.514117 -10.726138 -2.941327 20.696451 37.960281 4.220177 34.130440 32.015772 -10.196557 9.032450 26.738003 22.110472 -14.262360 12.855094 7.625147 
-30.910513 16.099634 45.194088 177.132520 -0.834790 90.270632 36.785615 42.936962 -74.085941 -4.163005 18.358873 129.634386 -7.498657 -16.488355 -31.996997 nan nan nan -26.238802 -46.471833 -80.660256 3.211007 -12.957347 133.902628 2.984246 29.447086 -28.400152 nan nan nan 0.753388 3.032916 79.330053 -1.365875 -1.724387 -4.396959 4.957597 -1.683966 -12.193347 -7.055271 8.092030 -32.352766 13.599457 -7.595153 -23.839232 -16.811826 -39.907742 -3.952509 -35.286830 -24.131213 -4.242479 -6.418138 -28.514899 23.683137 13.058377 -10.259956 -3.750596 20.772478 37.819495 4.313392 34.120205 32.187144 -10.046438 8.931998 26.756627 22.126303 -14.028602 12.769761 7.731578 
-30.910759 16.088268 45.195412 177.124624 -0.827152 90.355965 36.692501 42.952430 -74.202992 -4.191758 18.359329 129.592761 -7.437166 -16.438811 -32.074762 nan nan nan -26.168476 -46.455136 -80.773255 3.236615 -13.003754 133.885893 3.080552 29.414266 -28.388077 nan nan nan 0.595741 3.063164 79.234138 -1.325843 -1.628675 -4.433816 4.991018 -1.660566 -12.101133 -6.988938 8.070614 -32.527232 13.528863 -7.566475 -23.718439 -16.935707 -39.867272 -3.936738 -35.164218 -24.163617 -4.183397 -6.457040 -28.574211 23.899472 14.704357 -11.018030 -2.691951 20.830788 37.859536 4.329726 33.956264 32.154910 -9.980194 9.091192 26.732752 22.274750 -14.582516 13.156466 7.922956 
-30.946909 16.089136 45.232258 177.204622 -0.755693 90.361857 36.696974 42.899172 -74.267676 -4.136480 18.345382 129.613159 -7.441967 -16.463170 -32.053662 nan nan nan -26.155186 -46.550879 -80.648872 3.257958 -12.999549 133.815262 3.104796 29.449706 -28.335435 nan nan nan 0.760001 2.895380 79.229007 -1.330574 -1.666923 -4.381308 4.939271 -1.649267 -12.125102 -7.052404 7.974453 -32.459881 13.556305 -7.529382 -23.823494 -17.007476 -39.813634 -3.933340 -35.177346 -24.194560 -4.217227 -6.494899 -28.514251 23.769819 13.383637 -10.293547 -3.692642 20.852591 37.854460 4.419923 33.844910 32.173882 -10.009851 9.100717 26.763913 22.481537 -14.239069 12.875758 8.195314 
-30.992268 16.104263 45.271233 177.326611 -0.759132 90.260119 36.615329 42.744365 -74.240758 -4.089199 18.330401 129.635475 -7.484033 -16.509427 -32.099774 nan nan nan -26.336335 -46.689960 -80.348735 3.310656 -12.961432 133.741826 3.137914 29.533985 -28.307648 nan nan nan 1.284812 2.686920 79.484087 -1.375519 -1.992263 -4.392583 4.800872 -1.804725 -12.206952 -7.041476 7.960488 -32.580753 13.564043 -7.537246 -23.699570 -16.979871 -39.978371 -3.973680 -35.205089 -24.074989 -4.252284 -6.363390 -28.607698 23.945274 15.012724 -11.193808 -2.753988 20.749197 37.959720 4.267236 33.908613 32.058665 -10.166037 9.176001 26.714164 22.454055 -14.620887 13.153212 8.037515 
-31.014339 16.122990 45.297352 177.380474 -0.739806 90.124944 36.632601 42.637844 -74.185575 -4.092911 18.260329 129.639960 -7.592332 -16.530498 -31.956064 nan nan nan -26.473340 -46.738469 -80.084634 3.302632 -12.890361 133.703494 3.048644 29.619417 -28.317397 nan nan nan 1.651241 2.571011 79.749681 -1.420337 -2.198273 -4.447337 4.735542 -1.881041 -12.243010 -7.087530 7.881606 -32.531249 13.600077 -7.489704 -23.750792 -16.729645 -39.994181 -4.176406 -35.461137 -24.037106 -4.287212 -6.304824 -28.561969 23.810177 13.152319 -10.218625 -3.922909 20.524825 37.943139 4.141500 34.077713 32.039787 -10.238340 9.042898 26.880024 22.285680 -13.999115 12.787288 7.769357 
-31.021151 16.115423 45.314377 177.403690 -0.735558 90.128916 36.575044 42.620779 -74.250825 -4.155923 18.300913 129.591895 -7.552503 -16.399355 -31.877969 nan nan nan -26.429601 -46.740824 -80.090223 3.374923 -12.935674 133.630310 2.994316 29.496188 -28.385028 nan nan nan 1.710779 2.571848 79.802352 -1.409740 -2.239162 -4.587539 4.739324 -1.870284 -12.094007 -7.102136 7.743239 -32.632591 13.616351 -7.402258 -23.706374 -16.601032 -39.984974 -4.326874 -35.645913 -24.150343 -4.019093 -6.340526 -28.408505 23.542922 15.645286 -10.051316 -3.727058 20.395890 37.964842 3.937985 34.097935 31.972469 -10.101265 9.161808 26.811839 22.168211 -14.556713 12.929307 7.888910 
-31.017042 16.106495 45.322212 177.397875 -0.738311 90.226104 36.610942 42.641899 -74.258539 -4.141012 18.375092 129.546894 -7.542749 -16.430102 -31.925209 nan nan nan -26.353645 -46.736980 -80.223657 3.349395 -12.968286 133.604085 2.993717 29.486313 -28.401932 nan nan nan 1.705139 2.583265 79.784725 -1.422066 -2.278861 -4.698735 4.718208 -1.827884 -12.064890 -7.131479 7.688120 -32.594069 13.713915 -7.460578 -23.727885 -16.633068 -39.978476 -4.387838 -35.655876 -24.388851 -3.925054 -6.964816 -28.034877 22.961979 16.397648 -10.305752 -4.322310 20.489638 37.932707 3.946400 34.008259 31.981363 -9.974018 9.231606 26.746300 22.050681 -14.635017 12.922044 8.120920 
-31.013313 16.104326 45.327549 177.392237 -0.730033 90.245772 36.617756 42.651414 -74.253002 -4.144516 18.394148 129.530609 -7.510849 -16.422613 -31.952428 nan nan nan -26.303535 -46.735942 -80.279884 3.357558 -12.980581 133.596739 2.988621 29.448034 -28.395690 nan nan nan 1.696607 2.594487 79.781180 -1.422236 -2.281895 -4.719901 4.719075 -1.822488 -12.038787 -7.153712 7.662162 -32.613080 13.741232 -7.469087 -23.718077 -16.609697 -39.985744 -4.397635 -35.683226 -24.455026 -3.895806 -7.116861 -27.957699 22.796164 16.957360 -10.394963 -4.403930 20.487024 37.941641 3.933649 33.985521 31.967194 -9.940788 9.261063 26.749016 22.022778 -14.651884 12.949038 8.128155 
-30.997850 16.096416 45.337955 177.369044 -0.728461 90.292676 36.616712 42.701800 -74.217654 -4.146954 18.445855 129.474732 -7.373993 -16.405598 -32.048285 nan nan nan -26.183493 -46.733884 -80.420762 3.409975 -13.029065 133.593698 3.010892 29.315560 -28.391517 nan nan nan 1.683017 2.645314 79.807774 -1.405081 -2.278430 -4.837405 4.726525 -1.823117 -11.945606 -7.187309 7.601454 -32.747713 13.803679 -7.444401 -23.607531 -16.537494 -39.961347 -4.430831 -35.764422 -24.615716 -3.849775 -7.376784 -27.715350 22.605093 20.083707 -11.112477 -3.754943 20.439789 37.963472 3.773718 34.029082 31.867972 -9.835077 9.376970 26.757147 22.004514 -14.831943 13.298980 7.949177 
-30.994192 16.095798 45.357239 177.345865 -0.705976 90.299228 36.639848 42.735438 -74.208253 -4.146676 18.438341 129.444784 -7.420625 -16.402536 -31.969858 nan nan nan -26.160963 -46.701181 -80.385507 3.381620 -12.996366 133.575843 3.042815 29.321389 -28.320382 nan nan nan 1.736487 2.623476 79.858789 -1.440248 -2.277372 -4.771147 4.717423 -1.843958 -12.078214 -7.208626 7.542477 -32.593943 13.883238 -7.371811 -23.660291 -16.549572 -40.030685 -4.344930 -35.694163 -24.477331 -4.056874 -7.548466 -27.918305 22.663478 19.119535 -10.890624 -4.352913 20.339783 37.990321 3.815149 34.121177 31.816688 -9.951357 9.300323 26.988307 21.928974 -14.635626 13.234207 7.579812 
-30.993076 16.108429 45.364006 177.355963 -0.699928 90.261675 36.570649 42.739263 -74.260679 -4.153808 18.342644 129.480271 -7.514395 -16.447851 -31.873168 nan nan nan -26.236434 -46.702589 -80.294356 3.346271 -12.932654 133.584010 3.122974 29.447777 -28.224410 nan nan nan 1.769525 2.606084 79.884813 -1.442226 -2.266822 -4.668290 4.709293 -1.878630 -12.154310 -7.152958 7.644320 -32.557110 13.773135 -7.353262 -23.617292 -16.463994 -40.044752 -4.305406 -35.684417 -24.168190 -4.066015 -6.618215 -28.389719 23.770455 17.641608 -10.691301 -3.162407 20.217448 38.014184 3.824789 34.245890 31.822034 -10.210756 9.211954 27.043714 22.058186 -14.658283 13.309084 7.208946 
-30.972946 16.104330 45.356796 177.302445 -0.711114 90.305407 36.580243 42.794362 -74.266515 -4.116966 18.296211 129.499842 -7.551157 -16.531279 -31.847516 nan nan nan -26.185053 -46.650953 -80.422054 3.278013 -12.872543 133.613944 3.117614 29.507833 -28.228156 nan nan nan 1.554742 2.673010 79.817801 -1.440012 -2.161105 -4.691181 4.768877 -1.858939 -12.126738 -7.116720 7.779333 -32.487913 13.666234 -7.354174 -23.564462 -16.575948 -39.954172 -4.204137 -35.506540 -24.141810 -4.213677 -6.324967 -28.616098 24.070863 15.335623 -10.808545 -3.071712 20.269839 37.957778 3.959238 34.254372 32.012188 -10.281004 9.131407 26.964020 22.088894 -14.245542 13.202674 7.231620 
-30.952784 16.099165 45.353119 177.251084 -0.717109 90.335794 36.600382 42.850944 -74.261625 -4.144650 18.305204 129.478334 -7.558836 -16.526654 -31.821268 nan nan nan -26.118693 -46.589137 -80.526463 3.260752 -12.883167 133.629259 3.114387 29.479792 -28.222939 nan nan nan 1.394518 2.749242 79.773574 -1.435325 -2.077257 -4.693865 4.795031 -1.808427 -12.092674 -7.122691 7.830615 -32.488745 13.666800 -7.392293 -23.559807 -16.590225 -39.916038 -4.192870 -35.469048 -24.171777 -4.192892 -6.347267 -28.626876 24.012011 14.914576 -10.746664 -3.230754 20.305118 37.932381 3.984111 34.263190 32.079784 -10.238925 9.059026 26.921163 22.036383 -14.095958 13.079322 7.348283 
-30.913479 16.082748 45.357048 177.112657 -0.718992 90.427811 36.593243 43.029995 -74.293266 -4.253809 18.316629 129.387563 -7.586621 -16.495115 -31.743445 nan nan nan -25.925488 -46.414199 -80.790895 3.201671 -12.904605 133.659138 3.103226 29.441487 -28.197248 nan nan nan 0.969136 2.939582 79.708326 -1.435382 -1.846358 -4.749710 4.882130 -1.640752 -12.091739 -7.149518 7.879698 -32.340053 13.753632 -7.499257 -23.666756 -16.520978 -39.850482 -4.224960 -35.487642 -24.206762 -4.162062 -6.411502 -28.594264 23.882066 13.668183 -10.314240 -3.817157 20.340186 37.886325 4.050604 34.315576 32.194652 -10.224689 8.892036 26.862809 21.974540 -13.664693 12.704510 7.577972 
-30.911472 16.060617 45.369267 177.119902 -0.731290 90.585317 36.446961 43.049152 -74.457994 -4.216620 18.360581 129.338746 -7.546647 -16.423636 -31.793871 nan nan nan -25.827102 -46.421772 -80.958992 3.163995 -12.952980 133.616534 3.103183 29.427071 -28.209545 nan nan nan 0.772245 2.989336 79.548806 -1.394991 -1.757777 -4.730844 4.944061 -1.559208 -12.117371 -7.129717 7.856963 -32.206363 13.777689 -7.520886 -23.777188 -16.602762 -39.923670 -4.070153 -35.369049 -24.235357 -4.218580 -6.341449 -28.657512 23.795339 13.808480 -10.526382 -3.409621 20.431266 37.914275 4.188819 34.139361 32.152222 -10.341479 8.956073 26.951975 21.959826 -13.694130 12.918129 7.417883 
-30.939859 16.048405 45.380341 177.216382 -0.734896 90.639571 36.364035 42.959778 -74.559467 -4.143861 18.413128 129.362765 -7.445927 -16.374036 -31.891365 nan nan nan -25.797109 -46.553711 -80.974013 3.209606 -12.973261 133.577423 3.096964 29.381797 -28.248464 nan nan nan 0.799384 2.943859 79.413646 -1.334364 -1.784768 -4.637833 4.961051 -1.541756 -12.096065 -7.123972 7.849543 -32.171478 13.762785 -7.488717 -23.846344 -16.582546 -39.962928 -4.073288 -35.222655 -24.319129 -4.244246 -6.613294 -28.553072 23.957006 14.730407 -10.816804 -2.936872 20.470801 37.903397 4.219045 33.958261 32.128593 -10.360389 9.085049 26.926745 22.142576 -14.086500 13.128010 7.626144 
-30.990164 16.065638 45.399330 177.359316 -0.728080 90.518181 36.426649 42.758844 -74.470900 -4.105314 18.400259 129.403554 -7.380355 -16.508022 -31.946026 nan nan nan -25.921647 -46.716017 -80.722220 3.268659 -12.909684 133.532303 3.136116 29.344288 -28.245264 nan nan nan 1.246720 2.713513 79.577701 -1.363813 -2.052965 -4.665756 4.840691 -1.660171 -12.066189 -7.111087 7.761551 -32.194779 13.747192 -7.366950 -23.794352 -16.435904 -40.001568 -4.287600 -35.242338 -24.321875 -4.217131 -6.909738 -28.338258 24.151781 15.465282 -10.946438 -2.560559 20.323493 37.942218 4.074485 34.080744 32.070009 -10.285545 9.110514 26.841606 22.208545 -14.421310 13.019488 8.234334 
-31.014084 16.088343 45.411625 177.405563 -0.706682 90.423899 36.522585 42.655782 -74.342544 -4.034605 18.359819 129.436194 -7.388964 -16.601762 -31.980732 nan nan nan -26.027321 -46.769551 -80.515439 3.260886 -12.854152 133.508339 3.087693 29.396177 -28.294213 nan nan nan 1.574084 2.549774 79.813213 -1.434076 -2.271648 -4.895251 4.733699 -1.731212 -11.983157 -7.121520 7.653677 -32.102818 13.831024 -7.286191 -23.791451 -16.495794 -40.049280 -4.305089 -35.367628 -24.332085 -4.212231 -6.927581 -28.182525 23.774800 15.759755 -10.916418 -2.722800 20.277411 38.029748 4.060651 34.121530 32.001097 -10.364151 9.140959 26.788192 22.056280 -14.474246 12.995719 8.308959 
-31.012131 16.101818 45.416286 177.386690 -0.707229 90.391307 36.619655 42.671205 -74.221805 -3.998649 18.412947 129.444382 -7.401007 -16.556863 -31.946210 nan nan nan -26.004028 -46.779160 -80.531068 3.327930 -12.868772 133.468041 3.045524 29.386283 -28.277728 nan nan nan 1.624409 2.541478 79.932213 -1.460337 -2.343532 -5.048395 4.728723 -1.758949 -11.912891 -7.131347 7.540735 -32.139023 13.922977 -7.187169 -23.765905 -16.635193 -40.033330 -4.331811 -35.405976 -24.423016 -4.186567 -7.333521 -27.895746 23.208254 17.407175 -11.021316 -3.360326 20.356301 38.090268 4.090196 34.013343 31.942673 -10.334552 9.280563 26.830090 21.828758 -14.891846 13.220748 8.154305 
-31.023954 16.104408 45.416569 177.392800 -0.717329 90.361776 36.606610 42.676946 -74.228116 -4.067547 18.485144 129.443242 -7.396002 -16.445688 -31.877702 nan nan nan -25.978434 -46.807633 -80.551885 3.433538 -12.915919 133.427268 2.985418 29.254676 -28.329110 nan nan nan 1.620309 2.534274 79.966682 -1.450319 -2.358452 -5.088295 4.729911 -1.764562 -11.791558 -7.176953 7.453784 -32.355509 13.937709 -7.137053 -23.641376 -16.494945 -39.994041 -4.462705 -35.517575 -24.531413 -4.068206 -7.691794 -27.720455 22.820396 19.571380 -11.220121 -3.985421 20.223959 38.091924 3.931131 34.037572 31.971899 -10.211218 9.396657 26.824134 21.664616 -15.227363 13.485910 8.063474 
-31.034060 16.103025 45.413799 177.395026 -0.713653 90.377848 36.568660 42.685649 -74.298506 -4.160088 18.515685 129.427164 -7.401677 -16.430209 -31.832918 nan nan nan -25.949370 -46.817054 -80.568236 3.438510 -12.914488 133.447563 2.884735 29.187416 -28.379568 nan nan nan 1.644957 2.521673 79.953849 -1.449261 -2.374063 -5.031939 4.722403 -1.763403 -11.823272 -7.248662 7.435311 -32.361383 13.963882 -7.167015 -23.637596 -16.280860 -39.906428 -4.653186 -35.742789 -24.492554 -4.038178 -7.900726 -27.681472 22.834448 18.492003 -10.542088 -5.151810 20.167531 38.011488 3.883071 34.166411 32.075179 -10.187248 9.272236 26.764218 21.843581 -14.642901 13.097468 8.483677 
-31.038918 16.095230 45.416870 177.375665 -0.698816 90.388967 36.506233 42.720101 -74.358933 -4.214448 18.533357 129.406237 -7.353468 -16.296220 -31.855243 nan nan nan -25.878705 -46.791619 -80.620097 3.472875 -12.926581 133.454252 2.933129 29.136942 -28.304964 nan nan nan 1.649534 2.575545 79.922804 -1.436395 -2.345548 -4.936816 4.766442 -1.770560 -11.828471 -7.266427 7.353833 -32.415112 13.974007 -7.118081 -23.618642 -16.108780 -39.893536 -4.829960 -35.966742 -24.384747 -3.969860 -7.621071 -27.805462 22.720470 18.358852 -9.270057 -5.351431 20.043588 37.987123 3.679597 34.312252 32.056016 -10.102608 9.229637 26.771234 21.869511 -14.304490 12.685978 8.860866 
-31.026810 16.085497 45.434780 177.381904 -0.721484 90.482051 36.459974 42.684406 -74.354755 -4.062147 18.508958 129.365952 -7.387199 -16.404141 -32.022441 nan nan nan -25.955751 -46.786033 -80.607846 3.363315 -12.899708 133.418855 3.183914 29.339330 -28.162489 nan nan nan 1.643447 2.628130 79.875145 -1.433664 -2.352060 -4.818472 4.820685 -1.866947 -11.967579 -7.148528 7.452366 -32.479162 13.882245 -7.097185 -23.548815 -16.539535 -40.194383 -4.424868 -35.407210 -24.134375 -4.416563 -7.446948 -28.493996 22.929802 17.012198 -10.773281 -3.907691 20.110983 38.134555 3.770227 34.198036 31.935492 -10.282373 9.276070 26.911549 21.866103 -13.557975 12.778644 8.838245 
-31.026369 16.075336 45.467865 177.410841 -0.671160 90.541500 36.402251 42.647813 -74.456755 -4.009861 18.442927 129.330812 -7.334996 -16.417895 -32.023014 nan nan nan -25.944202 -46.802734 -80.543848 3.295794 -12.927094 133.371706 3.105441 29.382381 -28.167956 nan nan nan 1.661576 2.593070 79.903748 -1.423655 -2.322735 -4.886340 4.814564 -1.859583 -11.995533 -7.135190 7.522117 -32.410496 13.798644 -7.151033 -23.578156 -16.482002 -40.206916 -4.320732 -35.307639 -23.922677 -4.391649 -6.782170 -28.928591 23.677694 15.704297 -11.211441 -3.044340 20.077822 38.205091 3.904853 34.186943 31.911968 -10.518004 9.189723 26.954177 22.002385 -13.072446 12.748857 8.582891 
-31.020092 16.078127 45.462616 177.334258 -0.676468 90.547930 36.465723 42.731761 -74.400311 -4.029717 18.429945 129.335045 -7.380212 -16.436291 -31.966431 nan nan nan -25.896597 -46.722512 -80.618797 3.272146 -12.919658 133.390278 3.016307 29.366803 -28.242593 nan nan nan 1.512880 2.634026 79.909382 -1.447950 -2.243142 -4.922221 4.794946 -1.781146 -11.999302 -7.170879 7.611476 -32.322825 13.798342 -7.263678 -23.605172 -16.364916 -40.164231 -4.341012 -35.306785 -23.893748 -4.340057 -6.668082 -28.945905 24.012659 15.177165 -11.175332 -2.879436 20.114255 38.191790 4.019797 34.253873 31.944978 -10.576691 9.051798 26.955546 21.974849 -13.406812 12.817158 8.557208 
-30.997049 16.094744 45.417454 177.193647 -0.720751 90.507280 36.586639 42.916439 -74.250383 -4.107514 18.434558 129.397256 -7.484062 -16.494718 -31.867431 nan nan nan -25.851451 -46.615118 -80.791568 3.265681 -12.871774 133.478655 2.960663 29.345193 -28.267342 nan nan nan 1.152738 2.806394 79.853765 -1.435925 -2.088923 -4.987983 4.839889 -1.649186 -11.910838 -7.181592 7.715451 -32.107097 13.852518 -7.325632 -23.738317 -16.338378 -40.064993 -4.291845 -35.355731 -24.005843 -4.278929 -6.691243 -28.750668 24.013017 14.508603 -10.710361 -3.253177 20.241992 38.107473 4.132307 34.306312 32.001969 -10.509915 8.898485 26.994227 21.957429 -13.756102 12.798314 8.659454 
-30.981789 16.100084 45.386944 177.130961 -0.756465 90.531554 36.614417 43.006878 -74.206557 -4.176404 18.499776 129.416282 -7.453446 -16.477949 -31.851676 nan nan nan -25.763332 -46.566594 -80.978466 3.296824 -12.878982 133.510155 2.875831 29.293968 -28.341899 nan nan nan 0.816163 2.940662 79.706983 -1.378367 -1.972569 -5.029419 4.910585 -1.543059 -11.759463 -7.140133 7.748915 -31.975902 13.923135 -7.369027 -23.876379 -16.341021 -39.909120 -4.320213 -35.354794 -24.076517 -4.109030 -6.748106 -28.743800 24.099877 14.048586 -10.147865 -3.654248 20.416441 38.062106 4.246990 34.103637 32.072190 -10.440265 8.965821 27.008996 22.091585 -13.870988 12.606621 8.575925 
-30.981989 16.093176 45.388866 177.107068 -0.770492 90.601463 36.571030 43.026569 -74.222032 -4.153981 18.532529 129.409204 -7.358154 -16.432474 -31.950482 nan nan nan -25.701292 -46.538484 -81.108852 3.308435 -12.902021 133.468309 2.861976 29.238919 -28.377719 nan nan nan 0.624869 2.973839 79.653310 -1.364877 -1.897022 -5.113461 4.935447 -1.498591 -11.673515 -7.114662 7.822037 -32.043818 13.944003 -7.444085 -23.845139 -16.321894 -39.843809 -4.323149 -35.234338 -24.094800 -4.013645 -6.839896 -28.847565 24.323223 14.964242 -10.600191 -3.199721 20.513609 38.061448 4.283088 33.928460 32.102508 -10.422919 9.140634 26.917364 22.179363 -14.303335 12.832297 8.337413 
-31.018110 16.081400 45.423813 177.207058 -0.776882 90.654759 36.521642 42.876416 -74.269659 -4.006588 18.535915 129.452364 -7.297112 -16.471172 -32.093518 nan nan nan -25.786813 -46.674002 -81.004016 3.297055 -12.919146 133.407131 2.875434 29.308416 -28.375114 nan nan nan 0.773113 2.854269 79.617274 -1.357174 -1.949074 -5.086918 4.882852 -1.555240 -11.722964 -7.154372 7.893618 -32.079916 13.874627 -7.540557 -23.736389 -16.271794 -39.849172 -4.333442 -35.174048 -24.173847 -4.064523 -7.017933 -28.625201 24.399868 15.718283 -11.237954 -3.061340 20.533172 38.007999 4.269539 33.889893 32.064076 -10.364313 9.194590 26.963468 22.221259 -14.647365 13.083533 7.849157 
-31.068853 16.093313 45.463943 177.316819 -0.732394 90.579950 36.560760 42.704071 -74.232807 -3.946516 18.534211 129.471348 -7.392542 -16.578255 -32.074331 nan nan nan -25.958237 -46.777388 -80.682945 3.285575 -12.888051 133.367557 2.895087 29.448181 -28.322721 nan nan nan 1.277304 2.656714 79.738705 -1.406857 -2.198830 -5.009870 4.778182 -1.717459 -11.815827 -7.111576 7.778736 -32.019961 13.881043 -7.419006 -23.763201 -16.398722 -40.056318 -4.312246 -35.157001 -24.042578 -4.162367 -6.857309 -28.599417 24.065509 15.351006 -11.190865 -3.216241 20.510876 38.131030 4.258904 33.833969 31.899108 -10.470586 9.221161 27.100176 22.031230 -14.626413 13.122759 7.630877 
-31.093571 16.109119 45.484081 177.361199 -0.723502 90.523313 36.560982 42.649840 -74.197965 -3.916098 18.514315 129.480054 -7.434494 -16.593237 -32.074551 nan nan nan -26.033729 -46.825739 -80.526248 3.288945 -12.846166 133.378152 2.972567 29.485659 -28.252645 nan nan nan 1.536466 2.559952 79.830425 -1.448672 -2.364301 -5.024595 4.720701 -1.795764 -11.806907 -7.121146 7.658441 -31.953360 13.928155 -7.263337 -23.873292 -16.579338 -40.167086 -4.236273 -35.121075 -23.907363 -4.231777 -6.717754 -28.735685 23.767968 14.646056 -10.772412 -3.337885 20.570064 38.230397 4.306054 33.761648 31.828513 -10.587353 9.236696 27.142300 21.819345 -14.443388 13.010074 7.846235 
-31.098970 16.120392 45.483112 177.354604 -0.743436 90.526556 36.497335 42.659034 -74.218135 -3.903622 18.480070 129.478551 -7.416201 -16.548002 -32.055231 nan nan nan -26.064969 -46.833215 -80.520284 3.308643 -12.843983 133.399443 3.101027 29.538855 -28.217894 nan nan nan 1.546077 2.553335 79.878355 -1.464152 -2.389262 -5.107919 4.698455 -1.797287 -11.777213 -7.145721 7.608853 -31.956846 13.942186 -7.239944 -23.892871 -16.675978 -40.155317 -4.224290 -34.977703 -23.949973 -4.329121 -6.943846 -28.620392 23.847135 15.241350 -11.037723 -2.867713 20.567169 38.231258 4.272818 33.796710 31.797502 -10.580191 9.258064 27.128058 21.739565 -14.654851 13.126952 7.905198 
-31.112692 16.123203 45.484989 177.379855 -0.762261 90.521650 36.378291 42.628185 -74.298516 -3.914444 18.458909 129.474333 -7.392202 -16.533108 -32.007636 nan nan nan -26.083913 -46.846019 -80.526759 3.301017 -12.811099 133.375993 2.975592 29.478522 -28.315996 nan nan nan 1.578750 2.511745 79.942019 -1.484504 -2.417572 -5.180774 4.672405 -1.797675 -11.733499 -7.136373 7.626719 -31.991546 13.934079 -7.279817 -23.902234 -16.657982 -40.132010 -4.292394 -34.873072 -24.007541 -4.336558 -7.125300 -28.597745 24.186051 15.351849 -11.081376 -2.516179 20.523686 38.181566 4.225676 33.799019 31.814866 -10.625337 9.329272 27.114713 21.953052 -14.722466 13.138340 7.985251 
-31.115513 16.113396 45.497269 177.374511 -0.733314 90.563055 36.264159 42.612758 -74.454059 -3.878852 18.356783 129.491380 -7.486982 -16.561670 -31.945166 nan nan nan -26.009594 -46.821056 -80.582465 3.230438 -12.811826 133.346677 2.780272 29.438991 -28.466255 nan nan nan 1.598201 2.519654 79.954092 -1.500450 -2.425274 -5.207596 4.680017 -1.788235 -11.759706 -7.080882 7.713657 -31.959446 13.900650 -7.308882 -23.921715 -16.736162 -40.199933 -4.205691 -34.854002 -23.995282 -4.324239 -6.872694 -28.590750 24.239319 15.058877 -11.243225 -2.455957 20.552653 38.178646 4.227802 33.739426 31.803966 -10.702904 9.393799 27.084190 22.254966 -14.539830 13.213098 7.935165 
-31.111313 16.095797 45.515839 177.379995 -0.705809 90.702008 36.179099 42.600039 -74.648559 -3.806960 18.325331 129.471349 -7.523069 -16.550664 -31.893826 nan nan nan -25.886827 -46.810854 -80.722079 3.166006 -12.833641 133.291942 2.717298 29.426089 -28.465088 nan nan nan 1.576440 2.555587 79.907964 -1.488481 -2.419632 -5.290339 4.705097 -1.753458 -11.807380 -7.053915 7.745358 -31.852014 13.891182 -7.261236 -23.944601 -16.821314 -40.187411 -4.128434 -35.005117 -24.081035 -4.264925 -6.641426 -28.389234 23.912288 15.129693 -11.331401 -2.783526 20.644347 38.143986 4.320645 33.724822 31.840121 -10.696198 9.290428 27.008554 22.349793 -14.450943 13.151988 8.106670 
-31.090242 16.087683 45.503830 177.278188 -0.708220 90.817406 36.242955 42.700233 -74.624011 -3.761170 18.342384 129.451160 -7.488987 -16.525911 -31.964882 nan nan nan -25.770596 -46.695953 -80.942234 3.109012 -12.864810 133.335137 2.735914 29.429928 -28.425580 nan nan nan 1.347654 2.695599 79.742570 -1.482894 -2.316759 -5.237000 4.747736 -1.681238 -11.843557 -6.999893 7.825258 -31.758060 13.873410 -7.244739 -24.005622 -16.949920 -40.140201 -4.043458 -34.903349 -24.110727 -4.301458 -6.389017 -28.590017 24.223051 14.224532 -11.043375 -2.130614 20.762361 38.113744 4.488558 33.732647 31.910571 -10.728482 9.113594 27.027207 22.429878 -14.058144 12.833182 8.255490 
-31.062607 16.080694 45.476086 177.101532 -0.778979 90.905662 36.359697 42.928797 -74.447075 -3.720885 18.395275 129.487681 -7.452978 -16.568494 -32.035908 nan nan nan -25.709702 -46.529469 -81.209562 3.038227 -12.863646 133.414942 2.760932 29.461670 -28.448434 nan nan nan 0.744870 2.982457 79.388878 -1.448036 -2.027311 -5.033830 4.866027 -1.518379 -11.821185 -6.857799 7.996632 -31.624272 13.811108 -7.313747 -24.075957 -17.172591 -40.088540 -3.776941 -34.524062 -24.125063 -4.459670 -6.023849 -29.272676 24.815360 11.491619 -10.473819 -0.997702 20.919624 38.077314 4.796265 33.654084 32.014475 -10.853338 8.947178 27.200839 22.421745 -13.319466 12.455427 8.202801 
-31.047077 16.076488 45.459866 177.024244 -0.845713 90.934832 36.422019 43.018406 -74.390260 -3.721754 18.465231 129.526160 -7.463719 -16.576387 -31.965930 nan nan nan -25.672135 -46.461196 -81.376123 3.052792 -12.857092 133.452376 2.808422 29.480255 -28.442899 nan nan nan 0.374955 3.156311 79.237338 -1.399528 -1.819701 -4.960985 4.937340 -1.431853 -11.770680 -6.861845 8.086892 -31.640706 13.760870 -7.422430 -24.084755 -16.951557 -39.946647 -3.827584 -34.624140 -24.229093 -4.316381 -6.321564 -29.432256 24.636192 11.236069 -10.149154 -1.747577 20.881825 37.927630 4.770466 33.742054 32.149505 -10.659763 8.862570 27.232846 22.289096 -13.347495 12.317371 8.268391 
-31.048565 16.064846 45.444519 177.049086 -0.872361 90.954424 36.410411 42.962084 -74.470890 -3.808589 18.549682 129.511226 -7.395901 -16.536116 -31.944218 nan nan nan -25.683010 -46.475576 -81.427607 3.115816 -12.909028 133.451936 2.914528 29.375500 -28.448676 nan nan nan 0.234884 3.218479 79.165842 -1.315659 -1.734926 -5.000782 4.957569 -1.394628 -11.620586 -6.905281 8.102063 -31.839089 13.734772 -7.506057 -23.981047 -16.659492 -39.814321 -3.942257 -34.856194 -24.418225 -4.029830 -6.820274 -29.081073 23.927009 13.350693 -10.355776 -2.957255 20.848320 37.766168 4.620179 33.771636 32.252523 -10.350151 8.878191 27.206289 21.962341 -13.969652 12.561129 8.343347 
-31.051817 16.058437 45.443138 177.059299 -0.875591 90.951309 36.404213 42.946400 -74.480121 -3.835477 18.566955 129.505057 -7.380334 -16.519042 -31.959552 nan nan nan -25.684550 -46.478436 -81.436760 3.128480 -12.918695 133.444761 2.947514 29.360135 -28.440708 nan nan nan 0.197826 3.217365 79.151939 -1.300839 -1.724659 -5.006365 4.952454 -1.385495 -11.590171 -6.913927 8.116166 -31.882041 13.722803 -7.529280 -23.941838 -16.616175 -39.781685 -3.981963 -34.892720 -24.446989 -3.970898 -6.892029 -28.981191 23.897188 13.903757 -10.468385 -2.977052 20.866636 37.731723 4.577212 33.771507 32.276120 -10.276666 8.901193 27.195284 22.025395 -14.053120 12.594194 8.379873 
-31.056551 16.059364 45.435692 177.055642 -0.877191 90.936809 36.375921 42.986087 -74.488450 -3.920874 18.577286 129.491623 -7.370147 -16.517610 -31.970242 nan nan nan -25.621409 -46.471181 -81.518652 3.181508 -12.922389 133.439287 2.977346 29.326426 -28.366931 nan nan nan 0.102367 3.203077 79.155410 -1.291003 -1.688860 -5.047062 4.961791 -1.366974 -11.547325 -6.919745 8.069689 -31.879887 13.704947 -7.525296 -23.864974 -16.554961 -39.694378 -4.088147 -34.981102 -24.496259 -3.830977 -7.034710 -28.766075 23.931600 15.054066 -10.651071 -2.917708 20.834774 37.698405 4.456692 33.760683 32.292557 -10.107352 9.056664 27.192843 22.124179 -14.106081 12.630553 8.040038 
-31.064644 16.055265 45.447361 177.112056 -0.897005 90.988491 36.228353 42.948921 -74.629452 -3.899876 18.571643 129.498210 -7.375137 -16.450670 -31.928177 nan nan nan -25.595545 -46.530133 -81.569959 3.188089 -12.924651 133.472518 3.025896 29.296222 -28.286718 nan nan nan 0.079141 3.183136 79.106716 -1.264888 -1.705574 -5.046621 4.990123 -1.395617 -11.568392 -6.863093 7.952100 -31.814902 13.725526 -7.436739 -23.839394 -16.648293 -39.684061 -4.046186 -35.023540 -24.448234 -3.813595 -6.895756 -28.739142 23.906906 15.615340 -10.731181 -2.818721 20.849171 37.758491 4.506225 33.731469 32.250890 -10.131776 9.072481 27.225782 22.010740 -14.077870 12.714072 7.673240 
-31.080286 16.046900 45.457954 177.120220 -0.897715 91.026901 36.133923 42.911538 -74.716598 -3.805838 18.499534 129.553351 -7.421564 -16.480094 -31.960651 nan nan nan -25.563450 -46.518817 -81.606926 3.125233 -12.878590 133.489830 3.052282 29.298965 -28.320336 nan nan nan 0.123372 3.184008 79.053034 -1.276424 -1.702791 -5.018372 4.969951 -1.432245 -11.592629 -6.794556 7.973627 -31.800446 13.694647 -7.462435 -23.781236 -16.756033 -39.718090 -3.952347 -35.015028 -24.473797 -3.857852 -6.630194 -28.730414 23.962822 15.475667 -11.015085 -2.673267 20.922410 37.752887 4.593854 33.713128 32.228822 -10.242712 9.040793 27.235830 21.972023 -14.207177 12.961845 7.563592 
-31.084503 16.040344 45.467339 177.116147 -0.873556 91.080193 36.143225 42.914574 -74.719281 -3.730484 18.483182 129.555538 -7.463182 -16.573708 -32.056085 nan nan nan -25.544761 -46.473826 -81.620360 3.042889 -12.835182 133.495161 3.082627 29.415111 -28.336013 nan nan nan 0.155966 3.208043 79.009374 -1.285379 -1.697815 -5.095696 4.944246 -1.454486 -11.553610 -6.726214 8.201302 -31.762827 13.589412 -7.562808 -23.818176 -16.928634 -39.778526 -3.735380 -34.706179 -24.461289 -3.999849 -6.335352 -29.026321 24.543505 13.966670 -11.221524 -2.122244 21.062991 37.689890 4.700794 33.699431 32.243450 -10.353888 8.985826 27.252536 22.169903 -14.147193 13.079028 7.305191 
-31.091976 16.047123 45.473629 177.152470 -0.872877 91.106871 36.219239 42.918574 -74.651554 -3.712419 18.528670 129.564693 -7.443466 -16.678480 -32.117513 nan nan nan -25.576479 -46.505412 -81.586836 2.978583 -12.772948 133.527951 3.001980 29.493427 -28.421348 nan nan nan 0.155356 3.158313 79.050123 -1.322602 -1.722273 -5.333369 4.928004 -1.423999 -11.472609 -6.710119 8.245785 -31.550967 13.582597 -7.599407 -23.899361 -17.186357 -39.856735 -3.496774 -34.374922 -24.326923 -4.192942 -6.128616 -29.595772 25.132489 11.896605 -10.726724 -1.283898 21.179403 37.680705 4.828235 33.709448 32.142035 -10.482652 8.957895 27.342185 22.578177 -13.734692 12.690800 7.656668 
-31.097990 16.038942 45.472492 177.221936 -0.869325 91.161269 36.234515 42.886467 -74.718168 -3.767189 18.654631 129.528583 -7.320732 -16.594071 -32.154698 nan nan nan -25.572635 -46.563621 -81.604316 3.005956 -12.835896 133.496219 2.981034 29.408515 -28.460339 nan nan nan 0.172788 3.136288 79.101524 -1.297277 -1.735659 -5.531262 4.940940 -1.350009 -11.423229 -6.784654 8.048297 -31.473928 13.684572 -7.549760 -23.891712 -17.085656 -39.845817 -3.662898 -34.606020 -24.470448 -3.946586 -6.725147 -29.265194 24.521604 13.214803 -10.429848 -1.895950 21.080833 37.620514 4.658194 33.742813 32.006693 -10.241172 9.105861 27.373535 22.584081 -13.682518 12.431973 8.209672 
-31.095701 16.026131 45.487736 177.291551 -0.861021 91.078762 36.245140 42.789353 -74.694840 -3.939588 18.848031 129.451514 -7.167151 -16.274832 -32.182014 nan nan nan -25.515952 -46.659331 -81.548990 3.268055 -13.006854 133.431582 3.117172 29.099751 -28.363124 nan nan nan 0.411044 3.100920 79.173988 -1.223401 -1.855792 -5.437691 4.898939 -1.398449 -11.354023 -6.942441 7.766162 -31.919595 13.851435 -7.419680 -23.657868 -16.721094 -39.751372 -4.165555 -34.984014 -24.902698 -3.632583 -8.546703 -27.848823 22.931231 19.290802 -10.885378 -4.339463 20.822115 37.557195 4.154690 33.886807 32.016926 -9.609496 9.236829 27.333136 21.775636 -14.604822 12.775350 8.122844 
