HIERARCHY
ROOT Hips
{
	OFFSET -0.179506 -22.333345 2.821913
	CHANNELS 6 Xposition Yposition Zposition Zrotation Yrotation Xrotation 
	JOINT LeftUpLeg
	{
		OFFSET 6.951974 -9.140623 -0.681533
		CHANNELS 3 Zrotation Yrotation Xrotation
		JOINT LeftLeg
		{
			OFFSET 3.427654 -37.519855 -0.449580
			CHANNELS 3 Zrotation Yrotation Xrotation
			JOINT LeftFoot
			{
				OFFSET -1.359570 -39.796059 -4.369333
				CHANNELS 3 Zrotation Yrotation Xrotation
				JOINT LeftToe
				{
					OFFSET 2.635814 -5.579078 11.928840
					CHANNELS 3 Zrotation Yrotation Xrotation
					End Site
					{
						OFFSET 0.000000 0.000000 0.000000
					}
				}
			}
		}
	}
	JOINT RightUpLeg
	{
		OFFSET -6.767048 -9.052170 -0.431982
		CHANNELS 3 Zrotation Yrotation Xrotation
		JOINT RightLeg
		{
			OFFSET -3.829005 -38.256897 -0.885003
			CHANNELS 3 Zrotation Yrotation Xrotation
			JOINT RightFoot
			{
				OFFSET 1.577377 -39.841461 -4.231180
				CHANNELS 3 Zrotation Yrotation Xrotation
				JOINT RightToe
				{
					OFFSET -2.537174 -4.814398 12.334795
					CHANNELS 3 Zrotation Yrotation Xrotation
					End Site
					{
						OFFSET 0.000000 0.000000 0.000000
					}
				}
			}
		}
	}
	JOINT Spine
	{
		OFFSET -0.253288 10.896323 -2.669631
		CHANNELS 3 Zrotation Yrotation Xrotation
		JOINT Spine1
		{
			OFFSET 0.548704 13.518043 0.109247
			CHANNELS 3 Zrotation Yrotation Xrotation
			JOINT Spine2
			{
				OFFSET 0.145701 5.292222 2.542457
				CHANNELS 3 Zrotation Yrotation Xrotation
				JOINT Neck
				{
					OFFSET -0.277840 21.387037 -4.285703
					CHANNELS 3 Zrotation Yrotation Xrotation
					JOINT Head
					{
						OFFSET 0.515184 6.496960 5.134897
						CHANNELS 3 Zrotation Yrotation Xrotation
						End Site
						{
							OFFSET 0.000000 0.000000 0.000000
						}
					}
				}
				JOINT LeftShoulder
				{
					OFFSET 7.884473 12.174932 -3.408961
					CHANNELS 3 Zrotation Yrotation Xrotation
					JOINT LeftArm
					{
						OFFSET 9.097692 3.046888 -0.886815
						CHANNELS 3 Zrotation Yrotation Xrotation
						JOINT LeftForeArm
						{
							OFFSET 25.961220 -1.277207 -2.745643
							CHANNELS 3 Zrotation Yrotation Xrotation
							JOINT LeftHand
							{
								OFFSET 24.923361 0.898606 -0.117091
								CHANNELS 3 Zrotation Yrotation Xrotation
								End Site
								{
									OFFSET 0.000000 0.000000 0.000000
								}
							}
						}
					}
				}
				JOINT RightShoulder
				{
					OFFSET -8.175920 11.883285 -3.861528
					CHANNELS 3 Zrotation Yrotation Xrotation
					JOINT RightArm
					{
						OFFSET -9.601238 3.255117 -0.914307
						CHANNELS 3 Zrotation Yrotation Xrotation
						JOINT RightForeArm
						{
							OFFSET -25.374195 -1.332924 -2.140099
							CHANNELS 3 Zrotation Yrotation Xrotation
							JOINT RightHand
							{
								OFFSET -25.529810 0.777228 -0.555919
								CHANNELS 3 Zrotation Yrotation Xrotation
								End Site
								{
									OFFSET 0.000000 0.000000 0.000000
								}
							}
						}
					}
				}
			}
		}
	}
}
MOTION
Frames: 175
Frame Time: 0.033333
-0.179506 105.301559 2.821913 171.800314 -70.683701 178.620277 6.232601 2.714238 8.764056 1.357452 -3.219234 2.331747 0.279263 15.374695 -9.636389 1.271584 -0.923653 -0.705122 0.488661 -3.428589 9.441244 -0.738160 1.488811 -1.683378 -0.640043 -11.845456 -9.271293 1.555491 1.014813 -1.151438 0.350127 1.327648 4.845857 -0.044133 -1.596307 -2.464945 0.542560 0.475715 4.672373 -0.427820 1.722757 2.488043 2.420269 4.096149 -6.091720 -12.175088 -0.830962 -1.124137 -31.328922 -3.694507 8.256592 -2.099704 -49.411290 4.991019 -9.047518 -12.523686 -16.257703 12.975369 4.942638 0.279008 43.011284 4.527224 13.237570 4.101327 31.581083 8.995165 12.293627 4.156374 -4.528610 
-0.181381 105.326515 2.834658 171.837961 -70.331458 178.639137 6.256508 2.665946 8.661722 1.170975 -3.246906 2.552924 0.368059 15.641899 -9.517199 1.231698 -0.898096 -0.695886 0.350402 -3.669116 9.504980 -0.640362 1.450420 -2.018733 -0.525948 -11.392702 -9.037411 1.550099 0.996912 -1.120368 0.330278 1.498020 4.705335 -0.056560 -1.590648 -2.290643 0.552943 0.565823 4.627881 -0.434805 2.024314 2.267674 2.276049 4.050595 -6.068263 -12.110086 -1.005463 -1.126790 -31.601406 -3.727687 8.647020 -2.444524 -48.983589 5.823722 -9.733094 -12.661389 -15.570719 12.976093 5.320518 0.351408 43.246589 4.683124 13.549329 4.543385 31.103972 10.104850 12.901521 4.170965 -4.023434 
-0.362952 105.345108 2.913851 172.095462 -70.116383 178.537267 6.285030 2.643067 8.550105 1.002682 -3.371013 2.751875 0.495101 15.941339 -9.598878 1.196379 -0.869811 -0.695380 0.218909 -3.842840 9.415277 -0.507585 1.551534 -2.006177 -0.430981 -11.154770 -8.994433 1.546673 0.979694 -1.092959 0.335987 1.604652 4.632051 -0.070015 -1.590956 -2.165871 0.554338 0.650219 4.628601 -0.418153 2.207619 2.115082 2.158736 4.087732 -6.149184 -12.183939 -1.047179 -1.125128 -31.784994 -3.620504 8.855636 -2.392443 -48.947658 5.798859 -10.073173 -12.727198 -15.554278 13.035760 5.491957 0.404448 43.237274 4.707160 13.687348 4.819784 31.139433 10.675354 13.350996 4.180910 -3.754672 
-0.467925 105.355812 3.010654 172.106112 -69.980836 178.551647 6.255298 2.633270 8.505257 0.831108 -3.485670 2.928072 0.622691 16.131360 -9.656094 1.172308 -0.848337 -0.680396 0.046032 -3.994913 9.372850 -0.432324 1.541215 -1.921315 -0.296648 -10.926642 -9.048754 1.539807 0.967667 -1.078570 0.326403 1.674122 4.609045 -0.106932 -1.598002 -2.103299 0.554178 0.688526 4.662367 -0.358031 2.341850 1.972037 2.096653 4.169332 -6.290014 -12.233163 -1.058389 -1.164579 -31.979028 -3.522729 8.926455 -2.291611 -48.746769 5.625307 -10.148281 -12.703599 -15.539320 13.034176 5.565180 0.395533 43.240168 4.744542 13.678699 4.904196 31.190541 10.769118 13.451723 4.172842 -3.695941 
-0.540670 105.361298 3.010636 171.949627 -69.821711 178.704854 6.168239 2.590773 8.539178 0.771532 -3.621371 3.000964 0.705511 16.356643 -9.624787 1.160538 -0.834884 -0.673889 -0.081748 -4.064869 9.329284 -0.400815 1.549535 -1.796189 -0.249396 -10.782760 -9.153675 1.539977 0.963771 -1.073934 0.340693 1.716783 4.591652 -0.088658 -1.579125 -2.026786 0.535474 0.715536 4.651192 -0.298168 2.415800 1.920117 2.058542 4.218731 -6.489267 -12.286488 -0.987487 -1.176198 -32.189242 -3.378135 8.964845 -2.217979 -48.563054 5.349717 -10.158605 -12.765078 -15.805250 13.033096 5.567104 0.394843 43.240012 4.771815 13.625368 4.771876 31.323082 10.483204 13.508602 4.199354 -3.822508 
-0.578449 105.364578 3.040190 171.738000 -69.738143 178.896088 6.029765 2.525566 8.610901 0.778465 -3.797374 2.951316 0.763602 16.525467 -9.600950 1.152873 -0.832083 -0.655772 -0.180301 -4.011140 9.248242 -0.444319 1.631786 -1.603679 -0.272613 -10.770965 -9.241313 1.526358 0.951198 -1.053096 0.350334 1.744425 4.591183 -0.090343 -1.577759 -1.978332 0.528097 0.747333 4.627305 -0.235785 2.469917 1.892359 2.054289 4.322646 -6.681923 -12.347934 -0.926766 -1.199174 -32.554404 -3.230013 8.953967 -2.046020 -48.221127 4.905243 -10.092857 -12.687373 -15.803506 12.962987 5.531040 0.399135 43.309971 4.821638 13.533256 4.545699 31.246922 9.995367 13.367820 4.205765 -3.935637 
-0.584367 105.367966 3.036232 171.423045 -69.606951 179.216254 5.881907 2.475773 8.657150 0.768602 -3.973302 2.878670 0.802667 16.699094 -9.525899 1.159405 -0.847166 -0.656293 -0.287334 -3.939272 9.191569 -0.500309 1.811276 -1.569854 -0.302387 -10.836520 -9.245106 1.503826 0.959304 -1.059659 0.355747 1.806598 4.627061 -0.085888 -1.554403 -1.900200 0.521524 0.812036 4.610585 -0.241848 2.493317 1.813800 2.048594 4.425070 -6.797099 -12.379213 -0.918497 -1.186547 -32.985163 -3.118160 8.997451 -1.886211 -47.728140 4.565055 -9.990144 -12.675434 -15.883241 12.880146 5.574545 0.427128 43.424359 4.858445 13.484543 4.230823 31.158528 9.378580 13.319914 4.213079 -4.229860 
-0.607774 105.372299 3.171398 171.278602 -69.632757 179.352129 5.703331 2.415377 8.739260 0.810500 -4.140087 2.696279 0.834039 16.810792 -9.605222 1.159822 -0.856609 -0.675799 -0.370656 -3.864387 9.098404 -0.616519 1.961261 -1.426851 -0.296778 -10.965615 -9.241369 1.490385 0.948012 -1.063423 0.345311 1.854841 4.708147 -0.083070 -1.517241 -1.872773 0.532790 0.862667 4.616023 -0.279552 2.437548 1.753904 2.059393 4.453972 -6.920611 -12.460153 -0.926842 -1.195165 -33.412782 -3.020362 9.048445 -1.784057 -47.261195 4.339905 -9.754498 -12.587695 -15.894678 12.819877 5.594272 0.426433 43.442553 4.851752 13.407733 3.894740 31.057910 8.648374 13.194993 4.249903 -4.580766 
-0.544369 105.378502 3.371147 171.247988 -69.700610 179.337334 5.576826 2.360668 8.766383 0.813238 -4.325267 2.557193 0.862903 16.889613 -9.698176 1.153498 -0.855019 -0.693525 -0.441688 -3.810717 8.965912 -0.697625 2.077545 -1.256566 -0.204257 -11.130233 -9.207190 1.464024 0.936632 -1.054259 0.338366 1.915066 4.827072 -0.101806 -1.452372 -1.889339 0.566466 0.920810 4.637090 -0.286562 2.402977 1.632978 2.067135 4.487155 -6.925077 -12.544663 -0.980763 -1.213731 -33.618141 -2.886001 9.102911 -1.955116 -46.727107 4.404093 -9.668381 -12.594506 -15.715568 12.837370 5.654049 0.403097 43.338982 4.884632 13.315245 3.667908 30.812655 8.114241 13.245967 4.216978 -4.774824 
-0.506060 105.386444 3.596967 171.229085 -69.720473 179.295935 5.484062 2.312928 8.755738 0.693432 -4.396310 2.572255 0.905577 16.931822 -9.862081 1.157149 -0.849970 -0.733413 -0.538815 -3.841753 8.831080 -0.795066 2.122928 -1.048484 -0.024441 -11.182087 -9.231691 1.458711 0.924388 -1.047558 0.328543 2.001198 4.951192 -0.152433 -1.387172 -1.906944 0.590499 0.965641 4.643252 -0.286975 2.345569 1.513904 2.051670 4.367672 -6.918996 -12.719440 -1.031683 -1.220938 -33.645460 -2.743727 9.035196 -2.034381 -45.795739 4.522230 -9.685743 -12.335140 -14.923743 12.964620 5.729960 0.379013 43.183799 4.888790 13.200807 3.486802 30.450027 7.974200 13.416408 3.992907 -4.508092 
-0.469666 105.402733 3.769335 171.076811 -69.594372 179.346828 5.375055 2.321180 8.751727 0.539825 -4.463588 2.718147 0.902284 17.007238 -9.994396 1.167431 -0.842779 -0.778117 -0.686068 -3.900790 8.768342 -0.897050 2.239355 -0.916705 0.176867 -11.149224 -9.228384 1.432093 0.928645 -1.037251 0.329505 2.112790 5.162078 -0.280101 -1.316808 -1.998811 0.603464 1.051369 4.677827 -0.274371 2.228828 1.433253 2.053222 4.205433 -6.930568 -12.885939 -1.056452 -1.238219 -33.504509 -2.513878 8.802001 -1.991255 -44.614278 4.306444 -10.121756 -12.140173 -14.255580 13.038926 5.879822 0.355059 43.014031 4.947595 12.994243 3.387882 29.988538 7.958799 14.010904 3.690567 -4.232296 
-0.436391 105.432671 4.021775 171.012771 -69.486410 179.295979 5.259239 2.308300 8.667268 0.346465 -4.610716 3.007258 0.942201 17.129327 -10.155127 1.156576 -0.819862 -0.801848 -0.853481 -3.930303 8.656006 -0.976123 2.300211 -0.676715 0.405496 -11.116891 -9.196647 1.427418 0.910744 -1.002257 0.315157 2.202288 5.407890 -0.401867 -1.242102 -2.127075 0.608466 1.138182 4.720018 -0.211596 2.031504 1.500915 2.088996 4.010786 -6.959564 -13.034274 -0.993009 -1.337860 -33.370329 -2.512329 8.363699 -1.674830 -42.878883 3.635954 -10.867697 -11.845922 -13.420222 13.164404 5.936721 0.289099 42.742282 5.129348 12.661936 3.056542 29.340038 7.654274 14.894753 3.391616 -3.854723 
-0.330792 105.490211 4.358036 170.748556 -69.360867 179.257899 5.024746 2.285089 8.481413 0.111943 -4.832698 3.718371 1.012677 17.314329 -10.323111 1.160045 -0.801359 -0.833126 -1.112429 -3.947656 8.484227 -1.110132 2.424294 -0.099309 0.678096 -11.124743 -9.182814 1.391782 0.877105 -0.978891 0.295392 2.291154 5.777755 -0.588514 -1.162307 -2.307045 0.607491 1.215888 4.928781 -0.137643 1.588190 1.726329 2.182784 3.602483 -7.019218 -13.075808 -0.959045 -1.589183 -33.288220 -2.847737 7.487182 -0.774106 -40.575907 1.857035 -11.271861 -11.303683 -13.006902 13.055779 5.979429 0.147963 42.306893 5.327690 12.058305 2.510783 28.687945 6.830946 15.537747 3.139208 -3.810282 
-0.274688 105.593887 4.935753 170.650935 -69.144332 179.072207 4.612241 2.241626 8.232644 -0.066679 -5.050158 4.491539 1.201042 17.648536 -10.463193 1.158408 -0.762394 -0.836793 -1.437021 -3.744748 7.921159 -1.266473 2.647179 1.127355 1.121383 -11.244036 -9.183726 1.389070 0.841475 -0.923127 0.204522 2.269427 6.054528 -0.847683 -1.057152 -2.742509 0.634624 1.292972 5.391970 -0.132595 1.017081 2.209853 2.437577 3.329495 -6.978111 -12.744969 -0.714716 -2.154336 -32.613344 -3.429642 6.070311 0.616324 -38.822530 -1.303854 -11.198362 -10.663352 -13.389504 12.519829 5.624600 -0.229867 41.183597 5.502574 11.020684 1.743826 28.756784 4.868256 16.015909 3.002001 -4.433995 
-0.128407 105.755112 5.664170 170.273168 -69.036442 179.109235 3.992869 2.151369 7.800354 -0.278823 -5.573447 5.438922 1.449798 18.229595 -10.344494 1.209487 -0.737517 -0.857774 -1.812314 -3.345504 6.417199 -1.471538 3.079277 4.037900 1.585877 -11.715393 -9.418666 1.383250 0.800534 -0.886436 0.114697 2.104193 6.398920 -1.225381 -0.886745 -3.388306 0.688773 1.318508 6.038339 -0.176996 0.134888 2.983583 2.896708 3.155721 -6.694218 -12.037468 -0.235182 -3.069905 -31.468461 -4.351537 4.093345 3.141870 -37.752456 -6.450435 -9.990203 -9.614795 -14.913260 11.416761 4.920280 -0.918378 39.164710 5.620270 9.345430 0.447766 29.412996 1.498366 16.187338 2.752111 -6.127145 
-0.132053 105.980133 6.596701 169.638591 -68.952839 179.450095 3.179854 2.197912 7.628732 -0.601332 -6.376052 5.827840 1.604980 18.983126 -10.085487 1.224695 -0.708201 -0.860413 -2.390313 -2.683403 3.643066 -1.553114 3.415035 9.309514 2.266476 -12.282543 -9.803022 1.323466 0.762206 -0.947528 0.016937 1.667519 7.174508 -1.654343 -0.641741 -4.150213 0.667162 1.227444 6.748123 -0.166901 -0.665738 3.839199 3.221460 3.084450 -6.300156 -11.075403 0.546885 -4.254509 -29.413050 -5.202211 1.734335 6.781642 -37.674435 -13.160937 -7.702461 -8.356151 -17.935738 9.894498 3.844401 -1.986184 35.834089 5.480679 6.909695 -2.155525 31.446807 -3.674406 15.627410 2.898925 -9.315391 
0.166783 106.254120 8.105954 169.164357 -68.931106 179.272911 2.309320 2.592264 8.051668 -1.069139 -7.924206 5.148059 1.908522 19.997698 -9.477139 1.176950 -0.621984 -0.795666 -3.234071 -1.971500 -1.611687 -1.168367 3.111551 19.129638 2.921646 -13.223214 -9.105463 1.448125 0.716945 -1.035842 -0.293881 0.841016 8.682959 -2.281183 -0.278974 -5.040351 0.647128 1.039340 7.478159 -0.053995 -1.209134 4.609674 3.666408 3.434717 -6.383625 -9.833856 1.660163 -5.936207 -26.570383 -5.894084 -1.054362 11.662341 -38.024627 -22.020556 -4.864031 -6.778061 -21.322622 7.818458 2.609337 -3.425897 31.124125 4.988463 3.511125 -6.416085 34.712758 -11.931507 13.844796 3.495880 -13.881073 
1.132850 106.505829 10.062560 168.643672 -69.230410 178.435538 1.454602 3.251298 9.225499 -1.364344 -9.767316 3.385174 2.342678 20.642146 -8.360778 1.073061 -0.468618 -0.695704 -4.098742 -0.929672 -9.535791 -0.731072 1.871836 32.753261 2.687439 -15.866902 -7.396981 1.745437 0.776545 -1.229407 -0.893836 -0.637417 10.715952 -2.467527 0.109117 -5.580587 0.613376 0.628009 7.923460 -0.129642 -1.251939 5.393690 3.737762 4.531716 -7.477154 -8.818861 2.632859 -7.314001 -22.428303 -5.795795 -4.414543 18.126761 -38.641476 -32.999835 -0.700030 -4.702384 -25.237580 5.818389 1.315149 -5.012324 24.865629 4.010556 -0.224779 -14.044421 39.149950 -23.323597 9.821859 3.848214 -18.638758 
1.280752 106.682587 11.830859 168.849712 -69.133055 177.554782 0.638635 3.845285 10.039047 -1.564664 -10.644168 2.223261 3.092470 21.193409 -7.803045 0.774446 -0.301064 -0.494958 -4.981056 0.271313 -18.881123 -0.079493 0.281316 47.609396 1.936147 -16.755615 -6.306217 2.018690 0.873503 -1.567445 -1.291318 -2.395685 12.711125 -2.364185 0.714712 -6.164273 0.478039 0.382732 8.463033 -0.082870 -1.317826 6.383761 4.002217 5.575470 -8.881253 -7.880801 3.267215 -8.215161 -17.861526 -4.731627 -7.546049 26.198897 -39.110111 -44.173702 4.076576 -2.154411 -28.100084 4.447997 0.419766 -6.026601 18.731394 2.725359 -4.495779 -26.211162 41.693944 -37.859226 4.188962 3.523562 -22.087598 
1.271914 106.733704 12.434417 167.574782 -69.867161 177.821352 0.462678 4.499446 11.071137 -2.320587 -11.502143 1.795106 3.183213 21.117029 -7.714509 0.646232 -0.235515 -0.286288 -6.287707 1.193937 -28.454457 1.385709 -1.901151 63.952548 1.283703 -16.795227 -4.174910 2.332887 1.105300 -1.695937 -1.601666 -4.178230 14.584255 -1.997197 1.336491 -6.344304 0.246713 0.084663 8.579911 0.310587 -0.833584 8.261234 4.098301 6.528059 -10.283566 -6.805373 4.022092 -8.651406 -13.625164 -3.238654 -10.514426 35.114311 -39.273585 -55.238623 10.121798 0.660259 -29.329685 3.430016 -0.770820 -6.452790 13.195458 1.112936 -8.753932 -38.852149 41.705355 -52.026782 -4.279799 2.929754 -23.882265 
1.865038 106.648743 12.550846 166.876295 -69.695592 177.864002 0.976842 5.107174 11.243609 -3.517065 -12.038706 2.030559 3.109264 21.253164 -7.730891 0.799966 -0.299702 -0.391988 -7.502722 1.291544 -37.635162 2.720733 -4.940068 77.516788 0.552992 -16.338239 -3.460826 2.518573 1.308498 -2.041517 -1.740363 -5.642362 16.362278 -1.802260 1.599615 -6.691367 0.172607 -0.194610 8.551022 0.564557 -0.227422 9.442099 4.215562 6.353664 -10.817922 -5.821270 4.169037 -9.158914 -9.884109 -1.422187 -12.851086 45.150831 -37.884465 -64.397800 16.587748 2.887915 -26.670437 2.596218 -1.221306 -7.129705 8.840306 -0.864611 -13.362275 -50.140376 38.744083 -64.231519 -12.656846 2.121094 -23.159654 
0.973749 106.543457 13.674896 169.460242 -69.752393 175.294109 1.624115 5.661928 10.917733 -4.782011 -12.689595 3.725130 3.477132 21.563149 -9.682413 1.091088 -0.410578 -0.512838 -8.072002 1.566563 -44.020384 3.509666 -7.586052 87.629328 0.255906 -15.690805 -3.731335 2.578119 1.449159 -2.275408 -1.673347 -6.835840 18.007904 -1.602640 1.763244 -7.058921 0.456311 -0.649855 8.705255 1.173757 0.450212 10.047535 3.529877 5.793332 -10.334204 -5.349612 4.469933 -9.693798 -7.555209 0.443387 -15.530903 52.852838 -35.515189 -70.099328 24.178329 2.179043 -19.650264 2.114269 -1.508503 -8.282203 6.667406 -2.153699 -17.115337 -60.736328 35.587515 -74.143310 -20.191479 2.616663 -20.035744 
0.120600 106.472321 13.544670 169.751002 -70.250617 175.234837 1.999311 5.798360 10.882060 -5.421895 -13.457289 4.487802 3.208053 21.668779 -10.816076 1.339358 -0.426143 -0.400734 -8.865322 2.009475 -49.536753 3.782558 -10.304437 97.388214 0.344594 -14.905110 -5.183254 2.586999 1.362836 -2.128137 -1.633495 -7.978358 19.836672 -1.460888 2.021762 -7.510776 0.748838 -1.124101 8.511773 1.704409 0.415900 10.478486 3.007198 4.734932 -10.202949 -5.112492 4.576776 -9.522855 -5.868486 2.268124 -17.393376 58.305498 -34.343077 -73.917889 29.789768 0.287059 -15.428781 1.987017 -1.871697 -8.769223 5.193189 -3.446931 -19.949886 -67.957384 32.520191 -80.319957 -25.357101 4.217882 -17.972290 
-1.067086 106.494080 13.410254 170.341126 -70.503300 175.024812 2.125419 5.629156 11.419524 -5.484707 -13.756063 4.297541 2.983234 21.828018 -11.588161 1.518394 -0.466132 -0.318661 -9.801603 2.409747 -54.254038 3.335026 -12.443320 104.855027 0.351933 -14.398523 -6.329405 2.524233 1.376952 -2.101575 -1.407834 -9.188041 21.319142 -1.201958 2.342945 -7.764722 0.849853 -1.531818 8.284126 1.965736 0.058118 10.585440 2.369904 4.421421 -9.835290 -5.105009 5.095454 -9.165707 -6.240658 3.433635 -18.946343 63.563452 -33.288913 -77.873314 34.096809 -1.371590 -14.230840 2.045884 -2.460292 -8.964678 4.707909 -4.074989 -21.727472 -73.052072 29.927697 -84.659236 -28.457343 5.148645 -17.566140 
-1.570574 106.579590 13.303614 171.005842 -70.842889 174.412992 2.484027 5.838333 12.193020 -5.262673 -13.934879 3.415759 2.717860 21.436104 -11.533400 1.506530 -0.492891 -0.287894 -10.190195 2.822366 -56.804360 2.992019 -13.260741 105.821684 0.469736 -14.113321 -6.655003 2.577010 1.369509 -2.128016 -1.037541 -10.042130 22.093766 -1.172165 2.562662 -7.829274 0.806578 -1.838690 8.046955 2.045327 -0.400746 10.405260 2.378580 3.814602 -10.217574 -5.491162 5.026728 -8.996516 -6.940021 3.496350 -19.633298 66.814767 -32.636206 -79.939955 35.811716 -1.674592 -14.377465 2.358864 -2.701451 -8.717227 5.583148 -4.746686 -22.115436 -75.304918 28.559868 -86.350186 -29.458844 4.938784 -18.060974 
-2.179458 106.716690 12.835217 171.370022 -70.857740 174.337116 2.735819 5.933793 13.181643 -4.620790 -14.057856 1.874970 2.365890 21.174158 -10.975806 1.457643 -0.554498 -0.341489 -9.866312 3.428520 -57.586180 2.559158 -13.043895 101.528824 0.756505 -14.148545 -7.397184 2.678958 1.381578 -2.093925 -0.807339 -10.594166 22.170956 -1.188939 2.743403 -7.647515 0.817484 -2.112138 8.019720 2.067004 -0.868981 9.750016 2.654063 3.539588 -10.571771 -6.308498 5.092069 -8.647639 -8.769446 2.528720 -19.495831 70.322937 -32.949295 -82.210789 35.940113 -0.577257 -16.229025 2.758684 -2.821025 -8.004382 7.422811 -4.867870 -21.186763 -74.382134 28.572878 -85.755827 -29.460747 3.913026 -19.384413 
-2.676361 106.890274 12.257612 172.061222 -70.698061 173.957806 3.029065 6.158815 14.405724 -3.488011 -14.149878 -0.239810 2.079151 20.817714 -9.955349 1.339680 -0.585928 -0.355847 -9.030558 3.837735 -56.074298 2.094922 -11.810907 94.177058 0.763347 -14.424584 -7.500198 2.699298 1.391697 -2.020742 -0.702598 -10.733928 21.844037 -1.214867 2.787032 -7.465645 0.937575 -2.240793 8.094022 1.958042 -1.420476 9.102437 3.498549 4.013496 -10.971193 -7.435242 5.213017 -8.379099 -12.652176 -0.292448 -18.816136 72.308188 -33.530309 -82.097395 35.362321 0.662194 -18.364230 3.217302 -3.144015 -7.080820 10.788092 -4.264381 -19.388879 -69.867045 29.782585 -81.608676 -27.962165 2.812752 -20.630596 
-3.168788 107.042374 11.046732 172.220050 -70.937954 173.730709 3.627538 6.393545 16.281502 -2.073131 -14.457298 -2.709321 1.638186 20.083781 -8.481775 1.133731 -0.646775 -0.275192 -8.281406 4.143817 -52.730493 1.972086 -10.434861 83.538380 1.325122 -14.215948 -6.624759 2.711005 1.496885 -1.851494 -0.968550 -10.617045 21.392718 -1.145894 2.773438 -7.524928 1.050163 -2.392389 8.414537 2.064831 -2.367285 7.940076 4.477207 4.039294 -11.380820 -8.659756 5.566261 -7.961810 -18.033207 -3.990886 -16.955816 73.013481 -35.577065 -81.041007 33.457365 2.596190 -21.343995 4.368037 -3.748551 -5.897107 15.507544 -3.436927 -16.312376 -62.150658 31.697683 -74.687498 -25.441113 0.429953 -23.031669 
-4.572465 107.127411 10.324496 172.851441 -70.915173 173.401224 3.912141 6.415664 17.516251 -1.377158 -14.081861 -3.524911 1.795064 19.240661 -8.084612 0.754620 -0.721477 -0.169955 -7.516168 4.260851 -47.658147 1.826231 -8.159919 70.403304 1.985643 -13.861495 -4.703089 2.596420 1.439897 -1.833572 -1.137133 -10.015887 20.737134 -0.957534 2.408111 -7.078985 1.097080 -2.589713 8.544688 2.087457 -2.975015 6.488852 5.163231 4.194604 -11.966159 -10.360173 5.863766 -7.351996 -24.123230 -7.447573 -13.643915 71.676485 -38.465635 -78.455164 29.897901 3.787195 -25.271710 5.756665 -4.272297 -5.111806 20.990225 -2.535892 -12.566633 -54.201337 33.245884 -67.089713 -21.319374 -0.902845 -25.057967 
-6.091503 107.094955 8.739920 171.701970 -70.859818 174.898520 4.149253 6.422724 18.755027 -0.754867 -13.914681 -4.136799 1.610739 18.391433 -7.655433 0.630783 -0.717531 -0.061872 -7.500482 3.981419 -42.027834 1.353057 -5.703732 58.037796 3.014048 -13.767429 -3.360708 2.440511 1.301218 -1.541822 -1.264839 -9.292044 19.906959 -1.194625 1.870776 -6.895272 1.397715 -2.800130 9.061627 2.176284 -3.606065 4.962886 5.858938 3.980010 -12.355976 -11.696612 6.012805 -6.628192 -31.102585 -10.045249 -9.183640 66.768729 -42.663089 -71.887735 26.582141 3.098139 -27.626989 6.780082 -4.457751 -4.542535 27.869942 -1.371169 -8.319921 -44.484791 34.042487 -57.287354 -17.955337 -1.349148 -26.668655 
-7.033806 106.894806 7.177828 170.224607 -71.154533 176.571799 4.523800 6.268624 19.681655 -0.303796 -13.955098 -4.698035 1.545263 17.305921 -7.395713 0.627571 -0.721577 -0.156367 -7.843975 3.262166 -36.602530 0.628682 -3.824998 46.666703 4.174285 -13.237619 -1.442778 2.379021 1.273461 -1.262169 -1.654644 -8.521837 18.768975 -1.414997 1.403849 -7.012810 1.774240 -2.993073 9.587391 2.488153 -3.951132 3.048835 6.496075 3.811635 -11.449521 -12.946247 5.911102 -5.996895 -38.506510 -11.812888 -4.286091 59.242346 -46.296851 -63.319565 23.189518 2.073722 -30.881622 8.126929 -4.441905 -4.138504 35.497132 -0.449835 -3.865438 -34.578927 32.754121 -48.297403 -14.942437 -1.131426 -28.150156 
-8.731534 106.550446 6.036976 169.461957 -71.711075 177.440023 4.722121 5.937296 20.885409 0.245243 -14.594182 -4.752230 1.173159 16.771689 -8.700929 0.573994 -0.704090 -0.211370 -7.984485 2.795636 -31.963604 -0.156496 -2.762035 38.516250 5.223372 -12.495517 -0.312428 2.265973 1.130461 -0.885366 -1.731150 -8.043660 18.043287 -1.656335 1.018973 -7.087650 2.055771 -3.184671 9.913137 2.951036 -3.611662 1.271690 6.395902 2.767298 -10.838758 -13.877460 6.010644 -5.332196 -45.488618 -12.512845 0.986298 45.713744 -49.057300 -49.025344 17.566670 -1.802476 -32.602595 9.569086 -4.414866 -3.698095 43.631239 0.220135 1.173344 -23.236563 28.958625 -37.001387 -10.498294 0.428484 -27.090270 
-10.141673 106.183228 4.693243 167.872605 -71.796341 179.286253 4.864259 5.793650 21.636833 0.305423 -14.107700 -4.451200 0.609401 16.048826 -9.846961 0.784442 -0.708008 -0.338632 -8.038102 2.168433 -28.413965 -0.559441 -2.133507 32.853077 5.713528 -12.186907 -0.236969 2.144926 0.969683 -0.605699 -1.495783 -7.446002 16.995171 -1.821705 0.876157 -7.127609 2.177314 -3.224744 10.075417 3.155391 -3.393690 -0.464691 5.862188 1.354133 -10.144406 -15.037349 6.153066 -4.443639 -51.462007 -11.754579 5.815333 30.152528 -48.584431 -31.617327 12.268957 -6.361934 -30.090696 10.651171 -3.866277 -3.148922 51.432298 0.210231 5.440484 -15.234992 24.206597 -28.698083 -6.453634 2.061441 -25.420913 
-11.932589 105.886307 2.763619 166.681947 -71.106005 -178.489216 5.103494 5.800118 22.145457 0.472837 -13.114192 -4.363947 -0.446823 15.544217 -10.314145 0.918629 -0.698192 -0.504311 -7.810339 1.821898 -25.834536 -0.518677 -1.733664 28.878257 5.336560 -11.512461 -1.585085 2.049169 0.884149 -0.541954 -1.167203 -6.858843 15.397622 -1.915160 0.732009 -6.949291 2.195540 -3.034408 9.971057 3.210124 -2.692418 -2.058022 4.892805 0.399172 -10.004665 -15.695723 6.041499 -3.338850 -56.336165 -10.133025 9.370419 16.255894 -42.502939 -15.608605 7.581341 -9.193072 -25.192002 11.446655 -2.983855 -2.529085 57.845566 0.343867 8.616524 -9.497590 18.602337 -22.455574 -3.639306 3.037425 -24.029532 
-13.810354 105.730270 -0.115530 165.043323 -69.429803 -175.507279 5.278233 5.786571 22.168481 0.292329 -11.267006 -3.302955 -2.006341 15.271166 -9.665504 1.122149 -0.713469 -0.586419 -7.344431 1.731725 -23.893859 -0.066386 -1.516058 26.549162 4.420832 -11.251031 -3.280370 1.937608 0.828056 -0.471811 -0.646200 -6.249215 13.534173 -1.865893 0.481232 -6.423255 2.206098 -2.680624 9.575579 2.961732 -2.002607 -3.079404 4.021892 -0.134362 -9.714963 -16.315245 5.204928 -2.260301 -59.654496 -8.451277 11.608650 7.627683 -31.941289 -5.900476 2.254580 -10.575789 -19.847602 12.200483 -1.468881 -2.155025 62.197409 0.427338 11.162570 -6.045545 13.423823 -17.773533 -1.310307 3.856676 -22.798313 
-16.737995 105.773026 -2.750942 166.968126 -67.960043 -175.704755 6.082022 5.592604 21.715043 0.034740 -9.758018 -0.576817 -2.987100 15.888647 -9.227388 1.176996 -0.712931 -0.602466 -6.388118 1.701754 -22.218286 0.579236 -1.572971 25.189003 3.049410 -11.496521 -4.487507 1.890876 0.821960 -0.511375 -0.198570 -5.876548 11.906351 -1.472513 0.180022 -6.084599 2.082203 -2.549603 9.331465 2.760085 -1.417643 -4.000200 3.448263 -0.337327 -9.520806 -16.546469 4.893472 -1.294921 -61.139438 -6.832747 12.498321 3.457583 -23.392498 -1.020910 -0.522545 -10.857762 -17.894126 12.753274 -0.566353 -2.150749 64.622072 0.129141 12.733778 -4.676116 10.600378 -14.317540 -0.830360 4.515049 -22.915942 
-18.079348 106.060516 -4.887116 169.421882 -66.348147 -176.810288 6.800941 5.232671 20.165867 -0.197398 -8.338552 4.031493 -2.585979 15.662981 -11.519522 1.213293 -0.735001 -0.591042 -4.763421 1.776902 -20.576061 1.211660 -1.977006 23.763989 1.779647 -12.179655 -5.019674 1.701812 0.822509 -0.553856 0.344093 -5.487251 10.662852 -1.143191 -0.094618 -5.915139 1.830978 -2.370289 9.097829 2.369873 -1.030273 -4.283105 3.014494 0.003845 -9.254416 -17.158401 5.091397 -0.646038 -60.774238 -5.624964 11.711170 2.870176 -18.459916 -0.486193 -1.085704 -10.370811 -17.838099 13.676250 -0.175042 -1.888574 64.698539 -0.262131 13.000530 -4.475425 10.050233 -12.870551 -1.620209 4.730839 -23.206845 
-21.171646 106.554779 -7.716327 170.938474 -64.308635 -177.615101 7.100591 4.531431 16.788685 -0.613578 -6.115392 13.097237 -1.234539 17.219379 -13.688355 1.189080 -0.782787 -0.405083 -2.992882 1.824146 -17.082738 1.507365 -1.529969 21.304136 0.623226 -11.812655 -7.612359 1.521899 0.843750 -0.696736 0.760126 -4.719589 9.946045 -0.894016 -0.606012 -5.927302 1.573473 -2.020850 9.021384 1.519293 -1.296426 -4.442533 2.302894 0.691182 -9.362281 -17.282980 5.816161 -0.686481 -57.829092 -4.822697 9.040519 3.769732 -16.221667 -4.868457 0.141316 -8.999566 -19.521197 14.300618 -0.095808 -1.815054 62.077684 -0.083677 12.485377 -3.889781 10.501787 -12.672380 -1.879641 4.304003 -21.957858 
-23.095587 107.182373 -10.591615 171.304578 -62.667930 -178.438641 7.640476 3.834595 11.348079 -1.337304 -2.841731 25.744829 -0.909785 17.846951 -10.713213 1.158730 -0.801184 -0.228626 -1.253853 1.547415 -12.770693 1.635542 -0.315713 18.232483 -0.298716 -11.526188 -9.159471 1.353245 0.854555 -0.875362 1.254369 -3.696273 9.921728 -1.045220 -1.088763 -6.276522 1.359332 -1.606326 9.238884 0.570170 -1.892234 -4.237108 1.706816 1.102020 -9.746275 -17.307797 6.597859 -1.238139 -53.221793 -5.044724 4.450938 6.473952 -15.192829 -13.371888 2.179310 -6.710231 -22.742349 14.681901 -0.216590 -1.638200 57.358656 0.728411 10.642408 -3.881786 11.684358 -13.259916 -1.053191 3.541704 -20.205781 
-24.863560 107.834396 -13.021218 170.951156 -61.409715 -179.129780 8.588896 3.424060 4.329208 -2.683140 0.610480 39.989820 -0.642866 17.142918 -7.564517 1.090241 -0.869073 -0.134969 -0.116069 0.184313 -7.413907 1.388845 1.528715 13.852649 -1.044165 -10.868008 -9.475531 1.227448 0.869376 -1.244218 1.456186 -2.173283 10.684751 -1.133178 -1.796690 -6.621308 1.061272 -1.032910 9.311184 -0.596309 -3.138041 -3.325428 1.850267 1.560324 -9.931673 -16.906986 6.725175 -2.400028 -46.788217 -5.925030 -1.207731 10.621195 -15.800029 -24.451112 4.478896 -4.229593 -26.207635 14.934231 -0.434882 -1.600104 50.514089 1.337357 7.563546 -4.362174 13.997586 -14.781452 0.352381 2.475438 -18.122035 
-26.539532 108.373047 -15.228598 169.679442 -59.119108 -178.917553 9.219068 2.833755 -3.820410 -4.092350 4.352592 54.633168 0.159107 16.412917 -6.006427 0.772090 -1.046688 -0.232809 0.112152 -0.724401 -3.526620 0.951223 3.320519 11.469882 -1.520331 -9.937724 -9.512124 0.987133 0.984537 -1.977393 1.036254 -0.446303 11.902836 -0.902406 -2.386666 -6.923919 0.820745 -0.380137 8.910415 -1.864118 -4.194363 -1.982903 2.125625 1.957970 -9.535824 -16.508715 5.639895 -3.393431 -38.235557 -6.034135 -6.297067 14.447126 -16.697309 -33.736167 5.657553 -2.254218 -27.464456 15.711197 -0.032107 -1.682216 42.081472 2.324160 3.847820 -5.864584 15.252833 -18.257969 2.437285 0.973327 -16.932201 
-27.597183 108.855499 -17.165327 167.579081 -57.561627 -177.953607 9.532472 2.277563 -12.377040 -5.436792 8.031382 67.497297 0.906708 15.469270 -5.719442 0.546909 -1.128608 -0.359806 -0.407096 -1.828032 -0.905894 0.631962 4.661828 10.529596 -1.597006 -9.334816 -9.328286 0.945472 1.008111 -2.594067 0.254643 1.409958 12.948890 -0.689009 -2.815628 -6.986663 0.630164 0.126418 8.483874 -3.148269 -5.000735 -0.604587 2.341213 2.071268 -9.558873 -15.526274 4.655275 -4.515326 -29.719315 -5.514687 -10.006986 17.819653 -18.133445 -40.240289 7.535593 -0.776382 -26.524011 15.385652 0.372295 -2.109484 34.480474 2.240727 0.526943 -7.715855 16.236146 -22.419701 2.725640 -0.335128 -16.445955 
-28.214632 109.335510 -19.548265 164.855506 -56.061595 -176.483590 9.533039 1.681039 -22.209712 -5.896373 11.785148 80.528962 1.710855 14.708444 -6.658171 0.385712 -1.175965 -0.534341 -1.275983 -2.849545 1.586636 0.616280 6.366767 9.698126 -1.342079 -9.260807 -9.087768 0.845921 0.963110 -3.149750 -0.542507 3.290156 13.713379 -0.445288 -3.323507 -6.959167 0.365093 0.652975 7.873095 -4.083126 -5.950546 1.019973 2.922263 2.314004 -9.894858 -14.470227 3.692494 -5.534375 -20.622686 -4.021097 -13.036624 20.387787 -19.876785 -44.613806 8.007854 -0.493833 -24.314795 14.823597 0.502987 -2.436279 26.509495 1.672313 -3.180774 -9.730569 17.451241 -26.375281 4.038251 -0.878831 -16.730447 
-29.194395 109.789413 -21.985746 162.451503 -54.439143 -175.178310 9.950412 1.581175 -31.992031 -5.426557 15.978861 92.133907 2.355940 13.648457 -8.285224 0.177651 -1.067801 -0.483326 -2.491731 -4.336767 4.111095 0.659343 7.566992 8.827703 -0.698510 -8.898607 -8.847702 1.044113 0.762295 -3.546365 -1.493073 5.289313 14.839963 -0.344621 -3.916685 -7.322645 0.125861 1.113640 7.618250 -4.951544 -6.820037 2.502346 3.658764 2.415355 -10.894562 -12.567209 3.230879 -6.660413 -12.084091 -1.986661 -15.653690 22.816744 -22.262843 -48.069258 8.107619 -0.777113 -22.687997 12.754760 0.473991 -3.112744 19.028380 0.493923 -7.168689 -13.349435 20.295226 -31.276288 5.317058 -0.030448 -18.707506 
-29.729877 110.163849 -22.755138 161.003170 -52.996895 -174.466252 10.692548 2.162471 -40.575583 -3.803446 19.619812 102.524638 2.766112 12.483197 -10.697000 0.136778 -0.893244 -0.421552 -3.850215 -5.944710 6.411125 0.280335 8.274982 6.816499 0.333920 -8.337780 -8.459658 1.252389 0.544843 -3.720074 -2.029493 6.905212 15.881949 -0.457703 -4.580483 -7.965081 -0.048296 1.482612 7.689643 -5.634053 -7.197289 3.881619 3.956378 2.567530 -11.660476 -10.194440 3.131153 -7.685772 -4.535628 0.709389 -17.819048 25.371312 -25.001960 -50.716042 7.352357 -1.561834 -19.861407 9.865816 0.109889 -3.803044 11.719856 -1.258589 -11.194263 -19.032742 25.648469 -36.540554 6.027810 1.356495 -20.103136 
-30.213194 110.336472 -23.293749 159.822627 -51.537284 -174.037520 11.275222 3.043704 -47.578026 -1.811331 22.259477 110.954305 3.017651 11.006494 -12.285884 0.333335 -0.758124 -0.493125 -5.308650 -7.481611 7.743413 0.124351 8.712335 6.442734 1.012749 -7.581224 -8.665847 1.389230 0.369024 -3.812143 -2.151701 7.989335 17.075171 -0.625315 -5.205728 -8.668229 -0.242701 1.870803 7.966533 -5.753470 -7.019403 4.853505 3.877195 2.591739 -11.163813 -8.100938 3.120529 -8.768547 0.710745 3.133937 -19.239492 29.686032 -27.477640 -53.696507 8.367743 -2.463537 -16.798193 7.028427 -0.103697 -4.914516 5.874066 -2.875371 -14.521829 -28.852698 32.624616 -43.896558 4.688557 3.140918 -20.949361 
-30.768148 110.302444 -23.300348 159.249764 -50.110866 -174.293080 11.877830 4.154947 -52.684194 -0.073262 23.579742 115.867885 3.053353 9.738385 -12.397760 0.562467 -0.619401 -0.671978 -6.461784 -8.147105 8.286877 -0.046671 9.558583 7.355863 0.877178 -7.188754 -9.652412 1.579709 0.281636 -3.841847 -1.713100 8.600482 18.360060 -1.010888 -5.647849 -9.694752 -0.525672 2.403571 8.345431 -5.748244 -6.494242 5.518770 3.436621 2.139345 -9.937611 -6.357564 3.033813 -9.869854 3.256332 4.895141 -20.654192 36.451506 -29.222092 -58.385858 13.525216 -2.898204 -15.488558 4.482868 0.007986 -6.424420 2.424654 -3.546203 -18.329280 -43.790355 37.693557 -57.085966 -1.841566 3.224559 -22.485979 
-31.067989 110.190765 -23.623154 158.535713 -49.137996 -174.070930 12.316656 4.707100 -56.531331 1.285780 23.987551 117.167274 3.178651 8.992139 -11.911457 0.516785 -0.470586 -0.670676 -7.127621 -8.013636 8.790250 -0.254446 10.575865 7.540898 0.517099 -7.398841 -10.656531 1.667767 0.180495 -4.093545 -0.900872 8.910117 19.356554 -1.257892 -5.977876 -10.330612 -0.957791 2.774161 8.375277 -5.707345 -6.715795 5.907562 3.179605 2.007532 -8.332355 -5.778897 2.848965 -10.679983 3.359292 6.133638 -22.189454 46.751161 -30.938221 -65.208091 18.610697 -3.172083 -14.187716 2.620082 0.300318 -7.503278 0.199132 -3.791964 -22.106019 -62.555106 39.612325 -73.512497 -7.689965 3.348240 -21.911415 
-31.423939 110.074860 -24.045519 158.209088 -48.555203 -174.468548 12.556112 4.671956 -58.777113 2.119916 24.489297 116.891278 3.654058 8.496091 -12.167656 0.540309 -0.502477 -0.632861 -7.558093 -7.928224 9.619610 -0.254871 11.219508 7.954236 0.466563 -7.564711 -11.634316 1.614783 0.239504 -4.186717 -0.236394 9.208042 19.876044 -1.430695 -6.184713 -10.124390 -1.386591 2.986440 8.122247 -5.650907 -7.305783 6.126148 2.752600 1.604671 -6.979850 -5.826758 2.798091 -11.157206 2.041367 6.363348 -23.121484 56.462412 -32.390788 -70.729161 21.886162 -3.376042 -12.186003 1.950291 0.731381 -7.904563 -1.355358 -3.213089 -24.569706 -75.561799 38.307932 -84.118685 -11.669956 3.335832 -19.701688 
-32.747124 109.970520 -24.388346 158.654188 -48.138417 -175.280149 12.130851 4.506111 -59.046120 2.403763 24.687628 111.798450 3.898170 8.925738 -13.031842 0.435338 -0.526744 -0.598741 -7.859013 -7.806323 10.432338 -0.269870 11.539783 8.983757 0.759850 -7.473472 -12.930370 1.660050 0.281847 -4.340573 0.255141 9.367186 20.149821 -1.578162 -6.286677 -9.914296 -1.634893 2.998205 8.085292 -5.833944 -7.498189 6.270047 2.171549 1.697358 -6.322831 -6.522376 2.892023 -11.506363 0.184988 5.933594 -23.708206 64.549417 -32.940261 -74.911031 24.935625 -3.445079 -10.542095 2.158538 1.079454 -8.424895 -2.072071 -2.018975 -25.836878 -83.832175 36.665316 -90.009976 -15.589274 3.618358 -16.629195 
-34.017555 109.876434 -25.056437 159.162117 -47.959568 -175.923953 11.139014 4.295386 -56.989991 1.498754 24.580921 101.891159 3.863869 10.446929 -14.162277 0.444235 -0.477983 -0.701640 -7.964480 -7.731801 10.839456 0.035320 11.117586 10.661691 1.447473 -7.207156 -14.321414 1.820596 0.253834 -4.453557 0.438776 9.220705 19.808687 -1.699969 -6.113296 -9.662871 -1.680913 2.810783 8.210305 -5.851387 -7.129926 5.923787 1.646389 1.810384 -6.124203 -7.800431 2.890656 -11.468527 -1.332550 4.550693 -23.734647 68.506012 -32.899779 -76.818272 28.018590 -3.185071 -10.554193 3.495216 0.969484 -8.279400 -1.285352 -1.231665 -25.662611 -83.927785 36.236913 -89.540866 -18.444268 3.824942 -14.315477 
-35.710716 109.840652 -26.281923 159.531522 -47.860842 -175.918587 10.056955 4.058305 -53.101131 -0.885254 23.654421 87.892455 3.481741 12.614964 -14.693313 0.518421 -0.492664 -0.863570 -8.026362 -7.784718 11.486450 0.110198 10.398257 11.634516 2.452054 -6.871345 -15.324500 1.955829 0.224680 -4.596943 0.161265 9.019031 18.877501 -1.896411 -5.815355 -9.516176 -1.542243 2.573674 8.665837 -5.697660 -6.235941 5.273018 1.227092 1.831304 -6.510578 -9.100907 2.980631 -11.273539 -2.259079 2.771743 -23.031138 67.614608 -33.515974 -75.429631 30.215169 -3.372313 -11.053808 5.382568 0.637082 -8.095149 1.047578 -0.572678 -24.021179 -78.466092 37.727265 -84.542713 -20.333378 4.407872 -12.968484 
-37.773979 109.885239 -27.561726 160.283409 -48.100677 -176.195749 8.849256 3.717103 -47.268712 -3.614889 21.770289 71.430224 3.096001 14.663815 -15.319121 0.680489 -0.658369 -0.847719 -8.046088 -7.847323 12.346222 0.395042 9.179553 12.739065 3.644026 -6.332054 -15.757526 1.936249 0.224456 -4.602277 -0.034319 8.542474 17.652474 -1.998516 -5.439248 -9.155329 -1.361710 2.176119 9.106386 -5.456708 -5.025428 4.362008 0.550029 1.587666 -7.385734 -10.488938 3.261360 -11.025901 -4.811342 0.508426 -21.612093 64.608261 -34.103019 -72.428682 31.922584 -3.592884 -11.293377 7.430302 0.283086 -7.989005 4.958176 0.491184 -21.268471 -69.841770 38.749569 -76.509007 -21.637226 4.788074 -12.085720 
-39.550144 109.977585 -28.651506 161.435643 -48.393022 -176.552383 7.683118 2.606442 -40.877143 -4.783289 18.238161 54.045005 2.928041 16.866938 -14.477797 0.836521 -0.835793 -0.863937 -7.559547 -7.879130 13.795330 0.238424 7.953181 11.762050 4.590437 -5.905305 -15.259676 1.880366 0.289017 -4.304591 -0.102331 7.871304 16.133313 -2.269970 -4.850093 -9.082507 -1.195431 1.743270 9.353080 -5.385747 -4.129913 3.314667 -0.023055 1.491680 -7.948984 -11.898612 4.250141 -10.849482 -8.698503 -1.941909 -19.188662 59.573914 -34.894999 -68.061582 31.662050 -3.397568 -12.893508 9.454332 -0.439724 -8.053350 9.315768 1.728898 -16.925526 -58.808990 39.984215 -65.176124 -21.353385 4.694606 -10.724572 
-41.561443 110.065872 -29.360632 163.140428 -49.344070 -177.112001 5.884224 1.419076 -33.826696 -4.352322 14.519647 34.721138 2.549094 18.222059 -12.335844 0.958137 -0.869150 -0.655455 -6.457203 -7.706247 15.752414 -0.178063 7.121876 9.566457 5.172445 -6.317608 -14.371610 1.943511 0.302576 -3.690801 0.032978 7.210531 14.362152 -2.454801 -4.257741 -8.820329 -0.996458 1.245295 9.516409 -5.518739 -3.587703 2.416543 -0.253251 1.560485 -8.990446 -13.602541 5.225623 -10.693590 -13.616017 -4.102149 -15.976551 51.822221 -35.267058 -62.472838 30.129411 -2.857744 -15.428217 11.565955 -1.233089 -8.219922 14.857014 2.706700 -11.693438 -47.627027 39.864581 -53.469432 -20.229824 4.237601 -8.831352 
-42.962742 109.987671 -29.682081 164.165887 -50.515546 -177.329133 4.234402 1.253293 -27.439840 -3.766980 12.137146 17.287869 1.906443 18.395192 -9.418454 1.094909 -0.894334 -0.354673 -5.484988 -7.358529 17.721079 -0.658716 7.216503 6.927005 5.262033 -7.516957 -13.977515 1.938822 0.402543 -2.977049 0.299748 6.681524 12.659283 -2.823115 -3.702656 -8.375225 -0.524817 1.029696 9.852796 -5.858353 -3.382826 1.585883 0.065137 2.013283 -8.805240 -15.508268 5.758003 -10.118041 -19.709656 -5.646155 -12.178088 42.887340 -35.266556 -55.158394 27.743255 -2.039140 -16.681760 13.716435 -1.588711 -7.535115 21.073732 3.392728 -6.637876 -33.978878 38.744897 -40.571567 -18.397273 3.766681 -6.624099 
-45.090168 109.644608 -30.428469 165.588209 -51.229987 -177.983410 3.310950 1.314276 -23.451994 -3.058039 11.058488 8.037002 1.375021 17.752446 -7.345811 1.199704 -0.887658 -0.139263 -4.668817 -7.223329 20.080731 -1.102661 7.613085 4.788592 5.358071 -8.308329 -14.053732 1.574507 0.497591 -2.280077 0.575708 6.501209 11.599303 -3.094592 -3.563489 -7.927076 -0.232795 0.955555 9.898353 -6.035693 -2.800293 0.547113 0.218342 2.220721 -8.116260 -16.799939 5.804751 -9.189860 -25.659369 -6.096739 -7.914300 31.085275 -33.276832 -44.939412 22.157207 -1.978032 -18.122055 15.538749 -1.503510 -6.534766 27.891207 4.326703 -1.166588 -20.491897 35.116685 -27.370499 -13.706756 3.294581 -3.785033 
-47.925392 109.194016 -30.961775 167.038851 -52.009107 -178.730201 3.087528 1.491816 -21.486806 -2.559682 11.517112 4.413980 1.489338 17.490310 -6.576306 1.371879 -0.869989 0.004447 -4.569031 -7.423622 22.595483 -1.286732 7.964384 3.157437 5.130856 -8.599910 -14.012137 1.287293 0.526918 -1.769708 0.977661 6.758301 10.955663 -3.317570 -3.549379 -7.364704 -0.042180 1.018141 9.999469 -5.757106 -1.394926 -0.868006 -0.029141 2.338354 -7.426514 -18.164265 5.400024 -7.896530 -31.722696 -5.798204 -4.107426 19.660579 -28.919176 -34.563209 17.310445 -2.103975 -18.983277 17.218673 -0.539419 -5.158496 34.749734 4.981929 4.305638 -10.509620 31.639803 -16.367386 -10.199311 2.881372 -2.165404 
-51.052711 108.665237 -31.032999 168.491157 -52.786485 -179.319456 3.252693 1.336831 -21.342849 -1.957288 12.635887 5.874774 2.500866 17.600502 -5.773057 1.526688 -0.954366 0.051370 -4.902130 -7.416406 24.104894 -1.138862 8.546384 3.199548 4.501010 -8.465394 -14.347083 1.092823 0.538322 -1.661237 1.398486 7.366719 10.556739 -3.435079 -3.551867 -6.675205 -0.166397 1.219393 9.812621 -5.403744 0.212755 -2.725434 -0.790093 2.632791 -7.166284 -19.971697 4.426411 -6.611540 -38.100721 -5.460242 -0.754913 10.654506 -21.433358 -25.913075 13.102517 -2.123218 -18.131814 18.860850 1.361241 -3.658924 41.543649 5.721658 9.153339 -4.590044 28.441299 -8.490417 -7.328899 2.876560 -1.427792 
-54.864567 108.192322 -30.103743 169.609105 -53.805444 -179.521832 3.679192 0.667804 -21.312689 -1.700820 12.606161 9.458166 3.709027 17.747340 -5.506369 1.633303 -0.978561 0.104220 -6.031990 -6.987877 24.204687 -0.946986 8.895322 5.782010 4.136184 -7.575364 -14.900315 0.801600 0.626901 -1.458365 1.354728 7.891361 9.770434 -4.022295 -2.966236 -6.792701 -0.332452 1.397020 9.835233 -4.248581 1.581536 -4.201566 -1.677258 2.054633 -6.399259 -21.016601 4.173857 -5.771752 -44.219317 -6.361362 1.783236 5.381939 -12.128337 -20.376737 10.251808 -2.635768 -17.060406 19.803560 2.736222 -2.462174 48.433931 6.985378 12.550064 -1.271291 21.612220 -3.536871 -6.296080 2.948084 -2.084631 
-57.696186 107.948837 -30.533052 169.475584 -56.176500 -178.419549 3.296445 -0.133958 -21.313422 -1.872513 12.113637 13.076543 4.521071 17.195993 -6.368051 2.053072 -0.887109 0.049737 -7.165846 -7.283898 24.752104 -0.809481 7.940912 8.091226 4.596234 -4.069305 -14.556972 0.757799 0.604327 -1.204485 1.363973 8.158676 9.114010 -4.561433 -2.465027 -6.701765 -0.403815 1.524930 10.023711 -3.135634 2.193577 -5.167173 -2.334936 1.467748 -5.978926 -21.976634 3.864423 -5.264728 -49.482327 -6.960678 4.733035 3.573200 -6.340942 -14.163376 7.163096 -3.615854 -13.409872 20.023006 3.693513 -1.962266 53.302779 7.566473 15.038740 0.564479 16.193158 0.537368 -5.663796 3.334616 -2.345206 
-60.945469 108.039688 -30.901709 168.561968 -59.693794 -177.317234 1.836927 -1.599813 -20.404297 -1.968564 11.321156 15.834075 6.117825 18.117175 -6.899146 2.092738 -0.883714 0.012071 -7.754646 -6.942666 24.479786 -1.462657 6.633235 13.046957 4.596288 -7.979536 -11.947917 0.543335 0.590053 -1.104621 0.896806 8.292265 7.903986 -4.812845 -1.955611 -6.554332 -0.539267 1.566281 9.785824 -2.521545 1.710755 -5.437422 -2.446226 1.415730 -5.376705 -22.310746 3.764355 -4.998482 -52.237248 -7.564403 6.976498 2.662292 -3.758256 -12.340187 5.583445 -4.259469 -13.538671 19.978547 3.564101 -1.952458 55.996089 6.914354 16.563145 0.643875 13.838332 0.834157 -5.698493 3.719311 -3.693664 
-64.292671 108.495728 -31.153269 166.579538 -64.039372 -175.722034 0.047266 -2.976682 -18.520210 -2.669583 10.458722 17.030055 7.917579 19.357882 -7.708387 2.124089 -0.923829 -0.021901 -8.043213 -6.103119 22.093786 -1.610466 5.357090 20.398325 4.485312 -11.630655 -6.955092 0.366169 0.677194 -1.043378 0.382891 7.900686 6.950070 -4.992617 -1.368924 -6.820367 -0.652989 1.502532 9.680546 -2.070274 1.148819 -5.167940 -2.858032 1.548855 -4.329760 -22.425408 3.847634 -4.838904 -53.941738 -8.093375 8.705573 2.033470 -2.493879 -11.344472 4.680833 -4.860092 -13.854725 19.600536 3.015494 -2.221937 57.676011 5.832762 17.292004 0.403089 11.167854 -0.059539 -5.488520 3.797303 -5.621141 
-68.096344 109.189377 -31.378595 164.341740 -69.313860 -174.541718 -2.359759 -4.001571 -14.548304 -2.634113 8.595065 16.291711 9.442005 19.684006 -9.074025 2.170942 -0.839778 -0.043512 -6.842195 -4.857964 16.168543 -0.876529 4.109805 34.076638 4.096384 -12.568808 -1.496343 0.401182 0.722221 -0.818397 0.006612 6.397199 7.258790 -5.144449 -0.845138 -7.179261 -0.655632 1.252380 9.565263 -2.046288 0.809956 -4.287852 -2.947233 1.891773 -3.866923 -22.799466 3.470141 -4.739916 -54.823995 -8.111357 9.897668 1.778397 -2.361009 -10.413434 4.849314 -5.104744 -13.752125 19.110788 2.719527 -2.340700 58.143277 4.514868 17.312342 0.330627 8.748758 -1.442435 -6.639092 3.455533 -6.459360 
-70.975510 110.025345 -31.362467 160.586168 -74.424283 -172.051856 -4.340326 -4.189933 -9.688104 -3.014478 5.278768 13.553802 10.375602 19.170220 -9.566375 2.037719 -0.701820 -0.092189 -5.766831 -3.801879 6.360839 0.092776 1.242678 52.072234 2.619057 -13.541469 3.403966 0.539425 0.658917 -0.678774 -0.605808 4.072318 8.263854 -4.730522 -0.254299 -7.578978 -0.740023 0.795609 9.580814 -2.439780 1.157519 -3.021485 -3.269593 2.376367 -3.588444 -22.687119 2.938683 -4.609511 -54.767034 -8.441066 10.149024 1.708634 -2.958928 -11.252562 5.807537 -5.036606 -14.782634 18.701597 2.362506 -2.534889 57.383061 3.615903 16.262485 -0.772567 7.223303 -4.460813 -6.951805 3.229822 -7.272353 
-73.433937 110.952530 -32.501911 154.731646 -79.298717 -167.993907 -5.379187 -3.601365 -3.870497 -2.564716 0.388374 9.883169 10.342782 18.786108 -9.627786 1.958344 -0.580900 -0.049754 -4.854856 -2.111079 -5.405637 1.473790 -1.307033 70.803776 0.709720 -14.271648 3.956810 0.885890 0.679373 -0.461670 -0.992933 1.151513 10.244620 -4.104659 0.279601 -7.741624 -0.548268 0.168736 9.493103 -3.100302 1.679042 -1.369473 -3.616065 2.795648 -4.051142 -21.990605 2.013208 -4.767709 -53.629317 -8.812997 9.934175 1.916189 -3.488281 -13.010316 7.937732 -3.248443 -17.098856 18.100093 1.879939 -2.793972 55.560730 3.120147 14.072071 -2.995633 6.609049 -8.783467 -7.818282 1.798048 -9.117738 
-74.896797 111.950546 -33.497040 148.392652 -83.669102 -164.564104 -4.740116 -1.431058 3.105599 -2.155199 -4.181796 4.664894 9.110632 17.800835 -8.551543 1.836442 -0.499761 -0.006672 -5.269141 -0.532987 -19.246076 2.258308 -5.709930 89.022412 -0.834309 -14.151275 2.165992 1.151325 0.823772 -0.486408 -1.109251 -2.011274 13.638704 -3.099343 1.019178 -7.443263 -0.336307 -0.643901 9.202218 -3.733435 2.374299 0.429848 -3.828842 2.735173 -5.187437 -20.426314 0.141863 -5.179793 -50.705025 -9.679408 8.661900 1.930253 -4.534336 -16.937559 9.502197 -1.191905 -18.625703 17.542013 2.679945 -2.863667 52.192046 3.296836 11.495621 -5.229104 7.137025 -14.168626 -8.468675 0.769444 -10.374574 
-77.499321 112.919449 -34.010239 143.559936 -88.244127 -162.049101 -2.839858 0.687244 8.583879 -1.454239 -9.381412 2.144273 8.276936 17.970448 -8.426748 1.666085 -0.482744 0.299374 -5.916834 0.528737 -32.377519 3.128264 -10.671490 101.470897 -0.913009 -13.087978 0.098437 1.799055 1.037271 -0.442584 -0.852622 -5.239729 15.749267 -1.437126 1.394625 -7.286691 0.220009 -1.392710 10.113861 -4.418537 3.182712 3.066339 -3.697644 1.547498 -6.484727 -15.092523 0.541630 -6.405129 -41.670032 -11.893459 4.574824 2.585057 -9.437473 -25.134118 12.997320 2.565104 -23.920430 14.593439 1.315571 -3.745234 45.614413 1.878310 6.796782 -8.766812 10.186533 -26.260859 -13.660735 -2.389936 -17.478933 
-80.231506 113.919952 -33.275913 -30.887987 -86.759520 10.670984 -0.407854 2.753910 12.900167 -1.267215 -14.459913 0.282055 7.475553 17.884071 -7.816165 1.277141 -0.331547 0.476388 -7.827534 0.981368 -42.670225 3.395472 -14.842113 111.153631 -0.659044 -11.670548 -1.130469 2.171358 1.143822 -0.666097 -0.478442 -8.156758 18.357753 -0.002004 1.540452 -7.609330 0.530941 -2.442845 10.030045 -4.893889 4.244666 6.601397 -3.054414 1.367582 -8.473795 -9.724439 0.856952 -7.537766 -26.043522 -12.664002 -2.726496 5.854801 -18.273995 -31.436208 16.110817 3.196837 -25.853036 11.426905 -1.188452 -4.847651 35.473490 -1.325394 0.631369 -15.948004 17.213324 -35.354812 -19.227430 -2.813710 -20.342932 
-82.375252 114.776917 -31.395559 -35.454260 -82.183467 13.611480 1.453332 3.552012 16.503589 -0.731658 -18.063038 -1.148467 6.494198 18.095530 -7.424858 0.722707 -0.143367 0.585363 -10.391012 1.339414 -51.481965 4.152309 -17.141481 116.906599 -0.206435 -10.599372 -1.213970 2.280346 1.184189 -0.982901 -0.316300 -10.276566 20.013154 1.507022 1.378515 -7.330079 0.780245 -2.925937 9.426975 -5.643971 4.545331 10.521347 -2.773059 0.725147 -9.064975 -3.053725 0.392519 -7.973693 -11.425588 -11.645027 -8.108924 8.538155 -26.632185 -33.877299 16.142915 0.013565 -23.615574 8.505987 -3.236223 -5.730062 23.949164 -3.800337 -4.533800 -24.933240 25.102870 -42.569340 -20.254701 -0.098414 -20.345288 
-84.250488 115.344437 -30.986040 -36.342088 -78.121524 12.865290 4.995399 5.311643 19.369094 -0.899381 -19.886995 -1.774951 4.894201 15.983948 -7.664768 0.562003 -0.066297 0.464710 -13.244527 0.258077 -57.542860 3.891231 -18.524797 122.851349 -0.873819 -9.972538 -3.354111 2.703952 1.176224 -1.429942 0.555001 -12.477049 21.295364 2.458176 1.438709 -7.023783 1.043505 -3.531025 8.929957 -5.567947 4.409372 13.644122 -2.895415 -0.108893 -9.753666 1.056210 -0.169855 -7.461123 -2.972128 -9.548003 -10.973768 10.893261 -32.126661 -35.308816 15.949122 -1.726820 -20.096562 5.377062 -3.651014 -6.001960 16.573849 -6.044505 -8.504477 -34.189179 31.594803 -48.733668 -20.863559 1.188137 -18.550579 
-87.419060 115.792084 -30.602678 -34.971696 -73.662570 10.874192 8.358958 6.297482 21.214923 -0.987916 -20.678812 -1.100146 3.196642 12.821656 -9.186541 0.400424 0.067190 0.220285 -16.320069 -0.945026 -61.477615 4.062057 -18.298522 127.395652 -0.575548 -9.287890 -4.440237 2.990870 0.968371 -1.810673 1.543627 -14.784513 21.645860 3.035353 1.262745 -6.736840 1.219090 -4.459612 8.836277 -5.054931 4.755542 16.792723 -3.428419 -0.779225 -9.454765 4.104525 -0.468361 -6.475312 2.956129 -7.188524 -12.561403 13.890333 -37.311785 -36.770177 17.618069 -2.695825 -18.198320 2.504255 -3.862750 -5.915566 11.233246 -7.322825 -11.631897 -43.298943 37.516949 -55.901550 -23.694479 2.443736 -17.404325 
-88.556435 116.169785 -29.783865 -34.959968 -70.584221 9.260458 10.356038 6.746505 22.416971 -1.268418 -21.050552 0.638454 1.855342 10.887189 -9.894201 0.356545 0.166967 0.207011 -17.576127 -1.694611 -63.459754 4.674028 -17.642201 127.290203 -0.033292 -8.553446 -3.415574 3.261707 0.937089 -2.025173 1.820076 -16.060102 21.884250 3.502129 0.905930 -7.017639 1.400899 -5.080923 8.849691 -4.214289 4.711708 19.782086 -3.419475 -0.893675 -8.620250 6.055115 -0.296378 -6.086016 5.256087 -5.788939 -13.561186 20.076077 -42.847710 -39.740705 21.278540 -4.369105 -16.600323 0.712008 -4.410322 -6.304794 10.407887 -7.550025 -13.664731 -57.246664 40.899257 -66.481525 -28.243638 3.547892 -15.808638 
-89.841370 116.371613 -28.828035 -35.716441 -69.133861 9.346612 11.329425 6.881196 23.072551 -1.510183 -20.995511 2.257450 1.577058 10.087015 -10.602347 0.312181 0.163872 0.305096 -18.042867 -1.804053 -64.517679 5.050195 -17.151430 125.284147 0.646442 -7.731403 -1.963962 3.136855 1.022309 -2.049042 1.936619 -16.718566 21.651402 3.889693 0.811447 -7.376038 1.587554 -5.286549 8.913754 -3.937032 4.193707 21.792517 -3.541323 -0.634751 -7.632024 6.389201 0.033599 -6.172284 5.538528 -5.718042 -14.150387 28.731198 -47.730551 -45.481031 24.717772 -5.163085 -16.210310 0.346258 -4.900240 -6.600207 10.866792 -7.061627 -14.843911 -70.516284 42.104607 -76.218824 -31.380685 5.028821 -13.670172 
-91.289391 116.421982 -29.670889 -32.965159 -68.465917 6.132044 11.918882 6.831129 23.605550 -1.947311 -20.631184 3.678181 1.164705 9.112761 -11.214911 0.237510 0.119947 0.351346 -17.641164 -1.378442 -63.692762 5.081908 -16.585246 120.664933 1.309299 -7.789126 -1.009441 2.976375 1.100977 -2.007660 1.573338 -16.936314 21.207325 4.118287 0.608539 -7.276389 1.606915 -5.443632 9.068190 -3.878905 3.764374 22.737697 -3.430429 -0.324233 -7.537293 6.343704 0.287574 -5.903621 4.702168 -6.067626 -14.101828 34.565463 -51.406078 -49.145719 25.883853 -5.279226 -15.921816 -0.015843 -5.317445 -6.405384 11.918582 -6.351697 -15.250220 -76.929253 42.752302 -80.707783 -31.941716 5.702814 -12.640039 
-92.844078 116.385147 -30.186621 -30.219314 -67.836928 3.583836 11.745505 6.291999 24.161047 -1.833488 -20.026796 3.918308 1.229355 8.589844 -11.737118 0.222530 0.104219 0.368833 -16.911134 -0.001224 -61.994428 4.858253 -15.779768 114.720516 1.780754 -8.421361 -0.861932 2.871688 1.116579 -1.970349 1.134598 -17.053032 20.628613 4.219065 0.395533 -7.040141 1.361737 -5.568545 9.168874 -3.979564 3.504894 22.426261 -3.534314 -0.240715 -7.260216 5.367133 0.377970 -5.506766 3.117545 -7.366529 -13.081702 37.964277 -54.290139 -50.693663 24.874337 -5.260448 -16.839681 0.590842 -5.601262 -6.212658 12.898316 -5.363203 -14.922335 -79.103103 43.357180 -82.180402 -30.343156 5.586182 -14.181492 
-94.682571 116.330490 -31.286379 -25.941084 -68.048928 -0.036169 11.117965 6.041212 24.335677 -2.028000 -19.193173 4.623961 1.138140 8.108519 -12.106086 0.236519 0.056174 0.357852 -14.973982 1.788461 -58.964927 5.025508 -14.513608 105.346545 2.337472 -9.045954 -0.904021 2.829915 1.093192 -1.999343 0.608429 -16.642188 19.632490 4.141965 -0.057444 -6.612037 1.066503 -5.611001 9.452867 -4.525301 3.624819 21.470293 -3.596647 -0.137455 -7.396910 3.780917 0.355188 -5.190709 0.338201 -8.614921 -11.142702 36.816191 -56.181602 -47.820710 22.953812 -5.056600 -17.008652 1.787956 -5.746051 -6.049162 15.789989 -4.687095 -13.183694 -77.511194 44.841940 -79.793558 -27.428236 4.592666 -15.724877 
-96.179222 116.253265 -32.604240 -21.500556 -68.701905 -3.098940 9.766855 5.609726 24.051505 -1.555370 -18.646418 4.283148 1.347834 8.456073 -11.962931 0.179953 -0.028269 0.385745 -12.107550 4.188963 -55.045211 5.583640 -13.014254 92.777626 2.953972 -9.174465 -1.365687 2.862224 1.009531 -1.940443 -0.006712 -15.832664 18.440511 4.343295 -0.351843 -6.345412 0.872269 -5.555582 9.595946 -4.945672 3.335519 19.987959 -3.305892 0.006682 -6.739757 1.475304 0.426165 -5.049945 -3.168063 -10.466268 -8.506300 33.477844 -57.636817 -42.895724 20.376318 -4.955703 -17.039225 3.887002 -5.915734 -5.714368 19.358136 -4.487078 -9.879019 -71.906675 46.843698 -72.991882 -23.676978 3.727075 -16.638756 
-96.617981 116.188400 -34.263924 -14.850448 -69.926485 -8.846104 7.282087 5.349787 23.156807 -1.215544 -17.603804 5.171739 1.494229 8.975721 -11.517345 0.138216 -0.237421 0.237648 -8.494855 6.199272 -48.158436 6.385039 -9.864341 76.943765 4.174778 -9.629365 -1.022559 2.707938 1.040868 -1.998492 -0.540908 -14.442309 16.826206 4.055016 -1.170578 -6.017400 0.656765 -5.241420 9.862809 -5.984599 2.705179 18.973725 -3.274611 0.723763 -6.768606 -1.449637 0.386540 -4.222962 -8.950112 -11.264664 -5.400689 21.289383 -55.777817 -29.215579 16.587451 -5.091520 -16.124131 5.846611 -5.846151 -4.885065 23.592447 -4.065783 -6.346290 -59.841231 48.448226 -60.503148 -21.027083 3.440673 -16.670546 
-98.137184 116.033478 -35.232410 -6.692614 -70.309773 -16.192254 4.995480 5.575103 22.382100 -1.803793 -17.085163 7.716446 1.808869 9.145478 -11.753025 0.285314 -0.340066 0.293677 -5.420434 6.512979 -37.609328 7.914337 -2.983013 58.800284 4.896919 -10.067253 -1.863061 2.220705 1.089717 -1.981718 -1.262234 -11.852862 15.638193 3.724053 -2.081376 -4.777839 0.427871 -4.866788 10.200269 -7.059713 1.614936 16.992277 -3.007191 0.492999 -7.197444 -4.686323 0.427187 -3.809377 -16.119704 -12.247858 -2.110207 8.039520 -50.927327 -13.939290 14.907246 -4.216042 -13.932613 8.197248 -5.334081 -4.186879 28.982938 -4.986208 -2.012764 -44.210726 48.258684 -45.615327 -20.129199 2.444617 -16.462666 
-99.418266 115.856384 -34.828701 -4.122478 -69.974776 -16.703600 3.019149 4.695977 20.969560 -1.020098 -15.422376 8.205008 1.999866 9.038961 -12.934602 0.425089 -0.513010 -0.246914 -2.872386 6.789261 -29.062730 6.310299 2.001217 40.916216 5.993616 -9.608532 -2.387722 1.754806 1.084557 -1.700859 -1.766998 -9.896717 14.897176 3.154341 -2.843446 -4.444641 0.342576 -4.765460 9.781337 -8.389879 -0.157366 15.354177 -3.990227 0.145230 -6.407468 -7.714625 0.231907 -3.602733 -24.853852 -12.167287 1.585121 -1.299206 -39.208575 -2.681339 11.643829 -5.036894 -9.685133 11.477324 -4.684185 -4.396903 34.345584 -3.438055 2.493623 -26.259628 40.661730 -30.494258 -15.900966 2.563993 -13.740412 
-101.466904 115.824661 -33.517731 -1.456754 -69.588157 -16.955668 1.230751 4.449252 19.904545 -1.026603 -14.953072 8.690260 1.581152 9.702744 -13.877908 0.683892 -0.596294 -0.156018 -1.825903 5.537495 -21.475004 4.780816 6.004422 28.789099 6.486621 -8.898536 -3.167514 1.144113 1.057743 -1.375035 -1.364324 -8.028309 13.657194 1.936396 -2.796216 -4.779755 0.645859 -4.441679 10.051628 -9.346786 -1.335110 13.705581 -4.394656 0.486658 -5.937066 -11.574208 0.608884 -2.918150 -35.532993 -12.590431 5.825140 -2.858510 -29.709188 -1.075083 11.076081 -4.195197 -9.162560 13.547193 -3.036219 -3.370916 39.605364 -2.516390 5.923479 -14.150838 30.157468 -20.271057 -14.827209 2.670606 -9.737949 
-104.126640 115.699814 -32.953411 0.556167 -67.901414 -16.531609 0.116255 3.566219 18.557907 -0.744206 -13.270920 9.673369 1.310321 9.438477 -14.642412 0.787489 -0.765136 -0.147290 -1.001200 4.506318 -15.293331 2.310246 7.894779 18.550097 6.092804 -8.384242 -3.400815 0.712055 1.041780 -1.165911 -0.777317 -6.450072 12.438721 1.242835 -2.790950 -4.932791 0.770225 -3.948187 9.799394 -9.544295 -2.640504 11.504345 -4.730528 0.749727 -5.634107 -15.049021 0.910615 -2.428988 -45.117733 -11.708570 9.874872 -2.925265 -22.722953 -0.991392 10.327543 -4.684176 -9.590926 15.748713 -2.294188 -2.288848 44.664051 -2.104922 9.190169 -7.183394 20.865867 -14.576774 -12.016884 2.999573 -5.210681 
-107.528969 115.687790 -32.177967 0.587860 -65.409873 -13.840778 0.183933 2.389503 17.099713 -0.966301 -12.464525 10.796350 0.677088 9.730271 -14.980160 1.072218 -1.098261 -0.218711 -0.339816 3.722334 -10.966248 0.583363 7.047752 12.499211 4.790345 -8.428316 -4.597274 0.404980 1.089080 -0.956373 0.243838 -5.100780 11.466787 0.519472 -2.400731 -5.297034 1.075377 -3.374085 9.619896 -8.385470 -3.180960 8.793930 -4.503182 0.824888 -5.682365 -18.267209 1.511257 -1.211702 -53.738890 -9.599352 12.860988 -2.528567 -16.121889 -0.242415 9.652436 -4.948274 -10.488371 17.202200 -1.494140 -0.995945 50.540880 -1.614177 11.356118 -3.073217 12.989434 -10.503055 -10.960887 3.022875 -4.089000 
-110.889984 115.854340 -31.389402 1.309059 -62.936778 -11.952118 0.111759 0.865406 13.274839 -2.411430 -11.387110 16.707005 0.467911 10.906474 -14.784135 1.254483 -1.188074 -0.343127 -0.174553 2.623460 -7.949815 -0.316837 6.180167 8.573418 3.222145 -8.754815 -5.693601 0.061864 0.965859 -0.885049 1.316078 -3.588871 10.546097 -0.070846 -2.389704 -5.110779 1.227234 -2.885670 9.748915 -7.939641 -2.766831 6.207564 -4.285092 1.002344 -5.840820 -20.325792 1.792445 -0.343642 -57.493688 -7.872957 13.254436 -1.660671 -11.681410 -2.572301 7.563768 -4.910553 -12.630623 17.998611 -0.446754 -0.339231 54.382857 -1.708612 12.902270 -1.768751 11.047822 -7.389008 -7.675604 3.288568 -4.363639 
-113.452026 116.171631 -30.363779 1.234176 -59.532821 -10.879058 1.007633 -0.444547 7.969858 -3.942162 -8.737881 25.715765 1.650796 12.835637 -14.754384 1.482483 -1.307983 -0.600098 -0.647996 1.426003 -5.294577 -0.506475 4.852872 6.204798 1.270700 -9.153300 -6.652827 -0.051851 0.796041 -1.111408 1.770547 -1.996101 10.256117 -0.097156 -2.612290 -4.559191 1.453954 -2.507119 9.457140 -7.676430 -1.951983 4.579020 -3.964890 1.606555 -5.902298 -21.032978 2.083657 0.248237 -58.864981 -6.378440 12.198632 -1.695810 -7.945210 -4.134923 5.489768 -4.582724 -13.635508 18.546043 0.367517 -0.358268 56.256216 -1.579337 13.810003 -0.831781 10.644707 -4.159034 -5.219414 3.680195 -4.178049 
-116.043915 116.659409 -28.723059 1.283513 -56.447750 -10.513984 2.297270 -1.588606 0.103647 -4.936824 -4.802263 36.472959 3.207594 14.199259 -14.532459 1.333098 -1.348192 -0.515704 -1.328337 0.652484 -2.146699 -0.507348 5.002713 4.606527 -0.163094 -10.282228 -7.601909 -0.063845 0.653809 -1.419898 2.420867 -0.407702 11.180128 -0.181461 -2.775028 -4.322066 1.582725 -1.897007 9.549654 -7.699698 -1.100955 2.533848 -3.814694 2.316142 -7.207831 -21.275073 1.833210 0.173380 -58.026242 -5.730808 10.412621 -0.752465 -6.115542 -6.591216 4.784026 -3.178307 -14.712597 18.944829 1.370535 -0.251669 55.806259 -0.386959 13.788513 -0.622794 11.617508 -1.924298 -3.398220 2.777875 -3.416949 
-117.715195 117.134369 -27.449438 1.607487 -52.766809 -10.690455 3.351562 -2.770239 -6.724973 -5.018545 -3.362042 41.995369 3.796145 14.909159 -13.125349 1.014471 -1.263802 -0.426716 -2.185479 -0.584465 0.260523 -0.632989 5.499519 3.879212 -0.743699 -11.794731 -7.620307 -0.170060 0.484999 -1.597493 2.813743 1.266286 12.302675 -0.296630 -2.620106 -4.641989 1.792231 -1.058213 9.604527 -8.027189 -0.861370 1.731854 -3.019747 3.428263 -7.791582 -20.248530 1.762393 -0.588098 -54.841111 -6.437967 7.688035 0.817810 -6.384128 -11.648074 5.054782 -1.781553 -18.006958 18.348482 2.012175 0.045325 54.522906 0.617403 13.401284 -0.425084 14.229666 -1.464715 -1.727900 2.075408 -3.672049 
-118.263885 117.516434 -26.931826 1.843774 -49.073994 -11.302701 4.115473 -3.603735 -11.979472 -5.019567 -2.216071 41.731774 3.913127 15.674463 -12.039120 0.718056 -1.176616 -0.444860 -3.159093 -1.547632 1.888000 -0.350794 6.096441 4.006908 -0.464507 -13.514314 -7.254056 -0.033812 0.396616 -1.765262 2.818398 2.805085 13.631061 -0.466527 -2.267503 -5.092468 1.862119 -0.240514 9.756456 -7.903551 -0.915403 1.179648 -1.836356 4.451021 -8.529664 -18.802908 1.751973 -1.897246 -49.242767 -7.550203 4.052479 3.809770 -9.948880 -18.388162 6.934983 -0.284585 -21.650618 17.723778 2.090266 -0.003709 51.778691 1.293884 12.539106 -0.920264 17.780889 -2.648527 -0.155268 1.212011 -3.426902 
-118.949844 117.778702 -25.077723 0.904192 -44.856214 -10.151277 4.773120 -3.462118 -15.906970 -4.850444 -1.064002 37.023496 3.679858 16.113841 -10.304163 0.643248 -1.159520 -0.544524 -4.033574 -3.122041 3.386157 0.186773 5.842442 4.081835 0.071352 -14.636107 -7.206734 -0.022732 0.558891 -2.063916 2.683300 4.098169 14.734219 -0.836487 -1.784372 -5.695240 1.986756 0.366574 9.920397 -7.311177 -0.686707 0.329147 -0.950703 5.176427 -9.598857 -17.738061 1.933650 -3.539400 -41.666037 -7.961436 0.339345 8.244971 -17.482482 -25.315458 10.180074 0.804720 -23.311583 17.532504 1.792314 0.004405 47.308480 1.679399 11.105645 -1.549964 21.295538 -4.447137 0.196593 0.613432 -1.964886 
-119.780228 117.902634 -24.019751 0.436561 -40.848826 -9.979114 4.218783 -3.423852 -18.477379 -4.293774 -0.902012 31.264956 3.275245 16.307831 -8.483711 0.570444 -1.154475 -0.548657 -4.225250 -4.098831 5.425096 0.125792 5.359270 3.865849 0.433083 -15.712250 -7.510623 -0.015153 0.635289 -2.354070 3.004035 4.859475 16.095864 -0.898074 -1.634303 -6.224563 2.076198 0.828550 9.758184 -6.684166 -0.290530 -0.360982 0.145227 6.716655 -11.450402 -17.032827 1.762345 -4.847647 -33.813800 -6.879727 -2.241361 14.896424 -26.631315 -32.299480 13.220901 1.109713 -23.441678 17.117617 1.356353 -0.027085 41.562943 0.948588 8.569316 -3.559824 25.571415 -8.760797 -1.659509 0.254668 -1.858506 
-120.144630 117.879913 -22.413061 -0.219722 -36.645984 -9.728243 3.712628 -2.839162 -20.273812 -3.668816 -0.267287 23.705230 2.265798 16.042145 -5.775722 0.516049 -1.128914 -0.680249 -4.940810 -5.156134 8.033185 0.570228 5.002569 2.965456 0.828316 -16.580079 -7.526034 0.214624 0.680383 -2.609959 3.443860 5.382445 17.269488 -0.954510 -1.496569 -6.897887 2.253137 1.208279 9.913173 -6.154373 0.047104 -1.681873 0.647252 7.987980 -13.483575 -16.085561 1.643148 -6.297710 -26.217313 -5.347204 -4.504888 22.462487 -34.682191 -38.711031 16.329126 0.889496 -20.804013 16.143504 0.906793 -0.379211 34.390625 -0.189798 5.680706 -6.141163 30.966827 -12.874644 -3.584878 0.269266 -1.117626 
-121.190926 117.735489 -20.917311 -0.004438 -33.586465 -10.018177 3.482571 -2.099557 -22.372685 -3.900437 0.368048 18.101051 0.825007 15.480067 -2.999422 0.394913 -1.067170 -0.799094 -5.855943 -6.441044 10.354920 0.924575 5.260654 2.698628 1.187814 -16.669662 -8.530864 0.408464 0.689052 -2.794474 3.685629 6.030314 18.274925 -1.092164 -1.511291 -7.448669 2.448390 1.523676 10.143187 -5.952718 0.325616 -2.640181 0.865276 8.984929 -16.392288 -14.304441 1.915348 -7.737555 -19.863330 -3.891111 -7.131981 30.000223 -40.216337 -46.072981 18.815726 1.005933 -19.762733 13.980058 0.538036 -1.113332 28.514405 -0.965830 2.425362 -9.509772 35.003692 -17.890877 -5.384859 -0.151204 -1.195151 
-123.048439 117.581772 -19.719280 0.911397 -30.217131 -10.403713 3.554989 -1.417094 -25.232006 -4.596096 1.140025 16.340234 -0.092819 15.221462 -2.503057 0.290133 -0.946999 -0.640647 -6.577200 -7.332647 12.175843 1.199638 6.207873 3.285681 1.283900 -17.004097 -9.904824 0.724342 0.764524 -2.835511 3.521203 6.751629 18.645018 -0.840787 -1.872185 -8.156088 2.616042 1.673274 10.813864 -5.538795 1.025636 -3.194594 1.044358 8.941159 -19.998180 -11.665771 3.135203 -9.391527 -14.065062 -2.591880 -9.951656 37.734301 -43.559405 -53.418301 22.761070 0.342633 -18.526654 11.768356 -0.104983 -2.631216 23.995796 -1.754930 -0.678600 -15.538519 39.729276 -24.242735 -9.360350 0.716050 -2.668083 
-124.601242 117.469452 -20.415545 2.563480 -27.135943 -11.962977 3.677454 -0.930160 -28.464618 -5.309530 2.246134 16.593501 -0.196356 15.307168 -4.012518 0.259311 -0.962391 -0.498157 -7.027426 -7.915619 13.511795 0.874665 7.095412 3.905911 1.426636 -17.455542 -11.250374 0.901349 0.836178 -2.999836 3.200528 7.505217 18.687450 -0.469645 -2.243876 -8.871781 2.677925 1.748023 11.366525 -5.080154 1.389647 -3.234192 0.927058 8.092395 -22.787760 -8.946068 4.559395 -10.851046 -9.728120 -1.743824 -12.250581 42.752287 -44.582371 -57.758420 25.713191 -1.025362 -17.428720 9.451780 -0.811556 -4.708138 21.663874 -1.968959 -2.836426 -23.662381 44.333242 -31.513331 -13.605343 2.126581 -6.008961 
-125.491524 117.450531 -20.706537 3.403146 -24.659019 -13.102173 4.439443 -1.050755 -30.584927 -6.335203 3.460375 19.806386 -0.214950 15.553427 -3.948224 0.123504 -1.008272 -0.284251 -7.557815 -8.408743 14.636166 1.176627 7.596824 4.675854 1.368679 -17.109005 -10.948922 1.177130 0.943056 -3.121852 2.749265 8.276485 18.296298 -0.024893 -2.487371 -9.454395 2.711717 1.761162 11.626210 -4.531471 2.695813 -3.375983 0.788244 7.708911 -23.828910 -6.407979 5.857778 -11.352302 -6.734306 -0.692939 -14.104022 46.096790 -45.520568 -60.861926 27.150063 -2.742144 -18.121619 7.864669 -2.071181 -5.996132 19.862942 -2.238865 -4.272771 -34.716282 50.147461 -41.358145 -14.984027 2.700861 -10.739327 
-125.809677 117.492340 -20.635029 4.117886 -22.492916 -13.596897 4.824620 -1.324146 -32.388460 -6.910985 4.418008 22.533800 -0.226908 15.485301 -4.481102 0.199282 -1.092077 -0.312962 -7.870458 -8.240028 14.979993 1.006934 8.300121 5.586129 1.633506 -16.985779 -10.258128 1.470149 1.067734 -3.178547 2.220333 8.769092 18.017479 0.231011 -2.620813 -10.373906 2.821185 1.626111 11.890611 -4.127601 3.042519 -3.717239 0.910785 7.617776 -24.246021 -4.777080 6.850097 -11.615394 -4.673426 0.661079 -15.524313 49.899234 -46.051870 -63.977924 27.992634 -4.111432 -17.734169 6.463434 -3.331868 -7.061095 18.696669 -2.141271 -5.316597 -50.389836 55.763341 -54.725115 -16.022268 3.895062 -13.387508 
-125.725861 117.569016 -20.146435 4.328079 -20.952595 -13.551093 4.997999 -1.339820 -33.361781 -7.691155 5.629812 25.049726 -0.184687 15.414027 -5.181674 0.231127 -1.118172 -0.293922 -7.945848 -8.062248 15.118316 0.738266 8.781046 6.206925 2.361921 -16.517272 -9.386985 1.542814 1.086565 -3.180042 1.893704 9.062934 17.565116 0.365610 -2.604315 -10.634556 2.735164 1.553599 11.967654 -3.571785 2.832979 -3.579228 0.974193 7.515529 -24.143824 -3.842496 7.326749 -11.586614 -3.489606 2.178266 -16.305590 52.593565 -46.701291 -66.414334 27.702351 -4.654229 -18.229724 5.239051 -3.863429 -7.449724 16.904767 -1.761716 -6.258435 -68.057371 59.213511 -70.299296 -15.563676 4.973471 -14.921466 
-126.230797 117.661163 -18.682114 4.552879 -19.228603 -12.011262 4.997463 -1.367054 -32.793098 -6.915417 5.935734 24.475957 0.130024 15.111871 -4.916170 0.260104 -0.967722 -0.444861 -7.759174 -7.692258 15.294637 0.432671 8.869181 5.313586 3.026692 -16.419880 -8.838724 1.720920 0.938637 -3.042704 1.717875 8.929628 17.005794 0.108076 -2.679821 -11.107554 2.930462 1.335431 12.381237 -3.515892 2.360266 -4.180877 1.134246 8.073319 -24.748199 -4.232661 6.882237 -11.404185 -3.533178 3.411775 -16.838487 55.178463 -46.734420 -68.761262 27.999840 -4.185339 -16.482586 4.118651 -3.796336 -7.526989 15.700629 -1.335297 -7.716696 -85.523669 59.580386 -86.388889 -15.723886 6.177938 -12.916372 
-126.161217 117.713043 -18.302319 4.235110 -17.020936 -11.057406 4.748196 -1.393947 -31.002352 -6.283830 5.552268 21.818727 0.189478 15.035486 -4.993667 0.329867 -0.911452 -0.469140 -7.190048 -7.491199 14.843633 0.539674 8.526388 5.791211 3.073245 -16.862880 -8.678903 1.711372 0.898136 -2.966892 1.816968 8.399207 16.747393 0.034924 -2.718804 -11.485773 2.924259 1.101528 12.584171 -3.254494 2.468922 -4.219230 1.071476 8.661735 -24.618173 -5.094654 6.598242 -11.111833 -4.969858 3.967781 -16.565374 56.233113 -47.127286 -69.180215 29.069832 -4.269157 -15.434963 4.238710 -3.631520 -7.503114 15.242008 -1.392085 -8.281582 -92.916144 59.137511 -92.892959 -17.115481 7.280365 -10.891733 
-126.052582 117.634186 -18.156425 3.912350 -14.934627 -10.546593 4.699490 -1.291121 -29.570019 -5.643901 5.205152 20.635922 0.138340 14.988474 -5.276029 0.359367 -0.909862 -0.541193 -6.662451 -7.468775 14.740383 0.602748 8.046420 6.185454 3.264740 -17.105810 -9.334729 1.606604 0.821161 -3.018969 2.112079 7.985944 16.662257 -0.082183 -2.792857 -11.528022 2.827306 0.949594 12.748307 -3.197746 2.642227 -4.520027 0.891916 9.357742 -24.293958 -6.832582 6.322400 -10.847862 -7.557339 3.892194 -15.733507 55.155699 -47.474100 -67.386960 29.516406 -3.674990 -15.465401 5.109185 -3.434047 -7.480916 15.722453 -1.518521 -8.564948 -92.113796 58.924520 -92.179122 -18.048148 7.398371 -10.136029 
-125.872719 117.398361 -17.990643 3.663588 -13.333663 -10.385197 5.011765 -0.961308 -28.657615 -5.514539 5.958387 22.237152 0.344484 15.099518 -5.359887 0.405742 -0.949175 -0.681489 -6.480122 -7.762982 14.750619 0.713459 7.141960 6.850261 3.590985 -16.701015 -10.789049 1.522271 0.765943 -3.115310 2.286879 7.804969 16.888805 -0.169003 -2.911913 -11.275995 2.661976 0.833433 12.811497 -3.197876 2.671297 -5.119944 0.625425 9.899551 -23.898619 -8.753409 6.187628 -10.306089 -11.288111 3.217313 -14.254980 51.100057 -48.081826 -62.644364 28.488353 -2.455951 -16.190389 6.372725 -3.526572 -7.354809 17.606039 -1.544479 -8.182066 -85.559736 58.673979 -85.843988 -18.284929 6.526555 -9.100834 
-125.465454 117.030060 -16.901863 3.215686 -11.132898 -9.709325 4.792798 -0.320264 -27.381385 -5.353596 6.940913 22.873789 0.137443 14.957546 -5.451232 0.467868 -0.961819 -0.633076 -6.135630 -8.143852 15.036295 0.436834 5.843951 7.339540 3.829364 -16.406095 -12.361278 1.537230 0.580577 -3.101454 2.544099 7.572112 17.100496 -0.264141 -2.979448 -11.046488 2.475303 0.608910 12.584677 -3.334946 2.599701 -5.859396 0.367458 10.398471 -23.238917 -11.072172 6.123394 -9.591754 -16.235073 1.994489 -12.241097 44.830892 -47.938202 -55.737836 26.817816 -1.448538 -17.005511 8.070038 -3.507313 -7.123501 20.600990 -1.656655 -7.343562 -74.228257 57.626904 -75.037430 -18.527974 5.390263 -8.639115 
-125.231506 116.579865 -15.907709 2.701538 -9.651038 -9.119890 4.632882 0.592190 -26.492526 -4.880409 7.662478 21.897405 -0.180754 14.673817 -5.382066 0.512646 -1.020621 -0.673028 -5.778460 -8.918433 15.777784 0.072085 4.309823 6.820545 4.100696 -15.483647 -14.052420 1.515220 0.430265 -2.999350 2.961565 7.448202 17.734099 -0.549573 -2.964168 -11.110759 2.284552 0.512381 12.258030 -3.171900 2.754221 -6.575563 0.055333 11.150913 -21.819799 -13.378737 6.052316 -8.758965 -22.401561 0.598838 -9.135143 35.346627 -46.673936 -45.689015 23.336735 -0.726035 -19.118461 9.843926 -3.247487 -6.715018 24.088502 -1.296652 -5.635576 -59.166809 55.471208 -60.993236 -17.664514 3.814643 -9.115170 
-124.817940 116.137909 -14.439926 2.110986 -8.193475 -8.374948 4.152450 1.059846 -24.814341 -3.823780 8.169409 18.813617 -0.237692 14.780065 -5.575996 0.787390 -1.076856 -0.589129 -5.378770 -9.486354 16.990053 -0.360973 2.985697 5.615530 4.313173 -14.982917 -15.204038 1.547032 0.289396 -2.692938 3.198996 7.265911 17.725328 -1.158204 -2.881311 -10.691432 2.177000 0.312041 11.797194 -2.869337 2.041128 -7.183282 0.127383 10.197387 -20.548631 -15.599449 5.833210 -7.823357 -28.999003 -0.668187 -5.491730 25.234783 -42.379982 -35.297683 20.140062 -0.568840 -19.710285 11.255061 -2.480277 -5.974028 27.896005 -0.658283 -3.652395 -43.508907 51.749119 -46.733432 -16.735378 2.556655 -9.748341 
-124.543640 115.762436 -13.425093 1.410078 -6.897227 -7.467999 3.298962 1.279127 -22.322690 -1.833524 8.568182 12.248883 0.430552 15.292662 -5.425143 1.054249 -1.034715 -0.475417 -4.590901 -9.732268 17.927819 -0.510961 2.086099 3.940147 4.127587 -15.042623 -15.973206 1.485094 0.183376 -2.256390 3.677815 6.733893 17.287983 -2.028362 -2.646591 -10.388360 2.161927 0.080321 11.363695 -2.460586 1.038916 -8.400597 0.335733 9.077029 -19.282957 -17.855308 4.860969 -6.905758 -36.112349 -0.856266 -1.476668 14.287448 -34.834928 -23.572911 15.806834 -0.642036 -18.215320 12.300090 -0.965496 -5.072848 31.942205 0.349565 -1.090117 -26.787839 46.464705 -31.738001 -13.085957 2.014976 -10.572405 
-124.233147 115.360031 -12.489953 0.966885 -5.721560 -6.695791 2.741775 1.652906 -21.289981 -0.756655 10.383903 8.049655 1.018214 16.043643 -4.582966 1.257263 -0.910407 -0.293608 -4.280029 -10.168169 18.366595 -0.528126 0.445459 3.266678 4.094496 -14.432924 -17.092920 1.275390 0.059478 -1.775794 3.953818 6.526897 16.420699 -2.890297 -2.310550 -10.157451 2.279672 0.011167 10.951180 -1.840342 0.091884 -9.189086 0.613915 7.910416 -18.412430 -19.751513 4.492042 -5.875113 -42.903996 -0.120849 1.975128 6.835413 -27.367861 -14.990588 12.767089 -0.990904 -16.589598 12.808346 0.380905 -4.047455 36.709745 1.291829 2.218762 -12.994864 39.478634 -18.711680 -8.908640 2.001035 -9.344916 
-123.554443 114.963501 -9.600443 0.579401 -4.010739 -6.421584 1.910311 1.486073 -21.331650 -0.349623 12.369175 6.783930 2.321774 16.769806 -3.324250 1.480213 -0.723825 -0.184403 -4.473411 -10.358114 18.936434 -0.583477 -1.462778 4.966351 4.108985 -14.771968 -16.960286 0.959365 -0.038103 -1.375226 3.877018 6.690555 14.884519 -3.599767 -1.820763 -9.401760 2.276348 0.166933 10.319521 -0.943982 -1.120264 -9.639088 0.950682 5.782254 -16.994824 -21.313407 4.515843 -4.739486 -48.705341 0.672102 5.101840 2.286756 -19.475124 -8.702722 9.326184 -1.770170 -14.679865 13.475920 1.725733 -2.705792 42.346347 2.218577 6.333130 -3.059217 31.276318 -7.480531 -4.413453 2.180669 -7.056317 
-122.698112 114.744034 -6.344654 0.130991 -1.624572 -5.945337 1.722204 0.756272 -23.196776 -0.834707 14.452817 10.142569 4.467013 17.399688 -2.445870 1.644569 -0.788772 -0.224833 -4.945393 -10.312630 18.552958 -0.529032 -2.918589 7.830411 4.374396 -15.219502 -14.923517 0.698983 0.049017 -1.304468 2.934591 7.493647 12.678290 -3.847819 -1.451362 -8.828668 2.159308 0.362325 9.991017 0.231889 -1.892358 -9.911162 1.238504 3.751255 -14.478021 -22.120119 5.389389 -3.491556 -52.975071 1.414495 7.084405 0.340895 -12.796232 -5.657430 5.630139 -2.947290 -14.139373 14.360822 2.322877 -1.586954 48.272429 2.463884 10.276084 1.301398 24.779425 0.428404 0.346066 2.718486 -6.261171 
-121.532059 114.891357 -2.963443 -0.391197 1.424313 -6.109506 1.048246 -0.032530 -22.873793 -1.632362 15.430368 13.501121 6.507412 17.847444 -2.439366 1.685029 -0.768375 -0.147757 -6.383904 -10.018894 18.130164 -0.479774 -3.646795 13.968145 5.207174 -13.894144 -12.283950 0.605074 0.148219 -1.227111 2.018413 8.220924 10.333890 -3.853872 -0.865749 -8.306471 2.043964 0.645059 10.072933 1.299331 -2.507060 -8.533774 1.563129 2.946517 -12.084337 -22.280037 7.100649 -2.879107 -54.876469 1.727918 7.210968 0.440026 -8.832223 -6.538343 4.211077 -3.226398 -14.845940 15.128753 1.769455 -1.027242 53.592001 1.996674 12.014810 1.019329 20.668667 1.395807 1.997326 2.813995 -7.188199 
-119.976326 115.490204 0.422818 -1.374821 5.873495 -6.643093 -0.207871 -1.468889 -21.289193 -2.113860 14.364687 16.448817 8.802966 18.182369 -3.398443 1.526110 -0.787936 -0.081840 -7.499305 -8.946410 15.051175 0.022922 -3.061478 25.359042 6.274206 -13.769862 -5.393930 0.536979 0.283771 -1.249952 1.134877 8.410517 8.704798 -3.388650 -0.264600 -8.326012 2.089136 0.805241 10.494005 1.707708 -2.861008 -6.357856 2.154286 3.657362 -9.074656 -21.301169 8.691053 -2.827411 -54.536286 1.464387 5.657949 1.144794 -6.994481 -10.846810 5.777652 -1.916865 -17.554723 15.510121 0.835858 -1.161458 56.343715 1.640089 12.331709 -0.961513 18.716580 -2.522829 1.926504 2.544863 -9.447446 
-118.188286 116.328537 3.683772 -2.010960 11.178991 -8.841641 -2.393658 -2.397690 -16.883735 -2.618408 11.387535 16.680302 10.595405 18.091110 -5.437011 1.128967 -0.650666 0.072355 -8.380657 -7.856545 8.367429 0.913127 -3.433938 42.561985 6.885418 -13.520292 2.648980 0.646619 0.459035 -1.082439 0.797838 7.483778 9.035829 -2.924854 0.411855 -8.510840 2.256830 0.819281 10.965816 1.649646 -2.265391 -3.239361 2.590553 5.343723 -6.660187 -19.710411 10.017143 -3.202355 -52.341753 0.755561 2.831656 3.069863 -8.685578 -16.148667 8.340454 0.125884 -21.220244 15.371188 0.037986 -1.767337 56.624564 1.835883 10.845036 -4.679610 18.970182 -10.732323 0.165696 1.819909 -13.069602 
-116.430183 117.349487 6.505782 -3.016616 16.426551 -11.483833 -4.240658 -2.573331 -11.158091 -3.062971 6.875100 14.446598 11.645114 18.498899 -6.544877 0.816439 -0.624282 0.109797 -8.116034 -6.181773 0.454483 1.726118 -3.388089 58.385576 5.850414 -13.119785 6.505800 0.775724 0.681289 -0.866936 0.623759 5.832747 10.505762 -2.243799 0.880733 -8.647070 2.179695 0.825074 11.001233 1.312433 -1.159460 0.697404 3.280234 7.553465 -3.838635 -18.478289 10.399944 -3.659541 -47.647606 -0.358797 -0.374238 7.232921 -12.763237 -25.087095 13.493484 3.765508 -26.977296 15.647836 -0.935173 -2.697613 54.070680 2.221562 8.722663 -10.568041 21.696969 -21.326965 -4.558217 0.381918 -18.530191 
-114.846344 118.469116 8.732009 -3.933536 22.502258 -13.548658 -5.465339 -1.544132 -5.307433 -3.477816 1.251373 10.826780 10.751728 18.142139 -6.840079 0.795125 -0.803936 0.032602 -7.318132 -4.254158 -8.427329 2.835577 -4.257359 70.923202 3.166250 -13.512425 3.667832 1.253109 0.604523 -0.759167 0.641026 3.250103 12.144446 -1.049621 1.436448 -8.775438 2.067532 0.552976 10.714077 0.489620 -0.709573 5.238559 3.582231 8.238811 -1.864751 -17.314387 9.991511 -3.901720 -41.618970 -1.954238 -2.487626 13.359174 -18.763114 -35.539996 19.121607 8.131624 -32.631980 15.997505 -1.863080 -3.631230 48.399422 1.716225 5.197777 -20.876416 27.983004 -35.140577 -12.981327 -1.173572 -26.025717 
-113.452316 119.530853 10.508437 -5.048122 28.032420 -16.129200 -5.342369 -0.670234 -0.211825 -4.132261 -4.696412 8.558936 8.966214 17.119512 -6.315253 1.024758 -0.924842 -0.195730 -6.529258 -3.011925 -17.001916 2.568107 -5.353958 76.814446 1.010400 -15.176950 -0.192104 1.555241 0.726310 -0.776502 0.235357 1.062284 13.384499 0.021237 2.166317 -8.295341 2.239480 0.075386 10.549272 0.327063 -0.117382 7.948751 3.645440 8.981486 -0.326862 -16.293784 9.155033 -4.457244 -36.582687 -5.059182 -4.279059 21.273259 -26.008566 -44.204594 22.568678 10.181158 -34.214188 16.306672 -2.675186 -4.060992 42.471802 2.070432 1.984769 -31.415408 32.444176 -47.181169 -18.632806 -2.111809 -28.287850 
-112.145111 118.520844 12.306798 -6.502213 33.151567 -18.205626 -4.633733 -0.128227 3.766865 -4.246630 -9.659062 6.775323 9.201752 16.050364 -10.919403 0.859921 -1.033800 -0.103552 -6.368544 -0.978312 -26.238775 2.322626 -5.771570 78.285227 -0.266168 -16.217892 -2.344800 1.746573 0.860418 -1.101319 0.377514 -1.490992 15.639808 0.539544 3.294817 -8.662264 2.186967 -0.521556 10.522515 0.256704 0.067710 9.747903 4.315172 9.999212 1.488872 -14.768568 8.026418 -5.170337 -33.204897 -8.193247 -6.022230 34.336561 -34.203465 -54.273441 25.897236 11.701605 -34.848186 15.121989 -2.882432 -4.473929 37.416722 1.629858 -0.844901 -43.410919 36.040755 -58.747056 -21.774259 -2.326977 -29.893272 
-110.981842 119.405350 14.120193 -8.640189 37.710097 -21.299804 -3.158926 0.090399 7.349748 -3.530229 -13.219580 6.012147 6.890518 15.859773 -9.934604 0.629799 -1.030148 0.296755 -6.671412 1.122403 -34.317834 2.399278 -5.729989 78.932561 0.040575 -16.033402 -3.258787 1.938522 0.883663 -1.113445 0.818477 -3.888185 17.967272 0.887981 3.988817 -8.500685 2.295924 -1.164728 10.401663 0.184752 0.554002 11.645553 4.612883 11.021088 1.447822 -12.388111 6.192654 -5.976439 -29.675916 -11.542361 -8.522731 49.104320 -40.440967 -64.424162 29.369364 10.744140 -32.710446 12.807141 -2.968963 -4.494866 32.729983 1.408607 -3.751526 -54.047697 37.937767 -67.777523 -24.448105 -1.495619 -28.604351 
-109.920784 118.233032 15.902267 -11.401143 41.713231 -24.150851 -1.626857 0.027738 9.667660 -2.779914 -15.595171 5.647893 6.741417 16.199388 -12.725764 0.192274 -0.946993 0.626317 -7.468862 2.733456 -40.756916 3.102819 -5.961876 76.768671 1.291745 -14.579165 -3.948993 2.245725 0.759397 -1.198087 1.336070 -5.895772 19.897641 1.045430 4.083596 -9.009084 2.517933 -1.702486 10.357231 0.098022 1.098194 13.337262 4.955907 11.415345 0.692268 -9.767743 4.061388 -6.992794 -24.955946 -13.879656 -11.741484 64.846406 -42.610789 -75.425324 33.212730 7.269431 -27.613009 10.286053 -2.442091 -4.538214 28.604829 0.937404 -6.634893 -64.652381 39.689278 -75.607545 -26.593314 0.643103 -25.799432 
-108.941574 118.960510 17.506466 -14.440050 45.991472 -27.150975 -0.087649 -0.065374 11.604531 -2.024301 -18.449269 5.135334 5.034650 15.977709 -10.032786 -0.014047 -0.842831 0.701868 -8.506867 3.069977 -48.868475 3.745281 -8.872736 82.791527 2.248868 -13.073962 -4.504338 2.359747 0.732498 -1.082717 1.925303 -7.948741 21.013135 0.881551 4.150382 -9.644586 2.753243 -2.159181 10.263410 0.464624 2.542097 15.059563 4.303908 12.020812 -1.106158 -6.930159 2.767203 -8.601038 -19.043727 -15.173360 -15.411262 80.634509 -41.307220 -86.550500 36.295663 2.053601 -21.119471 7.732140 -2.402837 -4.533883 24.704889 0.375648 -9.450768 -77.293095 40.436508 -84.452080 -28.296982 3.968184 -21.876539 
-107.939835 117.569763 18.906931 -18.830861 52.000383 -33.217785 1.937717 0.980055 14.295319 -1.725293 -20.321542 5.039640 4.445008 15.245109 -10.926910 0.043602 -0.608602 0.728541 -9.417219 3.146030 -61.826265 3.234573 -15.533026 97.294101 2.482545 -10.696627 -4.018466 2.549683 0.631747 -0.731207 2.350186 -10.842173 22.268634 0.444142 4.409320 -10.680551 2.980594 -2.942850 9.629394 1.467329 4.740853 17.444521 3.709160 11.664467 -1.624332 -4.305383 1.980189 -9.473367 -13.673777 -14.827940 -18.151065 92.999568 -39.021876 -94.568444 37.153057 -1.919777 -18.039708 5.460867 -2.259320 -4.785042 22.015177 -0.647054 -11.081691 -89.887729 39.849933 -93.016528 -30.352499 6.866840 -19.442044 
-106.944489 117.945023 20.059479 -25.006030 57.594053 -39.853768 3.541571 1.847724 16.136995 -0.390441 -21.442045 4.046998 2.951127 14.221151 -9.170112 0.185834 -0.479251 0.619020 -10.348448 3.540686 -66.439895 1.695102 -18.915912 103.659106 2.982019 -9.575132 -3.660872 2.468431 0.687776 -0.503785 2.448847 -12.550593 22.963487 0.084849 4.221227 -11.580062 3.067869 -3.479750 9.518748 1.893282 4.192411 18.864876 4.348084 11.758968 -1.100757 -3.299798 1.527108 -10.645877 -10.571519 -15.165517 -19.710962 100.507839 -36.335814 -98.803254 37.874647 -2.541546 -16.740976 4.528168 -2.651819 -5.276765 20.543482 -1.433034 -11.759123 -100.582334 38.253537 -100.575513 -33.234512 8.829163 -17.928613 
-105.819412 118.080597 21.146822 -33.261063 62.906454 -48.812735 4.650850 2.009649 17.420169 0.385831 -22.413651 4.179540 1.795446 14.704084 -8.209819 0.554004 -0.552111 0.580318 -10.193663 4.622625 -68.708165 1.184087 -20.182497 105.900618 3.276897 -8.219191 -3.971855 2.637671 0.763552 -0.346536 2.120688 -13.715291 22.841676 0.349420 3.707008 -11.861740 3.022351 -3.963060 9.166731 2.327269 4.507321 20.155244 4.860860 11.636828 -0.255913 -2.550888 1.328671 -10.811536 -9.711436 -16.064094 -20.037147 105.180157 -35.883394 -100.011289 38.332467 -3.360839 -17.342213 3.895440 -3.403196 -5.469466 20.464733 -1.626341 -11.996022 -106.786421 36.917842 -103.402030 -36.291343 9.984957 -17.582935 
-104.511307 116.067551 22.186733 -41.568030 67.747500 -57.083872 4.899090 1.960357 18.460180 0.931351 -23.352132 4.093689 2.369953 13.088208 -12.709214 0.812468 -0.648574 0.467466 -8.979911 6.207537 -66.845389 1.451553 -19.777899 101.681198 3.562425 -8.086360 -3.969910 2.792240 0.823875 -0.423785 1.631941 -14.005702 21.997391 0.648449 3.085553 -11.754965 2.810179 -4.251881 9.216060 2.565254 4.428748 20.422010 5.271305 11.145415 -0.065060 -2.479616 1.543200 -10.481654 -10.781021 -17.151680 -19.201954 106.158238 -37.486525 -99.255568 37.947617 -3.207030 -17.956484 3.743363 -4.317515 -5.427791 21.038677 -1.909906 -11.980285 -108.580640 37.122605 -103.787964 -36.544693 9.858069 -17.818454 
-102.887917 115.882523 23.247559 -47.578214 71.676673 -61.995887 4.339028 2.160302 18.588331 0.851647 -23.649703 4.550135 2.019218 11.520360 -12.702539 0.440105 -0.699899 0.493358 -6.991544 7.778462 -61.695369 3.124645 -17.015009 90.814559 4.348063 -9.053845 -2.581874 2.837824 0.721412 -0.761277 1.118808 -13.438400 21.270829 0.648514 2.419918 -11.971560 2.490040 -4.396776 9.747004 2.219762 3.967555 19.480489 5.321006 11.222644 -0.528944 -3.452572 1.704283 -10.114928 -13.127970 -18.312020 -17.711532 103.181072 -39.457585 -96.073882 37.092661 -3.849913 -17.165806 3.914099 -4.707873 -5.369179 22.140117 -2.708382 -11.725150 -106.659345 37.660196 -102.331822 -34.399636 8.203427 -19.090995 
-100.945236 115.480865 24.304302 -53.644104 74.960652 -66.588454 3.569677 2.270889 18.975329 1.089966 -23.299195 4.180977 2.504759 9.836776 -13.987163 0.109385 -0.727887 0.417349 -4.425355 9.284220 -52.764597 4.701642 -11.479994 75.424530 5.530952 -9.392095 -0.161183 2.765524 0.610171 -1.180604 0.416607 -12.237559 20.149535 1.168643 1.711956 -11.504387 2.197233 -4.453952 9.907734 1.582623 3.195878 17.986336 5.602574 11.979271 -0.239516 -4.770278 2.325669 -9.161838 -17.902836 -19.161344 -15.245641 98.364538 -43.439736 -92.054143 36.645422 -3.292733 -18.195379 4.390875 -5.790384 -5.214937 24.187521 -2.800330 -11.218938 -101.537616 38.700951 -98.121793 -33.507067 6.579687 -19.831484 
-96.419205 115.015259 25.240000 -58.516129 78.379124 -69.304781 1.839070 2.658380 19.590878 0.854578 -23.286260 4.629556 2.804516 8.832916 -14.851891 0.115300 -0.737343 0.419508 -2.014012 9.743290 -40.945973 5.450970 -3.553310 57.782235 7.233284 -9.387141 2.840219 2.613437 0.532345 -1.346812 -0.405334 -10.149810 18.496664 1.398417 0.557213 -10.481879 2.071273 -4.464009 10.246049 0.818609 2.292917 15.861796 5.988658 12.276081 0.176390 -6.078813 2.553511 -8.215427 -24.271997 -19.990167 -11.906862 90.193563 -48.121384 -84.729930 37.564260 -2.765683 -18.080740 5.248990 -6.345988 -5.176529 27.347914 -2.998220 -10.331837 -92.321479 38.646016 -91.519958 -33.221212 4.093685 -20.546546 
-92.457771 114.515045 25.388758 -61.704864 81.205841 -70.512502 -0.034524 2.675197 19.954370 0.092917 -23.648838 5.157690 3.104444 7.837406 -15.087004 0.178000 -0.770020 0.208564 -0.912433 9.376027 -30.098868 4.367122 3.469162 41.508818 8.571990 -8.670547 3.541694 2.506175 0.495727 -1.507604 -0.897225 -8.078144 17.045267 1.575416 -0.291743 -9.344448 1.903125 -4.318962 10.166272 0.361234 1.780825 14.110112 6.365409 12.882144 0.191809 -8.147140 2.538525 -6.867123 -31.804499 -19.650038 -7.086457 75.109425 -52.795195 -71.512487 36.986639 -1.287668 -18.770181 6.234647 -6.464186 -4.659501 30.376922 -3.063903 -9.314858 -80.044498 38.367720 -83.533347 -32.140636 0.643388 -23.404906 
-88.646294 113.991806 25.655275 -63.271471 83.634916 -70.482857 -1.309972 3.128675 20.369922 -1.086964 -24.080869 6.242641 2.452496 6.718449 -15.311773 0.326174 -0.758887 -0.010639 -0.382682 7.825666 -22.430433 2.519014 6.500068 29.927474 8.664501 -7.779280 1.878471 2.499864 0.341754 -1.374019 -0.780304 -6.323440 15.360308 1.397778 -0.889862 -8.258898 1.872940 -3.945797 9.789685 0.038454 2.009803 12.844358 6.588643 13.030350 0.369385 -10.381298 2.149726 -5.539181 -38.523758 -18.199450 -2.192664 54.492000 -53.547621 -53.420312 35.221783 0.374335 -20.186630 7.350789 -6.165619 -3.794738 33.720229 -2.639673 -7.999980 -68.731776 37.385742 -75.619990 -31.595237 -2.076500 -25.312927 
-84.947021 113.490967 27.090027 -58.004932 85.806782 -63.750441 -2.120543 3.452835 20.569218 -2.136418 -24.456591 8.066976 1.586069 5.903874 -15.406906 0.336929 -0.649504 -0.040682 0.066442 6.327571 -17.261656 1.221238 7.065788 22.970157 7.248778 -7.675467 -1.313721 2.515188 0.090266 -1.044862 0.171210 -5.189539 13.434746 1.130188 -1.116691 -7.647875 1.839646 -3.283648 9.602757 -0.396481 2.786593 12.231366 5.992966 12.948777 0.458410 -13.231610 1.971967 -4.488305 -43.063394 -15.504605 1.640519 34.444944 -48.781807 -36.076991 31.322266 0.381250 -19.741128 9.043682 -5.686366 -3.105373 36.705913 -2.656984 -5.762470 -58.358913 38.458257 -68.159253 -29.021323 -3.266354 -28.398177 
-82.403702 113.127502 27.883074 -72.953798 87.198647 -77.147007 -1.948343 3.127287 18.798073 -4.097180 -25.189096 12.742147 0.719416 4.695010 -15.857555 0.498988 -0.588204 0.004860 -0.419160 4.747558 -13.738636 0.705983 7.781228 19.454842 6.194946 -6.786775 -4.606129 2.052620 -0.268053 -0.884161 1.445461 -4.568019 11.112062 0.896488 -1.288902 -6.091088 1.397133 -2.871685 9.073652 -1.035072 3.231714 11.635854 4.774246 13.255667 0.487817 -15.960649 2.176637 -3.910888 -47.646749 -11.907207 5.313606 16.131049 -38.341939 -18.828023 24.142444 -2.996444 -15.970344 10.447385 -4.958263 -2.395813 40.549490 -2.686062 0.278673 -43.839120 44.861391 -51.618988 -23.263917 -0.511902 -27.944379 
-82.177345 112.803650 28.638533 -68.334144 87.671701 -71.872859 -1.574223 1.711494 13.844045 -7.959325 -22.015368 23.842266 0.167426 4.846605 -14.498693 0.686466 -0.770169 0.083247 -0.690678 3.768539 -11.343002 0.820542 8.993932 16.585840 4.995485 -5.234126 -8.228104 1.820365 -0.453961 -0.971753 2.595271 -3.680385 10.325978 0.927336 -1.500600 -5.306344 1.310637 -2.554485 9.016829 -1.696315 3.874975 10.941596 3.597775 13.670868 0.374967 -17.895204 2.082601 -2.618145 -51.332154 -8.270945 7.038473 5.495942 -24.176739 -9.244497 17.904058 -3.845846 -12.121749 11.312816 -3.423679 -2.174973 43.712375 -1.663655 3.038337 -32.954966 46.033770 -39.230646 -18.338341 0.829352 -27.451005 
-80.453468 112.496826 28.490593 -56.802585 87.583211 -60.421172 -1.437939 0.126597 8.365446 -10.606598 -17.497604 34.308031 0.386262 6.171995 -13.632769 0.863653 -0.951835 0.007112 -0.708438 3.786986 -9.514250 0.573864 9.265066 16.298820 3.647901 -4.797388 -10.623799 1.582601 -0.439556 -1.011421 2.880456 -2.782649 10.868282 1.311141 -1.668245 -4.406411 1.376094 -2.323740 8.437096 -1.777129 4.174703 9.963113 1.956032 12.621596 0.251268 -19.163098 3.284246 -0.978789 -54.207751 -5.276211 7.685032 1.343998 -13.541459 -7.173445 11.814849 -3.586130 -12.583165 12.705905 -1.811155 -2.181962 46.826821 1.268533 4.998587 -24.861526 40.077243 -31.735214 -14.442655 0.647162 -28.370059 
-79.664909 112.326782 26.117136 -66.289706 87.150132 -71.302716 -0.909643 -0.870525 -1.140705 -11.488517 -8.688684 49.177456 1.902457 7.308258 -13.534332 0.825759 -1.077241 -0.047257 -1.401616 2.750975 -6.344087 -0.142334 9.672022 14.463808 3.259782 -4.022039 -10.190503 1.292560 -0.295267 -1.106277 3.094502 -0.968012 13.230211 1.707619 -1.976467 -4.963836 1.650885 -1.957753 9.460384 -1.748867 4.665335 7.979881 0.542639 11.316002 1.171564 -19.276740 4.973102 -0.528673 -57.605512 -3.345503 6.475674 0.081324 -7.236983 -6.297739 7.793566 -2.387753 -14.438385 13.904305 -0.799330 -2.737223 50.142768 3.897569 4.981291 -21.246346 32.872536 -31.947745 -11.607326 -0.542077 -32.682520 
-78.639908 112.510223 25.879316 -100.788730 88.062320 -106.664109 0.571526 -1.284443 -11.675904 -11.020702 -0.487197 62.463902 2.917221 7.524346 -12.494227 0.466653 -1.214662 0.157214 -2.375464 0.571107 -2.664394 -0.898230 8.769668 11.070034 2.939994 -3.268457 -9.699693 1.265778 -0.137178 -1.272413 3.164784 1.457652 15.189739 2.041982 -2.177765 -4.731327 1.970744 -0.971050 9.555694 -2.183927 3.751718 7.950814 0.477999 10.602350 1.245012 -19.379516 5.943539 -0.461356 -56.391497 -2.908661 4.625391 0.382386 -7.729357 -6.828213 7.363540 -1.659427 -14.475972 15.290757 -0.244276 -2.151540 50.374381 5.649416 3.561949 -19.954792 27.519996 -34.635975 -9.737644 -1.278551 -34.818713 
-77.831871 113.080536 25.366982 -151.403944 87.397889 -157.715492 1.975123 -2.631971 -21.350445 -10.611039 5.124978 71.963704 4.008645 7.743255 -12.621616 -0.117332 -1.302713 0.417655 -3.778656 -1.339311 -0.097647 -1.046375 7.639720 8.763996 3.867788 -3.017836 -7.692042 1.139521 -0.082385 -1.363963 2.974703 3.879978 17.118354 2.867011 -2.150393 -4.781384 2.324930 0.004041 9.504867 -2.519941 2.074683 9.052545 1.201180 8.802505 0.907530 -18.674970 6.636846 -0.717352 -53.166893 -3.199660 3.107423 1.874088 -12.769140 -9.452427 9.388717 -0.955599 -17.071283 15.715678 0.439379 -1.487759 48.561596 6.707110 1.858704 -20.535644 25.154419 -37.857575 -8.870490 -1.527918 -35.995124 
-77.192017 113.824081 25.412485 -177.466276 85.344566 175.911639 3.972142 -3.519438 -31.122027 -10.257876 9.804925 79.988132 4.827708 6.869064 -12.738584 -0.596567 -1.272080 0.669938 -5.470539 -3.059725 2.098397 -0.696663 6.674212 7.002477 5.049825 -3.227002 -5.507643 1.096624 -0.010739 -1.415710 2.671389 6.284986 19.301388 3.687442 -2.311875 -5.360270 2.857891 0.838998 9.617381 -2.894200 0.718309 9.852561 2.361432 7.893171 0.664804 -17.566682 7.070659 -1.046304 -49.376095 -3.432333 0.817547 4.807495 -20.128550 -14.313377 12.927879 0.123035 -20.519573 15.506059 0.872664 -1.158189 46.187309 7.107927 -0.290331 -22.517951 24.419910 -42.201736 -8.707698 -1.520570 -37.024757 
-76.982079 114.523087 26.062128 170.803083 82.539059 163.685541 5.611027 -4.068604 -40.052358 -9.393855 13.741687 88.262249 5.088974 5.933786 -13.618900 -0.815648 -1.151543 0.601340 -6.819091 -4.518850 3.811369 -0.865989 5.477128 6.195517 6.058018 -3.669041 -4.071307 1.038101 -0.000127 -1.644664 1.859440 8.694130 20.670452 4.274228 -2.153450 -5.317976 3.267368 1.754327 9.165176 -2.662903 -0.596878 10.645429 3.863718 7.461180 0.875980 -15.882123 7.490645 -1.541760 -43.210671 -3.791275 -2.540497 11.023982 -29.676702 -22.499997 18.338622 1.242482 -24.272833 14.549838 0.658558 -1.298505 42.773601 5.852764 -3.145964 -27.236142 25.381585 -46.102083 -10.251550 -1.267905 -36.885869 
-76.195190 114.982697 27.114599 162.388614 80.087500 154.330439 7.930635 -3.601197 -49.107388 -8.158092 17.732603 96.439531 4.863543 4.300569 -13.339455 -1.300964 -0.979050 0.480373 -8.293695 -5.836814 6.061972 -1.152915 5.454554 5.907181 6.136949 -4.052818 -3.851369 1.173236 -0.108852 -1.916729 1.015743 10.594745 22.051516 4.743064 -2.399370 -5.276195 3.336709 2.307287 8.886007 -2.456741 -1.926734 11.250373 5.047846 7.229525 1.018628 -13.767380 8.090611 -2.370755 -36.592814 -3.959748 -6.976622 21.326304 -39.277732 -32.192070 24.686237 2.855442 -26.836892 12.656039 -0.096568 -1.943426 39.263306 4.949307 -6.771958 -34.491420 28.110359 -50.834952 -11.812847 -1.489427 -37.205297 
-75.726875 115.249542 27.241034 155.986898 78.953094 146.913746 10.396885 -2.672860 -56.859547 -7.276572 21.092865 103.880035 4.287253 3.178952 -12.918114 -1.383202 -0.763011 0.377869 -9.880192 -6.995711 8.036500 -1.646645 6.131617 5.486533 6.363438 -4.416491 -3.094493 1.247430 -0.105807 -2.172947 0.459990 12.044517 23.477237 4.711340 -2.467666 -6.121578 3.163940 2.831348 9.073569 -2.342202 -2.878120 12.193429 5.582208 6.580205 -0.464222 -11.502254 8.405064 -3.619690 -29.273886 -4.294220 -11.454549 36.155600 -45.632737 -46.364531 29.428500 3.563439 -29.143721 10.950300 -1.197935 -2.467087 34.360117 3.054464 -10.838821 -41.558295 32.098693 -54.801984 -11.704459 -2.038836 -37.139711 
-75.408600 115.373428 27.366667 152.991984 77.971043 143.692722 12.391344 -2.007439 -63.835259 -6.793086 23.275524 109.025915 4.240674 3.694034 -13.629650 -1.562078 -0.616160 0.229622 -10.728011 -7.913808 8.934856 -1.912913 6.710725 5.317171 6.709533 -5.290178 -2.388983 1.312963 -0.062521 -2.410831 0.104457 12.959691 24.668762 4.082761 -2.534526 -7.345561 2.895758 3.004718 9.438842 -2.083757 -3.405683 12.718950 5.857092 6.075871 -2.150653 -8.664333 8.953157 -5.114225 -21.215571 -4.427957 -15.252408 50.057718 -47.507830 -60.546820 32.858184 3.491208 -29.147712 8.590705 -2.729271 -2.705980 29.165239 0.357652 -13.394734 -44.320992 35.325257 -56.137666 -12.798271 -1.924171 -34.181909 
-75.158012 115.397949 27.479296 148.869285 77.547915 139.243229 14.015020 -1.316971 -68.527968 -6.546822 24.643832 111.482859 3.911205 4.154592 -13.972250 -1.439109 -0.652982 0.163311 -11.785608 -8.677384 10.040102 -2.047156 6.975738 4.756713 7.296556 -5.539515 -1.746966 1.413638 0.037864 -2.576831 -0.092052 13.684921 25.732528 3.392493 -2.651853 -8.238663 2.590453 3.143634 9.710978 -2.035271 -3.567107 13.436634 6.386470 5.920133 -3.958865 -6.639518 9.348055 -5.982463 -14.846045 -3.958822 -18.323855 61.894380 -47.610217 -71.394430 33.878264 1.744098 -27.665420 6.649759 -4.037018 -2.132098 24.726955 -2.558063 -15.186510 -45.126263 39.311154 -55.709577 -12.193581 -0.907225 -30.707746 
-74.998795 115.413467 27.559090 146.335387 77.734327 137.034646 15.408556 -1.562897 -71.161023 -6.460487 25.297644 112.723122 4.027604 4.231934 -13.934827 -1.647852 -0.540300 -0.009977 -12.462468 -9.055544 10.469710 -2.088338 6.792355 3.940827 8.423003 -5.145644 -1.293731 1.622815 -0.065810 -2.641425 -0.437195 13.903814 26.194233 2.754985 -2.751975 -8.358205 2.430866 3.136091 9.746860 -2.189663 -3.550292 14.321294 6.908868 6.545769 -5.505040 -5.587308 10.087252 -6.363220 -10.624327 -3.141612 -20.487832 70.976935 -46.368746 -79.357483 34.877941 -0.708120 -24.824813 4.819559 -5.043864 -1.771908 21.153796 -4.566188 -16.343589 -43.150248 42.245860 -53.837710 -12.254291 -0.442232 -26.198755 
-74.822876 115.471466 27.553076 143.011091 78.607574 133.491080 15.853807 -1.722983 -71.118670 -7.455445 24.905337 111.666253 4.054896 4.126873 -14.041132 -1.835117 -0.422743 -0.150092 -13.124031 -9.315892 10.341040 -1.766380 6.322491 4.697562 9.666082 -4.060353 -1.266195 1.374726 -0.065104 -2.455561 -0.463682 13.960285 26.334789 2.287239 -2.575742 -8.618514 2.413868 3.257536 10.060523 -2.348863 -3.820753 15.345316 7.442727 6.421250 -5.709838 -5.435138 10.266181 -7.017476 -9.090314 -2.753615 -21.200830 74.571494 -45.917682 -81.990684 34.538134 -2.638736 -21.699575 4.255265 -5.543900 -1.785558 19.236430 -5.496210 -16.545015 -41.804575 44.197482 -52.106112 -10.440606 0.358857 -22.279912 
-73.928360 115.576141 26.661926 138.360263 79.357945 128.995672 16.091998 -2.158458 -69.476580 -8.871361 23.603864 109.010386 3.532201 4.390837 -13.301477 -1.865735 -0.397223 -0.196277 -13.936538 -9.179908 10.048902 -1.848311 6.054713 5.722665 10.131269 -4.076473 -1.059715 1.472313 -0.016000 -2.485667 -0.265574 13.694703 25.920854 2.117089 -2.304602 -8.558396 2.116981 3.241795 9.949404 -2.265973 -3.790396 15.228496 7.261499 6.934153 -5.074524 -5.941844 10.493435 -6.800655 -10.000670 -3.272980 -20.232183 73.735201 -47.374147 -80.087514 33.676929 -3.004492 -21.114645 4.075707 -5.493903 -1.655834 17.289470 -5.177471 -16.581350 -37.809045 44.130543 -48.629675 -9.334915 0.862358 -21.354113 
-73.215408 115.687820 25.648731 132.618270 80.569860 123.644035 16.201175 -2.686658 -66.012597 -10.641271 21.322554 104.771635 2.751252 4.470500 -11.672888 -1.623910 -0.400146 -0.355568 -14.436593 -8.737326 9.191554 -1.652546 6.087278 6.800276 10.477848 -4.094585 -0.750416 1.550487 0.122563 -2.460752 0.096226 13.157932 25.041373 1.835666 -1.874265 -8.324469 1.839178 3.241621 9.657394 -2.022623 -4.017769 14.443857 7.141287 7.314737 -4.005226 -7.076455 10.448346 -6.297519 -12.665154 -3.738251 -17.960839 68.204954 -49.591674 -73.366960 32.713329 -2.397654 -21.214600 4.289872 -4.993425 -1.589252 15.612540 -4.523425 -16.421653 -32.345102 42.343515 -43.475099 -8.325368 1.127114 -20.145937 
-72.296280 115.780746 24.548449 126.070048 81.807591 117.575670 16.014305 -2.930837 -60.960386 -13.017869 18.105665 99.239898 1.857537 4.427077 -10.754004 -1.247388 -0.449505 -0.431471 -14.863123 -8.270616 8.396451 -1.301084 7.022711 7.792315 10.890386 -4.248381 -0.393543 1.561212 0.285116 -2.380460 0.621208 12.409640 23.837584 1.532148 -1.530220 -8.327123 1.662963 3.180097 9.897876 -1.898252 -4.338682 13.588006 7.000906 7.617625 -2.177125 -8.577525 10.111548 -5.845275 -17.027699 -4.163384 -14.710589 57.532494 -51.264199 -61.777483 31.893003 -1.955731 -20.925061 4.962683 -4.236100 -1.802859 15.421037 -3.472077 -15.688262 -27.924213 40.083237 -39.003962 -7.563368 1.869963 -17.796818 
-71.218399 115.719666 23.974012 116.651791 82.207433 108.606465 16.080122 -2.922795 -56.121655 -14.857678 14.574731 93.958421 0.815688 4.936489 -9.515114 -0.705488 -0.679411 -0.329030 -15.760896 -7.590077 7.619859 -0.667825 8.355949 9.123686 10.716334 -4.587151 -0.798479 1.999186 0.394010 -2.526803 1.149409 11.835868 22.811531 1.317536 -1.244881 -8.674653 1.623874 3.057726 10.227656 -1.792753 -3.859960 12.616599 6.454866 7.887837 -0.611125 -10.095045 9.227698 -4.593148 -22.203438 -4.706279 -11.242272 42.087331 -49.969593 -45.718028 31.503718 -2.562032 -19.940918 6.110136 -2.812650 -1.034193 17.055083 -2.143765 -14.832095 -23.542696 36.075828 -34.769035 -9.155198 2.840507 -17.469659 
-70.898331 115.450882 23.020718 95.368461 83.473494 86.890946 15.502589 -3.413485 -47.867572 -16.972702 8.717121 85.809316 -0.174114 5.231272 -9.289174 -0.433269 -0.906074 -0.319252 -16.265996 -6.563538 6.133319 0.470496 9.773267 11.686693 10.876736 -4.095710 -1.452582 1.815920 0.426019 -2.399845 2.283170 10.470271 21.841083 0.465391 -0.533241 -9.239201 1.731007 2.867548 11.086791 -2.258663 -3.145816 11.075444 5.090244 7.326024 1.097876 -12.886072 8.150548 -3.933165 -28.476770 -4.447228 -7.047580 27.795761 -44.599917 -32.274443 28.885472 -2.027464 -18.073571 8.388270 -1.341814 -0.883531 20.295664 0.439523 -12.009952 -21.009178 33.877654 -30.984435 -10.610169 3.547978 -13.170717 
-70.844147 114.990601 21.062073 56.715287 84.114980 48.059754 14.123265 -5.163626 -38.889376 -18.887664 1.660229 76.941008 -0.655836 5.826803 -9.436585 -0.108058 -1.111913 -0.327818 -16.065165 -4.754389 4.010798 1.764652 10.945352 13.945986 11.272689 -3.282143 -1.360480 1.879952 0.291101 -2.057718 3.231639 8.721794 20.416873 0.027385 0.249648 -8.651242 1.762800 2.609306 11.053076 -2.438689 -1.114876 9.601094 3.754815 7.515949 0.730228 -15.702382 6.962909 -2.997525 -35.656808 -4.762724 -2.500677 17.459585 -36.294044 -23.484378 25.138809 -1.625413 -17.980315 11.026306 -0.025299 -0.779441 26.278351 2.760787 -7.844979 -18.524575 32.659125 -27.579073 -12.666014 3.586784 -12.263250 
-70.728989 114.431564 16.836529 12.218452 80.445818 3.741162 12.929962 -6.883876 -28.537536 -19.783260 -8.346875 66.191286 -0.243174 5.857874 -12.963210 0.335447 -1.257201 -0.439317 -15.197893 -1.814138 0.275517 2.607859 13.926002 16.786078 12.761513 -2.229495 0.434257 1.431523 0.380556 -1.271574 3.062692 6.703784 19.169158 0.069994 0.436096 -8.905776 2.132267 2.105721 12.736813 -2.487500 2.656213 7.603257 1.820198 6.669109 0.389633 -19.326291 5.063328 -1.894127 -46.780973 -6.755829 2.922372 7.655940 -23.370618 -18.089383 15.661679 -1.266884 -23.832257 16.282402 2.308493 -1.047562 41.023695 7.849816 2.303436 -11.350480 29.994938 -20.672730 -6.658011 2.141544 -16.619146 
-69.427338 113.905518 14.597828 -0.187064 75.305596 -8.601413 13.548066 -7.105644 -18.968675 -20.879231 -18.783132 58.038382 -1.284115 4.518481 -15.805845 0.725203 -1.202329 -0.507155 -14.403143 0.363552 -2.926689 4.555014 17.544441 20.944309 12.501690 -0.914956 0.984426 1.512794 0.435307 -1.022827 3.168399 4.638137 18.498619 0.404737 0.619238 -7.888933 2.136097 1.310758 12.500362 -1.478602 5.416421 7.100983 0.816455 7.379336 -0.242596 -20.078256 3.813336 -0.933937 -51.727582 -5.739397 6.478531 2.910513 -19.188546 -9.836088 10.157635 -2.422084 -23.626461 17.267064 3.259658 -1.081123 45.882342 8.359069 6.372805 -9.828035 34.232291 -15.726969 -5.697536 2.891073 -19.463248 
-67.945953 113.502014 12.439797 -6.171236 69.628269 -13.404098 13.880791 -6.880768 -10.387890 -18.874304 -26.730725 48.825141 -1.820568 3.427004 -18.042661 0.914352 -1.143461 -0.629016 -13.812692 1.365905 -7.325694 6.417947 19.003426 24.621806 13.058779 1.350116 2.612399 1.745533 0.289125 -0.811470 3.062160 2.714392 17.415570 0.969334 0.778792 -6.445037 2.102104 0.684491 11.763215 -0.321548 7.428122 6.352746 0.386726 7.668882 0.194580 -19.912685 3.052833 -0.574635 -56.057254 -4.435035 9.525579 0.339880 -18.966616 -3.450756 6.717054 -4.170585 -22.818877 17.563279 3.342045 -1.324727 49.959010 8.478014 9.652476 -10.443929 40.664990 -12.306155 -5.745466 4.053101 -19.958929 
-66.533363 113.140076 9.660078 -10.029195 63.893884 -15.121607 13.002627 -6.405051 -3.970074 -15.191472 -30.410320 39.941901 -0.824268 4.133965 -21.532498 0.994813 -1.164607 -0.544883 -13.314129 1.748502 -11.386166 6.747896 19.602163 24.972056 14.818919 3.282290 5.040768 2.016553 0.052901 -0.448008 2.579165 1.227839 16.375691 1.509964 0.885657 -5.321265 2.068499 0.081299 10.824019 0.699409 6.922503 6.197906 0.967475 6.551931 0.958350 -19.361049 2.032607 -0.383723 -57.277949 -4.511232 11.153369 -1.444401 -21.366274 0.117944 6.795627 -5.091143 -21.498000 17.479820 3.106796 -1.471253 52.612040 7.461421 12.024813 -12.284069 47.087272 -11.136964 -6.831716 5.017364 -19.483837 
-67.039276 112.818283 6.441239 -11.090754 57.432739 -15.114177 11.415481 -5.385966 -0.888944 -11.579142 -28.974682 34.107837 1.332972 7.293461 -25.464809 0.851041 -1.100863 -0.201050 -12.829316 2.010933 -15.459882 5.876340 19.423807 23.135618 15.942880 4.075644 4.815266 2.059097 0.146503 -0.288683 1.477539 0.263671 17.311942 1.870506 0.852888 -5.658218 2.318264 -0.617882 10.645057 1.379667 4.581371 5.310991 2.477749 3.985171 0.409103 -18.494587 0.694598 -0.502388 -56.091221 -6.126380 12.376477 -2.974569 -27.616828 3.217837 8.241389 -6.010355 -20.132093 17.760369 2.840317 -1.183948 53.635914 6.127802 12.721180 -15.239037 51.185630 -12.868968 -8.490221 5.374130 -19.067486 
-67.685295 112.738586 3.147111 -10.546482 50.768231 -14.374743 9.290578 -4.506140 1.353376 -8.646100 -25.975424 28.817362 2.778566 12.089970 -27.524030 0.591832 -0.904029 -0.031653 -11.452384 1.783386 -18.093014 3.972994 16.985370 18.697086 15.545900 2.074366 2.202183 1.812497 0.333720 -0.211031 0.262476 -0.277689 18.919497 2.053093 0.800003 -5.761473 2.525132 -1.077020 10.181973 1.766795 0.841720 4.463828 4.329664 0.875497 0.850178 -17.566830 -0.026005 -0.900381 -53.077227 -8.433624 11.816128 -2.104385 -34.048938 2.354621 11.016195 -6.033707 -19.468474 17.787829 2.417525 -1.057482 52.316513 4.568268 12.268226 -16.938370 51.245230 -14.410135 -9.095410 5.103141 -15.912543 
-69.227646 112.906967 -0.750050 -9.217947 44.959043 -13.168314 7.480439 -4.110587 1.161278 -7.212892 -23.471748 26.288382 3.636593 13.102022 -27.781298 0.464834 -0.850453 0.018490 -8.490869 2.771486 -20.061895 1.698525 14.356169 14.611113 16.193929 0.683289 4.001799 1.847282 0.170081 -0.415287 -0.929126 -0.528213 20.650116 1.989848 0.542207 -6.129405 2.710713 -1.575225 9.851473 1.975551 -3.760946 3.532785 5.905872 -3.445852 -0.357090 -16.957583 -0.480016 -1.070765 -49.118162 -10.922823 10.582904 1.801794 -40.459648 -1.067525 12.424174 -6.132383 -16.840070 17.741856 2.047066 -1.048584 50.149001 2.885320 10.503936 -19.855013 49.079085 -17.113470 -10.034003 4.999057 -12.630719 
-69.564339 113.288757 -3.215677 -8.093014 39.500549 -11.456876 5.971718 -4.302099 0.344445 -7.505257 -22.572545 25.660808 4.303050 15.195835 -26.091822 0.351169 -0.901778 -0.213039 -5.441419 4.293421 -22.189519 0.840621 11.637996 14.351080 16.100383 -1.165167 4.928027 1.821525 0.032237 -0.846518 -1.782588 -0.811987 22.376506 1.757719 0.123681 -6.959583 2.919512 -2.082220 9.788993 2.856505 -7.957541 2.771663 7.435994 -7.296596 -1.642659 -16.751206 -0.797244 -1.377008 -44.173794 -13.126396 8.196723 9.407250 -46.644652 -7.916456 14.310336 -5.133177 -14.377813 18.145052 1.901517 -1.160080 46.621366 1.323235 6.837572 -21.910445 42.472786 -20.845468 -10.996990 4.710731 -10.201652 
-71.085800 113.877808 -5.400947 -8.017244 34.231227 -11.259645 5.950156 -4.072191 -0.466653 -7.204991 -21.424709 25.301617 4.409642 17.256543 -23.265068 0.379590 -0.941531 -0.288261 -2.935732 5.208997 -26.097661 1.600802 7.639990 19.458093 14.398567 -3.925422 4.561798 1.735339 0.159620 -1.130236 -2.808176 -1.485974 23.583983 2.082573 -0.077001 -7.520317 3.082849 -2.801078 9.327046 2.992257 -12.091351 2.796586 8.903286 -10.233528 -3.461730 -16.173537 -0.900630 -1.455625 -38.469767 -14.746940 5.007295 18.624229 -50.932650 -17.854755 16.437432 -4.684155 -13.710555 18.434406 1.680006 -1.037503 42.229401 -1.196310 4.505132 -23.317504 40.765379 -22.470403 -12.588607 5.151327 -8.830099 
-72.209885 114.664795 -7.401080 -8.223668 29.303629 -11.653511 6.291510 -3.403951 -0.389191 -6.707915 -20.454452 24.371535 4.130030 18.588115 -20.058084 0.256223 -1.015356 -0.074201 -1.429833 6.103286 -30.509287 2.525593 4.262768 26.204630 12.409227 -5.498354 3.299389 1.783078 0.290101 -1.373179 -3.328565 -2.840794 24.651319 2.610546 -0.074126 -7.583435 3.001224 -3.481819 8.807321 2.276446 -15.422703 4.053147 9.400693 -11.804811 -4.984352 -15.516989 -1.160757 -1.880494 -33.140638 -15.336751 1.440414 30.585971 -54.738909 -30.206906 18.231379 -4.304557 -11.637671 17.787932 1.110268 -1.142017 37.088796 -3.860530 3.011620 -26.604175 43.857575 -24.222574 -13.043017 5.759198 -6.168305 
-73.010315 115.619080 -9.436060 -8.847346 24.140355 -13.125079 7.355584 -2.054688 1.153923 -6.552324 -20.094312 22.771824 3.338502 19.772689 -16.905298 0.070115 -0.980514 0.081819 -2.143942 5.227740 -38.075495 5.362887 -1.438935 40.150218 10.442891 -6.279413 2.142738 1.732814 0.553530 -1.566924 -3.362297 -5.005788 25.640285 3.155887 0.428632 -7.402655 2.694989 -3.995955 8.267532 1.076407 -17.448488 6.079658 9.075086 -12.888897 -5.657437 -14.276411 -1.116508 -2.819220 -27.817974 -15.176450 -2.155467 43.511197 -57.381274 -43.894687 19.671923 -4.147622 -9.198040 16.268024 0.147037 -1.412314 31.099819 -6.325890 1.754831 -31.831435 50.344799 -27.701780 -13.204935 6.857751 -2.530923 
-74.403030 116.658447 -11.087700 -9.546290 19.626290 -14.500928 9.558411 -0.242635 3.388093 -6.080084 -19.650393 19.465109 2.840414 19.916435 -12.979747 -0.060930 -0.932482 0.081129 -5.586088 2.207892 -49.332127 7.727256 -11.324630 65.511495 8.597108 -5.749675 2.603281 1.760974 0.943833 -1.470009 -2.646699 -8.019102 26.706638 3.680779 1.452949 -7.467156 2.370101 -4.481782 7.889777 -0.001595 -18.007867 9.141934 7.511630 -13.818930 -5.265617 -12.241409 -0.950714 -4.097621 -23.567460 -14.866039 -5.842203 56.939185 -58.480815 -56.992336 21.706852 -4.426785 -5.409042 13.899351 -0.619376 -1.848234 25.304120 -7.690890 0.200205 -37.698254 56.979279 -31.637939 -13.187946 8.263890 1.350140 
-75.568001 117.670502 -12.738087 -10.812227 15.854396 -17.065502 12.206106 1.441296 7.148489 -4.875627 -19.791306 15.476100 2.108075 19.377087 -9.254197 0.023205 -0.878932 0.064137 -10.672395 -3.170804 -59.759408 5.765818 -20.009019 92.611269 8.097088 -4.192598 4.833866 1.791527 1.390478 -1.220324 -0.936675 -10.956237 27.606849 3.715163 2.506059 -7.429736 2.370576 -5.053327 7.987940 -1.182247 -17.480670 12.666157 6.192390 -13.565161 -5.207395 -10.005622 -0.955753 -5.412526 -19.031337 -13.644198 -9.265222 67.852508 -59.371382 -67.567951 25.519208 -4.384452 -3.778043 11.425918 -0.676503 -2.790077 20.017345 -8.362157 -1.925784 -44.824711 61.009193 -38.744138 -15.933440 9.921313 4.429082 
-74.998497 118.477631 -15.352827 -12.481484 11.727965 -18.882546 14.249097 2.725338 10.038931 -3.814597 -18.907812 11.603882 1.213905 18.685412 -6.922645 0.116813 -0.830264 0.094508 -14.258769 -7.300030 -64.952608 4.397782 -23.763566 105.689180 7.958916 -2.271901 4.210550 1.941839 1.491413 -1.159006 0.702796 -13.090576 27.865008 3.928550 3.090810 -7.227427 2.308659 -5.441913 8.123355 -2.688347 -17.427449 15.596678 5.279823 -13.064488 -5.016449 -8.061524 -0.918618 -6.327842 -15.376944 -12.145154 -11.892309 75.711384 -59.052055 -75.483403 29.351440 -4.614679 -3.512470 9.387705 -0.488148 -3.579658 15.457654 -8.409072 -4.253076 -53.134970 62.750330 -48.250481 -18.836981 11.919693 6.085381 
-75.329399 118.969589 -15.778444 -14.020807 8.208740 -19.338024 16.147730 3.652099 12.529036 -2.381013 -17.707680 8.021467 1.049898 19.599142 -5.508217 0.213731 -0.850068 0.007238 -17.334064 -10.250201 -67.697139 3.561512 -24.866628 113.203920 7.010295 -1.498168 1.434365 2.052163 1.518012 -1.216602 2.408078 -14.768017 27.399947 3.999008 3.553464 -7.301063 2.223325 -5.489602 7.980388 -4.115878 -17.087354 18.205429 4.048092 -12.320428 -3.895698 -6.649652 -0.632460 -6.496714 -13.170469 -10.520614 -13.399958 79.376132 -58.856076 -78.691599 31.030814 -5.317012 -3.892404 8.192433 -0.316304 -4.005388 12.572763 -7.608255 -6.616619 -59.304102 61.929860 -55.532193 -21.391905 13.354096 6.782029 
-75.545166 119.007111 -15.938118 -14.589674 4.549091 -18.477322 17.293589 4.490473 13.788590 -2.311121 -16.449675 5.739932 0.813867 19.038293 -5.734995 0.182665 -0.848610 -0.008581 -19.534046 -12.438271 -67.398132 3.571640 -25.296202 115.949487 6.395940 -1.748828 -0.251441 2.037754 1.510471 -1.349238 3.644522 -15.420234 26.620636 4.270086 3.693957 -7.533644 2.374558 -5.495468 7.873505 -4.106960 -16.305878 19.266440 3.063956 -11.113210 -3.345578 -5.849340 -0.425463 -6.239477 -11.946710 -9.588517 -14.695648 80.635884 -58.473359 -79.457705 31.619990 -5.986492 -4.433208 7.623932 -0.158600 -4.008767 10.407075 -6.348204 -8.685094 -65.937918 61.581012 -62.646310 -24.126510 14.572787 6.034644 
-75.684715 118.606873 -15.991850 -15.037531 0.710233 -17.145768 17.673236 5.305920 14.341243 -2.352738 -15.314252 4.498837 1.409614 18.828937 -6.694698 -0.022783 -0.729129 0.065916 -21.056140 -13.809906 -65.016799 3.715947 -25.072712 115.181542 6.307970 -3.118832 -0.168994 1.804027 1.425185 -1.439139 4.457164 -15.306398 25.899592 4.334513 3.667434 -8.125664 2.546181 -5.467304 8.279037 -3.067380 -14.940200 18.467417 2.094242 -9.685153 -3.201027 -5.730758 -0.172428 -6.416996 -11.009495 -8.625976 -15.233555 80.349863 -58.739875 -78.768905 32.109568 -6.456335 -3.760463 7.567589 -0.095726 -4.252425 8.906096 -5.032891 -9.836770 -69.607294 62.075820 -65.938851 -25.932140 14.856058 6.762604 
-75.801575 117.899094 -15.990938 -14.507482 -3.272690 -14.616663 16.886692 5.925542 13.904698 -2.581955 -13.630835 3.808162 2.558677 18.706724 -8.233150 -0.145420 -0.675298 0.125117 -21.919116 -14.203246 -61.098348 3.999110 -24.296128 111.940051 6.109131 -4.661978 -0.204391 1.684467 1.406710 -1.626900 4.473784 -14.431107 24.947938 4.524502 3.536888 -8.637192 2.420310 -5.225460 8.578289 -2.189168 -14.606464 17.394532 1.164724 -9.895295 -2.665918 -6.111619 0.292266 -6.623112 -11.096960 -8.290260 -14.789332 76.501772 -59.027162 -74.430292 33.160824 -6.711286 -3.740817 8.292272 0.026923 -4.778326 8.789311 -3.654621 -9.846090 -71.189388 62.115235 -66.856043 -27.096089 14.994628 6.509800 
-75.934227 117.065994 -15.945215 -13.254862 -7.148861 -12.376920 15.269200 6.238618 13.253151 -2.768080 -11.885560 3.701970 4.041294 19.025338 -9.796714 -0.176422 -0.667213 0.128574 -21.775387 -13.122406 -56.075493 4.173644 -22.891138 107.844885 6.056827 -6.054981 0.905528 1.569809 1.391231 -1.742795 3.946241 -13.256034 24.165422 4.579174 3.306724 -9.093966 2.367231 -5.035728 8.937846 -1.150263 -14.399704 15.517390 0.609434 -9.991505 -2.314959 -7.305308 0.980262 -6.730129 -12.179536 -8.008258 -13.905622 69.492582 -58.928127 -67.474596 34.172762 -6.757767 -3.607339 9.570423 0.076972 -5.336480 9.847275 -2.360609 -9.032655 -68.035954 62.245847 -63.130404 -28.071442 14.816702 6.573998 
-76.157356 116.227936 -15.863953 -11.956615 -11.281296 -10.643526 13.240152 6.229758 12.543485 -2.534348 -10.387482 3.785436 5.993220 20.597437 -11.023133 -0.151598 -0.727841 0.202018 -20.362528 -10.867634 -51.136365 4.215055 -20.265000 103.155174 5.903412 -7.348129 2.785380 1.557594 1.450266 -1.876550 2.997579 -11.772548 23.330540 4.682418 3.176398 -9.599150 2.344571 -4.703782 9.310690 -0.292771 -14.025997 13.372761 0.171760 -10.320827 -2.481446 -9.047701 1.994696 -6.876612 -14.729147 -7.972149 -12.240685 60.342186 -58.069018 -58.301321 33.629141 -6.812565 -3.722617 11.595678 0.291340 -5.945130 13.344663 -0.555968 -7.658341 -60.854124 61.194448 -55.745224 -27.696585 13.374924 5.793317 
-75.025574 115.463135 -16.879860 -10.780561 -16.377644 -8.892790 10.599814 5.845724 10.818635 -2.607231 -9.016534 4.354879 7.632478 22.178775 -12.408514 -0.137001 -0.843558 0.173451 -18.571302 -8.752457 -45.961969 3.703745 -17.511003 97.783721 5.632913 -8.831964 3.124714 1.427396 1.482110 -1.979658 2.067266 -10.307985 22.482072 4.341070 3.000609 -10.151704 2.184097 -4.247072 9.772852 0.125782 -14.049474 10.930060 -0.228624 -10.708008 -2.573930 -11.438954 3.138749 -6.785800 -18.364277 -7.400291 -9.859072 48.211912 -55.030812 -46.793580 32.415957 -6.585439 -3.777183 13.880315 0.289289 -6.070901 17.670003 0.848797 -5.424493 -47.918315 59.008452 -43.437681 -26.351444 11.839728 5.037943 
-73.627968 114.800690 -19.165916 -9.232827 -22.061206 -8.394261 7.756458 5.014962 9.163903 -2.527441 -8.242552 4.949976 8.740145 24.357422 -13.055099 -0.003581 -0.910014 0.082901 -16.817317 -6.899318 -40.581715 2.885602 -14.204033 91.943784 5.064757 -10.348692 2.283627 1.350832 1.476162 -1.878589 1.703933 -8.883437 21.957055 3.565595 3.017911 -10.414147 1.966704 -3.697014 9.909834 0.496021 -14.200455 8.248225 -1.004187 -11.106824 -2.686226 -13.867259 4.432501 -6.239860 -22.952769 -6.460358 -7.357421 35.081460 -49.635384 -34.489834 30.101411 -6.612680 -4.360580 15.716684 0.542414 -5.628129 22.003372 2.676403 -3.263653 -31.931055 52.696972 -29.118994 -24.886164 10.734167 4.439584 
-72.144363 114.340805 -21.739264 -7.677134 -28.086240 -8.693156 5.351704 4.281341 7.598529 -2.477627 -7.456790 5.802936 9.744452 26.771439 -12.500379 0.114648 -0.990529 -0.014784 -15.450091 -5.764797 -34.376277 1.812883 -11.069897 82.815278 4.643586 -12.395184 1.455719 1.316165 1.413743 -1.664810 1.457558 -7.131845 21.126853 2.574182 2.683765 -10.330476 1.710636 -3.143461 9.732098 0.374560 -14.635455 6.081345 -1.708300 -11.401226 -3.005878 -16.465405 5.276003 -5.417715 -27.429972 -5.523845 -4.570118 22.333521 -41.090053 -23.115770 25.750994 -7.008286 -4.344361 17.354087 0.864756 -5.071743 26.313128 4.000672 -1.333998 -19.866679 41.487111 -20.241936 -21.550377 9.142666 3.498980 
-71.326683 114.095352 -24.504988 -5.425146 -33.918423 -10.032493 3.463342 3.946167 6.529056 -2.443186 -5.958607 6.499564 10.004685 28.368084 -10.962668 0.277115 -0.895005 -0.125580 -14.086585 -4.771783 -28.170779 1.121524 -8.317028 71.433821 4.384062 -14.104068 -0.676658 1.293922 1.255138 -1.497591 1.229916 -5.543881 19.907646 1.708441 2.092715 -9.553712 1.518661 -2.642791 9.214001 -0.340236 -14.794312 4.543498 -2.584585 -11.641633 -3.074689 -18.174859 5.614905 -4.412275 -32.226996 -4.386426 -1.002823 10.747876 -29.641586 -13.117933 20.441257 -7.283444 -3.911982 18.666963 1.455250 -4.286672 29.949386 5.145071 0.596212 -11.156142 27.830757 -15.710662 -18.258521 7.936499 2.828839 
-70.912041 113.966263 -27.293137 -3.137981 -39.556688 -11.120036 2.253537 3.811834 5.993748 -1.943508 -5.217958 5.224862 10.262395 29.654553 -8.225334 0.733760 -0.780301 -0.440677 -13.133633 -3.707795 -22.812362 1.116619 -4.810944 59.225148 4.699120 -14.270681 -4.124643 1.273833 0.994283 -1.147981 0.981944 -4.210857 18.048610 1.035837 1.558700 -8.657459 1.517703 -2.386413 8.690988 -0.899527 -13.498353 2.892554 -3.573069 -11.659416 -2.835178 -18.802253 5.492113 -3.399788 -38.108007 -2.472976 3.307757 2.000165 -19.072497 -3.027855 14.135322 -7.951665 -2.158650 19.542708 2.089461 -3.874244 33.853488 6.114555 2.705340 -5.397565 16.142984 -13.954390 -15.307407 6.430211 2.793038 
-70.982285 113.960663 -30.653669 -1.707925 -42.574877 -11.733575 2.593514 4.536255 4.635534 -1.103242 -2.921892 4.579625 8.730604 27.801715 -6.327257 1.148337 -0.855783 -0.514183 -12.254436 -3.583717 -17.863115 1.197891 -2.666619 48.179204 4.886703 -12.760812 -6.258468 1.373219 0.849624 -0.815510 1.227932 -3.154578 16.511899 0.484782 1.216202 -8.096972 1.647972 -2.278581 8.086240 -1.345673 -12.889481 1.978521 -4.135672 -11.564181 -1.921084 -19.222696 5.129345 -2.306521 -43.298576 -1.176179 6.111587 -1.226621 -13.639574 2.881773 9.328661 -7.499948 -2.239294 19.747414 2.163091 -3.085434 37.175229 6.105673 3.886507 -2.461448 9.426227 -14.371102 -13.197581 4.828286 0.960307 
