HIERARCHY
ROOT Hips
{
	OFFSET -0.179506 -22.333345 2.821913
	CHANNELS 6 Xposition Yposition Zposition Zrotation Yrotation Xrotation 
	JOINT LeftUpLeg
	{
		OFFSET 6.951974 -9.140623 -0.681533
		CHANNELS 3 Zrotation Yrotation Xrotation
		JOINT LeftLeg
		{
			OFFSET 3.427654 -37.519855 -0.449580
			CHANNELS 3 Zrotation Yrotation Xrotation
			JOINT LeftFoot
			{
				OFFSET -1.359570 -39.796059 -4.369333
				CHANNELS 3 Zrotation Yrotation Xrotation
				JOINT LeftToe
				{
					OFFSET 2.635814 -5.579078 11.928840
					CHANNELS 3 Zrotation Yrotation Xrotation
					End Site
					{
						OFFSET 0.000000 0.000000 0.000000
					}
				}
			}
		}
	}
	JOINT RightUpLeg
	{
		OFFSET -6.767048 -9.052170 -0.431982
		CHANNELS 3 Zrotation Yrotation Xrotation
		JOINT RightLeg
		{
			OFFSET -3.829005 -38.256897 -0.885003
			CHANNELS 3 Zrotation Yrotation Xrotation
			JOINT RightFoot
			{
				OFFSET 1.577377 -39.841461 -4.231180
				CHANNELS 3 Zrotation Yrotation Xrotation
				JOINT RightToe
				{
					OFFSET -2.537174 -4.814398 12.334795
					CHANNELS 3 Zrotation Yrotation Xrotation
					End Site
					{
						OFFSET 0.000000 0.000000 0.000000
					}
				}
			}
		}
	}
	JOINT Spine
	{
		OFFSET -0.253288 10.896323 -2.669631
		CHANNELS 3 Zrotation Yrotation Xrotation
		JOINT Spine1
		{
			OFFSET 0.548704 13.518043 0.109247
			CHANNELS 3 Zrotation Yrotation Xrotation
			JOINT Spine2
			{
				OFFSET 0.145701 5.292222 2.542457
				CHANNELS 3 Zrotation Yrotation Xrotation
				JOINT Neck
				{
					OFFSET -0.277840 21.387037 -4.285703
					CHANNELS 3 Zrotation Yrotation Xrotation
					JOINT Head
					{
						OFFSET 0.515184 6.496960 5.134897
						CHANNELS 3 Zrotation Yrotation Xrotation
						End Site
						{
							OFFSET 0.000000 0.000000 0.000000
						}
					}
				}
				JOINT LeftShoulder
				{
					OFFSET 7.884473 12.174932 -3.408961
					CHANNELS 3 Zrotation Yrotation Xrotation
					JOINT LeftArm
					{
						OFFSET 9.097692 3.046888 -0.886815
						CHANNELS 3 Zrotation Yrotation Xrotation
						JOINT LeftForeArm
						{
							OFFSET 25.961220 -1.277207 -2.745643
							CHANNELS 3 Zrotation Yrotation Xrotation
							JOINT LeftHand
							{
								OFFSET 24.923361 0.898606 -0.117091
								CHANNELS 3 Zrotation Yrotation Xrotation
								End Site
								{
									OFFSET 0.000000 0.000000 0.000000
								}
							}
						}
					}
				}
				JOINT RightShoulder
				{
					OFFSET -8.175920 11.883285 -3.861528
					CHANNELS 3 Zrotation Yrotation Xrotation
					JOINT RightArm
					{
						OFFSET -9.601238 3.255117 -0.914307
						CHANNELS 3 Zrotation Yrotation Xrotation
						JOINT RightForeArm
						{
							OFFSET -25.374195 -1.332924 -2.140099
							CHANNELS 3 Zrotation Yrotation Xrotation
							JOINT RightHand
							{
								OFFSET -25.529810 0.777228 -0.555919
								CHANNELS 3 Zrotation Yrotation Xrotation
								End Site
								{
									OFFSET 0.000000 0.000000 0.000000
								}
							}
						}
					}
				}
			}
		}
	}
}
MOTION
Frames: 323
Frame Time: 0.033333
12.396628 14.809692 90.717934 -119.015041 1.152843 86.201148 13.811822 4.879180 -6.922446 -7.166608 -6.275426 19.803891 1.425771 9.828468 -21.725665 nan nan nan -15.765966 -14.276163 -5.420123 3.118631 -14.079977 14.739149 2.983167 -11.129969 -9.289494 nan nan nan -8.021906 4.328812 0.597244 8.718177 -6.737026 17.921569 2.122643 -0.460095 -7.495366 4.332635 -16.129395 11.319586 5.890976 -18.958788 10.782470 -18.772705 -8.712551 7.573732 -61.203666 -41.027099 34.818737 -133.875036 -76.731491 165.346068 11.611236 -14.619181 5.614422 24.398435 4.762267 2.190898 55.511455 6.516081 7.869627 -53.179286 53.705582 -43.936371 -13.036156 5.001566 -26.125917 
12.376143 14.779480 90.712364 -118.848647 1.216663 86.062391 13.920840 4.431141 -6.692825 -7.175928 -6.071801 19.633863 1.510324 9.753396 -21.671544 nan nan nan -15.879763 -14.383730 -5.037202 3.153994 -14.468628 14.588616 3.136808 -10.795301 -9.141674 nan nan nan -7.966639 4.338121 1.065665 8.621772 -6.752326 17.389602 2.301208 -0.393687 -7.357342 4.464690 -16.326326 11.627460 5.857543 -18.847388 10.372449 -18.364021 -8.943326 7.844315 -62.605193 -40.538515 34.747427 -140.802523 -77.140154 171.716223 4.587730 -14.831022 6.714924 24.220766 4.528313 2.790679 53.893373 5.274707 7.320513 -52.429859 52.908247 -35.431310 -2.589291 5.958256 -13.864088 
12.385024 14.785583 90.703773 -118.867373 1.197494 86.005561 13.932715 4.392845 -6.575198 -7.194524 -6.045807 19.549535 1.552672 9.763689 -21.613833 nan nan nan -15.918124 -14.345243 -4.981397 3.130331 -14.520894 14.624051 3.160589 -10.844596 -9.155467 nan nan nan -7.971624 4.333786 1.172175 8.588707 -6.741438 17.273940 2.297976 -0.382825 -7.259002 4.453291 -16.317280 11.688973 5.907219 -18.799553 10.261551 -18.238273 -8.953990 7.826857 -62.778666 -40.509559 34.764180 -142.309743 -77.182810 172.967921 3.567587 -14.700934 6.192256 24.172368 4.544134 2.799319 53.862705 5.288780 7.361100 -52.792157 52.809328 -34.987626 -1.207613 5.634984 -13.028388 
12.394199 14.793809 90.704391 -118.875079 1.186293 86.000881 13.928449 4.405735 -6.583224 -7.195064 -6.053177 19.570238 1.558325 9.759909 -21.604986 nan nan nan -15.934665 -14.337487 -5.011552 3.131911 -14.540296 14.681053 3.174163 -10.842560 -9.170303 nan nan nan -7.984208 4.341891 1.153073 8.584190 -6.737336 17.330860 2.285118 -0.389467 -7.294829 4.474707 -16.282076 11.699274 5.931684 -18.852096 10.228252 -18.221126 -8.960166 7.826592 -62.647462 -40.538556 34.730454 -141.869081 -77.157206 172.673001 3.774796 -14.823213 6.281160 24.194216 4.566127 2.803679 53.899191 5.268833 7.375587 -52.958021 52.783931 -35.119697 -1.544580 5.716204 -13.144730 
12.397967 14.826101 90.692642 -118.833788 1.134053 85.935055 13.909223 4.374527 -6.519791 -7.179052 -5.985759 19.613199 1.597773 9.616076 -21.556877 nan nan nan -16.034422 -14.328329 -4.852536 3.164489 -14.613605 14.645484 3.192536 -10.648612 -9.176394 nan nan nan -8.057602 4.341559 1.113795 8.661634 -6.699828 17.517367 2.205272 -0.308397 -7.379509 4.409171 -16.270662 11.769897 5.945990 -19.055771 10.186402 -17.744343 -8.412808 7.854190 -63.375604 -41.104609 35.567841 -142.116142 -77.493628 172.372723 3.608786 -14.930339 5.169953 23.976099 4.201529 2.863890 54.306943 5.621249 7.697046 -52.964799 52.550646 -35.388254 -2.037984 5.898051 -13.717846 
12.437778 14.956759 90.829079 -118.249272 1.886902 86.878419 14.736900 4.361589 -7.886653 -7.194340 -5.954667 19.966156 1.589504 8.983792 -21.228505 nan nan nan -14.759306 -13.898426 -5.286157 3.086001 -15.511480 13.838768 2.483826 -10.861547 -9.135226 nan nan nan -8.282220 4.692662 0.823304 9.655205 -6.988912 17.197518 3.003992 -0.327634 -9.022029 2.950582 -16.934382 13.701558 6.966535 -18.775686 9.083147 -18.516984 -8.362373 8.597015 -65.499775 -40.404686 36.526110 -165.382364 -79.437645 -172.741086 -9.126916 -19.122673 -11.966021 23.171059 3.225791 1.285499 56.605541 4.775675 7.329264 -54.672451 50.853873 -34.958527 4.230670 6.031365 -12.949179 
12.444064 14.930761 90.852036 -118.222268 1.853867 86.958427 14.669359 4.341407 -8.034903 -7.205076 -6.003503 20.054338 1.715748 9.052643 -21.235593 nan nan nan -14.789168 -13.941419 -5.408761 3.095958 -15.538245 13.893657 2.345389 -10.845862 -9.188634 nan nan nan -8.348587 4.678540 0.661356 9.659012 -7.037468 17.325697 3.008422 -0.303168 -9.118958 2.810914 -17.018128 13.879872 7.096392 -18.607080 9.071304 -18.737127 -8.422140 8.597836 -64.846648 -40.572488 36.299216 -165.506353 -79.266847 -172.984835 -9.515322 -18.968111 -12.044632 23.140910 3.164824 1.240342 56.471239 4.710099 7.251058 -54.398820 51.003577 -34.662466 4.813608 5.864407 -12.508183 
12.436038 14.939699 90.822762 -118.327205 2.026299 86.809668 14.961997 4.395644 -7.789473 -7.486003 -6.413240 19.910835 2.198981 9.508581 -20.967539 nan nan nan -14.626466 -13.845863 -5.257050 3.212993 -15.375144 13.799754 1.554054 -11.029533 -9.325340 nan nan nan -9.196527 6.478378 -0.015368 11.056231 -5.636651 20.501608 4.343494 -2.166858 -11.873532 3.039141 -18.081978 12.318161 5.763002 -18.876882 10.004779 -19.064147 -9.101334 8.943748 -66.099705 -41.066042 37.538415 -169.338696 -79.678189 -168.862877 -10.315901 -18.567936 -12.109304 21.774112 1.917608 -0.047475 56.551043 4.283341 8.107714 -54.466765 51.037536 -34.706576 4.638765 6.111130 -13.282457 
12.428074 14.939197 90.812614 -118.341052 1.970047 86.769342 14.887968 4.378498 -7.737336 -7.376774 -6.249489 19.860469 2.028086 9.334539 -21.024674 nan nan nan -14.716087 -13.885699 -5.299491 3.134772 -15.539087 13.948210 1.687020 -10.798396 -9.458973 nan nan nan -9.013765 6.011688 0.076230 10.756361 -6.006183 20.311767 3.995592 -1.671193 -11.641101 2.986076 -17.676537 12.791022 6.087477 -18.936597 9.563329 -18.922813 -8.512277 8.807844 -66.556294 -40.724482 37.615393 -169.338362 -79.715597 -169.012849 -10.760665 -18.871165 -11.920592 22.214419 2.119345 0.374850 56.424401 4.639230 8.097922 -54.474328 50.725151 -34.859241 4.768452 6.441798 -12.945195 
12.451190 14.931888 90.847092 -118.261311 1.876628 86.936677 14.691130 4.413613 -8.016782 -7.163711 -6.045223 19.997874 1.669478 8.979376 -21.199028 nan nan nan -14.739171 -14.020577 -5.602152 2.934164 -15.719882 14.186082 2.199978 -10.618830 -9.563173 nan nan nan -8.405546 4.598573 0.639792 9.774199 -7.141864 17.867029 3.036790 -0.068473 -9.805156 2.477322 -16.923883 14.405814 7.280486 -18.678599 8.594724 -18.710919 -7.601880 8.563792 -66.122109 -40.140579 37.000232 -167.428200 -79.383001 -171.099555 -10.944821 -18.985476 -12.225725 23.400872 2.836411 1.576756 56.075649 5.050191 7.494758 -54.551832 50.628628 -34.661222 5.249596 6.353964 -11.822470 
12.503307 14.904479 90.817787 -118.424032 1.915003 86.782711 14.788199 4.395856 -7.790524 -7.368244 -6.307312 19.870534 2.019813 9.475488 -21.063088 nan nan nan -14.697295 -13.894060 -5.647953 2.936265 -15.508832 14.336626 1.642375 -10.801880 -9.579100 nan nan nan -9.060837 6.021942 0.144648 10.746655 -6.064747 20.306110 3.904446 -1.459930 -11.677911 3.059446 -17.720262 12.784342 6.042399 -18.977272 9.549896 -18.685844 -8.371977 8.518274 -67.071363 -40.677526 37.829308 -169.282870 -79.869433 -168.596334 -11.183980 -18.663842 -12.691228 22.557249 2.081766 0.275766 55.814032 4.399107 8.380046 -54.638887 50.847821 -34.779970 5.016271 6.136262 -13.006618 
12.535117 14.896873 90.818344 -118.498974 1.909368 86.740189 14.804764 4.441906 -7.748187 -7.405894 -6.330588 19.867198 1.959958 9.508150 -20.994762 nan nan nan -14.702565 -13.883577 -5.730968 2.907073 -15.456953 14.505793 1.605315 -10.767937 -9.627445 nan nan nan -9.060518 6.033877 0.225838 10.758721 -5.955886 20.348373 3.898844 -1.461104 -11.759777 3.053805 -17.749435 12.744191 5.973973 -19.019930 9.622602 -18.637707 -8.364870 8.409205 -67.009794 -40.630556 37.875982 -169.367654 -79.863576 -168.419432 -11.009766 -18.732447 -12.829231 22.585551 2.077905 0.238773 55.617414 4.312733 8.476783 -54.527489 50.969298 -34.881614 4.917595 6.221851 -13.202547 
12.531029 14.894713 90.866272 -118.364778 1.842762 86.924375 14.644275 4.522112 -8.075230 -7.218983 -6.126920 20.083746 1.571121 9.018354 -21.102746 nan nan nan -14.755243 -14.048110 -5.901469 2.823546 -15.674622 14.605427 2.149800 -10.550151 -9.656840 nan nan nan -8.397179 4.630346 0.846750 9.760012 -6.951480 17.665178 3.007833 -0.019278 -9.839364 2.440696 -17.054124 14.452272 7.241273 -18.716962 8.627484 -18.636614 -7.520049 8.304341 -65.996481 -39.978899 37.159541 -167.403985 -79.320028 -171.016090 -10.683321 -18.992083 -12.566212 23.518057 2.740664 1.457009 55.637928 4.798065 7.700898 -54.327797 50.896406 -34.820476 4.868404 6.353528 -12.361943 
12.520909 14.890198 90.880257 -118.264984 1.834177 86.977305 14.627489 4.477554 -8.195067 -7.205854 -6.091182 20.176599 1.613154 8.934782 -21.158646 nan nan nan -14.791181 -14.111289 -5.886049 2.844964 -15.814790 14.561226 2.161718 -10.534353 -9.663562 nan nan nan -8.397849 4.588530 0.715924 9.716983 -7.058341 17.741799 2.952777 0.069536 -9.881018 2.512504 -17.010972 14.539206 7.273667 -18.748032 8.588329 -18.663147 -7.437576 8.260962 -66.008688 -39.910705 37.239541 -166.923441 -79.285827 -171.480515 -10.751982 -19.059463 -12.453043 23.580292 2.743510 1.442631 55.836579 4.821336 7.655464 -54.504852 50.630311 -34.966268 4.672476 6.451572 -12.409241 
12.500732 14.892896 90.884262 -118.203101 1.802734 86.978752 14.599804 4.428509 -8.191195 -7.200050 -6.028512 20.170013 1.646836 8.880047 -21.175373 nan nan nan -14.844340 -14.145555 -5.834435 2.848515 -15.872708 14.516960 2.202551 -10.526790 -9.702920 nan nan nan -8.470624 4.588298 0.627602 9.725178 -7.107154 17.812960 2.954371 0.064064 -9.887207 2.564899 -17.009770 14.574763 7.281288 -18.754934 8.581265 -18.652282 -7.321359 8.215691 -65.992352 -39.941580 37.270116 -166.526063 -79.256306 -172.051248 -10.912172 -19.061633 -12.337388 23.615938 2.682056 1.414730 55.881491 4.881885 7.683190 -54.598197 50.485312 -34.905305 4.881312 6.447875 -12.112791 
12.495669 14.891046 90.890060 -118.172631 1.772614 86.980843 14.556253 4.395244 -8.173928 -7.190937 -6.008997 20.118472 1.680087 8.921612 -21.173963 nan nan nan -14.870361 -14.149672 -5.869126 2.812609 -15.870055 14.573001 2.262871 -10.558066 -9.720967 nan nan nan -8.556660 4.564624 0.598692 9.747298 -7.135715 17.806602 2.958076 0.076520 -9.851344 2.581131 -17.024136 14.570799 7.314331 -18.701195 8.605479 -18.585614 -7.181274 8.171994 -65.999908 -39.999950 37.313546 -166.156201 -79.215276 -172.591420 -10.902568 -18.892805 -12.478478 23.640583 2.627334 1.394768 55.828757 4.941975 7.799515 -54.550387 50.427167 -34.737847 5.136088 6.394279 -11.918779 
12.505095 14.890948 90.899025 -118.125571 1.760477 87.023525 14.520405 4.343729 -8.211823 -7.171482 -6.062698 20.049334 1.714316 9.003363 -21.133575 nan nan nan -14.865152 -14.110272 -5.939706 2.797257 -15.848966 14.616164 2.305991 -10.597164 -9.693187 nan nan nan -8.608445 4.558153 0.575994 9.763860 -7.117154 17.714873 2.960350 0.093076 -9.781756 2.541631 -17.103341 14.609297 7.403466 -18.636798 8.550606 -18.561108 -7.117628 8.184391 -65.952038 -40.062583 37.310881 -165.738179 -79.151845 -173.011257 -10.834102 -18.713364 -12.702722 23.659597 2.534028 1.380415 55.755427 4.950355 7.775696 -54.526091 50.583203 -34.660618 5.386344 6.315472 -11.792039 
12.506760 14.899735 90.913986 -118.062038 1.796687 87.035660 14.558965 4.340900 -8.243208 -7.197739 -6.152070 20.050324 1.708564 9.016820 -21.139512 nan nan nan -14.826600 -14.050619 -5.923951 2.840438 -15.795793 14.594519 2.281287 -10.655680 -9.659410 nan nan nan -8.629625 4.628421 0.625821 9.828564 -7.015261 17.384154 3.044924 -0.023635 -9.555702 2.455899 -17.202337 14.610946 7.400492 -18.593633 8.596197 -18.623609 -7.194368 8.308542 -65.831184 -40.117841 37.160235 -165.377622 -79.136187 -173.335046 -10.849352 -18.795533 -12.851293 23.632405 2.472383 1.373350 55.585074 4.899856 7.567023 -54.455909 50.875398 -34.486342 5.790684 6.222840 -11.504879 
12.500840 14.908743 90.922600 -118.048139 1.818789 87.053960 14.600542 4.399955 -8.265105 -7.215336 -6.166516 20.063399 1.690060 8.982402 -21.120209 nan nan nan -14.813949 -14.025925 -5.950387 2.896167 -15.766367 14.621383 2.297527 -10.683240 -9.707547 nan nan nan -8.698464 4.727343 0.527838 9.895319 -6.916810 17.236145 3.168604 -0.156509 -9.312701 2.452315 -17.231673 14.542780 7.352285 -18.605683 8.623775 -18.738047 -7.301867 8.343212 -65.638420 -40.141080 37.030205 -165.239370 -79.107788 -173.606874 -10.817237 -18.815980 -12.742706 23.602099 2.559337 1.379955 55.375453 4.795133 7.513790 -54.411173 51.089328 -34.708981 5.659017 6.310821 -11.936469 
12.494271 14.908990 90.923813 -118.014548 1.816808 87.088949 14.579660 4.423447 -8.304094 -7.178541 -6.202475 20.064709 1.675957 8.964112 -21.109180 nan nan nan -14.815729 -14.039001 -6.008404 2.880131 -15.845268 14.682600 2.327445 -10.706650 -9.753771 nan nan nan -8.707836 4.719841 0.393887 9.883376 -6.951293 17.310975 3.162377 -0.160281 -9.267505 2.465627 -17.134204 14.536348 7.361611 -18.610529 8.631350 -18.779730 -7.255137 8.296154 -65.516966 -40.127794 37.051563 -165.133655 -79.073029 -173.882619 -10.687127 -18.757857 -12.715078 23.666715 2.655703 1.474666 55.262162 4.775266 7.645006 -54.433124 51.090008 -35.041494 5.037692 6.480456 -12.523526 
12.485438 14.904224 90.924034 -117.945947 1.808112 87.098168 14.541275 4.367143 -8.292334 -7.121093 -6.220895 19.998761 1.705694 8.956101 -21.104005 nan nan nan -14.801961 -14.079133 -6.020265 2.802094 -15.903828 14.720615 2.342575 -10.735157 -9.753505 nan nan nan -8.704042 4.688584 0.423498 9.868799 -6.983075 17.202295 3.136252 -0.145418 -9.219745 2.406429 -17.146535 14.599818 7.442534 -18.603555 8.587592 -18.790651 -7.187349 8.285697 -65.482995 -40.089366 37.072349 -164.809919 -79.042527 -174.277386 -10.601886 -18.754880 -12.698699 23.730866 2.597595 1.476197 55.271537 4.823035 7.615998 -54.511593 51.047805 -35.001431 5.078994 6.351025 -12.163923 
12.480885 14.910893 90.930511 -117.896045 1.823987 87.066091 14.571897 4.356171 -8.235668 -7.155223 -6.305927 19.948464 1.713201 8.944904 -21.121612 nan nan nan -14.768778 -14.103248 -6.003657 2.730800 -15.940880 14.783101 2.327114 -10.789010 -9.819732 nan nan nan -8.737269 4.702933 0.475822 9.906694 -6.965945 17.131626 3.192681 -0.182753 -9.190641 2.368305 -17.208689 14.676257 7.427024 -18.584192 8.465940 -18.834400 -7.200717 8.285047 -65.472451 -40.003802 37.031783 -164.390141 -79.001160 -174.694357 -10.555223 -18.681274 -12.626021 23.728632 2.602696 1.443835 55.176731 4.751420 7.571725 -54.608683 51.093098 -34.886410 5.414431 6.138481 -11.817608 
12.495922 14.926349 90.934303 -117.869143 1.849528 87.107494 14.614486 4.374995 -8.305728 -7.190793 -6.367404 20.006036 1.628660 8.944180 -21.131319 nan nan nan -14.755827 -14.137878 -6.093501 2.728912 -16.037785 14.896963 2.301439 -10.774523 -9.890657 nan nan nan -8.746155 4.636707 0.368441 9.899724 -7.034219 17.306289 3.157783 -0.124139 -9.283316 2.405199 -17.136694 14.731993 7.437487 -18.530791 8.343495 -18.816648 -7.041510 8.221308 -65.509912 -39.988305 37.114609 -163.825574 -78.969367 -175.305706 -10.421140 -18.565222 -12.673820 23.754652 2.620173 1.526474 55.147611 4.802800 7.687314 -54.624648 51.068420 -34.988683 5.190112 6.156643 -12.114306 
12.513218 14.935365 90.948463 -117.808314 1.865849 87.110591 14.617246 4.375069 -8.369447 -7.180318 -6.372794 20.081392 1.561716 8.927085 -21.110234 nan nan nan -14.759683 -14.159067 -6.096115 2.741852 -16.096864 14.946320 2.299273 -10.713302 -9.928857 nan nan nan -8.701476 4.545781 0.427847 9.843378 -7.111631 17.280274 3.079126 -0.032906 -9.321714 2.434876 -17.061410 14.760687 7.423236 -18.486235 8.328169 -18.737129 -6.881558 8.208877 -65.542086 -39.987747 37.159434 -163.435031 -78.937421 -175.740185 -10.566059 -18.623068 -12.721968 23.788839 2.566070 1.617048 55.265985 4.944096 7.704885 -54.655572 51.020298 -34.951192 5.336952 6.190001 -12.109605 
12.527423 14.941652 90.963608 -117.726412 1.868976 87.080877 14.619557 4.343382 -8.390925 -7.184189 -6.354001 20.132991 1.555217 8.915231 -21.080575 nan nan nan -14.751179 -14.167671 -6.037024 2.725288 -16.119809 14.954212 2.256119 -10.693255 -9.935492 nan nan nan -8.716076 4.593188 0.512047 9.833098 -7.094651 17.205499 3.085012 -0.080857 -9.285788 2.456746 -17.077275 14.700221 7.416835 -18.481995 8.398456 -18.639148 -6.936356 8.288830 -65.577517 -40.028407 37.106363 -163.400189 -78.940165 -175.896508 -11.036627 -18.706770 -12.659977 23.718618 2.494426 1.534975 55.369002 4.977708 7.594766 -54.551861 51.186950 -34.811347 5.884018 6.189541 -11.702298 
12.537394 14.943215 90.962219 -117.679631 1.887832 87.100703 14.652569 4.318058 -8.421564 -7.201942 -6.377885 20.117201 1.604933 8.922923 -21.049101 nan nan nan -14.721901 -14.134836 -6.050022 2.737055 -16.171125 14.969531 2.221271 -10.733915 -9.957695 nan nan nan -8.757373 4.669082 0.423261 9.862814 -7.048388 17.298368 3.136132 -0.176065 -9.256069 2.532973 -17.086648 14.605804 7.405812 -18.464984 8.321660 -18.556641 -7.054874 8.261921 -65.621608 -40.004756 37.067335 -163.489938 -78.962990 -175.846440 -11.321558 -18.809196 -12.778887 23.507548 2.496938 1.311578 55.538725 4.929864 7.638870 -54.328061 51.292094 -34.684210 5.943999 6.258915 -11.822170 
12.545002 14.944659 90.949631 -117.707455 1.874600 87.054778 14.641362 4.317069 -8.346510 -7.171288 -6.383706 20.075483 1.647255 8.947616 -21.082934 nan nan nan -14.735548 -14.110463 -6.079819 2.714202 -16.188809 15.093619 2.258774 -10.768655 -10.003045 nan nan nan -8.743037 4.625058 0.500856 9.819464 -7.081496 17.408894 3.062426 -0.081393 -9.322555 2.634012 -17.022962 14.465399 7.392925 -18.518263 8.289139 -18.479383 -6.943700 8.135829 -65.599839 -39.998047 37.148931 -163.175227 -78.911617 -176.104820 -11.397187 -18.810873 -12.904103 23.572327 2.534111 1.324188 55.472743 4.950773 7.818976 -54.392912 51.374117 -34.788702 5.722037 6.228715 -12.122761 
12.552536 14.949428 90.936279 -117.740426 1.867771 86.972897 14.632833 4.346205 -8.243682 -7.102116 -6.390765 20.053526 1.665342 8.877791 -21.118322 nan nan nan -14.729464 -14.090990 -6.069130 2.660308 -16.152279 15.211105 2.356699 -10.747973 -10.056377 nan nan nan -8.610358 4.323504 0.733056 9.624752 -7.330372 17.625619 2.789047 0.383862 -9.610528 2.841560 -16.787117 14.320516 7.334867 -18.736297 8.368146 -18.274554 -6.537379 8.017773 -65.666742 -40.057553 37.286457 -162.568296 -78.778582 -176.666777 -11.664267 -18.671295 -12.975045 23.897929 2.635914 1.955948 55.241865 5.148546 7.899237 -54.853743 51.549073 -35.279715 5.460088 6.076795 -12.284123 
12.557038 14.954415 90.943939 -117.664320 1.957186 86.955437 14.706044 4.387786 -8.285618 -7.112217 -6.584964 20.104218 1.674209 8.920767 -21.102964 nan nan nan -14.628039 -14.084739 -6.048665 2.694843 -16.065204 15.230066 2.393570 -10.875834 -10.044590 nan nan nan -8.657628 4.551379 0.749055 9.751124 -7.119800 17.397830 3.026136 0.232925 -9.375223 2.746323 -17.045303 14.218113 7.380559 -18.809005 8.372444 -18.539623 -6.959548 8.251712 -65.445785 -40.163603 37.041492 -162.201369 -78.810945 -177.145709 -11.665977 -18.522795 -13.182777 23.825539 2.770769 2.226035 54.956381 4.894998 7.345502 -55.109735 52.043094 -35.833338 5.183525 5.901050 -12.777873 
12.565765 14.973210 90.948738 -117.595444 1.959771 86.934576 14.706319 4.388018 -8.301318 -7.128842 -6.686330 20.131899 1.677557 8.951692 -21.057276 nan nan nan -14.665997 -14.079744 -6.004764 2.754497 -16.132726 15.257168 2.308945 -10.851917 -10.015676 nan nan nan -8.673622 4.581221 0.746900 9.734000 -7.101798 17.599457 3.032880 0.215601 -9.584706 2.807807 -17.046190 14.213741 7.374698 -18.798072 8.468616 -18.555540 -7.011713 8.337575 -65.355265 -40.152236 37.011585 -162.294602 -78.845968 -177.117386 -11.744900 -18.599926 -13.413852 23.776371 2.807881 2.310861 54.994023 4.880681 7.320674 -55.106946 52.089877 -35.945642 5.280362 5.971976 -13.206518 
12.578062 14.996505 90.951553 -117.581311 1.946351 86.894358 14.712977 4.364222 -8.261817 -7.157752 -6.743959 20.128398 1.683887 8.999510 -21.003056 nan nan nan -14.713444 -14.032135 -5.949756 2.808616 -16.170924 15.264292 2.223551 -10.842458 -10.050637 nan nan nan -8.676976 4.568044 0.802857 9.687365 -7.106760 17.719080 2.977615 0.287721 -9.707258 2.835186 -17.046335 14.206101 7.431697 -18.752210 8.503443 -18.523799 -6.991012 8.326029 -65.262402 -40.149076 37.051646 -162.154698 -78.896520 -177.293487 -11.923113 -18.686987 -13.736954 23.782392 2.745516 2.212680 55.022579 4.857199 7.389956 -55.035343 52.184377 -35.812152 5.688915 5.929909 -13.201722 
12.586912 15.005645 90.953339 -117.552350 1.979959 86.907773 14.764077 4.321970 -8.309045 -7.173923 -6.734464 20.169382 1.670863 9.007569 -20.998661 nan nan nan -14.677031 -13.990874 -5.960875 2.819893 -16.151554 15.306769 2.210100 -10.871710 -10.108944 nan nan nan -8.706576 4.661774 0.804577 9.738051 -7.023955 17.584030 3.060288 0.245679 -9.591734 2.787689 -17.091035 14.234998 7.518366 -18.779977 8.433518 -18.602994 -7.149262 8.346878 -65.188247 -40.122899 37.050118 -161.999457 -78.997253 -177.492886 -12.297938 -18.863439 -13.995594 23.800906 2.775308 2.163341 54.946496 4.778409 7.199962 -55.282074 52.213163 -35.875245 6.452623 5.860063 -12.883280 
12.584158 15.021604 90.951355 -117.482402 2.024332 86.908083 14.832198 4.244262 -8.327735 -7.190125 -6.744565 20.177211 1.747473 9.026771 -21.019373 nan nan nan -14.622570 -13.962917 -5.909102 2.813968 -16.101762 15.328752 2.205366 -10.944102 -10.179705 nan nan nan -8.787003 4.867206 0.775040 9.866621 -6.880030 17.424635 3.231606 0.041502 -9.420083 2.782583 -17.194655 14.138481 7.517820 -18.849543 8.450004 -18.683266 -7.396751 8.365792 -65.247106 -40.073450 37.096502 -161.914922 -79.171339 -177.587541 -12.558824 -19.068654 -14.338466 23.794549 2.873892 2.092839 54.954152 4.738709 6.960926 -55.729895 51.938388 -36.186242 7.331579 5.874781 -12.617672 
12.587688 15.050014 90.938393 -117.425263 2.041549 86.920583 14.873359 4.279538 -8.365291 -7.229193 -6.870207 20.206880 1.725030 9.072964 -21.070124 nan nan nan -14.597792 -14.018024 -5.870881 2.828950 -16.129842 15.307860 2.237195 -11.061755 -10.213494 nan nan nan -8.889764 5.028450 0.735274 9.957664 -6.782928 17.410792 3.348371 -0.125660 -9.385824 2.837035 -17.293086 13.991130 7.474505 -18.948910 8.554992 -18.680737 -7.455379 8.321224 -65.271534 -40.085051 37.239181 -161.288744 -79.271427 -178.158983 -12.171839 -19.181243 -14.872648 23.678673 2.920355 2.039158 54.796816 4.429072 7.103131 -55.815974 52.177755 -36.785334 6.753975 6.085627 -13.867221 
12.627164 15.074542 90.919571 -117.429799 2.012827 87.006983 14.872134 4.283887 -8.495399 -7.251852 -6.864965 20.243378 1.631571 9.057811 -21.042938 nan nan nan -14.594108 -14.022466 -6.062813 2.802389 -16.287692 15.415456 2.258288 -11.107936 -10.241599 nan nan nan -8.985042 5.086888 0.663783 9.980355 -6.730819 17.399300 3.383945 -0.192523 -9.393538 2.783515 -17.330222 14.011074 7.551410 -18.972649 8.553099 -18.648859 -7.425085 8.252370 -65.338530 -40.028178 37.406271 -160.755571 -79.358735 -178.654294 -11.897135 -19.161540 -15.249225 23.672223 2.970153 1.908720 54.755060 4.269633 7.354725 -55.986842 52.174127 -37.462696 6.441551 6.413057 -15.152029 
12.673714 15.098420 90.903946 -117.413043 1.935637 87.079434 14.814920 4.240523 -8.626613 -7.290562 -6.871888 20.282167 1.601513 9.117645 -21.003734 nan nan nan -14.658053 -13.995105 -6.260745 2.776501 -16.362698 15.586379 2.238041 -11.160328 -10.319897 nan nan nan -9.103887 5.073384 0.635745 9.973987 -6.698090 17.281100 3.404045 -0.168374 -9.297255 2.553995 -17.464576 14.081285 7.721447 -18.822759 8.549535 -18.719180 -7.448977 8.175397 -65.235869 -39.971465 37.463397 -160.043448 -79.457826 -179.488584 -11.871697 -18.995711 -15.680944 23.760238 2.937144 1.667250 54.658542 4.171870 7.517007 -56.044299 52.253322 -37.971978 6.578487 6.524208 -16.079624 
12.708383 15.140251 90.899727 -117.363458 1.896971 87.102699 14.794568 4.209899 -8.711610 -7.324456 -6.935990 20.340287 1.644815 9.207139 -20.969830 nan nan nan -14.694706 -13.970867 -6.317565 2.802452 -16.360333 15.668550 2.152538 -11.217100 -10.387177 nan nan nan -9.217922 5.076115 0.615353 10.006937 -6.699786 17.316227 3.429877 -0.089379 -9.351252 2.372068 -17.559404 14.196194 7.803354 -18.689718 8.510694 -18.842909 -7.507132 8.185114 -64.987953 -39.954956 37.452935 -159.513297 -79.511698 179.896073 -11.949683 -18.900630 -16.267018 23.844799 2.902219 1.556608 54.652290 4.138424 7.614640 -56.234016 52.183631 -38.390049 6.504311 6.451157 -16.875224 
12.704361 15.180690 90.905052 -117.204676 1.923868 87.045586 14.843101 4.092476 -8.694639 -7.357103 -7.003677 20.371867 1.688114 9.225722 -20.958616 nan nan nan -14.694053 -14.000485 -6.132068 2.850987 -16.363386 15.599647 2.049091 -11.287805 -10.401440 nan nan nan -9.221346 5.081145 0.638619 10.025648 -6.790672 17.511828 3.402363 -0.010462 -9.539958 2.408267 -17.572716 14.313886 7.828392 -18.669217 8.303486 -18.891053 -7.547128 8.331225 -64.853389 -39.959272 37.398349 -159.517556 -79.530511 179.767916 -12.397078 -19.037735 -16.593764 23.876837 2.872050 1.631665 54.808772 4.306199 7.342526 -56.633437 51.898968 -38.396350 7.127785 6.065875 -16.105324 
12.673571 15.217649 90.910156 -117.073756 1.984122 86.903508 14.900903 4.050047 -8.558513 -7.318752 -7.129436 20.399279 1.635177 9.207924 -20.936688 nan nan nan -14.681017 -14.015006 -5.816590 2.926136 -16.344798 15.487536 2.050600 -11.381183 -10.389473 nan nan nan -9.149967 5.115063 0.756821 10.040473 -6.829793 17.553415 3.354538 -0.016281 -9.538368 2.369463 -17.611470 14.443813 7.979888 -18.635749 8.079782 -18.811723 -7.507723 8.372549 -64.786896 -39.996310 37.552314 -158.775825 -79.592304 178.850652 -11.722297 -19.114303 -17.557301 23.732761 2.842834 1.614371 54.738632 4.225815 7.430169 -56.310471 52.182740 -38.460662 6.128276 5.991601 -16.768982 
12.680281 15.239504 90.905296 -117.032841 2.026172 86.845631 14.948722 3.960585 -8.510644 -7.263956 -7.170303 20.414929 1.631742 9.208189 -20.973815 nan nan nan -14.629594 -13.950327 -5.744308 2.905827 -16.420424 15.532877 2.116725 -11.454942 -10.411236 nan nan nan -9.114134 5.145272 0.887758 10.025813 -6.819323 17.354920 3.347026 -0.041338 -9.366343 2.355165 -17.612785 14.570855 8.143509 -18.588528 7.849699 -18.723731 -7.483619 8.277954 -64.775454 -39.917692 37.716309 -158.129508 -79.723526 177.930822 -11.379540 -19.270414 -18.457343 23.657443 2.922062 1.487995 54.758720 4.200525 7.583211 -56.161442 52.147988 -38.623961 6.066798 6.101948 -17.583349 
12.725782 15.254745 90.896683 -116.966671 2.066337 86.968057 14.991578 3.818001 -8.729646 -7.274935 -7.205878 20.520469 1.645378 9.320184 -20.977242 nan nan nan -14.501122 -13.806852 -5.956293 2.833231 -16.546486 15.685282 2.045145 -11.656290 -10.502505 nan nan nan -9.068364 5.152370 0.815692 10.030299 -6.774256 17.164224 3.323816 -0.224472 -9.206632 2.127032 -17.837065 14.825522 8.339391 -18.174987 7.606953 -18.639068 -7.456095 8.093506 -64.737621 -39.677728 37.740910 -157.161096 -79.811189 176.782879 -11.371351 -19.498880 -19.409507 23.293653 2.665870 0.310848 55.274328 4.016381 8.105913 -55.257216 52.031769 -37.854833 6.526030 6.339379 -18.125557 
12.750900 15.289225 90.893364 -116.889559 2.115934 86.987039 15.031886 3.766588 -8.839066 -7.312510 -7.373664 20.666945 1.640062 9.462392 -21.003412 nan nan nan -14.407691 -13.739574 -6.029004 2.801400 -16.524533 15.837268 2.016975 -11.800388 -10.614152 nan nan nan -9.105130 5.224307 0.795743 10.099706 -6.733499 17.156629 3.378520 -0.255154 -9.197480 1.978149 -17.989562 14.841552 8.445658 -18.078191 7.551910 -18.629838 -7.530299 8.207411 -64.662103 -39.759630 37.736012 -155.478681 -79.875994 174.872295 -11.410252 -19.348629 -20.356852 23.134168 2.656384 0.181087 55.374701 3.991262 8.001498 -55.238904 52.154492 -38.158812 6.531158 6.296612 -18.781403 
12.809633 15.335286 90.894623 -116.774298 2.063265 87.024666 14.958474 3.584789 -9.010617 -7.372379 -7.531578 20.772546 1.756965 9.743302 -20.969688 nan nan nan -14.440741 -13.738255 -6.220795 2.797594 -16.414844 16.082725 1.808342 -12.023407 -10.786418 nan nan nan -9.009468 5.269988 0.736567 10.277586 -6.756599 16.929999 3.272348 -0.480862 -9.009586 0.372758 -18.716221 15.433229 9.106637 -16.893074 7.499382 -19.421851 -7.499074 8.115982 -63.686830 -39.691964 37.707103 -154.587579 -80.050459 173.786952 -11.446177 -19.226459 -21.602771 23.961463 1.471052 -2.205600 54.659258 3.869541 9.508315 -54.203686 52.304038 -36.430744 7.630160 5.761517 -19.347267 
12.853373 15.395676 90.895493 -116.604105 2.078295 87.016719 14.966205 3.477603 -9.122467 -7.387954 -7.723170 20.861131 1.775328 9.833624 -20.942787 nan nan nan -14.444808 -13.802905 -6.234806 2.818470 -16.444198 16.258143 1.658147 -12.115127 -10.916117 nan nan nan -8.972723 5.286952 0.788269 10.344049 -6.797647 16.777602 3.206482 -0.501656 -8.937808 -0.157088 -18.983921 15.712662 9.445827 -16.465894 7.452965 -19.679359 -7.652164 8.104783 -63.257757 -39.586350 37.769746 -153.703582 -80.270866 172.772170 -11.369731 -19.262092 -22.806000 24.094543 1.214956 -3.073655 54.570374 3.647215 10.017254 -53.915971 52.180986 -36.080522 7.991939 5.636246 -19.836606 
12.846347 15.442486 90.882652 -116.397245 2.212457 86.900953 15.078745 3.561657 -9.080601 -7.318951 -7.993998 20.994898 1.661081 9.699172 -20.987169 nan nan nan -14.362129 -13.884195 -5.924406 2.849662 -16.507423 16.277458 1.788145 -12.103773 -10.978379 nan nan nan -9.125298 5.359108 1.072747 10.252786 -6.816832 16.829783 3.405648 -0.169447 -9.091896 1.417291 -18.373803 14.963449 8.802070 -17.748462 7.578064 -18.909218 -7.971100 8.481438 -64.024234 -39.794979 37.900271 -151.402830 -80.393736 170.180936 -11.048313 -19.208704 -23.679634 23.180889 2.744452 -0.085304 55.145494 3.741367 8.046925 -55.876546 52.002959 -39.338804 6.864849 5.930452 -20.947438 
12.852786 15.483075 90.864311 -116.226563 2.290737 86.741217 15.146215 3.562833 -8.981170 -7.297866 -8.280661 21.059047 1.755150 9.725415 -21.028575 nan nan nan -14.313557 -13.887332 -5.675227 2.878448 -16.362299 16.341465 1.864763 -12.349898 -11.102863 nan nan nan -9.124153 5.445246 1.419891 10.282501 -6.799602 16.690392 3.540743 -0.118057 -9.118675 1.641489 -18.343059 14.543948 8.522672 -18.036983 7.794572 -18.866222 -8.030717 8.605965 -64.039774 -39.803729 38.002198 -149.384133 -80.411079 167.705702 -10.579817 -18.945287 -24.939888 23.285178 3.141395 0.876016 54.763952 3.839741 7.502232 -56.989687 52.097397 -41.218240 6.530512 5.763020 -22.702280 
12.883879 15.521820 90.848137 -116.113844 2.375400 86.706648 15.241170 3.515948 -8.994884 -7.305598 -8.473229 21.074693 1.758770 9.782264 -21.012691 nan nan nan -14.175640 -13.821014 -5.692853 2.807507 -16.388837 16.506807 1.845677 -12.582592 -11.193942 nan nan nan -9.051348 5.481341 1.542324 10.311165 -6.776542 16.660402 3.524159 -0.158282 -9.201201 1.628758 -18.423601 14.510249 8.515152 -17.953601 7.830841 -18.757766 -7.933139 8.514254 -64.088202 -39.643425 38.235835 -147.416687 -80.516047 165.472512 -10.604266 -19.029950 -26.273836 23.174755 3.129837 0.748163 54.746211 3.834998 7.615281 -57.005957 52.014928 -41.712500 6.667538 5.835372 -23.989741 
12.915525 15.561060 90.833130 -115.932183 2.482422 86.735449 15.345454 3.476400 -9.146858 -7.308028 -8.630261 21.190657 1.685377 9.766480 -20.980593 nan nan nan -14.042228 -13.847373 -5.779624 2.744491 -16.579356 16.702949 1.864430 -12.719256 -11.290773 nan nan nan -8.973472 5.502586 1.526445 10.376631 -6.781269 16.613430 3.516240 -0.176861 -9.153534 1.419054 -18.535692 14.588686 8.690601 -17.874157 7.687962 -18.720701 -7.978023 8.464600 -64.004521 -39.584567 38.421648 -145.619221 -80.665362 163.455593 -10.902367 -19.254852 -27.633683 23.058557 3.166779 0.507745 54.667775 3.730625 7.670024 -57.020341 51.905899 -41.983441 7.038051 5.836701 -24.845796 
12.920642 15.619914 90.825310 -115.655177 2.524586 86.720166 15.390102 3.371969 -9.256252 -7.380838 -8.890397 21.330023 1.676618 9.853149 -20.944229 nan nan nan -14.044027 -13.955624 -5.678445 2.813658 -16.644311 16.790472 1.829482 -12.877461 -11.452041 nan nan nan -9.018310 5.575836 1.535535 10.453657 -6.793347 16.215540 3.588534 -0.199166 -8.701900 1.053892 -18.790659 14.751265 9.027389 -17.715244 7.385900 -18.748591 -8.258132 8.492917 -63.648143 -39.594811 38.428801 -143.488465 -80.735827 161.024957 -10.481762 -19.205058 -29.304231 22.914294 3.221386 0.120496 54.579674 3.449302 7.555171 -57.022021 51.932955 -42.286959 7.071993 5.635682 -25.579770 
12.906426 15.681285 90.820145 -115.347990 2.490774 86.613985 15.337998 3.241128 -9.255439 -7.421669 -9.134452 21.439976 1.740891 9.976504 -20.973328 nan nan nan -14.173134 -14.122744 -5.415649 2.935281 -16.564338 16.844578 1.858768 -13.020455 -11.562961 nan nan nan -9.090768 5.637336 1.721782 10.427865 -6.858119 15.471598 3.622296 -0.184716 -7.937176 0.773938 -19.017499 14.849020 9.462537 -17.476470 7.177324 -18.764329 -8.527417 8.554805 -63.114563 -39.645475 38.275646 -140.838814 -80.709130 158.039735 -10.012166 -19.121020 -30.781860 22.901618 3.293935 -0.050607 54.406002 3.333591 7.251890 -56.959783 52.028002 -42.536222 7.207373 5.406067 -26.039685 
12.929719 15.735229 90.802292 -115.074189 2.448813 86.558465 15.308601 3.107879 -9.317474 -7.443767 -9.255769 21.511011 1.788367 9.966469 -20.971738 nan nan nan -14.255228 -14.132868 -5.333603 2.961554 -16.623933 17.030833 1.892021 -13.137085 -11.702450 nan nan nan -9.140336 5.606137 1.841436 10.348220 -6.963406 15.183073 3.599273 -0.124049 -7.602600 0.682380 -19.068587 14.864673 9.719382 -17.319046 7.070464 -18.707812 -8.570274 8.612789 -62.687403 -39.613557 38.145891 -138.460959 -80.674578 155.256882 -10.067854 -19.367810 -31.837021 22.935691 3.425288 -0.049933 54.264220 3.427434 7.103685 -56.943770 51.922322 -43.170789 7.544869 5.495807 -26.958574 
12.971190 15.795666 90.779602 -114.869301 2.457125 86.476826 15.377141 3.030602 -9.319333 -7.520494 -9.391459 21.540859 1.836096 9.998671 -20.960656 nan nan nan -14.231230 -14.035931 -5.315510 2.880477 -16.774187 17.295550 1.830501 -13.284438 -11.851203 nan nan nan -9.158922 5.588512 1.965499 10.334347 -6.997391 15.493905 3.549935 -0.050061 -7.917624 0.761393 -19.142724 14.753478 9.690028 -17.375214 7.051450 -18.572551 -8.455717 8.742421 -62.498053 -39.539057 38.149507 -136.155020 -80.617724 152.716280 -9.886648 -19.645764 -32.748795 22.903249 3.462111 -0.132249 54.185137 3.479776 7.160907 -57.018190 51.747016 -43.810052 7.602348 5.503691 -28.203066 
12.999750 15.866171 90.748596 -114.668143 2.422261 86.389631 15.403261 2.967272 -9.307930 -7.607823 -9.551768 21.583082 1.899545 10.054029 -20.964507 nan nan nan -14.276308 -14.015922 -5.298316 2.827648 -16.862401 17.608716 1.792962 -13.460840 -12.148385 nan nan nan -9.232439 5.653642 2.097163 10.340261 -6.974236 15.677546 3.525754 -0.063948 -8.135896 0.775850 -19.319848 14.601385 9.651633 -17.416883 7.146421 -18.403985 -8.378648 8.837508 -62.384210 -39.435838 38.234541 -133.566916 -80.536343 149.856109 -9.471536 -19.682717 -33.810015 22.892185 3.405227 -0.255270 54.054248 3.556369 7.233119 -57.082426 51.590668 -44.345993 7.436886 5.403981 -29.124133 
13.032537 15.944547 90.708725 -114.524298 2.333490 86.296396 15.384701 2.944590 -9.285080 -7.692912 -9.672079 21.654897 1.921159 10.033853 -21.014392 nan nan nan -14.386610 -14.022058 -5.318494 2.770294 -16.880314 17.968998 1.770255 -13.618901 -12.437939 nan nan nan -9.338407 5.710883 2.239741 10.288113 -6.886823 15.602632 3.514253 -0.053865 -8.052053 0.742452 -19.360679 14.489785 9.791390 -17.393494 7.136586 -18.260853 -8.408371 8.757885 -62.176510 -39.275509 38.335398 -130.926634 -80.453993 146.912638 -9.332355 -19.751962 -34.923312 22.899813 3.436382 -0.394628 53.878660 3.552002 7.267077 -57.206942 51.460607 -44.990424 7.507674 5.530587 -29.935682 
13.086947 16.024401 90.677315 -114.377055 2.285351 86.229692 15.398031 2.945829 -9.329708 -7.779227 -9.818350 21.783360 1.884225 10.018041 -21.004132 nan nan nan -14.450602 -14.011568 -5.405158 2.715426 -16.818843 18.425458 1.722100 -13.758716 -12.714151 nan nan nan -9.387843 5.732437 2.436904 10.225698 -6.795052 15.401408 3.502435 0.004501 -7.968129 0.609693 -19.375920 14.545854 10.018883 -17.376386 7.028877 -18.211453 -8.449430 8.727397 -61.880316 -39.146363 38.357471 -128.175109 -80.370396 143.858146 -9.421564 -20.000920 -36.096462 22.852304 3.497302 -0.422606 53.679082 3.521019 7.169352 -57.301965 51.384809 -45.550979 7.859911 5.727481 -30.765307 
13.145562 16.094290 90.650047 -114.154452 2.228071 86.175817 15.390887 2.927628 -9.456149 -7.901207 -9.960395 21.995125 1.876422 10.009466 -20.928357 nan nan nan -14.557682 -14.002832 -5.483177 2.696725 -16.770432 18.926360 1.712990 -13.860945 -12.971335 nan nan nan -9.411026 5.728979 2.624290 10.145175 -6.796070 15.326205 3.438124 0.117418 -8.004088 0.490190 -19.450559 14.623063 10.232770 -17.352018 6.931126 -18.178009 -8.477947 8.781310 -61.505479 -39.063221 38.330549 -125.651722 -80.246261 141.066160 -9.555050 -20.189971 -37.202058 22.812768 3.544529 -0.430332 53.522411 3.532918 7.056603 -57.401737 51.268146 -46.038964 8.215163 5.709260 -31.454967 
13.189441 16.157516 90.609764 -113.897292 2.146878 86.093149 15.352969 2.878703 -9.558963 -8.024585 -10.107701 22.209036 1.893812 10.013202 -20.914289 nan nan nan -14.737570 -14.042222 -5.539720 2.707079 -16.847826 19.418311 1.677868 -13.987556 -13.217559 nan nan nan -9.427541 5.727093 2.766500 10.030396 -6.834761 15.378928 3.349786 0.224530 -8.036737 0.428836 -19.486308 14.631840 10.441577 -17.282227 6.764946 -18.089259 -8.527250 8.848927 -61.101299 -38.982507 38.284972 -123.490402 -80.092973 138.613391 -9.597900 -20.304986 -38.155565 22.731943 3.662227 -0.454499 53.390948 3.534710 6.913666 -57.505419 51.124583 -46.716117 8.480279 5.685059 -32.278128 
13.230076 16.214376 90.569054 -113.686048 2.097082 85.937556 15.358259 2.838801 -9.598222 -8.158434 -10.242867 22.478197 1.880982 10.034150 -20.953812 nan nan nan -14.885797 -14.083207 -5.556779 2.690799 -16.925153 19.912730 1.654950 -14.096024 -13.519273 nan nan nan -9.375965 5.733416 2.954613 9.903533 -6.855418 15.493666 3.251869 0.346722 -8.047018 0.355612 -19.532163 14.660873 10.622415 -17.171445 6.493782 -17.992594 -8.653946 8.873084 -60.662387 -38.846042 38.210654 -121.570391 -79.901256 136.420410 -9.334105 -20.300155 -39.077168 22.564629 3.849055 -0.593081 53.218317 3.445953 6.851024 -57.567985 51.018762 -47.483198 8.645895 5.759594 -33.503390 
13.257624 16.269527 90.542343 -113.454215 2.073110 85.646470 15.401560 2.758384 -9.486666 -8.286093 -10.349610 22.744336 1.902561 10.014330 -21.021055 nan nan nan -15.060744 -14.091658 -5.351605 2.723676 -17.029398 20.355059 1.634372 -14.096063 -13.762353 nan nan nan -9.233065 5.745306 3.293337 9.766562 -6.874135 15.612143 3.119124 0.424646 -8.031376 0.366535 -19.508712 14.693587 10.742301 -17.169897 6.149134 -17.866825 -8.748902 8.884691 -60.245779 -38.682205 38.058421 -119.773975 -79.679874 134.333953 -9.248913 -20.473755 -39.870287 22.438252 4.079724 -0.736004 53.006249 3.388938 6.633404 -57.706371 50.847536 -48.235275 9.348211 6.019426 -34.142997 
13.298578 16.301655 90.510445 -113.258664 1.965259 85.387415 15.332480 2.589068 -9.477697 -8.415328 -10.361478 23.148269 1.996349 10.033632 -21.138363 nan nan nan -15.308404 -14.050432 -5.273385 2.729073 -17.079104 20.894236 1.588251 -14.151494 -14.008778 nan nan nan -9.097240 5.745153 3.701779 9.588338 -6.824747 15.542204 2.954283 0.482899 -7.946236 0.284501 -19.477440 14.674494 10.817508 -17.170856 5.942585 -17.753923 -8.769280 8.893294 -59.784936 -38.499386 37.895716 -118.115624 -79.493558 132.271623 -9.362435 -20.822546 -41.121713 22.417698 4.264311 -0.777547 52.794210 3.483269 6.298285 -58.030374 50.618367 -48.988793 10.267174 6.071411 -34.384850 
13.375742 16.314112 90.466431 -113.097301 1.794867 85.255856 15.187190 2.414308 -9.695578 -8.556499 -10.258380 23.693426 2.028595 10.041825 -21.255356 nan nan nan -15.554397 -13.951819 -5.521468 2.691921 -16.996727 21.657617 1.543178 -14.328949 -14.336575 nan nan nan -9.002469 5.748740 4.124210 9.392854 -6.650499 15.224680 2.795071 0.502096 -7.784205 0.040945 -19.529638 14.668630 11.036025 -17.052588 5.715483 -17.647359 -8.788839 8.911937 -59.293470 -38.358354 37.847228 -116.517806 -79.332185 130.510906 -9.140112 -21.056253 -42.961699 22.293099 4.335590 -0.818179 52.681879 3.657482 6.136953 -58.338682 50.486114 -50.008405 10.364273 6.030212 -36.058088 
13.458458 16.336653 90.415855 -112.957754 1.655301 85.150695 15.100219 2.271180 -9.951318 -8.740181 -10.209200 24.265937 2.011396 10.087665 -21.392522 nan nan nan -15.729338 -13.834739 -5.863388 2.621786 -16.914943 22.458047 1.493601 -14.575989 -14.658267 nan nan nan -8.865669 5.779076 4.537644 9.171785 -6.416120 14.757276 2.644518 0.488691 -7.471500 -0.276215 -19.694125 14.648407 11.328143 -16.810081 5.431448 -17.611662 -8.845753 8.955763 -58.578579 -38.421054 37.681145 -114.864342 -78.925690 128.694232 -8.844357 -21.079787 -44.267150 22.252084 4.314577 -0.850400 52.521342 3.939592 5.670666 -58.547629 50.570632 -51.282112 10.842904 6.064130 -37.602477 
13.523519 16.356842 90.354195 -112.890779 1.571750 84.968633 15.085533 2.183300 -10.136619 -8.916804 -10.143217 24.884250 2.060662 10.079329 -21.547012 nan nan nan -15.906936 -13.725656 -6.129473 2.640927 -16.748931 23.255553 1.413982 -14.754892 -14.909580 nan nan nan -8.585896 5.805511 4.961000 8.887102 -6.204811 14.552483 2.448838 0.529418 -7.305136 -0.410111 -19.812655 14.427376 11.456841 -16.618223 5.274504 -17.611356 -8.988385 8.896424 -57.757317 -38.387192 37.580138 -114.022940 -78.587042 127.303766 -8.544615 -20.929647 -45.173222 21.971163 4.443262 -0.892117 52.221545 3.987153 5.626446 -58.365753 50.582100 -52.237754 10.901731 6.331492 -39.287860 
13.600162 16.373878 90.271561 -113.129200 1.374843 84.801112 14.996398 2.185713 -10.284701 -9.127478 -9.951591 25.603589 2.090695 10.132936 -21.779232 nan nan nan -16.119187 -13.521624 -6.647101 2.593896 -16.353577 24.277774 1.300701 -14.866744 -15.204685 nan nan nan -8.405598 5.937792 5.366935 8.567650 -5.891245 14.331044 2.240232 0.618376 -7.132020 -0.539705 -19.836719 14.260173 11.609889 -16.519174 5.125600 -17.584203 -9.081297 8.906341 -57.041491 -38.264686 37.390971 -113.258631 -78.248286 125.920628 -8.339253 -20.960836 -46.126801 21.940037 4.541304 -0.980324 51.855870 4.176575 5.303640 -58.347932 50.618270 -53.496494 10.910901 6.447608 -40.441108 
13.703097 16.386868 90.173492 -113.628898 1.115577 84.678570 14.856246 2.296655 -10.468119 -9.305567 -9.634674 26.450947 2.025608 10.204230 -22.089485 nan nan nan -16.262836 -13.189798 -7.427644 2.402784 -15.879442 25.431944 1.265599 -14.985720 -15.641707 nan nan nan -8.259634 6.122138 5.842144 8.227859 -5.389099 13.663779 2.063068 0.646286 -6.624518 -0.837361 -19.693947 14.281103 11.963707 -16.485722 4.731235 -17.536286 -9.043286 8.754995 -56.614776 -37.881655 37.310423 -112.513025 -77.900061 124.970622 -8.240873 -21.058945 -47.028348 21.976917 4.673070 -1.121444 51.410271 4.359033 4.930249 -58.356982 50.695569 -54.870915 10.894561 6.634081 -41.415582 
13.794309 16.365213 90.085281 -114.119464 0.871353 84.435768 14.699396 2.277900 -10.581719 -9.465031 -9.353753 27.427272 1.983797 10.249708 -22.413417 nan nan nan -16.466255 -12.899963 -8.015664 2.283811 -15.419162 26.485125 1.310701 -15.102457 -16.067882 nan nan nan -7.963086 6.194041 6.434294 7.825219 -4.967530 12.913162 1.799523 0.757270 -5.917314 -1.242053 -19.467216 14.310383 12.414885 -16.401526 4.240210 -17.491710 -9.067889 8.534664 -56.218490 -37.351174 37.164119 -112.050001 -77.620094 124.373196 -8.237962 -20.990036 -47.679730 21.937304 4.992333 -1.194991 50.893906 4.612152 4.492592 -58.137422 50.735993 -56.023243 11.237256 6.932010 -42.217500 
13.868118 16.398254 89.965622 -114.884607 0.493999 84.143126 14.562105 2.247301 -10.485048 -9.716085 -8.990254 28.312144 2.016456 10.235237 -22.641008 nan nan nan -16.747924 -12.636786 -8.634383 2.048091 -14.871711 27.596179 1.243213 -15.027428 -16.440363 nan nan nan -7.832120 6.257321 6.696879 7.348396 -4.670762 13.110286 1.400768 1.025464 -5.749859 -1.431079 -19.124309 14.234438 12.612394 -16.376661 3.858773 -17.243865 -8.986781 8.335777 -55.663360 -36.986407 37.029211 -112.173403 -77.441381 124.106222 -8.335929 -21.043570 -48.372629 21.945806 5.342233 -1.117731 50.481925 5.232745 4.471074 -58.133643 50.482684 -56.771034 12.205245 6.727599 -43.214573 
13.946953 16.381666 89.838753 -115.770658 0.038579 83.745372 14.341852 2.181756 -10.303846 -9.927635 -8.555718 29.294052 1.993219 10.148508 -22.868953 nan nan nan -17.151314 -12.339168 -9.177457 1.793588 -14.344996 28.679584 1.217270 -14.812978 -16.782644 nan nan nan -7.629753 6.270413 7.178072 6.808037 -4.338039 13.369219 0.924499 1.214782 -5.700215 -1.557112 -18.681310 14.092618 12.717266 -16.273236 3.441854 -16.889385 -8.726953 8.039760 -55.189350 -36.634660 37.019287 -112.155421 -77.436183 123.643550 -8.333996 -21.365693 -49.644359 21.927992 5.687399 -1.046895 50.080674 6.158991 4.786250 -57.917748 50.096414 -57.345887 12.528974 6.725491 -44.337102 
14.076488 16.329744 89.712868 -116.969072 -0.409093 83.402135 14.226893 2.233848 -10.171874 -10.220637 -8.071230 30.403203 1.748268 9.972043 -23.139110 nan nan nan -17.430298 -11.774738 -9.963789 1.530456 -13.742882 29.749809 1.251245 -14.542346 -17.116776 nan nan nan -7.377823 6.329904 7.848485 6.261197 -3.808021 13.108014 0.451807 1.359403 -5.347128 -1.610698 -18.118707 13.892048 12.870264 -16.115366 3.010403 -16.482858 -8.462226 7.709898 -55.055077 -36.030626 37.125717 -111.952847 -77.548495 123.172921 -8.036345 -21.687966 -51.038689 21.924885 6.055946 -1.073964 49.598694 7.164083 5.120424 -57.441115 49.823697 -57.835079 12.103790 6.786244 -45.475323 
14.212859 16.246401 89.581177 -118.505029 -0.832824 83.128877 14.253327 2.337041 -9.991957 -10.559135 -7.471621 31.499021 1.384926 9.684274 -23.350346 nan nan nan -17.590949 -11.104561 -10.933718 1.282355 -13.066676 30.734416 1.274892 -14.195812 -17.343880 nan nan nan -7.070794 6.411571 8.394696 5.697125 -3.215776 12.996812 -0.043327 1.543049 -5.099543 -1.704323 -17.483000 13.687961 12.978773 -15.866992 2.644338 -16.066003 -8.325007 7.479677 -54.935158 -35.244091 37.224946 -112.342965 -77.625069 123.577866 -7.246699 -21.695133 -52.466623 21.922553 6.515011 -1.021938 49.019764 8.271305 5.394834 -56.746097 49.751006 -58.203639 11.049260 6.742019 -46.611500 
14.305581 16.151800 89.458145 -120.125593 -1.214533 82.815941 14.388501 2.442736 -9.670685 -10.866788 -6.850804 32.478650 1.081814 9.224014 -23.452493 nan nan nan -17.756533 -10.525103 -11.730900 1.191911 -12.345794 31.484540 1.275640 -13.797202 -17.463291 nan nan nan -6.755657 6.390698 9.031825 5.152016 -2.750127 12.856444 -0.504227 1.709930 -4.929432 -1.886324 -16.756777 13.533682 12.914555 -15.542262 2.437910 -15.727761 -8.054824 7.174871 -54.894254 -34.292267 37.313656 -113.190160 -77.770186 124.431924 -7.053170 -21.797340 -54.151120 21.898927 7.041294 -0.839196 48.416706 9.508872 5.706961 -56.084220 49.740948 -58.540046 10.138872 6.610600 -47.339786 
14.378901 16.044518 89.337906 -121.719945 -1.594480 82.606265 14.567824 2.508300 -9.473544 -11.261229 -6.280763 33.468801 0.813669 8.765761 -23.538371 nan nan nan -17.963308 -10.080220 -12.508021 1.240083 -11.595612 32.050759 1.271188 -13.302686 -17.588524 nan nan nan -6.564600 6.205536 9.694921 4.656081 -2.473496 12.502440 -0.915114 1.881408 -4.729388 -2.132555 -16.075246 13.364744 12.723662 -15.018551 2.398820 -15.518290 -7.513274 6.906121 -55.016426 -33.342427 37.352992 -114.114586 -78.002617 124.996401 -7.326769 -21.724976 -55.091779 21.987996 7.448726 -0.584113 47.678781 11.024221 6.070410 -55.219547 49.950578 -58.103941 9.916567 6.215769 -46.695233 
14.448093 15.931664 89.221420 -123.286968 -1.998016 82.534639 14.743308 2.537136 -9.408548 -11.710897 -5.880368 34.413488 0.564668 8.342987 -23.639594 nan nan nan -18.198108 -9.742494 -13.383227 1.340492 -10.837324 32.550538 1.254245 -12.724410 -17.655330 nan nan nan -6.582911 5.971858 10.159797 4.265093 -2.326366 12.167975 -1.216225 1.985958 -4.480302 -2.353901 -15.529891 13.069034 12.418968 -14.297843 2.442029 -15.365196 -7.015771 6.680655 -55.144257 -32.291245 37.318298 -115.884776 -78.260649 126.559090 -7.347791 -21.033654 -54.936137 22.109022 7.789636 -0.522490 46.887950 12.667622 6.498969 -53.999577 50.523233 -56.642690 9.730463 5.563348 -44.880452 
14.507063 15.863672 89.122017 -124.881103 -2.333300 82.458236 15.036539 2.597174 -9.188355 -12.201071 -5.678822 35.199014 0.345496 7.884621 -23.724442 nan nan nan -18.305772 -9.459505 -14.174370 1.421107 -10.068783 32.948005 1.196041 -12.138725 -17.606963 nan nan nan -6.739449 5.769633 10.464703 4.016018 -2.298746 11.991044 -1.413423 2.043553 -4.295925 -2.510103 -14.946748 12.811618 12.088250 -13.489841 2.621518 -15.154837 -6.792699 6.508282 -55.366386 -31.154546 37.225588 -117.630532 -78.748183 127.876942 -7.288972 -20.693952 -56.273598 22.142328 8.247455 -0.598616 46.244920 14.118838 7.088565 -52.898249 51.267000 -54.680380 9.374581 4.902925 -42.941985 
14.530746 15.803423 89.038902 -126.458698 -2.582392 82.398513 15.404992 2.692522 -8.895218 -12.808629 -5.529457 35.967236 0.273074 7.470870 -23.829798 nan nan nan -18.327471 -9.197947 -14.865650 1.571827 -9.308275 33.182644 1.113339 -11.622237 -17.547506 nan nan nan -6.858613 5.502419 10.663838 3.804143 -2.390968 11.880066 -1.572295 2.060778 -4.172614 -2.789006 -14.442168 12.685450 11.755914 -12.493226 2.873032 -15.187163 -6.806346 6.391194 -55.341233 -30.138408 37.175497 -117.871118 -78.898848 127.426919 -5.962320 -20.417161 -57.528931 22.162928 8.782193 -0.860805 45.734041 15.269744 7.727496 -51.714291 52.479531 -52.342379 8.016314 4.289703 -40.460730 
14.513602 15.718346 88.980286 -128.072212 -2.771663 82.350059 15.786098 2.854424 -8.503354 -13.466247 -5.404590 36.669793 0.216138 7.089266 -24.026586 nan nan nan -18.285557 -8.944234 -15.493948 1.768318 -8.533608 33.279335 1.077909 -11.094762 -17.468949 nan nan nan -6.889865 5.130516 10.816930 3.646957 -2.564292 11.859797 -1.756224 1.987400 -4.221592 -3.204475 -13.955122 12.664194 11.237270 -11.302023 3.184774 -15.317028 -6.813057 6.365131 -55.377887 -28.959119 36.934191 -120.029310 -79.270146 129.354240 -5.686327 -19.858393 -58.320720 22.164816 9.284677 -1.102616 45.495322 16.384044 8.580261 -50.733441 54.029096 -49.421245 6.208784 3.438466 -37.154097 
14.469038 15.608714 88.954483 -129.685670 -2.865822 82.266139 16.197301 3.030158 -7.930235 -13.975715 -5.303864 37.195555 0.121704 6.734755 -24.237027 nan nan nan -18.149353 -8.592109 -15.985598 1.983720 -7.763451 33.241434 1.127751 -10.561986 -17.275995 nan nan nan -6.850469 4.670207 11.069899 3.569606 -2.798940 11.647169 -1.934465 1.916158 -4.189829 -3.582759 -13.377995 12.662367 10.692945 -10.181868 3.546614 -15.480062 -6.759015 6.304891 -55.722058 -27.797050 36.733092 -121.903006 -79.781904 131.183178 -5.589881 -19.270211 -59.047686 22.181505 9.732177 -1.468479 45.492300 17.282921 9.556559 -50.006772 55.953165 -46.051504 4.138445 2.609080 -32.883112 
14.399502 15.489535 88.958145 -131.238941 -2.849925 82.205630 16.641560 3.254133 -7.327307 -14.170542 -5.184715 37.657224 0.032405 6.446894 -24.382531 nan nan nan -17.929203 -8.197888 -16.377581 2.174844 -7.093971 33.132879 1.151994 -9.969902 -17.021368 nan nan nan -6.822389 4.171583 11.261757 3.590031 -3.102758 11.435274 -2.005606 1.713034 -4.148280 -3.734765 -12.563014 12.655195 10.088328 -9.240800 3.801940 -15.568789 -6.809226 6.303832 -56.231385 -26.909415 36.297717 -123.079851 -80.500421 132.911900 -6.233745 -19.297406 -58.549311 22.103320 10.128048 -1.743273 45.833489 18.100360 10.576158 -49.511144 58.075928 -42.386433 2.778437 2.448810 -28.304822 
14.316251 15.362495 88.982300 -132.664167 -2.746797 82.211215 17.090301 3.505915 -6.809635 -14.202065 -5.064816 38.132768 -0.002032 6.553244 -24.462040 nan nan nan -17.612653 -7.934330 -16.708449 2.358602 -6.461264 32.870042 1.119119 -9.484296 -16.737432 nan nan nan -6.870480 3.647188 11.396842 3.723653 -3.531532 10.976336 -1.916026 1.445712 -3.880730 -3.931566 -11.887370 12.661322 9.484419 -8.052430 4.048805 -15.585104 -7.286128 6.436990 -56.881370 -25.952150 35.988948 -125.482491 -80.886438 135.519866 -4.823083 -18.298828 -59.439116 21.980381 10.621138 -1.982530 46.247559 18.582502 11.601126 -49.102283 60.646711 -38.743901 0.497618 2.522998 -24.262001 
14.221229 15.233325 89.020752 -134.146938 -2.573471 82.299868 17.553383 3.822285 -6.238880 -13.930195 -4.580602 38.516544 -0.046904 6.996465 -24.349165 nan nan nan -17.188081 -7.579113 -17.073327 2.432795 -6.034095 32.474926 1.070370 -8.932287 -16.414856 nan nan nan -6.900955 3.175791 11.259568 3.920502 -3.915874 10.896388 -1.780818 1.085560 -3.865774 -3.989094 -11.143228 12.725241 8.852645 -7.102088 4.353749 -15.549081 -8.009956 6.574539 -57.507124 -25.199171 35.646952 -128.770683 -81.384616 139.289844 -3.687379 -17.619367 -59.779590 21.823474 11.143825 -2.037901 46.625849 18.666679 12.518820 -49.218379 63.369363 -35.526710 -0.847238 3.156694 -20.035824 
14.060882 15.081372 89.073853 -135.695949 -2.418436 82.397867 17.899117 4.139278 -5.479490 -13.381135 -3.798132 38.727593 0.065754 7.707156 -24.205626 nan nan nan -16.838594 -7.198058 -17.388279 2.519707 -5.695012 31.951446 1.062353 -8.323879 -15.975011 nan nan nan -6.889859 2.734577 10.824508 4.121495 -4.370141 11.322394 -1.722441 0.710454 -4.112564 -4.082761 -10.493443 12.862701 8.314983 -6.194853 4.759522 -15.435899 -8.867234 6.822848 -57.879374 -24.917424 35.365507 -134.350119 -82.009799 145.092067 -3.032398 -16.681221 -59.704634 21.696375 11.634228 -1.824672 47.204008 18.859498 13.413218 -49.392598 65.902146 -32.600992 -2.395526 3.457696 -15.724724 
13.864938 14.917453 89.140671 -137.174169 -2.246770 82.488354 18.212063 4.445417 -4.657520 -12.691828 -2.900639 38.831970 0.230964 8.495420 -24.001414 nan nan nan -16.542258 -6.826085 -17.577440 2.638147 -5.463738 31.263070 1.036369 -7.692880 -15.440509 nan nan nan -6.911796 2.270585 10.307072 4.371873 -4.968263 11.901589 -1.626335 0.305730 -4.458813 -4.128405 -9.855762 13.095861 7.741480 -5.332150 4.990526 -15.151174 -9.734776 7.199164 -58.410864 -25.020350 35.023973 -142.399341 -82.646058 153.025291 -2.514429 -15.321383 -59.845331 21.493240 12.153020 -1.414748 48.067063 19.032465 14.443986 -49.830631 68.289728 -31.034209 -4.327203 3.652173 -13.343397 
13.675892 14.769533 89.227951 -138.555873 -1.992129 82.540394 18.629882 4.794667 -3.739256 -11.919868 -1.937846 38.793579 0.413582 9.187226 -23.740054 nan nan nan -16.188323 -6.370186 -17.579176 2.722336 -5.378082 30.396247 0.954151 -7.064367 -14.828764 nan nan nan -6.967064 1.807067 9.872093 4.686136 -5.601575 12.436262 -1.439620 -0.115221 -4.835692 -4.062464 -9.057825 13.367138 7.263435 -4.701750 5.170616 -14.716707 -10.618365 7.506360 -58.941053 -25.644074 34.589406 -150.711747 -83.248128 161.113334 -2.191264 -14.273970 -59.690392 21.400281 12.607690 -1.142803 48.904300 18.868244 15.294134 -50.627178 70.628609 -30.895638 -4.572698 4.507949 -12.108483 
13.471100 14.624907 89.335182 -139.828266 -1.654022 82.594495 19.052942 5.200759 -2.740070 -11.037053 -0.990751 38.550613 0.559919 9.855331 -23.528620 nan nan nan -15.770520 -5.909597 -17.424148 2.854745 -5.227711 29.394652 1.018968 -6.487520 -14.153774 nan nan nan -7.051407 1.291397 9.406653 5.107020 -6.301312 12.913808 -1.152798 -0.608852 -5.180052 -4.118655 -8.020468 13.846573 6.948203 -4.204561 5.274530 -14.285919 -11.599627 7.619931 -58.778133 -26.707033 33.935750 -159.625222 -83.660532 169.931548 -2.136946 -13.886202 -59.405018 21.450324 13.116390 -1.107901 49.616980 18.301721 16.147703 -51.427024 72.796934 -31.192962 -3.664170 5.731573 -11.370451 
13.246678 14.445115 89.435059 -141.042286 -1.209563 82.751351 19.483180 5.624098 -1.801346 -10.211995 -0.189419 38.159746 0.684229 10.589486 -23.373654 nan nan nan -15.275287 -5.436972 -17.310636 3.056059 -5.001095 28.279067 1.162347 -6.100540 -13.390126 nan nan nan -7.187322 0.571548 8.943356 5.688504 -7.093598 12.958918 -0.759010 -1.070239 -5.169258 -4.347079 -7.019688 14.352013 6.546086 -3.705172 5.379243 -13.821862 -12.533068 7.636087 -58.054805 -28.117234 32.863660 -169.692779 -83.722426 -179.824244 -3.136752 -13.490339 -58.400313 21.449749 13.553836 -1.260866 50.284101 17.721037 16.978480 -51.203143 74.953049 -30.211177 -1.833489 6.141619 -10.462832 
13.038950 14.254808 89.539871 -142.220864 -0.715011 82.907402 19.957321 6.142745 -0.850174 -9.672421 0.475880 37.671236 0.839012 11.286302 -22.889973 nan nan nan -14.726562 -5.052428 -17.212763 3.343111 -4.651698 27.114903 1.265913 -5.880012 -12.545527 nan nan nan -7.319369 -0.159223 8.658839 6.335733 -7.859511 12.469571 -0.342918 -1.477504 -4.702313 -4.747620 -6.424748 14.623685 6.208056 -3.303585 5.625428 -13.246320 -13.497064 7.674847 -56.948381 -29.926323 31.523839 -178.261025 -83.397564 -171.562369 -3.560405 -12.075731 -57.089337 21.535579 13.652902 -1.648531 50.897258 17.217887 17.444855 -48.709164 77.555030 -27.323237 -0.078441 5.255481 -9.562039 
12.816164 14.073164 89.664734 -143.339819 -0.318218 82.890354 20.322719 6.672343 0.352845 -9.377735 0.952647 36.961580 1.014747 11.664470 -22.412051 nan nan nan -14.277179 -4.726634 -16.944996 3.567564 -4.203330 25.986512 1.435672 -5.663511 -11.656349 nan nan nan -7.467239 -0.865962 8.562647 6.881597 -8.633762 12.053138 0.020070 -1.802957 -4.314378 -5.032280 -5.741335 14.897831 5.980130 -3.157853 5.763223 -12.320677 -14.414309 7.348035 -55.451973 -31.775228 30.176332 172.916676 -83.020857 -163.217478 -3.879100 -11.060242 -56.544118 21.531823 13.702261 -2.128203 51.795164 16.425180 18.040622 -45.816058 79.806739 -24.498506 1.675421 4.445081 -10.118697 
12.548267 13.877001 89.818382 -144.409666 0.043813 82.783480 20.551700 7.240035 1.665370 -9.065276 1.163949 36.021874 1.058232 11.895140 -22.407247 nan nan nan -13.892037 -4.542665 -16.565346 3.737738 -3.738163 24.830690 1.723185 -5.389836 -10.734231 nan nan nan -7.577938 -1.597521 8.586107 7.375859 -9.432658 11.753328 0.403982 -2.091124 -4.199322 -5.170077 -4.795768 15.529967 5.676007 -3.121549 5.499168 -11.399892 -15.209414 6.796105 -53.451813 -33.750986 28.444998 163.634890 -82.572255 -154.072938 -4.221348 -10.535239 -55.035892 21.249945 13.767007 -2.546821 52.827093 15.378071 18.814256 -41.244163 81.582006 -19.852581 2.677854 4.277159 -11.100512 
12.269406 13.646623 89.962723 -145.405775 0.416189 82.742998 20.707677 7.786771 2.822200 -8.833518 1.201279 34.949943 0.988957 12.090859 -22.762654 nan nan nan -13.560980 -4.478085 -16.286574 3.947326 -3.386976 23.686101 2.032977 -5.052990 -9.791513 nan nan nan -7.710327 -2.244555 8.524192 7.967144 -10.267201 11.837693 0.828050 -2.474913 -4.513383 -5.170572 -3.741405 16.140065 5.223753 -3.155529 5.274157 -10.549097 -15.760338 6.314871 -50.867835 -35.888068 26.129041 154.875543 -81.871150 -145.197893 -5.856437 -10.417528 -51.852931 21.218722 13.731235 -2.715297 53.389590 14.425851 19.463144 -34.307061 83.100593 -12.175951 3.774869 4.175082 -10.368210 
11.996069 13.362386 90.076828 -146.424950 0.823568 82.755198 20.867223 8.312843 3.847412 -8.706168 1.252593 33.775207 0.978742 12.233703 -23.095456 nan nan nan -13.216962 -4.370339 -16.153216 4.158156 -3.105673 22.648924 2.395864 -4.677640 -8.894172 nan nan nan -7.812161 -2.921706 8.513044 8.612307 -11.039673 11.925305 1.233710 -2.835260 -4.863725 -5.037648 -2.694440 16.369792 4.648570 -3.484047 5.436876 -9.519300 -16.050643 5.741722 -47.798558 -38.076115 23.458639 147.868897 -80.936828 -138.269581 -7.369464 -10.181450 -48.499837 21.251882 13.694668 -2.651371 53.749225 13.574279 20.013966 -27.152841 84.367523 -4.483828 5.530077 4.236368 -9.869619 
11.712991 13.041131 90.187424 -147.561978 1.259734 82.783943 21.004849 8.909409 4.838665 -8.440692 1.547917 32.435303 0.938619 12.527940 -23.516820 nan nan nan -12.857133 -4.149306 -16.075587 4.374916 -2.853940 21.627227 2.991948 -4.291547 -7.905075 nan nan nan -7.867437 -3.603151 8.661830 9.265231 -11.653536 11.537124 1.680644 -3.152353 -4.829878 -4.787252 -1.599431 16.526905 4.062198 -4.217775 5.387285 -8.375559 -16.292064 4.996550 -43.861699 -40.075130 20.107794 142.137263 -80.005501 -132.317734 -8.828447 -10.559262 -44.900778 21.163003 13.753770 -2.638245 54.010836 12.451849 20.442194 -16.551468 85.496661 6.472307 7.205855 4.610268 -10.076653 
11.389520 12.700912 90.314857 -148.719096 1.654009 82.745967 21.007363 9.477740 5.908887 -8.069697 2.014359 30.946425 0.716371 13.083714 -23.869391 nan nan nan -12.657361 -3.992868 -15.874618 4.682014 -2.771932 20.535088 3.639117 -3.772562 -6.809678 nan nan nan -7.894899 -4.073422 8.517205 9.857494 -12.208176 11.471963 2.133768 -3.620777 -4.569745 -4.558020 -0.426346 16.965609 3.617431 -5.207634 4.574124 -7.173012 -16.677141 4.210811 -38.943014 -41.752509 15.746970 137.150568 -79.004862 -127.005400 -10.377421 -11.219658 -40.459090 20.992280 13.967578 -3.030360 54.098638 11.042165 20.543730 2.998240 86.289059 26.034340 8.455352 5.290863 -9.942440 
11.053276 12.328387 90.446747 -149.859154 2.006889 82.694067 20.934502 9.984395 6.879939 -7.719769 2.590841 29.651845 0.523049 13.519962 -24.129238 nan nan nan -12.529839 -3.863824 -15.693103 4.987910 -2.776826 19.458276 4.245985 -3.175934 -5.591158 nan nan nan -7.819774 -4.582283 8.597609 10.402231 -12.804944 11.221644 2.461823 -4.064032 -4.474223 -4.228691 0.860383 17.550712 3.228034 -6.076925 3.770909 -5.782656 -16.618342 3.553944 -34.021877 -43.073188 11.276359 133.095644 -77.730127 -122.985518 -11.720037 -11.867757 -36.404907 20.755668 13.946906 -3.462111 54.463306 9.795681 20.789718 25.857219 86.304914 48.663978 9.658306 5.996834 -9.813895 
10.761609 11.925363 90.535591 -151.205700 2.445970 82.844926 21.032406 10.684814 7.568800 -7.444676 3.409860 28.564116 0.485972 13.845870 -24.459628 nan nan nan -12.202254 -3.542339 -15.967468 5.219326 -2.828388 18.560222 4.848576 -2.645936 -4.331705 nan nan nan -7.734989 -4.970919 8.477584 11.075902 -13.152631 11.279137 2.863822 -4.544650 -4.734860 -3.451639 2.300204 17.880631 2.506084 -7.130695 3.423031 -4.321959 -16.304877 3.006399 -28.873175 -44.080391 6.506742 129.261777 -76.157119 -119.038252 -13.738698 -12.559251 -31.682013 20.514600 13.906398 -3.559496 54.705858 8.655746 21.130152 41.791694 86.130422 64.800553 10.737494 6.599486 -9.883834 
10.419658 11.539330 90.578682 -152.790872 2.932206 83.118800 21.207962 11.541104 8.251476 -7.273557 4.349418 27.421065 0.482306 14.287258 -24.853456 nan nan nan -11.782081 -3.184015 -16.495165 5.501749 -2.744918 17.735424 5.361380 -2.221346 -3.221936 nan nan nan -7.597561 -5.023139 7.689013 11.778929 -13.167413 12.240803 3.429635 -5.235557 -5.307632 -2.427410 3.708206 18.106186 1.486232 -8.470246 3.167973 -3.046077 -16.317444 2.528923 -22.637012 -44.325873 0.729543 126.622477 -74.500131 -115.067708 -16.465348 -13.170983 -25.148177 20.120426 14.007856 -3.760964 54.730760 7.231624 21.358332 55.285822 86.058502 78.625524 11.823932 7.274161 -10.532890 
10.049273 11.131672 90.668755 -154.402839 3.195991 83.062388 21.135509 12.325248 9.319373 -7.079627 5.320758 26.217245 0.401823 14.764548 -25.195292 nan nan nan -11.547475 -2.936519 -16.701584 5.749148 -2.456331 16.973124 5.845628 -1.991970 -2.367047 nan nan nan -7.757990 -5.102567 7.512401 12.371787 -13.201333 12.988711 4.045066 -5.789688 -5.846447 -1.305614 5.138667 18.328295 0.443717 -9.863089 3.052700 -1.721194 -16.367415 1.903104 -16.192003 -43.672538 -5.092024 126.562891 -72.642800 -113.649626 -19.277431 -12.829223 -17.582175 19.915997 14.259722 -4.108802 54.655749 5.662139 21.880223 66.161387 85.904984 89.581289 12.792229 7.802089 -11.305893 
9.669768 10.723370 90.721237 -155.969600 3.362096 83.073653 20.982770 13.191741 10.238031 -6.769733 6.566985 25.101995 0.330264 14.904580 -25.642886 nan nan nan -11.354998 -2.812208 -17.163062 5.871781 -2.267221 16.511715 6.381591 -1.621472 -1.830541 nan nan nan -7.910064 -5.536572 7.542250 12.856053 -13.330616 13.229384 4.452736 -6.111208 -6.168973 -0.185587 6.731805 18.654688 -0.525030 -11.228388 2.965622 -0.177490 -15.406754 1.159598 -11.230817 -42.899158 -9.779243 126.507071 -71.160857 -112.628625 -21.198697 -12.252696 -10.234469 19.825816 14.302810 -4.145585 54.644064 4.732288 22.658595 70.055996 85.468104 93.317808 13.011654 8.531450 -12.205098 
9.356681 10.321042 90.707146 -157.711230 3.400517 83.346276 20.674701 14.049216 10.876448 -6.614506 7.850093 24.041511 0.460282 15.054563 -26.059486 nan nan nan -11.176497 -2.605252 -18.133809 5.872196 -2.140781 16.319031 6.879503 -1.044413 -1.488909 nan nan nan -8.204268 -5.790446 7.257737 13.426869 -13.410389 13.500393 4.854935 -6.389310 -6.464182 0.582057 8.206161 18.917446 -1.160264 -12.159091 2.790227 1.173423 -13.927721 0.463608 -6.695354 -42.086787 -14.061862 127.152059 -69.904392 -112.473258 -22.473642 -10.790948 -3.462834 19.818433 13.951292 -3.919002 54.521333 4.618837 23.269789 70.425307 84.580643 91.825841 12.710282 9.310386 -11.798475 
9.074664 9.932349 90.667030 -159.536706 3.427009 83.599158 20.346148 14.731373 11.540506 -6.853788 8.602723 22.906655 0.657348 15.795657 -26.383370 nan nan nan -10.927547 -2.235413 -19.230911 5.951539 -1.640139 16.268601 7.360485 -1.016688 -1.243202 nan nan nan -8.579247 -6.115031 7.164840 13.986317 -13.298001 13.362981 5.240147 -6.460401 -6.482947 1.485754 9.289865 19.343343 -1.876428 -12.733643 2.472146 2.340333 -12.555503 0.189938 -1.458959 -40.715211 -18.402389 128.077124 -68.741902 -112.564297 -23.270223 -8.914861 2.429994 19.643346 13.418478 -4.155211 54.654784 3.744213 24.171832 73.294856 84.456648 96.669863 13.691658 8.830706 -12.548142 
8.744549 9.586871 90.622826 -161.189147 3.439131 83.663763 19.962731 15.065213 12.326504 -6.981411 9.370022 21.913557 0.710468 16.285153 -26.836734 nan nan nan -10.712468 -2.081791 -20.039104 5.908381 -1.313404 16.334920 7.899856 -0.534591 -0.993417 nan nan nan -8.790726 -6.672336 7.112178 14.302672 -13.407367 13.624394 5.458713 -6.357343 -6.684076 2.556167 10.418542 19.728720 -2.676395 -13.666912 2.528564 3.490513 -10.909176 -0.352949 2.606194 -39.014335 -21.659416 129.814192 -68.364099 -113.213946 -22.745402 -7.121863 11.803947 19.913681 13.074379 -4.079632 54.081951 3.375987 24.516893 73.781606 83.940133 96.991835 15.957576 9.307938 -9.782628 
8.376777 9.218406 90.588043 -162.703103 3.530761 83.475577 19.657148 15.162157 13.206974 -7.083425 9.805205 21.172606 0.974021 16.703763 -27.392380 nan nan nan -10.424696 -2.030953 -20.503571 5.866317 -0.884093 16.410845 8.441839 0.051683 -0.829244 nan nan nan -8.880196 -7.278528 7.553576 14.635816 -13.472411 13.588140 5.563679 -6.238188 -6.782966 3.719085 11.414224 19.859695 -3.672676 -14.593868 3.000916 4.845398 -8.925589 -0.742700 5.459871 -37.622898 -23.870354 130.104299 -67.897682 -112.371251 -21.926387 -5.654294 20.407925 20.319076 12.403042 -3.939819 53.386327 3.432029 24.660939 74.739426 83.605356 99.550236 19.651178 8.885610 -4.767036 
8.062936 8.765417 90.514290 -164.523313 3.412776 83.314867 18.989891 15.225070 13.922569 -7.192285 9.993500 20.671524 1.391375 17.420641 -27.894749 nan nan nan -10.246584 -1.721069 -21.343766 5.862066 -0.169244 16.860556 9.034916 0.416501 -0.838996 nan nan nan -9.102841 -7.601839 8.269568 14.816654 -13.306584 13.021433 5.736152 -6.245589 -6.609292 4.667714 12.404554 19.923175 -4.401866 -14.969389 3.393489 6.315178 -7.254086 -1.228986 8.016620 -34.966645 -25.469999 131.337409 -67.978051 -111.593031 -19.600371 -4.918955 27.443011 20.906933 11.875926 -3.857307 52.734489 3.270519 24.648699 76.973429 83.314380 103.842310 22.730097 8.520501 -0.032340 
7.835131 8.330293 90.294312 -166.572330 3.174050 83.601080 18.199818 15.889550 13.888591 -7.297950 9.651668 20.714629 1.905882 18.327185 -28.502995 nan nan nan -10.081909 -1.064382 -22.959213 6.087247 1.140273 17.659171 9.004173 -0.072418 -1.437609 nan nan nan -9.122373 -7.805264 8.200132 14.727519 -12.931120 12.355841 5.735766 -6.567304 -6.098943 5.081916 13.178382 19.883536 -4.632690 -14.725543 3.894754 7.470825 -5.735042 -2.203195 10.770464 -31.411992 -25.893023 132.669454 -69.595196 -111.067310 -12.388531 -5.699738 31.347675 20.870627 11.476714 -3.871909 53.329464 3.722218 26.191985 79.476241 80.965110 102.020541 15.757276 9.562000 -10.875639 
7.706413 8.145954 89.961159 -168.840032 2.694034 84.156839 17.431994 17.633724 13.535945 -7.056298 9.261226 21.263820 1.137866 18.347587 -29.656566 nan nan nan -10.175847 0.155985 -24.952732 6.287815 2.180699 18.615206 9.355943 -0.532974 -2.302593 nan nan nan -9.474186 -7.598170 6.107954 14.535811 -12.940920 14.697994 6.050536 -7.273495 -6.969158 5.560526 15.167911 21.074820 -4.365536 -15.367292 2.782205 8.055932 -4.755429 -4.877658 12.681418 -27.173768 -22.444507 129.219074 -72.051046 -105.710289 0.331306 -10.794099 31.833890 18.891892 13.766621 -5.284658 55.475705 0.389612 33.566697 83.549635 80.216770 87.309969 -14.794032 13.744780 -50.710741 
7.543405 7.806674 89.764961 -170.488415 2.861385 84.048201 17.137868 17.117840 13.898810 -7.527913 9.566163 21.096229 1.614759 19.470000 -30.390642 nan nan nan -9.609575 0.778088 -25.669183 6.116119 2.707132 19.018699 9.526790 -0.124059 -2.328816 nan nan nan -9.671550 -7.627068 6.793912 15.034168 -12.359968 12.728519 6.196097 -7.118885 -5.490566 5.644861 14.697890 21.124866 -4.611452 -15.004210 3.050366 9.147766 -3.686326 -4.394046 13.472141 -26.099077 -24.029878 123.940822 -72.354644 -98.604309 -0.463227 -11.887176 34.466510 20.253000 11.971331 -5.316948 53.919200 1.907529 30.270081 70.701249 78.927658 84.707322 -2.710773 15.854094 -32.935911 
7.359974 7.467121 89.473785 -171.990699 2.653827 84.410570 16.063620 16.348229 13.640819 -7.797644 10.418628 20.893330 2.246316 20.645219 -31.079709 nan nan nan -9.661189 1.276032 -26.929721 5.990949 2.697877 19.579447 9.708164 0.699016 -2.267202 nan nan nan -10.039574 -7.433764 6.457235 15.330631 -12.065957 11.627876 6.397732 -7.092387 -4.485239 5.569830 14.052001 21.113254 -4.867544 -14.620719 3.676319 10.148940 -2.855701 -4.090268 13.500241 -25.320689 -25.271870 118.410151 -71.859974 -93.806158 -3.637844 -11.645462 34.852273 21.236574 10.704241 -5.253290 52.114834 2.278556 27.391211 72.075128 78.791985 93.444390 12.070254 14.199031 -13.690509 
6.577024 7.178907 89.509529 -171.796616 3.171564 82.823635 15.747464 15.434504 15.047049 -7.063648 9.758571 21.059398 2.658685 21.520915 -32.348623 nan nan nan -9.653495 0.560581 -24.448418 6.512080 3.246106 18.523119 9.738186 0.587062 -2.412502 nan nan nan -8.697838 -8.341276 8.879616 15.507402 -12.010202 10.100491 5.884683 -7.233150 -3.633381 5.187221 13.794862 20.635308 -5.377247 -14.543516 4.186424 10.511171 -1.803765 -4.371403 13.564744 -24.804494 -25.724315 111.944851 -71.513793 -88.020032 -3.057899 -12.319549 31.173084 21.065869 10.164588 -5.896509 51.518197 2.455968 27.267369 72.601549 78.082352 94.150070 13.263072 14.525902 -13.249022 
6.313657 6.895861 89.376114 -172.798369 3.228117 82.438103 15.263075 15.330750 15.316629 -6.921445 9.845089 21.418496 2.973060 22.350435 -33.401659 nan nan nan -9.416892 0.892020 -24.321277 6.467221 3.742218 18.537386 9.672297 0.557939 -2.587010 nan nan nan -8.545085 -8.264434 8.966963 15.706639 -11.961334 10.290040 5.904493 -7.342166 -3.498056 5.143471 13.744961 20.646788 -5.537046 -14.554290 4.110663 10.958243 -1.151153 -4.572976 13.770199 -23.669402 -26.097115 108.568703 -71.098864 -85.687852 -3.085511 -12.223228 29.270957 21.034342 9.851179 -6.311732 51.138691 2.375417 27.271308 73.188322 77.615919 94.410025 14.049470 14.861489 -13.540697 
6.101817 6.605609 89.207542 -173.954296 3.222629 82.205246 14.807033 15.465436 15.347930 -6.867242 10.066472 21.861866 3.414886 23.097938 -34.175734 nan nan nan -9.167701 1.342136 -24.520395 6.394038 4.150449 18.684205 9.572344 0.513458 -2.654261 nan nan nan -8.399413 -8.086722 8.992416 15.808312 -11.781251 10.447144 6.001593 -7.425430 -3.496352 5.223649 13.808041 20.802419 -5.613731 -14.686767 3.933559 11.043766 -0.824423 -4.808693 14.328193 -22.217145 -26.495687 107.081069 -70.963559 -84.912064 -2.892022 -12.924866 29.249361 20.989155 9.749633 -6.660620 50.713903 2.071270 27.086658 74.317881 77.138640 95.324336 14.290057 15.137555 -13.342621 
5.921697 6.335318 89.021545 -175.090883 3.248748 81.976888 14.543236 15.758395 15.219605 -6.715001 10.499189 22.594795 3.658781 23.521694 -34.771544 nan nan nan -8.806342 1.811733 -24.758480 6.218801 4.483608 18.901858 9.563133 0.624505 -2.757776 nan nan nan -8.208334 -8.005907 9.112537 15.866612 -11.475674 10.282187 6.069428 -7.457196 -3.267440 5.494237 14.084268 21.081409 -5.744994 -15.057000 3.876730 10.996263 -0.377702 -5.091494 14.735703 -21.386220 -26.869122 105.922987 -70.968469 -83.603984 -2.710336 -14.279180 31.057727 20.953691 9.582504 -6.893070 50.399559 1.812873 26.879712 74.837056 76.802644 96.007553 14.259660 15.585962 -12.895379 
5.709256 6.105123 88.810722 -175.824704 3.209704 81.773172 14.218252 15.906265 14.816255 -6.423333 11.047748 23.722650 3.729648 23.756493 -35.165463 nan nan nan -8.645274 1.994578 -24.852863 6.081420 4.672216 19.028099 9.441156 0.843260 -2.935840 nan nan nan -7.921248 -8.092448 9.143789 15.818021 -11.363202 10.032128 5.956224 -7.427840 -2.959540 5.748364 14.255387 21.313264 -5.915561 -15.419738 3.962814 11.041053 0.216171 -5.239942 15.091652 -20.989439 -27.130639 105.136888 -70.951517 -81.817461 -3.033874 -14.754669 33.256185 20.825385 9.297421 -6.866752 50.413572 1.544014 26.633113 74.806040 76.800880 96.435086 14.582863 15.942895 -12.443613 
5.459872 5.911814 88.575623 -176.341807 2.971344 81.544077 13.574993 15.795945 14.344862 -6.129849 11.559785 24.929803 3.825173 24.154594 -35.418588 nan nan nan -8.827759 1.914502 -24.864336 6.176913 5.013458 19.093426 9.293386 1.012114 -3.035072 nan nan nan -7.705274 -8.086483 8.969838 15.691308 -11.455768 10.102572 5.720586 -7.335992 -2.764050 5.688499 14.023682 21.231298 -6.039315 -15.383816 4.186681 11.085925 0.715023 -5.428051 15.491863 -20.771851 -27.138899 104.416548 -70.913440 -80.030861 -3.008172 -14.116268 34.228945 20.997254 9.045951 -6.924979 50.156173 1.575158 26.974001 74.175902 76.939957 95.956311 14.397897 15.707910 -12.396895 
5.213808 5.705781 88.351540 -176.875364 2.685100 81.212318 12.870374 15.529551 13.955682 -5.916272 11.936407 26.124542 4.023878 24.771959 -35.729870 nan nan nan -9.069241 1.827245 -24.832045 6.387653 5.491047 19.165746 9.244643 1.082492 -2.883305 nan nan nan -7.533879 -7.952911 8.948486 15.556426 -11.486996 10.095952 5.479377 -7.179784 -2.519904 5.519676 13.586697 21.042450 -6.152429 -15.122227 4.553145 11.181236 1.071413 -5.631043 15.572721 -20.855549 -27.096444 103.166135 -70.891577 -78.048051 -2.163563 -13.306520 33.162987 21.114430 8.741177 -7.075401 50.033576 1.524136 27.251620 73.635446 77.084772 95.242352 13.811947 15.235574 -12.935513 
4.693182 5.623586 88.086540 -176.304975 2.134452 81.160654 11.313670 14.589346 13.083669 -5.451857 11.901367 27.273899 4.304445 25.505951 -36.036745 nan nan nan -10.327612 0.791530 -24.490052 6.978274 5.637445 18.758461 9.286127 1.333459 -2.553012 nan nan nan -7.235689 -8.524809 8.525100 15.174480 -12.032481 9.644982 5.153866 -7.016312 -1.786828 4.685833 12.750959 20.889444 -6.045407 -14.508110 4.545993 11.196129 1.048258 -6.059763 15.004889 -20.711641 -26.867606 102.141860 -70.998139 -76.884325 -1.203575 -13.000645 31.129496 20.597652 8.814047 -7.582804 50.218933 0.915075 27.245094 73.533988 77.114481 94.265960 13.839343 14.796351 -13.311785 
4.492787 5.430101 87.860199 -177.039768 1.796236 80.927131 10.677505 14.362292 12.840126 -5.449053 12.408990 28.144364 4.331760 26.000287 -36.455949 nan nan nan -10.574969 1.045819 -24.632372 7.038136 6.164513 18.757659 9.291804 1.541094 -2.038769 nan nan nan -7.109545 -8.286419 8.470210 14.973742 -11.695227 9.404067 5.091785 -6.935900 -1.421107 4.609746 12.258341 20.841919 -6.275888 -14.643702 4.579263 11.210651 1.204480 -6.125739 14.575614 -20.840279 -26.649677 100.497790 -70.727856 -76.080654 -0.813167 -13.472371 30.037479 20.435471 8.683623 -7.785208 50.279646 0.584739 27.260582 72.819784 77.117161 93.449736 13.339564 14.566062 -13.465853 
4.294306 5.233013 87.639191 -177.691689 1.483510 80.696972 10.143574 14.332383 12.685658 -5.362195 12.894115 28.914337 4.376325 26.241486 -36.983474 nan nan nan -10.783869 1.268307 -24.769436 6.956763 6.499639 18.792274 9.302377 1.826626 -1.593474 nan nan nan -6.985766 -7.934647 8.316641 14.836218 -11.339003 9.519214 5.045639 -6.941470 -1.379348 4.656822 11.916119 20.953641 -6.514809 -14.946830 4.546640 11.198551 1.207971 -6.031752 14.274632 -20.915716 -26.579584 99.432559 -70.354061 -75.551460 -1.131261 -13.972000 30.461142 20.322868 8.544872 -7.862921 50.345244 0.228898 27.240592 72.194775 77.236081 93.046592 12.957102 14.438842 -13.103445 
4.121644 5.015546 87.405266 -178.213088 1.260783 80.559715 9.733038 14.398030 12.414417 -5.169418 13.332375 29.693439 4.486363 26.366187 -37.415616 nan nan nan -10.937129 1.486471 -25.043288 6.855754 6.659135 18.935635 9.422058 2.102242 -1.145914 nan nan nan -6.823306 -7.676919 8.122906 14.746302 -11.078162 9.713262 4.965594 -6.897729 -1.424959 4.783631 11.838892 21.242057 -6.723250 -15.219809 4.520286 11.147643 1.142991 -6.033701 14.122990 -21.032832 -26.620055 98.918209 -70.166078 -74.775454 -1.420947 -14.153965 31.408870 20.253615 8.563064 -7.843837 50.385990 -0.126281 27.227325 71.731844 77.480124 92.763192 12.851171 14.325721 -12.913191 
3.981711 4.794974 87.164314 -178.754430 1.054383 80.422703 9.440180 14.589670 12.203877 -5.061267 13.695560 30.366837 4.621686 26.525029 -37.753774 nan nan nan -11.084938 1.762036 -25.421862 6.872647 6.871780 19.207543 9.583367 2.298874 -0.688154 nan nan nan -6.674666 -7.469175 8.034026 14.676943 -10.822528 9.808643 4.832350 -6.792008 -1.439798 4.857793 11.955668 21.528558 -6.775784 -15.312169 4.496578 11.134940 1.119304 -6.147382 14.008461 -21.165946 -26.481309 98.700579 -70.083701 -73.967775 -1.621776 -13.830065 31.621943 20.288639 8.631438 -7.707024 50.345857 -0.307344 27.253557 71.339668 77.684200 92.628529 12.863488 14.178992 -12.807602 
3.829592 4.580253 86.946907 -179.178186 0.899112 80.167624 9.276176 14.811108 12.127186 -4.930009 13.916881 31.003830 4.772401 26.706503 -38.116851 nan nan nan -11.197956 1.977691 -25.601333 6.914355 7.206893 19.395303 9.685112 2.361119 -0.380337 nan nan nan -6.461007 -7.297114 8.188405 14.618344 -10.601786 9.769806 4.669686 -6.717835 -1.422154 4.809074 12.025050 21.648866 -6.840324 -15.384982 4.491381 11.103632 1.105936 -6.281920 13.948261 -21.223527 -26.326555 98.676041 -70.045976 -73.391699 -2.082145 -13.219284 31.343270 20.348988 8.729946 -7.628585 50.257379 -0.388249 27.276708 70.840129 77.749248 92.432455 13.193488 14.051071 -12.587296 
3.655757 4.373120 86.757477 -179.440196 0.811341 79.897827 9.186996 14.928018 12.039777 -4.754422 14.138334 31.668107 4.938378 26.774179 -38.396539 nan nan nan -11.262469 2.051333 -25.657442 6.906516 7.518756 19.529066 9.718710 2.467353 -0.149829 nan nan nan -6.168147 -7.238861 8.407873 14.545144 -10.423280 9.677780 4.533865 -6.642399 -1.320691 4.750191 12.070746 21.647503 -6.945824 -15.564100 4.412510 10.964086 1.136524 -6.512552 14.016415 -21.272933 -26.188750 98.205492 -70.200405 -72.990634 -2.081909 -13.107050 31.224062 20.310554 8.818496 -7.621809 50.183907 -0.379463 27.312555 70.677449 77.720934 92.150460 13.320670 14.047969 -12.791283 
3.581215 4.252797 86.705902 -179.921491 1.142305 79.077928 10.004611 15.223705 12.883581 -4.824001 14.269139 32.012767 4.880765 26.590092 -38.644396 nan nan nan -10.561173 2.387386 -24.943518 6.666369 7.976916 19.522864 9.499606 2.576343 -0.109388 nan nan nan -5.637171 -7.072334 9.101620 14.637639 -10.112180 10.005903 4.447251 -6.501674 -1.506177 4.985398 12.247840 21.692371 -7.279139 -16.089315 4.340016 10.705444 1.395901 -6.655190 13.950936 -21.846063 -26.074471 97.471107 -70.136818 -72.509281 -2.036195 -13.287987 31.117635 20.375777 8.753732 -7.466478 49.934097 -0.118368 27.308420 70.750151 77.668455 92.169904 13.361288 14.348088 -13.446949 
3.434355 4.098970 86.589340 179.747128 1.178834 78.582302 10.279324 15.378269 13.278982 -4.928325 14.550765 32.485963 4.920208 26.468647 -39.015127 nan nan nan -10.347606 2.560992 -24.653139 6.516861 8.303220 19.646040 9.352523 2.716994 0.080326 nan nan nan -5.195589 -6.903770 9.511912 14.585744 -9.868413 10.080848 4.261022 -6.416001 -1.584611 5.053019 12.270189 21.490968 -7.559024 -16.425294 4.549486 10.668968 1.572309 -6.699491 13.607102 -22.368053 -25.974092 96.951126 -69.873990 -72.161360 -2.412330 -13.369737 31.139259 20.320434 8.582846 -7.447685 49.854007 0.056389 27.366825 71.197988 77.518448 92.676270 14.014006 14.456992 -13.484606 
3.284559 3.914422 86.441589 179.629171 1.066860 78.376061 10.157372 15.418397 13.210219 -5.017774 14.715154 33.044971 4.878639 26.538732 -39.302362 nan nan nan -10.480497 2.565005 -24.742846 6.548311 8.430679 19.913923 9.269569 2.766160 0.235109 nan nan nan -5.015865 -6.794323 9.565358 14.532089 -9.759049 10.192582 4.166477 -6.335649 -1.632000 4.950528 12.080180 21.282056 -7.800347 -16.515484 4.847132 10.683709 1.539437 -6.652954 13.302999 -22.522838 -25.838132 96.844585 -69.762889 -72.157097 -2.377146 -13.291699 31.017673 20.301284 8.572670 -7.402971 49.799154 0.064590 27.462750 71.453950 77.397046 93.002067 14.155541 14.348301 -13.302606 
3.148602 3.718927 86.295891 179.538390 0.923394 78.224858 10.028536 15.552312 13.102888 -5.080173 14.804384 33.544217 4.763925 26.595543 -39.620231 nan nan nan -10.626043 2.610474 -24.899024 6.521810 8.618534 20.208487 9.253682 2.737904 0.323275 nan nan nan -4.966662 -6.708463 9.624808 14.530431 -9.634832 10.230136 4.113573 -6.233734 -1.593660 4.820778 11.921451 21.092054 -8.000349 -16.571980 5.053009 10.625434 1.492422 -6.638965 13.203517 -22.557592 -25.640238 96.698836 -69.792874 -71.788279 -1.932741 -13.197656 30.928768 20.422864 8.594353 -7.402806 49.624169 0.000007 27.659028 71.906680 77.273247 93.785935 13.632025 14.132938 -13.175887 
3.018464 3.536728 86.177940 179.459937 0.804905 78.025271 9.985915 15.624091 13.083366 -5.115491 14.912444 33.988355 4.760260 26.572856 -39.897691 nan nan nan -10.712935 2.768229 -24.958254 6.363420 8.806279 20.436643 9.300160 2.712308 0.431478 nan nan nan -4.893805 -6.594531 9.819851 14.538820 -9.459773 10.149494 4.120727 -6.122307 -1.519538 4.719503 11.892774 21.003639 -8.217753 -16.671598 5.162289 10.556838 1.433930 -6.673757 12.916733 -22.712221 -25.501259 96.671070 -69.825229 -71.483712 -1.701282 -13.202497 31.011509 20.507849 8.602327 -7.426383 49.379649 -0.065996 27.668111 72.667372 77.059468 94.805383 13.533114 14.037403 -12.720585 
2.881503 3.393520 86.073479 179.598137 0.718540 77.828153 9.961050 15.583537 13.019809 -5.088448 14.963216 34.472950 4.811887 26.474235 -40.115367 nan nan nan -10.878656 2.810241 -24.964745 6.243873 8.842390 20.684855 9.334988 2.756269 0.475765 nan nan nan -4.717745 -6.517661 9.906221 14.508913 -9.379429 10.156074 4.104534 -6.072613 -1.487140 4.557954 11.802154 20.928484 -8.402910 -16.711946 5.284027 10.379788 1.283631 -6.693290 12.657510 -22.898067 -25.441268 96.678151 -69.838515 -71.403786 -1.753440 -13.269297 30.860712 20.497035 8.635284 -7.503535 49.193173 -0.119241 27.638066 73.024821 76.840145 95.196775 13.604045 13.984353 -12.287237 
2.746002 3.293070 85.971588 179.884700 0.623871 77.606967 9.911805 15.530768 13.031440 -5.132580 14.948676 34.829676 4.833489 26.392597 -40.290541 nan nan nan -11.111823 2.663025 -24.945380 6.252668 8.884589 21.068301 9.269538 2.847910 0.423369 nan nan nan -4.550208 -6.531487 9.980744 14.432739 -9.414472 10.247960 4.028512 -6.026142 -1.509257 4.411775 11.671151 20.860531 -8.516267 -16.668987 5.328931 10.185358 1.121345 -6.689979 12.606206 -22.923778 -25.416271 96.703104 -69.859089 -71.426938 -1.909115 -13.370576 30.766030 20.589882 8.742044 -7.474320 48.993719 -0.146594 27.591091 73.204664 76.691831 95.461915 13.857064 13.967579 -11.983028 
2.634088 3.205788 85.864693 -179.869641 0.529017 77.382809 9.867494 15.466233 13.095603 -5.257333 14.906663 35.098904 4.799283 26.367269 -40.463669 nan nan nan -11.316646 2.574189 -24.949429 6.306703 8.984769 21.489519 9.196624 2.884771 0.316779 nan nan nan -4.470017 -6.538274 10.121955 14.370608 -9.388808 10.260116 4.006940 -6.000818 -1.489655 4.230272 11.576550 20.880735 -8.550087 -16.581425 5.123647 10.085690 1.003254 -6.681805 12.518850 -22.917700 -25.403513 96.861699 -69.900454 -71.704253 -2.033289 -13.348509 30.819776 20.587719 8.847045 -7.382167 48.837159 -0.067566 27.435864 73.439330 76.480814 95.588040 14.539894 14.022454 -12.040162 
2.563926 3.079600 85.757988 -179.654410 0.512108 77.208971 9.903842 15.373849 13.027600 -5.354553 14.808523 35.468027 4.737086 26.338687 -40.628263 nan nan nan -11.354886 2.612778 -25.038072 6.241687 9.044179 21.911977 9.137131 2.797776 0.176181 nan nan nan -4.445675 -6.445534 10.339583 14.396254 -9.247887 10.085790 4.074869 -6.026759 -1.392829 4.130637 11.499256 20.902478 -8.549105 -16.598308 4.946368 10.108390 0.872233 -6.654110 12.259772 -23.048088 -25.351042 96.884247 -69.929757 -72.022984 -2.126998 -13.277176 30.469982 20.546627 9.012720 -7.171824 48.599805 0.067275 27.206824 73.915528 76.272109 95.956245 15.113145 14.031870 -11.989321 
2.519899 2.932429 85.670052 -179.415951 0.589398 77.079839 10.095290 15.329190 12.904230 -5.397725 14.692085 35.837197 4.682574 26.277307 -40.844590 nan nan nan -11.269712 2.703311 -25.146104 6.080335 9.035730 22.283030 9.115457 2.645258 0.010373 nan nan nan -4.418809 -6.335685 10.551920 14.518404 -9.107358 9.964813 4.131801 -6.076190 -1.350978 4.185844 11.503733 20.846541 -8.540228 -16.770796 4.859533 10.179226 0.830655 -6.714848 12.005231 -23.348211 -25.249113 96.702360 -69.944393 -71.895163 -1.919939 -13.233977 30.298550 20.687607 9.189121 -6.981811 48.250236 0.146724 27.123360 74.582019 76.152746 96.677385 14.950569 13.932908 -11.688006 
2.472281 2.811774 85.604424 -179.069631 0.702271 76.961939 10.313567 15.229182 12.781399 -5.396252 14.533255 36.196558 4.784530 26.214656 -40.983652 nan nan nan -11.230678 2.759442 -25.211123 5.987325 9.064825 22.646862 9.040036 2.543680 -0.128784 nan nan nan -4.343495 -6.364063 10.640126 14.608449 -9.088338 9.987825 4.148966 -6.076605 -1.315206 4.198922 11.560441 20.883075 -8.489905 -16.910895 4.740443 10.137778 0.742736 -6.822611 11.942234 -23.554071 -25.262453 96.614507 -70.012497 -71.624273 -1.658144 -13.252287 30.679126 20.840245 9.361581 -6.907219 48.013692 0.242614 26.998212 74.843299 76.034845 97.009798 14.926623 13.863189 -11.177495 
2.418205 2.723801 85.549110 -178.609367 0.746988 76.872927 10.364269 15.054958 12.626852 -5.436433 14.373925 36.497684 4.850762 26.198423 -40.981712 nan nan nan -11.344762 2.731870 -25.274280 5.975628 9.089233 23.053461 8.894645 2.444826 -0.276448 nan nan nan -4.275566 -6.376132 10.553077 14.619395 -9.155884 10.231403 4.166854 -6.054539 -1.454938 4.156837 11.500255 20.932654 -8.442048 -16.958690 4.801276 9.988531 0.441421 -6.823981 12.044597 -23.605368 -25.337087 96.625279 -70.052654 -71.612355 -1.888477 -13.153911 30.991563 20.937841 9.550240 -6.903091 47.871718 0.183247 26.897559 74.906362 76.088662 97.161737 15.537036 13.851404 -10.829289 
2.342543 2.661172 85.487915 -178.052946 0.723526 76.776696 10.315810 14.888159 12.505600 -5.547304 14.125213 36.751591 4.847837 26.164821 -40.998015 nan nan nan -11.576595 2.554414 -25.314409 5.996398 9.057593 23.513544 8.790488 2.322918 -0.511614 nan nan nan -4.237484 -6.344648 10.424560 14.589551 -9.245263 10.509782 4.152399 -6.031738 -1.595827 4.109846 11.255810 20.846103 -8.357783 -16.974317 4.992065 9.920728 0.144206 -6.783038 12.108507 -23.777789 -25.475767 96.571472 -70.092677 -71.627795 -2.192907 -12.840951 31.022911 20.968520 9.617130 -6.969774 47.854647 0.075492 26.838722 74.965792 76.198833 97.183533 16.065063 13.819662 -10.844052 
2.258190 2.632929 85.424507 -177.466414 0.668353 76.653135 10.256948 14.701957 12.464569 -5.665139 13.832821 36.967136 4.841045 26.114504 -41.172753 nan nan nan -11.873183 2.368155 -25.277191 6.029028 9.002523 23.934539 8.780824 2.243911 -0.767965 nan nan nan -4.270291 -6.314348 10.273533 14.588491 -9.347926 10.789244 4.114220 -6.015218 -1.641179 4.000811 11.042762 20.731433 -8.200923 -16.956804 5.031930 9.929188 -0.026221 -6.760209 12.020790 -24.074799 -25.461624 96.192730 -70.055758 -71.239773 -1.799557 -12.984162 30.629061 21.040907 9.637344 -7.076631 47.813128 0.035572 26.881485 74.665429 76.332965 96.904925 15.548359 13.962991 -10.862817 
2.213902 2.582629 85.358398 -176.941614 0.652080 76.600767 10.294764 14.605995 12.293086 -5.677814 13.669406 37.292205 4.808175 25.987750 -41.308486 nan nan nan -12.046312 2.367894 -25.316301 5.904588 8.948535 24.304372 8.789119 2.080253 -1.007685 nan nan nan -4.346011 -6.292832 10.135684 14.617276 -9.385355 10.966643 4.126361 -5.969446 -1.627301 3.912453 10.975286 20.762554 -7.978587 -17.039385 4.861454 9.879599 -0.227327 -6.793051 11.931011 -24.295172 -25.245682 95.812302 -69.955306 -70.883026 -1.173406 -13.315111 30.049067 21.077834 9.774037 -7.142321 47.811420 -0.099669 27.008646 74.390410 76.569519 96.690700 14.161055 14.117743 -11.281081 
2.216851 2.494663 85.304405 -176.504505 0.716110 76.526873 10.533598 14.588560 12.133124 -5.750962 13.421862 37.654848 4.817801 25.777241 -41.410665 nan nan nan -12.066484 2.481989 -25.370105 5.762022 8.884630 24.672810 8.753347 1.810529 -1.209474 nan nan nan -4.373212 -6.284275 10.227630 14.629737 -9.311141 10.932428 4.187105 -5.875268 -1.588238 3.946500 10.993623 20.898832 -7.820341 -17.153698 4.666027 9.737330 -0.498958 -6.880115 12.006489 -24.491952 -25.216099 95.595629 -69.982823 -70.645123 -0.931671 -13.294342 29.874152 21.011708 9.962481 -7.164144 47.912423 -0.282322 26.982499 74.599032 76.602292 96.731223 13.466178 13.974080 -12.160166 
2.216429 2.397161 85.269730 -176.044862 0.777913 76.346674 10.802863 14.542278 12.128011 -5.911860 13.127074 37.918754 4.873213 25.583316 -41.494158 nan nan nan -12.100068 2.556680 -25.339766 5.686714 8.815727 25.077997 8.704284 1.517191 -1.394219 nan nan nan -4.377201 -6.209494 10.552834 14.621257 -9.211194 10.800527 4.271411 -5.839032 -1.572489 4.016692 11.026589 20.912908 -7.808397 -17.260944 4.598039 9.673256 -0.697490 -7.015101 11.993985 -24.786598 -25.266562 95.498633 -70.031928 -70.415335 -0.880931 -13.156500 29.834336 20.921772 10.105680 -7.239474 47.998787 -0.420900 26.946490 74.892469 76.508632 96.657533 13.704978 13.775690 -13.048283 
2.210153 2.322329 85.235130 -175.496454 0.807229 76.151863 11.027468 14.605696 12.111463 -6.012448 12.731007 38.213404 4.831550 25.382987 -41.625753 nan nan nan -12.179410 2.510532 -25.325583 5.661954 8.776176 25.567451 8.573590 1.167319 -1.727421 nan nan nan -4.396583 -6.024642 10.879250 14.654728 -9.160923 10.759615 4.353869 -5.988506 -1.732218 4.076005 11.085138 20.914757 -7.843845 -17.307376 4.602949 9.641420 -0.788189 -7.316638 11.941262 -25.069228 -24.838716 94.884869 -70.179569 -69.616711 0.487372 -13.388347 29.022972 20.671333 10.306706 -7.526139 48.359088 -0.686016 27.740690 74.338806 76.409656 94.436566 10.823474 14.196330 -17.502174 
2.174140 2.309130 85.210083 -174.695696 0.814100 76.078516 11.071247 14.429238 11.971931 -6.133274 12.355075 38.414195 4.790531 25.208326 -41.635275 nan nan nan -12.442660 2.151456 -25.307553 5.639049 8.487863 26.042567 8.394544 1.022409 -1.927820 nan nan nan -4.428664 -5.877553 10.894483 14.719053 -9.272400 10.839414 4.394782 -6.130929 -1.937756 4.012023 10.930533 20.958294 -7.795117 -17.211553 4.596919 9.519895 -1.016085 -7.388753 11.943959 -25.405795 -24.716496 94.703827 -70.180915 -69.425298 1.157914 -13.477921 29.037488 20.587531 10.380339 -7.776732 48.412942 -0.934001 28.113529 73.984182 76.466187 93.777579 9.496937 14.204203 -18.531709 
2.161120 2.292179 85.195900 -173.932483 0.812671 76.029139 11.111219 14.164916 11.862099 -6.407968 12.066012 38.504626 4.654209 25.068352 -41.640954 nan nan nan -12.736445 1.950455 -25.327815 5.575447 8.087424 26.569370 8.250179 0.912030 -2.099769 nan nan nan -4.475883 -5.811121 10.901882 14.727881 -9.338107 10.928509 4.389691 -6.139367 -2.098981 3.966061 10.739581 20.998481 -7.601672 -17.186097 4.552717 9.325730 -1.324031 -7.272625 12.178243 -25.712747 -24.964013 94.855829 -70.104188 -69.701521 0.830643 -13.453616 29.148345 20.617889 10.480624 -7.816914 48.399188 -1.186525 27.970708 73.808324 76.619889 94.097138 9.810529 14.101404 -17.393306 
2.200662 2.245506 85.176399 -173.363058 0.836632 75.932046 11.319381 14.065329 11.827838 -6.703065 11.772110 38.622622 4.577603 24.859683 -41.676902 nan nan nan -12.902773 1.986719 -25.427434 5.508329 7.724840 27.207905 8.210447 0.752890 -2.271756 nan nan nan -4.550955 -5.786010 11.175132 14.696911 -9.249100 10.798958 4.388921 -6.105671 -2.161238 4.005077 10.647998 21.046658 -7.452152 -17.191441 4.497739 9.188726 -1.548930 -7.209395 12.439446 -26.009863 -25.268154 95.005800 -70.074841 -69.942039 0.389267 -13.438858 29.090210 20.678158 10.620279 -7.805384 48.437842 -1.315390 27.800724 73.723787 76.709734 94.471945 10.591873 14.056356 -16.548655 
2.063570 2.064292 84.887009 -172.245539 0.058271 76.982989 9.770538 13.530442 10.010085 -6.484487 11.873310 39.111487 4.822743 24.870986 -41.680726 nan nan nan -14.665487 1.440638 -27.082979 5.888830 6.818910 28.244884 8.740465 0.738326 -2.224294 nan nan nan -5.252282 -6.104260 10.518078 14.349805 -9.335215 9.809987 4.399794 -6.091862 -1.518715 3.650380 10.320595 20.709316 -7.064328 -16.631889 4.657228 9.572357 -1.833438 -7.487729 12.180820 -25.923017 -25.404900 95.618266 -70.202390 -70.370707 0.068731 -13.364586 29.088443 20.492293 10.907236 -8.083865 48.776985 -1.673470 27.879060 73.714580 76.937250 94.434497 11.426938 13.754943 -15.212293 
2.054218 2.098439 84.833450 -171.240510 0.117902 76.921623 9.890428 13.229291 9.906965 -6.717745 11.271871 39.095065 4.677271 24.761697 -41.658796 nan nan nan -15.032092 0.996576 -26.986409 5.942528 6.354385 28.784090 8.656010 0.596162 -2.378687 nan nan nan -5.335702 -6.313909 10.672666 14.293398 -9.417710 9.609239 4.393653 -6.011268 -1.351483 3.652717 10.150316 20.601740 -7.004397 -16.682867 4.810256 9.585562 -2.104450 -7.345833 12.405666 -26.157340 -25.938756 95.965326 -70.253109 -70.529385 0.148183 -13.161599 29.259993 20.489748 11.113519 -7.880604 48.724679 -1.749783 27.502314 74.411083 77.067638 95.382862 11.605272 13.576399 -14.572725 
2.173532 2.111081 84.780266 -170.757756 0.093593 76.935755 10.172164 13.202608 9.861629 -7.112033 10.949333 39.029876 4.506365 24.586266 -41.662643 nan nan nan -15.157639 1.058435 -27.353493 5.820848 5.974449 29.644605 8.571964 0.447475 -2.563716 nan nan nan -5.581966 -6.093673 10.706027 14.277960 -9.261180 9.653112 4.457942 -5.907149 -1.388182 3.891800 10.052695 20.594957 -6.905473 -16.896099 4.908187 9.615035 -2.326116 -7.348844 12.648466 -26.712281 -26.342218 95.985751 -70.351601 -70.578253 -0.017613 -12.872789 29.494551 20.561563 11.154499 -7.802547 48.730783 -1.855342 27.261097 74.930064 77.085859 96.059064 11.664849 13.403465 -14.336826 
2.135434 2.212665 84.845009 -169.789010 0.252243 76.638329 10.422474 12.921398 10.181707 -7.308945 10.249076 38.885680 4.527774 24.392123 -41.679977 nan nan nan -15.394532 0.718627 -26.916537 5.840393 5.585241 30.133593 8.480660 0.323122 -2.748300 nan nan nan -5.461488 -6.197945 10.947162 14.238123 -9.339517 9.713997 4.393927 -5.809344 -1.390774 3.872958 9.807951 20.610376 -6.796580 -17.076573 4.775636 9.513469 -2.577410 -7.510913 12.683612 -27.435043 -26.521211 96.184351 -70.371911 -70.694026 -0.379044 -12.516235 29.565080 20.449110 11.202037 -7.855201 48.722218 -2.044493 27.099478 75.612762 77.188401 97.042151 12.158718 13.147677 -14.257842 
2.182785 2.252121 84.890289 -168.993277 0.402987 76.566977 10.693796 12.706594 10.135770 -7.439730 9.800289 38.940866 4.633797 24.159658 -41.663364 nan nan nan -15.589447 0.639265 -26.900232 5.826950 5.162381 30.708770 8.556373 0.243193 -2.713660 nan nan nan -5.421924 -6.167544 11.171097 14.255647 -9.278295 9.666294 4.390657 -5.719266 -1.487072 3.926974 9.723686 20.592929 -6.656657 -17.310345 4.696946 9.466341 -2.782770 -7.655948 12.606973 -28.286335 -26.652647 96.397460 -70.249108 -70.906235 -1.037356 -12.279861 29.499820 20.323392 11.205423 -7.922795 48.794274 -2.287150 27.006764 76.429503 77.378289 98.271470 12.791615 12.976818 -14.248344 
2.304996 2.251696 84.937798 -168.328415 0.622451 76.542493 11.154098 12.591871 9.974332 -7.505791 9.514514 39.105341 4.742385 23.891710 -41.637925 nan nan nan -15.642287 0.800960 -27.076618 5.757027 4.644758 31.394020 8.675400 0.160736 -2.552628 nan nan nan -5.408234 -5.973751 11.457075 14.382941 -9.090531 9.656793 4.454198 -5.642879 -1.768221 4.096444 9.723029 20.544463 -6.689497 -17.711303 4.823490 9.364169 -2.902338 -7.675904 12.477482 -29.471699 -26.954228 96.738602 -70.068116 -71.394524 -2.028350 -11.840779 29.617732 20.212297 11.175939 -7.931738 48.853722 -2.529063 26.934533 77.289618 77.665914 99.551143 13.401676 12.812981 -14.142467 
2.238887 2.284787 85.059914 -166.929259 1.025243 76.143227 11.549983 12.047452 10.154420 -7.391509 8.753266 39.203960 4.745124 23.560515 -41.689088 nan nan nan -15.876805 0.299817 -26.247022 5.814868 4.063139 31.635060 8.603705 0.016974 -2.383386 nan nan nan -5.007402 -6.318461 12.166346 14.376225 -9.110848 9.318181 4.314491 -5.529094 -1.754824 4.079465 9.484050 20.414723 -6.739583 -18.003847 4.924958 9.213228 -3.120256 -7.601229 12.422133 -30.859434 -27.603951 96.885115 -69.930255 -71.427259 -2.848501 -11.390007 29.611114 19.909184 11.090193 -7.887664 49.048243 -2.622648 26.559919 78.034521 77.797972 100.913369 14.576263 12.466828 -13.403071 
2.500369 2.408587 85.145058 -166.437539 1.343799 75.925432 12.478291 12.076151 10.528624 -7.837943 8.162277 39.000141 4.559331 23.124827 -41.505313 nan nan nan -15.446147 0.393202 -26.204927 5.571523 3.862433 32.364121 8.179682 -0.191137 -2.446968 nan nan nan -5.068281 -5.942151 12.312357 14.500514 -8.888418 9.699753 4.347776 -5.407350 -2.014414 4.407497 9.399820 20.465712 -6.567065 -18.430508 4.939847 9.115415 -3.455856 -7.361969 12.756905 -32.172347 -28.245825 96.753544 -69.648942 -71.298625 -3.297867 -10.895677 29.697196 20.015255 10.922822 -7.493516 49.177149 -2.433350 26.118861 78.560841 77.878043 102.344190 15.625302 12.186528 -13.052503 
2.614915 2.442917 85.232460 -165.599404 1.480027 75.897146 12.768525 11.808191 10.513033 -8.252077 7.705923 38.903036 4.351788 22.852588 -41.514597 nan nan nan -15.592260 0.279332 -26.185584 5.477424 3.512490 32.862435 7.975149 -0.306100 -2.313933 nan nan nan -5.089543 -5.785325 12.389714 14.489785 -8.776067 9.682416 4.258758 -5.182945 -1.917592 4.705899 9.197352 20.169650 -6.287794 -18.858708 4.979204 9.320250 -3.515842 -7.504614 12.432118 -34.132305 -28.559812 95.979741 -69.356239 -70.491018 -3.622759 -10.557678 29.749056 19.852589 10.714866 -7.401385 49.488925 -2.341462 25.865999 79.466183 78.104081 103.704430 16.815343 12.039430 -12.737749 
2.750443 2.512887 85.331688 -164.614085 1.667442 75.990885 12.994036 11.422647 10.258072 -8.337546 7.298709 38.894280 4.422000 22.521939 -41.456448 nan nan nan -15.769026 0.070532 -26.180853 5.358212 3.070165 33.237784 8.001703 -0.384632 -2.175968 nan nan nan -5.061814 -5.745486 12.314209 14.432383 -8.682251 9.616136 4.244982 -4.935759 -1.867154 4.884759 9.147477 20.137347 -6.144312 -19.286222 5.139468 9.726320 -3.531337 -8.169982 11.032742 -36.504846 -28.171955 95.130230 -69.318514 -69.826422 -4.164434 -10.421735 29.650714 19.495922 10.606992 -7.264123 49.918821 -2.223947 25.704104 79.952481 78.425097 104.569695 17.680093 11.822927 -12.397799 
2.912170 2.616314 85.426422 -163.636720 1.862126 76.103689 13.287997 11.113510 9.942640 -8.294990 6.854114 38.937052 4.659351 22.176775 -41.346477 nan nan nan -15.920356 -0.195687 -26.180808 5.287094 2.737439 33.494744 7.983199 -0.451776 -2.051049 nan nan nan -5.018170 -5.598483 12.266230 14.390037 -8.570345 9.660657 4.279667 -4.707023 -2.124161 4.971250 9.082225 20.243506 -6.233671 -19.363586 5.503440 9.973738 -3.918534 -8.441065 9.932338 -38.436071 -27.901804 94.769143 -69.312879 -69.521960 -4.357337 -10.231298 29.141789 19.072315 10.685624 -6.937112 50.312565 -1.992237 25.577358 80.113166 78.730329 105.066008 18.018499 11.574392 -12.584968 
3.091701 2.667989 85.545547 -162.865660 2.055377 76.171320 13.646325 10.979386 9.704473 -8.293950 6.472205 38.973861 4.863970 21.879932 -41.190929 nan nan nan -15.945227 -0.321507 -26.185444 5.179393 2.549275 33.591822 7.899932 -0.648328 -1.963425 nan nan nan -4.899051 -5.332859 12.442854 14.302707 -8.288863 9.634757 4.339048 -4.411675 -2.466431 5.069285 8.849724 20.427673 -6.241389 -19.493071 5.645817 10.079365 -4.474283 -8.373672 9.246447 -40.226062 -28.191964 94.905155 -69.348199 -69.324860 -4.472217 -9.813011 28.885626 18.559416 10.717372 -6.404320 50.898459 -1.787627 24.884879 81.203959 78.992982 106.592576 18.497001 11.268113 -12.645783 
3.289669 2.743786 85.652435 -162.082574 2.215476 76.353958 13.981181 10.794915 9.433071 -8.447898 6.093726 38.834018 4.781149 21.475578 -40.982354 nan nan nan -15.984699 -0.384403 -26.235445 4.933519 2.330625 33.486628 7.782956 -0.813890 -2.038474 nan nan nan -4.863626 -5.099654 12.420968 14.233154 -7.995101 9.545702 4.368009 -4.071211 -2.566604 5.056890 8.488678 20.552027 -5.928890 -19.637262 5.631364 10.026031 -4.970754 -8.290831 8.735704 -42.279603 -28.647016 95.042322 -69.418697 -69.339174 -4.789104 -9.238655 28.765623 18.216756 10.705592 -5.972341 51.261899 -1.354440 24.151614 82.405185 79.183915 108.167053 19.739366 11.040438 -12.068556 
3.482850 2.893876 85.730865 -161.009370 2.349073 76.771478 14.243950 10.485803 8.952431 -8.733453 5.659581 38.561418 4.519601 20.965916 -40.754642 nan nan nan -16.204976 -0.693840 -26.282488 4.632833 1.912764 33.123681 7.627246 -0.890509 -2.287585 nan nan nan -4.961795 -4.932563 11.873385 14.209431 -7.874691 9.747285 4.361270 -3.771636 -2.664968 4.962146 8.079687 20.356351 -5.388864 -19.737066 5.836577 9.941856 -5.350815 -8.076301 8.070627 -44.836884 -28.923677 95.143058 -69.186756 -69.636054 -5.149933 -8.188343 28.711379 18.107207 10.615464 -5.379210 51.424236 -0.717030 23.626622 84.123508 79.677354 109.957724 21.089201 10.733428 -11.420709 
3.617421 3.047179 85.849007 -159.725759 2.446246 77.093948 14.336285 10.116508 8.554052 -8.817663 5.089161 38.249308 4.301198 20.458118 -40.438499 nan nan nan -16.541331 -1.188883 -25.914200 4.236129 1.428508 32.292571 7.462166 -1.029740 -2.468797 nan nan nan -4.993197 -4.717127 11.453333 14.167681 -7.892389 10.006432 4.313442 -3.520540 -2.917185 4.949023 7.678781 20.151915 -4.989203 -19.896185 6.086798 9.973197 -5.674198 -7.962556 6.753204 -47.746244 -28.553616 94.907993 -68.712328 -69.493152 -5.166226 -7.324475 28.089195 17.860484 10.646214 -4.925983 51.752154 -0.244435 23.535115 86.057054 80.494929 111.525747 21.324967 10.460306 -11.818735 
3.754541 3.172778 86.030418 -158.361323 2.549481 77.242518 14.342103 9.596140 8.300374 -8.708188 4.480378 37.890704 4.139550 20.003496 -40.146694 nan nan nan -16.880967 -1.750399 -25.176767 3.853316 0.943250 31.132853 7.318523 -1.210373 -2.464679 nan nan nan -4.950170 -4.421954 11.423621 14.119950 -8.005750 10.033425 4.257344 -3.319898 -3.189778 4.946029 7.221373 20.079887 -4.766248 -19.928505 6.311112 10.100761 -5.980111 -8.076621 4.550338 -50.790093 -27.547515 94.687132 -68.344499 -69.447600 -5.419198 -7.058936 26.873386 17.433045 10.658726 -5.099432 52.145418 0.195602 23.769159 87.420615 81.134240 112.621187 21.825723 10.210655 -12.121408 
4.088964 3.140599 86.018768 -157.582354 2.046205 78.273976 13.722714 9.195042 6.936720 -8.723788 4.704039 37.709511 4.042144 19.540583 -39.898188 nan nan nan -17.723161 -1.785343 -26.270519 3.463973 0.271788 30.601688 7.542657 -1.448280 -2.196826 nan nan nan -5.656785 -3.803433 10.865605 13.951774 -7.718361 9.344225 4.355630 -3.066895 -2.889885 4.963388 6.717164 19.560745 -4.357919 -19.704140 6.846967 10.616410 -6.272335 -8.437638 1.636643 -53.661886 -26.144942 94.411350 -68.143290 -69.486108 -5.384110 -7.307740 25.177059 17.230809 10.656164 -5.718627 52.446939 0.703277 24.074355 88.926687 81.700008 113.965103 23.301720 9.826915 -11.290550 
4.321619 3.283919 86.180679 -156.417352 2.131916 78.616126 13.934174 8.742329 6.533084 -8.864734 4.266762 37.204654 3.798829 18.994411 -39.556217 nan nan nan -17.946095 -2.193783 -25.889740 3.141533 -0.134002 29.454167 7.369438 -1.708775 -2.011451 nan nan nan -5.705127 -3.428742 10.814094 13.926244 -7.482320 8.832903 4.359683 -2.810156 -2.700537 4.658990 5.883082 19.267514 -3.893094 -19.701529 7.243963 10.592190 -6.920074 -8.332787 -0.828296 -56.401770 -24.615090 93.771751 -67.823775 -69.017298 -4.287924 -8.105237 22.609732 17.194851 10.700230 -5.663787 52.216059 1.463165 23.648961 92.713011 82.253711 117.934802 24.305196 9.700379 -11.039987 
4.522236 3.470629 86.380920 -154.987394 2.263296 78.922568 14.187763 8.259749 6.125530 -8.932731 3.725300 36.761361 3.604363 18.379825 -39.119268 nan nan nan -18.218045 -2.828573 -25.166383 2.885741 -0.589392 28.097060 7.143981 -1.838327 -1.548861 nan nan nan -5.706925 -3.109459 10.496415 13.919589 -7.445453 8.779233 4.385321 -2.579356 -2.705336 4.210827 5.109129 19.231396 -3.375639 -19.685663 7.391321 10.322666 -7.874366 -7.927136 -3.441989 -58.903820 -22.902797 93.825434 -67.403646 -69.516374 -3.960642 -8.565582 19.800108 17.170901 10.952269 -5.377844 51.930457 2.274978 23.072372 98.451994 83.026233 123.417337 24.851301 9.554425 -11.318963 
4.742666 3.689991 86.594330 -153.537750 2.440591 79.143969 14.597139 7.879493 5.849368 -8.983586 3.165299 36.308316 3.491107 17.651052 -38.622297 nan nan nan -18.407092 -3.482935 -24.275955 2.681074 -0.985166 26.714931 6.994650 -1.870375 -0.820223 nan nan nan -5.711876 -2.788255 10.298670 13.929927 -7.455191 8.679473 4.428978 -2.360481 -2.583930 3.901762 4.712624 18.904968 -2.988581 -19.450362 7.464827 10.130540 -8.816130 -7.517311 -6.831784 -61.296127 -20.593896 94.549763 -66.997738 -70.748936 -4.226515 -8.527342 16.775326 17.058284 11.229842 -5.304429 51.745036 3.217880 22.694736 105.835563 83.783356 130.463725 24.985617 9.002739 -12.103404 
4.976662 3.949357 86.795113 -152.134720 2.671291 79.464949 15.137470 8.083611 5.200882 -8.117072 3.626544 36.781426 4.185036 16.445976 -37.782391 nan nan nan -18.478257 -4.134695 -23.512052 2.495922 -1.298213 25.423370 6.998921 -1.609755 0.064354 nan nan nan -5.579035 -2.526865 10.146044 13.924058 -7.412508 8.397479 4.395029 -2.128322 -2.490103 3.681321 4.271720 18.479461 -2.664557 -19.288534 7.827475 10.036670 -9.647287 -7.149986 -11.315748 -63.617596 -17.294851 95.388121 -66.845944 -71.875309 -4.194202 -8.405032 13.613882 16.672554 11.348817 -5.219422 51.809731 4.188324 22.224766 114.322691 84.433503 138.708291 24.755862 8.541900 -12.950330 
5.092188 4.222494 87.040741 -150.930288 2.615447 79.692566 15.142303 7.188134 5.571134 -8.962198 1.745473 34.696448 3.763787 16.358403 -37.614065 nan nan nan -18.968664 -4.601065 -22.604529 2.729500 -1.295355 24.013933 6.928971 -1.286516 1.238727 nan nan nan -5.570928 -1.977303 9.515943 13.934977 -7.374175 9.262404 4.285219 -2.004051 -3.078470 3.316640 3.556424 18.318336 -2.246025 -19.079042 8.070057 9.686609 -10.579759 -6.627005 -16.394421 -65.813662 -13.035050 96.063918 -66.582028 -72.893166 -3.968026 -8.073860 10.653131 16.179545 11.594423 -5.283446 51.666763 4.928087 21.651979 126.227314 85.008305 150.167573 24.733101 8.343274 -14.117318 
5.318309 4.492063 87.306183 -149.746849 2.720162 79.950276 15.441506 6.904874 5.556915 -8.955138 1.190945 33.764403 3.705648 15.799932 -36.976833 nan nan nan -19.178886 -4.842674 -21.767776 2.888216 -1.181658 22.765757 7.078573 -0.730694 2.532878 nan nan nan -5.544962 -1.387477 8.876053 13.993808 -7.335143 10.146997 4.304795 -1.960905 -3.634430 3.022404 3.027355 18.419164 -1.796831 -18.618087 7.917521 9.282518 -11.663923 -6.192992 -22.225012 -67.353714 -7.859506 97.284954 -66.406778 -74.297622 -3.572522 -7.673210 8.377314 15.583009 11.876783 -5.414278 51.458769 5.887813 21.414381 141.642884 85.548637 164.834760 24.522132 8.634569 -15.995043 
5.812800 4.759686 87.513306 -148.308090 3.043211 80.582731 16.245245 7.179753 4.385750 -8.380274 2.013512 34.414107 4.112449 14.660734 -36.086618 nan nan nan -18.993724 -4.902263 -21.432404 2.840458 -1.126450 21.906997 7.358717 -0.327349 3.640429 nan nan nan -5.696306 -0.999568 8.339926 14.085174 -7.335131 10.089494 4.533324 -1.821967 -3.605302 2.921255 2.378472 18.464825 -1.387428 -17.982176 7.967111 9.031658 -13.001647 -5.822963 -27.447989 -68.010419 -3.339492 99.314342 -66.944022 -76.445888 -2.663982 -7.279619 6.371884 14.985297 12.096809 -5.567588 51.250012 6.942284 20.900256 155.538913 85.663241 178.066675 23.922394 8.946459 -17.672064 
6.088214 5.096609 87.758698 -146.771728 2.925689 80.951694 16.338253 6.684145 4.162145 -8.634208 1.168042 33.383052 3.925313 14.159229 -35.551567 nan nan nan -19.473512 -5.324613 -20.587482 3.130958 -0.810240 20.982910 7.849220 0.223995 4.648172 nan nan nan -5.848230 -0.550179 7.734562 13.939253 -7.496602 10.669485 4.501238 -1.674050 -4.085677 2.451591 1.388750 18.424110 -0.913635 -17.326766 8.096534 8.461221 -14.204040 -5.216907 -33.100504 -68.678621 1.666012 100.916740 -67.497477 -78.385517 -2.342029 -7.358937 3.604064 14.551432 12.102905 -5.417345 51.024641 7.996387 19.839945 168.605671 85.428239 -169.273995 23.729750 8.825247 -17.768408 
6.429058 5.396297 87.964325 -145.364644 2.857379 81.538689 16.503484 6.046859 3.697142 -8.927893 0.414913 32.225228 3.495349 13.714008 -35.195653 nan nan nan -19.842544 -5.518765 -20.110011 3.349163 -0.806088 20.242397 8.750317 0.593837 5.542983 nan nan nan -5.901055 -0.176001 7.032578 13.736792 -7.449361 11.032119 4.475019 -1.659305 -4.327528 1.883258 0.849403 17.995904 -0.513941 -17.056579 8.280063 7.965456 -15.157019 -5.077319 -41.202482 -68.916832 9.089539 102.002353 -67.482139 -79.740616 -2.843051 -8.070507 0.612942 14.083686 12.203916 -5.378985 50.853359 8.942816 18.846794 -175.749053 84.918593 -154.015619 23.359297 8.739975 -17.763318 
6.723616 5.769788 88.199417 -144.037503 2.845097 81.906784 16.800320 5.725351 3.538639 -8.954989 -0.267241 31.147370 3.173966 13.096723 -34.735262 nan nan nan -20.072349 -5.650526 -19.351393 3.418888 -1.035853 19.542272 9.483256 0.544215 5.784958 nan nan nan -5.774445 0.188583 6.461871 13.485228 -7.366745 11.556425 4.419930 -1.796058 -4.680547 1.388909 0.533142 18.130103 0.028158 -16.675694 7.862851 7.235319 -16.037283 -5.052850 -49.171276 -68.296063 16.563372 103.386112 -67.541838 -81.086138 -3.067910 -8.969099 -2.296369 13.515143 12.536460 -5.545196 50.532593 9.779852 18.390571 -160.101992 84.192630 -138.740088 22.221707 9.006848 -18.827427 
7.018239 6.171897 88.433006 -142.607849 2.873753 82.153363 17.159303 5.528488 3.366816 -8.895805 -0.956481 30.358510 3.022299 12.498080 -34.112068 nan nan nan -20.140463 -5.896774 -18.501954 3.306722 -1.379614 19.133800 9.697298 0.038528 5.301350 nan nan nan -5.654685 0.542563 6.093568 13.233860 -7.320637 11.823739 4.386984 -1.830751 -4.814965 0.920832 -0.196667 18.382914 0.690544 -16.043090 7.413711 6.381577 -17.135486 -4.666580 -54.929457 -67.442105 21.849369 105.346303 -67.976744 -83.033687 -3.057261 -9.385083 -5.068108 12.962002 12.698451 -5.793337 50.102840 10.497350 17.470586 -150.848202 83.165368 -129.724935 21.561803 8.969687 -19.739529 
7.334940 6.540408 88.620537 -141.046049 2.825670 82.466890 17.396869 5.281426 2.954986 -8.806666 -1.623224 29.712768 2.896121 11.897945 -33.504497 nan nan nan -20.328851 -6.355683 -17.796914 3.210097 -1.889646 19.045646 9.738150 -0.357738 4.639561 nan nan nan -5.717028 0.907886 5.647672 12.987520 -7.356479 12.153260 4.348010 -1.701395 -4.875578 0.661401 -1.127086 18.205045 1.212593 -15.436883 7.457759 5.654294 -18.310953 -4.039538 -59.357497 -66.716813 25.864099 107.412752 -68.519027 -85.175342 -3.276549 -9.748439 -6.890275 12.464966 12.674426 -5.969905 49.395137 11.259495 16.222264 -144.956620 81.892143 -123.977950 21.207148 8.808573 -19.946213 
7.623808 6.948151 88.807770 -139.501616 2.723022 82.689773 17.598684 5.152217 2.727192 -8.733882 -2.387016 28.926513 2.656514 11.209201 -32.855044 nan nan nan -20.598686 -6.784806 -16.888925 3.165525 -2.342913 18.887058 9.494903 -0.274892 3.758131 nan nan nan -5.738834 1.201475 5.163258 12.659374 -7.410481 12.932514 4.261060 -1.613998 -5.237100 0.525279 -1.843274 18.098170 1.595570 -14.961919 7.353961 4.603517 -19.173464 -3.312627 -63.133882 -65.888280 29.362197 109.786181 -69.284640 -87.243193 -3.702813 -10.200453 -7.482603 11.966717 12.622728 -5.928066 48.779707 12.024156 14.911039 -140.060846 80.519422 -119.320256 20.627481 8.824532 -19.849083 
7.937536 7.405473 88.980148 -138.054649 2.532662 82.981875 17.731449 4.954719 2.443011 -8.672725 -3.069004 28.140161 2.463350 10.568113 -32.143783 nan nan nan -20.858175 -7.201189 -16.162757 3.064830 -2.959969 18.809925 9.125831 -0.056664 2.765754 nan nan nan -5.809675 1.414069 4.646252 12.237803 -7.412310 13.675268 4.149124 -1.535735 -5.649860 0.279541 -2.496451 18.262557 2.142824 -14.468110 7.035121 3.295232 -19.764844 -2.463572 -66.138288 -64.887080 32.221213 112.546725 -70.256398 -89.696614 -3.919476 -10.560004 -7.443958 11.543836 12.548246 -5.738122 48.316817 12.780811 13.641742 -135.961181 79.185949 -115.697667 19.459403 8.654798 -19.803462 
8.286638 7.878016 89.120323 -136.659177 2.296739 83.324354 17.851466 4.701793 1.971860 -8.496557 -3.432114 27.516644 2.419609 9.936044 -31.431667 nan nan nan -21.125203 -7.756772 -15.665211 2.937170 -4.002083 18.805409 8.989706 -0.076665 2.091081 nan nan nan -5.931650 1.638567 4.210789 11.783992 -7.353288 14.085706 4.010195 -1.453654 -5.912611 0.184975 -3.082028 18.490280 2.798530 -14.110570 6.780085 2.154496 -20.250146 -1.666126 -68.526421 -63.657688 34.480834 115.405314 -71.163022 -92.366331 -4.414919 -11.029064 -7.641933 11.083100 12.483122 -5.536938 47.918097 13.438752 12.306951 -131.968487 77.873049 -112.124728 18.455262 8.539139 -19.987360 
8.673050 8.347302 89.230247 -135.290288 2.014627 83.699318 17.961516 4.488419 1.407233 -8.413929 -3.780762 26.951992 2.267623 9.322924 -30.688934 nan nan nan -21.464156 -8.270094 -15.201842 2.903101 -5.043807 18.603401 8.989320 -0.145663 1.650280 nan nan nan -6.115356 1.929344 3.872851 11.369697 -7.205911 14.470921 3.866088 -1.468286 -6.256450 0.132182 -3.755319 18.601943 3.432096 -13.837669 6.588557 1.261803 -20.462656 -0.978586 -70.788026 -62.343043 36.676674 118.931311 -72.171696 -95.244913 -4.433483 -10.771691 -6.585209 10.622853 12.239832 -5.318478 47.400816 14.138250 11.012158 -128.771282 76.527691 -109.620162 17.655835 8.564751 -20.276012 
9.077214 8.812200 89.322342 -133.938813 1.706903 84.072228 18.069765 4.316144 0.856264 -8.517399 -4.242776 26.394871 1.816670 8.709615 -29.867371 nan nan nan -21.790989 -8.571813 -14.665939 2.897293 -5.876333 18.188763 8.809074 -0.204070 1.355813 nan nan nan -6.238634 2.124657 3.728345 10.926487 -7.064056 14.756217 3.649494 -1.472132 -6.674633 0.058345 -4.444897 18.625187 3.915299 -13.456027 6.369154 0.427367 -20.261458 -0.431562 -72.862740 -60.743442 38.780051 121.839870 -73.016525 -97.582828 -4.342697 -11.502895 -7.018966 10.330097 11.895906 -5.183907 46.748087 14.822643 10.104118 -126.081939 75.059980 -107.692635 16.815156 8.817451 -20.795622 
9.492338 9.282190 89.406601 -132.545604 1.429427 84.423383 18.190900 4.218082 0.227138 -8.578772 -4.690966 25.943797 1.377644 8.134000 -29.097717 nan nan nan -22.031048 -8.894487 -14.076739 2.943278 -6.605268 17.746028 8.712322 -0.493496 0.915625 nan nan nan -6.299676 2.129264 3.649667 10.416221 -7.105136 14.656812 3.379425 -1.298859 -6.683222 -0.066308 -5.027693 18.712880 4.416213 -13.081716 6.167653 -0.551071 -19.905513 0.088380 -73.737442 -59.140350 39.753044 125.049254 -73.971656 -100.441945 -4.349008 -12.895081 -7.994316 10.172274 11.647935 -5.123294 45.989519 15.502238 9.055655 -123.737514 73.832196 -105.706377 15.765997 8.972128 -20.748587 
9.893612 9.773756 89.495743 -131.150751 1.182218 84.690313 18.304373 4.160654 -0.360308 -8.539873 -5.151058 25.562976 0.970082 7.654957 -28.426683 nan nan nan -22.224485 -9.370642 -13.419120 3.067900 -7.251701 17.350548 8.768670 -0.974677 0.158851 nan nan nan -6.332247 2.147074 3.530980 9.909481 -7.199856 14.512820 3.143741 -1.128641 -6.451887 -0.214582 -5.489747 18.818299 4.978928 -12.739716 5.953438 -1.723722 -19.596690 0.700019 -73.611040 -57.723507 39.728681 129.593675 -75.121104 -104.551535 -3.899721 -14.066410 -8.340126 10.085403 11.441737 -5.054242 44.929472 16.140499 7.646699 -121.885765 72.966889 -103.826186 14.603162 9.019629 -19.734329 
10.301262 10.268072 89.575333 -129.808386 0.927713 84.969495 18.398586 4.155025 -0.987614 -8.453711 -5.529842 25.229159 0.593822 7.170230 -27.726527 nan nan nan -22.363896 -9.858189 -12.966602 3.137420 -7.751712 17.227525 8.531875 -1.430081 -0.827700 nan nan nan -6.300079 2.201248 3.581251 9.371495 -7.249705 14.407015 2.901705 -1.120372 -6.571526 -0.342367 -5.995328 18.821941 5.403045 -12.332231 6.068109 -2.944271 -19.243875 1.401051 -73.082194 -56.217684 39.504289 135.011032 -76.015409 -109.317476 -3.535992 -14.683160 -8.454711 10.212786 11.219976 -4.639541 43.708521 16.791120 6.352988 -120.156475 71.926402 -101.958608 13.552356 9.132647 -18.722255 
10.726397 10.748291 89.636887 -128.540823 0.682349 85.298594 18.511166 4.190534 -1.759184 -8.366444 -5.647463 25.052893 0.290058 6.593365 -27.023326 nan nan nan -22.416903 -10.316196 -12.813034 3.063302 -8.357931 17.435200 8.159284 -1.695874 -1.743328 nan nan nan -6.188424 2.062664 3.763602 8.773598 -7.393316 14.248512 2.503421 -0.872371 -6.907198 -0.469814 -6.527479 18.926349 5.829393 -11.922606 6.254059 -4.186679 -18.705807 2.096583 -72.435821 -54.556228 39.422976 139.883775 -76.589623 -113.790201 -3.586195 -15.231444 -9.136151 10.470086 11.023583 -4.086666 42.645515 17.271277 5.245026 -118.664788 70.691184 -100.170296 12.668922 9.394469 -17.684569 
11.147615 11.223791 89.692062 -127.205628 0.469324 85.590741 18.651423 4.265036 -2.594144 -8.293703 -5.718522 25.005203 -0.045855 5.896216 -26.351351 nan nan nan -22.411582 -10.804754 -12.650667 2.871473 -9.047134 17.771261 7.836929 -1.861508 -2.565607 nan nan nan -5.952763 1.478988 3.947383 7.997383 -7.921633 13.786834 1.860407 -0.020257 -6.801615 -0.562046 -6.834967 19.287836 6.475288 -11.604055 6.209384 -5.424918 -18.094133 2.545721 -71.094566 -52.932690 38.891325 144.691948 -77.122739 -118.360571 -3.723046 -15.774242 -9.495580 10.962372 11.114756 -3.609003 41.483225 17.398829 4.062029 -117.494705 69.511303 -98.532619 12.114386 9.673778 -16.139317 
11.551620 11.713909 89.727928 -125.918627 0.304524 85.798326 18.893050 4.380582 -3.257125 -8.320152 -5.682323 24.873209 -0.225662 5.357802 -25.713452 nan nan nan -22.368837 -11.265759 -12.392815 2.748236 -9.514302 18.114367 7.382680 -2.067360 -3.430003 nan nan nan -5.836342 1.227365 4.167334 7.457618 -8.207093 13.729389 1.424585 0.487349 -7.135411 -0.510794 -7.390252 19.260661 6.798525 -11.353539 6.651661 -6.656945 -17.555488 2.917701 -69.704919 -51.657356 38.419997 149.325589 -77.599098 -122.959382 -4.446800 -15.685053 -8.934268 11.444285 10.758954 -3.353778 40.129045 17.486119 3.060682 -116.701492 68.459931 -97.423864 12.203830 9.449682 -14.340548 
11.935892 12.206802 89.766403 -124.751615 0.328281 86.031107 19.366139 4.619618 -3.887444 -8.602343 -5.816316 24.720953 -0.388398 5.384331 -24.946634 nan nan nan -22.104216 -11.606410 -12.046542 2.838635 -9.676617 18.125770 6.748351 -2.685567 -4.245070 nan nan nan -6.339125 2.561146 3.686449 7.901529 -7.308630 14.292420 2.210035 -0.663830 -7.307568 -0.838211 -8.981074 18.804595 6.813258 -11.196067 6.937806 -8.420222 -18.584268 3.682281 -67.950386 -50.562716 37.164759 152.116563 -77.907594 -126.073341 -5.608602 -15.757123 -9.389668 11.018444 10.076705 -4.249350 38.223644 16.457857 1.445447 -116.829293 67.820455 -97.740288 12.289921 9.117754 -13.550911 
12.343259 12.701686 89.794632 -123.611994 0.157357 86.203842 19.569026 4.921272 -4.606139 -8.674637 -5.534580 24.811148 -0.615452 5.315207 -24.230948 nan nan nan -22.094512 -11.999579 -11.760635 2.880549 -10.024266 18.275728 6.466620 -3.055387 -5.073729 nan nan nan -6.435170 2.602129 3.884429 7.576541 -7.345985 14.147061 2.042924 -0.456371 -7.412228 -0.726867 -9.645758 18.732897 7.074113 -11.064115 7.214129 -9.492606 -17.976045 4.147382 -66.578575 -49.383168 36.414612 157.523452 -78.345641 -131.590789 -6.153282 -16.441215 -9.765911 11.217327 9.576810 -4.082788 37.019589 16.342634 0.267081 -115.602451 67.080528 -96.433534 11.517874 9.060519 -12.474461 
12.766016 13.188703 89.823677 -122.554883 -0.006972 86.320182 19.786712 5.323140 -5.328546 -8.757398 -5.018616 25.045175 -0.843276 5.330208 -23.490409 nan nan nan -22.071558 -12.339246 -11.474247 2.916842 -10.234724 18.420384 6.264255 -3.341190 -5.832856 nan nan nan -6.473019 2.647803 4.362561 7.256210 -7.322430 13.398463 1.828838 -0.154855 -7.152028 -0.718745 -10.455251 18.779991 7.435212 -10.910006 7.376661 -10.549474 -17.141884 4.584994 -65.283720 -48.497981 35.986446 162.663660 -78.953071 -137.005105 -5.556754 -16.616089 -10.585222 11.557074 8.925509 -3.736745 35.682800 16.155217 -0.843874 -114.646627 66.392124 -95.269345 9.973704 8.841232 -11.408268 
13.193821 13.662928 89.840729 -121.478899 -0.396579 86.388243 19.719112 5.688818 -6.096440 -8.621819 -3.884963 25.424605 -1.085065 5.200946 -22.773774 nan nan nan -22.385415 -12.696805 -11.218561 2.901288 -10.654078 18.714819 6.318501 -3.277650 -6.524033 nan nan nan -5.897633 1.025115 5.145266 5.880860 -8.708143 12.409372 0.326780 1.937077 -6.835786 -0.097410 -9.893754 19.214745 8.135640 -10.990375 7.447700 -10.698330 -14.789179 4.223541 -64.024825 -47.366354 35.722462 168.834520 -79.255485 -143.443666 -5.863700 -17.264512 -11.707666 12.942873 9.006816 -2.493561 35.079807 16.724312 -1.209884 -112.958899 64.988203 -92.963985 9.537412 8.764493 -10.172045 
13.553938 14.066983 89.919930 -120.464257 -0.149505 86.677582 20.154921 6.228045 -7.127535 -8.828460 -3.583395 25.977051 -1.274402 6.255446 -22.269780 nan nan nan -21.906747 -12.865410 -10.953901 3.159272 -10.588452 18.498647 6.098857 -4.180057 -6.999042 nan nan nan -6.527909 3.087210 4.437944 6.781191 -7.139524 11.114862 1.911619 0.113684 -4.632793 -1.094810 -12.012887 19.244943 8.609037 -10.749852 6.848184 -13.320635 -17.155678 5.266123 -61.137048 -46.514908 33.158391 172.459021 -79.830748 -147.120470 -6.481746 -17.591441 -11.511253 12.151912 8.780057 -3.831813 32.686414 13.947483 -3.931845 -113.673436 65.027955 -94.656282 9.525367 8.652505 -10.575970 
13.914918 14.468399 89.944099 -119.623695 -0.297672 86.752289 20.180921 6.630283 -7.859566 -8.818677 -2.680077 26.631014 -1.376989 6.840953 -22.063405 nan nan nan -21.903306 -13.024922 -10.809155 3.204656 -10.767770 18.800945 5.927047 -4.452805 -7.646626 nan nan nan -6.640420 3.402360 4.577291 6.635153 -6.923797 11.188187 1.921495 0.007148 -4.688464 -0.886322 -12.532571 19.052723 8.805639 -10.950669 6.941080 -14.230352 -16.651719 5.388901 -59.935035 -45.650791 32.614835 176.027847 -80.082589 -150.787831 -7.525087 -17.811847 -10.877572 12.343990 8.433248 -3.762180 31.673928 13.230016 -4.859688 -112.477125 64.198946 -93.918160 9.600440 8.787450 -10.113219 
14.275110 14.847980 89.969353 -118.852153 -0.373235 86.747471 20.234519 7.085324 -8.561669 -8.758862 -1.731788 27.506780 -1.469060 7.411951 -22.057137 nan nan nan -21.824796 -13.156928 -10.687877 3.203470 -10.927019 19.218559 5.686438 -4.715591 -8.307494 nan nan nan -6.632637 3.676428 4.826314 6.495821 -6.840250 11.420146 1.820825 0.013817 -4.924479 -0.452794 -13.018503 18.788444 8.825107 -11.313900 7.078289 -15.055562 -15.764722 5.461219 -58.582728 -45.161365 31.926333 -177.741465 -80.301822 -157.391089 -8.263751 -17.874552 -10.044444 12.786421 7.999436 -3.689738 30.520800 12.634901 -5.625474 -111.138031 63.522436 -93.243151 9.491284 8.874127 -9.770052 
14.627253 15.204969 89.975021 -118.036965 -0.383964 86.789134 20.286077 7.531948 -9.433748 -8.696509 -0.804652 28.652945 -1.491556 7.916829 -22.211258 nan nan nan -21.670464 -13.294673 -10.658765 3.159068 -11.004759 19.697022 5.413479 -5.033915 -8.957123 nan nan nan -6.519242 3.828558 4.997171 6.378512 -6.804444 11.591968 1.723297 0.040905 -5.047033 -0.213896 -13.597203 18.592625 8.864767 -11.518139 7.189475 -15.725607 -15.163160 5.445230 -57.241625 -44.400600 31.194481 -173.596501 -80.187877 -160.755448 -8.805619 -17.658728 -9.996226 13.094316 7.568636 -3.715067 29.626593 12.127719 -6.284177 -109.568435 62.901272 -91.891590 9.242721 8.729334 -9.752237 
14.955113 15.523969 89.963394 -117.200393 -0.351306 86.889133 20.323271 7.905741 -10.379000 -8.754403 -0.085729 29.906795 -1.512884 8.116867 -22.460033 nan nan nan -21.495116 -13.472509 -10.705097 3.115778 -11.137644 20.209293 5.187987 -5.289163 -9.619847 nan nan nan -6.304957 3.873502 5.210472 6.257278 -6.764808 11.666790 1.629685 0.112679 -5.194923 -0.045649 -14.179678 18.413550 8.912163 -11.691012 7.285615 -16.493466 -14.697439 5.472327 -55.859058 -43.604169 30.483709 -170.505149 -80.083711 -162.949950 -9.139810 -17.685899 -9.801373 13.338526 7.173455 -3.612852 28.823025 11.593182 -7.005569 -108.017130 62.281510 -90.239153 8.791634 8.482657 -9.418059 
15.239302 15.795060 89.933655 -116.458308 -0.272419 86.921048 20.389983 8.204178 -11.120844 -8.936599 0.458477 31.087166 -1.506934 7.998720 -22.863216 nan nan nan -21.329036 -13.655560 -10.744296 3.088506 -11.484056 20.727648 5.095302 -5.422077 -10.106649 nan nan nan -6.054234 3.922363 5.455860 6.186967 -6.670516 11.798209 1.582454 0.168476 -5.346466 0.182541 -14.684070 18.211743 8.860274 -11.956879 7.282784 -17.241502 -14.274689 5.607995 -54.670467 -43.013223 29.874224 -167.208907 -80.080200 -165.601971 -9.207025 -17.703286 -8.719115 13.617940 6.905173 -3.232916 27.783041 11.018612 -7.898132 -106.426051 61.620481 -88.718937 8.429742 8.410250 -8.786447 
15.493812 16.021538 89.891884 -115.732630 -0.142340 86.948916 20.463933 8.368965 -11.765922 -9.182739 0.881060 32.160766 -1.494030 7.757803 -23.345435 nan nan nan -21.162766 -13.801331 -10.739764 3.106778 -11.877300 21.143606 5.032174 -5.529457 -10.465488 nan nan nan -5.755052 3.990340 5.689161 6.170511 -6.570627 11.852268 1.564139 0.196655 -5.393075 0.407287 -15.173886 17.963508 8.812213 -12.220913 7.289152 -17.926988 -13.926724 5.816975 -53.637693 -42.594077 29.296503 -164.472745 -80.217370 -168.114846 -9.505304 -17.754529 -7.452178 13.922283 6.643231 -2.871706 26.660412 10.406070 -8.883378 -104.813141 61.061630 -87.484086 8.404521 8.555944 -8.163167 
15.760104 16.215664 89.845718 -115.035154 -0.023179 87.015016 20.456725 8.452541 -12.416351 -9.593233 1.004961 33.184688 -1.471673 7.563392 -23.796181 nan nan nan -20.958936 -13.923245 -10.842114 3.122145 -12.013469 21.562184 4.940413 -5.876530 -10.813812 nan nan nan -5.525231 4.047669 5.998367 6.213064 -6.470768 11.663738 1.576399 0.251202 -5.309647 0.534486 -15.839802 17.741445 8.809560 -12.221083 7.330405 -18.505252 -13.593153 5.900333 -52.737819 -42.146172 28.802792 -160.218459 -80.197233 -171.341080 -8.816011 -17.236380 -6.956125 14.149539 6.268359 -2.881028 25.782359 9.842434 -9.633648 -103.031401 60.748565 -85.982147 7.942150 8.534991 -7.886485 
15.999704 16.418699 89.797668 -114.396476 0.046997 86.926490 20.477788 8.335774 -12.700080 -10.217239 1.008976 33.954381 -1.512851 7.202644 -24.201140 nan nan nan -20.908126 -13.899837 -10.735049 3.138842 -12.344214 21.975300 4.693569 -6.007682 -11.276958 nan nan nan -5.634327 4.490697 5.933623 6.406149 -6.298796 13.003692 1.896485 -0.017731 -6.113902 1.028486 -16.374069 17.384509 8.690873 -12.532336 7.036161 -19.491656 -13.418397 6.340008 -51.427101 -41.881408 28.206175 -160.164896 -80.414266 -173.487503 -9.355777 -17.116374 -3.752157 14.399936 6.140989 -3.143409 24.744427 8.931900 -10.146436 -101.236992 60.166375 -84.882697 8.145649 8.653775 -6.611888 
16.267908 16.611956 89.737228 -113.745377 0.122198 86.807985 20.412764 8.261683 -12.989893 -10.996225 0.485468 34.666360 -1.576374 7.057472 -24.441958 nan nan nan -20.815565 -13.908307 -10.741058 3.190722 -12.350289 22.529067 4.420691 -6.539170 -11.742649 nan nan nan -5.565088 4.393973 6.359625 6.536705 -6.310605 13.893300 1.807095 0.107639 -6.991801 1.464200 -16.972515 16.891924 8.301000 -12.591573 7.157120 -19.414390 -12.542706 5.830454 -52.042282 -41.195703 28.725706 -153.768056 -80.407289 -175.941422 -5.711015 -15.903147 -5.020467 14.700148 5.579118 -3.328367 24.209107 8.906963 -9.715970 -99.029528 59.343961 -81.920151 6.519872 8.483361 -7.295000 
16.503181 16.779293 89.695648 -113.150680 0.184748 86.860612 20.219715 8.093479 -13.331320 -11.377173 0.408289 35.269762 -1.773436 6.419451 -24.573324 nan nan nan -20.712757 -13.900966 -10.920577 3.047674 -12.663945 23.136295 4.341973 -6.612807 -12.124477 nan nan nan -5.515295 4.462041 6.388734 6.538894 -6.340317 14.289386 1.935282 0.058213 -7.238543 1.794814 -17.084096 16.826470 8.413511 -13.087634 7.106979 -20.164145 -12.273039 6.219215 -50.673621 -41.216154 27.727407 -156.923045 -81.185479 -176.983828 -9.693136 -17.265503 -2.568914 15.117677 5.565997 -2.891431 23.334568 8.375469 -10.552571 -97.358150 58.916625 -81.199715 7.492490 8.587436 -5.507953 
16.744696 16.913115 89.646332 -112.611147 0.279776 86.967227 20.004929 7.999288 -13.733031 -11.906528 0.114802 35.943429 -2.105572 6.072120 -24.690049 nan nan nan -20.483990 -13.813604 -11.268888 2.871611 -12.661119 23.831554 4.176821 -6.958683 -12.608627 nan nan nan -5.534394 4.561940 6.681056 6.739126 -6.239863 13.904772 2.131851 -0.000934 -7.120874 1.784059 -17.586717 16.785339 8.509530 -13.148249 7.125233 -20.383602 -11.937380 6.393076 -50.678047 -40.885250 27.444834 -157.467941 -81.896693 -177.233326 -11.392829 -18.024993 -4.205812 15.250220 5.232992 -2.881530 22.861027 8.033774 -10.892337 -95.401847 58.570051 -79.297067 7.791979 8.542189 -5.209326 
16.946785 17.046396 89.597168 -112.088669 0.414065 87.043521 19.832294 7.952684 -13.988016 -12.374273 -0.266298 36.417858 -2.462290 5.570318 -24.837142 nan nan nan -20.227280 -13.737062 -11.544286 2.681887 -12.746593 24.486932 4.081473 -7.268107 -13.076039 nan nan nan -5.603797 4.746282 7.189548 7.040009 -5.976108 12.968900 2.472723 -0.232464 -6.732224 1.717027 -18.156264 16.844560 8.606631 -13.182194 6.978886 -20.576785 -11.632599 6.496187 -50.862970 -40.329580 27.369722 -158.177066 -82.830406 -176.488531 -12.050081 -19.878567 -6.951142 15.349122 4.845770 -3.030941 22.501250 7.734394 -10.847560 -93.240401 57.943878 -76.693387 7.879360 8.963884 -5.566445 
17.121378 17.182096 89.548546 -111.523795 0.561432 87.054244 19.672131 7.848668 -14.065033 -12.567165 -0.563063 36.609606 -2.508518 5.099729 -24.978273 nan nan nan -20.005607 -13.703636 -11.637059 2.521448 -12.999058 25.013822 4.088972 -7.496581 -13.446977 nan nan nan -5.678759 4.859953 7.757683 7.291080 -5.745386 12.015807 2.830262 -0.507750 -6.281439 1.927423 -18.459007 16.899403 8.642022 -13.472965 6.683238 -20.637004 -11.239942 6.431536 -50.964102 -39.692154 27.390875 -158.043711 -83.620843 -176.219711 -11.972577 -22.238141 -8.485553 15.445825 4.585983 -3.147762 22.329761 7.525074 -10.576173 -91.013515 57.034842 -73.945404 7.715867 9.654597 -6.211648 
17.296089 17.287781 89.491982 -111.026540 0.667114 87.085724 19.482487 7.729846 -14.038882 -12.601668 -0.742679 36.532331 -2.184650 5.271581 -25.077786 nan nan nan -19.835616 -13.809196 -11.779176 2.432630 -13.116091 25.536065 4.082457 -7.766431 -13.857817 nan nan nan -5.820600 4.907000 8.083770 7.559515 -5.744058 11.501799 3.019125 -0.557531 -5.955498 1.993182 -18.940374 16.885349 8.782203 -13.476725 6.673071 -20.682116 -10.692420 6.593893 -51.374041 -39.901738 27.345596 -153.896878 -83.858749 178.861828 -13.047386 -20.199390 -7.665891 15.737763 4.257159 -3.023267 22.054747 7.677475 -10.774520 -89.048429 56.402369 -72.308636 8.396171 8.878835 -5.423227 
17.444014 17.381346 89.417107 -110.589709 0.819288 87.153509 19.332127 7.679910 -13.964947 -12.322008 -0.716371 36.252495 -1.878125 5.685779 -25.332146 nan nan nan -19.629638 -13.877789 -11.950494 2.304066 -13.356450 26.021659 4.083183 -7.908809 -14.192677 nan nan nan -5.833895 4.757728 7.990282 7.724017 -5.866737 11.681774 3.065623 -0.428611 -5.889765 2.103934 -19.246385 16.958511 8.872270 -13.685857 6.472055 -20.711088 -10.259096 6.650478 -51.449151 -39.806190 27.128205 -150.331179 -83.924549 175.234410 -13.701163 -18.862027 -6.145362 16.133576 4.178072 -2.868997 21.807634 7.763529 -11.057086 -87.097363 55.808246 -70.542544 8.915214 8.341427 -4.423776 
17.583593 17.468277 89.325233 -110.169801 0.975506 87.246072 19.180332 7.735514 -13.894968 -11.770606 -0.569253 35.747475 -1.553296 6.129548 -25.637711 nan nan nan -19.474380 -13.934772 -12.103351 2.220337 -13.719717 26.436658 4.079374 -7.941019 -14.446697 nan nan nan -5.830436 4.407616 7.515191 7.783435 -6.237829 12.604204 2.964459 -0.057298 -6.110537 2.447170 -19.332989 16.972366 8.842001 -14.059083 6.208318 -20.612257 -9.936434 6.558535 -51.385332 -39.476690 26.834576 -147.791644 -83.979104 173.003271 -13.887586 -18.002656 -4.696732 16.603424 4.362963 -2.722033 21.681661 7.808118 -11.130869 -85.113173 55.059100 -68.660906 8.773353 8.132839 -3.880487 
17.703934 17.543573 89.243271 -109.779628 1.200091 87.397877 19.122264 7.918252 -13.798875 -11.176409 -0.542958 34.938062 -1.358389 6.424171 -25.842578 nan nan nan -19.267392 -14.024176 -12.203338 2.263727 -14.034967 26.609760 4.076418 -7.982335 -14.623677 nan nan nan -5.843113 4.300861 7.484775 8.009796 -6.311210 12.657418 3.087771 -0.022539 -6.265801 2.532627 -19.676694 17.099967 8.813257 -14.174101 6.145783 -20.631548 -9.612106 6.650857 -51.619412 -39.197049 26.805639 -144.240787 -84.154971 169.683448 -13.739477 -17.724965 -4.614457 16.894388 4.203901 -2.610884 21.552855 7.889720 -11.156396 -82.893646 54.505709 -66.605912 8.427558 8.042952 -3.762554 
17.795124 17.602911 89.158302 -109.477376 1.445539 87.500201 19.155327 8.147508 -13.513284 -10.728488 -0.659492 33.839671 -1.343252 6.656482 -26.015049 nan nan nan -19.048923 -14.158504 -12.241729 2.350991 -14.201519 26.717233 4.124146 -7.948138 -14.765968 nan nan nan -5.802607 4.233166 7.445989 8.212207 -6.321279 12.657583 3.203285 -0.011396 -6.296708 2.653839 -19.933483 17.173954 8.814512 -14.314307 6.199937 -20.645721 -9.436578 6.692207 -51.822587 -38.897386 26.875548 -141.474110 -84.427767 167.111554 -12.932482 -17.554130 -4.981896 17.182095 4.164173 -2.527338 21.491879 7.881798 -11.171793 -80.642561 53.826715 -64.541739 8.154931 8.027418 -3.872205 
17.877548 17.649025 89.082245 -109.240325 1.693696 87.549216 19.220192 8.400277 -13.116097 -10.439228 -0.997709 32.697894 -1.343575 6.981731 -26.208315 nan nan nan -18.791453 -14.334968 -12.272845 2.382643 -14.241660 26.827554 4.234205 -7.976877 -14.863329 nan nan nan -5.719141 4.126038 7.432606 8.356659 -6.293406 12.608024 3.278827 -0.024241 -6.198141 2.824512 -20.118997 17.173431 8.819164 -14.530310 6.297243 -20.683485 -9.322247 6.619074 -51.861222 -38.639866 26.818578 -139.310903 -84.777694 165.104338 -11.337542 -17.003752 -4.414098 17.578710 4.194894 -2.499735 21.425285 7.955296 -11.220669 -78.286145 53.212236 -62.383334 7.738984 8.007976 -3.741282 
17.957083 17.695684 89.015419 -109.046016 1.942060 87.620571 19.313348 8.767019 -12.742376 -10.294846 -1.568681 31.728320 -1.333393 7.210078 -26.446604 nan nan nan -18.497758 -14.422345 -12.331985 2.350252 -14.334284 26.910486 4.333108 -8.056249 -14.951701 nan nan nan -5.750843 4.020206 7.327851 8.574557 -6.264985 12.702316 3.397639 -0.028233 -6.232043 3.007698 -20.252637 17.197051 8.823315 -14.826747 6.409204 -20.935563 -9.213801 6.605581 -51.507533 -38.615021 26.567765 -136.684023 -85.047095 162.278154 -12.073388 -16.847162 -3.694262 17.988937 4.272540 -2.413340 21.407217 8.102818 -11.207180 -76.091998 52.425482 -60.222728 7.650481 7.778257 -3.305948 
18.057058 17.736359 88.942619 -108.850115 2.228203 87.716911 19.449930 9.214362 -12.650146 -10.293218 -2.477794 31.255008 -1.201347 7.290434 -26.641669 nan nan nan -18.197974 -14.588793 -12.454355 2.381350 -14.421387 27.057612 4.384841 -8.145227 -15.024568 nan nan nan -5.806936 3.916670 7.252645 8.840454 -6.263998 12.740123 3.543419 -0.009108 -6.238770 3.131659 -20.540734 17.116847 8.775075 -15.082411 6.623049 -21.165371 -9.099137 6.780852 -51.205691 -38.763679 26.332856 -133.187444 -85.141857 158.525411 -11.829473 -16.346736 -3.466373 18.304162 4.376223 -2.082871 21.432421 8.316730 -11.393274 -73.923605 51.637697 -58.099717 7.033724 7.303403 -2.883491 
18.177025 17.781565 88.867729 -108.688045 2.508614 87.833901 19.607394 9.614648 -12.867718 -10.225669 -3.168182 31.256207 -1.125355 7.143330 -26.702225 nan nan nan -17.918683 -14.776631 -12.693040 2.440637 -14.545264 27.339018 4.412958 -8.133833 -15.050331 nan nan nan -5.807863 3.863417 7.169541 9.038682 -6.245924 12.849887 3.657927 -0.031136 -6.335588 3.259949 -20.773216 17.043648 8.726182 -15.407825 6.695412 -21.270990 -9.017906 6.938153 -51.038258 -38.869923 26.230361 -130.071001 -85.217541 155.144701 -10.772899 -15.874474 -3.293912 18.474017 4.485143 -1.766875 21.682737 8.486625 -11.606181 -71.750016 50.851879 -56.416792 6.209124 7.115797 -2.892446 
18.284966 17.825661 88.815292 -108.582772 2.730081 87.941022 19.738108 9.811021 -13.320088 -10.039359 -3.384608 31.699119 -1.235611 6.948258 -26.635018 nan nan nan -17.699207 -14.811074 -12.955345 2.486269 -14.757966 27.643426 4.394494 -8.123621 -15.107292 nan nan nan -5.787833 3.877164 7.069631 9.169909 -6.230031 13.022922 3.755093 -0.153525 -6.496267 3.337405 -20.872489 17.003012 8.764103 -15.836276 6.717355 -21.419370 -8.950138 7.002301 -50.725781 -39.005032 26.067130 -128.130068 -85.357398 152.721894 -11.534242 -16.339650 -3.202086 18.654015 4.569232 -1.728782 22.105863 8.713139 -11.381743 -69.807138 49.888691 -55.076054 5.785030 7.325234 -3.386955 
18.368481 17.854164 88.768921 -108.579912 2.811690 87.992884 19.819655 9.648122 -13.835713 -10.009609 -3.332697 32.432032 -1.335140 6.991155 -26.492177 nan nan nan -17.669365 -14.838507 -13.194902 2.574155 -14.901676 27.971654 4.292655 -8.164465 -15.199113 nan nan nan -5.867507 3.984829 7.036354 9.266920 -6.201389 13.097293 3.835500 -0.260853 -6.590032 3.213552 -21.150038 16.914237 8.859472 -16.059501 6.927052 -21.650700 -8.928079 7.145296 -50.058024 -39.324242 25.647730 -128.075834 -85.454181 151.805012 -12.565093 -16.527002 -2.707560 18.976839 4.582149 -1.825095 22.492269 8.982691 -11.112712 -68.098992 49.082801 -53.918125 5.631322 7.399165 -3.128820 
18.430485 17.864653 88.722755 -108.654971 2.814610 87.948937 19.948125 9.277228 -14.264914 -10.211867 -3.071414 33.213369 -1.368673 7.171739 -26.459384 nan nan nan -17.772545 -14.905000 -13.369976 2.690780 -15.006366 28.328998 4.248069 -8.114546 -15.262555 nan nan nan -6.020505 4.188390 7.122078 9.341947 -6.122674 13.112678 3.939459 -0.314853 -6.584703 3.218550 -21.312544 16.705673 8.949496 -16.341985 7.007186 -21.671435 -8.923091 7.248712 -49.831220 -39.423351 25.574036 -129.249029 -85.222354 153.229116 -12.028713 -16.801688 -2.623616 19.300826 4.660657 -1.837341 22.930662 8.957761 -11.143077 -67.079900 48.550748 -53.481271 5.156324 7.604711 -3.086837 
18.494715 17.865341 88.676674 -108.687026 2.796452 87.865714 20.140701 8.745729 -14.573533 -10.612025 -2.681085 33.818131 -1.388363 7.421619 -26.544640 nan nan nan -17.882222 -14.913582 -13.451376 2.830115 -14.995906 28.619570 4.215988 -8.080428 -15.413333 nan nan nan -6.207196 4.410088 7.379855 9.412043 -6.103473 12.987233 4.087179 -0.334879 -6.555184 3.293148 -21.319671 16.377001 9.031723 -16.734058 7.001311 -21.482947 -9.050839 7.321090 -49.657216 -39.456613 25.539692 -132.932727 -84.965447 157.289462 -11.357111 -17.118290 -2.973722 19.526122 4.828413 -1.659760 23.524914 8.572697 -11.325711 -67.058195 48.328357 -54.285034 5.042152 8.060384 -3.792968 
18.577909 17.868565 88.629509 -108.732111 2.798673 87.719133 20.378827 8.283379 -14.704047 -10.976881 -2.310799 34.258488 -1.397996 7.619990 -26.722930 nan nan nan -17.913077 -14.831432 -13.477255 2.923221 -14.864583 28.894520 4.120797 -8.099272 -15.690036 nan nan nan -6.363510 4.641953 7.750990 9.506580 -6.088040 12.828352 4.193441 -0.359032 -6.488360 3.447792 -21.341287 15.816202 8.886843 -17.210926 7.100632 -21.174210 -9.170098 7.326763 -49.604344 -39.563471 25.463790 -137.834108 -84.698885 162.334181 -11.067364 -17.313649 -3.460459 19.861083 4.837298 -1.662422 24.125703 8.278199 -11.412796 -67.703166 48.446962 -55.270073 5.255944 8.123948 -4.144502 
18.675446 17.873955 88.580772 -108.847076 2.802932 87.606109 20.593397 8.027754 -14.758718 -11.087100 -1.867653 34.550758 -1.353763 7.650928 -26.854458 nan nan nan -17.906119 -14.711400 -13.591363 2.942221 -14.850662 29.188947 3.988661 -8.078046 -15.945806 nan nan nan -6.506194 4.862604 8.014597 9.603981 -6.037309 12.857160 4.244014 -0.351638 -6.556615 3.659370 -21.273936 15.289383 8.693496 -17.796299 7.195359 -20.849802 -9.254273 7.370801 -49.622379 -39.773792 25.342764 -141.950587 -84.432161 166.461921 -11.112255 -17.567239 -3.781805 20.316643 4.729415 -1.694369 24.708715 8.049633 -11.542510 -68.882574 48.760278 -56.363932 5.359433 8.085768 -3.949374 
18.790857 17.880213 88.528252 -108.931556 2.812694 87.566952 20.760983 8.026802 -14.861229 -11.090163 -1.468902 34.767033 -1.243318 7.507166 -26.940985 nan nan nan -17.924691 -14.672571 -13.765460 2.997028 -14.968564 29.461051 3.897997 -7.994536 -16.110785 nan nan nan -6.636576 5.000039 8.195403 9.668172 -6.004091 12.826545 4.274376 -0.267259 -6.541752 3.857898 -21.119131 14.923369 8.630065 -18.460600 7.138304 -20.475700 -9.367015 7.441408 -49.632088 -40.003716 25.180837 -145.422847 -84.156061 170.034373 -11.250843 -18.158766 -4.269344 20.763936 4.645062 -1.688906 25.375650 7.746623 -11.779312 -70.576850 49.052803 -57.767167 5.764565 8.233920 -4.158785 
18.900074 17.897985 88.476494 -109.025386 2.845638 87.494464 20.932432 8.287227 -14.889326 -11.125476 -1.202924 34.903564 -1.025625 7.212361 -27.029395 nan nan nan -17.941939 -14.763138 -13.879593 3.076738 -15.044865 29.701865 3.929305 -7.857083 -16.207115 nan nan nan -6.719462 5.112337 8.495276 9.721505 -5.942685 12.479301 4.301621 -0.184435 -6.326266 3.958970 -20.910082 14.700624 8.649617 -18.988881 6.953041 -20.087518 -9.460560 7.458239 -49.739382 -40.188924 25.090288 -148.664905 -83.898094 173.332118 -11.279554 -18.801886 -5.267644 21.181564 4.520833 -1.699332 26.019218 7.433328 -11.951518 -72.474493 49.383367 -59.209430 6.347936 8.374271 -4.643237 
18.964418 17.900730 88.416977 -109.160509 2.811470 87.386580 20.976334 8.601493 -14.795127 -11.161572 -1.109427 34.982259 -0.811370 7.001951 -27.139124 nan nan nan -18.065210 -14.936697 -13.941775 3.160217 -15.063752 29.957203 3.992651 -7.708001 -16.383924 nan nan nan -6.845817 5.231578 8.746513 9.772188 -5.855692 12.142065 4.318007 -0.185963 -6.035771 3.944099 -20.704099 14.476376 8.647144 -19.209330 6.798612 -19.719622 -9.387957 7.328905 -49.961495 -40.417186 25.237042 -150.492059 -83.735160 175.146137 -10.877925 -19.055920 -6.260101 21.624746 4.267602 -1.847968 26.514342 7.401220 -11.893510 -74.158726 49.736534 -60.393034 6.435164 8.349589 -4.782645 
19.001778 17.890627 88.340271 -109.300981 2.777687 87.385890 20.951587 8.942697 -14.782514 -11.149462 -1.126721 35.046027 -0.669784 6.897215 -27.240930 nan nan nan -18.153718 -15.113922 -14.114352 3.194915 -15.055711 30.203650 4.029871 -7.569001 -16.588009 nan nan nan -6.996922 5.254064 8.785544 9.823797 -5.791007 11.817239 4.314339 -0.176309 -5.704705 3.852447 -20.515478 14.385874 8.623280 -19.317797 6.715015 -19.344546 -9.289753 7.185488 -50.201414 -40.621298 25.410302 -150.945825 -83.597551 175.550705 -10.316066 -19.024804 -6.853934 21.968089 4.055884 -2.022374 27.063346 7.491832 -11.705215 -75.400261 50.030875 -61.128808 6.081458 8.287030 -4.594798 
19.032631 17.874550 88.260666 -109.449560 2.787660 87.405720 20.986540 9.315016 -14.788303 -11.161459 -1.130256 35.098299 -0.559780 6.778362 -27.321986 nan nan nan -18.187296 -15.288689 -14.263357 3.284904 -15.032078 30.352286 4.095764 -7.385212 -16.735608 nan nan nan -7.124726 5.216812 8.765440 9.885659 -5.738204 11.573630 4.297384 -0.092001 -5.467443 3.749789 -20.305797 14.372568 8.606508 -19.509015 6.672869 -18.992210 -9.110427 7.093224 -50.556172 -40.920585 25.619378 -150.979167 -83.594784 175.603278 -10.117883 -19.208090 -7.500410 22.146745 3.879736 -2.094911 27.698241 7.643098 -11.516526 -76.266956 50.119806 -61.628319 5.899352 8.370772 -4.779063 
19.037287 17.854025 88.184845 -109.612626 2.765402 87.353428 21.022799 9.583832 -14.697288 -11.208455 -1.067933 35.161200 -0.417188 6.693271 -27.403742 nan nan nan -18.303837 -15.477534 -14.298202 3.442192 -14.951995 30.457097 4.143507 -7.122230 -16.867438 nan nan nan -7.265355 5.213571 8.747280 9.920327 -5.686596 11.519344 4.271372 -0.032191 -5.392887 3.684316 -20.018560 14.454758 8.645675 -19.633012 6.571109 -18.658642 -8.864304 7.003831 -50.969240 -41.319005 25.913284 -150.629635 -83.661494 175.307465 -10.005290 -19.397393 -7.670675 22.197047 3.672615 -2.154242 28.406056 7.903249 -11.371139 -76.720950 50.074184 -62.069565 5.978494 8.546856 -5.286564 
19.025526 17.841326 88.109436 -109.744901 2.733318 87.301303 21.070548 9.848082 -14.616733 -11.327952 -1.011116 35.247417 -0.304023 6.589475 -27.497946 nan nan nan -18.493270 -15.710689 -14.311634 3.647158 -14.938240 30.620080 4.200825 -6.840881 -16.996356 nan nan nan -7.417966 5.179283 8.619643 9.927338 -5.705582 11.620821 4.211105 0.018820 -5.367518 3.656084 -19.728199 14.579512 8.675303 -19.681425 6.604909 -18.325589 -8.595179 6.869472 -51.365704 -41.705808 26.175123 -149.314506 -83.722835 174.157544 -9.910474 -19.378987 -7.342365 22.327602 3.500053 -2.188581 28.896246 8.252912 -11.322374 -76.624716 49.965521 -62.051285 6.021564 8.646632 -5.324034 
19.014332 17.821434 88.039154 -109.824404 2.754306 87.275713 21.160519 10.075327 -14.614264 -11.443923 -0.972957 35.393367 -0.362071 6.473197 -27.595465 nan nan nan -18.651943 -15.850470 -14.288192 3.891387 -15.002064 30.688994 4.196771 -6.665113 -17.105897 nan nan nan -7.515410 5.126165 8.494055 9.963126 -5.751540 11.565629 4.160442 -0.011295 -5.238882 3.547665 -19.538255 14.709178 8.593038 -19.651545 6.918074 -18.100236 -8.405653 6.817292 -51.601080 -42.011223 26.276891 -148.475091 -83.827569 173.482267 -9.929230 -19.307416 -7.266377 22.560371 3.431124 -2.194019 29.112541 8.618362 -11.366119 -76.122998 49.836929 -61.557014 6.255632 8.616761 -4.912494 
18.986752 17.802767 87.982811 -109.863557 2.822103 87.202366 21.298414 10.190525 -14.616755 -11.529193 -0.914766 35.598142 -0.409725 6.455179 -27.698437 nan nan nan -18.761404 -15.928176 -14.176477 4.125102 -15.043383 30.718218 4.126006 -6.580966 -17.237758 nan nan nan -7.552422 5.147046 8.420735 10.033431 -5.764313 11.508746 4.149072 -0.194408 -5.167896 3.424343 -19.355777 14.844011 8.461474 -19.564949 7.287446 -17.989319 -8.299449 6.874765 -51.708299 -42.302918 26.301034 -148.416601 -84.021053 173.469233 -10.069708 -19.294850 -7.345668 22.717339 3.426884 -2.217998 29.405196 8.986266 -11.289892 -75.445966 49.652125 -61.031652 6.292089 8.476246 -4.755438 
18.961147 17.781536 87.936050 -109.900164 2.886887 87.132374 21.453128 10.234269 -14.663144 -11.655100 -0.855405 35.854645 -0.372583 6.470602 -27.745425 nan nan nan -18.811471 -15.987550 -14.147948 4.258076 -15.024685 30.865785 4.088921 -6.493813 -17.344735 nan nan nan -7.609847 5.147664 8.357050 10.094459 -5.770051 11.486711 4.175377 -0.352930 -5.156822 3.256196 -19.183840 15.094547 8.406847 -19.469058 7.434863 -17.961764 -8.258173 6.957498 -51.668762 -42.501650 26.222416 -148.132716 -84.160791 173.246861 -9.956352 -19.236489 -7.450813 22.754693 3.435364 -2.138864 29.824278 9.406334 -11.284614 -74.688465 49.526886 -60.488081 5.874747 8.330997 -4.685542 
18.936350 17.758099 87.899818 -109.959425 2.937852 87.021694 21.588534 10.300558 -14.650638 -11.771156 -0.836432 36.117823 -0.479386 6.479333 -27.794065 nan nan nan -18.837677 -15.975266 -14.107872 4.297613 -15.036570 31.037704 4.062638 -6.397598 -17.429131 nan nan nan -7.660334 5.090357 8.311236 10.107336 -5.819492 11.621947 4.183243 -0.391285 -5.299329 3.159348 -18.940629 15.373161 8.298244 -19.394779 7.514849 -18.074380 -8.268897 7.065734 -51.480178 -42.645712 26.055909 -147.853364 -84.291050 173.059773 -9.889143 -19.269880 -7.393692 22.831858 3.602404 -1.926374 30.093348 9.635998 -11.299024 -74.007934 49.232782 -59.971441 5.574724 8.512364 -4.782580 
18.906609 17.740198 87.863342 -110.052123 2.984467 86.853419 21.718997 10.398078 -14.532089 -11.833567 -0.792791 36.390738 -0.654255 6.514834 -27.921334 nan nan nan -18.825784 -15.938670 -14.062657 4.280905 -14.997859 31.238209 3.995484 -6.425174 -17.529815 nan nan nan -7.698665 5.014538 8.308768 10.080485 -5.873547 11.828213 4.135223 -0.315501 -5.482727 3.216148 -18.715776 15.426998 8.108073 -19.402648 7.765795 -18.127854 -8.344694 7.129378 -51.379046 -42.778418 25.954015 -147.714509 -84.422490 172.953417 -10.070470 -19.252759 -7.202668 22.979727 3.796275 -1.840186 30.260894 9.649708 -11.270767 -73.422117 48.883920 -59.519866 5.554678 8.529021 -4.924008 
18.885160 17.730349 87.820183 -110.166629 3.031073 86.724724 21.844460 10.518955 -14.459616 -11.879190 -0.660371 36.677410 -0.757324 6.536595 -28.083451 nan nan nan -18.781481 -15.911782 -14.122805 4.194400 -14.949288 31.536812 3.939082 -6.386092 -17.633093 nan nan nan -7.713251 4.890210 8.217875 10.010917 -5.979201 12.139535 4.026536 -0.168280 -5.667504 3.325780 -18.464223 15.426828 8.019147 -19.465105 7.967665 -18.097321 -8.410989 7.084879 -51.296156 -42.876169 25.954409 -147.822189 -84.495925 173.146530 -10.484398 -19.282761 -6.951195 23.147568 3.968465 -1.812478 30.405962 9.692695 -11.210160 -72.847818 48.538655 -58.850535 5.650794 8.459579 -4.633013 
18.867359 17.728035 87.784760 -110.272889 3.093952 86.627908 21.968352 10.624764 -14.418163 -11.914720 -0.533644 36.920971 -0.799944 6.487988 -28.219298 nan nan nan -18.735611 -15.860094 -14.161697 4.170219 -14.876849 31.767279 3.885061 -6.275663 -17.744735 nan nan nan -7.702309 4.777246 8.142522 9.947051 -6.038530 12.296241 3.938415 -0.073483 -5.747228 3.395340 -18.280618 15.447059 8.019793 -19.544786 8.074025 -18.039183 -8.453253 7.070630 -51.245717 -42.975991 25.973257 -148.413863 -84.541274 173.733728 -11.271839 -19.386282 -6.752716 23.284963 4.054837 -1.716156 30.501240 9.804749 -11.246713 -72.319378 48.327932 -58.198495 6.020573 8.393584 -4.236083 
18.837784 17.724203 87.761261 -110.334351 3.162737 86.541069 22.065080 10.628606 -14.373153 -11.923379 -0.488458 37.100905 -0.823795 6.451991 -28.284193 nan nan nan -18.729453 -15.851714 -14.149535 4.210842 -14.879481 31.930202 3.777682 -6.282900 -17.809200 nan nan nan -7.725922 4.831756 8.119609 9.980823 -5.953955 12.276048 3.978592 -0.147913 -5.792395 3.361443 -18.291367 15.401691 8.080582 -19.536977 8.187094 -18.120917 -8.639446 7.195093 -51.080261 -43.119796 25.994986 -149.391454 -84.569662 174.617112 -11.756164 -19.304177 -6.549896 23.275390 4.053081 -1.630219 30.546387 9.697612 -11.242888 -72.016822 48.243051 -57.999903 6.175751 8.442702 -4.441920 
18.806231 17.719017 87.736900 -110.412610 3.195958 86.444591 22.127628 10.548665 -14.304513 -11.934281 -0.452055 37.242357 -0.772435 6.537491 -28.339872 nan nan nan -18.773051 -15.821439 -14.117194 4.276580 -14.892654 32.048510 3.751749 -6.271665 -17.861488 nan nan nan -7.800415 4.883329 8.040904 10.009327 -5.911839 12.401429 4.014789 -0.142268 -5.881744 3.413007 -18.323536 15.221567 8.041710 -19.574794 8.349436 -18.166831 -8.796311 7.347380 -50.929566 -43.322725 25.978109 -149.392716 -84.404879 174.613741 -11.745860 -18.701708 -5.697556 23.291481 4.079568 -1.421445 30.542260 9.567668 -11.288580 -71.897294 48.147327 -57.988760 5.939301 8.309801 -4.447338 
18.777370 17.704243 87.705551 -110.555207 3.221027 86.324034 22.197453 10.544205 -14.181925 -11.911264 -0.344828 37.373565 -0.733463 6.579352 -28.426992 nan nan nan -18.778094 -15.656079 -14.110694 4.256448 -14.876974 32.171573 3.761105 -6.281269 -17.901576 nan nan nan -7.812316 4.858140 8.004970 9.968753 -5.917529 12.494948 3.957548 -0.009904 -5.923727 3.479477 -18.270488 15.041924 8.019823 -19.741063 8.419843 -18.065290 -8.952450 7.383028 -51.019271 -43.348269 25.960185 -151.342630 -84.712732 176.463798 -11.945682 -19.283969 -7.078135 23.312956 4.203305 -1.238169 30.633806 9.399156 -11.296868 -71.855944 48.055806 -57.725524 5.598309 8.271995 -4.472400 
18.739510 17.691793 87.672646 -110.747163 3.279429 86.147400 22.315818 10.634138 -13.973512 -11.868452 -0.266706 37.515654 -0.729413 6.555226 -28.500551 nan nan nan -18.669152 -15.480062 -14.114109 4.095467 -14.748564 32.359864 3.767639 -6.282831 -17.923855 nan nan nan -7.731955 4.878217 8.160951 9.913235 -5.824356 12.421030 3.899129 0.042026 -6.010424 3.554751 -18.296604 14.940589 7.904812 -19.990722 8.546259 -18.034953 -8.941472 7.346307 -51.170034 -43.395666 26.094874 -151.463966 -84.832377 176.611236 -11.868670 -19.575837 -7.640802 23.359367 4.207612 -1.100842 30.657365 9.237470 -11.227125 -71.821790 48.059920 -57.639059 5.564470 8.326465 -4.733518 
18.677114 17.700726 87.625122 -110.789127 3.325527 86.003756 22.391373 10.631345 -13.863038 -11.798596 -0.219617 37.691072 -0.712859 6.555654 -28.599022 nan nan nan -18.670858 -15.418963 -14.009250 4.007414 -14.706080 32.539179 3.789213 -6.169258 -17.943147 nan nan nan -7.734020 4.897733 8.222597 9.930479 -5.817021 12.399330 3.899815 0.017101 -6.098318 3.574687 -18.374212 14.914430 7.807470 -20.130633 8.612810 -18.062006 -8.828929 7.388349 -51.369935 -43.505904 26.252170 -151.482048 -84.819448 176.554332 -11.759901 -19.531548 -7.391453 23.422374 4.118792 -0.926669 30.573228 9.185729 -11.131559 -71.822011 48.046553 -57.717709 5.706384 8.483940 -4.980692 
18.601664 17.727514 87.578148 -110.694702 3.345881 85.907730 22.395834 10.524688 -13.849001 -11.755417 -0.220645 37.883974 -0.657958 6.644711 -28.706619 nan nan nan -18.801310 -15.553712 -13.811530 4.051593 -14.815439 32.631881 3.818087 -6.057683 -17.893651 nan nan nan -7.823551 4.880953 8.124310 9.978260 -5.938015 12.510288 3.914763 0.021858 -6.172898 3.605877 -18.520615 14.883165 7.804602 -20.206890 8.548929 -18.104569 -8.692591 7.401105 -51.567317 -43.652022 26.398499 -150.741980 -84.804802 175.709669 -11.753367 -19.474018 -7.244660 23.461059 4.025366 -0.842644 30.526853 9.130782 -10.955791 -71.803584 47.986406 -57.626231 5.819293 8.517129 -5.111476 
18.546570 17.735092 87.549843 -110.658941 3.337221 85.879523 22.352722 10.426460 -13.887029 -11.749547 -0.213304 38.041353 -0.571804 6.756799 -28.840248 nan nan nan -18.925841 -15.716914 -13.779125 4.074875 -14.976757 32.755919 3.908355 -5.959224 -17.658489 nan nan nan -7.882756 4.845363 7.927148 9.996167 -6.037946 12.745760 3.881553 0.071105 -6.355214 3.619172 -18.711318 14.803219 7.833226 -20.323475 8.550471 -18.258165 -8.649258 7.514804 -51.604617 -43.776085 26.428333 -150.371897 -84.741716 175.067338 -11.971796 -19.332555 -6.773505 23.529890 4.012625 -0.741030 30.452852 8.980050 -10.870096 -71.838243 47.983674 -57.564918 5.889112 8.469587 -4.883209 
18.499434 17.744833 87.527908 -110.699415 3.345339 85.858744 22.351778 10.415317 -13.883530 -11.750047 -0.205029 38.143734 -0.488952 6.831991 -28.989607 nan nan nan -18.967865 -15.739909 -13.823190 4.037617 -15.064258 32.908604 4.018579 -5.853971 -17.478598 nan nan nan -7.898318 4.816439 7.796669 9.998389 -6.030524 12.888717 3.832990 0.091716 -6.579798 3.704312 -18.840973 14.666135 7.761747 -20.423484 8.729734 -18.316089 -8.620157 7.686392 -51.749387 -43.839618 26.514132 -150.134111 -84.572258 174.590263 -11.990864 -18.875183 -5.822309 23.595333 3.942852 -0.596284 30.379362 8.855770 -10.813879 -71.798815 48.081605 -57.468584 5.662577 8.371386 -4.474906 
18.449081 17.751787 87.503021 -110.716333 3.369761 85.790328 22.384264 10.410524 -13.817312 -11.741385 -0.221634 38.229868 -0.458572 6.876123 -29.067597 nan nan nan -18.972177 -15.648217 -13.770877 4.022472 -14.983821 32.994931 4.058084 -5.846511 -17.438567 nan nan nan -7.932433 4.793106 7.774661 10.013328 -5.989159 12.793062 3.821021 0.083766 -6.527363 3.777492 -19.016053 14.538956 7.739078 -20.464987 8.724751 -18.273289 -8.627754 7.770188 -51.953112 -43.885110 26.613382 -149.888566 -84.487512 174.264791 -11.691607 -18.597505 -5.526885 23.579810 3.829015 -0.621109 30.358901 8.788535 -10.754872 -71.604984 48.281113 -57.161534 5.464612 8.222044 -4.301644 
18.394735 17.749964 87.481262 -110.756586 3.410012 85.718522 22.431621 10.358818 -13.731795 -11.721121 -0.232875 38.303221 -0.462707 6.889606 -29.149440 nan nan nan -18.972951 -15.510970 -13.692140 4.016026 -14.887224 33.046353 4.112952 -5.838327 -17.459240 nan nan nan -7.946942 4.757377 7.733563 10.023099 -6.000565 12.707489 3.804343 0.091738 -6.460963 3.798143 -19.125800 14.543504 7.775451 -20.528854 8.623586 -18.266346 -8.595918 7.782753 -52.142439 -43.906128 26.725413 -150.434664 -84.589815 174.620330 -11.698863 -18.797704 -6.001936 23.564002 3.776654 -0.730216 30.368123 8.742401 -10.602510 -71.412087 48.415020 -56.778524 5.543643 8.154309 -4.465180 
18.325403 17.749128 87.467491 -110.836071 3.439202 85.650268 22.484273 10.307023 -13.589691 -11.704451 -0.183393 38.325398 -0.408631 6.893686 -29.209190 nan nan nan -19.026784 -15.470210 -13.619899 4.041965 -14.857954 33.105391 4.202687 -5.757252 -17.450092 nan nan nan -7.916595 4.710996 7.663952 9.994016 -6.048236 12.754967 3.749211 0.120386 -6.581873 3.815569 -19.199129 14.637025 7.779050 -20.578155 8.595144 -18.373865 -8.471056 7.779505 -52.252313 -43.888809 26.844794 -150.591618 -84.645895 174.472687 -11.976321 -19.053907 -6.350777 23.610566 3.769011 -0.777398 30.345518 8.640634 -10.392664 -71.315741 48.482570 -56.569478 5.898429 8.168828 -4.589557 
18.266808 17.738951 87.455070 -110.942116 3.465875 85.544679 22.519303 10.329128 -13.401625 -11.649814 -0.130989 38.336452 -0.347926 6.954810 -29.304950 nan nan nan -19.101398 -15.502550 -13.551704 4.068141 -14.890828 33.201392 4.276705 -5.643906 -17.412538 nan nan nan -7.876785 4.671742 7.591695 9.978326 -6.091887 12.916953 3.689034 0.161947 -6.739391 3.778825 -19.292632 14.631720 7.775588 -20.638452 8.652649 -18.403093 -8.406306 7.718725 -52.465254 -43.776878 27.036107 -151.140497 -84.597600 174.961534 -12.118184 -19.015480 -6.718000 23.654923 3.805257 -0.706769 30.286324 8.627845 -10.299368 -71.298264 48.462481 -56.583428 6.131634 8.193313 -4.524831 
18.235100 17.722589 87.440742 -111.095460 3.487515 85.445979 22.541386 10.394951 -13.263579 -11.638016 -0.119659 38.385481 -0.231171 7.000147 -29.384408 nan nan nan -19.119633 -15.505584 -13.572009 4.061170 -14.938430 33.306645 4.297940 -5.576417 -17.369800 nan nan nan -7.824024 4.649713 7.519199 9.960806 -6.101112 13.001172 3.627993 0.215598 -6.785027 3.692586 -19.403093 14.602014 7.793493 -20.612035 8.671663 -18.444001 -8.445456 7.677840 -52.544431 -43.622921 27.115623 -152.345513 -84.530642 176.291863 -12.082013 -18.894694 -7.160079 23.638945 3.864907 -0.614319 30.318263 8.669713 -10.333475 -71.402697 48.479324 -56.761520 6.138554 8.117444 -4.564824 
18.198566 17.715408 87.439560 -111.213659 3.507359 85.334520 22.583647 10.435268 -13.104531 -11.728918 -0.216117 38.401119 -0.105877 6.985258 -29.424765 nan nan nan -19.130293 -15.441249 -13.505961 4.033269 -14.909044 33.332239 4.315485 -5.548676 -17.333726 nan nan nan -7.832062 4.618832 7.509571 9.970107 -6.105597 13.048236 3.611016 0.274671 -6.814096 3.707478 -19.421225 14.613435 7.859206 -20.565865 8.552234 -18.501661 -8.455303 7.728951 -52.546864 -43.584674 27.102848 -153.158049 -84.487373 177.058095 -11.922490 -18.801548 -7.158891 23.615703 3.913973 -0.531902 30.331264 8.685962 -10.343716 -71.466683 48.530407 -56.719823 6.017340 8.041862 -4.365481 
18.157728 17.704872 87.435600 -111.283079 3.523820 85.246503 22.607677 10.397930 -12.981383 -11.765875 -0.286288 38.433411 -0.115560 7.029669 -29.400868 nan nan nan -19.146223 -15.350953 -13.401770 4.063075 -14.745264 33.297625 4.293641 -5.560772 -17.393254 nan nan nan -7.851581 4.591653 7.523538 9.966087 -6.103033 13.032840 3.600114 0.292636 -6.805102 3.818664 -19.486165 14.568195 7.861602 -20.560624 8.511850 -18.485019 -8.410288 7.780341 -52.707592 -43.602961 27.200277 -153.824622 -84.451189 177.779976 -11.346051 -18.495469 -6.983991 23.638480 3.913529 -0.454946 30.318830 8.764861 -10.324435 -71.411802 48.559928 -56.343744 5.805440 7.925167 -3.895917 
18.087519 17.678493 87.421913 -111.368210 3.529941 85.141157 22.593947 10.357742 -12.805836 -11.720903 -0.344655 38.465290 -0.230397 7.179222 -29.466590 nan nan nan -19.192921 -15.400628 -13.286903 4.118891 -14.629191 33.274862 4.272330 -5.588760 -17.406047 nan nan nan -7.887262 4.543905 7.485270 9.969170 -6.116397 13.088258 3.589351 0.364444 -6.820808 3.863174 -19.604066 14.477516 7.736700 -20.522149 8.616530 -18.491531 -8.436380 7.855054 -52.933205 -43.541054 27.339284 -154.412281 -84.396376 178.580373 -10.373956 -17.907964 -7.009830 23.643259 3.944339 -0.377742 30.296750 8.791309 -10.302977 -71.418862 48.620543 -56.079073 5.364729 7.759467 -3.688551 
18.009457 17.641191 87.408745 -111.485520 3.523144 85.076032 22.577212 10.341136 -12.682004 -11.657302 -0.348839 38.508953 -0.269725 7.230339 -29.541761 nan nan nan -19.250360 -15.476523 -13.229115 4.118608 -14.681764 33.256653 4.295170 -5.552035 -17.311723 nan nan nan -7.915236 4.537952 7.339961 9.975097 -6.132674 13.210886 3.585119 0.419584 -6.914278 3.816783 -19.642312 14.479184 7.604094 -20.559283 8.790507 -18.608574 -8.546747 7.957478 -52.926782 -43.558541 27.298519 -154.951783 -84.453450 179.073413 -10.590688 -17.761547 -6.491740 23.686345 4.035706 -0.258741 30.195391 8.707115 -10.381908 -71.528989 48.706772 -56.213920 5.453674 7.815326 -3.504014 
17.949493 17.609184 87.397049 -111.608860 3.542001 85.038448 22.600900 10.386598 -12.603077 -11.621917 -0.315926 38.567724 -0.264632 7.219986 -29.566944 nan nan nan -19.236544 -15.462647 -13.177244 4.123842 -14.611221 33.175291 4.291263 -5.510628 -17.321141 nan nan nan -7.897112 4.532057 7.164517 9.967180 -6.130512 13.274328 3.563471 0.437633 -6.915033 3.860624 -19.622847 14.483160 7.510569 -20.596195 8.938837 -18.703587 -8.621141 8.053849 -52.861885 -43.508342 27.239559 -153.740168 -84.368837 178.145830 -10.496063 -17.659165 -5.747054 23.719511 4.107535 -0.128945 30.147418 8.679324 -10.471957 -71.682374 48.812146 -56.355911 5.456495 7.975208 -3.447683 
17.917057 17.583712 87.394508 -111.732463 3.577651 84.988214 22.640831 10.443423 -12.509643 -11.558438 -0.223320 38.601226 -0.281623 7.178715 -29.601542 nan nan nan -19.174700 -15.359559 -13.079734 4.134892 -14.456110 33.006347 4.255670 -5.480652 -17.346604 nan nan nan -7.857055 4.530252 7.055502 9.963077 -6.128510 13.317304 3.521923 0.423281 -6.892917 3.940634 -19.546194 14.457841 7.483460 -20.672312 9.000304 -18.768953 -8.628822 8.076290 -52.737734 -43.610563 27.180685 -153.049973 -84.423736 177.366137 -11.070135 -17.930678 -5.471850 23.780473 4.156091 -0.054282 30.114203 8.833334 -10.500801 -71.803284 48.736450 -56.451441 5.567069 8.015267 -3.422735 
17.892550 17.564728 87.404182 -111.839905 3.596241 84.919278 22.664390 10.486978 -12.377652 -11.504108 -0.139848 38.584922 -0.261623 7.158159 -29.686502 nan nan nan -19.153965 -15.281309 -12.969868 4.147249 -14.417173 32.866828 4.228124 -5.488246 -17.305300 nan nan nan -7.828791 4.517243 7.028085 9.966696 -6.104667 13.265796 3.485034 0.396876 -6.830385 3.951892 -19.466673 14.463855 7.485753 -20.665487 8.978029 -18.795328 -8.622215 8.050337 -52.825705 -43.604775 27.243569 -154.023827 -84.563708 178.301943 -11.666145 -18.400283 -5.929214 23.795942 4.184047 -0.094230 30.178346 9.004073 -10.368786 -71.951871 48.582386 -56.333099 5.606012 7.925758 -3.476002 
17.854481 17.546892 87.417854 -111.948453 3.595729 84.827723 22.679730 10.534163 -12.193563 -11.470392 -0.056508 38.555120 -0.241798 7.117006 -29.706121 nan nan nan -19.197466 -15.286034 -12.854316 4.186934 -14.457736 32.784816 4.251471 -5.450916 -17.216842 nan nan nan -7.807201 4.527944 7.003742 9.958040 -6.060158 13.219717 3.475265 0.349302 -6.780691 3.940448 -19.391541 14.481478 7.472453 -20.637375 8.996779 -18.831079 -8.651396 8.001179 -52.972946 -43.580972 27.332002 -154.752289 -84.730467 179.086470 -12.230253 -18.608446 -6.099587 23.768569 4.218857 -0.145246 30.259065 9.090970 -10.274018 -72.074357 48.464687 -56.241528 5.830851 7.791577 -3.467351 
17.813231 17.517515 87.410126 -112.050374 3.610137 84.790661 22.696539 10.589440 -12.096534 -11.460595 -0.008216 38.551815 -0.233506 7.120404 -29.716699 nan nan nan -19.242556 -15.318750 -12.781386 4.227680 -14.521831 32.711573 4.303571 -5.393423 -17.125966 nan nan nan -7.781424 4.516080 6.938245 9.947613 -6.023503 13.207334 3.466238 0.323531 -6.785662 3.945646 -19.290767 14.481298 7.394346 -20.636984 9.080543 -18.767207 -8.652753 7.921261 -53.191082 -43.573471 27.440754 -153.809289 -84.824279 178.282762 -12.368799 -18.704093 -6.119727 23.657345 4.241702 -0.174524 30.407224 9.193919 -10.270912 -72.100443 48.485964 -56.109441 5.637005 7.660685 -3.378509 
17.782009 17.491842 87.390732 -112.168447 3.635840 84.795593 22.745820 10.641603 -12.066589 -11.484826 0.054472 38.590164 -0.216279 7.162189 -29.711768 nan nan nan -19.272787 -15.301839 -12.760237 4.286554 -14.547350 32.653308 4.349483 -5.275314 -17.060028 nan nan nan -7.751681 4.489034 6.824545 9.930955 -5.999595 13.208723 3.443103 0.327541 -6.794426 3.892127 -19.156163 14.602732 7.394537 -20.652811 8.986440 -18.684118 -8.658845 7.873706 -53.344467 -43.543267 27.468021 -152.762713 -84.842407 177.376354 -12.310484 -18.824413 -6.112709 23.576485 4.250443 -0.187284 30.561494 9.316321 -10.324921 -72.124798 48.619801 -55.947911 5.462966 7.579021 -3.185269 
17.745705 17.465645 87.372299 -112.292620 3.613659 84.769248 22.759135 10.639334 -11.975238 -11.523598 0.099918 38.609734 -0.174973 7.197209 -29.739036 nan nan nan -19.345539 -15.325666 -12.763929 4.314228 -14.544623 32.672924 4.386677 -5.155683 -17.038456 nan nan nan -7.775563 4.460052 6.736802 9.905012 -6.006902 13.224933 3.417106 0.367726 -6.803688 3.847646 -19.095967 14.726856 7.434742 -20.600394 8.858774 -18.652151 -8.628347 7.899773 -53.467068 -43.555404 27.486614 -152.488882 -84.826756 177.149883 -12.290091 -18.825483 -6.021255 23.581202 4.264965 -0.154643 30.626860 9.448847 -10.400890 -72.228025 48.668563 -55.790644 5.644181 7.468044 -2.851025 
17.699804 17.455847 87.363167 -112.421338 3.606216 84.679589 22.796661 10.666594 -11.796338 -11.549664 0.133446 38.578228 -0.122023 7.247644 -29.770268 nan nan nan -19.359321 -15.379174 -12.702159 4.335507 -14.420871 32.656835 4.414470 -5.104036 -16.980908 nan nan nan -7.823844 4.496181 6.747524 9.931029 -5.959400 13.122934 3.443530 0.377727 -6.757032 3.749330 -19.195228 14.769774 7.395341 -20.564037 8.887313 -18.664665 -8.660987 7.933082 -53.632728 -43.565585 27.580208 -152.566180 -84.871731 177.301200 -11.948160 -18.865458 -6.381459 23.531008 4.240748 -0.179907 30.648585 9.498514 -10.458174 -72.316892 48.765778 -55.681554 5.737608 7.371458 -2.755460 
17.652426 17.447498 87.367416 -112.546917 3.607411 84.548676 22.825262 10.713552 -11.578818 -11.523265 0.164320 38.552653 -0.108583 7.326393 -29.844088 nan nan nan -19.367662 -15.427069 -12.585801 4.364418 -14.220032 32.621745 4.461446 -5.060643 -16.901476 nan nan nan -7.858722 4.681473 6.824830 10.008121 -5.831816 12.983976 3.529361 0.237063 -6.743308 3.620065 -19.360829 14.799746 7.351783 -20.529565 8.996990 -18.687644 -8.809392 8.020255 -53.715201 -43.569756 27.661130 -152.640123 -84.910836 177.598269 -11.247821 -19.019107 -6.992602 23.453795 4.212696 -0.194735 30.598645 9.497559 -10.510261 -72.316158 48.850303 -55.547469 5.380923 7.399516 -2.735394 
17.630001 17.433741 87.362251 -112.659473 3.574647 84.490177 22.801636 10.720391 -11.473386 -11.514113 0.223809 38.566881 -0.052593 7.407702 -29.894022 nan nan nan -19.432933 -15.465437 -12.590497 4.411711 -14.118267 32.664855 4.515755 -5.018052 -16.854842 nan nan nan -7.861192 4.728270 6.749643 9.981173 -5.836639 13.156855 3.480893 0.213975 -6.893008 3.640209 -19.386741 14.720046 7.239550 -20.460521 9.261927 -18.702883 -8.833092 8.086477 -53.559845 -43.635322 27.661802 -151.528926 -84.795551 176.529365 -10.709048 -18.649368 -6.530941 23.526884 4.221523 -0.075196 30.502899 9.643172 -10.511377 -72.295071 48.875838 -55.624279 4.897891 7.335767 -2.586906 
17.610456 17.405533 87.341766 -112.719384 3.533691 84.471130 22.735361 10.659694 -11.471171 -11.529835 0.244041 38.637548 0.029949 7.505855 -29.965731 nan nan nan -19.548742 -15.543239 -12.639742 4.467186 -14.128704 32.763869 4.550905 -5.006184 -16.829737 nan nan nan -7.832408 4.600007 6.604347 9.893445 -5.979053 13.393180 3.345074 0.339212 -7.008249 3.663573 -19.346936 14.576054 7.051525 -20.324219 9.605808 -18.689263 -8.754248 8.165160 -53.400800 -43.743612 27.580065 -150.181770 -84.602751 175.130441 -10.469047 -17.763276 -5.330079 23.657255 4.258980 0.174838 30.406446 9.914635 -10.603853 -72.328409 48.957074 -55.797327 4.667912 7.066543 -2.146805 
17.584837 17.363173 87.319656 -112.751551 3.510041 84.461000 22.655440 10.578295 -11.499785 -11.516998 0.236816 38.692193 0.095510 7.666931 -30.023190 nan nan nan -19.660326 -15.574670 -12.643493 4.573703 -14.161513 32.778354 4.566662 -5.010444 -16.800962 nan nan nan -7.821812 4.542035 6.542701 9.865181 -6.048053 13.377616 3.280161 0.411829 -6.987164 3.541143 -19.419496 14.571896 7.024100 -20.203699 9.769778 -18.706244 -8.768896 8.251474 -53.383627 -43.818925 27.587773 -150.391625 -84.526583 175.084586 -10.379321 -17.241335 -5.144502 23.667441 4.277723 0.282904 30.390282 10.019112 -10.617106 -72.406801 49.044485 -56.035395 4.564874 6.858932 -2.222457 
17.552034 17.317915 87.304459 -112.837080 3.508567 84.430609 22.628951 10.550383 -11.460874 -11.502870 0.266407 38.716004 0.062844 7.782708 -30.018530 nan nan nan -19.720749 -15.543901 -12.608837 4.668599 -14.141774 32.725592 4.571796 -4.979007 -16.727262 nan nan nan -7.846090 4.690031 6.569702 9.941024 -5.900809 13.119185 3.367821 0.250738 -6.865202 3.318112 -19.526014 14.676855 7.136650 -20.190076 9.759448 -18.773179 -8.940744 8.329964 -53.449940 -43.784414 27.595220 -151.941422 -84.652037 176.563125 -10.659105 -17.807046 -6.095917 23.555724 4.291721 0.156817 30.386713 9.965630 -10.616334 -72.380767 49.115674 -55.920714 4.761511 6.912321 -2.426910 
17.530016 17.283579 87.295044 -112.966772 3.525718 84.400493 22.626211 10.560342 -11.424955 -11.472040 0.299573 38.786646 0.019936 7.822321 -30.055279 nan nan nan -19.719853 -15.531098 -12.634762 4.692404 -14.116088 32.726113 4.568559 -4.950692 -16.645991 nan nan nan -7.834194 4.823393 6.546020 9.990591 -5.752763 13.018479 3.426401 0.104847 -6.839948 3.201436 -19.614766 14.708876 7.180812 -20.208197 9.745099 -18.871633 -9.065168 8.381885 -53.501691 -43.719780 27.637502 -153.053235 -84.728002 177.746987 -10.852460 -18.236464 -6.484976 23.498761 4.322945 0.007492 30.349906 9.925508 -10.566151 -72.339716 49.119644 -55.715189 4.969012 6.953316 -2.486836 
17.518118 17.264688 87.288300 -113.072345 3.542109 84.415409 22.614339 10.569036 -11.427479 -11.460802 0.296680 38.844432 0.045164 7.915000 -30.095544 nan nan nan -19.702366 -15.552822 -12.698037 4.716518 -14.061122 32.738658 4.588957 -4.931764 -16.659248 nan nan nan -7.820907 4.865410 6.443247 10.005702 -5.700101 13.074619 3.430443 0.090687 -6.881347 3.185736 -19.687457 14.635196 7.137755 -20.135441 9.761940 -18.941884 -9.100794 8.387130 -53.550775 -43.686422 27.751380 -152.413192 -84.594210 177.249616 -10.479819 -17.802602 -6.036194 23.490039 4.300313 -0.031900 30.230805 9.907737 -10.519180 -72.301020 49.169471 -55.599421 4.709792 6.817871 -2.355276 
17.512524 17.257277 87.291252 -113.160800 3.577498 84.381613 22.628796 10.566220 -11.380880 -11.419092 0.303140 38.914011 0.061104 7.947170 -30.185765 nan nan nan -19.662749 -15.585703 -12.698758 4.705281 -14.012908 32.761746 4.569584 -4.859541 -16.696761 nan nan nan -7.810446 4.902608 6.424635 10.034601 -5.661091 13.131576 3.445470 0.071900 -6.913701 3.256180 -19.677971 14.556602 7.104234 -20.128128 9.611649 -18.956304 -9.084922 8.280771 -53.725166 -43.646846 27.987681 -152.132554 -84.514551 177.013756 -10.301413 -17.768537 -5.899418 23.478811 4.310847 -0.137641 30.126522 9.892447 -10.397809 -72.248743 49.170890 -55.514787 4.527764 6.817482 -2.336679 
17.513491 17.244379 87.293968 -113.205690 3.612112 84.341935 22.625912 10.543261 -11.371302 -11.327296 0.349186 39.001549 0.073940 7.920621 -30.238132 nan nan nan -19.626358 -15.581159 -12.664927 4.657392 -13.984898 32.769865 4.495169 -4.756266 -16.706943 nan nan nan -7.784927 4.928673 6.424170 10.043938 -5.644923 13.167260 3.456977 0.036215 -6.951095 3.336420 -19.666446 14.484825 7.070819 -20.182674 9.503891 -18.956996 -9.094347 8.141376 -53.955514 -43.532447 28.194505 -153.073572 -84.566881 177.917952 -10.621696 -18.116875 -6.156404 23.465611 4.374633 -0.288228 30.089080 9.850419 -10.244410 -72.197753 49.119260 -55.434331 4.834454 6.843887 -2.397503 
17.503618 17.215525 87.286285 -113.247956 3.626027 84.330972 22.595576 10.497703 -11.378834 -11.255491 0.401452 39.063258 0.127030 7.933233 -30.252449 nan nan nan -19.634305 -15.553597 -12.652203 4.667908 -13.971788 32.746526 4.490027 -4.647766 -16.681091 nan nan nan -7.762554 4.937499 6.370654 10.049376 -5.646830 13.235221 3.445791 0.023042 -7.036135 3.318085 -19.690549 14.419632 7.006898 -20.194662 9.646901 -18.968336 -9.109061 8.123000 -54.166842 -43.468245 28.345540 -153.588534 -84.625445 178.336500 -10.781609 -18.158909 -6.314947 23.486468 4.411614 -0.286843 30.015873 9.892093 -10.170643 -72.161648 49.041333 -55.419439 5.003440 6.825369 -2.354328 
17.484327 17.186018 87.270294 -113.302073 3.621366 84.317285 22.559182 10.464925 -11.353605 -11.179766 0.455646 39.078950 0.184235 7.956982 -30.291812 nan nan nan -19.662020 -15.579637 -12.646276 4.658215 -13.974613 32.737206 4.534664 -4.556254 -16.695965 nan nan nan -7.756138 4.939854 6.302854 10.052421 -5.656078 13.308570 3.427822 0.019365 -7.097814 3.244360 -19.697884 14.446623 7.000084 -20.147064 9.745069 -18.963967 -9.127247 8.196747 -54.261997 -43.469862 28.355569 -153.447514 -84.591394 178.184607 -10.801292 -18.047286 -6.177883 23.530583 4.437606 -0.176648 29.910810 10.018651 -10.244935 -72.137202 48.972463 -55.186333 5.102237 6.744883 -1.811175 
17.467299 17.162113 87.247696 -113.343847 3.607556 84.275269 22.529311 10.431359 -11.326192 -11.134703 0.484164 39.125007 0.208317 7.996297 -30.357601 nan nan nan -19.683532 -15.633084 -12.616723 4.597419 -13.950073 32.743791 4.588298 -4.486564 -16.749183 nan nan nan -7.767767 4.932729 6.286063 10.040418 -5.683606 13.334554 3.408456 0.043103 -7.089023 3.195420 -19.681394 14.424081 7.069316 -20.096275 9.756584 -18.928195 -9.118866 8.263430 -54.334005 -43.546738 28.317844 -152.853551 -84.525390 177.598883 -10.788430 -17.880197 -5.954563 23.625691 4.470572 -0.081967 29.755072 10.171891 -10.471490 -72.130064 48.969675 -54.985219 5.333409 6.682824 -1.026448 
17.463842 17.145084 87.223534 -113.391890 3.608755 84.230050 22.532410 10.424424 -11.310959 -11.133426 0.480496 39.185879 0.191657 8.048846 -30.443343 nan nan nan -19.680666 -15.667122 -12.588272 4.565639 -13.895306 32.744593 4.651828 -4.462474 -16.787088 nan nan nan -7.774649 4.921115 6.293550 10.032809 -5.698511 13.295843 3.391918 0.056834 -7.043411 3.247413 -19.631765 14.280342 6.996054 -20.098989 9.927118 -18.846240 -9.071426 8.235049 -54.489355 -43.591972 28.413467 -152.566044 -84.549188 177.284895 -10.779421 -17.818258 -6.152851 23.642892 4.513806 -0.050927 29.707966 10.270870 -10.460551 -72.099686 48.942301 -54.885787 5.323961 6.657612 -0.794365 
17.459011 17.141705 87.211861 -113.467131 3.617367 84.183559 22.545650 10.481154 -11.290002 -11.146249 0.469115 39.268139 0.163976 8.140960 -30.455334 nan nan nan -19.671950 -15.648212 -12.553891 4.577944 -13.867458 32.726487 4.652698 -4.474896 -16.787676 nan nan nan -7.795155 4.966456 6.250201 10.048212 -5.685452 13.392473 3.405405 0.053381 -7.126275 3.311071 -19.645289 14.189932 6.844053 -20.096089 10.083205 -18.905311 -9.133651 8.246362 -54.482301 -43.564857 28.499138 -153.283884 -84.646654 177.919255 -10.710008 -17.908819 -6.612733 23.585062 4.568731 -0.085820 29.712662 10.201512 -10.158756 -72.073195 48.909102 -54.969491 4.805250 6.696057 -1.335686 
17.449814 17.150726 87.202988 -113.488446 3.629294 84.164022 22.563687 10.517138 -11.305947 -11.167204 0.466768 39.338459 0.198093 8.138967 -30.460888 nan nan nan -19.696888 -15.635179 -12.500487 4.629289 -13.882408 32.697819 4.613458 -4.407048 -16.812591 nan nan nan -7.838654 5.033037 6.163156 10.071401 -5.672648 13.531464 3.441827 0.009731 -7.243743 3.366975 -19.627033 14.180085 6.766586 -20.092878 10.115900 -18.923048 -9.219328 8.312637 -54.488041 -43.565686 28.507914 -153.811126 -84.741297 178.433308 -10.706947 -18.156571 -6.695388 23.526936 4.598907 -0.105889 29.724555 10.106854 -9.961927 -72.053828 48.877020 -55.037809 4.575493 6.834424 -1.788036 
17.452915 17.139965 87.188942 -113.477793 3.647036 84.180684 22.577407 10.500653 -11.372388 -11.231196 0.475245 39.386927 0.289794 8.147765 -30.507433 nan nan nan -19.696148 -15.618412 -12.507278 4.654402 -13.894482 32.689270 4.559231 -4.400968 -16.795227 nan nan nan -7.846128 5.039781 6.129293 10.078682 -5.665819 13.501788 3.465813 -0.034700 -7.251625 3.346558 -19.628061 14.171004 6.711250 -20.022713 10.173315 -18.916599 -9.256095 8.366150 -54.519470 -43.567134 28.447901 -154.047959 -84.717141 178.697934 -10.914184 -18.179566 -6.539068 23.502814 4.592387 -0.095691 29.718084 10.151387 -9.964632 -72.028015 48.919947 -54.951604 4.870567 6.711324 -1.659078 
17.458672 17.123827 87.168633 -113.501089 3.656278 84.193684 22.608582 10.475057 -11.405715 -11.288339 0.531482 39.410605 0.368341 8.197579 -30.497590 nan nan nan -19.678920 -15.586366 -12.548549 4.658872 -13.889138 32.706610 4.519534 -4.419633 -16.795520 nan nan nan -7.863385 5.000942 6.151960 10.073592 -5.646809 13.380737 3.479697 -0.015994 -7.190688 3.341436 -19.637324 14.147798 6.707210 -19.957227 10.192240 -18.911835 -9.208397 8.304898 -54.638931 -43.554006 28.527767 -153.601122 -84.680877 178.266214 -11.055872 -18.069849 -6.310289 23.513423 4.547116 -0.115330 29.699017 10.261856 -10.001275 -71.990683 49.015876 -54.841940 5.338731 6.553464 -1.385148 
17.458120 17.115528 87.149872 -113.515490 3.679223 84.177842 22.656328 10.466621 -11.390435 -11.270913 0.556929 39.440301 0.351530 8.207872 -30.484282 nan nan nan -19.633600 -15.555173 -12.563287 4.627700 -13.884708 32.738122 4.518909 -4.461707 -16.852104 nan nan nan -7.875737 4.920780 6.198783 10.057103 -5.657307 13.171012 3.479704 0.069447 -6.995360 3.294756 -19.612068 14.214361 6.872431 -19.975954 10.056526 -18.913940 -9.172240 8.182509 -54.823677 -43.527331 28.672990 -152.783577 -84.690328 177.427896 -10.944055 -17.982025 -6.113126 23.578472 4.566357 -0.150417 29.635370 10.316652 -10.159690 -71.924815 49.138416 -54.783170 5.737103 6.541457 -1.194450 
17.458088 17.117367 87.145149 -113.515644 3.732090 84.133282 22.730544 10.467507 -11.349740 -11.223916 0.529375 39.495569 0.262628 8.185702 -30.441081 nan nan nan -19.584559 -15.578504 -12.524013 4.620633 -13.870798 32.775642 4.540315 -4.452009 -16.882265 nan nan nan -7.823346 4.857609 6.235280 10.036682 -5.678505 13.026547 3.460025 0.116739 -6.839434 3.268971 -19.603997 14.253326 6.912134 -20.003616 9.976359 -18.898152 -9.154766 8.123024 -54.981988 -43.487079 28.766195 -152.417247 -84.670478 177.135141 -10.729824 -17.794144 -6.038897 23.615510 4.596788 -0.219312 29.600485 10.355941 -10.305343 -71.817152 49.300302 -54.727046 5.906051 6.521636 -1.115476 
17.467148 17.127560 87.151711 -113.532643 3.756398 84.063168 22.775193 10.480952 -11.267020 -11.211118 0.477616 39.499345 0.175245 8.155367 -30.415659 nan nan nan -19.560850 -15.599313 -12.478992 4.616052 -13.799656 32.828648 4.483344 -4.387055 -16.883485 nan nan nan -7.819956 4.855381 6.284605 10.043448 -5.673517 13.027109 3.460230 0.112270 -6.854922 3.278996 -19.607272 14.239011 6.857104 -20.045375 10.009523 -18.883585 -9.106153 8.064367 -55.070763 -43.453564 28.893906 -152.293161 -84.657907 177.110228 -10.587461 -17.717526 -6.115580 23.664627 4.595462 -0.237098 29.516758 10.423555 -10.290472 -71.773225 49.289490 -54.586856 5.834794 6.597083 -0.848693 
17.479317 17.123579 87.157074 -113.549256 3.712811 84.046818 22.719752 10.473467 -11.243214 -11.189957 0.528273 39.491086 0.154877 8.161624 -30.511820 nan nan nan -19.615390 -15.617664 -12.512458 4.594576 -13.778728 32.922459 4.445028 -4.294849 -16.861943 nan nan nan -7.877481 4.906296 6.266846 10.040977 -5.672850 13.085363 3.455180 0.085671 -6.959725 3.277534 -19.592922 14.287738 6.882975 -20.026764 10.009198 -18.895234 -9.086433 7.983169 -55.088620 -43.399755 29.035101 -152.549888 -84.673099 177.368106 -10.648521 -17.778581 -6.288064 23.784205 4.603614 -0.243600 29.362134 10.406352 -10.236960 -71.837081 49.188902 -54.490029 5.978014 6.663657 -0.407636 
17.482260 17.124275 87.155792 -113.543122 3.719969 84.057176 22.717527 10.471144 -11.273060 -11.152545 0.578770 39.528021 0.135990 8.150233 -30.527823 nan nan nan -19.624534 -15.623018 -12.516690 4.598645 -13.797943 32.927951 4.404774 -4.257598 -16.831248 nan nan nan -7.902522 4.952903 6.215323 10.049103 -5.680542 13.168267 3.463633 0.040462 -7.097932 3.291213 -19.576502 14.347466 6.905030 -20.018793 10.051361 -18.859289 -9.112393 8.013201 -55.151194 -43.360168 29.104265 -153.039384 -84.684356 177.892663 -10.709446 -17.833339 -6.319682 23.825826 4.621792 -0.240980 29.300181 10.357713 -10.203811 -71.835201 49.139384 -54.427207 6.149172 6.715092 -0.204635 
17.483519 17.124792 87.145103 -113.507342 3.767856 84.052120 22.775904 10.461264 -11.325201 -11.189691 0.523293 39.606074 0.172829 8.126447 -30.506617 nan nan nan -19.609885 -15.637810 -12.491749 4.605253 -13.878298 32.945195 4.414924 -4.248891 -16.814634 nan nan nan -7.881367 4.943329 6.145188 10.058500 -5.722300 13.307865 3.455735 0.046402 -7.219452 3.246229 -19.568898 14.362155 6.867614 -20.025830 10.174608 -18.795311 -9.171964 8.120344 -55.196724 -43.353247 29.067314 -153.466806 -84.677424 178.307009 -10.733903 -17.776161 -6.243990 23.786295 4.666840 -0.226401 29.377336 10.359954 -10.219547 -71.886233 49.091723 -54.566995 6.323905 6.748525 -0.302285 
17.478580 17.119734 87.129959 -113.458980 3.797595 84.045431 22.808954 10.451434 -11.357230 -11.218484 0.483419 39.629797 0.157178 8.159377 -30.509139 nan nan nan -19.620029 -15.654265 -12.462021 4.603036 -13.980953 32.964295 4.459773 -4.259025 -16.876849 nan nan nan -7.887026 4.881544 6.074800 10.059137 -5.800857 13.327708 3.445496 0.087068 -7.155960 3.193506 -19.560960 14.333606 6.870088 -20.035277 10.256229 -18.795795 -9.178512 8.185877 -55.162748 -43.392727 28.966374 -153.125581 -84.624464 177.902555 -10.936598 -17.773683 -6.091734 23.780915 4.744700 -0.171952 29.435255 10.409577 -10.293086 -71.971126 49.110645 -54.799415 6.525256 6.757881 -0.446748 
17.483274 17.116590 87.119003 -113.456179 3.792674 84.066313 22.811575 10.452514 -11.399899 -11.224645 0.506815 39.649266 0.106321 8.215194 -30.514099 nan nan nan -19.612953 -15.621860 -12.499068 4.598127 -14.023650 32.974824 4.452076 -4.305166 -16.927910 nan nan nan -7.912500 4.839085 6.008037 10.050012 -5.853922 13.329495 3.413275 0.135132 -7.118886 3.162239 -19.557089 14.373218 6.934048 -19.996598 10.252831 -18.870800 -9.133087 8.240165 -55.066574 -43.446740 28.899496 -152.361093 -84.567353 177.081863 -10.932932 -17.740534 -5.990539 23.794034 4.728775 -0.114962 29.501507 10.498040 -10.277823 -72.018891 49.254144 -55.093756 6.372934 6.771591 -0.877305 
17.486267 17.120310 87.113693 -113.453640 3.800355 84.044987 22.836780 10.461194 -11.395153 -11.213305 0.539704 39.672895 0.093824 8.208949 -30.509392 nan nan nan -19.626088 -15.603275 -12.457894 4.644626 -14.033706 32.945649 4.453504 -4.290754 -16.944210 nan nan nan -7.919858 4.835853 5.979296 10.046809 -5.871480 13.388082 3.398722 0.146095 -7.149348 3.209964 -19.512699 14.394282 6.971477 -20.028036 10.172673 -18.861732 -9.125559 8.269079 -55.030719 -43.467681 28.894902 -152.084270 -84.563679 176.794052 -10.776663 -17.782408 -5.959658 23.765855 4.738544 -0.043657 29.567560 10.529415 -10.212273 -72.108710 49.251692 -55.372297 6.106597 6.907558 -1.375823 
17.498730 17.132782 87.117897 -113.447611 3.784088 84.034217 22.844237 10.472645 -11.394145 -11.214647 0.596214 39.671939 0.114914 8.147365 -30.443644 nan nan nan -19.670934 -15.578604 -12.442356 4.686286 -14.080684 32.948259 4.468301 -4.267240 -16.944200 nan nan nan -7.946183 4.816230 5.923768 10.011231 -5.884806 13.433012 3.377591 0.173888 -7.146759 3.226360 -19.487256 14.439011 6.980867 -20.125009 10.167292 -18.813806 -9.143041 8.266395 -54.991467 -43.448081 28.893852 -151.825355 -84.555265 176.523871 -10.690126 -17.835381 -5.933176 23.797956 4.777419 0.069713 29.566934 10.525924 -10.182116 -72.216329 49.163668 -55.459831 5.949225 7.008602 -1.458831 
17.510283 17.144539 87.128693 -113.465449 3.783148 84.039989 22.849088 10.492164 -11.401140 -11.209712 0.594251 39.678563 0.109828 8.102232 -30.378898 nan nan nan -19.676247 -15.543772 -12.479264 4.713339 -14.089321 32.992993 4.489275 -4.269764 -16.939737 nan nan nan -7.990480 4.854408 5.964025 10.020735 -5.795012 13.191489 3.431061 0.157323 -7.006267 3.183774 -19.556036 14.491000 7.010674 -20.152804 10.142477 -18.839975 -9.159188 8.212658 -55.064401 -43.403678 28.978672 -151.585834 -84.565701 176.159515 -10.762629 -17.974473 -6.256267 23.762484 4.729505 0.061807 29.576522 10.453085 -10.166375 -72.276180 49.216887 -55.521159 5.947390 7.022258 -1.614111 
17.514013 17.157007 87.147041 -113.472020 3.819192 84.074132 22.874980 10.517714 -11.406915 -11.197656 0.565028 39.640931 0.031150 8.083080 -30.418521 nan nan nan -19.595081 -15.505856 -12.493216 4.727915 -14.013936 32.945875 4.531471 -4.338924 -16.938890 nan nan nan -8.018728 5.018980 6.151450 10.105917 -5.568438 12.525983 3.569672 -0.025689 -6.703627 2.963828 -19.804530 14.576675 7.115824 -20.050220 10.089868 -18.999327 -9.182557 8.248297 -55.160580 -43.403000 29.055801 -151.089970 -84.612803 175.445010 -10.892757 -18.212270 -6.952491 23.679829 4.514642 -0.076475 29.534505 10.363189 -10.183565 -72.189433 49.457060 -55.378985 6.050703 6.962137 -1.680048 
17.519035 17.158140 87.159515 -113.456984 3.855315 84.050733 22.901853 10.524413 -11.361792 -11.180575 0.529975 39.616854 0.017858 8.099894 -30.486305 nan nan nan -19.545178 -15.488962 -12.434921 4.742696 -13.980622 32.893558 4.549149 -4.393682 -16.955482 nan nan nan -7.999054 5.129343 6.369418 10.165869 -5.418844 12.000212 3.647413 -0.188621 -6.464481 2.772865 -19.971689 14.658721 7.168487 -19.945051 10.017194 -19.138592 -9.107051 8.286305 -55.194006 -43.479949 29.099635 -150.033242 -84.617635 174.283843 -10.890892 -18.391570 -7.321644 23.623343 4.343387 -0.196847 29.484737 10.406447 -10.220930 -72.053736 49.626298 -55.164913 6.089909 6.873432 -1.660132 
17.538454 17.161861 87.153023 -113.453831 3.849605 83.976135 22.918324 10.500259 -11.278503 -11.168373 0.524853 39.609453 0.059633 8.074945 -30.530040 nan nan nan -19.562979 -15.477362 -12.390019 4.705341 -14.028305 32.959944 4.542266 -4.321948 -16.971592 nan nan nan -7.980966 5.024825 6.350248 10.112752 -5.567690 12.349514 3.535633 -0.029133 -6.668810 2.937842 -19.813753 14.591688 7.060948 -20.080432 9.991485 -19.065153 -8.932665 8.172270 -55.260257 -43.521115 29.188355 -149.552296 -84.559204 173.839947 -11.017606 -18.301696 -6.961711 23.747559 4.448144 -0.192361 29.411955 10.511698 -10.257875 -72.063675 49.523115 -55.040397 6.269063 6.889669 -1.243326 
17.562359 17.172243 87.141708 -113.423468 3.841085 83.928023 22.917081 10.446640 -11.248301 -11.155579 0.498827 39.605237 0.088859 8.060942 -30.541274 nan nan nan -19.601593 -15.493174 -12.358238 4.660855 -14.100401 33.038971 4.512236 -4.241906 -17.004139 nan nan nan -7.984969 4.862909 6.240183 10.049974 -5.761003 12.881284 3.405500 0.191907 -6.949787 3.119546 -19.674498 14.480715 6.947565 -20.245654 10.009818 -18.915174 -8.792224 8.086071 -55.377480 -43.574169 29.290243 -149.089069 -84.473749 173.550452 -11.198352 -18.017756 -6.216445 23.893863 4.567637 -0.125291 29.324285 10.653276 -10.299048 -72.131348 49.346876 -54.884014 6.496573 6.851587 -0.607010 
17.579641 17.189533 87.143654 -113.399315 3.833157 83.910098 22.905698 10.408684 -11.238982 -11.144975 0.497195 39.595451 0.114414 8.097433 -30.524722 nan nan nan -19.618139 -15.519513 -12.342835 4.643421 -14.116863 33.086689 4.458246 -4.192296 -17.019120 nan nan nan -8.015545 4.825108 6.101289 10.032244 -5.844218 13.246846 3.362182 0.245002 -7.106641 3.195884 -19.595750 14.439886 6.915518 -20.289572 9.982502 -18.821111 -8.756990 8.078565 -55.415227 -43.604773 29.329553 -148.964006 -84.420832 173.453866 -11.198484 -17.812273 -5.877413 23.917249 4.629978 -0.066478 29.325162 10.748065 -10.269973 -72.159832 49.288706 -54.992857 6.468913 6.851414 -0.679638 
17.591681 17.192978 87.144257 -113.388534 3.825638 83.921597 22.885182 10.389598 -11.271371 -11.138803 0.504094 39.608118 0.143525 8.115250 -30.474221 nan nan nan -19.631665 -15.527475 -12.363089 4.664938 -14.113894 33.087832 4.439356 -4.166311 -16.998180 nan nan nan -8.028247 4.844640 6.006219 10.028288 -5.856743 13.386099 3.354362 0.236481 -7.149221 3.190053 -19.554536 14.436533 6.925876 -20.262042 9.970772 -18.817559 -8.805531 8.083370 -55.342629 -43.595886 29.306780 -149.142972 -84.409856 173.577305 -11.058085 -17.751016 -5.910084 23.897611 4.670974 -0.058443 29.336962 10.734028 -10.213366 -72.155929 49.330680 -55.180912 6.290201 6.852067 -0.965307 
17.597523 17.191322 87.133240 -113.356497 3.786721 83.956365 22.814512 10.336893 -11.324943 -11.132925 0.490306 39.566225 0.181681 8.136031 -30.325223 nan nan nan -19.693283 -15.564548 -12.390284 4.729038 -14.124378 33.063688 4.434570 -4.223539 -16.939506 nan nan nan -8.086707 4.953569 5.801553 10.032052 -5.860227 13.636593 3.368907 0.201087 -7.224609 3.148920 -19.557246 14.380421 7.010617 -20.203343 9.918911 -18.861232 -9.128915 8.145526 -55.066388 -43.540695 29.202791 -150.319429 -84.462314 174.572315 -10.690737 -17.697306 -6.110566 23.836140 4.791762 -0.217629 29.338741 10.441909 -10.071191 -72.170571 49.465673 -55.640875 5.769229 6.752712 -1.450189 
17.598791 17.190296 87.126877 -113.332979 3.776914 83.978364 22.786811 10.312488 -11.355645 -11.108011 0.497830 39.544682 0.160679 8.188731 -30.332659 nan nan nan -19.712830 -15.575509 -12.406309 4.772698 -14.145764 33.049255 4.440408 -4.269744 -16.937089 nan nan nan -8.110780 4.997909 5.785587 10.041685 -5.839034 13.578106 3.386935 0.229205 -7.219238 3.140285 -19.640696 14.325619 7.044695 -20.221019 9.885321 -18.931916 -9.316253 8.218560 -54.992355 -43.467251 29.151289 -150.959729 -84.512308 175.151623 -10.663108 -17.794053 -6.235446 23.790355 4.865431 -0.385983 29.373626 10.153306 -10.005097 -72.282813 49.505779 -55.800443 5.703680 6.747465 -1.578521 
17.608025 17.191544 87.130264 -113.332187 3.788116 83.956856 22.794214 10.287325 -11.337323 -11.055706 0.505118 39.519552 0.146298 8.216082 -30.295943 nan nan nan -19.674044 -15.529809 -12.376709 4.758606 -14.164315 33.004569 4.407810 -4.320257 -16.974579 nan nan nan -8.145513 5.000892 5.798278 10.056458 -5.847486 13.646001 3.415575 0.262811 -7.286208 3.157511 -19.645270 14.331195 7.009619 -20.274107 9.813276 -18.969386 -9.369940 8.189927 -55.018951 -43.400490 29.175827 -151.410721 -84.529154 175.614568 -10.823757 -17.832429 -6.139847 23.736099 4.951102 -0.491895 29.418513 10.052080 -9.847654 -72.321425 49.385348 -55.890204 5.846089 6.828257 -1.903384 
17.617908 17.207153 87.136932 -113.350549 3.805271 83.878705 22.840455 10.280457 -11.232129 -11.050684 0.477182 39.475158 0.169382 8.192071 -30.247996 nan nan nan -19.636615 -15.486195 -12.290401 4.716877 -14.166263 32.987106 4.382925 -4.325498 -16.972258 nan nan nan -8.184649 4.981000 5.813588 10.064858 -5.864692 13.763471 3.433893 0.231451 -7.296079 3.217799 -19.543179 14.329352 6.915922 -20.284209 9.789781 -18.886573 -9.268077 8.091736 -55.197318 -43.382001 29.280666 -151.554783 -84.540499 175.734474 -11.011231 -17.789648 -5.942989 23.704562 4.972513 -0.465402 29.464772 10.259968 -9.713003 -72.266593 49.238728 -55.927173 6.123434 6.854444 -2.275514 
17.638704 17.224640 87.149422 -113.382635 3.796439 83.838295 22.860738 10.307219 -11.156204 -11.071069 0.470604 39.418360 0.181587 8.199234 -30.258699 nan nan nan -19.618323 -15.470695 -12.282809 4.671899 -14.150872 33.023543 4.376241 -4.302520 -16.954288 nan nan nan -8.224423 4.978991 5.813242 10.060579 -5.851603 13.804597 3.437911 0.202667 -7.269273 3.252083 -19.498234 14.294681 6.832903 -20.254196 9.846996 -18.884921 -9.167279 8.005040 -55.281648 -43.387898 29.369498 -150.952763 -84.500639 175.141636 -11.058278 -17.634926 -5.700884 23.801283 4.948542 -0.366226 29.354255 10.486277 -9.716273 -72.188215 49.191443 -55.864530 6.227821 6.798611 -2.187466 
17.668489 17.233725 87.155998 -113.381241 3.778010 83.867061 22.835359 10.336019 -11.186820 -11.109451 0.506522 39.373517 0.177847 8.249342 -30.336843 nan nan nan -19.623252 -15.471296 -12.336381 4.663248 -14.139948 33.038177 4.397048 -4.283228 -16.938690 nan nan nan -8.239152 4.990447 5.818901 10.041538 -5.828884 13.776570 3.417699 0.196570 -7.287234 3.238331 -19.570078 14.236822 6.827584 -20.232862 9.935637 -18.902249 -9.120308 7.991615 -55.313079 -43.410316 29.439341 -150.154271 -84.480005 174.389399 -10.898557 -17.601777 -5.733141 23.885147 4.891544 -0.310553 29.246919 10.606403 -9.785549 -72.083328 49.260437 -55.768123 5.909035 6.836698 -1.947188 
17.685556 17.241039 87.164444 -113.370537 3.769025 83.874093 22.819827 10.326178 -11.159135 -11.114093 0.604570 39.290980 0.177518 8.276611 -30.400650 nan nan nan -19.602649 -15.441041 -12.341874 4.623965 -14.116121 33.006583 4.417165 -4.263598 -16.900937 nan nan nan -8.227199 5.030288 5.836962 10.008388 -5.782912 13.783180 3.407741 0.182763 -7.364321 3.252785 -19.642621 14.156392 6.804658 -20.248285 10.069097 -18.924307 -9.139966 8.030942 -55.287890 -43.430294 29.424544 -149.654402 -84.508878 173.917752 -10.965515 -17.795136 -5.905359 23.900037 4.859912 -0.256527 29.219273 10.622720 -9.862068 -72.067500 49.271022 -55.873482 5.665734 6.978817 -1.895658 
17.700731 17.240952 87.171570 -113.361498 3.787315 83.890255 22.826844 10.309195 -11.169905 -11.036017 0.636856 39.295265 0.144513 8.266861 -30.354006 nan nan nan -19.544150 -15.393267 -12.363102 4.565964 -14.092855 33.004292 4.387267 -4.235690 -16.887958 nan nan nan -8.194655 5.024473 5.799625 9.992648 -5.762200 13.821880 3.396916 0.161980 -7.383445 3.289914 -19.576410 14.113090 6.769304 -20.274728 10.112136 -18.894410 -9.129251 8.036742 -55.391494 -43.413574 29.457206 -149.526025 -84.589457 173.822671 -10.967074 -17.971532 -5.997342 23.871295 4.891653 -0.204048 29.244234 10.650055 -9.836719 -72.105902 49.184074 -55.923871 5.604103 7.096037 -2.045430 
17.719109 17.247217 87.177628 -113.371062 3.797059 83.913957 22.831128 10.330061 -11.179668 -10.969176 0.540159 39.262956 0.120247 8.188190 -30.246111 nan nan nan -19.485251 -15.358790 -12.384005 4.513616 -14.080574 32.973153 4.368919 -4.208240 -16.901950 nan nan nan -8.196174 4.969893 5.761232 9.968247 -5.749898 13.823197 3.374696 0.172833 -7.359579 3.249005 -19.500016 14.247176 6.886323 -20.251273 9.974934 -18.875050 -9.072071 8.019829 -55.444376 -43.420511 29.492750 -148.939288 -84.606687 173.352236 -10.823837 -17.999082 -5.927298 23.863719 4.891019 -0.096556 29.259079 10.790458 -9.877900 -72.049506 49.158473 -55.777637 5.567395 7.165712 -2.063979 
17.731085 17.252134 87.183746 -113.400336 3.794982 83.906023 22.823710 10.363479 -11.143662 -10.962934 0.473067 39.186317 0.178384 8.172076 -30.262656 nan nan nan -19.459643 -15.363363 -12.387504 4.531883 -14.073282 32.935574 4.423334 -4.166477 -16.940542 nan nan nan -8.213821 4.950245 5.798379 9.961327 -5.728403 13.763320 3.372374 0.172423 -7.328255 3.185584 -19.449358 14.339442 6.984371 -20.142841 9.862603 -18.875896 -9.021162 8.027715 -55.455757 -43.429633 29.470729 -148.058299 -84.558158 172.588385 -10.679525 -17.966038 -5.737005 23.879464 4.870455 -0.037462 29.173531 10.931628 -10.019356 -71.874832 49.248165 -55.355787 5.526640 7.145425 -1.447502 
17.739723 17.245037 87.195351 -113.393941 3.768473 83.900382 22.770419 10.347639 -11.132486 -10.981015 0.447323 39.141399 0.257517 8.218738 -30.308815 nan nan nan -19.474912 -15.381844 -12.381730 4.542149 -14.068948 32.896669 4.457457 -4.197621 -16.919065 nan nan nan -8.203182 4.926461 5.792534 9.923648 -5.739792 13.778180 3.347861 0.179693 -7.314053 3.115190 -19.443715 14.324612 6.970738 -20.070262 9.941843 -18.948187 -9.033357 8.046004 -55.286248 -43.424407 29.343217 -147.588982 -84.489846 172.148377 -10.701151 -17.992283 -5.468390 23.928074 4.912610 0.022699 29.046701 10.999787 -10.188918 -71.768409 49.293100 -55.119986 5.664502 7.110066 -0.819103 
17.764469 17.240314 87.209152 -113.378488 3.754574 83.927120 22.727184 10.316090 -11.151743 -10.957450 0.449357 39.097751 0.247598 8.294308 -30.264033 nan nan nan -19.453552 -15.369603 -12.414677 4.518654 -14.012257 32.861794 4.505690 -4.287334 -16.865236 nan nan nan -8.206893 4.899501 5.797551 9.892624 -5.741337 13.723926 3.335273 0.209209 -7.275411 3.085421 -19.467827 14.268088 6.972362 -20.087681 10.077446 -18.970529 -9.064327 8.039488 -55.159562 -43.404560 29.305259 -147.557953 -84.464460 172.116158 -10.611622 -17.978533 -5.471595 23.956520 4.971288 0.080057 28.985114 11.003166 -10.222534 -71.779222 49.279875 -55.293067 5.660236 7.132946 -0.945227 
17.777262 17.243736 87.216560 -113.367607 3.749235 83.927354 22.709847 10.314695 -11.137912 -10.935597 0.478926 39.072620 0.191258 8.360905 -30.250874 nan nan nan -19.444720 -15.351608 -12.403801 4.525113 -13.977173 32.823158 4.513107 -4.344602 -16.874532 nan nan nan -8.202582 4.892288 5.831698 9.875315 -5.725686 13.671081 3.327179 0.226541 -7.259510 3.092769 -19.482052 14.220301 6.924204 -20.100730 10.142984 -18.952717 -9.067868 8.041080 -55.141948 -43.385933 29.324116 -147.690530 -84.460291 172.298499 -10.467153 -17.978929 -5.605037 23.932249 4.977100 0.090821 29.030430 11.007640 -10.157577 -71.816629 49.264707 -55.414990 5.417534 7.141345 -1.236039 
17.786121 17.245132 87.220619 -113.368227 3.726919 83.884724 22.693277 10.304736 -11.074812 -10.929061 0.510841 39.031827 0.128298 8.408975 -30.259670 nan nan nan -19.467132 -15.355888 -12.359706 4.549623 -13.940950 32.799594 4.502970 -4.353872 -16.896235 nan nan nan -8.193865 4.868468 5.863976 9.834427 -5.737897 13.721150 3.299704 0.255896 -7.284761 3.121869 -19.459605 14.172802 6.837929 -20.109474 10.159573 -18.941340 -9.059214 8.037916 -55.072861 -43.383093 29.302974 -147.794224 -84.446397 172.401551 -10.372898 -17.960022 -5.617116 23.905384 5.015527 0.142779 29.089351 11.059680 -10.102135 -71.880138 49.221110 -55.581697 5.143726 7.171368 -1.476953 
17.802116 17.233213 87.227654 -113.326477 3.662206 83.882557 22.609222 10.226763 -11.093799 -10.974123 0.509382 39.004411 0.155656 8.418338 -30.239889 nan nan nan -19.531998 -15.393976 -12.354471 4.545132 -13.934565 32.798125 4.443400 -4.332707 -16.919576 nan nan nan -8.225387 4.824012 5.863953 9.767806 -5.797117 13.832479 3.253902 0.313872 -7.375365 3.120480 -19.468388 14.158487 6.816683 -20.077747 10.191003 -18.935528 -9.035642 8.070490 -54.963365 -43.431584 29.261272 -147.738004 -84.410566 172.269787 -10.343723 -17.850845 -5.481372 23.900325 5.013858 0.196072 29.171301 11.161098 -10.065850 -71.924760 49.192006 -55.724422 4.974491 7.222032 -1.431036 
17.812378 17.223976 87.233620 -113.316681 3.658891 83.887834 22.597067 10.226740 -11.107501 -11.069750 0.438896 38.971623 0.274788 8.407321 -30.211165 nan nan nan -19.508547 -15.382509 -12.360807 4.506128 -13.935511 32.785766 4.433468 -4.350104 -16.912896 nan nan nan -8.241581 4.848179 5.845739 9.779521 -5.811307 13.926311 3.262241 0.294454 -7.443402 3.066984 -19.550607 14.180773 6.887849 -20.000107 10.134345 -18.950444 -9.054558 8.070260 -54.978684 -43.419433 29.263464 -148.054373 -84.412190 172.623891 -10.440829 -17.800825 -5.534753 23.851381 5.012607 0.084744 29.195685 11.188641 -10.021075 -71.855785 49.214611 -55.583946 5.203734 7.194979 -1.348035 
17.832981 17.212164 87.235367 -113.291614 3.656910 83.941540 22.568453 10.209698 -11.171649 -11.109480 0.434067 38.910989 0.317353 8.459902 -30.180044 nan nan nan -19.487675 -15.346931 -12.420752 4.473589 -13.993174 32.771747 4.427521 -4.376932 -16.897003 nan nan nan -8.270425 4.882255 5.779073 9.805830 -5.810570 13.971134 3.303314 0.245132 -7.454426 3.025226 -19.609850 14.202583 6.977323 -19.938363 9.987623 -18.961352 -9.106319 8.047964 -55.088794 -43.371794 29.295478 -148.815471 -84.447337 173.351085 -10.837317 -17.795993 -5.555956 23.775027 5.060133 -0.021264 29.174321 11.151897 -10.013677 -71.817063 49.212152 -55.524088 5.910345 7.196719 -1.314681 
17.852251 17.221889 87.245766 -113.244925 3.663472 83.976130 22.559588 10.170456 -11.218822 -11.074115 0.390848 38.874162 0.290019 8.485469 -30.177948 nan nan nan -19.478076 -15.346056 -12.412301 4.468348 -14.031595 32.723468 4.409295 -4.408922 -16.892032 nan nan nan -8.302259 4.875851 5.762780 9.820787 -5.816061 13.893765 3.350819 0.227526 -7.403113 2.988075 -19.588402 14.268978 7.011595 -19.930836 9.906752 -18.964022 -9.134982 8.051958 -55.159057 -43.306455 29.293287 -149.100065 -84.439859 173.602682 -11.165501 -17.868025 -5.630093 23.720195 5.099862 -0.019276 29.144116 11.116250 -10.026843 -71.821333 49.185490 -55.503776 6.271904 7.147792 -1.390233 
17.860945 17.226341 87.260994 -113.252717 3.641798 83.987710 22.523133 10.147968 -11.181425 -10.994544 0.408625 38.816300 0.177005 8.544533 -30.116358 nan nan nan -19.499962 -15.359527 -12.398605 4.517620 -13.994053 32.657640 4.386138 -4.430478 -16.818722 nan nan nan -8.306578 4.892436 5.793406 9.803380 -5.754329 13.760940 3.359967 0.218899 -7.331604 2.988068 -19.589583 14.245511 7.009388 -19.933549 9.957651 -18.988668 -9.160222 8.018172 -55.132216 -43.278602 29.344839 -148.672793 -84.421305 173.195165 -11.152017 -17.931925 -5.814682 23.696243 5.082181 -0.097630 29.128885 11.075501 -10.008343 -71.817339 49.140818 -55.508043 6.142388 7.099743 -1.527579 
17.872993 17.218826 87.280418 -113.285327 3.623405 83.976652 22.478002 10.131022 -11.124648 -10.918553 0.487666 38.798505 0.070667 8.589521 -30.154866 nan nan nan -19.516567 -15.353004 -12.371363 4.577450 -13.955044 32.579397 4.363906 -4.395371 -16.734429 nan nan nan -8.302272 4.904290 5.804839 9.777698 -5.705948 13.741420 3.357563 0.219146 -7.293315 3.069535 -19.581731 14.121508 6.986431 -19.973136 10.010215 -18.993213 -9.220484 7.990282 -55.119998 -43.251532 29.427987 -149.313797 -84.478472 173.799036 -11.040380 -17.864117 -5.752132 23.732038 5.136833 -0.196872 29.030969 10.978193 -9.899103 -71.842516 49.047811 -55.629627 6.226189 7.097268 -1.844486 
17.888178 17.212372 87.288925 -113.287692 3.618942 84.013658 22.477223 10.123429 -11.175353 -10.890564 0.555733 38.790751 0.134019 8.545471 -30.122966 nan nan nan -19.499562 -15.341824 -12.406620 4.564657 -13.993832 32.533049 4.344779 -4.370115 -16.730699 nan nan nan -8.320409 4.919650 5.731638 9.777219 -5.715750 13.861817 3.369711 0.232928 -7.375301 3.071108 -19.632037 14.087408 6.957997 -20.009300 10.012951 -19.021460 -9.262155 7.993325 -55.164291 -43.215281 29.432686 -149.754356 -84.522571 174.184954 -11.143072 -17.865913 -5.545341 23.748752 5.189334 -0.235675 28.921702 10.934085 -9.961620 -71.852046 49.018662 -55.679570 6.638237 7.065532 -1.696731 
17.909964 17.200308 87.290634 -113.282394 3.606464 84.047581 22.462560 10.139428 -11.233322 -10.909407 0.556863 38.754114 0.193337 8.477762 -30.105067 nan nan nan -19.457333 -15.340720 -12.461929 4.498546 -13.987056 32.497951 4.338079 -4.437757 -16.715298 nan nan nan -8.350792 4.941765 5.736577 9.796271 -5.714509 13.918097 3.393407 0.241190 -7.484103 3.032077 -19.653077 14.056744 6.964108 -20.005843 10.041454 -19.063686 -9.284864 8.001047 -55.183849 -43.188494 29.412897 -149.783592 -84.521952 174.272271 -11.287934 -17.975800 -5.608201 23.765806 5.196696 -0.242277 28.795402 10.937082 -10.143688 -71.924947 49.024499 -55.618012 6.652734 7.097510 -1.113208 
17.928024 17.188990 87.290802 -113.311029 3.604005 84.089045 22.470153 10.186145 -11.263732 -10.967675 0.522105 38.701150 0.197183 8.487466 -30.071669 nan nan nan -19.398095 -15.317197 -12.556734 4.444694 -13.950326 32.499005 4.289991 -4.516304 -16.704867 nan nan nan -8.369465 4.965901 5.672154 9.830056 -5.691950 14.075800 3.401470 0.222721 -7.617502 3.021609 -19.635615 14.013709 6.930173 -20.016932 10.047399 -19.093800 -9.293748 7.966922 -55.116331 -43.180876 29.432353 -149.447535 -84.487595 174.038417 -11.106930 -18.025137 -5.821942 23.677415 5.180835 -0.317100 28.822824 10.939326 -10.081832 -71.976578 48.997727 -55.785583 5.793386 7.263335 -1.391190 
17.936140 17.191349 87.296555 -113.308798 3.601771 84.087958 22.468957 10.193666 -11.264584 -10.972333 0.524344 38.694378 0.208886 8.482074 -30.069981 nan nan nan -19.397245 -15.317012 -12.559281 4.445175 -13.949482 32.493471 4.284907 -4.512917 -16.697941 nan nan nan -8.365794 4.968145 5.667259 9.825331 -5.691493 14.102042 3.394421 0.226054 -7.638979 3.019244 -19.633764 14.023429 6.925029 -20.011985 10.047110 -19.100303 -9.297683 7.959603 -55.106362 -43.170172 29.441178 -149.450417 -84.491656 174.043809 -11.082776 -18.025204 -5.844976 23.662188 5.185461 -0.326025 28.835363 10.933473 -10.043549 -71.982604 48.997999 -55.855385 5.737366 7.290235 -1.548631 
17.955030 17.177151 87.306206 -113.274632 3.611590 84.089141 22.483590 10.212515 -11.282553 -11.029134 0.607350 38.669188 0.284108 8.435753 -30.024310 nan nan nan -19.405741 -15.346452 -12.552892 4.464585 -13.983467 32.464896 4.279338 -4.467291 -16.614509 nan nan nan -8.283293 4.930402 5.673475 9.768347 -5.750868 14.148766 3.342609 0.332227 -7.676322 2.992157 -19.663740 14.097546 6.952325 -19.966663 9.991415 -19.150838 -9.445025 7.935688 -55.000010 -43.087368 29.424817 -150.060089 -84.553666 174.556679 -11.199264 -18.069221 -5.780190 23.574866 5.281125 -0.466541 28.864922 10.658315 -9.849091 -72.008732 49.070153 -56.204377 6.265036 7.354678 -2.244404 
17.977699 17.162849 87.310295 -113.176436 3.606533 84.158301 22.439714 10.150394 -11.430515 -11.076140 0.649470 38.712903 0.240949 8.447843 -29.976616 nan nan nan -19.425911 -15.392425 -12.589269 4.512789 -14.010679 32.446708 4.273025 -4.506766 -16.645299 nan nan nan -8.262114 4.927232 5.624793 9.743328 -5.851104 14.098688 3.314185 0.395714 -7.631033 2.932952 -19.728049 14.107658 7.015975 -19.910246 10.037831 -19.143844 -9.561239 7.969832 -54.895380 -43.105788 29.416817 -150.717405 -84.586711 175.096406 -11.247099 -18.035832 -5.893208 23.605566 5.332771 -0.562328 28.804989 10.535089 -9.768005 -72.036008 49.046175 -56.135478 6.610719 7.144233 -2.168589 
17.992159 17.148523 87.313507 -113.112591 3.588067 84.186634 22.394876 10.112253 -11.497805 -11.109386 0.614307 38.717721 0.259814 8.444694 -29.913472 nan nan nan -19.445369 -15.411485 -12.589196 4.524967 -14.004861 32.409214 4.277246 -4.539607 -16.644108 nan nan nan -8.252299 4.910305 5.635128 9.730751 -5.912779 14.051915 3.283842 0.378690 -7.597083 2.908002 -19.728314 14.087532 6.991934 -19.831433 10.119641 -19.099515 -9.530642 7.991129 -54.897163 -43.138017 29.412496 -150.931525 -84.571024 175.313303 -11.228246 -17.997344 -6.008707 23.633698 5.298336 -0.508789 28.779615 10.735141 -9.732439 -71.940475 49.011135 -55.736955 6.289040 6.851381 -1.758912 
17.998234 17.138285 87.318970 -113.120376 3.573590 84.163791 22.387202 10.136678 -11.457197 -11.118950 0.583717 38.692172 0.307097 8.456743 -29.936837 nan nan nan -19.434498 -15.414090 -12.560112 4.498058 -13.970337 32.361115 4.272787 -4.558136 -16.654775 nan nan nan -8.252312 4.896794 5.670045 9.715664 -5.930655 14.077018 3.248090 0.394977 -7.597070 3.007652 -19.667162 13.958708 6.951566 -19.822516 10.201954 -19.063675 -9.451692 7.978218 -54.975324 -43.211991 29.483107 -150.687123 -84.543933 175.069702 -11.110097 -17.904085 -6.111215 23.667214 5.276570 -0.365424 28.740172 10.936556 -9.701099 -71.878022 48.854045 -55.507823 5.784016 6.615109 -1.644548 
18.009533 17.134701 87.324280 -113.105526 3.572145 84.183790 22.388224 10.159227 -11.478416 -11.069594 0.555117 38.677062 0.317123 8.402954 -29.955995 nan nan nan -19.421894 -15.424260 -12.564133 4.466556 -14.010302 32.345896 4.242602 -4.575251 -16.648923 nan nan nan -8.278865 4.883842 5.665906 9.749577 -5.932921 14.093196 3.235812 0.371139 -7.634699 3.102762 -19.604587 13.833820 6.889147 -19.906652 10.356583 -19.006237 -9.329808 7.998875 -55.080984 -43.327457 29.575852 -150.346787 -84.502835 174.659208 -11.039376 -17.797354 -6.191445 23.696526 5.258915 -0.224479 28.670682 11.127963 -9.695551 -71.908438 48.630926 -55.454381 5.363046 6.455834 -1.484659 
17.996496 17.129477 87.333870 -113.096991 3.564308 84.180589 22.369485 10.143331 -11.432494 -11.021842 0.515991 38.616556 0.285746 8.394247 -29.959622 nan nan nan -19.483286 -15.443619 -12.494268 4.526433 -14.027113 32.277355 4.244003 -4.538560 -16.567447 nan nan nan -8.309327 4.918147 5.680165 9.796202 -5.860080 14.070620 3.297123 0.305216 -7.674811 3.031240 -19.683485 13.832265 6.856217 -19.885017 10.395033 -19.047364 -9.294847 8.043733 -55.190358 -43.363296 29.631625 -149.861565 -84.516314 174.112895 -11.022616 -17.885565 -6.264511 23.588407 5.185734 -0.274113 28.509427 11.049261 -9.869019 -71.751484 48.731419 -55.250253 5.544917 6.569299 -1.341393 
17.991093 17.139174 87.347954 -113.094294 3.529233 84.164698 22.328626 10.131579 -11.378992 -11.005670 0.529498 38.546998 0.359196 8.383737 -29.965775 nan nan nan -19.558448 -15.443211 -12.414460 4.564896 -14.064504 32.192790 4.255788 -4.436395 -16.498716 nan nan nan -8.357649 4.971940 5.631462 9.815396 -5.808486 14.271733 3.356293 0.238922 -7.867246 2.957343 -19.720895 13.951321 6.873280 -19.859031 10.247273 -19.089652 -9.287253 8.031859 -55.305674 -43.317566 29.779424 -150.162730 -84.588487 174.385841 -11.062342 -17.965597 -6.237414 23.457077 5.159605 -0.411574 28.583835 10.927016 -9.754718 -71.772064 48.654097 -55.735973 5.953973 7.148089 -2.310281 
18.011269 17.145824 87.360626 -113.086942 3.492988 84.167017 22.283608 10.165941 -11.390874 -11.034037 0.517532 38.515666 0.467748 8.481200 -30.013973 nan nan nan -19.565430 -15.453754 -12.432769 4.566318 -13.992755 32.188392 4.258926 -4.486439 -16.487799 nan nan nan -8.410320 4.983014 5.581309 9.816850 -5.813639 14.333531 3.348898 0.248843 -7.857247 2.914238 -19.765304 13.954930 6.886685 -19.808121 10.274625 -19.078703 -9.372344 8.043831 -55.124670 -43.353738 29.686758 -149.625282 -84.526977 173.847466 -10.727627 -17.796528 -6.351958 23.443982 5.153668 -0.470295 28.682714 11.015919 -9.706186 -71.568946 48.806272 -55.438669 5.271879 6.820744 -2.007660 
18.012403 17.148298 87.364861 -113.082000 3.489918 84.165644 22.277380 10.173963 -11.391575 -11.031232 0.512517 38.516351 0.480206 8.486336 -30.005368 nan nan nan -19.559675 -15.453369 -12.437722 4.559691 -13.984907 32.193762 4.257290 -4.504529 -16.496377 nan nan nan -8.415252 4.986904 5.575996 9.817656 -5.810277 14.337782 3.350796 0.255549 -7.851147 2.915436 -19.773417 13.948501 6.897720 -19.804843 10.280816 -19.085288 -9.399876 8.047117 -55.088728 -43.351899 29.668824 -149.693439 -84.524341 173.927683 -10.672608 -17.791936 -6.385374 23.444314 5.158702 -0.481792 28.691093 11.013166 -9.692632 -71.550562 48.799019 -55.449196 5.134467 6.794530 -2.041838 
18.017153 17.146053 87.368279 -113.090764 3.491124 84.180279 22.255719 10.230378 -11.417400 -10.993902 0.509068 38.523498 0.487690 8.455811 -29.879161 nan nan nan -19.493555 -15.431859 -12.494376 4.471395 -13.957144 32.215767 4.263919 -4.578432 -16.521980 nan nan nan -8.425379 4.992893 5.536292 9.812785 -5.782986 14.362453 3.360492 0.277095 -7.836900 2.923423 -19.769347 13.967865 6.984196 -19.808811 10.261184 -19.114028 -9.525668 8.075668 -54.959167 -43.359875 29.602082 -149.756881 -84.525693 174.122567 -10.485955 -17.866842 -6.488745 23.432083 5.179623 -0.448478 28.686041 11.018526 -9.679408 -71.515429 48.649780 -55.574216 4.327430 6.827657 -2.333626 
18.003613 17.133720 87.364960 -113.095184 3.473006 84.178788 22.238508 10.241864 -11.401960 -11.023486 0.476987 38.501171 0.468612 8.436543 -29.806551 nan nan nan -19.494986 -15.442320 -12.491066 4.447139 -13.924977 32.189057 4.264630 -4.593507 -16.537794 nan nan nan -8.421575 4.976854 5.518384 9.791800 -5.778476 14.313059 3.347403 0.323476 -7.777597 2.878992 -19.766386 14.029533 7.043374 -19.761269 10.273841 -19.155911 -9.561756 8.135092 -54.884551 -43.437367 29.532583 -149.255962 -84.495797 173.591200 -10.686906 -17.843319 -6.393574 23.461989 5.180687 -0.350925 28.602586 11.042251 -9.805350 -71.414700 48.681837 -55.330610 4.457984 6.669452 -1.962559 
17.967596 17.146616 87.345734 -113.148448 3.502247 84.134118 22.289620 10.216974 -11.325718 -10.997042 0.472970 38.555654 0.413212 8.517738 -29.851340 nan nan nan -19.487566 -15.414814 -12.469784 4.467341 -13.926413 32.248921 4.292446 -4.590598 -16.578948 nan nan nan -8.408537 4.953841 5.556667 9.790322 -5.770702 14.202628 3.347068 0.335470 -7.656684 2.895256 -19.787532 13.992351 7.012313 -19.799779 10.303804 -19.123813 -9.463465 8.124245 -54.962790 -43.438130 29.498803 -149.091958 -84.491212 173.400852 -10.811682 -17.779331 -6.179684 23.546067 5.138278 -0.342655 28.586960 11.063677 -9.875949 -71.350402 48.869848 -55.254441 5.050014 6.593808 -1.917956 
