HIERARCHY
ROOT Hips
{
	OFFSET -0.179506 -22.333345 2.821913
	CHANNELS 6 Xposition Yposition Zposition Zrotation Yrotation Xrotation 
	JOINT LeftUpLeg
	{
		OFFSET 6.951974 -9.140623 -0.681533
		CHANNELS 3 Zrotation Yrotation Xrotation
		JOINT LeftLeg
		{
			OFFSET 3.427654 -37.519855 -0.449580
			CHANNELS 3 Zrotation Yrotation Xrotation
			JOINT LeftFoot
			{
				OFFSET -1.359570 -39.796059 -4.369333
				CHANNELS 3 Zrotation Yrotation Xrotation
				JOINT LeftToe
				{
					OFFSET 2.635814 -5.579078 11.928840
					CHANNELS 3 Zrotation Yrotation Xrotation
					End Site
					{
						OFFSET 0.000000 0.000000 0.000000
					}
				}
			}
		}
	}
	JOINT RightUpLeg
	{
		OFFSET -6.767048 -9.052170 -0.431982
		CHANNELS 3 Zrotation Yrotation Xrotation
		JOINT RightLeg
		{
			OFFSET -3.829005 -38.256897 -0.885003
			CHANNELS 3 Zrotation Yrotation Xrotation
			JOINT RightFoot
			{
				OFFSET 1.577377 -39.841461 -4.231180
				CHANNELS 3 Zrotation Yrotation Xrotation
				JOINT RightToe
				{
					OFFSET -2.537174 -4.814398 12.334795
					CHANNELS 3 Zrotation Yrotation Xrotation
					End Site
					{
						OFFSET 0.000000 0.000000 0.000000
					}
				}
			}
		}
	}
	JOINT Spine
	{
		OFFSET -0.253288 10.896323 -2.669631
		CHANNELS 3 Zrotation Yrotation Xrotation
		JOINT Spine1
		{
			OFFSET 0.548704 13.518043 0.109247
			CHANNELS 3 Zrotation Yrotation Xrotation
			JOINT Spine2
			{
				OFFSET 0.145701 5.292222 2.542457
				CHANNELS 3 Zrotation Yrotation Xrotation
				JOINT Neck
				{
					OFFSET -0.277840 21.387037 -4.285703
					CHANNELS 3 Zrotation Yrotation Xrotation
					JOINT Head
					{
						OFFSET 0.515184 6.496960 5.134897
						CHANNELS 3 Zrotation Yrotation Xrotation
						End Site
						{
							OFFSET 0.000000 0.000000 0.000000
						}
					}
				}
				JOINT LeftShoulder
				{
					OFFSET 7.884473 12.174932 -3.408961
					CHANNELS 3 Zrotation Yrotation Xrotation
					JOINT LeftArm
					{
						OFFSET 9.097692 3.046888 -0.886815
						CHANNELS 3 Zrotation Yrotation Xrotation
						JOINT LeftForeArm
						{
							OFFSET 25.961220 -1.277207 -2.745643
							CHANNELS 3 Zrotation Yrotation Xrotation
							JOINT LeftHand
							{
								OFFSET 24.923361 0.898606 -0.117091
								CHANNELS 3 Zrotation Yrotation Xrotation
								End Site
								{
									OFFSET 0.000000 0.000000 0.000000
								}
							}
						}
					}
				}
				JOINT RightShoulder
				{
					OFFSET -8.175920 11.883285 -3.861528
					CHANNELS 3 Zrotation Yrotation Xrotation
					JOINT RightArm
					{
						OFFSET -9.601238 3.255117 -0.914307
						CHANNELS 3 Zrotation Yrotation Xrotation
						JOINT RightForeArm
						{
							OFFSET -25.374195 -1.332924 -2.140099
							CHANNELS 3 Zrotation Yrotation Xrotation
							JOINT RightHand
							{
								OFFSET -25.529810 0.777228 -0.555919
								CHANNELS 3 Zrotation Yrotation Xrotation
								End Site
								{
									OFFSET 0.000000 0.000000 0.000000
								}
							}
						}
					}
				}
			}
		}
	}
}
MOTION
Frames: 294
Frame Time: 0.033333
-49.036030 114.464790 90.441795 131.181621 -1.335751 90.542253 12.058060 9.595757 -11.819962 -1.473360 17.580634 14.076751 4.339751 13.410443 -8.128671 nan nan nan -12.558368 -3.641283 -8.465562 -0.227934 -4.168302 19.475369 5.821279 0.596111 -5.736089 nan nan nan 0.314397 0.796229 -0.352168 -1.556039 -4.496765 8.037862 -4.094630 1.077292 -3.950042 4.840549 18.504322 20.943869 -4.162485 15.985626 15.868400 -16.011331 -1.694006 -5.977495 -46.678392 -13.283150 8.187863 136.277973 -45.849143 -103.804671 14.349831 -11.675747 -6.876769 14.681432 14.618767 1.487429 63.188191 31.850715 27.957293 -171.460452 70.004088 -149.738459 -7.519822 12.608391 -20.279246 
-49.033829 114.500992 90.448029 131.132578 -1.226095 90.745911 12.259296 9.248816 -11.971018 -1.065232 19.339604 14.172257 4.198962 12.226298 -8.391514 nan nan nan -12.535834 -2.964826 -8.632743 -0.349302 -5.436325 19.482764 5.796197 2.147328 -6.417535 nan nan nan 0.236185 1.088681 -0.750478 -1.423473 -4.271179 8.866872 -3.976295 0.882544 -5.084579 6.823952 19.380886 22.457703 -4.763067 14.134505 16.125725 -16.158390 -1.598536 -7.172585 -54.987952 -17.597244 10.669421 132.705127 -42.864011 -97.722383 3.340259 -14.575506 -4.183899 15.109555 13.857270 1.110131 69.398032 28.984608 30.485669 -162.280775 69.313497 -138.016566 1.539275 14.753710 -19.696795 
-49.052387 114.499565 90.434578 131.103930 -1.208726 90.800487 12.251959 9.238337 -12.072208 -1.007177 19.299620 14.242208 4.227243 12.305474 -8.450646 nan nan nan -12.521329 -2.915231 -8.784805 -0.283182 -5.370449 19.590617 5.804686 2.217843 -6.478094 nan nan nan 0.320769 1.051196 -0.743387 -1.420703 -4.258539 8.761495 -3.978499 0.876851 -5.070387 6.702474 19.400632 22.545929 -4.785661 14.238281 16.031514 -16.042984 -1.437267 -7.184073 -54.789413 -17.081908 10.667543 132.878597 -43.180059 -98.057615 3.963765 -14.688727 -4.520991 14.859380 13.862405 1.023604 69.033457 29.041112 30.449474 -162.753923 69.373748 -139.115920 1.204875 15.048658 -20.766903 
-49.040623 114.492599 90.417191 131.093821 -1.060210 90.643039 12.436814 9.265640 -11.825898 -1.080972 19.080366 14.172414 4.289823 12.419259 -8.157817 nan nan nan -12.389213 -2.774281 -8.451864 0.034226 -4.973709 19.381598 5.711905 2.548698 -6.697116 nan nan nan 0.252494 0.957381 -0.488611 -0.969631 -4.327757 8.776913 -3.639431 0.707181 -4.283002 5.978598 19.301683 21.339086 -6.456157 13.917263 14.602398 -15.402118 -0.830738 -7.358942 -54.343676 -15.547308 9.935451 134.313597 -44.023934 -99.613693 6.415158 -14.698011 -4.905572 15.571060 14.404765 0.431131 68.371335 29.338750 30.396531 -164.531223 69.026776 -142.596828 0.569983 14.737100 -20.807158 
-49.037601 114.622292 90.411133 131.170380 -0.647688 90.433765 12.921329 9.541876 -11.702576 -1.138619 19.044909 14.270552 3.946176 12.324938 -8.187515 nan nan nan -12.032501 -2.525767 -8.120150 0.202864 -5.122903 19.114615 5.442345 3.072625 -7.093660 nan nan nan -0.307332 1.284458 -1.071760 -0.355104 -4.656771 9.978348 -2.562765 0.440329 -4.274530 5.788826 19.221317 21.736706 -7.031063 14.056582 13.589286 -16.322753 -3.938342 -5.175392 -56.041003 -15.739161 8.014515 134.759942 -41.297559 -98.872713 4.331011 -15.775737 -2.726403 15.053559 16.424169 -0.004921 67.288810 27.977364 28.807238 -163.267168 68.236043 -140.700983 2.461095 15.501982 -20.287906 
-49.025223 114.693352 90.370239 131.112269 -0.713555 90.427904 12.866535 9.723071 -11.714240 -1.205743 19.316585 14.241853 3.847104 12.187622 -8.155625 nan nan nan -12.158851 -2.696122 -8.271105 -0.076062 -5.386735 19.221237 5.166907 2.930172 -7.796518 nan nan nan -0.239040 1.246567 -0.963047 -0.415427 -4.604765 10.043743 -2.631621 0.442902 -4.488438 6.016113 19.307610 21.631109 -7.153762 14.031765 13.764858 -16.421985 -3.575208 -5.104209 -56.177636 -15.941073 8.229576 135.026752 -41.904951 -98.556712 4.748233 -15.720806 -0.368342 15.032915 16.242816 -0.003855 67.809762 28.116769 29.170803 -163.084419 68.552944 -140.339890 2.307232 15.849704 -19.503423 
-48.993549 114.756226 90.352585 131.102714 -0.759437 90.302022 12.833436 9.826621 -11.555921 -1.329541 19.140830 14.117521 3.876076 12.311309 -8.113785 nan nan nan -12.218854 -2.910607 -8.217162 -0.350441 -5.481940 19.272931 5.061920 2.483618 -7.921463 nan nan nan -0.236259 1.124547 -0.767959 -0.358792 -4.595038 9.701588 -2.663066 0.486972 -4.143568 5.766517 19.328901 21.540419 -7.220452 14.270222 13.463066 -15.996128 -2.969141 -4.718393 -55.274276 -14.733337 7.881184 135.889725 -43.225068 -99.426083 7.618390 -15.575866 -0.622652 15.028420 16.047742 0.126698 67.866475 28.624151 29.045068 -164.111723 69.082226 -141.505146 0.892285 15.934384 -19.134530 
-48.958050 114.800285 90.333931 131.071366 -0.787222 90.219892 12.844750 9.829877 -11.398006 -1.352769 19.159300 14.049345 3.822466 12.227450 -8.138541 nan nan nan -12.287871 -2.997163 -8.168685 -0.441199 -5.595067 19.363190 4.919928 2.382254 -8.189508 nan nan nan -0.173708 1.087008 -0.638871 -0.428280 -4.581805 9.657133 -2.711895 0.482529 -4.171289 5.868158 19.397277 21.435965 -7.232652 14.293191 13.609414 -16.039833 -2.928480 -4.787917 -55.381711 -14.766439 7.999524 135.842142 -43.259269 -99.361789 7.590424 -15.647936 -0.369582 15.004409 16.047571 0.130175 68.110701 28.640421 29.192447 -163.919013 69.152874 -141.285520 1.269302 16.064125 -18.959272 
-49.047630 114.830009 90.309563 131.014598 -0.768961 90.344974 12.790513 9.754364 -11.589681 -1.250400 19.272771 14.103733 3.801693 12.191420 -8.044287 nan nan nan -12.394043 -2.868278 -8.421824 -0.080128 -5.433407 19.462954 4.846849 2.767760 -8.752500 nan nan nan 0.067125 1.020283 -0.579384 -0.521327 -4.555717 9.547637 -2.759827 0.488200 -4.202506 5.832542 19.438315 21.445527 -7.397509 14.300374 13.397754 -16.129885 -2.899020 -4.892467 -55.573508 -14.797019 8.058289 135.823395 -43.256564 -99.208120 7.293803 -15.951256 -0.052222 14.682429 16.050350 -0.075817 68.565360 28.563352 29.402845 -163.911112 69.198095 -141.459594 1.549507 16.254994 -19.170304 
-49.023205 114.833931 90.277245 131.010015 -0.756344 90.329125 12.851540 9.782842 -11.573941 -1.249849 19.313804 14.150793 3.824210 12.122842 -8.085843 nan nan nan -12.368764 -2.837813 -8.381587 0.031359 -5.361691 19.431541 4.920270 2.929948 -8.677791 nan nan nan 0.092681 0.984067 -0.522986 -0.527301 -4.555249 9.484027 -2.782943 0.482450 -4.165780 5.896137 19.496013 21.351589 -7.446134 14.221997 13.431948 -16.064722 -2.865241 -4.900248 -55.666035 -14.887432 8.117565 135.821208 -43.280324 -99.177362 7.264877 -16.009876 -0.077838 14.611921 16.037901 -0.100423 68.885562 28.553315 29.566029 -164.082097 69.191317 -141.519375 1.513357 16.238602 -19.186434 
-49.003624 114.841118 90.251518 130.981335 -0.742645 90.254272 12.900837 9.853993 -11.473503 -1.235200 19.324700 14.188837 3.846060 12.113961 -8.120322 nan nan nan -12.335602 -2.839020 -8.295992 -0.014691 -5.320288 19.451061 4.890190 2.893135 -8.766491 nan nan nan 0.125755 0.970229 -0.430990 -0.544314 -4.538134 9.481678 -2.790258 0.491012 -4.151108 5.938486 19.556199 21.275139 -7.474644 14.176686 13.453184 -16.024425 -2.922878 -4.876327 -55.700009 -14.936627 8.099481 135.844272 -43.269711 -99.083949 7.253722 -16.030700 -0.098673 14.545100 16.067709 -0.115326 69.094208 28.495961 29.635634 -164.293437 69.145250 -141.590046 1.466733 16.208391 -19.247111 
-48.975334 114.850105 90.276146 130.945277 -0.383517 90.125881 13.283048 10.417526 -11.485274 -1.245479 18.603067 14.453343 3.271824 12.251817 -7.979524 nan nan nan -12.092611 -2.109669 -7.892474 2.400747 -2.162271 19.654313 2.023496 4.956520 -22.399127 nan nan nan 0.813889 1.049453 -0.301532 -0.952967 -4.730762 9.692083 -2.547328 0.441583 -4.252370 5.123025 19.423015 21.381318 -7.330162 14.744482 12.664388 -16.254958 -2.787790 -4.829469 -55.818760 -15.175681 7.530899 135.959147 -43.420027 -98.846614 6.498859 -16.631743 0.503024 13.886544 16.080037 -0.452208 69.880018 28.448014 30.007087 -164.018403 69.367310 -141.692735 1.898046 17.223904 -20.142598 
-48.929554 114.875092 90.255234 130.995827 -0.385888 90.060722 13.357239 10.400395 -11.443527 -1.274985 18.572219 14.547246 3.272372 12.294745 -8.056233 nan nan nan -12.083204 -2.107483 -7.643497 2.399073 -2.155186 19.406167 2.167358 4.853284 -22.247009 nan nan nan 0.797714 1.049131 -0.298545 -0.959873 -4.760413 9.631879 -2.548677 0.433471 -4.078756 5.171413 19.370000 21.216565 -7.373714 14.738242 12.781617 -16.161400 -2.748917 -4.812841 -55.960821 -15.302147 7.548928 135.989743 -43.561524 -98.724757 6.691068 -16.641682 0.557820 13.791232 16.054670 -0.504750 70.176544 28.484838 30.066306 -164.092101 69.392404 -141.652212 1.849325 17.139691 -20.071287 
-48.903622 114.894531 90.255241 131.015911 -0.373990 90.086532 13.414015 10.388632 -11.493435 -1.312588 18.572411 14.616648 3.287931 12.359909 -8.116432 nan nan nan -12.066865 -2.052028 -7.573808 2.415509 -2.084170 19.300738 2.224216 4.806969 -22.073579 nan nan nan 0.828854 1.024832 -0.340871 -0.964794 -4.776461 9.564341 -2.580485 0.428731 -3.998997 5.225184 19.355232 21.153669 -7.406468 14.784635 12.827012 -16.142633 -2.668378 -4.827061 -55.929446 -15.285398 7.589900 136.060327 -43.686185 -98.773720 6.928852 -16.588715 0.523969 13.717966 15.987255 -0.508949 70.386246 28.553359 30.151495 -164.242737 69.457969 -141.763602 1.738248 17.087820 -20.099487 
-48.887466 114.916740 90.249290 130.993147 -0.379468 90.114276 13.474419 10.395012 -11.500133 -1.401687 18.637788 14.644050 3.299446 12.308682 -8.156932 nan nan nan -12.077535 -1.992356 -7.544064 2.460031 -1.985329 19.247230 2.252048 4.827374 -21.956423 nan nan nan 0.877546 1.013762 -0.403983 -0.994928 -4.757237 9.552779 -2.636252 0.438898 -3.954544 5.324647 19.380328 21.069650 -7.481196 14.711452 12.948553 -16.092456 -2.645099 -4.863706 -55.975106 -15.302462 7.678381 136.023145 -43.749754 -98.744686 7.077500 -16.695667 0.509170 13.631680 15.981833 -0.485846 70.498498 28.589825 30.226651 -164.299876 69.476713 -141.785918 1.577447 17.104919 -20.183657 
-48.868748 114.927231 90.230026 131.003466 -0.376538 90.099588 13.537443 10.399583 -11.493116 -1.468100 18.667266 14.677504 3.298949 12.216111 -8.213067 nan nan nan -12.077522 -1.947633 -7.466941 2.496617 -1.958407 19.188444 2.274795 4.814872 -21.931349 nan nan nan 0.919359 0.997275 -0.384530 -1.025585 -4.763364 9.549474 -2.673833 0.423722 -3.960223 5.361356 19.396620 21.004131 -7.510192 14.600646 12.962260 -16.011453 -2.686293 -4.863231 -56.088596 -15.341078 7.737765 135.907451 -43.680196 -98.581439 6.972039 -16.796246 0.455880 13.486100 16.001255 -0.529690 70.599709 28.553212 30.316534 -164.342475 69.453363 -141.677737 1.434759 17.155170 -20.318986 
-48.850761 114.931976 90.200050 131.034548 -0.398840 90.102525 13.544241 10.384435 -11.581974 -1.449750 18.675454 14.844812 3.325249 12.185250 -8.266522 nan nan nan -12.094185 -1.987497 -7.429324 2.522294 -1.983384 19.184590 2.232147 4.729552 -22.028237 nan nan nan 0.922619 0.981998 -0.403319 -1.069260 -4.805468 9.567023 -2.705959 0.385295 -3.967607 5.418119 19.412235 20.890022 -7.495837 14.589680 13.058293 -15.924190 -2.710402 -4.899090 -56.112628 -15.370556 7.778876 135.831688 -43.638840 -98.426607 6.881761 -16.774857 0.532752 13.332249 16.015011 -0.608181 70.667192 28.536542 30.463217 -164.366615 69.468654 -141.599502 1.243835 17.167959 -20.514414 
-48.833397 114.949547 90.173927 131.061270 -0.408534 90.068925 13.558484 10.360984 -11.639032 -1.434991 18.602110 15.019546 3.385042 12.232509 -8.330783 nan nan nan -12.104287 -2.025957 -7.355593 2.578545 -2.033266 19.173755 2.227372 4.570858 -22.141695 nan nan nan 0.938359 0.972176 -0.377646 -1.103673 -4.829206 9.544908 -2.727380 0.361420 -3.941016 5.449765 19.410164 20.758049 -7.476107 14.650099 13.156127 -15.894574 -2.706877 -4.952959 -56.150214 -15.445119 7.859618 135.797293 -43.701314 -98.314414 6.977006 -16.684974 0.656247 13.213023 15.986853 -0.690450 70.759028 28.514383 30.578123 -164.453928 69.468024 -141.675396 1.061451 17.120221 -20.775904 
-48.824570 114.978287 90.164131 131.056710 -0.405548 90.068873 13.578740 10.381245 -11.728578 -1.455178 18.545760 15.207586 3.461788 12.296843 -8.450139 nan nan nan -12.114289 -1.987320 -7.347175 2.568051 -1.985409 19.147545 2.304905 4.598680 -22.049100 nan nan nan 0.977248 0.966421 -0.367207 -1.122948 -4.825871 9.505256 -2.758597 0.368829 -3.949855 5.477335 19.413858 20.748983 -7.451124 14.673418 13.133107 -15.896977 -2.694544 -4.985660 -56.173539 -15.441417 7.928617 135.812591 -43.776395 -98.288121 7.034908 -16.645716 0.624076 13.171638 15.964377 -0.689746 70.835739 28.501366 30.589007 -164.595449 69.457636 -141.822961 1.060203 17.148879 -20.938684 
-48.801590 115.008728 90.166023 131.057883 -0.410304 90.102800 13.598355 10.457656 -11.787326 -1.491270 18.607923 15.322008 3.459069 12.233886 -8.561802 nan nan nan -12.105225 -1.936989 -7.395874 2.447186 -1.908204 19.190468 2.370831 4.704471 -21.965948 nan nan nan 0.984049 0.950938 -0.371212 -1.124845 -4.825250 9.396781 -2.774091 0.370498 -3.947307 5.492333 19.405342 20.831164 -7.478399 14.653995 13.037971 -15.878016 -2.615825 -4.995785 -56.182020 -15.364641 7.961832 135.883952 -43.838334 -98.380134 7.031924 -16.608798 0.531767 13.160912 15.910056 -0.651570 70.906856 28.513272 30.603838 -164.799090 69.491370 -141.989859 1.091253 17.158707 -20.910725 
-48.788280 115.042671 90.160423 131.066152 -0.414374 90.100132 13.613821 10.421088 -11.755131 -1.484680 18.658183 15.340167 3.374654 12.143742 -8.596233 nan nan nan -12.123867 -1.932876 -7.403682 2.380648 -1.884033 19.264748 2.287160 4.748738 -22.070375 nan nan nan 0.987328 0.940005 -0.378260 -1.124288 -4.834149 9.365381 -2.771069 0.356676 -3.894313 5.467015 19.412030 20.788631 -7.522193 14.649024 13.001114 -15.806721 -2.515775 -5.023895 -56.262918 -15.368460 7.998741 135.936971 -43.893055 -98.454522 7.029875 -16.638656 0.557993 13.118262 15.838993 -0.692354 71.011022 28.559658 30.682562 -164.845174 69.496116 -142.164762 1.210738 17.199584 -21.013319 
-48.778843 115.068375 90.149261 131.041913 -0.415497 90.031519 13.644640 10.372412 -11.699839 -1.431282 18.745101 15.467319 3.330321 12.081686 -8.640741 nan nan nan -12.154173 -1.941672 -7.374276 2.398532 -1.862370 19.418924 2.202066 4.810488 -22.132961 nan nan nan 0.989679 0.944651 -0.339963 -1.135605 -4.827709 9.418596 -2.778345 0.353345 -3.870721 5.498230 19.451647 20.686662 -7.545541 14.605879 13.048782 -15.728999 -2.499343 -5.048184 -56.317473 -15.394443 8.021646 135.926344 -43.887338 -98.387548 6.974148 -16.697626 0.590614 13.090242 15.838732 -0.720028 71.087517 28.565224 30.745008 -164.674085 69.448500 -142.073546 1.365913 17.310667 -21.189633 
-48.766533 115.096710 90.136215 130.986594 -0.434348 89.981282 13.668619 10.357022 -11.696551 -1.385790 18.852309 15.702499 3.347287 12.078734 -8.763816 nan nan nan -12.196834 -1.928649 -7.346137 2.413859 -1.799103 19.538760 2.180685 4.849153 -22.096750 nan nan nan 0.962346 0.945335 -0.339544 -1.144637 -4.827564 9.459887 -2.792745 0.354083 -3.862598 5.568694 19.453901 20.620062 -7.559092 14.586014 13.191449 -15.692414 -2.502896 -5.047304 -56.292094 -15.423755 8.007278 135.901497 -43.890696 -98.292487 7.092040 -16.656825 0.717637 13.106111 15.840458 -0.695764 71.102272 28.585105 30.778588 -164.767905 69.442209 -142.149127 1.305092 17.311611 -21.207502 
-48.757442 115.128441 90.114243 130.954476 -0.453007 89.921236 13.713777 10.373362 -11.687599 -1.383063 18.922040 15.945875 3.406285 12.015786 -8.870262 nan nan nan -12.222570 -1.905512 -7.263616 2.386954 -1.652059 19.549743 2.073901 4.836629 -22.191943 nan nan nan 0.939529 0.940891 -0.338048 -1.156188 -4.839594 9.505587 -2.806501 0.351135 -3.844936 5.634037 19.470751 20.591098 -7.568100 14.595133 13.194965 -15.657266 -2.528518 -5.036983 -56.185802 -15.448902 7.970145 135.868624 -43.883452 -98.193972 7.178783 -16.517123 0.888453 13.119232 15.826466 -0.678302 71.143750 28.626388 30.828598 -164.933738 69.437753 -142.166765 1.168965 17.136527 -21.016099 
-48.749489 115.173447 90.095459 130.922035 -0.466809 89.852262 13.790291 10.405462 -11.692653 -1.397920 18.978015 16.267486 3.437120 11.901355 -9.002217 nan nan nan -12.265539 -1.902012 -7.155206 2.393175 -1.564897 19.505417 1.958778 4.839317 -22.348535 nan nan nan 0.957864 0.945517 -0.310013 -1.182558 -4.846704 9.551458 -2.831143 0.346975 -3.828341 5.655928 19.535641 20.564584 -7.581116 14.581820 13.092834 -15.629610 -2.522945 -5.045399 -56.090161 -15.502918 7.934816 135.791086 -43.882869 -98.067555 7.082994 -16.494755 1.098517 13.117747 15.810139 -0.666756 71.184157 28.688959 30.852744 -165.004436 69.422572 -142.109823 1.207596 17.103197 -20.850639 
-48.750862 115.230156 90.080711 130.888305 -0.489695 89.819693 13.849296 10.416469 -11.741579 -1.434695 19.104234 16.579786 3.436394 11.856650 -9.211031 nan nan nan -12.353852 -1.897643 -7.102332 2.434761 -1.553352 19.485492 1.967103 4.901166 -22.411179 nan nan nan 0.999327 0.941142 -0.213948 -1.204931 -4.843064 9.469859 -2.874961 0.341783 -3.804052 5.634675 19.583499 20.487905 -7.621252 14.541978 13.049196 -15.574781 -2.380499 -5.141987 -56.148881 -15.606266 8.005832 135.681635 -43.914216 -97.959738 6.874217 -16.530827 1.134958 13.096584 15.697330 -0.749647 71.293999 28.739428 30.963691 -165.060569 69.456159 -142.138602 1.317136 17.120882 -20.825187 
-48.850636 115.261177 89.946953 130.881493 -0.462315 89.110582 14.147090 10.044712 -11.139758 -1.699714 19.020540 16.749528 3.909523 12.263033 -9.180808 nan nan nan -12.608540 -1.690720 -6.471683 2.609218 -1.982766 19.608083 0.824319 5.211456 -22.769345 nan nan nan -0.299428 1.925874 -2.258967 -0.120634 -4.139532 17.828123 -1.703900 -0.676690 -7.980112 5.766356 18.952869 19.219156 -9.327904 14.101146 12.789918 -16.051335 -3.608860 -4.994967 -57.258480 -17.218282 8.646834 135.074507 -43.145805 -97.548444 5.175725 -16.765395 3.597103 11.551856 15.464406 -2.792910 71.005679 28.520550 31.849049 -161.434710 68.787778 -139.103229 1.700753 17.368650 -21.277577 
-48.841488 115.338219 89.909424 130.876880 -0.507903 89.029712 14.192167 10.018050 -11.213421 -1.744713 18.978861 17.117992 3.689582 12.243505 -9.267260 nan nan nan -12.756730 -1.738643 -6.386308 2.738716 -1.945359 19.622099 0.999692 5.305674 -22.696469 nan nan nan -0.287872 1.954480 -2.053837 -0.127465 -4.097094 17.551500 -1.676866 -0.745553 -7.899698 5.609689 18.930352 19.295204 -9.245257 14.104909 12.617227 -16.178440 -3.606758 -4.969351 -56.993959 -17.275373 8.590733 134.943557 -43.302772 -97.421695 5.339335 -16.843979 3.769175 11.578636 15.447724 -2.787858 70.881515 28.505255 31.721679 -161.712834 68.861043 -139.487740 1.583668 17.401434 -21.285988 
-48.831783 115.398048 89.886551 130.845221 -0.546911 88.888036 14.284830 10.015894 -11.276117 -1.784204 18.893896 17.655412 3.461606 12.118997 -9.410980 nan nan nan -12.849302 -1.773687 -6.235250 2.778368 -1.842499 19.655088 1.028206 5.313688 -22.800958 nan nan nan -0.312627 1.966902 -1.752574 -0.122658 -4.098447 17.221903 -1.644489 -0.791175 -7.818496 5.605725 18.980503 19.332337 -9.215860 14.129818 12.680189 -16.229810 -3.560187 -4.945532 -56.756378 -17.306919 8.518291 134.797177 -43.432012 -97.180418 5.467575 -16.858974 3.840326 11.648917 15.479250 -2.709005 70.759579 28.525608 31.646138 -161.873442 68.891508 -139.709083 1.596456 17.446964 -21.370084 
-48.849857 115.450195 89.859322 130.734244 -0.589157 88.822335 14.385942 9.990243 -11.456777 -1.789304 18.829805 18.336991 3.280224 11.957732 -9.562612 nan nan nan -12.946203 -1.753896 -6.253161 2.784656 -1.776429 19.788818 0.826600 5.292274 -23.111332 nan nan nan -0.315263 1.963238 -1.558763 -0.139715 -4.099074 17.052892 -1.647830 -0.799397 -7.858726 5.658305 19.104414 19.343575 -9.193658 14.131932 12.789995 -16.224082 -3.542546 -4.958596 -56.597795 -17.322930 8.498712 134.528277 -43.428660 -96.844790 5.403189 -16.921537 3.829084 11.685666 15.582473 -2.624373 70.686320 28.533292 31.679158 -161.834054 68.886535 -139.795019 1.568829 17.509501 -21.711298 
-48.872334 115.498955 89.830002 130.629577 -0.613318 88.764237 14.543641 9.973647 -11.730208 -1.844202 18.653194 19.183067 3.125084 11.868117 -9.719542 nan nan nan -13.052981 -1.735920 -6.312809 2.850197 -1.741683 19.964661 0.697017 5.288341 -23.323433 nan nan nan -0.279266 1.981167 -1.408340 -0.171496 -4.075882 16.926722 -1.656562 -0.797745 -7.837936 5.638217 19.181876 19.288070 -9.196428 14.127927 12.808318 -16.207452 -3.578963 -4.993490 -56.351597 -17.337620 8.404401 134.244650 -43.533560 -96.295714 5.559113 -17.051558 3.763085 11.617179 15.664644 -2.649385 70.707988 28.449841 31.710357 -162.158864 68.790678 -140.218983 1.152150 17.373620 -22.509182 
-48.890488 115.562500 89.809204 130.513233 -0.681931 88.665378 14.728595 9.872124 -11.940543 -2.057259 18.272617 20.066209 3.025980 11.909025 -9.880068 nan nan nan -13.227696 -1.780883 -6.323298 2.960481 -1.621776 20.136933 0.639515 5.291648 -23.468921 nan nan nan -0.292416 2.059687 -1.291020 -0.203483 -4.033834 16.867078 -1.657105 -0.831542 -7.730849 5.485441 19.152380 19.174261 -9.211884 14.215647 12.695307 -16.218332 -3.641103 -4.968619 -55.889823 -17.381122 8.191189 134.066147 -43.695452 -95.875730 5.981064 -16.904125 3.973829 11.593605 15.676503 -2.764096 70.682462 28.385610 31.652540 -162.697706 68.683011 -140.740819 0.829155 16.994557 -22.981584 
-48.915173 115.632713 89.787102 130.390878 -0.753654 88.548951 14.937532 9.691269 -12.143747 -2.178604 17.903704 21.054420 2.844251 11.879239 -10.096487 nan nan nan -13.413712 -1.810192 -6.296616 3.051350 -1.531675 20.280160 0.567421 5.309082 -23.623121 nan nan nan -0.309838 2.088296 -1.203974 -0.252713 -4.067755 16.954692 -1.711798 -0.784947 -7.705705 5.450707 19.188317 19.081607 -9.252673 14.153040 12.620737 -16.121610 -3.679744 -4.889977 -55.408292 -17.453656 7.915984 133.866368 -43.754675 -95.701136 6.024027 -16.687662 4.366676 11.662433 15.785561 -2.792260 70.530877 28.430578 31.456269 -162.775983 68.643828 -140.832765 1.049323 16.958022 -22.834782 
-48.958920 115.704880 89.768326 130.266068 -0.819311 88.430825 15.173803 9.456534 -12.403577 -2.181852 17.590578 22.206375 2.504268 11.664324 -10.305776 nan nan nan -13.608991 -1.791921 -6.267325 3.124477 -1.552683 20.424943 0.473867 5.390452 -23.768807 nan nan nan -0.320500 2.051953 -1.132960 -0.316037 -4.167769 17.157336 -1.813327 -0.657473 -7.787750 5.605077 19.388214 19.061977 -9.286094 13.929214 12.604962 -15.926475 -3.667164 -4.891195 -55.057934 -17.547731 7.713845 133.487166 -43.715385 -95.518131 5.685839 -16.674832 4.530505 11.817759 16.017639 -2.756894 70.248045 28.490740 31.218312 -162.438491 68.629644 -140.569426 1.441947 17.178571 -22.416482 
-49.013493 115.772491 89.753281 130.185426 -0.878808 88.345559 15.473334 9.176452 -12.749288 -2.315394 17.151776 23.439811 2.020094 11.253236 -10.476743 nan nan nan -13.786318 -1.760559 -6.261392 3.197192 -1.576086 20.559522 0.436809 5.443272 -23.871094 nan nan nan -0.374538 2.021501 -1.018055 -0.343967 -4.281385 17.093496 -1.845936 -0.592758 -7.702356 5.736997 19.662399 19.072266 -9.241443 13.726950 12.568989 -15.695161 -3.589971 -4.967441 -54.872175 -17.648128 7.585007 132.911881 -43.622689 -95.188835 5.370872 -16.963558 3.940340 11.931151 16.202172 -2.710435 70.030957 28.515281 31.037082 -162.216258 68.598117 -140.343786 1.619576 17.364260 -22.338343 
-49.056934 115.842270 89.742584 130.082017 -0.983881 88.236878 15.792288 8.849274 -13.063782 -2.651294 16.611054 24.665949 1.732909 10.837858 -10.645640 nan nan nan -14.015665 -1.775094 -6.245546 3.315812 -1.511438 20.745917 0.535931 5.502062 -23.810019 nan nan nan -0.547234 2.042463 -0.837853 -0.330530 -4.374065 16.903415 -1.798110 -0.624874 -7.563252 5.794396 19.849665 19.026855 -9.158015 13.678902 12.657223 -15.467612 -3.443071 -5.088081 -54.766858 -17.776888 7.490501 132.317475 -43.574322 -94.705055 5.259973 -16.994230 3.504707 12.013906 16.288533 -2.666561 69.850650 28.601297 30.998790 -162.201160 68.623412 -140.400867 1.737028 17.437248 -22.579350 
-49.082073 115.926384 89.749512 129.856776 -1.050785 88.065632 16.175700 8.520112 -13.223746 -3.064446 16.030144 25.786548 1.730833 10.453779 -10.977098 nan nan nan -14.163277 -1.777036 -6.158379 3.420745 -1.285362 20.893707 0.726951 5.510346 -23.615710 nan nan nan -0.769512 2.211517 -0.383928 -0.213233 -4.307824 16.400871 -1.621616 -0.763864 -7.413511 5.713404 19.830996 19.035394 -9.137903 13.672945 12.654300 -15.311357 -3.408309 -5.091584 -54.564052 -17.820071 7.298443 131.805571 -43.627267 -93.824570 5.220690 -16.915968 3.477582 11.933679 16.240587 -2.743667 69.763080 28.523959 30.958960 -162.560313 68.636324 -140.672149 1.638684 17.506236 -23.125015 
-49.114811 116.035698 89.751282 129.636840 -1.147014 88.024660 16.614876 7.893637 -13.461987 -3.460609 15.710238 26.879716 1.277330 9.752225 -11.284147 nan nan nan -14.430976 -1.590957 -6.114169 3.555286 -1.376410 20.887850 0.613961 5.721718 -23.625469 nan nan nan -1.171629 2.591609 -0.167320 0.049970 -4.140496 16.448934 -1.178139 -1.181756 -7.654216 5.744497 19.898072 19.181504 -9.668104 13.520604 12.427423 -15.263408 -3.339418 -5.276930 -54.559647 -17.709725 7.159017 131.276492 -43.570342 -92.947034 4.668649 -17.563580 4.113568 11.332719 16.749814 -3.495170 70.369846 27.526756 31.912068 -160.927666 68.401479 -140.941281 1.058543 18.190955 -22.795781 
-49.161400 116.150368 89.740425 129.427591 -1.264234 87.938235 16.994938 7.425763 -13.689511 -3.957527 15.043870 27.969880 1.011839 9.280175 -11.526998 nan nan nan -14.659060 -1.577796 -6.135783 3.633030 -1.164293 21.021332 0.417576 5.662536 -23.943281 nan nan nan -1.399747 2.712971 0.210858 0.103474 -4.093344 15.918781 -1.064053 -1.269793 -7.487493 5.613919 19.837388 19.072739 -9.517585 13.566765 12.526865 -15.139426 -3.172861 -5.360838 -54.115830 -17.723492 7.060692 130.682225 -43.650490 -92.151122 4.914679 -17.531766 3.609416 11.270856 16.637041 -3.597793 70.466260 27.483757 32.072994 -161.093247 68.391316 -141.188097 0.932668 18.256306 -23.096181 
-49.234287 116.267639 89.708687 129.238997 -1.402416 87.947217 17.328815 7.002792 -14.059363 -4.475327 14.365633 29.049118 0.747269 8.809201 -11.599581 nan nan nan -14.957020 -1.610813 -6.352572 3.695827 -1.126164 21.351776 0.046708 5.663883 -24.354892 nan nan nan -1.619688 2.747247 0.240269 0.113013 -4.156984 15.922607 -1.058920 -1.255939 -7.526071 5.568356 19.868917 19.020010 -9.360108 13.505656 12.498459 -14.971137 -3.075746 -5.431296 -53.520174 -17.784120 6.873921 130.013914 -43.719673 -91.414551 5.250474 -17.330974 3.477039 11.377394 16.675874 -3.629541 70.382742 27.487986 32.105748 -161.196211 68.333254 -141.264840 0.938029 18.228398 -23.334861 
-49.331448 116.413750 89.674156 128.946320 -1.575636 88.019362 17.575696 6.614616 -14.413390 -4.909404 13.757511 30.008533 0.709827 8.325288 -11.684822 nan nan nan -15.338052 -1.635954 -6.681664 3.784705 -1.080373 21.702454 -0.139747 5.753975 -24.590873 nan nan nan -1.816930 2.850532 0.191698 0.093868 -4.184337 15.894085 -1.064731 -1.250854 -7.544917 5.544954 19.984085 19.137195 -9.228327 13.408153 12.376681 -14.743694 -3.157057 -5.407196 -52.899416 -17.746028 6.521118 129.358010 -43.656584 -90.692130 5.188183 -17.153000 3.847027 11.481430 16.830141 -3.726459 70.225514 27.277751 32.008078 -161.491647 68.241637 -141.439175 1.015241 18.190196 -23.302143 
-49.435482 116.567192 89.637222 128.577259 -1.691005 88.053105 17.855352 6.302555 -14.683254 -5.345581 13.076177 30.940561 0.648330 7.997218 -11.873520 nan nan nan -15.655563 -1.662240 -6.978058 3.910616 -0.944256 22.016797 -0.155775 5.869827 -24.720218 nan nan nan -1.940161 2.947130 0.236857 0.079036 -4.187659 15.527266 -1.071705 -1.221767 -7.243919 5.457270 20.088187 19.278889 -9.093377 13.382301 12.093114 -14.547456 -3.204295 -5.376764 -52.268881 -17.751932 6.055302 128.734164 -43.633302 -90.039813 5.124336 -17.081185 4.125862 11.474753 16.832401 -3.827074 70.148039 27.237252 31.807724 -162.027274 68.258485 -141.883190 1.023623 18.215845 -23.470698 
-49.539665 116.734200 89.580788 128.261972 -1.761972 87.985264 18.175370 6.107013 -14.827623 -5.862327 12.336257 31.805302 0.503648 7.690539 -12.082689 nan nan nan -15.919623 -1.716732 -7.103638 3.997159 -0.800699 22.264408 -0.346061 6.009967 -24.895382 nan nan nan -2.059462 3.062609 0.282170 0.112342 -4.158176 15.922205 -1.065979 -1.298530 -7.614029 5.666642 20.180071 19.218139 -9.154968 13.302469 12.182792 -14.280246 -3.061126 -5.303065 -51.754238 -17.974219 5.752294 127.980327 -43.568106 -89.361835 4.894684 -17.110330 4.308824 11.360375 16.558471 -3.879203 70.263749 27.408247 31.908666 -162.159404 68.233661 -142.004563 0.954663 18.370134 -23.801354 
-49.642376 116.913765 89.523911 127.922320 -1.806486 87.894692 18.466816 6.011315 -14.860230 -6.244757 11.711421 32.508917 0.427898 7.425630 -12.399436 nan nan nan -16.161197 -1.803215 -7.203360 4.078162 -0.645976 22.495631 -0.426218 6.202079 -25.034279 nan nan nan -2.134302 3.148287 0.337269 0.114638 -4.149990 16.137945 -1.086549 -1.347494 -7.721697 5.963242 20.367844 19.123212 -9.272316 13.113044 12.300236 -13.998045 -2.970021 -5.353177 -51.147869 -18.041156 5.319116 127.294385 -43.505826 -88.692347 4.537188 -17.219144 4.848305 11.404116 16.553198 -3.875997 70.049860 27.566090 31.707165 -162.243825 68.119678 -141.961209 1.128620 18.523219 -23.333910 
-49.751461 117.109177 89.463730 127.507940 -1.841991 87.899195 18.724846 5.981094 -14.875887 -6.480903 11.335252 33.039484 0.440341 7.207518 -12.772996 nan nan nan -16.374554 -1.909773 -7.424561 4.100911 -0.470634 22.696544 -0.432963 6.386974 -25.123444 nan nan nan -2.240270 3.114112 0.328102 0.111933 -4.191390 16.038606 -1.099481 -1.193967 -7.531695 6.092097 20.504666 19.076473 -9.351767 12.973329 12.242063 -13.746836 -2.893047 -5.496659 -50.556588 -17.994905 4.923040 126.728018 -43.483946 -88.169837 4.455349 -17.256159 5.256208 11.528778 16.703032 -3.904383 69.647768 27.626673 31.311574 -162.247947 67.947239 -141.703822 1.930557 18.615207 -22.359471 
-49.863968 117.311905 89.404175 127.114770 -1.821456 87.972801 18.996192 6.012955 -14.967864 -6.564464 11.103782 33.592043 0.620381 7.204329 -13.088628 nan nan nan -16.546092 -2.063810 -7.700593 4.202804 -0.264960 22.881208 -0.298958 6.605898 -25.059330 nan nan nan -2.309513 3.010251 0.305795 0.155096 -4.278138 15.844980 -1.130283 -0.959537 -7.378287 6.102230 20.599549 19.061625 -9.364957 12.960989 12.218269 -13.561293 -2.782917 -5.569600 -49.969761 -17.935154 4.557678 126.211417 -43.525840 -87.899911 4.632573 -17.312160 4.938060 11.589881 16.781981 -3.948275 69.377958 27.666165 31.021737 -162.548882 67.857436 -141.843887 2.541451 18.598423 -21.818567 
-49.967655 117.540497 89.336052 126.668740 -1.766847 88.058026 19.260370 6.104641 -14.985407 -6.410071 11.119324 34.110094 0.842730 7.394639 -13.317504 nan nan nan -16.711809 -2.068292 -7.976628 4.350536 -0.131218 23.036965 -0.029856 6.826108 -24.921085 nan nan nan -2.269257 2.963117 0.263027 0.191503 -4.254496 15.757709 -1.207856 -0.871941 -7.358649 6.132281 20.778490 18.954203 -9.397992 12.913075 12.308977 -13.354333 -2.622710 -5.594186 -49.391265 -17.834179 4.155566 125.873207 -43.481811 -87.812400 4.703838 -17.389504 4.640320 11.579422 16.740660 -3.999387 69.255262 27.743312 30.944882 -162.987455 67.796381 -142.349237 2.702714 18.686321 -22.030392 
-50.042397 117.804955 89.259331 126.230883 -1.714385 88.074268 19.497790 6.216327 -14.805715 -6.120139 11.314751 34.419113 0.979322 7.759492 -13.440561 nan nan nan -16.837467 -2.039558 -8.089029 4.396159 0.075586 23.080987 0.110578 6.902242 -24.878937 nan nan nan -2.246101 2.964114 0.327461 0.226738 -4.195380 15.607567 -1.243146 -0.878560 -7.338389 6.233080 20.918101 18.886626 -9.480132 12.902348 12.417612 -13.035616 -2.347277 -5.601404 -48.910598 -17.673181 3.842747 125.677163 -43.566233 -87.576456 5.448894 -17.491894 4.216237 11.491393 16.557262 -4.054060 69.291316 27.867594 31.022471 -163.456612 67.711908 -142.763513 2.102035 18.719217 -22.595357 
-50.137161 118.083168 89.184860 125.842082 -1.633436 88.096904 19.710005 6.386119 -14.674462 -5.677833 11.661402 34.756853 1.095511 8.265081 -13.623189 nan nan nan -16.921483 -2.011360 -8.214732 4.386916 0.264779 23.151137 0.101503 6.859364 -25.002565 nan nan nan -2.212981 2.927692 0.399838 0.259217 -4.170437 15.382801 -1.230152 -0.889566 -7.255791 6.340573 21.018186 19.026253 -9.603501 12.976256 12.339347 -12.775687 -2.161079 -5.589808 -48.286024 -17.324034 3.475348 125.593513 -43.624368 -87.320511 6.352642 -17.435329 3.783152 11.338252 16.489660 -4.072286 69.291168 27.959078 31.099065 -163.920941 67.533904 -143.189208 0.923749 18.524748 -23.652025 
-50.240551 118.371452 89.116714 125.385663 -1.462506 88.117961 20.004906 6.719200 -14.517783 -5.079018 12.183597 35.173228 1.244710 8.813777 -13.870453 nan nan nan -16.887942 -1.927295 -8.382743 4.330258 0.378248 23.265233 -0.126718 6.873335 -25.144125 nan nan nan -2.122514 2.886152 0.372339 0.326988 -4.115185 15.463076 -1.206851 -0.846645 -7.363877 6.614265 21.207675 19.190455 -9.886156 12.937811 12.284526 -12.623520 -2.049251 -5.596721 -47.605761 -16.902513 3.052364 125.710411 -43.458332 -87.390274 6.363252 -17.354131 3.747847 11.202302 16.533525 -4.125818 69.106577 28.000287 31.150528 -164.070947 67.293302 -143.505780 0.299915 18.354650 -24.288375 
-50.349018 118.663544 89.047333 124.885743 -1.309124 88.165749 20.269462 7.049287 -14.309848 -4.331857 13.028017 35.527075 1.441125 9.240769 -13.928746 nan nan nan -16.829148 -1.829376 -8.626398 4.150437 0.457673 23.423405 0.020765 7.087587 -25.108510 nan nan nan -2.003667 2.857361 0.484519 0.388259 -4.012128 15.417951 -1.240037 -0.906415 -7.523754 6.763560 21.619300 19.222515 -9.974607 12.757651 12.196183 -12.424699 -1.605630 -5.770440 -47.156216 -16.605977 2.660130 126.018080 -43.247042 -87.906993 5.745484 -17.554222 3.745636 11.154845 16.416310 -4.107526 69.005547 28.259260 31.226338 -164.048338 67.235288 -143.751200 0.955012 18.638752 -23.791357 
-50.452610 118.976463 88.963684 124.525036 -1.216207 88.230392 20.429206 7.293177 -14.080492 -3.590444 13.904599 35.711483 1.487454 9.371265 -13.765068 nan nan nan -16.866409 -1.798207 -8.814919 3.965346 0.505004 23.527971 0.294831 7.306307 -25.056090 nan nan nan -1.972545 2.762167 0.669062 0.435910 -3.959611 15.042594 -1.252347 -1.007538 -7.426534 6.778896 22.011911 19.168566 -10.000309 12.658232 12.092424 -12.159675 -0.996556 -6.005338 -46.877532 -16.348187 2.372975 126.432108 -43.123922 -88.541302 5.713765 -17.841326 3.478046 11.048176 16.145821 -4.101000 69.084931 28.670068 31.391307 -164.139226 67.319637 -143.924613 1.411015 18.934907 -23.117250 
-50.559437 119.296532 88.870537 124.218803 -1.116290 88.313601 20.564462 7.448393 -13.854190 -3.164665 14.453242 35.771502 1.399296 9.365052 -13.730548 nan nan nan -16.937577 -1.756570 -8.991695 3.897005 0.594394 23.658027 0.422554 7.377578 -25.109775 nan nan nan -2.037959 2.701372 0.778916 0.499031 -3.933483 14.525385 -1.222898 -1.014419 -7.134367 6.940745 22.197729 19.234593 -10.018777 12.637045 12.078157 -11.815565 -0.527453 -6.119758 -46.705198 -16.131508 2.178065 127.016000 -42.985236 -89.182554 6.061187 -17.891441 3.273698 10.952893 15.815998 -4.182884 69.078967 29.002211 31.543068 -164.417653 67.325315 -144.112330 1.339838 18.897469 -22.722800 
-50.671055 119.627670 88.780876 123.914774 -0.994871 88.346905 20.729677 7.578176 -13.503101 -3.254916 14.595550 35.570386 1.212121 9.114140 -14.029023 nan nan nan -16.973757 -1.664588 -9.057696 3.817599 0.729703 23.678452 0.523752 7.420068 -25.160180 nan nan nan -2.072484 2.683943 0.874907 0.522037 -3.924321 14.285236 -1.213477 -0.973548 -7.071598 7.195355 22.346948 19.477594 -10.078406 12.555225 11.874647 -11.395132 -0.185631 -6.081854 -46.534751 -15.981943 1.972125 127.607252 -42.662513 -89.837188 5.966709 -18.033641 2.969027 10.874311 15.622737 -4.187529 69.009701 29.239903 31.563786 -164.438405 67.101910 -144.032053 1.533627 18.838227 -22.803689 
-50.807171 119.969917 88.696442 123.700507 -0.870099 88.410200 20.852524 7.763926 -13.231782 -3.693769 14.419657 35.195461 0.970730 8.663513 -14.557150 nan nan nan -17.041561 -1.584542 -9.117217 3.742040 0.823278 23.644808 0.729655 7.505707 -25.118461 nan nan nan -2.105516 2.612895 0.944233 0.538427 -3.910871 14.155795 -1.209255 -0.976821 -7.118491 7.356958 22.522786 19.709935 -10.100076 12.541028 11.657255 -11.110180 0.179469 -6.109581 -46.205613 -15.785330 1.809069 128.282892 -42.292791 -90.533118 5.806596 -18.315825 2.400933 10.786567 15.533100 -4.191206 68.881141 29.420129 31.550471 -164.188161 66.854176 -143.736603 1.703341 18.785056 -23.365339 
-50.973999 120.303329 88.623993 123.502908 -0.661638 88.539247 20.963179 7.992148 -13.124604 -4.104847 14.288215 34.889294 0.801869 8.524593 -15.172887 nan nan nan -17.019334 -1.437254 -9.308613 3.688703 0.856180 23.700018 0.914742 7.524432 -25.063683 nan nan nan -2.107558 2.571600 1.040981 0.594973 -3.813169 13.989717 -1.198842 -0.932686 -7.180975 7.600908 22.631392 19.760043 -10.110932 12.508873 11.651189 -10.943034 0.604208 -6.224847 -45.940315 -15.831639 1.836906 129.038877 -42.015831 -91.350351 5.815529 -18.568978 1.845782 10.675160 15.264378 -4.305689 68.720759 29.540693 31.569514 -164.197802 66.621299 -143.694224 1.458778 18.656957 -23.914862 
-51.142956 120.669121 88.557442 123.505144 -0.504004 88.681119 20.896360 8.158650 -13.205525 -4.255774 14.398625 34.809210 0.763827 8.629096 -15.810250 nan nan nan -17.042660 -1.427630 -9.398248 3.543713 0.807003 23.685770 1.037177 7.529057 -25.104754 nan nan nan -2.185798 2.516581 1.119139 0.638606 -3.804676 13.808865 -1.194009 -0.895368 -7.209109 7.838534 22.658921 19.740862 -10.097183 12.506298 11.693706 -10.714737 1.159280 -6.375164 -45.871208 -16.000694 1.954507 129.916621 -41.798397 -92.405974 5.599197 -18.882362 1.485051 10.575828 14.846083 -4.455737 68.619951 29.742800 31.716304 -164.325784 66.487929 -143.987093 1.462075 18.814855 -24.089883 
-51.293968 121.068001 88.496315 123.760564 -0.386171 88.806494 20.684264 8.348586 -13.484885 -4.196093 14.676551 34.945557 0.880343 8.799449 -16.472350 nan nan nan -17.096041 -1.595236 -9.235819 3.333563 0.744600 23.465303 1.238520 7.444428 -25.173868 nan nan nan -2.333743 2.413527 1.176964 0.687389 -3.926023 13.578019 -1.158111 -0.854833 -7.144725 7.799919 22.634325 19.752630 -9.996570 12.589072 11.537679 -10.472827 1.723698 -6.500053 -45.841192 -16.064358 1.945687 131.031241 -41.670960 -93.603316 5.468020 -19.033621 1.112771 10.382685 14.416584 -4.525340 68.462654 30.071067 31.682318 -164.717984 66.407613 -144.483273 1.378960 18.885711 -24.195404 
-51.455276 121.464684 88.429604 124.177828 -0.167139 88.988894 20.528848 8.634105 -14.002058 -4.098548 15.077487 35.150408 1.030223 8.940337 -17.190299 nan nan nan -17.048012 -1.854065 -9.014161 3.141888 0.636209 23.133638 1.335139 7.239133 -25.161606 nan nan nan -2.409652 2.371642 1.142629 0.792036 -4.093399 13.364484 -1.114706 -0.714959 -6.982877 7.715710 22.479355 19.651784 -9.957638 12.676338 11.388954 -10.255584 2.083289 -6.577489 -45.967960 -16.264358 1.968703 132.217173 -41.499639 -94.838747 5.329281 -19.106787 0.916964 9.974416 13.850949 -4.776049 68.277925 30.313811 31.353882 -165.325249 66.261657 -145.018542 1.285536 18.813696 -24.458981 
-51.611065 121.823753 88.401833 124.754170 0.165238 89.293578 20.481901 8.777628 -14.677258 -4.098953 15.436974 35.162385 1.007941 9.056738 -17.855560 nan nan nan -16.787474 -2.057829 -8.776944 2.844012 0.397512 22.646436 1.270377 6.940653 -24.999253 nan nan nan -2.380593 2.421741 1.065660 0.918374 -4.275264 13.156115 -1.097101 -0.616351 -6.940292 7.609750 22.306255 19.720079 -9.905644 12.652984 11.055131 -10.054235 2.423368 -6.620270 -46.164344 -16.620602 2.110666 133.401268 -41.295787 -96.023011 5.089641 -19.298984 0.894969 9.538828 13.215474 -5.062467 68.236697 30.391420 31.057630 -165.856371 66.062234 -145.315296 1.407547 18.840757 -24.829710 
-51.759941 122.182549 88.440842 125.554517 0.509549 89.632159 20.389293 8.725900 -15.434531 -4.075187 15.763473 35.077102 1.037875 9.438287 -18.323751 nan nan nan -16.433115 -2.209225 -8.383800 2.478345 0.099111 21.959504 1.298708 6.382340 -24.766192 nan nan nan -2.376410 2.437739 1.206473 0.999427 -4.431071 12.545454 -0.988786 -0.549904 -6.879286 7.414860 22.006485 19.828174 -9.701202 12.704796 10.812663 -9.952326 2.763649 -6.722006 -46.364231 -16.850283 2.308803 134.706299 -41.171025 -97.026055 4.901277 -19.564938 0.742391 9.175512 12.608007 -5.287846 68.114987 30.232506 30.770421 -166.477227 65.681850 -145.775237 1.771015 18.896300 -25.652127 
-51.915649 122.566360 88.491112 126.717134 0.826743 89.980504 20.187478 8.532295 -16.337547 -3.987149 16.077105 34.976387 1.148700 9.874918 -18.483757 nan nan nan -16.126605 -2.559738 -7.772888 2.152657 -0.383392 21.105014 1.287386 5.573318 -24.553296 nan nan nan -2.492485 2.465338 1.382124 1.134937 -4.606647 12.036596 -0.761431 -0.483217 -6.894813 7.032257 21.519632 19.686144 -9.326280 12.871699 10.699952 -9.896902 3.076687 -6.723432 -46.823929 -17.260457 2.585046 136.187546 -41.134605 -98.345959 4.701429 -19.700042 0.753762 8.593491 11.693449 -5.520060 67.912106 30.219320 30.174819 -167.522165 65.248442 -146.939989 2.278565 18.743040 -26.597829 
-52.048595 122.945427 88.542633 128.281827 1.148793 90.399768 19.910328 8.277935 -17.432479 -3.820350 16.215660 34.806080 1.357537 9.985888 -18.468024 nan nan nan -15.798958 -3.017919 -6.896036 1.809681 -1.217493 19.962446 1.206123 4.766543 -24.294712 nan nan nan -2.757285 2.612312 1.241179 1.419550 -4.819239 12.302078 -0.439054 -0.517022 -7.266454 6.801169 21.093120 19.652501 -9.261512 12.622511 10.296430 -9.847412 3.185603 -6.747784 -47.583817 -17.714660 3.275081 137.580871 -40.816188 -99.755502 4.287332 -19.787061 1.000144 7.518625 11.423310 -5.909945 67.579401 29.779682 29.940251 -166.238931 64.307643 -145.224217 2.597470 18.345515 -27.127421 
-52.164417 123.268585 88.643600 130.155456 1.609005 90.947049 19.700063 8.098001 -18.743809 -3.679935 16.057279 34.562768 1.356573 9.884354 -18.345324 nan nan nan -15.112696 -3.490710 -5.986913 1.350058 -2.074968 18.672007 1.058068 3.594846 -23.968977 nan nan nan -2.912202 2.809622 1.573739 1.646144 -4.979095 11.396362 -0.114749 -0.385307 -7.284717 6.513335 20.163414 19.728549 -8.795340 12.602029 9.890051 -9.794490 3.202031 -6.485248 -48.347412 -18.442949 3.940705 139.048136 -40.889124 -101.066784 4.522977 -20.005812 0.546624 6.617620 10.453287 -6.155843 67.358994 29.297039 29.030380 -166.893299 63.552950 -145.576590 2.695990 18.154152 -27.940368 
-52.267056 123.548752 88.754250 132.370336 2.076576 91.476080 19.466809 7.773168 -20.044224 -3.629639 15.550234 34.224917 1.243261 9.585591 -18.180180 nan nan nan -14.316218 -4.020111 -4.904392 0.891328 -2.964536 17.312896 0.827295 2.355717 -23.596482 nan nan nan -3.048612 3.196182 1.929101 1.756358 -5.080158 10.493803 0.242722 -0.447627 -7.067081 6.238650 19.126366 19.396308 -8.157336 12.580419 9.527328 -9.693307 3.199751 -6.284462 -49.317176 -19.650399 4.657145 140.509154 -41.173485 -102.607167 4.536994 -20.249875 0.242685 5.788901 9.199304 -6.067778 66.989059 29.302024 27.607615 -168.144967 62.882566 -146.866699 2.884067 18.293507 -28.597121 
-52.343796 123.848763 88.863434 134.929307 2.449319 92.052779 19.112916 7.260410 -21.323257 -3.645998 14.804162 33.727303 1.288139 9.185839 -17.902000 nan nan nan -13.621399 -4.650234 -3.574055 0.544884 -4.015468 15.662845 0.690708 1.238045 -23.096781 nan nan nan -3.287889 3.511364 2.200812 1.762422 -5.257521 9.800703 0.615146 -0.463603 -6.819267 6.063479 18.136086 18.764022 -7.493843 12.519529 9.272661 -9.608238 3.243343 -6.310630 -50.385707 -20.823807 5.572711 141.950624 -41.458485 -104.423663 4.188366 -20.465625 0.186369 5.051366 8.176478 -5.804226 66.202284 29.515467 26.026838 -168.753193 62.183183 -147.530738 3.317386 18.361947 -27.992091 
-52.409798 124.139191 88.965881 137.728393 2.661611 92.696717 18.628488 6.630165 -22.643721 -3.784846 13.805472 33.106864 1.344425 8.745793 -17.453872 nan nan nan -13.055468 -5.244290 -2.145585 0.343346 -5.177585 13.810389 0.738611 0.133884 -22.527709 nan nan nan -3.673345 3.906706 2.493679 1.702248 -5.307764 9.318435 0.978514 -0.372509 -6.762106 5.891962 16.947933 18.031852 -6.687984 12.326140 9.014549 -9.661406 3.024266 -6.339984 -51.333820 -22.070336 6.719165 143.245112 -41.833946 -106.236425 4.133614 -20.674747 0.062404 4.249502 7.392642 -5.527785 64.960923 29.651070 24.258271 -168.685652 61.247277 -147.536988 3.774062 18.360065 -26.826427 
-52.477219 124.388519 89.054337 140.746937 2.708038 93.353347 18.078239 5.807930 -23.974006 -4.138436 12.429231 32.332486 1.249768 8.216942 -16.872584 nan nan nan -12.641139 -5.922249 -0.664192 0.350192 -6.394982 11.907132 0.744642 -1.119804 -21.932193 nan nan nan -4.053359 4.473810 3.043115 1.417709 -5.198484 8.713622 1.200318 -0.143375 -6.718922 5.919935 15.479460 17.099273 -5.635043 11.820878 8.820881 -9.640609 2.422177 -6.368680 -52.297547 -23.640092 8.161530 144.240007 -42.400334 -107.638718 4.140656 -20.727128 -0.451824 3.364097 6.802585 -5.384756 63.515731 29.556893 22.356269 -168.071979 59.973494 -146.911992 4.227162 17.804808 -26.278493 
-52.553417 124.616852 89.131638 143.923179 2.715392 94.117227 17.593921 4.828988 -25.454526 -4.502590 10.813703 31.566588 0.891482 7.569960 -16.215944 nan nan nan -12.286647 -6.745297 0.767474 0.620099 -7.718729 9.890592 0.744714 -2.279694 -21.307578 nan nan nan -4.242126 5.141013 3.760829 0.968840 -5.025781 7.820029 1.313232 0.217032 -6.511270 5.936528 13.961450 16.013288 -4.442622 11.216572 8.568373 -9.639941 1.574481 -6.445609 -53.423184 -25.284021 9.735755 144.970002 -43.082440 -108.806486 3.907890 -20.964732 -1.272727 2.288884 6.515244 -5.416344 61.739473 29.582450 20.063366 -166.897437 59.062268 -145.581659 4.849752 17.631083 -25.670132 
-52.649818 124.803490 89.197960 147.210374 2.691130 94.960239 17.177213 3.754554 -27.126525 -4.849798 9.025755 30.943178 0.384801 6.846835 -15.294188 nan nan nan -11.966486 -7.720810 2.185799 1.148283 -9.066826 7.658848 0.832647 -3.380133 -20.563664 nan nan nan -4.153930 5.755659 4.631400 0.408677 -4.831145 6.821633 1.273303 0.668552 -6.188616 5.682982 12.567167 14.640610 -3.223713 10.672375 8.242084 -9.684444 0.632074 -6.543659 -54.483100 -26.732875 11.315498 145.629759 -43.753701 -109.951153 3.975418 -21.017474 -1.878385 0.966257 6.616006 -5.550542 59.452624 29.822653 17.591706 -165.014314 58.437628 -143.570818 5.445284 17.036816 -24.570268 
-52.754482 124.946922 89.262634 150.444115 2.524001 95.825752 16.773890 2.650790 -28.806877 -5.375522 7.376415 30.332072 -0.168351 6.085676 -14.193026 nan nan nan -11.751810 -8.807438 3.572813 1.787001 -10.257240 5.269398 0.987624 -4.495270 -19.801327 nan nan nan -3.891306 6.408082 5.590314 -0.353894 -4.485013 5.841885 1.096896 1.161939 -5.857843 5.343663 11.081424 13.140902 -2.106343 10.137517 8.018630 -9.754637 -0.462989 -6.731771 -55.507602 -27.943572 12.955735 146.035117 -44.513110 -110.633724 4.649649 -20.943639 -2.067966 -0.583834 6.993752 -5.713430 56.777893 30.334353 14.870276 -162.117779 58.443887 -140.620548 6.081099 16.042192 -23.214869 
-52.891281 125.035141 89.347084 153.490758 2.254184 96.738052 16.374761 1.612443 -30.475663 -5.892146 6.189115 29.702557 -0.813006 5.173837 -13.019819 nan nan nan -11.670208 -9.967091 4.744892 2.513205 -11.393721 2.903861 1.294492 -5.393968 -18.843331 nan nan nan -3.452101 7.144928 6.723184 -1.280519 -4.011299 4.634805 0.815451 1.767399 -5.471502 5.039935 9.601467 11.799802 -1.194267 9.583112 7.739690 -9.772611 -1.820470 -7.160900 -56.636777 -28.717173 14.797958 145.958015 -45.147847 -110.642924 4.642596 -20.831664 -2.648094 -2.258370 7.681445 -6.279346 53.702947 30.565999 12.123995 -157.639143 59.090513 -136.157533 7.291003 14.742375 -22.079306 
-53.070793 125.000008 89.405502 156.397499 1.882207 97.582423 15.905256 0.683775 -32.176782 -6.313237 5.376598 29.187698 -1.490290 4.192547 -11.744826 nan nan nan -11.784114 -11.192466 5.835132 3.406297 -12.386095 0.575604 1.562486 -6.062640 -17.801052 nan nan nan -3.010869 7.981650 7.859661 -2.304855 -3.521115 3.715827 0.437469 2.857605 -5.058552 4.967701 7.873848 10.354721 -0.343973 9.039181 7.493735 -9.297512 -3.817922 -7.390100 -58.200303 -29.591487 16.805293 145.248204 -45.820646 -110.001748 4.672349 -20.978574 -3.807765 -4.082628 8.215374 -7.325521 50.123697 30.517025 9.000954 -151.548964 60.919077 -130.607526 7.807703 13.991870 -21.566493 
-53.312878 124.887695 89.521690 159.066035 1.275708 98.412260 15.228040 -0.348214 -33.812371 -6.662720 4.762657 28.566758 -2.118136 3.424384 -10.197877 nan nan nan -12.100295 -12.263114 6.679428 4.187610 -13.090667 -1.576977 2.015044 -6.545162 -16.836551 nan nan nan -2.225576 8.850730 9.147282 -3.532266 -2.773047 3.117772 0.019959 3.247836 -4.904590 4.092853 6.729960 9.261323 0.511756 8.755860 6.984261 -9.272662 -5.268161 -8.197214 -59.733652 -29.809278 18.766965 144.506726 -46.650441 -110.054747 5.276418 -21.119423 -4.469059 -6.157737 8.954828 -8.153238 46.291618 31.211326 6.044856 -142.471759 63.718095 -122.954029 7.996243 12.721570 -19.537809 
-53.595390 124.759308 89.678024 161.577242 0.513156 99.438035 14.364904 -1.528806 -35.551955 -6.673996 4.250625 27.847071 -2.867218 2.724670 -8.589627 nan nan nan -12.428515 -13.239074 7.125350 4.748877 -13.489600 -3.541136 2.395764 -6.964732 -15.951004 nan nan nan -1.380257 9.501308 10.730854 -5.009340 -2.276903 1.519894 -0.669032 4.291305 -4.429931 3.642542 5.455076 8.541877 1.624024 8.664566 6.714067 -8.947506 -6.754069 -9.032694 -61.567681 -29.839161 20.991007 143.512932 -47.627430 -109.658527 6.305565 -21.220538 -4.700875 -7.722846 9.829015 -8.886155 41.892247 31.525339 3.094969 -128.881788 66.440118 -111.664166 8.015950 11.885714 -17.024846 
-53.836761 124.600822 89.852318 163.916561 -0.327503 100.445825 13.384828 -2.640296 -37.127761 -6.435363 3.573178 27.022401 -3.568228 1.956014 -6.986678 nan nan nan -12.732161 -14.205290 7.334706 5.052527 -13.627302 -5.116605 2.620094 -7.478675 -15.138665 nan nan nan -0.180798 9.799663 12.474190 -6.614811 -1.936764 -0.030640 -1.563936 5.273465 -3.930129 2.739381 4.813030 7.954026 2.520920 8.856000 6.217207 -8.711428 -7.553949 -10.333830 -62.788500 -29.482709 22.773513 142.545389 -48.384725 -109.590166 6.744257 -21.167779 -5.286196 -9.828197 11.051556 -8.895602 37.034784 32.494736 -0.300825 -108.340013 68.096842 -93.980309 7.490621 10.459002 -14.415811 
-54.045151 124.387390 90.016930 165.985824 -1.235616 101.155465 12.331876 -3.743784 -38.227648 -6.422033 2.273935 26.058530 -4.148662 1.743556 -5.575998 nan nan nan -13.137427 -14.921324 7.495204 5.187155 -13.337955 -6.199225 2.359684 -8.198540 -14.468697 nan nan nan 0.751024 11.254402 13.186774 -7.937951 -0.520629 1.281824 -1.984464 5.389867 -4.486252 1.753999 3.507113 8.003461 2.851289 9.127162 5.417899 -9.250263 -10.169968 -11.081033 -63.624963 -29.257117 24.322123 140.921207 -48.795623 -109.235564 6.435193 -21.337097 -5.300642 -12.321407 12.348390 -9.309937 30.990768 31.551294 -3.976002 -83.738828 66.899086 -72.185330 6.101996 9.236611 -11.780109 
-54.257492 124.266312 90.233902 167.834597 -2.231381 101.804698 11.102745 -4.918819 -39.059368 -6.373157 0.806067 25.092440 -4.788505 2.018982 -4.505009 nan nan nan -13.634001 -15.588571 7.405029 5.061594 -12.498707 -6.700807 2.009507 -8.957720 -14.132606 nan nan nan 2.084856 12.118122 14.195199 -9.517476 0.426092 2.502999 -2.991389 6.036155 -5.427108 1.064404 2.554172 8.412219 2.998693 9.914142 5.075582 -9.522689 -12.099247 -11.543620 -64.140776 -28.770493 25.527610 139.807233 -49.279707 -108.723720 6.788875 -21.199923 -4.557768 -14.593594 13.735993 -9.282274 25.419807 30.849325 -6.771818 -60.589304 61.476611 -51.636269 3.559228 7.557253 -8.675531 
-54.292110 124.215523 90.450096 168.868318 -2.806225 102.614344 10.371310 -5.377064 -39.634361 -6.243866 -0.307852 24.098633 -5.504662 2.140138 -3.768122 nan nan nan -13.482608 -15.994988 6.560021 4.347699 -11.611789 -6.296937 1.653574 -9.179966 -14.222383 nan nan nan 3.075707 13.324389 14.515164 -10.781005 1.743020 3.731332 -3.523736 6.703220 -6.083343 0.244377 2.110400 9.599379 3.066402 10.933742 4.341539 -9.851253 -14.004203 -11.991124 -64.724598 -27.775286 26.254788 138.736609 -49.486620 -109.083531 5.674050 -21.473677 -3.630004 -17.162364 15.440359 -9.342793 19.782299 30.238221 -9.839394 -41.877087 52.622166 -36.436069 5.359527 8.007476 -5.353615 
-54.377167 124.167717 90.672043 169.660483 -3.133147 103.440749 9.606760 -5.591006 -40.270737 -5.693917 -1.175599 23.443239 -6.089256 2.003597 -3.476267 nan nan nan -13.185864 -16.290451 5.211746 3.603677 -11.137895 -4.925117 1.113998 -9.018636 -14.686611 nan nan nan 4.380161 14.383174 14.499194 -11.775469 3.096822 5.933268 -4.155517 7.183794 -7.352712 -0.991967 2.518143 11.365891 3.046991 11.918882 3.022505 -10.426246 -15.339032 -12.722530 -64.838229 -26.244941 27.063226 137.781161 -50.091322 -109.887153 7.034551 -22.527997 -3.786254 -19.942216 17.710724 -9.004927 13.937993 29.361701 -12.161550 -29.254360 41.345510 -27.436262 0.793575 13.183648 -2.194833 
-54.491108 124.153923 90.902290 170.286542 -3.181389 104.564048 8.913019 -5.448534 -41.149298 -5.309361 -2.036109 23.035147 -6.498638 2.581014 -3.677508 nan nan nan -12.518646 -16.344168 3.396079 2.883260 -11.055222 -3.191752 0.975748 -8.933337 -15.141252 nan nan nan 5.448712 15.335614 13.899672 -12.446425 4.346108 8.469292 -4.920444 8.359964 -9.202896 -1.694763 2.806034 14.148878 2.782857 12.662685 1.247067 -10.866204 -16.887523 -12.288767 -64.584905 -24.960760 27.143953 137.955539 -51.198554 -110.386208 11.313603 -23.368127 -5.023806 -20.778146 20.357181 -7.255853 8.904797 28.625950 -15.827516 -24.893032 28.725872 -16.290648 -12.502112 19.003844 14.200389 
-54.560158 124.134766 91.097778 170.887505 -3.296821 105.163723 8.743815 -5.906792 -41.307349 -5.159818 -1.732103 22.154168 -5.667218 3.031713 -3.829865 nan nan nan -12.176403 -16.012367 2.350899 2.527157 -11.449557 -1.770045 0.824734 -9.037549 -15.375161 nan nan nan 6.192084 15.952367 13.948774 -13.190288 5.765680 10.083190 -5.064596 9.079389 -10.257656 -1.252326 3.585867 16.618126 1.837445 13.211303 -0.366543 -11.097145 -17.914106 -11.495983 -65.486498 -24.476278 28.286959 136.320423 -49.662460 -108.316046 5.319501 -23.536012 -4.435928 -22.839946 20.992240 -6.803074 9.819593 27.444267 -14.153846 -33.160280 21.634648 -16.774159 0.374336 12.743603 11.665728 
-54.549511 124.093834 91.254120 171.441218 -3.267565 105.701857 8.578578 -6.078155 -41.434669 -4.890538 -1.329665 21.224777 -5.433925 3.311719 -3.781827 nan nan nan -11.735770 -15.867790 1.309350 2.318597 -11.777036 -0.373749 0.602902 -8.999672 -15.879133 nan nan nan 6.839546 16.456043 14.191169 -13.572874 7.037859 11.101808 -4.893610 9.414676 -10.675533 -1.972427 4.103096 18.067452 1.516413 14.852161 -1.186278 -11.510555 -17.944156 -11.017646 -66.004773 -23.992582 28.323319 136.184554 -49.285759 -108.955441 2.210566 -23.685132 -4.111688 -25.046421 20.211838 -7.023389 7.742565 28.903145 -18.353336 -31.878465 15.951037 -21.354901 7.549062 10.593428 3.723796 
-54.459579 124.007927 91.341278 171.980919 -3.282055 106.283396 8.522294 -6.167309 -41.571023 -4.963034 -0.893178 20.054310 -4.897174 3.892153 -3.429960 nan nan nan -11.382231 -15.542921 0.418782 2.368009 -11.770904 0.519105 0.234621 -9.624716 -16.333536 nan nan nan 7.009466 16.729187 14.700499 -13.775125 8.060816 11.236130 -4.617315 9.506338 -10.880876 -2.745030 4.389378 18.761827 1.381653 16.997357 -1.014539 -11.695712 -16.881521 -10.104827 -66.153243 -24.162090 28.229071 137.020934 -49.328558 -109.647936 1.386933 -22.632877 -5.722494 -27.370064 17.149638 -7.571709 7.362394 33.862933 -23.007243 -31.497075 13.284261 -26.568626 9.429321 5.518116 -6.663470 
-54.328697 124.003853 91.322746 172.843590 -3.356423 106.927609 8.122775 -6.115592 -41.907530 -4.620915 -0.115433 19.159054 -5.004257 3.563994 -3.058019 nan nan nan -11.079414 -15.426977 -0.114409 2.428973 -12.570233 0.828612 0.178028 -9.286673 -16.541034 nan nan nan 6.625949 17.281758 14.865007 -13.480619 8.365492 11.864923 -4.289826 9.686958 -11.490576 -2.812005 5.658036 19.237886 1.335958 17.758186 -0.939484 -11.240561 -15.803556 -10.057995 -66.481352 -23.339070 28.161008 138.215709 -49.990074 -110.727972 2.668793 -23.516131 -7.320211 -27.620446 16.374488 -7.970966 5.535063 33.783636 -25.975117 -30.105911 14.381333 -34.428986 7.158678 10.346321 -13.451668 
-54.198555 124.081383 91.226624 174.370101 -3.610297 107.315403 7.713528 -6.553756 -42.129088 -4.587833 0.368898 18.341984 -4.609937 3.272378 -2.722958 nan nan nan -10.863840 -15.708201 0.184078 2.440414 -13.436305 0.405872 0.045854 -8.944945 -16.493685 nan nan nan 6.366825 17.533728 15.677159 -13.162028 7.953682 11.410947 -3.959028 9.696216 -11.427553 -2.649593 6.257059 18.919183 1.476888 18.199123 -0.342986 -10.442875 -14.165840 -10.052718 -66.964664 -22.795199 27.691657 140.077642 -50.725718 -112.559421 2.900983 -23.941957 -8.156033 -26.916715 15.292248 -8.384737 4.671414 34.252629 -28.592769 -31.030260 18.560082 -37.370381 6.831525 10.152035 -4.802343 
-54.032036 124.216286 91.071968 176.420455 -3.890511 107.390503 7.311522 -7.153853 -42.170776 -4.809511 0.523626 17.640624 -4.116052 2.966418 -2.489830 nan nan nan -10.633482 -15.988625 1.233119 2.602855 -13.881858 -0.447292 -0.184231 -9.132315 -16.334468 nan nan nan 6.328782 17.599805 16.580807 -12.802152 7.297004 10.371148 -3.496701 9.589556 -10.712766 -1.961121 6.425215 18.794224 1.510409 18.061657 0.549716 -9.505960 -12.889787 -10.085493 -67.696531 -22.309062 27.201822 141.341075 -50.968422 -113.307245 0.848477 -23.925808 -7.685103 -25.934561 14.369041 -9.132697 5.340560 34.876515 -29.358904 -33.938417 23.003948 -38.896032 9.662143 8.370115 3.506260 
-53.831188 124.368423 90.865395 178.859390 -4.076880 107.307215 6.845587 -7.678593 -42.251756 -5.066983 0.023327 17.200093 -3.723558 2.526988 -2.361558 nan nan nan -10.240520 -16.083702 2.464932 2.784759 -13.695807 -1.058987 -0.397479 -9.917088 -16.373175 nan nan nan 6.452322 17.413942 17.336209 -12.345587 6.635643 8.980447 -2.948110 9.466335 -9.530797 -1.140107 6.187901 19.026517 1.472149 17.834555 1.340704 -8.647587 -12.159711 -10.390754 -68.243969 -21.654348 26.995486 141.859663 -50.941773 -112.594578 -1.101026 -23.674302 -7.757376 -25.617656 13.601260 -10.166316 7.377820 34.969422 -27.154155 -36.700905 26.813305 -39.402490 10.417165 8.474074 1.981168 
-53.641518 124.557121 90.643593 -178.322489 -4.354449 107.354168 6.252260 -8.412622 -42.547010 -5.295878 -1.185987 16.842429 -3.296112 2.129912 -2.307492 nan nan nan -9.768680 -16.220550 3.280534 2.776499 -13.452129 -1.028147 -0.205557 -10.943787 -16.885642 nan nan nan 6.436866 16.743020 18.200574 -11.887750 5.660787 6.382975 -2.461821 9.525822 -7.629262 -1.150432 5.444979 19.082964 2.129531 18.289354 1.829949 -7.921735 -11.159338 -10.493690 -68.376416 -21.348476 26.832395 142.754511 -51.293098 -112.454334 -1.410024 -23.337440 -9.516082 -25.556366 12.357693 -10.550527 9.619224 35.325337 -24.393844 -39.422483 30.272616 -38.626087 9.862837 8.626717 -1.372729 
-53.459850 124.762604 90.387932 -175.386155 -4.676769 107.368420 5.579447 -9.219820 -42.925465 -5.588555 -2.671428 16.745974 -2.776098 1.864139 -2.459807 nan nan nan -9.325036 -16.294194 3.847088 2.676032 -13.410706 -0.497665 0.004819 -11.848376 -17.747868 nan nan nan 6.342939 15.942545 18.438563 -11.303789 4.566315 4.712431 -2.072006 9.570285 -6.065900 -1.026570 4.911411 19.307703 2.699668 18.434469 2.218193 -7.230316 -10.467239 -10.609022 -68.240143 -21.061099 26.691379 143.300644 -51.820195 -112.530135 -0.682035 -23.081212 -11.051715 -25.520801 11.908865 -10.454602 11.494023 34.907313 -21.565082 -42.513161 32.979371 -38.021749 9.274109 9.190967 -3.944722 
-53.275246 125.003296 90.109016 -172.549612 -5.000907 107.216077 4.894118 -10.117044 -43.124589 -5.857478 -4.220828 16.810292 -2.225407 1.707627 -2.932648 nan nan nan -8.968163 -16.117306 4.461418 2.558267 -13.408711 0.269117 0.077594 -12.484910 -18.695481 nan nan nan 6.029003 15.326148 18.339537 -10.496618 3.738518 4.248658 -1.647636 9.333513 -5.168473 -0.690500 4.428319 19.529177 2.858777 18.201872 2.426806 -6.816721 -9.742593 -10.525667 -68.363215 -21.355471 26.661607 143.393110 -52.445055 -112.626233 -0.735423 -23.162890 -11.366060 -25.171664 11.615395 -9.945651 13.094495 34.187362 -19.334338 -46.298106 35.396729 -38.816967 8.908937 9.576646 -4.820606 
-53.106827 125.236046 89.816666 -170.094157 -5.305559 107.045230 4.263538 -11.042351 -43.244202 -5.962233 -5.716825 16.953766 -1.590858 1.668762 -3.455469 nan nan nan -8.758614 -15.675038 4.800827 2.395722 -13.161856 1.504499 0.149087 -12.862370 -19.698166 nan nan nan 5.681360 14.978749 18.129577 -9.711740 3.151315 4.176646 -1.198369 8.847652 -4.277874 -0.704222 3.890016 19.450815 3.000709 17.888534 2.588706 -6.632466 -9.356317 -10.352103 -68.296592 -21.847626 26.313026 143.630044 -52.881086 -113.144246 -0.858764 -23.134736 -11.563892 -24.489552 11.460771 -9.453387 14.417453 33.428029 -18.235067 -50.114009 38.361461 -41.183208 8.574723 10.157764 -5.169296 
-52.951847 125.438782 89.560860 -167.981019 -5.380166 107.069954 3.924253 -11.820229 -43.651608 -5.988951 -7.013255 17.382768 -1.033106 1.778512 -3.897417 nan nan nan -8.321384 -14.998553 4.611899 2.058235 -12.662644 3.072780 0.477869 -13.206474 -20.805145 nan nan nan 5.263991 14.949577 18.338504 -8.840288 2.713372 2.686512 -0.435469 8.232082 -2.654912 -1.428832 3.130191 19.374414 3.458672 17.756267 2.579365 -6.969851 -9.369933 -10.123618 -67.910765 -22.127956 25.623158 144.432166 -53.196014 -113.870087 -0.403871 -22.722493 -11.894059 -23.389732 11.426418 -8.935697 15.600794 32.694900 -17.943704 -54.305326 41.796891 -44.173677 8.295273 10.467431 -5.150074 
-52.825630 125.679100 89.392593 -166.144728 -5.207980 107.573471 3.965494 -12.467261 -44.675764 -5.897637 -7.909828 18.218627 -0.659507 1.785982 -4.374438 nan nan nan -7.505258 -14.086426 3.727234 1.574020 -11.975515 4.736759 1.336822 -13.445567 -21.846179 nan nan nan 4.487309 15.377026 18.998242 -7.729230 2.430974 -1.355654 0.843092 7.425223 -0.003296 -3.050021 2.151801 19.960213 4.458776 18.097565 2.349483 -8.226381 -9.490460 -9.770040 -67.465837 -21.982696 24.922880 145.607087 -53.520981 -114.429509 -0.328786 -22.429877 -12.207892 -21.605773 11.274375 -8.137415 16.847280 32.168423 -17.663528 -59.524970 45.216169 -47.335738 8.534129 10.039068 -4.159360 
-52.562958 125.794449 89.125656 -165.037976 -5.552731 107.134365 3.753151 -13.167338 -44.730208 -5.920965 -7.909959 18.912194 0.059695 1.587321 -5.038538 nan nan nan -7.902883 -13.110568 3.473267 1.112564 -11.474186 7.074559 0.926178 -13.041959 -23.004715 nan nan nan 4.642991 13.092606 18.074900 -8.432779 0.818431 3.117159 -0.896031 9.593760 -1.694121 -1.467452 3.733797 18.070175 4.417471 16.465415 2.970381 -7.175268 -9.187753 -10.572186 -65.870094 -22.898339 24.086241 145.284625 -52.776052 -113.928386 -0.520659 -21.414166 -12.211440 -19.077025 12.654581 -7.809303 17.708671 31.652646 -16.815704 -66.541137 46.254938 -53.397020 7.013275 9.306233 -4.078827 
-52.379379 125.980644 88.968262 -164.271458 -5.500841 107.091010 3.972034 -13.529207 -45.079010 -5.989448 -8.145236 19.528785 0.463489 1.573328 -5.532131 nan nan nan -7.870728 -12.079832 2.776054 0.702952 -10.342421 9.277659 1.071641 -12.703556 -23.833182 nan nan nan 4.206723 13.047147 18.507803 -8.165455 0.695922 2.996106 -0.700640 9.614360 -1.496799 -2.083951 3.250377 17.198161 5.117230 16.158421 3.875374 -7.819109 -9.321124 -10.271053 -65.079771 -23.578694 23.925154 145.650867 -53.116113 -113.621157 1.700033 -20.816885 -14.715014 -17.514950 12.412897 -7.692001 19.128384 30.986698 -16.335405 -71.580945 49.571224 -59.288779 4.336675 9.361745 -6.765082 
-52.187523 126.111458 88.883110 -163.853272 -5.414871 107.248826 4.557674 -13.874626 -45.583794 -6.076589 -7.680046 20.000165 0.853987 1.492737 -5.794012 nan nan nan -7.841766 -10.811886 1.862764 0.352426 -9.482050 11.438829 1.431570 -11.998012 -24.400539 nan nan nan 3.419731 13.373086 18.872773 -7.731392 0.812808 3.106852 -0.424425 9.536398 -1.875262 -2.427534 2.999678 17.026835 5.293583 15.456305 3.944091 -8.237578 -9.431017 -9.832465 -64.986175 -24.399809 24.379689 144.937075 -52.827799 -112.084586 1.429990 -20.976959 -15.335273 -15.641573 11.962042 -7.573297 21.283322 31.319941 -14.681692 -77.820687 49.731900 -62.563732 5.264539 9.022065 -6.108299 
-51.967216 126.174774 88.787460 -163.555839 -5.296709 107.364951 5.247670 -14.133966 -46.082546 -6.173587 -6.959864 20.458437 1.175319 1.278357 -5.977431 nan nan nan -7.830748 -9.698766 0.985730 -0.047738 -8.848927 13.531317 1.598696 -11.046409 -24.788915 nan nan nan 2.744862 13.662104 18.776731 -7.315698 0.906218 4.336806 -0.302478 9.507684 -2.566728 -2.434270 3.488909 16.728447 4.859728 14.249943 3.805091 -8.395522 -9.744095 -9.759975 -64.972849 -25.089494 24.846894 144.005087 -52.297027 -110.861784 1.187697 -21.100131 -15.119102 -13.829903 12.374597 -7.331610 22.836167 31.370806 -13.155270 -83.596844 48.761454 -65.965958 5.108035 8.776492 -4.921494 
-51.733730 126.239861 88.701141 -163.280475 -5.144218 107.454520 5.842590 -14.217304 -46.533236 -6.315023 -6.306194 20.955235 1.468636 1.073220 -6.129376 nan nan nan -7.764674 -8.789434 0.276525 -0.359891 -8.013075 15.241475 1.627616 -10.185361 -24.984670 nan nan nan 2.077952 14.006837 18.857332 -6.872931 1.010972 5.292262 -0.220723 9.360251 -3.185093 -2.285258 4.026564 16.204213 4.511113 13.158374 3.951248 -8.201925 -9.709738 -9.668617 -65.266074 -25.915113 25.321094 143.376292 -52.045211 -109.904340 1.881649 -20.961085 -15.561306 -12.102325 12.665223 -6.894513 24.250487 31.529477 -11.895076 -88.421369 48.130576 -69.700145 3.261530 9.090516 -6.264769 
-51.492798 126.326500 88.618622 -162.993139 -4.968725 107.567171 6.367247 -14.229142 -46.952383 -6.406010 -5.832014 21.418678 1.802618 0.810989 -6.345694 nan nan nan -7.676188 -8.156665 -0.204804 -0.490444 -7.011793 16.421872 1.684627 -9.312330 -25.066210 nan nan nan 1.361788 14.358354 18.978630 -6.385232 1.059337 5.918951 -0.146695 9.223595 -3.701874 -2.086024 4.522252 15.739539 4.358793 12.120465 4.134626 -7.755133 -9.567138 -9.403387 -65.781309 -26.782775 25.785055 142.802999 -51.801059 -108.890752 2.506092 -20.797662 -16.024153 -10.329091 12.902107 -6.333861 25.764083 31.818541 -10.725800 -92.748486 47.176601 -72.652369 1.895781 9.252708 -7.379221 
-51.250175 126.423660 88.527931 -162.709007 -4.772074 107.678314 6.911067 -14.248492 -47.272296 -6.492878 -5.622495 21.712610 2.071095 0.575226 -6.573286 nan nan nan -7.690501 -7.773272 -0.386803 -0.438911 -6.017409 17.054433 1.624489 -8.240799 -25.092831 nan nan nan 0.652205 14.684721 19.015286 -5.872305 1.021870 6.537522 -0.037425 9.150514 -4.127638 -2.075442 5.000141 15.284649 4.201772 11.186078 4.135383 -7.264545 -9.481644 -9.049408 -66.639423 -27.730758 26.224780 142.405476 -51.487967 -107.884705 2.595809 -20.673887 -16.154431 -8.687511 13.159016 -5.781979 27.308741 32.234187 -9.765231 -96.535568 45.954225 -75.028687 1.559198 9.169481 -7.726247 
-51.021717 126.543587 88.457878 -162.482470 -4.512609 107.815113 7.450757 -14.182424 -47.553015 -6.591607 -5.506997 21.961140 2.259016 0.359050 -6.852085 nan nan nan -7.712318 -7.329810 -0.406463 -0.254985 -5.125202 17.293234 1.550482 -7.004672 -24.962771 nan nan nan 0.079398 14.933219 18.909704 -5.407170 0.926082 6.951060 0.097050 9.089374 -4.376280 -2.060727 5.582195 15.112458 4.013164 10.178215 4.401458 -6.960043 -9.457623 -8.742831 -67.549342 -28.424144 26.439246 141.987402 -51.215901 -106.909457 2.038650 -20.969060 -15.906291 -7.096265 13.648306 -5.054711 28.809266 32.623951 -9.203006 -99.802527 44.880630 -77.225075 1.300805 9.211613 -7.058675 
-50.784325 126.668121 88.400803 -162.250546 -4.207977 107.899796 7.923578 -14.062655 -47.806182 -6.660349 -5.524551 22.326419 2.430585 0.154204 -7.246554 nan nan nan -7.692738 -6.835566 -0.209407 0.106502 -4.313125 17.211520 1.650094 -5.858650 -24.720854 nan nan nan -0.414014 15.117310 18.870524 -4.953426 0.786095 7.219334 0.230098 8.984944 -4.494925 -2.114458 6.174871 14.802197 3.908000 9.412338 4.958738 -6.752254 -9.136713 -8.619468 -68.081409 -29.159607 26.556958 141.675121 -51.153453 -106.187463 1.786368 -21.149679 -15.838876 -5.588462 13.713597 -4.476076 30.410608 33.470163 -8.647640 -102.358327 44.379989 -79.282320 0.047286 9.564954 -6.342642 
-50.548260 126.799263 88.351776 -162.000032 -3.817241 107.954268 8.450202 -13.951956 -48.089449 -6.708774 -5.605440 22.867888 2.722494 0.084968 -7.716306 nan nan nan -7.562054 -6.361123 0.169870 0.526770 -3.596027 16.803255 2.157195 -4.976330 -24.227805 nan nan nan -0.729844 15.183498 19.038843 -4.549555 0.577144 6.834989 0.420302 8.900929 -4.077264 -2.513713 6.708050 14.362463 3.941095 9.111329 5.483411 -6.780782 -8.739248 -8.623467 -67.763687 -29.937554 26.448234 141.638543 -51.274814 -106.172949 2.860727 -20.827020 -16.256081 -4.223225 13.656457 -4.187650 32.074709 34.463562 -8.017917 -104.371438 44.373058 -81.293254 -0.553860 9.409197 -6.241251 
-50.374954 126.891113 88.285690 -161.818964 -3.412840 108.006802 8.979685 -13.919310 -48.423511 -6.682006 -5.565094 23.500554 3.022905 0.103574 -8.113106 nan nan nan -7.489120 -5.861135 0.486371 0.929649 -3.116451 16.505562 2.663129 -4.265039 -23.474148 nan nan nan -0.996479 15.398151 18.768572 -4.152910 0.532737 6.795753 0.649314 8.952441 -3.561123 -2.769241 6.821036 14.170303 4.021659 8.653258 5.775233 -6.810273 -9.161415 -8.406209 -67.429657 -30.819728 26.315360 141.225967 -51.283136 -105.903353 3.965068 -20.476476 -16.139270 -2.898707 13.812463 -4.111518 33.455069 34.624477 -7.671430 -106.073530 44.297107 -83.388789 0.295364 9.099883 -7.022244 
-50.253204 126.979057 88.224144 -161.769956 -3.036760 108.030679 9.458234 -13.879458 -48.691539 -6.614225 -5.372569 24.104316 3.223307 0.076960 -8.516538 nan nan nan -7.453867 -5.294677 0.757998 1.209202 -2.620009 16.392750 3.067233 -3.398148 -22.737553 nan nan nan -1.247822 15.579183 18.543115 -3.808224 0.495243 6.954558 0.751585 8.888108 -3.374716 -2.831726 7.111379 14.105054 4.050672 8.176358 5.906850 -6.667195 -9.281467 -8.169681 -67.527426 -31.583635 26.304152 140.847970 -51.305005 -105.286882 4.438999 -20.358312 -15.962891 -1.655649 13.940766 -3.906016 35.071302 35.089907 -6.930896 -107.381826 43.874973 -84.741578 0.809474 9.329738 -7.872098 
-50.111523 127.057465 88.167580 -161.828049 -2.688918 108.007175 9.950666 -13.730258 -48.900596 -6.703176 -5.117167 24.672187 3.375919 0.102673 -8.885718 nan nan nan -7.453219 -4.842565 0.992986 1.424287 -2.056856 16.342915 3.445108 -2.330178 -22.160006 nan nan nan -1.575338 15.838851 18.326544 -3.458187 0.401437 7.352576 0.835991 8.676319 -3.385679 -2.687147 7.587237 13.912968 3.891240 7.811830 6.099823 -6.398549 -9.204272 -8.049986 -67.759901 -32.268236 26.383118 140.547537 -51.312597 -104.715899 5.870835 -20.051003 -15.877933 -0.518591 14.114099 -3.617909 36.483665 35.663040 -6.128550 -108.441036 43.495144 -85.905832 0.308468 9.545902 -8.569328 
-49.949482 127.126228 88.121674 -161.850043 -2.324186 108.036035 10.433527 -13.463907 -49.178009 -6.831369 -4.753149 25.243700 3.459671 0.007283 -9.175842 nan nan nan -7.338822 -4.433855 0.990962 1.553742 -1.527821 16.527348 3.740627 -1.439135 -21.803498 nan nan nan -1.910549 16.040091 18.157235 -3.117393 0.299130 7.654889 0.952423 8.444136 -3.524197 -2.529587 8.041144 13.751091 3.684507 7.528454 6.366645 -6.221974 -9.010842 -7.823508 -67.937910 -33.024745 26.294824 140.354526 -51.200974 -104.336543 5.427782 -20.019695 -15.287398 0.476005 14.163777 -3.080134 37.674458 36.290708 -5.554840 -109.487234 43.227076 -87.157577 0.462639 9.581333 -9.324000 
-49.828255 127.180000 88.062294 -161.910838 -1.937101 108.081319 10.833772 -13.181076 -49.481310 -6.751616 -4.191664 25.901144 3.576531 -0.262970 -9.574861 nan nan nan -7.232365 -3.960720 0.816623 1.598211 -1.072753 16.951297 4.068522 -0.431220 -21.559205 nan nan nan -2.137599 16.149337 17.747520 -2.819944 0.218281 8.390522 0.963882 8.331433 -3.945464 -2.220230 8.639401 13.771857 3.506072 7.000474 6.484231 -6.023023 -9.019708 -7.679765 -68.004722 -33.736629 26.152537 139.887665 -51.060364 -103.807373 1.957347 -20.853649 -14.782054 1.219723 14.404955 -2.420423 38.711575 36.638150 -5.060687 -110.427277 42.683127 -87.876396 1.577638 9.927617 -9.713278 
-49.733940 127.253471 88.025955 -162.157266 -1.499014 108.151420 11.271535 -12.834138 -49.728810 -6.724401 -3.715720 26.497389 3.794697 -0.206434 -9.872078 nan nan nan -7.132494 -3.486466 0.539494 1.693831 -0.370235 17.350934 4.690342 0.772053 -21.237393 nan nan nan -2.390310 16.200166 17.430324 -2.588646 0.155355 8.425900 1.047434 8.327325 -3.919340 -2.106668 9.071384 13.925291 3.570483 6.790771 6.536453 -5.843303 -9.261053 -7.595315 -68.129079 -34.096396 26.084809 139.494545 -50.849715 -103.349739 3.389423 -20.333261 -14.728904 1.985545 14.796063 -1.795654 39.468824 36.691076 -4.820297 -111.401681 42.701144 -88.661877 1.087605 10.061963 -9.342702 
-49.605881 127.326485 88.019730 -162.386331 -1.066260 108.093227 11.635167 -12.386988 -49.842787 -6.815990 -3.258040 27.138907 3.895364 -0.212999 -10.161971 nan nan nan -6.938287 -3.010635 0.433523 1.873589 0.425755 17.614609 5.037484 1.774919 -21.073402 nan nan nan -2.709398 16.338623 17.254094 -2.326982 0.125924 8.522749 1.193079 8.303146 -3.975310 -1.764219 9.503779 14.105557 3.647220 6.373091 6.400087 -5.609252 -9.643472 -7.526224 -68.080171 -34.512434 25.915349 138.997421 -50.670950 -102.627980 3.080092 -20.758048 -14.834285 2.699373 15.057100 -1.625201 40.225773 36.514332 -4.351371 -112.135008 42.765187 -88.740245 0.617641 10.156611 -8.806763 
-49.507904 127.395355 88.031754 -162.575564 -0.715711 108.073860 11.995882 -12.050884 -50.020285 -6.904658 -2.692575 27.771737 3.961150 -0.254733 -10.494791 nan nan nan -6.815912 -2.582658 0.311257 2.125190 1.186507 17.813400 5.306656 2.487505 -20.902449 nan nan nan -3.030075 16.363963 17.335614 -2.145032 0.034619 8.085201 1.347625 8.208867 -3.916789 -1.510133 9.727427 14.313088 3.865101 6.185235 6.382756 -5.427422 -9.680085 -7.373980 -68.108797 -34.957049 25.780992 138.811059 -50.572943 -102.322733 2.727034 -21.136385 -15.191782 3.434419 15.091686 -1.347336 40.981941 36.467361 -3.776444 -112.988002 43.004055 -89.054824 0.375369 10.241366 -8.295450 
-49.400887 127.416595 87.995422 -162.804539 -0.459613 107.840457 12.312665 -11.849241 -50.012040 -6.986103 -2.045312 28.353820 4.161731 -0.162600 -10.832180 nan nan nan -6.792861 -2.240139 0.367934 2.264417 1.768226 17.992153 5.524439 2.998358 -20.720705 nan nan nan -3.278708 16.297674 17.162474 -1.978909 -0.155425 8.449791 1.449737 8.129989 -3.805139 -1.300021 10.032899 14.121790 3.805212 5.974797 6.332445 -5.171217 -9.776132 -7.471475 -68.200797 -35.412056 25.794703 138.525714 -50.192813 -102.467340 4.300974 -20.467957 -15.101446 3.684126 15.418126 -1.119847 41.452605 36.564400 -3.483416 -113.827332 42.939453 -90.225995 0.206351 10.288637 -8.446329 
-49.289982 127.465591 87.952576 -163.050983 -0.166235 107.606179 12.584531 -11.592650 -49.917805 -6.999936 -1.582537 28.841673 4.269200 -0.121463 -11.151505 nan nan nan -6.604087 -1.816731 0.530967 2.252991 2.301518 17.970336 5.435890 3.311555 -20.791296 nan nan nan -3.543320 16.192399 16.882001 -1.799272 -0.327348 9.055573 1.496223 8.097607 -3.989200 -0.862404 10.536324 14.050512 3.769826 5.588271 6.314938 -4.918284 -9.783995 -7.602932 -68.168577 -35.868101 25.722461 138.091050 -49.901008 -102.226677 2.627820 -20.802444 -14.723260 3.818938 15.732420 -0.962242 42.278552 36.741656 -2.829571 -114.468441 42.463455 -90.765497 1.159406 10.482590 -9.036758 
-49.182560 127.521584 87.925606 -163.259169 0.125397 107.374583 12.860463 -11.380386 -49.789213 -7.109359 -1.420507 29.249302 4.357689 0.090597 -11.326290 nan nan nan -6.337108 -1.488595 0.745746 2.307041 3.074566 17.943232 4.986678 3.448563 -21.090387 nan nan nan -3.764463 16.079475 16.757936 -1.649601 -0.483239 9.154867 1.597285 8.088628 -3.878549 -0.550201 10.714323 13.894807 3.793828 5.486158 6.414308 -4.691578 -9.949757 -7.646738 -68.044234 -36.309888 25.663813 137.740257 -49.710886 -101.949715 4.535143 -20.197505 -14.488093 3.948415 15.774076 -1.020919 43.000295 36.798261 -2.264935 -115.063327 42.560801 -91.186559 1.131988 10.470351 -9.503903 
-49.108849 127.578079 87.896133 -163.458929 0.365954 107.206820 13.062646 -11.195625 -49.712029 -7.074717 -1.192030 29.636935 4.395094 0.151431 -11.597505 nan nan nan -6.177312 -1.157326 0.932899 2.426191 3.607372 17.954927 4.987528 3.681211 -20.973741 nan nan nan -3.934468 16.016548 16.512027 -1.509359 -0.644306 9.334742 1.655057 8.005378 -3.837014 -0.217640 10.909279 13.879836 3.754192 5.353694 6.440747 -4.539433 -10.237916 -7.721232 -67.725848 -36.625973 25.414376 137.372821 -49.669417 -101.271717 4.661387 -20.144718 -14.130710 4.152392 15.841862 -1.164784 43.486650 36.666516 -1.796461 -115.783873 42.589902 -91.593122 1.094564 10.560050 -9.884030 
-49.085915 127.635735 87.852921 -163.758966 0.595859 107.058800 13.190847 -10.922336 -49.642353 -7.051970 -1.036628 30.058478 4.443397 0.201468 -11.935274 nan nan nan -6.109546 -0.936899 1.036944 2.493698 3.982055 18.058741 5.201429 3.986668 -20.752221 nan nan nan -4.108371 15.993716 16.069083 -1.350176 -0.758290 9.715719 1.678867 7.892373 -3.896570 0.159982 11.112678 13.988765 3.679275 5.131267 6.496442 -4.483907 -10.556356 -7.754841 -67.177238 -36.835024 25.082603 136.985462 -50.158962 -100.016140 5.917558 -20.089114 -12.844861 4.465555 16.058901 -1.126656 43.655173 36.449971 -1.499937 -116.529038 42.536703 -91.967347 -1.064549 11.064683 -9.845409 
-49.082878 127.675514 87.813301 -164.123707 0.774621 106.882534 13.331130 -10.727801 -49.484194 -7.088537 -0.980672 30.374189 4.540461 0.290418 -12.153596 nan nan nan -6.052669 -0.684951 1.170414 2.567380 4.369700 18.123259 5.607239 4.128827 -20.501073 nan nan nan -4.269011 15.920734 15.760342 -1.280916 -0.901246 9.719075 1.730775 7.776066 -3.662629 0.403094 11.251157 14.111518 3.699084 5.168975 6.397963 -4.328142 -10.848481 -7.795624 -66.858294 -36.982471 24.789290 136.570855 -50.061660 -99.681325 7.551275 -19.998453 -13.773233 4.590808 16.228380 -1.146737 43.787545 36.381170 -1.312327 -117.120360 42.687477 -92.344879 -2.061800 11.138380 -9.987312 
-49.066341 127.690010 87.779930 -164.548741 0.964946 106.715113 13.516942 -10.629607 -49.334603 -7.010841 -0.962497 30.677604 4.649595 0.530080 -12.339597 nan nan nan -5.926221 -0.399800 1.237544 2.548924 4.630018 18.220134 5.895767 4.101247 -20.444279 nan nan nan -4.417331 15.807736 15.530131 -1.244607 -1.051787 9.659323 1.751832 7.622840 -3.522371 0.659979 11.473841 14.194621 3.753552 5.250676 6.471555 -4.245774 -10.979175 -7.845681 -66.428415 -37.205505 24.391204 136.265997 -50.057535 -99.342455 8.520263 -20.095195 -13.589752 4.720844 16.419425 -1.115315 43.950116 36.411900 -1.197870 -117.807287 42.848858 -92.889704 -2.371156 11.236948 -10.022868 
-49.064590 127.695305 87.755058 -165.064905 1.075205 106.497501 13.581747 -10.630154 -49.153091 -6.775444 -0.875486 31.022106 4.674844 0.852688 -12.586993 nan nan nan -5.908205 -0.324351 1.239366 2.136154 4.576988 18.391060 5.410626 4.048670 -20.848505 nan nan nan -4.608414 15.733140 15.371648 -1.228045 -1.229735 9.832435 1.702629 7.421207 -3.734657 0.855266 11.608497 14.219871 3.877520 5.402387 6.726243 -4.131167 -10.873581 -7.866842 -66.175096 -37.643108 24.188985 136.111237 -49.841463 -99.230063 6.906906 -19.808407 -12.678034 4.860080 16.516232 -1.060056 44.272205 36.728352 -0.713634 -118.399683 42.765866 -93.341731 -1.701508 11.181565 -9.936177 
-49.066048 127.705307 87.736122 -165.679988 1.182944 106.321355 13.679919 -10.484181 -48.978295 -6.678800 -0.583753 31.328501 4.719212 1.073770 -12.787013 nan nan nan -5.950556 -0.103732 1.226818 2.206118 4.639957 18.598293 5.139692 4.105089 -20.966914 nan nan nan -4.828959 15.627182 15.026384 -1.215603 -1.384291 10.232627 1.624519 7.234097 -4.054660 1.240846 11.952087 14.418871 3.768381 5.258228 6.762823 -3.874817 -10.897460 -7.968830 -65.765670 -37.733932 23.706267 136.018643 -49.728468 -98.628260 4.183206 -20.477609 -11.445435 4.829712 16.680151 -1.285002 44.896188 36.927679 -0.042324 -118.978128 42.674564 -93.377772 -0.943063 11.356278 -9.949047 
-49.090225 127.725349 87.738091 -166.291938 1.266047 106.099925 13.692310 -10.299840 -48.734997 -6.683768 -0.390508 31.597479 4.759104 1.304638 -12.887807 nan nan nan -6.114559 -0.174525 1.205923 2.194438 4.423195 18.782418 4.784720 3.996732 -21.102215 nan nan nan -5.037377 15.478675 14.743974 -1.202234 -1.543142 10.185300 1.654679 7.153928 -3.913599 1.315520 11.958932 14.583606 3.699981 5.379016 6.859335 -3.738463 -11.089422 -8.073346 -65.561459 -37.712347 23.329519 135.593949 -49.434824 -98.222635 3.921894 -20.879183 -12.589689 4.596448 16.770175 -1.756526 45.625277 36.901485 0.550229 -119.624619 42.860269 -93.779151 -1.019509 11.503032 -10.492284 
-49.119308 127.731995 87.723732 -167.061148 1.282205 105.650217 13.768088 -10.211183 -48.229248 -6.748479 -0.044158 31.760938 5.044355 1.613421 -12.954275 nan nan nan -6.444736 -0.287893 1.389697 2.377082 4.344378 19.027512 5.009052 3.960558 -20.876383 nan nan nan -5.527713 16.290796 14.317686 -0.828393 -0.931459 11.714753 2.190858 6.136240 -4.985292 1.411933 11.343428 14.283013 3.126474 5.465817 7.293815 -3.890139 -11.549931 -8.197320 -65.925025 -37.963755 23.781471 135.108409 -49.434261 -97.419630 4.168052 -20.715613 -11.169617 3.893490 16.081917 -3.054464 46.452760 36.604578 1.791260 -120.026812 43.011210 -94.364487 -1.156857 11.634630 -10.940471 
-49.147888 127.755882 87.727219 -167.897233 1.426231 105.257962 13.892128 -10.005958 -47.742458 -6.730628 0.186859 31.987847 5.116640 1.886463 -13.125653 nan nan nan -6.572386 -0.397395 1.549403 2.385083 4.267694 19.223996 5.143264 3.980382 -20.906148 nan nan nan -5.616001 16.379671 14.144979 -0.782014 -0.799205 11.716096 2.286165 5.675438 -4.875619 1.371961 11.329986 14.457046 3.056975 5.593523 7.401699 -3.950078 -11.666685 -8.280903 -65.693501 -38.056827 23.620692 134.870380 -49.393650 -97.139508 4.324598 -20.321722 -10.281999 3.690933 16.141381 -3.358154 46.812674 36.799903 2.293631 -120.761727 43.232051 -95.005239 -1.126912 11.801636 -11.321528 
-49.183945 127.754936 87.748894 -168.834087 1.554810 104.890594 13.901087 -9.725451 -47.232569 -6.646591 0.282001 32.179562 5.107782 2.194762 -13.302830 nan nan nan -6.747492 -0.576533 1.628000 2.330931 4.167444 19.479571 5.047335 4.078817 -21.121023 nan nan nan -5.755787 16.304949 14.087417 -0.814431 -0.797919 11.471444 2.301229 5.475662 -4.727689 1.332055 11.413018 14.755647 3.113019 5.720499 7.302614 -3.872908 -11.601554 -8.311329 -65.629432 -38.219386 23.432678 134.599211 -49.334772 -96.938531 4.257555 -20.097397 -10.253036 3.507389 16.269904 -3.358572 47.114213 37.200441 2.531847 -121.590573 43.535832 -95.753693 -1.228414 11.914441 -11.590409 
-49.226257 127.741386 87.777954 -169.903062 1.752332 104.506112 13.907338 -9.294698 -46.682903 -6.560362 0.295450 32.401643 5.082326 2.490998 -13.465084 nan nan nan -6.872709 -0.776856 1.698498 2.130323 3.955815 19.620418 4.240394 4.106100 -21.466039 nan nan nan -5.885484 16.113546 13.913918 -0.875343 -0.828881 11.381273 2.225264 5.532977 -4.668948 1.463180 11.561308 15.043878 3.084889 5.793981 7.346616 -3.754610 -11.632666 -8.200788 -65.306507 -38.334413 23.024282 134.378285 -49.293733 -96.811605 4.402056 -20.299485 -10.423441 3.392243 16.495043 -3.229241 47.184644 37.619649 2.509421 -122.355051 43.913190 -96.708407 -1.311222 12.007526 -11.566171 
-49.246895 127.723511 87.814171 -171.035232 2.008124 104.080252 14.056988 -8.808487 -46.093234 -6.481924 0.562148 32.652542 5.057600 2.701515 -13.692983 nan nan nan -6.883808 -0.829586 1.793362 1.979676 3.725521 19.808131 4.132717 3.915473 -21.474264 nan nan nan -6.000116 15.940071 13.691215 -0.882356 -0.861206 11.220038 2.166737 5.596221 -4.463470 1.641322 11.763947 15.306367 3.028601 5.823758 7.502794 -3.666667 -11.721297 -8.217383 -64.989962 -38.328770 22.654809 134.240096 -49.247593 -96.686100 4.571000 -20.443816 -10.246788 3.304211 16.815287 -3.286418 47.130222 37.935711 2.541897 -122.980550 44.306798 -97.463284 -0.995493 12.032629 -11.352675 
-49.286488 127.694031 87.854286 -172.225247 2.159348 103.654706 14.161629 -8.385680 -45.470220 -6.304160 1.097492 32.836615 5.030355 2.816776 -13.890415 nan nan nan -7.089428 -0.960881 1.830636 1.988780 3.495419 20.064796 4.140939 3.775662 -21.691489 nan nan nan -6.033589 15.900346 13.566089 -0.976895 -0.861797 11.108732 2.065720 5.425740 -4.398759 1.845511 11.871182 15.524646 2.871310 5.712309 7.654289 -3.465270 -11.652456 -8.359219 -65.136019 -38.362634 22.657131 133.917736 -49.086693 -96.321650 4.264022 -20.511281 -10.182526 3.151472 17.106584 -3.448591 47.362441 38.331251 3.050615 -123.470749 44.486956 -97.623210 -0.427235 12.114195 -11.070567 
-49.345303 127.666519 87.884605 -173.463465 2.308959 103.224298 14.239177 -7.931782 -44.877360 -6.170607 1.528042 33.103773 4.929442 3.009484 -14.057246 nan nan nan -7.358713 -1.079720 1.917584 2.076535 3.274779 20.217820 4.079099 3.918664 -21.883717 nan nan nan -5.907212 15.950296 13.325912 -1.161199 -0.780740 11.343804 1.882246 5.179828 -4.581872 2.200082 11.965791 15.797757 2.705441 5.359212 7.823507 -3.221592 -11.827641 -8.449225 -65.047011 -38.404412 22.565615 133.433133 -48.858885 -95.687361 4.172514 -20.671537 -10.017363 2.931944 17.579998 -3.595537 47.648450 38.434643 3.540153 -124.232360 44.384683 -97.984281 -0.828698 12.788187 -11.176013 
-49.406094 127.631042 87.919846 -174.821825 2.455711 102.802876 14.343798 -7.462012 -44.259958 -6.127465 1.808823 33.353764 4.865411 3.365011 -14.255579 nan nan nan -7.632378 -1.025521 1.994435 2.129580 3.062365 20.334942 4.049910 4.144890 -21.892249 nan nan nan -5.921452 15.927716 12.875119 -1.280153 -0.700715 11.721771 1.694691 5.083502 -4.766072 2.605074 12.071308 16.097044 2.499915 5.035035 8.103035 -3.034383 -12.090252 -8.519391 -64.560543 -38.331406 22.227358 133.142346 -48.694459 -95.152957 4.536228 -20.825934 -9.786186 2.837310 18.196158 -3.782654 47.673246 38.492695 3.931409 -124.908237 44.347430 -98.422230 -1.920261 13.429231 -11.202703 
-49.459579 127.552231 87.979607 -176.218069 2.619068 102.371351 14.552647 -7.089631 -43.598373 -6.043015 2.201503 33.489569 4.944969 3.788715 -14.437953 nan nan nan -7.882299 -1.019679 1.987958 2.117329 2.784087 20.497571 4.272944 4.172990 -21.677076 nan nan nan -6.082188 15.689533 12.441955 -1.340260 -0.711399 11.909624 1.574759 5.221537 -4.747297 2.887325 12.140958 16.279514 2.355979 4.833453 8.417652 -2.850912 -12.230538 -8.607009 -64.306672 -38.252737 21.916622 133.206977 -48.458117 -95.236528 4.127518 -20.810562 -9.378969 2.685777 18.669441 -3.998273 47.774466 38.904291 4.285862 -125.188231 44.686218 -98.737776 -0.686159 12.500011 -11.281894 
-49.499317 127.536400 88.058044 -177.615084 2.909274 102.179152 14.776931 -6.486326 -43.114592 -5.655892 2.695518 33.642787 4.764099 3.803562 -14.687038 nan nan nan -7.934350 -1.099657 1.818303 1.896715 2.379550 20.463989 4.863931 4.135340 -21.229677 nan nan nan -5.869528 14.535977 12.309197 -1.748927 -1.352844 10.373787 0.967163 5.993394 -3.863864 2.959340 12.766038 17.177979 2.731303 4.815660 8.379487 -2.683031 -11.586121 -8.707947 -63.525741 -37.707712 21.127321 133.598918 -48.526437 -95.578321 4.386430 -20.741602 -9.911050 3.107302 19.600690 -3.016107 48.047244 40.037338 4.422019 -125.960994 45.341290 -99.253750 -1.055230 12.679133 -11.220657 
-49.564297 127.476936 88.142189 -178.964265 3.074959 101.820011 14.865056 -6.070607 -42.513306 -5.346326 3.086314 33.892399 4.700318 3.881556 -14.930840 nan nan nan -8.175006 -1.283283 1.752843 1.629262 1.685388 20.580407 5.172464 3.862323 -21.075446 nan nan nan -5.832236 13.849069 11.958877 -1.921075 -1.709167 9.999051 0.592226 6.400444 -3.607069 3.278113 13.111871 17.638966 2.694317 4.745940 8.465951 -2.491141 -11.171152 -8.896651 -63.223761 -37.528981 20.758714 133.576385 -48.521639 -95.535403 3.924001 -20.489234 -9.868218 3.148452 20.242854 -2.736626 48.429135 40.703532 5.020046 -126.488899 45.546795 -99.685280 -1.400413 12.894253 -11.464810 
-49.628651 127.392090 88.222519 179.510729 3.195927 101.473898 14.979228 -5.596837 -41.878993 -5.125529 3.488566 34.067801 4.696226 4.070156 -15.104710 nan nan nan -8.571723 -1.427195 1.525972 1.530060 0.915257 20.781156 5.342016 3.668709 -21.033546 nan nan nan -5.966307 13.555475 11.388103 -1.972848 -1.747843 10.091390 0.404007 6.448126 -3.597059 3.650648 13.190369 17.967180 2.420754 4.710587 8.776560 -2.319489 -10.962411 -8.993682 -63.147453 -37.454240 20.627443 133.614072 -48.342727 -95.603092 3.466240 -20.178520 -9.358762 3.090223 20.668615 -2.844910 48.869925 41.172964 5.862119 -126.900883 45.802326 -100.104915 -1.047704 13.058851 -11.733454 
-49.681713 127.299309 88.313316 177.953061 3.309887 101.143256 15.163823 -5.108860 -41.210468 -4.977080 3.957295 34.109363 4.670422 4.353357 -15.275865 nan nan nan -8.982782 -1.563337 1.239514 1.627987 0.292475 21.031323 5.537936 3.653940 -21.018110 nan nan nan -6.073478 13.319876 10.924414 -2.018457 -1.727317 9.996532 0.277959 6.402796 -3.548958 3.872123 13.254151 18.352682 2.151629 4.606846 9.007911 -2.152220 -10.852142 -9.059252 -63.105812 -37.314257 20.441310 133.600903 -48.122194 -95.389063 3.160022 -20.222438 -8.767976 2.967640 21.034629 -3.040403 49.531666 41.621674 6.683946 -127.391520 46.223954 -100.490344 -0.278790 13.151123 -11.940952 
-49.717434 127.219330 88.421654 176.479467 3.446924 100.796128 15.394127 -4.645779 -40.525006 -4.836705 4.388410 34.128310 4.555414 4.630310 -15.415092 nan nan nan -9.253506 -1.764374 1.057041 1.479556 -0.157757 21.265841 5.635478 3.545338 -20.760068 nan nan nan -6.132769 13.023153 10.576994 -2.064504 -1.759826 9.731802 0.151409 6.332183 -3.471320 4.189271 13.366044 18.706745 1.925155 4.444141 9.234610 -2.009980 -10.707935 -9.099614 -62.813985 -37.081360 20.034514 133.572937 -48.121340 -94.886124 3.365034 -20.544147 -8.351984 2.908148 21.412179 -3.216064 50.364619 42.045152 7.432807 -128.002411 46.768329 -100.908496 -0.142756 13.345957 -11.955534 
-49.767616 127.108574 88.536728 174.902674 3.578259 100.430594 15.572296 -4.139819 -39.808866 -4.610408 4.820255 34.144691 4.447028 4.852657 -15.480575 nan nan nan -9.520392 -1.924343 0.826149 1.218641 -0.750047 21.446827 5.881529 3.248718 -20.286397 nan nan nan -6.170149 12.740288 10.233885 -2.090376 -1.771440 9.527712 0.012463 6.242896 -3.435062 4.486802 13.480840 19.100602 1.655853 4.322243 9.335538 -1.796278 -10.476849 -9.190981 -62.626056 -36.835937 19.663192 133.632345 -47.962255 -94.830718 3.040944 -20.401335 -8.377862 2.793603 21.830363 -3.340445 51.175937 42.463246 8.257822 -128.594712 47.181794 -101.300194 -0.194286 13.474596 -11.896766 
-49.835575 126.991653 88.646599 173.219991 3.702125 100.059164 15.681000 -3.551670 -39.034517 -4.361118 5.239134 34.133036 4.450376 5.027879 -15.427729 nan nan nan -9.826290 -2.054345 0.524750 0.954962 -1.253614 21.676867 5.933795 3.157496 -19.911028 nan nan nan -6.160256 12.430485 9.942038 -2.117093 -1.739087 9.405489 -0.125699 6.167110 -3.575257 4.778556 13.577587 19.599034 1.239477 4.220216 9.424645 -1.641985 -10.206273 -9.298472 -62.394763 -36.411146 19.354704 133.685825 -47.821846 -94.639847 3.279217 -20.359948 -8.672683 2.529943 22.220074 -3.439202 52.071155 42.858329 9.340011 -129.166798 47.501849 -101.403988 -0.807681 13.632199 -11.947285 
-49.887344 126.886559 88.758606 171.588948 3.771119 99.658817 15.804375 -3.044450 -38.165749 -4.308449 5.487042 33.971226 4.497831 5.449135 -15.453183 nan nan nan -10.225814 -2.379029 0.300555 0.846593 -1.848785 21.850545 6.079321 2.938164 -19.619924 nan nan nan -6.227003 12.193513 9.520953 -2.124413 -1.714537 9.352101 -0.201599 6.128155 -3.462754 4.934071 13.544338 19.936186 1.008943 4.219640 9.462162 -1.465582 -10.158884 -9.313898 -61.996058 -36.118675 18.935529 133.939105 -47.773890 -94.542079 4.203826 -19.949423 -8.367012 2.273010 22.491045 -3.695620 52.917668 43.194373 10.126648 -129.808985 47.988152 -101.604115 -1.029945 13.574297 -11.728049 
-49.912418 126.764748 88.905655 170.116067 3.829810 99.230547 15.993054 -2.690277 -37.268111 -4.312128 5.675470 33.733721 4.419274 5.805038 -15.462666 nan nan nan -10.650306 -2.869378 0.177594 0.925653 -2.642800 21.960949 6.467555 2.528296 -19.178763 nan nan nan -6.344983 12.109565 9.080562 -2.040344 -1.712548 9.168066 -0.180703 6.077861 -3.114059 5.088271 13.353020 20.155333 0.966743 4.077469 9.606342 -1.218026 -10.351258 -9.231021 -61.962962 -36.153756 18.656198 133.847529 -47.573566 -94.542249 4.621124 -19.628591 -8.585791 2.128500 22.655884 -4.070479 53.613784 43.244817 10.626966 -130.533021 48.468311 -102.262363 -0.554408 13.366199 -11.859236 
-49.920574 126.655144 89.072594 168.647427 3.869029 98.852844 16.158054 -2.232505 -36.407790 -4.211971 6.099839 33.533492 4.288140 5.847039 -15.348053 nan nan nan -11.080568 -3.335462 -0.027775 0.909348 -3.632209 22.155077 6.787361 2.270913 -18.693475 nan nan nan -6.328477 11.739865 8.910444 -2.026868 -1.800443 8.791284 -0.310735 5.939848 -3.039701 5.034826 13.595034 20.441846 0.978469 4.031163 9.685280 -1.038589 -9.793712 -9.204373 -62.097734 -35.979216 18.522660 133.965584 -47.485264 -94.650189 5.026680 -19.610980 -8.953199 2.139072 22.788477 -4.079061 54.738839 43.697963 11.793740 -131.119311 48.989202 -102.940572 -0.474843 13.320761 -12.353740 
-49.917450 126.498932 89.172989 167.095238 3.741104 98.148040 16.216529 -1.813908 -35.207113 -4.237816 6.559587 33.219937 4.425471 6.033436 -15.074835 nan nan nan -11.730301 -3.728869 0.007644 0.724773 -4.763464 22.450538 6.336205 2.151051 -18.552361 nan nan nan -6.920184 12.604560 8.033669 -1.431843 -0.792282 12.335099 0.220599 4.416707 -5.493575 5.135728 13.294584 19.928163 0.130357 3.743868 9.953880 -1.138160 -9.683664 -9.196141 -62.976710 -36.457156 19.236237 133.676697 -47.025940 -94.449541 4.318475 -19.788671 -7.635891 1.124522 21.732833 -5.620847 56.600211 43.666395 14.198526 -131.043373 49.256347 -103.305662 -0.221029 13.583430 -12.772346 
-49.941109 126.356621 89.319435 165.491744 3.780795 97.801012 16.251544 -1.137007 -34.353838 -3.937451 6.955478 32.950812 4.246220 6.014757 -14.854296 nan nan nan -12.014784 -4.076039 -0.393997 0.394243 -5.654204 22.736584 6.477263 1.761944 -18.280767 nan nan nan -6.661988 12.087566 7.786186 -1.547250 -0.747216 12.276404 0.043124 4.127431 -5.504780 4.662192 13.971991 20.386904 0.131473 3.651901 9.514067 -1.433754 -9.199647 -9.368850 -61.766773 -35.886952 18.205972 134.079272 -46.906590 -94.896782 4.276438 -19.837246 -6.892433 0.756895 22.093405 -5.579394 57.942488 44.155577 15.241376 -131.519372 49.920577 -104.274278 -0.414468 14.027519 -13.175624 
-49.975796 126.161560 89.429092 163.976829 3.854926 97.392754 16.390150 -0.588814 -33.470946 -3.788527 7.224120 32.643147 4.076076 6.229162 -14.728054 nan nan nan -12.230249 -4.472123 -0.668582 0.186715 -6.426413 23.007424 6.416137 1.267772 -17.994232 nan nan nan -6.718831 11.824275 7.013672 -1.524683 -0.779464 12.456728 -0.145762 4.606776 -5.173965 5.160374 13.711121 20.628977 0.097065 3.177276 9.687779 -1.195035 -10.055125 -8.852091 -60.731042 -36.011284 17.307842 133.839908 -46.703922 -94.667850 4.718553 -19.956171 -6.075886 1.014461 22.500060 -5.568769 57.388878 43.764760 14.657974 -132.042626 50.196213 -105.037961 -0.518534 14.668820 -14.449647 
-50.012196 125.987442 89.570251 162.502436 3.824388 97.054652 16.472362 -0.162131 -32.569709 -3.617538 7.622709 32.189109 3.955744 6.386019 -14.621422 nan nan nan -12.566190 -4.816417 -0.857666 0.035381 -7.341106 23.042595 6.628550 1.113511 -17.675687 nan nan nan -6.710922 11.541053 6.521036 -1.535064 -0.851973 12.312410 -0.193033 4.647767 -4.887335 5.426523 13.662385 20.986718 -0.149281 2.942278 9.570421 -0.993551 -10.464641 -8.770152 -60.467914 -35.587038 16.698873 133.799758 -46.098523 -94.613339 4.086619 -20.279316 -5.510541 1.119190 23.241671 -5.578918 57.325220 43.588461 14.424583 -131.782486 50.309366 -104.421776 0.958585 15.594248 -13.539022 
-50.023830 125.790344 89.713684 161.047751 3.772098 96.773860 16.506024 0.402988 -31.752094 -3.544828 7.933338 31.755598 3.935854 6.562309 -14.457099 nan nan nan -12.906880 -5.239033 -1.176008 -0.070648 -8.210842 23.145524 6.725099 0.862284 -17.357692 nan nan nan -6.570724 11.082641 6.251538 -1.635019 -1.052630 12.066575 -0.390388 4.679144 -4.758075 5.696378 13.866959 21.216023 -0.423354 2.906273 9.602208 -0.617500 -10.275611 -8.952716 -60.283330 -34.903992 16.382650 134.047530 -45.586112 -94.700731 4.192384 -19.676852 -6.038379 0.913669 23.819062 -5.690033 58.221305 43.451157 15.713854 -132.477092 50.558318 -105.356757 -0.251013 14.877679 -15.086342 
-49.999485 125.590103 89.859871 159.616580 3.700691 96.477892 16.578861 0.912655 -30.832116 -3.488429 8.364692 31.155387 3.829039 6.608136 -14.200158 nan nan nan -13.256889 -5.748359 -1.471448 -0.146575 -9.229314 23.198219 6.747098 0.642159 -17.148017 nan nan nan -6.480547 10.720686 5.985354 -1.711294 -1.193155 12.199575 -0.576624 4.616695 -4.980687 5.896493 14.143994 21.312384 -0.648481 2.822319 9.730258 -0.288231 -9.934470 -8.982122 -60.110305 -34.568759 16.149747 134.191947 -45.122965 -94.922431 3.967048 -19.410315 -6.200401 0.898364 24.009487 -5.766997 58.978242 43.609732 16.793698 -132.911722 50.919557 -105.636178 -0.664151 14.340587 -15.034735 
-49.957752 125.389854 90.004509 158.139930 3.649569 96.139863 16.658231 1.514768 -29.800268 -3.436105 8.814288 30.476033 3.638999 6.553432 -13.960602 nan nan nan -13.515631 -6.149656 -1.697057 -0.199635 -10.296073 23.098806 6.734790 0.357643 -17.039004 nan nan nan -6.469875 10.481094 5.657895 -1.675579 -1.150449 12.431166 -0.608678 4.433108 -5.235209 6.052217 14.333528 21.495742 -0.950010 2.724575 9.867867 -0.288015 -9.652974 -8.831720 -59.688650 -34.420529 15.752926 134.114461 -44.896772 -95.137514 3.986745 -19.732780 -5.860554 0.987444 24.069951 -5.687787 59.512395 43.885156 17.404130 -133.179695 51.385537 -105.960939 -0.461347 14.466686 -14.775517 
-49.945137 125.195702 90.173393 156.712503 3.493596 95.880846 16.655262 1.993801 -28.823818 -3.397171 9.412553 29.745389 3.436084 6.632590 -13.669968 nan nan nan -13.858127 -6.354591 -1.919512 -0.147920 -11.222967 22.953819 7.013675 0.167882 -16.889676 nan nan nan -6.729229 10.244943 5.550397 -1.692020 -1.090795 11.930810 -0.614595 4.861336 -5.230628 6.504783 13.601769 21.782770 -1.047524 2.974709 10.022414 -0.210725 -9.673237 -8.361330 -59.608072 -34.705329 15.603464 133.890749 -44.946314 -94.712659 4.130163 -20.254549 -5.481992 1.208790 23.412293 -6.202055 60.780061 43.283579 18.317546 -133.956362 51.911900 -106.906940 0.033732 14.768540 -14.692250 
-49.910503 124.972153 90.308525 155.258820 3.407010 95.648633 16.661136 2.686590 -27.952547 -3.127243 10.187623 29.190208 3.321444 6.563961 -13.450743 nan nan nan -14.081180 -6.732064 -2.242751 -0.175879 -11.953642 22.969525 7.121455 0.351089 -16.510249 nan nan nan -6.541555 9.886836 5.091726 -1.763848 -1.064989 12.075898 -0.719511 4.758016 -5.304262 6.744430 13.896399 22.384661 -1.525883 2.693956 9.911551 -0.301398 -9.397587 -8.516785 -59.130644 -34.159436 15.095086 133.886287 -44.673185 -94.787860 3.535016 -20.474613 -5.312934 1.132181 23.847655 -6.106599 61.420275 43.261392 18.877927 -134.126811 52.178245 -107.195606 0.342364 15.115905 -14.769459 
-49.850037 124.753571 90.444244 153.797982 3.289229 95.381529 16.687369 3.395820 -26.990418 -2.974033 10.906799 28.553996 3.277291 6.493023 -13.223161 nan nan nan -14.314295 -7.254343 -2.544950 -0.226044 -12.635428 22.969076 7.131043 0.516407 -16.073454 nan nan nan -6.560509 9.719601 4.737261 -1.721451 -0.948323 12.476711 -0.798126 4.531601 -5.719959 7.015491 14.017543 22.672406 -1.886416 2.398633 9.842661 -0.218523 -8.979485 -8.396637 -59.085374 -34.067036 14.829708 133.982317 -44.424737 -95.032241 2.998110 -20.656032 -5.284058 1.209529 23.879778 -6.033055 62.040829 43.303601 19.558599 -134.280186 52.425854 -107.405857 0.739653 15.322755 -14.854267 
-49.797626 124.537628 90.564568 152.391333 3.181982 95.120860 16.716051 4.072080 -26.038113 -2.911121 11.424116 27.872238 3.216636 6.546966 -12.985555 nan nan nan -14.486351 -7.572982 -2.815944 -0.258208 -13.252100 22.849139 7.200894 0.508940 -15.596407 nan nan nan -6.407054 9.397383 4.540103 -1.755868 -0.942794 12.352293 -0.929274 4.335942 -5.728506 7.197703 14.383933 22.917442 -2.185891 2.241565 9.822177 -0.172438 -8.545429 -8.355888 -58.786608 -33.702777 14.395304 134.235885 -44.230730 -95.340145 2.898696 -20.607951 -4.687423 1.223160 24.087929 -5.829756 62.567721 43.376539 20.166612 -134.473572 52.806428 -107.814968 0.758162 15.426876 -15.131905 
-49.725132 124.294693 90.667870 151.032341 3.048078 94.816916 16.735849 4.672931 -24.996932 -2.919985 11.847738 27.055610 3.191950 6.797813 -12.666344 nan nan nan -14.624547 -7.671262 -2.917515 -0.181332 -13.779486 22.405532 7.071642 0.542372 -15.205770 nan nan nan -6.241731 9.174002 4.057469 -1.739777 -0.793623 12.930332 -1.081459 4.093327 -5.907436 7.351177 14.621136 23.008239 -2.482403 1.944172 9.858327 -0.089119 -8.426495 -8.382118 -58.374664 -33.366810 14.032534 134.245683 -43.893391 -95.369608 2.889926 -20.322289 -4.060144 0.976536 24.182649 -6.007686 63.040835 43.209349 20.848326 -134.788821 53.103437 -108.449309 0.453034 15.179400 -16.099428 
-49.606174 124.049934 90.767471 149.797415 2.914848 94.628125 16.794609 5.172948 -24.034520 -2.920364 12.304901 26.149035 3.062789 6.989672 -12.251708 nan nan nan -14.709357 -7.810375 -2.950984 0.086189 -14.205149 21.645860 6.942581 0.660384 -14.783390 nan nan nan -6.228152 8.741775 3.829713 -1.724869 -0.805066 13.018504 -1.228258 4.223471 -6.286745 7.496149 14.574700 23.178296 -2.729324 1.839295 10.193686 0.103310 -8.037867 -8.054968 -58.242893 -33.222980 13.854948 134.216430 -43.699366 -95.363020 3.632248 -20.125607 -4.123813 1.112465 24.013059 -5.740374 63.702183 43.330810 21.545903 -135.185635 53.354872 -109.171671 0.666060 14.784361 -16.948069 
-49.479946 123.778175 90.849861 148.595486 2.804366 94.417553 16.913916 5.632665 -23.068747 -2.971097 12.608080 25.227271 2.925030 7.227881 -11.796406 nan nan nan -14.812513 -7.996041 -2.957710 0.457361 -14.465882 20.912427 6.719590 0.813431 -14.477445 nan nan nan -6.391925 8.798877 2.912634 -1.505535 -0.605754 14.098509 -1.074034 4.096864 -6.635010 7.580110 14.219850 23.271213 -3.212173 1.829980 10.229786 0.247794 -8.770108 -7.485713 -57.889776 -33.006863 13.128494 134.529234 -43.186859 -95.622342 4.716012 -19.783309 -3.408083 1.110222 24.007167 -5.900375 63.470974 43.051137 21.061829 -135.565703 53.665519 -109.870182 1.209010 14.724430 -16.952216 
-49.356373 123.501518 90.960320 147.377707 2.690733 94.347142 16.972081 6.188827 -22.248508 -2.866418 13.084272 24.349817 2.690059 7.138468 -11.375086 nan nan nan -14.792573 -8.189371 -3.179576 0.554225 -14.571176 20.266696 6.623145 0.966914 -14.278585 nan nan nan -6.115608 8.365451 2.775440 -1.642844 -0.774830 13.517944 -1.172866 3.955271 -6.389589 7.388157 14.670623 23.628140 -3.432591 1.865560 10.038838 0.343253 -8.509263 -7.391245 -57.399359 -32.079695 12.271308 135.134426 -42.622070 -96.069354 4.546878 -19.756253 -3.353852 1.132476 24.423115 -5.538197 64.121640 43.265921 21.299976 -135.539430 54.136273 -109.844475 1.862440 14.907723 -16.400910 
-49.240234 123.194809 91.035561 146.146031 2.544946 94.206826 17.019788 6.663716 -21.365891 -2.772381 13.619985 23.455063 2.513663 7.098701 -10.912241 nan nan nan -14.792234 -8.353651 -3.396869 0.563029 -14.668320 19.778813 6.217194 1.113165 -14.271755 nan nan nan -5.970955 8.131836 2.580435 -1.648827 -0.796723 13.794069 -1.304362 3.757716 -6.778140 7.566086 15.081192 23.631693 -3.758736 1.610733 10.245401 0.478512 -7.890693 -7.418395 -57.336160 -31.778733 12.006696 135.349096 -42.248224 -96.342338 2.132405 -19.953645 -2.999103 1.097951 24.397113 -5.637437 65.128060 43.292981 22.473686 -135.174583 54.278215 -109.517222 2.932303 15.071578 -16.488388 
-49.101196 122.877373 91.081367 144.989890 2.410031 94.025504 17.127649 7.044293 -20.511171 -2.746423 14.077293 22.661899 2.355920 7.258350 -10.486583 nan nan nan -14.808690 -8.395019 -3.533231 0.647264 -14.805550 19.368980 6.079608 1.267685 -14.257858 nan nan nan -5.995375 8.094148 1.908385 -1.450761 -0.678207 14.689959 -1.320414 3.561851 -7.066326 7.629366 15.067551 23.509969 -4.163565 1.414125 10.279752 0.453312 -7.567544 -7.175978 -57.308284 -32.021278 11.835955 135.427299 -42.072033 -96.774989 1.448004 -19.810825 -2.067436 1.028677 24.116948 -5.985554 65.645653 43.200714 23.276660 -135.073765 54.577729 -109.712049 3.496715 15.028644 -16.855285 
-48.922726 122.595406 91.138618 143.963775 2.282925 93.862224 17.199479 7.442121 -19.699218 -2.688765 14.391716 21.892945 2.157343 7.343734 -10.117838 nan nan nan -14.788662 -8.442716 -3.584026 0.782251 -14.752360 18.895232 6.118874 1.453913 -14.364649 nan nan nan -5.834973 7.649549 1.778554 -1.515573 -0.885261 14.501640 -1.522736 3.726067 -7.111125 7.576044 15.181685 23.542728 -4.180845 1.379626 10.510585 0.414086 -7.022925 -6.961896 -57.036705 -31.901188 11.563425 135.545975 -42.151367 -96.976384 2.210740 -19.833414 -2.170297 1.324009 24.041133 -5.739285 66.153910 43.267310 23.823496 -135.308650 55.110273 -110.260608 3.143135 15.307806 -17.114158 
-48.747955 122.308487 91.210968 143.048721 2.127544 93.743316 17.205976 7.815420 -18.971774 -2.581003 14.738735 21.120160 1.949182 7.354161 -9.683031 nan nan nan -14.774013 -8.454318 -3.655098 0.862025 -14.694312 18.428024 6.129511 1.693842 -14.502377 nan nan nan -5.746352 7.266167 1.752338 -1.560483 -1.043134 14.008143 -1.653159 3.814751 -7.008660 7.453663 15.244105 23.722953 -4.000753 1.221686 10.607092 0.235037 -6.565536 -6.839577 -56.742141 -31.732377 11.435269 135.611973 -42.269992 -97.067329 3.027890 -20.176808 -2.502370 1.756344 23.956401 -5.537967 66.697328 43.169388 24.338791 -135.564550 55.478764 -110.697133 2.407606 15.865622 -17.165843 
-48.586391 121.972244 91.254257 142.182112 1.889645 93.560327 17.167101 8.012269 -18.200472 -2.519179 14.998270 20.301886 1.948145 7.502766 -9.168426 nan nan nan -14.933469 -8.451089 -3.726509 0.980244 -14.638135 18.124507 5.930701 2.091076 -14.561139 nan nan nan -5.817730 7.261126 0.939913 -1.430111 -1.001618 15.564674 -1.699122 3.505306 -7.653616 7.580554 15.325878 23.538901 -4.345497 0.831947 10.678901 0.101875 -6.634433 -6.830144 -56.361150 -31.598975 11.181347 135.690453 -41.913750 -97.294859 1.990251 -20.424622 -1.875135 1.808207 23.946388 -5.840941 67.098645 42.962981 24.981772 -135.337818 55.437192 -110.438444 2.424982 16.184890 -17.161893 
-48.413677 121.637215 91.300583 141.311001 1.725258 93.429809 17.180714 8.175983 -17.480394 -2.413734 15.172390 19.497747 1.863340 7.745845 -8.669306 nan nan nan -14.984551 -8.355200 -3.796638 1.158811 -14.338052 17.719497 5.832022 2.365248 -14.494979 nan nan nan -5.695521 7.112163 0.544753 -1.377944 -1.091635 16.175017 -1.764631 3.239420 -8.062717 7.586320 15.508130 23.584242 -4.683261 0.873567 10.727690 -0.025889 -6.638326 -6.706562 -55.865970 -31.024062 10.627502 136.030434 -41.510298 -97.462922 1.266920 -20.365324 -1.606170 1.883981 24.124464 -5.681926 67.469505 42.937280 25.519290 -135.429357 55.608798 -110.169111 2.179313 15.911106 -16.605202 
-48.211330 121.286919 91.340439 140.437089 1.640003 93.260386 17.316244 8.335192 -16.739510 -2.283021 15.424033 18.779737 1.742388 7.919462 -8.150955 nan nan nan -14.955789 -8.210922 -3.787119 1.436901 -13.982444 17.286055 5.739502 2.549531 -14.450702 nan nan nan -5.626648 6.927478 0.276538 -1.327463 -1.223896 16.381902 -1.849109 3.253412 -8.195543 7.712923 15.478190 23.549625 -4.841419 0.929675 10.877387 0.070550 -6.682347 -6.433863 -55.678215 -30.716613 10.245538 136.297952 -41.318186 -97.598273 1.398507 -20.239785 -1.424060 2.152064 24.087228 -5.528131 67.493175 42.854286 25.627427 -135.889126 55.997243 -110.624408 1.854048 15.746081 -16.104605 
-48.003441 120.907784 91.379791 139.626717 1.548022 93.092559 17.460114 8.481025 -16.054446 -2.209808 15.648059 18.108788 1.726169 8.115172 -7.523021 nan nan nan -14.922900 -8.029049 -3.777499 1.732219 -13.528635 16.914070 5.776865 2.705353 -14.354976 nan nan nan -5.644305 6.763834 -0.118618 -1.212662 -1.285030 16.589321 -1.853826 3.244933 -8.015468 7.666287 15.448250 23.350862 -4.938468 0.854071 11.003956 0.097276 -6.766110 -6.297400 -55.575091 -30.547075 9.968416 136.453244 -41.266384 -97.789409 1.995575 -20.379825 -1.449239 2.357935 24.012698 -5.648239 67.556379 42.677340 25.689176 -136.231946 56.329002 -111.236482 1.827478 15.841378 -16.232043 
-47.785480 120.543312 91.419327 138.872884 1.466750 93.149192 17.543497 8.701075 -15.665891 -1.996041 16.028426 17.570834 1.649516 8.063574 -6.950723 nan nan nan -14.743431 -7.717922 -3.954870 1.829645 -12.948884 16.450171 5.917837 2.918461 -14.406385 nan nan nan -5.479155 6.221047 0.436074 -1.316306 -1.526684 15.137989 -1.975514 3.358388 -7.911462 7.511064 15.575315 23.430856 -4.821356 0.935626 11.336421 0.080286 -5.875822 -6.222569 -55.692660 -30.119434 10.122891 136.711714 -41.323152 -97.774048 2.734562 -20.665602 -2.313066 2.805889 23.621594 -5.255139 68.918488 42.674802 26.925153 -136.383995 56.689286 -111.223803 1.794756 15.918261 -16.423691 
-47.576416 120.168373 91.424080 138.140645 1.385230 93.045915 17.633360 8.825449 -15.154051 -1.776601 16.366404 17.055845 1.731686 8.177063 -6.555997 nan nan nan -14.607050 -7.384047 -3.942117 1.901898 -12.226619 15.902758 5.894044 3.073101 -14.629763 nan nan nan -5.306476 6.088223 0.175548 -1.355621 -1.613711 15.340316 -1.998696 3.289050 -7.930156 7.356297 15.618344 23.246643 -4.825193 0.842409 11.462098 -0.061598 -5.757901 -6.189098 -55.521011 -29.979259 9.957699 136.881324 -41.192354 -98.009442 2.612956 -20.508697 -2.184041 2.872599 23.414936 -5.198678 69.520728 42.632875 27.475588 -136.474306 56.823845 -111.507861 2.090046 15.906897 -16.446254 
-47.353889 119.815147 91.433273 137.382788 1.295868 92.999149 17.738034 8.953959 -14.633730 -1.609771 16.823681 16.485432 1.772276 8.265456 -6.138716 nan nan nan -14.528953 -7.104141 -4.057653 1.941854 -11.765786 15.554272 5.754052 3.340179 -14.702753 nan nan nan -5.216908 5.990177 -0.310689 -1.292975 -1.637967 15.856611 -2.013159 3.243907 -8.148941 7.285348 15.647334 23.250759 -5.002365 0.628637 11.534426 -0.291342 -5.690626 -6.200848 -55.472114 -29.763417 9.944367 136.965651 -41.098901 -98.250195 2.351631 -20.409586 -1.937799 2.938081 23.294114 -5.181035 69.938358 42.442195 27.891400 -136.627891 56.989048 -111.812973 2.014117 15.947345 -16.381585 
-47.142147 119.444763 91.442596 136.878400 1.169162 92.870920 17.813589 8.981396 -14.151849 -1.592844 16.996736 15.947275 1.686614 8.462423 -5.580535 nan nan nan -14.504783 -6.890658 -4.060237 2.030155 -11.456946 15.348962 5.536668 3.525388 -14.793511 nan nan nan -5.302609 5.781051 -0.548004 -1.167829 -1.715455 16.336488 -1.946367 3.177452 -8.481678 7.288610 15.529953 23.010001 -5.256919 0.522340 11.814322 -0.479768 -5.609313 -6.137999 -55.445073 -29.596927 9.940312 137.047940 -41.002394 -98.156223 2.360161 -20.529983 -1.776541 3.086664 23.199244 -5.223663 70.201648 42.183523 28.343742 -136.672974 57.004148 -112.092299 1.906801 16.157706 -16.905286 
-46.951042 119.056816 91.451813 136.656028 1.055491 92.816491 17.870636 8.999047 -13.939921 -1.647783 17.021103 15.580127 1.492579 8.559946 -5.122208 nan nan nan -14.418171 -6.725724 -3.989955 2.139433 -11.201110 15.017404 5.434145 3.629624 -14.913584 nan nan nan -5.416691 5.489995 -0.514201 -1.040115 -1.947002 16.018973 -1.857350 3.024760 -8.428644 7.292228 15.338926 22.867773 -5.323013 0.658334 12.078891 -0.613794 -5.396533 -5.978181 -55.563819 -29.478347 9.894921 137.277791 -40.976715 -98.258541 2.403666 -20.658739 -1.889917 3.396805 23.110515 -5.128347 70.459514 41.859378 28.706024 -136.827676 57.175956 -112.544498 1.948373 16.535976 -17.633311 
-46.746277 118.689468 91.456146 136.484944 0.921324 92.770183 17.882317 9.040133 -13.769811 -1.666069 17.259910 15.290076 1.356018 8.629401 -4.697104 nan nan nan -14.342678 -6.605576 -3.779723 2.289088 -10.994866 14.502066 5.326366 3.747390 -15.005979 nan nan nan -5.499200 5.207196 -0.454509 -0.939855 -2.221027 15.673998 -1.829049 2.886847 -8.442160 7.285612 15.111953 22.792933 -5.391189 0.801993 12.396657 -0.781020 -5.092496 -5.727503 -55.678341 -29.500470 9.864926 137.459935 -41.007952 -98.474195 2.325504 -20.782805 -2.256436 3.785759 22.895698 -4.839830 70.938257 41.649080 29.221556 -137.139190 57.460662 -112.836741 1.785172 16.652712 -18.042008 
-46.549049 118.347198 91.454208 136.158737 0.811287 92.673418 17.916676 9.176462 -13.441017 -1.660760 17.730492 14.945639 1.361294 8.812876 -4.220614 nan nan nan -14.295329 -6.514162 -3.597924 2.448665 -10.883645 14.089937 5.158664 3.945347 -15.145565 nan nan nan -5.421895 5.027361 -0.532616 -0.908173 -2.364725 15.634137 -1.881895 2.856087 -8.469394 7.264989 14.826589 22.709429 -5.505340 0.830234 12.666693 -1.005148 -4.926601 -5.469945 -55.802779 -29.728456 9.890009 137.620497 -41.015354 -98.666242 2.118931 -20.661181 -2.093031 4.097742 22.549141 -4.619311 71.433358 41.530813 29.645775 -137.613461 57.631619 -113.207880 1.862198 16.300962 -18.032136 
-46.382568 118.019379 91.444542 135.736066 0.749667 92.592023 17.976571 9.411057 -13.096093 -1.675060 18.110586 14.615936 1.387921 9.068595 -3.886198 nan nan nan -14.195061 -6.388897 -3.520701 2.597678 -10.796142 13.740886 4.998610 4.038904 -15.390930 nan nan nan -5.225480 4.867498 -0.758986 -0.930280 -2.432887 15.870309 -1.971106 2.865665 -8.542321 7.249011 14.672819 22.644124 -5.588958 0.689585 12.775590 -1.117539 -4.811168 -5.456302 -56.100885 -29.762341 10.050219 137.862765 -40.953140 -98.717983 1.829440 -20.449365 -1.653315 4.322676 22.273537 -4.544837 71.782219 41.332516 29.823947 -138.201320 57.757763 -113.782672 2.095598 16.095907 -17.995171 
-46.216282 117.718483 91.436729 135.480395 0.645753 92.388001 18.004358 9.565179 -12.687756 -1.875690 18.174233 14.345864 1.346139 9.218163 -3.923973 nan nan nan -14.139088 -6.330654 -3.216469 2.771222 -10.718620 13.351534 4.792277 3.946695 -15.542407 nan nan nan -5.008611 4.738486 -0.890593 -0.946491 -2.536660 16.281266 -2.058430 2.728710 -8.701230 7.241276 14.595077 22.513569 -5.750303 0.494380 12.936887 -1.247716 -4.787775 -5.371126 -56.189765 -29.742134 10.014935 138.072505 -40.879864 -98.747634 1.657097 -20.379931 -1.397783 4.484498 22.158851 -4.475441 71.941473 41.098573 29.777155 -138.835768 57.919322 -114.339407 2.149836 16.158222 -18.042175 
-46.052826 117.423454 91.434448 135.318877 0.504189 92.175139 17.972305 9.643289 -12.350893 -2.180430 18.142032 14.200695 1.257612 9.177096 -4.173032 nan nan nan -14.097835 -6.390556 -2.926360 2.889031 -10.687907 13.072496 4.547446 3.847066 -15.580296 nan nan nan -4.862770 4.643239 -1.065026 -0.925215 -2.689394 16.757838 -2.108733 2.550546 -8.813165 7.114027 14.451945 22.377153 -5.900853 0.430806 12.934301 -1.514304 -4.909230 -5.174483 -56.022719 -29.766058 9.798289 138.306169 -40.750712 -98.979858 1.470148 -20.314850 -1.070394 4.581433 22.139865 -4.460797 72.024556 40.835181 29.722140 -139.294216 58.068909 -114.761870 2.304025 16.300251 -18.126174 
-45.916904 117.131149 91.421097 135.197647 0.382021 92.147567 17.889527 9.789684 -12.245583 -2.563453 18.068533 14.062463 1.051756 9.046978 -4.397295 nan nan nan -14.024801 -6.476811 -2.873155 2.957676 -10.698516 12.860113 4.349830 3.764730 -15.612584 nan nan nan -4.712035 4.457776 -1.430994 -0.917384 -2.871182 17.004878 -2.160797 2.455900 -8.690042 6.877699 14.359707 22.238681 -5.860437 0.483030 12.934691 -1.880829 -4.960879 -5.103296 -55.879015 -29.758743 9.652819 138.575963 -40.692547 -99.359024 1.503336 -20.283509 -0.591803 4.736109 22.036481 -4.534623 72.206092 40.554091 29.749419 -139.742318 58.405902 -115.474298 2.239092 16.426790 -18.226078 
-45.827263 116.848160 91.393143 135.095700 0.220960 92.116307 17.743173 9.796747 -12.157064 -3.011277 17.884694 13.977228 0.797972 8.791082 -4.876105 nan nan nan -14.008910 -6.523068 -2.842610 2.995212 -10.641773 12.670601 4.194013 3.712553 -15.871369 nan nan nan -4.623573 4.271158 -1.662536 -0.903919 -3.029609 16.986093 -2.177011 2.375376 -8.423653 6.751857 14.258300 22.090666 -5.878265 0.483895 13.051334 -2.140328 -4.909110 -5.187411 -56.044222 -29.687122 9.764414 138.751908 -40.691400 -99.567000 1.560246 -20.348728 -0.187448 4.931991 21.913923 -4.785252 72.357132 40.118399 29.890210 -140.090215 58.668861 -115.978726 2.150192 16.495643 -18.179459 
-45.740799 116.590240 91.358353 134.978959 0.030328 91.892605 17.600647 9.652845 -11.859338 -3.551577 17.431090 14.030684 0.586472 8.266890 -5.655646 nan nan nan -14.031710 -6.523077 -2.631836 2.968142 -10.487769 12.520294 3.917089 3.659766 -16.201169 nan nan nan -4.597511 4.139290 -1.733844 -0.858892 -3.117629 17.309126 -2.158567 2.260227 -8.440721 6.769410 14.057619 21.801915 -6.118643 0.381961 13.361430 -2.448569 -4.837359 -5.276033 -56.263244 -29.781060 10.035626 138.816510 -40.611863 -99.704896 1.257370 -20.340807 0.232989 5.067961 21.841246 -4.799340 72.364125 39.870035 30.101747 -140.269472 58.624999 -116.300276 2.248881 16.566524 -18.580271 
-45.656338 116.354485 91.333710 134.898818 -0.115370 91.709827 17.467668 9.535068 -11.627067 -4.111173 16.792331 14.162321 0.350926 7.394534 -6.365122 nan nan nan -14.007711 -6.561303 -2.477446 2.918917 -10.375306 12.417005 3.583258 3.611185 -16.442785 nan nan nan -4.569023 4.027871 -1.592327 -0.752482 -3.170213 17.325923 -2.044773 2.057417 -8.588584 6.717547 13.793114 21.773361 -6.367910 0.356271 13.557364 -2.859395 -4.675643 -5.234421 -56.633331 -29.843426 10.386831 138.937172 -40.480127 -99.887970 0.712802 -20.367764 0.453882 5.137955 21.687534 -4.557080 72.603347 39.623405 30.433477 -140.502522 58.577188 -116.689567 2.346932 16.570970 -19.220558 
-45.603153 116.135742 91.313515 134.788055 -0.296446 91.570205 17.209353 9.378757 -11.453620 -4.640858 16.139693 14.310080 0.219550 6.892247 -7.108499 nan nan nan -14.080203 -6.514666 -2.457582 2.936839 -10.089126 12.449378 3.266665 3.485273 -16.684646 nan nan nan -4.523568 4.000384 -1.656270 -0.669135 -3.244927 17.548409 -2.014937 1.871796 -8.670775 6.646218 13.546924 21.715132 -6.550827 0.308981 13.694829 -3.222587 -4.674346 -5.122070 -56.863198 -29.873480 10.525361 139.099303 -40.347894 -100.091414 0.233041 -20.417269 0.433203 5.310564 21.562641 -4.620399 72.903767 39.158174 30.773085 -140.681450 58.669767 -116.959096 2.288804 16.571721 -19.684937 
-45.549641 115.911522 91.294464 134.646757 -0.431428 91.439985 16.899731 9.232773 -11.404158 -4.938090 15.644538 14.686455 0.237673 6.936308 -7.984378 nan nan nan -14.047353 -6.394157 -2.572983 2.854370 -9.722625 12.671822 3.104674 3.236839 -17.016045 nan nan nan -4.418898 3.965510 -1.756473 -0.617530 -3.302458 17.586623 -2.039520 1.742000 -8.455401 6.574099 13.358069 21.501493 -6.635319 0.384325 13.923451 -3.561544 -4.642906 -5.079886 -56.907452 -29.835136 10.561841 139.390384 -40.487124 -100.328163 0.445745 -20.338595 0.546461 5.582561 21.475474 -4.649423 73.013594 38.805833 30.901617 -140.961054 58.858479 -117.331866 2.080100 16.597469 -19.984517 
-45.504250 115.678070 91.271408 134.565335 -0.521273 91.349967 16.604334 9.070232 -11.553131 -5.041694 15.235197 15.273802 0.247327 7.087320 -8.705655 nan nan nan -13.969776 -6.315980 -2.827990 2.741582 -9.491843 13.086852 2.972729 3.033386 -17.250338 nan nan nan -4.299742 3.839158 -1.837142 -0.574084 -3.412819 17.574160 -2.047316 1.683582 -8.261533 6.447785 13.191711 21.211891 -6.738947 0.602317 14.182700 -3.958469 -4.569506 -5.152298 -56.828344 -29.694076 10.581986 139.733964 -40.705654 -100.558160 0.846808 -20.226324 0.886981 5.855055 21.427450 -4.553119 73.023780 38.622147 30.899060 -141.209987 59.106103 -117.732820 2.000352 16.624864 -20.132072 
-45.467194 115.459396 91.251839 134.531651 -0.625274 91.252571 16.302796 8.856581 -11.719243 -4.983023 14.982710 15.869084 0.144869 7.109012 -9.145960 nan nan nan -13.918280 -6.207803 -3.049683 2.609121 -9.402298 13.511641 2.808621 2.910458 -17.515015 nan nan nan -4.239037 3.715571 -1.874768 -0.506290 -3.516156 17.632079 -2.005405 1.571920 -8.254162 6.343464 13.083358 21.084779 -6.847098 0.747536 14.373543 -4.329019 -4.435157 -5.171765 -56.931676 -29.535022 10.744729 140.005239 -40.854609 -100.726741 0.838242 -20.369987 1.480271 6.091381 21.358753 -4.420229 73.165409 38.401177 31.015726 -141.323575 59.280577 -117.987412 1.999158 16.852352 -20.221549 
-45.416519 115.270760 91.252419 134.412422 -0.677519 91.048386 16.097799 8.696257 -11.656395 -4.912935 14.850846 16.297826 0.179393 7.249103 -9.569471 nan nan nan -13.800056 -5.994819 -3.210039 2.476745 -9.289407 14.014183 2.703156 2.718391 -17.789687 nan nan nan -4.198673 3.697766 -1.803955 -0.387625 -3.520224 17.616369 -1.900133 1.498220 -8.231225 6.293750 12.894816 21.122283 -7.014661 0.749557 14.521436 -4.683567 -4.478756 -5.013852 -57.175899 -29.426213 10.875071 140.235845 -40.991165 -100.903143 1.716894 -20.410717 1.729454 6.377740 21.240269 -4.339918 73.137036 37.994590 30.942663 -141.687134 59.477869 -118.459379 1.633340 16.989456 -20.256210 
-45.383553 115.112366 91.263412 134.229738 -0.718681 90.829831 15.882983 8.551141 -11.527981 -4.848101 14.788756 16.589481 0.411540 7.450202 -10.011216 nan nan nan -13.710470 -5.759393 -3.408748 2.358655 -9.276500 14.594501 2.771505 2.568391 -17.896899 nan nan nan -4.122014 3.779115 -1.756913 -0.288854 -3.534128 17.659550 -1.802820 1.487630 -8.248858 6.283165 12.672257 21.292673 -7.065338 0.665635 14.618970 -5.085347 -4.805527 -4.865434 -57.555143 -29.253850 10.952656 140.387853 -40.748393 -101.536946 1.162622 -20.519701 0.914696 6.719433 21.293789 -4.436578 72.898377 37.278435 30.708621 -141.976221 59.562725 -118.926834 2.112506 16.738097 -20.185792 
-45.366203 114.952148 91.246216 134.102542 -0.739199 90.677033 15.706042 8.444981 -11.489303 -4.674354 14.863248 16.802896 0.575622 7.588005 -10.282955 nan nan nan -13.631063 -5.615959 -3.557574 2.275125 -9.328068 14.973610 2.811386 2.587833 -18.009681 nan nan nan -3.945221 3.719203 -1.753281 -0.242187 -3.578021 17.690967 -1.746797 1.443281 -8.153023 6.229037 12.651633 21.342470 -7.183307 0.609081 14.592741 -5.461248 -4.964869 -4.840079 -57.929070 -29.084976 10.984510 140.733195 -40.662600 -101.822388 0.953852 -20.485188 1.897551 6.934165 21.417518 -4.400494 72.827573 36.896154 30.505037 -142.282675 59.806298 -119.320773 2.565948 16.454654 -19.671982 
-45.321957 114.806564 91.212013 133.997560 -0.749069 90.527110 15.572071 8.499318 -11.413307 -4.394161 15.128730 16.893530 0.472352 7.612450 -10.379962 nan nan nan -13.556645 -5.491316 -3.534603 2.199054 -9.357222 15.094321 2.733743 2.708321 -18.196822 nan nan nan -3.764421 3.635761 -1.816254 -0.145440 -3.640775 17.851325 -1.748780 1.423945 -8.098919 6.114223 12.793106 21.332401 -7.241038 0.555821 14.492542 -5.691611 -4.851768 -4.807693 -58.446297 -29.174447 11.147014 140.933587 -40.302565 -102.581677 0.052934 -20.610082 1.038409 7.015856 21.342340 -4.263878 73.012639 36.747520 30.522035 -142.575062 60.048102 -119.415043 2.654026 16.383992 -18.953376 
-45.265755 114.660751 91.179077 133.798678 -0.742119 90.364812 15.512145 8.651760 -11.215954 -4.129201 15.516500 16.773208 0.459767 7.673845 -10.291826 nan nan nan -13.442963 -5.355280 -3.555158 2.075628 -9.270684 15.254282 2.629137 2.901882 -18.473968 nan nan nan -3.515436 3.570945 -1.913514 -0.131635 -3.578897 18.222021 -1.845559 1.370052 -8.236502 6.202236 12.897411 21.286630 -7.387353 0.406566 14.530405 -5.924476 -4.638630 -4.720474 -58.514011 -29.124562 11.298281 141.208797 -40.642808 -102.379785 0.966609 -20.915152 2.542501 7.182659 21.126129 -4.086781 73.448574 36.680100 30.808888 -142.558656 60.207565 -119.321284 2.002538 16.901958 -18.699726 
-45.226391 114.537621 91.163651 133.579040 -0.753796 90.186146 15.445167 8.693128 -10.919720 -3.866280 15.819986 16.480262 0.525243 7.893650 -10.055703 nan nan nan -13.381748 -5.172960 -3.541463 2.008623 -9.163634 15.403946 2.521290 3.045567 -18.707763 nan nan nan -3.283502 3.553930 -1.943678 -0.140486 -3.473721 18.513634 -1.923341 1.301527 -8.403023 6.330257 12.886012 21.340748 -7.580766 0.362020 14.566857 -6.081794 -4.363797 -4.718063 -58.804685 -29.081508 11.622540 141.429770 -40.807940 -102.430483 1.704882 -20.834981 3.660032 7.286449 20.877771 -3.870513 73.972332 36.493969 31.240387 -142.415660 60.047963 -119.554429 1.724791 17.717689 -19.336630 
-45.210091 114.408356 91.146591 133.376511 -0.797854 90.056494 15.381174 8.702768 -10.675670 -3.716032 15.994205 16.164261 0.517659 8.158603 -9.802777 nan nan nan -13.383814 -5.013831 -3.531435 2.012688 -9.098565 15.500257 2.401623 3.063932 -18.853971 nan nan nan -3.094940 3.507745 -1.860559 -0.131181 -3.381810 18.440440 -2.010182 1.305623 -8.425393 6.377152 12.836285 21.484190 -7.664354 0.464216 14.604352 -6.124683 -4.044188 -4.754486 -59.300736 -29.145126 12.005041 141.431487 -40.639489 -102.952074 1.568858 -20.799059 2.476441 7.374530 20.622696 -3.560172 74.430297 36.294429 31.695056 -142.901624 59.915278 -119.914711 1.107834 17.306670 -18.869998 
-45.196144 114.274635 91.102905 133.165790 -0.846811 89.957772 15.343500 8.778491 -10.476014 -3.606120 16.102588 15.897424 0.599918 8.281294 -9.589679 nan nan nan -13.395021 -4.899274 -3.593491 1.998635 -9.011652 15.682410 2.353615 3.141098 -19.034711 nan nan nan -2.894686 3.434538 -1.870987 -0.160604 -3.294439 18.462287 -2.079823 1.292973 -8.444961 6.396196 12.944877 21.667641 -7.648570 0.456517 14.509337 -6.217089 -3.863830 -4.804150 -59.292249 -28.887239 12.021815 141.740824 -40.877437 -102.795540 1.293959 -20.823373 3.345229 7.457053 20.592023 -3.299087 74.674131 36.174161 31.879800 -143.219195 59.888678 -120.207899 0.691006 17.393961 -19.043260 
-45.183693 114.150543 91.042900 132.975853 -0.901478 89.850807 15.329297 8.871824 -10.287788 -3.529681 16.075569 15.717272 0.694711 8.351993 -9.417670 nan nan nan -13.424955 -4.795417 -3.687085 1.997664 -8.935907 15.960047 2.184952 3.191465 -19.375675 nan nan nan -2.764230 3.357580 -2.039802 -0.173132 -3.265062 18.747007 -2.147145 1.372607 -8.504471 6.390259 13.105543 21.751208 -7.601906 0.417570 14.455034 -6.308970 -3.825439 -4.868089 -59.164171 -28.695702 11.904775 141.835037 -40.976185 -102.611927 0.303400 -20.634565 3.858716 7.566432 20.669757 -3.124094 74.775170 36.047665 31.918713 -143.187736 59.835135 -120.209235 0.840076 17.860348 -19.378622 
-45.187916 114.042862 90.985199 132.818923 -0.936765 89.732488 15.345890 8.991298 -10.137890 -3.505491 16.056271 15.679144 0.773623 8.430201 -9.356033 nan nan nan -13.458684 -4.692834 -3.789245 2.022602 -8.834089 16.262428 1.962803 3.178712 -19.664747 nan nan nan -2.661489 3.300246 -2.109204 -0.144667 -3.228956 18.824860 -2.134141 1.455978 -8.450744 6.421689 13.198781 21.896842 -7.719888 0.523370 14.325949 -6.398233 -3.842648 -4.823145 -59.213375 -28.593139 11.761676 141.843986 -40.754695 -102.856835 -0.156468 -20.972757 2.755281 7.610550 20.686984 -3.061329 74.819706 35.834771 31.891395 -143.085074 59.928235 -119.933391 1.133008 17.927583 -19.697153 
-45.185314 113.942390 90.927094 132.625410 -0.962289 89.564982 15.440664 9.072892 -9.908252 -3.578737 16.143339 15.677589 0.832070 8.513630 -9.441857 nan nan nan -13.485202 -4.671195 -3.901459 2.019593 -8.686094 16.657657 1.842771 3.248100 -19.892390 nan nan nan -2.575014 3.256402 -2.038029 -0.130263 -3.097860 18.790625 -2.142916 1.587419 -8.411194 6.545505 12.993501 21.957445 -7.923974 0.665289 14.331300 -6.437897 -3.896451 -4.561159 -59.103408 -28.559210 11.687706 142.189567 -41.013461 -102.808459 1.504680 -20.917474 3.840255 7.716017 20.488061 -3.011830 74.858068 35.665296 31.753888 -143.374748 60.132953 -120.207051 0.817203 17.939204 -19.742526 
-45.184559 113.847176 90.859993 132.385493 -1.025158 89.398566 15.510624 9.121042 -9.682548 -3.607814 16.311347 15.740828 0.758619 8.498864 -9.617457 nan nan nan -13.554227 -4.562219 -4.081350 1.975409 -8.600581 17.157093 1.797060 3.387796 -20.144792 nan nan nan -2.536042 3.253520 -2.052332 -0.100604 -2.987194 18.941706 -2.197794 1.734598 -8.441715 6.749771 12.909954 21.958657 -8.101972 0.685328 14.419807 -6.408444 -3.856571 -4.514751 -59.209620 -28.548017 11.809455 142.108002 -41.002107 -102.883008 1.819862 -21.133377 3.074928 7.837596 20.362253 -3.061769 74.848123 35.529239 31.760775 -143.492343 60.129679 -120.492957 0.569309 18.108044 -20.011231 
-45.183464 113.757431 90.783112 132.152089 -1.106117 89.303813 15.572751 9.164818 -9.554391 -3.616876 16.459619 15.848846 0.698140 8.425552 -9.648018 nan nan nan -13.617019 -4.460696 -4.376840 1.892804 -8.483842 17.738282 1.685078 3.444659 -20.464180 nan nan nan -2.366866 3.236429 -2.134321 -0.146249 -2.879090 19.109346 -2.288609 1.734510 -8.500570 6.887987 13.026122 22.047394 -8.325556 0.627945 14.538927 -6.512226 -3.696777 -4.682350 -59.085398 -28.396020 11.850758 142.099275 -41.026403 -103.085925 1.400709 -21.175349 2.765049 7.835895 20.353730 -3.071988 75.041148 35.550769 31.991483 -143.056160 60.230729 -120.193618 0.943254 17.479155 -20.273201 
-45.182552 113.684494 90.710907 131.944071 -1.221765 89.167744 15.562623 9.116703 -9.339010 -3.531505 16.523163 15.855869 0.649014 8.303285 -9.563228 nan nan nan -13.739884 -4.377647 -4.645972 1.796263 -8.498017 18.392414 1.723677 3.573920 -20.694440 nan nan nan -2.263468 3.255823 -2.170619 -0.162688 -2.788723 19.281643 -2.317751 1.641741 -8.539702 6.885756 13.252170 22.229254 -8.399209 0.540278 14.479299 -6.569587 -3.500778 -4.855030 -59.032908 -28.187914 11.796725 142.083677 -41.146314 -103.239873 1.455915 -21.425833 2.911514 7.927265 20.472563 -2.942169 74.957122 35.691749 32.016626 -143.252516 60.232481 -120.673060 0.576610 18.206539 -19.976647 
-45.192299 113.603600 90.640640 131.764370 -1.284580 88.947448 15.647213 9.037295 -9.029250 -3.525155 16.464828 15.826369 0.604811 8.323338 -9.476525 nan nan nan -13.803515 -4.336364 -4.801585 1.772002 -8.392978 19.025079 1.744689 3.531362 -20.824937 nan nan nan -2.133140 3.225598 -1.954958 -0.149582 -2.660420 19.098533 -2.313934 1.536193 -8.301273 6.768212 13.375628 22.165243 -8.523847 0.644757 14.463171 -6.518398 -3.291423 -4.942239 -58.856541 -27.987250 11.661629 142.166935 -41.269330 -103.282394 2.012235 -21.268460 3.043161 7.862297 20.475097 -2.889403 74.960592 35.932198 32.096194 -143.248042 60.356493 -120.744420 0.550573 18.059640 -20.039554 
-45.199474 113.506004 90.559540 131.687300 -1.282682 88.772336 15.800181 8.993704 -8.829123 -3.603904 16.361894 15.829259 0.576054 8.333603 -9.467685 nan nan nan -13.743806 -4.280456 -4.926396 1.712832 -8.198330 19.550271 1.747635 3.419025 -20.990744 nan nan nan -2.047110 3.168976 -1.831682 -0.111956 -2.567540 18.914462 -2.325707 1.571107 -8.023784 6.791301 13.295351 22.087762 -8.559439 0.895190 14.445672 -6.311268 -3.287062 -4.890499 -58.628331 -27.854111 11.598238 142.305887 -41.423267 -103.117779 3.213347 -20.987725 3.276532 7.741080 20.303107 -2.906854 74.968024 36.153767 32.031210 -143.330231 60.502500 -120.656606 0.368476 17.765409 -20.252563 
-45.207203 113.430641 90.500252 131.643453 -1.333421 88.627951 15.834236 8.955118 -8.609981 -3.697665 16.203719 15.693844 0.616934 8.336864 -9.486365 nan nan nan -13.746697 -4.191609 -5.077679 1.613092 -8.076030 20.062307 1.819168 3.340196 -21.219920 nan nan nan -2.013019 3.105891 -1.693397 -0.084148 -2.505533 18.876938 -2.344604 1.575869 -8.061816 6.840157 13.297282 22.101937 -8.529991 1.107476 14.524573 -6.182649 -3.154538 -4.872027 -58.515202 -27.773597 11.645793 142.392240 -41.514246 -102.953577 3.917073 -20.771034 3.574321 7.766494 20.114173 -2.908618 75.026008 36.299899 32.160334 -143.296857 60.648705 -120.480391 0.259070 17.706593 -20.184575 
-45.219299 113.369850 90.477470 131.620221 -1.382934 88.600935 15.787366 8.957038 -8.521480 -3.695958 16.061480 15.541278 0.644014 8.354943 -9.564124 nan nan nan -13.724839 -4.028377 -5.317513 1.516556 -7.979804 20.468460 1.958670 3.241044 -21.417304 nan nan nan -1.954867 2.999478 -1.529361 -0.058169 -2.492870 18.162945 -2.325978 1.607750 -7.727136 6.697704 13.349976 22.412534 -8.403850 1.221739 14.546715 -6.267415 -3.046941 -4.833297 -58.362517 -27.540881 11.494117 142.467379 -41.551183 -102.968659 3.398859 -20.866613 3.508267 7.895927 20.146270 -2.797536 75.021144 36.281665 32.153748 -143.144436 60.784491 -120.218633 0.493831 17.761535 -20.040536 
-45.251369 113.281273 90.456413 131.638963 -1.437579 88.515570 15.693103 8.956863 -8.420729 -3.673433 15.889823 15.405535 0.844430 8.431241 -9.571931 nan nan nan -13.668695 -3.814495 -5.534213 1.392539 -7.797657 20.939039 2.042398 3.122934 -21.785483 nan nan nan -1.942216 2.905556 -1.336056 -0.031612 -2.499030 17.588579 -2.300236 1.645667 -7.362242 6.533989 13.410464 22.571338 -8.293069 1.348334 14.572248 -6.316839 -3.026126 -4.814600 -58.099970 -27.445970 11.233909 142.478953 -41.557709 -103.076595 2.844763 -21.125471 3.209539 7.976716 20.209636 -2.731692 74.939432 36.329028 32.135185 -143.089497 60.798143 -120.174070 0.396984 17.723363 -20.122990 
-45.304379 113.198982 90.427170 131.679933 -1.550268 88.437296 15.524830 8.953953 -8.362519 -3.680187 15.825287 15.262565 1.058208 8.498973 -9.557300 nan nan nan -13.675603 -3.721173 -5.811140 1.192093 -7.668788 21.476080 2.012474 3.054527 -22.143256 nan nan nan -2.006819 2.867814 -1.319643 -0.022691 -2.533029 17.475854 -2.256535 1.695375 -7.185343 6.400034 13.404158 22.641224 -8.241352 1.451141 14.592041 -6.407405 -3.205423 -4.874058 -57.931548 -27.385816 11.053412 142.425052 -41.506831 -103.191881 2.755942 -21.271732 2.694429 8.006350 20.301422 -2.847190 74.732884 36.274674 32.051337 -143.134548 60.754763 -120.446157 0.310179 17.651620 -20.169602 
-45.352730 113.134041 90.400047 131.715198 -1.629861 88.343556 15.403183 8.977553 -8.320138 -3.615856 15.866609 15.201109 0.994737 8.518377 -9.551115 nan nan nan -13.645457 -3.558607 -6.061579 0.952723 -7.720039 22.010659 1.946407 2.973679 -22.455643 nan nan nan -2.086110 2.805216 -1.285999 0.020144 -2.551993 17.322833 -2.183915 1.739639 -6.995132 6.339747 13.421994 22.818111 -8.180030 1.402633 14.467747 -6.444490 -3.367332 -4.998867 -58.052330 -27.316490 11.029820 142.246682 -41.310057 -103.360097 2.371271 -21.289369 1.956762 8.015168 20.463994 -3.020032 74.472531 36.095228 31.973929 -143.058495 60.663083 -120.636729 0.574491 17.593036 -20.288178 
-45.392143 113.078392 90.361298 131.853880 -1.706357 88.240045 15.298739 8.897447 -8.333632 -3.577815 15.769504 15.181924 0.989256 8.645453 -9.506255 nan nan nan -13.651167 -3.444924 -6.245312 0.771149 -7.814124 22.561836 1.855299 2.846406 -22.788848 nan nan nan -2.153630 2.722481 -1.177861 0.033518 -2.570319 17.128512 -2.125647 1.715103 -6.874762 6.334055 13.368317 22.890514 -8.170416 1.495388 14.510433 -6.442244 -3.454999 -4.813203 -57.852867 -27.318318 10.941067 142.699351 -41.765763 -103.135228 4.293413 -20.246123 5.275124 8.155410 20.461871 -2.941440 74.259255 36.170802 31.798182 -143.351054 60.750014 -121.220336 0.286042 17.514310 -19.947368 
-45.434311 113.017632 90.331810 131.995141 -1.792654 88.156692 15.152538 8.832443 -8.361709 -3.526172 15.680259 15.143438 1.076311 8.676429 -9.476581 nan nan nan -13.708388 -3.299763 -6.398023 0.646655 -7.989045 23.015227 1.862579 2.826640 -22.968397 nan nan nan -2.187955 2.711885 -1.044777 0.037250 -2.612038 17.042333 -2.097196 1.675749 -6.947060 6.300254 13.437034 23.043195 -8.090623 1.544477 14.400427 -6.384269 -3.571214 -4.790898 -58.004376 -27.195629 10.957816 142.333114 -41.309950 -103.381822 4.380916 -21.028689 2.759489 8.259452 20.596434 -3.009322 74.126941 35.994342 31.709913 -143.402502 60.698757 -121.042576 0.127247 17.635534 -20.096042 
-45.490421 112.966965 90.301178 132.094406 -1.877543 88.177100 14.993223 8.753759 -8.481435 -3.461974 15.766131 15.124157 1.175166 8.706389 -9.469214 nan nan nan -13.775893 -3.270169 -6.692977 0.553053 -8.070714 23.494807 1.855918 2.793591 -23.110426 nan nan nan -2.203530 2.658088 -1.110359 0.015597 -2.677307 17.215270 -2.121833 1.726338 -7.147286 6.271867 13.509153 23.083648 -8.012833 1.630487 14.311651 -6.410470 -3.640920 -4.932102 -57.924002 -27.068452 10.982598 142.265788 -41.116620 -103.473915 3.745630 -21.163397 1.846123 8.310400 20.746150 -3.080236 73.959448 35.860695 31.712227 -143.270048 60.590888 -120.782324 0.271696 17.636439 -20.038857 
-45.534489 112.920135 90.278320 132.177684 -1.912716 88.107768 14.913124 8.710324 -8.463602 -3.388225 15.913833 15.077176 1.112120 8.691333 -9.436192 nan nan nan -13.795645 -3.288759 -6.829500 0.502626 -8.141243 23.897386 1.884263 2.755967 -23.182507 nan nan nan -2.165110 2.584506 -1.065471 0.001571 -2.722461 17.252990 -2.144280 1.786188 -7.181896 6.268751 13.681892 23.149409 -7.951661 1.617178 14.163132 -6.407559 -3.604280 -5.082901 -57.877376 -27.059700 10.969613 142.246450 -41.086292 -103.644506 2.124860 -21.196304 1.912530 8.240089 20.798898 -3.126690 73.928715 35.822549 31.710203 -143.200058 60.412379 -120.796092 0.981514 17.712827 -20.022944 
-45.578442 112.862129 90.244598 132.273115 -1.920375 88.015894 14.852845 8.728453 -8.451540 -3.331913 15.860486 15.034396 1.110757 8.704850 -9.411143 nan nan nan -13.796243 -3.289565 -6.871537 0.494239 -8.176759 24.169528 1.873858 2.686225 -23.226464 nan nan nan -2.040963 2.506257 -0.907474 -0.033160 -2.718807 17.088805 -2.166663 1.791358 -7.108717 6.121607 13.747016 23.236495 -7.880420 1.635415 14.024241 -6.380721 -3.647420 -5.120778 -57.718059 -27.066840 10.839964 142.130200 -41.039220 -103.736410 1.073123 -21.309385 1.485937 8.042635 20.787698 -3.140639 74.074241 35.911998 31.671268 -143.198245 60.307579 -120.895349 1.529636 17.747237 -20.322090 
-45.623932 112.789673 90.191978 132.349197 -1.940477 87.961585 14.775848 8.777796 -8.487734 -3.271449 15.789890 15.010297 1.168388 8.691910 -9.372834 nan nan nan -13.797160 -3.262729 -6.884442 0.479351 -8.117416 24.291865 1.802332 2.604780 -23.397531 nan nan nan -1.859844 2.417191 -0.830737 -0.118921 -2.687394 17.059683 -2.258129 1.746727 -7.119500 6.000765 13.788157 23.187592 -7.849767 1.646110 14.069999 -6.299666 -3.707524 -5.150353 -57.454479 -27.018342 10.703403 142.111487 -41.262890 -103.198195 0.950983 -21.328016 2.261716 7.803223 20.807485 -3.072874 74.267005 36.154707 31.659508 -143.186788 60.279249 -120.787223 1.268949 17.867051 -20.568941 
-45.652325 112.737198 90.143845 132.418759 -1.959221 87.886394 14.718213 8.796792 -8.431345 -3.262230 15.689535 14.903427 1.233243 8.688279 -9.359657 nan nan nan -13.760125 -3.205369 -6.796010 0.394058 -8.009140 24.289911 1.676505 2.544332 -23.597511 nan nan nan -1.732956 2.352072 -0.831074 -0.173604 -2.689766 17.053373 -2.327664 1.713952 -7.030979 5.914422 13.826507 23.022118 -7.821906 1.724246 14.225808 -6.210809 -3.826453 -5.115137 -57.358763 -27.094941 10.643080 142.042943 -41.270890 -102.890810 1.973350 -21.394618 2.750016 7.687191 20.890588 -3.004902 74.209037 36.343352 31.523877 -143.386945 60.243892 -120.949208 0.670835 17.970059 -20.415339 
-45.689598 112.707382 90.124641 132.571671 -1.954678 87.817173 14.662822 8.790891 -8.350619 -3.274614 15.512395 14.690913 1.307723 8.687407 -9.292272 nan nan nan -13.726857 -3.188195 -6.706906 0.370822 -7.941889 24.285867 1.610821 2.451784 -23.684579 nan nan nan -1.706665 2.324253 -0.751598 -0.162178 -2.742097 17.009014 -2.292515 1.663064 -7.061859 5.869597 13.831627 22.868359 -7.805246 1.855957 14.471207 -6.276251 -3.972909 -4.950364 -57.274061 -27.143379 10.503692 142.161024 -41.178160 -102.805528 1.412736 -21.210808 3.218860 7.730736 20.925025 -3.005655 74.084548 36.306351 31.477175 -143.328686 60.128729 -120.815043 1.040005 17.819960 -20.264722 
-45.736145 112.677422 90.093185 132.700667 -1.946482 87.749538 14.656723 8.831818 -8.295002 -3.338048 15.330985 14.532096 1.367677 8.690869 -9.227507 nan nan nan -13.761028 -3.250486 -6.738815 0.401394 -7.963489 24.469067 1.468825 2.416785 -23.827537 nan nan nan -1.702763 2.326379 -0.801453 -0.160855 -2.771180 17.081325 -2.258470 1.740268 -7.030360 5.996213 13.715574 22.832449 -7.858224 1.825631 14.581896 -6.188565 -4.228617 -4.871382 -57.445951 -27.169383 10.562892 142.244339 -41.149303 -102.605031 2.494289 -21.128771 3.458465 7.705913 20.965309 -3.137044 73.735357 36.169266 31.191430 -143.404929 60.070305 -120.871533 0.866097 17.646943 -20.231343 
-45.775009 112.647743 90.064880 132.817781 -1.907153 87.737017 14.689169 8.892861 -8.342059 -3.385136 15.205019 14.505435 1.304364 8.753824 -9.224575 nan nan nan -13.752944 -3.290934 -6.812008 0.432956 -8.020144 24.659099 1.376892 2.428884 -23.978353 nan nan nan -1.632863 2.289224 -0.869985 -0.137328 -2.776691 17.021431 -2.231645 1.787065 -6.939007 6.009958 13.595155 22.898079 -7.985482 1.886212 14.619805 -6.186222 -4.251531 -4.884586 -57.677461 -27.192211 10.625587 142.319935 -41.166027 -102.603047 2.663252 -21.031725 3.149330 7.628022 20.977142 -3.122840 73.516095 36.156194 31.007178 -143.563604 60.032447 -121.049060 0.664661 17.595328 -20.300262 
-45.820034 112.617828 90.039551 132.955132 -1.888030 87.743828 14.682318 8.895835 -8.432078 -3.412633 15.099398 14.499439 1.330756 8.829280 -9.195001 nan nan nan -13.758979 -3.345093 -6.879553 0.463310 -8.041116 24.814896 1.348453 2.413660 -24.041474 nan nan nan -1.585175 2.272210 -0.911863 -0.118816 -2.781359 16.932968 -2.206624 1.795842 -6.898129 5.923424 13.459251 22.936822 -7.999440 2.083369 14.667151 -6.233880 -4.335105 -4.851598 -57.736295 -27.211531 10.630972 142.350376 -41.146409 -102.464250 2.519676 -20.857975 2.786099 7.576231 20.928711 -3.122260 73.422260 36.100337 30.879250 -143.603239 60.035326 -121.025712 0.749760 17.417831 -20.464600 
-45.853527 112.586189 90.016739 133.068211 -1.884126 87.739596 14.693630 8.894348 -8.494643 -3.462305 15.061665 14.478894 1.387587 8.780536 -9.145958 nan nan nan -13.786068 -3.440649 -6.878430 0.487830 -8.071276 24.852901 1.352118 2.435644 -24.026502 nan nan nan -1.566912 2.256947 -0.925690 -0.089886 -2.774758 16.869029 -2.199895 1.770035 -6.878404 5.774783 13.377472 22.911692 -7.930443 2.142598 14.686375 -6.233850 -4.336260 -4.907291 -57.847083 -27.245778 10.762019 142.322011 -41.172113 -102.188362 2.476500 -20.781065 2.672519 7.528691 20.775777 -3.200768 73.485673 36.075417 30.903881 -143.525629 60.113416 -120.886805 0.889543 17.254540 -20.618112 
-45.878216 112.555450 89.998566 133.153921 -1.914218 87.728802 14.679012 8.877176 -8.526711 -3.549160 15.024922 14.428294 1.467303 8.759202 -9.122102 nan nan nan -13.838469 -3.506914 -6.873277 0.494555 -8.116144 24.888000 1.367028 2.429316 -24.027564 nan nan nan -1.608738 2.239400 -0.969487 -0.039554 -2.769224 16.862769 -2.176619 1.766438 -6.834287 5.599284 13.369836 22.927120 -7.803950 2.130540 14.572296 -6.284140 -4.299817 -5.005159 -57.866177 -27.314992 10.876992 142.263254 -41.333060 -102.103460 2.511592 -20.824330 2.765381 7.487893 20.615281 -3.306568 73.499149 36.071261 30.953903 -143.493470 60.208877 -120.851066 0.813206 17.292503 -20.692589 
-45.905045 112.517365 89.987396 133.242121 -1.934322 87.674194 14.670978 8.827100 -8.541576 -3.588966 14.971995 14.429312 1.503532 8.748065 -9.073862 nan nan nan -13.906784 -3.598307 -6.882678 0.532393 -8.252717 25.041266 1.423358 2.450035 -24.028718 nan nan nan -1.670726 2.287019 -1.023093 0.035441 -2.739651 17.148903 -2.113701 1.695192 -7.025180 5.515359 13.385881 23.003219 -7.726253 2.149541 14.379148 -6.384634 -4.366291 -4.988313 -57.828963 -27.449334 10.911482 142.206687 -41.469374 -102.199058 2.245614 -20.840558 3.085085 7.445904 20.521107 -3.344346 73.407368 36.078619 30.907481 -143.504825 60.253037 -120.931841 0.860644 17.362962 -20.651131 
-45.929749 112.484863 89.996002 133.317770 -1.950783 87.578954 14.663900 8.789097 -8.495525 -3.642440 14.907990 14.405113 1.564045 8.765465 -9.030234 nan nan nan -13.980296 -3.696500 -6.843661 0.619412 -8.366604 25.173878 1.464768 2.445661 -23.955019 nan nan nan -1.711073 2.396657 -1.004888 0.094562 -2.675183 17.538016 -2.062826 1.554182 -7.370509 5.521872 13.407673 22.912640 -7.719344 2.211632 14.507732 -6.512883 -4.422963 -4.875383 -57.766868 -27.653586 10.920032 142.191800 -41.472110 -102.351628 1.756204 -20.824515 3.303675 7.425024 20.393312 -3.354785 73.389120 36.072813 30.904212 -143.444531 60.258339 -120.946455 1.100282 17.314301 -20.634031 
-45.943272 112.471085 90.007011 133.379945 -1.978627 87.548214 14.622169 8.766780 -8.455374 -3.686191 14.891424 14.305199 1.525258 8.816462 -8.955774 nan nan nan -14.034946 -3.721422 -6.794557 0.687764 -8.366239 25.134799 1.556653 2.422001 -23.978123 nan nan nan -1.703569 2.422848 -1.005706 0.075617 -2.647592 17.506775 -2.072071 1.534645 -7.344104 5.453035 13.468280 22.844597 -7.563737 2.283167 14.561852 -6.568637 -4.430206 -4.881248 -57.793477 -27.713035 10.977864 142.224474 -41.517913 -102.457926 1.809007 -20.822931 3.037473 7.457331 20.328637 -3.356670 73.343370 36.012603 30.824663 -143.548968 60.284939 -121.193348 1.197867 17.198831 -20.693363 
-45.955761 112.444550 90.013145 133.384663 -1.994542 87.572035 14.612413 8.783977 -8.434777 -3.699686 14.885856 14.183173 1.409331 8.772619 -8.908873 nan nan nan -14.015779 -3.644305 -6.787636 0.637086 -8.299751 25.013759 1.644169 2.460727 -24.040148 nan nan nan -1.651669 2.386007 -1.039069 0.024299 -2.641865 17.289471 -2.120538 1.588423 -7.157480 5.413301 13.606817 22.858069 -7.399940 2.288822 14.504249 -6.603010 -4.410603 -4.958939 -57.804395 -27.670812 10.986568 142.201376 -41.598059 -102.428298 1.994512 -20.922102 2.861771 7.543075 20.409046 -3.264253 73.231143 36.036695 30.679394 -143.612437 60.330024 -121.327154 1.011691 17.455194 -20.523811 
-45.974689 112.416855 90.015182 133.375353 -2.029258 87.562694 14.583336 8.793822 -8.368015 -3.717442 14.925999 14.042434 1.383536 8.656797 -8.897893 nan nan nan -14.041387 -3.585347 -6.800652 0.567780 -8.329403 25.018072 1.704877 2.583251 -24.049447 nan nan nan -1.645956 2.389052 -1.062399 0.007369 -2.639697 17.272630 -2.147761 1.597719 -7.182284 5.472948 13.726859 22.964173 -7.363594 2.239870 14.447118 -6.615905 -4.430508 -4.983175 -57.861891 -27.626652 11.003787 142.151851 -41.578661 -102.336754 1.896921 -21.010745 3.038444 7.655566 20.622489 -3.143281 73.117631 36.010300 30.631893 -143.402700 60.250095 -121.076513 0.807997 18.052362 -20.300525 
-46.017654 112.398247 90.016121 133.336082 -2.056922 87.531299 14.556152 8.798490 -8.322193 -3.754530 14.995179 13.992656 1.483228 8.586485 -8.886657 nan nan nan -14.076219 -3.572227 -6.870131 0.505032 -8.398691 25.161185 1.701862 2.651158 -24.037527 nan nan nan -1.606847 2.445852 -1.005790 0.000702 -2.614603 17.249866 -2.176940 1.557458 -7.295039 5.505709 13.789702 23.107163 -7.327860 2.206317 14.354458 -6.682544 -4.443332 -4.954538 -57.890927 -27.625809 11.035504 142.074710 -41.447956 -102.446420 1.394860 -20.949713 2.774969 7.704926 20.821658 -3.094754 73.049356 35.845675 30.669912 -143.042351 60.155653 -120.614100 0.760049 18.349126 -20.279361 
-46.047977 112.385040 90.011436 133.325316 -2.062986 87.505851 14.548348 8.810575 -8.297946 -3.737156 15.034471 13.990977 1.411682 8.533420 -8.819870 nan nan nan -14.082018 -3.580066 -6.896263 0.466206 -8.415606 25.237427 1.617447 2.672260 -24.089421 nan nan nan -1.574515 2.483925 -1.012755 0.003737 -2.626747 17.179401 -2.193134 1.558148 -7.228039 5.484081 13.812477 23.168144 -7.320094 2.156528 14.222161 -6.627151 -4.378988 -4.994203 -58.116518 -27.707455 11.113803 141.899384 -41.282194 -102.702492 0.822487 -20.895632 1.664085 7.735828 20.836971 -3.098364 73.069276 35.794836 30.721871 -142.988102 60.179029 -120.529588 0.871495 18.190822 -20.266503 
-46.066414 112.371635 90.006050 133.347572 -2.079209 87.471857 14.531505 8.804592 -8.262644 -3.719791 15.057949 13.965408 1.333814 8.473533 -8.806927 nan nan nan -14.127867 -3.627181 -6.891503 0.475663 -8.425769 25.282279 1.599533 2.754631 -24.116084 nan nan nan -1.539218 2.475643 -1.059226 -0.030093 -2.637881 17.247865 -2.225031 1.555971 -7.221048 5.523437 13.917418 23.164067 -7.324636 2.186304 14.220954 -6.581377 -4.360880 -5.044535 -58.180132 -27.660638 11.157740 141.876872 -41.334634 -102.643687 1.007611 -20.888650 1.817250 7.761141 20.831471 -3.064315 73.077682 35.854903 30.760490 -142.956645 60.269023 -120.537260 0.654919 18.228039 -20.174617 
-46.086155 112.363884 90.013138 133.354926 -2.095887 87.455705 14.482908 8.788471 -8.232818 -3.728594 15.023908 13.895635 1.355860 8.475182 -8.828762 nan nan nan -14.191363 -3.684896 -6.944604 0.529997 -8.476787 25.395659 1.626616 2.792864 -24.103076 nan nan nan -1.476890 2.480447 -1.130982 -0.080590 -2.640966 17.351918 -2.258354 1.602374 -7.256030 5.491910 13.972426 23.245203 -7.261778 2.261367 14.139546 -6.596188 -4.511404 -5.012329 -58.086931 -27.564656 11.074685 141.889997 -41.313534 -102.675739 1.028010 -20.829375 1.913516 7.744251 20.905834 -3.005661 73.035097 35.866247 30.644479 -142.919119 60.305033 -120.528057 0.701103 18.121385 -20.147651 
-46.110409 112.354141 90.025764 133.361090 -2.086773 87.420652 14.465019 8.826109 -8.189902 -3.743486 14.999756 13.831471 1.370246 8.506365 -8.788118 nan nan nan -14.211494 -3.730916 -6.982448 0.567316 -8.556058 25.520837 1.670401 2.764142 -23.981160 nan nan nan -1.401638 2.466657 -1.121667 -0.115153 -2.627273 17.345383 -2.270574 1.636134 -7.248491 5.462879 13.982831 23.356949 -7.249733 2.313894 13.963930 -6.615748 -4.653987 -4.938601 -57.978932 -27.439820 10.944359 141.945643 -41.290942 -102.667694 1.085750 -20.727093 1.896923 7.711610 21.015221 -2.976528 73.032637 35.830022 30.532737 -142.803008 60.315654 -120.342191 0.899979 17.863653 -20.287168 
-46.122234 112.335770 90.029518 133.410081 -2.081164 87.357053 14.464153 8.825789 -8.168018 -3.718715 14.943792 13.831113 1.356698 8.544527 -8.746508 nan nan nan -14.188930 -3.709053 -6.881778 0.546466 -8.550584 25.453923 1.658313 2.718509 -23.922019 nan nan nan -1.366590 2.460326 -1.081397 -0.139430 -2.623096 17.354051 -2.273014 1.640534 -7.225671 5.507963 14.007249 23.352896 -7.244676 2.272614 13.939884 -6.591960 -4.718498 -4.909271 -57.895793 -27.378288 10.856515 141.973837 -41.294666 -102.605849 1.170211 -20.694375 1.945999 7.749435 21.162064 -2.985845 72.902760 35.759756 30.452366 -142.836461 60.230857 -120.296300 1.165206 17.740955 -20.377916 
-46.138206 112.316711 90.018166 133.469512 -2.083998 87.312541 14.461541 8.763729 -8.217050 -3.689539 14.786789 13.911720 1.474310 8.583253 -8.727048 nan nan nan -14.161863 -3.673651 -6.732125 0.533630 -8.450981 25.259766 1.584855 2.635228 -23.930367 nan nan nan -1.385941 2.491337 -1.021595 -0.136524 -2.653861 17.352423 -2.257587 1.613203 -7.260572 5.547186 14.033404 23.225246 -7.236816 2.221637 14.171754 -6.523213 -4.795230 -4.853064 -57.923688 -27.332618 10.843657 141.931852 -41.239093 -102.440635 1.229885 -20.685233 1.743534 7.760006 21.307698 -3.078793 72.780665 35.585253 30.465174 -142.851585 60.123980 -120.135084 1.203095 17.689952 -20.491152 
-46.156952 112.314827 90.002724 133.495367 -2.095858 87.267762 14.430280 8.717722 -8.218752 -3.662857 14.723781 13.957336 1.546135 8.634722 -8.723518 nan nan nan -14.188827 -3.679103 -6.628415 0.560016 -8.391494 25.177113 1.532259 2.613531 -23.976287 nan nan nan -1.411350 2.557103 -1.021415 -0.107598 -2.659628 17.478882 -2.237037 1.550810 -7.348732 5.577415 14.064402 23.143021 -7.285809 2.213371 14.302167 -6.450170 -4.810379 -4.824941 -58.116942 -27.347558 10.957303 141.854043 -41.134805 -102.440660 1.057663 -20.691964 1.450803 7.717250 21.318820 -3.171465 72.807284 35.499014 30.565333 -142.734601 60.051087 -119.974261 1.265607 17.712736 -20.569831 
-46.171780 112.314079 89.995934 133.513312 -2.055927 87.162504 14.466917 8.704140 -8.123844 -3.650623 14.701512 13.978190 1.485184 8.750543 -8.749845 nan nan nan -14.161642 -3.692784 -6.505964 0.583076 -8.358335 25.163663 1.486823 2.585392 -24.019839 nan nan nan -1.368116 2.658837 -0.935047 -0.059197 -2.549817 17.665185 -2.188167 1.418475 -7.480663 5.634141 13.985901 23.081992 -7.409621 2.240254 14.238546 -6.481826 -4.795287 -4.726232 -58.116050 -27.441942 10.990033 141.938932 -41.370216 -102.237697 1.465499 -20.562771 2.404103 7.602972 21.132820 -3.303854 72.888654 35.493578 30.605615 -142.852916 60.116222 -120.083866 1.422157 17.731936 -20.610620 
-46.194538 112.303864 89.997566 133.545861 -2.043073 87.131960 14.459509 8.665105 -8.122352 -3.626679 14.676659 13.991697 1.436097 8.877898 -8.746117 nan nan nan -14.166339 -3.682827 -6.534652 0.598678 -8.376983 25.251675 1.444792 2.540037 -24.044034 nan nan nan -1.308401 2.705528 -0.859774 -0.072906 -2.494274 17.603175 -2.184723 1.371516 -7.446023 5.653476 13.912050 22.972264 -7.461379 2.356604 14.240684 -6.545241 -4.844762 -4.665663 -57.994028 -27.460906 10.934908 141.977604 -41.470446 -102.240166 1.746751 -20.514432 2.722292 7.626280 21.092003 -3.328911 72.799723 35.502075 30.512127 -143.065403 60.197166 -120.281446 1.558545 17.716878 -20.353009 
-46.214806 112.288780 90.000267 133.564527 -2.057339 87.196260 14.417642 8.652703 -8.183050 -3.610711 14.609369 13.927432 1.385968 8.861021 -8.727427 nan nan nan -14.163034 -3.659347 -6.678107 0.572291 -8.375797 25.343489 1.497838 2.498963 -24.071374 nan nan nan -1.296658 2.663564 -0.926432 -0.121882 -2.515857 17.467963 -2.208106 1.448774 -7.336995 5.640563 13.932482 22.957251 -7.389840 2.454686 14.218254 -6.576634 -4.919647 -4.707449 -57.918295 -27.379932 10.877500 141.943429 -41.440467 -102.306801 1.763984 -20.501155 2.494360 7.657769 21.226387 -3.220390 72.645852 35.529240 30.373686 -143.109163 60.215097 -120.331680 1.469860 17.667018 -20.242542 
-46.239429 112.272980 89.997444 133.569439 -2.062104 87.249803 14.384446 8.662704 -8.273591 -3.551627 14.627280 13.947457 1.346121 8.813239 -8.712218 nan nan nan -14.147068 -3.653663 -6.785829 0.550378 -8.372188 25.400303 1.550614 2.497876 -24.092193 nan nan nan -1.271431 2.657292 -0.981555 -0.154717 -2.538409 17.350109 -2.239645 1.530379 -7.212382 5.624924 13.955732 22.970579 -7.289557 2.456278 14.149017 -6.559232 -4.994313 -4.777905 -57.941426 -27.319723 10.853434 141.778796 -41.326984 -102.391265 1.533695 -20.677934 1.522320 7.643318 21.331763 -3.225724 72.582321 35.450786 30.287415 -143.191306 60.144464 -120.431581 1.454040 17.684004 -20.450526 
-46.268372 112.260017 89.989204 133.578611 -2.034713 87.240125 14.381313 8.637089 -8.341889 -3.455864 14.683178 14.048835 1.380966 8.780324 -8.714017 nan nan nan -14.120098 -3.710693 -6.814349 0.542559 -8.389825 25.459587 1.533318 2.506658 -24.033969 nan nan nan -1.198512 2.633531 -0.928568 -0.184097 -2.539875 17.246121 -2.262247 1.560968 -7.122765 5.643452 13.999968 22.942362 -7.235285 2.459247 14.128056 -6.641223 -5.007768 -4.775417 -57.768252 -27.221578 10.721228 141.905441 -41.504053 -102.190546 1.837034 -20.876362 1.971905 7.626684 21.276582 -3.267779 72.626104 35.454271 30.233068 -143.383786 60.223714 -120.650011 1.395834 17.837047 -20.504072 
-46.298328 112.240059 89.979202 133.536116 -2.028609 87.247859 14.386694 8.619158 -8.370563 -3.455653 14.705164 14.066165 1.407558 8.801506 -8.702201 nan nan nan -14.124767 -3.752284 -6.904857 0.559190 -8.445984 25.594576 1.604080 2.508943 -23.858461 nan nan nan -1.185649 2.611720 -0.909569 -0.181441 -2.531583 17.150497 -2.253834 1.587109 -7.028300 5.641597 14.032579 22.940041 -7.224668 2.466219 14.103498 -6.690734 -4.965975 -4.822721 -57.713054 -27.186488 10.664841 141.968036 -41.618093 -102.104631 1.937621 -20.880788 2.363116 7.594700 21.227591 -3.251144 72.648256 35.528064 30.189365 -143.538477 60.325531 -120.858293 1.374113 17.919769 -20.504640 
-46.321541 112.216393 89.972870 133.520923 -2.005457 87.277334 14.416940 8.654028 -8.430237 -3.473321 14.689292 14.051376 1.390543 8.766067 -8.582956 nan nan nan -14.071298 -3.753572 -6.956683 0.535081 -8.414091 25.604622 1.633890 2.503869 -23.795902 nan nan nan -1.173647 2.593604 -0.949595 -0.168468 -2.525971 17.176892 -2.238746 1.617416 -7.024864 5.631415 14.011810 22.883114 -7.234667 2.522164 14.159632 -6.768677 -4.974333 -4.896437 -57.619141 -27.149105 10.654162 141.932718 -41.656398 -102.067891 2.048196 -20.806711 2.427888 7.551557 21.181584 -3.256443 72.652580 35.584449 30.186113 -143.631125 60.385652 -121.020154 1.174600 17.935805 -20.584800 
-46.325287 112.207603 89.977898 133.563027 -1.966010 87.230931 14.454579 8.680992 -8.433252 -3.462976 14.642255 14.068584 1.396903 8.732024 -8.540572 nan nan nan -14.007057 -3.700436 -6.843072 0.512655 -8.366439 25.472189 1.592213 2.485016 -23.914233 nan nan nan -1.139504 2.570937 -0.872979 -0.158748 -2.539214 17.164278 -2.234635 1.642270 -7.017236 5.624402 13.998257 22.851923 -7.249614 2.586139 14.124859 -6.830367 -5.004452 -4.892170 -57.525625 -27.089958 10.608220 141.929836 -41.628169 -102.091663 2.171949 -20.817566 2.238638 7.548476 21.207208 -3.302690 72.579605 35.570638 30.181349 -143.635539 60.405115 -121.014928 1.081288 17.942444 -20.552403 
-46.336781 112.207451 89.984024 133.637234 -1.967695 87.224304 14.421662 8.668708 -8.487570 -3.455432 14.646380 14.101876 1.418442 8.706591 -8.605109 nan nan nan -14.022819 -3.678851 -6.818082 0.516323 -8.397438 25.448608 1.545898 2.519265 -23.985333 nan nan nan -1.148397 2.589208 -0.790136 -0.144932 -2.522686 17.256358 -2.214392 1.576949 -7.183472 5.626764 13.980049 22.864402 -7.295878 2.603544 14.035105 -6.824676 -4.964787 -4.847747 -57.530227 -27.005945 10.624123 141.959756 -41.617246 -102.125144 2.402790 -20.905417 2.240110 7.505187 21.161552 -3.363548 72.564364 35.529997 30.252679 -143.655016 60.393852 -121.064840 0.921724 18.194081 -20.463038 
-46.356647 112.208664 89.987541 133.660518 -1.963458 87.225431 14.393084 8.692839 -8.522248 -3.429138 14.709056 14.120115 1.399513 8.621302 -8.651459 nan nan nan -14.034000 -3.685352 -6.836762 0.478570 -8.468503 25.462149 1.546394 2.571896 -23.959017 nan nan nan -1.140366 2.637597 -0.733935 -0.112618 -2.485034 17.413624 -2.173277 1.478750 -7.443797 5.652907 13.950407 22.938536 -7.401523 2.597713 14.000800 -6.888537 -4.945635 -4.787140 -57.536092 -26.943398 10.625423 141.965896 -41.613136 -102.135635 2.524107 -21.008220 2.487979 7.432751 21.142574 -3.309914 72.545650 35.569413 30.277430 -143.715188 60.346835 -121.190545 0.589131 18.616699 -20.291107 
-46.382648 112.202744 89.988342 133.637475 -1.951810 87.221071 14.401520 8.706126 -8.516250 -3.453197 14.707586 14.097754 1.416617 8.585810 -8.622007 nan nan nan -14.026655 -3.707441 -6.813080 0.462568 -8.487088 25.380030 1.522265 2.582983 -23.954610 nan nan nan -1.097567 2.652656 -0.697885 -0.116359 -2.508296 17.355833 -2.157145 1.470413 -7.432422 5.725673 13.941353 23.038751 -7.513247 2.638373 13.978582 -6.982340 -4.935305 -4.792177 -57.436035 -26.870363 10.540311 141.961299 -41.627773 -102.233858 2.535902 -21.072010 2.490111 7.454736 21.204404 -3.219184 72.481229 35.626150 30.184947 -143.805440 60.365204 -121.317879 0.548106 18.796216 -20.118485 
-46.397984 112.193306 89.992157 133.641733 -1.943575 87.182795 14.424477 8.690807 -8.473818 -3.485217 14.721045 14.067622 1.411981 8.558075 -8.578578 nan nan nan -14.023170 -3.753378 -6.708650 0.468054 -8.522854 25.254765 1.535359 2.571265 -23.896807 nan nan nan -1.078595 2.645675 -0.676078 -0.134569 -2.565539 17.320002 -2.182623 1.494941 -7.350149 5.782536 13.963572 22.997221 -7.473875 2.585941 14.122815 -6.978548 -4.940624 -4.808799 -57.378503 -26.856464 10.486746 141.966595 -41.601074 -102.244526 2.425234 -20.986189 2.632911 7.555577 21.275922 -3.172755 72.361096 35.633295 30.114524 -143.869302 60.341609 -121.416561 0.713805 18.759655 -20.005798 
-46.411461 112.193970 89.993896 133.659376 -1.948022 87.160788 14.412858 8.662496 -8.476351 -3.488129 14.689152 14.084491 1.462443 8.596422 -8.532927 nan nan nan -14.064225 -3.835872 -6.647166 0.526408 -8.548614 25.226123 1.554593 2.567345 -23.787702 nan nan nan -1.084230 2.608887 -0.672120 -0.144917 -2.606216 17.311640 -2.201168 1.550190 -7.265106 5.789900 14.012897 22.941299 -7.392085 2.547133 14.169755 -6.943454 -4.921772 -4.872017 -57.437628 -26.856533 10.492822 141.946617 -41.581504 -102.185121 2.219955 -20.853361 2.787207 7.552615 21.273556 -3.212373 72.324686 35.641645 30.086764 -143.909165 60.343567 -121.458324 0.917173 18.575623 -20.043883 
-46.422058 112.205185 90.002762 133.646310 -1.944605 87.139700 14.399059 8.692559 -8.476383 -3.471384 14.667271 14.116007 1.438005 8.564071 -8.562506 nan nan nan -14.112193 -3.887187 -6.642079 0.579671 -8.627754 25.289463 1.636990 2.576126 -23.629791 nan nan nan -1.062033 2.581349 -0.623973 -0.146508 -2.586968 17.264312 -2.203255 1.593976 -7.210548 5.772806 14.044340 22.944086 -7.372458 2.561085 14.188720 -6.957000 -4.875049 -4.883742 -57.540269 -26.907230 10.491888 141.921329 -41.610195 -102.138021 2.095033 -20.844191 2.939508 7.523254 21.209674 -3.221509 72.289063 35.701843 30.020607 -143.991611 60.403754 -121.488316 1.073065 18.415276 -19.964961 
-46.430103 112.216446 90.011711 133.616781 -1.913960 87.170719 14.425070 8.734528 -8.506589 -3.466674 14.700119 14.117626 1.393775 8.521354 -8.605592 nan nan nan -14.091602 -3.874797 -6.678672 0.594829 -8.612074 25.251502 1.659150 2.600762 -23.568943 nan nan nan -1.013383 2.566232 -0.639428 -0.144826 -2.579250 17.271111 -2.210944 1.612070 -7.222330 5.755344 14.110745 22.932299 -7.361515 2.608816 14.212327 -6.976066 -4.920509 -4.848292 -57.490725 -26.812214 10.414802 141.981439 -41.565869 -102.047350 2.230418 -20.822160 3.100806 7.542806 21.227999 -3.214997 72.219544 35.723060 29.967370 -143.991033 60.433192 -121.454454 0.990895 18.414285 -19.973874 
-46.446323 112.219154 90.016479 133.638819 -1.866375 87.254396 14.446573 8.727562 -8.589746 -3.459438 14.690340 14.071712 1.371996 8.556095 -8.568993 nan nan nan -14.022029 -3.804148 -6.710475 0.592887 -8.522446 25.112674 1.563490 2.615844 -23.639157 nan nan nan -0.946435 2.521167 -0.736904 -0.155259 -2.593980 17.319398 -2.221747 1.682266 -7.254496 5.762499 14.061846 22.973379 -7.402175 2.695774 14.189900 -7.035857 -4.955153 -4.894857 -57.450552 -26.726034 10.413293 141.982324 -41.550244 -102.009798 2.492622 -20.804667 3.187162 7.508353 21.261090 -3.180669 72.164329 35.705323 29.905425 -144.008776 60.388900 -121.537746 0.964700 18.406704 -19.977680 
-46.467667 112.226250 90.025093 133.656324 -1.832624 87.297561 14.446124 8.728984 -8.605995 -3.438295 14.691168 13.988933 1.373898 8.559357 -8.555575 nan nan nan -13.999131 -3.754727 -6.701852 0.613211 -8.525397 25.004885 1.548877 2.660807 -23.617201 nan nan nan -0.893497 2.502840 -0.771855 -0.147900 -2.612410 17.360010 -2.226921 1.695800 -7.324230 5.834412 14.017496 23.071679 -7.525419 2.745474 14.148559 -7.084672 -4.806003 -5.023933 -57.640218 -26.697882 10.576303 141.910833 -41.542488 -102.062735 2.451344 -20.828226 3.197823 7.506269 21.216513 -3.128816 72.139472 35.716797 29.947188 -144.032894 60.357760 -121.623432 0.870816 18.517367 -19.918331 
-46.479317 112.216896 90.027664 133.668824 -1.795705 87.272494 14.492742 8.738908 -8.582581 -3.431137 14.753152 13.985881 1.369433 8.466671 -8.528671 nan nan nan -13.955001 -3.735650 -6.620347 0.606289 -8.579093 24.921005 1.562059 2.674111 -23.589456 nan nan nan -0.859813 2.530003 -0.652780 -0.110268 -2.610326 17.361552 -2.234177 1.593096 -7.424304 5.841807 14.126065 23.018857 -7.506249 2.712581 14.285101 -6.973996 -4.630751 -4.971195 -57.842355 -26.737615 10.673059 141.860783 -41.411469 -102.053823 2.018511 -20.816238 3.088800 7.510929 21.107699 -3.132224 72.282003 35.760894 30.186394 -143.927186 60.329054 -121.440619 0.949964 18.568382 -20.005437 
-46.495163 112.204254 90.019295 133.659227 -1.772416 87.264543 14.507308 8.746900 -8.575100 -3.423686 14.697360 13.975388 1.451257 8.458521 -8.517055 nan nan nan -13.935587 -3.777321 -6.587175 0.620722 -8.550135 24.870425 1.522982 2.625879 -23.588351 nan nan nan -0.881755 2.580116 -0.574439 -0.044504 -2.535909 17.435195 -2.194816 1.498526 -7.559238 5.748821 14.123201 22.875761 -7.419581 2.724676 14.449094 -6.853537 -4.606198 -4.780183 -57.981995 -26.825682 10.698579 141.900274 -41.338822 -101.981175 1.906226 -20.643584 3.235617 7.418081 20.924505 -3.197583 72.431475 35.793703 30.330442 -143.926953 60.337887 -121.424531 1.188761 18.279371 -20.294334 
-46.503101 112.206291 90.019119 133.614777 -1.785020 87.303667 14.469601 8.732638 -8.580037 -3.442263 14.605108 13.899033 1.498037 8.514637 -8.536791 nan nan nan -13.959526 -3.807173 -6.632308 0.633883 -8.538384 24.834938 1.500584 2.582561 -23.588189 nan nan nan -0.918715 2.614298 -0.632680 -0.031048 -2.478315 17.444626 -2.181515 1.523641 -7.547323 5.711920 14.056080 22.905250 -7.284447 2.740983 14.486969 -6.824732 -4.699858 -4.653517 -57.956013 -26.883735 10.663346 141.898579 -41.392191 -101.893629 2.081087 -20.582506 3.481533 7.394657 20.856240 -3.192274 72.409570 35.791459 30.221903 -143.998304 60.324480 -121.545918 1.364418 18.208919 -20.419633 
-46.499084 112.223640 90.034554 133.574230 -1.796330 87.364215 14.420343 8.709336 -8.616932 -3.408421 14.616259 13.868269 1.476367 8.531970 -8.587527 nan nan nan -13.987014 -3.823717 -6.677499 0.643106 -8.563665 24.767121 1.557045 2.644287 -23.580514 nan nan nan -0.876404 2.636305 -0.742934 -0.066055 -2.486932 17.334840 -2.222750 1.583513 -7.388785 5.727290 14.058490 23.064394 -7.218420 2.696621 14.355352 -6.839913 -4.749500 -4.649758 -57.900501 -26.825504 10.609508 141.860961 -41.431475 -101.943570 2.092721 -20.749492 3.572124 7.453697 20.929248 -3.151734 72.287958 35.768944 30.035451 -144.020922 60.318790 -121.633234 1.429315 18.313498 -20.347321 
-46.495991 112.228180 90.053429 133.550765 -1.786843 87.458671 14.391962 8.710578 -8.712804 -3.358444 14.680016 13.871415 1.437846 8.542315 -8.573030 nan nan nan -13.982086 -3.825517 -6.824261 0.633269 -8.645699 24.850358 1.666764 2.691991 -23.554079 nan nan nan -0.839427 2.668255 -0.843861 -0.076457 -2.488401 17.234244 -2.246717 1.648348 -7.284804 5.805031 14.062980 23.230239 -7.256681 2.587448 14.206364 -6.796029 -4.748097 -4.804533 -58.079439 -26.727151 10.756371 141.821684 -41.470253 -102.038907 2.010315 -20.841931 3.534376 7.475975 20.938009 -3.212181 72.225215 35.660352 29.965531 -144.125990 60.288034 -121.726111 1.301426 18.412992 -20.198007 
-46.503559 112.241058 90.070694 133.552800 -1.788446 87.467179 14.351137 8.719631 -8.715236 -3.325000 14.668490 13.848467 1.461779 8.600356 -8.557479 nan nan nan -14.001804 -3.874979 -6.893201 0.621858 -8.750579 24.991186 1.761780 2.697756 -23.412549 nan nan nan -0.859082 2.641476 -0.831160 -0.058588 -2.487906 17.289375 -2.216232 1.705052 -7.391612 5.823730 14.066861 23.379828 -7.277963 2.552007 14.130936 -6.779899 -4.685184 -4.879209 -58.289899 -26.683634 10.929853 141.839194 -41.531133 -102.110490 2.262350 -20.899610 3.523817 7.445802 20.897410 -3.165731 72.240139 35.675207 29.949899 -144.213679 60.288156 -121.779468 1.084765 18.461212 -20.020210 
-46.509827 112.249786 90.070145 133.577817 -1.782784 87.436666 14.353596 8.771474 -8.711585 -3.369299 14.599738 13.847483 1.525262 8.631378 -8.597007 nan nan nan -13.970403 -3.899834 -6.822510 0.610582 -8.678643 24.935358 1.806603 2.599620 -23.349540 nan nan nan -0.854540 2.614210 -0.757924 -0.048428 -2.512581 17.226748 -2.175440 1.708522 -7.355711 5.788962 13.997747 23.404799 -7.352419 2.664605 14.153262 -6.860677 -4.750787 -4.819695 -58.114568 -26.640835 10.770657 141.961141 -41.508928 -102.050362 2.615115 -20.868537 3.511059 7.388701 20.934256 -3.161123 72.268717 35.734807 29.911144 -144.172995 60.333046 -121.637714 1.025423 18.198054 -20.138254 
-46.511715 112.255318 90.066315 133.594766 -1.781267 87.405983 14.343387 8.781146 -8.695761 -3.424800 14.546563 13.813900 1.720938 8.651351 -8.629724 nan nan nan -13.923617 -3.816040 -6.678901 0.592539 -8.536019 24.724649 1.776256 2.522807 -23.369355 nan nan nan -0.894381 2.618491 -0.705570 -0.007596 -2.555527 17.207318 -2.126921 1.685321 -7.370806 5.777261 13.902591 23.436125 -7.393360 2.823250 14.182484 -6.985162 -4.847534 -4.764627 -57.862111 -26.571814 10.588965 142.009095 -41.434708 -102.027488 2.380637 -20.732631 3.440267 7.383001 21.006353 -3.179177 72.283957 35.724662 29.937143 -144.051425 60.287630 -121.568359 1.265221 18.049460 -20.288646 
-46.517918 112.268929 90.062836 133.610753 -1.791675 87.379482 14.304896 8.740142 -8.637151 -3.407828 14.561951 13.732649 1.791683 8.673953 -8.543330 nan nan nan -13.927837 -3.742076 -6.568887 0.581612 -8.506203 24.586695 1.736305 2.496998 -23.406072 nan nan nan -0.913339 2.607253 -0.648605 0.004293 -2.576972 17.149076 -2.139647 1.684616 -7.340700 5.749534 13.952329 23.335726 -7.313663 2.868460 14.356231 -6.889470 -4.852622 -4.724622 -57.945189 -26.565881 10.609542 141.949662 -41.348869 -101.967959 2.326662 -20.764152 3.314852 7.453897 20.993797 -3.194952 72.270898 35.714173 30.016609 -144.065393 60.232791 -121.631429 1.188223 18.137725 -20.239127 
-46.524128 112.281647 90.063583 133.651730 -1.792347 87.378175 14.270961 8.718801 -8.629296 -3.330670 14.683494 13.702608 1.707726 8.736976 -8.394213 nan nan nan -13.941548 -3.755440 -6.541038 0.580121 -8.555122 24.584186 1.707684 2.492196 -23.420815 nan nan nan -0.898210 2.572958 -0.614563 -0.015225 -2.573224 17.035201 -2.172940 1.727293 -7.234339 5.754660 13.992743 23.226455 -7.232705 2.834127 14.457860 -6.778508 -4.835732 -4.690463 -58.071682 -26.643871 10.685751 141.934291 -41.332994 -101.965551 2.585309 -20.826909 3.188477 7.460931 20.946752 -3.199054 72.266017 35.713488 30.007947 -144.241717 60.181924 -121.801525 1.011253 18.122368 -20.141696 
-46.526264 112.299782 90.064583 133.660317 -1.789134 87.417975 14.243295 8.720177 -8.642998 -3.300920 14.697433 13.635006 1.698499 8.762008 -8.385135 nan nan nan -13.941914 -3.799838 -6.595610 0.542750 -8.597759 24.617222 1.648606 2.536858 -23.422372 nan nan nan -0.941466 2.607966 -0.674578 0.025589 -2.514203 17.190939 -2.141434 1.759635 -7.393229 5.838642 13.920051 23.316632 -7.232460 2.802450 14.403206 -6.790499 -4.740612 -4.707450 -58.224937 -26.726844 10.860896 141.949436 -41.470864 -102.045889 2.689066 -20.893035 3.179015 7.385410 20.784307 -3.182574 72.278429 35.731972 30.008508 -144.451628 60.135014 -121.973879 0.872156 17.925250 -19.903459 
-46.525467 112.329163 90.064636 133.691765 -1.814646 87.430434 14.206056 8.704584 -8.614301 -3.362359 14.658016 13.528293 1.802555 8.739380 -8.431440 nan nan nan -13.991331 -3.853027 -6.609745 0.542067 -8.604799 24.647094 1.637949 2.595345 -23.423338 nan nan nan -1.031151 2.692199 -0.663385 0.095990 -2.433423 17.408843 -2.067058 1.673828 -7.716745 5.893688 13.825630 23.310176 -7.270618 2.827937 14.564446 -6.854382 -4.601505 -4.706522 -58.374174 -26.830290 11.094610 141.963950 -41.554187 -102.201523 2.916056 -20.982972 3.118581 7.386835 20.547765 -3.127329 72.312664 35.787678 30.136841 -144.526273 60.123927 -122.124940 0.771945 17.691405 -19.687475 
-46.526623 112.349228 90.067673 133.732472 -1.816241 87.404876 14.192180 8.697458 -8.580925 -3.379657 14.635284 13.464652 1.856030 8.735805 -8.424164 nan nan nan -14.024505 -3.945964 -6.583188 0.575084 -8.624788 24.685536 1.644122 2.597492 -23.350954 nan nan nan -1.045665 2.792859 -0.569177 0.147826 -2.379694 17.490082 -1.998981 1.551306 -7.931783 5.927796 13.705887 23.351981 -7.346971 2.858992 14.629661 -6.945559 -4.590784 -4.630032 -58.400338 -26.914665 11.151983 141.894726 -41.554447 -102.236911 3.061225 -21.153214 2.937234 7.354416 20.410123 -3.131447 72.382505 35.783491 30.212339 -144.516960 60.145271 -122.141973 0.764327 17.655086 -19.653606 
-46.537960 112.368027 90.068550 133.700406 -1.842150 87.395182 14.160521 8.698138 -8.580241 -3.401140 14.622498 13.479789 1.888559 8.797597 -8.416050 nan nan nan -14.087579 -4.013455 -6.604257 0.626480 -8.649097 24.749792 1.699978 2.541728 -23.185943 nan nan nan -1.056847 2.846710 -0.562903 0.162531 -2.348975 17.514292 -1.969955 1.523426 -7.933321 5.913227 13.590452 23.390911 -7.416020 2.915411 14.556792 -7.001845 -4.646460 -4.581124 -58.384258 -26.935372 11.099489 141.880599 -41.603957 -102.195488 3.199356 -21.167096 2.914234 7.289950 20.400879 -3.197144 72.429344 35.752264 30.190933 -144.512815 60.178737 -122.148253 0.794812 17.634608 -19.775377 
-46.545631 112.381760 90.066101 133.663533 -1.864360 87.427239 14.124686 8.656997 -8.627287 -3.371763 14.635195 13.545072 1.858794 8.839983 -8.357754 nan nan nan -14.123548 -4.015318 -6.623027 0.643874 -8.628472 24.701831 1.740050 2.535823 -23.156013 nan nan nan -1.050475 2.796581 -0.655855 0.113639 -2.382165 17.443089 -2.001731 1.596185 -7.727209 5.797922 13.649497 23.349380 -7.307467 2.939241 14.434444 -7.010761 -4.699086 -4.608294 -58.284938 -26.865183 10.974706 141.947951 -41.629187 -102.202481 3.144670 -21.112100 2.968519 7.329244 20.504808 -3.192040 72.408905 35.827240 30.082641 -144.595640 60.168199 -122.307375 0.949860 17.598788 -19.723004 
-46.531719 112.396149 90.065849 133.673714 -1.874092 87.456486 14.115203 8.619894 -8.691967 -3.332663 14.668242 13.640360 1.735388 8.830654 -8.310463 nan nan nan -14.105606 -3.979744 -6.541899 0.622640 -8.539884 24.498657 1.764288 2.513493 -23.228507 nan nan nan -0.989635 2.712558 -0.766120 0.013224 -2.483082 17.234033 -2.080536 1.718480 -7.360273 5.681970 13.771429 23.362004 -7.082187 2.922048 14.265857 -7.076890 -4.797799 -4.668036 -57.998026 -26.771973 10.757204 141.996973 -41.636949 -102.308355 2.830534 -20.981865 2.875596 7.424756 20.722852 -3.115825 72.260504 35.902512 29.858291 -144.769185 60.083630 -122.606921 1.190564 17.494946 -19.493186 
-46.516476 112.421410 90.074005 133.708229 -1.872501 87.487786 14.092158 8.596107 -8.731704 -3.343293 14.604736 13.631340 1.729882 8.862298 -8.401425 nan nan nan -14.098732 -3.967538 -6.484525 0.623326 -8.493347 24.360680 1.754343 2.495590 -23.268529 nan nan nan -0.943693 2.679891 -0.887376 -0.036019 -2.569210 17.156304 -2.129892 1.814309 -7.153473 5.597592 13.796072 23.431816 -6.927947 2.915574 14.100418 -7.196361 -4.937006 -4.719034 -57.737276 -26.671375 10.620925 142.077535 -41.644121 -102.398125 2.705820 -20.801911 2.879360 7.454030 20.893836 -3.123312 72.117998 35.836451 29.703617 -144.890325 60.006484 -122.867728 1.257844 17.379447 -19.546329 
-46.531120 112.453537 90.084206 133.759398 -1.906835 87.535995 13.995051 8.523322 -8.789499 -3.356599 14.533717 13.589746 1.875139 8.913344 -8.488117 nan nan nan -14.185835 -3.999913 -6.531724 0.670612 -8.512338 24.366256 1.734300 2.515430 -23.265296 nan nan nan -0.950136 2.684058 -1.009925 -0.049810 -2.637636 17.260307 -2.168212 1.882285 -7.183044 5.574407 13.734149 23.461142 -6.862665 2.964101 14.085888 -7.261378 -5.038906 -4.760292 -57.595881 -26.584978 10.627434 142.075691 -41.677063 -102.373240 2.814120 -20.801059 2.958124 7.470639 20.948234 -3.176406 71.988513 35.763398 29.645818 -144.871728 59.953276 -122.845521 1.022430 17.474164 -19.424919 
-46.547634 112.476448 90.088280 133.797460 -1.919723 87.555945 13.939762 8.483125 -8.792678 -3.388743 14.537018 13.512249 1.996414 8.917027 -8.449213 nan nan nan -14.234184 -4.044977 -6.558518 0.693065 -8.528849 24.370408 1.675749 2.543566 -23.239574 nan nan nan -0.947336 2.693425 -1.056201 -0.037346 -2.682007 17.355467 -2.166119 1.912122 -7.279951 5.566250 13.601104 23.492457 -6.954722 3.108458 14.122807 -7.328061 -5.118022 -4.778903 -57.517972 -26.474859 10.633365 142.011298 -41.633448 -102.338275 2.756571 -20.870847 2.885084 7.431506 20.923260 -3.199347 71.991711 35.762924 29.666445 -144.738710 59.948878 -122.721509 0.905047 17.705586 -19.405096 
-46.553051 112.484230 90.086800 133.834949 -1.884161 87.542526 13.970141 8.533258 -8.806508 -3.360386 14.654436 13.548090 1.943258 8.913642 -8.452100 nan nan nan -14.193222 -4.079313 -6.513688 0.655220 -8.542383 24.328309 1.649110 2.524528 -23.219983 nan nan nan -0.897541 2.703979 -0.958783 -0.023196 -2.688292 17.283405 -2.149809 1.872741 -7.310771 5.601779 13.567890 23.520774 -7.034913 3.147568 14.079578 -7.333415 -5.086094 -4.771533 -57.556250 -26.433417 10.633459 141.988674 -41.606225 -102.305611 2.728511 -21.038232 2.601239 7.394349 20.860973 -3.187640 72.055781 35.773925 29.688442 -144.736706 60.034799 -122.590309 0.791776 17.894075 -19.417601 
-46.571556 112.486488 90.084503 133.872357 -1.845513 87.571516 13.987848 8.521810 -8.896853 -3.232583 14.775751 13.658629 1.831651 8.926810 -8.372271 nan nan nan -14.143195 -4.120638 -6.567013 0.623165 -8.595105 24.394777 1.678860 2.493060 -23.117458 nan nan nan -0.836886 2.711345 -0.906393 -0.035352 -2.680751 17.158764 -2.168138 1.862715 -7.271270 5.604431 13.597787 23.496637 -6.950846 3.098600 14.110547 -7.312307 -5.079887 -4.773971 -57.639032 -26.498274 10.667159 141.971247 -41.600810 -102.263593 2.544555 -21.050125 2.449378 7.451872 20.824049 -3.130764 72.009519 35.786810 29.610853 -144.820868 60.033646 -122.604544 0.857375 17.985163 -19.352897 
-46.595333 112.498665 90.086288 133.886235 -1.842652 87.605792 13.967607 8.478460 -8.976883 -3.161175 14.844407 13.735750 1.733110 8.926038 -8.305878 nan nan nan -14.178885 -4.166906 -6.657435 0.668626 -8.710300 24.507097 1.763448 2.460215 -22.923104 nan nan nan -0.792198 2.684380 -0.953244 -0.066792 -2.674848 17.162877 -2.221404 1.899311 -7.256862 5.591710 13.645591 23.436211 -6.805941 3.042459 14.235056 -7.358927 -5.131814 -4.763242 -57.645416 -26.612871 10.705214 141.925990 -41.583154 -102.291193 2.347433 -21.035941 2.533696 7.549347 20.863489 -3.078746 71.863344 35.785457 29.508033 -144.843660 60.001246 -122.696094 0.997307 17.918321 -19.423251 
-46.582916 112.527283 90.086029 133.899439 -1.822313 87.596407 13.985514 8.483058 -8.960790 -3.173087 14.827312 13.743811 1.737593 8.959093 -8.336644 nan nan nan -14.163549 -4.141771 -6.576531 0.694890 -8.686282 24.390618 1.790453 2.357968 -22.899427 nan nan nan -0.813632 2.727613 -0.964177 -0.023125 -2.620900 17.300742 -2.171634 1.868528 -7.422388 5.638018 13.595733 23.397548 -6.835778 3.050048 14.367736 -7.440596 -5.154858 -4.727685 -57.714281 -26.677287 10.819727 141.880017 -41.567065 -102.325255 2.155360 -21.043927 2.605874 7.496826 20.800089 -3.108323 71.818505 35.708396 29.537372 -144.807578 59.963872 -122.702861 1.180584 17.690382 -19.662482 
-46.566830 112.548706 90.088020 133.941857 -1.812328 87.571551 13.991162 8.470716 -8.917271 -3.187159 14.764939 13.713839 1.742331 8.993521 -8.430646 nan nan nan -14.130419 -4.083345 -6.428572 0.675573 -8.596375 24.170462 1.762497 2.274947 -22.968516 nan nan nan -0.870184 2.819435 -0.867234 0.051803 -2.530378 17.436760 -2.091083 1.761155 -7.710286 5.712900 13.540037 23.362765 -6.922920 3.111175 14.471735 -7.494139 -5.076677 -4.640096 -57.847609 -26.801394 11.020586 141.852609 -41.647514 -102.312360 2.131120 -20.940462 2.826079 7.424460 20.591093 -3.156773 71.894364 35.635490 29.714226 -144.796593 59.951460 -122.687085 1.242642 17.463986 -19.861108 
-46.546761 112.565422 90.093979 133.935541 -1.808331 87.571174 14.006738 8.478206 -8.904114 -3.272476 14.648071 13.701820 1.764792 9.040320 -8.502035 nan nan nan -14.133576 -4.054841 -6.362335 0.704511 -8.569321 24.053648 1.718197 2.285855 -23.006850 nan nan nan -0.858468 2.842326 -0.917812 0.070952 -2.529187 17.571250 -2.087071 1.742606 -7.822822 5.722941 13.506666 23.424956 -7.037072 3.209154 14.441976 -7.576319 -5.061650 -4.544738 -57.784176 -26.834172 10.946707 141.877461 -41.693017 -102.362078 2.096836 -20.839398 2.986060 7.383077 20.641709 -3.120887 71.915731 35.669066 29.700463 -144.626480 60.012851 -122.539734 1.307530 17.473847 -19.940246 
-46.539482 112.587563 90.098457 133.942270 -1.814549 87.563795 13.999236 8.467827 -8.910434 -3.376734 14.544036 13.714840 1.845985 9.015145 -8.595277 nan nan nan -14.167435 -4.077225 -6.301868 0.752839 -8.567310 23.992568 1.735462 2.303460 -23.008033 nan nan nan -0.816948 2.802305 -1.013272 0.042176 -2.615526 17.585697 -2.112221 1.823447 -7.670789 5.639128 13.485562 23.513809 -7.068021 3.255896 14.240447 -7.600247 -5.161877 -4.524775 -57.665019 -26.768035 10.743565 141.912579 -41.666471 -102.429661 2.211850 -20.822500 3.051444 7.350305 20.851141 -3.065557 71.809904 35.746192 29.504301 -144.370491 60.105989 -122.322546 1.367502 17.629596 -20.021734 
-46.538879 112.598976 90.103004 133.944111 -1.824404 87.574813 13.980401 8.427148 -8.924543 -3.423796 14.493942 13.700331 1.932441 9.040262 -8.622500 nan nan nan -14.188979 -4.097383 -6.279605 0.773827 -8.549395 23.949777 1.758132 2.293087 -22.997608 nan nan nan -0.835485 2.801636 -1.024358 0.030449 -2.654470 17.447457 -2.132310 1.890641 -7.506875 5.585707 13.464459 23.499745 -7.003477 3.262252 14.256000 -7.577321 -5.208370 -4.535883 -57.652022 -26.781294 10.710141 141.937523 -41.717289 -102.432643 2.381463 -20.762046 3.092610 7.441820 20.887166 -3.077165 71.712857 35.727877 29.403410 -144.445245 60.131497 -122.345601 1.437099 17.544609 -19.802921 
-46.534714 112.618881 90.108871 133.941743 -1.825864 87.566923 13.975403 8.387634 -8.904255 -3.472434 14.427723 13.687550 2.080813 9.138113 -8.602831 nan nan nan -14.191588 -4.113351 -6.183651 0.812311 -8.458278 23.814538 1.791884 2.230365 -22.949612 nan nan nan -0.820310 2.813116 -0.947929 0.000019 -2.694367 17.082055 -2.173463 1.975117 -7.185123 5.518610 13.453549 23.474051 -6.872869 3.287278 14.237312 -7.559868 -5.270088 -4.546614 -57.541903 -26.754543 10.607182 142.070946 -41.831955 -102.494481 2.571966 -20.528523 3.086296 7.540794 20.881137 -3.119631 71.624795 35.678282 29.256613 -144.932313 60.108488 -122.843495 1.580343 17.028872 -19.396354 
-46.527294 112.633461 90.114525 133.968285 -1.799835 87.536581 13.989133 8.400428 -8.874419 -3.457602 14.441972 13.705026 2.125465 9.134132 -8.506766 nan nan nan -14.172610 -4.119056 -6.071041 0.811139 -8.492573 23.700397 1.719407 2.188775 -22.921524 nan nan nan -0.803976 2.808943 -0.960540 0.005631 -2.711841 17.184585 -2.179069 1.966515 -7.224192 5.562624 13.471989 23.426721 -6.926121 3.306489 14.293982 -7.558538 -5.295793 -4.551415 -57.503323 -26.741405 10.585800 142.095662 -41.832707 -102.505639 2.470438 -20.506324 3.131502 7.520534 20.903992 -3.111662 71.606140 35.720571 29.220173 -145.032029 60.051485 -123.026763 1.721109 16.826403 -19.173768 
-46.527241 112.650169 90.121216 133.988162 -1.789208 87.565836 13.978338 8.439685 -8.899919 -3.380837 14.561943 13.739361 2.068693 9.050639 -8.450561 nan nan nan -14.179749 -4.105950 -6.061308 0.811913 -8.556564 23.636137 1.701850 2.207380 -22.864750 nan nan nan -0.790308 2.797280 -1.022347 -0.002529 -2.703080 17.332587 -2.191252 1.960431 -7.389293 5.657617 13.466423 23.500348 -6.980290 3.269775 14.330316 -7.528132 -5.287088 -4.553392 -57.546278 -26.672355 10.660696 142.080813 -41.802785 -102.513884 2.374008 -20.507462 3.130285 7.528676 20.919729 -3.068778 71.599984 35.694362 29.223586 -144.965579 60.035730 -123.005628 1.738825 16.912717 -19.233826 
-46.530533 112.677460 90.126869 133.996442 -1.774969 87.574464 13.989712 8.510462 -8.873980 -3.315904 14.722722 13.729358 2.008041 8.964255 -8.469227 nan nan nan -14.190307 -4.131339 -6.076983 0.830963 -8.610417 23.664467 1.755082 2.255632 -22.809359 nan nan nan -0.768754 2.814604 -0.953310 0.012438 -2.633958 17.310716 -2.167783 1.921375 -7.488114 5.727394 13.472731 23.533175 -7.039176 3.234503 14.381035 -7.544912 -5.183810 -4.587457 -57.706637 -26.645406 10.820228 142.084058 -41.802867 -102.525213 2.246473 -20.617232 2.964532 7.484502 20.845720 -3.064096 71.662875 35.665866 29.331618 -144.852857 59.993684 -122.942688 1.721080 17.130339 -19.664984 
-46.534382 112.692612 90.132919 134.004118 -1.778388 87.547696 13.988341 8.516574 -8.805949 -3.363992 14.686074 13.638753 2.115108 8.924413 -8.486673 nan nan nan -14.200463 -4.201438 -6.070150 0.834388 -8.620888 23.745469 1.824824 2.210582 -22.678338 nan nan nan -0.852750 2.883805 -0.774754 0.083580 -2.531514 17.332186 -2.070295 1.817974 -7.717505 5.735279 13.374320 23.478874 -7.100790 3.297589 14.502797 -7.511357 -5.021747 -4.576403 -57.986039 -26.744218 11.028020 142.088103 -41.834036 -102.563228 2.235102 -20.594515 2.791868 7.389227 20.614242 -3.117889 71.844900 35.674356 29.542584 -144.711963 59.995182 -122.833379 1.725825 17.321438 -20.069107 
-46.537788 112.716614 90.127342 133.975418 -1.774709 87.569284 13.985759 8.503666 -8.826035 -3.391874 14.641274 13.663024 2.143996 8.927712 -8.478075 nan nan nan -14.213629 -4.208410 -6.071697 0.857941 -8.594469 23.722666 1.870376 2.208738 -22.626817 nan nan nan -0.853298 2.886133 -0.809015 0.085500 -2.518010 17.369613 -2.078901 1.836327 -7.749011 5.750586 13.363370 23.458423 -7.095074 3.271928 14.565311 -7.431425 -4.968643 -4.607266 -58.051911 -26.713315 11.049019 142.103092 -41.894232 -102.559718 2.441140 -20.606184 2.699185 7.379965 20.595977 -3.146905 71.870731 35.627443 29.540034 -144.801203 59.988370 -122.948888 1.549572 17.409004 -20.146557 
-46.539967 112.736626 90.120613 133.964848 -1.795886 87.607925 13.928076 8.459166 -8.889425 -3.355176 14.622019 13.732897 2.026872 8.951464 -8.432031 nan nan nan -14.246490 -4.139440 -6.051075 0.844467 -8.583888 23.601333 1.909120 2.251778 -22.628834 nan nan nan -0.828728 2.843785 -0.969189 0.029017 -2.596126 17.405350 -2.132299 1.897806 -7.622724 5.708210 13.430570 23.552112 -7.021919 3.189923 14.425459 -7.431382 -5.083715 -4.596093 -57.860523 -26.599394 10.868215 142.121283 -41.864843 -102.443393 2.458676 -20.645303 2.874389 7.469161 20.843590 -3.052785 71.721107 35.591236 29.379478 -144.906505 59.926930 -122.873892 1.466033 17.493310 -19.798345 
-46.547134 112.751877 90.115273 133.968310 -1.827862 87.699229 13.869086 8.377066 -8.978896 -3.445733 14.507649 13.702088 1.986517 9.074124 -8.452274 nan nan nan -14.302779 -4.072414 -6.123325 0.863532 -8.607681 23.549732 1.905311 2.236311 -22.736435 nan nan nan -0.850542 2.812480 -1.122828 0.012255 -2.690581 17.337921 -2.175041 1.969289 -7.424328 5.613123 13.455797 23.468172 -6.935103 3.221706 14.442839 -7.417433 -5.111413 -4.614821 -57.736828 -26.525960 10.748931 142.209336 -41.909760 -102.396397 2.859160 -20.638644 2.889138 7.511915 20.978844 -3.112372 71.691964 35.560793 29.379773 -144.997473 59.931176 -122.861282 1.287452 17.378106 -19.454616 
-46.545364 112.765556 90.113487 133.972743 -1.826874 87.769309 13.864830 8.332058 -9.043012 -3.443323 14.527442 13.695325 2.043532 9.143333 -8.519835 nan nan nan -14.324520 -4.092620 -6.199595 0.860200 -8.667759 23.569063 1.860983 2.282929 -22.779534 nan nan nan -0.868047 2.799277 -1.183693 0.025444 -2.701218 17.290571 -2.174074 1.990660 -7.347436 5.627066 13.450039 23.443592 -6.948136 3.170068 14.456710 -7.309447 -4.969935 -4.665754 -57.975266 -26.553473 10.832038 142.308102 -41.961848 -102.495788 3.299746 -20.690212 2.965823 7.430293 20.913812 -3.185459 71.794839 35.627382 29.461657 -145.067648 60.004434 -122.943688 1.224801 17.334233 -19.116504 
-46.535683 112.785881 90.121300 133.996320 -1.775161 87.775826 13.902637 8.348843 -9.062924 -3.336908 14.614006 13.745112 2.026019 9.078129 -8.539148 nan nan nan -14.249397 -4.138862 -6.167660 0.799453 -8.684552 23.530919 1.859142 2.339506 -22.771196 nan nan nan -0.804512 2.781229 -1.089147 0.032964 -2.680114 17.245347 -2.174330 1.970700 -7.421187 5.689444 13.482687 23.434718 -7.002643 3.078573 14.518398 -7.255335 -4.742653 -4.689554 -58.230551 -26.634439 11.004712 142.338549 -42.029426 -102.592062 3.452290 -20.840251 2.985919 7.356988 20.760012 -3.191718 71.959514 35.678131 29.606539 -145.109545 60.080564 -123.003094 1.236082 17.428182 -19.095695 
-46.526047 112.816536 90.128311 133.978152 -1.787077 87.755186 13.880195 8.346781 -9.004973 -3.338156 14.614001 13.714252 2.035395 9.048143 -8.545891 nan nan nan -14.250143 -4.158599 -6.132818 0.761895 -8.650977 23.517606 1.819561 2.300908 -22.747432 nan nan nan -0.860648 2.862301 -0.982867 0.080688 -2.595905 17.426992 -2.122884 1.851817 -7.773320 5.717801 13.435719 23.465560 -7.013075 3.135106 14.547016 -7.307729 -4.550857 -4.596989 -58.320488 -26.765806 11.148408 142.374756 -42.069898 -102.659240 3.117280 -20.790801 3.006563 7.348458 20.503875 -3.105244 72.159940 35.760970 29.857337 -145.083215 60.112056 -122.925180 1.337908 17.396003 -19.184071 
-46.521515 112.849213 90.122360 133.942494 -1.807229 87.741439 13.842485 8.373102 -8.954214 -3.316415 14.610668 13.698138 2.022548 9.044124 -8.579214 nan nan nan -14.277461 -4.125309 -6.102647 0.768763 -8.614430 23.487193 1.810980 2.276443 -22.774347 nan nan nan -0.910123 2.936349 -0.961013 0.111240 -2.515157 17.677691 -2.099856 1.757107 -8.075677 5.721243 13.383306 23.471498 -6.984883 3.160408 14.510829 -7.420144 -4.521197 -4.552400 -58.208376 -26.824115 11.214125 142.368307 -42.064303 -102.618729 2.711443 -20.695821 2.939711 7.360413 20.412152 -3.076441 72.208299 35.718253 30.036438 -145.030158 60.049582 -122.811065 1.341487 17.444689 -19.493641 
-46.524494 112.870377 90.118652 133.910169 -1.831914 87.726329 13.809854 8.387648 -8.913595 -3.348997 14.622673 13.679533 2.139253 9.064007 -8.622919 nan nan nan -14.328047 -4.127701 -6.065434 0.789429 -8.596394 23.455842 1.808756 2.304976 -22.764062 nan nan nan -0.943650 2.956086 -0.976625 0.103456 -2.515324 17.780924 -2.115302 1.753878 -8.136714 5.758916 13.369703 23.435642 -7.014111 3.168026 14.522776 -7.415283 -4.580600 -4.542456 -58.135647 -26.790753 11.180665 142.350264 -42.011639 -102.532785 2.570271 -20.669177 2.902844 7.387054 20.501773 -3.093449 72.175683 35.635894 30.094050 -144.951705 59.953197 -122.750944 1.415423 17.502758 -19.769565 
-46.526211 112.888382 90.122795 133.876669 -1.849387 87.738940 13.778743 8.379217 -8.902991 -3.373012 14.626914 13.647414 2.277424 9.040096 -8.557825 nan nan nan -14.386883 -4.182189 -6.105203 0.835682 -8.620712 23.505439 1.807432 2.344570 -22.677777 nan nan nan -0.939572 2.934300 -0.955906 0.083816 -2.535031 17.699882 -2.141209 1.795701 -8.124522 5.754595 13.347020 23.455948 -7.026073 3.216729 14.619823 -7.407842 -4.634687 -4.509240 -58.105723 -26.718420 11.153780 142.334469 -41.938358 -102.493476 2.615623 -20.673460 2.877392 7.425654 20.591459 -3.047037 72.149115 35.611514 30.115255 -144.896611 59.962105 -122.671085 1.505395 17.440449 -19.798451 
-46.523815 112.918365 90.121536 133.898041 -1.846860 87.725202 13.776091 8.383469 -8.905862 -3.369915 14.620501 13.667174 2.309793 9.021402 -8.512044 nan nan nan -14.425739 -4.288686 -6.092874 0.873768 -8.656446 23.559537 1.862152 2.325759 -22.574906 nan nan nan -0.895823 2.910364 -0.942433 0.054931 -2.568873 17.675616 -2.158321 1.831399 -8.110083 5.689148 13.339499 23.472871 -7.015116 3.283923 14.655281 -7.430891 -4.712307 -4.495791 -58.073028 -26.677060 11.115561 142.296668 -41.879325 -102.488936 2.561579 -20.635690 2.858868 7.434478 20.685261 -2.965874 72.086161 35.636300 30.023115 -144.910564 59.978482 -122.681027 1.628551 17.346135 -19.764808 
-46.518902 112.946243 90.117188 133.912534 -1.842314 87.749543 13.794585 8.395110 -8.937667 -3.396314 14.691660 13.691141 2.262835 8.974709 -8.531881 nan nan nan -14.425592 -4.308426 -6.086104 0.858348 -8.670894 23.507971 1.881893 2.340513 -22.526534 nan nan nan -0.934378 2.950068 -1.059438 0.085844 -2.565269 17.815750 -2.123863 1.824192 -8.140186 5.655508 13.308552 23.493526 -7.045183 3.282705 14.635390 -7.446811 -4.739945 -4.538379 -58.224969 -26.732436 11.227841 142.211553 -41.791818 -102.597180 2.220580 -20.666818 2.725295 7.420097 20.668056 -3.020371 72.055391 35.627647 30.004642 -144.698479 60.033633 -122.515806 1.805796 17.486118 -19.780613 
-46.522282 112.975655 90.108231 133.956619 -1.836886 87.809638 13.800165 8.423110 -9.038528 -3.385380 14.816827 13.755400 2.229200 8.890448 -8.575935 nan nan nan -14.426937 -4.286880 -6.065108 0.821963 -8.658416 23.360744 1.875320 2.408339 -22.599106 nan nan nan -0.965780 2.974572 -1.158538 0.100905 -2.557698 17.817449 -2.078596 1.783013 -8.098542 5.730431 13.292602 23.508355 -7.120646 3.277042 14.636408 -7.381169 -4.695964 -4.610407 -58.472008 -26.738165 11.370105 142.143086 -41.748327 -102.626577 2.215282 -20.788284 2.796336 7.367950 20.610368 -3.082662 72.135440 35.611180 30.077150 -144.369212 60.104065 -122.221066 1.811468 17.817502 -19.960177 
-46.534424 112.999916 90.096344 133.951690 -1.847343 87.826182 13.778034 8.410173 -9.065513 -3.345789 14.852535 13.788225 2.279097 8.902987 -8.661495 nan nan nan -14.453265 -4.295482 -6.051536 0.810207 -8.622547 23.310217 1.882258 2.473533 -22.673179 nan nan nan -0.978199 3.005688 -1.143231 0.102662 -2.513457 17.790590 -2.059162 1.761450 -8.074960 5.816445 13.277467 23.395133 -7.167410 3.261957 14.776354 -7.350828 -4.634764 -4.672436 -58.546848 -26.746921 11.485107 142.119551 -41.815365 -102.604948 2.497767 -20.826523 2.955280 7.307375 20.523836 -3.117307 72.206470 35.625933 30.138766 -144.461168 60.093411 -122.344419 1.590081 17.976675 -19.913038 
-46.528522 113.018967 90.090965 133.920789 -1.831835 87.760535 13.800750 8.456076 -8.965363 -3.340966 14.761841 13.759906 2.283063 8.900255 -8.655943 nan nan nan -14.436504 -4.319560 -5.943970 0.827231 -8.581437 23.259831 1.900585 2.458279 -22.659124 nan nan nan -0.929479 3.041625 -1.039306 0.094580 -2.489816 17.755595 -2.078864 1.745446 -8.049941 5.876343 13.241935 23.380073 -7.225450 3.246675 14.800005 -7.401361 -4.614889 -4.655157 -58.410405 -26.768381 11.433617 142.134228 -41.889611 -102.636623 2.558537 -20.782538 2.874941 7.320904 20.519722 -3.100132 72.195968 35.682007 30.092584 -144.838894 60.046694 -122.712195 1.464111 17.908218 -19.603779 
-46.514778 113.040825 90.098587 133.905805 -1.805633 87.689819 13.834000 8.510586 -8.826205 -3.414770 14.600690 13.663344 2.257914 8.868680 -8.601098 nan nan nan -14.402874 -4.312154 -5.782914 0.854549 -8.537868 23.132143 1.899601 2.403311 -22.628986 nan nan nan -0.889198 3.059716 -0.879274 0.109242 -2.496236 17.640862 -2.062336 1.720897 -8.064055 5.896080 13.147384 23.570309 -7.299444 3.299525 14.651764 -7.423549 -4.607341 -4.529277 -58.368971 -26.740176 11.301276 142.167172 -41.882871 -102.626237 2.533255 -20.829000 2.665643 7.274886 20.517488 -3.066927 72.262897 35.719622 30.072667 -144.999067 60.076832 -122.825387 1.473138 17.849400 -19.627774 
-46.507236 112.990440 90.102470 133.876133 -1.794675 87.656321 13.890461 8.555262 -8.750399 -3.480811 14.566714 13.572461 2.207569 8.843028 -8.532768 nan nan nan -14.356190 -4.305175 -5.850200 0.840144 -8.542290 23.286036 1.896669 2.381246 -22.629626 nan nan nan -0.892599 3.044446 -0.850099 0.130716 -2.463165 17.540708 -2.037484 1.723248 -7.986972 5.834476 13.130703 23.632625 -7.275010 3.296726 14.533559 -7.362216 -4.619029 -4.533318 -58.515097 -26.748760 11.338824 142.133586 -41.916091 -102.617024 3.357137 -20.823412 2.502112 7.236514 20.489149 -3.101945 72.266760 35.720606 30.042962 -144.920337 60.180154 -123.013500 1.002468 18.052676 -20.245069 
