HIERARCHY
ROOT Hips
{
	OFFSET -0.179506 -22.333345 2.821913
	CHANNELS 6 Xposition Yposition Zposition Zrotation Yrotation Xrotation 
	JOINT LeftUpLeg
	{
		OFFSET 6.951974 -9.140623 -0.681533
		CHANNELS 3 Zrotation Yrotation Xrotation
		JOINT LeftLeg
		{
			OFFSET 3.427654 -37.519855 -0.449580
			CHANNELS 3 Zrotation Yrotation Xrotation
			JOINT LeftFoot
			{
				OFFSET -1.359570 -39.796059 -4.369333
				CHANNELS 3 Zrotation Yrotation Xrotation
				JOINT LeftToe
				{
					OFFSET 2.635814 -5.579078 11.928840
					CHANNELS 3 Zrotation Yrotation Xrotation
					End Site
					{
						OFFSET 0.000000 0.000000 0.000000
					}
				}
			}
		}
	}
	JOINT RightUpLeg
	{
		OFFSET -6.767048 -9.052170 -0.431982
		CHANNELS 3 Zrotation Yrotation Xrotation
		JOINT RightLeg
		{
			OFFSET -3.829005 -38.256897 -0.885003
			CHANNELS 3 Zrotation Yrotation Xrotation
			JOINT RightFoot
			{
				OFFSET 1.577377 -39.841461 -4.231180
				CHANNELS 3 Zrotation Yrotation Xrotation
				JOINT RightToe
				{
					OFFSET -2.537174 -4.814398 12.334795
					CHANNELS 3 Zrotation Yrotation Xrotation
					End Site
					{
						OFFSET 0.000000 0.000000 0.000000
					}
				}
			}
		}
	}
	JOINT Spine
	{
		OFFSET -0.253288 10.896323 -2.669631
		CHANNELS 3 Zrotation Yrotation Xrotation
		JOINT Spine1
		{
			OFFSET 0.548704 13.518043 0.109247
			CHANNELS 3 Zrotation Yrotation Xrotation
			JOINT Spine2
			{
				OFFSET 0.145701 5.292222 2.542457
				CHANNELS 3 Zrotation Yrotation Xrotation
				JOINT Neck
				{
					OFFSET -0.277840 21.387037 -4.285703
					CHANNELS 3 Zrotation Yrotation Xrotation
					JOINT Head
					{
						OFFSET 0.515184 6.496960 5.134897
						CHANNELS 3 Zrotation Yrotation Xrotation
						End Site
						{
							OFFSET 0.000000 0.000000 0.000000
						}
					}
				}
				JOINT LeftShoulder
				{
					OFFSET 7.884473 12.174932 -3.408961
					CHANNELS 3 Zrotation Yrotation Xrotation
					JOINT LeftArm
					{
						OFFSET 9.097692 3.046888 -0.886815
						CHANNELS 3 Zrotation Yrotation Xrotation
						JOINT LeftForeArm
						{
							OFFSET 25.961220 -1.277207 -2.745643
							CHANNELS 3 Zrotation Yrotation Xrotation
							JOINT LeftHand
							{
								OFFSET 24.923361 0.898606 -0.117091
								CHANNELS 3 Zrotation Yrotation Xrotation
								End Site
								{
									OFFSET 0.000000 0.000000 0.000000
								}
							}
						}
					}
				}
				JOINT RightShoulder
				{
					OFFSET -8.175920 11.883285 -3.861528
					CHANNELS 3 Zrotation Yrotation Xrotation
					JOINT RightArm
					{
						OFFSET -9.601238 3.255117 -0.914307
						CHANNELS 3 Zrotation Yrotation Xrotation
						JOINT RightForeArm
						{
							OFFSET -25.374195 -1.332924 -2.140099
							CHANNELS 3 Zrotation Yrotation Xrotation
							JOINT RightHand
							{
								OFFSET -25.529810 0.777228 -0.555919
								CHANNELS 3 Zrotation Yrotation Xrotation
								End Site
								{
									OFFSET 0.000000 0.000000 0.000000
								}
							}
						}
					}
				}
			}
		}
	}
}
MOTION
Frames: 947
Frame Time: 0.033333
0.031316 -18.593782 35.181431 176.167585 2.958257 70.590503 29.023761 19.915116 -69.788781 -12.828938 25.649073 152.936219 8.191478 1.765431 -45.947992 nan nan nan -25.362746 -18.531969 -63.378885 3.156324 -19.740437 157.678637 -8.222848 12.715851 -43.399480 nan nan nan 4.528929 -1.593972 55.214071 0.546369 0.057358 -0.380195 1.809781 3.062045 -2.232285 -8.615814 4.803155 3.640346 5.934651 -10.040224 -33.180357 -17.039089 -37.255589 12.451461 -48.133215 -22.561136 11.431758 32.452033 -65.214183 -13.724543 46.455638 -12.452475 -42.549598 17.330161 46.066563 18.045062 38.677588 16.166757 -10.711809 -44.631595 84.218488 -40.137415 -47.057693 4.857906 -60.454535 
0.026739 -18.809284 35.192085 176.322655 3.050409 71.027294 28.739267 19.839567 -70.343182 -12.655394 25.720827 152.912306 8.132452 1.840714 -45.958813 nan nan nan -25.168494 -18.701495 -63.783128 2.922575 -19.913677 157.719137 -8.199335 12.671219 -43.460379 nan nan nan 4.511197 -1.501077 54.686178 0.731401 -0.065565 -0.227130 1.935675 3.101315 -2.366227 -8.864657 4.663676 3.314508 5.990236 -9.934842 -32.899675 -17.472913 -37.613589 12.823545 -47.444504 -22.247076 11.402197 29.697086 -65.179973 -11.213174 45.847713 -12.958757 -41.906426 18.108466 46.386332 18.589675 37.639736 15.739397 -11.028548 -41.581943 84.088876 -37.701884 -46.776457 5.378683 -60.052322 
0.017397 -19.008238 35.203560 176.463044 3.105248 71.422391 28.489434 19.780695 -70.825433 -12.488485 25.785438 152.885825 8.065572 1.873587 -45.938121 nan nan nan -25.001854 -18.848229 -64.133620 2.708389 -20.068466 157.736132 -8.204787 12.628756 -43.567610 nan nan nan 4.496624 -1.410300 54.176962 0.889556 -0.179270 -0.048850 2.050685 3.137362 -2.514086 -9.100876 4.556544 3.008549 6.045371 -9.846695 -32.657952 -17.910967 -37.975274 13.207270 -46.776053 -21.942588 11.350011 27.335155 -65.114019 -9.112021 45.285370 -13.439785 -41.348520 18.865379 46.708022 19.146184 36.683267 15.309243 -11.330403 -39.667987 83.948696 -36.393823 -46.514266 5.860075 -59.758789 
0.008796 -19.197859 35.221249 176.594436 3.138993 71.805140 28.264691 19.745191 -71.274363 -12.324382 25.846395 152.857291 7.994586 1.863489 -45.884703 nan nan nan -24.852352 -18.986319 -64.478129 2.499376 -20.209272 157.756206 -8.216017 12.590739 -43.685634 nan nan nan 4.473787 -1.319367 53.686913 1.031983 -0.282213 0.132384 2.152598 3.170248 -2.678908 -9.342385 4.441764 2.697677 6.093867 -9.802463 -32.424706 -18.347743 -38.311525 13.586084 -46.148030 -21.638008 11.339443 25.028755 -65.042974 -7.026218 44.732520 -13.923507 -40.794000 19.629419 46.998804 19.703064 35.767206 14.883594 -11.596276 -38.125804 83.804709 -35.432952 -46.266081 6.325834 -59.484351 
0.003350 -19.389950 35.239426 176.747262 3.173656 72.196399 28.035014 19.699921 -71.713428 -12.181108 25.912423 152.838412 7.934390 1.846015 -45.848471 nan nan nan -24.709697 -19.142853 -64.835031 2.248362 -20.342716 157.824625 -8.190470 12.519375 -43.746254 nan nan nan 4.444315 -1.240662 53.208932 1.185760 -0.389152 0.289011 2.253849 3.197686 -2.854746 -9.593124 4.318824 2.388078 6.120515 -9.737785 -32.130958 -18.806902 -38.623364 13.970798 -45.513900 -21.325542 11.380211 22.353990 -64.880980 -4.531180 44.119897 -14.436922 -40.143516 20.412155 47.242769 20.249305 34.828249 14.445677 -11.819045 -35.477882 83.639467 -33.345514 -45.982368 6.830190 -59.109964 
0.001212 -19.339891 35.512177 177.275653 1.916975 68.572140 33.504424 16.644820 -65.432438 -14.446450 30.576891 149.230547 8.777035 -3.230605 -40.411278 nan nan nan -28.392990 -18.902448 -59.994396 3.331826 -20.529643 157.309960 -5.410848 16.190129 -42.394904 nan nan nan 3.427201 -1.882355 62.145903 0.986785 -0.836403 -8.735528 0.817125 1.639261 1.417069 -6.660212 5.117163 -2.301806 3.393395 -9.708979 -27.082276 -9.114507 -32.414446 6.457311 -55.886375 -28.943150 14.069891 63.460862 -64.766134 -43.062445 56.872551 -1.829410 -32.208396 12.552299 40.526363 8.699301 43.638299 24.153631 -0.451371 -11.833248 79.832984 4.703699 -57.347513 -1.956684 -33.742785 
0.027272 -19.101118 35.514328 177.350723 1.784871 67.893245 33.565526 16.569542 -64.901451 -14.801369 30.565926 149.240025 8.795318 -3.380472 -40.201365 nan nan nan -28.781863 -18.938133 -59.143197 3.786539 -20.355948 157.075578 -5.307403 16.170977 -42.318488 nan nan nan 3.402340 -2.091188 62.837511 0.847216 -0.892680 -8.727543 0.724048 1.631864 1.412085 -6.606564 5.228870 -2.128593 3.329846 -9.705305 -27.102338 -9.330251 -32.407115 6.636558 -55.489626 -28.896515 13.620329 63.330244 -64.402477 -41.917174 56.863429 -2.550293 -30.310027 12.607782 40.452691 8.853946 43.648938 24.203584 -0.539371 -12.149650 79.695155 4.749052 -56.512606 -1.752449 -33.314130 
0.075985 -18.883778 35.542587 177.534100 1.448325 67.071253 33.609325 16.183759 -64.011302 -15.099797 30.635725 149.102740 9.025220 -3.472722 -40.029307 nan nan nan -29.549405 -18.904726 -58.152784 4.544341 -20.553851 156.752970 -4.743899 16.421555 -41.876614 nan nan nan 3.170230 -1.829643 63.992274 1.292526 -1.236146 -8.822846 0.495737 1.794020 1.032947 -7.206694 4.209933 -1.837093 4.132487 -8.766256 -27.107547 -8.429519 -31.853853 7.331491 -55.413174 -29.030285 15.805479 64.196689 -68.384152 -50.152099 37.891546 0.854841 -48.183616 12.610723 39.606375 9.102416 44.218697 24.792236 0.926016 -20.738770 79.717566 -2.811309 -50.668606 -3.877949 -32.854049 
0.106721 -18.700409 35.553402 177.485185 1.343690 66.553607 33.615858 16.173663 -63.513104 -15.321853 30.544768 149.116997 8.891070 -3.434126 -39.990186 nan nan nan -29.575597 -18.829722 -57.622083 5.004019 -20.494424 156.523937 -4.820110 16.205189 -41.918576 nan nan nan 3.155275 -1.892309 64.608590 1.173011 -1.244422 -8.958113 0.484120 1.780617 1.129370 -7.256367 4.117188 -1.670469 4.147488 -8.693456 -27.287853 -8.625271 -31.815511 7.471753 -55.335911 -29.161613 15.672581 63.801367 -68.562404 -49.995088 37.771074 0.769298 -48.515257 12.606299 39.522685 9.176300 44.145859 24.925317 0.659275 -19.360305 79.825479 -1.479194 -50.415941 -3.833589 -32.838502 
0.218288 -18.699003 35.744621 177.902189 1.024060 65.649903 33.141691 15.604359 -62.718783 -15.766817 30.744949 148.758639 8.741252 -3.139356 -39.810679 nan nan nan -30.070630 -18.724193 -56.487113 5.300221 -20.717519 156.161536 -4.186364 15.852011 -41.697307 nan nan nan 2.762775 -1.740665 66.393454 1.223705 -1.470762 -9.990275 0.567508 1.701114 1.626063 -6.837735 4.087609 -2.442174 4.007130 -8.717710 -26.560630 -7.686830 -31.451860 6.852902 -56.005336 -29.625717 16.082129 63.152388 -68.450761 -49.349088 37.596625 0.782707 -48.570109 12.024479 39.246560 8.079270 45.059629 25.156249 1.497584 -20.734243 79.562056 -2.756065 -50.354546 -3.923907 -32.663434 
0.172375 -18.389658 35.254688 178.017831 -0.614162 64.111614 32.833822 15.345146 -61.159309 -15.940305 31.837674 149.137046 8.701851 -3.136399 -39.264740 nan nan nan -32.384854 -18.518063 -55.947520 6.135947 -20.583939 156.715921 -3.250206 16.115868 -41.356546 nan nan nan 1.687579 -0.820014 66.682621 0.788725 -2.011141 -8.742019 0.450433 1.533112 2.369005 -5.501490 4.375405 -4.341139 3.214000 -9.162174 -24.407779 -4.689526 -30.888577 5.683860 -57.566797 -30.644222 15.963282 62.586066 -68.782763 -48.397682 37.216211 1.489122 -49.476625 10.684566 38.432398 6.767763 46.488765 26.503153 2.373604 -22.791878 79.262617 -4.750614 -49.806151 -4.132792 -32.187686 
0.196597 -18.216528 35.321438 178.047697 -0.806374 63.501903 32.646220 15.296358 -60.641999 -16.160778 31.717940 149.134946 8.704737 -2.958557 -39.238069 nan nan nan -32.783234 -18.359097 -55.207404 6.430626 -20.494853 156.418773 -3.160835 16.114152 -41.229515 nan nan nan 1.542532 -0.715652 67.627453 0.788413 -2.016378 -9.004952 0.492453 1.490760 2.423844 -5.501748 4.268524 -4.128902 3.203557 -9.218621 -24.517811 -4.725452 -30.643293 5.664764 -57.756053 -30.819511 16.066540 62.107521 -68.896742 -47.982293 37.349013 1.383329 -49.801370 10.728970 38.142817 6.639977 46.648227 26.566371 2.365207 -21.852834 79.429707 -3.889152 -49.026086 -3.585288 -32.252404 
0.198375 -18.039076 35.312382 178.000603 -0.844136 63.152296 32.608604 15.366258 -60.470054 -16.320894 31.563513 149.256181 8.645334 -2.885323 -39.238659 nan nan nan -32.812370 -18.218611 -54.802543 6.745871 -20.480092 156.207683 -3.104730 15.999037 -41.198323 nan nan nan 1.585300 -0.771198 68.128274 0.743304 -1.949339 -9.080763 0.456203 1.453732 2.402254 -5.639659 4.200301 -3.777357 3.301109 -9.265094 -24.778369 -5.026475 -30.412949 5.850390 -57.616212 -30.845183 15.976588 61.805761 -69.085011 -47.672132 37.029097 1.034192 -49.579347 10.826602 37.901943 6.764336 46.613837 26.580420 2.128307 -20.692593 79.728567 -2.605171 -48.471795 -3.334230 -32.223896 
0.188945 -17.907064 35.328602 178.011583 -0.947445 62.810623 32.453395 15.375210 -60.259397 -16.437792 31.450542 149.341529 8.564005 -2.787340 -39.225108 nan nan nan -32.915321 -18.167637 -54.376902 7.007216 -20.430747 156.056265 -2.938549 15.808293 -41.119180 nan nan nan 1.610061 -0.796707 68.630661 0.698235 -1.930142 -9.137809 0.414875 1.390547 2.329285 -5.730449 4.104860 -3.413570 3.398249 -9.280218 -24.997764 -5.342697 -30.242249 6.060462 -57.240054 -30.776566 15.827257 61.732983 -69.219832 -47.442211 36.266016 0.516213 -49.252378 10.938707 37.744821 6.914858 46.610727 26.565679 2.054050 -20.919437 79.895231 -2.622479 -48.274184 -3.452126 -32.129447 
0.187249 -17.801247 35.346848 178.063442 -1.049548 62.523385 32.256492 15.356368 -60.099548 -16.539124 31.356569 149.413019 8.516026 -2.620810 -39.255235 nan nan nan -33.077089 -18.194377 -54.016535 7.208811 -20.356595 155.960191 -2.762693 15.715590 -41.012881 nan nan nan 1.576417 -0.833315 69.057792 0.687688 -1.961943 -9.261036 0.336545 1.390563 2.362091 -5.774572 3.968820 -3.098006 3.523971 -9.219272 -25.183295 -5.567002 -30.081816 6.185362 -56.908066 -30.800119 15.851456 61.748695 -69.406352 -47.268003 36.279324 0.674975 -49.418344 11.072340 37.566535 7.036128 46.724202 26.657215 2.149400 -21.832280 79.907740 -3.160709 -49.666406 -4.075147 -31.569056 
0.195822 -17.712343 35.351185 178.076252 -1.128758 62.367943 32.152512 15.371843 -60.034165 -16.604157 31.296955 149.481189 8.488307 -2.533218 -39.267487 nan nan nan -33.169823 -18.218855 -53.841732 7.365678 -20.315131 155.882825 -2.688852 15.617276 -40.942764 nan nan nan 1.538278 -0.835195 69.350672 0.702082 -1.986033 -9.528360 0.281607 1.446846 2.567464 -5.886426 3.856336 -2.910042 3.686231 -9.159984 -25.366699 -5.694621 -29.939068 6.216221 -56.823401 -30.982030 16.046118 61.598657 -69.641188 -47.106699 37.161901 1.376420 -49.936428 11.205219 37.352692 7.112206 46.736587 26.788174 2.171188 -21.785358 79.933591 -2.832026 -51.628659 -4.619066 -30.841089 
0.211516 -17.643251 35.345348 178.059788 -1.166904 62.269228 32.160867 15.389606 -59.991074 -16.662212 31.243827 149.525385 8.490807 -2.533583 -39.259539 nan nan nan -33.248809 -18.190348 -53.693799 7.464634 -20.276038 155.837035 -2.645368 15.532633 -40.944664 nan nan nan 1.523270 -0.801982 69.561928 0.736955 -1.989200 -9.724373 0.270885 1.486430 2.708502 -5.978938 3.783964 -2.766693 3.807022 -9.125819 -25.495392 -5.734235 -29.864726 6.212097 -56.939162 -31.137610 16.235340 61.544226 -69.774742 -46.988334 37.901889 1.894929 -50.381965 11.299714 37.218889 7.174583 46.612655 26.818537 2.098824 -21.012093 80.084806 -2.013962 -52.442210 -4.735791 -30.628782 
0.213374 -17.591137 35.353912 178.072625 -1.213394 62.136601 32.141803 15.354175 -59.903109 -16.687886 31.199583 149.553018 8.523166 -2.521006 -39.294160 nan nan nan -33.359824 -18.184938 -53.490649 7.539510 -20.206056 155.788912 -2.614887 15.503831 -40.937993 nan nan nan 1.509022 -0.829968 69.787190 0.730452 -2.020833 -9.858345 0.247011 1.464366 2.795948 -6.033142 3.762051 -2.633375 3.903251 -9.115880 -25.601267 -5.701685 -29.754430 6.148312 -57.014494 -31.151769 16.302045 61.577896 -69.814863 -46.837818 37.885779 1.898647 -50.472878 11.326773 37.176249 7.202045 46.551717 26.850312 2.101139 -20.397821 80.192565 -1.503040 -51.843139 -4.679155 -30.943194 
0.203594 -17.533958 35.380497 178.150746 -1.289731 61.897277 32.318057 15.094767 -59.621984 -16.849124 31.490874 149.396285 8.173837 -2.637678 -39.167239 nan nan nan -33.958763 -17.913082 -52.897576 7.714446 -20.509670 155.572803 -1.887866 16.160369 -40.897262 nan nan nan 1.596194 -0.956454 70.364656 0.637421 -2.089659 -10.474991 0.154074 1.388358 3.116124 -6.096214 4.214055 -2.620193 4.161025 -9.510788 -25.590416 -5.630156 -29.580769 5.804470 -56.962059 -31.318824 16.324786 55.057349 -69.258416 -39.017655 39.523588 -1.479874 -51.375932 10.971046 37.307668 6.339578 47.192297 26.341644 2.408225 -19.681542 80.039439 -0.789446 -51.857274 -3.770729 -31.717081 
0.209391 -17.495810 35.377205 178.138908 -1.331343 61.813809 32.293272 15.094624 -59.568755 -16.866892 31.474510 149.414848 8.155370 -2.627596 -39.187210 nan nan nan -34.016653 -17.867359 -52.785897 7.756163 -20.491012 155.546979 -1.844828 16.161972 -40.938733 nan nan nan 1.590553 -0.947547 70.504984 0.662821 -2.082293 -10.440332 0.115031 1.360872 3.046745 -6.150675 4.360911 -2.503645 4.195552 -9.612649 -25.662843 -5.785065 -29.476135 5.875371 -56.744515 -31.230884 16.125494 54.994453 -69.090836 -38.003282 38.654378 -2.248999 -50.680575 11.069256 37.265992 6.374017 47.234847 26.269601 2.481809 -20.757153 80.057513 -1.513521 -51.864927 -3.785711 -31.595084 
0.219930 -17.458811 35.368465 178.148258 -1.326663 61.731085 32.301885 15.101834 -59.545432 -16.882193 31.459209 149.429897 8.189155 -2.651462 -39.131470 nan nan nan -34.206468 -17.905040 -52.640483 7.764737 -20.379623 155.542425 -1.760894 16.353758 -40.805970 nan nan nan 1.576520 -0.955033 70.662272 0.724049 -2.085930 -10.572547 0.055885 1.393846 3.166903 -6.173600 4.302295 -2.489412 4.300701 -9.573238 -25.710109 -5.694028 -29.296090 5.861305 -56.895511 -31.442002 16.424962 55.076704 -69.470750 -38.848046 39.719520 -1.361856 -51.470802 11.237258 37.043086 6.480376 47.073544 26.487296 2.446156 -19.777272 80.091700 -0.648383 -52.875824 -3.978597 -31.225695 
0.222527 -17.424355 35.352516 178.120340 -1.329859 61.674426 32.318104 15.136244 -59.517232 -16.906630 31.434650 149.458757 8.185946 -2.708241 -39.074697 nan nan nan -34.329269 -17.867859 -52.538183 7.779323 -20.305319 155.524434 -1.743496 16.467535 -40.765589 nan nan nan 1.596408 -0.991929 70.743501 0.720061 -2.090724 -10.516547 -0.011292 1.388999 3.097899 -6.173277 4.362468 -2.358273 4.348949 -9.622471 -25.824786 -5.671958 -29.195683 5.875424 -56.879597 -31.352372 16.428389 55.810869 -69.393545 -38.993508 38.902852 -1.446795 -51.113968 11.300782 36.981974 6.576120 47.146180 26.560606 2.585550 -20.771130 80.087205 -1.377998 -52.524623 -4.067707 -31.191048 
0.238515 -17.394300 35.333103 177.989515 -1.339524 61.650139 32.375708 15.264833 -59.455751 -16.966583 31.412463 149.485196 8.115289 -2.654080 -39.090108 nan nan nan -34.085066 -17.712957 -52.618933 7.827874 -20.384759 155.511367 -1.700422 16.224488 -40.812634 nan nan nan 1.606302 -0.928136 70.773151 0.685369 -1.995085 -10.542673 0.017607 1.350937 3.143498 -6.235926 4.336784 -2.260074 4.353143 -9.612100 -25.893762 -5.750999 -29.228980 5.956129 -56.743024 -31.314971 16.300710 55.532651 -69.332115 -38.121152 38.896700 -1.661691 -50.980721 11.212914 36.979194 6.536376 47.212797 26.515113 2.523354 -20.393766 80.133292 -0.671906 -52.641057 -4.144841 -31.232548 
0.218959 -17.380243 35.338573 178.037089 -1.324058 61.522095 32.311399 15.180256 -59.403178 -16.965162 31.399844 149.495244 8.089457 -2.515449 -39.052619 nan nan nan -33.986792 -17.739654 -52.452471 7.958057 -20.441106 155.456761 -1.654011 15.959627 -40.864587 nan nan nan 1.684033 -1.002141 70.939220 0.666055 -1.991994 -10.566215 0.010781 1.303807 3.184159 -6.257558 4.199991 -2.364711 4.257453 -9.571991 -25.776109 -5.778526 -29.280790 6.001219 -56.649502 -31.348619 16.117727 55.720096 -69.288700 -37.933324 38.692546 -1.722629 -50.703996 11.051067 36.967930 6.450035 47.257711 26.469118 2.458747 -20.394255 80.194540 -0.484925 -52.546695 -4.208802 -31.156150 
0.227455 -17.355812 35.338982 178.096928 -1.368758 61.449051 32.257548 15.108027 -59.364488 -16.970331 31.382177 149.478563 8.066907 -2.474269 -39.017709 nan nan nan -34.184714 -17.810371 -52.334813 7.986632 -20.341342 155.455299 -1.599039 16.078968 -40.759668 nan nan nan 1.643836 -0.984247 71.081035 0.719729 -2.017576 -10.702244 -0.007939 1.306101 3.289167 -6.311171 4.070825 -2.405391 4.319627 -9.451782 -25.769264 -5.703793 -29.185744 5.968885 -56.760905 -31.531383 16.391158 55.161738 -69.571733 -38.199257 39.971264 -1.072385 -51.627666 11.125245 36.817192 6.457925 47.113268 26.589849 2.386949 -18.911873 80.230767 0.709413 -52.987831 -4.224683 -31.133613 
0.243722 -17.336195 35.338154 178.095728 -1.431791 61.439701 32.214094 15.131199 -59.367546 -16.970919 31.347796 149.489368 8.071986 -2.588179 -39.007915 nan nan nan -34.420886 -17.837602 -52.304503 7.941946 -20.196033 155.459796 -1.598454 16.382676 -40.695566 nan nan nan 1.589374 -0.920913 71.133429 0.758052 -2.032893 -10.666302 -0.005257 1.308982 3.164549 -6.326360 4.143434 -2.184414 4.382394 -9.460414 -25.917685 -5.813435 -29.143919 5.989131 -56.735105 -31.408356 16.395249 55.663295 -69.423758 -38.326968 39.120665 -1.553815 -51.268328 11.300678 36.804012 6.591573 47.031552 26.540025 2.400962 -19.220177 80.288590 0.505985 -51.582383 -3.904889 -31.620723 
0.238078 -17.338932 35.350868 178.106777 -1.430211 61.449521 32.230078 15.108906 -59.357786 -16.931339 31.307594 149.497889 8.081264 -2.724138 -39.039475 nan nan nan -34.457915 -17.809818 -52.234731 7.923274 -20.201632 155.422618 -1.611951 16.495354 -40.749580 nan nan nan 1.630263 -0.911767 71.119802 0.729606 -2.038611 -10.688742 0.056761 1.263782 3.161940 -6.374866 4.217372 -2.021130 4.460213 -9.498969 -26.070858 -5.848972 -29.196276 5.955260 -56.831410 -31.224522 16.306454 56.108640 -69.259254 -38.783443 37.842549 -2.495605 -50.836695 11.359483 36.926530 6.584072 46.825543 26.340035 2.257011 -18.181512 80.530710 1.318857 -48.477719 -3.005914 -32.726319 
0.251728 -17.331604 35.352768 178.076967 -1.475099 61.443766 32.177291 15.172248 -59.342667 -16.957081 31.309654 149.506764 8.119497 -2.645656 -39.037806 nan nan nan -34.303070 -17.789855 -52.306751 7.966455 -20.237559 155.435124 -1.603356 16.216637 -40.777606 nan nan nan 1.587492 -0.896283 71.146785 0.718849 -2.018883 -10.755362 0.024751 1.301100 3.253928 -6.385289 4.210646 -2.036692 4.533144 -9.532028 -26.070895 -5.836855 -29.200325 5.944660 -56.701507 -31.294922 16.402224 55.897136 -69.382995 -38.514178 38.786474 -1.867357 -51.149757 11.370867 36.875832 6.557424 46.985406 26.337556 2.374698 -19.946807 80.335759 -0.292789 -51.043978 -3.665749 -31.720799 
0.267694 -17.315796 35.349960 178.060936 -1.485013 61.440846 32.238095 15.178769 -59.319840 -16.957671 31.303534 149.511782 8.145000 -2.659154 -39.060068 nan nan nan -34.409732 -17.774644 -52.258390 7.966988 -20.179533 155.420885 -1.655960 16.321984 -40.771944 nan nan nan 1.594953 -0.919693 71.164030 0.705231 -2.026372 -10.748415 -0.035209 1.293454 3.237916 -6.320189 4.249186 -2.049863 4.562885 -9.587639 -26.062420 -5.786739 -29.094370 5.886263 -56.727567 -31.362002 16.557851 55.688027 -69.439139 -38.175582 39.195198 -1.650518 -51.391653 11.448107 36.841271 6.597784 47.066098 26.422736 2.577982 -20.668656 80.187712 -1.047259 -52.326947 -3.962967 -31.314895 
0.281227 -17.305586 35.355976 178.051112 -1.476678 61.396804 32.275306 15.153840 -59.279252 -16.978444 31.288110 149.500992 8.125179 -2.700935 -39.087251 nan nan nan -34.401398 -17.745760 -52.187704 7.978096 -20.169080 155.384791 -1.686538 16.324532 -40.804423 nan nan nan 1.608781 -0.920086 71.232931 0.708829 -2.025708 -10.737435 -0.026438 1.277498 3.222107 -6.317999 4.257352 -2.013741 4.571530 -9.618528 -26.101716 -5.773689 -29.061681 5.885557 -56.742851 -31.390401 16.564971 55.727080 -69.455776 -38.209490 38.949104 -1.787863 -51.379926 11.441163 36.863834 6.630262 47.012661 26.424632 2.582995 -20.475775 80.250565 -0.957509 -51.889913 -3.888893 -31.631702 
0.282485 -17.302572 35.354816 178.057151 -1.481295 61.389049 32.269966 15.152919 -59.273341 -16.980628 31.290613 149.497617 8.116941 -2.691119 -39.089146 nan nan nan -34.360578 -17.732302 -52.189999 7.985170 -20.178340 155.382735 -1.689299 16.269873 -40.821825 nan nan nan 1.610318 -0.919918 71.244022 0.705971 -2.023540 -10.750626 -0.019211 1.279723 3.238519 -6.319427 4.248731 -2.026749 4.567676 -9.611146 -26.099265 -5.769049 -29.068119 5.887736 -56.749935 -31.399729 16.550899 55.741395 -69.455236 -38.215685 38.932790 -1.782994 -51.365885 11.421082 36.867676 6.617887 47.013655 26.421378 2.577408 -20.358612 80.265391 -0.842083 -51.802205 -3.885711 -31.678630 
0.277466 -17.308111 35.361839 178.079725 -1.479639 61.368937 32.231102 15.138232 -59.264138 -16.984696 31.303038 149.473685 8.103361 -2.647920 -39.078004 nan nan nan -34.237412 -17.724369 -52.191450 8.022046 -20.205239 155.379973 -1.687561 16.065725 -40.892055 nan nan nan 1.618736 -0.937595 71.305995 0.692615 -2.035791 -10.840593 0.001732 1.279917 3.326583 -6.321068 4.171145 -2.121157 4.548879 -9.565609 -26.068082 -5.731353 -29.090368 5.877257 -56.794893 -31.422063 16.505699 55.790467 -69.461420 -38.230921 38.916170 -1.732662 -51.366915 11.347218 36.848610 6.521698 47.009941 26.409228 2.546975 -19.807903 80.334622 -0.258926 -51.433873 -3.821779 -31.785224 
0.236665 -17.322824 35.386837 178.182593 -1.436578 61.291660 32.182968 15.001143 -59.220558 -16.897855 31.286711 149.462014 8.127925 -2.607414 -39.052645 nan nan nan -34.155252 -17.792390 -52.047488 8.097448 -20.220189 155.340822 -1.678966 15.849878 -40.981784 nan nan nan 1.701238 -1.087862 71.484589 0.619389 -2.099134 -11.031425 0.024258 1.241977 3.479571 -6.285390 4.076967 -2.292253 4.489683 -9.485370 -26.022928 -5.576345 -29.132330 5.777053 -56.983526 -31.328334 16.380618 56.009308 -69.363921 -38.434850 38.242977 -2.272172 -51.263187 11.211570 36.868870 6.322003 46.929237 26.354581 2.377937 -18.013193 80.581721 1.523284 -48.732089 -2.962915 -32.652454 
0.250948 -17.313768 35.338768 178.084675 -1.376627 61.325053 32.277105 15.130093 -59.261937 -16.876330 31.253441 149.524729 8.123152 -2.494185 -39.119608 nan nan nan -34.083481 -17.779164 -52.188255 8.067721 -20.312477 155.411335 -1.603536 15.874590 -40.889508 nan nan nan 1.734578 -1.110572 71.421043 0.578923 -2.008816 -10.982736 -0.015312 1.258566 3.471593 -6.237077 4.095616 -2.353236 4.449702 -9.544329 -25.970385 -5.564311 -29.086306 5.770714 -56.946588 -31.335596 16.437341 55.882417 -69.431482 -38.257301 38.842161 -1.885027 -51.146768 11.223542 36.797276 6.342595 47.019394 26.371348 2.303514 -18.249476 80.482404 1.374486 -49.594867 -3.403848 -32.415672 
0.259015 -17.301586 35.325642 178.052763 -1.371539 61.348430 32.301987 15.158498 -59.275327 -16.840432 31.224255 149.536232 8.098270 -2.462615 -39.149614 nan nan nan -34.137781 -17.769134 -52.212281 8.037396 -20.295578 155.413123 -1.584399 16.055065 -40.823650 nan nan nan 1.766648 -1.094993 71.418123 0.578635 -2.004423 -11.027162 -0.013197 1.242734 3.454473 -6.273162 4.183208 -2.193755 4.476493 -9.599832 -26.087602 -5.635549 -29.095752 5.764213 -56.974797 -31.280483 16.535273 55.609553 -69.432389 -37.914008 39.263931 -1.846737 -51.164319 11.256030 36.843006 6.389376 47.021537 26.319348 2.295550 -18.364669 80.453771 1.299340 -50.051008 -3.515722 -32.337991 
0.259303 -17.299646 35.334869 178.115694 -1.406444 61.363223 32.226807 15.123619 -59.320397 -16.819902 31.241220 149.518084 8.063031 -2.450510 -39.146364 nan nan nan -34.101895 -17.828060 -52.213811 8.085685 -20.290553 155.394400 -1.554491 15.971295 -40.839045 nan nan nan 1.762113 -1.110997 71.454712 0.600189 -2.059543 -11.083319 -0.021034 1.233174 3.445248 -6.325700 4.164742 -2.117488 4.480563 -9.585830 -26.171421 -5.720436 -29.091203 5.859122 -56.818315 -31.257174 16.403497 56.081513 -69.518285 -38.292889 38.904073 -1.823834 -50.968586 11.265626 36.847540 6.450832 47.079284 26.340795 2.361408 -18.994546 80.396393 0.802774 -50.534296 -3.746619 -32.081702 
0.259026 -17.307320 35.350060 178.189369 -1.465642 61.326598 32.079590 15.082423 -59.313608 -16.823504 31.265514 149.486560 7.973127 -2.394909 -39.084038 nan nan nan -34.049292 -17.888456 -52.210073 8.150227 -20.267037 155.387743 -1.556469 15.736100 -40.893094 nan nan nan 1.682440 -1.096069 71.550606 0.654205 -2.091595 -11.117753 -0.012474 1.248368 3.435689 -6.341444 4.044037 -2.147751 4.491057 -9.497649 -26.124507 -5.755260 -29.080354 5.946779 -56.663377 -31.314812 16.304428 56.230000 -69.613847 -38.327638 38.975332 -1.555247 -50.885777 11.267769 36.801789 6.493984 47.069258 26.464628 2.434138 -18.904296 80.343857 0.940245 -51.589900 -4.132309 -32.011980 
0.265811 -17.307243 35.345844 178.184102 -1.461157 61.337471 32.090221 15.092034 -59.324979 -16.829744 31.259483 149.491901 7.973578 -2.404385 -39.085222 nan nan nan -34.044041 -17.879543 -52.229997 8.135893 -20.267216 155.397606 -1.557007 15.738278 -40.896132 nan nan nan 1.677108 -1.089184 71.529585 0.657880 -2.084308 -11.110643 -0.010310 1.258023 3.436895 -6.344070 4.051742 -2.149678 4.509225 -9.499730 -26.122350 -5.746377 -29.074056 5.930550 -56.694227 -31.323127 16.334223 56.194987 -69.611141 -38.295120 39.029639 -1.542018 -50.946650 11.279860 36.807089 6.494475 47.057727 26.473278 2.437651 -18.765092 80.361444 1.062118 -51.575433 -4.101295 -32.089379 
0.287061 -17.293192 35.329800 178.121151 -1.452723 61.385759 32.259481 15.096268 -59.318631 -16.878029 31.194127 149.499049 8.069364 -2.638852 -39.077726 nan nan nan -34.146009 -17.802065 -52.282046 8.012384 -20.217889 155.449568 -1.550685 15.980257 -40.883165 nan nan nan 1.646920 -1.016354 71.448869 0.661168 -2.080705 -11.134612 0.044127 1.257127 3.464034 -6.389294 4.194506 -2.056431 4.694177 -9.526975 -26.208953 -5.581234 -29.037643 5.743363 -57.185913 -31.252648 16.595572 56.206326 -69.447456 -38.529035 38.775115 -2.075033 -51.567502 11.399364 36.871754 6.491500 46.832139 26.396160 2.315240 -17.060908 80.635034 2.523707 -49.045538 -2.961702 -33.120498 
0.290018 -17.289143 35.335541 178.112086 -1.458626 61.343343 32.286295 15.096994 -59.276387 -16.948886 31.220782 149.476259 8.141884 -2.695971 -39.056428 nan nan nan -34.252603 -17.804269 -52.211166 7.989718 -20.162918 155.451681 -1.543340 16.136832 -40.819437 nan nan nan 1.659351 -0.975998 71.480665 0.659535 -2.080666 -11.178055 0.073218 1.240027 3.546772 -6.424346 4.189768 -2.071776 4.713349 -9.492215 -26.251105 -5.442448 -29.080710 5.722783 -57.356041 -31.241668 16.763959 56.188406 -69.534433 -38.881372 38.973966 -1.913839 -52.016071 11.374572 36.833408 6.442546 46.736819 26.250093 2.160133 -17.410796 80.826273 1.963512 -47.543635 -2.605274 -33.092722 
0.290749 -17.284433 35.334328 178.134842 -1.413957 61.317477 32.346733 15.052704 -59.282594 -16.979341 31.258139 149.451249 8.090254 -2.779307 -39.061870 nan nan nan -34.406440 -17.742699 -52.078274 7.947404 -20.135204 155.437249 -1.564654 16.362343 -40.802174 nan nan nan 1.740420 -0.997532 71.564112 0.628878 -2.062471 -11.455159 0.116572 1.229984 3.785411 -6.454279 4.154461 -2.086239 4.734296 -9.503107 -26.216583 -5.434615 -29.169992 5.615255 -57.523677 -31.556570 17.007113 53.744545 -69.421159 -37.264079 40.546014 -2.353804 -53.348685 11.254447 36.824420 6.150034 46.654231 25.958278 1.940797 -15.326881 81.091590 3.441589 -46.085458 -2.013394 -33.407312 
0.294616 -17.279778 35.325191 178.112542 -1.380309 61.286116 32.336454 15.076628 -59.308103 -17.004131 31.268715 149.455713 7.958323 -2.724163 -39.034114 nan nan nan -34.335138 -17.701852 -52.098601 7.935159 -20.139133 155.466885 -1.493909 16.301799 -40.790936 nan nan nan 1.779729 -1.052874 71.615659 0.634002 -2.019196 -11.524903 0.075840 1.240694 3.857528 -6.480124 4.054833 -2.136645 4.718566 -9.476762 -26.107639 -5.581981 -29.033345 5.600462 -57.291538 -31.874439 16.978384 51.280059 -69.678981 -35.107010 42.478156 -2.159775 -54.050323 11.215520 36.772729 6.120461 46.634166 26.173313 1.806838 -12.416388 80.752696 5.991199 -49.055545 -2.150169 -33.414374 
0.300539 -17.271629 35.320530 178.021486 -1.366711 61.291793 32.378177 15.151891 -59.271911 -16.976164 31.162305 149.476856 7.796406 -2.788744 -39.075295 nan nan nan -34.211391 -17.655978 -52.177603 7.955757 -20.200325 155.470629 -1.482037 16.208144 -40.793410 nan nan nan 1.795149 -1.016623 71.646184 0.632950 -1.942144 -11.560737 0.097909 1.076638 3.843969 -6.629985 3.917414 -2.064566 4.822045 -9.260001 -26.098224 -5.544306 -28.786120 5.517075 -57.181083 -31.817257 16.684015 50.419870 -70.160473 -34.275582 43.758832 -1.977993 -54.279873 11.056545 36.752793 6.117081 46.414775 27.290668 1.459896 -1.586942 79.936491 15.385488 -51.372746 -1.968047 -37.792257 
0.312929 -17.287100 35.312042 177.953676 -1.388373 61.348783 32.199448 15.320827 -59.351714 -16.950297 31.108354 149.538874 8.156819 -2.417268 -39.117069 nan nan nan -33.816557 -17.845121 -52.531183 7.887477 -20.010588 155.600819 -2.024218 15.497303 -40.825696 nan nan nan 1.710340 -0.986501 71.417496 0.598661 -1.846648 -11.252787 0.092442 1.177708 3.838555 -6.450164 3.667656 -2.353484 4.525627 -9.252188 -25.992759 -5.870818 -29.003035 5.696289 -56.563106 -31.600945 16.425256 53.125630 -70.203897 -36.368175 41.992079 -0.818656 -52.459745 11.153489 36.604567 6.371798 46.342150 26.483834 1.662089 -4.870354 81.451886 12.077277 -49.928648 -4.629397 -36.233321 
0.318996 -17.294977 35.299294 177.938968 -1.385137 61.386254 32.140849 15.342541 -59.409232 -16.901030 31.019139 149.594872 8.362322 -2.428780 -39.168680 nan nan nan -33.698001 -17.834956 -52.618429 7.806585 -19.884855 155.669062 -2.291503 15.360941 -40.931200 nan nan nan 1.701508 -0.949774 71.273761 0.637597 -1.822866 -10.804553 0.103080 1.210051 3.417779 -6.338435 3.742756 -2.209657 4.392214 -9.397967 -26.073263 -6.068228 -29.120477 5.896901 -56.452949 -31.280588 16.114982 56.596299 -69.777528 -38.538715 38.327298 -1.464019 -50.672345 11.446226 36.714195 6.746698 46.255061 26.199026 1.788380 -11.631079 82.161619 6.548310 -47.211737 -4.617138 -34.920236 
0.316111 -17.311317 35.283447 177.927828 -1.392299 61.493207 31.901571 15.460554 -59.645410 -16.777230 30.831956 149.735446 8.650777 -2.208670 -39.332511 nan nan nan -33.235824 -18.016213 -52.981725 7.729558 -19.637927 155.784226 -2.765978 14.685553 -41.068619 nan nan nan 1.595302 -0.839234 70.935077 0.774346 -1.815117 -10.369193 0.171536 1.299712 3.246233 -6.382559 3.379014 -2.117854 4.277585 -9.126914 -26.182974 -6.088415 -29.112215 6.223426 -56.576468 -31.075042 16.292149 61.913989 -70.540053 -45.200290 37.018372 1.101231 -51.058808 11.766525 36.540816 7.391859 45.807360 26.435459 1.718450 -16.004708 82.333187 2.518841 -48.209661 -5.752803 -33.255150 
0.316022 -17.310801 35.285336 177.929651 -1.406872 61.506904 31.895557 15.477977 -59.648438 -16.743764 30.786865 149.752816 8.676350 -2.246386 -39.355276 nan nan nan -33.224895 -18.024772 -53.000492 7.728887 -19.593782 155.784866 -2.831817 14.675867 -41.097846 nan nan nan 1.587042 -0.823062 70.907939 0.772275 -1.816360 -10.331905 0.182678 1.304603 3.188840 -6.392114 3.389168 -2.019550 4.294718 -9.111293 -26.242649 -6.095373 -29.125370 6.234219 -56.617250 -31.032969 16.357368 62.210422 -70.519607 -45.594012 36.784534 1.208854 -51.046127 11.823867 36.572124 7.465736 45.760371 26.459263 1.763503 -16.172942 82.360518 2.317920 -47.902913 -5.697885 -33.442784 
0.309391 -17.318443 35.290607 178.013458 -1.416359 61.567661 31.779834 15.484396 -59.750071 -16.625395 30.687388 149.808163 8.687008 -2.219109 -39.381997 nan nan nan -33.156408 -18.136626 -53.065948 7.742350 -19.512275 155.799084 -2.926325 14.546245 -41.137805 nan nan nan 1.559177 -0.878167 70.877459 0.793434 -1.883027 -10.436336 0.183347 1.317440 3.213030 -6.447394 3.245609 -1.875766 4.334180 -9.004634 -26.343204 -6.084396 -29.081263 6.196463 -56.737354 -31.069042 16.636429 62.797350 -70.684215 -46.649065 37.218935 2.198939 -51.667839 11.860429 36.548850 7.548784 45.764782 26.599738 1.945934 -15.868225 82.250161 2.320245 -48.661044 -6.161940 -33.645014 
0.314978 -17.338396 35.285999 178.068385 -1.388643 61.647396 31.721398 15.454376 -59.822125 -16.438942 30.579095 149.877801 8.640105 -2.049817 -39.476490 nan nan nan -33.152405 -18.251440 -53.083113 7.741366 -19.488146 155.808752 -2.940257 14.573005 -41.175891 nan nan nan 1.544608 -0.942526 70.768065 0.798863 -1.932807 -10.411549 0.156887 1.340475 3.237346 -6.405662 3.231392 -1.958616 4.309430 -8.982513 -26.346323 -5.988355 -29.069722 6.193679 -56.718530 -31.175419 16.674530 63.070751 -70.796795 -47.074394 38.145693 3.018413 -51.716895 11.861775 36.567880 7.687738 45.692366 26.820323 1.924542 -16.055953 82.183975 2.114262 -50.135973 -6.381398 -33.143358 
0.322429 -17.340561 35.281796 178.055619 -1.386692 61.647139 31.763831 15.467810 -59.812813 -16.355011 30.550749 149.878922 8.628431 -2.002205 -39.503305 nan nan nan -33.183419 -18.257628 -53.093201 7.722823 -19.472211 155.819018 -2.932063 14.632554 -41.168291 nan nan nan 1.545019 -0.916107 70.747771 0.801100 -1.921330 -10.383350 0.171544 1.335118 3.228782 -6.388829 3.284406 -1.968939 4.268320 -9.019154 -26.334013 -5.981616 -29.087634 6.181171 -56.748383 -31.182256 16.676293 63.078203 -70.759685 -47.045371 38.410073 3.090487 -51.528485 11.871813 36.580894 7.697305 45.638853 26.802476 1.896872 -16.102232 82.220910 2.065929 -50.341868 -6.332734 -33.062345 
0.325738 -17.339170 35.281967 177.992679 -1.369970 61.632876 31.925204 15.503234 -59.742344 -16.283408 30.502022 149.857441 8.641986 -2.100295 -39.542151 nan nan nan -33.196939 -18.188284 -53.067645 7.695037 -19.501900 155.802032 -2.978604 14.742540 -41.150337 nan nan nan 1.575158 -0.872986 70.759630 0.765025 -1.873585 -10.365697 0.250727 1.273915 3.205211 -6.375386 3.419161 -1.920786 4.170524 -9.107545 -26.374537 -5.971143 -29.108611 6.065102 -56.920419 -31.040904 16.655832 63.203601 -70.591919 -47.125238 37.820028 2.536321 -50.992446 11.811367 36.704733 7.600788 45.525006 26.673093 1.885808 -13.842856 82.502821 3.805241 -48.013219 -5.900246 -34.545617 
0.333897 -17.337263 35.272694 177.963242 -1.349059 61.609020 31.939573 15.560924 -59.727678 -16.447887 30.540904 149.832608 8.671950 -2.167923 -39.451210 nan nan nan -33.169640 -18.207899 -53.064266 7.712005 -19.515235 155.805437 -2.926509 14.791615 -41.045350 nan nan nan 1.570566 -0.857886 70.733689 0.780880 -1.851545 -10.294408 0.230259 1.318007 3.209693 -6.358493 3.368648 -1.981367 4.139247 -9.120018 -26.368245 -5.990088 -29.159423 6.166865 -56.760628 -31.156372 16.616778 63.232993 -70.712016 -47.154623 38.639953 3.187825 -50.981748 11.805085 36.647270 7.678801 45.627530 26.744783 1.811007 -15.770206 82.248679 2.249606 -50.038049 -6.347716 -33.149751 
0.334720 -17.328905 35.256264 177.964317 -1.338727 61.597061 31.957807 15.582697 -59.711718 -16.542398 30.559249 149.822018 8.669268 -2.215859 -39.385722 nan nan nan -33.297872 -18.262773 -53.016683 7.707334 -19.461999 155.820780 -2.933933 14.913283 -40.975882 nan nan nan 1.577710 -0.871342 70.690844 0.787835 -1.861472 -10.207943 0.205630 1.319995 3.191771 -6.319806 3.314249 -2.046139 4.080066 -9.086162 -26.331554 -6.030721 -29.143734 6.248907 -56.569598 -31.150553 16.511660 63.353261 -70.759480 -47.281701 38.567865 3.276305 -50.793439 11.827725 36.621079 7.741081 45.613928 26.859344 1.832433 -16.212847 82.202916 1.861709 -50.405652 -6.511635 -32.753772 
0.333349 -17.331020 35.253304 177.967958 -1.339231 61.596722 31.957663 15.580849 -59.712099 -16.542294 30.558888 149.822849 8.669949 -2.216001 -39.386048 nan nan nan -33.299677 -18.264241 -53.016316 7.707757 -19.460132 155.819725 -2.937459 14.912974 -40.980035 nan nan nan 1.581191 -0.873865 70.692459 0.788499 -1.860197 -10.205351 0.206381 1.321838 3.189026 -6.317053 3.315494 -2.047616 4.076620 -9.084678 -26.326833 -6.031823 -29.142109 6.247675 -56.567860 -31.146940 16.512173 63.345861 -70.758494 -47.268154 38.558469 3.266166 -50.776541 11.828908 36.624493 7.741339 45.612788 26.860921 1.838377 -16.197987 82.203847 1.876066 -50.385847 -6.505540 -32.764099 
0.318848 -17.329189 35.252464 178.017263 -1.289695 61.590710 31.980237 15.487493 -59.748012 -16.503991 30.533196 149.847503 8.655370 -2.303660 -39.426209 nan nan nan -33.370687 -18.268508 -52.933301 7.692225 -19.447650 155.788114 -3.014908 14.996909 -41.051610 nan nan nan 1.634730 -0.959837 70.730100 0.768441 -1.900437 -10.229034 0.215569 1.296049 3.149759 -6.297455 3.397198 -2.034959 4.035032 -9.088404 -26.279814 -5.973180 -29.133899 6.099772 -56.819341 -31.050097 16.619395 63.059664 -70.597675 -46.684168 38.095901 2.691257 -50.368847 11.794431 36.730308 7.648680 45.526132 26.768841 1.909168 -14.542923 82.469109 3.230773 -48.351639 -5.973411 -34.170537 
0.323100 -17.331842 35.246494 178.032513 -1.294338 61.585904 31.953619 15.492575 -59.764259 -16.463914 30.521275 149.862564 8.576184 -2.256174 -39.411150 nan nan nan -33.289262 -18.284305 -52.990276 7.709656 -19.442547 155.810907 -2.936486 14.946894 -40.936844 nan nan nan 1.626800 -1.001501 70.719380 0.754607 -1.932596 -10.218522 0.160451 1.349392 3.152462 -6.292466 3.460571 -2.023888 4.062717 -9.125592 -26.275512 -5.950906 -29.176409 6.154516 -56.680900 -31.124842 16.582882 62.920074 -70.643949 -46.504967 38.617815 2.884253 -50.691170 11.834903 36.739060 7.775546 45.616373 26.788484 1.836406 -16.946912 82.307435 1.260445 -49.993876 -6.179770 -33.160599 
0.324017 -17.338642 35.237743 178.024558 -1.309969 61.600016 31.981790 15.531246 -59.777270 -16.352444 30.475483 149.878639 8.562410 -2.263922 -39.408462 nan nan nan -33.135166 -18.255365 -53.064907 7.729593 -19.448670 155.823427 -2.932044 14.798151 -40.994041 nan nan nan 1.620038 -1.034197 70.652800 0.702239 -1.934486 -10.071504 0.152867 1.323209 3.035675 -6.279420 3.620186 -1.954048 4.072884 -9.207057 -26.364803 -5.977094 -29.188307 6.213050 -56.361588 -30.937023 16.334561 63.089364 -70.593134 -46.534361 37.567550 2.190096 -50.292602 11.866945 36.838056 7.900309 45.677164 26.791983 1.880323 -19.064189 82.171072 -0.597753 -49.809426 -6.187566 -32.857025 
0.334093 -17.337931 35.239517 178.038131 -1.346548 61.586725 31.973873 15.539817 -59.762858 -16.377952 30.480328 149.857909 8.601723 -2.319456 -39.429212 nan nan nan -33.154239 -18.243398 -53.028036 7.733336 -19.436939 155.810440 -2.977890 14.802023 -41.077543 nan nan nan 1.566613 -0.968054 70.682313 0.736487 -1.932486 -10.079210 0.190377 1.305923 3.026393 -6.309861 3.676603 -1.971778 4.099959 -9.221030 -26.366180 -5.886549 -29.184358 6.169436 -56.475435 -30.977065 16.426765 63.058855 -70.501525 -46.552750 37.658695 2.244660 -50.448851 11.862106 36.833868 7.858813 45.712425 26.823143 1.994332 -19.237011 82.082389 -0.785823 -50.037055 -6.255864 -32.841519 
0.343311 -17.330467 35.247082 178.027520 -1.370896 61.569076 31.960247 15.543065 -59.726295 -16.508290 30.510070 149.831070 8.644071 -2.354334 -39.402387 nan nan nan -33.234572 -18.226209 -52.982871 7.752480 -19.427548 155.796288 -2.990677 14.858692 -41.082695 nan nan nan 1.545117 -0.892450 70.743719 0.765082 -1.920340 -10.190762 0.222305 1.305760 3.102559 -6.355105 3.564585 -2.044708 4.127242 -9.165214 -26.263598 -5.866167 -29.207114 6.153149 -56.635229 -31.136848 16.588564 63.040914 -70.544011 -46.842882 38.453563 2.827139 -50.826592 11.877131 36.791181 7.811586 45.666067 26.849643 1.988103 -18.110787 82.105608 0.082923 -50.540507 -6.369823 -32.922978 
0.335774 -17.324041 35.239876 178.021382 -1.345982 61.571923 31.980479 15.535615 -59.735857 -16.550146 30.519141 149.845617 8.695103 -2.380488 -39.374774 nan nan nan -33.272815 -18.221043 -52.934251 7.784872 -19.437246 155.782793 -3.014239 14.877406 -41.097301 nan nan nan 1.587881 -0.929971 70.701724 0.755242 -1.919713 -10.113934 0.206210 1.305523 3.057894 -6.352794 3.554921 -2.061544 4.026781 -9.160622 -26.248539 -5.942530 -29.202002 6.224024 -56.485804 -31.075509 16.458081 63.173497 -70.575346 -46.887938 37.761877 2.494019 -50.555537 11.868359 36.808880 7.858469 45.696439 26.836613 1.993246 -18.871971 82.125394 -0.648641 -50.017249 -6.310689 -32.955488 
0.320134 -17.304945 35.243362 178.094363 -1.322622 61.415850 32.200475 15.322929 -59.539203 -16.653706 30.717899 149.709581 8.467237 -2.633097 -39.230183 nan nan nan -33.683811 -18.034255 -52.529976 7.924962 -19.742850 155.626444 -2.375640 15.512955 -40.995606 nan nan nan 1.728287 -1.032737 71.036613 0.716418 -2.016502 -10.251356 0.137508 1.184011 2.930655 -6.299966 3.852252 -2.025117 4.048754 -9.272035 -26.236976 -5.650835 -29.017840 6.063530 -56.910433 -30.968712 16.556070 62.682910 -70.143517 -45.771268 36.209523 0.744130 -50.347874 11.636741 36.814864 7.465554 46.281247 27.026308 2.328019 -20.541632 80.750654 -0.953214 -48.748436 -4.054449 -32.757625 
0.310017 -17.293056 35.257030 178.101994 -1.305372 61.247554 32.417137 15.179797 -59.321391 -16.848966 30.984073 149.536003 7.971079 -2.811318 -39.054381 nan nan nan -34.018598 -17.740529 -52.131616 8.132734 -20.256108 155.435967 -1.597358 16.039522 -40.923149 nan nan nan 1.885733 -1.171320 71.463592 0.608697 -2.031655 -10.731504 0.055582 1.066324 3.175570 -6.337412 4.351299 -2.171832 4.215596 -9.639249 -26.014931 -5.639180 -28.982619 5.709725 -56.636632 -31.072041 16.125149 56.727588 -69.300840 -37.247634 37.048858 -3.008408 -50.655165 10.963311 37.042813 6.422598 47.209036 26.957224 2.686586 -16.189698 80.230643 3.304179 -50.906800 -3.285129 -35.094019 
0.305807 -17.282761 35.264980 178.118109 -1.315915 61.174776 32.441901 15.140246 -59.230777 -16.853613 31.005942 149.478680 7.972476 -2.781271 -38.990744 nan nan nan -34.012171 -17.700881 -52.070726 8.158132 -20.270668 155.438433 -1.578311 15.980620 -40.966253 nan nan nan 1.879307 -1.202265 71.619042 0.583578 -2.071744 -10.919060 0.060174 1.103786 3.291369 -6.307410 4.322871 -2.155382 4.224010 -9.645607 -26.037530 -5.583539 -28.982089 5.681761 -56.810666 -31.061172 16.168714 56.963828 -69.152907 -37.519118 36.611519 -3.287913 -50.678331 11.025244 37.011296 6.403266 47.192197 26.675529 2.586946 -17.815517 80.303358 2.215249 -49.165706 -2.697106 -34.057512 
0.310258 -17.275906 35.267265 178.072651 -1.309633 61.156390 32.392843 15.206663 -59.197013 -16.901358 30.970804 149.465299 7.864275 -2.752990 -38.977851 nan nan nan -33.994489 -17.645579 -52.058939 8.145902 -20.271324 155.452965 -1.505841 15.897937 -40.941958 nan nan nan 1.842271 -1.206133 71.721509 0.578919 -2.060267 -11.068607 0.040150 1.110062 3.333431 -6.365730 4.274585 -2.100677 4.309914 -9.529509 -26.053065 -5.517545 -28.824378 5.648168 -56.857954 -31.081721 16.156452 56.666505 -69.334498 -37.090326 37.277969 -3.023142 -50.877244 11.023521 37.016374 6.461967 47.161344 27.031799 2.525313 -14.540675 80.305655 5.099559 -50.017106 -2.827757 -35.553734 
0.306686 -17.261927 35.261707 178.090638 -1.275904 61.140006 32.388728 15.170067 -59.212596 -16.901747 30.987110 149.476599 7.866327 -2.674608 -38.962657 nan nan nan -34.027630 -17.651591 -52.008251 8.154265 -20.255704 155.444715 -1.490371 15.939279 -40.892555 nan nan nan 1.843945 -1.261914 71.739960 0.598892 -2.092256 -11.048931 -0.022878 1.169757 3.295126 -6.275703 4.322759 -2.091073 4.286831 -9.583729 -26.058488 -5.547210 -28.773289 5.682954 -56.887376 -31.109973 16.220308 56.757303 -69.235109 -37.079075 36.739655 -3.210071 -50.751457 11.156369 36.951520 6.514658 47.208529 26.750995 2.599316 -17.871000 80.329799 2.418355 -49.160285 -2.801562 -34.173426 
0.315950 -17.254248 35.252811 178.048307 -1.284293 61.196146 32.376671 15.258077 -59.281270 -16.908928 30.981387 149.503241 7.784366 -2.671209 -38.946513 nan nan nan -33.979835 -17.645948 -52.111176 8.177913 -20.285524 155.451714 -1.519160 15.935684 -40.880877 nan nan nan 1.805493 -1.250714 71.641420 0.625780 -2.066798 -10.966002 -0.062862 1.169431 3.247691 -6.321011 4.291590 -2.023433 4.344865 -9.523445 -26.104382 -5.616827 -28.683529 5.682034 -56.717695 -31.087165 16.215689 56.407099 -69.467873 -36.433468 37.450905 -2.769637 -51.044713 11.108821 36.928462 6.457510 47.349827 27.100258 2.758072 -15.446179 80.169416 4.446657 -51.068457 -3.448370 -35.322351 
0.319752 -17.249424 35.254513 178.048643 -1.290041 61.212354 32.444500 15.263441 -59.282206 -16.930441 31.012888 149.468575 7.833401 -2.756319 -38.928533 nan nan nan -33.988638 -17.649865 -52.125554 8.162962 -20.275590 155.445576 -1.521717 15.961099 -40.898796 nan nan nan 1.789190 -1.262183 71.633282 0.607821 -2.073692 -11.073694 -0.061790 1.226223 3.347895 -6.283121 4.302206 -2.008363 4.308536 -9.524472 -26.142272 -5.604663 -28.725087 5.693723 -56.865154 -31.096369 16.237008 56.683435 -69.298599 -36.465077 36.792918 -2.990497 -50.833272 11.146173 36.878260 6.512564 47.320406 26.857112 2.628844 -17.257526 80.261684 3.211957 -49.486670 -3.106303 -34.332440 
0.321191 -17.247566 35.255985 178.057096 -1.300022 61.248441 32.404701 15.277298 -59.335227 -16.929039 30.997598 149.500819 7.848859 -2.767886 -38.965894 nan nan nan -33.978282 -17.677492 -52.170942 8.159723 -20.291778 155.473002 -1.483384 15.922107 -40.915941 nan nan nan 1.775846 -1.240501 71.601720 0.635078 -2.068222 -11.120700 -0.052875 1.230102 3.364502 -6.356252 4.261836 -1.937181 4.361575 -9.456194 -26.133198 -5.652237 -28.704756 5.704380 -56.702696 -31.066183 16.214293 56.389324 -69.481273 -36.260358 37.369446 -2.828325 -51.256244 11.082384 36.906929 6.455473 47.382655 26.991468 2.726565 -15.721225 80.314941 4.278764 -50.772117 -3.527129 -35.345972 
0.332403 -17.249353 35.255482 178.076161 -1.293319 61.241145 32.446791 15.227342 -59.313855 -16.912531 30.981983 149.512277 7.906712 -2.779523 -38.983309 nan nan nan -34.033188 -17.651228 -52.124370 8.120237 -20.262662 155.487768 -1.470497 15.988261 -40.895954 nan nan nan 1.757768 -1.214317 71.588223 0.664248 -2.064145 -11.024645 -0.043068 1.211236 3.292917 -6.282465 4.359663 -1.959165 4.356725 -9.569804 -26.132329 -5.618004 -28.642029 5.699014 -56.787805 -31.071852 16.284327 56.660706 -69.359129 -36.694937 36.615584 -3.292270 -51.037558 11.162312 36.862763 6.495234 47.358938 26.848897 2.802338 -17.708617 80.408038 2.504123 -49.808958 -3.223978 -34.709800 
0.330208 -17.255520 35.257706 178.091521 -1.291054 61.199899 32.491810 15.158215 -59.255698 -16.892809 30.994190 149.495773 7.981202 -2.779745 -38.994134 nan nan nan -34.041971 -17.624823 -52.061337 8.134098 -20.234603 155.471476 -1.502073 15.992920 -40.917324 nan nan nan 1.748723 -1.222729 71.631030 0.660190 -2.070985 -11.006643 -0.044426 1.214976 3.318270 -6.180243 4.408918 -2.064351 4.343730 -9.683306 -26.120195 -5.495948 -28.626429 5.653676 -57.006598 -31.111055 16.377198 57.145769 -69.181336 -37.199483 35.902877 -3.479683 -50.652062 11.187669 36.799405 6.479077 47.330323 26.630010 2.814621 -20.192294 80.618698 0.298073 -48.218162 -3.059211 -33.791710 
0.322690 -17.249062 35.257080 178.083471 -1.302532 61.149496 32.472279 15.139141 -59.220545 -16.863584 30.978922 149.507828 7.981574 -2.766512 -38.978847 nan nan nan -33.938065 -17.628654 -52.095958 8.190580 -20.226621 155.466434 -1.516918 15.907179 -40.951186 nan nan nan 1.757218 -1.225935 71.663564 0.653569 -2.051969 -10.957925 -0.049544 1.211084 3.276469 -6.173019 4.373086 -2.105683 4.325674 -9.709409 -26.007977 -5.563598 -28.694644 5.699569 -56.880227 -31.126794 16.370295 56.978323 -69.192130 -37.179091 36.408438 -3.252543 -50.715579 11.201958 36.857590 6.511156 47.326553 26.616906 2.889935 -20.588741 80.483822 -0.168206 -49.188678 -3.265663 -33.596152 
0.334480 -17.239935 35.252514 178.092855 -1.279583 61.111037 32.508955 15.118214 -59.185980 -16.849988 30.967667 149.485873 7.979601 -2.721190 -39.032718 nan nan nan -33.996110 -17.645775 -52.067673 8.163972 -20.198208 155.474078 -1.526505 16.019841 -40.878467 nan nan nan 1.806427 -1.248188 71.672307 0.629151 -2.030330 -10.888411 -0.051472 1.186696 3.243419 -6.103857 4.357079 -2.184444 4.207113 -9.776077 -25.925260 -5.680396 -28.740018 5.744694 -56.771588 -31.149417 16.329142 56.906736 -69.143368 -37.142639 36.327176 -3.388939 -50.598457 11.196617 36.860340 6.518596 47.367661 26.497224 2.903969 -21.903106 80.547468 -1.306851 -49.198819 -3.279460 -32.968814 
0.342526 -17.223806 35.239311 178.104172 -1.264383 61.134200 32.535808 15.124998 -59.201431 -16.767972 30.896561 149.476524 7.940834 -2.707525 -39.083042 nan nan nan -34.168945 -17.680383 -52.020865 8.133381 -20.183375 155.479827 -1.576267 16.191680 -40.880211 nan nan nan 1.812386 -1.247189 71.632678 0.643633 -2.039096 -10.897442 -0.016609 1.140669 3.230627 -6.158367 4.370543 -2.151153 4.185554 -9.759208 -25.924146 -5.686396 -28.695532 5.606805 -56.893350 -31.077425 16.385592 56.503243 -69.219819 -36.732022 37.019901 -3.424429 -50.928739 11.141076 36.978530 6.409051 47.318513 26.727125 2.942738 -17.651629 80.498593 2.257813 -49.141210 -2.860342 -34.779215 
0.354240 -17.217318 35.230419 178.055587 -1.294229 61.185832 32.449622 15.233748 -59.248401 -16.800552 30.879346 149.481478 7.897454 -2.599254 -39.068865 nan nan nan -34.099691 -17.639321 -52.103537 8.151253 -20.231315 155.497021 -1.557576 16.075636 -40.913974 nan nan nan 1.704453 -1.217538 71.646618 0.669054 -2.027432 -11.043835 -0.046662 1.166779 3.316695 -6.218071 4.257735 -2.183850 4.266184 -9.582079 -25.944737 -5.648107 -28.519925 5.582262 -56.901249 -31.142855 16.353353 56.164830 -69.554317 -36.137257 38.029752 -2.540626 -51.099896 11.090464 36.847740 6.442074 47.351190 27.203684 2.791696 -13.757855 80.316202 5.870898 -51.076025 -3.286932 -35.612135 
0.378706 -17.219147 35.229744 177.919469 -1.346301 61.204143 32.520636 15.381484 -59.152614 -16.930574 30.888848 149.456677 7.895564 -2.727747 -39.050210 nan nan nan -33.981853 -17.480815 -52.219837 8.117031 -20.264950 155.513950 -1.543752 16.036727 -40.911486 nan nan nan 1.596279 -1.098720 71.678022 0.645709 -1.977009 -11.076540 -0.041548 1.215485 3.244618 -6.210409 4.332587 -2.048460 4.395176 -9.540028 -26.075534 -5.710920 -28.495812 5.734330 -56.809094 -31.118639 16.243282 56.529234 -69.547390 -36.600344 37.156903 -2.905471 -50.883263 11.294039 36.827217 6.685156 47.184360 27.123668 2.616496 -14.062885 80.502959 5.942530 -50.000913 -3.028054 -35.320906 
0.339442 -17.227827 35.228046 178.060062 -1.305608 61.206441 32.469637 15.186627 -59.280108 -16.915820 30.954132 149.465737 7.964522 -2.796988 -39.032321 nan nan nan -34.053206 -17.622575 -52.137292 8.149938 -20.230349 155.511364 -1.582533 16.030253 -40.904399 nan nan nan 1.693222 -1.266697 71.679054 0.624252 -2.080902 -11.011038 -0.097784 1.234455 3.136201 -6.183698 4.360912 -1.972173 4.419198 -9.508437 -26.160976 -5.740441 -28.542082 5.824521 -56.654126 -31.055695 16.203006 57.005425 -69.435043 -37.251071 36.031431 -3.500569 -50.767860 11.357908 36.825889 6.737836 47.257110 26.913925 2.712693 -17.416573 80.474327 2.886590 -48.681341 -2.856463 -34.581642 
0.341446 -17.227646 35.218884 178.080527 -1.281082 61.232200 32.503696 15.154430 -59.329635 -16.904208 30.951418 149.480279 7.967528 -2.831092 -39.057161 nan nan nan -34.064105 -17.641819 -52.146952 8.147995 -20.240872 155.521670 -1.570485 16.086029 -40.905242 nan nan nan 1.728251 -1.289562 71.618076 0.627852 -2.085612 -10.973686 -0.093029 1.225733 3.125509 -6.207995 4.382044 -1.949188 4.435116 -9.515982 -26.197543 -5.735164 -28.548196 5.836371 -56.642846 -31.046497 16.188769 57.057082 -69.405442 -37.368934 35.852757 -3.648946 -50.724147 11.363281 36.839185 6.752077 47.246585 26.893005 2.711534 -17.676042 80.505684 2.619791 -48.378893 -2.710507 -34.607547 
0.362431 -17.215910 35.206989 178.038353 -1.266226 61.250543 32.600773 15.186243 -59.318792 -16.914104 30.941143 149.525778 7.970968 -2.895674 -39.080109 nan nan nan -34.020863 -17.627132 -52.217862 8.155136 -20.237957 155.540343 -1.544839 16.220700 -40.865298 nan nan nan 1.744112 -1.279805 71.501375 0.628310 -2.058430 -10.821640 -0.105317 1.232357 3.067822 -6.257142 4.427231 -1.904204 4.422971 -9.535370 -26.257907 -5.702261 -28.542770 5.871423 -56.662131 -31.079288 16.253325 57.165567 -69.345168 -37.616223 35.883870 -3.577645 -50.718832 11.360561 36.850163 6.847885 47.321676 26.952619 2.753812 -18.712278 80.348377 1.530873 -48.684109 -2.663799 -34.368715 
0.368246 -17.210443 35.227604 178.065891 -1.313379 61.172663 32.534196 15.130173 -59.207537 -16.888946 30.920283 149.538385 7.995800 -2.838856 -39.075460 nan nan nan -34.112723 -17.646701 -52.126114 8.164132 -20.158405 155.492995 -1.536530 16.289112 -40.824402 nan nan nan 1.716944 -1.254776 71.605512 0.654180 -2.076831 -10.778350 -0.116016 1.218394 3.021096 -6.230729 4.406941 -1.946859 4.338097 -9.565846 -26.247314 -5.645366 -28.547564 5.831285 -56.718662 -31.054651 16.324452 57.410209 -69.324622 -37.832106 35.776520 -3.527665 -50.770375 11.310939 36.843257 6.814534 47.392656 26.955883 2.852959 -19.435334 80.351398 0.835679 -48.777937 -2.684501 -34.199554 
0.369762 -17.214956 35.243610 178.117137 -1.287159 61.145800 32.498783 15.024084 -59.196897 -16.881883 30.910807 149.534401 7.978673 -2.784785 -39.100684 nan nan nan -34.215776 -17.683196 -52.019441 8.143681 -20.139316 155.463663 -1.547416 16.335588 -40.794177 nan nan nan 1.769719 -1.233770 71.627493 0.681900 -2.082158 -10.803360 -0.060860 1.194295 3.098390 -6.229307 4.354867 -1.999934 4.310295 -9.573412 -26.259253 -5.630686 -28.683775 5.789354 -56.888294 -31.101885 16.394575 57.498857 -69.203205 -37.872867 35.864328 -3.501382 -50.746562 11.230195 36.874605 6.667326 47.337289 26.804979 2.818089 -19.358297 80.524483 0.810834 -48.237967 -2.591156 -34.460687 
0.368061 -17.229113 35.219963 178.083503 -1.274187 61.257476 32.365499 15.134639 -59.397250 -16.779577 30.776734 149.629816 8.199347 -2.604123 -39.218579 nan nan nan -33.874026 -17.853054 -52.310977 8.056407 -19.909082 155.612503 -2.035058 15.788867 -40.935227 nan nan nan 1.707550 -1.080519 71.336792 0.799726 -2.043110 -10.576424 0.060870 1.225866 3.126562 -6.255867 3.885206 -2.068545 4.160509 -9.270264 -26.272619 -5.502366 -28.681230 5.944451 -57.378651 -31.038348 16.708303 61.912452 -70.019527 -43.953370 35.757576 -0.557601 -51.048894 11.457972 36.666938 7.164596 46.673066 27.086135 2.511231 -19.089969 80.770027 0.795719 -48.251616 -3.390015 -33.622970 
0.366165 -17.231838 35.215397 178.077632 -1.271188 61.258840 32.363866 15.137280 -59.401485 -16.778858 30.772827 149.627541 8.205353 -2.608854 -39.220162 nan nan nan -33.875973 -17.857657 -52.312640 8.053359 -19.902188 155.617069 -2.044889 15.788132 -40.938623 nan nan nan 1.704500 -1.082254 71.334760 0.799509 -2.045852 -10.574615 0.059420 1.224135 3.119816 -6.255229 3.884831 -2.063561 4.160137 -9.269421 -26.272323 -5.500368 -28.683821 5.944009 -57.382092 -31.038284 16.716930 61.935013 -70.019492 -43.996372 35.764786 -0.518318 -51.036973 11.466223 36.661651 7.175384 46.663517 27.087414 2.506834 -19.122544 80.766555 0.762132 -48.243510 -3.388751 -33.601337 
0.366057 -17.229727 35.204472 178.055151 -1.301357 61.294453 32.331953 15.226859 -59.433702 -16.751813 30.700974 149.612084 8.276719 -2.700674 -39.214965 nan nan nan -33.824554 -17.906512 -52.405272 8.004247 -19.798173 155.681844 -2.188939 15.712157 -40.992849 nan nan nan 1.652010 -1.080123 71.339434 0.781604 -2.042632 -10.578480 0.039940 1.243051 3.023953 -6.279730 3.870490 -2.011080 4.171431 -9.194063 -26.228572 -5.520689 -28.618163 5.912376 -57.334959 -31.022814 16.870546 62.174496 -70.211703 -44.737794 36.480980 0.326231 -51.180529 11.632547 36.612066 7.361397 46.578469 27.374514 2.553505 -17.794731 80.640090 1.757322 -49.192426 -3.568981 -33.845096 
0.369223 -17.220680 35.225658 178.056839 -1.334113 61.181408 32.428057 15.184628 -59.241294 -16.912148 30.885328 149.483159 7.902265 -2.807646 -39.040764 nan nan nan -34.084668 -17.627357 -52.075718 8.161210 -20.152248 155.531477 -1.546203 16.095862 -40.948565 nan nan nan 1.698835 -1.182739 71.717756 0.678117 -2.058078 -10.968246 -0.040599 1.177748 3.128725 -6.318416 4.337931 -2.106682 4.318988 -9.478664 -26.088804 -5.622618 -28.527864 5.716397 -56.877192 -31.197195 16.380916 56.567568 -69.471907 -36.703691 37.321944 -2.957508 -51.180453 11.147455 36.735582 6.662816 47.426710 27.408444 2.845864 -14.913597 80.256623 4.819058 -51.437163 -3.234050 -35.428739 
0.380946 -17.211439 35.210106 178.065623 -1.301843 61.205885 32.451422 15.172256 -59.266307 -16.893423 30.911057 149.495709 7.908096 -2.632635 -39.114156 nan nan nan -34.130450 -17.627110 -52.063541 8.162800 -20.187912 155.522052 -1.516098 16.192033 -40.924065 nan nan nan 1.716847 -1.151639 71.660226 0.706926 -2.043427 -10.972789 -0.020178 1.190338 3.171156 -6.313135 4.371588 -2.066735 4.308337 -9.492935 -26.155301 -5.634061 -28.595008 5.787140 -56.936071 -31.207727 16.354896 56.770303 -69.393660 -36.739488 37.150524 -3.010828 -51.066646 11.127526 36.736806 6.589176 47.455004 27.100908 2.827578 -16.125644 80.434355 4.022826 -50.627449 -3.280726 -34.991653 
0.387550 -17.203962 35.199890 178.073306 -1.286716 61.209936 32.515196 15.143535 -59.255045 -16.847728 30.933593 149.494312 7.988394 -2.586060 -39.127300 nan nan nan -34.248267 -17.636438 -52.026937 8.143198 -20.162836 155.517889 -1.514099 16.385247 -40.870611 nan nan nan 1.742281 -1.134166 71.603028 0.702889 -2.045631 -10.950927 -0.022581 1.200143 3.213190 -6.200696 4.442322 -2.021614 4.270309 -9.566631 -26.260507 -5.620573 -28.671416 5.853990 -57.070494 -31.202726 16.349288 57.422992 -69.179510 -37.269428 36.120878 -3.310199 -50.468814 11.188969 36.713063 6.637813 47.430375 26.669569 2.745770 -19.798809 80.742203 1.024245 -48.435982 -3.075562 -33.689532 
0.384636 -17.204817 35.212723 178.070362 -1.305567 61.168514 32.496987 15.148606 -59.213383 -16.888955 30.926838 149.498194 7.995011 -2.670378 -39.109651 nan nan nan -34.197363 -17.595685 -51.979003 8.129198 -20.135161 155.511438 -1.467663 16.288243 -40.884894 nan nan nan 1.728471 -1.125382 71.658944 0.699164 -2.056323 -10.935052 -0.013044 1.236209 3.169012 -6.170252 4.487061 -1.941035 4.281784 -9.623268 -26.303881 -5.617843 -28.715383 5.807870 -57.063555 -31.157605 16.425750 57.519036 -69.150876 -37.522366 36.037224 -3.436117 -50.720827 11.218883 36.829883 6.628828 47.417663 26.477582 2.831022 -21.428882 80.689908 -0.505311 -47.935069 -2.996201 -33.608679 
0.386703 -17.207184 35.221958 178.121214 -1.285429 61.155659 32.442897 15.092493 -59.259596 -16.927544 30.922325 149.528661 7.991469 -2.696704 -39.104281 nan nan nan -34.180463 -17.673739 -51.951914 8.147414 -20.135076 155.503110 -1.442616 16.242656 -40.877245 nan nan nan 1.751038 -1.178186 71.684750 0.707723 -2.089308 -10.983085 -0.015068 1.268615 3.202453 -6.209376 4.427427 -1.908280 4.310991 -9.619024 -26.285507 -5.625025 -28.728677 5.774597 -57.029773 -31.142513 16.439842 57.456233 -69.167118 -37.585247 36.037291 -3.459700 -50.964121 11.215648 36.892618 6.601572 47.388558 26.428642 2.853940 -21.393142 80.691137 -0.591597 -47.647734 -2.948043 -33.930785 
0.391561 -17.204721 35.227703 178.125027 -1.262473 61.186135 32.459851 15.081311 -59.295223 -16.907734 30.894809 149.556162 7.964218 -2.698448 -39.128061 nan nan nan -34.224459 -17.692282 -51.956332 8.163610 -20.161702 155.484425 -1.507262 16.404423 -40.879687 nan nan nan 1.764911 -1.219628 71.659942 0.705540 -2.098942 -11.027307 -0.027554 1.272416 3.226695 -6.254389 4.436631 -1.850713 4.373931 -9.620090 -26.314551 -5.606363 -28.703511 5.745454 -57.063839 -31.076137 16.445061 57.520599 -69.158945 -37.695246 35.891433 -3.551487 -50.987518 11.247263 36.964359 6.638111 47.319146 26.489995 2.818240 -19.995005 80.770323 0.495292 -46.886512 -2.715722 -34.796873 
0.394288 -17.205860 35.242405 178.121903 -1.273057 61.156584 32.447833 15.060076 -59.257622 -16.936788 30.902331 149.527318 7.885855 -2.699445 -39.104119 nan nan nan -34.121452 -17.653907 -51.942785 8.171176 -20.182582 155.468209 -1.564390 16.261918 -40.939356 nan nan nan 1.720655 -1.214823 71.736520 0.708930 -2.104895 -11.094967 -0.020403 1.293791 3.269033 -6.258448 4.460288 -1.885268 4.411796 -9.585220 -26.274326 -5.607123 -28.671653 5.746442 -57.062595 -31.113208 16.453265 57.433461 -69.182480 -37.641979 36.183992 -3.381753 -50.792389 11.318322 36.948133 6.732012 47.236609 26.625695 2.692646 -19.723970 80.726390 0.737917 -47.667892 -2.506094 -34.569040 
0.406157 -17.207163 35.237858 178.083456 -1.287219 61.126175 32.457101 15.066595 -59.213134 -16.975509 30.939448 149.510951 7.890490 -2.672379 -39.129416 nan nan nan -34.042011 -17.613848 -51.960412 8.159854 -20.182506 155.481841 -1.557576 16.089734 -40.953967 nan nan nan 1.679669 -1.133528 71.741296 0.737368 -2.052530 -10.970808 0.001721 1.308666 3.202244 -6.197743 4.429198 -1.919807 4.354247 -9.592346 -26.218245 -5.652810 -28.679046 5.740038 -56.989005 -31.203931 16.515603 57.271377 -69.213384 -37.488617 36.624273 -2.986306 -50.744364 11.247197 36.896686 6.730010 47.267949 26.667883 2.769935 -20.276981 80.604363 0.165862 -49.488426 -3.097498 -33.953909 
0.408114 -17.191189 35.236675 178.071807 -1.333069 61.061136 32.429574 15.065217 -59.126912 -16.984489 30.951025 149.517319 7.917806 -2.622562 -39.116617 nan nan nan -34.194978 -17.646722 -51.870829 8.181273 -20.070323 155.462630 -1.593256 16.240627 -40.925042 nan nan nan 1.698180 -1.035270 71.779671 0.781949 -2.014795 -10.843696 -0.006012 1.288067 3.104695 -6.139821 4.398880 -1.897993 4.288240 -9.613564 -26.203274 -5.741778 -28.713692 5.774778 -56.851550 -31.314664 16.544029 56.904987 -69.253388 -37.059345 36.897179 -2.879345 -50.890703 11.203249 36.793801 6.731530 47.320443 26.685100 2.830805 -20.646686 80.601886 -0.207799 -50.947269 -3.521906 -33.457024 
0.409280 -17.180693 35.205433 178.039739 -1.339077 61.142295 32.529089 15.093738 -59.191536 -16.966140 30.951817 149.519677 7.943994 -2.705381 -39.113636 nan nan nan -34.299190 -17.636072 -51.920296 8.142250 -20.078742 155.492987 -1.638405 16.383116 -40.998808 nan nan nan 1.723117 -0.960896 71.693246 0.776013 -1.987328 -10.912333 0.031490 1.269039 3.139319 -6.106527 4.424571 -1.843300 4.292423 -9.619422 -26.212316 -5.774501 -28.709315 5.773545 -56.973198 -31.319444 16.569381 56.883642 -69.151180 -37.031485 36.083898 -3.426092 -50.757653 11.263495 36.750763 6.751796 47.296332 26.558472 2.760247 -20.586479 80.837381 -0.147115 -49.052498 -3.173555 -33.826958 
0.401626 -17.173983 35.193310 178.033100 -1.373073 61.179409 32.489229 15.133949 -59.234810 -16.962575 31.008358 149.515950 7.936831 -2.573484 -39.090211 nan nan nan -34.153758 -17.623589 -52.012882 8.181929 -20.128627 155.506783 -1.580635 16.148411 -41.039987 nan nan nan 1.698308 -0.893748 71.673601 0.773094 -1.977094 -11.128900 0.065212 1.286738 3.377389 -6.134089 4.262261 -1.916380 4.336931 -9.479653 -26.189120 -5.783250 -28.743560 5.856502 -56.974320 -31.425442 16.616260 56.730694 -69.346536 -37.319023 36.863154 -2.796225 -51.298954 11.317502 36.646398 6.812470 47.229152 26.508864 2.566503 -21.453533 80.981035 -0.728860 -49.617495 -3.496053 -32.959579 
0.395824 -17.167477 35.201138 178.066119 -1.392373 61.176707 32.447332 15.099095 -59.248765 -16.924065 31.018584 149.515542 7.870215 -2.529586 -39.082802 nan nan nan -34.167392 -17.653914 -52.025774 8.218978 -20.126899 155.498627 -1.496486 16.169058 -40.968161 nan nan nan 1.682624 -0.830819 71.739235 0.805514 -1.990672 -11.387109 0.108840 1.305916 3.545384 -6.261846 4.117277 -1.806933 4.488407 -9.236890 -26.216522 -5.647704 -28.780367 5.860821 -57.270149 -31.565452 17.001941 56.171362 -69.697406 -38.168837 38.901591 -1.860256 -53.105162 11.392487 36.563164 6.841990 46.977299 26.622212 2.324387 -19.219979 80.586580 1.468216 -50.493969 -2.971471 -32.553805 
0.400189 -17.159950 35.209885 178.084091 -1.410549 61.068341 32.396780 15.101560 -59.166922 -16.960068 31.025036 149.525178 7.915291 -2.476968 -39.050644 nan nan nan -34.384272 -17.711355 -51.881210 8.230531 -20.023826 155.472555 -1.521383 16.478109 -40.800000 nan nan nan 1.701842 -0.831337 71.746126 0.792261 -1.989057 -10.948430 0.060135 1.319670 3.155302 -6.101080 4.429201 -1.641451 4.355321 -9.389796 -26.295454 -5.991004 -28.958059 6.062899 -56.703062 -31.371985 16.528775 57.074923 -69.000425 -36.968397 36.045305 -3.077479 -50.598082 11.507177 36.743817 7.033853 47.144972 26.144101 2.663971 -26.047679 81.100708 -4.964553 -48.548670 -4.054816 -32.269366 
0.397834 -17.160025 35.207645 178.097443 -1.367528 61.055377 32.444367 15.046444 -59.188986 -16.977737 31.065162 149.523363 7.961141 -2.427847 -39.131841 nan nan nan -34.382374 -17.738204 -51.848823 8.228610 -20.067234 155.451152 -1.442236 16.544768 -40.659960 nan nan nan 1.733111 -0.789210 71.717420 0.807252 -1.956845 -11.088207 0.105464 1.371176 3.418617 -6.073694 4.383287 -1.651246 4.428717 -9.327678 -26.338190 -5.843711 -28.997867 6.031482 -56.969732 -31.637911 16.859298 56.634800 -69.256488 -37.795754 37.151338 -2.397803 -51.789137 11.432334 36.651941 7.010693 46.989435 25.979343 2.454642 -26.606040 81.413238 -5.902775 -48.541009 -4.416678 -31.789079 
0.399825 -17.163631 35.213535 178.086549 -1.364221 61.049544 32.556523 14.942115 -59.152079 -16.978247 31.126680 149.474157 7.970550 -2.514650 -39.150204 nan nan nan -34.207053 -17.676291 -51.856347 8.228003 -20.109871 155.436055 -1.416877 16.359783 -40.754555 nan nan nan 1.751274 -0.740697 71.712870 0.795446 -1.907742 -11.156508 0.142645 1.397058 3.558076 -6.071633 4.316888 -1.681007 4.511476 -9.310380 -26.361930 -5.664554 -29.008491 5.923328 -57.193841 -31.797060 17.171106 55.983982 -69.495251 -38.081751 38.545718 -1.708261 -52.366855 11.415670 36.599833 6.971980 46.841460 25.966843 2.345622 -25.357413 81.394903 -4.870391 -49.027361 -4.424443 -31.649776 
0.475025 -17.162617 35.241051 177.908583 -1.547416 60.942710 32.666039 15.030472 -58.790096 -17.100566 31.147567 149.326658 7.911790 -2.619183 -39.070121 nan nan nan -34.023411 -17.420444 -51.971039 8.211260 -20.149330 155.431474 -1.447421 16.037999 -40.809907 nan nan nan 1.535665 -0.382259 71.857288 0.838341 -1.797380 -11.015085 0.230245 1.364228 3.362568 -6.104245 4.290898 -1.586768 4.619657 -9.244236 -26.407493 -5.718980 -28.996384 5.949578 -57.053402 -31.927856 17.190047 55.494954 -69.681948 -37.999309 39.890209 -0.946638 -52.471341 11.628392 36.610746 7.162801 46.696334 26.433663 2.284363 -21.458258 80.681761 -1.183412 -51.917064 -4.475302 -32.156162 
0.466790 -17.161489 35.210285 177.975968 -1.476959 61.033100 32.643939 14.965194 -59.039197 -17.049182 31.172882 149.384957 7.868115 -2.538281 -39.039813 nan nan nan -33.991870 -17.509976 -52.012736 8.203792 -20.202037 155.449946 -1.458748 15.966717 -40.913155 nan nan nan 1.595832 -0.464134 71.707790 0.866150 -1.811403 -11.113417 0.229182 1.432281 3.507467 -6.255950 4.165483 -1.488121 4.775177 -9.116131 -26.417370 -5.887221 -29.080255 5.974505 -56.885607 -32.274776 17.210139 53.062929 -69.878019 -36.268029 42.116313 -0.460318 -53.528872 11.649606 36.583733 7.221909 46.525500 26.645560 1.920205 -18.482064 80.465419 1.068442 -55.311328 -4.866204 -31.827913 
0.517866 -17.153467 35.248165 177.837672 -1.625342 60.929040 32.674727 15.080926 -58.734416 -17.118594 31.206734 149.273856 7.846462 -2.516015 -38.997104 nan nan nan -33.989265 -17.334729 -52.024618 8.168574 -20.122871 155.445336 -1.457462 15.873708 -40.928554 nan nan nan 1.422081 -0.223295 71.913781 0.859865 -1.744152 -11.302000 0.284491 1.499945 3.616473 -6.250941 4.195191 -1.357624 4.858861 -9.111375 -26.509965 -5.906030 -29.121331 5.947015 -56.830904 -32.407187 17.291018 52.314880 -69.891468 -35.701169 42.911055 -0.238674 -53.923081 11.742594 36.572228 7.280249 46.440694 26.657160 1.819162 -18.476603 80.459889 0.841879 -56.671617 -5.234420 -31.469600 
0.533024 -17.138067 35.244183 177.842018 -1.653642 60.846715 32.740934 15.020922 -58.622357 -17.165029 31.266816 149.229589 7.825388 -2.503604 -39.036407 nan nan nan -34.215907 -17.293709 -51.830293 8.168618 -20.058560 155.417771 -1.515178 16.026699 -40.967271 nan nan nan 1.426523 -0.171139 71.948028 0.876817 -1.741220 -11.267586 0.274050 1.534844 3.687467 -6.156090 4.211884 -1.403207 4.782000 -9.183154 -26.529094 -5.898747 -29.195757 5.895993 -56.852839 -32.468808 17.357827 52.373807 -69.748838 -35.769699 42.722136 -0.340951 -53.676913 11.760763 36.554172 7.172868 46.357944 26.442692 1.864105 -20.059602 80.716893 -0.804217 -56.103917 -5.380094 -31.022676 
0.546296 -17.147207 35.236572 177.835650 -1.642673 60.724787 32.708782 14.982723 -58.562980 -17.212612 31.285900 149.236918 7.783016 -2.366154 -39.059511 nan nan nan -34.278231 -17.246534 -51.653509 8.198292 -20.070002 155.383546 -1.591717 16.039241 -41.005816 nan nan nan 1.481147 -0.094385 71.918356 0.933888 -1.704566 -10.970338 0.255027 1.508072 3.660929 -6.034632 4.222436 -1.584766 4.677961 -9.336051 -26.422464 -5.814109 -29.331356 5.847032 -56.813408 -32.575523 17.358099 52.348561 -69.577827 -35.692643 42.427716 -0.482129 -53.557696 11.701891 36.578877 6.942216 46.295208 26.262653 1.948191 -21.493866 80.783670 -2.197035 -55.637499 -5.496404 -30.790668 
0.557802 -17.162256 35.238228 177.826790 -1.600719 60.643366 32.691509 14.960276 -58.521083 -17.227906 31.246726 149.242414 7.789905 -2.287602 -39.076929 nan nan nan -34.228539 -17.228654 -51.570315 8.227570 -20.069043 155.364100 -1.581972 16.029797 -40.955119 nan nan nan 1.547570 -0.023336 71.915674 0.968566 -1.676023 -10.769303 0.276221 1.495011 3.613111 -5.982861 4.251740 -1.687745 4.633266 -9.414578 -26.303002 -5.798982 -29.456373 5.864498 -56.850228 -32.675847 17.348932 52.439700 -69.446160 -35.749473 42.238957 -0.643109 -53.610895 11.646976 36.568600 6.768499 46.230653 26.138907 1.976059 -21.881724 80.742504 -2.563724 -55.670057 -5.443196 -30.666624 
0.388306 -17.303747 35.383892 178.794303 -1.551570 60.258688 31.840718 13.754423 -58.748729 -16.893627 31.329437 149.153381 8.078345 -1.961486 -39.002758 nan nan nan -34.694380 -18.050305 -50.675566 8.511235 -19.837606 155.142879 -1.591443 15.885707 -40.947853 nan nan nan 1.837304 -0.640643 72.785884 1.008353 -2.223061 -11.397980 0.206866 1.434086 3.994127 -5.725876 3.971110 -2.460037 4.203790 -9.348209 -25.564201 -5.307792 -29.600205 5.243964 -57.420801 -32.740573 17.478493 52.213334 -69.184212 -35.486789 42.309554 -0.882787 -53.737317 11.214544 36.460589 5.978854 46.395784 25.939563 2.291722 -23.347592 80.671870 -4.439730 -55.528152 -5.128161 -30.216632 
0.433383 -17.199930 35.307549 178.381951 -1.536054 60.481698 32.215370 14.245085 -58.757881 -16.893019 31.202406 149.298226 8.008638 -2.185326 -39.037990 nan nan nan -34.337204 -17.833360 -51.190880 8.376349 -19.789139 155.312099 -1.791808 15.892116 -40.951883 nan nan nan 1.780001 -0.450792 72.196966 0.926631 -1.980829 -10.983579 0.242643 1.504262 3.752152 -5.899541 4.050218 -1.931309 4.372398 -9.374116 -25.958346 -5.854628 -29.651888 5.581922 -57.154681 -32.608581 17.343681 52.126826 -69.243487 -35.470018 42.394729 -0.980780 -53.508932 11.623277 36.536822 6.584829 46.047555 25.879120 1.841285 -22.279049 80.821260 -3.389804 -55.384706 -4.997002 -30.478011 
0.439909 -17.184967 35.305557 178.368038 -1.539239 60.493862 32.235311 14.271697 -58.758565 -16.892573 31.191762 149.309917 8.007259 -2.198327 -39.036965 nan nan nan -34.308321 -17.820987 -51.219837 8.371652 -19.784162 155.319288 -1.803980 15.885958 -40.951646 nan nan nan 1.779847 -0.437854 72.162113 0.920382 -1.964169 -10.961822 0.244633 1.513136 3.743304 -5.913483 4.050577 -1.896806 4.385098 -9.373582 -25.986646 -5.883640 -29.659523 5.603348 -57.139493 -32.605853 17.336424 52.118036 -69.253071 -35.465595 42.402225 -0.981512 -53.509905 11.645638 36.544478 6.632040 46.026150 25.873539 1.811372 -22.172766 80.826657 -3.285626 -55.379508 -4.991363 -30.500353 
0.451270 -17.166061 35.292252 178.298490 -1.538728 60.537248 32.302095 14.373111 -58.765763 -16.893425 31.143399 149.337517 7.996201 -2.245578 -39.035905 nan nan nan -34.213843 -17.786159 -51.324178 8.354767 -19.764217 155.348518 -1.841423 15.859854 -40.945503 nan nan nan 1.769625 -0.391289 72.051811 0.909721 -1.910803 -10.886973 0.257620 1.539680 3.698602 -5.972994 4.056821 -1.754545 4.453951 -9.374146 -26.093372 -5.970651 -29.687421 5.681697 -57.019894 -32.609930 17.283963 52.056106 -69.331810 -35.465107 42.477585 -0.948750 -53.578519 11.725887 36.581975 6.810514 45.916064 25.884274 1.668391 -21.730097 80.830537 -2.855781 -55.505039 -4.958060 -30.591595 
0.473380 -17.149416 35.276085 178.197632 -1.525416 60.590772 32.388943 14.511398 -58.774948 -16.898675 31.062876 149.372410 7.972707 -2.314219 -39.037590 nan nan nan -34.077547 -17.738918 -51.464476 8.325107 -19.735954 155.392683 -1.889252 15.824004 -40.929479 nan nan nan 1.746919 -0.311552 71.904380 0.903960 -1.839216 -10.783696 0.274293 1.571602 3.623333 -6.073373 4.072437 -1.541454 4.568384 -9.378588 -26.236601 -6.109118 -29.711497 5.810239 -56.839303 -32.631944 17.209188 51.955217 -69.460555 -35.496216 42.646901 -0.851280 -53.700859 11.874088 36.627367 7.078580 45.730620 25.923789 1.449516 -21.032231 80.822850 -2.192314 -55.885992 -4.882001 -30.687239 
0.497972 -17.136623 35.259510 178.106316 -1.500405 60.636184 32.471658 14.635383 -58.784939 -16.910021 30.982949 149.406835 7.958829 -2.384777 -39.037102 nan nan nan -33.946468 -17.694088 -51.584129 8.292357 -19.708040 155.439186 -1.928212 15.803240 -40.898337 nan nan nan 1.722615 -0.239415 71.770506 0.907750 -1.776889 -10.685116 0.294118 1.603630 3.546816 -6.177339 4.087300 -1.337902 4.666073 -9.387176 -26.381742 -6.228982 -29.740167 5.928606 -56.753622 -32.657233 17.161180 51.932683 -69.542979 -35.540759 42.809764 -0.704506 -53.750850 12.002673 36.669592 7.331741 45.559203 25.962337 1.226532 -20.473364 80.830254 -1.657817 -56.271636 -4.809271 -30.731763 
0.521227 -17.125082 35.241043 178.028706 -1.462039 60.668320 32.541915 14.746307 -58.797616 -16.936029 30.913465 149.432234 7.963735 -2.440209 -39.037862 nan nan nan -33.810098 -17.651507 -51.683268 8.250301 -19.683625 155.485292 -1.962612 15.766481 -40.855183 nan nan nan 1.703133 -0.184303 71.651358 0.919723 -1.715711 -10.612972 0.314639 1.643702 3.504870 -6.274572 4.074769 -1.166353 4.739923 -9.393097 -26.509106 -6.297435 -29.790234 6.026325 -56.776045 -32.706378 17.162692 51.964930 -69.587487 -35.476676 43.002296 -0.400910 -53.767067 12.083413 36.698851 7.533316 45.426941 25.977397 1.013476 -20.182634 80.880817 -1.323593 -56.568713 -4.797133 -30.706931 
0.531264 -17.112068 35.223480 177.997995 -1.432096 60.675379 32.574322 14.796952 -58.813366 -16.956468 30.880359 149.442188 7.973245 -2.463045 -39.036467 nan nan nan -33.749635 -17.639570 -51.720578 8.234135 -19.670359 155.509469 -1.978401 15.749073 -40.834241 nan nan nan 1.699917 -0.165736 71.588539 0.921267 -1.689258 -10.567069 0.319044 1.665485 3.476193 -6.309989 4.069534 -1.087942 4.781194 -9.400302 -26.575468 -6.333011 -29.826935 6.097262 -56.704186 -32.730591 17.109881 51.960581 -69.616363 -35.477375 42.955544 -0.350460 -53.697887 12.113854 36.711144 7.623707 45.362478 25.957577 0.902848 -20.355790 80.953518 -1.454555 -56.534700 -4.795725 -30.609207 
0.564880 -17.077967 35.135445 177.886633 -1.299648 60.709774 32.703846 14.993631 -58.925485 -17.013864 30.714912 149.489760 8.012589 -2.511793 -39.073081 nan nan nan -33.504677 -17.611626 -51.824062 8.179882 -19.532815 155.613539 -2.106888 15.646561 -40.848961 nan nan nan 1.741637 -0.128752 71.337783 0.951382 -1.585713 -10.207325 0.338695 1.750139 3.216014 -6.409284 4.076067 -0.784317 4.886797 -9.451976 -26.824216 -6.529191 -29.965436 6.474692 -56.239824 -32.793911 16.821372 52.399480 -69.648467 -35.708231 41.942249 -0.540085 -53.232467 12.250934 36.766633 7.996726 45.174956 25.816120 0.671754 -23.017812 81.239569 -3.668413 -55.890938 -4.918325 -29.902581 
0.567396 -17.069098 35.096096 177.921950 -1.262903 60.685205 32.609848 14.993999 -59.006044 -17.021432 30.632283 149.498926 8.070589 -2.433837 -39.079306 nan nan nan -33.426431 -17.660468 -51.766226 8.224664 -19.450361 155.619768 -2.145179 15.542091 -40.927850 nan nan nan 1.818404 -0.183102 71.318228 0.940120 -1.646990 -10.063699 0.348521 1.747167 3.075646 -6.470727 4.047333 -0.724424 4.742595 -9.407371 -26.900098 -6.604905 -30.071912 6.573838 -56.017587 -32.664777 16.595799 53.174655 -69.574879 -35.946317 40.924407 -0.830589 -52.924054 12.181262 36.866305 8.010052 45.220293 25.749517 0.760210 -24.585081 81.195379 -4.975155 -55.525975 -5.037072 -29.798668 
0.567443 -17.061996 35.076809 177.941419 -1.231398 60.645604 32.574999 15.012432 -59.014999 -17.041827 30.546288 149.486467 8.102605 -2.441887 -39.033144 nan nan nan -33.345152 -17.688149 -51.723538 8.262423 -19.453638 155.599510 -2.160974 15.499702 -40.940208 nan nan nan 1.872151 -0.264829 71.350871 0.910422 -1.679487 -10.013833 0.355835 1.731064 3.001271 -6.563779 4.011519 -0.631912 4.673709 -9.388839 -27.048934 -6.649129 -30.121492 6.561239 -55.937161 -32.576908 16.484409 53.408403 -69.579794 -35.945072 40.711888 -0.924103 -52.911142 12.060269 36.960006 7.978153 45.281107 25.790367 0.769441 -24.008585 81.079366 -4.511775 -55.682112 -4.972332 -30.079424 
0.576109 -17.059658 35.059208 177.939121 -1.194516 60.640719 32.591388 15.058806 -59.059822 -17.041551 30.464131 149.493139 8.102413 -2.456515 -39.023792 nan nan nan -33.219351 -17.699827 -51.751828 8.280667 -19.509331 155.586216 -2.135401 15.465390 -40.904183 nan nan nan 1.906246 -0.315309 71.363362 0.885583 -1.701249 -10.000350 0.364642 1.676903 2.941433 -6.699025 3.980921 -0.533893 4.712004 -9.367495 -27.190266 -6.611710 -30.088854 6.492269 -55.978847 -32.476197 16.435599 53.890419 -69.672139 -36.363297 40.541943 -0.771393 -52.899166 11.990726 37.041662 7.991390 45.290434 25.981035 0.762916 -22.042022 80.829194 -2.784904 -55.999005 -4.854972 -30.763043 
0.575044 -17.055008 35.046280 177.954514 -1.113114 60.662635 32.812699 14.971730 -59.072913 -16.951566 30.357655 149.529881 8.124326 -2.712728 -39.096614 nan nan nan -33.275479 -17.623311 -51.647202 8.237972 -19.524527 155.561300 -2.141232 15.662553 -40.941027 nan nan nan 2.015622 -0.345846 71.328324 0.825221 -1.738036 -10.022322 0.465676 1.567081 2.884775 -6.770898 4.043134 -0.338950 4.771742 -9.400973 -27.287445 -6.489233 -30.099188 6.346288 -56.460103 -32.133661 16.320025 55.343022 -69.404566 -37.820814 37.978401 -2.239546 -52.181058 12.074930 37.250579 8.023012 44.892223 25.773365 0.588475 -17.723687 81.368268 1.372594 -49.696156 -2.984632 -33.275146 
0.678687 -17.174910 35.147961 178.174512 -1.280978 60.381468 32.709680 14.663178 -58.750848 -17.222642 30.703553 149.216399 7.923728 -2.572257 -38.998548 nan nan nan -33.700079 -17.352215 -51.290724 8.276472 -19.962949 155.428984 -1.353880 15.907272 -40.647868 nan nan nan 1.757407 -0.058026 72.227335 0.931112 -1.913545 -10.974402 0.533706 1.568578 3.493149 -6.358713 4.135139 -1.335368 4.601491 -9.572566 -26.316373 -5.452265 -29.855616 5.607074 -57.260417 -32.306319 16.956135 55.441988 -69.189419 -37.963935 38.151385 -2.007986 -52.629276 11.635946 37.056352 6.906799 45.708990 25.727632 1.437394 -20.263511 80.978245 -0.848818 -49.821282 -3.020312 -33.566643 
0.685977 -17.183884 35.180012 178.185579 -1.326701 60.325272 32.733019 14.656218 -58.660299 -17.366020 31.030525 149.143980 7.991055 -2.327778 -38.881730 nan nan nan -33.690813 -17.346719 -51.318991 8.329826 -20.135546 155.406937 -1.415881 15.593550 -40.600111 nan nan nan 1.602257 -0.008893 72.387678 0.945937 -1.796526 -11.298807 0.571362 1.619984 3.819444 -6.245633 3.755661 -1.750669 4.336947 -9.464932 -26.004040 -5.573638 -29.973859 5.535701 -57.100794 -32.390675 17.270390 55.161291 -69.130845 -37.904370 38.667666 -1.188515 -52.960924 11.382321 36.903095 6.376173 46.065446 25.188912 2.407485 -16.603497 81.055773 2.270068 -48.367147 -7.266377 -35.617206 
0.696291 -17.188206 35.197529 178.213111 -1.365394 60.297680 32.741737 14.629485 -58.628962 -17.376017 31.147640 149.137637 8.036195 -2.251396 -38.849643 nan nan nan -33.713298 -17.314849 -51.292775 8.326172 -20.181917 155.393847 -1.455426 15.436720 -40.602867 nan nan nan 1.497557 0.030655 72.466441 0.968157 -1.767944 -11.330108 0.587742 1.633256 3.795665 -6.184296 3.669152 -1.919039 4.214564 -9.481854 -25.855169 -5.641361 -29.990778 5.517734 -57.006859 -32.428791 17.411220 55.030116 -68.994792 -37.834717 38.413593 -1.241170 -53.005966 11.479740 36.884968 6.323804 46.093821 24.874861 2.809617 -17.189870 81.300395 1.862015 -47.490511 -8.263240 -35.947844 
0.704997 -17.193695 35.204559 178.221133 -1.371867 60.292408 32.711408 14.632015 -58.624787 -17.381150 31.173186 149.132048 8.049573 -2.188988 -38.903505 nan nan nan -33.723234 -17.266498 -51.267384 8.317532 -20.203496 155.385202 -1.499920 15.358106 -40.654856 nan nan nan 1.452049 0.058908 72.472604 0.978848 -1.752271 -11.346393 0.602059 1.627845 3.823198 -6.192819 3.640890 -1.960138 4.201922 -9.456808 -25.838474 -5.624656 -29.974708 5.528301 -57.125358 -32.482178 17.436554 55.601933 -68.941652 -38.227642 38.082233 -1.102878 -52.757157 11.495042 36.876730 6.290849 46.072212 24.977380 2.786530 -18.082407 81.221635 0.905394 -46.942367 -8.457791 -36.069295 
0.714052 -17.196735 35.214951 178.244288 -1.350546 60.244238 32.686382 14.655398 -58.606353 -17.465336 31.284304 149.109507 8.174695 -2.009032 -38.902593 nan nan nan -33.679906 -17.306007 -51.236604 8.367281 -20.304243 155.358286 -1.507135 15.194228 -40.603392 nan nan nan 1.426461 0.035097 72.534787 0.956606 -1.708720 -11.592044 0.592223 1.691756 4.152638 -6.211252 3.469242 -2.248957 4.203333 -9.478321 -25.692122 -5.567560 -30.112930 5.437977 -57.485477 -32.566362 17.651753 56.602395 -68.761197 -38.758835 37.956402 0.002409 -52.285081 11.388877 36.802194 5.958780 46.164368 24.721366 3.054923 -17.946724 81.404903 0.785752 -45.455794 -10.203558 -36.676460 
0.707195 -17.184931 35.199539 178.281405 -1.310166 60.284990 32.724067 14.596731 -58.680324 -17.330217 31.060937 149.204935 7.988429 -2.358080 -38.907802 nan nan nan -33.823382 -17.240861 -51.137179 8.285879 -20.168939 155.360290 -1.403564 15.678081 -40.645878 nan nan nan 1.506653 0.011147 72.369476 0.982046 -1.815709 -11.289708 0.542668 1.697950 3.845639 -6.385431 3.729804 -1.972303 4.520960 -9.698082 -25.810668 -5.535973 -30.033650 5.495026 -57.722299 -32.805816 17.406672 55.261755 -68.816648 -37.399813 39.086545 -0.674002 -52.151654 11.800884 36.928996 6.469201 45.661016 25.271785 1.802864 -18.329276 81.140849 0.808031 -47.683063 -5.341335 -34.378909 
0.683962 -17.182743 35.183308 178.292689 -1.315492 60.296347 32.785181 14.535846 -58.680427 -17.228075 30.923367 149.255127 7.913613 -2.616212 -38.956231 nan nan nan -33.939876 -17.135897 -51.065547 8.247849 -20.066376 155.366982 -1.426622 15.885173 -40.742734 nan nan nan 1.571301 -0.019219 72.275710 0.944615 -1.846565 -10.874266 0.487112 1.588380 3.406158 -6.443275 3.977179 -1.798453 4.581176 -9.889891 -25.885913 -5.522049 -29.891354 5.619589 -57.422064 -32.560461 17.022735 55.446122 -68.873415 -37.890516 37.443642 -2.442745 -51.780660 11.998762 36.995372 6.833610 45.494536 25.465409 1.357769 -20.554141 81.296643 -1.247685 -46.854243 -2.683002 -33.617630 
0.672331 -17.185955 35.173584 178.269910 -1.352255 60.286555 32.739258 14.575502 -58.682013 -17.266928 30.975063 149.252558 7.947550 -2.518212 -39.034497 nan nan nan -33.898304 -17.099409 -51.123593 8.291053 -20.056017 155.389523 -1.417868 15.811260 -40.760172 nan nan nan 1.517210 -0.029020 72.223429 0.948355 -1.821054 -10.725327 0.389421 1.633017 3.343297 -6.436747 3.966149 -1.869113 4.511336 -9.944243 -25.852467 -5.609601 -29.834276 5.717639 -57.124355 -32.641155 17.070031 55.173012 -68.926496 -37.637102 37.924199 -2.113570 -51.896508 11.976626 36.885994 6.898113 45.814059 25.526985 1.655167 -25.398441 81.122199 -5.581849 -50.035097 -3.726251 -31.550146 
0.660769 -17.167568 35.155083 178.246043 -1.351793 60.299403 32.765797 14.633676 -58.711681 -17.291085 31.011427 149.269532 7.930984 -2.569836 -39.023142 nan nan nan -33.919671 -17.087760 -51.168505 8.302010 -20.013050 155.423067 -1.384740 15.962661 -40.682308 nan nan nan 1.519004 -0.021418 72.113156 0.953722 -1.812972 -10.719071 0.372011 1.696111 3.405826 -6.525721 3.866580 -1.746444 4.538362 -9.913033 -25.935866 -5.718650 -29.876235 5.798625 -57.154691 -32.748238 17.299214 55.114455 -69.002978 -37.942858 38.897754 -1.410771 -52.447183 12.135640 36.819560 7.035132 45.813952 25.573968 1.673916 -27.724418 80.684664 -7.519514 -51.773837 -3.897359 -29.982670 
0.664833 -17.179815 35.167652 178.251476 -1.366320 60.269397 32.710278 14.650010 -58.695401 -17.333194 31.009064 149.270698 7.832149 -2.584514 -38.938683 nan nan nan -33.888714 -17.086420 -51.176853 8.312690 -20.027065 155.434705 -1.330614 15.883410 -40.620043 nan nan nan 1.493469 0.082170 72.221331 0.996834 -1.797272 -10.985981 0.441180 1.646165 3.672429 -6.556309 3.679934 -1.867202 4.470356 -9.775665 -25.832462 -5.442543 -29.749649 5.532565 -57.986482 -32.895916 17.712159 55.936922 -69.319138 -39.045121 40.278668 0.261594 -52.885778 11.898948 36.718444 6.717794 45.847681 25.924922 1.838793 -22.040437 80.976236 -2.670807 -53.000583 -4.497739 -31.938035 
0.661285 -17.188211 35.175991 178.252595 -1.349880 60.304398 32.758464 14.625573 -58.696958 -17.293115 30.963944 149.285579 7.733814 -2.690202 -39.003088 nan nan nan -33.955412 -17.028642 -51.144006 8.269387 -20.057174 155.417253 -1.333978 15.964320 -40.663539 nan nan nan 1.503239 0.103932 72.274467 0.982279 -1.795840 -11.234974 0.486298 1.566433 3.829192 -6.547972 3.688948 -1.792749 4.465224 -9.727651 -25.820751 -5.209814 -29.644959 5.367436 -58.581337 -32.892963 17.788891 55.832096 -69.240269 -38.781327 40.234404 -0.109016 -53.202878 11.741977 36.752514 6.569616 45.829839 26.094256 1.638016 -16.694773 81.397795 2.103237 -50.998591 -3.767367 -34.575454 
0.655314 -17.184898 35.179417 178.248137 -1.342945 60.361772 32.770857 14.613946 -58.735686 -17.236996 30.916339 149.309749 7.651208 -2.790135 -39.128058 nan nan nan -34.003039 -17.012456 -51.166994 8.220425 -20.050987 155.435194 -1.308210 16.131927 -40.702064 nan nan nan 1.528640 0.058612 72.241953 0.958253 -1.801145 -11.216148 0.431822 1.522639 3.686575 -6.531959 3.804062 -1.560973 4.536947 -9.803129 -25.879623 -5.285723 -29.599138 5.470871 -58.127302 -32.717390 17.571237 54.376367 -69.145319 -37.274023 40.077727 -1.707106 -53.712339 11.865050 36.851670 6.748363 45.882630 26.103256 1.515022 -16.942185 81.375331 1.970170 -51.102574 -2.959911 -34.791763 
0.671828 -17.169256 35.175907 178.163813 -1.399077 60.351054 32.757527 14.732091 -58.678063 -17.305281 30.976978 149.300569 7.616341 -2.671655 -39.096601 nan nan nan -33.834004 -16.953553 -51.317903 8.241130 -20.052237 155.484191 -1.250145 15.956270 -40.669800 nan nan nan 1.408866 0.061475 72.251631 0.943786 -1.717037 -11.255064 0.320359 1.611350 3.714416 -6.478144 3.771067 -1.535394 4.595472 -9.807369 -25.885274 -5.413666 -29.471734 5.579579 -57.535805 -32.811828 17.655662 53.348042 -69.279164 -36.136263 40.667808 -1.410996 -53.911508 12.004874 36.686720 6.951113 46.122704 26.135140 1.809630 -21.785199 81.072900 -2.227590 -54.365763 -4.529926 -32.098520 
0.671868 -17.155922 35.171719 178.143193 -1.398437 60.292708 32.824039 14.730871 -58.612051 -17.343211 31.037574 149.284585 7.691718 -2.623993 -39.045016 nan nan nan -33.734285 -16.895332 -51.306506 8.272503 -20.004918 155.475507 -1.251812 15.806072 -40.705985 nan nan nan 1.386961 0.025795 72.289143 0.910441 -1.681449 -11.191566 0.281145 1.664324 3.714725 -6.386912 3.790116 -1.662397 4.518942 -9.864421 -25.843226 -5.450484 -29.451490 5.592501 -57.358013 -32.755876 17.730476 54.411711 -69.203841 -36.935091 39.361070 -1.220959 -53.255429 12.082954 36.586529 7.001553 46.174927 25.798333 2.073591 -28.127020 81.167281 -7.856701 -53.339634 -5.264158 -30.039162 
0.665988 -17.132561 35.175301 178.138425 -1.420669 60.221103 32.822464 14.725163 -58.503756 -17.351266 31.008037 149.291565 7.702043 -2.711687 -39.060147 nan nan nan -33.943753 -16.877522 -51.133436 8.285210 -19.895230 155.418741 -1.357390 15.908657 -40.767701 nan nan nan 1.407277 0.052920 72.280462 0.915183 -1.707205 -10.887214 0.303385 1.607116 3.458554 -6.355926 3.880295 -1.546860 4.412237 -9.920562 -25.976696 -5.503529 -29.476007 5.627721 -57.599957 -32.407802 17.583155 57.071155 -68.846866 -38.443115 36.635277 -1.688691 -51.556337 12.077010 36.699412 7.046134 46.173235 25.707133 2.334715 -30.025630 81.266977 -9.377878 -50.101064 -4.977587 -30.829216 
0.639849 -17.129345 35.169872 178.218032 -1.375388 60.238540 32.791551 14.619540 -58.610975 -17.304532 30.985206 149.307445 7.667594 -2.782475 -39.087509 nan nan nan -34.160445 -16.954251 -51.038835 8.285391 -19.886555 155.379751 -1.374644 16.101802 -40.735191 nan nan nan 1.498937 0.062213 72.318675 0.988769 -1.775805 -11.233983 0.407035 1.568950 3.778552 -6.538821 3.573716 -1.573137 4.455887 -9.688764 -25.941406 -5.269455 -29.485215 5.357358 -58.847820 -32.651927 18.255693 57.918234 -69.126027 -40.781315 39.163288 0.034157 -53.485412 11.859333 36.713374 6.686642 45.864525 26.069791 2.220635 -21.157765 81.445189 -1.807260 -50.116360 -4.404602 -33.375560 
0.637677 -17.137785 35.139843 178.201030 -1.354104 60.295419 32.600056 14.763525 -58.789306 -17.226452 30.793917 149.426893 7.937902 -2.601859 -39.180661 nan nan nan -33.759113 -17.153367 -51.365041 8.238348 -19.700535 155.517339 -1.865332 15.554592 -40.788971 nan nan nan 1.482806 0.127787 71.934391 1.038017 -1.767987 -10.554485 0.470223 1.559575 3.450296 -6.550287 3.310858 -1.573498 4.266391 -9.471530 -25.911735 -5.448228 -29.520661 5.643256 -58.521981 -32.466965 17.729832 61.605886 -69.663380 -44.680841 37.770946 1.610339 -51.706315 12.129851 36.692388 7.351218 45.232473 26.512842 1.653350 -19.064753 81.547457 -0.099844 -49.420419 -4.554129 -33.899495 
0.632518 -17.137302 35.128956 178.201503 -1.350519 60.294611 32.596411 14.768483 -58.794094 -17.223702 30.788938 149.430458 7.942290 -2.601826 -39.180573 nan nan nan -33.753439 -17.157880 -51.368346 8.237436 -19.697057 155.518683 -1.873950 15.551792 -40.788365 nan nan nan 1.480564 0.128762 71.925441 1.038500 -1.770715 -10.550320 0.470421 1.556033 3.441342 -6.551003 3.308333 -1.568638 4.263130 -9.466164 -25.911659 -5.452678 -29.525691 5.649322 -58.516456 -32.466969 17.724129 61.629653 -69.667541 -44.712713 37.775915 1.636004 -51.693658 12.129223 36.687832 7.356188 45.225070 26.517895 1.639429 -19.031445 81.553079 -0.065750 -49.434091 -4.546560 -33.900571 
0.590421 -17.136223 35.084469 178.337626 -1.208978 60.366570 32.388308 14.771005 -59.159937 -17.133571 30.653855 149.595646 8.082166 -2.469673 -39.241944 nan nan nan -33.622231 -17.339037 -51.393172 8.233512 -19.643421 155.574234 -2.021393 15.424074 -40.841565 nan nan nan 1.607386 -0.048205 71.743711 1.077775 -1.805538 -10.407153 0.465029 1.557356 3.338722 -6.585837 3.161905 -1.467381 4.146620 -9.304300 -25.854384 -5.618539 -29.649198 5.764676 -58.909636 -32.592682 17.797534 62.199233 -69.414406 -45.293309 37.980303 2.333683 -51.424227 12.090321 36.599835 7.527608 45.244746 26.541149 1.406981 -19.506220 81.507694 -0.164531 -50.224632 -4.493541 -33.076552 
0.554730 -17.157757 35.060215 178.444584 -1.112812 60.507433 32.261657 14.733571 -59.448563 -17.061465 30.601768 149.682326 8.243495 -2.423052 -39.251111 nan nan nan -33.494621 -17.494306 -51.520594 8.228412 -19.676667 155.626121 -2.006948 15.283003 -40.831271 nan nan nan 1.705284 -0.244428 71.524461 1.033078 -1.863899 -10.260015 0.381167 1.591766 3.205083 -6.516123 3.172093 -1.469125 4.133725 -9.291117 -25.786700 -5.742763 -29.675924 5.862850 -58.879288 -32.483441 17.776643 62.907879 -69.356952 -45.942934 37.173004 2.565196 -50.948345 12.163939 36.583014 7.789038 45.419739 26.388353 1.464888 -23.780785 81.452036 -3.847469 -50.391187 -4.900199 -31.423850 
0.573241 -17.171324 35.088631 178.336249 -1.223834 60.457387 32.344712 14.815224 -59.172416 -17.076506 30.634965 149.651037 8.348395 -2.475022 -39.109870 nan nan nan -33.410816 -17.365016 -51.583415 8.225732 -19.681817 155.609576 -2.042101 15.175408 -40.808558 nan nan nan 1.603009 -0.147294 71.567597 0.939007 -1.821651 -10.019156 0.357858 1.576101 2.949045 -6.289191 3.484258 -1.442805 4.038881 -9.510623 -25.808412 -5.975561 -29.714673 6.112792 -58.272435 -32.029512 17.243747 64.245328 -68.887472 -46.356047 33.146986 0.905973 -49.038682 12.283662 36.666487 7.999594 45.702402 26.023952 1.814565 -33.116181 81.776493 -12.447526 -47.203356 -5.702429 -30.188178 
0.424223 -17.316429 35.210487 179.163038 -1.180118 60.226666 31.749101 13.760764 -59.370893 -16.779595 30.832287 149.595372 8.786016 -2.164302 -39.065575 nan nan nan -33.761596 -18.046465 -50.919888 8.423695 -19.600147 155.440986 -2.104241 14.861125 -40.906572 nan nan nan 1.817825 -0.720010 72.200630 0.946892 -2.283894 -10.596509 0.283726 1.486123 3.430177 -5.837829 3.412656 -2.394199 3.499198 -9.651694 -24.987892 -5.511272 -29.712966 5.575397 -59.045407 -31.809935 17.262441 65.896264 -68.432504 -47.850733 30.315624 0.060816 -47.529876 11.720073 36.590279 7.067831 46.175682 25.636850 2.684333 -44.264629 82.625325 -24.194641 -43.260798 -7.239167 -29.808346 
0.322980 -17.454620 35.255650 179.816436 -1.030424 60.312652 31.525137 12.897132 -59.876391 -16.440515 30.988889 149.644947 9.001715 -2.195756 -39.207221 nan nan nan -34.330515 -18.515449 -50.544357 8.310752 -19.572458 155.413557 -2.228783 15.217219 -40.987290 nan nan nan 2.041886 -1.135241 72.237173 1.045552 -2.643341 -10.774699 0.215417 1.406714 3.623287 -5.588747 3.424269 -3.018199 3.270370 -9.778331 -24.206826 -5.040174 -29.607782 5.021282 -59.873310 -31.954980 17.695872 65.275699 -68.113253 -47.630910 30.511188 -0.663987 -47.307546 11.544793 36.538748 6.449374 46.192395 25.551133 2.979813 -44.505204 82.684289 -25.152968 -40.551321 -5.908384 -30.567699 
0.224031 -17.587107 35.277119 -179.575738 -0.870241 60.468376 31.392598 12.107423 -60.450853 -16.090979 31.204139 149.757079 9.050446 -2.188393 -39.317387 nan nan nan -34.840232 -18.933265 -50.314578 8.145489 -19.573026 155.465427 -2.247661 15.604431 -41.015798 nan nan nan 2.206686 -1.505110 72.149007 1.204863 -2.940986 -10.879614 0.089964 1.444622 3.713932 -5.431212 3.365330 -3.544902 3.210383 -9.852030 -23.308724 -4.347322 -29.630509 4.389321 -58.924899 -32.377779 18.291247 61.302622 -68.326546 -44.130958 34.387344 -0.454105 -49.112516 11.580272 36.493195 5.960722 46.155692 25.301370 3.329888 -38.027763 82.066852 -19.131295 -42.673408 -4.248442 -30.806673 
0.407762 -17.173517 35.031105 178.275783 -1.115874 60.969766 32.741060 14.792714 -59.592793 -16.519980 30.629946 150.042874 8.361621 -2.936759 -39.232661 nan nan nan -33.416816 -17.478618 -52.090595 7.847329 -19.378086 155.877339 -2.788913 15.509794 -41.156963 nan nan nan 1.631208 -0.294139 70.567409 0.950413 -1.675641 -9.654324 0.275688 1.701911 2.905416 -6.381450 3.624490 -1.196767 4.301887 -9.794257 -25.408588 -5.722312 -29.914736 5.644179 -56.876402 -32.439811 17.861742 57.754536 -69.162010 -40.459254 38.936875 0.795048 -51.326794 12.914651 36.882273 8.230562 44.838326 25.976569 1.380766 -22.777604 81.891068 -3.616624 -47.599725 -3.456816 -33.231333 
0.390764 -17.153210 34.982800 178.263166 -1.045570 60.967466 32.430617 15.019149 -59.780988 -16.644840 30.408830 150.058992 8.188823 -2.817148 -39.234547 nan nan nan -32.961187 -17.471427 -52.228691 7.957513 -19.380899 155.866255 -2.757980 14.995683 -41.253811 nan nan nan 1.678111 -0.271058 70.605245 1.007628 -1.584876 -9.929461 0.377366 1.666754 3.138757 -6.699955 3.115271 -1.084064 4.532137 -9.392794 -25.610236 -5.702677 -30.064735 5.774838 -57.292146 -33.083416 18.099948 56.573991 -69.681248 -40.555523 43.282610 3.127071 -53.034832 12.623066 36.882542 8.163865 44.477283 26.676022 0.721537 -12.453399 81.486298 5.894205 -51.531669 -3.453410 -34.650226 
0.374384 -17.131556 34.938984 178.203392 -0.981214 60.937324 32.350057 15.157988 -59.799901 -16.703232 30.279159 150.069831 8.250624 -2.716593 -39.249797 nan nan nan -32.897136 -17.564837 -52.254224 8.028512 -19.366618 155.861228 -2.804863 14.909219 -41.204564 nan nan nan 1.814431 -0.334278 70.553400 0.962939 -1.600404 -9.659247 0.331440 1.606542 2.868137 -6.727685 3.053251 -0.856251 4.562661 -9.250397 -25.812155 -6.092967 -30.172149 6.297078 -56.784165 -32.630472 17.247892 58.832348 -69.995188 -42.642835 41.024136 2.834627 -52.140221 12.559631 37.024859 8.531138 44.425569 26.836311 0.383136 -13.078418 81.644932 5.444378 -51.389039 -3.638079 -34.573422 
0.366143 -17.111580 34.899918 178.149392 -0.936344 60.929841 32.350805 15.251246 -59.797037 -16.689297 30.129078 150.094175 8.351580 -2.653024 -39.274495 nan nan nan -32.808043 -17.627727 -52.273494 8.092317 -19.344576 155.850740 -2.880912 14.832355 -41.200860 nan nan nan 1.936632 -0.400049 70.425387 0.875287 -1.644195 -9.232541 0.305539 1.530718 2.483537 -6.735606 3.214710 -0.569120 4.595898 -9.236902 -26.058544 -6.671179 -30.264124 6.860475 -56.189187 -31.932813 16.165555 61.429523 -70.040050 -45.020448 37.194750 1.099651 -50.278285 12.505752 37.229685 8.875639 44.511709 26.819044 0.233658 -15.374330 81.803166 3.348590 -49.787934 -3.461828 -34.506413 
0.370243 -17.103893 34.876068 178.112979 -0.891885 60.932968 32.297984 15.340684 -59.810790 -16.710080 29.999484 150.102031 8.426542 -2.563227 -39.299998 nan nan nan -32.712983 -17.672896 -52.321171 8.109092 -19.321380 155.865259 -2.881130 14.755056 -41.148847 nan nan nan 1.984418 -0.458077 70.398352 0.847778 -1.642591 -9.114316 0.285231 1.529332 2.360853 -6.728413 3.309497 -0.440396 4.534811 -9.258856 -26.168112 -6.774316 -30.263743 6.990742 -56.360299 -31.714296 15.883604 62.431528 -69.916388 -45.545472 35.870671 0.500728 -49.833096 12.279614 37.277997 8.834732 44.887323 26.934849 0.406244 -16.810644 81.634541 2.266757 -50.242374 -3.636749 -34.350251 
0.363969 -17.092646 34.853886 178.122144 -0.820164 60.957065 32.331728 15.338040 -59.867834 -16.692182 29.915416 150.105645 8.418933 -2.693494 -39.266252 nan nan nan -32.764688 -17.698172 -52.296791 8.071997 -19.297478 155.879264 -2.910109 14.909527 -41.137495 nan nan nan 2.068724 -0.549053 70.387014 0.822188 -1.662619 -9.176261 0.299965 1.527195 2.363920 -6.687789 3.418293 -0.295790 4.469938 -9.352032 -26.279928 -6.641794 -30.298488 6.824668 -57.302397 -31.582948 16.068751 62.935342 -69.229687 -45.108247 34.277534 -0.337510 -49.782893 12.071289 37.380333 8.717284 45.225804 26.783245 0.641167 -18.461317 81.647264 0.978533 -48.242061 -3.318894 -34.965933 
0.363550 -17.073359 34.840637 178.166273 -0.791405 60.980361 32.270972 15.336923 -59.948100 -16.724616 29.926530 150.108644 8.386077 -2.686192 -39.215047 nan nan nan -32.819341 -17.793085 -52.250392 8.095981 -19.277510 155.873411 -2.895105 15.004346 -41.147422 nan nan nan 2.081992 -0.600343 70.329589 0.811118 -1.751572 -9.184052 0.310477 1.550748 2.378620 -6.699200 3.357806 -0.170323 4.626480 -9.253295 -26.401501 -6.826012 -30.329487 7.031165 -56.486771 -31.494914 15.760108 62.918171 -69.753016 -45.600189 34.720502 -0.159699 -49.581899 12.177276 37.450398 8.919814 45.060470 26.820368 0.419305 -18.353896 81.740841 0.945084 -48.941969 -3.335092 -34.471768 
0.360845 -17.072958 34.840305 178.191926 -0.785541 60.967715 32.231204 15.297436 -59.948398 -16.749040 29.915868 150.060579 8.383196 -2.657243 -39.233367 nan nan nan -32.651322 -17.753794 -52.288709 8.113793 -19.317895 155.865711 -2.882466 14.868726 -41.246373 nan nan nan 2.056947 -0.611609 70.423694 0.816314 -1.750405 -9.415957 0.351134 1.575786 2.558443 -6.693093 3.368151 -0.275675 4.655998 -9.272816 -26.273825 -6.498629 -30.290982 6.737644 -57.137604 -31.682476 16.170559 62.189379 -69.437819 -44.353396 35.384270 0.145027 -50.057759 12.023295 37.423847 8.757307 45.240706 26.896579 0.588024 -18.205806 81.635032 1.228659 -49.422735 -3.523326 -34.701884 
0.364199 -17.061569 34.827599 178.163244 -0.758228 60.991517 32.297170 15.322946 -59.947034 -16.742815 29.890333 150.056694 8.434139 -2.703305 -39.263488 nan nan nan -32.891900 -17.789845 -52.225524 8.071743 -19.268743 155.849031 -2.969628 15.188650 -41.256029 nan nan nan 2.136856 -0.649221 70.356022 0.781406 -1.763844 -9.302133 0.290068 1.527631 2.456068 -6.559197 3.482805 -0.164069 4.640343 -9.312472 -26.308276 -6.573487 -30.222098 6.824710 -57.543525 -31.600014 16.138451 63.138089 -69.336521 -45.233954 34.712275 -0.094599 -49.607473 12.007360 37.450421 8.869193 45.330558 26.939855 0.610952 -18.916431 81.668085 0.515635 -48.802620 -3.390839 -34.829279 
0.364091 -17.064041 34.842281 178.140054 -0.738691 60.982535 32.363264 15.338721 -59.918786 -16.723999 29.888284 150.047495 8.485814 -2.719184 -39.270864 nan nan nan -32.986928 -17.791722 -52.183230 8.046315 -19.224488 155.835544 -2.974031 15.295800 -41.215138 nan nan nan 2.169655 -0.649485 70.378733 0.765848 -1.755417 -9.291709 0.289933 1.523724 2.430891 -6.471757 3.554154 -0.038827 4.641252 -9.402515 -26.403759 -6.509821 -30.252741 6.826737 -57.624809 -31.571147 16.106051 63.236643 -69.195001 -45.113967 34.110360 -0.415907 -49.374637 11.947659 37.468903 8.864123 45.415383 26.766450 0.611849 -20.193086 81.731580 -0.520458 -47.708940 -3.235602 -34.830745 
0.370341 -17.060087 34.841099 178.162490 -0.719925 60.921297 32.394441 15.300881 -59.867708 -16.753230 29.882289 150.008801 8.502091 -2.714310 -39.274092 nan nan nan -33.034068 -17.813199 -52.103841 8.018918 -19.168050 155.832582 -3.004298 15.366755 -41.196605 nan nan nan 2.149219 -0.613955 70.447123 0.815647 -1.753697 -9.218978 0.320557 1.563502 2.352661 -6.393954 3.624598 -0.037579 4.590369 -9.531722 -26.350711 -6.418987 -30.349956 6.810029 -57.511134 -31.699335 16.268262 62.556850 -69.041487 -44.308193 34.463949 -0.478745 -49.692457 11.969760 37.447052 8.793277 45.518908 26.536799 0.719501 -23.305903 81.621068 -3.019260 -48.019471 -3.131786 -33.704639 
0.363036 -17.058701 34.840771 178.179471 -0.693341 60.894234 32.475582 15.244729 -59.828010 -16.739906 29.885414 149.990023 8.492945 -2.829585 -39.263235 nan nan nan -33.105263 -17.784560 -52.007369 7.996707 -19.151640 155.803718 -3.044447 15.497804 -41.220525 nan nan nan 2.159831 -0.600809 70.455991 0.821564 -1.744068 -9.158496 0.376341 1.537627 2.314703 -6.363726 3.777040 -0.007568 4.522951 -9.652313 -26.324536 -6.271776 -30.397696 6.680198 -57.450953 -31.714723 16.278091 61.708396 -68.739827 -43.368736 33.688336 -1.451850 -49.369601 11.910404 37.492197 8.642063 45.486478 26.308177 0.791570 -23.077498 81.675745 -2.876377 -45.613638 -2.561916 -34.217415 
0.352738 -17.049913 34.823639 178.214618 -0.727930 60.807847 32.438058 15.193727 -59.758102 -16.744154 29.877789 149.969909 8.500118 -2.813289 -39.253654 nan nan nan -33.074657 -17.731291 -51.968492 8.009224 -19.117361 155.798087 -3.043285 15.423523 -41.251951 nan nan nan 2.084488 -0.610561 70.490038 0.820873 -1.724594 -8.983129 0.368322 1.569179 2.203343 -6.300745 3.940703 -0.097058 4.447619 -9.833526 -26.172402 -6.251368 -30.514417 6.611774 -56.737898 -31.906888 16.184194 59.086051 -68.475263 -41.039904 34.686415 -2.558869 -49.385193 11.942899 37.590024 8.617299 45.522992 26.196289 0.850238 -24.496409 81.445809 -4.516592 -46.835673 -2.605688 -33.834392 
0.330497 -17.065084 34.829609 178.233701 -0.734041 60.793973 32.377829 15.157617 -59.756776 -16.718043 29.884673 149.975012 8.574206 -2.669985 -39.288416 nan nan nan -32.790197 -17.677537 -52.019297 8.085891 -19.171962 155.782279 -3.026306 15.010192 -41.374956 nan nan nan 2.092368 -0.657557 70.584019 0.770560 -1.774063 -9.098072 0.397841 1.551126 2.275688 -6.348716 3.714657 -0.149995 4.374079 -9.532761 -26.106627 -6.425789 -30.437000 6.762409 -57.267819 -31.680372 16.049293 61.723963 -68.757385 -43.882013 33.416657 -2.054266 -48.890206 11.885069 37.566571 8.678226 45.379128 26.335398 0.648975 -23.333760 81.707161 -3.415388 -45.070472 -2.384489 -33.914075 
0.308040 -17.045595 34.807610 178.275277 -0.692087 60.771271 32.355201 15.172775 -59.809982 -16.732322 29.910272 149.998248 8.586327 -2.576625 -39.237761 nan nan nan -33.013776 -17.856259 -52.004226 8.109336 -19.176757 155.766014 -2.914228 15.255451 -41.168536 nan nan nan 2.137836 -0.704730 70.626699 0.817219 -1.786224 -9.311563 0.387361 1.660178 2.414397 -6.474073 3.576413 0.078261 4.412983 -9.406880 -26.180771 -6.039082 -30.703219 6.569226 -56.301651 -31.880414 16.252788 58.801251 -69.006147 -40.571258 35.786280 -0.972890 -50.703359 11.892681 37.682050 8.607227 45.286735 26.146563 0.478858 -21.887717 81.691612 -1.985685 -46.056889 -2.326569 -34.181100 
0.290482 -17.036257 34.797276 178.310942 -0.705501 60.735426 32.341736 15.159874 -59.801625 -16.757004 29.924570 149.955799 8.500458 -2.653275 -39.176927 nan nan nan -33.052956 -17.893374 -51.995916 8.099081 -19.149772 155.747644 -2.918261 15.322845 -41.089932 nan nan nan 2.148997 -0.719492 70.661930 0.802159 -1.792254 -9.346925 0.394549 1.694288 2.397644 -6.531108 3.482173 0.226356 4.404625 -9.370381 -26.151244 -6.064813 -30.896141 6.601998 -55.505299 -31.985654 16.234187 57.094934 -69.016921 -38.982265 36.676368 -0.921457 -51.454600 11.990526 37.814689 8.671624 45.209032 26.063002 0.326419 -21.566040 81.578245 -1.788411 -46.382077 -2.165219 -34.198555 
0.285411 -17.036276 34.797901 178.309460 -0.699993 60.753232 32.368914 15.164108 -59.805470 -16.751001 29.903772 149.955191 8.485457 -2.728826 -39.221671 nan nan nan -33.089989 -17.886014 -51.965830 8.075419 -19.119917 155.744653 -2.960121 15.368223 -41.117457 nan nan nan 2.160322 -0.732829 70.621180 0.803313 -1.807780 -9.256615 0.406938 1.669415 2.276906 -6.539493 3.514162 0.364062 4.317978 -9.362001 -26.089844 -6.305370 -30.835232 6.772493 -55.526957 -31.835155 16.066738 57.847300 -69.036525 -39.873448 35.786707 -1.314151 -51.042470 12.083073 37.862376 8.853213 45.167070 26.093183 0.264887 -22.359131 81.571926 -2.665057 -45.790356 -2.017495 -34.076928 
0.288746 -17.037024 34.799885 178.294308 -0.695592 60.772403 32.383247 15.200747 -59.807847 -16.737312 29.864779 149.986921 8.479552 -2.775540 -39.295713 nan nan nan -33.192291 -17.844577 -51.948003 8.025009 -19.100806 155.745784 -3.039763 15.524282 -41.155060 nan nan nan 2.197092 -0.714264 70.585178 0.808740 -1.811947 -9.165735 0.413654 1.641767 2.151638 -6.467851 3.659655 0.384267 4.173876 -9.438003 -25.945252 -6.530388 -30.770215 6.857837 -56.683963 -31.726328 16.093131 59.572330 -68.528863 -41.412490 34.094740 -1.816535 -50.325740 12.125409 37.898057 9.018493 45.223532 26.096402 0.297394 -24.240948 81.543488 -4.534849 -45.035057 -1.914699 -33.896804 
0.290839 -17.033268 34.799355 178.337623 -0.724049 60.776146 32.259547 15.225647 -59.873518 -16.772715 29.909227 149.999856 8.475390 -2.599088 -39.214505 nan nan nan -33.138934 -17.897148 -52.010996 8.064912 -19.156182 155.735005 -3.009678 15.438217 -41.122366 nan nan nan 2.168213 -0.697647 70.612119 0.814160 -1.840886 -9.381423 0.405258 1.714605 2.316298 -6.535010 3.592236 0.377768 4.335695 -9.324397 -25.757881 -6.544179 -31.034259 6.961898 -55.626903 -31.842631 15.883624 57.870227 -68.969284 -40.090275 36.020181 -1.193754 -50.987111 12.267649 37.958948 9.038687 45.042024 25.976470 0.043035 -22.654965 81.595160 -3.018388 -46.839260 -1.967469 -33.275021 
0.290431 -17.028980 34.800678 178.345081 -0.722342 60.773832 32.247961 15.216703 -59.878557 -16.763965 29.913570 149.998920 8.508451 -2.536000 -39.203213 nan nan nan -33.095060 -17.905430 -52.018649 8.069938 -19.176417 155.729318 -3.001100 15.397615 -41.108172 nan nan nan 2.160567 -0.718283 70.636052 0.801730 -1.854014 -9.415906 0.399240 1.718035 2.335353 -6.538649 3.549016 0.418564 4.316655 -9.314794 -25.741435 -6.522005 -31.033962 6.973444 -55.448581 -31.837314 15.813976 57.681312 -69.054400 -39.905245 36.015411 -1.191881 -50.801464 12.275900 37.956890 9.068439 45.022531 25.956002 -0.022395 -22.533261 81.581178 -2.842456 -46.503283 -1.875100 -33.079847 
0.304446 -17.027798 34.792511 178.288581 -0.742772 60.755178 32.275981 15.278096 -59.835285 -16.797647 29.914567 149.972546 8.551683 -2.466128 -39.202238 nan nan nan -32.941726 -17.900999 -52.119738 8.081190 -19.235652 155.750406 -2.974009 15.226055 -41.045594 nan nan nan 2.080393 -0.680787 70.667718 0.783826 -1.806745 -9.381025 0.371243 1.736612 2.296703 -6.493534 3.480418 0.336948 4.250817 -9.311210 -25.399562 -6.417082 -30.910108 6.995733 -55.091111 -31.940533 15.787110 57.126028 -69.417944 -39.771014 36.820230 -0.656910 -50.780300 12.335245 37.909279 9.204784 44.967213 26.263012 -0.077300 -21.111451 81.537066 -1.634386 -47.678037 -2.163398 -33.082975 
0.295797 -17.027029 34.784763 178.243499 -0.734689 60.747539 32.335156 15.292656 -59.816147 -16.823474 29.913621 149.957727 8.548106 -2.527833 -39.269691 nan nan nan -32.951113 -17.858302 -52.128085 8.109512 -19.275770 155.732788 -3.002497 15.250451 -41.093990 nan nan nan 2.094467 -0.622432 70.642618 0.769658 -1.736307 -9.354742 0.389115 1.726399 2.335505 -6.368251 3.524709 0.110465 4.264974 -9.400218 -24.952700 -6.274726 -30.978268 6.842283 -55.299083 -32.121199 16.000176 56.509715 -69.156143 -39.190514 37.248471 -0.676304 -51.072556 12.283165 37.905308 9.088189 44.964654 26.264218 -0.061012 -19.959847 81.619629 -0.737186 -47.603075 -2.152795 -33.782295 
0.271493 -17.015966 34.772892 178.306397 -0.708844 60.708359 32.337513 15.211675 -59.838448 -16.752258 29.918310 149.991562 8.523655 -2.423204 -39.275633 nan nan nan -33.019853 -17.890334 -52.031818 8.167897 -19.294319 155.703285 -3.064104 15.214481 -41.158925 nan nan nan 2.165851 -0.544948 70.684821 0.798074 -1.688086 -9.536440 0.478747 1.746779 2.565876 -6.283177 3.379885 -0.054726 4.152939 -9.403200 -24.529242 -6.138931 -31.280335 6.647590 -55.371681 -32.537481 16.303084 54.749044 -68.679889 -37.270401 38.628691 -0.417466 -51.952983 12.128260 37.910135 8.826514 44.980790 26.018961 -0.161641 -19.229685 81.720220 -0.046440 -48.261710 -2.167887 -34.060387 
0.253018 -17.013306 34.750225 178.337502 -0.698685 60.758698 32.295926 15.226856 -59.931993 -16.614693 29.897642 150.047383 8.471935 -2.269225 -39.301923 nan nan nan -32.941632 -17.992011 -52.134291 8.207314 -19.311379 155.733864 -3.022899 15.037350 -41.129308 nan nan nan 2.253871 -0.457707 70.582636 0.833049 -1.665300 -9.416417 0.532510 1.682243 2.472389 -6.168953 3.177700 -0.012861 3.905449 -9.352362 -24.256325 -6.458856 -31.227581 6.910268 -55.682060 -32.401783 16.031679 56.123651 -68.933762 -38.783549 37.592042 -0.356135 -51.414255 12.081636 37.858237 8.983162 44.951988 26.097203 -0.263527 -19.527616 81.848808 -0.430246 -49.001416 -2.492523 -33.953365 
0.238602 -17.025200 34.738312 178.326018 -0.732971 60.812870 32.254040 15.260932 -59.972959 -16.514039 29.864129 150.056119 8.407869 -2.224369 -39.309378 nan nan nan -32.895375 -18.045543 -52.297656 8.244128 -19.336580 155.764197 -2.963433 15.000343 -41.075898 nan nan nan 2.295170 -0.305874 70.482149 0.904994 -1.601935 -9.199158 0.559331 1.583597 2.286962 -5.998932 3.073355 0.003733 3.732033 -9.508866 -23.837105 -6.465240 -31.079632 6.914234 -56.811145 -32.344793 16.164083 57.575365 -68.712481 -39.756892 36.413936 -0.406519 -51.220475 11.944996 37.755945 8.991719 45.146977 26.269206 0.046561 -20.374130 81.807766 -1.233505 -50.177783 -2.942769 -34.271351 
0.231656 -17.031576 34.734146 178.338427 -0.765798 60.833196 32.215721 15.236298 -60.004189 -16.522381 29.919317 150.031630 8.384385 -2.191803 -39.284615 nan nan nan -32.873388 -18.097433 -52.364438 8.294875 -19.352502 155.752411 -2.902792 15.026707 -41.031200 nan nan nan 2.263091 -0.128641 70.448203 0.964944 -1.563145 -9.165010 0.620706 1.598543 2.222194 -5.898582 2.940494 0.142301 3.871915 -9.514305 -23.417230 -6.513794 -31.356696 7.162292 -55.716199 -32.559186 15.919162 56.172639 -69.030876 -38.810692 37.279326 -0.373352 -51.566818 12.097121 37.752414 9.123900 44.950127 26.020052 -0.171073 -20.323247 81.963284 -1.179288 -50.717404 -2.828062 -33.809285 
0.240930 -17.045732 34.736992 178.313047 -0.784654 60.843622 32.276811 15.200222 -59.993121 -16.574986 29.953922 150.009094 8.386489 -2.312370 -39.270981 nan nan nan -32.845366 -18.081151 -52.393246 8.281828 -19.362245 155.741528 -2.926255 15.110593 -41.056734 nan nan nan 2.229787 0.049036 70.476446 0.973428 -1.522050 -9.212643 0.724173 1.615834 2.153487 -5.769894 2.924521 0.409834 3.932684 -9.550838 -23.098430 -6.528648 -31.506181 7.320903 -55.612973 -32.749444 15.901250 55.725233 -68.818191 -38.380078 36.573660 -0.990752 -51.166819 12.252520 37.735953 9.279276 44.786459 25.698751 -0.398819 -21.617134 82.075930 -2.289723 -48.319632 -2.209473 -33.635724 
0.256863 -17.059855 34.742775 178.275757 -0.826984 60.855185 32.301350 15.214371 -59.997549 -16.700981 29.999203 149.991502 8.384480 -2.397883 -39.213448 nan nan nan -32.768751 -18.053793 -52.448909 8.286494 -19.364097 155.756702 -2.972699 15.053762 -41.087406 nan nan nan 2.177212 0.294724 70.533295 1.016331 -1.456080 -9.278265 0.859483 1.635511 2.068786 -5.632540 2.717517 0.619735 3.913845 -9.552858 -22.729693 -6.634783 -31.635724 7.462502 -55.774570 -32.944723 16.075067 55.595898 -68.671879 -38.342209 36.986080 -0.797067 -51.086834 12.350179 37.706666 9.350779 44.694867 25.441422 -0.489352 -22.747723 82.192867 -3.331402 -47.742985 -2.084275 -33.627716 
0.278238 -17.053669 34.761284 178.217171 -0.925241 60.813761 32.353598 15.223485 -59.890226 -16.845738 30.091441 149.904589 8.378705 -2.517281 -39.099794 nan nan nan -32.708029 -17.976167 -52.480307 8.297736 -19.369697 155.740096 -3.062428 14.821566 -41.189582 nan nan nan 2.088126 0.608786 70.590105 1.076747 -1.391190 -9.249178 1.022450 1.638282 1.973023 -5.459325 2.392060 0.789058 3.805319 -9.439360 -22.421297 -6.872422 -31.745538 7.632300 -55.628788 -33.067796 16.096525 55.427615 -68.651199 -38.354884 37.407492 -0.382636 -50.970438 12.514481 37.700211 9.508463 44.540506 25.285061 -0.569832 -23.440791 82.235005 -4.067313 -48.036022 -2.147145 -33.719255 
0.411533 -17.160959 34.961906 178.438670 -1.290056 60.260197 32.512801 14.607685 -59.031128 -17.362043 30.873263 149.216345 7.820215 -2.543864 -38.772944 nan nan nan -33.597732 -17.334857 -51.602369 8.466315 -20.159840 155.359173 -1.601437 15.527796 -40.870171 nan nan nan 1.730213 1.213406 72.239714 1.152235 -1.528548 -11.229664 1.255867 1.564827 3.254450 -4.719520 2.358951 -0.385643 3.720101 -9.652948 -21.090173 -5.576714 -31.353429 6.446900 -56.933902 -34.092770 17.259695 50.000705 -68.069582 -34.085460 41.098640 -1.529517 -53.816475 11.646902 37.421557 7.650154 45.677340 25.019578 0.324444 -21.437585 81.947887 -2.417708 -49.135851 -1.661522 -34.501790 
0.431646 -17.146814 35.012897 178.439675 -1.356321 60.245806 32.612731 14.495270 -58.960937 -17.370492 31.024606 149.155328 7.739253 -2.471846 -38.825669 nan nan nan -33.604742 -17.267329 -51.552898 8.493826 -20.241952 155.322822 -1.474187 15.478890 -40.937160 nan nan nan 1.619566 1.449052 72.330798 1.209734 -1.472442 -11.337610 1.355704 1.629496 3.324748 -4.456568 2.164637 -0.282881 3.933945 -9.808864 -20.945782 -5.713568 -31.223457 6.463129 -57.050829 -34.376024 17.371240 49.368541 -68.022878 -33.416218 40.871091 -1.700021 -53.476099 11.767955 37.286892 7.922879 45.646955 24.900703 0.095946 -23.398799 82.103494 -4.214569 -49.773523 -1.792447 -34.149141 
0.448926 -17.142813 35.047161 178.464377 -1.411159 60.245852 32.652931 14.410336 -58.945707 -17.333720 31.082381 149.130292 7.798040 -2.455922 -38.802861 nan nan nan -33.659557 -17.245436 -51.516108 8.504105 -20.259346 155.300712 -1.465640 15.453603 -40.959771 nan nan nan 1.498181 1.641411 72.359278 1.286055 -1.439848 -11.222096 1.406896 1.678779 3.161343 -4.160851 2.023957 -0.116748 4.095853 -9.954197 -20.690814 -5.875221 -31.021925 6.553246 -56.954427 -34.565756 17.425597 48.925401 -68.004982 -32.845181 39.981075 -2.175248 -53.107298 11.999983 37.114767 8.244868 45.555543 24.840527 0.015889 -25.616893 82.220788 -6.158848 -49.573672 -1.655589 -33.821040 
0.472953 -17.158438 35.064350 178.428874 -1.467886 60.232578 32.663710 14.396906 -58.926031 -17.301290 31.143355 149.125888 7.873208 -2.330068 -38.730891 nan nan nan -33.655508 -17.154901 -51.472002 8.513273 -20.309248 155.270506 -1.515435 15.336823 -41.083973 nan nan nan 1.383967 1.906499 72.279111 1.430430 -1.366385 -10.880514 1.438919 1.649329 2.891464 -3.840498 1.935117 0.048331 4.125306 -10.113447 -20.302565 -6.075025 -30.852387 6.653518 -56.708662 -34.834472 17.478282 48.190795 -67.820032 -31.527851 39.679435 -2.401804 -52.581199 12.105325 36.875820 8.153328 45.693733 24.839715 0.467601 -27.974748 81.829188 -8.081728 -51.055113 -2.201449 -32.973650 
0.488852 -17.186085 35.080330 178.350182 -1.439796 60.269392 32.811876 14.353204 -58.917539 -17.165759 31.121091 149.131447 7.866104 -2.260537 -38.829772 nan nan nan -33.633464 -16.986329 -51.391157 8.482034 -20.445567 155.195941 -1.591520 15.313588 -41.258905 nan nan nan 1.398314 2.169525 72.196080 1.495497 -1.268926 -10.728182 1.602462 1.584392 2.768701 -3.525907 1.936247 0.322127 4.163229 -10.381416 -20.179735 -6.271849 -30.914596 6.612468 -57.105791 -34.987808 17.413654 47.587725 -66.945011 -29.489952 38.279074 -4.281608 -51.534721 11.929703 36.892747 7.710657 45.795055 24.395883 0.572828 -28.059707 81.835144 -7.991229 -47.886631 -1.143606 -34.102509 
0.507124 -17.214231 35.075836 178.296584 -1.357745 60.407520 32.725130 14.437896 -59.160997 -17.009014 30.906884 149.223918 8.076206 -1.946790 -39.021698 nan nan nan -33.165119 -17.187733 -51.671458 8.398159 -20.340129 155.275259 -2.098041 14.710745 -41.370397 nan nan nan 1.342553 2.425871 71.846630 1.664180 -1.201363 -10.461049 1.772168 1.659019 2.812690 -3.374751 1.222511 0.361263 4.213159 -10.128087 -20.016175 -6.466658 -30.781641 6.845097 -58.121283 -35.156233 17.736185 52.929367 -68.054698 -36.996876 37.055136 -1.184718 -51.567161 12.213072 36.623704 8.277817 45.027848 24.662707 0.136064 -28.249332 82.188094 -8.674451 -47.345540 -1.925325 -33.345598 
0.524907 -17.226065 35.083076 178.313577 -1.299422 60.473479 32.649587 14.457491 -59.329093 -17.026858 30.774497 149.284655 8.096459 -2.033573 -39.032715 nan nan nan -33.083252 -17.300976 -51.678223 8.373323 -20.305260 155.278900 -2.365987 14.626894 -41.457976 nan nan nan 1.324565 2.593589 71.672334 1.731559 -1.194809 -10.236544 1.865165 1.693936 2.601501 -3.078117 0.927654 0.662386 4.410579 -10.192986 -19.726516 -6.877467 -30.739296 7.071618 -58.425930 -35.248549 17.766138 53.887253 -68.127094 -38.601370 36.017169 -0.748086 -50.212625 12.563314 36.567555 8.763368 44.624753 24.616012 -0.128819 -29.363261 82.280286 -10.026945 -46.956757 -1.701474 -33.076663 
0.546135 -17.245628 35.094719 178.347534 -1.262486 60.511140 32.533817 14.445079 -59.510639 -17.090891 30.704621 149.347991 8.160216 -2.131521 -39.008296 nan nan nan -33.060313 -17.390104 -51.684544 8.381044 -20.276597 155.282753 -2.395587 14.671696 -41.400191 nan nan nan 1.288140 2.791357 71.475290 1.817226 -1.210338 -9.975159 1.988027 1.673741 2.425054 -2.717221 0.808288 0.906540 4.491179 -10.353257 -19.302030 -7.005302 -30.724061 7.156164 -58.645161 -35.288038 17.762056 54.259229 -68.027391 -39.022327 35.046932 -1.104204 -49.172380 12.713616 36.567526 9.031998 44.423187 24.477420 -0.171449 -31.422662 82.300152 -12.035571 -46.511944 -1.493623 -32.935379 
0.579720 -17.254887 35.099106 178.310444 -1.220523 60.552283 32.601104 14.464120 -59.625002 -17.163575 30.709030 149.333278 8.249064 -2.207296 -39.004352 nan nan nan -33.006297 -17.397145 -51.748293 8.358063 -20.302556 155.311001 -2.328667 14.817219 -41.266843 nan nan nan 1.227458 3.039159 71.271248 1.917006 -1.161245 -9.794545 2.100008 1.706416 2.389846 -2.353278 0.703842 1.077477 4.541741 -10.527079 -19.004659 -7.033077 -30.771690 7.183398 -58.854941 -35.436719 17.904827 54.315386 -67.833540 -38.852414 34.391041 -1.315262 -48.792579 12.784164 36.587414 9.236792 44.299856 24.179734 -0.226533 -35.094219 82.404933 -15.437449 -45.812002 -1.547683 -32.754024 
0.642188 -17.255222 35.104145 178.194310 -1.123456 60.664358 32.809523 14.575665 -59.725059 -17.200793 30.695542 149.364529 8.232364 -2.231978 -39.054593 nan nan nan -32.888908 -17.306958 -51.890361 8.301230 -20.425085 155.295781 -2.245536 15.000287 -41.136426 nan nan nan 1.105762 3.251943 71.085700 2.023984 -1.053970 -9.846927 2.169433 1.813581 2.464652 -2.080424 0.575469 1.212089 4.684822 -10.685532 -18.645454 -7.131720 -30.671580 7.226757 -59.059200 -35.712520 18.182348 53.982465 -67.766073 -38.475444 34.348812 -1.302029 -48.961055 12.955511 36.561578 9.525924 44.149765 23.995836 -0.350749 -38.136200 82.531105 -18.386310 -45.630228 -1.726216 -32.806993 
0.693133 -17.260897 35.121437 178.160931 -1.033106 60.713485 32.922723 14.585983 -59.805954 -17.185459 30.655237 149.433746 8.135555 -2.151218 -39.077167 nan nan nan -32.824880 -17.262434 -51.920885 8.269490 -20.462797 155.263969 -2.208670 15.096849 -41.059126 nan nan nan 0.988315 3.443946 70.955338 2.174611 -0.993324 -9.790058 2.241116 1.817913 2.427728 -1.875274 0.483683 1.420510 4.861020 -10.755802 -18.257347 -7.097862 -30.498400 7.182982 -59.284040 -35.946323 18.527353 53.678714 -67.643230 -37.994026 34.336408 -1.260505 -49.266995 13.055947 36.429289 9.525054 44.081805 23.940751 -0.157466 -40.031015 82.486271 -20.291787 -45.625423 -1.954706 -32.890417 
0.708363 -17.265015 35.137894 178.212548 -0.933864 60.698386 32.952886 14.478541 -59.893420 -17.158250 30.615240 149.483085 8.143592 -2.046111 -39.037704 nan nan nan -32.693900 -17.253709 -51.888776 8.272514 -20.428177 155.244309 -2.174667 14.992897 -40.988555 nan nan nan 0.954322 3.585491 70.845230 2.313104 -0.988272 -9.558125 2.344692 1.710231 2.232067 -1.655103 0.343909 1.743536 4.980299 -10.809171 -17.873377 -7.072058 -30.454837 7.183498 -59.229785 -35.928262 18.590028 53.772650 -67.443246 -37.500087 33.363554 -1.587443 -49.017706 13.011577 36.328587 9.451201 44.136326 23.909766 0.073725 -41.298740 82.352862 -21.405482 -45.162869 -2.133055 -32.814584 
0.701695 -17.272959 35.165218 178.285451 -0.820542 60.670362 32.942189 14.331821 -59.954440 -17.148278 30.563141 149.492104 8.211087 -2.022703 -38.937906 nan nan nan -32.535776 -17.311574 -51.835873 8.280194 -20.386991 155.219158 -2.141587 14.833996 -40.871110 nan nan nan 0.947702 3.588785 70.829064 2.379912 -1.032170 -9.506013 2.371073 1.616869 2.122033 -1.391725 0.103583 2.013183 5.103956 -10.860580 -17.377356 -7.155911 -30.401530 7.283568 -59.011291 -35.866794 18.440250 53.841726 -67.420001 -36.938102 32.778018 -1.803647 -48.482698 13.023120 36.293832 9.581834 44.178478 24.127499 0.086597 -40.583010 82.265368 -20.576532 -45.481778 -2.265986 -33.100225 
0.679561 -17.278252 35.209652 178.386636 -0.782660 60.551294 32.811953 14.157975 -59.905629 -17.158084 30.563682 149.459215 8.285349 -1.936212 -38.849183 nan nan nan -32.539462 -17.434133 -51.659773 8.388500 -20.357121 155.152375 -2.118652 14.792755 -40.734746 nan nan nan 0.890726 3.532887 71.046987 2.398726 -1.133986 -9.744409 2.322330 1.607912 2.168297 -1.157198 -0.259406 2.108048 5.208746 -10.826767 -16.584830 -7.124892 -30.243158 7.346957 -58.977988 -36.012758 18.423154 53.432327 -67.604721 -36.315986 33.169893 -1.565808 -48.601877 13.039628 36.088135 9.697557 44.171702 24.593051 0.000302 -37.742909 82.298980 -17.723333 -46.769234 -2.430825 -33.411445 
0.671532 -17.285782 35.146301 178.488825 -0.588591 60.707639 32.862766 14.022032 -60.298702 -17.123435 30.585673 149.558537 8.302385 -1.855485 -38.917975 nan nan nan -32.517267 -17.594382 -51.796061 8.353123 -20.474198 155.237332 -2.064515 14.948267 -40.600777 nan nan nan 0.931996 3.426258 70.696903 2.471517 -1.209133 -9.701087 2.266849 1.618436 2.201931 -1.090577 -0.583620 2.239400 5.453870 -10.742174 -15.863498 -7.202853 -30.177403 7.455357 -59.000318 -36.236805 18.487929 52.876976 -67.730339 -35.826960 33.863074 -1.158226 -49.139546 13.048847 35.901485 9.773508 44.117391 24.916045 -0.087627 -34.571455 82.347543 -14.675762 -48.400607 -2.679613 -33.677825 
0.660750 -17.276602 35.217541 178.640893 -0.660615 60.418133 32.941968 13.652639 -59.946094 -17.354325 31.008485 149.272202 7.941349 -1.796962 -38.655006 nan nan nan -33.045440 -17.442342 -51.275909 8.587353 -20.792592 155.018729 -1.259954 15.521549 -40.320975 nan nan nan 0.876137 3.510064 71.373044 2.454970 -1.333934 -10.711145 2.304243 1.547957 2.848686 -0.904172 -0.725735 2.157304 5.777382 -10.768465 -15.168620 -7.156635 -30.148606 7.237351 -59.184073 -36.859084 18.553350 48.421596 -67.045155 -30.718977 36.168740 -2.813349 -50.831681 12.560239 35.764584 8.923405 44.637758 24.736236 0.023848 -31.018329 82.404729 -11.066547 -49.917876 -2.559660 -34.044650 
0.680710 -17.245407 35.152359 178.612438 -0.464742 60.605689 33.247405 13.667221 -60.255916 -17.386174 31.092135 149.348172 7.907193 -1.867241 -38.647936 nan nan nan -32.992558 -17.473488 -51.442604 8.501119 -20.896623 155.103105 -1.182348 15.690347 -40.203168 nan nan nan 0.907296 3.563916 70.946681 2.501013 -1.361626 -10.728136 2.373258 1.570858 2.967832 -0.739403 -0.894252 2.555506 6.034095 -10.892626 -14.859872 -7.390146 -30.223698 7.500209 -59.262513 -36.944673 18.551781 48.756482 -66.850773 -30.975834 35.198460 -3.122903 -50.262181 12.694976 35.671719 8.932872 44.557260 24.187308 -0.093852 -35.623513 82.691789 -15.269162 -47.489394 -2.418574 -33.100424 
0.677172 -17.228903 35.163551 178.643593 -0.307458 60.669402 33.374477 13.543696 -60.416808 -17.382173 31.123860 149.378309 7.817693 -1.938971 -38.695397 nan nan nan -33.038782 -17.540781 -51.403142 8.433934 -20.899534 155.100177 -1.131097 15.962021 -40.087888 nan nan nan 0.931840 3.543806 70.840419 2.554548 -1.484529 -10.825089 2.400202 1.635937 2.936285 -0.582352 -1.003153 3.046034 6.315163 -11.082853 -14.525790 -7.705238 -30.289367 7.753381 -59.392478 -37.041728 18.686505 48.649877 -66.464434 -30.575314 35.073953 -3.575490 -49.971081 13.015706 35.774665 8.925624 44.441413 23.670126 0.065233 -39.435259 82.627323 -19.079441 -45.838922 -2.008687 -32.908394 
0.680930 -17.219149 35.232681 178.633065 -0.267115 60.499553 33.344811 13.430622 -60.244277 -17.390312 31.076427 149.348493 7.716183 -1.850464 -38.689922 nan nan nan -33.175790 -17.469578 -51.137879 8.413010 -20.813543 155.017591 -1.046873 16.148718 -39.958719 nan nan nan 0.850605 3.608761 71.121455 2.606352 -1.610631 -11.169266 2.415296 1.670442 3.086944 -0.295061 -1.073547 3.417495 6.454376 -11.234743 -14.178468 -7.746161 -30.305243 7.758528 -59.937383 -37.256666 18.979578 48.183247 -66.022410 -29.370793 35.920656 -3.471283 -49.821289 13.153951 35.891222 8.861706 44.380227 23.431487 0.174184 -41.080288 82.559885 -20.673947 -45.389292 -1.810731 -32.887155 
0.741418 -17.204456 35.303028 178.440125 -0.363936 60.271873 33.376142 13.542919 -59.826541 -17.505149 30.973591 149.258002 7.587762 -1.822720 -38.749798 nan nan nan -33.126913 -17.166458 -51.047258 8.393707 -20.773456 154.968777 -0.917118 16.148368 -39.761312 nan nan nan 0.540489 3.949919 71.375273 2.700301 -1.596259 -11.317804 2.474405 1.628449 3.163166 -0.072651 -1.167204 3.671131 6.647831 -11.352805 -13.742739 -7.609237 -30.091258 7.815109 -60.008273 -37.424304 19.040518 48.229253 -66.305498 -29.820570 36.550422 -2.974920 -50.161406 13.226899 35.864302 9.076161 44.205166 23.835185 0.122077 -39.178098 82.580637 -19.024103 -46.404885 -2.029717 -33.426684 
0.707865 -17.221411 35.351326 178.616858 -0.327894 60.083732 33.215592 13.237036 -59.789234 -17.479665 30.958758 149.235850 7.546747 -1.730124 -38.736573 nan nan nan -33.209159 -17.266766 -50.787736 8.495936 -20.749350 154.882544 -0.836727 16.142476 -39.649595 nan nan nan 0.480159 3.856084 71.588515 2.773422 -1.752154 -11.397545 2.412880 1.542266 3.231438 0.027560 -1.548006 3.723366 6.776688 -11.324614 -13.091306 -7.431188 -29.832652 7.742276 -60.038452 -37.656271 19.120591 47.901925 -66.679769 -30.053790 37.669244 -2.068526 -50.651231 13.070250 35.624147 8.981642 44.245494 24.423147 0.224993 -35.435621 82.568885 -15.773718 -48.602773 -2.510164 -33.724094 
0.760022 -17.186909 35.332218 178.396969 -0.313435 60.053798 33.460241 13.388890 -59.620269 -17.582884 30.945871 149.226565 7.418520 -1.765278 -38.728858 nan nan nan -33.021070 -16.996644 -50.955902 8.481873 -20.849842 154.919036 -0.720486 16.053027 -39.566560 nan nan nan 0.324198 4.022441 71.398055 2.758802 -1.674455 -11.264908 2.395134 1.484046 3.203564 0.112693 -1.677910 4.201360 7.064331 -11.322839 -12.774163 -7.494609 -29.639638 7.969018 -59.879149 -37.868644 19.053528 47.685121 -66.729589 -29.768134 37.961123 -1.614239 -50.613736 13.032269 35.377431 9.046347 44.491007 24.836504 0.311543 -33.729813 82.561437 -13.891375 -50.189775 -3.314084 -33.725821 
0.835702 -17.147795 35.294033 178.111063 -0.286340 60.080147 33.788537 13.604566 -59.464932 -17.732887 30.926019 149.230654 7.326819 -1.867884 -38.733615 nan nan nan -32.802084 -16.683359 -51.212353 8.396311 -20.944069 154.983706 -0.640750 15.965246 -39.477596 nan nan nan 0.168321 4.247269 71.062956 2.722228 -1.606961 -11.187737 2.452167 1.349025 3.298945 0.231212 -1.721045 4.817418 7.272719 -11.203090 -12.552948 -7.545683 -29.675582 8.221101 -59.804229 -37.839014 18.938612 48.570746 -66.693513 -30.693491 37.580533 -1.411271 -50.535629 12.993111 35.312912 9.095634 44.601068 25.016305 0.291074 -33.426850 82.671421 -13.238432 -49.473441 -3.638095 -33.405312 
0.856217 -17.244698 35.429672 178.334441 -0.143493 58.781597 33.114166 12.463958 -58.509089 -16.281072 26.768503 150.115181 2.508334 -7.338751 -38.330015 nan nan nan -33.371541 -15.479204 -49.297425 7.077049 -16.836421 155.013868 3.666252 24.096922 -37.864555 nan nan nan 1.461460 4.948519 72.884306 4.022199 -2.918346 -9.240651 2.577235 1.675375 0.947055 -2.603108 0.280627 -0.401409 8.933388 -14.661522 -4.363024 -6.139821 -35.611130 1.419850 -60.246423 -28.499444 13.736002 49.785185 -71.394828 -32.307809 37.525595 2.553644 -50.590548 7.483946 36.634427 2.646390 50.213597 21.295774 3.294409 -46.462801 81.708667 -25.600258 -44.844832 -3.433283 -28.289123 
0.841945 -17.249655 35.413311 178.310694 -0.023763 58.688459 32.988392 12.388077 -58.534749 -15.990478 25.996285 150.312531 2.063576 -8.068493 -38.364388 nan nan nan -33.243058 -15.304039 -49.182844 6.828654 -16.214136 155.074743 4.181557 25.045854 -37.664356 nan nan nan 1.567752 5.015939 72.874336 4.264127 -3.192310 -9.153840 2.665963 1.588829 0.932342 -3.055755 0.118901 -0.864421 9.112667 -14.960756 -2.861496 -5.860095 -36.437321 0.468314 -60.301139 -27.205970 12.428532 48.435566 -72.142615 -31.005113 38.781109 2.575603 -51.469579 6.425222 36.928920 1.774455 50.853295 21.202044 3.505353 -43.965589 81.694814 -23.717386 -44.661895 -2.859367 -30.631752 
0.828196 -17.250095 35.389118 178.268648 0.084768 58.648324 32.965100 12.309746 -58.512233 -15.763645 25.439465 150.416026 1.928044 -8.489820 -38.444299 nan nan nan -33.171192 -15.208659 -49.200509 6.602545 -15.791561 155.149580 4.385869 25.719029 -37.539862 nan nan nan 1.643118 5.031497 72.846858 4.403365 -3.372487 -9.174223 2.681243 1.438567 1.032030 -3.211105 0.012183 -1.087147 9.177589 -15.255125 -1.921705 -5.734694 -36.789773 -0.028939 -60.144594 -26.556247 11.195312 46.070437 -72.679721 -28.657037 39.467279 2.009354 -51.687616 5.676834 37.010346 1.438296 51.470678 21.354652 3.666976 -43.545112 81.691135 -23.435612 -47.525534 -2.495575 -31.645925 
0.813178 -17.247196 35.387047 178.183037 0.085033 58.562854 33.003761 12.232144 -58.329442 -15.725340 25.304400 150.401100 1.897122 -8.647331 -38.458453 nan nan nan -33.277794 -14.998114 -49.106764 6.484177 -15.663839 155.130253 4.366095 26.036605 -37.572961 nan nan nan 1.542621 5.127987 72.874660 4.443918 -3.478378 -9.159709 2.733335 1.303514 1.045384 -3.100456 -0.171003 -0.982045 9.225328 -15.302115 -1.334789 -5.483952 -36.998305 -0.210950 -60.048928 -26.099694 10.622494 46.060069 -72.712352 -28.866618 38.775037 1.018263 -51.168040 4.864454 37.131010 0.933319 52.204506 21.317912 3.741374 -44.858445 81.528434 -24.878962 -46.389373 -2.171120 -31.467891 
0.797036 -17.207457 35.348270 178.004825 0.114596 58.556606 33.261652 12.197841 -58.169382 -15.758559 25.318299 150.378281 1.790405 -8.845278 -38.472235 nan nan nan -33.232866 -14.760310 -49.125085 6.406609 -15.608430 155.150231 4.190924 26.104350 -37.715811 nan nan nan 1.430628 5.143607 72.659710 4.345270 -3.570936 -9.042914 2.789994 1.172198 0.954798 -3.008820 -0.373588 -0.249253 9.422905 -15.100959 -1.255142 -5.425945 -37.134535 -0.079247 -60.037174 -25.754900 10.142477 46.723881 -72.708682 -29.845496 38.141719 0.545743 -50.544696 3.962518 37.190180 0.606108 53.118270 21.452960 3.851718 -43.278712 81.489708 -23.527139 -46.343668 -3.126872 -30.305426 
0.798861 -17.167797 35.297970 177.722025 0.162324 58.582307 33.477263 12.336195 -58.055906 -15.804676 25.206870 150.431508 1.686948 -9.038196 -38.475842 nan nan nan -33.029095 -14.515226 -49.236467 6.366274 -15.571406 155.173846 4.019060 26.156520 -37.829992 nan nan nan 1.299935 5.099327 72.413431 4.156307 -3.608129 -9.016729 2.784162 1.052532 0.914534 -2.873224 -0.649223 0.505986 9.562463 -14.772163 -1.063069 -5.327007 -37.101948 0.291420 -60.371777 -25.727569 9.696081 47.593113 -72.665120 -30.728530 37.881146 0.207383 -50.399262 3.090356 37.255906 0.416053 54.053805 21.840138 3.622520 -39.657168 81.639264 -20.104751 -45.432566 -2.042287 -31.693468 
0.798048 -17.139786 35.268429 177.538860 0.218967 58.613660 33.460043 12.465236 -58.063967 -15.831701 25.051337 150.536599 1.654762 -8.961665 -38.536586 nan nan nan -32.711623 -14.362901 -49.344922 6.372840 -15.563019 155.202786 3.846619 25.963452 -37.988146 nan nan nan 1.251079 4.960729 72.296368 3.964923 -3.661287 -9.370429 2.688575 0.820598 1.205424 -2.637254 -0.660755 1.030983 9.749595 -14.724945 -0.808588 -5.111965 -36.978055 0.591434 -60.585940 -25.806152 9.293444 47.829131 -72.837728 -30.866169 38.465633 0.419074 -50.801085 2.136303 37.195683 0.131955 55.055363 22.422743 3.624925 -35.336161 81.698304 -16.107560 -47.826676 -2.263737 -33.873099 
0.783947 -17.121605 35.254272 177.473658 0.244505 58.614575 33.356024 12.489779 -58.080481 -15.862144 25.017228 150.606763 1.682156 -8.825010 -38.557154 nan nan nan -32.364772 -14.271787 -49.461966 6.429068 -15.583532 155.237688 3.724428 25.557517 -38.218877 nan nan nan 1.191145 4.841903 72.260797 3.833083 -3.770207 -9.770277 2.633067 0.531879 1.508976 -2.458601 -0.676382 1.474123 9.896524 -14.548467 -0.427048 -4.888519 -36.869288 0.748448 -60.601749 -25.707527 8.911013 47.851189 -73.070981 -30.722627 39.072724 0.637184 -51.226586 1.222298 37.073589 -0.302006 56.171262 22.818000 3.825115 -33.351797 81.692837 -14.131826 -48.959841 -3.122233 -35.136941 
0.759849 -17.105886 35.240032 177.384702 0.254693 58.600252 33.295450 12.513001 -58.043580 -15.883669 24.958426 150.661554 1.580650 -8.858949 -38.536477 nan nan nan -32.215877 -14.143572 -49.525524 6.413724 -15.486461 155.248604 3.589227 25.570018 -38.379547 nan nan nan 1.079410 4.706034 72.190586 3.709962 -3.930416 -9.927207 2.572927 0.336329 1.560666 -2.290561 -0.681727 2.277862 10.046455 -14.320916 -0.361271 -4.737728 -36.792873 0.962955 -60.528744 -25.432310 8.288642 48.361652 -73.173562 -30.569248 38.577641 0.275105 -50.945364 0.415464 37.025240 -0.472218 57.362336 23.128700 3.938481 -33.063331 81.688514 -14.097297 -49.698450 -5.226940 -36.034680 
0.732356 -17.090670 35.229610 177.210457 0.324698 58.599771 33.279887 12.613124 -58.022239 -15.871216 24.726027 150.742658 1.332460 -9.064124 -38.474102 nan nan nan -32.063656 -13.976451 -49.515487 6.348882 -15.398191 155.238646 3.405771 25.689897 -38.520496 nan nan nan 1.028430 4.536977 72.046000 3.536137 -4.061964 -10.023406 2.487207 0.099641 1.572472 -1.932283 -0.683156 3.287671 10.067696 -14.073782 -0.487892 -4.627067 -36.623341 1.486868 -60.422499 -25.302300 7.194612 48.579556 -73.227793 -29.297145 37.230837 -0.746022 -50.507840 -0.405118 36.943710 -0.430149 58.360948 24.098410 3.536175 -27.812044 82.013151 -9.074932 -52.773619 -5.809549 -38.423526 
0.698108 -17.071606 35.209587 177.073175 0.295573 58.547718 33.503263 12.524644 -57.812151 -15.861843 24.797052 150.717980 1.505284 -9.215474 -38.449040 nan nan nan -31.921450 -13.854370 -49.573633 6.382807 -15.447944 155.259384 3.205747 25.345101 -38.638264 nan nan nan 0.895303 4.579668 71.762091 3.606293 -4.221273 -9.597652 2.402213 -0.019470 1.328370 -1.988441 -0.966444 4.053791 10.417483 -13.625862 -0.613738 -4.570249 -36.852293 1.487845 -60.436343 -24.771113 6.734748 49.965176 -72.838244 -30.219740 34.767122 -1.688103 -49.471001 -1.249532 36.980416 -0.830146 59.643177 23.083732 3.987346 -41.634253 82.161208 -21.159997 -47.681979 -5.283036 -34.748399 
0.665800 -17.062038 35.177216 177.007267 0.222303 58.503637 33.663225 12.323890 -57.650991 -15.853754 24.965048 150.672959 1.738416 -9.279521 -38.438991 nan nan nan -32.084756 -13.729199 -49.548269 6.438301 -15.593117 155.271083 3.062592 25.144444 -38.775705 nan nan nan 0.675579 4.655593 71.511020 3.780976 -4.350140 -9.281735 2.280956 -0.186981 1.173006 -2.103880 -1.242619 4.521506 10.617594 -13.217462 -0.325361 -4.398190 -37.051296 1.308230 -60.484937 -24.313587 7.017878 51.229063 -72.335443 -32.339719 34.259228 -2.380716 -49.563705 -2.102451 37.019022 -1.658688 61.073434 21.767841 5.216703 -61.500706 81.390980 -40.688135 -40.763277 -5.538778 -32.873654 
0.643515 -17.055250 35.159737 176.894330 0.192813 58.484544 33.380536 12.403623 -57.693103 -15.749611 24.588064 150.849873 1.842488 -9.281636 -38.487761 nan nan nan -31.997923 -13.723389 -49.639630 6.327822 -15.288562 155.350457 2.548898 25.067781 -38.903084 nan nan nan 0.505804 4.544202 71.230378 3.702290 -4.460337 -8.968370 2.131116 -0.348288 1.000435 -2.002207 -1.320715 4.991374 10.726968 -13.170993 0.178311 -4.515983 -37.231347 1.392834 -59.946420 -23.710986 6.815113 52.810116 -72.206662 -34.054701 34.466078 -2.428969 -48.386641 -2.521506 37.117289 -1.927052 61.934913 21.157571 5.880396 -70.128270 81.735333 -50.299764 -39.422917 -6.993126 -34.497090 
0.620979 -17.046890 35.152290 176.762627 0.149696 58.440525 33.339150 12.417011 -57.597583 -15.685659 24.488083 150.909143 1.853578 -9.349219 -38.462648 nan nan nan -31.859017 -13.579496 -49.754127 6.271815 -15.135206 155.384190 2.417255 25.026657 -38.945345 nan nan nan 0.328924 4.512701 71.073656 3.694053 -4.551113 -8.871154 1.980664 -0.487944 1.112114 -1.736436 -1.349651 5.212165 10.810825 -13.306247 0.576715 -4.248982 -37.097437 1.278588 -60.162362 -23.575132 6.786254 53.689095 -71.966635 -34.693953 34.651007 -2.635814 -48.325737 -3.181285 36.737122 -2.492634 62.859350 20.754415 6.193932 -75.712833 81.584432 -55.118379 -37.187537 -7.058045 -35.012874 
0.595274 -17.064354 35.174385 176.643728 0.077727 58.396288 33.299731 12.367772 -57.434470 -15.714804 24.664772 150.859370 2.000397 -9.127707 -38.476424 nan nan nan -31.538549 -13.480862 -49.948426 6.330503 -15.181393 155.383271 2.442238 24.651622 -38.931781 nan nan nan 0.048526 4.537736 71.094543 3.770260 -4.635179 -9.088712 1.852162 -0.572571 1.392566 -1.599952 -1.428360 5.336228 11.009071 -13.243368 1.081764 -3.690936 -36.878286 0.939598 -60.194602 -23.506992 7.199812 54.006950 -72.279059 -36.355396 35.744191 -1.558923 -49.850354 -3.814384 36.161283 -3.161150 63.656699 20.118731 6.590679 -81.616598 81.081582 -60.071587 -33.648950 -6.651041 -34.823850 
0.578919 -17.095055 35.208218 176.575191 0.027813 58.373171 33.192504 12.286552 -57.296235 -15.700056 24.647453 150.829430 2.018599 -9.086439 -38.564053 nan nan nan -31.290132 -13.292233 -49.957962 6.283570 -15.187071 155.355994 2.352560 24.317350 -39.143047 nan nan nan -0.216086 4.449742 71.120061 3.794510 -4.774456 -9.284007 1.725759 -0.676075 1.516832 -1.404805 -1.440246 5.603786 11.018477 -13.161757 1.640993 -3.434700 -36.702100 0.772399 -60.055627 -23.425804 6.961798 53.719275 -72.175068 -35.717988 35.289313 -2.223539 -49.515285 -4.281452 35.894756 -3.574621 64.790037 19.727931 6.840695 -86.691167 80.412939 -64.400212 -30.391156 -5.978183 -35.699612 
0.614584 -17.140934 35.208931 176.425208 0.025461 58.535325 33.190660 12.362547 -57.336772 -15.682680 24.534892 150.894733 1.873748 -9.279876 -38.657581 nan nan nan -31.036178 -13.053799 -50.146989 6.181983 -15.263357 155.392180 2.287964 24.073093 -39.320772 nan nan nan -0.503521 4.414130 70.698967 3.802945 -4.898922 -9.283519 1.655122 -0.845334 1.665611 -1.200242 -1.211997 6.086331 10.962789 -13.116950 1.956644 -3.276873 -36.466192 0.831466 -59.927783 -23.405699 6.468796 53.196765 -72.062698 -34.289059 34.936234 -3.770413 -48.883864 -4.669975 35.740621 -3.771515 66.071747 19.932151 7.387276 -90.507588 80.225576 -68.935727 -30.889138 -5.890449 -36.827952 
0.622324 -17.116060 35.169678 176.238529 0.111207 58.699500 33.619418 12.385223 -57.376678 -15.832357 24.851893 150.860673 1.252579 -9.529415 -38.474611 nan nan nan -31.371632 -12.644830 -50.106469 6.153371 -15.581083 155.328747 2.868437 24.790679 -39.302875 nan nan nan -0.458025 4.267895 70.339385 3.696250 -5.045804 -9.770292 1.527373 -1.283207 2.256687 -0.754189 -0.712709 6.944181 10.755766 -13.099913 1.520347 -2.962356 -35.723284 1.220309 -59.871925 -23.450278 5.573992 52.671395 -72.662338 -31.581856 34.116900 -4.598742 -49.079137 -5.136961 35.012016 -3.622515 67.180620 21.445841 7.429488 -85.894850 81.848342 -64.807982 -38.567113 -6.225339 -39.019383 
0.633753 -17.099422 35.144402 176.031654 0.189404 58.812282 33.930259 12.457895 -57.372954 -15.859461 24.863013 150.906689 1.191682 -9.789903 -38.435529 nan nan nan -31.269771 -12.447966 -50.287558 6.112017 -15.643890 155.345508 2.834638 24.828932 -39.300664 nan nan nan -0.511682 4.217237 69.791552 3.735086 -5.199250 -9.303379 1.404984 -1.530605 2.155672 -0.652630 -0.519646 7.609159 10.807812 -12.895864 1.391083 -2.708976 -35.566028 1.227802 -59.873189 -22.947150 5.164987 54.734580 -72.832398 -33.269058 33.170682 -4.592203 -48.303625 -5.602719 34.620685 -3.632195 68.337258 21.393218 7.814133 -94.879543 81.599344 -73.623414 -39.730805 -7.134015 -38.001088 
0.618229 -17.088772 35.138935 175.929362 0.312596 58.909771 34.100701 12.447233 -57.444435 -15.841889 24.822474 150.971724 1.218678 -9.999990 -38.411583 nan nan nan -31.163471 -12.283812 -50.311229 6.073308 -15.650579 155.319489 2.787518 24.862011 -39.368598 nan nan nan -0.519902 4.105983 69.343292 3.806665 -5.334896 -8.912364 1.304290 -1.698890 2.015648 -0.619549 -0.662780 8.308976 10.819909 -12.602168 1.369711 -2.693003 -35.509692 1.402729 -59.931154 -22.941091 4.713144 55.981337 -72.632271 -34.467892 31.709656 -5.211799 -47.871528 -6.054339 34.267201 -3.686376 69.360267 20.966280 7.992716 -103.167230 81.169602 -81.773205 -38.822904 -6.996892 -38.883792 
0.405318 -17.124424 35.250114 176.580817 0.462584 58.579778 33.250401 11.629255 -57.682832 -15.596998 24.789807 151.079948 1.359286 -9.578839 -38.269084 nan nan nan -31.637169 -12.779412 -49.409170 6.311705 -15.385777 155.023381 2.809878 24.976081 -39.422803 nan nan nan -0.276119 3.476835 69.821328 3.900757 -5.851480 -9.179123 1.151221 -1.925692 2.305269 -0.635547 -1.132096 8.363999 10.721956 -12.253104 1.958623 -2.553689 -35.490767 1.202527 -60.040009 -23.053746 4.351059 56.402857 -72.386713 -34.579084 30.025125 -5.972483 -47.264151 -6.478822 33.874782 -4.120575 69.904502 20.190072 7.966305 -111.374045 80.544462 -90.142690 -35.336400 -6.028055 -41.006605 
0.310688 -17.162264 35.308125 176.834347 0.544528 58.414651 32.781545 11.199070 -57.827220 -15.520266 24.779212 151.107733 1.376786 -9.236468 -38.107072 nan nan nan -31.642490 -12.943718 -49.132804 6.438847 -15.365864 154.916994 2.856655 24.760038 -39.368221 nan nan nan -0.321202 3.180819 70.004578 3.977395 -6.161550 -9.372959 1.060257 -2.100068 2.703676 -0.572235 -1.287609 8.193089 10.728655 -12.037293 2.620208 -2.158665 -35.238741 0.807651 -60.363771 -23.003539 4.406688 57.173514 -72.253164 -35.180202 29.815216 -6.161140 -46.733453 -6.809429 33.376975 -4.675711 70.593590 19.464635 8.146775 -117.937875 79.813358 -97.011570 -31.152187 -4.889340 -43.410032 
0.342750 -17.188047 35.391636 176.488195 0.430359 58.226753 32.686880 11.380629 -57.384594 -15.620852 24.592222 150.974674 1.110703 -9.171709 -37.967564 nan nan nan -31.211958 -12.501025 -49.277585 6.368874 -15.284364 154.893435 2.915588 24.575291 -39.302613 nan nan nan -0.608182 3.303049 70.369494 3.861441 -6.215813 -9.900517 1.076567 -2.209669 3.180825 -0.438971 -0.821668 8.410741 11.009721 -12.177181 2.733675 -1.701661 -34.844997 0.308128 -60.482509 -22.702629 4.351196 56.518386 -72.724169 -34.800331 31.719101 -5.522388 -46.584917 -6.900260 32.858866 -4.749533 71.465081 19.037828 8.505877 -123.976311 79.267148 -103.015268 -35.164496 -6.610612 -42.671810 
0.485911 -17.167557 35.388912 175.801004 0.266473 58.281623 33.037897 11.976793 -56.917160 -15.859568 24.477856 150.884199 0.903546 -9.295347 -37.994703 nan nan nan -30.817098 -11.744942 -49.843633 6.141002 -15.323075 155.020709 2.940969 24.661950 -39.203327 nan nan nan -1.093661 3.851891 70.164224 3.933251 -6.015057 -9.935962 1.178139 -2.309109 3.236819 -0.292354 -0.385556 9.035543 11.052046 -12.263249 2.732295 -1.596149 -34.574212 0.482290 -60.331606 -22.479988 4.101309 56.471858 -73.111237 -35.056692 32.495815 -5.358754 -46.623417 -6.868167 32.240447 -4.485866 72.270290 18.668710 8.554472 -130.931812 78.918837 -109.680792 -36.997008 -7.229832 -43.513543 
0.531594 -17.088671 35.222263 175.421103 0.434337 58.711730 33.695543 12.249536 -57.253995 -15.919726 24.580813 151.033586 0.887195 -9.586684 -38.105440 nan nan nan -30.586324 -11.482247 -50.613228 5.981373 -15.573235 155.286582 2.879496 24.680517 -39.110324 nan nan nan -1.207279 3.960487 69.037300 4.143428 -5.914283 -9.263341 1.109655 -2.477364 2.990354 -0.250942 -0.220325 9.922813 11.004224 -12.184970 2.685206 -1.961104 -34.446134 1.142827 -60.126870 -22.401382 3.825171 57.729558 -72.980369 -36.402256 31.407566 -5.659340 -46.638499 -6.440679 31.560707 -3.967271 72.548153 18.103970 8.347269 -137.148455 77.943809 -115.347482 -34.641271 -6.303975 -45.083166 
0.392211 -17.150486 35.308250 175.889995 0.565876 58.553877 33.361992 11.542901 -57.417812 -15.711215 24.669352 151.042901 1.103494 -9.428551 -38.096712 nan nan nan -30.726034 -11.889417 -50.186782 6.192418 -15.493336 155.090031 2.918765 24.507700 -39.042425 nan nan nan -1.038791 3.513710 69.231998 4.335003 -6.368190 -9.337820 0.930615 -2.681778 3.191553 -0.229913 -0.146763 9.997558 10.949769 -12.093695 3.023081 -1.656172 -34.311953 0.929825 -60.231578 -22.297419 3.783796 58.901042 -72.813827 -37.588801 30.966961 -5.503999 -46.545502 -6.481185 30.874535 -4.218324 72.883787 17.169806 8.584510 -139.484700 76.369983 -117.286332 -33.035920 -6.370682 -44.378317 
0.414297 -17.149649 35.387459 175.710167 0.411239 58.379230 33.545653 11.492292 -56.876058 -15.749395 24.695280 150.874231 1.228871 -9.628043 -38.114112 nan nan nan -30.826679 -11.638691 -50.136798 6.222801 -15.449182 155.002250 2.894968 24.569826 -38.923983 nan nan nan -1.397387 3.742251 69.353866 4.538448 -6.557985 -9.236875 0.916981 -2.633666 3.087473 -0.230265 0.109799 10.563164 11.060408 -11.938689 3.088148 -1.607972 -34.226282 0.994630 -60.354556 -22.043852 3.802632 60.355815 -72.633281 -39.000687 30.811327 -5.419646 -45.987110 -6.113788 30.450959 -4.063333 73.108997 16.048789 8.537338 -141.478656 74.692196 -118.403503 -30.186072 -5.856340 -43.579408 
0.384853 -17.151295 35.409927 175.670000 0.435686 58.324049 33.584233 11.380731 -56.736989 -15.744893 24.760608 150.855494 1.318580 -9.580416 -38.181522 nan nan nan -30.898984 -11.565799 -50.144724 6.248468 -15.460777 154.951280 2.957445 24.612863 -38.792382 nan nan nan -1.540389 3.775369 69.283418 4.750457 -6.727221 -9.109047 0.925517 -2.726088 3.088546 -0.257722 0.257631 11.026005 11.035407 -11.783949 3.248708 -1.698103 -34.153083 1.118242 -60.355136 -21.901197 3.788637 61.572466 -72.515982 -40.074268 30.893266 -5.340387 -45.345621 -5.747478 29.794418 -3.910794 73.216532 15.121893 8.355802 -144.165467 73.403498 -120.359169 -28.315420 -5.391812 -42.938255 
0.365317 -17.162718 35.403831 175.565713 0.477311 58.361483 33.559488 11.423602 -56.783697 -15.747483 24.757618 150.894677 1.286526 -9.466577 -38.195642 nan nan nan -30.688148 -11.421364 -50.330121 6.269424 -15.517411 154.956941 2.955145 24.388950 -38.792430 nan nan nan -1.658234 3.803994 69.121808 4.870503 -6.800032 -9.058075 0.996274 -2.941990 3.185015 -0.262955 0.361535 11.366722 10.976173 -11.758924 3.519386 -1.641864 -33.944949 1.225119 -60.544998 -21.828502 3.913395 62.583744 -72.517718 -40.875674 31.896771 -4.789804 -45.663509 -5.569383 28.946624 -3.750809 73.311174 14.582589 8.077111 -147.853578 72.706441 -123.824985 -28.399119 -5.124407 -44.308462 
0.328921 -17.189489 35.421810 175.583513 0.511798 58.331989 33.392147 11.259289 -56.844028 -15.681606 24.717986 150.931102 1.228877 -9.375852 -38.182305 nan nan nan -30.552429 -11.370705 -50.356486 6.330325 -15.541254 154.927103 3.035581 24.211014 -38.828598 nan nan nan -1.733806 3.772643 69.130945 5.003246 -6.898151 -9.144710 1.024760 -3.186282 3.438806 -0.160597 0.359576 11.343357 10.832480 -11.925368 3.935909 -1.470622 -33.397425 1.104677 -60.828645 -22.053882 4.072918 62.675223 -72.690537 -41.169488 32.454849 -4.378816 -46.327437 -5.305957 27.922925 -3.667711 73.242293 14.065644 7.838917 -151.447036 71.880782 -127.834843 -28.597780 -4.412265 -47.430312 
0.288431 -17.214722 35.439636 175.621947 0.616780 58.302801 33.295146 11.029803 -56.929733 -15.572300 24.597432 150.992941 1.200522 -9.329008 -38.189741 nan nan nan -30.485349 -11.334101 -50.323424 6.290712 -15.434673 154.919907 3.155459 24.277395 -38.856456 nan nan nan -1.741562 3.648553 69.108905 5.153305 -7.044054 -9.220965 0.968689 -3.306954 3.756985 0.020356 0.589523 11.341886 10.786408 -12.206937 4.188750 -1.300211 -32.851775 0.849034 -61.074728 -22.222333 4.074454 62.499598 -72.871917 -41.210536 32.471499 -4.393414 -46.026229 -4.927978 26.923496 -3.515864 73.083646 13.409848 7.509064 -153.451851 70.648318 -130.207745 -29.631905 -4.376326 -48.761999 
0.297433 -17.216858 35.445225 175.315179 0.646215 58.326242 33.475982 11.234337 -56.802675 -15.597608 24.476610 150.998142 1.104226 -9.396669 -38.141736 nan nan nan -30.033757 -10.999500 -50.657690 6.253389 -15.455125 154.947817 3.240959 24.010277 -38.831611 nan nan nan -1.913542 3.737398 68.878130 5.310628 -6.991358 -8.991513 0.918406 -3.320002 3.811041 -0.000850 0.797684 11.675827 10.886453 -12.315511 4.159127 -1.382117 -32.621439 0.940154 -60.931246 -22.222956 3.985966 62.706060 -72.845821 -41.208908 32.618435 -4.484219 -45.789414 -4.539907 26.151552 -3.224126 72.981323 12.553411 7.005361 -155.033530 69.384052 -131.392568 -29.156352 -4.084221 -49.687559 
0.232426 -17.286980 35.538200 175.370444 0.726449 58.095562 33.244203 10.988907 -56.672790 -15.513042 24.332174 150.964444 0.944220 -9.346153 -38.002099 nan nan nan -30.099231 -10.920796 -50.336748 6.280393 -15.343762 154.759963 3.412661 24.300723 -38.699368 nan nan nan -1.892139 3.655895 69.319150 5.474771 -7.137392 -9.207288 0.955733 -3.399836 4.036387 0.076931 0.966723 11.681300 10.754113 -12.452261 4.308653 -1.396980 -32.339923 0.830515 -61.001160 -22.498205 3.913766 62.383168 -72.652210 -41.216064 32.783487 -4.851052 -45.757292 -4.155103 25.112417 -3.233315 72.750809 11.688134 6.510995 -156.287211 68.439487 -132.312052 -29.284330 -3.391941 -49.883894 
0.341364 -17.260937 35.420982 174.571422 0.838310 58.444947 34.097898 11.732092 -56.642704 -15.673962 24.212939 151.021916 0.755349 -9.805917 -38.056269 nan nan nan -29.320339 -10.176406 -51.303602 6.044609 -15.635811 154.975774 3.250977 23.963875 -38.781753 nan nan nan -2.078150 3.976372 68.330329 5.538792 -6.788050 -8.329218 1.001175 -3.435498 3.560245 0.039724 1.229047 12.616112 10.709025 -12.349719 4.002782 -2.179052 -31.973722 1.735031 -60.271964 -22.655587 3.315543 63.387605 -72.630684 -42.088187 30.715853 -5.460820 -45.635458 -3.121820 24.323970 -2.119772 72.043106 11.185978 5.535635 -157.396596 67.558622 -132.855914 -28.406575 -2.632385 -50.627963 
0.302701 -17.300838 35.384007 174.611955 0.963338 58.489357 34.045897 11.602935 -56.865048 -15.618862 24.196411 151.144213 0.744342 -9.853569 -38.066559 nan nan nan -29.724222 -10.240033 -51.200713 6.012379 -15.645071 154.927555 3.234263 24.532672 -38.830669 nan nan nan -1.971011 3.818960 68.031208 5.701832 -7.062500 -7.912490 0.959787 -3.545105 3.501017 0.053548 1.546464 12.834190 10.470079 -12.462359 3.982116 -2.327494 -31.629558 1.830445 -60.245907 -22.752715 3.235864 64.481223 -72.442172 -43.009233 29.832594 -5.725904 -44.946739 -2.549042 23.430053 -1.784215 71.626842 10.534620 4.911335 -157.266315 66.704263 -132.462591 -27.194384 -2.010524 -50.537985 
0.163050 -17.386286 35.403599 175.121295 1.039283 58.372841 33.394744 10.991056 -57.230873 -15.398598 24.276662 151.295216 0.817850 -9.484987 -38.100025 nan nan nan -30.048827 -10.706140 -50.877049 6.192401 -15.600827 154.795886 3.497657 24.603948 -38.807459 nan nan nan -1.777181 3.457929 68.300895 5.919497 -7.522027 -8.202826 0.907621 -3.720633 3.960520 0.141306 1.698530 12.388767 10.128902 -12.665842 4.468464 -2.060645 -31.123806 1.374586 -60.780814 -23.052445 3.485164 64.372450 -72.481531 -43.047127 30.366514 -5.543966 -44.074169 -2.201956 22.255908 -2.108037 71.366525 9.773629 4.660296 -156.897167 66.022413 -132.071250 -26.935567 -1.785700 -49.740807 
0.051227 -17.459286 35.458443 175.421098 1.087420 58.173779 32.906106 10.551442 -57.303161 -15.276626 24.290059 151.356162 0.809391 -9.168855 -38.120398 nan nan nan -30.196827 -10.922103 -50.633495 6.262276 -15.423916 154.663938 3.777414 24.699911 -38.633884 nan nan nan -1.720638 3.177651 68.838196 6.130572 -7.783215 -8.810671 0.849258 -3.767550 4.421957 0.158825 1.805752 12.169716 9.953803 -12.737521 4.849315 -1.862554 -30.663929 1.050311 -60.759049 -23.209169 3.663168 64.021338 -72.709310 -43.282692 30.514599 -5.414849 -44.395487 -1.740371 21.117418 -2.240402 70.902337 9.031103 4.321081 -156.648895 65.348244 -132.232359 -26.554510 -1.570119 -49.381564 
0.064891 -17.503725 35.476452 175.228690 1.043335 58.110891 33.115711 10.593234 -57.057207 -15.333387 24.371244 151.278804 0.856725 -9.153368 -38.150387 nan nan nan -29.915305 -10.665766 -50.929740 6.257242 -15.479415 154.669130 3.974953 24.459098 -38.512791 nan nan nan -1.971087 3.260331 68.999572 6.306785 -7.728904 -8.951804 0.872501 -3.688371 4.573568 0.102040 1.869725 12.185943 10.042728 -12.857049 5.073395 -1.770180 -30.211049 0.867811 -60.821013 -23.343980 4.105105 63.974077 -72.970048 -44.034698 31.546946 -4.785735 -45.390828 -1.121748 20.186320 -2.083490 70.441335 8.228353 3.812686 -156.197085 64.502786 -131.892450 -25.565851 -0.760593 -49.275752 
0.162720 -17.510406 35.464542 174.706143 0.915327 58.091321 33.676005 10.974096 -56.554772 -15.515872 24.493412 151.134853 0.839913 -9.277995 -38.155540 nan nan nan -29.533369 -10.099910 -51.457330 6.206605 -15.685847 154.710976 4.102711 24.109172 -38.364078 nan nan nan -2.375512 3.651097 68.856069 6.458936 -7.509327 -8.738818 0.989987 -3.582268 4.540823 -0.019133 2.099174 12.602113 10.245697 -13.000948 4.994088 -1.890615 -29.901902 0.999225 -60.792442 -23.453504 4.320633 64.395495 -73.121838 -44.749403 32.132005 -4.271460 -45.820546 -0.460640 19.474373 -1.551401 70.033585 7.515394 2.950928 -155.000540 63.868069 -130.331658 -25.308572 -0.396759 -48.824106 
0.140159 -17.522814 35.450844 174.576181 0.947023 57.976538 33.764294 10.940402 -56.401658 -15.549364 24.571589 151.140359 0.907151 -9.169858 -38.154695 nan nan nan -29.548498 -10.004295 -51.535955 6.239351 -15.747263 154.675821 4.283503 24.116665 -38.158855 nan nan nan -2.383066 3.643473 68.923694 6.606581 -7.521090 -8.736494 1.073161 -3.580067 4.624026 -0.346593 2.273300 12.918232 10.143494 -12.868050 4.978980 -2.068367 -29.729305 1.122743 -60.648333 -23.660528 4.301544 64.240242 -73.145181 -44.456740 32.336115 -4.093435 -46.210368 -0.041504 18.742435 -1.235887 69.530829 6.752384 2.018418 -153.658091 63.593735 -128.869409 -24.858951 0.324644 -49.105728 
0.169724 -17.532560 35.451359 174.263616 0.839561 57.832173 33.786008 11.254469 -56.058159 -15.707923 24.582201 151.093672 1.020019 -8.930941 -38.177484 nan nan nan -29.485047 -9.720452 -51.734700 6.284674 -15.904563 154.681677 4.474866 23.990732 -37.943096 nan nan nan -2.556833 3.904497 69.030987 6.808361 -7.415378 -8.769132 1.147702 -3.535588 4.870885 -0.386757 2.412138 12.961108 10.105184 -13.288086 5.036199 -2.073306 -29.455397 0.975018 -60.180010 -24.014647 4.494040 62.699455 -73.330295 -42.402117 33.435761 -3.384744 -47.171054 0.583090 17.877464 -1.182221 68.863373 6.006014 1.291892 -152.729385 63.343262 -127.754202 -24.740536 0.587964 -49.826103 
0.050528 -17.586224 35.424618 174.496583 1.008349 57.787894 33.709775 10.869727 -56.288520 -15.534759 24.604015 151.179414 1.189319 -8.932483 -38.239333 nan nan nan -29.753675 -9.980988 -51.615363 6.419291 -15.944188 154.598383 4.685543 24.288579 -37.730993 nan nan nan -2.349905 3.532084 69.021172 6.972380 -7.627277 -8.453753 1.158524 -3.484425 4.826898 -0.573045 2.526311 12.856854 9.985984 -13.566826 5.151701 -2.004956 -29.281136 0.746244 -60.991367 -23.848700 4.899809 64.849981 -72.916470 -44.601214 32.279470 -4.115050 -46.342271 1.090111 17.169561 -1.103411 68.166875 4.993284 0.296228 -151.153832 62.700055 -126.192602 -22.020722 1.722164 -48.515695 
0.007319 -17.627438 35.405426 174.328698 0.970190 57.722210 33.778165 10.899724 -56.153161 -15.444641 24.598558 151.212236 1.142013 -8.985468 -38.221625 nan nan nan -29.799572 -9.820812 -51.789502 6.458184 -15.883509 154.582857 4.755472 24.470665 -37.588464 nan nan nan -2.393573 3.462293 69.041199 7.038759 -7.674012 -8.271782 1.138475 -3.309815 4.760434 -0.715793 2.689206 13.152107 9.977030 -13.733108 5.026876 -2.064120 -29.116912 0.745647 -60.943759 -23.759190 4.855541 65.533075 -72.841618 -45.410335 31.343284 -4.819303 -45.597993 1.683915 16.618388 -0.608683 67.570607 4.198502 -0.722809 -149.923997 62.586079 -125.061108 -21.604057 2.056479 -47.613014 
-0.042598 -17.668453 35.359383 174.131855 0.955008 57.670183 33.889669 10.966740 -56.065152 -15.383867 24.614795 151.255011 1.219217 -8.954567 -38.300087 nan nan nan -29.797754 -9.637706 -52.020412 6.490534 -15.839460 154.608639 4.822254 24.539768 -37.565135 nan nan nan -2.389390 3.370930 69.047674 7.105262 -7.641447 -8.151045 1.083386 -3.163857 4.836831 -0.831563 2.796759 13.217596 9.989588 -14.009847 4.875459 -2.012391 -28.885644 0.611054 -60.826679 -23.858938 4.946366 65.581588 -72.865663 -45.588222 31.016797 -5.079389 -45.269433 2.185453 16.047858 -0.288349 67.034254 3.444519 -1.590581 -148.155220 62.594618 -123.247619 -21.478698 2.309450 -46.565754 
-0.075623 -17.711292 35.302399 173.883975 1.039768 57.624839 34.058501 11.131002 -56.022565 -15.461044 24.620491 151.312856 1.204910 -8.970300 -38.410822 nan nan nan -29.685643 -9.436300 -52.287089 6.419698 -15.850464 154.658677 4.863904 24.539963 -37.443276 nan nan nan -2.274631 3.290163 69.001997 7.151151 -7.499666 -7.952906 1.091384 -3.110412 4.926345 -0.987303 2.950104 13.139861 10.039490 -14.302494 4.855560 -2.095332 -28.666973 0.525302 -60.755744 -24.033152 5.103183 65.880329 -72.932753 -45.880941 31.082526 -5.029678 -45.372452 2.732028 15.451741 -0.054430 66.267297 2.721672 -2.516812 -146.323004 62.849816 -121.442864 -21.694048 2.523999 -46.046691 
-0.094696 -17.760790 35.259327 173.607819 1.129933 57.586765 34.237143 11.379335 -55.977188 -15.553001 24.607756 151.380901 1.177728 -9.037628 -38.407264 nan nan nan -29.552964 -9.266924 -52.607463 6.309679 -15.906588 154.730635 4.785024 24.403644 -37.294793 nan nan nan -2.178980 3.211733 68.975897 7.196456 -7.298974 -7.758333 1.105998 -3.018487 4.921246 -1.227342 3.001776 13.220235 10.103196 -14.393498 4.853036 -2.261392 -28.532531 0.607022 -60.765464 -24.258112 5.319648 66.600362 -73.006945 -46.597784 31.442800 -4.605223 -45.949371 3.299538 14.982961 0.280394 65.576670 1.914475 -3.374924 -143.879529 63.058701 -119.011235 -21.715206 2.920306 -45.640723 
-0.116534 -17.805119 35.212616 173.472186 1.100635 57.527538 34.259391 11.514238 -55.943303 -15.589847 24.680395 151.443063 1.268866 -8.993505 -38.423142 nan nan nan -29.645074 -9.233452 -52.894168 6.317724 -15.970855 154.806228 4.938982 24.421898 -37.063392 nan nan nan -2.166736 3.219661 68.926724 7.308744 -7.196857 -7.471364 1.158596 -2.955885 4.796743 -1.512123 2.912374 13.462284 10.116185 -14.342744 4.783581 -2.312022 -28.472809 0.705935 -60.960969 -24.500094 5.689418 67.403464 -73.032365 -47.443507 32.304992 -3.735223 -46.600759 3.778640 14.661328 0.667235 65.081993 1.010819 -4.034755 -140.705170 63.127280 -115.873901 -21.426666 3.281550 -44.885407 
-0.226491 -17.860140 35.206535 173.666737 1.092987 57.295587 34.011352 11.207455 -55.922389 -15.449474 24.768120 151.516063 1.297722 -8.864450 -38.375059 nan nan nan -29.916657 -9.497976 -52.741010 6.493798 -15.894098 154.742446 5.181511 24.643081 -36.907119 nan nan nan -2.001929 2.956433 69.247660 7.380527 -7.325015 -7.337077 1.169686 -2.926780 4.701124 -1.728925 2.807648 13.476097 9.992402 -14.383789 4.882345 -2.297411 -28.360706 0.674948 -60.985975 -24.725577 5.798345 67.559657 -73.037538 -47.730407 32.164983 -3.677983 -46.810566 4.283400 14.361354 0.944697 64.371504 0.244704 -4.686295 -137.379636 63.447784 -112.850821 -21.541711 3.558593 -43.796230 
-0.285712 -17.908293 35.181129 173.616713 1.112157 57.137496 34.052354 11.132880 -55.818455 -15.404427 24.762854 151.547470 1.190714 -8.923392 -38.346050 nan nan nan -30.033425 -9.495725 -52.762711 6.507813 -15.815012 154.712982 5.262557 24.891949 -36.795169 nan nan nan -1.868844 2.788433 69.494766 7.433566 -7.308253 -7.235583 1.190848 -2.788229 4.671486 -1.844423 2.938237 13.489854 9.909885 -14.690058 4.821029 -2.388447 -28.193286 0.685919 -60.767909 -24.938212 5.796982 67.472246 -73.002835 -47.864761 31.182747 -4.470853 -46.924910 4.912978 13.931432 1.303993 63.444955 -0.333121 -5.609848 -134.268184 64.116680 -110.115498 -22.068305 3.894515 -42.966165 
-0.326307 -17.967489 35.143497 173.491096 1.131271 56.982432 34.142619 11.126598 -55.699169 -15.410100 24.810277 151.548012 1.212447 -8.922096 -38.311702 nan nan nan -30.072209 -9.418840 -52.903861 6.515623 -15.789861 154.723367 5.357277 25.014085 -36.647586 nan nan nan -1.780077 2.606595 69.763809 7.458541 -7.219513 -7.169198 1.212949 -2.680143 4.738648 -2.032879 3.125340 13.387804 9.861838 -14.922852 4.697266 -2.459073 -27.893298 0.591162 -60.607165 -25.126028 5.841030 67.617700 -73.141829 -48.112616 30.721930 -4.893641 -47.298184 5.386195 13.547657 1.628675 62.686689 -0.840432 -6.428049 -130.664668 64.919289 -106.662829 -22.752445 4.063259 -42.256078 
-0.389782 -18.037498 35.104633 173.388991 1.173225 56.720775 34.151404 11.068261 -55.518064 -15.391940 24.864111 151.585828 1.230146 -8.795829 -38.352794 nan nan nan -30.012130 -9.411847 -52.967891 6.527918 -15.763775 154.754072 5.531358 24.933733 -36.492092 nan nan nan -1.642669 2.383968 70.199563 7.478314 -7.106114 -7.139583 1.239818 -2.610101 4.850757 -2.252564 3.199514 13.046208 9.738173 -15.073639 4.740195 -2.384475 -27.458258 0.302371 -60.710479 -25.360073 6.093668 67.824694 -73.342794 -48.434622 30.850796 -4.671920 -48.049742 5.659492 13.181712 1.689151 62.115571 -1.403589 -6.888194 -126.309410 65.572653 -102.609576 -23.241691 4.069780 -41.455066 
-0.445587 -18.089466 35.051567 173.284562 1.203638 56.451640 34.108415 11.065010 -55.362615 -15.405426 24.856707 151.653948 1.093890 -8.666914 -38.359529 nan nan nan -30.082411 -9.311882 -52.862638 6.485412 -15.599256 154.800111 5.599355 25.141197 -36.548212 nan nan nan -1.520632 2.201062 70.672947 7.544541 -7.010822 -7.324206 1.289112 -2.478862 5.074810 -2.466812 3.245174 12.903751 9.593816 -15.323206 4.704769 -2.282209 -27.088306 0.142923 -60.951842 -25.638245 6.495651 68.678896 -73.524514 -49.624905 31.186038 -3.927815 -49.598777 5.872204 12.847628 1.859919 61.461538 -1.786392 -7.390213 -121.497509 66.650869 -98.615952 -24.967513 3.893532 -41.596675 
-0.491294 -18.123268 34.999554 173.257926 1.194588 56.238792 34.113909 11.034848 -55.233503 -15.426934 24.899333 151.667205 1.045518 -8.605896 -38.366848 nan nan nan -30.350740 -9.174970 -52.712533 6.483307 -15.421324 154.807974 5.725727 25.577395 -36.522770 nan nan nan -1.466059 2.094404 70.975959 7.732434 -6.977154 -7.263495 1.360842 -2.295218 5.070694 -2.811885 3.186289 13.053283 9.534645 -15.433407 4.527836 -2.288121 -27.005294 0.106919 -61.191265 -25.836787 7.022397 70.085092 -73.307379 -51.773533 30.770315 -3.552018 -51.232539 6.201194 12.697516 2.078028 60.878686 -2.429409 -7.893800 -115.266841 66.586369 -92.748619 -22.898265 4.716531 -39.341115 
-0.542368 -18.181866 34.957066 173.191929 1.206535 56.020735 34.074542 11.073047 -55.101365 -15.480241 24.994012 151.672762 1.084283 -8.319800 -38.457191 nan nan nan -30.455268 -9.103281 -52.749558 6.585813 -15.470454 154.763242 5.798980 25.693961 -36.331249 nan nan nan -1.371466 1.875564 71.365695 7.788754 -6.887844 -7.262730 1.391976 -2.114462 5.083525 -3.172372 3.074030 13.186961 9.575352 -15.376698 4.326401 -2.334232 -27.030352 0.135050 -60.853514 -26.056290 7.220292 70.708964 -73.240662 -52.985875 32.445318 -2.439504 -52.165536 6.445167 12.661607 2.309584 60.309455 -2.941219 -8.370110 -109.115483 66.861722 -87.258317 -23.508526 4.568677 -38.444314 
-0.621983 -18.237869 34.893723 173.180754 1.195109 55.868142 34.012015 11.062412 -55.075380 -15.509318 25.176467 151.687672 1.143421 -8.023146 -38.477687 nan nan nan -30.671850 -9.212103 -52.864107 6.784630 -15.659028 154.704322 5.834144 25.648962 -36.235032 nan nan nan -1.262676 1.589744 71.628346 7.848461 -6.812479 -7.158863 1.347454 -1.961192 5.120152 -3.501068 2.987418 13.144455 9.654175 -15.399198 4.029979 -2.456207 -27.014387 0.238163 -60.049932 -26.511557 7.209106 70.668434 -73.437633 -53.433877 33.085796 -1.926643 -54.055895 6.765588 12.591505 2.562999 59.619773 -3.203986 -8.733942 -102.319669 67.083082 -81.211378 -24.295454 4.410784 -38.333808 
-0.703911 -18.249853 34.791122 173.303139 1.115860 55.911401 34.016061 10.930623 -55.239547 -15.387068 25.226154 151.770068 1.054829 -8.236588 -38.543502 nan nan nan -31.212865 -9.373955 -52.910095 6.887250 -15.559829 154.690379 5.883289 26.119552 -36.352379 nan nan nan -1.156456 1.390992 71.366008 7.944753 -6.894130 -6.475969 1.403173 -1.916956 4.911899 -3.662923 3.164310 13.264216 9.674190 -15.694104 3.436904 -2.677503 -26.838339 0.427840 -60.569334 -26.449980 7.545392 74.073090 -73.165104 -57.758588 31.620015 -3.008483 -53.983686 7.153009 12.644322 2.961444 58.693176 -3.404864 -9.259529 -95.185406 67.365189 -75.389182 -25.301754 4.305136 -38.008824 
-0.767579 -18.256168 34.685184 173.434255 1.016184 55.973076 33.924308 10.882131 -55.443867 -15.293188 25.273810 151.876400 1.224214 -8.301618 -38.600183 nan nan nan -31.635166 -9.657707 -53.014361 6.977074 -15.492470 154.717369 5.835358 26.213285 -36.421675 nan nan nan -1.141844 1.215452 71.124435 8.099586 -7.000928 -5.914561 1.492218 -1.833584 4.594328 -4.026308 2.945769 13.787383 9.695763 -15.691147 2.951473 -2.956282 -26.696295 0.709974 -60.762383 -26.423812 7.722885 76.165929 -73.177953 -60.004470 31.093564 -3.408844 -53.482166 7.517278 12.914853 3.584959 57.840138 -3.644544 -9.871248 -87.705484 67.143002 -68.809553 -25.336474 4.461175 -37.310869 
-0.811153 -18.343443 34.636623 173.246711 0.912808 55.886430 33.919230 11.033752 -55.343831 -15.269309 25.293749 151.908005 1.338893 -8.362541 -38.569794 nan nan nan -31.622289 -9.671432 -53.290464 6.924989 -15.471145 154.739559 5.718286 25.972982 -36.369438 nan nan nan -1.162967 1.054220 71.282655 8.060070 -6.829845 -5.693344 1.518156 -1.662522 4.617485 -4.296617 2.850755 13.718063 9.769581 -15.796056 2.764608 -2.991947 -26.504241 0.676586 -60.806147 -26.520864 8.126235 78.124689 -73.084396 -61.976016 30.847009 -3.575980 -53.665093 7.874544 13.087166 3.765446 57.165768 -3.951212 -9.978681 -80.543509 66.160917 -62.466573 -24.356132 4.849288 -36.307952 
-0.865093 -18.494940 34.653889 172.871176 0.917084 55.586597 33.960222 11.181202 -55.008248 -15.264057 25.220470 151.913234 1.356707 -8.242642 -38.617310 nan nan nan -31.230357 -9.464150 -53.463392 6.857317 -15.427005 154.691751 5.575316 25.623972 -36.370780 nan nan nan -1.012792 0.761726 71.942497 7.784845 -6.486790 -5.672707 1.654836 -1.538959 4.373612 -4.853393 2.448716 13.924153 9.683942 -15.433126 2.882637 -3.174142 -26.497440 0.945762 -60.735969 -26.586637 8.088220 80.676195 -72.800640 -65.024495 30.405322 -3.508240 -54.771951 7.937441 13.509166 4.199029 56.778906 -4.288352 -10.348448 -73.785189 64.898942 -56.876472 -23.403398 4.975154 -35.539253 
-0.931466 -18.609299 34.679451 172.643769 0.954343 55.329596 33.948494 11.250522 -54.765244 -15.275844 25.238865 151.917221 1.263594 -8.033849 -38.655109 nan nan nan -31.052209 -9.317043 -53.450904 6.964392 -15.505582 154.602889 5.570798 25.547389 -36.354162 nan nan nan -0.805661 0.478876 72.413269 7.607182 -6.176316 -5.517843 1.715143 -1.467801 4.603415 -5.069374 2.393334 13.276745 9.711441 -15.579173 2.917358 -3.110120 -26.271975 0.653526 -60.817165 -26.852589 8.563255 82.772611 -72.387241 -67.763217 30.133344 -3.441435 -55.292358 8.162533 13.480970 3.887718 55.891955 -4.476965 -10.405708 -66.846742 63.631376 -51.560390 -21.995952 4.861419 -35.014008 
-0.987090 -18.690937 34.661819 172.564877 0.893540 55.136613 33.831424 11.302800 -54.623500 -15.291185 25.323899 151.919644 1.195687 -7.794109 -38.654419 nan nan nan -30.978179 -9.411442 -53.518853 7.200484 -15.548237 154.608738 5.442128 25.403082 -36.255492 nan nan nan -0.719074 0.292453 72.718755 7.560669 -5.994862 -5.228800 1.831079 -1.394679 4.536195 -5.326239 1.938418 13.222224 9.810529 -15.561815 2.675638 -3.256281 -26.243329 0.708844 -60.633575 -26.898238 8.772057 85.070673 -72.116735 -70.203340 30.562483 -2.946582 -55.207721 8.416541 13.742493 3.973330 54.953680 -4.672777 -10.797793 -60.220551 62.410017 -46.446820 -20.970553 4.411784 -34.911350 
-1.018716 -18.775019 34.610252 172.491528 0.804556 55.036011 33.758501 11.368693 -54.545966 -15.320199 25.439380 151.914751 1.174590 -7.602805 -38.771085 nan nan nan -31.008759 -9.429451 -53.629005 7.268224 -15.603380 154.655308 5.393549 25.227574 -36.243284 nan nan nan -0.657475 0.189275 72.919163 7.580382 -5.787478 -4.950905 1.951454 -1.304938 4.545231 -5.525238 1.687760 13.107132 9.826324 -15.680087 2.413441 -3.358261 -26.149206 0.681608 -60.602924 -27.024679 9.230300 87.079874 -71.780879 -72.236655 31.457278 -2.429732 -55.015348 8.686220 13.916546 3.934488 53.913462 -4.911950 -10.995459 -53.731681 61.092689 -41.426432 -20.573967 4.028224 -35.421104 
-1.049905 -18.864759 34.545181 172.402184 0.741927 54.936530 33.709254 11.411827 -54.485020 -15.383200 25.609432 151.895196 1.080111 -7.437288 -38.915754 nan nan nan -31.036021 -9.382820 -53.729176 7.202483 -15.769255 154.787433 5.542180 24.774198 -36.298653 nan nan nan -0.544514 0.078184 73.224982 7.592946 -5.570493 -4.874292 2.153654 -1.286302 4.432788 -5.928010 1.395238 13.248503 9.639399 -15.411240 2.268185 -3.617258 -26.041593 0.954133 -60.593242 -27.217489 9.518938 89.083258 -71.525689 -74.290858 31.590998 -2.302692 -55.470787 8.923549 14.204260 4.276258 52.896882 -5.076682 -11.230614 -47.803446 59.548078 -37.147560 -20.205387 3.773941 -36.184574 
-1.111226 -18.951082 34.502934 172.333091 0.690086 54.768035 33.617414 11.411589 -54.435047 -15.398383 25.760838 151.910057 0.920347 -7.265969 -38.883943 nan nan nan -31.075686 -9.360018 -53.784585 7.346411 -15.750874 154.623333 5.334134 24.858012 -36.482460 nan nan nan -0.309811 -0.084679 73.516086 7.601624 -5.413442 -4.687163 2.286428 -1.257974 4.382308 -6.164524 1.135184 13.311982 9.574961 -15.528318 2.040284 -3.795128 -25.969344 1.086086 -60.497423 -27.389010 9.758904 91.167112 -71.154622 -76.636580 30.943952 -2.381648 -56.812699 9.224968 14.447693 4.667518 51.929671 -5.157391 -11.417067 -43.179505 57.837285 -34.154511 -19.494524 3.077145 -36.817785 
-1.189267 -19.050743 34.461288 172.264842 0.608407 54.609664 33.564675 11.361170 -54.395959 -15.346442 25.939689 151.910374 0.842245 -7.101487 -38.785047 nan nan nan -31.146896 -9.357674 -53.848753 7.517603 -15.763459 154.502948 5.082625 24.911481 -36.717508 nan nan nan -0.125320 -0.329813 73.677843 7.570487 -5.274907 -4.288734 2.313466 -1.131181 4.319502 -6.348821 0.989537 13.273067 9.531803 -15.756055 1.940799 -3.865421 -26.017008 1.217320 -60.032805 -27.434235 9.873502 93.230964 -70.792560 -78.869950 30.745317 -2.420686 -57.816350 9.603247 14.798341 5.142934 50.957026 -5.206433 -11.705150 -39.103586 56.027081 -31.495729 -18.457733 2.681515 -37.378916 
-1.243304 -19.145082 34.406654 172.231899 0.581564 54.486742 33.397216 11.393385 -54.499979 -15.323878 25.990697 151.989639 0.797448 -6.927708 -38.726044 nan nan nan -31.086757 -9.437323 -53.959132 7.486588 -15.789423 154.546441 5.085507 24.584961 -36.654653 nan nan nan 0.002284 -0.606620 73.830632 7.543891 -5.126943 -3.976081 2.402004 -0.982412 4.256484 -6.696224 0.735801 13.298977 9.488665 -15.658107 1.899516 -4.016356 -26.079061 1.412097 -59.598044 -27.393949 9.996147 95.491092 -70.479965 -81.076910 31.325917 -2.094263 -57.946000 9.925013 15.201822 5.580636 49.925411 -5.336274 -12.027653 -34.604518 54.247197 -28.254040 -17.836047 2.621495 -37.400603 
-1.324787 -19.260065 34.362579 172.357759 0.536960 54.403748 32.960300 11.337033 -54.778618 -15.238498 25.967886 152.112027 0.776859 -6.697202 -38.718183 nan nan nan -31.138089 -9.640063 -53.965847 7.576537 -15.724792 154.499139 5.091808 24.541783 -36.760332 nan nan nan 0.178089 -0.886891 74.042526 7.588807 -5.015522 -3.877737 2.515721 -0.950684 4.311387 -6.949760 0.318880 13.230747 9.362955 -15.603289 1.947064 -4.173991 -26.095081 1.520384 -59.582415 -27.570830 10.308927 97.284984 -69.953174 -82.832219 32.002879 -1.427412 -57.900131 10.155830 15.515520 5.788939 48.816264 -5.368516 -12.210500 -29.964498 52.144677 -24.991068 -17.613987 2.580659 -37.020553 
-1.404592 -19.369032 34.326767 172.459601 0.432371 54.318573 32.705427 11.260823 -54.918458 -15.146222 26.046514 152.141172 0.686013 -6.603422 -38.659826 nan nan nan -31.298848 -9.781057 -53.985713 7.668924 -15.731644 154.452360 5.104638 24.500556 -36.859387 nan nan nan 0.324529 -1.090980 74.253053 7.666206 -4.878169 -3.709786 2.650493 -0.999406 4.289122 -7.148650 -0.169236 13.142746 9.134191 -15.577974 2.012712 -4.288555 -26.006105 1.581406 -59.747885 -27.760116 10.745015 98.906910 -69.342764 -84.469282 32.698386 -0.840090 -58.056125 10.389796 15.870715 5.905816 47.701261 -5.377193 -12.282184 -25.873443 49.638658 -22.503397 -16.990076 3.028151 -36.980684 
-1.424819 -19.449125 34.252838 172.297954 0.294686 54.292298 32.814032 11.432858 -54.909100 -15.127626 26.157692 152.152939 0.668264 -6.566923 -38.637322 nan nan nan -31.260362 -9.672846 -54.288782 7.688713 -15.849141 154.509708 4.849828 24.289248 -36.918880 nan nan nan 0.356742 -1.139442 74.244196 7.682703 -4.626716 -3.288644 2.826189 -1.002319 4.174004 -7.421690 -0.393208 13.186322 8.970243 -15.493373 1.991707 -4.449133 -25.842528 1.652619 -59.750755 -27.819984 11.224883 100.841325 -68.767694 -86.444334 33.385003 -0.511160 -58.254769 10.677638 16.287524 6.170668 46.651017 -5.325258 -12.307662 -22.320086 46.999636 -20.354868 -15.911468 3.801599 -36.968403 
-1.427771 -19.529978 34.169529 172.072033 0.197894 54.272871 32.952711 11.683154 -54.944418 -15.124007 26.192765 152.203876 0.645219 -6.540023 -38.620728 nan nan nan -31.193710 -9.482289 -54.582865 7.624031 -15.969443 154.571822 4.435800 24.096393 -37.039120 nan nan nan 0.405148 -1.217782 74.159362 7.659650 -4.385847 -2.749409 2.974461 -0.881954 3.957737 -7.681419 -0.538386 13.408165 8.909599 -15.448426 1.896413 -4.668570 -25.761782 1.834243 -59.698024 -27.916025 11.580957 102.624041 -68.201465 -88.078522 33.531157 -0.753099 -58.002515 10.997262 16.698183 6.597460 45.615632 -5.169578 -12.428897 -19.094408 44.408892 -18.516511 -15.115178 4.138072 -36.402621 
-1.447034 -19.637539 34.126396 171.939963 0.157532 54.179871 33.040176 11.781909 -54.970899 -15.090475 26.195874 152.224712 0.566277 -6.600427 -38.577617 nan nan nan -31.135477 -9.352871 -54.713073 7.553929 -16.005146 154.567273 4.181632 23.942109 -37.274006 nan nan nan 0.570285 -1.466597 74.394284 7.612120 -4.152875 -2.635733 3.017362 -0.754276 3.935181 -7.785373 -0.729114 13.385514 8.887545 -15.587404 1.903928 -4.774568 -25.606406 1.982184 -59.784631 -28.085837 11.924117 104.265582 -67.670028 -89.611664 33.052901 -1.390565 -57.983493 11.249165 17.016248 6.831439 44.736455 -5.014936 -12.339860 -16.301616 41.800553 -17.242766 -14.610642 4.333443 -35.498700 
-1.476819 -19.744658 34.096527 171.931495 0.119425 53.995895 33.079426 11.777505 -54.951811 -15.109251 26.297303 152.201070 0.506856 -6.605472 -38.475275 nan nan nan -31.086984 -9.383814 -54.731582 7.525931 -16.015898 154.544397 4.186499 23.688253 -37.550457 nan nan nan 0.775119 -1.777596 74.778505 7.579171 -3.967027 -2.796302 3.043904 -0.732308 4.227626 -7.897974 -1.021965 13.066987 8.825122 -15.673173 1.946552 -4.713695 -25.377690 1.931107 -59.950164 -28.247267 12.318011 105.887624 -67.176395 -91.213953 33.310556 -0.951079 -58.229155 11.377067 17.412899 6.802802 44.095168 -4.880703 -11.998693 -13.959371 39.056803 -16.045680 -14.375745 4.868929 -34.599584 
-1.495585 -19.843796 34.033447 171.908916 0.003388 53.874649 33.055237 11.834326 -54.986831 -15.136459 26.397731 152.182374 0.450450 -6.524823 -38.351002 nan nan nan -31.137103 -9.383816 -54.849652 7.477471 -16.048256 154.551364 4.029569 23.617040 -37.789220 nan nan nan 0.898041 -1.932838 74.960883 7.611262 -3.801741 -2.753542 3.150899 -0.728177 4.404389 -8.063783 -1.253822 12.936572 8.721178 -15.706194 1.875175 -4.755147 -25.196936 2.004177 -60.078457 -28.436216 12.691661 107.431830 -66.545416 -92.774963 33.904613 -0.303016 -58.345806 11.521764 17.837949 6.992991 43.443304 -4.638556 -11.851521 -11.804600 36.341653 -14.804029 -14.245050 5.302088 -33.599932 
-1.471732 -19.941914 33.937836 171.780912 -0.094963 53.931874 33.182088 11.993067 -55.149684 -15.191884 26.511985 152.176642 0.415846 -6.504981 -38.357553 nan nan nan -31.148353 -9.326124 -55.221448 7.500922 -16.230650 154.615746 3.792659 23.854003 -37.749175 nan nan nan 0.907859 -1.954216 74.839266 7.723700 -3.624438 -2.303943 3.343791 -0.559395 4.161141 -8.312665 -1.424136 13.198346 8.603167 -15.715039 1.744212 -5.061980 -25.116353 2.364772 -60.181105 -28.501647 13.048083 109.216762 -65.767920 -94.595298 34.385309 -0.077351 -58.417347 11.910018 18.302138 7.521037 42.588189 -4.474941 -11.930899 -9.862504 33.710481 -13.676269 -13.693474 5.542703 -32.259851 
-1.530275 -20.080683 33.936581 171.976718 -0.163725 53.743408 32.834938 11.796289 -55.248593 -15.160442 26.647757 152.107657 0.535894 -6.153040 -38.318591 nan nan nan -31.206810 -9.525166 -55.153379 7.730886 -16.265504 154.543392 3.673331 23.916890 -37.609904 nan nan nan 0.955031 -2.234526 75.329509 7.866624 -3.584219 -2.200941 3.570479 -0.398181 3.905282 -8.711179 -1.799413 13.145074 8.301235 -15.566169 1.991349 -5.244436 -25.067914 2.491315 -60.501812 -28.405691 13.328892 111.023135 -64.962398 -96.132193 34.942075 0.241637 -58.581855 12.101263 18.870469 7.800831 41.885178 -4.505401 -11.933241 -8.217996 31.082986 -12.836755 -12.550043 5.882147 -30.696928 
-1.520761 -20.196756 33.875561 171.900018 -0.196647 53.734888 32.950078 11.873909 -55.364965 -15.219888 26.803639 152.052984 0.667268 -6.017495 -38.341279 nan nan nan -31.108276 -9.505870 -55.499448 7.770495 -16.463973 154.588059 3.517467 23.759145 -37.545110 nan nan nan 1.014786 -2.366308 75.368787 8.053946 -3.369034 -1.756047 3.711272 -0.212337 3.592211 -9.085919 -2.142608 13.164201 8.154644 -15.564838 2.001425 -5.555105 -25.066366 2.685705 -60.597338 -28.350206 13.632772 112.550168 -64.119511 -97.513177 35.108037 0.415463 -58.517916 12.559714 19.460654 8.292235 41.143837 -4.618353 -11.942729 -7.190800 28.669537 -12.351461 -10.849124 6.092614 -28.869749 
-1.580236 -20.348717 33.874485 172.180532 -0.298398 53.476050 32.618638 11.548906 -55.405473 -15.102356 26.943846 151.983062 0.866095 -5.703612 -38.298543 nan nan nan -31.235744 -9.754408 -55.430784 7.890732 -16.415303 154.517541 3.426027 23.563402 -37.560548 nan nan nan 1.220975 -2.717468 75.820916 8.147123 -3.332968 -1.846331 3.787366 -0.193481 3.757377 -9.364948 -2.582207 12.765362 8.020532 -15.524308 2.291990 -5.531052 -25.007160 2.605684 -60.834786 -28.469596 13.887341 113.747282 -63.484159 -98.831941 34.896054 0.292415 -58.569911 12.816158 19.875279 8.363350 40.713586 -4.646494 -11.838230 -6.490829 26.407698 -12.280789 -9.000301 6.311032 -26.411049 
-1.602785 -20.477964 33.831745 172.322950 -0.376646 53.254069 32.593867 11.402709 -55.428097 -15.020611 27.074232 151.927979 0.989559 -5.614864 -38.285219 nan nan nan -31.312941 -9.857831 -55.438829 7.900422 -16.353448 154.512017 3.327449 23.423305 -37.605457 nan nan nan 1.439044 -3.039362 76.173121 8.176769 -3.240693 -1.825856 3.867851 -0.132635 3.803417 -9.554933 -2.944638 12.417673 7.849179 -15.582052 2.661155 -5.457291 -24.918494 2.600767 -61.150098 -28.490707 14.195116 115.175815 -62.769431 -100.332496 35.026820 0.430064 -58.823412 13.091252 20.200505 8.478144 40.381338 -4.642235 -11.807155 -5.774692 24.236914 -12.010304 -7.728408 6.807406 -24.245212 
-1.616215 -20.590353 33.754662 172.388172 -0.401471 53.189048 32.841154 11.328055 -55.564217 -14.942683 27.234145 151.867448 1.046666 -5.694518 -38.305817 nan nan nan -31.421328 -9.873580 -55.554581 7.840682 -16.413479 154.488777 3.171176 23.355958 -37.803834 nan nan nan 1.646933 -3.357853 76.269398 8.265309 -3.115353 -1.579248 3.972744 0.002219 3.626205 -9.858092 -3.224091 12.403231 7.693857 -15.678929 2.713165 -5.549026 -24.851465 2.823360 -61.474659 -28.504848 14.499819 116.323324 -61.785532 -101.781333 34.772844 0.559241 -60.800413 13.467416 20.521334 8.885981 40.141691 -4.645241 -11.746599 -5.499616 22.245253 -11.731687 -6.912216 7.315665 -22.488875 
-1.632318 -20.711441 33.672676 172.578838 -0.460840 53.227444 32.919748 11.149233 -55.868937 -14.824406 27.421077 151.832660 1.158704 -5.773395 -38.328396 nan nan nan -31.634915 -10.033848 -55.719426 7.795388 -16.505342 154.436732 2.980928 23.036944 -38.126709 nan nan nan 1.900713 -3.688242 76.181065 8.417720 -3.106110 -1.424187 4.057653 0.090708 3.632723 -10.124944 -3.299697 12.361458 7.592759 -15.896645 2.662383 -5.711425 -24.859748 2.973270 -61.584347 -28.542943 14.557874 117.312095 -61.301766 -102.430933 33.495684 0.075744 -60.978564 13.882262 20.817945 9.281965 39.981368 -4.632719 -11.959375 -5.639287 20.448067 -11.646046 -5.256064 7.464189 -20.743754 
-1.603082 -20.846828 33.622852 172.763294 -0.709216 53.194652 32.849386 11.026059 -55.949744 -14.774708 27.637704 151.702798 1.124179 -5.819230 -38.357682 nan nan nan -31.878744 -10.116511 -55.954214 7.802597 -16.470162 154.384327 2.974819 22.780051 -38.205048 nan nan nan 1.962744 -3.796213 76.319480 8.584016 -3.082095 -1.588977 4.163320 0.166323 3.901942 -10.140086 -3.255555 12.082777 7.577898 -16.304948 2.583233 -5.776953 -24.699713 3.073613 -61.606378 -28.574183 14.550551 118.661689 -60.869833 -103.334660 31.579142 -0.935424 -61.555381 14.323704 20.898412 9.472600 39.812707 -4.485677 -12.184268 -5.764985 18.850735 -11.582037 -3.739114 7.379357 -19.142636 
-1.504475 -20.997330 33.606064 172.696996 -1.109642 53.030154 32.857052 11.219445 -55.648032 -14.877220 27.798050 151.445135 1.007619 -5.813741 -38.296175 nan nan nan -31.889951 -9.915466 -56.297733 7.809785 -16.426549 154.366508 2.847331 22.660897 -38.120893 nan nan nan 1.833136 -3.551833 76.688280 8.777144 -2.887446 -1.725238 4.344402 0.299649 4.087186 -10.080015 -3.269091 11.806765 7.518183 -16.747629 2.535273 -5.698021 -24.562837 3.152546 -61.740134 -28.565654 14.701308 119.926357 -60.154263 -104.353469 31.690141 -0.899966 -62.299819 14.796707 20.942331 9.635318 39.764083 -4.544660 -12.152354 -5.932605 17.799574 -11.343702 -3.989133 7.316012 -18.235254 
-1.485997 -21.124050 33.526489 172.732112 -1.200072 52.895431 32.897060 11.233556 -55.736460 -14.881501 27.851031 151.387697 1.120055 -5.751295 -38.256178 nan nan nan -31.836928 -9.955673 -56.507791 7.862947 -16.503103 154.359809 2.622130 22.626527 -38.091805 nan nan nan 2.091046 -3.757035 76.920560 8.861193 -2.790134 -1.629854 4.570892 0.359331 3.613579 -10.651841 -3.795379 12.350043 7.192984 -16.273175 2.627252 -5.906411 -24.704215 3.768756 -61.898031 -28.430653 14.455199 121.241659 -59.354245 -105.460422 34.515926 0.737705 -61.476282 15.137901 21.271797 10.470388 39.828404 -4.946982 -12.577745 -5.808546 17.099752 -11.276575 -5.442828 7.433108 -17.753831 
-1.487332 -21.290886 33.523876 172.904356 -1.262246 52.545682 32.468636 11.089923 -55.750752 -14.834497 27.630300 151.332710 1.024603 -5.589627 -38.154894 nan nan nan -31.826744 -9.968003 -56.299434 7.850937 -16.300464 154.273419 2.655881 22.796918 -38.062561 nan nan nan 2.364527 -4.141312 77.555773 8.872931 -2.723788 -1.854330 4.646681 0.408226 3.787382 -10.549542 -3.872134 11.822043 6.977901 -16.461131 2.754081 -5.680359 -24.406781 3.530460 -62.137751 -28.356578 14.229433 122.584528 -59.179883 -106.402604 31.976905 -0.312633 -63.054378 15.243307 21.137681 10.418323 39.970600 -4.922003 -12.799344 -5.832089 16.252226 -11.309845 -5.524214 7.601459 -17.053286 
-1.530363 -21.427542 33.412838 173.069514 -1.034576 52.553974 32.326033 10.949061 -56.369132 -14.755979 27.681380 151.474914 1.224957 -5.194839 -38.210328 nan nan nan -31.724437 -10.241709 -56.462607 7.831421 -16.440331 154.295979 2.419791 22.557228 -38.178359 nan nan nan 2.922775 -4.847962 77.443042 8.903951 -2.673392 -1.735340 4.694245 0.363589 3.571101 -11.197578 -4.396392 12.150349 6.569444 -15.759702 3.044638 -5.821791 -24.484049 3.906075 -62.351939 -28.047116 14.035644 123.656423 -58.299094 -107.245922 34.385589 1.053818 -62.130126 15.387374 21.331385 10.911729 40.021620 -5.209096 -13.332266 -5.615423 15.478254 -11.502641 -5.221290 7.674941 -16.214981 
-1.564231 -21.562832 33.281673 173.266730 -0.929206 52.707909 32.380591 10.747094 -56.981762 -14.550385 27.833943 151.563858 1.630986 -4.968879 -38.442937 nan nan nan -31.781778 -10.515333 -56.797336 7.801631 -16.552201 154.330646 2.132284 22.432855 -38.188274 nan nan nan 3.455381 -5.498846 77.086274 8.968073 -2.664650 -1.495341 4.612026 0.240772 3.413278 -11.529966 -4.615627 12.232795 6.331242 -15.582088 3.076927 -6.061018 -24.314507 4.355129 -62.198698 -27.974812 13.690850 124.694999 -57.627705 -108.214254 34.659335 1.089234 -62.766757 15.744085 21.228151 11.452512 39.904308 -5.136780 -13.738917 -5.556354 14.869623 -11.701773 -4.933583 7.797503 -15.803208 
-1.507036 -21.784006 33.321186 173.488360 -1.421278 52.310591 31.831106 10.634675 -56.627410 -14.478054 27.958687 151.279188 2.241397 -4.428732 -38.587854 nan nan nan -31.807666 -10.445278 -56.816138 7.875317 -16.448422 154.251107 2.110169 21.802851 -38.182846 nan nan nan 3.322797 -5.398645 77.728597 9.129813 -2.620676 -1.642959 4.740864 0.129320 3.662568 -11.378422 -4.575828 11.442125 6.212569 -15.744021 3.265943 -5.805234 -23.915734 4.060743 -62.045032 -27.918961 13.546338 125.818806 -57.096060 -109.205884 35.433936 1.725424 -63.011833 15.848952 21.067975 11.040923 40.172142 -5.104514 -13.458323 -5.961427 14.477028 -12.469002 -5.493070 7.774190 -15.101517 
-1.402256 -21.927971 33.302162 173.471110 -1.983901 52.189571 31.545105 10.793927 -56.301115 -14.417752 27.970707 151.096677 2.507335 -4.275509 -38.822320 nan nan nan -31.889499 -10.258211 -57.204906 7.814825 -16.294529 154.285231 2.009829 21.342108 -38.473855 nan nan nan 2.884996 -5.374371 78.170028 9.108287 -2.554426 -2.208793 4.693619 0.287939 4.195376 -11.099763 -4.131636 11.184279 6.531279 -16.131364 2.915183 -5.768878 -23.236119 3.832441 -61.677252 -27.523073 13.136777 127.332281 -56.994877 -110.314891 32.686732 0.344335 -63.996493 16.242955 20.782210 10.812071 40.400687 -4.841211 -13.366606 -6.427935 14.029071 -12.470128 -5.803061 7.609183 -14.023861 
-1.338018 -22.078611 33.266296 173.525801 -2.306490 51.905043 31.285306 10.762548 -56.074628 -14.348462 27.883486 151.031751 2.690467 -4.109189 -38.911200 nan nan nan -32.069515 -10.203583 -57.256082 7.742959 -16.166935 154.269574 1.772299 21.113669 -38.631735 nan nan nan 2.885668 -5.508804 78.567394 9.028043 -2.592974 -2.276856 4.978296 0.254982 3.582216 -11.729002 -4.511560 12.412514 6.135580 -15.483626 3.030353 -6.157728 -23.283968 4.882987 -61.354098 -26.980560 12.041261 128.695935 -56.442516 -111.559981 32.020534 -0.113111 -63.304987 16.309722 21.000664 11.731585 40.852115 -4.983740 -14.011468 -6.368336 13.900539 -12.291172 -6.755099 7.365144 -12.761205 
-1.334541 -22.255482 33.257710 173.763036 -2.450757 51.641905 30.867091 10.682304 -56.160778 -14.312910 27.917938 150.942897 2.727360 -3.741402 -38.748749 nan nan nan -32.323595 -10.333203 -57.111522 7.813638 -16.125690 154.121590 1.699041 21.190498 -38.710879 nan nan nan 3.049444 -5.916557 78.880775 9.070168 -2.597826 -2.466351 4.893801 0.173216 4.178327 -11.393301 -4.211809 11.259128 6.175867 -15.913076 3.150055 -5.790577 -22.622923 4.230905 -61.578646 -26.608637 12.395341 129.606254 -55.806137 -112.609023 32.601966 -0.283895 -63.659617 16.349663 20.542488 10.912599 40.927570 -4.894911 -13.314970 -6.422010 13.840770 -12.292159 -7.995683 7.330678 -11.706102 
-1.345192 -22.449476 33.239410 173.930787 -2.592982 51.403536 30.460447 10.677883 -56.291331 -14.172750 27.891710 150.936812 2.838030 -3.306927 -38.680825 nan nan nan -32.300837 -10.430756 -57.135865 7.935191 -16.068514 153.984286 1.586634 20.863495 -38.968927 nan nan nan 3.195889 -6.319494 79.219652 9.058959 -2.591657 -2.615676 4.978394 0.061363 3.980332 -11.789747 -4.679901 11.717718 5.945481 -15.332341 3.272356 -5.950462 -22.375550 4.700539 -61.119575 -25.998557 11.797318 130.630072 -55.225517 -113.797430 34.468233 0.580579 -63.968029 16.324324 20.659870 11.173465 41.250903 -5.103339 -13.357561 -6.421451 13.777472 -12.296613 -8.997040 7.664955 -10.604741 
-1.327661 -22.632074 33.213856 174.091984 -2.787747 51.171775 30.095641 10.610189 -56.339929 -13.899567 27.677137 150.937132 2.810352 -3.049444 -38.765307 nan nan nan -32.339523 -10.402385 -57.153098 7.873113 -15.875873 153.909445 1.496539 20.671491 -39.239239 nan nan nan 3.342281 -6.637400 79.449810 9.043195 -2.611127 -2.533129 5.035221 -0.063068 3.754182 -11.749998 -4.697344 11.949078 5.640033 -15.209052 3.249572 -6.369830 -22.090683 5.164039 -60.326004 -25.493571 10.636030 131.773668 -55.233247 -114.581502 32.020379 -1.106915 -64.790004 16.453323 20.609867 11.481598 41.462202 -5.018614 -13.638383 -6.623833 13.745601 -11.935222 -9.163445 7.886008 -9.583698 
-1.286322 -22.809010 33.163017 174.183887 -3.012999 50.932651 29.866760 10.653884 -56.330993 -13.739946 27.567640 150.878353 2.817630 -2.815643 -38.798778 nan nan nan -32.280940 -10.346943 -57.275538 7.764355 -15.820781 153.935437 1.320959 20.463995 -39.201609 nan nan nan 3.443002 -6.816123 79.573439 9.092779 -2.614144 -2.338228 5.085535 -0.168092 3.697770 -11.625748 -4.680931 11.843207 5.432729 -15.228908 3.242756 -6.609828 -21.827115 5.264402 -60.112441 -24.898021 9.819019 132.027648 -54.807392 -114.085529 30.918054 -1.821500 -62.972281 16.526889 20.544799 11.497193 41.659575 -5.052769 -13.722314 -6.830081 13.970923 -11.526621 -9.614214 7.646989 -8.530595 
-1.240415 -23.005074 33.103504 174.226821 -3.167639 50.786953 29.762022 10.782317 -56.432578 -13.792974 27.730673 150.777251 2.984347 -2.367044 -38.824205 nan nan nan -32.061797 -10.420877 -57.537298 7.679555 -15.955746 154.020522 1.116654 19.839110 -39.191597 nan nan nan 3.474133 -7.052802 79.675601 9.144041 -2.538087 -2.518691 5.107653 -0.220028 3.932867 -11.823508 -5.005817 11.756139 5.475351 -14.954160 3.370365 -6.590053 -21.443009 5.281441 -59.922418 -24.810583 9.784163 133.132613 -53.794390 -115.763244 33.672711 0.268123 -63.806161 16.533259 20.406564 11.328591 41.765912 -5.085315 -13.310895 -6.791099 14.107208 -11.402027 -11.182196 7.502430 -7.572695 
-1.172793 -23.200016 33.041462 174.170828 -3.301819 50.646335 29.740516 11.000615 -56.492432 -13.879826 27.842408 150.683416 3.036620 -1.976172 -38.939080 nan nan nan -31.859852 -10.368378 -57.858723 7.506412 -16.043720 154.114410 0.839264 19.232924 -39.279628 nan nan nan 3.466633 -7.350308 79.771842 9.109504 -2.499551 -2.583253 5.047257 -0.186479 3.945852 -11.970810 -5.199843 12.066373 5.488459 -14.680266 3.413777 -6.913736 -21.044162 5.558563 -59.018171 -24.265774 9.228011 134.172851 -53.166422 -117.156485 34.997128 1.123912 -64.343614 16.709250 20.409278 11.392052 41.925193 -5.142666 -12.984305 -6.932561 14.278401 -11.129340 -12.665483 7.132293 -6.942535 
-1.043861 -23.371164 32.935619 173.905571 -3.489183 50.635220 29.966081 11.395206 -56.555263 -13.955646 27.897920 150.636771 2.945186 -1.912679 -39.072655 nan nan nan -31.629390 -10.044924 -58.435330 7.217429 -16.172326 154.233099 0.498923 18.803153 -39.391193 nan nan nan 3.389232 -7.546415 79.641108 9.048989 -2.486568 -2.312275 4.871188 0.032003 3.647430 -11.945521 -5.013949 12.577893 5.473926 -14.632720 3.404261 -7.511253 -20.650260 6.115281 -57.911055 -23.548130 8.366957 134.610547 -52.795209 -117.831713 35.009805 0.626066 -64.532334 17.177014 20.470290 11.838153 42.031048 -5.109334 -12.780894 -7.140420 14.336772 -10.360375 -14.486059 6.777032 -7.003239 
-0.945764 -23.586018 32.847759 173.941933 -3.657528 50.576376 29.889201 11.404172 -56.769930 -13.860842 27.902797 150.622019 3.019084 -1.796977 -39.163806 nan nan nan -31.530270 -9.942605 -58.794011 7.031246 -16.229914 154.292859 0.346649 18.439314 -39.495361 nan nan nan 3.409694 -7.794734 79.578234 9.018077 -2.468618 -2.325686 4.819014 -0.000699 3.667474 -11.841046 -4.977842 12.699864 5.389468 -14.567093 3.492548 -7.748525 -20.283146 6.465543 -57.289720 -22.984089 7.622795 134.673670 -52.371712 -117.756398 34.795627 0.118771 -64.192241 17.379347 20.502269 12.085573 42.111148 -4.913740 -12.745786 -7.177605 14.211918 -9.875755 -15.922126 6.923945 -6.649627 
-0.916028 -23.808733 32.832096 174.122595 -3.923167 50.311018 29.471729 11.267338 -56.763447 -13.720522 27.890545 150.540056 3.193901 -1.500519 -39.208077 nan nan nan -31.507349 -9.981093 -58.872361 7.083099 -16.096487 154.218887 0.251752 18.041543 -39.722753 nan nan nan 3.501606 -8.040100 79.802506 8.972382 -2.375171 -2.574624 4.915519 -0.309887 3.842931 -11.855104 -5.185259 12.825858 5.289357 -14.201335 3.486757 -7.940875 -19.993213 6.684276 -56.945887 -22.538415 6.843725 134.929489 -51.894708 -117.706145 34.476864 0.158643 -64.164125 17.260514 20.553002 12.130913 42.283299 -4.752493 -12.697873 -7.249793 14.171684 -9.719293 -17.243713 6.804422 -6.219911 
-0.870192 -24.011524 32.808224 174.149789 -4.194153 50.030321 29.239453 11.290011 -56.630112 -13.627362 27.874197 150.465242 3.360653 -1.277416 -39.217669 nan nan nan -31.506095 -9.893039 -59.003898 7.103334 -15.962219 154.113602 0.104559 17.657425 -39.959358 nan nan nan 3.565024 -8.268867 80.050090 8.874937 -2.241712 -2.738600 4.974363 -0.528759 3.840920 -11.890457 -5.384502 13.107952 5.190039 -13.910624 3.532785 -8.146897 -19.664780 6.889348 -56.735179 -22.002856 6.190036 135.344264 -51.489097 -117.902780 34.331179 0.186456 -64.205390 17.121393 20.639972 12.218931 42.530780 -4.696462 -12.678171 -7.306375 14.178643 -9.557834 -18.397377 6.536256 -5.922091 
-0.785038 -24.212429 32.760746 174.198313 -4.418053 49.772672 29.087979 11.367683 -56.585529 -13.574151 27.908095 150.378592 3.509087 -0.910901 -39.194947 nan nan nan -31.551536 -9.810849 -59.165319 7.028961 -15.940925 154.058783 -0.096389 17.290543 -40.034172 nan nan nan 3.552694 -8.476318 80.206413 8.833623 -2.169136 -2.912380 4.944568 -0.571693 3.917516 -11.843161 -5.595656 13.438781 5.138283 -13.731004 3.515622 -8.331416 -19.354092 7.131211 -56.334588 -21.466054 5.702791 135.630205 -51.147561 -118.208906 34.748998 0.505860 -64.163130 17.187812 20.715324 12.253996 42.593746 -4.630825 -12.597776 -7.177821 13.929658 -9.368288 -19.124701 6.362314 -5.925252 
-0.685265 -24.420429 32.687382 174.284547 -4.654900 49.548039 28.947330 11.415744 -56.609621 -13.539986 28.005822 150.236823 3.483126 -0.703757 -39.088327 nan nan nan -31.582764 -9.769410 -59.413081 6.945434 -16.013679 154.063379 -0.207979 16.944438 -39.991538 nan nan nan 3.490926 -8.621257 80.240987 8.876456 -2.178768 -2.937438 4.852171 -0.536373 4.056203 -11.660307 -5.656830 13.470265 5.104048 -13.661447 3.492467 -8.520351 -18.941169 7.233206 -55.779259 -20.911187 5.294044 135.709524 -50.862489 -118.436105 35.141449 0.668253 -63.956993 17.296536 20.653477 12.123398 42.513366 -4.382484 -12.456943 -6.906800 13.571609 -9.367357 -19.894468 6.180141 -5.912094 
-0.590334 -24.630827 32.616718 174.273531 -4.922144 49.313373 28.840264 11.495917 -56.542109 -13.581964 28.077493 150.038780 3.303897 -0.790159 -38.999745 nan nan nan -31.460904 -9.664555 -59.707432 6.842598 -16.043221 154.052947 -0.370454 16.450074 -39.934920 nan nan nan 3.468019 -8.751976 80.267117 8.835605 -2.131316 -2.719532 4.785096 -0.564402 3.911647 -11.497434 -5.723699 13.543045 5.140266 -13.557615 3.456189 -8.837013 -18.525284 7.390794 -55.130499 -20.205592 4.661688 135.754702 -50.555806 -118.650434 34.799796 0.453660 -63.776571 17.405544 20.593833 12.110200 42.424050 -4.145962 -12.408503 -6.583846 13.301505 -9.250691 -21.214563 5.855187 -5.466103 
-0.483685 -24.828096 32.546570 174.192781 -5.070010 49.117313 28.822976 11.606797 -56.518751 -13.627996 28.056725 149.917670 3.120750 -0.774351 -39.020959 nan nan nan -31.232330 -9.522733 -59.952278 6.683559 -16.111509 154.029244 -0.705234 15.857228 -39.946506 nan nan nan 3.570862 -9.006451 80.243029 8.645821 -1.993288 -2.615870 4.774654 -0.664489 3.694734 -11.469609 -5.928752 14.018340 5.180926 -13.257106 3.443495 -9.291253 -18.219434 7.782496 -54.392652 -19.431990 3.881647 135.699445 -50.325082 -118.679065 34.456935 0.259200 -63.812576 17.598647 20.688973 12.394675 42.384085 -4.016330 -12.539885 -6.311062 13.027069 -9.154111 -22.626936 5.638403 -5.411497 
-0.347703 -25.005047 32.452362 174.007724 -5.216003 49.004076 28.987842 11.890439 -56.541765 -13.687527 28.035075 149.856076 3.037926 -0.703971 -39.020293 nan nan nan -30.939896 -9.282744 -60.316286 6.491138 -16.232375 154.068045 -0.996921 15.286897 -39.944664 nan nan nan 3.621539 -9.200631 80.062099 8.479658 -1.781830 -2.583699 4.741729 -0.713651 3.643036 -11.567274 -6.150354 14.570874 5.229913 -13.048165 3.439231 -9.753579 -17.971314 8.246468 -53.807429 -18.712813 3.350739 135.515636 -50.042202 -118.573997 34.598086 0.464278 -63.563176 17.783752 20.767912 12.647225 42.402067 -3.882438 -12.750773 -6.220311 12.788592 -9.403418 -23.583167 5.437778 -5.784555 
-0.257525 -25.227758 32.385399 173.946586 -5.455009 48.809897 28.871245 12.076497 -56.571193 -13.705714 28.008894 149.779104 3.094003 -0.519729 -38.953109 nan nan nan -30.622293 -9.159578 -60.603940 6.399742 -16.246323 154.068815 -1.241888 14.642499 -39.929667 nan nan nan 3.611413 -9.384144 80.056017 8.373206 -1.596479 -2.688615 4.694950 -0.783731 3.676425 -11.680066 -6.427811 14.877910 5.221405 -12.818789 3.507845 -10.163338 -17.577442 8.528674 -53.280067 -18.114811 2.939717 135.457316 -49.872431 -118.876133 35.194175 1.098714 -63.492270 17.872315 20.779088 12.811287 42.404947 -3.687313 -12.911252 -6.000482 12.619937 -9.932460 -25.282653 5.297565 -5.948288 
-0.159479 -25.477880 32.282944 173.746417 -5.756664 48.673888 28.852278 12.355499 -56.603824 -13.689317 27.941692 149.735695 3.114614 -0.434039 -38.940161 nan nan nan -30.272074 -8.893799 -61.061494 6.203453 -16.307922 154.117347 -1.659326 13.922241 -40.075751 nan nan nan 3.637585 -9.473223 79.871911 8.231348 -1.352888 -2.462465 4.592590 -0.931196 3.521440 -11.643724 -6.410675 15.205595 5.224097 -12.756207 3.483159 -10.612932 -17.098380 8.946051 -52.599968 -17.621271 2.405812 135.308733 -49.735054 -118.838529 35.744066 1.515153 -63.749059 17.950779 20.746605 13.073691 42.535895 -3.219939 -13.024129 -5.930328 12.340962 -10.196526 -27.704166 5.131144 -7.089107 
-0.164767 -25.774118 32.259167 174.071727 -6.117879 48.241827 28.145151 12.073733 -56.555100 -13.513761 27.899037 149.577217 3.213088 -0.133417 -38.879696 nan nan nan -30.251066 -9.066253 -61.044292 6.175548 -16.077514 154.011342 -1.909002 13.343781 -40.196184 nan nan nan 3.568218 -9.862946 80.301168 8.037088 -1.404774 -2.965251 4.539114 -1.089759 3.656734 -11.627766 -6.552578 15.238040 5.164963 -12.571080 3.729611 -10.707425 -16.634980 9.025440 -52.269003 -16.955246 1.782404 134.898227 -49.786999 -118.555555 35.658251 1.311565 -64.428666 17.727199 20.747463 12.909701 42.970817 -2.816229 -12.947958 -6.102837 11.898157 -10.894691 -29.391714 4.812586 -7.952388 
-0.133683 -26.024324 32.195419 174.279385 -6.393598 47.941869 27.773288 11.931835 -56.593000 -13.341067 27.870589 149.448630 3.339614 0.055462 -38.773979 nan nan nan -30.081092 -9.228719 -61.249090 6.008667 -15.923120 154.004608 -2.023164 12.781966 -40.334914 nan nan nan 3.604900 -10.186972 80.440802 7.875700 -1.430561 -3.338523 4.500582 -1.241050 3.780844 -11.714310 -6.763490 15.428397 5.120738 -12.313656 3.846011 -10.889028 -16.283493 9.118171 -51.953602 -16.115136 1.145773 134.201571 -49.863591 -118.245451 35.460361 1.085729 -64.736883 17.642962 20.754730 12.790038 43.251327 -2.605715 -13.006079 -6.288858 11.507399 -11.695945 -30.667805 4.359331 -8.225761 
-0.131629 -26.285652 32.083668 174.615560 -6.369677 47.805517 27.663874 11.541599 -57.055039 -13.077261 28.014536 149.433087 3.547688 0.304895 -38.776106 nan nan nan -29.917233 -9.599597 -61.383165 5.750753 -16.010195 154.018335 -2.258520 12.030913 -40.658058 nan nan nan 3.968341 -10.753294 80.088370 7.817419 -1.586654 -3.435012 4.357219 -1.368980 3.959901 -11.631512 -6.968976 15.463272 5.010698 -12.134949 4.044019 -11.024245 -16.036935 9.232905 -51.776197 -15.381948 0.751386 133.298656 -49.752783 -117.616411 35.884807 1.509352 -64.309907 17.654834 20.616801 12.620112 43.419679 -2.392763 -13.168506 -6.606922 11.185182 -12.639331 -31.719364 4.050668 -8.875129 
-0.005941 -26.539436 31.984793 174.519527 -6.699116 47.631530 27.693517 11.720809 -57.027241 -13.080606 28.085097 149.313788 3.404358 0.372337 -38.815816 nan nan nan -29.691514 -9.357102 -61.664329 5.422347 -16.047033 154.074420 -2.591130 11.401678 -41.032472 nan nan nan 3.984798 -10.729075 79.889074 7.730207 -1.496909 -3.318291 4.279407 -1.443899 3.880205 -11.479183 -6.957568 15.831453 4.975755 -12.139785 4.065906 -11.305784 -15.732180 9.513991 -51.397088 -14.648721 0.319098 132.458855 -49.718737 -116.750422 36.377145 2.094401 -63.880664 17.837937 20.476238 12.605295 43.639066 -2.239264 -13.397831 -7.060888 11.040431 -13.332783 -32.726389 3.874296 -10.217818 
0.216758 -26.791239 31.946163 174.264792 -7.413554 47.267802 27.449825 12.247163 -56.465573 -13.237720 27.882467 149.065055 3.122357 0.379493 -38.832075 nan nan nan -29.430352 -8.810890 -61.964020 5.200836 -15.824351 154.139551 -2.859822 10.925152 -41.145161 nan nan nan 3.604122 -10.190781 80.191347 7.590024 -1.259031 -3.478281 4.379550 -1.493043 3.765482 -11.404196 -7.074229 16.564808 5.057499 -11.954860 3.752807 -11.689346 -15.308366 9.903229 -50.765367 -14.015640 -0.432838 131.598766 -50.087063 -116.070892 36.228266 2.108858 -64.069908 17.965165 20.312110 12.636468 43.876040 -2.196144 -13.721781 -7.226882 11.084130 -13.747726 -33.194016 3.784696 -11.144821 
0.247308 -27.046717 31.824347 174.635536 -7.525946 47.028289 27.074797 11.902775 -56.792210 -13.077976 27.914903 149.034715 3.314084 0.736016 -38.878507 nan nan nan -29.321488 -9.256238 -62.112643 5.196285 -15.802190 154.178165 -3.001984 10.332410 -41.126627 nan nan nan 3.820429 -10.525501 80.032752 7.512821 -1.316138 -3.809730 4.280003 -1.594186 4.148817 -11.226771 -7.479866 16.535236 5.100307 -11.583294 3.655491 -11.677215 -14.659461 9.956749 -50.531056 -13.869472 -1.126551 130.464476 -50.760408 -115.177708 35.816538 1.960896 -64.024796 17.525733 19.718386 12.141524 44.349901 -1.915317 -13.790566 -7.219415 11.077803 -13.925330 -33.406744 3.905665 -11.616597 
0.404451 -27.323912 31.713793 174.476420 -8.035043 46.760227 26.967450 12.279109 -56.512529 -13.037404 27.904997 148.876881 3.438890 1.035965 -38.910330 nan nan nan -28.980556 -8.954234 -62.562947 5.001833 -15.841034 154.262527 -3.263376 9.503012 -41.134480 nan nan nan 3.625561 -10.137907 80.123917 7.444933 -1.107061 -4.139814 4.273731 -1.612192 4.497377 -10.964477 -7.569394 16.575899 5.241707 -11.587867 3.637847 -11.673463 -14.201483 10.106952 -50.276420 -13.483626 -1.903380 129.161410 -51.305718 -113.706047 35.636784 2.006226 -63.470491 17.334017 19.343581 11.878528 44.784706 -1.835398 -13.805586 -7.386397 11.102574 -13.492729 -33.956470 3.895890 -12.297213 
0.453839 -27.581295 31.605707 174.670504 -8.196006 46.580748 26.667604 12.232798 -56.759295 -12.850094 27.836152 148.820421 3.593500 1.320823 -38.894729 nan nan nan -28.849011 -9.128571 -62.784633 4.893143 -15.867674 154.268565 -3.606129 8.827641 -41.233566 nan nan nan 3.743300 -10.384894 79.867151 7.351183 -1.144395 -4.266092 4.112981 -1.707104 4.562475 -10.868174 -7.747254 16.941167 5.362043 -11.483836 3.670601 -11.727260 -13.940217 10.331951 -50.165961 -12.889008 -2.609165 127.689348 -51.809041 -112.134631 35.215863 1.600744 -62.992211 17.113049 19.224798 11.964214 45.235810 -1.839786 -13.850730 -7.435080 11.210953 -13.390420 -34.571053 3.844261 -12.678250 
0.523232 -27.842651 31.510988 174.778480 -8.391438 46.447578 26.650628 12.167636 -56.906059 -12.745833 27.857434 148.675718 3.734280 1.302808 -38.817723 nan nan nan -28.698026 -9.163420 -63.048629 4.739338 -15.915622 154.258485 -4.105827 8.109953 -41.353661 nan nan nan 3.864389 -10.579827 79.570631 7.204496 -1.136883 -4.184218 3.974275 -1.829658 4.376505 -10.813009 -7.831357 17.396454 5.486094 -11.317739 3.695984 -11.861404 -13.605694 10.539623 -50.026614 -12.303810 -3.197487 126.073961 -52.433890 -110.773611 34.952428 1.097315 -62.673637 16.927247 18.996981 12.101859 45.580054 -1.888620 -13.844172 -7.280495 11.665713 -13.349082 -35.572534 3.700420 -13.002728 
0.641570 -28.129480 31.451973 174.861931 -8.714062 46.122621 26.717368 12.041317 -56.650518 -12.742784 28.028802 148.359877 3.882406 1.358248 -38.787469 nan nan nan -28.587477 -9.008916 -63.147544 4.552876 -15.972917 154.217544 -4.461369 7.411906 -41.424015 nan nan nan 3.898300 -10.505633 79.530400 7.094749 -1.083117 -4.142714 3.933976 -1.951601 4.295692 -10.682992 -8.001515 17.647855 5.617151 -11.259521 3.674714 -11.890819 -13.306463 10.676447 -49.898048 -11.878484 -3.776263 124.165245 -53.110354 -109.265670 34.943070 0.734917 -62.301998 16.644633 18.608676 11.990245 45.984424 -2.055644 -13.720184 -7.074435 12.465504 -13.053220 -36.015680 3.621024 -13.483892 
0.802075 -28.418600 31.436512 174.994177 -9.090423 45.640331 26.527738 12.043541 -56.220461 -12.761065 28.013976 148.025120 4.003451 1.604196 -38.788994 nan nan nan -28.513672 -8.843838 -63.095043 4.334062 -15.914529 154.175038 -4.492984 6.869833 -41.324735 nan nan nan 3.728420 -10.341459 79.839159 6.997303 -1.043052 -4.463023 3.938629 -2.014090 4.426076 -10.547208 -8.206255 17.905826 5.767760 -11.085380 3.738896 -11.941721 -13.074962 10.761787 -49.758993 -11.382488 -4.423268 122.116831 -53.689566 -107.580184 34.809621 0.400897 -61.949414 16.361488 18.363404 11.809749 46.536585 -2.404416 -13.475898 -6.939450 13.332238 -12.808012 -36.215404 3.789164 -14.244894 
0.959908 -28.685064 31.388451 175.090625 -9.360353 45.276528 26.356534 12.212082 -56.047425 -12.713657 27.827246 147.858966 4.168259 1.773665 -38.751569 nan nan nan -28.426471 -8.778864 -63.200473 4.122452 -15.835895 154.182283 -4.494963 6.467213 -41.152451 nan nan nan 3.561239 -10.292730 79.940389 6.880851 -1.019929 -4.692001 3.838562 -2.017685 4.534891 -10.399729 -8.231200 18.251483 5.990446 -10.925653 3.922488 -11.954379 -12.834043 10.925373 -49.706373 -10.814674 -4.889237 120.285369 -54.110788 -106.080446 34.887851 0.485240 -61.687684 16.232665 18.198521 11.856401 47.150478 -2.625771 -13.266874 -7.020502 14.105660 -12.677759 -36.868468 4.019396 -15.047680 
0.972738 -28.949459 31.323103 175.482838 -9.279846 45.014921 26.077031 11.899471 -56.386614 -12.453931 27.742575 147.815940 4.537472 2.021879 -38.658935 nan nan nan -28.469349 -9.219799 -63.168066 4.111994 -15.791362 154.086055 -4.589821 6.156366 -41.092272 nan nan nan 3.867505 -10.833736 79.588318 6.748213 -1.218316 -4.714221 3.570883 -2.132410 4.697535 -10.284829 -8.393723 18.441437 6.178605 -10.773269 4.093105 -11.933915 -12.605956 11.048395 -49.767832 -10.347767 -5.234396 118.492010 -54.579720 -104.690369 34.938202 0.607063 -61.675184 16.075092 17.964764 11.835435 47.635082 -2.693987 -13.089470 -7.112226 14.805870 -12.723662 -37.401426 4.232288 -15.803891 
1.093951 -29.202698 31.273506 175.505673 -9.409429 44.779557 26.171755 11.962641 -56.299413 -12.364118 27.628355 147.642407 4.643364 2.019506 -38.628926 nan nan nan -28.326098 -9.122393 -63.341702 3.965599 -15.812253 154.048822 -4.612323 5.839227 -41.040189 nan nan nan 4.019547 -10.945212 79.385568 6.549456 -1.220142 -4.734153 3.432388 -2.232790 4.735263 -10.183855 -8.364867 18.873489 6.407455 -10.752381 4.008197 -12.227531 -12.444555 11.326030 -49.495928 -9.724059 -5.901207 116.470098 -55.206457 -102.881214 34.064121 -0.250182 -61.240934 16.118698 17.847898 11.953228 47.989001 -2.855985 -13.107783 -7.175961 15.425329 -12.645335 -37.825185 4.227292 -16.508084 
1.295266 -29.450413 31.213820 175.400915 -9.551229 44.602033 26.355145 12.261247 -56.213654 -12.371170 27.387344 147.485682 4.550200 1.904031 -38.597539 nan nan nan -28.145572 -8.876042 -63.633402 3.659146 -15.872947 154.119259 -4.538698 5.681900 -40.774676 nan nan nan 4.022771 -10.809701 79.113206 6.468036 -1.059763 -4.530085 3.366104 -2.318188 4.541428 -10.067302 -8.189415 19.518311 6.581951 -10.788287 3.744486 -12.771656 -12.342678 11.834495 -49.029020 -9.144783 -6.680357 114.267763 -55.818098 -100.640614 32.638524 -1.586615 -60.545214 16.352616 17.790552 12.301636 48.295835 -3.004167 -13.124864 -7.411937 15.980355 -12.511955 -38.497292 4.291399 -17.452732 
1.463161 -29.730793 31.145479 175.510077 -9.544277 44.263450 26.197604 12.385037 -56.230758 -12.430115 27.217256 147.362067 4.670425 2.284526 -38.654635 nan nan nan -28.047470 -8.861552 -63.706178 3.445928 -15.989913 154.157242 -4.478024 5.476841 -40.354660 nan nan nan 4.052631 -10.752845 78.656998 6.595298 -0.991777 -3.951372 3.267516 -2.451865 4.509168 -9.768667 -8.165714 19.624377 6.514204 -10.876007 3.789529 -13.036984 -12.219443 12.141712 -49.024023 -8.939755 -6.919222 111.931097 -56.194912 -98.505657 33.128683 -1.192815 -60.492828 16.322347 17.623635 12.221516 48.699141 -2.892554 -12.797120 -7.762608 16.297497 -12.475146 -39.651046 4.260356 -18.408007 
1.649365 -29.960869 31.087299 175.469142 -9.647659 43.991767 26.169862 12.738355 -56.100131 -12.511212 27.057975 147.219222 4.836493 2.638954 -38.712916 nan nan nan -27.777872 -8.735594 -63.955288 3.264099 -15.958012 154.216679 -4.483261 5.408117 -39.847746 nan nan nan 3.990494 -10.662066 78.584811 6.463328 -0.813041 -4.066557 3.333613 -2.640170 4.469925 -9.876327 -8.324506 20.187311 6.529656 -10.490155 3.873266 -13.514520 -12.072727 12.571608 -48.980947 -8.405208 -7.535841 108.844166 -56.721623 -95.272757 33.993728 -0.847199 -59.323526 16.215838 17.504104 12.257128 49.104917 -2.902690 -12.825678 -7.758836 16.549819 -12.051257 -41.040722 4.073069 -19.132009 
1.824941 -30.232983 31.046041 175.422340 -9.787617 43.632556 26.326281 12.971989 -55.769032 -12.477372 26.938993 146.985998 5.079137 2.922706 -38.683742 nan nan nan -27.498175 -8.508474 -64.074480 3.152099 -15.955338 154.169571 -4.721430 5.329616 -39.409320 nan nan nan 3.872211 -10.663121 78.626899 6.239984 -0.821237 -4.135094 3.246949 -2.708779 4.518650 -9.887042 -8.261082 20.512610 6.625721 -10.089476 3.956987 -13.680194 -11.891253 12.757211 -49.017380 -7.768342 -7.943154 106.202748 -57.191144 -93.089392 34.828775 -0.478195 -58.064349 16.117474 17.502453 12.239802 49.564652 -2.759367 -12.783783 -7.769908 16.770752 -11.885939 -41.911658 4.006439 -19.311333 
1.969828 -30.537596 31.034927 175.645280 -9.757151 43.258762 26.176673 12.931130 -55.675520 -12.436894 26.771631 146.739352 5.242745 3.196023 -38.704987 nan nan nan -27.372130 -8.513325 -63.927829 3.101033 -16.046564 153.960093 -4.865640 5.217952 -39.169852 nan nan nan 3.896617 -10.799642 78.614601 6.153257 -0.992399 -4.305668 3.125068 -2.828052 4.734867 -9.649074 -8.189932 20.636237 6.601407 -9.914668 4.082142 -13.792122 -11.724925 12.865502 -49.210359 -7.263309 -8.149040 103.567840 -57.599725 -90.777518 35.560949 -0.144299 -57.414135 16.106110 17.453128 12.125959 49.895686 -2.504112 -12.557057 -7.870149 16.816008 -11.687074 -42.828007 4.004744 -19.481503 
2.108935 -30.820509 31.016113 175.845602 -9.715419 42.924095 25.967481 12.895875 -55.652253 -12.462303 26.616151 146.547444 5.265237 3.434488 -38.744594 nan nan nan -27.156155 -8.545228 -63.897229 3.073256 -16.176603 153.817887 -4.883801 5.024880 -38.866733 nan nan nan 3.903108 -10.907061 78.578643 6.058733 -1.124397 -4.452143 3.006576 -2.937595 4.782686 -9.326630 -8.150527 20.972659 6.513652 -9.774706 4.250614 -14.074496 -11.484771 13.059585 -49.267919 -6.631591 -8.390039 100.654496 -58.190016 -87.598080 36.007212 0.159179 -57.259087 16.257478 17.328867 12.176959 50.103884 -2.211726 -12.354166 -7.870011 16.768155 -11.241844 -44.638283 3.490710 -19.817278 
2.234599 -31.110445 30.993307 176.017291 -9.719225 42.566086 25.839182 12.889668 -55.543915 -12.403467 26.489745 146.339220 5.548288 3.770498 -38.782172 nan nan nan -26.888071 -8.551307 -63.941625 3.125349 -16.257508 153.727656 -4.929862 4.909366 -38.552348 nan nan nan 3.877199 -10.974480 78.501205 5.968597 -1.238907 -4.359421 2.856193 -2.964969 4.717610 -8.934745 -8.105604 21.248603 6.402255 -9.624891 4.372801 -14.451514 -11.319004 13.202168 -49.094371 -5.935130 -8.634129 97.407573 -58.948236 -84.247834 36.231949 0.130549 -56.542712 16.431499 17.200727 12.197674 50.288889 -2.066366 -12.269589 -7.840619 16.949814 -10.967046 -46.149959 3.075805 -19.874263 
2.388057 -31.401428 30.966465 176.268387 -9.717400 42.201466 25.807106 12.800047 -55.412909 -12.252547 26.354693 146.105144 5.987428 4.118649 -38.814299 nan nan nan -26.798182 -8.555320 -63.924085 3.096611 -16.297432 153.627128 -4.974671 4.957794 -38.188261 nan nan nan 3.811733 -10.955418 78.408113 5.967572 -1.343412 -4.284424 2.754315 -3.017222 4.665321 -8.597828 -8.052329 21.445802 6.308840 -9.490940 4.626911 -14.673748 -11.226327 13.550712 -49.177293 -5.610456 -8.784911 94.234439 -59.492004 -81.776115 36.467698 0.001037 -56.241739 16.485199 17.053782 12.189198 50.589538 -1.919601 -12.097828 -7.875947 17.148619 -11.061628 -46.723593 3.276027 -19.964433 
2.576513 -31.676941 30.940105 176.486009 -9.685781 41.933080 25.818781 12.678225 -55.418680 -12.188530 26.254130 145.871653 6.176325 4.394391 -38.820841 nan nan nan -26.663171 -8.573232 -63.973304 2.928185 -16.345636 153.589173 -4.986923 4.925537 -37.704059 nan nan nan 3.703858 -10.844960 78.300623 6.002870 -1.365096 -4.430111 2.712174 -3.076519 4.716360 -8.419782 -7.984400 21.786360 6.421631 -9.379859 4.862128 -14.776519 -11.047988 14.027166 -49.515208 -5.565175 -8.877093 91.129553 -59.877933 -79.819792 35.784982 -0.034641 -57.792549 16.460226 16.809772 12.180932 50.963955 -1.668909 -11.750398 -7.954665 17.253789 -11.207642 -46.949656 3.358598 -20.142382 
2.742443 -31.976318 30.929588 176.681448 -9.601737 41.664781 25.686836 12.570140 -55.564096 -12.164923 26.109955 145.692892 6.262154 4.662511 -38.726454 nan nan nan -26.252199 -8.660241 -64.019675 2.751856 -16.358008 153.536107 -5.040024 4.467155 -37.202311 nan nan nan 3.662248 -10.820363 78.205360 5.961683 -1.364469 -4.602659 2.696997 -3.121026 4.802541 -8.394282 -8.110730 22.201133 6.588284 -9.121849 5.009799 -15.077132 -10.971709 14.239047 -49.654194 -5.195735 -8.993995 87.072999 -60.495180 -75.612373 35.545206 -0.268567 -57.069830 16.437331 16.798980 12.171894 51.375179 -1.596873 -11.555232 -8.053090 17.356042 -11.049271 -47.147385 3.372528 -20.502244 
2.894035 -32.260384 30.910686 176.840662 -9.580686 41.408863 25.611148 12.655071 -55.632465 -12.126593 25.983700 145.533301 6.407199 4.852711 -38.647397 nan nan nan -25.863697 -8.685681 -64.134468 2.609204 -16.388475 153.467248 -5.094567 3.975274 -36.811803 nan nan nan 3.659828 -10.797639 77.979332 5.865891 -1.483705 -4.539977 2.661177 -3.149496 4.764144 -8.363157 -8.181756 22.677757 6.691578 -8.927783 5.077177 -15.546296 -10.969249 14.153848 -49.605755 -4.559569 -9.266254 81.733246 -60.735861 -69.442384 35.977916 -0.418848 -54.183704 16.592216 16.993431 12.357446 51.655080 -1.606329 -11.557464 -8.151149 17.491912 -10.662290 -47.525043 3.269210 -20.940305 
3.056873 -32.532032 30.891666 176.990492 -9.540957 41.157595 25.564045 12.768511 -55.617511 -12.127728 25.868041 145.316329 6.661558 5.108935 -38.607095 nan nan nan -25.698178 -8.649295 -64.203394 2.437485 -16.495143 153.387070 -5.098750 3.699239 -36.465170 nan nan nan 3.610713 -10.664584 77.713366 5.878960 -1.572109 -4.407518 2.653208 -3.089970 4.772845 -8.224901 -8.243476 23.028389 6.889016 -9.017335 5.074574 -15.879815 -10.989717 14.195363 -49.800107 -4.118156 -9.002245 77.802285 -61.032294 -66.376016 36.209760 -0.020235 -53.100607 16.825929 17.035795 12.481251 51.715502 -1.687699 -11.415399 -8.088163 17.796175 -10.574396 -47.611574 3.515811 -21.030944 
3.204875 -32.846256 30.919510 177.244000 -9.430765 40.792538 25.344806 12.659775 -55.582359 -12.074662 25.577975 145.046039 6.789494 5.336758 -38.527490 nan nan nan -25.625674 -8.701911 -64.052485 2.238231 -16.481738 153.238572 -5.066303 3.625212 -36.030316 nan nan nan 3.615915 -10.517674 77.649690 5.979286 -1.602622 -4.535277 2.676486 -3.102657 4.981477 -7.912577 -8.340499 23.157023 6.826277 -9.206455 5.272434 -16.232913 -11.155951 14.373099 -50.002030 -3.826629 -9.088208 72.586525 -60.954258 -61.342517 35.824735 -0.873400 -51.227339 16.921115 17.069837 12.340328 51.793764 -1.807295 -11.278012 -7.925763 17.891321 -10.458678 -47.575163 3.933997 -21.128093 
3.353433 -33.162277 30.946367 177.485428 -9.284620 40.424603 25.197594 12.556099 -55.540812 -12.096627 25.296771 144.739880 6.878412 5.518309 -38.455919 nan nan nan -25.413719 -8.768546 -63.930641 2.056046 -16.466777 153.078765 -5.002182 3.523918 -35.528958 nan nan nan 3.688344 -10.409054 77.566543 6.036014 -1.601697 -4.675995 2.688732 -3.208228 5.229708 -7.669513 -8.453633 23.337414 6.738015 -9.142625 5.432377 -16.582576 -11.327288 14.562240 -50.209441 -3.647227 -9.002484 67.456237 -60.747928 -56.297813 35.934072 -1.167435 -50.078709 16.944521 17.120079 12.217632 51.954809 -1.713645 -11.134744 -7.815079 17.737877 -10.570430 -47.745573 3.749846 -21.380768 
3.507438 -33.448444 30.943501 177.686548 -9.199281 40.123721 25.161680 12.521419 -55.494082 -12.138126 25.061863 144.438212 6.986875 5.577676 -38.352578 nan nan nan -25.164884 -8.745047 -64.007588 1.859083 -16.457696 152.960673 -5.016972 3.312114 -34.976806 nan nan nan 3.752727 -10.276326 77.388256 6.036519 -1.599396 -4.710807 2.662095 -3.338870 5.334960 -7.413227 -8.435361 23.621989 6.724081 -9.048645 5.600916 -16.929075 -11.599367 14.789773 -50.452918 -3.311225 -8.845089 62.435744 -60.301776 -51.014075 35.908211 -1.513889 -48.949502 17.054159 17.240691 12.268516 52.236040 -1.631636 -11.048202 -7.938261 17.696476 -10.618492 -47.384688 3.433232 -21.924277 
3.675528 -33.746269 30.952906 177.904236 -9.159034 39.768828 25.227812 12.368392 -55.361850 -12.113580 24.856564 144.114815 7.118449 5.582629 -38.287980 nan nan nan -25.038215 -8.690168 -64.062007 1.652280 -16.453707 152.831154 -4.989937 3.141265 -34.368056 nan nan nan 3.808638 -10.108308 77.259067 6.036868 -1.601270 -4.686169 2.618277 -3.488708 5.390394 -7.109779 -8.374430 23.977624 6.729629 -9.042339 5.616100 -17.317616 -11.794171 15.048824 -50.516171 -3.105566 -8.645030 57.504880 -59.726132 -46.068696 36.157362 -1.776978 -48.305209 17.248181 17.327160 12.390591 52.392227 -1.570119 -10.841591 -8.002180 17.737207 -10.632126 -47.493203 3.117266 -22.281293 
3.828328 -34.045288 30.961414 178.134497 -9.060124 39.401538 25.161074 12.263510 -55.281945 -12.033011 24.532445 143.834445 7.373385 5.771747 -38.316685 nan nan nan -25.047097 -8.689330 -64.086086 1.284684 -16.485096 152.709902 -4.721986 2.920309 -33.690009 nan nan nan 3.857046 -10.018377 77.136580 6.023035 -1.580008 -4.548360 2.625180 -3.612927 5.331677 -6.966065 -8.382476 24.427755 6.680002 -8.936870 5.428468 -17.794885 -11.903404 15.399934 -50.506063 -2.949337 -8.610788 52.529164 -59.242768 -41.178831 35.948030 -2.216107 -46.667618 17.297003 17.395804 12.461348 52.584753 -1.493530 -10.746982 -7.897330 17.670654 -10.534154 -48.149764 3.104594 -22.389207 
3.956996 -34.351254 30.972887 178.367996 -8.913261 39.047457 24.969074 12.125898 -55.254942 -11.962924 24.194707 143.572342 7.860978 6.103179 -38.328691 nan nan nan -25.034593 -8.741932 -64.087462 0.699537 -16.431435 152.567608 -4.301815 2.437130 -33.052451 nan nan nan 3.919199 -9.987462 77.083801 6.018273 -1.520028 -4.440401 2.575167 -3.645756 5.183762 -6.892917 -8.556008 24.805701 6.708499 -8.780307 5.419868 -18.249807 -12.085384 15.767177 -50.455893 -2.708648 -8.385160 47.673278 -58.667246 -36.325025 35.717221 -2.525658 -44.686764 17.369205 17.383600 12.435390 52.785297 -1.612859 -10.608025 -7.735289 17.745081 -10.433344 -48.164496 3.088379 -22.658188 
4.088692 -34.671619 31.015371 178.626932 -8.712159 38.610481 24.765393 11.908007 -55.187893 -12.015270 23.997837 143.273948 8.195571 6.378745 -38.172902 nan nan nan -24.786005 -8.896237 -64.141243 0.665889 -16.425955 152.417826 -4.298841 2.417602 -32.029587 nan nan nan 3.990180 -10.030954 77.252432 6.001134 -1.565822 -4.520583 2.463675 -3.536377 5.099940 -6.601931 -8.663726 24.922869 6.862496 -8.825724 5.708508 -18.588227 -12.374791 16.046281 -50.426547 -2.268807 -8.082737 42.777712 -57.992823 -31.316013 35.285629 -3.108278 -43.531395 17.676640 17.351326 12.513880 52.896668 -1.858985 -10.535966 -7.700097 18.053723 -10.193497 -47.861669 2.761922 -23.205800 
4.238227 -34.995705 31.048941 178.813453 -8.514102 38.203662 24.714878 11.705973 -55.121393 -12.148976 23.878421 142.944571 8.221194 6.442582 -37.949549 nan nan nan -24.631361 -8.875629 -64.225512 0.308235 -16.439695 152.282297 -4.277460 2.211262 -31.110443 nan nan nan 4.084994 -10.098181 77.407905 5.894354 -1.600189 -4.564942 2.406676 -3.533703 5.058841 -6.329691 -8.561458 25.057496 7.030109 -8.889168 5.758134 -18.910263 -12.567191 16.192354 -50.420548 -1.786821 -7.737578 37.964124 -57.136872 -26.290206 34.422454 -4.076893 -42.494842 17.854318 17.448701 12.599860 53.143387 -1.858562 -10.374865 -7.770292 18.063081 -10.097927 -48.124425 2.324934 -23.658124 
4.434811 -35.285397 31.066229 178.861308 -8.341601 37.846252 24.781801 11.651299 -54.994980 -12.320407 23.654195 142.663294 8.259051 6.468493 -37.837125 nan nan nan -24.365141 -8.700987 -64.447495 -0.078772 -16.556350 152.210362 -4.338116 1.854890 -30.172819 nan nan nan 4.165075 -9.977345 77.523004 5.811090 -1.522581 -4.592019 2.485727 -3.636242 4.978775 -6.218822 -8.414058 25.434789 7.127941 -8.882533 5.572857 -19.411112 -12.744302 16.427065 -50.405362 -1.280369 -7.454559 33.398556 -56.201670 -21.318809 33.539513 -5.071544 -41.433433 18.042210 17.710229 12.946040 53.284802 -1.802801 -10.342127 -7.609335 17.969484 -9.911412 -49.700533 1.884574 -24.195823 
4.659111 -35.567787 31.093693 178.875332 -8.118487 37.466685 24.840673 11.745005 -54.838218 -12.527774 23.262964 142.385664 8.169011 6.457366 -37.754085 nan nan nan -23.961126 -8.560231 -64.638294 -0.450897 -16.717721 152.125783 -4.210148 1.455439 -29.116038 nan nan nan 4.128571 -9.746135 77.588026 5.868650 -1.417926 -4.424541 2.582167 -3.585264 4.800228 -6.098168 -8.378680 26.066291 7.182161 -8.823974 5.217648 -20.016569 -12.993714 16.977213 -50.315174 -0.933879 -7.206416 29.338846 -55.217792 -16.796842 32.619820 -5.773718 -40.556920 18.473949 17.968925 13.505858 53.128289 -1.765716 -10.373615 -7.292214 17.926623 -9.560768 -51.485483 1.393588 -25.001445 
4.820788 -35.856323 31.103544 179.049712 -7.868730 37.062600 24.761985 11.691765 -54.771798 -12.554402 22.910460 142.154639 8.187634 6.507189 -37.651130 nan nan nan -23.775013 -8.638498 -64.801276 -0.755555 -16.788976 151.991174 -4.001671 1.420419 -28.053409 nan nan nan 4.220444 -9.687828 77.477320 5.877193 -1.412828 -4.037166 2.542054 -3.612426 4.576571 -5.961004 -8.460992 26.600601 7.277181 -8.759625 4.875950 -20.566823 -13.275555 17.541369 -50.190976 -0.636322 -6.951909 25.695386 -54.277443 -12.929745 31.288469 -6.470658 -39.484188 18.841870 18.074589 13.809584 53.100583 -1.778615 -10.256232 -7.165037 18.016882 -9.404061 -51.812785 1.165535 -25.512786 
4.957355 -36.177189 31.127411 179.348892 -7.656763 36.616983 24.517787 11.509877 -54.713616 -12.522476 22.617960 141.894869 8.333145 6.637671 -37.418048 nan nan nan -23.714437 -8.803383 -64.963446 -0.907647 -16.800180 151.708148 -3.896425 1.790416 -26.961117 nan nan nan 4.320120 -9.671388 77.457799 5.852073 -1.481407 -3.663520 2.515928 -3.712277 4.330185 -5.873694 -8.505823 27.011475 7.486114 -8.678863 4.534548 -21.157390 -13.587987 17.934568 -50.066194 -0.179160 -6.687126 22.246693 -53.380696 -9.368816 30.074499 -7.115421 -37.659834 19.155738 18.231856 13.985224 53.135427 -1.887151 -10.188022 -7.140450 18.205006 -9.501985 -51.754138 0.996156 -25.452121 
5.106328 -36.512341 31.166094 179.548264 -7.418190 36.157712 24.317796 11.446533 -54.735778 -12.638264 22.286039 141.657366 8.264890 6.647274 -37.020807 nan nan nan -23.462019 -8.908721 -65.212954 -1.033148 -16.839469 151.196805 -3.669790 2.373157 -25.652358 nan nan nan 4.428529 -9.654986 77.619754 5.794976 -1.570939 -3.529786 2.488204 -3.713508 4.208145 -5.753807 -8.450131 27.305429 7.739742 -8.609027 4.320158 -21.718554 -13.919875 18.338078 -49.996275 0.336235 -6.378703 19.009622 -52.590829 -5.853027 29.003514 -7.462418 -35.649011 19.555955 18.408938 14.236670 53.104009 -1.996419 -10.263502 -7.136582 18.562971 -9.536555 -51.731633 0.761895 -25.449961 
5.246133 -36.805412 31.178547 179.572997 -7.188466 35.759596 24.380006 11.482121 -54.821876 -12.789739 22.029634 141.517844 8.060534 6.423234 -36.540411 nan nan nan -23.160224 -8.923442 -65.512155 -1.417525 -16.948620 150.538447 -3.061467 3.121662 -24.478527 nan nan nan 4.520319 -9.701742 77.740753 5.634560 -1.633930 -3.613709 2.381596 -3.648780 4.335868 -5.711067 -8.409222 27.652735 7.931665 -8.459718 4.046480 -22.196209 -14.182615 18.751786 -50.096006 0.832403 -6.022966 16.162741 -51.788677 -2.649770 27.377797 -7.586913 -33.792697 19.830019 18.589443 14.493046 53.262866 -2.009717 -10.249892 -7.234382 18.956654 -9.451132 -51.378813 0.498935 -25.545102 
5.372887 -37.081436 31.169474 179.548789 -7.064118 35.398790 24.564298 11.546898 -54.928962 -12.811055 21.770144 141.441422 8.071742 6.159732 -36.097090 nan nan nan -22.915739 -8.823062 -65.784073 -1.844863 -17.041200 149.646925 -2.630836 4.079888 -24.137403 nan nan nan 4.493410 -9.654940 77.768328 5.474057 -1.635158 -3.424407 2.296627 -3.659613 4.274777 -5.572706 -8.183691 28.104544 8.110231 -8.442248 3.668296 -22.707820 -14.277801 19.105048 -50.275190 1.322643 -5.472563 13.902519 -50.929084 -0.140251 26.250876 -7.608041 -32.531999 20.032792 18.712898 14.834348 53.352484 -1.879484 -10.124768 -7.112413 19.341991 -9.223860 -51.366996 0.108346 -25.903770 
5.538176 -37.363060 31.170536 179.778683 -6.994556 34.849326 24.555485 11.426840 -54.882162 -12.868503 21.508827 141.284696 8.154867 5.852404 -35.667140 nan nan nan -22.760397 -8.872705 -66.008590 -2.164527 -17.141259 148.641320 -2.312436 4.798144 -23.801721 nan nan nan 4.258071 -9.346961 77.913983 5.556814 -1.713481 -2.907569 2.350272 -3.686992 3.874401 -5.246253 -7.910910 28.409532 8.167258 -8.550257 3.447645 -23.165332 -14.287917 19.381620 -50.454237 1.691516 -4.731102 11.644113 -49.910494 2.448562 25.867118 -8.407928 -31.995603 20.263003 18.717832 15.038377 53.362639 -1.828639 -9.840440 -6.952012 19.709129 -9.173554 -51.805194 -0.141457 -26.146750 
5.642723 -37.648697 31.163431 -179.961750 -6.961243 34.328671 24.473662 11.145745 -54.927269 -12.823010 21.300406 141.153676 7.829589 5.381527 -35.211856 nan nan nan -22.661090 -8.998601 -66.278205 -2.604501 -17.116478 147.392970 -2.044444 5.582981 -23.554679 nan nan nan 4.217542 -9.173044 77.882911 5.531546 -1.922055 -2.380746 2.272636 -3.738334 3.594414 -4.914352 -7.737257 28.571535 8.180222 -8.762732 3.372553 -23.497069 -14.396853 19.593984 -50.758058 1.931616 -3.985756 9.597484 -48.744416 5.204253 24.836191 -9.784732 -31.506873 20.411833 18.724925 15.054860 53.522404 -1.665431 -9.604385 -6.951447 19.766943 -9.003461 -52.203195 -0.361563 -26.216169 
5.744243 -37.924034 31.161133 -179.759509 -6.754144 33.825145 24.472507 10.802998 -55.068858 -12.719969 20.952406 141.100185 7.891753 5.110129 -34.789967 nan nan nan -22.296578 -9.315771 -66.547743 -2.743121 -17.355162 145.979274 -1.755530 6.206426 -23.028724 nan nan nan 4.424883 -9.188410 77.602956 5.460637 -2.247282 -1.543156 2.110792 -3.829970 3.245541 -4.705990 -7.511641 28.937531 8.356937 -8.795667 3.076489 -23.863510 -14.555093 19.811294 -51.116999 2.180584 -3.376668 7.819608 -47.653546 7.832494 24.491455 -10.084455 -30.293592 20.732047 18.898340 15.327573 53.539667 -1.421941 -9.574356 -6.884415 19.826256 -8.779497 -52.805100 -0.653777 -26.568974 
5.903037 -38.198334 31.166044 -179.602648 -6.398172 33.310998 24.488073 10.580773 -55.210737 -12.710836 20.503291 141.065877 8.268371 5.019433 -34.411200 nan nan nan -21.635602 -9.683968 -66.889554 -2.663005 -17.842760 144.535357 -1.372842 6.504646 -21.993135 nan nan nan 4.472160 -9.104276 77.662859 5.525910 -2.327647 -1.176453 2.122389 -3.868078 2.943717 -4.558156 -7.391303 29.472660 8.470613 -8.793490 2.787156 -24.337388 -14.619335 20.243331 -51.520140 2.266355 -2.892375 6.219543 -46.555558 10.387765 24.337249 -10.215122 -29.291708 21.020677 18.994579 15.673019 53.548130 -1.220201 -9.593864 -6.759532 19.732363 -8.413847 -53.526899 -0.855436 -27.246520 
6.035965 -38.484833 31.133278 -179.456568 -6.154787 32.916396 24.400205 10.527128 -55.420105 -12.690785 20.146328 141.051524 8.541341 4.803857 -34.017496 nan nan nan -21.014000 -10.004019 -67.399492 -2.830414 -18.237544 143.011877 -1.222452 6.548843 -20.887498 nan nan nan 4.294056 -8.937244 77.967227 5.544486 -2.176651 -1.732987 2.208521 -3.917005 3.094319 -4.499363 -7.382885 29.897858 8.425883 -8.838636 2.915674 -24.745591 -14.502528 20.796685 -52.058127 2.089415 -2.506355 4.810444 -45.317107 13.021320 23.094247 -11.119670 -28.812279 21.063940 18.926656 15.971831 53.797349 -0.799389 -9.526111 -6.813036 19.283489 -7.943766 -53.839618 -0.930071 -28.123834 
6.126987 -38.760128 31.051252 -179.349589 -6.057464 32.546900 24.430629 10.510962 -55.566537 -12.627603 19.976191 141.026187 8.628022 4.497042 -33.691043 nan nan nan -20.566558 -10.254974 -67.855318 -3.210516 -18.575078 141.411074 -1.302593 6.353869 -19.982141 nan nan nan 4.145092 -8.804579 77.975230 5.463248 -2.162322 -1.932567 2.123756 -3.942326 3.234354 -4.502832 -7.184268 30.199313 8.534702 -8.806828 3.037643 -24.998161 -14.471598 21.140354 -52.710002 2.062963 -2.005457 3.688471 -44.055994 15.446989 22.152287 -11.444994 -28.329122 21.086977 18.858237 16.279965 54.151894 -0.273568 -9.365053 -6.968537 19.072056 -7.554360 -54.570125 -1.397273 -28.637186 
6.210300 -38.993370 30.917559 -179.258193 -5.961748 32.081324 24.610533 10.382496 -55.651578 -12.690947 19.962049 140.967130 8.400015 4.182484 -33.368553 nan nan nan -20.343733 -10.405384 -68.090306 -3.747711 -19.021489 139.826201 -1.267632 6.012392 -19.094706 nan nan nan 4.103093 -8.640892 77.764056 5.354423 -2.324191 -1.569691 2.014919 -3.932285 3.231772 -4.418900 -6.991575 30.380962 8.677559 -8.711539 3.032636 -25.078388 -14.532573 21.138049 -53.520079 2.251396 -1.334468 2.867058 -42.938000 17.339856 21.938868 -10.958056 -27.426805 21.069470 18.863753 16.415436 54.526590 0.032371 -9.093166 -6.977777 19.198366 -7.198668 -54.937448 -2.048347 -28.559936 
6.271700 -39.195244 30.753548 -179.069209 -5.907143 31.580657 24.598941 10.219336 -55.816585 -12.752930 19.988196 140.978593 8.270986 4.073986 -32.939079 nan nan nan -20.269296 -10.601719 -68.305525 -4.227546 -19.499112 138.258065 -1.001816 5.783881 -17.851073 nan nan nan 4.166058 -8.349889 77.594700 5.241001 -2.505429 -1.450005 2.025588 -4.040884 3.351966 -4.268795 -6.968582 30.501166 8.649945 -8.651046 3.242096 -25.117802 -14.584859 21.141086 -54.437778 2.336190 -0.698232 2.267869 -41.833557 19.077684 22.455170 -10.629201 -26.112671 20.879940 18.806208 16.329627 55.018351 0.207916 -8.727722 -6.914010 19.254190 -6.751663 -55.009390 -2.672721 -28.481829 
6.374867 -39.418697 30.652308 -178.877409 -5.784705 31.045657 24.546468 10.106021 -55.912906 -12.834148 19.847652 140.957851 8.149267 3.906035 -32.531442 nan nan nan -20.122234 -10.845853 -68.294231 -4.642386 -19.904264 136.654639 -0.398008 5.965053 -16.327244 nan nan nan 4.077153 -8.051790 77.701969 5.241515 -2.528051 -1.480896 2.057222 -4.063080 3.344103 -4.140799 -6.858579 30.766739 8.678918 -8.646622 3.293826 -25.314851 -14.724430 21.269515 -55.282505 2.394777 0.032964 1.710017 -40.652011 20.701588 23.406774 -10.353474 -25.353130 20.784307 18.633416 16.135553 55.426335 0.254513 -8.257602 -6.828930 19.302920 -6.216613 -55.946712 -3.457426 -28.443645 
6.454392 -39.637108 30.553068 -178.589373 -5.708373 30.595347 24.502822 9.948069 -56.066309 -12.830321 19.754124 140.914520 8.060715 3.492816 -32.197224 nan nan nan -20.066758 -11.230187 -68.303595 -5.078538 -20.185714 135.072476 0.308080 6.261051 -14.689324 nan nan nan 4.049760 -7.849766 77.506317 5.164606 -2.743687 -1.033449 1.983410 -4.029511 3.038217 -4.094168 -6.800773 31.285870 8.874296 -8.497905 2.944976 -25.783969 -14.728809 21.531599 -55.795751 2.366271 0.482805 1.254628 -39.645415 21.539023 22.824640 -10.243136 -24.330830 20.909978 18.561635 16.259835 55.628475 0.354771 -7.988700 -6.565169 19.525385 -6.103398 -56.569241 -4.057443 -27.990722 
6.508370 -39.865257 30.449612 -178.333190 -5.638770 30.173067 24.369893 9.822439 -56.253027 -12.758331 19.564780 140.945770 7.904149 3.068610 -31.943847 nan nan nan -19.912073 -11.609813 -68.236500 -5.561487 -20.470380 133.369363 0.928531 6.381413 -12.876326 nan nan nan 4.059544 -7.761697 77.198020 4.981970 -2.928866 -0.445226 1.803271 -3.991125 2.665455 -4.066695 -6.863081 31.820243 9.009373 -8.228815 2.702833 -26.426016 -14.423573 21.967638 -55.859191 2.408603 1.053636 1.122038 -38.789958 23.202484 22.275362 -11.186271 -23.091851 21.074717 18.596111 16.512469 55.848135 0.526396 -7.809255 -6.264920 19.601991 -5.989423 -56.255909 -4.277395 -28.299768 
6.579438 -40.067020 30.323605 -178.169971 -5.564197 29.843980 24.320202 9.841844 -56.501379 -12.651149 19.392812 141.050142 7.847878 2.847219 -31.671851 nan nan nan -19.589380 -11.977635 -68.262695 -5.835023 -20.835023 131.637489 1.475039 6.557019 -10.900090 nan nan nan 3.964666 -7.513242 77.151652 4.879967 -2.957662 -0.719640 1.800502 -3.962466 2.769979 -4.153257 -6.904630 32.224670 9.203856 -8.033948 2.599980 -26.806193 -14.364791 22.143113 -56.211312 2.609705 1.475972 0.527100 -37.726728 25.033489 22.287288 -11.630642 -21.856918 21.058999 18.571692 16.503188 56.142057 0.445957 -7.659878 -6.101196 19.588917 -5.586289 -55.545633 -4.297958 -28.758395 
6.650533 -40.227203 30.163336 -178.001200 -5.488967 29.429208 24.329151 9.823228 -56.696330 -12.598790 19.298216 141.186180 7.872576 2.549880 -31.312405 nan nan nan -19.268660 -12.342610 -68.180943 -6.047367 -21.163595 129.967358 2.180645 6.743653 -8.914130 nan nan nan 3.700899 -7.174899 77.071125 4.862544 -2.935412 -1.052877 1.855721 -3.865719 3.116278 -4.154647 -6.972511 32.350269 9.343506 -8.011169 2.691571 -27.070910 -14.350910 22.153220 -56.837393 2.720535 1.970245 0.009599 -36.561222 26.402973 22.799319 -11.536758 -20.338110 20.994209 18.417718 16.425486 56.439093 0.368534 -7.434439 -6.024287 19.709746 -5.054409 -55.501569 -4.582818 -28.851512 
6.692846 -40.383118 29.995157 -177.755784 -5.445431 28.992048 24.316263 9.648977 -56.835986 -12.462894 19.314809 141.277823 7.842644 2.287662 -31.108642 nan nan nan -19.012751 -12.717031 -67.973552 -6.208202 -21.428181 128.260687 3.027934 7.198059 -6.948882 nan nan nan 3.481017 -6.852907 76.861434 4.821105 -3.036343 -1.142351 1.855393 -3.820262 3.269177 -4.145562 -6.951636 32.674538 9.423880 -7.911112 2.701228 -27.348002 -14.257065 22.230478 -57.350504 2.833148 2.515545 -0.623979 -35.599600 27.311819 23.474950 -11.262437 -19.209281 21.015602 18.312651 16.586806 56.732728 0.431243 -7.066253 -5.948972 19.856029 -4.800519 -56.145883 -5.147054 -28.805862 
6.743122 -40.566334 29.847618 -177.457512 -5.480279 28.667464 24.167685 9.551724 -57.037325 -12.203879 19.215473 141.343342 7.580941 2.276172 -31.067480 nan nan nan -18.674466 -13.111460 -67.890984 -6.120356 -21.674403 126.472472 3.775168 7.653965 -4.930649 nan nan nan 3.390124 -6.508269 76.680282 4.730865 -3.195372 -1.358999 1.802573 -3.882783 3.230212 -4.166577 -6.869278 33.284197 9.534248 -7.776345 2.600441 -27.881445 -14.063919 22.565018 -57.506162 3.034033 2.854768 -1.214188 -34.882281 28.379968 23.730279 -11.270230 -18.307407 21.241084 18.254136 17.035818 56.858369 0.564370 -6.905507 -5.569074 20.012060 -4.600208 -57.427414 -5.812746 -29.088344 
6.796429 -40.754654 29.696800 -177.143907 -5.542866 28.293809 23.986932 9.496998 -57.216962 -12.099872 19.082563 141.405705 7.313126 2.168081 -30.986750 nan nan nan -18.322679 -13.490781 -67.780349 -5.919846 -21.792959 124.776785 4.627646 8.091084 -3.082687 nan nan nan 3.376528 -6.143941 76.486488 4.636547 -3.419089 -1.476489 1.721557 -3.960879 3.209654 -4.075496 -6.777622 33.638755 9.618230 -7.810568 2.553664 -28.321908 -13.925675 22.925653 -57.669533 3.210231 3.001292 -1.742098 -34.245049 29.687214 23.500904 -11.597590 -17.518864 21.431185 18.192740 17.477829 56.910854 0.759326 -7.099119 -4.991530 20.206620 -4.282689 -58.304771 -6.143519 -29.546795 
6.817468 -40.925652 29.539196 -176.891918 -5.570886 27.833290 23.882909 9.364566 -57.355486 -12.145000 19.069661 141.474620 7.282204 1.830761 -30.641908 nan nan nan -17.858011 -13.827422 -67.485195 -5.695499 -21.784140 123.043304 5.578003 8.603722 -1.408614 nan nan nan 3.429151 -5.942302 76.324450 4.421932 -3.661629 -1.524720 1.558028 -4.056946 3.166210 -4.172158 -6.747239 33.897304 9.735572 -7.619397 2.742805 -28.670379 -13.837595 23.175972 -57.867051 3.543792 3.056523 -2.293907 -33.745814 30.421724 23.528225 -11.821469 -17.184367 21.500444 18.263528 17.795401 57.151195 0.828562 -7.198044 -4.521132 20.324675 -4.077701 -58.153123 -6.050532 -29.931113 
6.818300 -41.105286 29.369654 -176.717571 -5.622323 27.438013 23.815953 9.281588 -57.531218 -12.107989 19.116289 141.556225 7.414227 1.540108 -30.196830 nan nan nan -17.176959 -14.106514 -67.193577 -5.409445 -22.110532 120.994865 5.794510 8.343903 0.359817 nan nan nan 3.484798 -5.781082 76.187080 4.138726 -3.811349 -1.727619 1.379723 -4.173756 3.179548 -4.631259 -6.870395 34.169160 9.988140 -7.072371 3.027099 -29.146688 -13.690876 23.323877 -57.894358 3.940039 3.196137 -2.720311 -33.218409 30.804331 23.750436 -11.642614 -16.646967 21.516063 18.413666 17.967934 57.600847 0.691516 -6.888696 -4.418598 20.443083 -4.151653 -57.987914 -6.229581 -29.707965 
6.828447 -41.268929 29.189409 -176.511413 -5.645906 27.044901 23.742950 9.219571 -57.737562 -11.952362 19.083058 141.677887 7.483767 1.181629 -29.672831 nan nan nan -16.668779 -14.403491 -66.900320 -5.333864 -22.323734 119.250422 6.077971 8.281598 1.841413 nan nan nan 3.505272 -5.510384 75.914111 3.912877 -3.973893 -1.692431 1.290434 -4.229321 3.212555 -4.719171 -6.943868 34.240051 10.124993 -6.714550 3.156730 -29.609368 -13.537598 23.435489 -57.887818 4.139693 3.355521 -2.752916 -32.524234 31.325730 23.483009 -11.749588 -15.425829 21.524940 18.393261 18.011163 57.945585 0.656964 -6.554131 -4.319287 20.418949 -3.858190 -57.954020 -6.303727 -29.274981 
6.848905 -41.405357 28.989597 -176.197542 -5.668148 26.589853 23.713114 9.054801 -57.885686 -11.823065 19.143707 141.787665 7.444099 0.643599 -29.133341 nan nan nan -16.452097 -14.642172 -66.437852 -5.485593 -22.658363 117.682663 6.427922 8.129278 2.883500 nan nan nan 3.453424 -5.126534 75.601580 3.770163 -4.104824 -1.446795 1.279096 -4.305959 3.143311 -4.658846 -7.133305 34.193039 10.157846 -6.622549 3.272150 -30.023570 -13.352962 23.533829 -57.904934 4.297898 3.486760 -2.568505 -31.835405 31.905966 22.892553 -12.224215 -13.962641 21.487238 18.216530 17.862055 58.235255 0.581335 -6.202310 -4.067509 20.453646 -3.597390 -58.076167 -6.388975 -29.212821 
6.883111 -41.536892 28.822941 -176.024032 -5.928572 26.238541 23.702526 9.170417 -57.928717 -11.751085 19.169184 141.915905 7.137831 0.315391 -28.953133 nan nan nan -16.171663 -14.524896 -66.072541 -4.829798 -22.809580 115.828474 6.819209 9.006560 3.526440 nan nan nan 3.478136 -4.468171 75.272506 3.704141 -4.181081 -1.298531 1.187963 -4.326994 2.993264 -4.288417 -7.192977 34.430759 10.144931 -6.883931 3.086707 -30.649540 -13.257007 23.857072 -57.770389 4.511702 3.616660 -2.440301 -31.299178 32.387890 22.550345 -12.621828 -12.551317 21.796348 17.939007 17.987667 58.167295 0.362860 -6.087263 -3.580826 20.923772 -3.135893 -58.826573 -7.055853 -29.632653 
6.914863 -41.672642 28.642956 -175.803678 -6.082786 25.793779 23.647543 9.113251 -57.916773 -11.731061 19.245090 142.016453 6.921603 0.200414 -28.994326 nan nan nan -16.036635 -14.478756 -65.496064 -4.233823 -23.056348 113.978512 7.232214 9.536011 4.173795 nan nan nan 3.478493 -3.912989 75.087724 3.662846 -4.254824 -1.544983 1.013289 -4.224281 3.219663 -3.821131 -7.210171 34.413902 10.196234 -7.190139 3.121257 -31.004365 -13.356840 24.346564 -57.781429 4.583122 3.958895 -2.391181 -30.849828 32.957242 21.903601 -13.053774 -12.173050 21.869835 17.604006 17.919134 58.389512 0.155709 -5.837935 -3.200804 21.276481 -2.365163 -59.164256 -7.752270 -30.134849 
6.944748 -41.814335 28.446747 -175.547409 -6.182513 25.326664 23.538376 9.001658 -57.958050 -11.699434 19.335644 142.084499 6.831370 -0.003944 -28.781196 nan nan nan -15.896685 -14.523884 -64.879271 -3.816707 -23.307519 112.207855 7.422557 9.634367 4.519526 nan nan nan 3.355155 -3.584208 75.018064 3.460174 -4.264455 -2.033783 0.785544 -4.202956 3.627913 -3.603230 -7.178400 34.276574 10.406634 -7.276271 3.268247 -31.163621 -13.314299 24.581994 -57.786775 4.759908 4.340371 -2.435919 -30.445703 33.492419 21.113414 -13.443513 -12.022031 21.684367 17.484655 17.703788 59.027877 -0.010831 -5.318469 -2.856588 21.037147 -1.676865 -58.675101 -7.768455 -30.118501 
6.978499 -41.945549 28.240299 -175.394996 -6.173877 24.922232 23.592440 8.905399 -58.143694 -11.651828 19.401830 142.180853 6.716203 -0.183613 -28.438724 nan nan nan -15.467222 -14.604869 -64.341508 -3.391676 -23.492692 110.471711 7.412682 9.512577 4.671252 nan nan nan 3.279451 -3.366745 74.779447 3.224744 -4.363137 -2.047986 0.657608 -4.246011 3.696276 -3.676576 -7.166092 34.184023 10.556466 -7.076495 3.316535 -31.292504 -12.999821 24.475842 -57.774256 5.034321 4.531504 -2.793951 -29.947141 34.194629 22.365943 -13.207663 -11.125242 21.703592 17.533934 17.881081 59.308555 0.036094 -5.038300 -2.528137 20.934066 -1.375437 -59.223498 -7.527983 -30.170401 
6.969398 -42.046741 28.023287 -175.309917 -6.072998 24.555236 23.758982 8.714758 -58.412049 -11.583556 19.567904 142.280940 6.731800 -0.118295 -28.201669 nan nan nan -14.938537 -14.726735 -63.811903 -2.831800 -23.639666 108.713559 7.521554 9.286807 4.952182 nan nan nan 3.231609 -3.187874 74.371129 3.060467 -4.569901 -1.760946 0.629911 -4.095940 3.653494 -3.969804 -7.300194 34.152217 10.713949 -6.739875 3.290510 -31.425019 -12.754361 24.178584 -57.870039 5.376365 4.658031 -3.246535 -29.423148 34.907218 24.743543 -12.379323 -9.707387 21.654768 17.613742 18.129470 59.518267 -0.041279 -4.936760 -2.139146 21.278837 -1.206796 -60.283271 -7.666376 -29.926417 
6.942836 -42.160004 27.804495 -175.153077 -5.988354 24.208721 23.800094 8.514283 -58.663362 -11.511570 19.767533 142.321821 6.900835 -0.014903 -27.999915 nan nan nan -14.586237 -14.838454 -63.236276 -2.002328 -23.746193 106.863573 7.610001 9.275065 5.241977 nan nan nan 3.196303 -2.971241 74.019784 2.932654 -4.776746 -1.650763 0.563742 -3.893172 3.673073 -4.208486 -7.448779 34.227625 11.009058 -6.535857 3.168138 -31.467404 -12.678202 24.025604 -58.048985 5.705569 4.811870 -3.482609 -29.004834 35.500722 26.607072 -11.600035 -8.560273 21.477228 17.660569 18.258494 59.947519 -0.216408 -4.898096 -1.834402 21.653443 -1.013513 -60.792905 -7.964691 -29.719233 
6.958889 -42.267014 27.590950 -175.055798 -6.053852 23.824704 23.853579 8.561304 -58.789531 -11.516450 19.833336 142.362522 6.999624 -0.163686 -27.611084 nan nan nan -14.275277 -14.718611 -62.606870 -1.240963 -23.780308 105.043172 7.627022 9.447947 5.450748 nan nan nan 3.220686 -2.545335 73.670456 2.731711 -4.858514 -1.431461 0.525629 -3.826913 3.630071 -4.268723 -7.529314 34.399113 11.371603 -6.468525 2.913730 -31.508693 -12.714988 24.053192 -58.226665 6.007781 5.039694 -3.325578 -28.717965 35.735851 28.225070 -10.925954 -7.877764 21.450389 17.619643 18.375736 60.310386 -0.399257 -4.891238 -1.670387 22.171060 -0.800488 -61.132898 -8.484155 -29.791528 
6.982440 -42.349731 27.383858 -175.068214 -6.176829 23.335434 23.903794 8.743487 -58.830257 -11.529477 19.752460 142.502047 6.831480 -0.301241 -27.049326 nan nan nan -13.853524 -14.483276 -61.877375 -0.837496 -23.775840 103.371565 7.625915 9.220016 5.742882 nan nan nan 3.160594 -2.053463 73.317123 2.490567 -4.726217 -1.014934 0.573707 -3.809530 3.573538 -4.309785 -7.637832 34.467757 11.672236 -6.330827 2.679003 -31.563519 -12.626690 23.922838 -58.265442 6.293410 5.271015 -3.302783 -28.477112 36.114621 29.998232 -10.326130 -6.938235 21.326463 17.487251 18.300588 60.691091 -0.564564 -4.763227 -1.576681 22.655335 -0.537831 -61.613518 -9.198176 -29.728460 
6.917083 -42.440388 27.189491 -175.021391 -6.080734 22.814186 23.847422 8.591052 -58.968327 -11.425510 19.708697 142.682145 6.702372 -0.279540 -26.422543 nan nan nan -13.557492 -14.488645 -60.970246 -0.440061 -23.762644 101.648099 7.756526 9.064843 6.051532 nan nan nan 3.320884 -1.960048 73.090599 2.234226 -4.722066 -0.986503 0.485786 -3.764681 3.735371 -4.560421 -7.826921 34.358666 11.907038 -6.084883 2.691460 -31.541233 -12.567979 23.487511 -58.301448 6.699621 5.407777 -3.486203 -28.130042 36.429130 31.396043 -9.941302 -5.626826 20.854351 17.518670 18.070317 61.370820 -0.861193 -4.583866 -1.255274 22.805465 -0.147580 -61.816990 -9.630404 -29.163309 
6.874211 -42.520737 26.973982 -174.806142 -5.975153 22.412062 23.802229 8.309012 -59.180033 -11.313125 19.834704 142.762154 6.706652 -0.279388 -26.003643 nan nan nan -13.554929 -14.452159 -60.173269 0.096994 -23.719428 99.866462 8.185475 9.410992 6.437857 nan nan nan 3.368339 -1.814475 72.893654 2.036787 -4.822847 -1.458123 0.360175 -3.677662 4.213310 -4.720801 -8.028980 34.314390 12.071180 -5.935625 2.646387 -31.352825 -12.456244 23.090938 -58.353497 6.968825 5.725260 -3.352398 -27.604369 36.345820 32.726534 -9.855784 -5.353437 20.402899 17.483333 17.838881 61.930632 -1.008963 -4.280509 -0.683868 22.741973 0.235906 -61.554484 -10.065859 -29.039777 
6.879241 -42.618000 26.755276 -174.537375 -5.946254 22.014675 23.619281 8.123141 -59.393709 -11.291369 19.925965 142.801963 6.699601 -0.240530 -25.636281 nan nan nan -13.627351 -14.304344 -59.383335 0.515380 -23.623185 98.177473 8.777029 9.794939 6.905241 nan nan nan 3.384362 -1.425378 72.781991 1.875207 -4.849138 -2.116281 0.347492 -3.686679 4.841090 -4.695087 -8.269491 34.240430 12.186472 -5.920324 2.551277 -30.981953 -12.327940 22.901833 -58.418763 6.972655 6.135089 -3.255787 -27.054754 36.396444 34.396404 -9.814486 -5.561314 19.999968 17.290840 17.449969 62.390662 -1.158415 -3.822908 -0.231360 22.785848 0.541937 -61.544228 -10.620640 -29.387465 
6.902222 -42.727020 26.552042 -174.357019 -5.960496 21.539665 23.420737 8.046902 -59.507394 -11.331515 19.914764 142.864050 6.651067 -0.210935 -25.223662 nan nan nan -13.540446 -14.138396 -58.488484 0.821047 -23.469518 96.497360 9.062990 9.839530 7.412872 nan nan nan 3.269893 -1.052360 72.705015 1.724446 -4.845013 -2.428900 0.360934 -3.597235 5.141951 -4.725047 -8.350942 34.134200 12.320279 -5.920800 2.546922 -30.621217 -12.274771 22.769817 -58.459181 7.231266 6.319140 -3.533852 -26.795473 36.922344 35.781788 -9.797877 -5.087427 19.574089 17.337976 17.253805 62.998876 -1.297098 -3.533129 0.100147 22.770734 0.807103 -61.690619 -11.114171 -29.786953 
6.905711 -42.827690 26.350264 -174.276590 -5.925919 21.067196 23.440952 7.913275 -59.586814 -11.316942 19.959455 142.895075 6.612455 -0.259452 -24.672388 nan nan nan -13.502056 -13.888101 -57.509341 1.086867 -23.479691 94.671651 9.452547 9.836170 8.141193 nan nan nan 3.133800 -0.692760 72.632727 1.691540 -4.796271 -2.575187 0.369207 -3.406312 5.263789 -4.656303 -8.386007 34.002027 12.355156 -6.075697 2.539568 -30.334490 -12.134207 22.549248 -58.303127 7.470502 6.600665 -3.902883 -26.366184 37.558741 36.839194 -10.084255 -4.544902 19.373236 17.276232 17.126276 63.309247 -1.506032 -3.187741 0.410811 22.716817 1.129702 -62.058034 -11.535263 -30.098732 
6.884533 -42.927910 26.142445 -174.147057 -5.876010 20.645174 23.464006 7.681010 -59.720927 -11.261962 20.046739 142.902733 6.543119 -0.520175 -24.033702 nan nan nan -13.550833 -13.659363 -56.554228 1.301334 -23.464005 92.888687 9.861673 9.969543 8.900084 nan nan nan 3.080437 -0.382440 72.445304 1.631996 -4.791962 -2.503263 0.386787 -3.295646 5.230318 -4.671646 -8.348078 33.964376 12.476210 -6.116762 2.280531 -29.979623 -12.087758 22.461256 -58.338256 7.652830 6.708161 -4.029394 -26.046777 37.805636 36.700936 -10.451075 -4.172983 19.092320 17.215779 17.039954 63.691138 -1.752827 -2.895509 0.638882 22.860951 1.439452 -62.112555 -11.671964 -30.546984 
6.878720 -43.035290 25.927179 -173.996847 -5.903287 20.261613 23.324371 7.500473 -59.896695 -11.194683 20.073477 142.915343 6.510268 -0.686158 -23.403823 nan nan nan -13.544498 -13.373654 -55.738595 1.450890 -23.281212 91.265424 10.189222 10.141148 9.494022 nan nan nan 2.954963 -0.053912 72.340696 1.539429 -4.748465 -2.666576 0.396501 -3.213846 5.286520 -4.744771 -8.257155 33.894440 12.608728 -6.228191 2.152638 -29.543878 -12.023631 22.496708 -58.380476 7.814548 6.656389 -4.209702 -25.771672 37.994316 36.704047 -10.660551 -3.875818 18.704167 17.209456 17.070082 64.243954 -2.017941 -2.631076 0.834781 23.243597 1.854063 -62.188657 -11.784729 -31.054799 
6.879626 -43.128555 25.707737 -173.847119 -5.939393 19.831211 23.259578 7.260231 -60.010762 -11.087944 20.200136 142.965167 6.402250 -0.761990 -22.743050 nan nan nan -13.528137 -13.062354 -54.932405 1.807429 -23.040029 89.589807 10.317367 10.204632 10.060870 nan nan nan 2.821823 0.242234 72.313557 1.409203 -4.686850 -3.015779 0.379592 -3.119984 5.446468 -4.895823 -8.280129 33.831582 12.741944 -6.293353 2.182765 -29.120481 -12.010464 22.615164 -58.261960 8.137250 6.671547 -4.491446 -25.695162 38.217020 37.036796 -10.920261 -3.950806 18.245109 17.239089 17.176278 64.916462 -2.294703 -2.348824 1.096039 23.688335 2.225788 -62.502533 -11.998678 -31.281814 
6.838825 -43.202827 25.485531 -173.767324 -5.956014 19.321825 23.383996 7.023324 -60.089169 -10.962906 20.390872 143.071898 6.372974 -0.880732 -22.065953 nan nan nan -13.519283 -12.740703 -53.995395 2.468093 -22.815878 87.698030 10.382899 10.078539 10.716565 nan nan nan 2.796456 0.413447 72.242733 1.242345 -4.703432 -3.085006 0.299055 -2.978406 5.435087 -5.132720 -8.411630 33.750572 12.814575 -6.228547 2.228333 -28.893986 -11.976101 22.766752 -57.902299 8.677339 6.637644 -4.798483 -26.020729 38.575352 36.115268 -11.545476 -4.082599 17.816140 17.326806 17.329920 65.535541 -2.691260 -2.063402 1.281853 24.256761 2.671034 -62.255863 -12.082785 -31.371682 
6.773791 -43.279285 25.234821 -173.771487 -6.019005 18.919571 23.492808 6.914044 -60.277279 -10.798682 20.383322 143.169289 7.362877 -0.864477 -21.820356 nan nan nan -13.415156 -12.380928 -53.170393 2.980456 -22.525997 85.926931 10.707686 10.038296 11.291797 nan nan nan 2.839925 0.554987 71.998383 1.019687 -4.691454 -3.028653 0.147314 -2.858771 5.410233 -5.159679 -8.352029 33.659172 12.839758 -6.336784 2.132531 -28.673251 -11.808364 22.954554 -57.291156 9.067738 6.519416 -5.471848 -26.449884 39.310101 33.360922 -12.435278 -4.327489 17.518961 17.388132 17.605525 66.111865 -2.998000 -1.828711 1.205706 24.943133 2.909318 -61.588466 -12.171032 -31.754774 
6.729134 -43.369862 24.970226 -173.763457 -6.124190 18.608489 23.549197 6.962967 -60.509471 -10.757226 20.623252 143.211070 7.067511 -0.911563 -21.301742 nan nan nan -13.230490 -11.973466 -52.477187 3.341640 -22.128295 84.233501 11.033300 9.890919 11.766624 nan nan nan 2.915182 0.831000 71.754428 0.767446 -4.717140 -3.063015 0.095521 -2.818332 5.478274 -5.393675 -8.405402 33.625207 13.027764 -6.145940 1.849188 -28.459216 -11.777987 23.034235 -56.877861 9.605091 6.522831 -5.975608 -26.848994 39.512391 34.630316 -12.895318 -3.845569 17.227386 17.523716 17.668162 66.608072 -3.370414 -1.703991 1.334104 25.575473 2.821277 -62.147321 -12.434068 -31.473931 
6.713383 -43.481983 24.724684 -173.713757 -6.190970 18.220562 23.561265 6.989975 -60.646912 -10.771355 20.800243 143.180205 5.963557 -1.271104 -20.556259 nan nan nan -13.057299 -11.571151 -51.622563 3.616528 -21.740378 82.326647 11.196148 9.585240 12.348298 nan nan nan 2.904627 1.115471 71.694121 0.542712 -4.732309 -3.093011 0.087393 -2.751571 5.378754 -5.687246 -8.486537 33.596195 13.253238 -5.842121 1.672299 -28.286628 -11.793383 23.189122 -56.453216 10.301919 6.567424 -6.444407 -27.502046 39.774366 35.652523 -13.319827 -3.639423 16.966051 17.659208 17.706172 67.015348 -3.802814 -1.584905 1.749081 26.173826 2.795025 -62.962043 -12.723687 -31.350319 
6.686648 -43.580040 24.473440 -173.535488 -6.277780 17.791092 23.431916 6.876785 -60.793649 -10.693610 20.894835 143.244421 6.116471 -1.302468 -20.288372 nan nan nan -13.018884 -11.228244 -50.755085 3.958215 -21.339067 80.465853 11.310415 9.076305 12.728628 nan nan nan 2.593241 1.436012 71.707378 0.446914 -4.662383 -3.344950 0.045781 -2.592861 5.417576 -5.797970 -8.567838 33.341708 13.359116 -5.777331 1.891145 -28.011760 -11.631178 23.381807 -55.957395 10.759885 6.761338 -7.109914 -27.975155 40.228024 36.684990 -13.981156 -3.870804 16.648387 17.656902 17.666613 67.378157 -4.209036 -1.210514 2.311450 26.682766 2.709040 -63.697702 -13.003356 -31.457286 
6.640344 -43.651951 24.212744 -173.279443 -6.338280 17.362975 23.341128 6.651110 -60.999099 -10.599911 21.091168 143.327111 6.603852 -1.358820 -20.073082 nan nan nan -13.101998 -10.887206 -49.955437 4.153858 -20.955290 78.877111 11.192141 8.685028 12.778606 nan nan nan 2.184108 1.773073 71.663179 0.415459 -4.574375 -3.617092 0.066957 -2.445196 5.589367 -5.783612 -8.642342 33.054372 13.402368 -5.746402 1.915601 -27.679048 -11.386393 23.488617 -55.564472 11.096182 6.932627 -7.849792 -28.388192 40.703216 37.785949 -14.635030 -4.142831 16.239613 17.548483 17.586684 67.668257 -4.521528 -0.872332 2.828379 27.152561 2.719617 -64.246905 -13.151221 -31.625735 
6.598269 -43.726131 23.955177 -173.062426 -6.401891 16.949169 23.332148 6.457575 -61.199312 -10.591890 21.350183 143.380343 6.585768 -1.541732 -19.717060 nan nan nan -13.128006 -10.565204 -49.170692 4.217148 -20.531167 77.330863 10.981990 8.480755 12.848794 nan nan nan 1.941347 2.086606 71.612654 0.295998 -4.582002 -3.808448 0.110916 -2.364580 5.729133 -5.851410 -8.676993 32.853324 13.509283 -5.577124 1.683671 -27.251960 -11.205039 23.455356 -55.326965 11.607674 7.039865 -8.579714 -29.019492 41.390028 38.734826 -14.862304 -4.275980 15.751370 17.547850 17.514073 68.045512 -4.841020 -0.575314 3.179298 27.684060 3.275727 -64.162783 -13.340654 -31.908086 
6.549183 -43.813118 23.695847 -172.888895 -6.539735 16.556321 23.329839 6.329586 -61.396278 -10.474519 21.541119 143.444652 6.292828 -1.666302 -19.280275 nan nan nan -13.020394 -10.270540 -48.448082 4.234045 -19.876524 75.756081 10.861244 8.470996 13.018754 nan nan nan 1.745445 2.407224 71.585550 0.137531 -4.576881 -4.088273 0.116272 -2.247591 5.931228 -5.973249 -8.696523 32.632021 13.736655 -5.529427 1.443893 -26.863929 -11.111838 23.445357 -55.113332 12.154088 7.150195 -9.268815 -29.720304 41.882195 39.883582 -15.014252 -4.160812 15.212671 17.591591 17.410690 68.473229 -5.280802 -0.303303 3.558671 28.401815 4.049025 -63.621194 -13.771504 -32.337766 
6.486491 -43.897545 23.439354 -172.735144 -6.659856 16.162762 23.246503 6.203769 -61.698070 -10.368410 21.750772 143.549949 6.051629 -1.622358 -18.794097 nan nan nan -12.897192 -10.002431 -47.751460 4.407366 -19.188600 74.117700 10.703226 8.095218 13.282161 nan nan nan 1.613505 2.724940 71.491471 0.027905 -4.578418 -4.322973 0.118793 -2.130130 6.194381 -6.211218 -8.838131 32.285491 13.875524 -5.450739 1.361763 -26.566424 -11.022481 23.451806 -54.964167 12.490516 7.358614 -9.897938 -30.127658 42.256401 42.183392 -15.059474 -4.216797 14.687296 17.626065 17.268833 68.776537 -5.759018 0.096017 4.090816 29.125235 4.611407 -63.619683 -14.247297 -32.683791 
6.420134 -43.956192 23.159441 -172.540183 -6.785534 15.813012 23.224382 6.046645 -62.068108 -10.248686 22.026593 143.673162 5.963015 -1.711713 -18.455270 nan nan nan -12.915447 -9.713046 -47.089406 4.490247 -18.756916 72.470598 10.537195 7.494622 13.719536 nan nan nan 1.461860 3.067089 71.362659 -0.099641 -4.586855 -4.503094 0.163332 -2.064555 6.297232 -6.509214 -9.066579 31.968399 13.963194 -5.253642 1.459685 -26.200682 -10.934545 23.604132 -54.877781 13.009305 7.406403 -10.267085 -30.941829 42.393625 43.370340 -15.569505 -4.378025 14.193555 17.739984 17.331621 69.157007 -6.252735 0.435895 4.539585 29.944807 4.864387 -63.504877 -14.486373 -32.999565 
6.361732 -43.989681 22.868713 -172.378704 -6.938617 15.534092 23.262573 5.962762 -62.481938 -10.113994 22.279574 143.828757 5.868677 -1.815289 -18.170822 nan nan nan -12.964220 -9.395826 -46.478570 4.601617 -18.424214 70.796064 10.527571 7.033809 14.086125 nan nan nan 1.219879 3.420169 71.087319 -0.219476 -4.596984 -4.585339 0.167877 -1.924999 6.341092 -6.756539 -9.238626 31.846512 14.131283 -5.081015 1.294540 -25.761079 -10.764942 23.751602 -54.910812 13.465687 7.397447 -10.519802 -31.668129 42.439151 44.453133 -15.829222 -4.311914 13.832501 17.873633 17.621035 69.445544 -6.604197 0.735178 5.052880 30.834407 5.157190 -63.505167 -15.028948 -33.396015 
6.316435 -44.025780 22.596327 -172.293313 -7.085052 15.243994 23.394147 5.909597 -62.817776 -10.009830 22.480518 143.948738 5.589255 -1.972662 -17.756531 nan nan nan -13.034414 -8.959269 -45.784346 4.593712 -18.279234 69.077459 10.688291 6.635089 14.554071 nan nan nan 0.867614 3.798918 70.790092 -0.273316 -4.553788 -4.523565 0.257605 -1.670584 6.307976 -7.001187 -9.323181 31.854369 14.275913 -4.940527 0.852382 -25.424439 -10.560485 23.832606 -54.767256 13.843129 7.415729 -11.039346 -32.296408 42.169625 45.827155 -16.339773 -3.919742 13.573823 17.925984 17.882682 69.395400 -6.913003 1.010919 5.924903 31.649681 5.335617 -64.768545 -15.714870 -33.226997 
6.276233 -44.093048 22.321936 -172.311894 -7.257942 14.936352 23.632753 5.935089 -63.053316 -9.938861 22.663906 144.008707 5.342279 -2.157488 -17.299610 nan nan nan -12.898533 -8.519392 -45.034721 4.604536 -18.089775 67.240736 10.470275 6.082954 14.984040 nan nan nan 0.682073 4.178625 70.570799 -0.366493 -4.439155 -4.500416 0.380179 -1.447413 6.323298 -7.352663 -9.410969 31.795894 14.453450 -4.789866 0.509660 -25.058872 -10.492821 23.820179 -54.802167 14.132005 7.585678 -11.449494 -32.792930 42.503387 47.511546 -16.146719 -4.031049 13.195286 17.933059 17.965623 69.411649 -7.312044 1.238586 6.789848 32.433865 6.014308 -65.771994 -16.374325 -33.004886 
6.226767 -44.178394 22.035957 -172.319839 -7.539720 14.620908 23.800439 6.012078 -63.233163 -9.827276 22.809843 144.032679 5.142083 -2.379041 -16.812922 nan nan nan -12.684308 -8.043800 -44.317000 4.592771 -17.692509 65.411633 10.349972 5.528818 15.304442 nan nan nan 0.473439 4.627541 70.439176 -0.471667 -4.298437 -4.603727 0.492643 -1.252284 6.400782 -7.648989 -9.409232 31.586578 14.649452 -4.778099 0.333842 -24.558182 -10.425864 23.800672 -54.969013 14.356586 7.815471 -11.703535 -33.321576 43.207260 48.699315 -15.809440 -4.424396 12.749596 18.001853 18.055143 69.567408 -7.719121 1.490270 7.399135 33.263350 6.710980 -65.934092 -16.993597 -33.243266 
6.157929 -44.264778 21.756123 -172.193878 -7.776248 14.302360 23.749146 5.971687 -63.499423 -9.730052 22.996331 144.066131 4.988623 -2.465374 -16.339550 nan nan nan -12.656923 -7.659397 -43.608851 4.678995 -17.253655 63.585351 10.607196 4.953479 15.642927 nan nan nan 0.202613 5.101757 70.353221 -0.461324 -4.230371 -4.829232 0.599138 -1.116776 6.510276 -7.869516 -9.444707 31.324502 14.680704 -4.818136 0.243329 -24.035985 -10.257932 23.929625 -55.092611 14.501574 7.994536 -12.059700 -33.953613 44.051829 49.675696 -15.589003 -4.921943 12.345741 18.099794 18.254447 69.622885 -8.007697 1.850215 7.976820 34.034166 7.187164 -66.334026 -17.690750 -33.894527 
6.051764 -44.330570 21.490772 -172.009491 -7.894154 13.979147 23.692022 5.781997 -63.816987 -9.564429 23.199146 144.148247 4.759311 -2.615611 -15.993944 nan nan nan -12.825400 -7.438301 -42.880395 4.831335 -17.003713 61.790638 10.801000 4.579034 16.018615 nan nan nan 0.033875 5.483815 70.185815 -0.381905 -4.211959 -4.939061 0.704331 -1.011077 6.556972 -8.120101 -9.573017 31.091723 14.607723 -4.885386 0.174130 -23.531139 -10.175215 24.170738 -55.254034 14.681375 8.040912 -12.517188 -34.701890 44.601623 50.138220 -15.972339 -5.352616 11.898282 18.198407 18.466931 69.654412 -8.381231 2.137019 8.563198 34.881394 7.758151 -66.025918 -17.892812 -34.978728 
5.939620 -44.381096 21.231401 -171.869565 -7.967305 13.621436 23.670129 5.571434 -64.095035 -9.338017 23.372372 144.269949 4.431920 -2.746251 -15.644592 nan nan nan -12.964580 -7.321722 -42.147738 4.997498 -16.823619 60.059800 10.756947 4.236832 16.402946 nan nan nan -0.124498 5.790170 70.017134 -0.308850 -4.202446 -5.063782 0.820326 -0.830112 6.664987 -8.362154 -9.590482 30.718926 14.603067 -4.953300 0.233742 -22.910873 -10.135098 24.375048 -55.467818 14.874533 7.971766 -13.214055 -35.476726 44.902147 50.295685 -16.806312 -5.675975 11.305331 18.317307 18.598151 69.780038 -8.848761 2.395946 9.219702 35.696651 8.410400 -65.171206 -17.670370 -35.620885 
5.868585 -44.438522 20.986700 -171.840755 -8.087491 13.288906 23.750937 5.461334 -64.307603 -9.184918 23.588982 144.377168 4.201384 -2.724223 -15.367705 nan nan nan -12.916317 -7.053577 -41.405201 5.059621 -16.607569 58.268980 10.688046 3.923636 16.748685 nan nan nan -0.280494 6.111896 69.921577 -0.264455 -4.189501 -5.310343 0.939457 -0.617681 6.827498 -8.549465 -9.376062 30.306055 14.675079 -5.085930 0.220724 -22.229292 -10.006447 24.409180 -55.559002 15.202709 7.853799 -14.189543 -36.361354 45.396324 50.222318 -17.384857 -5.665569 10.840976 18.344636 18.717537 69.688002 -9.265365 2.634372 10.137907 36.467953 9.268304 -64.923584 -17.791014 -35.598373 
5.799832 -44.518559 20.757053 -171.835859 -8.343769 13.012647 23.815061 5.456013 -64.496772 -9.066910 23.859970 144.428961 4.086397 -2.714027 -15.083182 nan nan nan -12.835930 -6.707758 -40.722336 5.073596 -16.505230 56.396868 10.566380 3.510850 17.151699 nan nan nan -0.392645 6.492506 69.885131 -0.254339 -4.203582 -5.640791 1.034391 -0.457457 6.871735 -8.846649 -9.148671 30.195922 14.699083 -5.082834 0.139991 -21.624750 -9.858120 24.428971 -55.481531 15.617149 7.824570 -15.358746 -37.257214 46.232768 49.841088 -17.463063 -5.752000 10.488649 18.397797 18.912891 69.536057 -9.716428 2.846192 10.960943 37.371883 10.044635 -64.569894 -18.227705 -35.845103 
5.707488 -44.626007 20.541840 -171.762679 -8.636887 12.820305 23.737858 5.453824 -64.748474 -8.919264 24.076618 144.422764 4.013154 -2.752757 -14.761065 nan nan nan -12.759395 -6.571146 -40.114030 5.144502 -16.392752 54.475572 10.317429 2.869122 17.445195 nan nan nan -0.542952 6.699589 69.291421 -0.511720 -4.153968 -5.140547 1.066944 -0.347946 6.821471 -9.360079 -9.187369 30.313327 14.861803 -4.580621 -0.403966 -21.236171 -9.855280 24.581407 -55.055310 15.882685 7.742865 -16.695044 -38.258911 47.295866 49.504981 -17.171490 -6.165931 10.467062 18.552312 19.433024 69.363185 -9.774821 2.958621 11.344706 38.485067 10.417474 -64.236028 -18.650084 -35.836025 
5.617709 -44.724735 20.321056 -171.705731 -8.863523 12.602509 23.726234 5.365083 -64.954858 -8.778453 24.219937 144.401306 3.924139 -2.885128 -14.617433 nan nan nan -12.702275 -6.389442 -39.427722 5.159383 -16.251117 52.612616 10.359537 2.467635 17.569550 nan nan nan -0.731850 6.995159 68.991008 -0.554662 -4.115416 -5.060648 1.196169 -0.235291 6.874331 -9.726091 -9.095487 30.096974 14.860913 -4.524698 -0.648626 -20.751460 -9.761466 24.519572 -54.889361 16.024734 7.850380 -17.849517 -38.897566 48.042121 49.582784 -17.067095 -6.540526 10.274629 18.482363 19.671748 69.098777 -10.064410 3.175121 11.939785 39.529245 10.996588 -64.192867 -18.830054 -35.612642 
5.524822 -44.789604 20.093372 -171.817011 -9.090180 12.439101 24.019117 5.412147 -65.175251 -8.635949 24.408714 144.455408 3.833057 -3.170383 -14.564552 nan nan nan -12.495004 -6.060234 -38.795823 5.293432 -15.925123 50.783531 10.568404 2.282372 17.506308 nan nan nan -0.879173 7.228370 68.694905 -0.546125 -4.055040 -5.110744 1.257016 -0.063145 6.900090 -9.907531 -8.811188 29.743648 14.721852 -4.656125 -0.612284 -20.291543 -9.583480 24.411797 -54.858454 16.213185 8.103384 -18.628587 -39.351575 48.647759 50.050990 -17.158966 -6.895483 9.976856 18.412679 19.885587 68.862787 -10.371367 3.352009 12.586113 40.402934 11.568476 -64.210336 -18.975609 -36.171466 
5.414654 -44.847691 19.868755 -172.024681 -9.266807 12.239417 24.166375 5.546489 -65.441792 -8.522200 24.459866 144.588243 3.669657 -3.295616 -14.409445 nan nan nan -12.186562 -5.794165 -38.117820 5.353267 -15.777443 49.037569 10.666418 2.176795 17.245172 nan nan nan -0.941248 7.333330 68.412539 -0.581652 -3.925391 -5.228588 1.310832 0.128555 6.956005 -10.061723 -8.553461 29.514497 14.607965 -4.648615 -0.464615 -19.935412 -9.535309 24.653624 -54.958898 16.288529 8.143099 -19.117332 -39.725748 49.270353 50.700788 -17.410698 -7.598792 9.610161 18.382792 20.231335 68.810440 -10.609888 3.432760 13.313346 40.989791 13.006263 -64.910185 -18.834871 -37.945002 
5.306331 -44.938362 19.659060 -172.202311 -9.414429 11.990043 24.165985 5.617590 -65.660981 -8.460073 24.465481 144.662599 3.535300 -3.203302 -14.208811 nan nan nan -11.952003 -5.558084 -37.301135 5.261340 -16.167508 47.249872 10.431754 1.867835 16.752533 nan nan nan -1.037178 7.435878 68.360457 -0.569528 -3.790506 -5.619131 1.447849 0.197979 7.160248 -10.273618 -8.826104 28.982313 14.125949 -4.685698 -0.254909 -19.611237 -9.340970 24.957643 -55.104226 16.253496 7.973489 -19.698833 -40.082035 50.108388 51.216650 -17.673678 -8.648785 9.127728 18.219678 20.556788 68.764663 -10.561711 3.447829 14.064218 41.284992 15.093114 -66.716374 -18.243312 -39.701854 
5.200612 -45.054012 19.489735 -172.282427 -9.621242 11.750948 24.257848 5.555908 -65.754525 -8.297500 24.512222 144.679401 3.305309 -3.196042 -14.111141 nan nan nan -11.829489 -5.324655 -36.496039 5.171749 -15.549897 45.402030 11.273286 2.913964 17.180642 nan nan nan -1.057011 7.629239 68.461593 -0.514389 -3.917392 -6.060322 1.421549 0.362663 7.295857 -10.157160 -7.960646 28.779582 14.011951 -4.955681 -0.263157 -19.084151 -9.305619 25.035053 -55.436712 16.463369 7.871269 -20.228598 -40.476776 50.663164 51.493393 -17.935943 -9.314482 8.891106 17.831362 20.779318 68.475305 -10.393974 3.098944 14.480011 41.829145 16.024996 -67.509465 -18.271417 -39.681467 
5.108335 -45.163082 19.338737 -172.312925 -9.842976 11.599011 24.436669 5.457136 -65.875237 -8.150893 24.743988 144.633132 3.228781 -3.159663 -13.926624 nan nan nan -11.713873 -5.171648 -35.692348 5.286053 -15.385853 43.449892 11.416915 2.840855 17.045428 nan nan nan -1.045484 7.843754 68.426350 -0.523199 -4.064553 -6.279902 1.484287 0.390281 7.315789 -10.460706 -8.014918 28.506089 13.921085 -4.901447 -0.424799 -18.818911 -9.243523 24.832563 -55.423340 16.937570 8.082210 -20.946558 -40.991987 50.972248 51.608838 -17.724859 -9.270989 8.454303 17.753784 20.657351 68.475953 -10.747454 2.985277 14.686047 42.758571 15.817491 -66.491708 -18.667218 -38.163348 
5.011860 -45.261124 19.185715 -172.234931 -10.151318 11.439077 24.384950 5.432199 -65.958753 -7.991613 24.947815 144.583655 3.123893 -3.128190 -13.740239 nan nan nan -11.742110 -5.054812 -34.990475 5.248913 -15.295210 41.610086 11.911561 2.880156 17.105085 nan nan nan -1.179545 8.084548 68.317897 -0.603957 -4.261186 -6.398428 1.456510 0.509662 7.247509 -10.606592 -7.213657 28.438664 14.235974 -4.721793 -0.446798 -18.365405 -9.295440 24.550929 -55.454414 17.429757 8.373525 -21.705483 -41.297255 51.400988 51.325898 -17.692824 -9.141860 8.145629 17.682106 20.519713 68.576073 -11.367219 3.210864 15.269486 43.713104 16.334436 -65.039878 -19.109598 -36.895888 
4.920861 -45.368038 19.046673 -172.157228 -10.331559 11.207739 24.349211 5.327607 -66.024423 -7.834591 25.089682 144.522941 2.946268 -3.177286 -13.486217 nan nan nan -11.771582 -5.022715 -34.183975 5.291588 -15.120877 39.727569 12.227694 2.932759 17.223066 nan nan nan -1.167133 8.255115 68.260632 -0.615314 -4.424843 -6.405323 1.486348 0.429452 7.180710 -10.774330 -7.349480 27.889540 14.080963 -4.654473 -0.262546 -18.081526 -9.296549 24.315589 -55.442099 17.689690 8.549096 -22.353705 -41.417444 51.876175 50.299236 -18.136887 -9.215005 7.676180 17.608153 20.118533 68.727104 -12.086440 3.555029 15.523553 44.580173 16.807364 -63.595497 -18.954408 -36.059071 
4.870199 -45.479485 18.920162 -172.205786 -10.416856 11.011819 24.363088 5.269868 -66.185695 -7.767280 25.027301 144.486095 2.552082 -3.376897 -13.176046 nan nan nan -11.586080 -5.081628 -33.323425 5.258766 -14.977357 37.903267 12.278876 3.304962 17.134936 nan nan nan -1.062110 8.374848 68.194824 -0.566845 -4.589056 -6.551295 1.446106 0.389003 7.274276 -10.628830 -6.737278 27.521298 13.976991 -4.813319 -0.197868 -17.608750 -9.235587 24.287356 -55.558173 17.672482 8.589610 -23.063859 -41.515394 52.807164 49.973649 -18.318569 -9.891888 7.447443 17.157257 20.048853 68.651153 -11.812759 3.351645 15.435020 44.930403 17.078780 -64.756533 -18.909195 -36.519717 
4.804577 -45.581169 18.809692 -172.187283 -10.464531 10.855060 24.215397 5.213677 -66.421225 -7.793040 25.091060 144.415584 2.351814 -3.418314 -12.944139 nan nan nan -11.446265 -5.299746 -32.501209 5.291838 -14.751621 36.111180 12.487141 3.464472 17.022489 nan nan nan -1.044041 8.443292 68.089205 -0.523243 -4.816912 -6.768784 1.428181 0.455071 7.375204 -10.938211 -6.208659 27.432249 14.118170 -4.491939 -0.226561 -17.264631 -9.295078 24.065882 -55.667402 17.890531 8.789193 -23.643413 -41.597799 52.983042 50.330487 -17.667744 -10.181675 7.119851 17.016819 19.841393 68.766645 -12.418455 3.643761 15.728678 45.786145 17.636452 -64.234791 -19.547977 -35.250898 
4.746837 -45.707008 18.684286 -172.118751 -10.542790 10.772183 24.020805 5.141347 -66.673929 -7.685403 25.173814 144.371914 2.218449 -3.273019 -12.811470 nan nan nan -11.423495 -5.124584 -31.591864 5.626085 -13.254446 33.981636 13.057991 4.133967 16.713663 nan nan nan -1.078951 8.582930 67.937833 -0.451260 -5.076391 -7.056958 1.394932 0.404446 7.581002 -10.940508 -5.620007 27.312942 14.175126 -4.430614 -0.515838 -16.864990 -9.224096 23.867523 -55.784272 17.957374 8.865974 -24.346638 -41.547614 53.131993 52.344220 -16.849244 -10.492316 6.975355 16.712741 19.814944 68.568360 -12.335631 3.735699 16.110449 46.154224 17.765766 -66.937525 -20.191786 -33.444745 
4.717416 -45.835464 18.560570 -172.028537 -10.568219 10.646777 23.958549 4.978529 -66.853567 -7.683491 25.296881 144.247883 1.997647 -3.312076 -12.672701 nan nan nan -11.460553 -5.038459 -30.763311 5.793586 -12.656880 32.115427 13.517666 4.119934 16.623500 nan nan nan -1.157449 8.721984 67.726000 -0.419156 -5.332906 -7.026162 1.453178 0.344345 7.581047 -11.022900 -5.374689 27.099567 14.208317 -4.128060 -0.623533 -16.690001 -9.178534 23.738659 -55.733583 18.200369 8.879755 -24.975014 -41.782262 53.135330 53.463379 -16.923706 -10.083150 6.889537 16.552354 19.765172 68.455776 -12.441842 3.777846 16.215615 46.743564 17.550020 -68.410586 -20.239079 -32.012340 
4.690953 -45.941658 18.446802 -171.978405 -10.542855 10.537884 24.062931 4.816914 -67.050711 -7.589279 25.398474 144.177249 1.792538 -3.389611 -12.498333 nan nan nan -11.476146 -5.072733 -30.018948 5.863633 -12.376189 30.465462 13.902087 4.096355 16.834075 nan nan nan -1.187903 8.841041 67.417931 -0.371479 -5.528513 -6.882516 1.550685 0.271192 7.537955 -11.119513 -5.385531 26.831599 14.042889 -3.809423 -0.550057 -16.659736 -9.131390 23.946021 -55.561507 18.238116 8.717771 -25.656977 -42.032015 53.384435 52.435512 -17.436886 -10.096991 6.674906 16.292252 19.630273 68.475351 -12.598875 3.725573 16.176416 47.399352 17.726616 -67.532621 -19.779582 -32.265013 
4.641636 -46.045151 18.344986 -171.918147 -10.482298 10.436345 24.129306 4.651436 -67.254573 -7.442592 25.487214 144.150604 1.799313 -3.482594 -12.413260 nan nan nan -11.484904 -5.266353 -29.312987 5.857078 -12.222078 29.009788 14.075343 4.053600 16.949265 nan nan nan -1.184596 8.886817 67.113691 -0.314058 -5.712086 -6.862517 1.575361 0.145682 7.612066 -11.202075 -5.419531 26.677796 13.888301 -3.508347 -0.533190 -16.588698 -9.011237 24.280763 -55.397476 18.134616 8.503259 -26.311520 -42.271134 53.805098 51.536083 -17.755492 -10.493382 6.430288 15.952235 19.522687 68.439870 -12.668511 3.663197 16.331223 48.108441 18.438660 -66.028529 -19.014200 -33.304687 
4.584936 -46.153057 18.257263 -171.852775 -10.362573 10.348917 24.102203 4.442501 -67.509516 -7.372356 25.563768 144.096771 1.923253 -3.617617 -12.312101 nan nan nan -11.446127 -5.513188 -28.626546 5.740333 -12.201767 27.784812 14.118154 4.023315 16.664727 nan nan nan -1.284110 8.837287 66.865422 -0.207514 -5.950851 -6.933159 1.543837 0.090436 7.628542 -11.165101 -5.257035 26.525016 13.793489 -3.209672 -0.462472 -16.500749 -8.811515 24.407186 -55.241464 18.241789 8.402698 -26.953475 -42.525156 54.085372 51.765611 -18.089565 -10.609462 6.283115 15.732685 19.550880 68.333385 -12.791223 3.734091 16.477092 48.794554 19.014685 -65.578341 -18.476676 -33.266682 
4.557186 -46.254272 18.168720 -171.721133 -10.295520 10.207945 24.066161 4.234815 -67.678897 -7.423285 25.701333 143.950098 1.755584 -3.956498 -12.114316 nan nan nan -11.528571 -5.447862 -27.831609 5.679121 -11.878075 26.302385 14.648791 3.859022 16.408521 nan nan nan -1.594733 8.852666 66.612042 -0.065732 -6.237979 -6.833347 1.498838 0.190754 7.485735 -11.091248 -4.997694 26.444397 13.928273 -2.969045 -0.608459 -16.296183 -8.583027 24.252368 -55.077901 18.527092 8.518270 -27.520940 -42.743519 54.159569 52.084111 -18.424712 -10.467129 6.215246 15.631149 19.456725 68.419217 -13.200392 4.123303 15.925358 49.540875 18.968679 -64.883181 -18.078338 -32.137602 
4.555977 -46.373806 18.088118 -171.687418 -10.400301 10.016864 24.067718 4.229000 -67.705103 -7.543183 25.743001 143.803890 1.431508 -4.405591 -11.856850 nan nan nan -11.402221 -5.550166 -27.240287 5.402171 -11.782656 25.354388 14.535873 4.102439 16.359505 nan nan nan -1.774347 9.011626 66.572440 -0.002025 -6.447301 -7.110413 1.538267 0.202342 7.586911 -11.003017 -4.660910 26.454661 14.058818 -2.912081 -0.751196 -15.969472 -8.396576 24.331337 -55.131065 18.603715 8.382602 -28.193154 -42.835086 54.894782 52.273751 -18.547130 -11.020957 6.092926 15.350329 19.445793 68.400487 -13.022407 3.926675 16.147193 49.836640 19.530128 -65.100935 -17.502862 -33.012367 
4.556273 -46.474194 18.001076 -171.660471 -10.480158 9.838520 24.168429 4.205156 -67.696386 -7.327894 25.813137 143.807029 1.300081 -4.465057 -11.743146 nan nan nan -11.383110 -5.443800 -26.484001 5.345246 -11.510665 24.049664 14.452365 4.152475 16.327231 nan nan nan -1.991127 9.166334 66.435521 0.128424 -6.615426 -7.163035 1.594440 0.201926 7.484050 -11.037505 -4.397228 26.604858 14.115134 -2.635160 -0.802259 -15.790839 -8.266788 24.530340 -55.182402 18.805834 8.270062 -28.785174 -43.084791 55.639223 52.157594 -18.703864 -11.412313 5.900526 15.138385 19.535900 68.383526 -13.145197 3.765404 16.398479 50.362916 20.520452 -63.502874 -16.695045 -33.799572 
4.541176 -46.558540 17.923012 -171.592615 -10.459431 9.676240 24.094766 4.094747 -67.827640 -7.318496 25.907542 143.762120 1.201007 -4.591347 -11.539784 nan nan nan -11.473768 -5.361373 -25.658339 5.357745 -11.085114 22.694750 14.288788 4.276804 16.181449 nan nan nan -2.246451 9.213852 66.102305 0.320037 -6.850348 -6.931366 1.592149 0.297290 7.271326 -11.202096 -4.165775 26.854935 14.213330 -2.251077 -0.941025 -15.753910 -8.226144 24.674174 -55.154769 19.095787 8.214382 -29.310126 -43.393283 56.002592 51.678379 -18.979377 -11.359812 5.742585 15.036722 19.606258 68.436295 -13.499072 3.743579 16.281896 51.245031 20.997416 -61.576420 -16.324498 -33.897349 
4.551148 -46.651123 17.850899 -171.538164 -10.440159 9.405610 23.887746 3.991833 -67.869160 -7.573642 25.951748 143.634254 1.134899 -4.773967 -11.221464 nan nan nan -11.486797 -5.360387 -24.788320 5.316253 -10.560703 21.546196 14.113273 4.306274 15.989831 nan nan nan -2.379962 9.282739 65.738572 0.436514 -7.082144 -6.566877 1.572967 0.319434 7.233825 -11.394807 -3.967409 26.926756 14.351151 -1.940580 -1.091474 -15.646325 -8.193290 24.618580 -55.029956 19.355457 8.224106 -29.991311 -43.735654 56.541065 51.388598 -18.880749 -11.495383 5.593000 14.948257 19.498525 68.541201 -13.705121 3.779216 16.070588 52.138138 21.007142 -61.295507 -16.362712 -33.327969 
4.583151 -46.752655 17.765594 -171.519702 -10.448166 9.162654 23.892292 3.887051 -67.748015 -7.308101 25.860289 143.608631 1.027041 -4.586691 -11.012743 nan nan nan -11.458059 -5.176812 -24.000331 5.192911 -10.176328 20.531562 14.004502 4.134010 15.869702 nan nan nan -2.476154 9.374534 65.395434 0.497782 -7.189383 -6.379548 1.599865 0.159525 7.342716 -11.359775 -3.721622 27.037710 14.144533 -1.666772 -1.218561 -15.531726 -8.004113 24.704559 -54.751310 19.379629 8.226760 -30.920840 -43.979038 57.471491 51.673671 -18.726398 -12.155442 5.423632 14.729379 19.545090 68.555107 -13.566248 3.870968 16.247889 52.860022 21.398932 -63.222074 -16.239414 -33.658387 
4.599674 -46.856300 17.694939 -171.547156 -10.350691 8.882654 23.930425 3.717139 -67.599316 -7.233714 25.801158 143.512852 0.789793 -4.604327 -10.713862 nan nan nan -11.428301 -4.950071 -23.098215 5.121673 -10.000234 19.534965 13.871208 3.731042 15.799537 nan nan nan -2.477209 9.346875 65.208232 0.550199 -7.317926 -6.418080 1.652272 0.057878 7.484938 -11.335263 -3.604350 27.417887 13.878814 -1.298947 -1.382644 -15.461330 -7.883326 25.023645 -54.498596 19.340568 8.174776 -31.781484 -44.243066 58.451716 51.420773 -19.013237 -12.880046 5.262736 14.499737 19.642104 68.495427 -13.666310 3.996366 16.624858 53.655902 22.283881 -64.384415 -15.708074 -34.828273 
4.598135 -46.953571 17.622442 -171.538502 -10.246893 8.603773 23.861161 3.530133 -67.505100 -7.278193 25.812716 143.371768 0.570158 -4.780984 -10.218181 nan nan nan -11.424143 -4.930905 -22.303424 5.128539 -9.629730 18.717502 13.737145 3.349675 15.826774 nan nan nan -2.503579 9.260757 64.931989 0.583144 -7.529442 -6.308393 1.668940 0.132757 7.574541 -11.477613 -3.443672 27.936764 13.957456 -1.095531 -1.554645 -15.423336 -7.904495 25.139064 -54.264207 19.491760 8.209580 -32.490206 -44.592884 58.807244 51.472099 -19.222866 -12.909284 5.154607 14.359228 19.540001 68.468871 -13.983633 4.111042 16.770906 54.452054 22.617314 -64.246358 -15.576559 -33.583376 
4.613303 -47.057865 17.539385 -171.527377 -10.300354 8.370070 23.698037 3.505711 -67.383208 -7.380158 25.869564 143.211814 0.578396 -4.864981 -9.758069 nan nan nan -11.307493 -5.016879 -21.717556 5.013225 -9.001595 18.090365 13.585149 3.076213 15.921571 nan nan nan -2.597849 9.325637 64.558336 0.593334 -7.719520 -6.077202 1.667070 0.183840 7.701289 -11.712818 -3.193066 28.227461 14.236026 -0.904166 -1.584612 -15.320435 -7.909853 24.847225 -54.114966 19.839158 8.325931 -33.081438 -44.917311 58.644563 53.397509 -18.607609 -12.149418 5.056057 14.251714 19.188876 68.440820 -14.250828 4.203887 16.788833 55.060540 22.496219 -64.396599 -15.974201 -30.425389 
4.652553 -47.165569 17.445028 -171.597309 -10.408147 8.210352 23.684210 3.501728 -67.246242 -7.446285 25.898379 143.024139 0.573847 -4.950648 -9.349193 nan nan nan -11.077592 -4.834951 -21.163927 4.780252 -8.467014 17.386512 13.336870 2.794109 16.026101 nan nan nan -2.639212 9.384873 64.228304 0.555554 -7.789250 -6.014863 1.603933 0.093428 7.820260 -11.870685 -2.970368 28.483906 14.261903 -0.540545 -1.410593 -15.151687 -7.791206 24.671971 -54.011759 20.119246 8.489910 -33.541052 -45.230412 58.589219 55.261266 -18.008665 -11.777601 4.998402 14.092949 18.881649 68.367258 -14.431622 4.458793 16.820977 55.534718 22.555450 -64.970466 -16.046507 -28.378512 
4.685072 -47.264309 17.372559 -171.731692 -10.421119 7.998517 23.842094 3.356843 -67.039341 -7.537830 25.941027 142.803685 0.295210 -5.172344 -8.649543 nan nan nan -10.961620 -4.530232 -20.527293 4.690369 -8.424671 16.760439 13.258868 2.561036 16.192035 nan nan nan -2.582617 9.309921 63.971647 0.552522 -7.818890 -6.086808 1.494436 0.025917 7.956752 -11.885619 -2.678700 28.924756 14.133380 -0.347013 -1.191353 -15.009275 -7.649782 24.731012 -53.812201 20.252596 8.668806 -34.154453 -45.554422 58.918774 55.036105 -17.901564 -12.081538 4.936443 13.730942 18.724326 68.251570 -14.496633 4.600776 17.092553 56.004147 23.260120 -65.176553 -15.852293 -27.522206 
4.709281 -47.362701 17.327988 -171.832681 -10.398719 7.701437 23.965033 3.125738 -66.747698 -7.634974 25.932293 142.569198 -0.020992 -5.371183 -7.751855 nan nan nan -10.958293 -4.319767 -19.809964 4.707125 -8.583829 16.226814 13.392193 2.386270 16.397943 nan nan nan -2.611217 9.190565 63.747587 0.638947 -7.883246 -6.150713 1.354690 0.025239 8.155665 -11.759821 -2.276525 29.286896 14.014904 -0.383201 -0.922985 -14.864292 -7.365879 24.765032 -53.529932 20.268986 8.824733 -34.925784 -45.820570 59.547421 54.015009 -17.964750 -12.735856 4.878885 13.240695 18.572662 68.054193 -14.537633 4.822674 17.397158 56.674342 24.162016 -65.491636 -15.634388 -27.791974 
4.730232 -47.468834 17.279617 -171.826912 -10.401648 7.500255 23.880013 2.938197 -66.592793 -7.652685 25.844694 142.368450 -0.097782 -5.413976 -6.932482 nan nan nan -10.974131 -4.243899 -19.214722 4.622912 -8.462309 15.692474 13.465449 2.308450 16.630897 nan nan nan -2.733895 9.173993 63.268152 0.738333 -7.967811 -5.855324 1.248212 -0.041879 8.206517 -11.696780 -1.955789 29.669770 13.821631 -0.300048 -0.759549 -14.802227 -7.004887 24.888638 -53.167714 20.268547 8.936465 -35.774758 -46.227829 60.672175 53.319903 -18.036498 -13.325984 4.964784 12.811417 18.591695 67.762421 -14.614185 5.067878 17.699768 57.627070 25.102683 -65.813159 -15.290648 -29.372957 
4.750521 -47.589798 17.233818 -171.749675 -10.353777 7.364238 23.615941 2.712123 -66.563093 -7.637391 25.738736 142.150603 0.038520 -5.348037 -6.158872 nan nan nan -10.986975 -4.437365 -18.689183 4.531305 -8.034916 15.139176 13.466964 2.250155 16.883247 nan nan nan -2.839542 9.202255 62.706512 0.847739 -8.128145 -5.490514 1.209893 -0.122725 8.156573 -11.859694 -1.744403 30.241586 13.651574 0.147908 -0.647023 -14.850465 -6.825027 25.092404 -52.874594 20.397970 8.895530 -36.574963 -46.688412 61.688786 52.676384 -18.052428 -13.589645 5.095644 12.571100 18.720190 67.625615 -14.796683 5.129003 17.685937 58.605359 25.696827 -65.568141 -14.805927 -30.134701 
4.756981 -47.724594 17.197304 -171.667573 -10.276134 7.147725 23.313345 2.398944 -66.465993 -7.563254 25.604881 141.906483 0.224382 -5.297365 -5.400435 nan nan nan -10.962497 -4.736432 -17.995598 4.380698 -7.570965 14.437435 13.468026 2.281461 17.147868 nan nan nan -2.891507 9.151832 62.404796 0.909693 -8.387650 -5.470036 1.195282 -0.133849 8.190619 -12.164409 -1.516237 30.926466 13.681821 0.715083 -0.492055 -14.836061 -6.707136 25.166283 -52.704514 20.640175 8.720245 -37.389957 -46.921620 62.312095 51.809623 -18.138010 -13.631309 5.125654 12.446486 18.813373 67.542521 -14.951283 5.113945 17.870742 59.302763 26.180849 -65.163465 -14.254015 -29.872163 
4.768343 -47.843876 17.156170 -171.648982 -10.280253 6.905662 23.163569 2.174798 -66.299729 -7.472727 25.458243 141.680854 0.311966 -5.370743 -4.745744 nan nan nan -10.844066 -4.973820 -17.281281 4.168756 -7.214765 13.736987 13.572456 2.392582 17.464168 nan nan nan -2.918737 9.047960 62.117944 0.859971 -8.600156 -5.524181 1.136845 -0.107659 8.321295 -12.431131 -1.252068 31.591073 13.775356 1.128535 -0.256158 -14.785178 -6.524881 25.231702 -52.479150 20.912101 8.767605 -38.212146 -47.238466 63.082238 51.021847 -18.148726 -13.727597 5.113230 12.342327 18.810276 67.488323 -15.035964 5.231092 17.939093 59.813117 26.399182 -64.883310 -13.744068 -29.557161 
4.801312 -47.926247 17.102238 -171.708625 -10.379500 6.744030 23.202623 2.110033 -66.199826 -7.468002 25.388428 141.495132 0.389612 -5.450971 -4.191228 nan nan nan -10.666812 -5.182960 -16.839540 4.077599 -6.878254 13.366691 13.542659 2.450858 17.653988 nan nan nan -2.957618 8.998758 61.609964 0.800602 -8.675055 -5.376729 1.020566 -0.124153 8.402763 -12.601303 -1.003249 32.247188 13.717546 1.495233 -0.041278 -14.827029 -6.348270 25.433351 -52.213179 21.178354 8.828670 -38.882799 -47.709088 63.977636 50.354566 -18.048623 -13.997226 5.123650 12.176846 18.776717 67.444133 -15.122196 5.326022 17.991060 60.313787 26.805892 -64.584401 -13.336130 -29.328993 
4.831965 -48.018566 17.049553 -171.772140 -10.436208 6.554858 23.240360 1.993722 -66.072897 -7.471195 25.312229 141.269248 0.493259 -5.705609 -3.585452 nan nan nan -10.551259 -5.400802 -16.335783 4.086588 -6.687451 12.995136 13.308123 2.543987 17.794576 nan nan nan -2.938091 8.972438 61.148258 0.785726 -8.740245 -5.200770 0.925174 -0.165198 8.443108 -12.756668 -0.805791 32.916375 13.532213 1.809155 0.173901 -14.770497 -6.232944 25.606602 -52.104516 21.255998 8.713361 -39.279932 -48.003749 64.329782 49.432652 -18.006823 -14.576372 5.099225 12.023243 18.798759 67.494410 -15.178810 5.368493 17.939129 60.865232 27.224885 -64.490995 -12.838131 -29.159938 
4.867404 -48.142971 17.000116 -171.742627 -10.495929 6.286234 22.951255 1.904045 -65.898527 -7.534434 25.212044 140.924693 0.547683 -5.966081 -2.856736 nan nan nan -10.527787 -5.485385 -15.660221 4.028519 -6.666000 12.419413 13.203809 2.454740 17.917378 nan nan nan -3.007077 9.015394 60.932262 0.797299 -8.860497 -5.240230 0.909079 -0.189071 8.555919 -12.844568 -0.591972 33.386068 13.304874 2.135226 0.659700 -14.617339 -6.069905 25.649377 -52.031193 21.187493 8.524892 -39.547552 -48.042704 64.125371 49.541843 -18.154135 -14.817476 4.979208 11.842879 18.647669 67.480937 -15.207197 5.577653 18.133562 61.318883 27.545237 -64.653641 -12.405212 -29.166776 
4.895004 -48.267017 16.960016 -171.755970 -10.606674 6.021482 22.597731 1.923525 -65.760341 -7.721137 25.165688 140.475192 0.470107 -6.181175 -2.137240 nan nan nan -10.456633 -5.511239 -14.978874 4.035003 -6.338855 11.765308 13.166077 2.107245 17.979408 nan nan nan -3.101224 9.048349 60.736596 0.819679 -8.941439 -5.353343 0.888729 -0.212797 8.756127 -12.981900 -0.474824 33.751870 13.124545 2.667424 1.115476 -14.563313 -5.885900 25.544211 -51.923765 21.263652 8.612046 -39.827883 -48.121554 64.025827 51.286249 -18.171767 -14.565952 4.854890 11.710144 18.350906 67.364105 -15.396314 5.922495 18.232864 61.772448 27.511228 -64.818607 -12.173275 -28.568855 
4.895251 -48.377586 16.924410 -171.770215 -10.644265 5.816971 22.339471 1.865291 -65.762432 -7.872703 25.124454 139.982774 0.435916 -6.433108 -1.662630 nan nan nan -10.418387 -5.751377 -14.417359 4.046203 -5.948561 11.262829 13.159766 2.011722 17.999085 nan nan nan -3.102024 9.004938 60.415081 0.857838 -9.041149 -5.327467 0.852255 -0.291441 8.871289 -13.237751 -0.459261 34.331371 12.898564 3.153854 1.320087 -14.625737 -5.742081 25.502741 -51.820913 21.475615 8.788819 -40.238180 -48.292856 64.552434 52.817663 -18.236934 -14.290595 4.774448 11.592485 18.179397 67.316881 -15.630087 6.066624 18.062206 62.254181 27.360868 -64.807142 -11.688333 -27.789471 
4.903985 -48.489079 16.895386 -171.794253 -10.625729 5.650471 22.247897 1.734163 -65.801749 -8.013046 25.131056 139.360997 0.462988 -6.993217 -1.335759 nan nan nan -10.339548 -5.972302 -13.865772 3.909771 -5.861296 10.774506 13.212704 2.148365 18.053313 nan nan nan -3.017861 8.950599 60.038668 0.875703 -9.136372 -5.116815 0.815840 -0.433419 8.815561 -13.303311 -0.361395 34.870681 12.547218 3.197294 1.642478 -14.673580 -5.617939 25.612401 -51.729926 21.556844 8.771765 -40.705664 -48.449668 65.202725 53.092814 -18.877263 -14.032750 4.779584 11.457053 18.188198 67.349848 -15.622114 6.087364 17.856590 62.688566 27.037427 -65.243476 -10.822019 -27.703224 
4.958694 -48.591183 16.876518 -171.869372 -10.617925 5.497140 22.273607 1.682188 -65.801770 -8.131365 25.170043 138.642614 0.326230 -7.485347 -0.967138 nan nan nan -10.171191 -5.909814 -13.253314 3.718007 -6.184807 10.226285 13.230138 2.162948 18.043629 nan nan nan -3.003005 8.986444 59.689920 0.969541 -9.207597 -5.030168 0.811819 -0.475054 8.883778 -13.092020 -0.163313 35.266620 12.176990 2.898996 2.013721 -14.556307 -5.478883 25.670306 -51.684698 21.474000 8.762559 -41.110864 -48.605660 65.756749 52.591075 -19.752440 -13.659964 4.779756 11.211342 18.184681 67.196258 -15.523623 6.126638 18.374575 63.095096 27.600450 -65.889099 -10.320364 -27.781387 
5.035275 -48.676750 16.858505 -171.954957 -10.664735 5.400754 22.363131 1.716727 -65.837084 -8.208649 25.179397 137.842954 0.057856 -7.738224 -0.772043 nan nan nan -10.016721 -5.860964 -12.850013 3.677343 -6.456380 9.927051 13.137112 2.024263 17.899130 nan nan nan -3.040780 9.037039 59.374211 1.029459 -9.250334 -5.142699 0.782067 -0.494974 9.012943 -12.842988 0.014488 35.745926 11.846385 2.830239 2.312048 -14.312963 -5.240551 25.674669 -51.596577 21.367488 8.847358 -41.510458 -48.649105 66.236822 52.197228 -20.175920 -13.734569 4.835495 10.861914 18.182149 67.007644 -15.363118 6.234913 18.903111 63.206434 28.497149 -66.563240 -9.724306 -27.833810 
5.073667 -48.751034 16.844604 -171.904891 -10.741847 5.258356 22.275380 1.720563 -65.821454 -8.339300 25.247270 136.905416 -0.247603 -7.903596 -0.780456 nan nan nan -10.036250 -6.034225 -12.536175 3.652488 -6.630424 9.814401 13.167088 2.057636 17.810472 nan nan nan -3.077899 9.102489 59.106335 1.023315 -9.346252 -5.249149 0.716703 -0.583010 9.174055 -12.655404 0.255181 36.183369 11.645699 2.772105 2.560742 -14.040891 -4.994036 25.642441 -51.499290 21.245093 8.919795 -41.954232 -48.608663 66.589210 52.079784 -20.153749 -14.020546 4.886589 10.462887 18.089636 66.876482 -15.187563 6.511863 19.284263 63.334793 29.192769 -67.843889 -9.287523 -27.631987 
5.086248 -48.812847 16.831884 -171.766033 -10.782124 4.980155 22.081333 1.604606 -65.678950 -8.402860 25.326557 135.847880 -0.882055 -7.956778 -0.599422 nan nan nan -10.121310 -6.188075 -12.018136 3.467950 -6.816924 9.600168 13.349552 2.215803 17.882136 nan nan nan -3.120707 9.195508 58.851431 1.004713 -9.492741 -5.071124 0.709833 -0.668125 9.359043 -12.495100 0.525182 36.349223 11.533035 2.436263 2.741934 -13.821195 -4.884281 25.483812 -51.458717 21.206490 9.006805 -42.349556 -48.692378 66.842924 51.850493 -20.081223 -13.953278 4.851898 10.127731 17.843292 66.662752 -15.095068 6.799457 20.313388 63.890045 30.059416 -69.048236 -9.814931 -27.585470 
5.068757 -48.794189 16.805960 -171.443826 -10.872602 4.644633 21.821326 1.423320 -65.498640 -8.286555 25.546951 134.775616 -1.412669 -7.867589 -0.323992 nan nan nan -10.541248 -6.302151 -11.579132 3.531318 -6.652256 9.543252 13.430689 2.209297 17.835962 nan nan nan -3.246442 9.360672 58.430533 0.961468 -9.671020 -4.591838 0.649836 -0.769395 9.479243 -12.352961 0.682443 36.302726 11.408346 2.151931 3.108074 -13.616108 -4.827446 25.273041 -51.335270 21.258143 9.116548 -42.747136 -48.852132 67.067884 51.220110 -20.040385 -13.820935 4.836783 9.817892 17.536649 66.427085 -15.337359 7.117990 20.395561 64.469423 30.637247 -67.978933 -9.537248 -26.545485 
5.064742 -48.839573 16.809290 -171.371849 -10.822091 4.400065 21.543651 1.250590 -65.344173 -8.200281 25.516643 133.618921 -1.445487 -7.545682 -0.339956 nan nan nan -10.604447 -6.312444 -10.919845 3.532113 -6.514393 9.011237 13.451823 1.960561 17.991405 nan nan nan -3.103490 9.286609 58.229142 0.921846 -9.748451 -4.503347 0.593982 -0.918851 9.591539 -12.560432 0.689090 36.582481 11.245283 2.202468 3.324737 -13.696659 -4.769520 25.229804 -51.144449 21.301582 9.120373 -42.980752 -49.049781 66.986249 50.470191 -19.966666 -13.803886 4.928540 9.580493 17.301528 66.063804 -15.598923 7.304025 20.857158 64.927326 31.205410 -67.177162 -9.176245 -25.919152 
5.064844 -48.969269 16.811150 -171.597668 -10.730801 4.260736 21.362037 1.204318 -65.180964 -8.224229 25.263068 132.278674 -1.252058 -7.165780 -0.361617 nan nan nan -10.233013 -6.214571 -10.224051 3.379401 -6.563258 8.266277 13.532167 1.623607 18.251644 nan nan nan -2.780437 9.069026 58.212276 0.917817 -9.726527 -4.648166 0.620575 -1.042222 9.547450 -13.051511 0.677727 37.243495 11.091621 2.505460 3.248914 -13.915910 -4.783892 25.326620 -51.113084 21.333694 9.063743 -43.102667 -49.348576 66.541895 49.635790 -19.484856 -14.412302 5.020290 9.431374 17.170094 65.611082 -15.904903 7.396601 21.588869 65.383126 32.037323 -66.871077 -8.856091 -25.302091 
5.059452 -48.975914 16.808270 -171.415786 -10.694628 3.862472 20.983870 1.021153 -64.830478 -8.121699 25.201847 130.934540 -0.980116 -6.741278 -0.110314 nan nan nan -10.415292 -6.398094 -9.503949 3.435031 -6.413190 7.877849 13.428311 1.418654 18.222525 nan nan nan -2.828255 9.036608 58.051446 0.900286 -9.885709 -4.386762 0.626465 -1.062445 9.579456 -13.154965 0.783242 37.477230 10.944119 2.613221 3.397968 -13.765222 -4.705647 25.230160 -51.002108 21.298021 9.066567 -43.587202 -49.347609 66.519763 49.346929 -18.885475 -14.870706 5.035817 9.153042 17.038309 65.276586 -16.027251 7.739591 22.054782 65.897205 32.683984 -66.690167 -8.533713 -24.511158 
5.074206 -49.052090 16.777630 -171.460147 -10.778706 3.642220 20.689207 1.000992 -64.482424 -7.931504 25.011390 129.509746 -1.000112 -6.190185 0.359786 nan nan nan -10.157654 -6.241068 -8.918260 3.196067 -6.166630 7.295404 13.253382 1.195713 18.290445 nan nan nan -2.858952 8.910206 57.772245 0.837067 -9.936694 -4.076068 0.573706 -0.982834 9.576220 -13.229722 0.996865 37.640061 10.805401 2.781570 3.514074 -13.821407 -4.635779 25.100248 -50.739634 21.417208 9.122954 -43.764029 -49.324794 66.752867 49.396847 -18.710618 -13.980937 5.184693 9.073354 17.039925 65.000380 -16.067026 7.849925 22.498591 66.410959 33.417187 -66.345025 -8.337012 -24.221604 
5.112887 -49.152206 16.749918 -171.629144 -10.783937 3.476999 20.428782 1.001890 -64.150902 -7.781189 24.633233 127.963360 -1.338015 -5.751259 0.898261 nan nan nan -9.739450 -5.923782 -8.227255 2.837533 -6.047290 6.509658 13.263774 1.207378 18.516728 nan nan nan -2.816554 8.673508 57.434328 0.787413 -9.987152 -3.707208 0.490713 -0.868566 9.542287 -13.254549 1.278739 37.915707 10.682809 2.868895 3.426333 -13.919924 -4.576102 25.007173 -50.578920 21.543478 9.170730 -43.898349 -49.454315 66.962262 49.286163 -19.081634 -13.103173 5.323789 9.076507 17.123698 64.740547 -16.049451 7.780417 23.527217 66.920950 34.838406 -65.683048 -7.982605 -24.388318 
5.153452 -49.277611 16.718731 -171.836863 -10.727600 3.457677 20.183924 0.988591 -63.889935 -7.639302 24.201128 126.285663 -1.548060 -5.397456 1.346247 nan nan nan -9.274659 -5.735386 -7.802826 2.599373 -5.937721 5.971235 13.404115 1.227731 18.555737 nan nan nan -2.757405 8.446958 57.112339 0.824274 -9.948162 -3.631605 0.424828 -0.838586 9.515245 -13.278447 1.545251 38.306277 10.567379 2.837584 3.381279 -14.035248 -4.469150 25.056669 -50.299363 21.551191 9.422086 -44.378137 -49.713263 67.347214 48.879672 -19.804505 -12.587753 5.542917 9.035588 17.201711 64.163810 -16.023910 7.890169 25.255946 67.274081 36.294066 -65.579097 -7.728585 -24.557004 
5.180178 -49.381493 16.683044 -171.964002 -10.606477 3.436566 19.891620 0.874483 -63.617084 -7.606056 23.866270 124.472132 -1.794443 -5.053227 1.966865 nan nan nan -8.929316 -5.717400 -7.530488 2.521198 -5.840562 5.706138 13.443548 1.088126 18.368166 nan nan nan -2.739817 8.180540 56.771048 0.877798 -9.936554 -3.606752 0.302234 -0.791798 9.487071 -13.306199 1.833629 38.641499 10.470253 2.836324 3.513646 -14.153893 -4.339320 25.097469 -49.795283 21.628146 9.904469 -45.096699 -49.927807 68.068968 48.981738 -20.228590 -11.998640 5.865855 8.905448 17.216038 63.353143 -16.018809 8.148818 27.366124 67.594633 37.840490 -65.980958 -7.704672 -24.605351 
5.153537 -49.446693 16.620041 -171.986321 -10.643777 3.295562 19.565343 0.711263 -63.163956 -7.626658 23.728205 122.582980 -2.076231 -4.659132 2.600428 nan nan nan -8.836012 -5.648102 -7.323805 2.547290 -5.789551 5.671434 13.474668 1.065731 18.116222 nan nan nan -2.696523 7.991561 56.390422 0.807001 -9.969351 -3.331621 0.184000 -0.791537 9.486376 -13.343843 2.145631 38.806262 10.312220 2.943562 3.549167 -14.195348 -4.276726 24.957486 -49.403164 21.746832 10.278241 -45.774456 -50.065056 68.658796 49.146844 -20.274165 -11.492969 6.015129 8.774941 17.098378 62.714000 -16.037976 8.404857 29.025328 68.011366 39.147511 -66.445374 -7.675493 -24.377866 
5.139292 -49.517879 16.566233 -172.013259 -10.610496 3.184613 19.260858 0.503889 -62.658348 -7.588174 23.585254 120.639000 -2.167855 -4.275347 3.076083 nan nan nan -8.730708 -5.525910 -6.887508 2.521951 -5.675127 5.202449 13.511463 1.194197 18.057670 nan nan nan -2.600102 7.892320 55.812177 0.751521 -10.024212 -2.751588 0.193255 -0.843826 9.454683 -13.393877 2.396775 39.117779 10.155691 3.180759 3.225552 -14.326739 -4.356754 24.842338 -49.116036 21.797178 10.520433 -46.313577 -50.304206 68.947829 48.989122 -20.265520 -11.046652 6.180717 8.672780 16.958274 62.107385 -16.130382 8.659663 30.109098 68.498426 39.982538 -66.971546 -7.622629 -23.733234 
5.139618 -49.560677 16.513111 -172.001869 -10.564442 3.129678 18.861964 0.308063 -62.171776 -7.555749 23.421303 118.626095 -2.024703 -3.893692 3.604687 nan nan nan -8.641759 -5.401096 -6.421861 2.471845 -5.541269 4.565603 13.492642 1.495579 18.158983 nan nan nan -2.534808 7.825435 55.139789 0.676945 -10.070529 -2.173216 0.234023 -0.896645 9.358595 -13.515410 2.491450 39.690416 9.992990 3.503569 2.878774 -14.482206 -4.513586 24.896430 -48.826840 21.805218 10.725606 -46.845537 -50.538538 69.267362 48.566573 -20.249546 -10.895093 6.263725 8.604273 16.878977 61.632566 -16.184099 8.872653 31.044164 68.867438 40.681345 -67.183618 -7.735605 -23.122399 
5.154318 -49.575710 16.429893 -171.947003 -10.595572 3.118223 18.429081 0.172442 -61.654275 -7.724708 23.291319 116.453937 -1.704382 -3.591599 4.180422 nan nan nan -8.611606 -5.370286 -6.303342 2.528170 -5.394075 4.397171 13.356332 1.773923 18.002282 nan nan nan -2.590848 7.761802 54.449189 0.607815 -10.127244 -1.725932 0.196321 -0.848634 9.243285 -13.595849 2.688030 40.215739 9.915822 3.653054 2.841692 -14.547552 -4.604146 24.859366 -48.395531 21.904466 11.157116 -47.423665 -50.777090 69.645560 48.155584 -20.198779 -10.898495 6.407972 8.586259 16.926460 61.272826 -16.261567 9.148158 31.777332 69.355024 41.415579 -66.869645 -7.749221 -22.288316 
5.149978 -49.595955 16.325697 -171.872129 -10.643561 3.149701 17.951752 0.047585 -61.096406 -7.965585 23.201246 114.167752 -1.481443 -3.260731 4.681434 nan nan nan -8.578032 -5.306474 -6.348583 2.585832 -5.179578 4.373472 13.169416 1.723899 17.705672 nan nan nan -2.678312 7.686656 53.770163 0.596560 -10.164537 -1.369667 0.140241 -0.786745 9.173979 -13.738478 2.937086 40.661363 9.864930 3.769340 2.768863 -14.632961 -4.640838 24.650308 -47.829272 21.982202 11.596941 -48.092202 -50.874453 69.922349 47.632390 -20.160980 -10.646542 6.587177 8.530207 16.872129 60.960413 -16.485140 9.498426 31.940489 69.950591 41.882384 -66.534117 -7.539011 -21.013389 
5.121047 -49.640350 16.226503 -171.811127 -10.594163 3.136073 17.425024 -0.256826 -60.422066 -7.928182 22.985324 111.877406 -1.621080 -2.881233 5.182099 nan nan nan -8.459819 -5.141495 -6.118123 2.452282 -5.221890 3.946795 13.201627 1.611752 17.682156 nan nan nan -2.665687 7.512939 53.187293 0.563175 -10.185240 -1.007961 0.094503 -0.786262 9.062298 -13.957133 3.056958 41.200390 9.720451 4.022569 2.555151 -14.809617 -4.676788 24.508724 -47.101533 21.970568 11.885871 -48.863611 -50.997001 69.823786 46.036821 -20.545254 -10.015079 6.717392 8.557065 16.814347 60.480950 -16.657094 9.854217 32.797707 70.432588 42.603399 -65.663320 -7.151749 -20.436273 
5.102623 -49.677151 16.143614 -171.725284 -10.495022 3.046048 16.797188 -0.597497 -59.626455 -7.985943 22.660113 109.505225 -1.769756 -2.556093 5.673227 nan nan nan -8.398752 -5.145537 -5.798190 2.355690 -5.367915 3.529463 13.520249 1.579384 17.777267 nan nan nan -2.651187 7.306529 52.617412 0.493939 -10.232875 -0.596437 0.041608 -0.778063 8.959328 -14.115245 3.237082 41.774142 9.595374 4.231567 2.335970 -14.979260 -4.753208 24.472493 -46.583594 21.983840 12.236382 -49.401372 -51.294517 69.751106 44.954170 -20.666720 -9.852173 6.834430 8.606904 16.738876 59.807912 -16.736379 10.207611 34.700387 70.696893 44.110495 -64.397314 -7.144649 -20.438214 
5.095922 -49.698307 16.062380 -171.662216 -10.446332 3.001490 16.204190 -0.829134 -58.785630 -8.270911 22.345001 107.031662 -1.629512 -2.355193 5.976354 nan nan nan -8.389834 -5.185335 -5.700213 2.448495 -5.370655 3.405742 13.769952 1.436581 17.826403 nan nan nan -2.686268 7.192477 51.810581 0.420216 -10.206338 -0.120819 0.003959 -0.758071 9.069589 -14.151899 3.388837 42.231460 9.444952 4.322094 2.237612 -15.165655 -4.909790 24.535948 -46.087072 21.868091 12.630369 -49.920779 -51.626345 69.924264 44.487313 -20.677582 -9.826025 7.049905 8.562873 16.688269 59.219470 -16.705752 10.451228 35.884190 70.965709 45.018779 -63.744349 -7.006082 -20.280691 
5.112155 -49.731716 15.984266 -171.690823 -10.413494 3.016561 15.756207 -1.041414 -57.852905 -8.591757 22.063137 104.397082 -1.337723 -2.136674 6.262209 nan nan nan -8.274093 -5.066130 -5.619986 2.597094 -5.205411 3.227218 13.758838 1.076084 17.722441 nan nan nan -2.648915 7.234051 50.946557 0.423911 -10.065870 0.267998 0.064488 -0.872951 9.239237 -14.259178 3.446761 42.791434 9.287130 4.478910 2.117821 -15.410974 -5.167800 24.653867 -45.588099 21.723686 13.084589 -50.525366 -51.900745 70.069615 44.353569 -20.640397 -9.245392 7.274057 8.605059 16.695507 58.689994 -16.876625 10.753119 36.408329 71.709344 45.290925 -63.241799 -6.750260 -19.431277 
5.088761 -49.757233 15.903898 -171.694031 -10.505658 2.970671 15.282538 -1.209449 -56.772376 -8.807759 21.887545 101.758565 -1.020809 -1.851738 6.506857 nan nan nan -8.192418 -4.851976 -5.505289 2.685213 -5.069907 3.049640 13.618911 0.802336 17.557366 nan nan nan -2.542820 7.224329 50.204807 0.357278 -9.877907 0.679786 0.002095 -1.029308 9.252629 -14.468119 3.579214 43.207056 9.240115 4.552325 2.138713 -15.610212 -5.380808 24.601733 -45.076963 21.844500 13.692802 -51.167843 -52.275068 70.297709 44.321692 -20.559818 -8.338369 7.425641 8.781767 16.644237 58.179650 -17.260738 11.340207 36.989224 72.948950 45.605912 -61.823101 -7.081842 -18.139188 
5.063798 -49.808872 15.837392 -171.773592 -10.467444 2.885835 14.644138 -1.355054 -55.651722 -8.881855 21.408033 99.222407 -0.870990 -1.436329 6.700978 nan nan nan -7.833739 -4.790228 -5.275136 2.405732 -5.068801 2.822394 13.622158 0.728520 17.575186 nan nan nan -2.330872 6.945464 49.670860 0.162294 -9.752330 0.863995 -0.085126 -1.045011 9.292891 -14.593845 3.671370 43.766927 9.153516 4.651162 2.158569 -15.706978 -5.495262 24.671358 -44.604744 21.858827 14.004757 -51.928619 -52.426464 70.837785 44.738134 -20.699689 -8.327377 7.452213 8.979624 16.666230 57.845295 -17.053994 11.503118 38.526203 72.504056 46.527908 -63.402260 -6.613009 -18.523017 
5.017313 -49.887012 15.760329 -171.785626 -10.373371 2.739409 13.985446 -1.656980 -54.408215 -8.836832 20.925753 96.581931 -0.747933 -0.950419 6.907283 nan nan nan -7.445909 -4.718109 -4.889708 1.940487 -4.817292 2.407305 13.645810 0.421614 17.707047 nan nan nan -2.172484 6.659876 49.176602 -0.016554 -9.720524 1.109541 -0.134162 -0.978592 9.370112 -14.856552 3.639618 44.337956 9.128740 4.917862 2.024580 -15.739835 -5.695427 24.583222 -44.203854 21.868308 14.330997 -52.555543 -52.637302 71.061031 44.555538 -20.760016 -8.380363 7.334763 9.204337 16.587797 57.591998 -17.147970 11.794057 40.136386 72.757286 47.815524 -63.479163 -6.616191 -18.208203 
4.979073 -49.942688 15.683298 -171.750704 -10.234095 2.567109 13.371339 -2.024838 -53.082480 -8.755105 20.509231 93.865136 -0.566164 -0.456765 7.023784 nan nan nan -7.223709 -4.645103 -4.419321 1.682066 -4.578567 1.864066 13.624612 0.154818 17.847429 nan nan nan -2.018201 6.404916 48.717893 -0.160359 -9.733135 1.329815 -0.148797 -0.948504 9.399158 -15.138846 3.625859 44.881308 9.078065 5.066741 1.931204 -15.742415 -5.886853 24.467873 -43.905209 21.918114 14.637284 -53.071399 -52.766298 71.212787 44.152239 -21.016798 -7.982511 7.192756 9.409703 16.460681 57.280465 -17.460805 12.139059 42.089596 73.241739 49.669223 -62.815137 -6.735153 -17.942563 
4.972276 -49.963127 15.626060 -171.807021 -10.020441 2.398156 12.876601 -2.337090 -51.694231 -8.694933 20.145336 91.164630 -0.384840 0.087696 7.019165 nan nan nan -7.090692 -4.437880 -4.068329 1.761106 -4.811722 1.648712 13.504599 0.114274 17.766500 nan nan nan -1.777976 6.137619 48.193153 -0.276197 -9.679125 1.639022 -0.157422 -0.994679 9.377744 -15.245950 3.643472 45.514571 8.946577 5.098963 1.746515 -15.873110 -6.106227 24.525637 -43.519726 22.037949 15.014494 -53.679851 -53.057629 71.527554 43.922633 -21.189733 -7.383819 7.168121 9.589545 16.379424 56.893704 -17.632856 12.321535 43.998205 73.371530 51.345050 -62.709339 -6.756501 -17.650529 
4.915074 -49.955643 15.536825 -171.768889 -9.870054 2.278252 12.226590 -2.602270 -50.380976 -8.567098 19.835890 88.500335 -0.220079 0.782490 6.880108 nan nan nan -7.152110 -4.531372 -4.103449 2.039649 -4.763693 1.972045 13.272884 0.072939 17.472149 nan nan nan -1.593568 5.910634 47.523522 -0.443377 -9.631387 2.016230 -0.211171 -1.006896 9.430272 -15.307956 3.609195 46.002638 8.873040 5.143237 1.611060 -15.821031 -6.329111 24.443926 -43.066143 22.034569 15.366266 -54.575719 -53.188927 72.129596 43.456313 -21.098671 -7.245864 7.071788 9.779233 16.365004 56.588774 -17.592145 12.544756 45.474290 73.421157 52.271165 -63.613465 -7.004175 -16.852486 
4.739799 -50.028374 15.050302 -172.411973 -11.582308 2.845877 12.174500 -1.070551 -49.478833 -8.543731 19.494146 85.709085 -0.475984 1.775297 6.867968 nan nan nan -6.251386 -3.095297 -6.125283 1.807637 -4.246477 3.557617 13.004089 -0.143342 17.263628 nan nan nan -0.996687 6.072063 46.959282 -1.431468 -8.551600 1.819281 -0.428399 -1.027041 9.425381 -15.570359 3.584421 45.813571 9.061722 5.355293 1.940845 -15.345234 -6.367191 23.774931 -42.394266 22.021490 15.478399 -56.427449 -52.613354 74.123044 43.275723 -20.284129 -7.833440 6.663763 9.936239 16.453311 56.508330 -17.248491 12.371986 48.011844 73.116333 54.478005 -65.102056 -6.997381 -16.308349 
4.684929 -50.070576 14.966826 -172.647177 -11.486730 2.686217 11.639394 -1.145382 -47.994482 -8.678613 18.880379 82.904492 -0.214552 2.448832 6.630317 nan nan nan -5.899101 -2.870941 -5.834744 1.858923 -4.198415 3.422762 12.935903 -0.291061 17.141951 nan nan nan -0.533185 5.754129 46.585628 -1.594521 -8.379536 1.955841 -0.536889 -1.028379 9.520159 -15.712557 3.571797 46.288791 9.049449 5.459577 1.843792 -15.430297 -6.588464 23.592365 -41.798166 21.920478 15.715374 -57.290943 -52.649934 74.575965 42.641938 -20.030023 -8.020135 6.622872 10.191507 16.502669 56.268983 -17.228524 12.503193 49.181202 73.168818 55.177025 -66.174893 -7.137707 -15.758914 
4.634262 -50.127865 14.881237 -172.816554 -11.337996 2.501554 11.232405 -1.429255 -46.412719 -8.802836 18.494720 79.956341 -0.016084 2.981147 6.344570 nan nan nan -5.580382 -2.793075 -5.494492 1.926867 -4.105224 3.260388 12.759763 -0.510654 16.965446 nan nan nan -0.116848 5.484596 46.204246 -1.670327 -8.247147 2.186483 -0.621561 -1.095641 9.493178 -15.876975 3.521679 46.674781 8.963675 5.589822 1.827994 -15.653092 -6.918934 23.579710 -41.348069 21.999504 16.082645 -57.940523 -53.061548 74.872354 42.119339 -19.848415 -8.128712 6.438734 10.611503 16.519276 56.189846 -17.349285 12.692698 50.181139 73.345579 55.800316 -66.002972 -7.561608 -15.719560 
4.596615 -50.170994 14.788191 -172.910551 -11.252004 2.341916 10.910197 -1.784364 -44.795982 -8.919616 18.300879 76.914953 0.049620 3.351678 6.039326 nan nan nan -5.276000 -2.628595 -5.189762 1.883361 -4.184908 3.076959 12.698366 -0.757236 16.820163 nan nan nan 0.193184 5.399887 45.815948 -1.728953 -8.132346 2.330298 -0.599324 -1.174641 9.488792 -15.928606 3.526621 47.136969 8.954904 5.585368 1.653852 -15.664144 -7.274437 23.610774 -41.215162 22.021968 16.412811 -58.396605 -53.484234 75.231059 41.356549 -19.898785 -8.045983 6.054130 10.889558 16.465460 56.092273 -17.383300 12.935121 51.555141 73.333572 56.937703 -65.608525 -8.061704 -15.796245 
4.563139 -50.208828 14.682405 -172.988396 -11.170446 2.175652 10.359254 -1.925016 -43.178432 -8.989089 17.803919 73.891952 0.027024 3.724818 5.948114 nan nan nan -4.948484 -2.302905 -4.908376 1.720298 -4.094959 2.925944 12.622448 -1.014106 16.650087 nan nan nan 0.421863 5.227112 45.590881 -1.873978 -7.984624 2.170061 -0.604736 -1.167178 9.553341 -15.852240 3.513116 47.613694 8.991241 5.618625 1.510046 -15.443759 -7.482037 23.548561 -40.920853 22.005412 16.625959 -59.403679 -53.606606 76.168045 40.471706 -20.062459 -7.852344 5.670955 11.140835 16.383260 56.025037 -17.289629 13.185983 52.846030 72.957833 57.746625 -66.245921 -8.129252 -15.965476 
4.546059 -50.255413 14.602941 -173.059601 -11.116305 1.908685 9.713454 -2.021353 -41.386699 -9.115212 17.109520 70.790771 -0.106860 4.149922 5.907623 nan nan nan -4.699924 -1.966308 -4.627800 1.684820 -3.985725 3.026675 12.480859 -1.058166 16.282612 nan nan nan 0.647106 4.919292 45.519125 -2.136334 -7.822099 1.942640 -0.677859 -1.116976 9.580896 -15.762581 3.483328 47.969148 8.934960 5.680221 1.550508 -15.324456 -7.620151 23.374296 -40.350623 22.155065 16.819510 -60.624199 -53.600144 77.089827 40.007952 -20.292593 -7.564220 5.463851 11.612295 16.370245 56.080184 -17.215190 13.297543 53.805107 72.428759 57.896835 -67.617941 -7.881530 -16.372008 
4.529905 -50.284069 14.550789 -173.095781 -11.083108 1.660484 9.164244 -2.248606 -39.615783 -9.349823 16.536930 67.680914 -0.083204 4.491050 5.841673 nan nan nan -4.584037 -1.788679 -4.474596 1.769051 -4.105588 3.327805 12.536096 -0.848602 16.107597 nan nan nan 0.864880 4.704099 45.127713 -2.366726 -7.628341 2.143508 -0.746318 -1.097784 9.576664 -15.672133 3.385424 48.271329 8.851178 5.538016 1.481671 -15.291228 -7.829017 23.262233 -39.931140 22.114253 17.028339 -61.169702 -53.724005 77.397366 39.958873 -20.632029 -7.272317 5.316330 12.009883 16.326042 56.136443 -17.088201 13.242864 54.361339 71.702069 57.997583 -67.828822 -7.248578 -17.559806 
4.494158 -50.289692 14.476417 -173.124742 -11.020026 1.559187 8.638324 -2.392944 -38.078210 -9.591415 15.980939 64.681734 0.094560 4.745421 5.816054 nan nan nan -4.461845 -1.733152 -4.443909 1.762065 -4.100730 3.484710 12.814280 -0.669065 16.257688 nan nan nan 1.057942 4.578814 44.495677 -2.494060 -7.393260 2.533097 -0.795162 -1.095368 9.439792 -15.650760 3.184044 48.598191 8.894848 5.465142 1.477735 -15.267262 -8.147040 23.285268 -39.732005 22.022683 17.350649 -61.266576 -54.188277 77.487974 39.262161 -20.833328 -6.810133 5.067067 12.282623 16.119142 55.992146 -17.263452 13.243260 56.262333 71.185401 59.846372 -63.890575 -7.173027 -19.796044 
4.431969 -50.270325 14.377450 -173.174390 -10.847400 1.512159 8.166763 -2.575393 -36.666392 -9.935080 15.386437 61.692530 0.233589 4.982065 5.924846 nan nan nan -4.320749 -1.707213 -4.355333 1.720254 -3.903024 3.389088 12.978056 -0.500438 16.482855 nan nan nan 1.345206 4.394833 43.847562 -2.593786 -7.271990 2.832653 -0.862135 -1.099645 9.337623 -15.656703 3.066294 48.960710 9.018236 5.568881 1.369276 -15.231530 -8.514606 23.189204 -39.503184 21.984141 17.814334 -61.467307 -54.593181 77.558166 38.272758 -20.834610 -6.600619 4.681394 12.586135 15.970407 55.828003 -17.519499 13.485626 57.930745 71.224776 61.339779 -61.792004 -7.823769 -20.046163 
4.358060 -50.227325 14.270506 -173.176435 -10.597801 1.531622 7.671315 -2.927638 -35.363112 -10.396499 14.690520 58.640438 0.257680 5.257071 6.084796 nan nan nan -4.304723 -1.638003 -4.316368 1.724190 -3.494316 3.227419 13.039128 -0.221845 16.686259 nan nan nan 1.636213 4.276188 42.964480 -2.608873 -7.236667 3.296284 -0.944355 -1.151690 9.329862 -15.762963 2.919598 49.190879 9.122620 5.597723 1.180567 -15.233582 -8.969460 23.050961 -39.327290 21.950595 18.368772 -61.568868 -55.151303 77.277494 36.833097 -20.621006 -6.605367 4.328015 12.811927 15.754947 55.501019 -17.886026 14.058611 59.856870 71.960720 63.076616 -58.478357 -9.341793 -19.110142 
4.278264 -50.191635 14.157053 -173.214360 -10.350724 1.652854 7.110630 -3.211684 -34.188061 -10.683838 13.800494 55.690358 -0.000683 5.454714 6.169669 nan nan nan -4.258271 -1.762337 -4.541361 2.053831 -3.738964 3.367175 12.901803 -0.444810 16.535164 nan nan nan 1.926027 4.070007 42.131263 -2.699541 -7.137704 3.470742 -0.998914 -1.191752 9.366577 -15.844051 2.824076 49.470494 9.200181 5.605952 1.013752 -15.155622 -9.273054 23.012639 -39.116074 21.719520 18.802932 -61.876370 -55.309504 77.221797 36.402668 -20.376126 -6.927993 4.047968 13.014463 15.792551 55.215379 -17.733047 14.379703 60.834627 71.747922 63.723312 -58.407235 -9.827203 -18.865860 
4.222267 -50.175896 14.047507 -173.310476 -10.219161 1.773840 6.679002 -3.329480 -32.929386 -10.954279 12.904553 52.741659 -0.336783 5.494050 6.158877 nan nan nan -4.040581 -1.492026 -4.586152 2.019646 -3.459917 3.135216 12.950249 -0.703090 16.521998 nan nan nan 2.177877 3.835622 41.442348 -2.845871 -6.953553 3.489946 -1.076731 -1.164068 9.299670 -15.874910 2.792361 49.851196 9.333533 5.702336 0.938041 -15.068381 -9.528539 22.997885 -38.683224 21.604819 19.188239 -62.645569 -55.319485 77.538341 35.736617 -20.312835 -6.878508 3.855155 13.336364 15.886578 54.905077 -17.723025 14.652567 62.050218 71.493413 64.592991 -58.072320 -9.896807 -19.217371 
4.203201 -50.155544 13.959533 -173.405127 -10.137235 1.778242 6.334725 -3.441954 -31.489125 -11.220698 12.077118 49.762950 -0.481399 5.611340 6.278044 nan nan nan -3.710947 -1.007743 -4.374643 1.766749 -2.986538 2.688986 12.906899 -1.160630 16.510378 nan nan nan 2.357636 3.706047 40.847321 -2.916340 -6.714167 3.502938 -1.137242 -1.186334 9.280897 -15.851888 2.701154 50.062884 9.357028 5.793249 0.958334 -14.984944 -9.777606 23.061076 -38.250830 21.475105 19.528543 -63.292704 -55.410854 78.024773 35.364621 -20.513597 -6.757036 3.653261 13.633725 15.802073 54.493201 -17.827247 15.027220 63.659443 71.272249 65.892161 -56.752459 -9.865136 -20.708364 
4.181179 -50.135574 13.889956 -173.429537 -10.055954 1.703783 5.824616 -3.537192 -30.002427 -11.240623 11.275722 46.895393 -0.518453 5.823630 6.488211 nan nan nan -3.522050 -0.804658 -4.151099 1.629006 -2.769254 2.358745 12.903173 -1.412676 16.423208 nan nan nan 2.446400 3.656385 40.261465 -2.950533 -6.531227 3.573113 -1.131014 -1.213664 9.337309 -15.747851 2.577224 50.110212 9.205801 5.831987 0.986336 -14.891341 -9.959928 23.116704 -37.919513 21.249324 19.813387 -63.705589 -55.601418 78.369056 35.246002 -20.940878 -6.643461 3.403314 13.895520 15.664279 54.030023 -17.762921 15.386005 64.955539 70.928102 66.715683 -55.782827 -9.799350 -22.244717 
4.165507 -50.121632 13.819094 -173.415654 -10.033905 1.648606 5.307472 -3.587653 -28.561412 -11.259469 10.476895 44.114480 -0.576294 6.089078 6.627489 nan nan nan -3.415684 -0.726774 -4.007124 1.577426 -2.639656 2.069548 13.017182 -1.571435 16.462351 nan nan nan 2.442453 3.640765 39.607501 -3.004005 -6.380342 3.701580 -1.110249 -1.164142 9.380687 -15.658922 2.487153 50.177308 9.126520 5.875912 0.919194 -14.770747 -10.118698 23.095642 -37.529067 21.087813 20.143298 -64.348342 -55.883459 78.720231 34.991959 -21.102884 -6.920246 3.261687 14.178534 15.629455 53.500407 -17.628088 15.717525 65.932407 70.660553 67.128055 -55.008563 -9.768675 -23.071651 
4.170249 -50.124996 13.744823 -173.422259 -10.034206 1.563993 4.851337 -3.552180 -27.127466 -11.252556 9.638398 41.488498 -0.694662 6.444144 6.717909 nan nan nan -3.243449 -0.584401 -3.790279 1.365593 -2.577625 1.730172 13.428791 -1.561885 16.613417 nan nan nan 2.403544 3.592609 39.090254 -3.080921 -6.230194 3.733804 -1.093326 -1.089127 9.392712 -15.465130 2.531253 50.238092 9.157761 5.776417 0.780527 -14.592899 -10.160868 22.943421 -37.025707 21.041684 20.369716 -65.207343 -56.138623 79.409543 33.870549 -21.344774 -7.037792 3.167186 14.459832 15.610173 52.975245 -17.341865 15.989861 66.950168 70.138698 67.602623 -54.396097 -9.630363 -23.875821 
4.175199 -50.141010 13.668604 -173.476297 -10.025393 1.440186 4.388925 -3.430919 -25.731964 -11.072797 8.730153 39.068546 -0.951526 6.936814 6.738172 nan nan nan -3.063569 -0.557081 -3.602075 1.152028 -2.752761 1.587715 13.984648 -1.268449 16.674723 nan nan nan 2.444327 3.470486 38.682212 -3.248979 -6.073638 3.691252 -1.061333 -1.074778 9.423383 -15.153058 2.637185 50.287857 9.095206 5.541379 0.622715 -14.393825 -10.037139 22.702637 -36.340858 20.920418 20.402630 -66.395344 -55.975407 80.427033 32.927374 -21.722956 -7.158803 3.006347 14.750634 15.557861 52.554005 -16.556038 15.978592 67.810378 68.814004 67.519893 -56.182440 -9.356074 -25.527105 
4.166813 -50.137695 13.604212 -173.479333 -9.982316 1.334083 3.949789 -3.431811 -24.414628 -10.830351 8.126937 36.706285 -1.175147 7.339817 6.812562 nan nan nan -3.060513 -0.596155 -3.496495 1.209081 -2.843382 1.585694 14.263580 -1.171070 16.507506 nan nan nan 2.414069 3.527811 38.037103 -3.213636 -5.953102 4.107250 -0.973531 -1.040819 9.200068 -15.071595 2.517116 50.354847 9.013891 5.431338 0.501321 -14.506953 -10.150433 22.474860 -35.551381 20.983421 20.878939 -67.315187 -56.392488 80.906242 31.448759 -21.924150 -6.403722 3.125552 14.988146 15.360254 51.406699 -16.832245 16.337080 69.607088 68.941931 68.996735 -52.738257 -9.619165 -25.772523 
4.176635 -50.114231 13.536194 -173.510124 -9.941231 1.230355 3.496922 -3.240928 -23.217752 -10.383470 7.843844 34.651475 -1.528473 7.644685 6.868878 nan nan nan -3.023020 -0.689268 -3.420767 1.253379 -3.168087 1.622218 14.565648 -0.834796 16.447207 nan nan nan 2.398650 3.520872 37.496178 -3.237526 -5.824645 4.321092 -0.933325 -0.977945 8.998760 -14.717755 2.539659 50.446479 8.919502 5.233335 0.439098 -14.673117 -10.203342 22.348723 -34.641520 21.128907 21.335539 -67.900356 -56.971637 81.416757 30.183810 -22.319614 -5.527290 3.372372 15.244687 15.287436 50.356079 -16.757778 16.720963 71.095611 68.764541 69.718510 -51.395171 -10.409899 -27.326367 
4.161542 -50.095562 13.452495 -173.511062 -9.906835 1.114670 3.137742 -3.252930 -21.953288 -10.315759 6.946509 32.465759 -1.569282 7.803647 6.954256 nan nan nan -3.020532 -0.626270 -3.271854 1.323126 -3.213383 1.513630 14.651138 -0.809590 16.416505 nan nan nan 2.348331 3.470371 36.986492 -3.252279 -5.679319 4.518190 -0.879556 -0.924725 8.790905 -14.641605 2.504726 50.474790 8.812356 5.249625 0.485936 -14.832634 -10.279614 22.235476 -33.834445 21.084645 21.543397 -68.132692 -57.434085 81.425178 28.754457 -22.624803 -4.887367 3.488882 15.538841 15.244191 49.521052 -16.606257 17.124337 72.233833 68.841229 70.257796 -49.848982 -11.168752 -28.483649 
4.165210 -50.113640 13.368028 -173.643082 -9.857148 0.973119 2.707530 -2.929387 -20.693501 -9.836255 5.938371 30.521134 -2.107796 8.106026 7.051753 nan nan nan -2.775689 -0.580267 -3.147071 1.164126 -3.700791 1.615202 14.862208 -0.403758 16.220700 nan nan nan 2.473682 3.157844 36.896578 -3.582668 -5.353335 3.729787 -0.808435 -0.943962 9.096122 -13.890077 2.591566 50.550650 8.406215 4.795122 0.656634 -14.467329 -9.947172 22.359586 -33.080114 20.119793 21.010707 -69.086744 -56.533147 82.381572 29.305658 -23.844472 -6.718190 3.405968 15.653947 15.562358 49.750718 -13.984198 16.535622 71.807269 65.315991 66.669648 -62.230106 -11.698188 -33.185126 
4.151587 -50.104607 13.297369 -173.578297 -9.881325 0.799440 2.222613 -2.701228 -19.451274 -9.558682 5.068659 28.651560 -2.432343 8.366925 7.069629 nan nan nan -2.860308 -0.620033 -3.016571 1.258101 -3.534439 1.769245 14.616584 -0.504094 15.950593 nan nan nan 2.232317 3.234499 36.243928 -3.461394 -5.154218 4.393494 -0.733676 -0.901489 8.676530 -13.825085 2.618249 50.517125 8.393298 4.738799 0.531786 -14.536398 -10.017071 21.813698 -32.059811 19.964147 21.394724 -70.351210 -56.904788 82.797219 26.152209 -23.619601 -6.114906 3.589190 15.801568 15.620644 48.523323 -13.957412 17.216006 77.191710 66.562961 69.681158 -58.680038 -15.827624 -34.666684 
4.116652 -50.104843 13.224777 -173.534304 -9.970911 0.634700 1.813542 -2.531960 -18.210722 -9.325572 4.166670 26.797249 -2.434561 8.661054 7.240711 nan nan nan -2.911555 -0.571125 -2.844598 1.212792 -3.560044 1.886361 14.599708 -0.247506 15.906527 nan nan nan 2.136435 3.196626 35.726535 -3.527637 -5.024883 4.613786 -0.715054 -0.775853 8.512735 -13.710938 2.675981 50.583428 8.355833 4.801451 0.394565 -14.444683 -10.153802 21.588831 -31.604753 19.861010 21.403122 -70.254772 -57.457262 82.734489 25.895887 -23.350018 -6.171489 3.583596 16.214022 15.542145 48.197124 -13.510438 17.277499 76.829758 66.407430 68.947270 -57.795197 -16.696034 -35.418302 
4.087968 -50.115818 13.180077 -173.491205 -10.027253 0.472471 1.420711 -2.394246 -17.014737 -8.939566 3.422854 25.055968 -2.301630 8.757891 7.513474 nan nan nan -2.846180 -0.495539 -2.498824 0.865539 -3.653620 1.565500 14.704553 0.250500 16.365299 nan nan nan 2.081742 3.199787 35.148894 -3.587578 -4.886616 4.820139 -0.642042 -0.674799 8.402978 -13.673680 2.668400 50.722477 8.282192 4.839429 0.266131 -14.412705 -10.330453 21.435235 -31.261115 19.584132 21.316541 -70.190108 -58.090993 82.538127 24.417555 -23.993343 -6.107098 3.566013 16.621703 15.447945 47.945697 -13.070726 17.220559 75.915795 66.171076 67.713672 -55.678297 -16.617700 -36.652552 
4.056333 -50.119995 13.116150 -173.442805 -10.039058 0.293705 1.030064 -2.264180 -15.955601 -8.727636 2.563789 23.533426 -1.942263 9.121577 7.637356 nan nan nan -2.843215 -0.521460 -2.239301 0.722874 -3.355925 1.431971 14.504872 0.267969 16.333047 nan nan nan 2.048823 3.270159 34.656159 -3.570721 -4.731827 4.723667 -0.520958 -0.615033 8.595202 -13.852505 2.549773 50.664038 8.249782 4.870704 0.241446 -14.251222 -10.630989 21.260185 -31.287324 19.218918 21.419899 -69.914042 -58.878520 82.070374 25.908686 -23.197771 -6.670701 3.420331 16.997477 15.132085 47.778900 -12.674986 17.220415 74.929283 65.950725 66.240777 -53.548593 -16.912321 -37.949473 
4.017184 -50.136528 13.028568 -173.385838 -9.977518 -0.005630 0.587089 -2.144827 -14.850874 -8.502797 1.628885 22.166349 -1.549529 9.565237 7.675313 nan nan nan -2.937988 -0.658006 -1.988008 0.744281 -3.139501 1.577092 14.278575 0.156491 16.070433 nan nan nan 2.069527 3.258420 34.438075 -3.615686 -4.613947 4.591439 -0.390433 -0.585436 8.693232 -14.042608 2.396263 50.340763 8.225234 5.001930 0.361915 -13.930128 -10.879274 20.909607 -31.332002 18.889456 21.404260 -69.886907 -59.335196 82.113707 26.952416 -22.434917 -7.522556 3.135395 17.406671 14.714919 47.791899 -12.311760 17.188685 73.792790 65.765970 64.654020 -52.234226 -17.300960 -39.019434 
3.979155 -50.144928 12.940645 -173.316098 -9.878742 -0.393692 0.175574 -2.111453 -13.662226 -8.205876 0.737135 20.832178 -1.276081 9.918171 7.706771 nan nan nan -3.118192 -0.899479 -1.741375 0.900731 -3.061647 1.916094 14.049637 0.014256 15.805580 nan nan nan 2.104357 3.125053 34.307353 -3.782412 -4.517119 4.263661 -0.292915 -0.582079 9.005428 -14.169446 2.245559 49.812815 8.156741 5.172189 0.722319 -13.491707 -11.006437 20.445014 -31.322684 18.514141 21.184318 -69.540960 -59.760220 81.995739 26.161893 -21.817749 -8.719546 2.756858 17.852092 14.297106 48.013880 -11.723468 17.269273 71.946946 65.711786 62.562180 -52.139209 -17.666333 -39.310532 
3.952334 -50.179813 12.897909 -173.376029 -9.760329 -0.446827 -0.059060 -2.070631 -12.782294 -7.821989 0.071298 19.478331 -1.266576 9.981159 7.680758 nan nan nan -3.179683 -1.094776 -1.895077 1.083332 -3.071603 2.383948 13.865341 -0.072619 15.587165 nan nan nan 2.251142 3.079816 33.639358 -3.730785 -4.403648 4.686764 -0.326800 -0.622166 8.553915 -14.003011 2.383931 50.051494 7.979436 4.938957 0.676334 -13.483905 -11.178903 20.311844 -31.418840 18.070417 20.795004 -67.881270 -60.508237 80.189398 24.408580 -20.890336 -9.594408 2.925296 18.034749 14.330470 47.982723 -11.007414 17.152644 69.433205 65.708677 60.043478 -51.741261 -18.014146 -39.342481 
3.849040 -50.196674 12.847874 -173.485383 -9.775099 -0.715658 -0.199197 -1.953623 -11.675204 -7.612687 -0.468234 18.194240 -1.172130 9.939064 7.490456 nan nan nan -3.229196 -1.225312 -1.754857 1.170131 -2.891452 2.665954 13.805849 -0.091890 15.605879 nan nan nan 2.526454 2.987488 33.187194 -3.751420 -4.215257 4.942094 -0.353452 -0.546237 8.420663 -14.031783 2.391214 49.993720 7.900396 4.880117 0.826039 -13.314787 -11.525743 20.018550 -31.790155 17.411336 20.343282 -65.916664 -61.190264 77.669176 22.747958 -20.062963 -10.586180 2.835824 18.231084 14.137769 47.973228 -10.471537 16.897144 67.137294 65.681108 57.643206 -49.593007 -18.043330 -39.827736 
3.793208 -50.254539 12.771344 -173.172536 -9.676540 -0.705284 -0.463090 -2.835419 -10.923509 -7.679778 -0.214926 16.672260 -0.523705 9.778047 7.568944 nan nan nan -3.736819 -0.937683 -1.923242 1.367893 -3.296967 2.758943 13.711778 -0.186590 15.628069 nan nan nan 2.217290 3.321782 32.468681 -3.426632 -4.370020 5.045732 -0.344607 -0.388515 8.130996 -14.001200 2.250136 50.158587 7.782355 4.828224 1.116075 -13.555815 -12.051888 20.268234 -32.386091 16.971180 19.716850 -61.915510 -62.746972 73.519736 18.013358 -20.618500 -10.121600 3.136777 18.574709 13.715903 47.892962 -11.003506 16.397008 58.000646 65.363835 52.745058 -38.452172 -11.366207 -37.502537 
3.793419 -50.343376 12.719313 -173.319304 -9.419483 -1.117114 -0.694595 -2.416734 -9.896606 -7.296403 -1.148256 15.853576 -0.793947 9.731958 7.230019 nan nan nan -3.471125 -1.064474 -1.328787 1.069745 -3.654869 2.496037 13.778575 -0.144842 15.742433 nan nan nan 2.485523 2.994937 32.556083 -3.601021 -4.217943 4.371638 -0.257395 -0.434868 8.417530 -13.619046 2.229126 49.981660 7.414376 4.512587 1.450482 -13.442437 -11.846591 19.943018 -32.241480 15.828592 18.971832 -60.142013 -62.496345 71.925562 16.456708 -20.505074 -11.116963 3.087468 18.588909 13.419808 48.028496 -9.202061 16.165454 56.969851 63.062545 49.957112 -44.528463 -11.771287 -40.353839 
3.776830 -50.427135 12.689657 -173.379162 -9.164992 -1.442379 -0.866256 -2.230108 -8.897423 -7.096817 -1.734709 14.878856 -0.871973 9.516078 6.886951 nan nan nan -3.296384 -1.034188 -0.652319 0.739226 -3.797525 1.871233 13.854095 -0.527477 15.674707 nan nan nan 2.660496 2.882877 32.227896 -3.566889 -4.123772 4.410295 -0.174629 -0.452445 8.317902 -13.604708 2.045073 49.867099 7.202339 4.530019 1.708128 -13.516126 -12.022171 19.578195 -32.434990 15.019614 18.444816 -57.229702 -62.770405 69.021326 13.459536 -20.343522 -10.796451 3.018108 18.662816 12.927126 47.890017 -8.697634 16.075446 54.333662 62.478739 47.378080 -41.788923 -11.024104 -40.374346 
3.764201 -50.490200 12.674084 -173.366764 -8.938230 -1.608059 -1.089771 -2.106117 -8.146853 -6.923920 -2.587819 13.970600 -1.015189 9.305924 6.550928 nan nan nan -3.292281 -1.161094 -0.287009 0.578007 -3.978503 1.500167 14.002044 -0.649983 15.512422 nan nan nan 2.710869 2.843286 31.702113 -3.517576 -4.091315 4.367676 -0.119582 -0.456664 8.256701 -13.426035 1.936408 49.872406 6.944047 4.467358 2.037877 -13.581665 -12.044476 19.242425 -32.615315 14.076475 17.879325 -54.143088 -62.758568 65.948933 11.344532 -20.086920 -11.004477 3.314813 18.717236 12.936764 47.663742 -7.868950 15.824087 51.922196 61.660209 44.892968 -40.365805 -10.379364 -41.176509 
3.771673 -50.524590 12.652550 -173.316664 -8.739373 -1.771435 -1.293833 -1.997965 -7.464952 -6.758938 -3.292754 13.138313 -1.151131 9.117519 6.405695 nan nan nan -3.416515 -1.403565 -0.048822 0.662179 -4.300801 1.399950 13.997578 -0.518201 15.274636 nan nan nan 2.718838 2.746097 31.239987 -3.572368 -4.155107 4.090465 -0.204401 -0.363119 8.307564 -12.965921 2.018348 49.748306 6.865145 4.110865 2.625575 -13.283088 -11.850113 18.748988 -32.857776 13.051613 17.352539 -51.426237 -62.479005 63.279834 8.799265 -19.974582 -11.704055 3.598798 18.633749 13.019193 47.573453 -6.722356 15.560197 49.881084 60.630827 42.999642 -39.222659 -9.937191 -42.173682 
3.766294 -50.557686 12.613130 -173.324239 -8.650618 -1.880518 -1.366336 -2.004184 -6.832516 -6.636298 -3.539599 12.286021 -1.228385 8.969654 6.430435 nan nan nan -3.498038 -1.404098 0.098231 0.831853 -4.572713 1.335453 13.889077 -0.572788 15.026788 nan nan nan 2.720437 2.674703 30.566678 -3.565928 -4.170470 4.211682 -0.361678 -0.242082 8.211164 -12.476582 2.211729 49.536787 6.957897 3.639847 3.134701 -12.948618 -11.694735 18.161770 -33.310273 12.129106 16.833302 -48.664875 -62.200956 60.674563 5.762420 -19.888025 -11.589772 3.800210 18.532496 12.910546 47.548001 -5.708890 15.360987 47.706008 59.764195 41.253911 -37.284830 -9.669257 -43.092291 
3.749038 -50.588943 12.597618 -173.318894 -8.545618 -1.974999 -1.494148 -1.970573 -6.189925 -6.514046 -4.062708 11.420190 -1.147774 8.966185 6.447302 nan nan nan -3.629818 -1.414111 0.201203 1.022285 -4.525986 1.283722 13.680277 -0.786054 14.745212 nan nan nan 2.702337 2.632123 29.938351 -3.521746 -4.053617 4.012842 -0.377412 -0.250652 8.319529 -12.310428 2.193633 49.396406 6.812015 3.468018 3.627624 -12.977446 -11.629081 17.877147 -33.672007 11.264558 16.336987 -45.748010 -61.955732 57.905380 3.809412 -19.704375 -12.002849 3.931132 18.555642 12.777903 47.624951 -4.887633 15.213721 45.370234 58.800952 39.275271 -35.988623 -9.318724 -43.735512 
3.728871 -50.636002 12.580032 -173.262452 -8.443563 -2.108994 -1.672915 -1.992669 -5.482465 -6.377069 -4.641324 10.484701 -1.014362 9.016637 6.493966 nan nan nan -3.783074 -1.409927 0.401654 1.121513 -4.436943 1.091810 13.411535 -0.929557 14.454430 nan nan nan 2.669695 2.667239 29.273403 -3.464013 -3.924023 4.008938 -0.383307 -0.313060 8.314054 -12.165145 2.096643 49.339312 6.599742 3.433414 3.998546 -13.106639 -11.689739 17.706780 -33.948097 10.433478 15.928542 -42.577156 -61.671280 54.850426 2.192338 -19.566475 -12.654674 4.062720 18.662318 12.586533 47.832139 -4.150409 15.187912 42.707996 57.823508 36.880599 -34.495740 -8.995154 -44.204376 
3.717776 -50.706673 12.546463 -173.188557 -8.380453 -2.299801 -1.871151 -2.042947 -4.726154 -6.182496 -4.984277 9.542316 -0.955124 9.038220 6.547105 nan nan nan -3.901678 -1.424238 0.638123 1.145956 -4.638689 0.927045 13.292478 -0.873910 14.163773 nan nan nan 2.646936 2.738524 28.555862 -3.461802 -3.838967 4.369093 -0.450217 -0.329015 8.196275 -11.772001 2.076249 49.210655 6.500584 3.241860 4.242028 -13.066078 -11.768308 17.271462 -34.255964 9.507319 15.522333 -39.499572 -61.078774 52.035937 -0.080270 -19.710699 -12.416358 4.146012 18.736603 12.304740 48.128675 -3.296606 15.154458 40.148937 56.709188 34.662476 -32.579120 -8.456388 -44.572763 
3.696075 -50.770161 12.510532 -173.214450 -8.407273 -2.522698 -1.950948 -1.935750 -3.967923 -5.969027 -5.047421 8.694281 -1.036920 8.912306 6.586136 nan nan nan -3.916689 -1.461444 0.860660 1.206113 -4.960999 0.872407 13.336147 -0.724608 13.962092 nan nan nan 2.704721 2.746998 27.904147 -3.498478 -3.683829 4.784286 -0.479996 -0.283732 7.979817 -11.487010 2.012799 49.031860 6.403563 3.114270 4.521428 -13.097526 -11.871415 16.858555 -34.708809 8.677799 15.081906 -36.441924 -60.522268 49.126673 -2.701895 -19.802455 -12.254806 4.218680 18.824853 12.114419 48.339930 -2.541463 14.959611 37.920397 55.618504 32.958008 -30.293682 -7.701785 -44.573073 
3.667429 -50.832062 12.449642 -173.269050 -8.368764 -2.653259 -1.992001 -1.954224 -3.373649 -5.777445 -5.053202 7.937802 -1.151004 8.924428 6.621487 nan nan nan -3.864484 -1.425954 1.044331 1.257834 -5.196023 0.726124 13.242006 -0.698472 13.771702 nan nan nan 2.689102 2.647119 27.378074 -3.441560 -3.533385 5.000867 -0.531749 -0.178966 7.597211 -11.187786 2.016232 48.992149 6.324249 3.000673 4.867665 -13.407388 -11.875790 16.644968 -34.999020 7.981452 14.705883 -33.407617 -60.048535 46.280915 -4.990247 -19.753486 -12.262456 4.532431 18.858393 12.108320 48.452599 -1.778920 14.783409 35.873087 54.435996 31.213199 -29.270477 -7.303473 -44.740510 
3.611741 -50.920227 12.360823 -173.206334 -8.411856 -2.458449 -2.199471 -2.327656 -3.126820 -5.539810 -4.916268 7.091960 -1.119081 9.145273 6.673125 nan nan nan -3.928092 -1.133547 0.792355 1.281094 -5.406039 0.688546 13.079872 -0.698128 13.549117 nan nan nan 2.493308 2.658468 26.544612 -3.233925 -3.438447 5.157211 -0.671599 0.015995 7.146492 -10.720353 2.092765 49.253661 6.196626 2.676016 5.029356 -13.875578 -11.822378 16.565876 -35.237936 7.212791 14.339551 -30.280190 -59.393558 43.359544 -7.365011 -19.666955 -11.317048 5.090610 18.827391 12.359212 48.470062 -1.010427 14.579020 33.644096 53.262068 29.236914 -28.472430 -7.037033 -44.723654 
3.596645 -50.985924 12.341248 -173.209632 -8.365039 -2.594539 -2.428073 -2.329042 -2.481980 -5.145756 -5.072513 6.291160 -1.005706 9.224607 6.572196 nan nan nan -3.906498 -1.195064 1.045053 1.316364 -5.544960 0.565848 12.907052 -0.612611 13.222767 nan nan nan 2.543412 2.740936 25.823038 -3.172116 -3.358855 5.357593 -0.694899 0.095306 7.054377 -10.411396 2.010475 49.115841 6.066574 2.420392 5.447798 -14.086980 -11.959313 16.377900 -35.719559 6.387226 13.890711 -27.549174 -58.473025 40.869652 -8.970101 -19.471934 -10.451652 5.346452 18.943923 12.400401 48.683071 -0.340516 14.198679 31.889110 51.985802 27.720992 -27.528719 -6.580455 -44.809395 
3.578893 -51.041313 12.345524 -173.298008 -8.304900 -2.806493 -2.564241 -2.006652 -1.837827 -4.705669 -5.119696 5.668271 -1.129601 9.052150 6.441640 nan nan nan -3.798116 -1.387398 1.422797 1.323284 -5.765905 0.396929 12.808929 -0.327287 12.954118 nan nan nan 2.725285 2.749398 25.295364 -3.217554 -3.268257 5.397789 -0.650629 0.107603 6.968649 -10.204612 1.951953 48.987880 5.902292 2.339232 5.850562 -14.267713 -12.029681 16.042853 -36.412066 5.707175 13.561223 -24.697322 -57.411189 38.677346 -10.282911 -19.502154 -9.961051 5.566176 19.060855 12.344593 48.848107 0.237334 13.814741 30.379018 50.519038 26.807776 -26.105190 -5.878635 -44.914572 
3.550118 -51.100380 12.314342 -173.385175 -8.249554 -2.933543 -2.763957 -1.676586 -1.364744 -4.122170 -4.972324 5.139884 -1.399635 8.767864 6.311244 nan nan nan -3.697276 -1.544744 1.592837 1.260526 -6.020931 0.354420 12.918334 0.126583 12.805501 nan nan nan 2.891309 2.746689 24.765217 -3.296406 -3.197213 5.475946 -0.605206 0.119502 6.690558 -10.043312 1.831304 48.993213 5.759102 2.318144 6.154214 -14.397952 -12.081038 15.525736 -37.271379 5.110285 13.319242 -21.951817 -56.072084 36.643491 -11.530820 -19.231201 -8.656620 5.861233 19.187189 12.257318 49.058152 0.642449 13.399225 28.513053 48.924189 25.620330 -23.941753 -4.631469 -44.347223 
3.507022 -51.121449 12.285405 -173.513392 -8.245726 -3.070271 -2.560610 -1.406795 -1.163038 -4.359716 -4.503126 5.223979 -1.447828 8.450566 5.984941 nan nan nan -3.591695 -1.728063 1.711744 1.247310 -6.107125 0.437048 12.945845 0.531935 12.695611 nan nan nan 3.066296 2.689199 24.124005 -3.268425 -3.109187 5.896057 -0.743073 0.198836 6.123225 -9.920977 1.684640 48.881549 5.649330 2.277171 6.867927 -14.670379 -12.119951 15.173502 -37.796543 4.600538 13.047683 -20.083466 -54.569839 34.926485 -11.609268 -18.920526 -7.381571 6.283407 19.338613 12.341968 49.260920 1.122274 12.891827 26.734420 47.229538 24.070306 -22.098568 -3.122986 -43.124229 
3.473915 -51.105751 12.268171 -173.505970 -8.063854 -3.128774 -2.350343 -0.571823 -0.658984 -4.881240 -4.506934 4.571368 -1.015085 7.956783 5.676381 nan nan nan -3.641596 -1.798162 1.851228 1.349054 -5.844460 0.288974 12.706643 0.433675 12.501015 nan nan nan 3.302263 2.715673 23.393723 -3.497021 -3.045615 5.521002 -0.765680 0.085941 6.637703 -9.975576 1.433002 48.788217 5.645290 2.457462 6.964774 -14.784123 -11.996003 14.812197 -38.229422 3.690920 12.542519 -18.456219 -53.275768 32.933448 -13.605756 -17.886633 -6.062105 6.529753 19.088628 11.930855 49.544629 1.965562 12.616656 25.058643 45.485922 22.327673 -18.888303 -1.953777 -41.696209 
3.432209 -51.174805 12.308517 -173.929106 -8.075113 -2.544317 -1.656345 0.238803 -1.305667 -5.381220 -4.019042 4.967356 -0.879018 7.094678 5.180588 nan nan nan -2.971624 -1.761766 1.324290 1.073297 -5.452964 0.230035 12.351462 0.352310 12.268416 nan nan nan 2.957411 1.739872 23.027400 -3.086423 -2.872455 3.238725 -0.744918 0.966222 6.982344 -10.061877 1.460837 49.245887 5.376437 2.524665 7.608560 -14.721555 -11.199025 14.511464 -39.655153 3.184870 12.270121 -17.010359 -51.993806 31.947743 -15.026918 -17.091557 -5.832650 6.432206 18.703423 12.471591 50.010097 2.665004 12.344155 23.517642 44.141066 21.696273 -14.809504 -0.435908 -39.242768 
3.460069 -51.227901 12.273612 -173.856702 -7.935888 -2.772140 -1.920904 0.198289 -0.374739 -5.174332 -4.513016 3.769155 -0.588377 7.624444 5.417106 nan nan nan -3.015146 -1.898160 1.532645 1.073422 -5.480151 0.329364 12.489764 0.375283 12.016833 nan nan nan 2.786016 1.851386 22.524571 -2.924243 -2.847544 3.082542 -0.750238 1.061644 7.055601 -9.495146 1.399180 49.303454 5.259300 2.020006 7.799836 -14.931495 -11.016394 14.311563 -40.046601 2.176189 12.184793 -15.393670 -50.497718 30.652668 -14.007269 -17.145876 -7.271566 6.943823 18.378278 12.401819 50.166401 3.385689 12.547162 22.581509 42.592936 21.051656 -16.692020 -0.857264 -39.558304 
3.472542 -51.229443 12.267323 -173.701037 -7.717805 -3.005376 -2.162751 0.096576 -0.118990 -5.166466 -4.421136 3.950251 -0.604686 7.742300 5.153745 nan nan nan -3.326904 -2.507398 1.564371 1.305954 -5.771563 0.832127 12.641757 0.801180 11.604030 nan nan nan 2.481990 2.009084 21.981351 -2.679994 -2.993380 3.062513 -0.792246 1.162168 6.831409 -8.838998 1.326497 49.236204 5.068230 1.664414 8.497395 -15.271542 -10.926323 14.093818 -40.437281 1.679763 12.122468 -13.677562 -49.114583 29.716686 -13.396139 -17.369680 -7.886117 7.544897 18.104488 12.342417 50.259152 3.804596 12.438296 21.016959 40.994327 21.031717 -15.035273 0.012835 -38.449038 
3.342447 -51.311848 12.251834 -173.887348 -7.852676 -2.996066 -2.028213 1.101058 -0.611115 -4.999691 -3.654089 5.064114 -1.342722 6.438056 4.351132 nan nan nan -3.165717 -2.643406 1.460212 1.328668 -5.945884 1.038822 12.539852 1.186307 11.483967 nan nan nan 2.891695 1.707699 21.342350 -3.029349 -2.747382 2.834875 -0.722087 1.170296 6.767967 -9.291596 1.043571 48.720465 4.891016 2.202100 9.343081 -15.316842 -10.962305 13.432005 -41.791520 1.806564 11.774989 -11.654106 -48.087638 27.555497 -14.907226 -16.382945 -5.508680 7.402375 18.454822 12.187024 50.791932 4.162509 11.677049 20.162000 39.212041 19.767473 -13.088420 1.650439 -36.062954 
3.276451 -51.422798 12.239452 -174.030776 -8.006840 -2.980637 -1.942293 1.530831 -0.383097 -4.923501 -3.516045 4.829406 -1.324843 5.940180 4.230866 nan nan nan -2.942720 -2.336628 1.593082 1.304576 -5.729742 0.721076 12.281976 0.944692 11.329224 nan nan nan 3.167263 1.617705 20.473406 -3.076829 -2.519215 2.899457 -0.893471 1.255393 6.778942 -9.372077 0.762655 48.476975 4.716398 2.358901 9.577193 -15.469862 -10.701794 13.223679 -42.730250 1.232114 11.440104 -9.867672 -46.987128 26.182805 -15.239672 -15.790580 -4.620620 7.523320 18.332816 12.150162 51.305244 4.819595 11.376639 18.805824 37.692794 18.952304 -11.805348 2.477266 -34.784198 
3.663676 -51.442219 11.991840 -174.177480 -5.566005 -3.583032 -1.325416 0.529457 -0.051325 -5.449837 -4.531492 5.264431 -1.873117 5.697475 4.337769 nan nan nan -2.259326 -3.496984 3.026667 1.029165 -5.567457 -0.339041 11.345654 -0.414494 11.086805 nan nan nan 2.593230 1.265596 20.917471 -2.586177 -3.415091 2.656321 -0.295926 0.745651 6.628555 -9.369803 0.274482 47.589489 5.000443 2.636505 10.428450 -15.083545 -10.436551 12.910499 -43.388676 0.397732 10.923659 -9.228884 -45.923176 26.794980 -14.478589 -15.441759 -5.593102 7.461744 17.871784 11.553583 52.319207 5.356801 11.421607 16.945471 36.344901 18.223177 -9.786219 3.199611 -33.073554 
3.669149 -51.465649 11.953007 -174.125567 -5.244764 -3.642649 -1.360472 0.408518 0.360653 -5.667104 -4.900394 4.798078 -1.520613 5.914564 4.409359 nan nan nan -2.347707 -3.778854 3.092613 1.135356 -5.454365 -0.316835 11.202340 -0.509686 10.862774 nan nan nan 2.515588 1.383307 20.157306 -2.560263 -3.398756 2.913853 -0.284117 0.726318 6.360561 -9.098089 -0.097461 47.617933 5.096284 2.613001 10.540841 -15.249010 -10.171860 12.726440 -43.815725 -0.241459 10.667661 -8.422409 -44.784348 26.701158 -14.148958 -15.120930 -5.847769 7.774543 17.307643 11.328894 52.821280 5.717322 11.203120 15.729636 34.973369 18.176828 -8.412207 3.615336 -32.024765 
3.681401 -51.511421 11.928897 -173.999505 -4.982297 -3.692148 -1.534080 0.111160 1.019253 -5.782353 -5.483877 3.809610 -0.991862 6.441634 4.881791 nan nan nan -2.494546 -3.924546 3.226429 1.162019 -5.404330 -0.435785 11.277743 -0.641795 10.728544 nan nan nan 2.353831 1.626065 19.398296 -2.530162 -3.408889 3.379942 -0.285756 0.704945 5.895584 -8.759821 -0.433370 47.865147 5.226044 2.576558 10.292815 -15.317118 -10.039962 12.969653 -44.277637 -0.809515 10.338235 -7.684743 -43.941702 26.881916 -13.237241 -14.979701 -6.649157 8.108142 16.754819 11.139596 53.358007 5.912089 10.952920 14.628860 33.826897 18.615723 -7.326850 3.962062 -31.395708 
3.694270 -51.589897 11.903959 -173.881647 -4.811001 -3.962307 -1.999384 -0.333927 1.900350 -5.347952 -5.961781 2.786888 -0.787292 7.080582 5.413571 nan nan nan -2.569345 -3.964573 3.665176 1.092980 -5.446116 -0.723597 11.438125 -0.689176 10.581780 nan nan nan 2.182424 1.831816 18.980455 -2.488155 -3.390217 3.611620 -0.285310 0.671613 5.523744 -8.336378 -0.609874 47.891878 5.240200 2.466673 10.427432 -15.626989 -9.907839 13.101356 -44.733198 -1.404532 10.167333 -6.497575 -42.773509 25.908085 -12.332818 -14.945722 -6.940993 8.694384 16.360305 10.986631 53.589369 6.174122 10.822437 13.597532 32.555606 18.377287 -6.897603 4.174925 -30.443250 
3.703505 -51.645916 11.881640 -173.859646 -4.640087 -4.082779 -2.151741 -0.481404 2.146550 -5.254631 -5.985453 2.678951 -0.878648 7.105021 5.472571 nan nan nan -2.570446 -4.159667 3.924634 1.030993 -5.400422 -1.004045 11.496195 -0.693061 10.480345 nan nan nan 2.219099 1.900060 18.340108 -2.569392 -3.324362 4.036755 -0.314135 0.572713 4.917654 -8.176405 -0.924838 48.006348 5.173116 2.658026 10.580969 -15.888285 -9.577674 13.047025 -45.246001 -1.900099 9.814436 -5.607011 -41.628796 25.486070 -12.169672 -14.684764 -6.889156 9.182996 15.884991 10.931520 53.807133 6.631922 10.292638 12.865482 31.028833 18.078277 -5.695960 4.686472 -29.060571 
3.602842 -51.631779 11.894381 -174.048512 -4.713954 -4.478229 -1.854171 0.546940 1.812249 -5.326733 -5.439596 4.395342 -1.856216 5.751557 4.550572 nan nan nan -2.448594 -4.438011 4.387851 1.037739 -5.316321 -1.012189 11.218199 -0.239293 10.201640 nan nan nan 2.581431 1.754730 17.929974 -2.543552 -3.136746 3.547713 -0.517952 0.418248 5.529801 -8.232933 -1.098312 46.989215 4.921082 2.787556 11.813705 -15.735769 -9.146283 12.078758 -46.418147 -2.056727 9.872910 -4.394262 -40.664102 23.709770 -12.936419 -13.511951 -4.877560 8.744758 15.806438 10.246670 54.614915 7.030518 10.487452 11.760452 29.587312 16.388985 -3.268165 5.538368 -25.874593 
3.604639 -51.670048 11.870367 -173.931055 -4.552216 -4.487891 -2.009177 0.363624 2.278690 -5.388867 -5.830376 3.620121 -1.402550 5.874115 4.740452 nan nan nan -2.606297 -4.308178 4.490429 1.157211 -5.009687 -1.193496 11.047285 -0.601845 9.933988 nan nan nan 2.431975 1.941542 17.043023 -2.436814 -3.106704 3.591354 -0.650770 0.396681 5.657379 -7.889878 -1.344881 46.775213 4.979706 2.557830 11.873805 -15.594200 -8.767110 11.857408 -47.044809 -2.620398 9.827502 -3.631203 -39.883302 23.710209 -13.071338 -13.316822 -4.683078 8.717896 15.171235 9.716445 55.504064 7.228326 10.822178 10.308848 28.589615 16.426506 -1.495452 5.330188 -24.526368 
3.638602 -51.736141 11.821756 -173.721946 -4.424786 -4.597547 -2.491926 -0.262747 3.220892 -5.141806 -6.444532 1.949157 -0.773977 6.758153 5.330554 nan nan nan -2.855266 -4.184060 4.673838 1.258790 -4.781107 -1.381632 11.073577 -1.043948 9.705839 nan nan nan 2.098120 2.205060 16.427512 -2.189207 -3.080580 3.547868 -0.828020 0.431227 5.625747 -7.145957 -1.518226 46.283863 4.854087 1.865338 12.575534 -15.677779 -8.372526 11.854503 -47.534330 -3.372252 9.992995 -2.733385 -38.721905 23.671411 -12.132060 -13.982753 -5.359161 9.198616 14.465697 9.454559 56.026065 7.456945 11.202283 8.701215 27.496953 16.481329 -0.900298 5.359099 -23.366092 
3.519638 -51.751804 11.831375 -173.876903 -4.548047 -4.439372 -2.314541 0.342120 2.148541 -5.197362 -5.316956 3.781744 -1.571596 5.474628 4.267149 nan nan nan -2.716479 -4.403502 4.347018 1.212762 -4.952670 -1.066560 11.029376 -0.429745 9.390750 nan nan nan 2.243876 2.071199 15.935693 -2.315491 -2.858287 2.904715 -0.639529 0.401516 5.496179 -7.265166 -1.755991 45.944509 4.598471 2.067862 13.487546 -15.744320 -7.538574 10.773737 -48.972164 -3.192864 9.866589 -1.497223 -37.637827 22.661326 -14.077540 -13.278365 -2.746358 9.103416 13.973130 9.157357 56.500829 7.742774 10.691459 8.043962 25.809350 16.041859 1.796196 6.526877 -19.988513 
3.551131 -51.794014 11.836962 -173.795109 -4.245534 -4.127981 -2.306464 0.057601 2.283719 -5.471726 -5.673910 2.850162 -1.014613 5.565374 4.565849 nan nan nan -2.738399 -4.316602 4.214502 1.203220 -4.808353 -1.365921 10.982774 -0.800705 9.211343 nan nan nan 1.985720 2.263472 14.946925 -2.058009 -2.831259 2.491564 -0.740813 0.377707 5.716038 -6.739655 -2.036587 45.897045 4.566050 1.734219 13.596059 -15.516293 -6.617030 10.402052 -49.518990 -4.051755 9.923211 -1.589011 -36.623597 23.853507 -14.248321 -13.135382 -2.978843 9.145953 12.706553 8.516645 57.376200 8.022688 11.228811 6.816451 24.627550 16.988408 3.452634 6.321869 -18.565676 
3.601192 -51.845177 11.826802 -173.648787 -3.931300 -4.032531 -2.730529 -0.505738 2.710640 -5.026683 -6.200191 1.677441 -0.924902 5.975212 4.853501 nan nan nan -2.839537 -4.295388 4.336659 1.133470 -4.912843 -1.743648 11.229994 -0.939111 9.145766 nan nan nan 1.723854 2.455969 14.440187 -1.882633 -2.813450 1.884567 -0.825653 0.312654 5.853786 -6.066328 -2.159009 45.387446 4.442585 1.028582 14.379377 -15.226467 -5.802430 10.067252 -50.245723 -4.920149 10.105191 -1.360936 -35.259797 23.966074 -13.996473 -13.376105 -3.331233 9.314973 11.549391 7.878817 58.146849 8.182771 11.763501 5.680541 23.466029 17.610034 4.144580 6.212884 -16.822459 
3.632378 -51.862911 11.810865 -173.512299 -3.679724 -3.881609 -3.249444 -1.477157 2.165486 -4.384533 -6.002453 2.236063 -1.192723 6.131340 4.402515 nan nan nan -2.903216 -4.401928 4.487817 1.019454 -4.984836 -2.166026 11.543607 -1.115959 9.153006 nan nan nan 1.499058 2.700464 13.895181 -1.665829 -2.879994 1.245782 -0.991416 0.266064 5.941892 -5.362534 -2.335545 44.663389 4.239973 0.385149 15.548085 -14.754326 -5.019712 9.948221 -51.104231 -5.502027 10.240818 -1.114504 -34.351300 24.529714 -13.585288 -13.923212 -3.698379 9.277367 10.382070 7.427928 59.104701 8.343369 12.055406 4.465586 22.423414 18.345702 5.396963 6.482645 -14.759167 
3.605995 -51.867455 11.854902 -173.607282 -3.603478 -3.356509 -2.709021 -0.643818 1.751226 -5.008667 -5.535311 1.857395 -1.936369 4.997899 4.376159 nan nan nan -2.867625 -4.583559 3.999658 1.138385 -5.237372 -2.273370 11.567205 -0.851060 9.151387 nan nan nan 1.630501 2.544814 12.744527 -1.844699 -2.700565 0.772107 -0.946662 0.238468 6.110267 -5.348191 -2.509382 44.265865 4.217154 0.416020 16.019586 -14.384195 -4.036383 8.904438 -52.297888 -5.602485 10.134405 -0.646436 -33.340133 24.317809 -15.623786 -12.796300 -1.802750 8.888273 9.398873 6.843549 59.919718 8.709385 11.982568 3.938064 20.994389 18.749721 7.577911 6.778359 -12.105659 
3.647598 -51.896542 11.893670 -173.560137 -3.405909 -3.277565 -2.975002 -1.187869 1.494412 -4.664377 -5.224642 2.173388 -1.988178 5.129872 3.889366 nan nan nan -2.826232 -4.789374 4.190372 1.100067 -5.447522 -2.615086 11.884830 -0.857778 9.120682 nan nan nan 1.505630 2.760848 12.301535 -1.715893 -2.720321 -0.047602 -1.137328 0.298089 6.384051 -4.479954 -2.427314 43.568974 4.245260 -0.522279 17.012148 -13.551451 -3.014828 8.198280 -53.417720 -6.251816 10.416765 -0.739046 -31.904814 25.215429 -15.164698 -13.280689 -1.776696 8.740342 8.012852 6.159574 61.040262 8.837217 12.344384 2.955735 19.736967 19.752384 7.567799 7.022974 -10.091121 
3.703605 -51.942776 11.869721 -173.562950 -2.893561 -2.763027 -3.342996 -1.925115 1.344734 -3.906787 -5.437656 1.390698 -1.598653 5.438264 3.645694 nan nan nan -2.574874 -4.578322 3.955642 0.960251 -5.488107 -3.120781 12.054085 -1.563864 9.239949 nan nan nan 1.296597 2.853571 11.439620 -1.499066 -2.794384 -0.706541 -1.247827 0.276111 6.565763 -4.074805 -2.675881 43.511327 4.309341 -0.924263 16.643502 -13.037941 -2.119430 8.093031 -54.230660 -7.081139 10.460559 -0.561800 -30.949792 26.267968 -16.267372 -12.946116 -2.206823 8.595814 6.701753 5.486587 62.143617 8.790565 13.031639 1.757231 18.853296 21.032664 9.131627 6.250930 -9.298179 
3.696674 -51.980530 11.893898 -173.623402 -2.702150 -2.282325 -3.323929 -1.849643 0.968239 -3.805750 -4.913011 1.129961 -1.667053 5.326772 3.549061 nan nan nan -2.501678 -4.538363 3.594069 1.030561 -5.589662 -3.254446 12.219273 -1.669765 9.320015 nan nan nan 1.338047 2.719535 10.695375 -1.539143 -2.754653 -1.415227 -1.327820 0.198075 6.673675 -4.026364 -2.961780 43.050013 4.111017 -0.869042 16.616148 -12.731737 -1.243274 8.086478 -55.136068 -7.263358 10.162407 -0.052176 -30.403291 26.691624 -17.042836 -12.707686 -1.862021 8.152654 5.903573 5.152274 63.154229 8.967752 13.369415 1.147389 17.706818 22.078552 10.289773 6.098754 -8.139473 
3.696767 -52.008484 11.911776 -173.631769 -2.502972 -1.830935 -3.306054 -1.977399 0.612716 -3.624353 -4.994831 0.869266 -1.615018 5.161937 3.529733 nan nan nan -2.508610 -4.637100 3.218362 1.139036 -5.667470 -3.333015 12.436539 -1.725911 9.292823 nan nan nan 1.337692 2.795582 9.947938 -1.539302 -2.590181 -2.154173 -1.359284 0.221782 6.906996 -3.988145 -3.411451 42.638264 3.961214 -1.189186 16.630539 -11.998921 -0.267967 7.578593 -56.383437 -7.871944 10.267335 -0.039677 -29.201021 27.334912 -17.271299 -12.251803 -1.721608 7.441493 4.814760 4.645786 64.398126 8.871006 13.789583 0.546521 16.683050 23.106031 11.134489 5.880350 -6.940042 
3.693087 -52.036594 11.921756 -173.701810 -2.285663 -1.524460 -3.241473 -1.987473 0.400609 -3.485389 -4.914586 0.661566 -1.555278 5.104192 3.597494 nan nan nan -2.414847 -4.736971 2.993819 1.191513 -5.741255 -3.401081 12.519175 -1.724899 9.155096 nan nan nan 1.399545 2.788223 9.330059 -1.603886 -2.434906 -2.715018 -1.382062 0.161313 7.129647 -4.079089 -3.821999 42.188743 3.738939 -1.333388 16.515653 -11.318982 0.568876 7.253344 -57.685849 -8.131015 10.302191 0.481584 -28.568268 27.923487 -17.294471 -11.971463 -1.864091 6.624325 3.945976 4.158994 65.666798 8.881219 14.083448 0.086706 15.530376 24.057903 11.580501 5.940063 -5.796398 
3.692523 -52.094437 11.929956 -173.774794 -2.123219 -1.249393 -3.179449 -2.078299 0.291588 -3.375902 -4.649905 0.390880 -1.515804 5.136917 3.748155 nan nan nan -2.259053 -4.667492 2.794397 1.168100 -5.845936 -3.534877 12.593399 -1.802474 9.002974 nan nan nan 1.413203 2.788007 8.647933 -1.631445 -2.289301 -3.076010 -1.419189 0.137424 7.292319 -3.880757 -4.095070 41.593936 3.608836 -1.496200 16.572269 -10.801353 1.248938 6.994706 -58.718508 -8.301705 10.407284 1.056165 -28.013015 28.368874 -17.439170 -11.940342 -1.751448 6.032188 3.259158 3.864990 66.651011 8.856242 14.367893 -0.370715 14.522981 24.809148 11.705610 6.113734 -4.796446 
3.697604 -52.180683 11.943360 -173.754401 -2.009384 -1.028685 -3.208571 -2.224344 0.341672 -3.274258 -4.418783 0.003873 -1.560857 5.347225 3.701089 nan nan nan -2.189046 -4.585186 2.574750 1.100299 -5.988750 -3.567296 12.693035 -1.827305 8.763515 nan nan nan 1.262004 2.873226 8.058474 -1.619837 -2.159777 -3.348195 -1.455480 0.192427 7.314660 -3.435683 -4.257552 40.967788 3.756603 -1.950122 16.650471 -10.323227 1.855232 6.709731 -59.524530 -8.468218 10.687682 1.409651 -27.441699 28.548194 -17.458779 -11.848149 -1.730829 5.790173 2.607122 3.628339 67.239352 8.590304 14.663802 -0.834966 13.892450 25.424906 11.919685 6.029871 -3.921553 
3.698985 -52.256626 11.986080 -173.719296 -1.911736 -0.819129 -3.260478 -2.347224 0.418100 -3.164505 -4.274945 -0.370909 -1.546552 5.678641 3.725591 nan nan nan -2.185258 -4.602706 2.394226 1.083360 -6.001631 -3.601903 12.777316 -1.827606 8.545884 nan nan nan 1.100290 2.998483 7.487521 -1.611275 -2.020967 -3.513454 -1.475597 0.232391 7.256763 -3.099519 -4.391945 40.476176 3.961933 -2.310096 16.532757 -9.867365 2.429673 6.438388 -60.207499 -8.505305 11.015860 1.526668 -27.046364 28.718766 -17.112689 -11.607935 -2.238591 5.608385 1.929757 3.374674 67.675013 8.239779 14.885220 -1.208889 13.414956 25.706997 12.003964 5.754623 -3.225829 
3.690686 -52.329174 12.041320 -173.743233 -1.896124 -0.637345 -3.243129 -2.377169 0.459539 -3.070390 -4.141571 -0.615546 -1.368111 5.939664 3.872514 nan nan nan -2.154853 -4.634119 2.201077 1.163154 -6.004689 -3.635017 12.859488 -1.823625 8.337051 nan nan nan 0.927449 3.078547 6.991189 -1.559870 -1.884085 -3.695007 -1.435124 0.274294 7.211196 -2.824450 -4.504686 39.935795 4.064483 -2.530180 16.515818 -9.575236 3.044392 6.291745 -60.772896 -8.429578 11.203279 1.635546 -26.918731 28.900819 -16.638198 -11.309450 -2.576447 5.496820 1.343761 3.219026 67.887247 7.937726 14.998479 -1.469196 13.062156 25.710270 11.969873 5.503138 -2.792535 
4.211904 -52.395008 12.885750 -173.716941 1.545621 -0.145032 -2.653183 -2.854378 0.418869 -3.214385 -5.462518 -0.745378 -2.152940 4.647435 3.773423 nan nan nan -1.462239 -7.318988 3.721021 1.010295 -6.262770 -6.123792 12.721627 -2.545616 8.271787 nan nan nan -0.642110 2.779246 4.416709 -0.750309 -3.290764 -2.851412 -1.096400 -0.720088 7.228963 -1.964879 -4.561108 40.126035 4.207464 -3.075948 16.657772 -9.537327 3.854492 6.877682 -60.568084 -8.662818 11.422180 1.770181 -26.603246 28.665517 -16.604058 -11.162685 -2.054208 6.388943 0.008470 3.098199 67.912195 7.410403 15.382555 -2.014891 12.211226 24.797728 11.976339 5.943329 -1.609808 
4.311884 -52.517048 13.015511 -173.750001 2.122872 0.201662 -2.407273 -3.047940 0.193453 -3.366748 -5.445025 -0.869967 -2.155959 4.615285 3.683447 nan nan nan -1.199409 -7.781968 3.496805 0.990880 -6.351173 -6.430721 12.581576 -2.810877 8.143673 nan nan nan -1.002471 2.753749 3.708751 -0.602441 -3.316168 -3.175672 -1.071735 -0.889203 7.253319 -1.427839 -4.667774 39.402613 4.202189 -3.439241 16.908086 -9.082400 4.949681 6.340848 -60.998729 -8.778525 11.767837 1.359894 -26.108988 29.323794 -16.475968 -10.958040 -2.023401 6.277182 -1.098155 2.886061 68.185276 7.157266 15.684236 -2.137109 11.821444 24.955085 11.854702 6.179634 -1.382991 
4.212955 -52.612732 12.992790 -173.750191 1.676074 0.257411 -2.475272 -2.993671 0.360092 -3.386982 -5.134809 -1.208837 -1.830890 5.073782 3.727837 nan nan nan -1.357721 -7.502939 3.183496 1.167516 -6.185557 -6.228981 12.551857 -2.813933 8.046198 nan nan nan -0.910094 2.759779 3.734983 -0.732455 -2.992398 -3.815157 -1.147142 -0.750550 7.443131 -1.123924 -4.702185 38.398287 4.177105 -3.473914 17.035963 -8.678825 5.755135 6.070618 -61.431559 -8.690567 11.817871 0.981141 -26.057409 29.966668 -16.088767 -10.924206 -2.414089 5.840449 -1.743369 2.684916 68.410300 7.045644 15.875519 -1.996875 11.554399 25.164083 11.339227 6.361310 -1.465641 
4.140384 -52.683125 13.013146 -173.712636 1.309792 0.215379 -2.563094 -2.896366 0.691981 -3.376164 -4.981691 -1.656937 -1.563526 5.514808 3.798113 nan nan nan -1.553331 -7.280858 3.133218 1.293854 -6.060204 -6.213990 12.745929 -2.745588 8.018283 nan nan nan -0.855582 2.735662 3.882236 -0.889162 -2.777947 -4.565449 -1.264581 -0.626778 7.728472 -0.718563 -4.580943 37.364437 4.238846 -3.573708 17.321738 -8.138857 6.521235 5.910509 -61.811699 -8.551114 11.902435 0.515518 -25.962984 30.733545 -15.705735 -11.080884 -2.918901 5.487631 -2.417073 2.333997 68.669569 6.960781 16.126681 -1.804600 11.075841 25.401036 10.609787 6.404635 -1.490198 
4.077188 -52.737671 13.062328 -173.649377 0.983750 0.105939 -2.692342 -2.721542 1.110332 -3.297623 -4.952736 -2.124681 -1.278557 5.842522 3.750899 nan nan nan -1.794778 -7.233914 3.191302 1.413494 -5.989037 -6.209262 13.085645 -2.567411 8.032239 nan nan nan -0.806721 2.731671 4.091103 -1.069819 -2.586897 -5.247984 -1.379068 -0.565961 7.958286 -0.379495 -4.474168 36.327035 4.194322 -3.733073 17.591572 -7.678738 7.277878 5.784826 -62.255575 -8.347136 11.887133 0.374545 -25.838071 31.317830 -15.699551 -11.296255 -3.034915 5.200252 -3.153940 1.938765 68.877731 6.739606 16.260237 -1.696543 10.819447 25.778127 10.087103 6.300608 -1.291309 
4.091586 -52.784065 13.100388 -173.652337 0.940760 0.165713 -2.679718 -2.618677 1.189268 -3.219989 -4.961149 -2.354898 -1.183035 5.942342 3.674163 nan nan nan -1.838967 -7.384363 3.087087 1.493862 -6.058446 -6.196353 13.350129 -2.428457 8.014909 nan nan nan -0.841333 2.695032 4.097667 -1.162723 -2.536609 -5.838940 -1.440341 -0.605829 8.101727 -0.076811 -4.363396 35.398642 4.057475 -3.932181 17.844551 -7.293436 7.944795 5.796342 -62.752623 -8.113664 11.709605 0.578660 -25.767569 31.694765 -16.075847 -11.623644 -2.958597 4.926638 -3.834711 1.672924 69.121317 6.462410 16.273331 -1.732991 10.631474 26.153403 9.677037 6.280533 -1.022713 
4.036139 -52.792034 13.092306 -173.565831 0.606644 -0.066159 -2.863740 -2.385085 1.588594 -3.120158 -4.927078 -2.623435 -1.027972 6.239445 3.557581 nan nan nan -2.136623 -7.377049 3.211987 1.649653 -5.951718 -6.065329 13.632315 -2.235270 7.909391 nan nan nan -0.782248 2.692719 4.434935 -1.365311 -2.394613 -6.304454 -1.513486 -0.577100 8.328092 0.184235 -4.234840 34.287499 3.881134 -3.970877 17.985694 -6.907196 8.421115 5.573729 -63.151224 -7.837464 11.626792 0.497376 -25.607645 32.134977 -16.288888 -11.916714 -3.360730 4.475905 -4.347637 1.228408 69.441426 6.247335 16.397297 -1.675856 10.365056 26.429255 9.329931 6.219837 -0.545178 
4.026224 -52.768032 13.119528 -173.584473 0.491307 0.053214 -2.818602 -2.269168 1.569403 -3.104851 -4.812063 -2.813292 -1.010689 6.294625 3.416848 nan nan nan -2.169474 -7.379324 3.064241 1.706739 -5.798523 -6.088300 13.691039 -2.164207 7.758871 nan nan nan -0.831950 2.640798 4.131036 -1.392040 -2.392092 -6.429401 -1.527827 -0.634968 8.368454 0.424227 -4.049730 33.586803 3.845885 -3.828972 17.824688 -6.740090 8.825537 5.517491 -63.335338 -7.606920 11.547631 0.303008 -25.229637 32.282227 -16.261145 -11.944695 -3.560938 4.263924 -4.850821 1.112185 69.449064 6.129080 16.455194 -1.654499 10.269801 26.660860 8.950213 6.331590 -0.051522 
4.056766 -52.757767 13.187880 -173.667163 0.557339 0.255868 -2.635068 -2.147686 1.476156 -3.088817 -4.685976 -3.025435 -1.224083 6.100356 3.352374 nan nan nan -2.027651 -7.526052 2.974487 1.658776 -5.631567 -6.355428 13.717505 -2.173406 7.656031 nan nan nan -0.954862 2.606461 3.557528 -1.316410 -2.499232 -6.343067 -1.535766 -0.733665 8.340787 0.698575 -3.745106 33.053305 3.937765 -3.783961 17.640320 -6.555117 9.071348 5.489154 -63.378770 -7.376468 11.635491 -0.086610 -24.659181 32.287108 -15.786977 -12.057325 -3.393180 4.170328 -5.317649 1.030966 69.409870 5.875781 16.526348 -1.829905 10.357311 26.653215 8.702190 6.421996 0.456480 
4.101348 -52.789783 13.259970 -173.716636 0.692179 0.404529 -2.486645 -2.040281 1.455415 -3.056619 -4.694937 -3.265548 -1.401086 5.912680 3.407066 nan nan nan -1.879859 -7.808676 3.008591 1.571188 -5.543126 -6.721563 13.883023 -2.147767 7.587896 nan nan nan -1.136934 2.617239 2.991852 -1.242119 -2.628133 -6.220736 -1.560999 -0.845453 8.377772 1.005591 -3.413940 32.478207 3.959896 -3.909474 17.517879 -6.281708 9.162485 5.355765 -63.266074 -7.186071 12.066674 -0.768683 -23.927845 32.350861 -14.919206 -12.484589 -3.645137 4.159599 -5.686783 0.891387 69.447381 5.560278 16.789736 -2.057580 10.369320 26.439596 8.032520 6.229450 0.832320 
3.801630 -52.739193 13.247090 -173.323917 -0.569344 -1.189441 -3.348210 -0.760810 3.529435 -2.650927 -5.065293 -3.846268 -1.091875 6.411413 3.250191 nan nan nan -3.157244 -7.976723 4.391181 1.967692 -5.117831 -6.184767 14.690501 -1.091578 7.489694 nan nan nan -0.760151 2.895296 5.025749 -1.852044 -2.098676 -6.661163 -1.687014 -0.557244 8.772928 1.310068 -3.200070 30.635013 3.750883 -4.144078 18.149927 -5.808990 8.986223 4.596534 -63.642062 -6.894237 12.196054 -1.318063 -23.165589 32.935226 -13.940933 -12.823838 -4.566228 3.616677 -5.634588 0.062625 69.800607 5.009649 16.677972 -2.135022 10.412173 25.939802 7.133666 5.983742 1.132164 
4.157472 -52.797600 13.318139 -173.658310 1.037816 0.172754 -2.420611 -1.599435 1.623794 -3.055491 -4.972983 -3.148319 -1.690364 5.630323 3.191434 nan nan nan -1.915855 -8.434229 3.344948 1.399098 -5.801290 -6.742411 14.440368 -1.549231 7.417020 nan nan nan -1.415970 2.705347 3.097343 -1.315781 -2.855077 -6.391893 -1.509740 -1.214685 8.259087 1.270131 -3.087061 31.583787 4.062805 -4.023799 17.095438 -6.235456 9.030189 5.383613 -63.114710 -6.842545 12.097551 -1.076066 -22.714622 32.220515 -14.257513 -12.504006 -4.036458 4.219877 -6.155933 0.563125 69.313791 4.641981 16.629214 -2.405966 10.384057 25.835170 6.427753 6.512750 0.913768 
4.054843 -52.832623 13.278169 -173.577417 1.001468 -0.039973 -2.592245 -1.711816 1.809569 -3.036185 -4.985281 -3.119610 -1.645736 5.854692 3.039005 nan nan nan -2.143324 -8.359630 3.504267 1.447823 -5.839396 -6.651131 14.657542 -1.648465 7.238613 nan nan nan -1.283797 2.693530 3.472804 -1.485343 -2.842895 -6.536227 -1.579193 -1.288195 8.177613 1.175882 -3.034957 30.850138 4.027268 -3.875252 16.804479 -6.406795 9.017743 5.307625 -63.004253 -6.598839 12.058098 -1.022212 -22.312099 32.145107 -14.158956 -12.428642 -3.794529 4.114994 -6.210604 0.310892 69.205858 4.084231 16.879129 -2.323728 10.505141 25.580862 5.347945 6.412986 1.332652 
4.043276 -52.838688 13.275660 -173.592167 1.213091 -0.030273 -2.515949 -1.999012 1.727003 -3.145034 -5.014581 -3.031105 -1.709769 6.070590 2.971484 nan nan nan -2.111606 -8.265364 3.623268 1.520588 -5.908895 -6.844629 14.635839 -2.265318 7.144248 nan nan nan -1.251037 2.620993 3.540197 -1.544026 -2.927368 -6.702408 -1.559802 -1.500553 8.064765 1.103153 -3.107990 30.310657 3.958751 -3.369951 16.374550 -6.668480 9.074764 5.407690 -62.735677 -6.373030 11.958376 -1.067587 -21.944540 32.168293 -13.769932 -12.373086 -3.446764 3.961872 -6.266692 0.151260 69.044454 3.674519 17.194970 -2.105554 10.407815 25.242911 4.193928 6.458296 1.122880 
3.425125 -52.832321 13.546412 -174.209278 -1.311608 -0.524095 -2.502553 0.026023 2.876763 -2.740591 -4.509744 -3.788676 -1.521639 6.183638 2.668134 nan nan nan -2.436401 -7.621174 3.488203 2.105623 -5.512461 -5.790635 15.495068 -0.913584 7.152154 nan nan nan 0.740980 2.468627 3.759641 -2.015061 -1.676889 -6.956921 -1.777507 -0.701647 8.104346 1.143190 -3.101891 29.633292 3.058259 -2.323714 16.230652 -7.485548 9.608703 4.521938 -63.357246 -5.295862 11.460759 -0.284459 -21.230442 31.442954 -14.872293 -12.195103 -1.042515 2.799545 -5.795538 0.310332 68.491784 3.609794 16.631930 -1.137156 10.200272 25.066253 3.446407 6.823128 1.410544 
3.416385 -52.832573 13.580995 -174.376042 -1.267356 -0.566580 -2.232024 0.455844 2.845363 -2.813717 -4.592307 -3.733429 -1.759445 5.915719 2.724904 nan nan nan -2.228265 -7.613359 3.606815 2.021781 -5.381634 -5.928599 15.325380 -0.953926 7.137829 nan nan nan 0.841290 2.353488 3.844087 -1.953756 -1.653769 -7.217282 -1.635816 -0.802075 8.222354 1.378211 -2.915531 29.079696 2.701641 -1.828961 16.048707 -7.977527 9.832643 4.423071 -63.366032 -4.948105 10.979796 0.283909 -21.037432 31.601234 -15.632863 -12.204204 -0.436789 2.669643 -5.966934 0.240983 68.076383 3.694169 16.438570 -0.654066 9.781489 25.409889 3.033408 6.776120 1.108231 
3.405765 -52.825901 13.604002 -174.509004 -1.217011 -0.630869 -2.031948 0.758082 2.867538 -2.841287 -4.748466 -3.700730 -1.834187 5.837612 2.781093 nan nan nan -2.093675 -7.773533 3.699579 1.945274 -5.090390 -5.927798 15.173552 -0.950594 7.062352 nan nan nan 0.965487 2.247834 3.997124 -2.008718 -1.647682 -7.473028 -1.553251 -0.881646 8.187350 1.115785 -3.010735 28.553131 2.738761 -1.833216 15.405255 -8.278972 9.921994 4.567581 -63.208775 -4.606402 10.625985 0.387301 -20.872073 31.849024 -15.523156 -12.029489 -0.504150 2.708228 -5.965316 0.311991 67.615066 3.863593 16.045177 0.037621 9.026059 25.702423 2.246579 6.864374 0.732475 
3.342345 -52.795826 13.616211 -174.505412 -1.325544 -0.724033 -2.052036 0.897592 2.970036 -2.841434 -4.770034 -3.745350 -1.733362 5.981874 2.827542 nan nan nan -2.236038 -7.744452 3.786478 2.020182 -4.831177 -5.840036 15.143749 -1.072957 7.102242 nan nan nan 1.036771 2.198165 4.249278 -2.124252 -1.564991 -7.759369 -1.493300 -0.930418 8.114625 1.037257 -3.206175 27.902292 2.660603 -1.580059 15.026846 -8.547107 10.014976 4.611318 -62.967969 -4.355986 10.359799 0.224131 -20.447574 31.890487 -15.704162 -11.971227 -0.741036 2.777389 -5.901341 0.287083 67.231235 3.986415 15.949065 0.361179 8.288524 25.641188 1.816862 6.979629 1.102315 
3.287466 -52.749783 13.653119 -174.459901 -1.341022 -0.690372 -2.096579 0.919827 2.939158 -2.882260 -4.683891 -3.792418 -1.645484 6.062050 2.917223 nan nan nan -2.369388 -7.648489 3.809294 2.101101 -4.734277 -5.859134 15.126733 -1.220782 7.101263 nan nan nan 1.017221 2.245926 4.115825 -2.144408 -1.516734 -7.691396 -1.441668 -0.978387 7.984685 1.119630 -3.323641 27.362567 2.625146 -1.238368 14.604986 -8.956954 9.937197 4.602947 -62.628435 -4.308765 10.097641 0.171267 -19.795646 31.362466 -15.924554 -11.830591 -0.810464 3.027822 -5.814659 0.391002 66.855737 4.017557 15.875234 0.151565 7.916138 25.308384 1.547526 6.644552 2.045916 
3.244966 -52.699936 13.684435 -174.419914 -1.237615 -0.666240 -2.143062 0.965309 2.872888 -2.891870 -4.683180 -3.768855 -1.581322 6.103694 2.955640 nan nan nan -2.459370 -7.699400 3.819634 2.168950 -4.709381 -5.839414 15.022575 -1.256881 6.951073 nan nan nan 1.037840 2.326646 3.975429 -2.190011 -1.504464 -7.553942 -1.473665 -0.950746 7.928682 0.966118 -3.330049 26.905748 2.839680 -1.347918 13.867048 -9.347577 9.710843 4.651379 -62.325315 -4.217111 9.864207 0.475805 -19.604142 30.835442 -15.223979 -11.583332 -0.248062 3.532475 -5.665833 0.576110 66.382146 3.862740 15.321389 -0.123123 7.835358 24.736177 1.138150 6.595512 2.227901 
3.206121 -52.654530 13.702078 -174.412142 -1.179990 -0.599953 -2.172468 0.858032 2.804030 -2.879610 -4.575643 -3.809680 -1.502089 6.242909 2.984894 nan nan nan -2.519172 -7.685860 3.756386 2.277607 -4.766307 -5.806807 14.936385 -1.293491 6.847412 nan nan nan 1.059493 2.405656 3.864561 -2.216267 -1.471127 -7.493977 -1.499828 -0.876414 7.840148 1.016862 -3.244549 26.292563 3.089057 -1.464436 13.186270 -9.602656 9.577766 4.817480 -62.285542 -4.030478 9.659983 1.067510 -19.668657 30.516824 -14.745906 -11.644242 0.572796 3.960125 -5.591861 0.764325 65.972488 3.708453 14.711879 -0.424988 7.840685 24.174147 1.115835 6.952985 1.722501 
3.175487 -52.616272 13.723260 -174.448151 -1.171252 -0.556282 -2.150469 0.635705 2.880268 -2.861878 -4.445322 -4.047566 -1.348997 6.400056 3.037603 nan nan nan -2.540857 -7.683927 3.712039 2.425744 -4.845101 -5.793252 14.838318 -1.445323 6.825850 nan nan nan 1.054789 2.513313 3.759160 -2.168297 -1.449991 -7.385917 -1.444591 -0.818124 7.671540 0.956555 -3.262562 25.845555 3.276006 -1.456146 12.316610 -9.813499 9.412741 5.070065 -62.304062 -3.822191 9.461442 1.396312 -19.660159 30.149095 -14.694151 -11.711776 1.017858 4.234725 -5.518706 0.957000 65.653501 3.414334 14.327804 -0.881513 8.278697 23.951367 1.519905 6.701014 1.826737 
3.161133 -52.580017 13.735368 -174.489337 -1.151381 -0.564524 -2.140404 0.527686 2.972486 -2.799901 -4.328063 -4.210469 -1.230389 6.527497 3.051631 nan nan nan -2.523101 -7.695994 3.735160 2.495925 -4.851852 -5.828509 14.813346 -1.567605 6.814856 nan nan nan 1.011160 2.632707 3.734243 -2.094885 -1.442646 -7.278061 -1.330885 -0.825546 7.479077 0.912409 -3.313987 25.367213 3.362274 -1.352538 11.525105 -10.062361 9.228898 5.234430 -62.220538 -3.588422 9.385883 1.430588 -19.478258 29.777595 -13.985930 -11.814511 1.313483 4.418171 -5.469058 1.040417 65.393364 3.148366 14.158735 -1.332355 8.683202 23.752989 1.320346 6.193223 2.536182 
3.152684 -52.531330 13.748167 -174.511339 -1.122369 -0.531348 -2.157794 0.466793 2.975821 -2.712624 -4.275620 -4.284184 -1.145740 6.682540 3.018149 nan nan nan -2.510917 -7.680657 3.696202 2.532506 -4.827430 -5.842494 14.887613 -1.617756 6.783217 nan nan nan 0.986115 2.695462 3.695107 -2.047826 -1.457479 -7.313214 -1.276598 -0.830476 7.356057 0.925859 -3.207746 24.854211 3.350606 -1.378373 10.927609 -10.205752 9.158270 5.359626 -62.063249 -3.345789 9.504819 1.194772 -19.182480 29.714734 -12.582120 -12.187470 1.253860 4.597369 -5.487004 1.092488 65.111818 3.117177 14.129137 -1.468455 8.732448 23.316486 -0.241963 6.089824 2.644357 
3.125535 -52.480827 13.771981 -174.507901 -1.100065 -0.521498 -2.212981 0.582783 3.014400 -2.610732 -4.282736 -4.357226 -1.315542 6.684264 3.042110 nan nan nan -2.560278 -7.729462 3.654052 2.586112 -4.904923 -5.788676 15.040231 -1.502085 6.822609 nan nan nan 0.993210 2.710683 3.710330 -2.035272 -1.469066 -7.395934 -1.249611 -0.835188 7.221954 0.781062 -3.184801 24.425648 3.299619 -1.564808 10.331265 -10.332413 9.121050 5.524530 -61.900650 -3.004633 9.594458 1.000562 -19.068813 29.968534 -11.672066 -12.586472 1.216517 4.791531 -5.467335 1.211462 64.751926 3.113860 13.936310 -1.401782 8.778978 22.979420 -1.449857 6.183915 2.319079 
3.087781 -52.450428 13.787259 -174.542434 -1.114617 -0.697336 -2.195906 1.090798 3.242254 -2.542350 -4.342998 -4.396250 -1.579768 6.384133 3.026845 nan nan nan -2.593525 -7.859589 3.824238 2.571203 -4.791206 -5.741365 15.158539 -1.243367 6.894335 nan nan nan 1.037927 2.714480 3.925669 -2.000593 -1.457619 -7.338577 -1.139585 -0.809372 7.042526 0.624962 -3.269617 23.947722 3.192996 -1.471348 9.708569 -10.610597 8.967372 5.620246 -61.685550 -2.598778 9.450223 0.849691 -19.134680 30.189852 -11.233577 -12.755605 1.503099 4.892640 -5.324396 1.348550 64.367737 3.001086 13.488635 -1.312886 9.065689 22.596652 -1.370831 6.199332 2.105985 
3.055638 -52.409039 13.783420 -174.573949 -1.116941 -0.820553 -2.179205 1.387958 3.417219 -2.503437 -4.318421 -4.446346 -1.674004 6.219843 2.988307 nan nan nan -2.625772 -7.892172 3.966002 2.603145 -4.589100 -5.740448 15.278502 -1.246499 6.995723 nan nan nan 1.029033 2.727923 4.042859 -1.920232 -1.436071 -7.234915 -0.992177 -0.786404 6.853808 0.906690 -3.189954 23.129579 3.046781 -0.819056 9.428835 -10.947550 8.812043 5.777702 -61.346729 -2.345979 9.258842 0.523314 -19.089654 30.374927 -10.708989 -13.086310 1.871460 4.919322 -5.239667 1.527918 64.013997 2.909272 13.148298 -1.175223 9.392465 22.243585 -0.506165 6.590429 1.631627 
3.024689 -52.350990 13.787697 -174.562498 -1.130935 -0.780242 -2.241623 1.401607 3.449241 -2.438834 -4.178810 -4.574111 -1.918237 6.271185 3.084146 nan nan nan -2.676752 -7.849244 3.888266 2.711734 -4.625620 -5.658531 15.438208 -1.301411 7.000148 nan nan nan 0.959923 2.783196 3.923443 -1.862611 -1.425022 -7.116978 -0.970259 -0.731460 6.730129 0.933257 -3.211289 22.459875 3.110625 -0.881641 8.740289 -11.035110 8.750776 5.962126 -61.196427 -2.292069 9.276781 0.342938 -18.768257 30.541814 -10.262820 -13.358904 2.279934 5.178233 -5.328163 1.621196 63.504160 2.757116 12.833469 -0.841023 9.809067 22.343953 0.774073 7.015687 0.906648 
3.005394 -52.301723 13.794425 -174.596987 -1.109006 -0.710942 -2.226451 1.475704 3.485911 -2.347949 -4.104421 -4.784321 -2.343951 6.298684 3.308837 nan nan nan -2.608842 -7.827328 3.775420 2.716219 -4.662393 -5.586792 15.509305 -1.289484 7.030380 nan nan nan 0.916826 2.778213 3.773644 -1.795016 -1.440389 -6.974895 -0.926628 -0.758863 6.650972 1.108021 -3.111517 21.932808 3.068380 -0.669433 7.953412 -11.155697 8.793823 5.927276 -61.145549 -2.176423 9.360896 0.346682 -18.309757 30.796079 -9.778011 -13.486175 2.821533 5.408522 -5.449962 1.643357 62.927557 2.737340 12.647969 -0.352203 10.125799 22.611033 1.197055 6.989632 0.219271 
2.860280 -52.218689 13.674276 -174.404498 -1.774196 -1.264779 -2.642003 1.964108 4.303847 -2.055223 -4.069454 -5.298207 -2.582918 6.659350 3.585880 nan nan nan -3.126396 -7.529489 4.010675 2.890660 -4.615372 -5.082388 15.690005 -0.915751 7.058268 nan nan nan 1.020352 2.881772 4.704486 -2.054563 -1.205580 -7.052986 -0.896452 -0.624439 6.654752 1.100443 -3.049207 20.878816 3.135928 -0.759167 7.204574 -11.046181 8.566648 5.594251 -61.437085 -1.919381 9.484681 0.453196 -17.839940 31.083316 -9.002326 -13.555581 2.947370 5.394283 -5.228398 1.392197 62.606087 2.700728 12.410400 0.105071 10.396829 22.634276 0.829649 6.628749 -0.296257 
2.692328 -52.114353 13.539525 -174.241139 -2.593012 -1.664043 -3.052647 2.449264 4.899462 -1.813851 -3.946390 -5.683630 -2.468468 6.918114 3.708726 nan nan nan -3.629992 -7.077847 4.003658 3.101381 -4.560081 -4.481890 15.958678 -0.633929 7.131269 nan nan nan 1.211673 3.026093 5.558088 -2.318805 -0.871977 -7.302664 -0.902284 -0.495083 6.710639 0.962621 -2.954334 19.686611 3.104973 -0.852185 6.967559 -11.026940 8.287748 5.333485 -61.720115 -1.624905 9.638473 0.696835 -17.385604 31.403510 -8.774644 -13.855723 3.261868 5.406067 -5.055172 1.142064 62.276029 2.654285 12.173658 0.431633 10.666346 22.630240 0.970789 6.705455 -0.778940 
2.961634 -52.068794 13.780253 -174.660724 -0.992493 -0.558347 -2.203190 1.844318 3.553259 -2.215928 -4.120665 -5.157515 -2.656353 5.994199 3.571355 nan nan nan -2.566894 -7.809152 3.606640 2.786684 -4.666302 -5.450787 15.694175 -1.334424 7.229368 nan nan nan 0.798614 2.725898 3.643769 -1.666471 -1.594762 -6.812756 -0.672192 -1.064573 6.176049 1.443563 -2.611381 20.078438 2.997314 0.339074 6.278386 -11.629131 8.261264 6.274514 -61.240494 -1.501648 9.489606 0.958997 -17.110992 31.279775 -9.289949 -14.114877 3.873363 5.721011 -5.449221 1.932687 61.726218 2.837796 12.039243 0.531109 10.722075 22.905282 1.350023 7.236410 -1.643869 
2.912304 -52.020817 13.748163 -174.595666 -1.105838 -0.622593 -2.340417 1.881524 3.707553 -2.199648 -4.037229 -5.274366 -2.657148 6.066501 3.603436 nan nan nan -2.680119 -7.698245 3.562204 2.773602 -4.583172 -5.319457 15.709578 -1.266592 7.335465 nan nan nan 0.823177 2.731431 3.856242 -1.764889 -1.503045 -6.988395 -0.680099 -1.113746 6.262740 1.260857 -2.505416 19.420758 2.933378 0.081475 5.880012 -11.624366 8.251711 6.328739 -61.308061 -1.546073 9.410612 1.172350 -16.982913 31.109370 -9.791814 -14.216926 3.668898 5.744902 -5.525151 1.796246 61.627691 2.934962 11.969758 0.657811 10.610125 22.816847 1.253649 7.227022 -1.968099 
2.897166 -51.981899 13.755367 -174.645886 -0.929214 -0.195271 -2.266935 1.539918 3.249045 -2.334002 -3.787685 -5.251189 -2.596892 6.069528 3.623221 nan nan nan -2.514418 -7.564509 3.105314 2.730148 -4.751995 -5.343653 15.694095 -1.478425 7.469866 nan nan nan 0.808334 2.686907 3.293430 -1.705524 -1.559957 -6.974744 -0.670410 -1.198366 6.174272 1.131208 -2.556339 19.229597 3.033215 0.170342 4.869911 -11.797631 8.344002 6.584322 -61.274701 -1.518433 9.254471 1.405888 -17.031262 31.039191 -10.033702 -14.125663 3.917790 5.730962 -5.618818 1.970893 61.596749 2.963790 11.863517 0.554248 10.574132 22.807845 1.482057 7.199928 -2.281840 
2.861525 -51.944550 13.738732 -174.597214 -0.948926 -0.180658 -2.333556 1.501630 3.281962 -2.392588 -3.770706 -5.341257 -2.405763 6.108064 3.653236 nan nan nan -2.583331 -7.527589 3.037800 2.720590 -4.785106 -5.269364 15.711642 -1.553673 7.657015 nan nan nan 0.793569 2.682350 3.306039 -1.755170 -1.549074 -6.924178 -0.620485 -1.221511 6.053843 1.114618 -2.591052 18.599868 3.033412 0.450681 4.377497 -11.872453 8.268854 6.692102 -61.260907 -1.343179 9.065860 1.389651 -17.159848 31.308500 -9.921021 -14.151743 4.285305 5.563014 -5.474206 1.991467 61.761224 2.885698 11.716006 0.412784 10.495748 22.532969 2.092105 7.434791 -2.580342 
2.800566 -51.885452 13.694146 -174.437803 -1.212774 -0.480108 -2.592538 1.688844 3.704194 -2.278217 -3.862035 -5.557561 -2.278988 6.262085 3.774039 nan nan nan -2.913535 -7.480229 3.241424 2.819350 -4.700635 -5.104899 15.699111 -1.532534 7.862435 nan nan nan 0.772057 2.750975 3.771771 -1.916671 -1.436566 -6.915383 -0.554588 -1.210718 6.039527 1.117214 -2.489102 17.764618 3.030284 0.735934 4.093119 -11.800971 8.086190 6.606818 -61.319159 -1.140928 8.954801 1.225952 -17.300680 31.562649 -10.069570 -14.224179 4.220087 5.351711 -5.228257 1.895309 61.982733 2.833818 11.562730 0.335295 10.433762 22.202238 2.886631 7.415305 -2.823290 
2.838154 -51.847267 13.786722 -174.578337 -0.844358 -0.101139 -2.374353 1.512751 3.336515 -2.289138 -3.909034 -5.584861 -2.422432 6.069231 3.911780 nan nan nan -2.607441 -7.583518 3.073312 2.802828 -4.761561 -5.410937 15.490859 -1.855804 8.031983 nan nan nan 0.778732 2.641992 3.013209 -1.778532 -1.603195 -6.611988 -0.536106 -1.297131 5.831253 1.045809 -2.510543 17.556936 3.085365 0.936398 3.477005 -11.931243 8.011125 6.899889 -61.202351 -0.960673 8.872149 1.170007 -17.417151 31.514377 -10.444536 -14.224964 4.431108 5.357560 -5.151628 2.275640 61.923771 2.810815 11.382726 0.306800 10.442804 22.158269 3.435288 7.175393 -3.273512 
2.864461 -51.843109 13.855307 -174.723217 -0.534901 0.383061 -2.172401 1.193242 2.835506 -2.317997 -3.815416 -5.588136 -2.673501 5.949747 3.974536 nan nan nan -2.271923 -7.655719 2.666976 2.769142 -4.828572 -5.567473 15.280141 -2.137794 8.137009 nan nan nan 0.792249 2.570820 2.112018 -1.623905 -1.730341 -6.218009 -0.552001 -1.346186 5.579483 0.987588 -2.424922 17.432554 3.126422 1.049548 2.695305 -12.129241 8.003386 7.149464 -61.015486 -0.815025 8.854397 1.160693 -17.600360 31.575754 -10.715000 -14.206716 4.958595 5.484541 -5.143170 2.711741 61.742388 2.790101 11.222103 0.278876 10.573173 22.241215 3.623262 7.180867 -3.615123 
2.770761 -51.806168 13.806142 -174.528717 -0.940305 0.008907 -2.522864 1.387006 3.377070 -2.184870 -3.876593 -5.868199 -2.715369 6.235356 4.028650 nan nan nan -2.697301 -7.544949 2.851262 2.883915 -4.617911 -5.270015 15.319506 -2.031235 8.147359 nan nan nan 0.816146 2.682810 2.670842 -1.832930 -1.515862 -6.253456 -0.520283 -1.286822 5.607648 1.089753 -2.339586 16.432796 3.034293 1.262631 2.586919 -12.137265 7.861630 6.981300 -60.968810 -0.643400 8.747765 1.014953 -17.837741 31.950868 -10.909345 -14.232279 5.040746 5.401975 -4.926364 2.672332 61.799968 2.674932 11.096362 0.261952 10.745123 22.186512 4.173003 7.301295 -3.444797 
2.779663 -51.778763 13.802273 -174.535158 -0.823537 0.147479 -2.480320 1.300268 3.182023 -2.244053 -3.793113 -5.816313 -2.873882 6.187621 4.151803 nan nan nan -2.582569 -7.531562 2.701405 2.730771 -4.526205 -5.295630 15.167061 -2.189951 8.202936 nan nan nan 0.753627 2.741588 2.422838 -1.810704 -1.528482 -6.131693 -0.499186 -1.334426 5.553609 0.996527 -2.449054 15.916403 3.211575 1.141652 2.081138 -12.174992 7.710531 7.104619 -60.924395 -0.604186 8.727378 1.026066 -17.995679 32.065010 -11.142190 -14.126734 5.174393 5.554372 -4.911524 2.756110 61.688355 2.505405 10.937449 0.223857 10.874326 22.449127 4.827536 7.283770 -3.272912 
2.776707 -51.752991 13.800776 -174.548628 -0.817223 0.169631 -2.448323 1.360402 3.156262 -2.260177 -3.730403 -5.856358 -3.025851 6.116362 4.389259 nan nan nan -2.515096 -7.583726 2.630006 2.667221 -4.571730 -5.254047 15.025986 -2.177983 8.203593 nan nan nan 0.740218 2.772483 2.310369 -1.817277 -1.528068 -5.991014 -0.487287 -1.299045 5.477581 0.915148 -2.476902 15.457974 3.399310 0.955228 1.566289 -12.156859 7.528483 7.245979 -60.924094 -0.511979 8.695380 1.002841 -18.281870 32.249961 -11.368035 -13.982613 5.279454 5.643492 -4.841574 2.838066 61.658369 2.360866 10.757983 0.208165 10.933792 22.811929 5.090093 7.272181 -3.051964 
2.782114 -51.734425 13.813745 -174.601794 -0.792173 0.240088 -2.367798 1.329418 3.083591 -2.296653 -3.684883 -5.878515 -3.074791 6.058990 4.607292 nan nan nan -2.398150 -7.616843 2.547706 2.669936 -4.626741 -5.283554 14.783443 -2.203999 8.166439 nan nan nan 0.758406 2.746919 2.163575 -1.820770 -1.547711 -5.928200 -0.481185 -1.285269 5.376089 0.800045 -2.538641 15.089111 3.620832 0.779512 1.055206 -12.185849 7.450462 7.433378 -60.857871 -0.341912 8.632949 0.984772 -18.698104 32.417068 -11.700625 -13.723119 5.215827 5.790759 -4.726663 3.022455 61.551586 2.266288 10.667520 0.282118 10.922711 23.410763 5.068174 7.120826 -2.661059 
2.682062 -51.678078 13.760703 -174.373180 -1.364625 -0.351370 -2.756001 1.662030 3.853357 -2.195802 -3.704578 -6.143348 -2.874878 6.380737 4.788491 nan nan nan -2.927412 -7.456648 2.959649 2.842981 -4.380561 -5.013606 14.752546 -2.079301 8.167032 nan nan nan 0.800777 2.843080 3.031158 -2.073033 -1.295032 -6.078484 -0.431668 -1.197311 5.524358 0.880314 -2.418895 14.034498 3.578317 0.994025 0.966192 -12.167210 7.326445 7.186706 -60.889104 -0.194006 8.547370 0.831720 -18.910589 32.703924 -11.841137 -13.584436 4.861406 5.647589 -4.457931 2.842386 61.724593 2.248056 10.812436 0.334831 10.769554 23.717882 5.074467 6.770738 -1.899469 
2.822546 -51.695763 13.884380 -174.779717 -0.679399 0.689499 -2.091721 1.132534 2.565202 -2.479828 -3.326323 -5.773065 -2.957266 5.916108 4.933071 nan nan nan -2.022422 -7.488036 2.107160 2.603141 -4.491868 -5.400104 14.309978 -2.636363 8.242184 nan nan nan 0.814160 2.640251 1.302706 -1.670512 -1.579807 -5.612886 -0.432940 -1.356944 5.203087 0.720280 -2.401558 14.554075 3.584061 1.174144 -0.154045 -12.631179 7.492224 7.648564 -60.534601 -0.136231 8.472959 0.950364 -19.027187 32.357796 -12.428611 -13.412055 5.458223 5.992073 -4.651351 3.413198 61.324295 2.320842 10.786425 0.347516 10.728350 24.209173 5.234250 6.808240 -1.899117 
2.731293 -51.669430 13.769681 -174.553807 -1.366953 -0.088603 -2.506756 1.555215 3.540465 -2.271890 -3.336147 -6.110967 -2.915854 6.341427 5.170617 nan nan nan -2.573924 -7.247363 2.609820 2.758341 -4.320465 -4.968984 14.368555 -2.351020 8.213117 nan nan nan 0.947903 2.769500 2.538355 -1.982903 -1.311069 -5.767976 -0.427471 -1.160560 5.214604 0.735512 -2.313861 13.387129 3.637501 0.999408 -0.056002 -12.493870 7.105851 7.402790 -60.652476 0.061539 8.393764 0.763259 -19.111446 32.591559 -12.312886 -13.560448 5.172287 5.846701 -4.275706 3.115046 61.577414 2.187272 10.627051 0.272460 10.654767 24.058909 5.263948 6.845174 -1.663786 
2.723497 -51.633942 13.710704 -174.446923 -1.693295 -0.559084 -2.662062 1.868630 4.104040 -2.147169 -3.366344 -6.227563 -2.971546 6.564251 5.305224 nan nan nan -2.830302 -7.180125 2.991082 2.839183 -4.221863 -4.793776 14.445120 -2.248042 8.387110 nan nan nan 0.994435 2.868658 3.313794 -2.142967 -1.204178 -5.920371 -0.364436 -1.073015 5.215469 0.687105 -2.266596 12.616290 3.679946 0.998151 -0.097773 -12.491316 6.763504 7.279404 -60.626816 0.232755 8.303711 0.516233 -19.123082 32.741221 -12.208084 -13.661592 4.997586 5.809571 -4.027760 2.926409 61.668319 1.945895 10.512787 0.223027 10.668099 23.978841 5.159632 6.993964 -1.288335 
2.795388 -51.633442 13.787511 -174.694785 -1.346979 -0.268288 -2.255188 1.767064 3.751439 -2.245550 -3.205508 -6.048710 -3.193865 6.353500 5.343877 nan nan nan -2.469696 -7.332854 2.903770 2.920127 -4.283373 -5.000825 14.433776 -2.602889 8.822261 nan nan nan 1.122851 2.734124 2.779684 -1.975064 -1.344032 -5.749889 -0.325730 -1.137088 4.972909 0.527333 -2.384656 12.576782 3.560847 1.325030 -0.515036 -12.844572 6.708799 7.543758 -60.441317 0.328253 8.088444 0.534368 -19.094584 32.593079 -12.449498 -13.617856 5.368562 5.916374 -4.000976 3.230677 61.461165 1.794638 10.401289 0.250314 10.746942 24.148417 5.335110 7.208528 -1.314494 
2.826310 -51.636391 13.831644 -174.782641 -1.244898 0.047869 -2.108542 1.638923 3.428742 -2.260881 -2.943215 -6.024989 -3.374366 6.258059 5.391542 nan nan nan -2.274957 -7.349878 2.622327 2.883950 -4.333185 -5.057028 14.500485 -2.640683 9.060853 nan nan nan 1.104642 2.708452 2.111465 -1.855413 -1.405528 -5.369654 -0.326630 -1.187581 4.765390 0.497260 -2.248527 12.520771 3.507182 1.481636 -1.139715 -13.042118 6.720232 7.683780 -60.361101 0.422137 8.072537 0.569675 -19.151115 32.404793 -12.940238 -13.470853 5.620634 6.105340 -3.992443 3.439618 61.247846 1.825579 10.423685 0.265237 10.777459 24.194407 5.534422 7.274036 -1.268791 
2.800702 -51.604019 13.827799 -174.703459 -1.467946 -0.136267 -2.206319 1.784760 3.732444 -2.225148 -2.749713 -6.199652 -3.453889 6.385137 5.478872 nan nan nan -2.466743 -7.359631 2.756831 2.959926 -4.288099 -4.955063 14.698870 -2.396894 9.203091 nan nan nan 1.112969 2.723694 2.235685 -1.928776 -1.360919 -5.195241 -0.360605 -1.150810 4.683799 0.490240 -2.135562 11.760831 3.518302 1.218111 -1.171328 -12.961884 6.699034 7.668514 -60.422612 0.537801 8.001851 0.412544 -19.229396 32.561284 -13.656686 -13.361572 5.565019 6.172709 -3.819906 3.516935 61.261291 1.963517 10.413875 0.166426 10.727918 24.286040 5.651316 7.113988 -0.781962 
2.722630 -51.550846 13.746738 -174.553745 -2.091799 -0.709211 -2.453716 2.292809 4.476419 -2.072146 -2.615756 -6.455196 -3.529924 6.665490 5.549047 nan nan nan -2.909074 -7.135012 3.149170 3.132342 -4.124551 -4.688665 14.948974 -2.066715 9.404470 nan nan nan 1.241351 2.795911 3.184044 -2.181004 -1.098384 -5.430615 -0.385479 -1.008431 4.944147 0.319057 -2.228404 10.712386 3.492934 0.774650 -1.035799 -12.836050 6.728659 7.220330 -60.534993 0.569824 7.932215 0.216506 -19.155681 32.852018 -14.135379 -13.297361 5.631349 6.214380 -3.641386 3.212925 61.276535 1.995689 10.419472 0.168210 10.807568 24.349158 5.796316 6.842891 -0.127077 
2.841043 -51.535980 13.823801 -174.732932 -1.553959 -0.234851 -2.038929 2.037577 3.875795 -2.257168 -2.482008 -6.210221 -3.602877 6.430876 5.568013 nan nan nan -2.481290 -7.413823 2.897131 3.038098 -4.104208 -5.013765 14.809422 -2.349914 9.569124 nan nan nan 1.124934 2.674826 2.406120 -1.953157 -1.357920 -5.239358 -0.337985 -1.151242 4.730849 0.244234 -2.241170 10.690351 3.614207 0.906211 -1.601066 -13.050586 6.805356 7.540924 -60.350794 0.586604 7.849210 0.237005 -19.115258 32.811390 -14.397555 -13.252214 5.772787 6.473739 -3.737303 3.593591 61.067133 1.947791 10.408910 0.090863 11.006785 24.749931 6.087629 6.851203 -0.084488 
2.905255 -51.545204 13.842593 -174.833897 -1.365900 0.007277 -1.798658 1.884017 3.578684 -2.404593 -2.221147 -6.110625 -3.538639 6.435513 5.634473 nan nan nan -2.233495 -7.503934 2.671537 2.987385 -4.062916 -5.050033 14.668965 -2.508148 9.658629 nan nan nan 1.059070 2.615836 1.980088 -1.823804 -1.487789 -5.043823 -0.333468 -1.208217 4.513958 0.128052 -2.251042 10.469203 3.737744 0.898731 -1.881469 -13.137037 6.786030 7.792859 -60.310364 0.681919 7.785986 0.319129 -19.184271 32.834612 -14.734708 -13.318366 5.805133 6.655793 -3.668989 3.832779 60.976422 1.930838 10.353953 -0.164481 11.196246 24.997899 7.066683 6.888613 -0.036163 
2.933649 -51.548096 13.850142 -174.861690 -1.393553 -0.087721 -1.695953 2.053303 3.686107 -2.443354 -2.052854 -6.106332 -3.535661 6.490174 5.751594 nan nan nan -2.193617 -7.650773 2.750415 2.965135 -4.010863 -5.042510 14.664066 -2.361078 9.796866 nan nan nan 1.037714 2.614877 1.999423 -1.804575 -1.535484 -4.859612 -0.334989 -1.167611 4.347014 0.055154 -2.153920 10.106876 3.821422 0.865578 -1.944715 -13.047900 6.669775 7.778988 -60.411413 0.806675 7.783382 0.351630 -19.114263 32.960274 -14.903347 -13.353112 5.809206 6.717744 -3.511620 3.891028 60.983198 1.851356 10.242165 -0.333974 11.398671 24.958202 7.979303 6.964602 -0.229818 
2.958205 -51.549854 13.847124 -174.846109 -1.424425 -0.177608 -1.656685 2.201846 3.750838 -2.439475 -1.857632 -6.075580 -3.532548 6.535756 5.857728 nan nan nan -2.210092 -7.793139 2.805836 2.919241 -4.077508 -5.063003 14.765647 -2.113213 9.931637 nan nan nan 0.984671 2.638108 2.127072 -1.805757 -1.563887 -4.821904 -0.325192 -1.121632 4.217506 0.101005 -2.015191 9.666795 3.902445 0.759167 -2.059671 -12.958919 6.595506 7.725134 -60.535796 0.880279 7.814846 0.462202 -18.969518 33.022876 -15.002197 -13.482583 5.730249 6.808986 -3.451599 3.910633 60.988306 1.729687 10.191196 -0.408565 11.523978 24.927555 8.203710 7.089388 -0.554772 
2.970562 -51.552505 13.853458 -174.874379 -1.450282 -0.107254 -1.601477 2.224534 3.658886 -2.438112 -1.590199 -6.054344 -3.439722 6.610466 5.907201 nan nan nan -2.158721 -7.818814 2.718222 2.885125 -4.125411 -5.130595 14.811800 -2.017863 10.090298 nan nan nan 0.979376 2.615259 2.078753 -1.769655 -1.551042 -4.885881 -0.288086 -1.121108 4.228602 0.289703 -1.780826 9.173396 3.706289 0.977996 -2.072047 -13.032621 6.699356 7.650564 -60.557748 0.883579 7.778384 0.526101 -18.839134 33.075852 -15.398494 -13.487668 5.833381 6.842625 -3.572848 3.915803 60.961326 1.794000 10.299355 -0.428819 11.515188 25.025953 8.171846 7.129327 -0.531156 
2.910503 -51.511940 13.790467 -174.664979 -1.958530 -0.657194 -1.890125 2.659780 4.349359 -2.323839 -1.504595 -6.255041 -3.259954 6.933471 5.953071 nan nan nan -2.646699 -7.712447 3.109744 2.993014 -4.086508 -4.895780 15.074714 -1.659773 10.292613 nan nan nan 0.971328 2.723691 2.978841 -1.994157 -1.314398 -5.154793 -0.258425 -1.014750 4.408385 0.286963 -1.857345 8.199258 3.668158 0.602222 -1.901148 -12.877224 6.653978 7.398185 -60.718154 0.836780 7.767897 0.470722 -18.683981 33.327079 -15.525151 -13.507068 5.576828 6.774171 -3.511766 3.605034 61.073594 1.806714 10.313998 -0.409311 11.449833 24.981937 8.145457 7.148420 -0.515992 
2.894612 -51.473751 13.780983 -174.580628 -2.163675 -0.918537 -1.972666 2.950140 4.660849 -2.256500 -1.303434 -6.275894 -3.245300 7.018766 6.032653 nan nan nan -2.882367 -7.647729 3.365785 3.075657 -4.138379 -4.849515 15.128851 -1.556526 10.423898 nan nan nan 0.981928 2.761961 3.398204 -2.120381 -1.209294 -5.297410 -0.254629 -0.990834 4.423608 0.054303 -2.073714 7.955453 3.638166 0.398213 -2.225382 -12.819361 6.620017 7.343168 -60.836723 0.846162 7.655592 0.591969 -18.507221 33.304687 -15.621362 -13.516535 5.698101 6.799841 -3.424047 3.478675 61.078905 1.710040 10.204204 -0.364195 11.410712 24.945747 8.322012 7.209120 -0.401300 
2.891278 -51.440613 13.788222 -174.573773 -2.177137 -0.989077 -1.946626 2.981414 4.751616 -2.208620 -1.240218 -6.275840 -3.231352 7.175998 6.123413 nan nan nan -2.969815 -7.614615 3.503413 3.167824 -4.101301 -4.892307 15.085348 -1.709093 10.480497 nan nan nan 0.993895 2.705450 3.544987 -2.143719 -1.206378 -5.476757 -0.240799 -1.040131 4.387662 0.326881 -1.923631 7.507300 3.570021 0.755115 -1.856101 -12.872815 6.664859 7.403498 -60.771158 0.933877 7.603149 0.524372 -18.410771 33.248120 -15.682060 -13.665824 5.490295 6.819311 -3.352714 3.606046 61.037084 1.747019 10.305690 -0.335488 11.399388 24.997563 8.432722 7.249962 -0.463428 
2.900688 -51.413479 13.782373 -174.564060 -2.163669 -1.014790 -1.874577 3.048826 4.786382 -2.251763 -1.134622 -6.290054 -3.323231 7.247222 6.211024 nan nan nan -3.019868 -7.652371 3.556056 3.223761 -4.124155 -4.899048 15.077777 -1.796321 10.507083 nan nan nan 0.963062 2.660767 3.644464 -2.159649 -1.243778 -5.613768 -0.245602 -1.060338 4.348051 0.403372 -1.856717 7.183181 3.623991 0.797155 -1.783441 -12.856309 6.715476 7.406947 -60.663521 1.029232 7.613136 0.370978 -18.344788 33.255699 -15.849643 -13.706205 5.156019 6.944521 -3.284321 3.734182 60.933142 1.751958 10.378648 -0.277871 11.465696 25.030439 8.385794 7.170358 -0.518532 
2.906213 -51.397320 13.783272 -174.521952 -2.175909 -1.024668 -1.851994 3.116384 4.799858 -2.310392 -0.816708 -6.284967 -3.533371 7.382486 6.204684 nan nan nan -3.099380 -7.740198 3.583207 3.254075 -4.271504 -4.909312 15.192298 -1.800417 10.535995 nan nan nan 0.961622 2.670132 3.699982 -2.228713 -1.233599 -5.733776 -0.311203 -1.057089 4.375786 0.293627 -1.896550 6.706751 3.695111 0.389964 -1.690374 -12.853935 6.817611 7.398796 -60.611160 1.025396 7.630647 0.480961 -18.258834 33.313288 -15.893281 -13.832188 4.984671 7.184142 -3.302719 3.769649 60.810933 1.751166 10.431967 -0.155918 11.357766 25.009020 7.559839 7.433030 -0.844266 
2.925686 -51.390137 13.810211 -174.559828 -2.079752 -0.886013 -1.730050 3.124091 4.624602 -2.366074 -0.444446 -6.204722 -3.709507 7.465077 6.080282 nan nan nan -3.033063 -7.879445 3.489218 3.261707 -4.399727 -4.985210 15.182981 -1.856159 10.591052 nan nan nan 1.008924 2.629816 3.469310 -2.231046 -1.276716 -5.698060 -0.353014 -1.081157 4.348417 0.192680 -1.866440 6.414193 3.702511 0.299873 -1.819602 -12.967175 6.921162 7.414964 -60.579025 1.066892 7.532205 0.738623 -18.174909 33.165565 -15.845682 -13.828344 5.011289 7.368272 -3.345278 3.848700 60.708540 1.751663 10.455765 -0.128065 11.326910 25.159057 7.128778 7.762044 -1.077490 
3.016179 -51.409664 13.890191 -174.750043 -1.681944 -0.434793 -1.347279 2.995425 3.998498 -2.591646 -0.019952 -5.861054 -3.813416 7.358572 5.998402 nan nan nan -2.601613 -8.102350 3.174804 3.118368 -4.519885 -5.227167 15.067288 -2.075447 10.640304 nan nan nan 0.960161 2.532783 2.690970 -2.022734 -1.458600 -5.515074 -0.332359 -1.204244 4.189306 0.193190 -1.770287 6.395716 3.649348 0.454338 -2.058185 -13.200691 7.009015 7.631349 -60.408431 1.118180 7.446281 0.910236 -18.053331 32.897643 -15.753846 -13.675165 5.318182 7.592028 -3.480284 4.091699 60.461270 1.779335 10.476919 -0.132754 11.363389 25.434155 7.450403 7.810428 -1.187734 
2.912194 -51.384064 13.799648 -174.527545 -2.350948 -1.122315 -1.654659 3.449021 4.825714 -2.634239 0.336687 -6.029922 -3.667348 7.861514 6.141554 nan nan nan -3.187068 -7.961641 3.611002 3.268363 -4.518683 -4.834604 15.315448 -1.820050 10.735967 nan nan nan 1.045279 2.637036 3.781544 -2.282810 -1.173610 -5.735446 -0.330912 -1.052375 4.262690 0.440584 -1.448760 5.356718 3.473144 0.745178 -1.538042 -13.125275 6.884591 7.411690 -60.508094 1.157471 7.352631 0.935145 -17.983585 33.111417 -15.492704 -13.758394 5.066345 7.450800 -3.251580 3.937009 60.624378 1.875037 10.514884 -0.197881 11.266364 25.337496 7.602480 7.861881 -1.110335 
3.058992 -51.415970 13.918170 -174.865928 -1.621257 -0.301308 -1.034532 3.160682 3.759459 -2.920464 0.805401 -5.627269 -3.917310 7.331957 6.311502 nan nan nan -2.456263 -8.254960 3.074242 3.080217 -4.839184 -5.282592 15.061986 -2.162082 10.914765 nan nan nan 1.055823 2.482350 2.531501 -1.976010 -1.468393 -5.514420 -0.365956 -1.175703 3.996613 0.036472 -1.833129 6.044684 3.600538 0.416747 -2.448647 -13.382696 7.056083 7.817336 -60.221252 1.095880 7.226996 1.075198 -17.889973 32.785754 -15.772367 -13.600940 5.519733 7.756203 -3.551146 4.366133 60.298740 1.811789 10.284678 -0.166975 11.317015 25.570483 7.593459 8.043053 -1.145082 
3.065651 -51.445889 13.919365 -174.871209 -1.595739 -0.321768 -0.962735 3.216846 3.771748 -2.937065 0.933387 -5.660680 -4.023528 7.278540 6.597278 nan nan nan -2.462829 -8.340047 3.105971 3.056280 -4.994352 -5.320793 15.147343 -2.162631 11.070704 nan nan nan 1.173402 2.539567 2.735154 -2.026288 -1.413350 -5.669079 -0.367355 -1.116991 3.969312 -0.106363 -1.784107 5.454435 3.582184 0.145112 -2.499660 -13.461032 6.943226 7.729726 -60.082728 1.087171 7.125828 1.064452 -17.739370 32.690379 -15.991475 -13.783565 5.491604 7.570787 -3.823736 4.094008 60.496534 1.545650 10.214618 -0.203388 11.346599 25.694746 7.472104 8.176852 -1.023994 
3.069486 -51.467308 13.913548 -174.864980 -1.594056 -0.313379 -0.908458 3.255794 3.747194 -2.955286 1.102652 -5.681037 -4.130089 7.237527 6.894476 nan nan nan -2.484920 -8.322001 3.112180 3.057703 -5.094444 -5.401788 15.219658 -2.210597 11.214921 nan nan nan 1.221324 2.531429 2.715806 -2.061623 -1.392222 -5.688538 -0.373087 -1.113032 3.973050 -0.034323 -1.533760 5.033544 3.462344 0.323579 -2.411056 -13.600703 6.872412 7.693588 -59.945560 1.117931 7.013448 1.171293 -17.654078 32.406011 -16.182375 -13.982378 5.432415 7.575978 -3.863708 4.023750 60.561640 1.515797 10.277626 -0.248302 11.277646 25.650553 7.300685 8.250558 -0.970796 
2.963891 -51.438171 13.850893 -174.633860 -2.137033 -1.003318 -1.206960 3.727077 4.644021 -2.855460 1.093965 -5.966636 -4.142960 7.616287 7.100380 nan nan nan -3.105828 -8.197369 3.658573 3.284279 -4.923651 -5.170225 15.480874 -2.118208 11.294594 nan nan nan 1.285562 2.600174 3.747308 -2.349338 -1.156051 -5.906739 -0.405383 -1.007394 4.248599 -0.017177 -1.516288 3.885024 3.474118 0.092334 -1.969894 -13.551080 6.829741 7.376627 -60.008158 1.128939 6.919317 1.237822 -17.672539 32.369391 -15.856037 -14.275455 5.025032 7.644466 -3.672502 3.612534 60.559001 1.548929 10.348591 -0.169206 11.138577 25.449345 7.044452 8.262133 -0.734450 
2.935112 -51.395863 13.830825 -174.525481 -2.333114 -1.256272 -1.273407 3.980298 4.972203 -2.832434 1.152306 -6.024301 -4.218941 7.702886 7.194111 nan nan nan -3.361322 -8.219618 3.853003 3.367996 -4.940755 -5.055493 15.545684 -1.995838 11.365852 nan nan nan 1.275559 2.663643 4.139627 -2.445995 -1.087586 -6.024409 -0.414538 -0.940263 4.325816 -0.147602 -1.441300 3.426225 3.526556 -0.207564 -1.843502 -13.661252 6.654005 7.421335 -59.942931 1.150254 6.742561 1.368576 -17.667443 31.958819 -15.834282 -14.378437 5.003277 7.777711 -3.579633 3.517619 60.487671 1.493595 10.208144 -0.256068 11.111802 25.381079 7.220424 8.159576 -0.278412 
2.943759 -51.364758 13.821376 -174.466238 -2.340894 -1.306053 -1.228684 4.121912 5.023647 -2.897494 1.324002 -5.987527 -4.379347 7.636501 7.296306 nan nan nan -3.409346 -8.269340 3.899937 3.287049 -5.030264 -5.012065 15.422221 -1.835921 11.354118 nan nan nan 1.245961 2.666327 4.279573 -2.514360 -1.102822 -6.098569 -0.433758 -0.906166 4.273404 -0.344159 -1.460767 3.244062 3.676830 -0.425964 -2.136088 -13.631712 6.656189 7.422106 -59.918263 1.141962 6.531077 1.460239 -17.585395 31.704211 -16.158366 -14.296749 4.911463 7.891342 -3.572085 3.539004 60.471718 1.461305 10.051820 -0.333013 11.075670 25.505592 7.429039 8.101139 0.042231 
2.941470 -51.342228 13.821175 -174.421287 -2.365144 -1.366032 -1.184692 4.239243 5.093107 -2.968118 1.585881 -5.952272 -4.574022 7.661781 7.439386 nan nan nan -3.464165 -8.313836 3.975740 3.249853 -5.084669 -4.999482 15.317626 -1.739943 11.376364 nan nan nan 1.228916 2.651471 4.388376 -2.568310 -1.109176 -6.120148 -0.442350 -0.926718 4.228825 -0.396105 -1.510323 2.964054 3.676069 -0.494311 -2.304711 -13.639096 6.791333 7.352830 -59.874205 1.106344 6.312222 1.558176 -17.482672 31.377761 -16.511518 -14.265340 4.680636 7.982110 -3.587977 3.554121 60.401705 1.484928 10.052885 -0.292370 11.079470 25.658385 7.529548 8.026834 0.111075 
2.934087 -51.318035 13.826303 -174.410178 -2.381396 -1.400727 -1.124047 4.310384 5.146648 -3.004981 1.776784 -5.950449 -4.712859 7.754108 7.551734 nan nan nan -3.525320 -8.388907 4.043797 3.333996 -5.113532 -5.012717 15.241798 -1.843775 11.552958 nan nan nan 1.259227 2.642972 4.382934 -2.592015 -1.090749 -6.053977 -0.448672 -0.947055 4.244790 -0.285886 -1.369805 2.551982 3.544958 -0.330796 -2.169947 -13.802749 6.828837 7.291626 -59.731416 1.079266 6.175726 1.627373 -17.422717 30.990422 -16.576721 -14.268409 4.533490 8.061448 -3.617463 3.572106 60.301843 1.553541 10.110113 -0.207104 11.036883 25.563906 7.388817 7.995148 0.001480 
2.936800 -51.278793 13.832306 -174.423870 -2.397292 -1.349746 -1.048698 4.381071 5.110329 -2.986269 1.852264 -5.934600 -4.803288 7.774845 7.523671 nan nan nan -3.515247 -8.454152 3.992029 3.310376 -5.099051 -5.020167 15.189035 -1.823683 11.675120 nan nan nan 1.309968 2.675332 4.247110 -2.589237 -1.059517 -5.943614 -0.433910 -0.898846 4.089942 -0.284256 -1.278679 2.293242 3.525499 -0.237729 -2.105579 -13.928356 6.639478 7.465924 -59.645512 1.108360 6.030494 1.678269 -17.401918 30.642931 -16.522231 -14.300644 4.367666 7.996931 -3.589156 3.805176 60.356482 1.479204 9.974768 -0.249913 11.089556 25.456422 7.178976 8.063588 -0.142755 
2.966712 -51.285427 13.880090 -174.584723 -2.275632 -1.273554 -0.776053 4.461510 4.995920 -2.963520 1.838207 -5.769780 -4.923719 7.651186 7.438831 nan nan nan -3.424093 -8.688528 4.047298 3.471833 -5.367891 -5.163030 15.509019 -2.006542 12.777824 nan nan nan 1.501693 2.592901 4.169214 -2.579891 -1.140860 -5.992088 -0.401438 -0.852568 3.907528 -0.519122 -1.477460 2.363876 3.689004 0.081950 -2.338235 -14.085585 6.517984 7.607780 -59.652833 1.242240 5.678485 1.819747 -17.265222 30.343848 -16.344344 -14.370623 4.772304 7.967521 -3.485636 4.022031 60.254822 1.294336 9.652144 -0.183822 11.225713 25.611754 7.388512 8.064782 0.093145 
3.047524 -51.294460 13.945055 -174.746376 -1.880747 -0.816323 -0.444443 4.199790 4.384265 -3.082698 1.981751 -5.521008 -4.927497 7.493845 7.441156 nan nan nan -3.066188 -8.820573 3.756034 3.393727 -5.507490 -5.432250 15.567323 -2.385239 13.273337 nan nan nan 1.472935 2.453915 3.401189 -2.423624 -1.326814 -5.788814 -0.432172 -0.963053 3.836000 -0.593920 -1.815521 2.385256 3.828820 0.056835 -2.669545 -14.207496 6.792262 7.707442 -59.547563 1.146430 5.614481 1.944971 -17.142409 30.006323 -15.924128 -14.298222 5.043976 8.218423 -3.597376 4.198047 59.974622 1.401185 9.690808 -0.104770 11.207576 25.648807 7.425534 8.043441 0.032337 
2.953450 -51.250862 13.903467 -174.482764 -2.352417 -1.238101 -0.773101 4.419874 4.997592 -3.052274 2.164751 -5.837196 -4.760919 7.843580 7.610866 nan nan nan -3.628504 -8.671215 3.996897 3.541462 -5.492189 -5.109884 15.795528 -2.260838 13.384078 nan nan nan 1.501179 2.526668 3.947411 -2.643767 -1.114496 -5.797745 -0.534053 -0.856870 4.038673 -0.519234 -1.812462 1.461914 3.771630 -0.267504 -2.307148 -13.980205 6.824524 7.395922 -59.708293 1.023123 5.722096 1.961340 -16.986205 30.033849 -15.699328 -14.467533 4.656889 8.139078 -3.540240 3.906246 60.172774 1.532024 9.837403 -0.186017 11.056396 25.370592 7.389615 8.035045 -0.012349 
2.918441 -51.209202 13.902789 -174.357870 -2.530842 -1.356782 -0.900224 4.624897 5.182218 -3.039897 2.397668 -5.948632 -4.797676 7.960530 7.749190 nan nan nan -3.847383 -8.606676 4.087575 3.556188 -5.523939 -5.061197 15.879107 -2.293822 13.544985 nan nan nan 1.503336 2.554570 4.078716 -2.735320 -1.027545 -5.824142 -0.578868 -0.835335 4.190444 -0.475495 -1.707844 0.896845 3.703527 -0.287072 -2.143333 -13.895207 6.899195 7.245151 -59.792618 0.909802 5.715461 2.041713 -16.829340 30.031782 -15.810495 -14.562915 4.404660 8.122855 -3.620623 3.759773 60.229253 1.632944 9.927779 -0.232752 10.969635 25.324617 7.437519 8.118923 -0.060031 
2.959784 -51.193748 13.917652 -174.382506 -2.321065 -1.179781 -0.782341 4.563381 4.920096 -3.070165 2.565933 -5.841559 -4.802737 7.965016 7.944594 nan nan nan -3.727311 -8.617137 3.992749 3.501657 -5.580099 -5.204344 15.762017 -2.508580 13.638583 nan nan nan 1.431586 2.536907 3.816762 -2.667306 -1.094041 -5.751967 -0.554462 -0.916260 4.097340 -0.427871 -1.624414 0.798053 3.717717 -0.057456 -2.309258 -13.954352 6.969702 7.334232 -59.734836 0.818777 5.647308 2.127247 -16.760288 29.863488 -16.022146 -14.542966 4.191465 8.151046 -3.741999 3.853271 60.203805 1.620032 9.998992 -0.250937 11.046759 25.408351 7.568999 8.119868 -0.322880 
3.047198 -51.207905 13.967866 -174.566279 -1.803999 -0.688785 -0.431315 4.273808 4.235413 -3.199959 2.885900 -5.551364 -4.784613 7.885666 8.111464 nan nan nan -3.300944 -8.600335 3.638299 3.431713 -5.578313 -5.413179 15.438038 -2.921310 13.500491 nan nan nan 1.397625 2.422485 3.055409 -2.452881 -1.275576 -5.611221 -0.537695 -1.050559 3.883003 -0.369570 -1.504680 0.993292 3.703333 0.222821 -2.584176 -14.126442 7.001426 7.671658 -59.576578 0.783675 5.610130 2.202738 -16.693081 29.572749 -15.914745 -14.572001 4.237045 8.179392 -3.910752 4.139703 60.134715 1.595573 10.077801 -0.212101 11.099654 25.457842 7.401670 8.285308 -0.790860 
2.936175 -51.176750 13.881478 -174.357182 -2.249194 -1.048885 -0.734755 4.456167 4.720633 -3.153508 3.016586 -5.773804 -4.584658 8.421747 8.272438 nan nan nan -3.769937 -8.320784 3.714594 3.570883 -5.315182 -4.942209 15.467663 -2.907720 13.252428 nan nan nan 1.439179 2.453568 3.644279 -2.658959 -1.056218 -5.772636 -0.603832 -0.978462 4.111908 -0.250071 -1.419533 -0.004611 3.704918 0.031530 -2.202244 -13.917171 7.056900 7.408744 -59.747108 0.736314 5.709308 2.166046 -16.667369 29.853871 -15.340373 -14.714481 3.927461 8.109852 -3.787955 3.950538 60.261740 1.800982 10.241308 -0.175765 10.919950 25.554984 7.142164 8.217812 -0.596770 
2.882665 -51.134243 13.860657 -174.251851 -2.389139 -1.153902 -0.846227 4.566126 4.876974 -3.145680 3.140748 -5.833723 -4.538713 8.614337 8.377217 nan nan nan -3.979217 -8.327658 3.737661 3.616956 -5.353596 -4.792284 15.559146 -2.807936 13.351474 nan nan nan 1.473306 2.485173 3.842792 -2.763827 -0.994053 -5.915976 -0.653644 -0.944021 4.222407 -0.256129 -1.370822 -0.428666 3.735026 -0.137085 -1.963069 -13.796465 7.025927 7.350077 -59.826939 0.814840 5.735025 2.176467 -16.737752 29.994027 -15.363428 -14.714872 3.929519 8.076946 -3.741852 3.878957 60.335628 1.781323 10.278266 -0.195500 10.858823 25.778499 7.161314 7.952769 -0.182714 
2.879628 -51.123795 13.864015 -174.237620 -2.362935 -1.221802 -0.816819 4.756125 4.929069 -3.115677 3.336931 -5.762580 -4.607474 8.574801 8.522226 nan nan nan -4.003051 -8.435477 3.866504 3.604792 -5.415841 -4.882565 15.520710 -2.731337 13.542171 nan nan nan 1.494875 2.512175 3.900907 -2.783924 -1.001039 -5.856077 -0.637654 -0.929690 4.219981 -0.301255 -1.322296 -0.607164 3.725897 -0.031407 -2.102003 -13.856968 6.969536 7.348988 -59.745836 0.832982 5.619334 2.167778 -16.812634 29.994015 -15.622371 -14.683036 4.113854 8.050989 -3.812052 3.796378 60.311367 1.743438 10.124930 -0.206569 10.893271 25.720758 7.476195 7.965166 -0.068852 
2.883729 -51.108105 13.853803 -174.212687 -2.337691 -1.228642 -0.806052 4.793574 4.899544 -3.115389 3.538576 -5.687615 -4.526384 8.641570 8.639308 nan nan nan -3.982537 -8.399188 3.876352 3.549412 -5.213475 -4.876440 15.275760 -2.803684 13.283329 nan nan nan 1.418571 2.490459 3.876547 -2.771258 -1.028967 -5.837053 -0.619789 -0.969171 4.235211 -0.266509 -1.209372 -0.741537 3.705915 0.220290 -2.130164 -13.741999 7.041756 7.322822 -59.854076 0.827097 5.613406 2.223465 -16.768111 29.727869 -15.164775 -14.734617 3.866365 8.015309 -3.745704 3.831333 60.346101 1.816667 10.182795 -0.264845 10.849081 25.465768 7.487266 8.089911 -0.171056 
2.888752 -51.093132 13.823380 -174.126160 -2.284050 -1.145209 -0.882952 4.693052 4.752748 -3.129988 3.860636 -5.631066 -4.493381 8.776150 8.785429 nan nan nan -3.891514 -8.348332 3.644500 3.308513 -5.011088 -4.752759 14.840916 -2.737932 12.434252 nan nan nan 1.275164 2.603976 3.609991 -2.710011 -1.028989 -5.580030 -0.627268 -0.973023 4.298407 -0.319628 -1.032946 -0.830392 3.635448 0.019610 -2.445256 -13.726229 6.902553 7.338147 -59.825252 0.684631 5.823009 2.297007 -16.730694 29.266573 -14.685371 -14.863752 3.347492 8.031852 -3.851369 3.730771 60.504859 1.821025 10.338656 -0.478304 10.842322 25.255292 7.299620 8.125463 -0.305909 
2.876969 -51.108131 13.825013 -174.192006 -2.269652 -1.143664 -0.774962 4.759824 4.719714 -3.156387 4.158369 -5.560163 -4.530673 8.732304 8.868868 nan nan nan -3.758143 -8.319007 3.622150 3.184410 -4.925493 -4.768030 14.633133 -2.613561 12.412779 nan nan nan 1.285447 2.503278 3.690893 -2.688243 -1.073358 -5.684283 -0.585314 -1.042720 4.222975 -0.192199 -0.953894 -0.828110 3.524993 0.333064 -2.477308 -13.691747 7.034532 7.229713 -59.945145 0.950191 5.810977 2.444711 -16.814559 29.165328 -14.714535 -15.083638 3.265839 8.016266 -3.660420 3.797254 60.444942 1.862030 10.442296 -0.444044 10.720723 25.172460 7.385741 8.151956 -0.395122 
2.861344 -51.141392 13.851570 -174.327598 -2.290895 -1.273874 -0.569801 4.892081 4.894150 -3.207702 4.293004 -5.547652 -4.530301 8.699479 8.926449 nan nan nan -3.807666 -8.424856 3.843090 3.476622 -5.221619 -4.848171 14.948492 -2.753337 13.519040 nan nan nan 1.527324 2.411497 3.886338 -2.707651 -1.084321 -5.703849 -0.551144 -1.006176 4.139945 -0.247444 -1.018874 -0.816259 3.426576 0.769262 -2.582503 -13.853433 6.949235 7.127171 -59.920839 1.164192 5.557232 2.457859 -16.868035 29.205815 -15.110545 -15.055086 3.836737 7.932512 -3.484285 3.843576 60.336179 1.764611 10.247164 -0.399806 10.779304 25.119210 7.683683 8.086996 -0.129988 
2.883110 -51.148537 13.881925 -174.373000 -2.142071 -1.132106 -0.430065 4.848234 4.714607 -3.361573 4.517991 -5.457876 -4.468218 8.647038 9.006402 nan nan nan -3.767540 -8.406660 3.796744 3.574125 -5.340519 -4.978955 15.062832 -3.014709 14.005424 nan nan nan 1.556653 2.349494 3.583353 -2.659509 -1.137504 -5.547828 -0.578330 -1.035190 4.032398 -0.321327 -1.206509 -0.752710 3.407615 0.810666 -2.715865 -13.948530 6.910141 7.257500 -59.801921 1.199306 5.485215 2.442056 -16.953010 29.116421 -15.298989 -14.857645 4.207948 7.991801 -3.417098 4.000926 60.227202 1.743896 10.175795 -0.361471 10.817943 24.894439 7.695092 8.095121 -0.191008 
2.970562 -51.179852 13.936604 -174.566179 -1.631723 -0.561726 -0.065384 4.576630 3.895410 -3.554700 4.893159 -5.054132 -4.574212 8.382572 9.054232 nan nan nan -3.261693 -8.442714 3.390092 3.413243 -5.368647 -5.259783 14.845489 -3.334616 14.006732 nan nan nan 1.518867 2.216254 2.659585 -2.439862 -1.328596 -5.242251 -0.604094 -1.160108 3.936027 -0.342390 -1.292492 -0.656941 3.410963 0.852760 -3.154250 -14.172207 7.156446 7.389353 -59.543172 1.090116 5.442886 2.468921 -17.006723 28.992341 -15.538459 -14.656130 4.682847 8.240341 -3.715257 4.132911 59.936582 1.909947 10.176854 -0.349941 10.771066 24.950681 7.904672 8.169479 -0.063859 
2.940038 -51.162922 13.905656 -174.469779 -1.712863 -0.664166 -0.152504 4.610657 3.989291 -3.567396 5.067296 -5.008669 -4.504285 8.402998 9.037776 nan nan nan -3.384970 -8.393895 3.447907 3.377853 -5.266982 -5.196152 14.789752 -3.216063 13.786688 nan nan nan 1.447932 2.231357 2.689819 -2.461340 -1.310651 -5.022698 -0.640922 -1.154480 3.936550 -0.204669 -1.102529 -1.028977 3.378020 0.777487 -3.014673 -14.057408 7.158325 7.306435 -59.634513 1.062470 5.526395 2.518553 -17.066480 29.033507 -15.587760 -14.679962 4.709165 8.216429 -3.666819 4.087744 60.036179 2.040700 10.267528 -0.521703 10.747781 24.797856 8.194766 8.097272 0.112226 
2.839696 -51.122963 13.806313 -174.240970 -2.108360 -1.005737 -0.497306 4.808067 4.447513 -3.480143 5.137787 -5.242259 -4.309254 8.644246 9.102128 nan nan nan -3.715537 -8.189089 3.509564 3.322019 -5.077593 -4.856553 14.523220 -2.899201 12.918438 nan nan nan 1.335333 2.323337 3.178986 -2.595375 -1.125750 -4.971597 -0.651021 -1.118301 4.052961 0.051216 -0.686851 -1.633282 3.255646 0.779194 -2.657088 -13.766826 7.172785 7.031735 -59.836968 1.071703 5.784589 2.482521 -17.200890 29.213421 -15.347600 -14.699230 4.259838 8.129935 -3.525029 3.975634 60.186700 2.211412 10.545378 -0.568425 10.745985 24.721331 7.973155 7.763982 0.354234 
2.772949 -51.107624 13.751105 -174.169072 -2.224736 -1.113405 -0.624764 4.903854 4.581235 -3.432839 5.246845 -5.342089 -4.514172 8.879069 9.287730 nan nan nan -3.853810 -8.141143 3.469521 3.297297 -4.980581 -4.659775 14.425410 -2.709449 12.770009 nan nan nan 1.412849 2.379316 3.446865 -2.675298 -1.052598 -5.035831 -0.678091 -1.055103 4.161535 -0.004708 -0.511096 -2.141449 3.225285 0.600535 -2.579532 -13.768820 7.108765 6.835328 -59.830767 1.085146 5.818177 2.487198 -17.241940 29.310915 -15.301651 -14.719276 4.050591 8.132224 -3.646951 3.808516 60.180284 2.182622 10.614560 -0.506175 10.832387 25.211854 7.676174 7.388097 0.682078 
2.756264 -51.095219 13.737714 -174.185433 -2.179876 -1.091936 -0.598289 4.889337 4.554673 -3.451314 5.427716 -5.356188 -5.038270 9.091402 9.494881 nan nan nan -3.832273 -8.113493 3.426697 3.303669 -4.947924 -4.603721 14.325820 -2.716352 12.768812 nan nan nan 1.493259 2.409342 3.386704 -2.663561 -1.068091 -4.892828 -0.702721 -1.008512 4.171439 -0.086293 -0.401941 -2.445219 3.233935 0.482023 -2.608173 -13.893409 6.995498 6.762812 -59.725927 1.073797 5.803881 2.449799 -17.191423 29.215334 -15.045686 -14.909634 3.865835 8.191766 -3.765587 3.764023 60.114377 2.162858 10.584613 -0.508230 10.900991 25.540749 7.351673 7.344119 0.684983 
2.757212 -51.089390 13.736923 -174.195501 -2.119709 -1.137620 -0.533125 4.902971 4.599332 -3.544048 5.549330 -5.330601 -5.513247 9.258946 9.615959 nan nan nan -3.808629 -8.138954 3.511986 3.268802 -4.919941 -4.640537 14.274884 -2.631931 12.745391 nan nan nan 1.612423 2.517160 3.460060 -2.652864 -1.088214 -4.865764 -0.726324 -0.883677 4.129645 -0.334222 -0.308496 -2.553453 3.272514 0.186599 -2.506518 -13.992669 6.537580 6.891935 -59.654862 1.118491 5.813509 2.430535 -17.119529 28.947347 -14.688767 -15.160975 3.487256 8.042516 -3.886121 3.623902 60.308113 1.843809 10.451162 -0.639039 11.018830 25.675253 7.129551 7.412799 0.541940 
2.753407 -51.098366 13.749052 -174.212577 -2.167316 -1.248709 -0.470846 5.026931 4.745446 -3.585425 5.529683 -5.344054 -5.574618 9.291224 9.599765 nan nan nan -3.815740 -8.193191 3.625605 3.276816 -4.973706 -4.630020 14.305527 -2.571836 12.859341 nan nan nan 1.700172 2.568099 3.559874 -2.657121 -1.076506 -4.784734 -0.728422 -0.790119 4.115374 -0.472367 -0.201480 -2.607877 3.261127 0.141234 -2.528005 -14.030716 6.275527 6.891496 -59.668876 1.170005 5.867414 2.428585 -17.051978 28.856860 -14.383516 -15.255138 3.316680 7.951688 -3.865975 3.523156 60.379791 1.674798 10.337939 -0.679620 11.109923 25.536304 7.121430 7.643575 0.161106 
2.749352 -51.097389 13.769871 -174.231643 -2.221887 -1.302920 -0.420215 5.192597 4.834995 -3.574669 5.492906 -5.364511 -5.432098 9.165997 9.548043 nan nan nan -3.805111 -8.192763 3.655366 3.262746 -5.003911 -4.580789 14.328521 -2.516679 12.924494 nan nan nan 1.748611 2.551149 3.541350 -2.661730 -1.044177 -4.662926 -0.759272 -0.755128 4.069280 -0.466872 -0.182659 -2.668918 3.245450 0.083593 -2.468639 -14.018586 6.224756 6.923331 -59.688914 1.184993 5.886205 2.479354 -17.071926 29.014135 -14.417659 -15.307091 3.478660 7.915841 -3.762009 3.603939 60.420055 1.679407 10.164632 -0.730163 11.133470 25.091682 7.264887 8.013640 -0.665759 
2.756667 -51.113827 13.784386 -174.325332 -2.204771 -1.327693 -0.299840 5.357833 4.880920 -3.547358 5.533103 -5.360436 -5.516316 8.965133 9.632339 nan nan nan -3.717788 -8.196542 3.707580 3.315591 -5.141088 -4.573899 14.290253 -2.516936 13.120461 nan nan nan 1.851532 2.453973 3.455017 -2.636232 -1.075465 -4.439658 -0.787766 -0.737001 3.976108 -0.412270 -0.047370 -2.573509 3.250343 0.236603 -2.623171 -14.020853 6.246028 6.911889 -59.732161 1.187267 5.790665 2.573485 -17.153381 29.094218 -14.912008 -15.262986 3.736070 7.947931 -3.602678 3.754417 60.346539 1.823090 9.967469 -0.793233 11.051563 24.839335 7.462552 8.251976 -0.921174 
2.745905 -51.113632 13.778625 -174.304753 -2.208962 -1.257596 -0.359928 5.319743 4.836933 -3.509584 5.595862 -5.427254 -5.612245 8.991595 9.783244 nan nan nan -3.710442 -8.113958 3.636494 3.246334 -5.036195 -4.592279 14.199039 -2.456478 13.036230 nan nan nan 1.818822 2.453255 3.258522 -2.611042 -1.098334 -4.271679 -0.835897 -0.731688 3.936295 -0.481085 -0.149724 -2.763981 3.329230 -0.157282 -2.536381 -13.921801 6.199000 7.005557 -59.827599 1.144387 5.840549 2.663887 -17.229179 29.059963 -15.145351 -15.220369 3.699090 8.054694 -3.433646 3.965735 60.269567 1.886919 9.917884 -0.878420 11.079101 24.737506 7.466057 8.281302 -1.029488 
2.730433 -51.136856 13.778268 -174.348807 -2.245980 -1.310352 -0.317817 5.419678 4.917388 -3.500045 5.645062 -5.446153 -5.693845 8.962856 9.835424 nan nan nan -3.700812 -8.145336 3.673365 3.275791 -5.130190 -4.562887 14.336637 -2.423374 13.280996 nan nan nan 1.899565 2.420297 3.315769 -2.608414 -1.094718 -4.185070 -0.785982 -0.718004 3.938344 -0.414380 0.225500 -2.726639 3.116836 0.491946 -2.670673 -14.057553 6.175803 6.891542 -59.821191 1.201580 5.742556 2.715208 -17.256883 28.963983 -15.288982 -15.136761 3.866349 7.993425 -3.374050 3.976252 60.197502 1.966208 9.941136 -0.789877 11.087895 24.637008 7.243126 8.229523 -0.921627 
2.735624 -51.125824 13.761863 -174.316236 -2.207282 -1.289258 -0.326750 5.365973 4.864760 -3.568126 5.758285 -5.404328 -5.588857 8.979762 9.748695 nan nan nan -3.708661 -8.120322 3.645718 3.224766 -5.104502 -4.580586 14.312001 -2.490267 13.291091 nan nan nan 1.815400 2.401443 3.197889 -2.594011 -1.137314 -4.050225 -0.800711 -0.760243 3.937991 -0.408264 0.286006 -2.824583 3.095353 0.574674 -2.661942 -14.029739 6.176804 6.970950 -59.884341 1.168547 5.734925 2.857955 -17.319036 28.842839 -15.232595 -15.131139 3.645540 8.080948 -3.249662 4.085517 60.171751 2.112721 10.018604 -0.840292 11.023982 24.543963 7.259775 8.172722 -1.001752 
2.718505 -51.113472 13.731881 -174.305312 -2.167430 -1.266736 -0.347074 5.223012 4.832408 -3.583237 5.724444 -5.429717 -5.237849 8.970005 9.578822 nan nan nan -3.735977 -8.101628 3.596808 3.257572 -5.074077 -4.558406 14.211937 -2.572664 13.329167 nan nan nan 1.770574 2.350076 3.079663 -2.588527 -1.186127 -3.910662 -0.811215 -0.827310 3.904750 -0.414369 0.343126 -2.802351 3.082196 0.815339 -2.710540 -13.959778 6.199150 7.049741 -59.983607 1.167795 5.749245 2.902517 -17.393692 28.712143 -15.089195 -15.057052 3.417161 8.144633 -3.011756 4.295668 60.151391 2.274121 10.145940 -0.893823 10.954690 24.484689 7.080135 7.992618 -0.819467 
2.691071 -51.107700 13.688378 -174.302628 -2.107426 -1.216407 -0.386432 5.054150 4.767001 -3.546039 5.630421 -5.454137 -5.031444 8.986668 9.611323 nan nan nan -3.755455 -8.088870 3.518058 3.285158 -5.005823 -4.519492 14.089384 -2.665417 13.338574 nan nan nan 1.794414 2.294806 3.017942 -2.615839 -1.224773 -3.861274 -0.825103 -0.891756 3.902181 -0.496295 0.355571 -2.850643 3.046186 1.030393 -2.821319 -13.795846 6.230468 7.069762 -60.104765 1.175681 5.787780 2.795252 -17.472017 28.731716 -14.845253 -14.953191 3.215106 8.086317 -2.837016 4.426286 60.196662 2.346680 10.326485 -0.836050 10.972086 24.637509 6.630911 7.622748 -0.433781 
2.686843 -51.106976 13.663498 -174.315195 -2.079072 -1.206656 -0.384208 5.065233 4.715383 -3.507704 5.714955 -5.378784 -5.363993 9.032717 9.676304 nan nan nan -3.739942 -8.100294 3.483820 3.280932 -5.002288 -4.452411 14.093814 -2.621785 13.256222 nan nan nan 1.816442 2.301407 3.019004 -2.614071 -1.239135 -3.811737 -0.833461 -0.895812 3.964591 -0.536083 0.435297 -3.114447 2.947489 0.959188 -2.882249 -13.677257 6.237205 6.989249 -60.207000 1.108844 5.828776 2.719910 -17.370881 28.755674 -14.577866 -15.098954 3.064187 8.029659 -2.890717 4.346529 60.245386 2.384359 10.423632 -0.807316 10.994483 24.822786 6.314603 7.481204 -0.318554 
2.687402 -51.124043 13.660131 -174.331689 -2.061730 -1.233814 -0.385662 5.082795 4.735702 -3.455450 5.774855 -5.358797 -5.589496 9.072214 9.685761 nan nan nan -3.752100 -8.153361 3.526319 3.354074 -5.127037 -4.461712 14.137403 -2.630400 13.412963 nan nan nan 1.807283 2.318619 3.013209 -2.581872 -1.257377 -3.744015 -0.813185 -0.898688 4.029298 -0.545278 0.518208 -3.341929 2.849137 0.940807 -2.941967 -13.632886 6.241190 6.907636 -60.299694 1.008775 5.915899 2.656620 -17.175109 28.678009 -14.186718 -15.243853 2.882334 8.023459 -2.944577 4.224746 60.181621 2.432052 10.529402 -0.746772 10.946037 24.829213 6.229920 7.508037 -0.469779 
2.686774 -51.142208 13.667560 -174.306740 -2.066702 -1.243916 -0.438069 5.076899 4.750676 -3.413920 5.734423 -5.359720 -5.403919 9.054876 9.600045 nan nan nan -3.758175 -8.174825 3.555788 3.319380 -5.100464 -4.516532 14.129269 -2.713427 13.522169 nan nan nan 1.751401 2.321343 3.000807 -2.569302 -1.258067 -3.709419 -0.791498 -0.904001 4.028231 -0.534542 0.541981 -3.489298 2.768530 1.049735 -2.925635 -13.617444 6.239982 6.974032 -60.354390 0.951229 5.931069 2.726848 -17.196323 28.696442 -14.108648 -15.315943 2.728698 8.018381 -2.901881 4.230146 60.154453 2.438569 10.555701 -0.788469 10.936639 24.539833 6.313450 7.711472 -0.833114 
2.704840 -51.166512 13.672898 -174.325541 -2.045062 -1.373631 -0.401096 5.201346 4.871305 -3.403836 5.683974 -5.326224 -5.288689 8.954882 9.572532 nan nan nan -3.711932 -8.258849 3.704952 3.246246 -5.055111 -4.539646 14.139072 -2.662901 13.547507 nan nan nan 1.761796 2.304337 3.153606 -2.581582 -1.274666 -3.637186 -0.780525 -0.907756 3.925770 -0.541059 0.612076 -3.556718 2.739149 1.134048 -2.851943 -13.608020 6.130968 7.034299 -60.338345 0.996556 5.875062 2.830306 -17.344061 28.888788 -14.553061 -15.275096 2.771833 7.989370 -2.767063 4.271455 60.198001 2.431240 10.369676 -0.881415 10.900685 24.079876 6.439298 8.005661 -1.447391 
2.745824 -51.200779 13.697453 -174.429964 -1.896621 -1.357919 -0.230134 5.289880 4.809682 -3.480928 5.780145 -5.257466 -5.592243 8.822459 9.723431 nan nan nan -3.535589 -8.376421 3.747560 3.196014 -5.180757 -4.602866 14.181584 -2.609355 13.715394 nan nan nan 1.816122 2.258647 3.054113 -2.539278 -1.359261 -3.499566 -0.766353 -0.917771 3.796633 -0.633096 0.716602 -3.352420 2.732616 1.296521 -3.039942 -13.689230 6.027145 7.057243 -60.267372 1.105522 5.799006 2.888356 -17.423176 28.956142 -14.830447 -15.208627 3.060758 8.032782 -2.660950 4.409073 60.129787 2.412836 10.165626 -0.893081 10.884076 23.918402 6.402336 8.187040 -1.839339 
2.829079 -51.245361 13.758698 -174.644955 -1.539801 -0.908631 0.111807 5.052636 4.237214 -3.654416 5.932035 -5.082616 -5.863703 8.588967 9.811408 nan nan nan -3.100699 -8.451784 3.420180 3.135489 -5.381363 -4.827899 14.127981 -2.841443 13.912274 nan nan nan 1.792483 2.157565 2.294848 -2.328017 -1.528849 -3.302986 -0.737739 -0.986271 3.666714 -0.690400 0.768549 -2.913557 2.670475 1.506497 -3.398330 -13.807449 6.112249 7.290453 -60.169127 1.100995 5.776854 2.874019 -17.474733 28.854458 -14.815677 -15.134483 3.277771 8.174788 -2.753192 4.687962 59.880264 2.502085 10.108910 -0.718419 10.810461 23.928953 6.270643 8.391671 -2.351141 
2.748644 -51.240101 13.682488 -174.465902 -2.003592 -1.302736 -0.170640 5.237775 4.774944 -3.591207 5.860722 -5.317744 -5.747888 8.825851 9.770372 nan nan nan -3.519428 -8.292497 3.596817 3.229428 -5.256318 -4.515399 14.350939 -2.626879 13.914002 nan nan nan 1.800970 2.232223 2.904593 -2.499477 -1.337281 -3.416013 -0.764757 -0.865143 3.880812 -0.606990 0.977363 -3.462834 2.598677 1.459369 -3.074638 -13.568206 6.099045 7.044469 -60.394155 1.007267 5.860697 2.842557 -17.440933 29.029967 -14.538833 -15.236160 2.972472 8.067337 -2.646909 4.493669 59.961804 2.647671 10.143818 -0.591695 10.711356 23.700363 6.130617 8.518555 -2.626352 
2.835604 -51.270050 13.749125 -174.643427 -1.503157 -0.802488 0.101001 4.927925 4.117505 -3.649865 5.842125 -5.092252 -5.647038 8.512806 9.692349 nan nan nan -3.090290 -8.450128 3.269031 3.123550 -5.356157 -4.802502 14.133858 -2.783614 13.915977 nan nan nan 1.736227 2.127380 2.088436 -2.310605 -1.563237 -3.275163 -0.773186 -0.990275 3.802729 -0.619806 1.157691 -3.181135 2.628529 1.606919 -3.220538 -13.649108 6.232123 7.247670 -60.314218 0.990203 5.867022 2.965333 -17.440613 28.931865 -14.617319 -15.209181 3.068327 8.266959 -2.811451 4.758111 59.776134 2.724789 10.138598 -0.621524 10.716815 23.816738 6.075214 8.667476 -2.739210 
2.761954 -51.271488 13.693172 -174.490842 -1.842248 -1.117688 -0.162691 5.002613 4.553865 -3.576938 5.685646 -5.304663 -5.193826 8.733487 9.589568 nan nan nan -3.447408 -8.423650 3.394760 3.231729 -5.288037 -4.508639 14.173404 -2.588355 13.872566 nan nan nan 1.767506 2.183289 2.567673 -2.472089 -1.424001 -3.340930 -0.815509 -0.891857 3.926316 -0.606583 1.347131 -3.537290 2.645792 1.551513 -3.049589 -13.508009 6.176938 7.003779 -60.373924 1.020809 5.981054 2.858018 -17.439705 29.108657 -14.395611 -15.192557 2.830582 8.189351 -2.674780 4.611823 59.913255 2.799990 10.200456 -0.642734 10.664185 23.618957 5.833812 8.571719 -2.660201 
2.726392 -51.262264 13.691348 -174.437603 -1.933073 -1.130524 -0.251652 4.982104 4.602530 -3.606294 5.638945 -5.376012 -5.074861 8.800274 9.631098 nan nan nan -3.572421 -8.374749 3.369636 3.301985 -5.283901 -4.439663 14.121409 -2.612448 13.832209 nan nan nan 1.793047 2.205402 2.592459 -2.523901 -1.375729 -3.379925 -0.851106 -0.852171 3.977330 -0.646588 1.407364 -3.665458 2.666117 1.542294 -2.991775 -13.470383 6.124411 6.940065 -60.341103 1.080185 6.044071 2.757583 -17.439539 29.087226 -14.377766 -15.155081 2.770712 8.150087 -2.651368 4.557199 59.971974 2.759381 10.271102 -0.712845 10.728857 23.603575 6.006165 8.433381 -2.439798 
2.760364 -51.270088 13.718440 -174.550397 -1.635143 -0.648242 -0.101347 4.636419 3.987582 -3.705767 5.862755 -5.224069 -5.403322 8.676151 9.730902 nan nan nan -3.275187 -8.296039 2.975022 3.240851 -5.389858 -4.629788 13.943363 -2.909190 13.857201 nan nan nan 1.797870 2.147693 1.870420 -2.405079 -1.481454 -3.272280 -0.903867 -0.907312 3.908756 -0.687309 1.427586 -3.486653 2.704125 1.518334 -3.109022 -13.562932 6.214971 7.073555 -60.234400 1.041957 6.024694 2.855365 -17.410566 28.814961 -14.759700 -15.150831 2.990683 8.267101 -2.827841 4.716488 59.880578 2.793937 10.390556 -0.797156 10.735882 24.036920 6.131375 8.346793 -1.989565 
2.804348 -51.302608 13.727921 -174.649205 -1.468767 -0.502479 0.028985 4.462903 3.757478 -3.727151 5.904849 -5.101790 -5.658298 8.624241 9.781679 nan nan nan -3.041132 -8.333174 2.876855 3.154923 -5.411570 -4.730965 13.845746 -3.114163 13.900171 nan nan nan 1.798774 2.120034 1.603922 -2.338304 -1.555648 -3.176835 -0.900604 -0.934850 3.856454 -0.718982 1.423498 -3.375393 2.740826 1.532571 -3.271407 -13.572415 6.260985 7.146016 -60.202012 0.989722 5.957453 2.877111 -17.428817 28.757554 -14.832405 -15.164050 3.001387 8.339545 -2.864791 4.844736 59.817943 2.806353 10.405409 -0.752473 10.774501 24.423952 5.954891 8.301537 -1.747129 
2.723035 -51.305565 13.645265 -174.439596 -2.084848 -1.234262 -0.329492 4.924103 4.658626 -3.545485 5.739818 -5.317513 -5.686759 8.886494 9.810300 nan nan nan -3.566764 -8.310859 3.389189 3.270954 -5.331383 -4.347844 14.143761 -2.842924 14.025686 nan nan nan 1.851089 2.256969 2.711142 -2.595379 -1.301040 -3.335568 -0.885989 -0.773859 4.001210 -0.694287 1.478856 -3.924876 2.742227 1.519893 -2.987785 -13.344731 6.087868 6.839799 -60.409664 1.024285 5.956608 2.803235 -17.502199 29.069606 -14.623749 -15.189068 2.668057 8.125698 -2.609078 4.532321 60.025270 2.742948 10.316280 -0.741180 10.820745 24.095763 6.084825 8.273052 -1.880555 
2.857974 -51.336349 13.751172 -174.691627 -1.506113 -0.660348 0.085502 4.700629 3.895272 -3.662472 5.658312 -5.004472 -5.572804 8.366748 9.792656 nan nan nan -2.974291 -8.607121 3.061855 3.115699 -5.511370 -4.733434 13.921584 -3.091590 14.166328 nan nan nan 1.749446 2.166980 1.719184 -2.328027 -1.550232 -3.099069 -0.836719 -0.916751 3.838114 -0.725583 1.399447 -3.402355 2.766316 1.651765 -3.290807 -13.538719 6.146242 7.174102 -60.284897 1.013057 5.894324 2.982315 -17.514343 28.987128 -14.790724 -15.037414 2.940643 8.319332 -2.764269 4.859438 59.810893 2.691207 10.170659 -0.797836 10.933856 24.062822 6.262949 8.542026 -2.283135 
2.879970 -51.358734 13.752722 -174.736903 -1.447185 -0.470306 0.153481 4.514555 3.664062 -3.722661 5.579296 -4.986541 -5.043639 8.188472 9.690549 nan nan nan -2.848304 -8.627742 2.830883 3.084237 -5.548514 -4.742868 13.854142 -3.070296 14.183497 nan nan nan 1.718643 2.151508 1.409700 -2.268825 -1.558437 -3.022258 -0.848213 -0.939279 3.815780 -0.705081 1.444215 -3.339842 2.726279 1.592371 -3.334969 -13.508998 6.212902 7.238947 -60.280222 0.896088 5.934260 3.031064 -17.424913 28.968825 -14.927485 -15.080286 2.835351 8.316829 -2.827728 4.943394 59.845761 2.793436 10.242793 -0.838931 10.861234 24.091932 6.177757 8.694072 -2.365935 
2.896830 -51.378227 13.742975 -174.737889 -1.438914 -0.538565 0.189353 4.500647 3.717283 -3.766214 5.515617 -4.961904 -5.069587 8.060072 9.654753 nan nan nan -2.826122 -8.604221 2.900025 3.045762 -5.558238 -4.740852 13.854001 -3.007338 14.159286 nan nan nan 1.715583 2.140601 1.498972 -2.281899 -1.553869 -3.035480 -0.858618 -0.944059 3.826510 -0.718205 1.484052 -3.365892 2.700558 1.472969 -3.321656 -13.351787 6.245983 7.202431 -60.369178 0.807451 5.962530 3.039427 -17.393276 29.094027 -15.155813 -14.998498 2.641403 8.252746 -2.852451 4.895939 59.952886 2.859797 10.281997 -0.830155 10.778548 24.065071 6.100270 8.711620 -2.565576 
2.910675 -51.401047 13.729631 -174.721963 -1.472147 -0.658223 0.179368 4.553066 3.851739 -3.782662 5.516981 -4.987530 -5.495312 8.102941 9.714681 nan nan nan -2.846804 -8.536030 3.010079 3.042811 -5.550372 -4.711309 13.852732 -3.006022 14.108214 nan nan nan 1.695476 2.152437 1.653426 -2.288137 -1.548801 -3.033506 -0.854112 -0.933946 3.828131 -0.702744 1.573332 -3.494668 2.660527 1.411256 -3.228307 -13.271465 6.188010 7.157382 -60.457455 0.818871 6.020500 3.064392 -17.360110 29.087124 -14.878978 -15.015973 2.452512 8.244463 -2.780297 4.870557 59.989529 2.879794 10.295417 -0.846336 10.729334 23.923588 5.979575 8.728808 -2.883831 
2.907110 -51.415276 13.702978 -174.683786 -1.517747 -0.655770 0.087722 4.432487 3.852264 -3.745176 5.498210 -5.035726 -5.520907 8.252466 9.720135 nan nan nan -2.873912 -8.429953 2.963769 3.021831 -5.458508 -4.705474 13.871964 -3.118943 14.061645 nan nan nan 1.641530 2.180719 1.679682 -2.279689 -1.530614 -3.089438 -0.855777 -0.928437 3.886570 -0.632530 1.675126 -3.669064 2.615061 1.452496 -3.036124 -13.240461 6.149676 7.167947 -60.496758 0.768632 6.151750 3.037112 -17.223506 28.940646 -14.148370 -15.201890 2.098582 8.268116 -2.750232 4.840681 59.962317 2.900355 10.438503 -0.828187 10.684416 23.779834 5.825871 8.809246 -3.191738 
2.899927 -51.403191 13.670357 -174.633021 -1.511374 -0.615933 0.003688 4.246786 3.809313 -3.735537 5.430532 -5.067092 -5.143111 8.310408 9.603884 nan nan nan -2.934448 -8.371208 2.900031 3.036290 -5.382574 -4.728196 13.806459 -3.188285 13.975048 nan nan nan 1.592550 2.191860 1.691979 -2.291244 -1.517896 -3.183103 -0.887028 -0.941330 3.984867 -0.611892 1.707477 -3.831402 2.586033 1.347470 -2.883359 -13.152034 6.210765 7.173385 -60.484847 0.642693 6.265014 2.930795 -17.127247 28.976665 -13.922717 -15.362854 1.869058 8.271297 -2.803422 4.794972 60.000005 2.957850 10.600749 -0.834576 10.663039 23.739443 5.727263 8.869471 -3.314426 
2.891909 -51.404942 13.650670 -174.611384 -1.569929 -0.480430 -0.059787 4.065330 3.678355 -3.753214 5.510589 -5.123909 -4.936948 8.354663 9.637346 nan nan nan -2.965084 -8.210902 2.699323 3.091419 -5.379528 -4.689865 13.707450 -3.204545 13.935274 nan nan nan 1.578139 2.205636 1.560745 -2.297847 -1.469740 -3.258661 -0.946385 -0.919944 4.011631 -0.625802 1.700876 -3.865374 2.613602 1.100288 -2.827062 -13.082119 6.308542 7.199038 -60.390598 0.571725 6.335096 2.813478 -17.097753 29.050695 -14.098219 -15.530584 2.039797 8.310073 -2.854627 4.833080 60.005070 3.023510 10.680073 -0.851137 10.563495 23.727520 5.674943 8.964411 -3.389003 
2.902761 -51.413548 13.654020 -174.668656 -1.612482 -0.468005 0.025342 4.104298 3.682287 -3.807703 5.567167 -5.156353 -5.261939 8.362958 9.739994 nan nan nan -2.927626 -8.161885 2.676286 3.161208 -5.468845 -4.671891 13.723123 -3.255638 14.171470 nan nan nan 1.655944 2.190047 1.507254 -2.306810 -1.446784 -3.247011 -0.959602 -0.910506 4.019830 -0.678543 1.670638 -3.888798 2.593113 1.077909 -2.811341 -13.112732 6.286388 7.195693 -60.329319 0.606883 6.262929 2.809349 -17.088683 28.943620 -14.225756 -15.706390 2.165293 8.283629 -2.813622 4.830814 60.016366 3.061000 10.662685 -0.813201 10.455902 23.671631 5.573470 9.003864 -3.370915 
2.900669 -51.420784 13.654564 -174.679575 -1.618749 -0.509697 0.050601 4.097163 3.745679 -3.838528 5.566243 -5.204179 -5.526592 8.381353 9.803325 nan nan nan -2.937565 -8.136650 2.739128 3.216920 -5.555762 -4.692618 13.758530 -3.388101 14.258925 nan nan nan 1.699212 2.174962 1.485904 -2.319686 -1.446510 -3.150436 -0.970940 -0.914755 4.034055 -0.718615 1.667349 -3.988978 2.506287 1.136876 -2.795837 -13.159625 6.252942 7.129521 -60.331689 0.612803 6.245939 2.898800 -17.050634 28.801760 -14.191949 -15.687821 2.087823 8.293930 -2.783814 4.750206 60.009289 3.093232 10.719568 -0.821218 10.384077 23.657054 5.524885 8.969227 -3.284574 
2.900495 -51.420498 13.648674 -174.662767 -1.602430 -0.552163 0.037033 4.119207 3.767311 -3.835915 5.512260 -5.190330 -5.565040 8.361239 9.771914 nan nan nan -2.949841 -8.128729 2.787625 3.202405 -5.520130 -4.700599 13.742931 -3.490474 14.178721 nan nan nan 1.694252 2.170575 1.511388 -2.324565 -1.448045 -3.108900 -0.966862 -0.925216 3.999289 -0.752007 1.612804 -3.976515 2.506393 1.188774 -2.816568 -13.175998 6.217176 7.141620 -60.293351 0.605864 6.258536 2.849074 -17.038485 28.857112 -14.042263 -15.666891 2.037911 8.295552 -2.728084 4.745494 60.000119 3.067197 10.733263 -0.824801 10.376581 23.584250 5.475270 8.983278 -3.288450 
2.917890 -51.412384 13.641037 -174.640316 -1.567540 -0.553363 0.019774 4.088364 3.735423 -3.824931 5.419457 -5.142607 -5.374342 8.351992 9.696901 nan nan nan -2.946465 -8.143732 2.827388 3.147018 -5.374491 -4.766356 13.684228 -3.513903 14.077908 nan nan nan 1.630811 2.192671 1.507106 -2.310542 -1.461644 -3.108382 -0.936930 -0.957836 3.983434 -0.746399 1.569910 -3.909378 2.500049 1.267119 -2.832417 -13.178796 6.173947 7.251349 -60.249575 0.589824 6.241501 2.774275 -17.109182 28.923545 -13.909927 -15.610904 2.018451 8.260785 -2.680283 4.822146 60.054582 3.058939 10.709179 -0.868389 10.418454 23.464802 5.463688 8.960610 -3.336348 
2.909472 -51.423824 13.645658 -174.632641 -1.638778 -0.510154 -0.037608 4.032204 3.711805 -3.787778 5.355743 -5.193891 -4.985296 8.401374 9.667996 nan nan nan -3.005534 -8.202006 2.741365 3.229969 -5.455155 -4.776910 13.731174 -3.490164 14.157982 nan nan nan 1.629230 2.215635 1.463392 -2.306759 -1.426638 -3.173555 -0.925007 -0.966152 4.017642 -0.736934 1.578917 -3.879516 2.422132 1.343144 -2.785030 -13.167915 6.213583 7.301211 -60.319384 0.563908 6.285703 2.820085 -17.111715 28.883557 -13.614237 -15.537880 1.885253 8.229667 -2.701381 4.874003 60.044237 3.111050 10.712687 -0.851954 10.401875 23.416774 5.324579 8.932378 -3.326407 
2.934276 -51.428192 13.649846 -174.629888 -1.619409 -0.531502 -0.026657 4.038206 3.722460 -3.802437 5.344513 -5.171853 -5.039417 8.405925 9.676419 nan nan nan -3.016244 -8.300607 2.743152 3.251556 -5.551627 -4.723987 13.770536 -3.468231 14.140991 nan nan nan 1.575562 2.241145 1.468770 -2.285976 -1.448183 -3.147991 -0.908458 -0.978405 4.028461 -0.716985 1.607737 -3.909391 2.430384 1.288228 -2.753199 -13.139671 6.200172 7.292006 -60.356032 0.577684 6.321781 2.868893 -17.178678 28.884986 -13.349150 -15.510396 1.769014 8.283506 -2.732612 4.843112 60.000585 3.096631 10.678404 -0.850635 10.436121 23.399654 5.226497 8.946128 -3.369296 
2.947370 -51.432209 13.654917 -174.630615 -1.657639 -0.532239 -0.028458 4.088464 3.707271 -3.803032 5.417715 -5.139091 -5.334731 8.439626 9.674243 nan nan nan -3.007766 -8.331355 2.690660 3.237047 -5.534184 -4.603518 13.805107 -3.398784 14.096821 nan nan nan 1.552615 2.269969 1.435870 -2.277225 -1.440578 -3.128681 -0.911997 -0.968579 4.065943 -0.668301 1.645999 -3.979543 2.442538 1.209212 -2.699100 -13.141754 6.167622 7.225786 -60.352142 0.612479 6.355554 2.902231 -17.166088 28.814482 -13.178842 -15.509914 1.869664 8.350533 -2.734720 4.773610 59.932083 3.108210 10.649675 -0.819363 10.354250 23.316309 5.233033 9.001944 -3.395107 
2.961493 -51.428833 13.651445 -174.671490 -1.656600 -0.587281 0.029446 4.138539 3.724883 -3.790365 5.452997 -5.070715 -5.451191 8.384430 9.659142 nan nan nan -2.962210 -8.347712 2.758958 3.229281 -5.504558 -4.609409 13.744092 -3.403936 14.148655 nan nan nan 1.598257 2.255585 1.545803 -2.284622 -1.437259 -3.206416 -0.899170 -0.960881 4.043651 -0.681825 1.513618 -3.931146 2.466021 1.233144 -2.694639 -13.131010 6.138452 7.268130 -60.377840 0.588278 6.239764 2.936320 -17.064338 28.773064 -13.258087 -15.624908 2.017080 8.257761 -2.663389 4.822615 60.033812 3.100896 10.570594 -0.860422 10.270713 23.301726 5.368389 9.082068 -3.363499 
2.953877 -51.433491 13.650087 -174.639518 -1.743893 -0.505569 -0.039080 4.050588 3.661009 -3.796168 5.517982 -5.110010 -5.184756 8.438557 9.653424 nan nan nan -3.008946 -8.237112 2.652020 3.251496 -5.528305 -4.601088 13.733145 -3.451510 14.206073 nan nan nan 1.574052 2.270969 1.371992 -2.281156 -1.401811 -3.135874 -0.975002 -0.897003 4.130527 -0.583344 1.682638 -4.057035 2.540588 1.020308 -2.640206 -13.091601 6.217292 7.192635 -60.304845 0.460765 6.344930 2.888700 -16.934804 28.599327 -13.538816 -15.746182 2.000378 8.381452 -2.738767 4.806351 59.996846 3.192724 10.682808 -0.913002 10.238476 23.144226 5.360504 9.092412 -3.417378 
2.971044 -51.426922 13.638084 -174.568392 -1.688009 -0.471312 -0.108378 3.933234 3.605783 -3.816651 5.427352 -5.101591 -4.857053 8.445554 9.552961 nan nan nan -3.052971 -8.239086 2.607560 3.181313 -5.471048 -4.609493 13.678738 -3.460124 13.963095 nan nan nan 1.430348 2.310410 1.241060 -2.256581 -1.419237 -2.998234 -0.974233 -0.931115 4.183443 -0.467275 1.829633 -4.179835 2.555786 0.986588 -2.602676 -13.024096 6.213684 7.195838 -60.280839 0.391961 6.462502 2.847310 -17.026057 28.545518 -13.515132 -15.653006 1.780557 8.425392 -2.778946 4.748519 60.049540 3.233446 10.806385 -0.993571 10.229365 22.940443 5.343854 9.010476 -3.453694 
2.967217 -51.451279 13.639522 -174.606811 -1.681998 -0.524736 -0.068995 3.952999 3.687478 -3.833034 5.327945 -5.146795 -4.766099 8.458167 9.526689 nan nan nan -3.066510 -8.337563 2.642918 3.304821 -5.542216 -4.526757 13.666140 -3.583202 14.117659 nan nan nan 1.493126 2.280560 1.333154 -2.265885 -1.421317 -3.038285 -0.947037 -0.936219 4.207671 -0.452405 1.791944 -4.197544 2.568366 1.116511 -2.635824 -13.053398 6.228086 7.176505 -60.329848 0.478907 6.400580 2.843541 -17.163497 28.661539 -13.170692 -15.429038 1.847596 8.394618 -2.740181 4.739706 60.036655 3.216384 10.806217 -0.913170 10.249982 23.207554 5.044646 8.743157 -3.083537 
2.858001 -51.411781 13.552382 -174.329628 -2.284555 -1.149593 -0.495924 4.277356 4.533501 -3.729189 5.272816 -5.488082 -4.902954 8.880938 9.594385 nan nan nan -3.657412 -8.104407 3.056755 3.401144 -5.412427 -4.174153 13.894863 -3.250342 14.002783 nan nan nan 1.480732 2.420715 2.323454 -2.508823 -1.178137 -3.238585 -0.954262 -0.781663 4.416815 -0.321686 1.992590 -4.796749 2.575992 0.902048 -2.337348 -12.832116 6.118944 6.850544 -60.531101 0.518912 6.514432 2.776839 -17.230671 28.944702 -12.805701 -15.479308 1.527523 8.272523 -2.597684 4.408110 60.208548 3.236925 10.964456 -0.853725 10.201864 23.529859 4.729146 8.288389 -2.477626 
2.968332 -51.425304 13.644098 -174.596303 -1.725257 -0.609143 -0.046325 4.071229 3.813421 -3.855265 5.370381 -5.183642 -5.310372 8.526863 9.656258 nan nan nan -3.090136 -8.231318 2.788636 3.309077 -5.624230 -4.558160 13.654415 -3.592525 14.171554 nan nan nan 1.454969 2.285023 1.431102 -2.271525 -1.436036 -3.026856 -0.918597 -0.902596 4.239313 -0.338516 1.830927 -4.210509 2.661300 1.000306 -2.788373 -13.077939 6.168426 7.131605 -60.309290 0.590861 6.434905 2.854987 -17.290128 28.790855 -12.959407 -15.421181 1.781210 8.446221 -2.712119 4.713120 59.992872 3.216309 10.916794 -0.764635 10.204835 23.893327 4.688910 8.233879 -2.474891 
2.973239 -51.434292 13.644586 -174.612229 -1.704635 -0.584928 -0.019249 3.992332 3.776061 -3.878231 5.382345 -5.171471 -5.198428 8.519936 9.605875 nan nan nan -3.071297 -8.285771 2.752451 3.326140 -5.664071 -4.563878 13.670222 -3.654394 14.303999 nan nan nan 1.443661 2.283823 1.313269 -2.243591 -1.464214 -2.875918 -0.922606 -0.891927 4.203058 -0.333491 1.748891 -4.186081 2.696381 0.957492 -2.906564 -13.089612 6.136577 7.092197 -60.261638 0.619083 6.500899 2.776984 -17.300855 28.857486 -12.933085 -15.351154 1.870809 8.452351 -2.676380 4.709454 59.993851 3.213261 10.933482 -0.776442 10.219571 23.805829 4.713015 8.241399 -2.486330 
2.978220 -51.434410 13.641506 -174.566971 -1.722084 -0.514448 -0.091416 3.920605 3.707727 -3.863906 5.328724 -5.185199 -4.835151 8.480459 9.520803 nan nan nan -3.117292 -8.354805 2.603438 3.301211 -5.728621 -4.515995 13.778483 -3.577487 14.314896 nan nan nan 1.354907 2.321919 1.218848 -2.229663 -1.455834 -2.889172 -0.911309 -0.893594 4.226967 -0.267395 1.710194 -4.171973 2.721975 0.848692 -2.919383 -13.062729 6.146817 7.067752 -60.247368 0.561078 6.585975 2.746104 -17.184467 28.844800 -12.966397 -15.331679 1.858872 8.492666 -2.716448 4.701599 59.958054 3.193680 10.996427 -0.777993 10.268268 23.778078 4.640462 8.221772 -2.467137 
2.988899 -51.455448 13.661136 -174.641704 -1.738134 -0.607422 0.010967 3.988260 3.824306 -3.867701 5.293363 -5.180134 -4.853374 8.430005 9.524850 nan nan nan -3.150381 -8.457243 2.736831 3.457752 -5.948527 -4.488360 14.020206 -3.698094 14.941992 nan nan nan 1.482472 2.290666 1.426056 -2.262837 -1.452899 -3.051655 -0.887844 -0.865698 4.191400 -0.292910 1.525208 -4.055777 2.786279 0.967279 -2.897929 -13.140022 6.073356 7.100311 -60.260377 0.502308 6.304842 2.831973 -16.908782 28.525522 -13.139155 -15.354219 1.942131 8.413160 -2.627572 4.746618 59.972924 3.100905 10.858488 -0.750716 10.269150 23.735363 4.631278 8.240734 -2.457521 
2.987932 -51.423527 13.650183 -174.577362 -1.777878 -0.561996 -0.060256 3.909017 3.769169 -3.902810 5.391207 -5.190203 -5.111921 8.544204 9.525030 nan nan nan -3.136274 -8.301689 2.609697 3.308100 -5.856811 -4.350958 13.848715 -3.707463 14.305338 nan nan nan 1.386813 2.316698 1.310488 -2.247199 -1.421799 -2.950529 -0.900444 -0.875812 4.219376 -0.151632 1.658435 -4.199696 2.732226 0.850062 -2.754663 -13.080107 6.128922 7.060155 -60.245347 0.398866 6.349508 2.838259 -16.883346 28.296808 -13.479757 -15.307559 1.704297 8.395378 -2.696695 4.708420 60.061323 3.210748 10.991537 -0.839791 10.219412 23.568052 4.648048 8.205837 -2.498980 
2.991685 -51.426105 13.647625 -174.576954 -1.754554 -0.536106 -0.072009 3.878888 3.717154 -3.895372 5.418681 -5.164549 -5.284315 8.558314 9.539722 nan nan nan -3.115833 -8.276232 2.581284 3.268863 -5.930162 -4.377774 13.837755 -3.699957 14.366183 nan nan nan 1.372679 2.334100 1.237807 -2.232574 -1.432123 -2.874832 -0.903194 -0.886979 4.207763 -0.116218 1.654416 -4.191112 2.768546 0.768653 -2.763836 -13.117075 6.096763 7.066593 -60.211245 0.410606 6.370387 2.873654 -16.932999 28.196996 -13.678142 -15.296153 1.773715 8.403468 -2.720567 4.675315 60.058041 3.218584 11.002824 -0.838178 10.193194 23.595719 4.654675 8.184838 -2.469950 
2.992953 -51.425125 13.644363 -174.555103 -1.747799 -0.528865 -0.120254 3.817267 3.726571 -3.879777 5.365751 -5.198396 -5.114175 8.579139 9.516144 nan nan nan -3.150305 -8.292872 2.587032 3.278582 -5.894202 -4.413460 13.863303 -3.696950 14.475220 nan nan nan 1.347972 2.367441 1.202336 -2.226285 -1.427972 -2.854263 -0.911210 -0.888028 4.240960 -0.089750 1.529860 -4.229073 2.817151 0.606151 -2.774517 -13.123143 6.087569 7.087599 -60.197106 0.349160 6.403580 2.883418 -16.923122 28.135878 -13.681258 -15.311112 1.687945 8.413019 -2.742886 4.656771 60.071695 3.202512 11.010294 -0.869412 10.204011 23.551483 4.587249 8.145088 -2.460635 
2.982177 -51.431286 13.633046 -174.532894 -1.733316 -0.484205 -0.176543 3.752214 3.686606 -3.872807 5.260444 -5.227708 -4.716303 8.568979 9.471607 nan nan nan -3.178821 -8.363404 2.478623 3.280587 -5.954380 -4.368193 13.858459 -3.694302 14.493800 nan nan nan 1.332503 2.384886 1.205528 -2.220802 -1.413710 -2.943110 -0.898897 -0.896448 4.267173 -0.086627 1.350702 -4.231364 2.806412 0.554949 -2.791820 -13.134290 6.098769 7.150687 -60.159464 0.333021 6.438352 2.818630 -16.966242 28.277365 -13.550098 -15.365427 1.628546 8.356865 -2.770218 4.661095 60.130585 3.149638 11.014925 -0.909555 10.241968 23.536195 4.481519 8.163955 -2.445922 
2.973053 -51.464287 13.652406 -174.630416 -1.712076 -0.647980 -0.052686 3.884949 3.877601 -3.856498 5.117663 -5.230666 -4.636800 8.480841 9.470202 nan nan nan -3.244601 -8.524729 2.732704 3.470410 -6.209021 -4.380356 14.297676 -3.830623 15.462438 nan nan nan 1.536454 2.316184 1.493623 -2.264874 -1.434317 -3.084783 -0.867177 -0.866445 4.239012 -0.200220 1.091654 -4.068127 2.801603 0.834254 -2.882354 -13.250057 5.966553 7.227235 -60.135760 0.459844 6.217438 2.752970 -16.978760 28.354311 -13.289036 -15.486647 1.958293 8.209257 -2.615519 4.625894 60.132525 2.999137 10.851381 -0.797410 10.210976 23.620028 4.587551 8.290825 -2.252095 
2.970304 -51.453678 13.664938 -174.568672 -1.744300 -0.583015 -0.115482 3.864833 3.821310 -3.878612 5.187337 -5.245411 -4.788007 8.497027 9.524729 nan nan nan -3.316953 -8.496549 2.684220 3.477788 -6.282444 -4.358368 14.494112 -3.886108 15.573254 nan nan nan 1.482364 2.334947 1.280736 -2.266483 -1.438241 -2.957744 -0.873441 -0.878856 4.274089 -0.168595 1.105785 -4.037770 2.710517 0.940688 -2.911643 -13.290130 5.969410 7.255428 -60.115657 0.436014 6.182065 2.747441 -16.960069 28.181617 -13.174953 -15.461095 2.156183 8.201204 -2.584339 4.650570 60.119767 3.074099 10.909900 -0.752344 10.164927 23.571275 4.641681 8.246008 -2.144933 
2.979048 -51.421696 13.641868 -174.467726 -1.731908 -0.441377 -0.221956 3.713765 3.633610 -3.914304 5.305794 -5.218644 -4.869778 8.567767 9.546389 nan nan nan -3.291503 -8.355123 2.466055 3.349840 -6.116716 -4.261222 14.228033 -3.838894 14.715996 nan nan nan 1.292472 2.378494 0.980581 -2.222585 -1.446821 -2.770585 -0.894524 -0.952518 4.309215 -0.066628 1.276479 -4.114890 2.627011 0.808964 -2.955632 -13.200239 6.080393 7.244002 -60.102549 0.379837 6.408660 2.690742 -17.057022 28.252392 -13.163334 -15.435917 2.019588 8.268367 -2.671721 4.658980 60.146441 3.257534 11.106408 -0.791706 10.139447 23.426329 4.478660 8.151358 -2.251338 
2.984468 -51.422932 13.625705 -174.491629 -1.735128 -0.425004 -0.195534 3.649355 3.606798 -3.905522 5.326821 -5.226279 -4.746190 8.555811 9.521934 nan nan nan -3.235186 -8.336837 2.392237 3.319412 -6.075491 -4.233585 14.084062 -3.744557 14.419509 nan nan nan 1.303922 2.384910 0.960977 -2.193341 -1.446619 -2.718423 -0.896598 -0.977073 4.255476 -0.077180 1.279868 -4.081600 2.570183 0.724632 -3.040762 -13.189308 6.047001 7.273102 -60.082951 0.415797 6.526945 2.651605 -17.120904 28.439401 -13.335989 -15.447267 1.941244 8.251947 -2.672720 4.665905 60.166989 3.251348 11.137581 -0.830944 10.187379 23.396357 4.462997 8.158747 -2.430024 
2.991747 -51.431438 13.624025 -174.559304 -1.747367 -0.438020 -0.109238 3.721566 3.612139 -3.915111 5.315947 -5.206780 -4.789200 8.465117 9.498384 nan nan nan -3.164165 -8.360509 2.369387 3.320304 -6.050598 -4.197206 13.959165 -3.677523 14.391101 nan nan nan 1.387814 2.361112 1.042207 -2.188806 -1.435650 -2.777431 -0.875349 -0.986775 4.216565 -0.149879 1.254229 -4.059224 2.527041 0.784174 -3.061670 -13.235845 5.976510 7.307741 -60.094031 0.481342 6.467850 2.710702 -17.124438 28.447747 -13.486046 -15.464839 1.934557 8.204608 -2.653244 4.638546 60.162271 3.212631 11.065631 -0.838154 10.166675 23.452259 4.656280 8.208306 -2.467793 
2.994126 -51.444027 13.640286 -174.628785 -1.736024 -0.491479 -0.006004 3.843013 3.666133 -3.948576 5.356705 -5.181600 -5.169211 8.366912 9.542837 nan nan nan -3.121127 -8.408796 2.451530 3.362775 -6.125994 -4.220240 13.941789 -3.639018 14.559338 nan nan nan 1.498645 2.319805 1.165856 -2.209776 -1.455089 -2.849074 -0.846398 -0.997320 4.153936 -0.258584 1.204700 -3.966483 2.546433 0.911229 -3.080543 -13.305648 5.901013 7.323794 -60.154886 0.651295 6.324330 2.802994 -17.186437 28.429223 -13.560326 -15.437874 2.042868 8.163071 -2.541613 4.701767 60.138706 3.179635 10.873513 -0.823285 10.109892 23.497727 4.720840 8.261448 -2.389891 
3.003189 -51.437969 13.637128 -174.595835 -1.715195 -0.487517 -0.041180 3.787809 3.662037 -3.971945 5.353355 -5.202691 -5.253226 8.422542 9.613731 nan nan nan -3.140036 -8.368904 2.456347 3.350159 -6.136641 -4.222457 13.948005 -3.682311 14.516708 nan nan nan 1.452641 2.328978 1.132519 -2.210116 -1.472364 -2.791533 -0.850567 -1.022524 4.138428 -0.288394 1.233040 -3.945570 2.569236 0.948475 -3.112550 -13.278798 5.853130 7.368805 -60.188422 0.684385 6.383110 2.818993 -17.255048 28.406931 -13.449036 -15.465925 1.844145 8.153004 -2.493031 4.724119 60.159519 3.195583 10.842080 -0.850630 10.150734 23.205700 4.793059 8.284113 -2.855266 
3.009130 -51.437248 13.630842 -174.601758 -1.723158 -0.527711 -0.036550 3.807732 3.701010 -3.975889 5.352676 -5.199539 -5.284798 8.469556 9.650521 nan nan nan -3.145082 -8.360552 2.475939 3.351802 -6.156882 -4.187849 14.010994 -3.696461 14.557027 nan nan nan 1.455791 2.317863 1.169759 -2.209002 -1.470246 -2.744672 -0.857090 -1.037025 4.114958 -0.321134 1.278151 -3.980161 2.559434 1.020164 -3.064338 -13.259211 5.820533 7.403919 -60.233824 0.706291 6.411247 2.905788 -17.321795 28.396527 -13.354621 -15.508035 1.664715 8.136742 -2.468160 4.693523 60.140567 3.217974 10.741022 -0.875241 10.203133 22.731159 4.977952 8.498066 -3.662173 
2.996974 -51.427742 13.628720 -174.586317 -1.741639 -0.522955 -0.067645 3.852837 3.691515 -3.961450 5.328962 -5.191271 -5.250759 8.473852 9.628072 nan nan nan -3.158477 -8.347033 2.464952 3.309268 -6.019171 -4.185177 13.969958 -3.628837 14.480745 nan nan nan 1.489076 2.295242 1.151037 -2.238978 -1.464130 -2.721597 -0.903172 -1.025269 4.155344 -0.337562 1.355350 -4.161670 2.561854 1.011032 -2.965153 -13.220082 5.843409 7.402660 -60.250758 0.706459 6.400750 2.951910 -17.393131 28.390990 -13.309262 -15.495366 1.563460 8.138020 -2.490297 4.644736 60.160498 3.268730 10.695824 -0.901558 10.190817 22.533194 5.098761 8.645278 -3.935900 
2.988416 -51.414986 13.623562 -174.560813 -1.761153 -0.466238 -0.112138 3.842867 3.612349 -3.937239 5.349953 -5.154209 -5.100870 8.459373 9.532436 nan nan nan -3.179250 -8.341843 2.368764 3.297392 -5.979261 -4.147181 13.915060 -3.556844 14.387141 nan nan nan 1.506943 2.284166 1.094279 -2.272683 -1.454835 -2.755909 -0.949284 -1.017409 4.209017 -0.344825 1.498467 -4.259090 2.565875 0.987092 -2.908301 -13.209709 5.885178 7.401496 -60.180788 0.681564 6.384033 2.905590 -17.385901 28.392478 -13.533176 -15.548703 1.666269 8.196765 -2.527527 4.678574 60.152734 3.337226 10.754990 -0.871002 10.156325 22.743045 4.943446 8.617821 -3.485054 
2.984407 -51.418495 13.619806 -174.550996 -1.718227 -0.436793 -0.129690 3.804751 3.576764 -3.929961 5.369590 -5.146888 -4.895716 8.371517 9.455987 nan nan nan -3.180873 -8.369529 2.309995 3.313464 -6.065606 -4.118615 13.880635 -3.546632 14.355906 nan nan nan 1.512567 2.268120 1.068733 -2.288748 -1.467395 -2.787584 -0.965488 -1.047353 4.227625 -0.396132 1.553901 -4.237599 2.559106 0.991744 -2.954464 -13.235922 5.934901 7.423716 -60.132424 0.574942 6.315150 2.943673 -17.235597 28.178526 -13.853641 -15.667101 1.729467 8.266853 -2.556443 4.736638 60.114840 3.427243 10.804895 -0.832397 10.078890 22.888381 4.703880 8.542180 -3.033971 
2.974732 -51.425068 13.621060 -174.568225 -1.685088 -0.486864 -0.088267 3.847965 3.639540 -3.970712 5.374932 -5.162238 -4.930511 8.315601 9.515304 nan nan nan -3.197545 -8.416818 2.392480 3.356007 -6.114362 -4.140534 13.916371 -3.487339 14.508724 nan nan nan 1.570519 2.246263 1.132191 -2.305711 -1.495073 -2.761927 -0.976139 -1.045206 4.192950 -0.503413 1.515136 -4.201606 2.562159 1.010252 -3.005150 -13.228177 5.907372 7.404327 -60.193044 0.571716 6.261740 3.008653 -17.114416 28.067574 -13.782651 -15.631429 1.846544 8.255212 -2.528738 4.731365 60.108426 3.441156 10.734400 -0.799131 10.032994 22.937653 4.782924 8.536391 -2.990432 
2.969854 -51.420273 13.617693 -174.589170 -1.658968 -0.521523 -0.045313 3.854714 3.676222 -3.989398 5.431815 -5.172622 -5.198101 8.343197 9.618070 nan nan nan -3.188629 -8.376614 2.459958 3.404000 -6.144858 -4.169928 13.905492 -3.559128 14.562463 nan nan nan 1.623069 2.218310 1.152646 -2.309778 -1.534685 -2.697702 -1.011698 -1.017673 4.186382 -0.552553 1.633762 -4.250165 2.571790 1.018093 -2.970156 -13.188920 5.856676 7.344576 -60.160727 0.675616 6.353296 2.836853 -17.152022 28.402268 -13.527641 -15.685622 2.344251 8.244146 -2.487471 4.714888 60.125830 3.467508 10.696709 -0.792715 10.007267 22.983111 4.766347 8.548841 -2.947797 
2.975553 -51.421288 13.611127 -174.589201 -1.652354 -0.527168 -0.060324 3.756756 3.671471 -3.950536 5.533072 -5.145489 -5.350034 8.395437 9.628523 nan nan nan -3.148304 -8.227380 2.485420 3.367635 -6.183337 -4.193965 13.946282 -3.676560 14.507459 nan nan nan 1.615741 2.197500 1.137968 -2.307761 -1.541344 -2.609144 -1.028146 -1.018312 4.162632 -0.529964 1.755109 -4.292623 2.546832 1.053028 -3.009875 -13.193443 5.874072 7.294742 -60.114706 0.710749 6.386788 2.820153 -17.262529 28.535843 -13.965886 -15.612034 2.657227 8.271854 -2.446923 4.740969 60.128404 3.467417 10.759513 -0.838568 10.077973 22.938906 4.823681 8.540298 -2.993731 
2.973587 -51.432709 13.625360 -174.566449 -1.672265 -0.535569 -0.086641 3.772314 3.683524 -3.943913 5.525216 -5.115339 -5.242224 8.352065 9.573254 nan nan nan -3.160947 -8.255938 2.502038 3.344769 -6.230619 -4.201269 14.039932 -3.692483 14.601552 nan nan nan 1.596129 2.202174 1.120319 -2.324322 -1.534438 -2.552937 -1.014467 -1.008041 4.099670 -0.576480 1.720143 -4.220887 2.554432 1.093885 -3.084947 -13.217428 5.874293 7.325234 -60.145860 0.737287 6.254786 3.001947 -17.436642 28.521081 -14.587299 -15.269872 2.696623 8.305579 -2.389272 4.833219 60.101902 3.405725 10.689693 -0.885571 10.196657 23.006541 5.049866 8.416024 -2.939336 
2.968349 -51.423164 13.628084 -174.499364 -1.691796 -0.467208 -0.162200 3.758957 3.614736 -3.965280 5.466806 -5.133702 -4.963785 8.295137 9.497487 nan nan nan -3.203668 -8.303493 2.396945 3.283066 -6.177697 -4.201935 14.023839 -3.611012 14.483083 nan nan nan 1.516268 2.247082 0.999314 -2.324861 -1.515151 -2.504961 -1.024888 -1.000268 4.075633 -0.593019 1.656555 -4.245432 2.566704 0.968590 -3.036175 -13.180772 5.894309 7.384199 -60.191203 0.714290 6.262222 3.118442 -17.577885 28.575507 -14.783001 -15.086622 2.536190 8.343449 -2.424738 4.888113 60.101767 3.360288 10.594115 -1.012571 10.330397 22.830381 5.372662 8.444856 -3.305984 
2.972903 -51.443420 13.647334 -174.573908 -1.681836 -0.535885 -0.074239 3.840757 3.691700 -3.949962 5.392459 -5.122727 -4.960093 8.211631 9.499821 nan nan nan -3.260528 -8.421733 2.526166 3.466470 -6.333440 -4.251294 14.291746 -3.579289 15.202793 nan nan nan 1.622796 2.223221 1.131942 -2.344407 -1.537762 -2.587830 -1.007958 -0.995059 4.052678 -0.663424 1.515314 -4.187060 2.648819 1.024550 -3.090154 -13.270651 5.834758 7.407173 -60.232896 0.805865 6.139402 3.151063 -17.541546 28.566930 -14.551905 -15.155696 2.818919 8.366663 -2.336465 4.911552 59.968976 3.251082 10.430025 -0.882406 10.384211 22.827329 5.284067 8.542921 -3.332939 
2.980058 -51.411068 13.633171 -174.481185 -1.706396 -0.445746 -0.179150 3.723189 3.592993 -3.973214 5.483991 -5.147454 -5.186062 8.364631 9.524336 nan nan nan -3.261965 -8.257201 2.380138 3.291649 -6.184024 -4.194404 14.222018 -3.446375 14.634685 nan nan nan 1.459749 2.271814 0.939890 -2.316218 -1.540512 -2.483973 -1.033382 -1.035305 4.153963 -0.560649 1.822427 -4.349237 2.607521 0.834091 -3.079270 -13.192694 5.936771 7.314495 -60.185173 0.768248 6.361274 3.094660 -17.602739 28.588832 -14.466437 -15.164909 2.795122 8.509414 -2.458192 4.855385 59.922631 3.405836 10.723665 -0.810432 10.327028 23.170304 4.818649 8.201663 -2.722859 
2.870258 -51.374527 13.542024 -174.245944 -2.293374 -1.131127 -0.575211 4.035604 4.477513 -3.822246 5.435416 -5.465296 -5.378243 8.857511 9.641728 nan nan nan -3.834564 -8.078252 2.829776 3.455740 -6.125310 -3.779242 14.523992 -3.169746 14.604171 nan nan nan 1.540975 2.403543 2.067695 -2.573968 -1.280400 -2.732657 -1.064672 -0.900882 4.338397 -0.523005 2.059108 -4.928307 2.556123 0.719562 -2.731362 -13.026883 5.853464 6.932044 -60.251432 0.754322 6.450235 2.965453 -17.589731 28.843816 -14.578699 -15.350871 2.407548 8.393723 -2.322683 4.493549 60.083436 3.434734 10.851171 -0.785129 10.234493 23.238596 4.629421 7.933533 -2.267900 
2.980091 -51.374138 13.626237 -174.500039 -1.731714 -0.494386 -0.171630 3.757801 3.647808 -3.912693 5.488652 -5.162160 -5.506071 8.534734 9.647955 nan nan nan -3.233487 -8.180943 2.422909 3.288353 -6.184916 -4.147129 14.212344 -3.446944 14.482562 nan nan nan 1.494961 2.296674 1.067124 -2.325797 -1.500338 -2.572857 -1.066751 -1.036741 4.215461 -0.566796 1.992666 -4.391567 2.594939 0.777063 -3.017782 -13.201248 6.004112 7.246344 -60.077802 0.698646 6.456226 3.012503 -17.539630 28.660177 -14.614677 -15.387959 2.547067 8.595677 -2.567033 4.788317 59.883178 3.429425 10.849089 -0.766731 10.301422 23.472667 4.615954 8.025219 -2.466528 
2.976953 -51.376366 13.620950 -174.491473 -1.732578 -0.463099 -0.177793 3.713759 3.618858 -3.922352 5.479151 -5.161081 -5.383564 8.552817 9.598397 nan nan nan -3.225162 -8.184028 2.389247 3.278135 -6.134341 -4.154337 14.167322 -3.467631 14.443730 nan nan nan 1.472231 2.302921 0.991281 -2.317928 -1.501202 -2.544751 -1.075293 -1.026774 4.229743 -0.587605 2.015832 -4.361090 2.608463 0.790452 -3.057655 -13.173177 6.007260 7.265298 -60.117306 0.666636 6.506083 2.993219 -17.475010 28.537895 -14.269222 -15.425785 2.316047 8.608919 -2.576098 4.794041 59.879466 3.451015 10.903841 -0.751311 10.286103 23.465587 4.547202 8.031588 -2.523044 
2.969365 -51.385017 13.626683 -174.492741 -1.725635 -0.434996 -0.169989 3.699019 3.624391 -3.935733 5.483186 -5.214885 -5.254882 8.540098 9.589937 nan nan nan -3.197234 -8.205072 2.374943 3.235274 -5.961611 -4.177656 14.083421 -3.473350 14.461945 nan nan nan 1.473404 2.293561 0.881579 -2.317763 -1.506235 -2.495845 -1.081054 -1.004503 4.240389 -0.676564 2.065688 -4.250697 2.635555 0.867561 -3.159583 -13.145815 5.993320 7.261284 -60.141549 0.624383 6.497870 2.988112 -17.393204 28.305923 -14.060691 -15.320531 1.868486 8.656284 -2.581228 4.844304 59.847182 3.471492 10.941513 -0.763715 10.296216 23.572958 4.541402 8.033174 -2.428453 
2.956456 -51.403721 13.638903 -174.544846 -1.702995 -0.501521 -0.115933 3.794561 3.695588 -3.907665 5.498841 -5.211208 -5.345160 8.403690 9.622071 nan nan nan -3.158690 -8.249435 2.453187 3.284660 -6.065343 -4.186442 14.076781 -3.491100 14.676821 nan nan nan 1.589469 2.247401 0.992873 -2.356604 -1.500332 -2.515212 -1.091962 -0.970056 4.167050 -0.719487 2.056857 -4.138322 2.633442 0.951039 -3.225469 -13.243750 5.978944 7.204531 -59.998756 0.722383 6.351167 2.986929 -17.511316 28.539521 -14.586588 -15.194829 2.394707 8.692057 -2.546200 4.908003 59.834852 3.417231 10.749186 -0.838355 10.298331 23.681305 4.693378 8.066077 -2.178834 
2.843546 -51.367577 13.548082 -174.235636 -2.234427 -1.182823 -0.586814 4.080176 4.557031 -3.783750 5.337695 -5.491591 -5.061114 8.754928 9.587687 nan nan nan -3.813086 -8.069014 2.943403 3.437533 -5.985921 -3.883788 14.366881 -3.293613 14.702865 nan nan nan 1.593231 2.364379 2.154795 -2.642391 -1.259935 -2.831939 -1.118353 -0.830132 4.344978 -0.668854 2.151717 -4.710534 2.582372 0.895309 -2.852500 -13.066329 5.866012 6.905291 -60.054271 0.718347 6.391060 2.899320 -17.527619 28.907875 -14.443921 -15.345579 2.474529 8.556592 -2.387409 4.543212 60.055929 3.358983 10.779791 -0.888522 10.244872 23.456867 4.808051 7.959993 -1.981995 
2.959530 -51.373173 13.620901 -174.437564 -1.666873 -0.518828 -0.221005 3.721763 3.688662 -3.936928 5.398167 -5.182058 -4.930698 8.401613 9.542204 nan nan nan -3.283279 -8.222527 2.487307 3.305716 -6.012713 -4.249792 14.069579 -3.630077 14.627220 nan nan nan 1.464321 2.271834 1.163743 -2.389948 -1.495828 -2.716186 -1.089869 -0.979334 4.218967 -0.712830 2.071101 -4.213260 2.585433 1.055130 -3.134867 -13.206754 6.039138 7.242386 -59.901448 0.588606 6.338804 2.986994 -17.452334 28.669153 -14.565330 -15.270504 2.591651 8.745923 -2.651433 4.824493 59.870526 3.404364 10.802133 -0.879064 10.215933 23.604136 4.926566 8.063464 -2.207364 
2.963024 -51.381130 13.627448 -174.478893 -1.685872 -0.442183 -0.184697 3.678216 3.605058 -3.934010 5.499960 -5.173452 -4.921688 8.376258 9.548777 nan nan nan -3.214985 -8.247191 2.369376 3.301756 -5.991670 -4.183197 14.032268 -3.553900 14.582196 nan nan nan 1.478643 2.254903 1.027041 -2.359372 -1.505939 -2.667611 -1.062534 -0.987045 4.157091 -0.733214 2.090372 -4.085150 2.527733 1.193158 -3.197930 -13.184144 6.082338 7.295212 -60.015080 0.555689 6.206379 3.097199 -17.391786 28.503191 -14.690372 -15.225311 2.532868 8.621543 -2.650679 4.922279 59.934700 3.471135 10.789520 -0.856433 10.212927 23.737453 4.919927 8.178567 -2.294907 
2.962676 -51.392727 13.646056 -174.512146 -1.710391 -0.466180 -0.147652 3.779089 3.638875 -3.919270 5.521400 -5.175341 -5.206082 8.339767 9.622155 nan nan nan -3.201570 -8.310541 2.386963 3.325048 -6.048751 -4.123475 14.093382 -3.457639 14.674954 nan nan nan 1.531174 2.236327 1.041939 -2.375881 -1.508848 -2.677757 -1.048462 -0.980498 4.130405 -0.784747 2.072624 -4.001658 2.557162 1.246981 -3.251694 -13.169777 6.099006 7.269650 -60.077678 0.628349 6.123591 3.100391 -17.369354 28.407372 -14.447221 -15.237061 2.506834 8.537796 -2.588361 4.968624 59.980799 3.473726 10.741653 -0.800763 10.193557 23.754906 4.767891 8.204053 -2.254857 
2.964037 -51.397713 13.651718 -174.523298 -1.722843 -0.481776 -0.133342 3.803179 3.645544 -3.927861 5.550440 -5.158476 -5.397984 8.399975 9.641685 nan nan nan -3.201003 -8.317953 2.392669 3.319925 -6.016450 -4.106396 14.128546 -3.439492 14.691641 nan nan nan 1.516067 2.238941 1.057236 -2.366013 -1.504474 -2.675163 -1.033199 -0.991423 4.126629 -0.819401 2.037342 -4.007442 2.599424 1.216104 -3.306195 -13.152847 6.140439 7.214178 -60.139679 0.618644 6.176980 3.072271 -17.262564 28.203642 -14.109379 -15.314958 2.059896 8.563846 -2.568095 4.951955 59.931277 3.480639 10.820131 -0.768790 10.184769 23.643682 4.660591 8.153664 -2.350469 
2.959155 -51.389431 13.647160 -174.522025 -1.724288 -0.492224 -0.143298 3.799122 3.644055 -3.922697 5.535920 -5.139162 -5.406937 8.446652 9.609684 nan nan nan -3.182523 -8.270208 2.386148 3.242032 -5.918972 -4.099398 14.120863 -3.391787 14.615861 nan nan nan 1.504990 2.242792 1.053384 -2.354565 -1.494309 -2.633356 -1.035537 -0.997172 4.147907 -0.790758 2.056631 -4.121202 2.565374 1.202257 -3.205751 -13.140088 6.153334 7.180276 -60.195991 0.568355 6.210998 3.110431 -17.181355 28.027038 -14.030751 -15.434507 1.728107 8.540117 -2.590225 4.915655 59.941387 3.487030 10.839604 -0.826242 10.259924 23.378385 4.749826 8.261364 -2.765708 
2.970458 -51.386719 13.631093 -174.511902 -1.651381 -0.477007 -0.137299 3.756012 3.583250 -3.947140 5.507572 -5.077568 -5.296521 8.401453 9.555571 nan nan nan -3.174541 -8.295629 2.348773 3.234580 -5.954505 -4.072307 14.077345 -3.370636 14.617849 nan nan nan 1.471922 2.264355 1.050906 -2.339969 -1.501734 -2.602625 -1.034482 -1.017401 4.120333 -0.783239 2.048881 -4.176923 2.527280 1.210744 -3.148265 -13.130766 6.096986 7.210647 -60.177126 0.559659 6.227836 3.138639 -17.248236 28.246656 -14.223224 -15.418796 1.936361 8.497910 -2.607554 4.883680 60.005881 3.414358 10.716737 -0.978894 10.333100 23.025828 5.124899 8.538557 -3.392816 
2.966741 -51.391949 13.625879 -174.505919 -1.648179 -0.472826 -0.144683 3.718932 3.592386 -3.961632 5.465575 -5.110522 -5.012567 8.325305 9.526629 nan nan nan -3.176033 -8.319516 2.324982 3.228213 -5.940442 -4.072673 14.078138 -3.301340 14.560444 nan nan nan 1.469439 2.275648 1.065715 -2.346272 -1.488732 -2.602387 -1.032863 -1.010040 4.072265 -0.816295 1.965205 -4.143205 2.531381 1.147417 -3.213054 -13.123070 6.081342 7.246871 -60.100847 0.612171 6.242063 3.077906 -17.413559 28.577514 -14.609958 -15.301792 2.430664 8.509848 -2.587927 4.872885 60.025722 3.373320 10.646887 -1.009173 10.269524 23.062563 5.236241 8.640229 -3.117180 
2.963287 -51.401657 13.636238 -174.535205 -1.706387 -0.499891 -0.091554 3.778471 3.658342 -4.005041 5.466624 -5.159147 -5.021871 8.280226 9.542440 nan nan nan -3.163001 -8.280652 2.391105 3.261104 -5.966211 -4.114460 14.110652 -3.248940 14.642261 nan nan nan 1.523782 2.269746 1.110232 -2.365733 -1.467709 -2.657641 -1.034324 -0.979315 4.081965 -0.835108 1.982770 -4.151369 2.570597 1.069709 -3.223633 -13.149180 6.091515 7.228070 -60.069144 0.676622 6.169755 3.078783 -17.453426 28.628128 -14.788138 -15.245500 2.886234 8.536654 -2.554111 4.896174 60.022539 3.343160 10.680604 -0.928072 10.236009 23.509966 5.019055 8.440487 -2.376872 
2.962147 -51.397610 13.646454 -174.563983 -1.729815 -0.499851 -0.034522 3.833185 3.677807 -4.043538 5.511719 -5.176860 -5.239167 8.308039 9.622806 nan nan nan -3.123884 -8.225812 2.405898 3.289318 -6.039731 -4.110693 14.043488 -3.250785 14.625566 nan nan nan 1.562545 2.259310 1.058095 -2.368951 -1.466218 -2.613997 -1.037782 -0.973470 4.090326 -0.819088 2.082479 -4.204510 2.574867 1.066039 -3.151297 -13.184036 6.050817 7.242580 -60.120666 0.748776 6.112387 3.167466 -17.477110 28.416568 -14.606882 -15.233630 2.986349 8.554141 -2.498292 4.972698 59.991766 3.344552 10.713706 -0.838409 10.293238 23.766770 4.686395 8.209532 -2.100461 
2.850613 -51.354046 13.555071 -174.293730 -2.280712 -1.125626 -0.467452 4.141183 4.489223 -3.889244 5.388294 -5.469152 -5.066548 8.675468 9.618228 nan nan nan -3.715149 -8.045316 2.817018 3.448247 -5.869285 -3.767870 14.186667 -3.111899 14.566595 nan nan nan 1.573699 2.365875 2.057701 -2.624971 -1.230126 -2.821185 -1.044749 -0.859904 4.282528 -0.783339 2.156738 -4.750048 2.567833 1.053468 -2.826459 -12.995776 5.918478 6.970755 -60.351713 0.769039 6.178496 3.134249 -17.492510 28.524203 -14.061712 -15.279164 2.515903 8.389216 -2.271727 4.703510 60.166755 3.328309 10.783083 -0.848952 10.337141 23.503074 4.624922 8.000625 -2.054607 
2.950270 -51.360619 13.639841 -174.497566 -1.748201 -0.483359 -0.135778 3.895627 3.659897 -3.978304 5.372437 -5.169162 -4.904383 8.287176 9.518617 nan nan nan -3.195268 -8.218332 2.370606 3.296343 -5.886995 -4.117224 13.974599 -3.356420 14.516495 nan nan nan 1.471576 2.272813 1.050030 -2.381766 -1.454106 -2.649900 -1.021625 -0.998841 4.146931 -0.824326 2.042830 -4.191060 2.610808 1.142821 -3.206874 -13.148860 6.075972 7.250283 -60.194680 0.746046 6.209711 3.166205 -17.512083 28.505290 -14.049322 -15.097866 2.628685 8.601645 -2.501748 5.022681 59.922229 3.334537 10.730521 -0.827023 10.405022 23.669732 4.657197 8.062750 -2.281012 
2.948068 -51.380447 13.632898 -174.528172 -1.734395 -0.476276 -0.114517 3.877514 3.637450 -3.981772 5.387420 -5.152336 -4.934753 8.267966 9.533543 nan nan nan -3.136411 -8.272924 2.319271 3.243268 -5.916356 -4.075608 14.073028 -3.291000 14.538868 nan nan nan 1.491013 2.256012 1.054554 -2.357791 -1.475194 -2.603715 -1.026932 -0.973519 4.084574 -0.891482 2.049817 -4.108194 2.644468 1.062061 -3.366982 -13.089299 6.053933 7.237294 -60.224343 0.736494 6.279086 3.127235 -17.441761 28.554378 -14.074767 -15.220210 2.398701 8.607970 -2.488210 5.009951 59.905805 3.344861 10.710563 -0.832065 10.346353 23.720882 4.765897 8.173612 -2.375283 
2.953405 -51.389236 13.645411 -174.551502 -1.723211 -0.517653 -0.075972 3.867041 3.685021 -3.995227 5.409714 -5.161141 -5.177021 8.257800 9.587115 nan nan nan -3.110948 -8.276205 2.379156 3.222286 -5.917659 -4.076893 14.156744 -3.283057 14.647359 nan nan nan 1.543206 2.255857 1.115094 -2.359072 -1.502261 -2.619023 -1.058678 -0.947645 4.074038 -1.005342 2.070172 -4.086356 2.711792 0.933840 -3.393058 -13.025263 5.959542 7.228962 -60.219944 0.751215 6.341818 2.999198 -17.244088 28.377024 -13.770397 -15.518567 2.038585 8.599315 -2.455085 4.948646 59.960866 3.294629 10.741834 -0.861725 10.258463 23.642040 4.727549 8.256411 -2.478680 
2.961437 -51.386429 13.655354 -174.562633 -1.722560 -0.523271 -0.067865 3.824802 3.703133 -3.993174 5.418028 -5.188923 -5.265474 8.279526 9.608497 nan nan nan -3.113100 -8.252805 2.387768 3.250097 -5.955136 -4.053407 14.194110 -3.268036 14.679857 nan nan nan 1.555106 2.273381 1.107388 -2.347687 -1.491995 -2.624658 -1.054995 -0.967832 4.059940 -0.966812 2.179722 -4.139281 2.667403 1.004879 -3.254310 -13.060719 5.927881 7.249675 -60.180222 0.737633 6.344286 2.947238 -17.138628 28.236367 -13.698563 -15.707966 1.950163 8.551933 -2.453758 4.981127 60.010777 3.308595 10.787412 -0.900770 10.203823 23.559510 4.618057 8.315839 -2.501078 
2.970069 -51.386002 13.653104 -174.548862 -1.732176 -0.488326 -0.094552 3.791934 3.676219 -3.986231 5.442113 -5.220819 -5.258115 8.355614 9.666913 nan nan nan -3.114195 -8.194117 2.333455 3.220946 -5.937133 -4.043285 14.153836 -3.244119 14.637029 nan nan nan 1.517177 2.281079 1.004321 -2.334576 -1.477425 -2.568337 -1.051416 -0.986489 4.091536 -0.872112 2.321210 -4.221422 2.593541 1.128048 -3.210849 -13.089669 5.984237 7.259421 -60.182146 0.681727 6.338355 2.999674 -17.179164 28.263917 -13.768085 -15.669215 1.987867 8.527515 -2.506919 5.019295 60.054478 3.423481 10.838392 -0.914534 10.194086 23.605796 4.455146 8.218752 -2.515691 
2.883661 -51.350975 13.577229 -174.364098 -2.136640 -0.977088 -0.397655 3.971111 4.285063 -3.894528 5.244902 -5.427861 -5.084791 8.831604 9.676029 nan nan nan -3.559252 -8.061756 2.687524 3.354917 -5.732010 -3.812219 14.306482 -3.262537 14.542699 nan nan nan 1.534093 2.305374 1.878350 -2.485273 -1.267977 -2.857554 -0.792955 -0.999583 3.936172 -0.311586 2.951494 -4.739856 1.821245 3.264981 -2.596441 -13.298030 5.826403 7.382734 -60.265110 0.869481 5.930032 2.959382 -17.375375 28.866657 -13.483498 -15.507177 1.715571 7.799869 -2.239117 5.296130 60.534100 3.572731 10.873207 -0.984043 10.225536 23.647050 4.494765 8.068083 -2.688877 
2.880482 -51.340336 13.579006 -174.304677 -2.157864 -0.944577 -0.479031 4.025553 4.256965 -3.854117 5.347013 -5.431961 -5.169773 8.736883 9.726762 nan nan nan -3.635059 -8.086986 2.666483 3.364247 -5.920937 -3.803449 14.353231 -3.071087 14.631201 nan nan nan 1.502260 2.380707 1.762609 -2.551211 -1.279397 -2.801439 -1.070298 -0.908104 4.310082 -0.821143 2.172895 -4.625614 2.543425 0.953692 -2.936508 -12.963625 6.042904 7.041449 -60.294985 0.674148 6.330724 3.077833 -17.518229 28.899785 -14.148616 -15.162795 2.119167 8.477938 -2.453048 4.796703 60.078097 3.443589 10.809057 -0.799663 10.352027 23.786048 4.539306 7.844326 -2.437298 
2.953116 -51.358124 13.647949 -174.498893 -1.753199 -0.460964 -0.170589 3.796702 3.624202 -3.948299 5.465064 -5.197164 -5.235238 8.424359 9.703104 nan nan nan -3.229127 -8.274238 2.342982 3.319423 -6.130084 -4.056613 14.241006 -3.211352 14.829725 nan nan nan 1.524951 2.315795 0.988424 -2.383373 -1.458659 -2.603907 -1.099900 -0.983132 4.152683 -0.915457 2.073627 -4.170615 2.667700 0.825336 -3.246444 -13.141441 6.070266 7.237149 -60.074294 0.698893 6.308621 3.099379 -17.501183 28.697881 -14.613743 -15.044490 2.592047 8.672425 -2.593451 4.946343 59.891158 3.341886 10.768757 -0.803596 10.357641 23.926086 4.701914 7.966714 -2.290760 
2.850947 -51.329472 13.559456 -174.231206 -2.315689 -1.094565 -0.563670 4.090883 4.443716 -3.860883 5.375200 -5.481336 -4.989219 8.680547 9.701307 nan nan nan -3.840336 -8.167783 2.730220 3.485799 -5.988823 -3.645649 14.423846 -2.969585 14.830159 nan nan nan 1.546256 2.448181 1.957616 -2.639466 -1.221814 -2.738452 -1.163648 -0.828104 4.388170 -0.888219 2.107979 -4.768307 2.765939 0.379215 -2.877420 -12.881278 5.968552 6.882100 -60.236135 0.618406 6.427344 3.057275 -17.437623 28.776267 -14.561301 -15.266281 2.329669 8.587851 -2.437979 4.511325 60.100494 3.356793 10.873532 -0.877616 10.243423 23.703156 4.787699 7.955174 -1.966205 
2.952401 -51.355186 13.652968 -174.488307 -1.711594 -0.554307 -0.139837 3.780762 3.732753 -3.999958 5.350307 -5.179720 -4.834608 8.278327 9.623303 nan nan nan -3.346682 -8.328148 2.489196 3.478729 -6.045041 -4.034503 14.214210 -3.529383 15.128855 nan nan nan 1.573085 2.287451 1.142844 -2.420658 -1.465526 -2.659851 -1.097519 -0.980798 4.153720 -0.894521 2.048294 -4.193441 2.678442 1.119250 -3.206764 -13.211426 6.016918 7.285294 -60.011521 0.643240 6.164362 3.118121 -17.386126 28.637942 -14.710878 -15.232999 2.736126 8.603758 -2.520156 4.951257 60.034718 3.302719 10.768151 -0.961686 10.299062 23.682158 5.010456 8.152466 -2.134545 
2.950680 -51.343971 13.640901 -174.429601 -1.733029 -0.408659 -0.227418 3.660303 3.566224 -4.004996 5.475166 -5.182455 -4.845403 8.291779 9.607754 nan nan nan -3.269022 -8.237675 2.261739 3.265002 -6.021054 -4.071215 14.114572 -3.394651 14.651323 nan nan nan 1.460199 2.304649 0.825626 -2.384425 -1.474085 -2.447967 -1.121900 -0.987879 4.143610 -0.843422 2.101601 -4.140998 2.590599 0.997816 -3.302098 -13.141121 6.103635 7.255511 -60.003204 0.581937 6.259555 3.105625 -17.422595 28.551860 -14.857132 -15.183177 2.655223 8.592619 -2.590838 4.971370 60.111398 3.438464 10.860524 -1.036703 10.297622 23.612523 5.051790 8.158448 -2.164657 
2.943139 -51.367786 13.649674 -174.506359 -1.820109 -0.420329 -0.146222 3.764521 3.602662 -4.006272 5.527289 -5.210414 -5.102411 8.263504 9.629562 nan nan nan -3.199731 -8.187785 2.280129 3.257410 -5.955248 -4.051256 14.102764 -3.276257 14.658234 nan nan nan 1.553552 2.281678 0.822152 -2.374936 -1.451610 -2.425045 -1.112356 -0.926053 4.122195 -0.807870 2.176892 -4.142506 2.576571 1.046639 -3.319645 -13.157527 6.100951 7.161466 -60.046938 0.635364 6.178802 3.110783 -17.411299 28.450142 -15.059552 -15.049231 2.710911 8.562764 -2.568598 5.003890 60.070916 3.440205 10.781373 -0.978631 10.368838 23.698103 5.047020 8.103564 -2.138374 
2.866298 -51.341064 13.549436 -174.271505 -2.299859 -1.117951 -0.484053 4.049984 4.461019 -3.905851 5.417885 -5.471427 -5.170348 8.598763 9.672441 nan nan nan -3.760716 -8.099554 2.792150 3.437206 -5.929765 -3.724082 14.359808 -3.099406 14.767440 nan nan nan 1.549629 2.401445 2.003947 -2.616481 -1.247646 -2.717861 -1.072087 -0.815912 4.286930 -0.742274 2.245096 -4.738607 2.575946 0.996992 -2.906285 -12.976779 5.926591 6.876087 -60.227329 0.636643 6.200232 3.054480 -17.424531 28.637360 -14.909419 -15.123227 2.367856 8.402529 -2.370727 4.647051 60.248227 3.345565 10.842230 -0.945531 10.406372 23.573171 5.003649 8.005326 -2.077534 
2.977340 -51.344784 13.640810 -174.493749 -1.712527 -0.500156 -0.115671 3.764693 3.644872 -4.007473 5.456450 -5.155384 -5.310444 8.235489 9.679554 nan nan nan -3.229431 -8.331850 2.391033 3.292502 -6.060329 -4.041998 14.172127 -3.337198 14.803796 nan nan nan 1.476985 2.299551 1.029875 -2.378593 -1.510417 -2.551815 -1.045377 -0.978779 4.143474 -0.805604 2.127544 -4.153947 2.625668 1.122092 -3.227096 -13.184455 6.018185 7.192634 -60.053390 0.696560 6.185661 3.115325 -17.484562 28.581264 -14.861640 -15.059101 2.658987 8.590459 -2.537210 4.928357 60.048262 3.290189 10.798268 -0.944063 10.469320 23.705202 5.052113 8.096497 -2.302576 
2.969953 -51.345627 13.646498 -174.474266 -1.758245 -0.415406 -0.158185 3.704918 3.567538 -4.039342 5.505850 -5.178979 -5.334659 8.337519 9.716196 nan nan nan -3.221449 -8.351154 2.215167 3.219457 -6.013906 -3.897603 14.177296 -3.214469 14.630804 nan nan nan 1.452160 2.336608 0.835086 -2.355979 -1.504394 -2.443330 -1.072058 -0.962929 4.132503 -0.776535 2.193956 -4.121379 2.643858 1.065326 -3.242138 -13.161546 5.971699 7.197483 -60.089676 0.753064 6.307999 3.063700 -17.402853 28.543376 -14.260306 -15.261042 2.661265 8.577175 -2.496873 4.936348 60.100021 3.318971 10.826420 -0.980104 10.330634 23.639547 4.973024 8.225669 -2.391450 
2.962083 -51.347332 13.642891 -174.481659 -1.736347 -0.413501 -0.165923 3.640882 3.569614 -4.058448 5.525128 -5.178998 -5.391956 8.465057 9.767120 nan nan nan -3.230146 -8.327764 2.228584 3.273436 -6.008144 -3.903410 14.129971 -3.337282 14.604616 nan nan nan 1.469248 2.343061 0.838070 -2.346141 -1.513348 -2.455747 -1.079632 -0.961925 4.150970 -0.790833 2.141176 -4.154385 2.683143 1.045776 -3.244471 -13.156402 5.907139 7.204244 -60.141596 0.747749 6.392268 3.029223 -17.222444 28.342713 -13.632190 -15.497491 2.365186 8.564785 -2.472945 4.891235 60.110909 3.319448 10.889782 -0.968708 10.199763 23.597820 4.765021 8.274590 -2.375720 
2.965157 -51.350010 13.631796 -174.511078 -1.696281 -0.461653 -0.136385 3.627677 3.602530 -4.016089 5.489821 -5.148417 -5.336688 8.505836 9.740771 nan nan nan -3.211417 -8.319693 2.327142 3.303328 -6.015428 -4.015609 14.122246 -3.397853 14.699826 nan nan nan 1.493976 2.327673 0.928830 -2.335974 -1.521780 -2.485211 -1.071623 -0.980939 4.157558 -0.791879 2.082561 -4.204688 2.694237 0.994089 -3.223440 -13.162707 5.885117 7.237108 -60.156213 0.754739 6.419103 3.055911 -17.305770 28.488408 -13.696178 -15.419488 2.331250 8.573238 -2.472984 4.856538 60.100640 3.315119 10.879976 -1.002152 10.200399 23.665444 4.774334 8.203451 -2.312820 
2.896155 -51.327213 13.562961 -174.323601 -2.114765 -0.986169 -0.427810 3.933375 4.257725 -3.886669 5.385810 -5.330166 -5.163068 8.723109 9.704798 nan nan nan -3.627268 -8.222257 2.706351 3.359768 -5.942492 -3.793811 14.345783 -3.143759 14.771305 nan nan nan 1.523626 2.411807 1.825964 -2.543607 -1.319108 -2.740451 -1.062730 -0.904609 4.310518 -0.751074 2.133417 -4.700788 2.683373 0.873371 -2.904779 -13.022850 5.871501 7.013176 -60.235146 0.740108 6.341634 3.043235 -17.493078 28.819129 -14.054831 -15.200129 2.357728 8.429717 -2.409088 4.587304 60.268240 3.303121 10.845275 -1.038230 10.260005 23.763759 4.954527 7.958988 -1.973096 
2.896724 -51.308220 13.555580 -174.291986 -2.144526 -1.002489 -0.453849 4.038440 4.262460 -3.881050 5.389220 -5.303378 -5.236729 8.681507 9.696658 nan nan nan -3.634529 -8.256481 2.701210 3.261669 -5.911369 -3.753939 14.374191 -3.013123 14.710343 nan nan nan 1.485492 2.435399 1.876236 -2.562961 -1.310043 -2.763177 -1.031487 -0.920092 4.326886 -0.741643 2.101848 -4.670552 2.702656 0.906847 -2.941367 -13.063457 5.883439 6.978440 -60.191473 0.750696 6.257477 3.059908 -17.564720 28.762421 -14.216093 -15.045756 2.507957 8.445751 -2.406495 4.593204 60.215022 3.279264 10.794682 -0.983103 10.372108 23.811552 4.966523 7.875322 -1.817869 
2.976315 -51.329327 13.621173 -174.471154 -1.698606 -0.506187 -0.159249 3.779118 3.614375 -3.978785 5.430319 -5.069122 -5.204778 8.382301 9.644539 nan nan nan -3.224968 -8.437618 2.360045 3.224663 -6.011029 -3.962953 14.134843 -3.247643 14.670832 nan nan nan 1.437250 2.342767 1.050975 -2.362837 -1.510649 -2.530224 -1.030546 -1.029876 4.168792 -0.765119 2.018457 -4.182141 2.716479 0.988824 -3.271932 -13.254491 5.959906 7.224830 -59.965858 0.780431 6.242168 3.043580 -17.647002 28.658985 -14.504947 -14.959556 2.780148 8.630343 -2.515769 4.864546 60.006056 3.267712 10.761208 -0.967415 10.461539 23.832282 5.037277 7.993573 -1.964843 
2.971276 -51.344181 13.617846 -174.458575 -1.702805 -0.438274 -0.187093 3.632216 3.564016 -3.984926 5.455150 -5.135713 -4.909019 8.363765 9.612053 nan nan nan -3.217714 -8.354792 2.269291 3.238884 -5.944828 -3.959780 14.004220 -3.357188 14.507765 nan nan nan 1.419498 2.332918 0.906052 -2.339760 -1.510500 -2.410207 -1.089781 -1.005540 4.116572 -0.718367 2.144337 -4.167932 2.717041 0.872217 -3.265411 -13.219235 5.956591 7.227908 -59.899221 0.767070 6.366322 3.037478 -17.625553 28.612185 -14.715083 -15.088390 2.674542 8.692672 -2.535339 4.867702 60.037310 3.272308 10.880768 -1.078655 10.477285 23.691766 5.100448 8.028037 -2.122756 
2.966261 -51.358627 13.630185 -174.471072 -1.716021 -0.414934 -0.175363 3.594958 3.585242 -3.997722 5.450729 -5.203609 -4.895934 8.330490 9.621481 nan nan nan -3.207718 -8.292163 2.254510 3.266236 -5.909314 -3.964478 13.981173 -3.486051 14.512009 nan nan nan 1.445834 2.329092 0.828712 -2.332713 -1.496078 -2.373642 -1.119297 -0.979701 4.129095 -0.691406 2.179239 -4.150745 2.699423 0.803629 -3.255034 -13.209935 5.931470 7.233339 -59.895859 0.746521 6.424334 3.071613 -17.558538 28.554249 -14.498191 -15.272336 2.632869 8.692129 -2.539419 4.847758 60.054325 3.253008 10.937711 -1.085055 10.459989 23.661459 4.956313 8.128576 -2.258658 
2.965175 -51.371616 13.634027 -174.479852 -1.717690 -0.416249 -0.170528 3.595678 3.592514 -4.007568 5.488380 -5.202398 -5.138676 8.372298 9.665823 nan nan nan -3.215648 -8.298006 2.273120 3.296452 -5.943255 -3.988452 14.044702 -3.515171 14.617608 nan nan nan 1.470895 2.323539 0.817337 -2.337581 -1.503500 -2.365829 -1.126080 -0.960332 4.117755 -0.692450 2.120861 -4.122442 2.700612 0.820208 -3.267810 -13.220661 5.923931 7.229074 -59.935950 0.750046 6.424292 3.131017 -17.543287 28.539990 -14.276661 -15.329255 2.587114 8.675646 -2.518409 4.846969 60.042022 3.235306 10.919602 -1.027834 10.439169 23.639977 4.870773 8.195710 -2.394999 
2.962532 -51.382088 13.636537 -174.492013 -1.730236 -0.433903 -0.161001 3.621537 3.600161 -4.007823 5.518647 -5.180861 -5.310663 8.400766 9.670063 nan nan nan -3.209620 -8.350973 2.277115 3.291992 -5.993440 -3.959265 14.132034 -3.407695 14.662002 nan nan nan 1.477672 2.331179 0.861172 -2.330095 -1.508938 -2.393303 -1.100463 -0.956586 4.108180 -0.692736 2.096397 -4.157494 2.694230 0.808245 -3.241264 -13.240301 5.910192 7.202794 -59.967676 0.767997 6.394637 3.119564 -17.538809 28.481760 -14.418776 -15.221317 2.523909 8.677546 -2.521317 4.841919 59.989782 3.225588 10.872881 -1.000360 10.447188 23.670335 4.885512 8.181103 -2.346852 
2.972916 -51.380119 13.631980 -174.497649 -1.708913 -0.447843 -0.150032 3.626623 3.592594 -3.983313 5.514825 -5.156370 -5.306798 8.395309 9.701059 nan nan nan -3.192448 -8.357448 2.301255 3.268318 -6.005222 -3.964298 14.128327 -3.346748 14.624850 nan nan nan 1.471464 2.331761 0.899107 -2.329805 -1.514199 -2.416607 -1.091693 -0.972883 4.102334 -0.710510 2.056912 -4.184382 2.712575 0.716268 -3.223404 -13.208209 5.903194 7.216140 -59.976059 0.773352 6.389367 3.066758 -17.576852 28.573958 -14.622937 -15.169965 2.506074 8.664698 -2.519481 4.839187 60.014357 3.216716 10.864392 -1.011322 10.453867 23.696798 4.842921 8.169646 -2.273187 
2.975012 -51.375496 13.630064 -174.490497 -1.700456 -0.439555 -0.154489 3.607861 3.582217 -3.985315 5.505875 -5.153603 -5.262060 8.405430 9.696051 nan nan nan -3.198529 -8.355908 2.295268 3.262649 -5.985116 -3.978678 14.114146 -3.367115 14.622252 nan nan nan 1.458011 2.332104 0.874846 -2.329049 -1.519125 -2.412873 -1.095206 -0.976350 4.123462 -0.716390 2.048313 -4.195710 2.721948 0.706420 -3.210421 -13.190907 5.910106 7.224333 -59.994922 0.753211 6.398427 3.070148 -17.552240 28.559324 -14.566793 -15.167896 2.446542 8.667871 -2.517124 4.843185 60.018154 3.234784 10.885091 -1.013747 10.450234 23.696816 4.864224 8.157790 -2.282161 
2.976006 -51.371281 13.628389 -174.472531 -1.677934 -0.431026 -0.163018 3.560660 3.574001 -4.010810 5.475290 -5.150065 -5.103134 8.442652 9.644798 nan nan nan -3.221023 -8.347699 2.289767 3.262940 -5.941939 -4.005238 14.092322 -3.435424 14.625653 nan nan nan 1.439543 2.320616 0.846866 -2.330078 -1.536525 -2.420559 -1.101986 -0.986156 4.182245 -0.722587 2.052324 -4.215327 2.739099 0.756788 -3.206171 -13.161913 5.931363 7.228763 -60.034391 0.712171 6.418925 3.058505 -17.476611 28.459221 -14.268560 -15.234857 2.189681 8.664247 -2.508845 4.826509 60.049694 3.285396 10.963485 -1.026079 10.394617 23.668207 4.855622 8.127466 -2.286973 
2.864151 -51.334873 13.539429 -174.202230 -2.226127 -1.124543 -0.582887 3.872392 4.472375 -3.910763 5.254364 -5.456973 -4.619207 8.797963 9.545887 nan nan nan -3.875345 -8.208101 2.784960 3.490640 -5.878760 -3.661024 14.361612 -3.229250 14.748202 nan nan nan 1.494311 2.407039 1.986563 -2.615277 -1.300658 -2.753012 -1.113144 -0.866242 4.445603 -0.699113 2.139118 -4.758499 2.724358 0.840532 -2.920854 -12.986594 5.847083 6.882740 -60.190620 0.687223 6.453967 2.957136 -17.348605 28.544602 -13.763900 -15.387914 1.697290 8.477317 -2.293468 4.443649 60.291143 3.313024 11.084384 -1.049839 10.261382 23.397353 4.884295 7.940006 -2.053510 
2.971655 -51.358948 13.650082 -174.492148 -1.664858 -0.600658 -0.104214 3.720254 3.792087 -4.039879 5.278657 -5.173415 -4.769067 8.329566 9.549979 nan nan nan -3.395609 -8.504748 2.596768 3.530224 -6.279213 -4.125217 14.489411 -3.511891 15.656642 nan nan nan 1.581166 2.275071 1.157194 -2.421751 -1.549104 -2.622836 -1.082119 -0.999532 4.228618 -0.863338 1.862662 -4.096475 2.773904 1.107401 -3.316132 -13.335827 5.882773 7.235293 -59.958884 0.757257 6.152400 3.125595 -17.388540 28.414237 -14.349188 -15.159122 2.616166 8.628826 -2.396906 4.796747 60.010852 3.198363 10.796458 -0.954945 10.392015 23.568024 5.162549 8.007174 -2.103339 
2.970915 -51.347771 13.648992 -174.454119 -1.667488 -0.518209 -0.157374 3.642535 3.678018 -4.050151 5.325127 -5.130760 -4.765647 8.392492 9.531892 nan nan nan -3.387503 -8.503171 2.489819 3.457065 -6.243942 -4.115777 14.555314 -3.560397 15.647313 nan nan nan 1.530946 2.292691 0.935730 -2.407682 -1.562400 -2.449655 -1.096171 -1.009725 4.198996 -0.874505 1.843783 -4.131099 2.761969 1.092229 -3.283189 -13.356186 5.839088 7.328619 -59.960775 0.724613 6.140132 3.178026 -17.472398 28.368936 -14.451265 -15.042958 2.727192 8.630864 -2.376818 4.878497 60.004833 3.243958 10.783901 -0.960898 10.443337 23.546026 5.210032 8.017627 -2.102137 
2.969651 -51.321415 13.622059 -174.336651 -1.673170 -0.340452 -0.330758 3.497074 3.458137 -4.009049 5.383513 -5.123812 -4.657836 8.465417 9.490915 nan nan nan -3.340043 -8.325803 2.194484 3.242414 -5.913118 -4.035983 14.147004 -3.534109 14.584550 nan nan nan 1.320460 2.341454 0.624750 -2.366336 -1.536060 -2.325046 -1.121480 -1.056820 4.272878 -0.747222 2.041703 -4.266288 2.690128 0.914697 -3.228843 -13.221402 5.948962 7.342978 -59.942930 0.600125 6.415713 3.117011 -17.557455 28.464891 -14.356653 -15.004344 2.433021 8.676893 -2.520617 4.870693 60.086803 3.433093 10.996517 -1.034974 10.346326 23.455647 5.018613 8.045910 -2.212895 
2.964658 -51.376663 13.649834 -174.505399 -1.680240 -0.527468 -0.103564 3.694330 3.681068 -4.022132 5.302674 -5.107369 -4.718474 8.284734 9.505135 nan nan nan -3.355624 -8.532815 2.453441 3.515365 -6.101305 -4.040732 14.399296 -3.580773 15.552976 nan nan nan 1.609825 2.255424 0.983088 -2.414944 -1.552492 -2.537843 -1.110922 -0.986530 4.263544 -0.901101 1.887778 -4.093400 2.739645 1.126764 -3.374785 -13.345640 5.854281 7.296807 -59.914964 0.740326 6.185065 3.049329 -17.484316 28.640995 -14.131924 -15.086812 2.916857 8.612455 -2.376506 4.906628 60.013481 3.336189 10.696124 -0.892277 10.304389 23.571244 4.890847 8.162370 -2.157062 
2.974835 -51.371620 13.662045 -174.477667 -1.717371 -0.547543 -0.107026 3.705765 3.723545 -4.060173 5.295614 -5.136651 -4.830640 8.292559 9.553312 nan nan nan -3.425145 -8.543902 2.511965 3.557688 -6.167405 -4.075703 14.592446 -3.578035 15.738298 nan nan nan 1.583732 2.263043 0.984917 -2.426020 -1.569978 -2.549808 -1.129798 -0.964924 4.325483 -0.859570 1.970782 -4.165124 2.741768 1.106401 -3.358587 -13.288223 5.861689 7.263703 -59.884233 0.755611 6.212281 2.919892 -17.471831 28.735452 -13.886704 -15.145689 3.158189 8.620581 -2.407818 4.835046 60.021052 3.391167 10.702915 -0.860065 10.249586 23.591631 4.888491 8.055486 -2.029237 
2.906592 -51.303268 13.577564 -174.171453 -2.143714 -0.889386 -0.557417 3.776496 4.195541 -3.975299 5.342680 -5.405286 -4.943399 8.699276 9.617568 nan nan nan -3.821804 -8.221091 2.608125 3.444690 -5.930560 -3.739788 14.525267 -3.301876 14.858029 nan nan nan 1.403824 2.417282 1.544659 -2.580339 -1.367807 -2.632929 -1.157368 -0.913082 4.480540 -0.689452 2.268302 -4.720022 2.675155 0.860255 -2.975112 -13.025127 5.857609 7.053562 -59.982324 0.665482 6.479464 2.814071 -17.472114 28.683812 -13.812716 -15.404483 2.515248 8.550046 -2.414172 4.530685 60.225094 3.496627 11.004907 -0.936419 10.139519 23.395423 4.859866 7.886833 -1.947715 
2.910427 -51.285172 13.571807 -174.176919 -2.139563 -0.906793 -0.575280 3.793176 4.205400 -3.929642 5.385581 -5.394823 -5.149776 8.757461 9.690680 nan nan nan -3.781987 -8.162328 2.628774 3.391784 -5.945906 -3.758418 14.459857 -3.276682 14.817751 nan nan nan 1.431372 2.427309 1.643210 -2.592378 -1.364275 -2.751937 -1.142129 -0.912496 4.478959 -0.750255 2.186724 -4.633211 2.695959 0.942944 -3.027136 -13.062922 5.820376 7.105050 -60.040810 0.586261 6.414251 2.895737 -17.233861 28.274679 -13.608813 -15.523342 2.134837 8.536624 -2.392272 4.556838 60.223727 3.428569 11.035874 -0.918748 10.162658 23.356540 4.748515 7.947923 -2.094766 
2.985090 -51.307339 13.642515 -174.374955 -1.710746 -0.455155 -0.257774 3.615828 3.598671 -4.023119 5.505335 -5.121865 -5.299882 8.466655 9.677289 nan nan nan -3.324133 -8.292978 2.356441 3.234106 -6.009374 -4.078786 14.259203 -3.409541 14.855824 nan nan nan 1.418976 2.321321 0.918326 -2.410837 -1.555172 -2.578150 -1.113517 -1.016828 4.294589 -0.796834 2.062017 -4.154906 2.715883 1.135821 -3.344336 -13.256623 5.941958 7.320010 -59.946795 0.608194 6.282257 3.038119 -17.238769 28.064646 -13.761706 -15.327615 2.465490 8.665440 -2.489435 4.857537 60.074580 3.404400 10.949631 -0.965669 10.261489 23.510000 4.775736 8.110023 -2.215719 
2.976584 -51.323116 13.638145 -174.409717 -1.676306 -0.417961 -0.228579 3.611504 3.537849 -4.014209 5.553585 -5.091317 -5.290251 8.425267 9.666478 nan nan nan -3.246830 -8.264090 2.280971 3.165374 -5.998634 -4.038348 14.164885 -3.304049 14.701408 nan nan nan 1.430150 2.287594 0.874128 -2.388053 -1.563195 -2.511893 -1.095920 -1.022616 4.204363 -0.788576 2.076075 -4.122400 2.683681 1.078065 -3.391335 -13.243375 5.980336 7.311469 -60.005357 0.696720 6.243378 3.143669 -17.443294 28.304037 -14.297321 -15.067347 2.775213 8.647073 -2.494830 4.933680 60.073622 3.406616 10.855792 -0.991086 10.353323 23.708493 4.840365 8.111490 -2.213710 
2.870838 -51.298897 13.552670 -174.197384 -2.204874 -1.097949 -0.566792 3.978059 4.406105 -3.903495 5.434992 -5.377101 -5.148362 8.706098 9.680589 nan nan nan -3.805453 -8.131744 2.754827 3.361791 -6.031930 -3.686065 14.415390 -2.965958 14.824808 nan nan nan 1.519028 2.376004 1.996801 -2.646014 -1.332832 -2.774162 -1.092587 -0.877188 4.332045 -0.780133 2.169173 -4.623280 2.650135 0.977076 -3.045099 -13.054535 5.793069 7.044781 -60.186243 0.796189 6.221786 3.130107 -17.541681 28.619196 -14.506669 -15.114553 2.686888 8.439593 -2.280421 4.655692 60.270876 3.349511 10.785677 -0.985718 10.359940 23.703727 4.911779 8.003715 -1.953867 
2.976892 -51.310127 13.637040 -174.435839 -1.658886 -0.492710 -0.172991 3.708909 3.617298 -4.027072 5.500657 -5.083624 -5.335946 8.373107 9.678898 nan nan nan -3.253233 -8.239241 2.392747 3.248734 -6.141050 -4.061986 14.195349 -3.228237 14.850766 nan nan nan 1.462219 2.268116 1.037862 -2.409113 -1.565467 -2.589902 -1.082551 -1.020512 4.174525 -0.805792 2.119909 -4.097916 2.706636 1.098674 -3.329108 -13.254077 5.906326 7.342025 -59.939988 0.804387 6.167265 3.155732 -17.548144 28.417651 -14.737499 -15.144668 2.940450 8.655225 -2.475980 4.954435 60.027932 3.344661 10.748008 -0.972988 10.405605 23.830411 4.992144 8.124500 -2.060078 
2.984006 -51.327511 13.635809 -174.477216 -1.643690 -0.492653 -0.112751 3.661643 3.618717 -4.050992 5.550086 -5.076461 -5.504215 8.412810 9.700420 nan nan nan -3.183847 -8.242894 2.375648 3.242478 -6.162173 -4.037973 14.218873 -3.285616 14.841840 nan nan nan 1.493709 2.247632 0.969691 -2.393337 -1.583731 -2.457647 -1.098153 -1.018359 4.128065 -0.829161 2.146353 -4.039038 2.728379 1.162111 -3.432738 -13.277960 5.908564 7.328188 -59.906107 0.818551 6.150289 3.170893 -17.582763 28.302073 -14.737354 -15.201823 2.931758 8.658491 -2.437199 4.958058 60.033489 3.360242 10.768914 -0.985905 10.416901 23.761221 5.038718 8.169052 -2.024408 
2.979944 -51.341759 13.631398 -174.476284 -1.679659 -0.481572 -0.123605 3.647166 3.623734 -4.041738 5.533729 -5.104816 -5.361406 8.418302 9.656319 nan nan nan -3.188393 -8.238627 2.331697 3.251990 -6.077948 -4.026464 14.224530 -3.359959 14.804241 nan nan nan 1.489471 2.254440 0.938405 -2.384082 -1.558469 -2.430531 -1.098923 -1.009586 4.136344 -0.820000 2.128269 -4.055221 2.705048 1.134249 -3.464075 -13.279190 5.946278 7.278978 -59.892998 0.793495 6.191177 3.131632 -17.555673 28.368290 -14.704775 -15.111136 3.007824 8.664881 -2.434891 4.945255 60.034351 3.365207 10.815118 -1.003843 10.423942 23.687727 4.969686 8.103960 -1.977309 
2.967938 -51.343090 13.633111 -174.425940 -1.709665 -0.420388 -0.206587 3.583803 3.583233 -4.027428 5.526576 -5.151693 -5.114499 8.426377 9.632541 nan nan nan -3.246020 -8.252634 2.255672 3.244354 -6.035694 -4.051194 14.237481 -3.359483 14.793526 nan nan nan 1.437378 2.281682 0.851857 -2.383202 -1.547380 -2.462197 -1.107632 -0.995305 4.184271 -0.803075 2.119041 -4.060603 2.692216 1.075457 -3.465923 -13.238541 5.990866 7.268472 -59.922971 0.737552 6.260281 3.110436 -17.523805 28.488226 -14.692799 -15.045119 2.954683 8.688498 -2.494705 4.955575 60.035913 3.376145 10.847211 -1.043529 10.464438 23.719486 4.967741 8.046774 -2.014042 
2.981742 -51.345711 13.637469 -174.447372 -1.635600 -0.443103 -0.160896 3.609095 3.575448 -4.039856 5.453712 -5.112246 -5.228348 8.373652 9.679539 nan nan nan -3.213372 -8.351720 2.311193 3.259370 -6.060012 -4.091833 14.198796 -3.270416 14.831428 nan nan nan 1.432796 2.251724 0.894714 -2.386938 -1.605554 -2.522068 -1.088853 -1.010084 4.207361 -0.833493 2.141862 -4.045022 2.730767 1.079340 -3.453337 -13.190294 5.952072 7.312594 -59.944879 0.805786 6.295567 3.030958 -17.636470 28.725301 -14.489341 -15.045005 2.514738 8.684508 -2.464313 4.977952 60.012088 3.421996 10.802448 -0.852347 10.388230 23.725488 4.559252 8.222182 -2.647608 
2.956896 -51.343807 13.651611 -174.479127 -1.780191 -0.393538 -0.152428 3.700311 3.558733 -4.042357 5.488237 -5.174224 -5.351162 8.403209 9.737026 nan nan nan -3.216280 -8.300870 2.194832 3.318257 -6.130787 -3.970593 14.279848 -3.121709 14.863809 nan nan nan 1.513350 2.266592 0.863687 -2.398204 -1.517772 -2.617787 -1.103133 -0.975400 4.239226 -0.819860 2.225418 -4.078372 2.652104 1.051953 -3.315925 -13.198914 5.978519 7.313084 -59.975166 0.871705 6.371536 2.972003 -17.630351 28.790657 -14.138429 -15.215515 2.463617 8.651656 -2.485914 4.988567 59.935419 3.460813 10.728019 -0.659967 10.286481 23.537221 4.283504 8.526687 -3.442300 
2.988176 -51.335247 13.640360 -174.457626 -1.713535 -0.340714 -0.151623 3.568384 3.492430 -4.063182 5.494312 -5.184064 -5.276564 8.432683 9.738911 nan nan nan -3.195392 -8.270005 2.148210 3.296016 -6.160006 -3.984725 14.349025 -3.136786 14.857214 nan nan nan 1.409677 2.305938 0.809618 -2.353234 -1.543359 -2.623978 -1.110995 -0.995780 4.264301 -0.778333 2.306446 -4.138459 2.660358 0.961031 -3.211560 -13.162418 5.953643 7.353189 -59.952937 0.793951 6.478487 2.886807 -17.500612 28.768253 -13.986162 -15.482605 2.316102 8.702091 -2.556859 4.939819 59.959232 3.434980 10.787488 -0.882464 10.318112 23.400354 4.693364 8.609259 -3.539821 
2.910584 -51.300800 13.566494 -174.242451 -2.121756 -0.823038 -0.494483 3.771014 4.118236 -3.957967 5.421631 -5.415873 -5.077052 8.726677 9.760799 nan nan nan -3.640211 -8.122522 2.491150 3.350996 -5.960432 -3.765915 14.539667 -2.942350 14.883456 nan nan nan 1.405090 2.392991 1.609090 -2.537444 -1.381897 -2.806519 -1.115205 -0.878883 4.406828 -0.747678 2.353809 -4.558618 2.659666 0.922678 -2.982575 -13.000448 5.858375 7.108307 -60.075244 0.797575 6.542055 2.779878 -17.461443 28.954509 -13.729808 -15.559726 2.208677 8.560715 -2.411795 4.692423 60.159090 3.416462 10.919459 -0.967694 10.301168 23.489444 4.788802 8.176476 -2.723951 
2.909857 -51.284092 13.574661 -174.243875 -2.105220 -0.929966 -0.469729 3.957037 4.196874 -3.945068 5.411292 -5.304197 -5.265185 8.679223 9.775528 nan nan nan -3.649009 -8.143846 2.659663 3.328592 -5.916643 -3.848752 14.540021 -2.889876 15.000660 nan nan nan 1.437131 2.372267 1.771567 -2.578062 -1.398181 -2.817061 -1.080646 -0.895977 4.371613 -0.799175 2.250477 -4.515122 2.710332 1.041461 -3.062409 -13.065617 5.815564 7.073181 -60.079378 0.899625 6.393075 2.917051 -17.578002 28.881865 -13.954840 -15.324289 2.568625 8.551869 -2.339847 4.700934 60.159459 3.356304 10.833627 -0.909122 10.353021 23.683787 4.835052 7.864325 -2.130752 
2.989191 -51.295605 13.643160 -174.433804 -1.666950 -0.484347 -0.158359 3.742163 3.615398 -4.034191 5.545162 -5.065751 -5.491836 8.432104 9.761265 nan nan nan -3.205556 -8.221335 2.415621 3.206209 -5.961851 -4.153650 14.330042 -3.025729 14.928038 nan nan nan 1.397706 2.295772 1.004724 -2.389749 -1.583712 -2.572861 -1.064510 -1.022855 4.208661 -0.815840 2.192829 -4.055212 2.737912 1.112248 -3.393493 -13.225898 5.919455 7.273008 -59.939133 0.868568 6.297997 3.041007 -17.612663 28.572462 -14.444787 -15.138827 2.899232 8.687144 -2.511123 4.930150 60.000402 3.365091 10.771194 -0.888525 10.428658 23.769704 4.898127 7.875770 -2.216988 
2.907109 -51.286282 13.582502 -174.253498 -2.066695 -0.963172 -0.458317 3.934586 4.247852 -3.922388 5.474865 -5.309601 -5.342380 8.647344 9.723748 nan nan nan -3.635681 -8.154260 2.725711 3.331672 -5.952360 -3.856248 14.513135 -2.758802 14.902914 nan nan nan 1.444806 2.393637 1.757035 -2.577005 -1.409443 -2.711290 -1.088606 -0.904650 4.309059 -0.773886 2.282776 -4.393363 2.708953 0.973329 -3.198659 -13.100642 5.837093 7.040438 -60.010378 0.784864 6.265770 2.973489 -17.479676 28.463494 -14.564037 -15.199652 2.663432 8.591760 -2.411451 4.715713 60.124924 3.354518 10.791736 -0.890541 10.439956 23.704397 4.821733 7.793112 -2.010766 
2.897818 -51.273083 13.586492 -174.233411 -2.059791 -0.975284 -0.482129 3.963172 4.273188 -3.908935 5.439162 -5.331242 -5.265191 8.579946 9.746574 nan nan nan -3.680678 -8.177747 2.759357 3.361251 -5.993378 -3.873199 14.550343 -2.744362 14.922147 nan nan nan 1.452256 2.407809 1.814645 -2.601242 -1.405499 -2.778571 -1.093444 -0.901141 4.320229 -0.770619 2.251395 -4.410722 2.722905 0.959602 -3.159874 -13.124817 5.817387 7.063536 -59.975836 0.751912 6.196099 3.009939 -17.427401 28.320032 -14.715294 -15.236928 2.586998 8.624621 -2.428025 4.717790 60.100857 3.298069 10.772279 -0.922684 10.493624 23.742397 4.870021 7.856400 -1.888245 
2.966791 -51.287937 13.644843 -174.433947 -1.628891 -0.457202 -0.167547 3.707856 3.597084 -4.014989 5.505126 -5.105344 -5.267102 8.280887 9.738231 nan nan nan -3.250667 -8.292548 2.401459 3.307602 -6.068997 -4.146462 14.393621 -3.001217 15.020824 nan nan nan 1.455840 2.300527 0.989854 -2.412073 -1.592537 -2.586593 -1.110311 -1.004344 4.186246 -0.812007 2.170169 -4.036435 2.765556 1.022485 -3.354419 -13.271537 5.900026 7.317255 -59.869677 0.754531 6.170984 3.111032 -17.445992 28.210036 -14.739086 -15.221627 2.781307 8.760920 -2.540139 4.939131 59.960100 3.306395 10.775697 -0.964282 10.479526 23.844987 4.968263 8.045323 -2.106848 
2.967993 -51.296421 13.633388 -174.443026 -1.627416 -0.422775 -0.163956 3.633349 3.555931 -4.017684 5.505562 -5.119368 -5.137036 8.297265 9.714459 nan nan nan -3.198580 -8.264703 2.318037 3.241875 -5.941563 -4.123212 14.307323 -3.009711 14.836427 nan nan nan 1.439812 2.290265 0.874241 -2.386103 -1.592355 -2.458023 -1.124259 -1.004666 4.171462 -0.794442 2.217648 -4.073471 2.751874 0.971293 -3.355668 -13.247189 5.895564 7.304015 -59.838269 0.788372 6.285056 3.048703 -17.554200 28.355447 -14.588350 -15.196268 2.709657 8.782627 -2.505320 4.928981 59.991086 3.369111 10.838527 -1.038969 10.401980 23.736184 4.879341 8.055327 -2.170635 
2.894578 -51.287384 13.570010 -174.295062 -2.066394 -0.971936 -0.413785 3.915221 4.276840 -3.915374 5.380885 -5.356996 -5.166096 8.561369 9.757457 nan nan nan -3.607187 -8.184974 2.714648 3.359974 -5.773735 -3.852246 14.468948 -2.839690 14.875004 nan nan nan 1.509446 2.359343 1.780492 -2.580982 -1.419480 -2.696616 -1.102478 -0.891428 4.329050 -0.799915 2.275556 -4.509964 2.757968 0.945308 -3.125568 -13.088177 5.819470 7.009689 -60.010143 0.814679 6.272292 2.929323 -17.515125 28.387585 -14.247548 -15.295221 2.254795 8.613528 -2.368857 4.650336 60.142980 3.372683 10.837671 -0.990728 10.370437 23.601798 4.711666 7.890041 -1.907533 
2.880127 -51.266651 13.559867 -174.231609 -2.237800 -1.229754 -0.492114 4.138865 4.597731 -3.874910 5.279397 -5.414064 -5.307680 8.619523 9.717950 nan nan nan -3.778684 -8.193751 2.936730 3.402266 -5.770313 -3.755107 14.591345 -2.745501 14.998562 nan nan nan 1.525676 2.391023 2.225187 -2.670937 -1.356862 -2.872755 -1.068986 -0.850372 4.439981 -0.825928 2.248735 -4.680511 2.789495 0.943109 -3.070338 -13.056659 5.784111 6.866565 -60.095390 0.805213 6.236672 2.873888 -17.361892 28.230654 -13.884759 -15.372687 1.898853 8.564436 -2.326078 4.473062 60.154092 3.323632 10.846286 -0.880972 10.329146 23.514141 4.550175 7.843188 -1.880002 
2.906837 -51.253696 13.590508 -174.241189 -2.141161 -1.074201 -0.448232 4.115367 4.395966 -3.915622 5.298614 -5.326787 -5.386003 8.517633 9.695804 nan nan nan -3.721677 -8.211248 2.822197 3.370496 -5.922040 -3.801522 14.645500 -2.674740 15.059886 nan nan nan 1.479312 2.381907 1.978062 -2.626515 -1.411442 -2.820512 -1.070577 -0.871813 4.392701 -0.837189 2.232387 -4.515181 2.796707 0.940550 -3.177014 -13.152415 5.823342 6.914785 -60.044111 0.825490 6.196438 2.941586 -17.335168 28.001081 -13.933325 -15.311408 2.160168 8.642542 -2.365433 4.545200 60.063207 3.308933 10.812449 -0.836317 10.342690 23.529242 4.641800 7.813197 -1.864730 
2.983230 -51.274281 13.661379 -174.415244 -1.722039 -0.516275 -0.178161 3.803889 3.704423 -4.025791 5.434086 -5.131805 -5.425498 8.327923 9.734770 nan nan nan -3.315991 -8.274888 2.417227 3.308652 -6.096193 -4.026357 14.485293 -2.790220 15.031121 nan nan nan 1.441964 2.296460 1.059565 -2.427803 -1.596771 -2.582497 -1.080608 -0.975890 4.218112 -0.851389 2.159415 -4.014080 2.793199 0.978808 -3.472537 -13.353337 5.919604 7.160716 -59.914521 0.884284 6.140789 3.114425 -17.417273 27.884969 -14.246063 -15.145047 2.907141 8.758085 -2.468892 4.895926 59.922999 3.332741 10.715043 -0.836964 10.417138 23.724277 4.783879 7.852420 -1.958829 
2.879534 -51.248890 13.560575 -174.173101 -2.251554 -1.081876 -0.578594 4.014187 4.431593 -3.905108 5.403730 -5.405428 -5.292686 8.758563 9.759843 nan nan nan -3.831044 -8.035157 2.750756 3.388069 -5.846913 -3.689886 14.633885 -2.582321 14.865262 nan nan nan 1.451656 2.425021 1.953437 -2.632990 -1.355638 -2.705943 -1.091573 -0.868026 4.366857 -0.779644 2.285082 -4.563563 2.741974 0.839016 -3.149109 -13.139498 5.787252 6.855965 -60.082554 0.909587 6.288055 3.001071 -17.435044 28.243245 -14.057079 -15.262597 2.925418 8.545023 -2.290041 4.562703 60.162495 3.319835 10.812027 -0.898193 10.398814 23.538823 4.852260 7.764138 -1.808896 
2.988166 -51.269226 13.642099 -174.452481 -1.659624 -0.509251 -0.137982 3.784411 3.658099 -3.997770 5.505128 -5.076406 -5.483839 8.378121 9.773078 nan nan nan -3.238628 -8.215697 2.426698 3.285472 -6.035901 -4.086641 14.399637 -2.957137 14.944809 nan nan nan 1.461927 2.294775 1.018103 -2.391148 -1.603242 -2.456069 -1.085201 -0.992453 4.190217 -0.843020 2.214394 -4.059088 2.795018 0.935346 -3.476175 -13.362874 5.825001 7.125606 -59.868390 0.940700 6.250955 3.061369 -17.451448 28.191125 -14.300665 -15.169936 3.310260 8.753388 -2.421097 4.849164 59.957839 3.232007 10.754477 -0.957332 10.520383 23.673371 4.928585 7.916980 -1.945911 
2.980469 -51.285725 13.640505 -174.474825 -1.640864 -0.490272 -0.108830 3.776044 3.648235 -4.014948 5.536626 -5.103488 -5.484897 8.336716 9.764161 nan nan nan -3.189435 -8.273256 2.417441 3.248373 -6.090138 -4.102782 14.418041 -2.932925 14.889478 nan nan nan 1.487091 2.273170 0.964944 -2.378005 -1.615288 -2.374171 -1.115020 -0.973954 4.147777 -0.832055 2.229557 -4.092083 2.796090 0.848764 -3.498627 -13.308633 5.836783 7.133859 -59.886481 0.960052 6.343541 3.053438 -17.547437 28.511520 -14.407641 -15.134706 3.158030 8.785777 -2.397727 4.870288 59.952832 3.222881 10.780924 -0.987927 10.547431 23.723661 4.899704 8.057347 -2.103977 
2.973881 -51.301960 13.634740 -174.475927 -1.653471 -0.458135 -0.108661 3.756307 3.635600 -4.037813 5.532639 -5.159001 -5.414674 8.349877 9.773509 nan nan nan -3.180950 -8.317148 2.373967 3.250428 -6.056093 -4.076467 14.392911 -2.949475 14.835860 nan nan nan 1.477854 2.273333 0.904856 -2.362644 -1.615812 -2.363708 -1.122945 -0.963139 4.162662 -0.805830 2.208534 -4.133022 2.779976 0.793772 -3.498741 -13.253268 5.862090 7.179371 -59.959982 0.907061 6.367687 3.074616 -17.575974 28.666738 -14.345558 -15.044174 2.936019 8.786958 -2.426748 4.877592 59.953726 3.277032 10.782550 -0.988506 10.515467 23.847890 4.867207 8.105477 -2.241845 
2.974104 -51.317448 13.630833 -174.485486 -1.642966 -0.438744 -0.090904 3.705597 3.618873 -4.055976 5.517566 -5.165273 -5.380701 8.379605 9.803382 nan nan nan -3.165890 -8.288883 2.350896 3.280948 -6.015652 -4.067159 14.297623 -3.055340 14.811882 nan nan nan 1.476638 2.262321 0.897985 -2.352831 -1.618115 -2.404235 -1.116116 -0.968680 4.170792 -0.801425 2.177735 -4.107809 2.769746 0.829450 -3.522332 -13.246902 5.900476 7.206149 -59.979062 0.866204 6.325621 3.075935 -17.588528 28.632194 -14.378730 -14.986168 2.770782 8.779341 -2.466186 4.880710 59.952882 3.290797 10.792132 -0.996349 10.518537 23.886941 4.854140 8.113959 -2.234779 
2.974698 -51.319225 13.631063 -174.478841 -1.644233 -0.428990 -0.102924 3.670704 3.607601 -4.048697 5.511820 -5.160797 -5.354404 8.405121 9.808423 nan nan nan -3.168877 -8.258540 2.337371 3.281345 -5.977878 -4.071270 14.251293 -3.109743 14.785152 nan nan nan 1.468324 2.263337 0.882905 -2.350725 -1.615521 -2.413161 -1.116519 -0.969421 4.182593 -0.806848 2.178717 -4.110844 2.771641 0.835033 -3.520186 -13.237086 5.904339 7.208319 -59.983425 0.844283 6.332199 3.061562 -17.550994 28.591749 -14.325420 -15.017700 2.693384 8.784167 -2.466628 4.887969 59.963096 3.301685 10.815410 -1.018485 10.498588 23.868708 4.838219 8.112627 -2.232549 
2.897439 -51.285114 13.565398 -174.223299 -2.084675 -0.832215 -0.508408 3.786720 4.142117 -3.942887 5.368638 -5.395889 -5.122249 8.749740 9.814128 nan nan nan -3.639239 -8.017980 2.537998 3.339027 -5.600422 -3.767271 14.198584 -3.093522 14.474152 nan nan nan 1.392994 2.377514 1.557283 -2.523833 -1.407490 -2.641402 -1.135224 -0.889478 4.390431 -0.774894 2.285838 -4.602451 2.759328 0.715247 -3.164831 -13.002518 5.865253 6.949205 -60.080220 0.748639 6.518557 2.822304 -17.302067 28.485657 -13.671511 -15.376252 1.875573 8.705325 -2.386157 4.621890 60.133839 3.367182 11.052433 -1.093099 10.347721 23.547423 4.633664 7.978954 -2.119140 
2.910080 -51.274143 13.581842 -174.239031 -2.074913 -0.934927 -0.480726 3.919073 4.264955 -3.925164 5.253429 -5.404421 -5.183925 8.700779 9.778582 nan nan nan -3.660489 -8.092903 2.656226 3.371325 -5.711670 -3.762749 14.280519 -3.053103 14.642309 nan nan nan 1.423249 2.367406 1.772327 -2.558662 -1.406398 -2.789187 -1.109600 -0.919054 4.422062 -0.796069 2.241167 -4.655234 2.787850 0.763650 -3.107142 -13.044215 5.875961 6.913074 -60.020214 0.789059 6.455253 2.769096 -17.262724 28.435530 -13.572826 -15.496514 1.861890 8.699139 -2.418563 4.524063 60.086083 3.345641 10.995356 -0.968392 10.312057 23.524261 4.558767 7.969828 -2.086315 
2.991654 -51.290989 13.651816 -174.443736 -1.658626 -0.487356 -0.178341 3.718779 3.676753 -3.982816 5.336790 -5.166492 -5.313641 8.391933 9.698868 nan nan nan -3.203866 -8.184389 2.378068 3.211141 -5.925027 -4.012726 14.164479 -3.079277 14.597017 nan nan nan 1.429135 2.268691 1.064068 -2.391094 -1.581241 -2.625419 -1.105884 -1.021236 4.263666 -0.790784 2.212958 -4.252769 2.792869 0.784833 -3.344295 -13.213893 6.013644 7.119583 -59.864677 0.800259 6.312202 2.919227 -17.417497 28.335524 -14.350511 -15.263784 2.445634 8.813183 -2.614866 4.756290 59.932677 3.354820 10.840058 -0.938931 10.412022 23.724708 4.666186 8.076959 -2.130194 
2.985762 -51.307880 13.651678 -174.475454 -1.658653 -0.458937 -0.154379 3.692505 3.645994 -3.985370 5.416669 -5.168456 -5.262479 8.339996 9.706978 nan nan nan -3.170875 -8.158421 2.353240 3.236175 -5.932695 -4.015985 14.096782 -3.027434 14.549474 nan nan nan 1.483072 2.246873 0.942916 -2.392965 -1.567331 -2.492961 -1.126358 -1.005910 4.211414 -0.787814 2.194743 -4.172239 2.760965 0.827049 -3.411511 -13.254824 6.029510 7.124514 -59.837943 0.755991 6.233925 3.000570 -17.489297 28.200924 -14.937199 -15.074929 2.593029 8.804123 -2.588299 4.837949 59.932300 3.371307 10.802185 -0.928066 10.470127 23.627508 4.720097 8.145183 -2.201159 
2.980343 -51.314587 13.650981 -174.477271 -1.666766 -0.461882 -0.147496 3.682454 3.656821 -3.990886 5.433458 -5.183276 -5.193769 8.335622 9.705413 nan nan nan -3.174230 -8.161867 2.358409 3.242704 -5.917616 -4.031790 14.061823 -3.063340 14.564905 nan nan nan 1.485299 2.250320 0.905582 -2.387120 -1.563263 -2.439655 -1.122871 -1.003901 4.206063 -0.794924 2.180242 -4.140081 2.764880 0.854922 -3.448069 -13.267891 6.002915 7.133552 -59.829680 0.734642 6.228086 2.994330 -17.484072 28.107132 -14.993275 -15.025020 2.540163 8.807057 -2.552673 4.871061 59.923625 3.369226 10.820213 -0.937904 10.498233 23.572710 4.744637 8.087057 -2.187009 
2.966760 -51.314373 13.648733 -174.450682 -1.708944 -0.422644 -0.180094 3.658927 3.636528 -4.010369 5.455935 -5.228087 -4.977246 8.335221 9.671166 nan nan nan -3.212563 -8.176791 2.296737 3.263661 -5.973352 -4.048170 14.043134 -3.127415 14.568923 nan nan nan 1.452065 2.273091 0.806891 -2.373710 -1.544491 -2.404177 -1.118129 -0.993132 4.224230 -0.776110 2.206169 -4.085530 2.723851 0.898747 -3.480248 -13.281941 5.983741 7.160321 -59.828930 0.705393 6.267729 2.978648 -17.441121 28.047539 -14.965051 -15.001958 2.557821 8.822629 -2.545461 4.895321 59.906223 3.386538 10.881146 -0.978947 10.512365 23.619629 4.877322 7.946064 -1.994208 
2.858273 -51.289009 13.570192 -174.205377 -2.295421 -1.075075 -0.562604 4.048263 4.500805 -3.902276 5.310702 -5.540991 -4.746918 8.603531 9.680818 nan nan nan -3.815624 -8.084033 2.732694 3.424065 -5.878937 -3.683741 14.443737 -2.811464 14.799335 nan nan nan 1.516807 2.388258 1.917881 -2.643332 -1.286910 -2.766139 -1.117728 -0.844719 4.419563 -0.743342 2.233931 -4.576813 2.681483 0.849783 -3.121812 -13.104192 5.856038 6.900648 -59.988922 0.743380 6.273763 2.877352 -17.386516 28.341638 -14.549264 -15.233533 2.432063 8.603110 -2.348122 4.545233 60.134840 3.355728 10.882900 -0.952751 10.354323 23.563438 4.869194 7.906740 -1.720852 
2.960119 -51.320026 13.675622 -174.487860 -1.745067 -0.548648 -0.102140 3.901298 3.792717 -4.026889 5.349900 -5.203182 -4.910933 8.159458 9.661781 nan nan nan -3.368936 -8.455444 2.512290 3.481244 -6.150527 -4.117895 14.589161 -3.180623 15.762668 nan nan nan 1.619907 2.262775 1.126455 -2.469986 -1.536282 -2.713577 -1.099376 -0.972110 4.260915 -0.915909 1.934291 -3.953387 2.798604 1.168143 -3.474781 -13.427289 5.844520 7.277179 -59.767595 0.844087 6.034159 2.935972 -17.380792 28.237694 -14.438967 -15.154004 3.061056 8.736919 -2.401200 4.856528 59.883832 3.235560 10.657481 -0.814245 10.390876 23.706359 4.918967 8.031895 -1.819061 
2.967488 -51.320885 13.682074 -174.439740 -1.713365 -0.500919 -0.145848 3.763679 3.726344 -4.067221 5.345853 -5.166571 -4.827683 8.286138 9.609403 nan nan nan -3.440207 -8.493362 2.524199 3.538613 -6.091632 -4.162828 14.665834 -3.416582 15.957196 nan nan nan 1.572546 2.293127 0.979395 -2.465467 -1.563313 -2.608130 -1.118843 -0.980996 4.269444 -0.930638 1.885370 -3.987180 2.826440 1.213317 -3.465329 -13.438326 5.770991 7.351719 -59.775374 0.773653 6.035958 2.982577 -17.336456 28.158897 -14.204104 -15.037771 2.983863 8.748797 -2.337536 4.920704 59.878450 3.195789 10.727271 -0.820070 10.500373 23.589296 4.823431 7.962814 -1.997165 
2.977312 -51.309933 13.676975 -174.381634 -1.683619 -0.454752 -0.200370 3.638706 3.659709 -4.096351 5.391480 -5.148587 -4.881806 8.380058 9.579257 nan nan nan -3.448311 -8.389124 2.488264 3.490822 -5.939271 -4.151799 14.498040 -3.568427 15.563893 nan nan nan 1.461254 2.308920 0.827918 -2.438962 -1.580236 -2.495000 -1.128262 -1.024688 4.304967 -0.871802 1.974060 -4.079488 2.796547 1.128590 -3.388722 -13.367788 5.833887 7.329558 -59.820476 0.629214 6.065579 3.013208 -17.248866 27.962687 -14.465425 -14.935174 2.676077 8.760478 -2.406455 4.916494 59.923196 3.315636 10.876823 -0.875911 10.479087 23.508200 4.797487 7.813381 -2.016589 
2.878715 -51.254562 13.566593 -174.052620 -2.258229 -1.056964 -0.701783 3.909477 4.423155 -3.942956 5.406647 -5.446020 -5.011101 8.743519 9.659206 nan nan nan -3.985907 -8.083645 2.789731 3.441467 -5.737672 -3.759850 14.480387 -3.059047 14.816293 nan nan nan 1.316487 2.475545 1.804844 -2.651622 -1.323104 -2.685902 -1.111405 -0.952766 4.530176 -0.699783 2.229963 -4.801038 2.695219 0.836614 -2.947653 -13.054832 5.874641 6.937378 -60.060642 0.507178 6.259254 2.970985 -17.231531 28.043771 -14.640989 -15.015748 2.140384 8.635982 -2.386645 4.506730 60.121321 3.456285 11.087089 -0.936652 10.375709 23.300663 4.757465 7.703596 -1.866562 
2.993883 -51.282421 13.656310 -174.365763 -1.680567 -0.490388 -0.223492 3.686516 3.674035 -4.037846 5.459468 -5.160389 -5.313781 8.325425 9.714663 nan nan nan -3.340708 -8.342085 2.411558 3.293738 -5.981336 -4.044174 14.256708 -3.132198 14.859588 nan nan nan 1.347858 2.324774 0.976020 -2.397473 -1.593832 -2.547048 -1.070384 -1.087396 4.238742 -0.778040 2.115321 -4.131596 2.734898 0.980969 -3.357110 -13.319141 5.958392 7.236751 -59.877885 0.702543 6.181511 3.058948 -17.337482 28.080102 -14.839675 -15.017635 2.717868 8.833013 -2.508246 4.858801 59.869311 3.346973 10.889917 -0.941603 10.473080 23.550093 4.847519 7.866203 -2.024848 
2.894040 -51.261837 13.573030 -174.131138 -2.245117 -1.113521 -0.622084 4.003196 4.485220 -3.896552 5.339991 -5.465545 -5.234978 8.695212 9.745328 nan nan nan -3.884266 -8.241851 2.764112 3.378336 -5.935377 -3.633872 14.517043 -2.777983 14.851668 nan nan nan 1.417968 2.417917 2.041677 -2.648173 -1.372318 -2.799051 -1.086736 -0.914114 4.313535 -0.786684 2.228281 -4.568970 2.728317 0.911490 -3.046878 -13.118068 5.796135 6.943292 -60.015915 0.918296 6.265062 2.916533 -17.482999 28.537120 -14.494419 -15.140327 2.696424 8.627046 -2.272120 4.605240 60.090309 3.257110 10.820138 -0.962557 10.506828 23.425794 4.887400 7.846156 -1.935505 
3.002443 -51.277790 13.659339 -174.388499 -1.690236 -0.498578 -0.194309 3.750095 3.683150 -4.025458 5.423105 -5.173753 -5.391599 8.317309 9.770807 nan nan nan -3.304916 -8.309313 2.379387 3.251868 -6.106310 -4.000226 14.284102 -3.070944 14.884857 nan nan nan 1.380774 2.280291 1.109656 -2.403783 -1.594686 -2.668098 -1.067009 -1.037797 4.170623 -0.836705 2.181482 -4.048178 2.760376 1.001415 -3.336522 -13.310098 5.935813 7.219800 -59.833549 0.919486 6.205709 2.998641 -17.495321 28.316118 -14.687550 -15.054397 2.858335 8.823653 -2.496994 4.905843 59.855702 3.281177 10.764618 -0.926589 10.535585 23.632746 4.832672 7.939486 -2.096910 
2.891146 -51.250698 13.564341 -174.166824 -2.258093 -1.062481 -0.567713 4.048578 4.418188 -3.925175 5.384109 -5.437108 -5.257181 8.694499 9.734025 nan nan nan -3.829453 -8.117458 2.720942 3.379604 -5.905461 -3.664008 14.539887 -2.746765 14.852880 nan nan nan 1.445261 2.374920 2.046917 -2.647474 -1.345241 -2.866841 -1.086846 -0.885608 4.309676 -0.777685 2.229450 -4.547645 2.737529 0.914348 -3.061071 -13.132303 5.892332 6.923844 -60.012835 0.850563 6.164958 3.012307 -17.443507 28.295232 -14.797422 -15.123528 2.239374 8.644242 -2.357306 4.625945 60.058946 3.336944 10.828574 -0.934488 10.471334 23.605299 4.841762 7.811753 -1.911200 
2.978358 -51.267784 13.654710 -174.404815 -1.720392 -0.389981 -0.222244 3.706013 3.552743 -4.009076 5.525757 -5.123794 -5.310115 8.420127 9.737440 nan nan nan -3.275269 -8.216261 2.288310 3.236420 -5.949844 -4.065685 14.319840 -2.971335 14.876438 nan nan nan 1.418110 2.273588 0.954371 -2.419122 -1.575825 -2.643718 -1.101417 -0.996791 4.190047 -0.793765 2.119188 -3.975192 2.800580 0.977676 -3.453697 -13.363467 6.046929 7.212606 -59.810743 0.837893 6.100503 3.107052 -17.512157 27.920244 -14.948212 -14.979436 2.526444 8.893084 -2.564262 4.943339 59.828327 3.330938 10.801413 -0.961575 10.526912 23.760587 4.842904 7.904143 -1.919110 
2.977542 -51.288330 13.654308 -174.433712 -1.731672 -0.362892 -0.210830 3.645778 3.539986 -3.980500 5.610952 -5.155407 -5.281223 8.416038 9.753556 nan nan nan -3.189328 -8.192356 2.230261 3.170535 -6.007809 -4.028450 14.299416 -2.917429 14.838346 nan nan nan 1.440700 2.265740 0.877823 -2.407866 -1.574457 -2.546420 -1.123391 -0.970800 4.152265 -0.755184 2.240851 -3.973612 2.780512 0.910688 -3.471528 -13.370716 6.060174 7.187234 -59.833840 0.885899 6.142309 3.140403 -17.538427 27.866549 -14.724984 -15.069526 2.871403 8.896546 -2.553911 4.949007 59.864776 3.311002 10.811679 -0.996484 10.539114 23.683223 4.729276 8.007905 -2.010909 
2.990906 -51.294903 13.656989 -174.474766 -1.705198 -0.425921 -0.126946 3.721993 3.608743 -4.002102 5.559216 -5.166428 -5.322591 8.322621 9.783684 nan nan nan -3.136257 -8.248209 2.320321 3.195046 -6.033500 -4.051880 14.276752 -2.955196 14.925123 nan nan nan 1.466381 2.263771 0.934644 -2.398665 -1.579729 -2.508125 -1.110669 -0.988771 4.132158 -0.764143 2.245362 -3.933137 2.788165 0.967459 -3.477226 -13.380486 6.001900 7.192984 -59.807276 0.998662 6.217147 3.038663 -17.667114 28.244926 -14.497619 -15.029751 3.259679 8.891071 -2.483684 4.935787 59.850932 3.239698 10.777185 -0.947565 10.586013 23.660410 4.664690 8.025452 -2.101655 
2.996604 -51.295563 13.658673 -174.506954 -1.688524 -0.455434 -0.062364 3.793629 3.623848 -4.029244 5.521634 -5.125547 -5.359545 8.271673 9.771297 nan nan nan -3.115530 -8.308784 2.372938 3.235456 -5.951620 -4.093965 14.250782 -2.998688 14.979096 nan nan nan 1.490425 2.260675 0.953503 -2.380982 -1.592565 -2.512350 -1.112127 -0.997953 4.165269 -0.782446 2.231345 -3.965279 2.787835 0.940220 -3.439965 -13.316463 5.964263 7.183396 -59.827507 1.021243 6.351712 2.892489 -17.607410 28.581580 -14.103861 -15.149676 3.219811 8.873523 -2.455207 4.903703 59.841397 3.270719 10.819640 -0.871922 10.492834 23.781393 4.518291 8.036035 -2.104165 
2.892807 -51.257160 13.574064 -174.242366 -2.261767 -1.110648 -0.468699 4.157205 4.468832 -3.912756 5.363068 -5.393455 -5.312426 8.666527 9.809827 nan nan nan -3.731707 -8.179846 2.817411 3.406126 -5.728994 -3.763305 14.500208 -2.780286 14.961497 nan nan nan 1.511062 2.409180 2.022463 -2.625077 -1.337161 -2.818540 -1.118449 -0.858337 4.432473 -0.748035 2.326254 -4.623641 2.771222 0.779489 -3.020961 -13.056509 5.804966 6.854505 -60.021563 0.939628 6.537216 2.656067 -17.375124 28.831096 -13.429124 -15.438673 2.482309 8.665693 -2.352729 4.472856 60.060020 3.295399 10.931582 -0.822788 10.355263 23.686619 4.397764 7.968081 -2.010477 
3.003739 -51.267735 13.655840 -174.473633 -1.719131 -0.492991 -0.084885 3.856717 3.643203 -4.045123 5.412082 -5.060861 -5.484311 8.372473 9.832654 nan nan nan -3.182146 -8.307617 2.427042 3.268984 -5.783446 -4.142732 14.294633 -3.133773 14.965591 nan nan nan 1.451420 2.313074 1.067996 -2.379730 -1.569752 -2.688614 -1.088037 -1.007046 4.306034 -0.805260 2.195743 -4.131556 2.812373 0.922712 -3.288833 -13.282770 5.911082 7.130717 -59.847962 0.903780 6.508081 2.736967 -17.303472 28.587664 -13.496257 -15.340186 2.665028 8.848330 -2.570654 4.725169 59.856205 3.295075 10.889531 -0.847451 10.344578 23.754922 4.494618 8.088428 -2.205122 
3.003117 -51.284599 13.658998 -174.489304 -1.676285 -0.470165 -0.078621 3.780348 3.618564 -4.055867 5.416435 -5.086908 -5.533896 8.359749 9.861819 nan nan nan -3.141055 -8.308770 2.397894 3.234215 -5.864720 -4.134970 14.301193 -3.087875 14.974033 nan nan nan 1.487314 2.278023 0.983256 -2.383037 -1.604284 -2.562323 -1.099523 -1.020139 4.197329 -0.852595 2.210715 -3.989967 2.829347 0.983076 -3.415785 -13.311735 5.909027 7.142442 -59.855606 0.972165 6.426946 2.904128 -17.484862 28.556573 -13.995868 -15.107299 2.780970 8.830582 -2.505766 4.829714 59.870088 3.286317 10.832447 -0.863642 10.434068 23.724606 4.477675 7.977288 -2.315007 
2.905410 -51.256348 13.581718 -174.216936 -2.217421 -1.101188 -0.524806 4.023366 4.475161 -3.900904 5.321898 -5.463266 -5.345164 8.692168 9.850229 nan nan nan -3.738270 -8.113384 2.814077 3.361379 -5.904381 -3.766512 14.598061 -2.739022 14.972364 nan nan nan 1.500778 2.372915 2.030868 -2.650785 -1.373279 -2.821003 -1.114080 -0.892629 4.349651 -0.803337 2.303288 -4.535614 2.795690 0.836284 -3.069962 -13.110207 5.855849 6.854741 -60.002702 0.960827 6.374285 2.915696 -17.544447 28.587576 -14.363394 -15.137129 2.504307 8.696553 -2.324978 4.554728 60.058886 3.268294 10.889007 -0.899489 10.443867 23.533655 4.435346 7.820249 -2.066301 
3.011609 -51.264763 13.664784 -174.430662 -1.678376 -0.446537 -0.180818 3.686589 3.628089 -4.005249 5.444191 -5.176935 -5.311272 8.307228 9.802979 nan nan nan -3.212291 -8.172806 2.384890 3.233578 -5.966593 -4.133391 14.324811 -3.009909 14.899644 nan nan nan 1.396995 2.254674 1.040635 -2.395992 -1.599985 -2.676562 -1.086199 -1.049546 4.200395 -0.809113 2.208721 -4.027801 2.782113 0.914076 -3.383163 -13.290526 6.080140 7.155144 -59.833103 0.857676 6.280464 3.016908 -17.455587 28.250242 -14.801731 -15.135029 2.695782 8.909336 -2.576220 4.858678 59.839978 3.334915 10.910793 -0.924862 10.421428 23.604465 4.455675 7.902584 -2.138018 
2.900708 -51.241978 13.577689 -174.179515 -2.230042 -1.062517 -0.586589 3.980451 4.421118 -3.889728 5.377567 -5.440920 -5.232404 8.637106 9.841382 nan nan nan -3.797852 -8.080867 2.757846 3.376829 -5.873550 -3.753291 14.569910 -2.651422 14.904230 nan nan nan 1.440737 2.379307 2.070849 -2.637554 -1.369340 -2.876822 -1.098486 -0.895959 4.292942 -0.772067 2.328501 -4.515192 2.732367 0.819734 -3.084789 -13.066636 5.941275 6.864924 -60.077104 0.851683 6.312008 3.043231 -17.331256 28.412528 -14.625849 -15.364906 2.531717 8.678455 -2.426405 4.544386 60.087278 3.335631 10.883674 -0.945305 10.310877 23.516858 4.592142 7.950497 -1.944285 
3.004201 -51.260658 13.663670 -174.424197 -1.668919 -0.486716 -0.180548 3.735779 3.656307 -3.998012 5.475545 -5.117301 -5.489609 8.317781 9.875226 nan nan nan -3.245862 -8.261785 2.397345 3.237257 -6.074333 -4.078261 14.340595 -2.848100 14.921932 nan nan nan 1.420528 2.274518 1.137332 -2.409692 -1.616231 -2.666704 -1.092677 -1.014943 4.129522 -0.818637 2.266280 -3.966886 2.810346 0.915755 -3.467780 -13.271456 5.982898 7.146124 -59.890091 0.896579 6.255040 3.120107 -17.372096 28.182788 -14.779855 -15.257662 2.851642 8.867500 -2.585582 4.828967 59.899823 3.300616 10.789057 -0.958159 10.361207 23.745341 4.772837 8.034167 -1.925450 
2.996099 -51.275295 13.655622 -174.464162 -1.638532 -0.464434 -0.141387 3.656363 3.618879 -3.992094 5.561202 -5.098168 -5.463376 8.338513 9.825192 nan nan nan -3.167681 -8.259434 2.364797 3.184405 -6.115221 -4.080316 14.364020 -2.846373 14.921972 nan nan nan 1.476108 2.257699 1.050228 -2.405605 -1.619499 -2.564562 -1.105544 -1.020152 4.103459 -0.824291 2.256893 -4.007681 2.802990 0.936893 -3.453439 -13.318318 5.957725 7.169495 -59.870567 0.866838 6.188465 3.173702 -17.411812 27.906932 -14.956562 -15.144260 2.751394 8.871135 -2.530575 4.862714 59.912677 3.319776 10.801822 -1.011844 10.345506 23.689742 4.839406 8.036274 -1.881576 
2.888170 -51.252037 13.566012 -174.215290 -2.191518 -1.105400 -0.537411 3.965665 4.452429 -3.878117 5.446602 -5.404055 -5.263975 8.667867 9.792777 nan nan nan -3.748513 -8.142654 2.815533 3.353920 -5.982060 -3.763469 14.611693 -2.641270 15.049006 nan nan nan 1.496820 2.393866 2.070867 -2.660012 -1.365300 -2.804185 -1.098442 -0.901882 4.307634 -0.783222 2.231870 -4.550753 2.798334 0.841245 -3.095523 -13.131886 5.841954 6.889959 -60.027526 0.816338 6.187352 3.069147 -17.403610 28.029731 -14.812762 -15.084646 2.384915 8.721813 -2.335230 4.567412 60.043146 3.288834 10.831009 -0.958541 10.354994 23.514779 4.807599 7.859590 -1.774558 
2.993026 -51.270702 13.644659 -174.449472 -1.637069 -0.478338 -0.136103 3.681303 3.632300 -4.010585 5.541593 -5.101048 -5.377656 8.258837 9.786350 nan nan nan -3.205978 -8.281450 2.450293 3.263774 -6.016293 -4.167071 14.314443 -3.014423 15.118938 nan nan nan 1.426913 2.299187 1.066700 -2.409525 -1.600851 -2.591567 -1.065007 -1.051800 4.144928 -0.854432 2.009317 -3.946898 2.840883 0.972251 -3.481577 -13.347048 5.957616 7.228215 -59.900071 0.770619 6.076957 3.198449 -17.387271 27.764579 -14.890521 -14.925536 2.725770 8.912691 -2.495834 4.918559 59.800569 3.248333 10.773779 -0.940423 10.510638 23.667113 4.837273 7.938935 -1.936591 
2.997431 -51.279984 13.633412 -174.478742 -1.634555 -0.410557 -0.093208 3.639835 3.538167 -4.031379 5.632040 -5.069858 -5.394765 8.263663 9.811473 nan nan nan -3.150313 -8.254309 2.350241 3.259953 -5.948126 -4.136189 14.291759 -3.080353 15.006462 nan nan nan 1.437034 2.281197 0.960557 -2.373831 -1.605947 -2.503457 -1.067819 -1.037187 4.092031 -0.863584 1.988862 -3.964831 2.808919 0.986794 -3.485799 -13.340640 5.941145 7.253917 -59.973805 0.766931 6.082268 3.213164 -17.291606 27.559422 -14.471820 -15.106465 2.744951 8.856954 -2.436595 4.957988 59.851572 3.223013 10.842331 -0.987125 10.537862 23.585385 4.865810 8.020703 -1.967721 
2.995745 -51.276031 13.636450 -174.457017 -1.657639 -0.404909 -0.130036 3.622427 3.529344 -4.039927 5.602396 -5.055169 -5.460561 8.328838 9.807615 nan nan nan -3.186477 -8.223276 2.334792 3.267804 -5.889219 -4.125365 14.292677 -3.132279 14.910983 nan nan nan 1.430545 2.280186 0.967050 -2.369957 -1.612288 -2.522293 -1.085834 -1.004106 4.103434 -0.874582 2.019767 -4.033078 2.806801 0.963201 -3.463793 -13.295286 5.922848 7.238538 -59.967318 0.819417 6.189969 3.071506 -17.240453 27.619683 -13.943483 -15.304597 2.593553 8.820462 -2.433470 4.915252 59.906281 3.195057 10.910967 -1.006579 10.514769 23.519768 4.779506 8.007240 -2.029364 
2.999572 -51.286400 13.643389 -174.453562 -1.657600 -0.401015 -0.141346 3.595737 3.547073 -4.054554 5.557471 -5.110405 -5.558534 8.408287 9.847107 nan nan nan -3.185242 -8.213472 2.320856 3.270416 -5.913446 -4.142728 14.260842 -3.194833 14.942057 nan nan nan 1.426246 2.255942 1.002374 -2.361773 -1.638086 -2.608275 -1.096723 -0.977171 4.100393 -0.857114 2.098980 -4.010775 2.826806 0.987270 -3.450144 -13.239415 5.937012 7.224166 -59.900885 0.899440 6.319963 2.887680 -17.291418 28.103736 -13.850307 -15.374690 2.376358 8.792738 -2.472297 4.912147 59.959787 3.250680 10.939293 -0.998190 10.445309 23.657207 4.635128 7.962023 -2.208068 
2.890077 -51.257812 13.564936 -174.190956 -2.273391 -1.077165 -0.577412 3.968110 4.460836 -3.898203 5.417871 -5.501807 -5.382403 8.746110 9.861098 nan nan nan -3.783515 -8.123045 2.740829 3.377710 -5.886862 -3.703756 14.588516 -2.751465 14.991635 nan nan nan 1.475849 2.384811 2.102109 -2.637915 -1.368146 -2.881351 -1.101369 -0.842803 4.279346 -0.781685 2.275757 -4.571608 2.763148 0.872826 -3.030712 -13.053498 5.837074 6.903728 -60.057727 0.964330 6.357127 2.880245 -17.447443 28.669035 -14.114977 -15.347740 2.292640 8.609366 -2.325376 4.589875 60.137547 3.278067 10.901201 -0.970677 10.404441 23.697949 4.649872 7.863859 -2.074467 
2.994602 -51.273773 13.660395 -174.437795 -1.729628 -0.503177 -0.174213 3.781536 3.692935 -3.995564 5.443798 -5.174038 -5.484334 8.324362 9.830842 nan nan nan -3.255205 -8.340790 2.370306 3.263835 -6.116126 -3.990811 14.450786 -2.866961 15.106831 nan nan nan 1.464181 2.264224 1.153003 -2.417597 -1.593441 -2.683539 -1.094208 -0.991688 4.149180 -0.827339 2.204309 -4.035031 2.774784 0.935361 -3.331539 -13.312454 5.973887 7.152925 -59.846453 1.011983 6.252632 3.036497 -17.591067 28.587615 -14.639947 -15.133750 2.841908 8.836071 -2.491147 4.889278 59.888226 3.272926 10.764558 -0.978836 10.466630 23.817520 4.820010 7.984012 -2.208954 
2.992828 -51.274925 13.656126 -174.441020 -1.713942 -0.495924 -0.172081 3.771109 3.678161 -3.998924 5.436371 -5.157465 -5.459973 8.322766 9.815933 nan nan nan -3.242092 -8.327564 2.364754 3.240482 -6.072185 -3.996791 14.424217 -2.870786 15.040404 nan nan nan 1.456631 2.257040 1.102159 -2.410978 -1.601149 -2.627262 -1.098359 -1.001584 4.154202 -0.817839 2.199907 -4.030370 2.766185 0.939878 -3.369137 -13.314658 5.983947 7.145637 -59.852173 0.993076 6.272637 3.029945 -17.591991 28.574452 -14.585904 -15.092815 2.835683 8.836457 -2.487100 4.882056 59.888972 3.290922 10.784597 -0.975006 10.476547 23.786031 4.817627 7.977635 -2.218259 
2.987471 -51.274368 13.652596 -174.458457 -1.685674 -0.479317 -0.160075 3.728128 3.660307 -3.985210 5.446549 -5.147314 -5.336241 8.364572 9.798744 nan nan nan -3.226720 -8.296119 2.376566 3.274280 -5.980976 -4.069111 14.370920 -3.007077 15.085812 nan nan nan 1.471825 2.236433 1.004425 -2.401476 -1.605079 -2.523479 -1.097320 -1.033218 4.176629 -0.801793 2.135527 -4.039381 2.744526 1.046471 -3.475947 -13.346909 6.002940 7.152321 -59.847393 0.930753 6.306387 2.978825 -17.557009 28.528951 -14.484229 -15.010680 2.824823 8.806616 -2.485950 4.844635 59.883838 3.328962 10.866240 -0.913647 10.483209 23.730700 4.796741 7.997737 -2.169770 
2.983268 -51.277500 13.644248 -174.471077 -1.686900 -0.446170 -0.146815 3.699126 3.614410 -3.997867 5.524999 -5.146034 -5.325129 8.342214 9.844863 nan nan nan -3.171295 -8.229350 2.326802 3.213530 -5.908458 -4.071927 14.309572 -3.027418 14.950751 nan nan nan 1.492627 2.234210 0.967008 -2.399060 -1.577808 -2.508246 -1.104294 -1.033163 4.148739 -0.790479 2.119832 -4.051877 2.703238 1.039063 -3.484285 -13.355722 5.966106 7.194396 -59.800576 0.893055 6.316097 2.965863 -17.504866 28.338545 -14.576308 -15.074678 2.892019 8.791220 -2.480881 4.858046 59.912661 3.350032 10.880013 -0.912047 10.370028 23.598373 4.673374 8.123745 -2.072280 
2.982933 -51.289936 13.649331 -174.476676 -1.689681 -0.440752 -0.130122 3.707955 3.610084 -4.044125 5.577257 -5.149313 -5.449455 8.330402 9.860273 nan nan nan -3.138599 -8.220578 2.320366 3.190185 -6.006378 -4.062759 14.347448 -2.985385 14.961772 nan nan nan 1.500043 2.244976 1.029459 -2.398653 -1.571710 -2.629908 -1.094699 -1.002942 4.125749 -0.805555 2.084838 -4.026893 2.727976 0.972623 -3.421324 -13.352199 5.926525 7.238605 -59.777806 0.870137 6.248504 2.973579 -17.392593 28.123321 -14.677622 -15.201391 2.881858 8.795604 -2.501573 4.862586 59.910692 3.326698 10.824448 -0.906151 10.255664 23.641091 4.656121 8.202451 -1.981819 
2.988790 -51.300007 13.652423 -174.471567 -1.681562 -0.433285 -0.118861 3.712893 3.615553 -4.073429 5.607041 -5.169768 -5.607465 8.355041 9.857111 nan nan nan -3.129662 -8.217753 2.332775 3.193030 -6.054781 -4.092239 14.358144 -2.967356 14.955078 nan nan nan 1.457770 2.268060 1.027659 -2.386217 -1.577521 -2.652901 -1.080569 -0.984730 4.124646 -0.797264 2.120670 -3.993138 2.761287 0.963443 -3.430535 -13.326283 5.946747 7.223140 -59.811053 0.869941 6.265695 3.020385 -17.404885 28.239625 -14.650820 -15.209469 2.883642 8.844467 -2.536349 4.859759 59.855652 3.317244 10.791261 -0.874485 10.247903 23.713220 4.693104 8.165392 -2.093823 
2.888616 -51.270500 13.560085 -174.206309 -2.206704 -1.079223 -0.521735 4.010620 4.433550 -3.930430 5.424359 -5.433714 -5.335557 8.672119 9.806028 nan nan nan -3.717319 -8.101054 2.774049 3.339522 -5.866438 -3.751518 14.542311 -2.758154 14.889657 nan nan nan 1.449422 2.396224 2.068127 -2.625044 -1.354513 -2.915256 -1.069163 -0.886524 4.337829 -0.749365 2.233950 -4.533751 2.725141 0.942771 -3.065772 -13.090438 5.827855 6.942802 -60.059798 0.891985 6.402904 2.900885 -17.405792 28.664062 -13.957764 -15.284321 2.497365 8.646471 -2.348852 4.543394 60.063866 3.301531 10.869216 -0.858688 10.274174 23.533299 4.582194 8.017858 -2.048922 
2.993860 -51.291237 13.638433 -174.427921 -1.631214 -0.456445 -0.151830 3.682187 3.611005 -4.040449 5.426775 -5.124859 -5.183907 8.311939 9.747745 nan nan nan -3.190184 -8.223086 2.405228 3.244215 -5.846991 -4.171084 14.187757 -3.154242 14.832233 nan nan nan 1.372360 2.293811 1.089222 -2.375996 -1.590129 -2.761317 -1.044261 -1.059617 4.208809 -0.806972 2.072151 -3.958430 2.768683 1.060247 -3.406165 -13.288997 5.941520 7.298354 -59.908097 0.852935 6.391901 2.932510 -17.429951 28.491332 -13.840750 -15.123144 2.505452 8.836941 -2.528850 4.906006 59.871911 3.287876 10.845739 -0.905304 10.408889 23.619952 4.546199 8.062654 -2.305261 
2.995210 -51.313335 13.642418 -174.464294 -1.635417 -0.444934 -0.131809 3.678773 3.580018 -4.027442 5.485461 -5.089511 -5.270853 8.289833 9.782959 nan nan nan -3.167642 -8.322635 2.375281 3.264838 -5.899561 -4.147747 14.280571 -3.124765 15.034603 nan nan nan 1.420403 2.292410 1.052029 -2.364651 -1.600367 -2.675533 -1.040839 -1.046950 4.096673 -0.855159 2.018605 -3.828684 2.793718 1.054938 -3.501444 -13.313377 5.889043 7.315261 -59.927641 0.885656 6.312802 3.000937 -17.444281 28.477659 -14.214052 -15.057606 2.609542 8.804006 -2.478387 4.974921 59.886179 3.257243 10.740156 -0.947481 10.417110 23.621402 4.648946 8.051723 -2.327693 
2.995975 -51.319111 13.651780 -174.457159 -1.661162 -0.459719 -0.161079 3.712265 3.598789 -4.002058 5.458803 -5.083674 -5.408441 8.296546 9.778625 nan nan nan -3.181904 -8.416770 2.322608 3.233828 -6.016919 -4.024648 14.432576 -2.953352 15.059116 nan nan nan 1.437491 2.304114 1.090832 -2.381008 -1.594895 -2.685294 -1.038194 -1.026343 4.052554 -0.864928 2.025691 -3.827961 2.794542 1.000603 -3.503493 -13.305501 5.864229 7.284698 -59.944997 0.948788 6.269843 3.059212 -17.516908 28.568906 -14.515877 -14.981297 2.805256 8.763133 -2.478473 4.933010 59.929126 3.196373 10.672389 -0.963902 10.382769 23.662916 4.652687 8.019680 -2.225040 
3.001850 -51.314674 13.657847 -174.454355 -1.672099 -0.430167 -0.156011 3.714771 3.558300 -4.013720 5.437922 -5.059016 -5.433970 8.307874 9.743627 nan nan nan -3.181477 -8.428466 2.249352 3.204885 -6.080631 -3.963362 14.547031 -2.855703 15.095641 nan nan nan 1.440930 2.282754 1.073951 -2.388931 -1.601756 -2.731711 -1.052754 -1.002212 4.075608 -0.843364 2.079249 -3.854478 2.769355 0.998490 -3.489769 -13.293953 5.916462 7.275494 -59.927848 0.971744 6.252404 3.049315 -17.558546 28.630304 -14.506021 -14.972714 2.787131 8.773756 -2.513256 4.918241 59.924374 3.260948 10.666971 -0.911620 10.300755 23.730186 4.576627 8.007059 -2.147464 
2.908749 -51.268280 13.568747 -174.180898 -2.252027 -1.063117 -0.549788 4.029146 4.378859 -3.935511 5.362648 -5.352551 -5.366761 8.682804 9.752144 nan nan nan -3.762298 -8.183259 2.683781 3.306357 -5.905321 -3.656658 14.748553 -2.587589 14.996397 nan nan nan 1.427465 2.401053 2.129964 -2.633681 -1.353080 -2.995334 -1.072346 -0.849438 4.266996 -0.761014 2.228149 -4.499098 2.721970 0.850642 -3.056871 -13.098778 5.880480 6.938256 -60.013921 0.952315 6.322589 2.913094 -17.516984 28.765181 -14.202045 -15.218481 2.518830 8.645559 -2.401506 4.559324 60.095108 3.280162 10.780831 -0.911680 10.269346 23.584210 4.561432 7.933029 -1.945413 
3.012638 -51.278824 13.647141 -174.421528 -1.678283 -0.465430 -0.164717 3.720164 3.602071 -4.039272 5.405947 -5.071464 -5.400411 8.369121 9.694808 nan nan nan -3.219364 -8.216155 2.365792 3.220262 -5.940311 -4.108288 14.431261 -3.037678 14.968848 nan nan nan 1.379479 2.280427 1.203435 -2.393650 -1.580758 -2.872213 -1.057320 -1.002770 4.157331 -0.813997 2.082422 -3.998412 2.771331 0.984228 -3.331652 -13.319290 6.019281 7.253433 -59.782619 0.896637 6.291250 2.901213 -17.442414 28.427705 -14.078102 -15.267414 2.738269 8.840893 -2.611856 4.826926 59.842299 3.246220 10.814472 -0.847351 10.367743 23.672806 4.531131 8.031311 -2.083781 
3.009259 -51.283588 13.640059 -174.422997 -1.676024 -0.464410 -0.160687 3.702454 3.601996 -4.037928 5.394979 -5.074010 -5.322488 8.379285 9.665610 nan nan nan -3.214725 -8.209107 2.365970 3.215440 -5.919848 -4.119235 14.417821 -3.058527 14.945845 nan nan nan 1.379574 2.279017 1.187094 -2.389925 -1.579305 -2.848796 -1.056172 -1.004154 4.165903 -0.806053 2.077774 -3.999325 2.771315 1.004511 -3.345773 -13.318888 6.013484 7.250211 -59.789054 0.881390 6.310532 2.884286 -17.430016 28.416930 -14.032145 -15.248125 2.696363 8.833831 -2.601618 4.829577 59.842625 3.249848 10.834352 -0.845148 10.376961 23.646727 4.521768 8.026443 -2.103253 
2.989269 -51.294376 13.632508 -174.473304 -1.652045 -0.501941 -0.113865 3.719770 3.641888 -4.037322 5.357567 -5.074248 -5.107783 8.364412 9.627845 nan nan nan -3.178584 -8.268764 2.426078 3.248172 -5.950212 -4.136571 14.404609 -3.076402 14.997985 nan nan nan 1.445030 2.263327 1.194424 -2.387154 -1.580061 -2.777725 -1.043364 -0.996381 4.168675 -0.816328 2.038430 -3.956523 2.783228 1.119049 -3.439760 -13.364890 5.952475 7.206244 -59.777476 0.880490 6.321668 2.839335 -17.454695 28.430746 -14.058504 -15.054471 2.754080 8.823877 -2.522494 4.851784 59.818107 3.226873 10.799296 -0.835207 10.414701 23.579148 4.594105 7.917198 -2.034202 
2.874941 -51.266945 13.530066 -174.230263 -2.279839 -1.177830 -0.491402 4.092815 4.521576 -3.952249 5.354284 -5.402632 -5.174539 8.743936 9.784726 nan nan nan -3.763415 -8.114527 2.845446 3.424103 -5.929677 -3.687974 14.650590 -2.822714 15.051849 nan nan nan 1.542677 2.388788 2.299044 -2.679138 -1.309370 -3.002729 -1.050447 -0.842025 4.320844 -0.812517 2.011930 -4.488856 2.787407 1.089683 -3.165805 -13.199801 5.750721 6.907856 -59.941258 0.948261 6.278135 2.805878 -17.542324 28.563399 -14.064152 -14.974180 2.626657 8.608797 -2.220827 4.587448 60.033974 3.159799 10.741338 -0.826803 10.446129 23.450484 4.745970 7.747489 -1.792435 
2.986998 -51.275349 13.638973 -174.460616 -1.676089 -0.505820 -0.090073 3.806028 3.652476 -4.077240 5.504772 -5.079649 -5.488238 8.353668 9.813109 nan nan nan -3.209197 -8.236072 2.461677 3.316854 -6.064784 -4.136999 14.409610 -3.186285 15.107926 nan nan nan 1.472028 2.272731 1.219634 -2.420009 -1.567868 -2.821319 -1.038347 -1.003728 4.139108 -0.833610 1.855249 -3.855581 2.809114 1.184371 -3.534624 -13.419647 5.854319 7.327201 -59.767278 0.915415 6.178535 2.955769 -17.490345 28.378598 -14.320761 -14.988723 3.014188 8.813078 -2.419542 4.941217 59.811913 3.143917 10.701986 -0.837207 10.467432 23.706785 4.719867 7.982982 -1.950928 
2.993096 -51.287357 13.646293 -174.487485 -1.647630 -0.440893 -0.087117 3.712701 3.572715 -4.031168 5.599305 -5.048249 -5.511968 8.332154 9.810263 nan nan nan -3.147420 -8.205245 2.399810 3.288331 -6.055203 -4.172641 14.404616 -3.208839 15.120498 nan nan nan 1.476111 2.257767 1.088095 -2.386343 -1.583255 -2.731172 -1.043266 -1.013613 4.072995 -0.831282 1.885374 -3.811234 2.769125 1.134326 -3.543929 -13.397641 5.888881 7.362368 -59.815191 0.850273 6.108668 3.042868 -17.400868 28.191275 -14.617582 -15.102319 2.971576 8.773578 -2.420438 5.018316 59.859115 3.204766 10.725569 -0.912335 10.453955 23.663156 4.698924 8.142023 -2.059411 
2.996757 -51.296177 13.654681 -174.490773 -1.650976 -0.443589 -0.081834 3.712576 3.585638 -4.057257 5.557448 -5.060060 -5.553111 8.322835 9.815014 nan nan nan -3.151618 -8.259221 2.376761 3.284766 -5.980438 -4.125396 14.360479 -3.097086 15.015856 nan nan nan 1.465025 2.278153 1.055799 -2.373602 -1.583772 -2.693761 -1.036703 -1.020965 4.070199 -0.813692 1.934468 -3.872092 2.757587 1.088886 -3.445128 -13.383009 5.896604 7.326345 -59.848803 0.790718 6.057218 3.095748 -17.300418 27.985945 -14.676123 -15.180556 2.741633 8.740067 -2.444323 5.045688 59.905659 3.239716 10.712598 -0.961800 10.454387 23.631973 4.699455 8.183272 -2.169508 
2.999575 -51.296177 13.655273 -174.484595 -1.649567 -0.441063 -0.091649 3.704756 3.578513 -4.061844 5.526683 -5.068696 -5.523360 8.327374 9.807873 nan nan nan -3.161345 -8.273712 2.364104 3.273574 -5.980110 -4.107688 14.359171 -3.071643 14.990933 nan nan nan 1.454337 2.280941 1.052520 -2.376748 -1.584190 -2.701002 -1.039637 -1.024190 4.085283 -0.811999 1.958168 -3.886071 2.758198 1.083205 -3.433301 -13.369449 5.913952 7.312000 -59.858167 0.776254 6.068559 3.090529 -17.284436 27.939178 -14.601407 -15.179438 2.656409 8.740852 -2.471821 5.022509 59.909118 3.244582 10.732972 -0.948880 10.452100 23.634067 4.688115 8.171208 -2.190936 
3.005479 -51.292118 13.659611 -174.439569 -1.641482 -0.427712 -0.143141 3.629371 3.591069 -4.067613 5.385782 -5.142809 -5.345755 8.363688 9.741399 nan nan nan -3.198052 -8.296607 2.312243 3.230027 -6.017478 -4.025135 14.369711 -2.986109 14.904655 nan nan nan 1.405443 2.281709 1.027925 -2.387249 -1.583954 -2.723446 -1.055298 -1.041580 4.158511 -0.815739 2.062875 -3.938833 2.745495 1.042001 -3.422121 -13.307460 6.010637 7.283105 -59.907631 0.716294 6.142625 3.059306 -17.268693 27.713824 -14.325035 -15.209708 2.094550 8.758162 -2.587593 4.909270 59.919954 3.295845 10.874263 -0.899967 10.403191 23.653655 4.647930 8.061520 -2.266746 
3.010718 -51.292866 13.661864 -174.442010 -1.652908 -0.435627 -0.137274 3.644770 3.613390 -4.082631 5.404306 -5.158121 -5.433770 8.376515 9.788910 nan nan nan -3.186421 -8.282269 2.315055 3.206180 -6.024087 -4.026699 14.380164 -2.912799 14.911135 nan nan nan 1.397527 2.277115 1.034174 -2.380083 -1.589265 -2.699084 -1.047661 -1.042208 4.121336 -0.814735 2.100693 -3.923088 2.755305 1.042667 -3.432945 -13.288120 6.013781 7.275690 -59.904476 0.782106 6.175957 3.032396 -17.329731 27.858981 -14.476521 -15.200204 2.105155 8.758580 -2.559721 4.906156 59.917285 3.331933 10.868559 -0.874282 10.305191 23.619680 4.672606 8.044255 -2.360926 
3.005612 -51.302948 13.646304 -174.449040 -1.639429 -0.422460 -0.135688 3.602681 3.589688 -4.095764 5.468412 -5.151250 -5.542067 8.450500 9.829887 nan nan nan -3.183474 -8.207581 2.301479 3.237990 -5.958887 -4.068828 14.311851 -2.975580 14.847681 nan nan nan 1.409238 2.272746 1.033905 -2.380984 -1.597545 -2.674914 -1.053765 -1.037567 4.091283 -0.813586 2.089980 -3.931123 2.781697 1.048024 -3.475622 -13.335664 5.984076 7.261094 -59.855705 0.855520 6.192653 3.097055 -17.427063 28.010014 -14.474937 -15.226959 2.510574 8.776100 -2.516927 4.909004 59.911598 3.324776 10.833690 -0.896516 10.277987 23.581070 4.573485 8.096165 -2.301939 
3.000908 -51.302734 13.635188 -174.442387 -1.630915 -0.432791 -0.154697 3.561270 3.576451 -4.069848 5.509906 -5.100594 -5.474842 8.484416 9.795245 nan nan nan -3.183302 -8.142480 2.326173 3.233352 -5.949514 -4.108227 14.327603 -3.034196 14.860535 nan nan nan 1.420973 2.278088 1.094993 -2.393827 -1.586606 -2.720540 -1.067546 -1.021105 4.091512 -0.812020 2.087112 -3.967131 2.776384 1.006071 -3.423369 -13.332916 5.959642 7.264986 -59.854123 0.871607 6.213562 3.122753 -17.421429 28.061300 -14.254104 -15.322174 2.890798 8.761716 -2.513804 4.879060 59.952129 3.250104 10.846221 -0.922603 10.282868 23.570255 4.436213 8.162228 -2.192613 
2.989616 -51.315926 13.630712 -174.456813 -1.618039 -0.468292 -0.144307 3.561643 3.593826 -4.047685 5.535551 -5.067660 -5.416710 8.462331 9.799376 nan nan nan -3.189717 -8.197581 2.359362 3.259633 -6.112599 -4.110877 14.463095 -2.998786 15.000601 nan nan nan 1.470956 2.280550 1.155222 -2.401203 -1.598937 -2.765633 -1.082613 -0.991522 4.104695 -0.835859 2.116916 -3.969783 2.796729 0.905745 -3.374007 -13.305030 5.871602 7.269587 -59.879017 0.900456 6.281485 3.053197 -17.365199 28.124475 -14.125563 -15.343245 3.092154 8.735117 -2.513721 4.834806 59.977659 3.205647 10.816824 -0.920853 10.239978 23.614462 4.338181 8.125593 -2.041096 
2.880010 -51.280212 13.533068 -174.203241 -2.216193 -1.133457 -0.524009 3.995104 4.454011 -3.941509 5.401649 -5.370269 -5.313066 8.757151 9.831023 nan nan nan -3.771027 -8.100783 2.804186 3.377003 -6.000247 -3.735613 14.736438 -2.663840 14.991670 nan nan nan 1.505855 2.406635 2.187067 -2.654556 -1.345554 -2.959929 -1.093454 -0.856925 4.342193 -0.757703 2.278377 -4.602620 2.742796 0.807342 -2.987775 -13.083915 5.749058 6.945843 -60.051778 0.922394 6.397382 2.926690 -17.485881 28.705930 -14.022633 -15.337831 2.771544 8.562483 -2.337138 4.517517 60.146485 3.265233 10.810700 -0.886010 10.284425 23.599711 4.366815 7.945457 -1.893307 
2.987890 -51.294250 13.627217 -174.449192 -1.662410 -0.505139 -0.099426 3.777281 3.651997 -4.084511 5.463161 -5.081997 -5.430485 8.342233 9.815420 nan nan nan -3.200526 -8.249946 2.438917 3.260426 -6.076358 -4.138207 14.437008 -3.041470 15.015621 nan nan nan 1.433676 2.289970 1.164454 -2.394264 -1.568289 -2.752555 -1.058916 -1.007824 4.219807 -0.788693 2.162537 -4.054344 2.745273 0.987352 -3.381159 -13.308521 5.938372 7.255834 -59.882645 0.863098 6.313453 3.033860 -17.568803 28.677950 -14.280718 -15.104917 2.912238 8.789157 -2.556443 4.860302 59.868392 3.299350 10.732429 -0.843960 10.399424 23.798981 4.543505 8.056268 -2.167063 
2.985163 -51.310516 13.630458 -174.486081 -1.637146 -0.455680 -0.069953 3.741906 3.578761 -4.066895 5.508696 -5.035353 -5.394887 8.329393 9.796314 nan nan nan -3.147447 -8.257103 2.386210 3.283619 -6.036056 -4.147358 14.324641 -3.134913 15.003916 nan nan nan 1.467758 2.261186 1.068413 -2.371923 -1.576416 -2.682224 -1.068969 -1.008271 4.168267 -0.788911 2.099777 -4.047065 2.723604 1.002640 -3.401888 -13.341088 5.938808 7.293163 -59.852609 0.860251 6.281276 3.014257 -17.581896 28.586733 -14.379284 -15.108720 2.722047 8.777857 -2.528435 4.925044 59.873669 3.294564 10.741825 -0.865949 10.453776 23.703407 4.582399 8.161883 -2.330325 
2.985242 -51.314373 13.631199 -174.492481 -1.636780 -0.469647 -0.065704 3.737336 3.595715 -4.065744 5.489509 -5.046927 -5.371336 8.331816 9.788386 nan nan nan -3.145671 -8.250505 2.396116 3.285780 -6.006377 -4.150778 14.315331 -3.162305 15.037931 nan nan nan 1.482344 2.256654 1.091796 -2.374251 -1.574751 -2.692961 -1.063777 -1.009533 4.156676 -0.802759 2.062698 -4.046367 2.723030 1.033596 -3.405840 -13.349739 5.919872 7.297515 -59.839080 0.875974 6.271919 2.994189 -17.573326 28.574263 -14.344534 -15.105866 2.733832 8.749788 -2.504731 4.923271 59.892326 3.274864 10.745914 -0.873964 10.461479 23.667445 4.601678 8.126809 -2.323205 
2.988680 -51.320908 13.633327 -174.491499 -1.655064 -0.492490 -0.068462 3.728040 3.638742 -4.084978 5.453643 -5.097388 -5.447201 8.325052 9.793168 nan nan nan -3.151304 -8.275044 2.382642 3.252235 -5.994565 -4.107096 14.443847 -3.079875 15.113801 nan nan nan 1.501888 2.252527 1.140742 -2.391322 -1.590283 -2.704595 -1.061240 -0.997358 4.112945 -0.862742 2.055919 -3.973842 2.759895 1.088864 -3.482370 -13.317850 5.872613 7.251069 -59.837745 0.928099 6.246103 2.979876 -17.458378 28.494978 -14.306699 -15.165299 2.865483 8.690312 -2.466161 4.889715 59.941930 3.257857 10.709789 -0.875431 10.416153 23.591470 4.714022 8.041175 -2.355102 
2.992323 -51.323341 13.634716 -174.467042 -1.664155 -0.449695 -0.120458 3.693615 3.593103 -4.064190 5.494088 -5.103812 -5.582371 8.378108 9.790669 nan nan nan -3.166623 -8.295555 2.279801 3.221313 -6.088525 -3.990683 14.525530 -2.886761 15.031189 nan nan nan 1.471200 2.267915 1.064332 -2.388202 -1.607238 -2.652527 -1.084389 -0.981868 4.119131 -0.881302 2.195876 -4.027474 2.776507 0.908462 -3.443366 -13.278601 5.890829 7.183448 -59.848889 0.903109 6.242892 3.028480 -17.414019 28.245276 -14.550393 -15.129724 2.819683 8.771740 -2.531723 4.875581 59.877407 3.286822 10.716439 -0.858957 10.448633 23.645349 4.646478 7.974493 -2.291127 
2.891698 -51.284691 13.546896 -174.186335 -2.249555 -1.064987 -0.556308 4.008113 4.394073 -3.918834 5.405260 -5.397948 -5.440646 8.756490 9.798933 nan nan nan -3.773746 -8.108735 2.666224 3.352988 -5.959956 -3.610591 14.690611 -2.544054 14.896709 nan nan nan 1.450097 2.410622 2.064358 -2.628400 -1.349132 -2.884123 -1.088940 -0.848880 4.338852 -0.780644 2.382865 -4.682954 2.709538 0.750294 -2.998664 -13.039347 5.814802 6.840707 -60.074986 0.836393 6.304668 2.984526 -17.346792 28.355990 -14.524055 -15.183702 2.458003 8.622464 -2.422235 4.531378 60.063536 3.311672 10.799525 -0.895909 10.409992 23.512274 4.641926 7.862965 -2.104341 
3.008154 -51.297169 13.638769 -174.438826 -1.690606 -0.444745 -0.136421 3.750069 3.601155 -4.029741 5.465355 -5.122909 -5.485758 8.391795 9.806274 nan nan nan -3.207137 -8.233092 2.304103 3.253516 -5.930170 -4.015247 14.335765 -2.946890 14.903455 nan nan nan 1.379816 2.285106 1.067120 -2.368750 -1.574207 -2.703086 -1.057527 -1.010204 4.206794 -0.771072 2.227468 -4.157632 2.722530 0.929040 -3.325207 -13.277894 5.993314 7.143470 -59.890754 0.829795 6.294146 3.031789 -17.396118 28.321289 -14.457638 -15.053348 2.754035 8.846237 -2.581383 4.853714 59.812556 3.336728 10.811533 -0.855828 10.404105 23.617338 4.545156 7.943752 -2.309404 
2.896485 -51.271019 13.541011 -174.212028 -2.250052 -1.055620 -0.513979 4.074986 4.382398 -3.917779 5.438236 -5.386359 -5.414795 8.742632 9.816872 nan nan nan -3.746042 -8.104736 2.668250 3.369925 -5.788194 -3.633812 14.588164 -2.681788 14.916104 nan nan nan 1.445099 2.379402 2.035932 -2.611242 -1.342072 -2.869585 -1.078218 -0.873685 4.367850 -0.728352 2.300866 -4.662066 2.702863 0.876544 -3.069641 -13.111828 5.912822 6.830345 -60.068974 0.848686 6.358451 2.983052 -17.432423 28.583718 -14.133082 -15.102913 2.550736 8.660148 -2.367547 4.555573 60.010602 3.416348 10.833487 -0.830032 10.282532 23.464879 4.475843 7.894025 -2.187370 
2.992872 -51.286907 13.634456 -174.474155 -1.652450 -0.483087 -0.092994 3.814939 3.618341 -4.041020 5.535097 -5.056333 -5.597799 8.347965 9.759347 nan nan nan -3.182596 -8.255537 2.363118 3.256433 -6.101256 -4.036838 14.448120 -2.958515 15.041007 nan nan nan 1.452829 2.253737 1.131336 -2.379667 -1.594198 -2.724438 -1.055080 -1.019552 4.194933 -0.790341 2.130112 -4.040202 2.734083 0.985765 -3.470012 -13.352909 5.983885 7.172363 -59.865711 0.855462 6.223435 3.080874 -17.428475 28.398702 -14.518304 -15.048854 2.940963 8.814325 -2.534676 4.890614 59.823432 3.396267 10.695176 -0.831450 10.296367 23.761178 4.536741 8.026653 -2.157705 
2.988557 -51.294697 13.628396 -174.483625 -1.641950 -0.419653 -0.065141 3.783326 3.551870 -4.081182 5.576051 -5.073833 -5.475742 8.312850 9.768514 nan nan nan -3.115182 -8.232749 2.277569 3.192094 -6.072066 -4.000921 14.375200 -2.953000 14.875957 nan nan nan 1.455066 2.261822 1.011674 -2.357638 -1.591654 -2.650090 -1.072308 -0.981831 4.141974 -0.786995 2.110869 -3.965958 2.766796 0.935819 -3.530161 -13.351685 5.896706 7.230535 -59.779672 0.842918 6.210338 2.999365 -17.404548 28.296211 -14.603844 -15.126240 3.022366 8.809662 -2.497053 4.942139 59.854594 3.306721 10.702791 -0.914173 10.385373 23.770493 4.691667 8.066483 -2.047638 
2.983017 -51.317085 13.633009 -174.511512 -1.639005 -0.485899 -0.008009 3.840605 3.634310 -4.113052 5.536488 -5.093041 -5.338183 8.249881 9.779757 nan nan nan -3.144891 -8.309101 2.401576 3.306366 -6.071202 -4.059723 14.413246 -3.108099 15.188876 nan nan nan 1.512931 2.246573 1.100325 -2.371808 -1.597564 -2.677620 -1.073403 -0.947048 4.142595 -0.836741 2.027179 -3.981655 2.835488 0.989969 -3.499994 -13.351655 5.810718 7.256378 -59.750938 0.861201 6.155219 2.854316 -17.357291 28.224759 -14.334654 -15.164395 3.003349 8.781123 -2.397909 4.961754 59.859581 3.185649 10.711808 -0.912568 10.511296 23.648202 4.660508 8.018321 -1.968641 
2.980536 -51.340256 13.643563 -174.527185 -1.622718 -0.540157 0.003464 3.767033 3.725868 -4.095206 5.362249 -5.117928 -5.074320 8.296191 9.700443 nan nan nan -3.249668 -8.293536 2.615050 3.507214 -5.970809 -4.219060 14.589256 -3.458219 15.760674 nan nan nan 1.578540 2.209121 1.161896 -2.403402 -1.592424 -2.731930 -1.075008 -0.979059 4.202295 -0.871167 1.842783 -4.009178 2.822699 1.191384 -3.456269 -13.403610 5.826195 7.345617 -59.792138 0.756801 6.034313 2.881087 -17.271381 28.125379 -14.133298 -15.242084 2.711284 8.721996 -2.342674 4.947024 59.859906 3.231269 10.749510 -0.848406 10.440970 23.510909 4.623623 8.046931 -2.054244 
2.986945 -51.334686 13.646194 -174.453089 -1.668801 -0.547736 -0.088010 3.781977 3.749587 -4.069629 5.145350 -5.130818 -4.787363 8.357578 9.568844 nan nan nan -3.238064 -7.859513 2.841361 2.827581 -5.011857 -4.664853 14.847808 -2.979727 16.175437 nan nan nan 1.468466 2.198388 1.075671 -2.391788 -1.596784 -2.573206 -1.078800 -0.951389 4.179226 -0.831789 1.897204 -4.045054 2.791493 1.221027 -3.459475 -13.394744 5.870078 7.272252 -59.784807 0.698577 6.042428 2.822866 -17.224498 28.078989 -13.987712 -14.996253 2.651151 8.793792 -2.317881 4.915449 59.839241 3.297646 10.830507 -0.906963 10.401171 23.169846 4.851439 7.805923 -1.867339 
2.988841 -51.329166 13.657284 -174.431213 -1.680381 -0.573565 -0.105675 3.839362 3.760589 -4.069386 5.130961 -5.111325 -4.803438 8.361059 9.589296 nan nan nan -3.275715 -7.925270 2.817176 2.831485 -5.149380 -4.537419 14.930348 -2.839878 16.248826 nan nan nan 1.449975 2.206442 1.068183 -2.389353 -1.601646 -2.527675 -1.077506 -0.945577 4.137453 -0.823494 1.913341 -3.979844 2.768934 1.204419 -3.497532 -13.415450 5.821798 7.293764 -59.764580 0.743457 6.058161 2.773849 -17.272543 28.253204 -13.952973 -14.848912 2.873433 8.784289 -2.288281 4.943382 59.830208 3.279992 10.750399 -0.871950 10.428273 23.116594 4.902375 7.735292 -1.860469 
2.994316 -51.319080 13.665739 -174.413303 -1.672342 -0.595153 -0.113617 3.862027 3.756141 -4.069227 5.189613 -5.058565 -5.041370 8.356139 9.622752 nan nan nan -3.325258 -8.007753 2.827725 2.873405 -5.339915 -4.468347 15.035498 -2.685882 16.312360 nan nan nan 1.421440 2.244699 1.097047 -2.381922 -1.611098 -2.510717 -1.082037 -0.951873 4.128437 -0.783112 1.962845 -4.076322 2.752229 1.074779 -3.413423 -13.405359 5.797292 7.252686 -59.774616 0.741863 6.127244 2.780377 -17.185472 28.261935 -13.869181 -15.015643 3.053502 8.786613 -2.345573 4.857110 59.802512 3.262460 10.675699 -0.853995 10.422898 22.936379 5.075763 7.916002 -2.258279 
3.002494 -51.313450 13.668021 -174.392542 -1.693797 -0.603424 -0.117280 3.844354 3.758097 -4.085597 5.272390 -5.023356 -5.276963 8.391232 9.628103 nan nan nan -3.372614 -8.015306 2.824765 2.903635 -5.444853 -4.443123 15.136408 -2.657144 16.386366 nan nan nan 1.419570 2.263967 1.119177 -2.389829 -1.612206 -2.475561 -1.113544 -0.941800 4.086518 -0.803979 2.044186 -4.135689 2.735280 1.032764 -3.315904 -13.373062 5.803102 7.210054 -59.789918 0.714823 6.143149 2.835488 -17.027891 28.058288 -13.928082 -15.247603 3.072532 8.762899 -2.378465 4.779706 59.847922 3.297200 10.613492 -0.927991 10.311764 22.478863 5.360605 8.265585 -2.805636 
3.001167 -51.315178 13.666800 -174.393311 -1.710562 -0.584718 -0.121456 3.845581 3.731775 -4.091255 5.324931 -5.011616 -5.296348 8.443672 9.623427 nan nan nan -3.393507 -7.995338 2.786298 2.939781 -5.333989 -4.420425 15.119701 -2.784690 16.410311 nan nan nan 1.421802 2.245680 1.087525 -2.384000 -1.613418 -2.461720 -1.111261 -0.934835 4.076753 -0.831297 2.006793 -4.121667 2.721878 1.158705 -3.347620 -13.394544 5.832138 7.238373 -59.818347 0.742511 6.133284 2.840727 -17.031084 27.983131 -13.484172 -15.312388 2.999810 8.745750 -2.355862 4.797126 59.855389 3.371180 10.626388 -0.911548 10.196350 22.411056 5.287515 8.320900 -2.666711 
2.996787 -51.315090 13.668401 -174.403037 -1.690062 -0.567345 -0.118237 3.847843 3.700586 -4.076245 5.302308 -4.990421 -5.166148 8.451010 9.571276 nan nan nan -3.381048 -8.010442 2.783438 2.952037 -5.236116 -4.433245 15.061243 -2.841481 16.389181 nan nan nan 1.434683 2.228719 1.040263 -2.384951 -1.625132 -2.476964 -1.104745 -0.938981 4.123832 -0.840450 1.972809 -4.088058 2.743231 1.204680 -3.430654 -13.425353 5.860436 7.243336 -59.812550 0.751629 6.123299 2.830208 -17.109803 28.051295 -13.269020 -15.186250 3.041965 8.783421 -2.340627 4.851511 59.809670 3.403538 10.713723 -0.786269 10.181761 22.854242 4.925763 8.022019 -1.972759 
2.994203 -51.317795 13.668309 -174.410002 -1.658322 -0.593782 -0.099733 3.850165 3.726431 -4.067611 5.267320 -4.977672 -5.179753 8.422078 9.609721 nan nan nan -3.366348 -8.077560 2.858633 2.962089 -5.303987 -4.506017 14.976182 -2.812915 16.417735 nan nan nan 1.455790 2.228969 1.024760 -2.404727 -1.640669 -2.448012 -1.098098 -0.962305 4.161238 -0.846535 1.989874 -4.074167 2.764607 1.209728 -3.486333 -13.456266 5.874353 7.221104 -59.805194 0.715731 6.034030 2.938489 -17.201452 28.060962 -13.775946 -14.916392 3.091781 8.792872 -2.328289 4.908135 59.783598 3.430862 10.732183 -0.698451 10.258929 23.148749 4.721848 7.683502 -1.749866 
2.990757 -51.318695 13.658723 -174.411359 -1.670587 -0.613397 -0.090326 3.868994 3.762645 -4.076817 5.352055 -5.016399 -5.321394 8.440762 9.680942 nan nan nan -3.357056 -8.076472 2.909895 2.940536 -5.351583 -4.591531 15.023418 -2.747990 16.484185 nan nan nan 1.455321 2.253428 1.011654 -2.406317 -1.635056 -2.383543 -1.088164 -0.962348 4.132563 -0.854942 1.982652 -3.982112 2.781142 1.204298 -3.548922 -13.482230 5.833010 7.220609 -59.823103 0.728669 6.003687 3.030518 -17.258985 28.126806 -14.003557 -14.740931 3.299150 8.795159 -2.297450 4.953811 59.792279 3.400753 10.680223 -0.758051 10.336622 23.180913 4.690980 7.630023 -1.746881 
2.992785 -51.320072 13.649592 -174.414151 -1.679488 -0.585593 -0.078650 3.937250 3.699113 -4.104483 5.560033 -5.004853 -5.351203 8.431480 9.770414 nan nan nan -3.336633 -8.016467 2.878432 2.901070 -5.276158 -4.612984 15.046882 -2.741473 16.519056 nan nan nan 1.446509 2.256231 0.992830 -2.398972 -1.620857 -2.372510 -1.092963 -0.953262 4.103958 -0.854417 1.977469 -3.932074 2.780787 1.198335 -3.577679 -13.502725 5.807726 7.216716 -59.748456 0.768943 6.049320 2.937799 -17.286093 28.254933 -13.972397 -14.703034 3.543013 8.820054 -2.287473 4.960250 59.776265 3.353684 10.707507 -0.768259 10.402446 23.165496 4.707397 7.641813 -1.725109 
2.990737 -51.294632 13.621169 -174.321888 -1.671454 -0.365209 -0.205654 3.748478 3.432527 -4.130302 5.970486 -5.028900 -5.248441 8.422380 9.834063 nan nan nan -3.355774 -8.235558 2.317721 3.309112 -5.929543 -4.183947 14.618857 -3.222577 15.301371 nan nan nan 1.286606 2.370331 0.694739 -2.372652 -1.556985 -2.341239 -1.137884 -1.029863 4.187930 -0.748913 2.161133 -4.109847 2.717421 0.889436 -3.452087 -13.315862 5.857092 7.343335 -59.757775 0.625095 6.414154 2.961445 -17.395619 28.460655 -14.019703 -14.907890 3.340654 8.798443 -2.493329 4.948728 59.964438 3.442718 10.946019 -0.907393 10.326172 23.323996 4.422617 7.986696 -2.110611 
2.984819 -51.307713 13.610645 -174.389439 -1.661186 -0.373359 -0.138440 3.789846 3.450233 -4.094275 5.847718 -5.030993 -4.993977 8.350696 9.781780 nan nan nan -3.234897 -8.317879 2.232412 3.250355 -5.878483 -4.105926 14.463615 -3.142881 15.014887 nan nan nan 1.352974 2.348430 0.805240 -2.368272 -1.539453 -2.467856 -1.128934 -1.003352 4.201922 -0.748312 2.185076 -4.207481 2.698087 0.818837 -3.340101 -13.244371 5.855153 7.345919 -59.790807 0.708178 6.471079 2.902062 -17.501248 28.726034 -13.858701 -15.015432 3.229786 8.737143 -2.522193 4.941223 60.040863 3.384150 10.886901 -0.946391 10.363549 23.464362 4.306295 8.059557 -2.245957 
2.985570 -51.311646 13.611242 -174.406812 -1.657298 -0.397628 -0.108008 3.795250 3.484466 -4.091322 5.819062 -5.019320 -5.026591 8.342265 9.768794 nan nan nan -3.207162 -8.318392 2.257102 3.238525 -5.890498 -4.097287 14.433010 -3.136990 14.993663 nan nan nan 1.379627 2.333416 0.849333 -2.371621 -1.542117 -2.490781 -1.121562 -1.003367 4.209087 -0.745962 2.182768 -4.225460 2.700333 0.855803 -3.325157 -13.257214 5.852616 7.333346 -59.804901 0.718596 6.436507 2.910766 -17.475421 28.642992 -13.858523 -15.059516 3.176791 8.718955 -2.505402 4.929250 60.043951 3.380869 10.880669 -0.935871 10.356962 23.466275 4.314980 8.051943 -2.247794 
2.988517 -51.329456 13.616199 -174.477983 -1.631149 -0.472879 -0.012746 3.846045 3.550800 -4.097426 5.901952 -4.957904 -5.458604 8.357232 9.834063 nan nan nan -3.123116 -8.240899 2.365209 3.226911 -5.953708 -4.100775 14.349833 -3.103993 14.986671 nan nan nan 1.460837 2.262886 0.988795 -2.383245 -1.570185 -2.552322 -1.089410 -1.007512 4.210259 -0.739122 2.151885 -4.232447 2.715804 1.006208 -3.360739 -13.343953 5.873308 7.216947 -59.799961 0.754260 6.196011 2.983895 -17.345750 28.101274 -14.103829 -15.153874 3.090530 8.693180 -2.440562 4.911381 60.016738 3.382796 10.842645 -0.901815 10.349455 23.420137 4.431655 8.026124 -2.200130 
2.991627 -51.331699 13.613182 -174.473559 -1.620459 -0.424994 -0.034735 3.889348 3.464591 -4.069456 5.957444 -4.917872 -5.543214 8.347263 9.852302 nan nan nan -3.129697 -8.287145 2.273598 3.214343 -5.945547 -4.044079 14.326087 -2.996388 14.964482 nan nan nan 1.437283 2.249098 0.962267 -2.382778 -1.579665 -2.577748 -1.076701 -1.020530 4.165840 -0.758429 2.151386 -4.125643 2.742086 1.000288 -3.452129 -13.329123 5.939167 7.201999 -59.801218 0.752678 6.109500 3.027848 -17.372495 28.118854 -14.367182 -15.015246 2.955824 8.724783 -2.460244 4.978982 59.966040 3.426879 10.782568 -0.867504 10.334880 23.460566 4.332045 8.055454 -2.277196 
2.989567 -51.325863 13.612561 -174.446967 -1.650648 -0.367013 -0.082195 3.874102 3.409293 -4.064749 5.910608 -4.926545 -5.313095 8.342836 9.797264 nan nan nan -3.156815 -8.345703 2.159549 3.192646 -5.888750 -4.003083 14.279172 -2.952255 14.941585 nan nan nan 1.390257 2.275889 0.870104 -2.361454 -1.571856 -2.562048 -1.072499 -1.028920 4.144112 -0.776962 2.162385 -4.044271 2.729928 0.982547 -3.447313 -13.291704 5.927236 7.284234 -59.833458 0.783380 6.191737 2.976543 -17.461922 28.535412 -14.353851 -14.950063 2.978090 8.713310 -2.447824 5.076607 59.982575 3.460968 10.741186 -0.912389 10.361152 23.528957 4.305551 8.053316 -2.338519 
2.991480 -51.327793 13.604976 -174.457162 -1.645527 -0.367768 -0.065065 3.880348 3.415383 -4.088800 5.995286 -4.941787 -5.310363 8.311213 9.865134 nan nan nan -3.141987 -8.318087 2.135743 3.178189 -5.936947 -3.987501 14.279934 -2.874775 14.898877 nan nan nan 1.395855 2.276042 0.835216 -2.345149 -1.573392 -2.497532 -1.088344 -1.035606 4.120489 -0.757412 2.191008 -4.019110 2.708348 0.976517 -3.453671 -13.295376 5.885643 7.339679 -59.792367 0.802192 6.263542 2.967410 -17.500543 28.631138 -14.378144 -15.145318 3.068954 8.690477 -2.427997 5.048386 59.983425 3.485444 10.719363 -0.931231 10.311688 23.366319 4.467927 8.245617 -2.614893 
2.988600 -51.334209 13.606351 -174.513200 -1.590571 -0.422307 0.004417 3.893100 3.491289 -4.078443 6.041637 -4.977917 -5.647988 8.305796 9.938209 nan nan nan -3.087642 -8.191902 2.262228 3.197387 -6.088710 -4.075632 14.327931 -2.897340 14.948592 nan nan nan 1.483240 2.236170 0.887595 -2.353711 -1.584212 -2.443500 -1.109056 -1.031642 4.082797 -0.745889 2.177650 -4.046425 2.678330 0.987575 -3.440334 -13.336301 5.863332 7.317737 -59.763060 0.799354 6.215760 3.031975 -17.462643 28.439312 -14.558335 -15.280825 3.241514 8.681406 -2.414836 4.964727 59.966178 3.458281 10.678600 -0.932356 10.251478 23.135702 4.594059 8.457331 -2.837272 
2.981716 -51.341839 13.610386 -174.562821 -1.573899 -0.472844 0.065500 3.944258 3.557395 -4.044069 6.002335 -4.998463 -5.829273 8.299731 9.995084 nan nan nan -3.034963 -8.212292 2.365554 3.215792 -6.160700 -4.159149 14.295402 -2.919667 15.048296 nan nan nan 1.541526 2.227266 0.969209 -2.355272 -1.597380 -2.469100 -1.082570 -1.022577 4.074523 -0.790607 2.128317 -4.021791 2.698143 0.995334 -3.503697 -13.347652 5.818750 7.293812 -59.807698 0.859034 6.177639 2.983112 -17.478344 28.533371 -14.441863 -15.175564 3.312423 8.664023 -2.388250 4.954232 59.949409 3.379618 10.659094 -0.871827 10.327557 23.412720 4.416156 8.292760 -2.482413 
2.975891 -51.342171 13.609584 -174.559330 -1.580263 -0.472151 0.065453 3.954285 3.559687 -4.044679 5.982808 -4.995021 -5.824463 8.309209 9.975971 nan nan nan -3.033624 -8.227440 2.376440 3.211848 -6.134407 -4.174814 14.290935 -2.918315 15.049751 nan nan nan 1.539074 2.228991 0.963138 -2.352645 -1.601021 -2.470193 -1.075754 -1.016455 4.084998 -0.799386 2.127792 -4.018265 2.704834 0.994431 -3.512710 -13.346583 5.812082 7.286395 -59.813105 0.868282 6.176503 2.969872 -17.499460 28.532652 -14.394411 -15.131277 3.232915 8.680250 -2.379924 4.967338 59.929061 3.373082 10.675526 -0.848574 10.347456 23.507526 4.391086 8.183560 -2.379232 
2.866580 -51.306953 13.528213 -174.256209 -2.186432 -1.092059 -0.392436 4.292935 4.389648 -3.932813 5.828215 -5.323502 -5.614073 8.719981 9.966780 nan nan nan -3.690357 -8.173953 2.789204 3.383395 -5.924362 -3.803915 14.586874 -2.673665 15.047063 nan nan nan 1.534302 2.360668 1.960334 -2.626509 -1.358904 -2.731196 -1.086887 -0.859817 4.319109 -0.754362 2.217322 -4.549407 2.690068 0.940194 -3.162364 -13.161186 5.719104 6.945875 -59.951978 0.867105 6.207855 2.861429 -17.484656 28.583882 -13.986884 -15.109456 2.575530 8.557594 -2.177003 4.670329 60.090056 3.396931 10.785912 -0.798347 10.266503 23.442796 4.312568 7.877815 -2.050477 
2.975791 -51.316177 13.620383 -174.469444 -1.666500 -0.471251 -0.038646 4.031422 3.600344 -4.036461 5.831669 -5.058588 -5.515881 8.375293 9.896975 nan nan nan -3.172837 -8.334368 2.376393 3.267153 -5.944994 -4.130984 14.326854 -2.991622 14.984010 nan nan nan 1.464930 2.257596 0.988543 -2.393548 -1.579720 -2.587986 -1.072498 -1.000003 4.178738 -0.794021 2.100736 -3.985889 2.726724 1.071389 -3.468332 -13.379035 5.842526 7.290331 -59.749829 0.879169 6.187250 2.934555 -17.502885 28.477825 -13.916000 -15.041374 2.793132 8.765635 -2.350451 4.982015 59.879571 3.395802 10.738658 -0.819299 10.270158 23.605822 4.436725 8.025589 -2.227557 
2.979223 -51.326565 13.624200 -174.496507 -1.693745 -0.424142 -0.016492 3.985180 3.557175 -4.052953 5.872869 -5.060736 -5.174393 8.350141 9.774775 nan nan nan -3.105059 -8.283046 2.272581 3.203410 -5.895463 -4.098026 14.284724 -3.011598 14.893529 nan nan nan 1.467996 2.267853 0.927847 -2.368950 -1.541338 -2.577902 -1.074944 -0.974853 4.130226 -0.773204 2.069822 -3.956306 2.733598 1.021132 -3.463051 -13.373105 5.825757 7.363490 -59.778372 0.873883 6.245185 3.008574 -17.491158 28.511899 -13.795262 -15.206335 2.913490 8.737700 -2.346350 5.044536 59.926455 3.342101 10.731043 -0.890093 10.307018 23.543503 4.422244 8.123980 -2.419574 
2.976707 -51.333199 13.622002 -174.516258 -1.694084 -0.411976 0.002287 3.937304 3.552813 -4.048010 5.884024 -5.070489 -5.131247 8.377890 9.712902 nan nan nan -3.105310 -8.307313 2.204583 3.241201 -6.009454 -4.001887 14.318748 -2.918678 14.915157 nan nan nan 1.500872 2.267372 0.940632 -2.377288 -1.534320 -2.575018 -1.081619 -0.970203 4.093136 -0.762044 2.098395 -4.036937 2.740733 0.964809 -3.416527 -13.379365 5.839654 7.297465 -59.770728 0.899832 6.231857 3.023439 -17.468911 28.319998 -13.958601 -15.230230 2.934705 8.734310 -2.383745 5.030145 59.922613 3.323602 10.743944 -0.853219 10.330332 23.532274 4.223677 8.126435 -2.404820 
2.981350 -51.339382 13.627779 -174.536992 -1.638318 -0.449218 0.045839 3.917423 3.573776 -4.048059 5.839911 -5.027192 -5.302249 8.396549 9.751905 nan nan nan -3.106326 -8.394433 2.260284 3.290731 -6.105282 -3.944007 14.347017 -2.854948 14.924400 nan nan nan 1.523890 2.259632 0.969430 -2.378972 -1.575786 -2.538344 -1.086406 -0.993185 4.086582 -0.771009 2.148762 -4.042589 2.762605 0.968789 -3.431228 -13.379134 5.841290 7.260827 -59.737432 0.900966 6.164794 2.967301 -17.519819 28.323538 -14.316342 -15.105851 2.842729 8.766880 -2.407998 4.996459 59.886188 3.330410 10.703732 -0.836380 10.363837 23.572742 4.180909 8.108722 -2.327528 
2.979897 -51.333920 13.627774 -174.509257 -1.595261 -0.445912 0.013205 3.880439 3.542301 -4.040054 5.828368 -4.978479 -5.174572 8.391671 9.715358 nan nan nan -3.122963 -8.375443 2.283805 3.242588 -6.094429 -4.050227 14.334770 -2.863999 14.934467 nan nan nan 1.466137 2.267247 0.904882 -2.354871 -1.597612 -2.476014 -1.079475 -1.016584 4.122442 -0.772348 2.177291 -4.033525 2.747309 0.950691 -3.467111 -13.341001 5.842468 7.280284 -59.779816 0.853584 6.228106 2.953962 -17.597934 28.514825 -14.449306 -14.981982 2.807851 8.794468 -2.441059 4.997065 59.864576 3.373059 10.706012 -0.884793 10.409986 23.613839 4.326943 8.039453 -2.308185 
2.980905 -51.340378 13.614645 -174.485265 -1.588166 -0.421907 -0.023516 3.857585 3.513412 -4.030637 5.882702 -4.989496 -4.926660 8.391760 9.760925 nan nan nan -3.118991 -8.280658 2.249074 3.194017 -6.043930 -4.066369 14.240123 -2.891196 14.816132 nan nan nan 1.419660 2.250932 0.866045 -2.342988 -1.587882 -2.470214 -1.089525 -1.023532 4.159249 -0.749334 2.227987 -4.023291 2.739659 0.931676 -3.536677 -13.277318 5.856132 7.338575 -59.820328 0.782432 6.293215 2.964941 -17.619187 28.635844 -14.472296 -14.946802 2.661406 8.796046 -2.459839 5.017700 59.904797 3.465113 10.743691 -0.918416 10.375835 23.647396 4.311068 7.995246 -2.328628 
2.977635 -51.336250 13.606031 -174.464294 -1.617005 -0.404992 -0.052022 3.834300 3.508572 -4.034652 5.917722 -5.017836 -4.882074 8.425943 9.771906 nan nan nan -3.128502 -8.257072 2.235983 3.165595 -5.950197 -4.077355 14.246428 -2.890779 14.779905 nan nan nan 1.406899 2.257566 0.874284 -2.351477 -1.571891 -2.512466 -1.086353 -1.026091 4.163019 -0.756702 2.203466 -4.015720 2.722346 0.977472 -3.533516 -13.269931 5.859679 7.365577 -59.811540 0.754311 6.292307 2.935893 -17.529166 28.422949 -14.221517 -15.030625 2.471267 8.760211 -2.459440 5.022950 59.935705 3.473101 10.804324 -0.896096 10.362375 23.560431 4.227243 7.974571 -2.320054 
2.975413 -51.342239 13.608128 -174.503456 -1.629575 -0.406405 0.002637 3.869586 3.528152 -4.037641 5.917636 -5.039505 -5.105615 8.393066 9.803824 nan nan nan -3.098799 -8.339446 2.243909 3.199909 -5.933125 -4.077642 14.273782 -2.906653 14.893919 nan nan nan 1.474724 2.258711 0.888538 -2.363717 -1.567736 -2.526333 -1.080027 -1.016066 4.144176 -0.779852 2.137119 -4.001865 2.724078 1.066943 -3.503029 -13.312225 5.850027 7.352928 -59.794183 0.737204 6.189856 2.919086 -17.370535 28.092166 -13.955234 -15.186318 2.459717 8.731848 -2.424951 5.025588 59.930138 3.421874 10.808953 -0.865549 10.358873 23.523608 4.203278 8.019927 -2.191092 
2.971328 -51.343781 13.624344 -174.546830 -1.674026 -0.429870 0.062445 3.961821 3.580536 -4.037536 5.931589 -5.041457 -5.430492 8.393042 9.822841 nan nan nan -3.071800 -8.368704 2.266561 3.226168 -6.045372 -4.053700 14.329616 -2.828842 14.998980 nan nan nan 1.547835 2.256943 0.896355 -2.374178 -1.555951 -2.505673 -1.079959 -0.986404 4.117505 -0.787117 2.152663 -3.977342 2.708524 1.068702 -3.491724 -13.356421 5.839589 7.319709 -59.740374 0.805904 6.106508 2.899912 -17.407094 28.074659 -14.267428 -15.216354 2.697098 8.748921 -2.372385 5.060040 59.871258 3.391084 10.728717 -0.829400 10.343643 23.561024 4.209320 8.083088 -2.187327 
2.962862 -51.346581 13.634975 -174.577938 -1.730053 -0.450494 0.107774 4.098383 3.590720 -4.048747 5.952401 -4.993143 -5.583388 8.426393 9.810510 nan nan nan -3.051922 -8.354916 2.264281 3.250675 -6.075620 -3.967242 14.323300 -2.808190 14.953916 nan nan nan 1.602467 2.248590 0.885083 -2.380450 -1.535520 -2.462622 -1.091031 -0.952659 4.105265 -0.786212 2.161799 -4.005797 2.707203 1.027151 -3.457969 -13.384717 5.820280 7.288628 -59.744888 0.891811 6.072720 2.936919 -17.530658 28.229779 -14.462338 -15.058062 2.900685 8.764389 -2.327282 5.093649 59.835301 3.392937 10.627478 -0.812214 10.340977 23.645441 4.258448 8.017588 -2.233972 
2.958760 -51.340942 13.624856 -174.593338 -1.704722 -0.430248 0.107334 3.988080 3.565953 -3.930001 5.590594 -4.964991 -5.360521 8.453081 9.621658 nan nan nan -3.011286 -8.290200 2.248646 3.256182 -5.957626 -4.000408 14.225041 -3.037121 14.876798 nan nan nan 1.609731 2.225609 0.866330 -2.371053 -1.530018 -2.479872 -1.088347 -0.965795 4.134878 -0.772555 2.085856 -4.075262 2.698802 1.072598 -3.364401 -13.359573 5.816566 7.304112 -59.806493 0.876721 6.140293 2.946761 -17.539168 28.443139 -14.225606 -14.933945 2.868795 8.701184 -2.311477 5.024984 59.865123 3.369910 10.633832 -0.835979 10.350566 23.457033 4.450107 8.102492 -2.697835 
2.973970 -51.331455 13.621973 -174.554383 -1.608834 -0.404236 0.043195 3.638357 3.568475 -3.780489 4.930769 -4.977377 -4.697619 8.516667 9.221355 nan nan nan -3.027534 -8.257402 2.280987 3.283648 -5.735728 -4.130385 14.091171 -3.327180 14.735192 nan nan nan 1.536796 2.216723 0.786201 -2.361428 -1.561313 -2.436579 -1.097363 -0.996257 4.170511 -0.754903 1.981613 -4.190875 2.717739 1.149732 -3.194642 -13.289908 5.815792 7.379330 -59.823384 0.805699 6.268450 2.912641 -17.608699 28.724386 -13.979425 -14.978983 2.484537 8.666608 -2.298022 4.965910 59.967392 3.338599 10.639362 -1.027436 10.353134 22.988546 4.832265 8.391626 -3.407216 
2.965316 -51.332451 13.637156 -174.535850 -1.674077 -0.385339 -0.020087 3.475080 3.625838 -3.703186 4.775070 -5.082064 -4.458467 8.615150 9.080929 nan nan nan -3.094737 -8.213634 2.250197 3.347461 -5.718896 -4.105661 14.097945 -3.304066 14.747529 nan nan nan 1.539255 2.235969 0.732205 -2.372890 -1.521602 -2.424967 -1.093916 -0.994229 4.174921 -0.781286 1.965306 -4.201797 2.697977 1.188917 -3.124136 -13.282468 5.840320 7.400578 -59.863395 0.789873 6.280255 2.978429 -17.614398 28.636893 -14.065712 -15.086149 2.475456 8.628661 -2.292588 5.017083 60.007052 3.355437 10.622293 -1.089113 10.338921 22.939215 4.937805 8.435345 -3.342440 
2.967420 -51.343170 13.652102 -174.531499 -1.700543 -0.429707 -0.013221 3.478669 3.717486 -3.724910 4.852453 -5.142013 -4.630697 8.648961 9.109541 nan nan nan -3.149615 -8.243010 2.299942 3.414420 -5.843884 -4.024059 14.158925 -3.215299 14.820980 nan nan nan 1.545707 2.232825 0.790029 -2.385455 -1.528144 -2.435657 -1.083531 -0.985514 4.161291 -0.804080 2.092559 -4.184355 2.686909 1.185773 -3.115089 -13.286206 5.851104 7.348132 -59.876280 0.816568 6.265201 2.986686 -17.533244 28.451581 -14.047151 -15.184005 2.570581 8.687895 -2.316064 5.000406 59.951424 3.397373 10.704315 -0.963371 10.202357 23.287283 4.586172 8.193928 -2.673258 
2.963294 -51.335583 13.639710 -174.499120 -1.693449 -0.414137 -0.058514 3.385340 3.704526 -3.695550 4.864231 -5.159692 -4.524887 8.711898 9.070849 nan nan nan -3.172837 -8.185882 2.294715 3.356009 -5.841344 -4.114426 14.204932 -3.221167 14.827678 nan nan nan 1.491340 2.246792 0.752333 -2.374872 -1.533861 -2.397392 -1.092332 -0.995192 4.216418 -0.786151 2.215805 -4.288356 2.676999 1.099162 -3.049669 -13.247525 5.887421 7.307567 -59.860474 0.737835 6.380276 2.871973 -17.451770 28.301367 -13.914730 -15.323374 2.340855 8.745413 -2.385378 4.918034 59.915970 3.454196 10.914884 -0.912566 10.137882 23.374788 4.294022 8.122292 -2.341205 
2.970552 -51.342442 13.624721 -174.505725 -1.690491 -0.375394 -0.020969 3.491858 3.613703 -3.838075 5.322870 -5.141336 -4.627420 8.773085 9.336841 nan nan nan -3.127903 -8.103032 2.250430 3.293087 -5.775149 -4.171908 14.127134 -3.270597 14.814948 nan nan nan 1.469234 2.254391 0.684691 -2.342426 -1.530918 -2.333675 -1.094584 -1.012365 4.217400 -0.829129 2.254661 -4.284039 2.684647 1.093336 -3.105175 -13.254829 5.892875 7.289197 -59.887215 0.700664 6.417719 2.865592 -17.412853 28.208228 -13.914653 -15.268563 2.232782 8.768073 -2.426576 4.926089 59.885893 3.503753 10.997537 -0.928334 10.206955 23.376784 4.280283 8.078087 -2.313545 
2.980191 -51.359814 13.624335 -174.547643 -1.675325 -0.430373 0.088239 3.867086 3.604563 -4.067121 6.082366 -5.098178 -5.229197 8.768187 9.852374 nan nan nan -3.099786 -8.225489 2.290610 3.305356 -5.849181 -4.109803 14.158640 -3.191169 14.990187 nan nan nan 1.515826 2.249543 0.783701 -2.337760 -1.549699 -2.309318 -1.065177 -1.022053 4.091514 -0.905794 2.152379 -4.090595 2.718948 1.192909 -3.305121 -13.302223 5.795358 7.329599 -59.958134 0.828983 6.270145 3.010961 -17.495888 28.296460 -13.940817 -15.091928 2.545700 8.702788 -2.350993 5.049131 59.872875 3.482036 10.801563 -0.842229 10.296330 23.523645 4.316880 8.046791 -2.306405 
2.991084 -51.358459 13.623627 -174.570236 -1.668889 -0.465416 0.170689 4.079780 3.599233 -4.162503 6.389468 -5.032461 -5.666164 8.746315 10.053845 nan nan nan -3.051048 -8.280741 2.332295 3.270540 -5.871999 -4.092534 14.124708 -3.124971 14.919923 nan nan nan 1.520905 2.253930 0.808538 -2.327988 -1.558940 -2.261690 -1.052650 -1.015991 4.030826 -0.928500 2.126592 -3.992056 2.735124 1.184682 -3.397470 -13.296654 5.743477 7.342913 -59.953751 0.908302 6.212446 3.002925 -17.616987 28.461815 -14.184309 -14.976200 2.654637 8.686938 -2.303058 5.107623 59.882398 3.457022 10.699928 -0.828724 10.366177 23.585121 4.381004 8.007202 -2.324792 
2.995520 -51.359566 13.621989 -174.582315 -1.651979 -0.457888 0.214179 4.094049 3.599509 -4.188358 6.384194 -5.018067 -5.714601 8.761130 10.021277 nan nan nan -3.044093 -8.269671 2.329081 3.315357 -5.840345 -4.074498 14.045768 -3.181371 14.866087 nan nan nan 1.525267 2.251108 0.815893 -2.318812 -1.557436 -2.293730 -1.069454 -1.010240 4.035231 -0.940855 2.124912 -3.932088 2.748532 1.167048 -3.438298 -13.287660 5.742586 7.389955 -59.884385 0.922029 6.246743 2.893821 -17.697926 28.634866 -14.241340 -14.997597 2.596746 8.718283 -2.321817 5.114024 59.886474 3.459020 10.695541 -0.841605 10.339264 23.551280 4.275027 7.924440 -2.377548 
2.883100 -51.314003 13.526250 -174.288897 -2.225543 -1.082236 -0.226587 4.381772 4.437737 -4.059346 6.235091 -5.335066 -5.394968 9.149608 10.021626 nan nan nan -3.695820 -8.108624 2.714716 3.475028 -5.717015 -3.685210 14.371984 -2.923170 14.845508 nan nan nan 1.529588 2.393000 1.916344 -2.579205 -1.287687 -2.657916 -1.076607 -0.902088 4.266359 -0.886308 2.187728 -4.513468 2.649999 1.074045 -3.064517 -13.068461 5.638525 7.123640 -60.033190 0.901429 6.384501 2.733269 -17.646115 29.033559 -13.691824 -15.177613 2.445529 8.506251 -2.191230 4.736192 60.104361 3.452297 10.784412 -0.800068 10.235282 23.375496 4.120454 7.866357 -2.248100 
2.981755 -51.314594 13.618242 -174.509527 -1.649400 -0.463415 0.120955 4.073496 3.636387 -4.081177 6.172204 -5.032516 -5.282874 8.758184 9.953297 nan nan nan -3.200930 -8.289918 2.330208 3.383863 -5.813918 -4.045806 14.137763 -3.185104 14.854349 nan nan nan 1.498230 2.277567 0.922726 -2.355513 -1.527963 -2.521169 -1.080434 -1.054827 4.181891 -0.944937 2.042725 -3.997991 2.645169 1.131726 -3.357940 -13.284942 5.747381 7.454341 -59.842110 0.859745 6.330715 2.829494 -17.636735 28.876633 -13.829447 -15.109527 2.756688 8.707494 -2.396521 5.033558 59.892982 3.439364 10.717304 -0.817375 10.316984 23.606476 4.251684 8.014647 -2.330717 
2.984260 -51.316017 13.615647 -174.499644 -1.664182 -0.376176 0.098556 3.981942 3.543656 -4.049479 6.106555 -5.042597 -4.888276 8.692064 9.787258 nan nan nan -3.172588 -8.359934 2.160315 3.344351 -5.870742 -3.958397 14.070668 -3.072308 14.699079 nan nan nan 1.458833 2.286770 0.758400 -2.334809 -1.537763 -2.425253 -1.083253 -1.039263 4.135537 -0.960112 2.073391 -3.964658 2.664391 1.039273 -3.370183 -13.211907 5.748372 7.496413 -59.970340 0.814962 6.285881 2.942656 -17.601580 28.617495 -13.901802 -14.999950 2.591887 8.678546 -2.397971 5.104327 59.963763 3.453704 10.676315 -0.926343 10.372362 23.593010 4.445417 8.030808 -2.384154 
2.984918 -51.326015 13.620123 -174.529141 -1.684460 -0.402107 0.142593 4.006835 3.591456 -4.051417 6.099907 -5.064848 -4.838342 8.686442 9.705719 nan nan nan -3.143126 -8.447882 2.161600 3.328872 -5.980050 -3.902433 14.158736 -2.982140 14.808992 nan nan nan 1.480955 2.286036 0.786871 -2.336237 -1.540310 -2.403715 -1.075289 -1.019874 4.092479 -0.977251 2.095844 -3.969133 2.702907 0.986341 -3.341407 -13.167702 5.754782 7.484405 -60.043024 0.825272 6.227937 2.960272 -17.582202 28.512313 -13.919297 -15.014341 2.547816 8.652375 -2.373751 5.128497 59.964527 3.447608 10.611005 -0.887488 10.379505 23.511480 4.383758 8.079692 -2.544379 
2.982569 -51.331879 13.624948 -174.572240 -1.671058 -0.433175 0.191690 4.046264 3.626516 -4.032718 6.129379 -5.058945 -4.960040 8.712180 9.711368 nan nan nan -3.123810 -8.482578 2.210064 3.379594 -5.984750 -3.856000 14.175766 -3.045930 14.907816 nan nan nan 1.563178 2.258698 0.826190 -2.352693 -1.542783 -2.397979 -1.100599 -1.004870 4.079789 -1.059953 1.991565 -3.940817 2.758032 0.929500 -3.420015 -13.143089 5.767563 7.460681 -60.061151 0.806629 6.171706 2.949084 -17.557652 28.644697 -14.007681 -14.981644 2.570786 8.662826 -2.331190 5.176534 59.944482 3.432761 10.526637 -0.860647 10.419754 23.510739 4.251806 8.060321 -2.582978 
2.977753 -51.327019 13.635531 -174.536053 -1.656934 -0.385688 0.133749 4.065907 3.570386 -3.988042 6.199038 -5.042168 -4.932090 8.698910 9.710592 nan nan nan -3.163360 -8.480789 2.184343 3.362750 -5.952103 -3.943659 14.208118 -2.997103 14.961951 nan nan nan 1.548147 2.286215 0.728620 -2.365654 -1.550524 -2.382422 -1.129304 -1.004534 4.067327 -1.166304 1.941465 -3.783889 2.830729 0.830564 -3.500658 -13.081685 5.710434 7.542455 -60.080017 0.754814 6.174527 2.933971 -17.455846 28.582983 -14.047533 -15.047284 2.456478 8.686432 -2.320607 5.276604 59.955478 3.408757 10.486637 -0.884255 10.479014 23.574122 4.219270 8.000611 -2.557321 
2.972160 -51.328175 13.638922 -174.523857 -1.657540 -0.367558 0.110946 4.027711 3.556882 -3.970057 6.324098 -5.031911 -4.967428 8.784331 9.743931 nan nan nan -3.183833 -8.367578 2.193870 3.380172 -5.919198 -3.991291 14.176155 -3.094978 14.990585 nan nan nan 1.550474 2.299856 0.686827 -2.360218 -1.551832 -2.381199 -1.137791 -1.004265 4.052458 -1.206880 1.927456 -3.717418 2.844270 0.873508 -3.471796 -13.082685 5.642248 7.643468 -60.060444 0.681265 6.156129 2.845497 -17.258212 28.266243 -13.742027 -15.308221 2.348953 8.670736 -2.292071 5.301290 59.974429 3.389626 10.572678 -0.898712 10.447932 23.586314 4.165635 8.022480 -2.462105 
2.970783 -51.319595 13.622162 -174.504195 -1.651712 -0.348959 0.099383 3.990617 3.544195 -3.996915 6.451007 -5.075421 -5.062961 8.863500 9.827868 nan nan nan -3.171003 -8.292175 2.151505 3.330827 -5.914618 -3.991397 14.072662 -3.135017 14.766923 nan nan nan 1.520674 2.281735 0.656537 -2.355035 -1.556667 -2.329537 -1.155000 -1.003364 4.018429 -1.133464 2.042209 -3.833957 2.819919 0.914136 -3.289225 -13.075783 5.685428 7.654887 -60.011237 0.656747 6.183647 2.831766 -17.268819 28.151955 -13.757991 -15.427274 2.320099 8.689819 -2.317001 5.276042 59.998195 3.465888 10.670986 -0.944179 10.336485 23.514416 4.176049 8.067391 -2.394510 
2.972618 -51.327232 13.619171 -174.538990 -1.640016 -0.402922 0.163063 4.058685 3.619700 -4.040043 6.553526 -5.125511 -5.380783 8.902080 9.968440 nan nan nan -3.151866 -8.325274 2.224808 3.346510 -5.919888 -3.991223 14.067967 -3.081175 14.817161 nan nan nan 1.583766 2.256779 0.766658 -2.379853 -1.560137 -2.327069 -1.159933 -0.984614 3.948177 -1.184109 2.010054 -3.821748 2.845690 0.930820 -3.313886 -13.144911 5.685261 7.603256 -59.965610 0.763930 6.111633 2.946410 -17.430735 28.235236 -14.012755 -15.271260 2.604561 8.728089 -2.288875 5.294741 59.955791 3.424855 10.543658 -0.932686 10.331331 23.573878 4.260034 8.088552 -2.320141 
2.971390 -51.332024 13.635804 -174.556246 -1.629611 -0.453674 0.194258 4.138453 3.692790 -4.025840 6.626337 -5.142417 -5.758072 8.913103 10.042280 nan nan nan -3.153756 -8.386106 2.306541 3.376720 -6.114777 -4.024757 14.160230 -3.021605 15.005371 nan nan nan 1.617849 2.246848 0.808592 -2.400950 -1.583932 -2.304486 -1.160215 -0.949538 3.923323 -1.220905 1.997559 -3.713564 2.892742 0.897046 -3.448132 -13.170063 5.662674 7.547660 -59.991505 0.848039 6.063703 3.023881 -17.499585 28.289207 -14.003232 -15.151814 2.786959 8.751447 -2.273418 5.298808 59.929523 3.363937 10.427791 -0.906373 10.391130 23.695291 4.268413 8.099798 -2.302583 
2.965839 -51.332123 13.640268 -174.576506 -1.642261 -0.494718 0.202265 4.116319 3.753791 -3.978844 6.640079 -5.159226 -5.779655 8.923667 9.988794 nan nan nan -3.144391 -8.377703 2.355923 3.406298 -6.180125 -4.011946 14.187979 -3.110082 15.059814 nan nan nan 1.648604 2.245583 0.828594 -2.401427 -1.571816 -2.266814 -1.148963 -0.935052 3.933290 -1.151561 2.085722 -3.736251 2.854039 0.974933 -3.394415 -13.180917 5.635174 7.508647 -60.038683 0.823519 6.052290 3.033998 -17.429649 28.352651 -14.089122 -15.077245 2.819534 8.708770 -2.253136 5.314253 59.957264 3.362052 10.434415 -0.913305 10.432109 23.737414 4.296294 8.091344 -2.370086 
2.965413 -51.322895 13.630462 -174.541469 -1.682112 -0.475875 0.157654 4.103801 3.731589 -3.964979 6.634670 -5.144123 -5.587024 8.916813 9.897592 nan nan nan -3.164300 -8.330535 2.304995 3.369733 -6.087316 -3.983002 14.127692 -3.168706 14.910606 nan nan nan 1.607304 2.254757 0.744100 -2.393845 -1.543993 -2.182678 -1.162230 -0.932688 3.952333 -1.105298 2.154696 -3.825986 2.785671 1.001567 -3.284554 -13.143524 5.623396 7.529631 -60.032339 0.773268 6.097565 3.003061 -17.451077 28.399796 -14.216342 -15.087866 2.675243 8.681493 -2.222985 5.338806 60.016864 3.425599 10.444692 -1.027928 10.439524 23.409580 4.581445 8.174801 -2.796526 
2.969183 -51.317894 13.632685 -174.477619 -1.717879 -0.445587 0.090446 4.108101 3.692661 -3.964956 6.619248 -5.122370 -5.194203 8.882528 9.797505 nan nan nan -3.218562 -8.297709 2.262623 3.334640 -5.985958 -4.002466 14.105159 -3.187008 14.806101 nan nan nan 1.523251 2.273291 0.693265 -2.390979 -1.510303 -2.171129 -1.183849 -0.945247 3.965705 -1.105741 2.085338 -3.884227 2.730311 0.914700 -3.261231 -13.105312 5.694748 7.555361 -59.972828 0.699651 6.164448 2.957148 -17.462052 28.486523 -14.300655 -15.144927 2.582942 8.688212 -2.269854 5.300264 60.009872 3.448504 10.435002 -1.111251 10.465518 22.949448 4.905901 8.449292 -3.396152 
2.962958 -51.335659 13.642069 -174.502529 -1.704275 -0.444268 0.105380 4.097428 3.687154 -3.947310 6.626394 -5.121801 -4.868561 8.860344 9.772841 nan nan nan -3.248750 -8.315504 2.274896 3.433580 -6.080319 -4.000778 14.195169 -3.178252 15.060618 nan nan nan 1.557490 2.246895 0.768805 -2.392831 -1.512960 -2.317745 -1.166030 -0.960658 3.961976 -1.139254 1.999012 -3.765136 2.745280 0.969398 -3.347585 -13.125418 5.715571 7.621879 -59.971073 0.717600 6.082830 2.976640 -17.470305 28.510726 -14.458439 -15.237207 2.648400 8.638693 -2.275750 5.327816 59.985507 3.462045 10.372520 -1.042194 10.398819 23.036545 5.009788 8.539345 -3.341941 
2.865080 -51.301426 13.564147 -174.276755 -2.246276 -1.129456 -0.234382 4.458737 4.546061 -3.850654 6.566614 -5.350370 -4.896483 9.209167 9.768262 nan nan nan -3.869798 -8.274125 2.775505 3.667921 -6.057186 -3.597752 14.618365 -2.890915 15.411769 nan nan nan 1.653542 2.358826 1.893612 -2.668885 -1.308994 -2.593535 -1.174290 -0.805445 4.124708 -1.151357 2.095818 -4.304197 2.823891 0.857069 -3.019571 -12.936032 5.521797 7.314502 -60.157343 0.750251 5.981235 2.915448 -17.402802 28.645493 -14.437584 -15.325845 2.502619 8.476060 -2.053865 5.069163 60.148140 3.435387 10.354159 -0.904176 10.361021 23.285985 4.706252 8.139684 -2.597941 
2.973604 -51.285320 13.635753 -174.447510 -1.683305 -0.436472 0.089059 4.196852 3.613859 -3.978822 6.798076 -4.974904 -5.355259 8.876077 9.833680 nan nan nan -3.320393 -8.396097 2.266872 3.430691 -6.119041 -3.932314 14.321988 -3.102904 15.078062 nan nan nan 1.498667 2.306116 0.769630 -2.420731 -1.544947 -2.310101 -1.176061 -0.961133 3.993399 -1.197933 2.053351 -3.803643 2.919506 0.745814 -3.382268 -13.074075 5.689796 7.567129 -59.985137 0.662735 6.019556 3.005981 -17.413365 28.385194 -14.767258 -15.143962 2.694754 8.747384 -2.356608 5.330426 59.929526 3.435289 10.425490 -0.905799 10.483787 23.551861 4.511346 8.053950 -2.537881 
2.973375 -51.302319 13.631004 -174.470399 -1.688749 -0.350890 0.132449 4.239604 3.513870 -4.038970 7.025226 -4.952854 -5.457546 8.846794 9.900639 nan nan nan -3.228000 -8.320287 2.143401 3.305777 -6.063098 -3.920039 14.249445 -3.021857 14.920982 nan nan nan 1.489465 2.284704 0.643176 -2.392966 -1.531777 -2.279958 -1.170892 -0.959510 3.961537 -1.168630 2.085261 -3.684108 2.886764 0.797756 -3.443265 -13.090743 5.785110 7.569569 -60.046913 0.591607 5.944809 3.146120 -17.353962 28.149580 -14.943188 -15.069828 2.629154 8.708398 -2.423386 5.363483 59.988112 3.497525 10.465396 -0.951806 10.466888 23.599370 4.501552 8.110566 -2.533823 
2.966170 -51.315475 13.642509 -174.491607 -1.705029 -0.343490 0.160432 4.308700 3.540709 -4.071726 7.096174 -5.027738 -5.302495 8.823577 9.975812 nan nan nan -3.210360 -8.286422 2.118228 3.339200 -6.097194 -3.920319 14.148340 -3.002160 14.829691 nan nan nan 1.510440 2.254440 0.628544 -2.395740 -1.507377 -2.306517 -1.160637 -0.968030 3.960996 -1.084543 2.123660 -3.688940 2.831632 0.939461 -3.356139 -13.110394 5.839357 7.615642 -60.043934 0.605446 5.858041 3.186152 -17.433720 28.045427 -15.053920 -15.001380 2.584264 8.657046 -2.405865 5.445433 60.052229 3.541793 10.475723 -0.994695 10.456311 23.609095 4.468476 8.098316 -2.462636 
2.960595 -51.330330 13.657843 -174.570016 -1.732727 -0.398216 0.278754 4.405999 3.646449 -4.110649 7.039311 -5.080859 -5.531498 8.836441 10.027049 nan nan nan -3.179525 -8.312824 2.188570 3.423697 -6.141658 -3.931715 14.206960 -3.006820 15.058656 nan nan nan 1.613839 2.228206 0.683648 -2.392972 -1.496603 -2.308528 -1.150810 -0.947085 3.970668 -1.072862 2.076996 -3.729776 2.816502 1.011940 -3.336246 -13.174775 5.829488 7.552098 -60.012491 0.684534 5.821024 3.139927 -17.420009 28.133635 -14.979491 -15.097197 2.760954 8.649873 -2.360385 5.400655 59.980160 3.514449 10.438383 -0.913011 10.409870 23.687663 4.413856 8.125339 -2.460491 
2.966244 -51.334404 13.641042 -174.582567 -1.719364 -0.399762 0.316266 4.401942 3.628381 -4.128134 7.052746 -5.039919 -5.790865 8.911783 10.036969 nan nan nan -3.150886 -8.340999 2.159204 3.400663 -6.141244 -3.889875 14.245395 -2.999060 15.030553 nan nan nan 1.625703 2.229984 0.688898 -2.379342 -1.521331 -2.293236 -1.167250 -0.934246 3.976994 -1.098739 2.048726 -3.739165 2.848289 0.911013 -3.349295 -13.179382 5.762800 7.514103 -59.932899 0.736071 5.920761 2.953543 -17.372028 28.150972 -14.543621 -15.244847 2.739278 8.709890 -2.322248 5.336584 59.923736 3.499032 10.477436 -0.859930 10.343966 23.680289 4.194249 8.123652 -2.352649 
2.974683 -51.335945 13.624740 -174.574383 -1.694649 -0.382198 0.306674 4.351303 3.567753 -4.122318 7.217325 -5.011756 -5.861327 8.985603 10.058610 nan nan nan -3.136563 -8.337303 2.149845 3.387922 -6.134113 -3.905608 14.227374 -3.073905 14.951016 nan nan nan 1.590680 2.248599 0.678661 -2.360826 -1.539897 -2.291833 -1.160447 -0.939257 4.006100 -1.113515 1.999400 -3.752510 2.852793 0.854628 -3.451891 -13.170117 5.739597 7.526781 -59.933667 0.678190 5.980107 2.870302 -17.262823 28.013967 -14.047327 -15.361835 2.554631 8.728516 -2.346001 5.308450 59.924978 3.513507 10.522795 -0.879977 10.308039 23.649832 4.070148 8.191298 -2.217158 
2.969978 -51.340752 13.626654 -174.574399 -1.706264 -0.371801 0.295402 4.318808 3.585824 -4.113350 7.276422 -5.087444 -5.710636 8.995196 10.083930 nan nan nan -3.139789 -8.294083 2.169396 3.410716 -6.125815 -3.988571 14.214470 -3.245921 15.033376 nan nan nan 1.584216 2.245846 0.656734 -2.351634 -1.521151 -2.303686 -1.162107 -0.933519 4.040540 -1.054521 1.972988 -3.873008 2.805064 0.860298 -3.382591 -13.173079 5.767062 7.551702 -59.951167 0.613261 6.014864 2.859607 -17.216845 28.012229 -13.902685 -15.472127 2.404538 8.718126 -2.381473 5.299600 59.931555 3.553811 10.569360 -0.914838 10.269643 23.605143 4.194408 8.241963 -2.217324 
2.961707 -51.328533 13.630639 -174.546665 -1.735416 -0.321690 0.240466 4.250819 3.559905 -4.067901 7.102411 -5.119598 -5.269897 8.984282 9.916829 nan nan nan -3.149576 -8.252753 2.093206 3.361102 -6.028125 -4.005171 14.126839 -3.294337 14.834125 nan nan nan 1.537770 2.252173 0.567134 -2.341551 -1.487515 -2.303962 -1.171716 -0.934812 4.084083 -0.961235 2.042046 -4.005396 2.764748 0.816481 -3.204283 -13.116100 5.834205 7.576502 -59.946973 0.571811 6.093415 2.833122 -17.310694 28.274821 -14.088902 -15.449123 2.281609 8.709282 -2.432889 5.310152 59.957183 3.591198 10.644777 -0.926806 10.296475 23.589443 4.247724 8.260064 -2.447390 
2.960438 -51.335663 13.633308 -174.553067 -1.740718 -0.353196 0.255086 4.292238 3.579181 -4.029132 7.006125 -5.067630 -5.217363 8.945739 9.911097 nan nan nan -3.157660 -8.282370 2.125306 3.359046 -6.015443 -4.000397 14.121670 -3.251748 14.817082 nan nan nan 1.565038 2.239909 0.588903 -2.356046 -1.491599 -2.257401 -1.171685 -0.929142 4.059732 -0.996428 2.001228 -3.984501 2.773115 0.804279 -3.248328 -13.126056 5.793145 7.565341 -59.934606 0.665184 6.068152 2.873335 -17.471027 28.459811 -14.200620 -15.277464 2.561511 8.712046 -2.359509 5.322597 59.955710 3.541383 10.569610 -0.911752 10.363549 23.551880 4.163971 8.194659 -2.428580 
2.855944 -51.320000 13.564857 -174.321253 -2.304293 -1.063293 -0.107073 4.726783 4.499633 -3.886638 6.873846 -5.319445 -5.498168 9.294841 9.964649 nan nan nan -3.754346 -8.203592 2.645810 3.515759 -5.978723 -3.612569 14.524317 -2.896292 15.010194 nan nan nan 1.644138 2.353599 1.764208 -2.631013 -1.262870 -2.539879 -1.136694 -0.793082 4.188094 -1.016759 2.008398 -4.479466 2.765761 0.796920 -3.002799 -12.998781 5.619232 7.205433 -60.156148 0.817584 5.987406 2.883135 -17.492255 28.561486 -13.980791 -15.253650 2.645984 8.504688 -2.106872 4.957755 60.122851 3.413715 10.488439 -0.870614 10.334422 23.383314 4.087325 7.980984 -2.036907 
2.955258 -51.320576 13.649767 -174.548893 -1.722286 -0.443862 0.255789 4.418874 3.698480 -3.943464 6.724975 -4.992901 -5.779816 8.964090 9.834522 nan nan nan -3.229734 -8.395679 2.265838 3.405246 -6.077565 -3.945624 14.342596 -3.171103 14.981624 nan nan nan 1.598469 2.265035 0.785488 -2.391999 -1.505788 -2.333669 -1.106488 -0.956803 4.021991 -1.054865 1.886199 -4.004908 2.781272 0.949760 -3.245362 -13.235780 5.700573 7.415511 -60.000042 0.895749 6.042158 2.954937 -17.486537 28.490364 -13.973548 -15.098875 3.148757 8.677399 -2.287094 5.182000 59.908670 3.323222 10.458382 -0.881718 10.376657 23.449428 4.169564 7.975703 -2.083313 
2.956283 -51.325382 13.639045 -174.571811 -1.701686 -0.396095 0.294146 4.383500 3.619838 -3.994542 6.781781 -4.959038 -5.638012 8.947214 9.782147 nan nan nan -3.190133 -8.442098 2.190622 3.381002 -6.086798 -3.921476 14.376690 -3.183205 15.030417 nan nan nan 1.592559 2.249170 0.677849 -2.357437 -1.512591 -2.230146 -1.100772 -0.968599 3.991075 -1.024948 1.900868 -3.922927 2.725207 1.052201 -3.311016 -13.277800 5.702436 7.414665 -59.964144 0.912407 6.136246 2.946049 -17.562897 28.662703 -14.058430 -15.076784 3.138210 8.658033 -2.268551 5.184093 59.919444 3.374746 10.523364 -0.896313 10.298715 23.384160 4.222669 8.050959 -2.205183 
2.967044 -51.327213 13.635411 -174.555037 -1.741490 -0.333750 0.304976 4.479448 3.540137 -4.149729 7.251036 -5.023103 -5.535667 8.900334 9.944132 nan nan nan -3.162042 -8.363651 2.094325 3.317091 -6.101520 -3.917522 14.317645 -3.084904 14.821539 nan nan nan 1.506692 2.262401 0.562123 -2.308751 -1.491236 -2.157256 -1.079052 -0.985174 4.013190 -0.871846 2.164837 -3.907937 2.535477 1.181502 -3.323551 -13.259228 5.775644 7.376568 -59.964481 0.855163 6.185378 2.960761 -17.545890 28.651284 -14.287481 -15.071353 3.123494 8.658666 -2.376340 5.196458 59.898033 3.521621 10.634309 -0.865719 10.305240 23.422363 4.204954 8.056017 -2.225831 
2.964857 -51.324249 13.652647 -174.621196 -1.778571 -0.331501 0.347890 4.685147 3.525985 -4.189088 7.715415 -5.059333 -5.695259 8.846533 9.936938 nan nan nan -3.128112 -8.337031 2.091672 3.386521 -6.168452 -3.864885 14.287258 -3.002874 14.850119 nan nan nan 1.611853 2.239072 0.545850 -2.335599 -1.470191 -2.169099 -1.115971 -0.951280 4.002964 -0.887949 2.097419 -4.002732 2.595388 0.859795 -3.276842 -13.195825 5.818192 7.379663 -60.053545 0.855345 6.079516 3.050324 -17.535420 28.575666 -14.478627 -15.059202 3.297086 8.678153 -2.384020 5.266666 59.848209 3.528224 10.498286 -0.800835 10.354364 23.569406 4.230709 8.107825 -2.288558 
2.960252 -51.345959 13.644586 -174.570973 -1.758834 -0.362543 0.331486 4.606862 3.579128 -4.210418 7.683573 -5.027344 -5.964634 8.965080 10.163194 nan nan nan -3.192768 -8.320914 2.129340 3.374757 -6.213090 -3.892882 14.322094 -3.014672 14.908670 nan nan nan 1.540788 2.265340 0.633312 -2.337356 -1.484398 -2.216347 -1.120674 -0.949338 3.971189 -0.958677 2.004170 -3.857724 2.711259 0.787982 -3.461616 -13.179861 5.827017 7.432940 -59.970842 0.852200 6.119361 2.941401 -17.628126 28.639899 -14.286158 -15.057024 3.199604 8.725890 -2.380449 5.272743 59.828081 3.488672 10.506296 -0.778332 10.373675 23.608391 4.091201 8.090329 -2.254366 
2.952200 -51.357510 13.632806 -174.567442 -1.739469 -0.384778 0.337371 4.519234 3.606342 -4.187149 7.640896 -5.034733 -6.020817 9.065481 10.272776 nan nan nan -3.195739 -8.322451 2.161340 3.381734 -6.259456 -3.923263 14.301293 -3.128372 14.987713 nan nan nan 1.536580 2.265866 0.687579 -2.330832 -1.491131 -2.237141 -1.116171 -0.951368 4.007329 -0.978055 2.011897 -3.868426 2.703987 0.886422 -3.528589 -13.201115 5.818486 7.405226 -59.939058 0.815256 6.141419 2.902782 -17.591151 28.639063 -14.149629 -15.125829 3.119769 8.733789 -2.378194 5.213912 59.812887 3.466893 10.584521 -0.798101 10.400562 23.678398 4.094117 8.136648 -2.234129 
2.955149 -51.352459 13.624822 -174.594302 -1.730665 -0.388912 0.351407 4.501630 3.600273 -4.161370 7.673573 -5.051979 -5.966747 9.065065 10.211027 nan nan nan -3.159721 -8.319631 2.167972 3.371331 -6.273789 -3.943160 14.296024 -3.147546 14.990405 nan nan nan 1.574525 2.248756 0.691586 -2.326962 -1.492849 -2.224982 -1.108692 -0.955193 4.005072 -0.933599 2.153305 -3.906041 2.633438 1.057120 -3.424599 -13.224951 5.793050 7.382947 -59.912227 0.779379 6.104428 2.887594 -17.496138 28.498476 -14.302046 -15.172194 3.081286 8.692334 -2.378666 5.209246 59.834849 3.486663 10.636896 -0.821877 10.388140 23.626730 4.178526 8.112776 -2.191843 
2.843669 -51.295452 13.542978 -174.366677 -2.325550 -1.051686 -0.070227 4.910491 4.438155 -4.001782 7.620007 -5.337272 -5.538577 9.336912 9.915297 nan nan nan -3.755458 -8.223253 2.602117 3.584314 -6.143847 -3.508373 14.525214 -2.895687 14.923636 nan nan nan 1.699583 2.326710 1.764701 -2.627941 -1.220487 -2.495687 -1.120583 -0.834735 4.208867 -0.814101 2.254284 -4.680693 2.502852 0.996147 -2.772066 -13.052764 5.710565 7.071043 -60.107047 0.701107 5.972453 2.913376 -17.344046 28.393807 -14.436612 -15.319312 2.675615 8.461986 -2.190942 4.891459 60.066075 3.572344 10.649985 -0.821339 10.209466 23.295611 4.277134 7.978290 -1.982981 
2.937531 -51.318081 13.639383 -174.510034 -1.842561 -0.420774 0.232145 4.586339 3.661813 -4.137243 7.565621 -5.045855 -5.409999 8.932995 10.035490 nan nan nan -3.336152 -8.378896 2.182636 3.456920 -6.307208 -3.879532 14.358957 -3.084618 14.907287 nan nan nan 1.545726 2.277565 0.772100 -2.384803 -1.430050 -2.317570 -1.108801 -0.983765 4.034298 -0.838530 2.158218 -4.090679 2.564920 1.053413 -3.182162 -13.236632 5.874778 7.403966 -59.940431 0.674692 6.002484 3.009223 -17.380615 28.216769 -14.564649 -15.142969 2.946415 8.704044 -2.448378 5.191000 59.845090 3.575667 10.601271 -0.858766 10.270728 23.380548 4.350057 8.027882 -2.053884 
2.955117 -51.340931 13.631221 -174.536859 -1.749565 -0.399808 0.302693 4.575631 3.604268 -4.162305 7.528396 -4.988023 -5.373109 8.849730 10.136391 nan nan nan -3.289975 -8.504161 2.162569 3.437503 -6.340074 -3.883850 14.376928 -3.088878 15.029215 nan nan nan 1.531843 2.260584 0.750078 -2.351731 -1.482613 -2.281298 -1.110753 -0.995049 3.979869 -0.921071 2.100979 -3.903825 2.616029 1.034305 -3.417718 -13.224173 5.846018 7.451413 -59.926540 0.750694 6.083918 2.936351 -17.530446 28.616917 -14.327633 -15.106699 3.039578 8.719329 -2.423611 5.203939 59.851176 3.564011 10.539706 -0.843251 10.260523 23.450928 4.215535 8.124782 -2.200700 
2.961831 -51.352409 13.647112 -174.612418 -1.733243 -0.460581 0.400742 4.723966 3.666266 -4.180115 7.541743 -4.968738 -5.556948 8.798616 10.146999 nan nan nan -3.277107 -8.600772 2.277457 3.540097 -6.366797 -3.878235 14.503273 -3.213721 15.435242 nan nan nan 1.662742 2.221209 0.832256 -2.377063 -1.495836 -2.328320 -1.120470 -0.958724 3.968239 -1.043922 1.968338 -3.783449 2.689485 1.024996 -3.492342 -13.239659 5.755262 7.468448 -59.931531 0.837948 5.989046 2.852950 -17.540974 28.842982 -14.234734 -15.070574 3.136939 8.696588 -2.325471 5.234413 59.813218 3.503354 10.394166 -0.722918 10.239757 23.560849 4.132343 8.111529 -2.288188 
2.854075 -51.270119 13.571205 -174.338102 -2.355912 -1.085240 -0.062688 5.215212 4.467246 -4.019965 7.556446 -5.256165 -5.487364 9.051290 9.841435 nan nan nan -3.834262 -8.374067 2.659237 3.579425 -6.173371 -3.526570 14.682570 -2.831936 15.048975 nan nan nan 1.683093 2.365398 1.740914 -2.656438 -1.206617 -2.511264 -1.125617 -0.832840 4.266019 -0.880460 2.247771 -4.617179 2.576175 0.853196 -2.780989 -12.974492 5.633876 7.118123 -60.192316 0.782954 6.037786 2.863516 -17.449024 28.858090 -14.209637 -15.154228 2.932221 8.513608 -2.195039 4.878405 60.013875 3.561344 10.467896 -0.723454 10.206965 23.402152 4.231069 7.921868 -2.052482 
2.969470 -51.283936 13.625471 -174.505998 -1.705899 -0.420644 0.269217 4.650991 3.601536 -4.160562 7.616663 -4.956580 -5.584119 8.802611 9.987929 nan nan nan -3.313995 -8.465499 2.211491 3.411568 -6.336244 -3.919584 14.349417 -3.105490 14.876538 nan nan nan 1.497065 2.276845 0.724211 -2.364437 -1.501977 -2.284318 -1.100763 -1.037990 4.079475 -0.866483 2.241470 -4.068789 2.560675 0.983695 -3.141538 -13.184063 5.781312 7.476721 -60.031637 0.686240 6.113262 3.034253 -17.385128 28.498447 -14.080345 -15.145539 3.133747 8.724038 -2.469293 5.142181 59.847246 3.648427 10.565532 -0.780431 10.170104 23.548770 4.209112 8.131643 -2.202985 
2.964412 -51.285160 13.624096 -174.605495 -1.677189 -0.354144 0.340792 4.636751 3.503765 -4.143904 7.849216 -4.955171 -5.658682 8.836121 9.920862 nan nan nan -3.205851 -8.488886 2.136252 3.430122 -6.329746 -3.870982 14.246055 -3.054950 14.889550 nan nan nan 1.628746 2.236038 0.570846 -2.343054 -1.525513 -2.142592 -1.124648 -1.035999 4.026587 -0.889038 2.201295 -4.067992 2.511171 0.927636 -3.188288 -13.196993 5.792502 7.430145 -60.082934 0.720893 6.106535 3.071114 -17.336915 28.502377 -13.976343 -15.194598 3.450460 8.650573 -2.413245 5.192051 59.869604 3.692757 10.540614 -0.735410 10.135922 23.585415 4.102747 8.259496 -2.325345 
2.953274 -51.293041 13.625924 -174.631085 -1.693826 -0.380280 0.414042 4.376291 3.600101 -4.152051 7.459445 -4.983926 -5.784668 9.136941 9.952085 nan nan nan -3.218310 -8.455029 2.200398 3.502563 -6.315382 -3.928905 14.329895 -3.249000 14.993943 nan nan nan 1.686341 2.184631 0.674560 -2.296809 -1.518312 -2.146213 -0.903849 -1.085762 3.585583 -0.471441 2.674210 -4.046854 1.891904 3.016083 -2.929495 -13.614102 5.643000 7.739767 -59.888978 1.024515 5.714626 2.957225 -17.502195 28.603371 -13.847966 -15.206083 3.408217 8.096831 -2.178181 5.705171 60.205046 3.675047 10.538237 -0.932804 10.198330 23.490368 4.260519 8.223100 -2.431848 
2.961175 -51.312088 13.630266 -174.579275 -1.724921 -0.381246 0.369545 4.361231 3.642995 -4.119892 7.375533 -5.007757 -5.901788 9.080709 10.007600 nan nan nan -3.248830 -8.406948 2.193184 3.458927 -6.389336 -3.914168 14.356535 -3.147345 14.989860 nan nan nan 1.634880 2.237105 0.613751 -2.350910 -1.536904 -2.107515 -1.140648 -0.957578 3.886774 -0.992378 2.096476 -3.928009 2.594547 1.159061 -3.277210 -13.258242 5.774226 7.487645 -59.987991 0.801621 5.984424 3.066022 -17.470653 28.218908 -14.242298 -15.209001 3.205841 8.693866 -2.308591 5.327357 59.844219 3.554314 10.479918 -0.845078 10.259611 23.494516 4.271183 8.132247 -2.138201 
2.972886 -51.324894 13.626955 -174.565888 -1.731251 -0.374051 0.380891 4.417274 3.625863 -4.192741 7.583959 -5.024030 -5.942623 9.068722 10.142641 nan nan nan -3.227275 -8.354636 2.187336 3.415689 -6.423088 -3.938413 14.318386 -3.117319 14.986356 nan nan nan 1.591953 2.251199 0.627975 -2.340200 -1.523634 -2.159831 -1.152987 -0.950093 3.939641 -0.961489 2.200858 -3.951550 2.625231 1.029970 -3.261817 -13.224515 5.783237 7.477740 -59.980317 0.717264 6.020851 3.087058 -17.401003 28.152143 -14.534241 -15.304523 3.019223 8.756113 -2.377180 5.303899 59.822697 3.579648 10.549251 -0.846717 10.258696 23.554112 4.236854 8.164666 -2.212313 
2.971607 -51.324772 13.624393 -174.577471 -1.744154 -0.343466 0.385187 4.400778 3.610271 -4.202436 7.599070 -5.066219 -5.731739 9.064058 10.094404 nan nan nan -3.230184 -8.342368 2.149771 3.450068 -6.435604 -3.957093 14.323260 -3.136292 15.078915 nan nan nan 1.601620 2.237957 0.623091 -2.337628 -1.511853 -2.214103 -1.162539 -0.956041 3.964447 -0.946487 2.143807 -3.978576 2.642579 0.927171 -3.266847 -13.246120 5.805937 7.497597 -59.938807 0.703546 6.054180 3.056574 -17.410323 28.210546 -14.633050 -15.334052 2.962302 8.773654 -2.389593 5.295088 59.806771 3.591158 10.599273 -0.838348 10.260812 23.557099 4.150367 8.173337 -2.307020 
2.964666 -51.317596 13.625662 -174.567304 -1.753845 -0.337252 0.356726 4.369312 3.610054 -4.171461 7.469717 -5.073936 -5.458108 9.054120 9.977187 nan nan nan -3.250241 -8.364643 2.134213 3.465298 -6.375506 -3.960089 14.281483 -3.159799 15.030363 nan nan nan 1.594867 2.235304 0.606846 -2.341767 -1.498954 -2.230635 -1.157082 -0.966868 3.998807 -0.961966 2.106327 -4.003460 2.646462 0.910780 -3.265364 -13.210651 5.830433 7.503052 -59.968124 0.702531 6.099538 3.032100 -17.465922 28.300235 -14.489984 -15.219640 2.843704 8.733464 -2.394637 5.283866 59.817610 3.607771 10.628610 -0.805086 10.268539 23.542591 4.128666 8.112751 -2.378924 
2.961823 -51.320393 13.637693 -174.599165 -1.755217 -0.384862 0.374782 4.480286 3.649426 -4.131712 7.424270 -5.050679 -5.198490 8.937229 9.883326 nan nan nan -3.240025 -8.452421 2.192738 3.485202 -6.302743 -3.944250 14.286706 -3.110830 15.088139 nan nan nan 1.652371 2.225834 0.648558 -2.363103 -1.485018 -2.209360 -1.151013 -0.966730 3.995072 -1.039176 1.983196 -3.986772 2.659100 0.894070 -3.300455 -13.186290 5.803479 7.486549 -60.038461 0.721199 6.064985 3.063072 -17.475117 28.430519 -14.355525 -15.066239 2.904297 8.666635 -2.329123 5.287404 59.845738 3.567498 10.496687 -0.819313 10.307370 23.304197 4.206748 8.224178 -2.708413 
2.964929 -51.307236 13.651234 -174.620948 -1.768196 -0.411668 0.382685 4.755513 3.617193 -4.168168 7.859078 -5.006675 -5.214871 8.718545 9.829362 nan nan nan -3.185112 -8.496673 2.192000 3.413976 -6.347191 -3.911071 14.257484 -2.898561 14.946479 nan nan nan 1.684849 2.247768 0.612466 -2.397037 -1.451846 -2.080019 -1.170518 -0.970701 3.980452 -1.104895 1.964791 -4.032458 2.649273 0.657481 -3.352601 -13.141553 5.763512 7.417031 -60.073424 0.701378 5.995830 3.154356 -17.403205 28.301879 -14.624266 -15.154127 3.134424 8.708722 -2.288338 5.230368 59.829054 3.540407 10.292316 -0.929633 10.265205 22.836649 4.585279 8.613549 -3.104911 
2.970906 -51.323982 13.636845 -174.580284 -1.771499 -0.419702 0.388001 4.577070 3.661490 -4.210028 7.654500 -4.990641 -5.423137 8.870736 10.030601 nan nan nan -3.239623 -8.460865 2.191237 3.435119 -6.366206 -3.899900 14.308029 -2.953887 14.994225 nan nan nan 1.606526 2.274252 0.668370 -2.369741 -1.468394 -2.092556 -1.151555 -0.970265 3.909152 -1.000465 2.116150 -4.040780 2.677374 0.901252 -3.319974 -13.232859 5.685746 7.462510 -59.934549 0.737648 6.001343 3.112301 -17.401527 28.110274 -14.666774 -15.231573 2.862024 8.756001 -2.262922 5.255153 59.812949 3.527975 10.348292 -0.981112 10.239426 22.738230 4.709663 8.589983 -3.182512 
2.974634 -51.326210 13.619711 -174.586801 -1.744347 -0.404535 0.388129 4.524236 3.627144 -4.222501 7.767014 -5.002902 -5.547808 8.979443 10.090696 nan nan nan -3.211123 -8.478777 2.145600 3.410491 -6.419841 -3.874520 14.330636 -2.941758 14.967595 nan nan nan 1.575118 2.265825 0.691190 -2.344594 -1.493688 -2.133303 -1.126710 -0.970404 3.912729 -0.968143 2.187013 -4.050663 2.677686 0.910431 -3.319644 -13.230092 5.766045 7.417991 -59.906788 0.698249 5.957278 3.060775 -17.423399 27.908492 -14.869625 -15.147309 2.724539 8.781975 -2.356461 5.264403 59.786239 3.593938 10.487302 -0.893267 10.255810 23.188078 4.577559 8.194208 -2.443703 
2.869993 -51.283836 13.550300 -174.410985 -2.310555 -1.057528 0.053311 5.057197 4.452414 -4.096660 7.943431 -5.306467 -5.616356 9.224689 9.974171 nan nan nan -3.732974 -8.401687 2.601896 3.596330 -6.325170 -3.475328 14.582276 -2.628204 15.124699 nan nan nan 1.718889 2.348956 1.727467 -2.618831 -1.251068 -2.408203 -1.114927 -0.828647 4.130438 -0.959818 2.267395 -4.643199 2.613110 0.784145 -2.857467 -13.028079 5.675548 7.074007 -60.155738 0.675534 5.786885 3.001435 -17.298582 27.908319 -14.870391 -15.183041 2.621962 8.562778 -2.190038 4.982299 59.963521 3.616804 10.454839 -0.813401 10.215909 23.347784 4.452330 7.956837 -1.791012 
2.975696 -51.285221 13.631421 -174.625210 -1.738471 -0.426621 0.464640 4.570018 3.641181 -4.280736 7.889110 -5.007568 -5.795926 9.077582 10.057452 nan nan nan -3.213158 -8.467138 2.262567 3.491915 -6.373847 -3.947620 14.417635 -3.110506 15.197409 nan nan nan 1.599580 2.209405 0.780854 -2.289138 -1.486137 -2.215376 -0.822909 -1.069607 3.563703 -0.409180 2.757977 -4.126108 1.885570 3.104471 -2.844916 -13.641764 5.665322 7.763733 -59.857652 0.825594 5.396888 2.952278 -17.292415 27.751916 -14.321186 -15.200646 2.774116 8.118095 -2.229986 5.797411 60.159421 3.713085 10.570924 -0.966784 10.211800 23.489036 4.341918 8.194893 -2.163564 
2.982623 -51.296440 13.635908 -174.635581 -1.743489 -0.392171 0.440315 4.673686 3.583015 -4.219218 8.090775 -4.994585 -5.761968 8.824412 9.952595 nan nan nan -3.168285 -8.435891 2.242334 3.460405 -6.414029 -3.992764 14.346454 -3.025817 15.277775 nan nan nan 1.640862 2.236985 0.574696 -2.354991 -1.510480 -2.020651 -1.115877 -0.950649 3.953014 -1.056283 1.893184 -3.932266 2.596417 0.784880 -3.437366 -13.262641 5.829383 7.369480 -60.012121 0.536629 5.788487 3.036814 -17.061459 27.226476 -13.969914 -15.306104 2.907453 8.759059 -2.353012 5.235117 59.758673 3.576716 10.574809 -0.760877 10.265703 23.326030 4.114105 8.135718 -2.005902 
2.978250 -51.315361 13.632107 -174.616172 -1.751658 -0.402317 0.399914 4.661134 3.588796 -4.231961 8.140460 -4.990880 -5.658462 8.871739 9.953377 nan nan nan -3.192535 -8.409710 2.239049 3.474858 -6.412634 -3.956128 14.389420 -3.146067 15.240111 nan nan nan 1.636150 2.237000 0.575080 -2.345820 -1.504347 -2.012481 -1.125080 -0.958423 3.948680 -0.962183 2.134528 -4.052186 2.557458 0.937980 -3.243576 -13.235798 5.799582 7.380542 -60.045988 0.558217 5.880945 2.999917 -17.058393 27.320679 -13.841024 -15.301314 2.928076 8.717000 -2.344217 5.232452 59.812175 3.594083 10.665289 -0.792313 10.249983 23.174281 4.090677 8.151530 -2.187318 
2.976929 -51.339718 13.628178 -174.554152 -1.747005 -0.407842 0.347123 4.506269 3.652314 -4.172662 7.746346 -5.035352 -5.688302 8.968933 10.130069 nan nan nan -3.260559 -8.405790 2.243455 3.474596 -6.409659 -3.977271 14.445702 -3.216253 15.253111 nan nan nan 1.567444 2.250337 0.589253 -2.336926 -1.527523 -2.012491 -1.139460 -0.961457 3.916270 -1.009164 2.135890 -3.962553 2.620104 0.930243 -3.386976 -13.166796 5.780714 7.439315 -60.051624 0.652890 6.059182 2.979931 -17.310112 28.009526 -14.039025 -15.121298 2.862075 8.725067 -2.313348 5.236997 59.872048 3.595876 10.668994 -0.884479 10.186636 23.250558 4.055642 8.152394 -2.280902 
2.972535 -51.337173 13.625791 -174.566500 -1.700686 -0.409653 0.321705 4.295258 3.691494 -4.008432 7.123617 -5.034476 -5.572885 9.076421 9.935979 nan nan nan -3.251302 -8.435338 2.255084 3.492560 -6.328024 -4.004208 14.386358 -3.301021 15.210640 nan nan nan 1.597970 2.233576 0.575524 -2.344193 -1.557335 -2.025150 -1.167300 -0.966417 3.967103 -1.077289 2.032757 -3.985358 2.703240 0.837869 -3.393463 -13.111920 5.766235 7.448078 -60.054154 0.755002 6.208957 2.971166 -17.573050 28.606106 -14.126064 -15.042466 2.686798 8.745988 -2.290094 5.165249 59.869947 3.567646 10.643086 -0.889956 10.161551 23.408338 4.131232 8.157979 -2.414071 
2.974261 -51.327789 13.625434 -174.605339 -1.712645 -0.420721 0.320701 4.317060 3.694552 -3.948341 7.042501 -5.037334 -5.452022 9.096716 9.757381 nan nan nan -3.213068 -8.457181 2.236532 3.489672 -6.320070 -3.945273 14.435478 -3.286494 15.192758 nan nan nan 1.634296 2.216019 0.618576 -2.337931 -1.548610 -2.085259 -1.147576 -0.968878 3.978265 -0.980411 2.130281 -4.079419 2.676723 0.963278 -3.206689 -13.127766 5.741242 7.452681 -60.061919 0.834056 6.226187 2.977346 -17.645865 28.846905 -14.159745 -15.096186 2.748669 8.699940 -2.276171 5.176477 59.886878 3.543353 10.634968 -0.917527 10.244753 23.489613 4.258373 8.166675 -2.504498 
2.978804 -51.325634 13.645207 -174.619676 -1.789344 -0.437526 0.344068 4.696077 3.655049 -4.142525 7.791094 -5.048313 -5.274779 8.918958 9.810708 nan nan nan -3.220245 -8.517469 2.211138 3.476135 -6.426723 -3.857367 14.591921 -3.030278 15.246090 nan nan nan 1.649828 2.227121 0.622172 -2.362852 -1.494731 -2.080332 -1.139902 -0.962307 3.971908 -0.979074 2.112858 -4.034028 2.615014 0.804229 -3.260169 -13.170792 5.747759 7.452762 -60.094637 0.785625 6.101533 3.121302 -17.555526 28.591265 -14.360625 -15.055381 3.023172 8.717741 -2.277921 5.265925 59.852567 3.617232 10.534054 -0.837718 10.261609 23.468766 4.177330 8.073086 -2.322068 
2.871803 -51.286217 13.556417 -174.308253 -2.380460 -1.068617 -0.089198 5.040538 4.489785 -4.101683 7.732470 -5.343328 -5.043145 9.194044 9.810693 nan nan nan -3.859778 -8.336046 2.615802 3.546482 -6.323631 -3.517618 14.935498 -2.611437 15.146236 nan nan nan 1.614073 2.388036 1.680611 -2.625999 -1.220866 -2.371138 -1.129253 -0.839648 4.156583 -0.846756 2.306391 -4.620979 2.529655 0.725061 -2.857281 -12.952761 5.668421 7.148813 -60.272119 0.701207 6.134827 3.037753 -17.440830 28.636475 -14.152362 -15.172150 2.696416 8.494545 -2.163452 4.961891 60.112201 3.670918 10.591136 -0.833519 10.145643 23.276830 3.995365 7.936367 -2.111161 
2.976599 -51.307720 13.629288 -174.509849 -1.770964 -0.451451 0.288426 4.652757 3.694147 -4.250153 7.798385 -5.039870 -5.368758 8.890078 10.038146 nan nan nan -3.333689 -8.451984 2.265470 3.403338 -6.503258 -3.963505 14.692465 -2.865988 15.163655 nan nan nan 1.519518 2.287331 0.734371 -2.371625 -1.496433 -2.215756 -1.121840 -0.984350 3.996154 -0.873492 2.248068 -4.049859 2.577439 0.897947 -3.244494 -13.143263 5.807538 7.451033 -60.099993 0.670990 6.122088 3.119559 -17.411997 28.381845 -14.112994 -15.089612 3.027119 8.690049 -2.419748 5.252804 59.927855 3.674512 10.556651 -0.854632 10.197971 23.436285 4.017155 8.050390 -2.249121 
2.966613 -51.307964 13.631350 -174.660733 -1.731567 -0.443808 0.406615 4.662750 3.657842 -4.172848 7.830160 -5.024962 -5.605563 8.898310 9.887818 nan nan nan -3.179440 -8.511736 2.254770 3.482084 -6.539269 -3.913728 14.605496 -2.964245 15.263887 nan nan nan 1.740550 2.206690 0.700335 -2.385672 -1.518953 -2.174319 -1.130750 -0.973287 3.982351 -0.929242 2.173616 -4.063497 2.562159 0.980707 -3.217264 -13.220931 5.771487 7.410585 -60.154250 0.746970 5.967975 3.215554 -17.374443 28.130794 -14.096600 -15.094915 3.310872 8.639050 -2.342227 5.208697 59.868246 3.642603 10.465741 -0.730611 10.156389 23.477561 4.063214 8.178502 -2.241798 
2.972151 -51.319332 13.615930 -174.622021 -1.702132 -0.468894 0.393306 4.560209 3.674971 -4.179496 7.702962 -4.979760 -5.809441 8.960972 9.955635 nan nan nan -3.199468 -8.536688 2.265448 3.431571 -6.497761 -3.918420 14.648265 -3.000055 15.313129 nan nan nan 1.681810 2.220056 0.765252 -2.383979 -1.544994 -2.165604 -1.125667 -0.984016 3.946565 -0.968174 2.162196 -4.045963 2.627284 0.954697 -3.243442 -13.239276 5.716535 7.442751 -60.043203 0.776769 5.973017 3.108761 -17.434253 28.065951 -14.176003 -15.175083 3.170096 8.702838 -2.299267 5.181388 59.829094 3.631324 10.481319 -0.716032 10.060608 23.431736 4.071438 8.225327 -2.200980 
2.972571 -51.318588 13.619513 -174.617553 -1.700009 -0.449825 0.365144 4.605540 3.643677 -4.187121 7.955644 -5.015601 -5.763973 8.897959 9.925492 nan nan nan -3.206152 -8.556820 2.243140 3.455457 -6.530348 -3.902409 14.661280 -2.960987 15.339257 nan nan nan 1.688868 2.218880 0.709083 -2.396489 -1.539100 -2.108485 -1.150044 -0.974344 3.938958 -0.904162 2.239842 -4.076330 2.610910 0.895023 -3.201613 -13.240885 5.746007 7.441159 -59.991347 0.716974 5.924389 3.106117 -17.390438 27.954436 -14.467193 -15.317757 3.244441 8.746160 -2.336864 5.221449 59.820617 3.707690 10.459709 -0.723443 10.000789 23.427370 4.077337 8.242075 -2.136923 
2.973372 -51.336262 13.619809 -174.550914 -1.726830 -0.417962 0.332675 4.426401 3.675543 -4.203765 7.665020 -5.052055 -5.743763 8.997125 10.073208 nan nan nan -3.283544 -8.515278 2.205180 3.482891 -6.566668 -3.903333 14.725283 -2.978296 15.323216 nan nan nan 1.583293 2.248130 0.668755 -2.367510 -1.548420 -2.130464 -1.155178 -0.962373 3.932631 -0.918958 2.249918 -3.930796 2.648532 0.913325 -3.344806 -13.209069 5.781865 7.478531 -59.931112 0.713527 6.054327 3.015100 -17.456947 28.107390 -14.434054 -15.200291 2.923256 8.769632 -2.378383 5.243452 59.798235 3.706733 10.562179 -0.680308 10.065783 23.494176 3.949650 8.095874 -2.270388 
2.884471 -51.306545 13.553288 -174.341973 -2.191927 -0.903811 0.004484 4.614721 4.358641 -4.073995 7.233314 -5.306371 -5.593044 9.352126 10.024404 nan nan nan -3.745590 -8.377651 2.529968 3.580054 -6.388636 -3.640579 14.907012 -2.855067 15.283697 nan nan nan 1.597347 2.337044 1.447838 -2.551008 -1.362455 -2.341708 -1.160358 -0.822679 4.113524 -0.937672 2.262291 -4.326100 2.671413 0.897736 -3.128156 -13.011352 5.685948 7.243666 -60.118207 0.747741 6.164088 2.926130 -17.530669 28.562475 -14.141492 -15.073043 2.345149 8.605004 -2.188407 5.035277 59.997297 3.673455 10.618166 -0.749980 10.121758 23.410351 3.965266 7.865965 -2.284297 
2.859302 -51.276321 13.535444 -174.253883 -2.347250 -1.103936 -0.112665 4.926184 4.579617 -4.081504 7.391393 -5.359941 -5.732637 9.338837 10.102174 nan nan nan -3.924833 -8.374607 2.676101 3.590930 -6.358460 -3.521100 14.999478 -2.755397 15.295895 nan nan nan 1.587166 2.402815 1.813172 -2.634451 -1.267655 -2.470696 -1.133846 -0.824387 4.179181 -0.936598 2.264309 -4.509538 2.652813 0.894067 -2.988567 -12.994433 5.629485 7.162514 -60.211432 0.740996 6.136178 3.001817 -17.485345 28.595738 -14.022250 -15.087756 2.405113 8.556835 -2.164745 4.925660 60.048682 3.630569 10.579904 -0.766781 10.118383 23.360514 4.017433 7.768374 -2.116444 
2.893871 -51.248302 13.565553 -174.369201 -2.198799 -0.918613 -0.002245 5.034530 4.276103 -4.072664 7.757314 -5.240231 -5.827714 9.097635 9.998249 nan nan nan -3.723185 -8.409711 2.572160 3.555142 -6.368631 -3.632053 14.918829 -2.801167 15.350497 nan nan nan 1.633466 2.368310 1.527200 -2.576292 -1.308791 -2.402516 -1.104366 -0.894651 4.128849 -0.934104 2.233023 -4.394245 2.557953 0.901308 -2.980234 -13.094629 5.681110 7.160630 -60.217750 0.728029 6.039873 3.125791 -17.353418 28.399790 -14.167809 -15.099983 2.958112 8.586975 -2.256566 4.982390 59.937850 3.620249 10.507324 -0.718909 10.159445 23.356037 4.015781 7.818236 -2.014894 
2.981668 -51.276058 13.620133 -174.508090 -1.724150 -0.442032 0.264951 4.564203 3.653605 -4.106288 7.492770 -4.942653 -5.865216 8.876222 10.015510 nan nan nan -3.335340 -8.542267 2.257186 3.422849 -6.494722 -3.909478 14.816096 -2.992608 15.416842 nan nan nan 1.522039 2.287779 0.755765 -2.366601 -1.552070 -2.180376 -1.099056 -0.997271 3.948436 -1.022904 2.091944 -3.847359 2.632934 0.939463 -3.420577 -13.258174 5.734895 7.413660 -60.009132 0.743475 6.041138 3.131996 -17.421892 28.265988 -14.413183 -15.018567 3.089040 8.755834 -2.354884 5.250182 59.804484 3.582972 10.455404 -0.804765 10.270171 23.382008 4.093945 7.898887 -2.221087 
2.977151 -51.282444 13.619175 -174.513073 -1.706797 -0.399796 0.235418 4.395364 3.627405 -4.035799 7.253743 -4.957801 -5.548247 8.917531 9.838766 nan nan nan -3.302934 -8.538673 2.183543 3.381943 -6.384945 -3.867101 14.718302 -2.953030 15.231654 nan nan nan 1.528185 2.268166 0.602535 -2.358763 -1.574250 -2.067684 -1.128585 -0.978465 3.964777 -1.015340 2.156494 -3.874436 2.677956 0.971944 -3.428318 -13.201027 5.702877 7.471568 -60.005126 0.693272 6.062510 3.085511 -17.397554 28.211593 -14.478847 -15.141634 2.831631 8.730405 -2.294479 5.314876 59.881965 3.661369 10.470149 -0.871268 10.212340 23.326702 4.171149 8.022662 -2.325827 
2.974178 -51.293671 13.629157 -174.561915 -1.755705 -0.392461 0.277471 4.667991 3.577134 -4.148677 7.846965 -4.979854 -5.359063 8.786359 9.827608 nan nan nan -3.251611 -8.568063 2.131658 3.407772 -6.418941 -3.820540 14.570420 -2.871167 15.131194 nan nan nan 1.594429 2.241896 0.537612 -2.364478 -1.541302 -1.983249 -1.141683 -0.959787 3.941662 -0.939438 2.277601 -3.975554 2.615357 0.969451 -3.342302 -13.167516 5.749856 7.442021 -60.048015 0.670141 5.983998 3.087564 -17.339447 28.131879 -14.580479 -15.142266 3.101216 8.718347 -2.302820 5.345127 59.910511 3.734225 10.466964 -0.910983 10.174199 23.350587 4.373688 8.094162 -2.153384 
