HIERARCHY
ROOT Hips
{
	OFFSET -0.179506 -22.333345 2.821913
	CHANNELS 6 Xposition Yposition Zposition Zrotation Yrotation Xrotation 
	JOINT LeftUpLeg
	{
		OFFSET 6.951974 -9.140623 -0.681533
		CHANNELS 3 Zrotation Yrotation Xrotation
		JOINT LeftLeg
		{
			OFFSET 3.427654 -37.519855 -0.449580
			CHANNELS 3 Zrotation Yrotation Xrotation
			JOINT LeftFoot
			{
				OFFSET -1.359570 -39.796059 -4.369333
				CHANNELS 3 Zrotation Yrotation Xrotation
				JOINT LeftToe
				{
					OFFSET 2.635814 -5.579078 11.928840
					CHANNELS 3 Zrotation Yrotation Xrotation
					End Site
					{
						OFFSET 0.000000 0.000000 0.000000
					}
				}
			}
		}
	}
	JOINT RightUpLeg
	{
		OFFSET -6.767048 -9.052170 -0.431982
		CHANNELS 3 Zrotation Yrotation Xrotation
		JOINT RightLeg
		{
			OFFSET -3.829005 -38.256897 -0.885003
			CHANNELS 3 Zrotation Yrotation Xrotation
			JOINT RightFoot
			{
				OFFSET 1.577377 -39.841461 -4.231180
				CHANNELS 3 Zrotation Yrotation Xrotation
				JOINT RightToe
				{
					OFFSET -2.537174 -4.814398 12.334795
					CHANNELS 3 Zrotation Yrotation Xrotation
					End Site
					{
						OFFSET 0.000000 0.000000 0.000000
					}
				}
			}
		}
	}
	JOINT Spine
	{
		OFFSET -0.253288 10.896323 -2.669631
		CHANNELS 3 Zrotation Yrotation Xrotation
		JOINT Spine1
		{
			OFFSET 0.548704 13.518043 0.109247
			CHANNELS 3 Zrotation Yrotation Xrotation
			JOINT Spine2
			{
				OFFSET 0.145701 5.292222 2.542457
				CHANNELS 3 Zrotation Yrotation Xrotation
				JOINT Neck
				{
					OFFSET -0.277840 21.387037 -4.285703
					CHANNELS 3 Zrotation Yrotation Xrotation
					JOINT Head
					{
						OFFSET 0.515184 6.496960 5.134897
						CHANNELS 3 Zrotation Yrotation Xrotation
						End Site
						{
							OFFSET 0.000000 0.000000 0.000000
						}
					}
				}
				JOINT LeftShoulder
				{
					OFFSET 7.884473 12.174932 -3.408961
					CHANNELS 3 Zrotation Yrotation Xrotation
					JOINT LeftArm
					{
						OFFSET 9.097692 3.046888 -0.886815
						CHANNELS 3 Zrotation Yrotation Xrotation
						JOINT LeftForeArm
						{
							OFFSET 25.961220 -1.277207 -2.745643
							CHANNELS 3 Zrotation Yrotation Xrotation
							JOINT LeftHand
							{
								OFFSET 24.923361 0.898606 -0.117091
								CHANNELS 3 Zrotation Yrotation Xrotation
								End Site
								{
									OFFSET 0.000000 0.000000 0.000000
								}
							}
						}
					}
				}
				JOINT RightShoulder
				{
					OFFSET -8.175920 11.883285 -3.861528
					CHANNELS 3 Zrotation Yrotation Xrotation
					JOINT RightArm
					{
						OFFSET -9.601238 3.255117 -0.914307
						CHANNELS 3 Zrotation Yrotation Xrotation
						JOINT RightForeArm
						{
							OFFSET -25.374195 -1.332924 -2.140099
							CHANNELS 3 Zrotation Yrotation Xrotation
							JOINT RightHand
							{
								OFFSET -25.529810 0.777228 -0.555919
								CHANNELS 3 Zrotation Yrotation Xrotation
								End Site
								{
									OFFSET 0.000000 0.000000 0.000000
								}
							}
						}
					}
				}
			}
		}
	}
}
MOTION
Frames: 347
Frame Time: 0.033333
-16.627920 -3.665160 93.684227 -126.545205 3.626193 82.947079 14.155509 6.739497 2.426287 0.235080 7.203562 25.723409 -2.001219 0.467946 -24.055134 nan nan nan -12.612651 -11.333398 -4.272088 0.359671 -13.989536 11.617462 8.810243 2.201669 -5.335898 nan nan nan -4.609418 4.052918 8.849654 8.024993 -6.018681 7.807878 3.861551 1.205610 -2.991102 2.120647 -14.112163 8.388385 8.239432 -27.444238 11.186884 -5.597667 -15.211730 -0.287000 -79.387804 -40.036340 32.666452 171.210145 -79.873458 -141.839264 17.158425 -32.091782 -41.054715 16.937984 7.277966 2.563992 56.144450 11.511980 -2.394762 -74.896415 48.012735 -58.426252 5.750950 21.302713 -24.038902 
-16.633181 -3.648334 93.698357 -126.542217 3.679943 82.933612 14.234521 6.713182 2.447746 0.151229 7.144178 25.707702 -2.071973 0.615077 -24.050516 nan nan nan -12.561629 -11.326599 -4.205992 0.404644 -13.847587 11.597599 8.886971 2.174979 -5.364603 nan nan nan -4.479175 3.905617 8.967531 7.934306 -5.880117 7.297581 3.853872 1.164882 -2.548923 2.075696 -14.122945 8.142616 8.014714 -27.347349 11.533659 -5.671470 -15.073229 -0.277274 -79.312159 -40.058444 32.690045 171.716372 -79.850315 -142.353954 17.416056 -32.075018 -41.372255 16.972486 7.183512 2.665986 56.157215 11.663202 -2.302708 -74.740825 48.050419 -58.275690 5.353409 21.414866 -24.159181 
-16.638964 -3.649916 93.685478 -126.528519 3.713158 82.880679 14.275704 6.617407 2.540201 0.117602 7.174483 25.615937 -2.142771 0.693234 -23.967361 nan nan nan -12.548828 -11.314412 -4.102390 0.442900 -13.856155 11.535043 8.944779 2.168825 -5.369315 nan nan nan -4.500783 4.031329 8.805726 7.974158 -5.811555 7.589573 3.949968 1.013045 -2.489857 2.129674 -14.052350 7.844315 7.918988 -27.393364 11.475711 -5.556917 -15.181758 -0.297315 -79.449635 -40.138643 32.758374 171.045363 -79.760858 -141.653395 17.522741 -32.118353 -41.565857 16.816049 7.147376 2.566697 56.322153 11.773067 -2.213424 -74.918765 48.011742 -58.315138 5.356300 21.458929 -24.215247 
-16.644405 -3.645486 93.680763 -126.558595 3.694860 82.994021 14.248909 6.662980 2.482858 0.145562 7.242569 25.518433 -2.144808 0.670253 -23.952219 nan nan nan -12.513784 -11.338978 -4.266693 0.400312 -14.052245 11.523520 9.001083 2.200918 -5.349178 nan nan nan -4.494117 3.849419 8.895081 7.910748 -5.806625 7.115420 3.948554 1.105147 -2.333796 1.994798 -14.008725 7.964688 7.895240 -27.235878 11.494907 -5.548127 -15.000870 -0.237795 -79.525757 -39.993698 32.734846 171.547422 -79.692314 -142.024962 17.711908 -32.196519 -41.757569 16.830251 7.075341 2.708159 56.481882 11.836263 -2.206637 -74.950981 48.191691 -58.250806 5.358219 21.498980 -24.268981 
-16.629522 -3.641934 93.672897 -126.598042 3.687408 82.920280 14.270477 6.648847 2.656558 0.126034 7.283252 25.332070 -2.160640 0.598838 -23.989022 nan nan nan -12.485399 -11.232705 -4.237137 0.328099 -14.168154 11.528969 9.025685 2.128947 -5.354139 nan nan nan -4.515186 3.751537 8.877202 7.887310 -5.857736 7.414071 3.926044 1.199622 -2.420539 2.136148 -13.837710 7.611755 7.689563 -27.262459 11.637509 -5.472106 -14.828944 -0.442504 -79.643268 -39.908912 32.800717 171.725306 -79.679955 -142.110485 17.951853 -32.316900 -41.784893 16.821568 7.094887 2.657309 56.604504 11.934278 -2.037489 -74.992447 48.200249 -58.258315 5.231239 21.499074 -24.266991 
-16.614861 -3.618806 93.670319 -126.632725 3.675319 82.975416 14.272972 6.739629 2.663621 0.109244 7.282219 25.235445 -2.103962 0.636852 -23.986973 nan nan nan -12.440844 -11.201654 -4.317901 0.286087 -14.144965 11.537216 8.990227 2.055011 -5.354316 nan nan nan -4.493104 3.497316 8.850270 7.803731 -5.968587 7.275236 3.802595 1.442822 -2.297422 2.136448 -13.751166 7.505571 7.678870 -27.259984 11.653365 -5.381925 -14.628867 -0.512786 -79.641666 -39.771566 32.796647 172.488089 -79.612209 -142.729425 18.424242 -32.239925 -41.891804 16.928390 7.139723 2.741541 56.774153 12.041173 -1.921609 -75.056445 48.169992 -58.165104 5.236918 21.486018 -24.195126 
-16.583120 -3.598746 93.676559 -126.648583 3.706784 83.022818 14.318666 6.810525 2.631249 0.110330 7.283930 25.206152 -2.103807 0.661837 -23.958282 nan nan nan -12.385259 -11.213793 -4.369314 0.313647 -14.118852 11.516388 8.958377 2.065467 -5.366184 nan nan nan -4.554026 3.607944 8.759152 7.874823 -5.909436 7.267437 3.857338 1.345367 -2.267531 2.155665 -13.808072 7.426877 7.631595 -27.313611 11.627507 -5.436390 -14.681933 -0.472154 -79.629808 -39.795751 32.855843 172.524533 -79.591774 -142.743080 18.482790 -32.151744 -41.806565 16.983398 7.064266 2.634622 56.733011 11.974214 -1.861900 -75.039700 48.218490 -58.164764 5.274923 21.457837 -24.187537 
-16.539644 -3.575485 93.660255 -126.709887 3.658332 83.180251 14.282364 6.907187 2.490448 0.114788 7.350032 25.162683 -1.980024 0.640353 -23.911827 nan nan nan -12.411095 -11.276039 -4.623217 0.350757 -14.070935 11.617688 8.867783 2.201091 -5.338876 nan nan nan -4.570124 3.485263 8.658940 7.779038 -5.955084 7.123064 3.752814 1.488990 -2.204090 2.168486 -13.738384 7.457711 7.737015 -27.300438 11.577266 -5.336438 -14.503467 -0.523950 -79.554852 -39.751299 32.779740 173.182893 -79.531020 -143.410047 18.343835 -32.185880 -41.849560 17.074941 7.009750 2.691121 56.912577 12.069677 -1.787617 -75.036535 48.252283 -58.092902 5.327412 21.451944 -23.986066 
-16.525688 -3.568752 93.657692 -126.680088 3.698129 83.222550 14.341537 6.929711 2.429892 0.096744 7.358849 25.162093 -1.937546 0.622106 -23.956167 nan nan nan -12.367622 -11.341941 -4.661563 0.388079 -13.987309 11.637439 8.851384 2.155148 -5.315232 nan nan nan -4.611791 3.688058 8.518269 7.864725 -5.860452 7.195291 3.846550 1.274136 -2.158188 2.253970 -13.806675 7.275106 7.718638 -27.341883 11.505459 -5.382334 -14.578681 -0.484851 -79.548009 -39.880491 32.765655 173.163047 -79.548609 -143.404738 18.225093 -32.269838 -41.780188 17.044001 6.921279 2.574849 56.873539 11.999605 -1.763943 -75.016756 48.284510 -58.131806 5.434862 21.470095 -24.090565 
-16.537788 -3.557322 93.660454 -126.625825 3.735568 83.190986 14.388619 6.955420 2.474504 0.105115 7.293575 25.107913 -1.939520 0.646350 -23.980370 nan nan nan -12.298546 -11.350105 -4.565119 0.350247 -13.818404 11.603916 8.778374 2.038182 -5.376476 nan nan nan -4.643688 3.761489 8.484010 7.925149 -5.828911 7.224035 3.909701 1.162951 -2.120382 2.282128 -13.794929 7.169853 7.676986 -27.394692 11.575277 -5.439351 -14.653076 -0.426542 -79.483331 -39.938457 32.689626 173.184159 -79.494814 -143.329492 18.039073 -32.345746 -41.706752 17.029685 6.913412 2.535643 56.863469 11.918601 -1.774137 -74.984794 48.323605 -58.173356 5.472036 21.530714 -24.416985 
-16.537243 -3.558578 93.654243 -126.611777 3.732640 83.167955 14.386697 6.930880 2.511989 0.112857 7.298018 25.062892 -1.913925 0.676180 -23.949612 nan nan nan -12.257127 -11.318843 -4.516040 0.300732 -13.718258 11.565296 8.687224 1.911386 -5.469380 nan nan nan -4.677431 3.757282 8.483977 7.938495 -5.820848 7.282796 3.915224 1.145542 -2.142572 2.300699 -13.704864 7.061226 7.615184 -27.473526 11.759055 -5.440377 -14.633847 -0.443092 -79.465764 -39.948613 32.680883 173.178284 -79.449071 -143.249273 17.778868 -32.383143 -41.655052 17.049187 6.913907 2.525179 56.906383 11.927839 -1.745203 -74.908027 48.314831 -58.080878 5.703364 21.604537 -24.526918 
-16.521254 -3.559137 93.634148 -126.610049 3.727671 83.186872 14.390437 6.853183 2.513639 0.090621 7.387627 25.008095 -1.795118 0.705647 -23.913648 nan nan nan -12.224651 -11.283879 -4.532374 0.295438 -13.649483 11.529880 8.565975 1.742315 -5.488745 nan nan nan -4.737186 3.736834 8.443516 7.965694 -5.799994 7.401930 3.908674 1.132175 -2.203146 2.330489 -13.620321 6.830013 7.482173 -27.559098 12.033138 -5.387151 -14.511546 -0.545171 -79.559685 -39.975965 32.788657 173.179860 -79.466281 -143.190939 17.543100 -32.418965 -41.656911 16.995262 6.883034 2.457604 57.097721 11.995231 -1.547495 -74.876121 48.198159 -57.921051 6.318752 21.592800 -24.550187 
-16.505928 -3.551386 93.633194 -126.620766 3.720031 83.180006 14.384906 6.838832 2.563118 0.125394 7.503309 24.927975 -1.788884 0.681498 -23.872559 nan nan nan -12.226277 -11.316669 -4.533124 0.321007 -13.711875 11.496109 8.568820 1.739409 -5.460102 nan nan nan -4.772939 3.767409 8.427328 7.961881 -5.780365 7.511300 3.898984 1.115343 -2.293488 2.374230 -13.577137 6.735460 7.448979 -27.617292 12.130064 -5.399839 -14.465664 -0.582399 -79.563956 -39.996299 32.842524 173.141755 -79.510672 -143.136170 17.426435 -32.502926 -41.551167 17.048580 6.852249 2.417556 57.167215 11.978272 -1.440703 -74.816204 48.165464 -57.869508 6.638883 21.659110 -24.682126 
-16.491835 -3.537254 93.638992 -126.640671 3.701685 83.132438 14.378831 6.888978 2.658277 0.184280 7.600495 24.861003 -1.819383 0.634505 -23.874825 nan nan nan -12.258386 -11.412581 -4.487399 0.361511 -13.804536 11.434343 8.650699 1.828579 -5.386598 nan nan nan -4.790166 3.860226 8.422251 7.931856 -5.760452 7.646197 3.887602 1.077862 -2.383300 2.429659 -13.542799 6.705541 7.508036 -27.656049 12.166150 -5.402606 -14.491256 -0.607197 -79.533925 -40.016077 32.874808 173.098855 -79.551346 -143.152845 17.462862 -32.534383 -41.383485 17.110054 6.840081 2.393948 57.157292 11.897292 -1.410206 -74.752778 48.202047 -57.968499 6.540199 21.702060 -24.790989 
-16.476994 -3.524862 93.640831 -126.674145 3.669116 83.124431 14.348001 6.878392 2.723459 0.195097 7.687189 24.771159 -1.803595 0.624609 -23.872249 nan nan nan -12.295954 -11.432338 -4.500668 0.411865 -13.874612 11.408576 8.718024 1.880117 -5.363402 nan nan nan -4.839439 3.923744 8.345481 7.916994 -5.752746 7.763400 3.867074 1.053160 -2.420816 2.497825 -13.496867 6.721210 7.512199 -27.691973 12.173490 -5.387868 -14.468885 -0.616460 -79.586139 -40.029304 32.939423 172.887357 -79.582036 -142.978563 17.386841 -32.595956 -41.408251 17.149875 6.830982 2.423932 57.192446 11.907225 -1.349560 -74.704754 48.174893 -57.888168 6.505227 21.642364 -24.707183 
-16.468479 -3.518533 93.633163 -126.755036 3.638052 83.194364 14.314681 6.876051 2.729368 0.182115 7.775181 24.642912 -1.764713 0.655332 -23.854606 nan nan nan -12.290428 -11.404059 -4.638396 0.382949 -13.887391 11.459454 8.803118 1.947794 -5.326656 nan nan nan -4.860643 3.863840 8.239374 7.863812 -5.774124 7.681410 3.791678 1.175957 -2.354624 2.536372 -13.429198 6.829127 7.529235 -27.735214 12.208914 -5.341337 -14.417506 -0.574839 -79.652519 -40.015582 32.974435 172.768915 -79.611761 -142.815893 17.287520 -32.590413 -41.416690 17.224479 6.806671 2.554018 57.238846 11.967307 -1.355896 -74.551164 48.254134 -57.640829 6.368561 21.646862 -24.692953 
-16.446350 -3.525525 93.619362 -126.848071 3.591133 83.256734 14.280190 6.979121 2.715610 0.157971 7.784753 24.540922 -1.745672 0.640275 -23.769886 nan nan nan -12.285922 -11.411801 -4.827648 0.302168 -13.847248 11.590925 8.786659 1.987212 -5.313600 nan nan nan -4.837910 3.620318 8.288306 7.722829 -5.847200 7.441261 3.638132 1.472695 -2.271717 2.520800 -13.343761 6.920824 7.568568 -27.764356 12.386062 -5.241771 -14.222027 -0.598172 -79.755091 -39.904529 33.026573 173.330413 -79.658644 -143.176820 17.670253 -32.361686 -41.807198 17.379034 6.821338 2.771515 57.348413 12.127368 -1.381735 -74.368701 48.356730 -57.430677 5.985530 21.729682 -24.909997 
-16.421898 -3.532164 93.614388 -126.922947 3.581837 83.248432 14.299658 7.083114 2.748294 0.130355 7.776004 24.492476 -1.744051 0.652078 -23.807150 nan nan nan -12.239747 -11.411640 -4.911357 0.215797 -13.755353 11.666015 8.787191 1.979812 -5.356950 nan nan nan -4.874786 3.594061 8.351197 7.713942 -5.796698 7.314526 3.622352 1.524294 -2.225914 2.520711 -13.365492 6.943113 7.521728 -27.799381 12.546901 -5.265709 -14.152176 -0.604237 -79.896530 -39.825824 33.228503 173.901491 -79.744191 -143.712631 18.394008 -31.962905 -42.275716 17.487130 6.839694 2.846484 57.331505 12.163159 -1.314745 -74.237282 48.327595 -57.392362 5.457727 21.721305 -24.957138 
-16.406242 -3.541111 93.612267 -126.966209 3.563342 83.244381 14.273143 7.102546 2.758098 0.094974 7.727458 24.493289 -1.714430 0.725291 -23.818295 nan nan nan -12.224032 -11.389420 -4.970702 0.177271 -13.649402 11.718454 8.771219 1.903329 -5.349628 nan nan nan -4.924192 3.578468 8.375964 7.720400 -5.758470 7.245966 3.605764 1.568537 -2.183302 2.554367 -13.370782 6.944548 7.526833 -27.793743 12.619952 -5.311876 -14.116555 -0.587947 -79.908332 -39.829823 33.344345 174.244327 -79.784737 -143.999656 18.792774 -31.675940 -42.608853 17.588868 6.847784 2.915566 57.275960 12.156347 -1.247092 -74.174787 48.249492 -57.326835 5.336931 21.726768 -24.890021 
-16.398161 -3.557771 93.607048 -126.967801 3.547827 83.293423 14.231633 7.087649 2.719079 0.054922 7.690850 24.456667 -1.675701 0.790693 -23.755773 nan nan nan -12.245726 -11.371419 -5.038760 0.205767 -13.603688 11.754444 8.751536 1.849843 -5.321568 nan nan nan -4.936483 3.574361 8.308444 7.699961 -5.738311 7.246318 3.576222 1.571704 -2.159774 2.593572 -13.384742 6.961686 7.555220 -27.761466 12.602408 -5.321869 -14.101421 -0.581206 -79.955418 -39.882499 33.398900 174.247391 -79.826440 -143.895432 18.807095 -31.594293 -42.632137 17.606335 6.842917 2.949773 57.317128 12.170316 -1.202689 -74.133182 48.233682 -57.257105 5.488999 21.784717 -24.919168 
-16.394957 -3.568900 93.602127 -126.953577 3.547158 83.328181 14.194295 7.071300 2.718433 0.061755 7.695701 24.352158 -1.576743 0.853087 -23.720465 nan nan nan -12.269452 -11.319952 -5.059054 0.251577 -13.504976 11.782205 8.713043 1.856678 -5.340809 nan nan nan -4.914947 3.562301 8.282437 7.668046 -5.715372 7.241959 3.556871 1.546092 -2.161327 2.615919 -13.390515 6.935075 7.509001 -27.751232 12.708222 -5.319710 -14.062323 -0.563267 -80.042720 -39.886311 33.399553 174.406044 -79.882908 -143.982781 18.789101 -31.624170 -42.515753 17.580468 6.862100 2.987547 57.403443 12.194450 -1.178769 -74.063038 48.235218 -57.218596 5.445163 21.850378 -25.047611 
-16.392059 -3.584102 93.595795 -126.944009 3.559185 83.297620 14.179983 7.035688 2.789421 0.114415 7.773147 24.231815 -1.480658 0.897848 -23.720889 nan nan nan -12.253301 -11.273585 -5.020860 0.237765 -13.524962 11.759680 8.724981 1.826889 -5.358914 nan nan nan -4.943545 3.684086 8.299877 7.714151 -5.630879 7.348177 3.623881 1.419664 -2.282254 2.591523 -13.451942 6.915936 7.398406 -27.771205 12.816681 -5.325332 -14.119174 -0.523943 -80.138728 -39.938052 33.461251 174.105985 -79.961535 -143.788970 18.779605 -31.693059 -42.525177 17.497727 6.858945 2.952656 57.439321 12.121706 -1.102059 -74.044711 48.184307 -57.337495 5.500303 21.863029 -25.055133 
-16.398962 -3.619211 93.580101 -126.906159 3.581220 83.274348 14.146773 6.955318 2.822088 0.187593 7.812875 24.152112 -1.424150 0.958790 -23.695331 nan nan nan -12.215596 -11.262757 -5.001596 0.182777 -13.660300 11.693107 8.758897 1.709877 -5.366930 nan nan nan -5.027109 3.978406 8.223298 7.852359 -5.434092 7.394775 3.807865 1.078064 -2.199981 2.544852 -13.587566 6.808508 7.278394 -27.776807 12.880712 -5.395927 -14.287448 -0.493168 -80.301187 -40.105949 33.661417 173.161237 -80.071351 -143.136387 18.626209 -31.796999 -42.298545 17.349157 6.769041 2.776330 57.341621 12.053843 -1.011893 -73.953037 48.170310 -57.630617 5.754280 21.836436 -24.934027 
-16.387798 -3.672747 93.563774 -126.931335 3.592762 83.086582 14.123854 6.650253 3.087527 0.143921 7.927609 23.965638 -1.420561 1.145292 -23.684109 nan nan nan -12.242329 -11.093286 -4.812566 0.195100 -13.747015 11.620509 8.737789 1.610461 -5.381456 nan nan nan -5.215952 4.565894 7.510695 8.127229 -5.319669 8.798644 3.993693 0.608903 -2.279431 2.845195 -13.462658 6.197141 7.021125 -28.129595 12.833826 -5.416157 -14.848387 -0.704349 -80.302754 -40.406792 33.870964 170.120666 -80.126892 -140.538924 18.168613 -31.978407 -41.522524 17.141398 6.896073 2.253174 57.189870 12.080067 -0.918084 -73.962236 47.898076 -57.993499 6.124292 21.776867 -24.534415 
-16.383156 -3.711212 93.554497 -126.979116 3.571257 83.003880 14.063859 6.474001 3.214534 0.100857 8.012576 23.868880 -1.465583 1.286315 -23.651565 nan nan nan -12.279297 -11.004035 -4.743540 0.203359 -13.706760 11.583523 8.731450 1.553758 -5.371531 nan nan nan -5.273955 4.779089 7.222497 8.204364 -5.257795 9.390132 4.053294 0.408252 -2.316070 2.944072 -13.404009 5.929525 6.884710 -28.207794 12.836425 -5.459640 -15.001342 -0.814660 -80.342494 -40.479224 33.960125 169.027919 -80.138852 -139.568586 18.080344 -32.065961 -41.301245 17.080771 6.959474 2.030444 57.157313 12.115822 -0.804802 -73.931956 47.764792 -57.990720 6.258439 21.764898 -24.252792 
-16.382231 -3.738495 93.550621 -126.992679 3.550350 82.985664 14.008023 6.437226 3.217671 0.124657 8.047933 23.870586 -1.502741 1.309160 -23.641356 nan nan nan -12.298483 -11.059813 -4.767097 0.175021 -13.650365 11.622819 8.757189 1.574579 -5.376505 nan nan nan -5.287645 4.831113 7.139854 8.217653 -5.242939 9.559899 4.086317 0.355569 -2.350025 2.911844 -13.460319 5.942273 6.834737 -28.149972 12.746156 -5.506438 -15.044066 -0.828597 -80.363032 -40.439672 33.950838 168.695276 -80.127254 -139.133298 18.161598 -32.036215 -41.242897 17.043632 7.000928 1.973130 57.168007 12.084196 -0.761351 -73.959073 47.742253 -58.002898 6.347714 21.681190 -24.219319 
-16.381842 -3.746612 93.544243 -127.008807 3.542545 82.985377 14.016671 6.482073 3.174685 0.128268 8.055712 23.945463 -1.498704 1.279298 -23.608133 nan nan nan -12.324641 -11.176836 -4.787325 0.216924 -13.609177 11.644096 8.761630 1.633325 -5.408042 nan nan nan -5.297149 4.901760 7.003133 8.232823 -5.245021 9.725012 4.089246 0.333894 -2.367314 2.921677 -13.486627 5.944468 6.748523 -28.188341 12.764218 -5.506326 -15.094490 -0.779244 -80.436631 -40.446994 33.954198 168.346093 -80.118380 -138.579500 18.344050 -32.038232 -41.356803 17.027677 7.013296 2.000883 57.164282 12.065104 -0.813763 -73.995968 47.729803 -57.966748 6.549360 21.810845 -24.411380 
-16.370356 -3.759181 93.541710 -127.015281 3.542306 83.005431 14.013789 6.473854 3.125826 0.107844 8.026251 23.953528 -1.548202 1.285448 -23.569623 nan nan nan -12.339447 -11.175632 -4.808440 0.275311 -13.601908 11.619981 8.784994 1.643359 -5.376006 nan nan nan -5.310205 4.912332 6.906809 8.253519 -5.250496 9.822758 4.088798 0.316922 -2.350757 2.911618 -13.478968 5.922276 6.685336 -28.185496 12.734086 -5.543008 -15.071332 -0.770989 -80.453228 -40.436646 33.978420 168.178633 -80.083129 -138.335789 18.482696 -32.027715 -41.546040 17.037830 6.992612 1.976437 57.124595 12.084650 -0.781836 -73.962484 47.750277 -57.868763 6.701149 21.899232 -24.406567 
-16.360369 -3.782940 93.540604 -127.003429 3.546420 83.022672 13.992683 6.426419 3.098794 0.116115 8.019546 23.910340 -1.561431 1.311604 -23.524446 nan nan nan -12.340860 -11.084743 -4.827496 0.300011 -13.564881 11.626381 8.761220 1.585612 -5.366698 nan nan nan -5.315381 4.923901 6.828873 8.267840 -5.246810 9.920924 4.085551 0.288521 -2.355080 2.926713 -13.473891 5.906571 6.671436 -28.177712 12.675874 -5.557847 -15.078175 -0.759618 -80.479883 -40.452756 34.020651 167.867139 -80.066866 -138.041721 18.408649 -32.010055 -41.538548 17.067647 6.974003 1.942707 57.085286 12.119840 -0.753562 -73.895273 47.705661 -57.800277 6.974188 21.896209 -24.222261 
-16.362495 -3.791542 93.540535 -127.014005 3.529701 82.962039 13.992545 6.439298 3.182433 0.098443 8.011650 23.873933 -1.573601 1.322972 -23.528277 nan nan nan -12.350093 -11.029943 -4.748950 0.256388 -13.419867 11.653187 8.684611 1.539880 -5.403558 nan nan nan -5.348087 4.947577 6.873808 8.286108 -5.237375 9.937553 4.077811 0.296151 -2.362492 2.984978 -13.418149 5.851887 6.585408 -28.236053 12.824398 -5.543174 -15.100561 -0.767205 -80.495112 -40.454513 34.058580 167.733803 -80.101671 -137.859997 18.526490 -31.977127 -41.599463 17.099301 6.951478 1.849309 57.126150 12.076811 -0.710311 -73.903597 47.662970 -57.669893 7.126360 21.827696 -24.132882 
-16.360962 -3.801896 93.541565 -127.002818 3.499066 82.929364 13.981789 6.482108 3.208588 0.097514 8.022817 23.868545 -1.473462 1.327476 -23.541477 nan nan nan -12.352343 -10.980683 -4.695391 0.203231 -13.311719 11.627319 8.572948 1.452960 -5.451519 nan nan nan -5.402750 4.947343 6.960701 8.303415 -5.218553 9.838628 4.088642 0.299350 -2.336829 3.052287 -13.374012 5.816255 6.519267 -28.294193 12.917978 -5.522435 -15.071175 -0.745745 -80.545480 -40.431269 34.102417 167.968470 -80.144175 -137.955844 18.879306 -31.875813 -41.798664 17.102823 6.948852 1.817567 57.289932 12.061289 -0.580850 -73.935241 47.610592 -57.567171 6.591542 21.730019 -24.445878 
-16.350363 -3.816597 93.543152 -126.988667 3.480004 82.944303 13.955760 6.519090 3.151235 0.162143 8.044398 23.917014 -1.306597 1.292202 -23.559465 nan nan nan -12.351578 -10.995309 -4.723471 0.162843 -13.403074 11.591507 8.542709 1.427663 -5.407619 nan nan nan -5.427439 4.943435 6.991562 8.300370 -5.195826 9.737277 4.117143 0.303094 -2.284938 3.068600 -13.368927 5.857457 6.522775 -28.299606 12.851271 -5.509243 -15.042448 -0.700705 -80.639229 -40.406118 34.146175 168.002477 -80.151187 -138.021009 18.994347 -31.818857 -41.859609 17.092306 6.959816 1.849375 57.424916 12.060084 -0.455007 -73.893209 47.652255 -57.651989 5.895957 21.783201 -24.954981 
-16.349113 -3.838405 93.535500 -126.999576 3.423319 82.969611 13.870886 6.532592 3.117205 0.234822 8.087827 23.886782 -1.072350 1.258497 -23.566676 nan nan nan -12.458277 -11.085152 -4.799884 0.201861 -13.533675 11.609069 8.630131 1.486743 -5.383944 nan nan nan -5.447806 4.981491 6.935583 8.263500 -5.180143 9.756196 4.113481 0.299630 -2.268516 3.058307 -13.411488 5.885442 6.552621 -28.299010 12.785967 -5.453165 -15.053219 -0.661052 -80.654143 -40.423217 34.149959 167.819976 -80.071607 -138.064055 18.812199 -31.870143 -41.893826 17.071555 6.937760 1.835381 57.447626 12.011044 -0.412460 -73.848363 47.631426 -57.711335 6.183984 21.902764 -24.637312 
-16.354704 -3.856059 93.535828 -126.984383 3.411601 82.931392 13.855484 6.527533 3.180006 0.211509 8.081700 23.812682 -1.114489 1.244919 -23.521808 nan nan nan -12.541433 -11.163298 -4.750167 0.268953 -13.570900 11.592388 8.742803 1.598561 -5.368592 nan nan nan -5.413894 5.020344 6.974231 8.240939 -5.182905 9.784556 4.108097 0.286552 -2.308441 3.007029 -13.449964 5.928203 6.597170 -28.271119 12.766326 -5.432807 -15.091482 -0.675900 -80.600690 -40.393763 34.163415 167.490938 -80.010596 -137.955579 18.680221 -31.894099 -41.988432 17.088780 6.925349 1.836808 57.337289 11.935097 -0.497277 -73.842864 47.594480 -57.853022 6.884584 21.996822 -24.225763 
-16.355915 -3.878453 93.539696 -126.988380 3.412158 82.903090 13.825395 6.505956 3.258968 0.173226 8.054528 23.710755 -1.289808 1.286697 -23.514453 nan nan nan -12.570130 -11.196586 -4.729251 0.278184 -13.643869 11.602818 8.875402 1.705777 -5.344814 nan nan nan -5.386175 5.041405 7.039126 8.234771 -5.173062 9.773928 4.116733 0.276356 -2.352107 2.982736 -13.449407 5.949917 6.608517 -28.277849 12.772506 -5.435030 -15.044168 -0.756717 -80.655105 -40.325300 34.241686 167.411448 -80.009784 -137.971742 18.562104 -31.966027 -42.017638 17.114137 6.891864 1.791110 57.265987 11.878840 -0.526482 -73.764839 47.614886 -57.925381 7.291029 22.114761 -24.053215 
-16.359289 -3.903665 93.545601 -127.015769 3.419746 82.893878 13.811008 6.451584 3.306235 0.144815 8.105928 23.661815 -1.429589 1.318558 -23.498667 nan nan nan -12.524864 -11.164091 -4.719645 0.241216 -13.618154 11.551812 8.884086 1.640755 -5.308613 nan nan nan -5.384912 5.044436 7.002835 8.257661 -5.165828 9.809639 4.121626 0.283705 -2.326544 2.940624 -13.485620 5.928680 6.588874 -28.286146 12.819228 -5.455125 -14.998767 -0.808413 -80.732109 -40.299914 34.306222 167.319217 -80.002492 -137.884824 18.309631 -31.994749 -41.846158 17.135813 6.895331 1.783043 57.216936 11.878954 -0.531409 -73.838645 47.583995 -57.937855 7.842030 22.032310 -23.907675 
-16.364769 -3.917437 93.545868 -127.017816 3.414019 82.863690 13.787476 6.415594 3.367744 0.136582 8.089219 23.602209 -1.445256 1.354286 -23.470508 nan nan nan -12.506669 -11.121097 -4.678679 0.219984 -13.529392 11.504590 8.865212 1.544267 -5.269582 nan nan nan -5.402300 5.024531 7.003200 8.279733 -5.161706 9.854770 4.129843 0.286251 -2.328883 2.928671 -13.510950 5.869518 6.541011 -28.274895 12.868188 -5.502086 -14.981703 -0.822374 -80.684255 -40.278514 34.293289 167.452929 -79.998229 -137.911346 18.261661 -31.983810 -41.722087 17.163609 6.960258 1.797260 57.165496 11.874893 -0.524203 -73.834740 47.516096 -57.885806 8.035626 22.007905 -23.862838 
-16.374895 -3.926590 93.547333 -127.006821 3.405256 82.802211 13.791722 6.459493 3.464792 0.132516 8.061135 23.546893 -1.478923 1.312288 -23.441464 nan nan nan -12.534746 -11.110830 -4.598922 0.206184 -13.412362 11.534727 8.833922 1.549645 -5.275940 nan nan nan -5.402952 5.018397 7.037930 8.298025 -5.166958 9.894199 4.134420 0.273639 -2.339051 2.923073 -13.488223 5.856760 6.496876 -28.276162 12.877852 -5.509047 -14.995651 -0.830576 -80.581714 -40.249454 34.216733 167.711017 -79.954779 -138.019399 18.350930 -32.016104 -41.733390 17.161752 7.011885 1.792536 57.158799 11.857180 -0.545816 -73.798382 47.497218 -57.778742 8.046708 21.990926 -23.872873 
-16.375114 -3.939821 93.558937 -126.979734 3.401109 82.823720 13.787176 6.503795 3.457872 0.121396 8.043356 23.498141 -1.507786 1.267355 -23.463603 nan nan nan -12.539753 -11.108653 -4.597087 0.179828 -13.314450 11.576703 8.819092 1.588828 -5.290510 nan nan nan -5.413347 5.033438 7.008169 8.312400 -5.173725 9.813316 4.139187 0.234418 -2.267212 2.931908 -13.471552 5.931537 6.524390 -28.267974 12.794748 -5.509503 -14.986153 -0.813979 -80.534860 -40.254930 34.171788 167.946947 -79.924799 -138.236977 18.211007 -32.027373 -41.682445 17.169132 6.959733 1.767041 57.122466 11.843391 -0.592910 -73.718838 47.569900 -57.646112 8.289281 21.954804 -23.734961 
-16.362906 -3.947548 93.573639 -126.952273 3.414911 82.874353 13.801911 6.510447 3.408324 0.105333 8.077575 23.466574 -1.436854 1.251896 -23.486450 nan nan nan -12.510800 -11.111879 -4.640355 0.175257 -13.335487 11.553803 8.830462 1.532326 -5.220978 nan nan nan -5.451012 5.091958 6.942642 8.351783 -5.138564 9.761420 4.193188 0.164011 -2.220457 2.917661 -13.536513 5.978533 6.605476 -28.210699 12.688696 -5.565392 -14.985747 -0.780581 -80.526358 -40.306656 34.159827 168.017713 -79.937150 -138.413821 17.908087 -32.107261 -41.517060 17.200854 6.910559 1.784930 57.044056 11.816174 -0.609561 -73.729860 47.558492 -57.747466 8.523493 21.876873 -23.606123 
-16.354055 -3.963065 93.574348 -126.927485 3.392088 82.901107 13.777188 6.536207 3.383826 0.056744 7.998153 23.431275 -1.376474 1.273253 -23.489953 nan nan nan -12.525126 -11.169393 -4.703214 0.163191 -13.421663 11.539298 8.841899 1.495359 -5.205172 nan nan nan -5.497415 5.141635 6.969320 8.358417 -5.100019 9.656312 4.236686 0.129516 -2.212536 2.886918 -13.602687 5.966769 6.687821 -28.190777 12.694071 -5.566456 -15.031785 -0.793543 -80.426851 -40.328756 34.125688 168.201902 -79.944326 -138.723305 17.912118 -32.068248 -41.444166 17.161680 6.906346 1.770497 57.065996 11.705998 -0.615248 -73.693765 47.545498 -57.811079 8.441442 21.876588 -23.484388 
-16.351612 -3.970304 93.572517 -126.904227 3.377333 82.888311 13.777468 6.566850 3.398235 0.030206 7.927572 23.419549 -1.370110 1.249366 -23.520616 nan nan nan -12.548903 -11.217069 -4.687164 0.162032 -13.539723 11.512999 8.817514 1.486267 -5.229756 nan nan nan -5.524538 5.130402 7.002804 8.348298 -5.117315 9.627347 4.259894 0.128504 -2.214916 2.870183 -13.573018 6.013202 6.713795 -28.168562 12.658621 -5.561570 -15.034941 -0.809824 -80.319521 -40.314527 34.055404 168.548709 -79.923765 -139.101895 18.050617 -31.970391 -41.546618 17.133820 6.951908 1.805341 57.208215 11.725554 -0.547403 -73.676912 47.538038 -57.900177 7.762648 21.837692 -23.832590 
-16.365177 -3.977192 93.567772 -126.911437 3.369984 82.865336 13.769539 6.599184 3.445328 0.067302 7.981755 23.383682 -1.357747 1.232003 -23.534159 nan nan nan -12.572450 -11.209543 -4.655481 0.148252 -13.655166 11.513499 8.800802 1.544320 -5.245417 nan nan nan -5.552692 5.099650 7.002594 8.345248 -5.139052 9.629168 4.269130 0.143915 -2.197345 2.914753 -13.468426 6.064001 6.713790 -28.244585 12.642440 -5.530747 -14.988417 -0.811115 -80.309679 -40.312481 34.023191 168.740773 -79.920321 -139.248015 18.110775 -31.955046 -41.681206 17.163791 7.003494 1.908775 57.335765 11.820803 -0.399802 -73.653504 47.561882 -57.956266 6.666540 21.754290 -24.651215 
-16.381489 -3.991575 93.563766 -126.907724 3.361549 82.864164 13.728899 6.563250 3.485747 0.118841 8.044544 23.302181 -1.338032 1.215034 -23.535266 nan nan nan -12.566897 -11.127457 -4.631928 0.110180 -13.692329 11.472046 8.827433 1.551744 -5.263183 nan nan nan -5.565630 5.059331 6.992850 8.341948 -5.159168 9.649737 4.259257 0.165189 -2.219598 2.967099 -13.397077 6.109514 6.737879 -28.333293 12.606609 -5.506153 -14.953339 -0.796731 -80.297427 -40.313427 34.031648 168.691085 -79.894622 -139.182490 18.059900 -31.969984 -41.790266 17.220947 7.058665 2.019270 57.361629 11.863191 -0.293711 -73.635845 47.533281 -57.928170 5.940655 21.746458 -25.131465 
-16.386869 -4.004076 93.563759 -126.901639 3.351661 82.869562 13.703033 6.538537 3.497026 0.119376 8.052394 23.253130 -1.327451 1.236574 -23.517584 nan nan nan -12.571177 -11.090656 -4.637074 0.099162 -13.682338 11.455251 8.849283 1.522195 -5.261440 nan nan nan -5.571521 5.056951 7.000203 8.347994 -5.149598 9.619451 4.259642 0.162184 -2.207762 2.981365 -13.375946 6.097741 6.739927 -28.347070 12.607502 -5.500082 -14.942534 -0.786416 -80.285850 -40.328927 34.054703 168.713028 -79.900440 -139.194678 18.102119 -31.971019 -41.855320 17.244782 7.040703 2.022907 57.341819 11.857705 -0.264209 -73.602786 47.531100 -57.865129 5.848109 21.743975 -25.162242 
-16.385254 -4.016237 93.568954 -126.867385 3.320000 82.905154 13.635834 6.464735 3.482112 0.111174 8.058246 23.129323 -1.225855 1.352719 -23.431768 nan nan nan -12.597606 -10.990601 -4.665337 0.106947 -13.692196 11.416200 8.917717 1.416767 -5.265064 nan nan nan -5.647152 5.065349 7.042599 8.377738 -5.102271 9.455366 4.278344 0.132510 -2.126729 3.016996 -13.366389 6.095038 6.764532 -28.352509 12.547779 -5.506034 -14.909573 -0.696591 -80.265272 -40.430323 34.128912 168.723336 -79.922660 -139.159204 18.289813 -31.974489 -42.026475 17.283070 6.922231 1.961816 57.310352 11.866065 -0.187789 -73.411570 47.526248 -57.635492 5.712960 21.802116 -25.241044 
-16.375986 -4.024831 93.572647 -126.838673 3.302545 82.903754 13.613595 6.463129 3.469040 0.139885 8.041705 23.103531 -1.091706 1.352486 -23.423121 nan nan nan -12.614138 -11.020746 -4.682336 0.083035 -13.686836 11.439606 8.921085 1.393432 -5.264992 nan nan nan -5.680468 5.053945 7.092636 8.377815 -5.102579 9.392250 4.293689 0.137017 -2.113564 2.983813 -13.385146 6.210888 6.843846 -28.305586 12.378534 -5.544915 -14.860910 -0.638436 -80.179335 -40.498104 34.070249 169.032749 -79.930497 -139.529558 18.296305 -31.953999 -42.124193 17.292626 6.881747 1.962485 57.311569 11.894596 -0.193510 -73.308313 47.533439 -57.600082 5.683031 21.864089 -25.278887 
-16.369602 -4.033506 93.569260 -126.834593 3.327295 82.911463 13.642930 6.493125 3.483561 0.147426 8.045418 23.030184 -1.098438 1.282452 -23.357842 nan nan nan -12.571955 -11.089398 -4.730752 0.046903 -13.651336 11.500296 8.878153 1.407182 -5.252118 nan nan nan -5.662480 5.029684 7.101833 8.380369 -5.105631 9.352623 4.298645 0.128032 -2.097298 2.961698 -13.335379 6.226087 6.850188 -28.283386 12.412024 -5.551526 -14.788987 -0.687920 -80.132156 -40.489343 34.024304 169.433104 -79.941229 -139.959217 18.336484 -31.931894 -42.245272 17.257816 6.897421 2.010315 57.366845 11.936339 -0.192544 -73.275484 47.525616 -57.632495 5.523140 21.877220 -25.342103 
-16.380817 -4.040141 93.559502 -126.828418 3.321978 82.914131 13.625271 6.547907 3.533300 0.129673 7.996014 22.947715 -1.196013 1.260023 -23.313498 nan nan nan -12.594728 -11.176459 -4.741978 0.036010 -13.678840 11.535632 8.885987 1.523017 -5.253520 nan nan nan -5.647885 4.980663 7.113996 8.363110 -5.121634 9.288410 4.282017 0.145092 -2.049968 2.954492 -13.294766 6.185869 6.831258 -28.335078 12.498108 -5.485861 -14.709003 -0.757955 -80.227909 -40.431834 34.037016 169.607548 -79.949676 -139.988321 18.327544 -31.889238 -42.259851 17.248083 6.889736 2.028495 57.439311 12.000442 -0.242077 -73.207355 47.534633 -57.466091 5.562559 21.889108 -25.356965 
-16.416328 -4.046463 93.549271 -126.810536 3.297205 82.914026 13.572168 6.581558 3.606482 0.110947 7.876387 22.836740 -1.307977 1.286319 -23.270420 nan nan nan -12.647083 -11.262358 -4.708623 0.018751 -13.593656 11.563099 8.870997 1.626384 -5.266951 nan nan nan -5.623981 4.946119 7.053146 8.330005 -5.156787 9.303446 4.238965 0.176729 -1.999134 2.989551 -13.275482 6.151208 6.828131 -28.375252 12.529497 -5.385762 -14.677332 -0.794957 -80.352616 -40.402121 34.026422 169.727997 -79.933862 -139.855592 18.268163 -31.888131 -42.382718 17.229804 6.858638 1.997615 57.527917 12.024393 -0.323580 -73.243388 47.499538 -57.169149 5.994284 21.895799 -25.234101 
-16.416241 -4.042543 93.554863 -126.797825 3.308063 82.915796 13.594312 6.578550 3.620506 0.091303 7.858274 22.790924 -1.338451 1.316606 -23.243292 nan nan nan -12.621639 -11.236392 -4.668295 0.011006 -13.402912 11.564561 8.826298 1.555871 -5.297555 nan nan nan -5.635190 4.974908 7.021968 8.349962 -5.164228 9.328378 4.240188 0.173818 -1.990950 2.996405 -13.293782 6.155698 6.791713 -28.345609 12.523445 -5.326853 -14.717255 -0.782287 -80.353060 -40.432243 34.022817 169.632630 -79.897701 -139.673200 18.407307 -31.831065 -42.411669 17.247428 6.830640 1.935213 57.483695 11.960557 -0.357514 -73.372655 47.437707 -57.087808 6.578564 21.830721 -24.809163 
-16.406618 -4.037392 93.563446 -126.777339 3.314685 82.949130 13.607383 6.533455 3.570192 0.073350 7.888633 22.801236 -1.342196 1.345913 -23.207858 nan nan nan -12.579306 -11.183875 -4.686080 0.009251 -13.338828 11.533266 8.822737 1.411651 -5.320608 nan nan nan -5.672310 4.994590 6.943879 8.376856 -5.169128 9.397234 4.250680 0.178182 -2.019370 2.973075 -13.291366 6.215899 6.831805 -28.323739 12.460231 -5.317730 -14.707570 -0.784602 -80.279966 -40.497578 34.034830 169.780359 -79.905064 -139.883018 18.557084 -31.728308 -42.402508 17.262900 6.780479 1.942971 57.412916 11.927367 -0.355521 -73.359134 47.482430 -57.177897 6.650667 21.802405 -24.691038 
-16.421835 -4.026000 93.574516 -126.764847 3.290857 82.911237 13.579635 6.502645 3.635181 0.068037 7.896917 22.773246 -1.387313 1.302594 -23.224413 nan nan nan -12.608445 -11.144837 -4.601133 0.017756 -13.461225 11.415126 8.865508 1.362721 -5.282235 nan nan nan -5.693608 5.025171 6.911826 8.362773 -5.188407 9.494798 4.248619 0.190364 -2.088936 2.956237 -13.275825 6.352468 6.911291 -28.326871 12.333880 -5.329852 -14.793877 -0.733217 -80.169949 -40.492843 33.964487 169.382943 -79.870097 -139.480837 18.565551 -31.737640 -42.509200 17.274979 6.795319 1.967116 57.424060 11.849028 -0.358887 -73.317330 47.508574 -57.204937 6.370222 21.731501 -24.961987 
-16.442514 -4.025513 93.572594 -126.775916 3.258367 82.902653 13.535616 6.496397 3.676003 0.076660 7.935222 22.730475 -1.361003 1.283593 -23.250373 nan nan nan -12.656950 -11.144103 -4.602901 0.008533 -13.558191 11.415320 8.866711 1.361492 -5.288079 nan nan nan -5.697769 5.054924 6.849215 8.335918 -5.199926 9.562834 4.220710 0.207633 -2.087794 2.954197 -13.239351 6.357474 6.952530 -28.378406 12.309318 -5.328167 -14.858703 -0.731091 -80.180204 -40.467811 33.929563 169.040159 -79.836355 -139.044959 18.422571 -31.782353 -42.388003 17.313824 6.789608 1.941809 57.426209 11.809216 -0.434512 -73.348618 47.434975 -57.070526 6.570109 21.625747 -24.698311 
-16.457088 -4.027047 93.562279 -126.797701 3.253614 82.915968 13.527745 6.533748 3.684550 0.098112 7.945431 22.702530 -1.283554 1.292141 -23.270674 nan nan nan -12.651003 -11.147079 -4.668843 -0.039776 -13.555584 11.509483 8.831894 1.327328 -5.333781 nan nan nan -5.677304 5.024805 6.854667 8.314896 -5.161656 9.488697 4.204538 0.203043 -2.024117 2.936553 -13.189509 6.262600 6.911483 -28.421215 12.402884 -5.289117 -14.775465 -0.764504 -80.317041 -40.451015 34.013407 169.149439 -79.851296 -139.066556 18.593325 -31.733469 -42.385383 17.280949 6.767139 1.947686 57.528438 11.829963 -0.339351 -73.259043 47.480728 -57.099361 6.051920 21.657001 -25.271625 
-16.483183 -4.027607 93.557228 -126.780950 3.267215 82.885935 13.532797 6.521528 3.749462 0.111279 7.937237 22.660628 -1.272034 1.282423 -23.251556 nan nan nan -12.642290 -11.134765 -4.631100 -0.065617 -13.492120 11.533511 8.842438 1.274816 -5.349120 nan nan nan -5.663456 5.006068 6.880831 8.342701 -5.155257 9.488005 4.224969 0.180362 -2.035185 2.911639 -13.203930 6.239111 6.840919 -28.366374 12.415016 -5.318431 -14.734736 -0.788704 -80.407817 -40.404660 34.041789 169.123339 -79.840621 -138.939816 18.616058 -31.716701 -42.351673 17.251717 6.805847 1.973787 57.558065 11.829460 -0.341279 -73.355333 47.351533 -56.978487 6.163950 21.561391 -24.955264 
-16.509853 -4.033243 93.551895 -126.738891 3.275479 82.844199 13.523678 6.503895 3.798470 0.143543 7.916792 22.662288 -1.297835 1.254394 -23.254271 nan nan nan -12.642715 -11.144588 -4.559079 -0.105742 -13.488886 11.527401 8.861099 1.249608 -5.354843 nan nan nan -5.634159 4.992202 6.887926 8.344689 -5.175206 9.549539 4.227868 0.181985 -2.063892 2.916411 -13.238356 6.246019 6.804283 -28.293181 12.353957 -5.362332 -14.747720 -0.814498 -80.413441 -40.372204 34.015235 169.114115 -79.834729 -138.842427 18.525148 -31.726644 -42.265417 17.221358 6.848639 1.982654 57.566054 11.785872 -0.386177 -73.473657 47.248019 -56.910514 6.373027 21.455988 -24.670542 
-16.521505 -4.040630 93.551651 -126.680868 3.261207 82.901607 13.480828 6.437015 3.695796 0.147044 7.921685 22.701892 -1.296135 1.253332 -23.249608 nan nan nan -12.665254 -11.152582 -4.595754 -0.105606 -13.563609 11.526320 8.872366 1.224758 -5.362240 nan nan nan -5.631736 4.966451 6.756529 8.332092 -5.220799 9.618842 4.178592 0.208199 -2.031118 2.918214 -13.205340 6.217477 6.852673 -28.331193 12.330577 -5.384114 -14.756463 -0.822446 -80.349825 -40.401053 34.010477 169.068424 -79.831988 -138.773760 18.417590 -31.788642 -42.151565 17.286957 6.839384 1.975060 57.503659 11.770754 -0.399087 -73.471672 47.232467 -56.939554 6.628491 21.527064 -24.818193 
-16.519409 -4.031445 93.562202 -126.657742 3.245167 82.911753 13.444108 6.400228 3.669763 0.124949 7.862691 22.711827 -1.319859 1.333939 -23.253873 nan nan nan -12.651546 -11.092869 -4.595519 -0.128336 -13.456675 11.531234 8.877102 1.189576 -5.391206 nan nan nan -5.636176 4.982618 6.734614 8.311817 -5.205817 9.579426 4.127445 0.199413 -1.946430 2.933142 -13.126476 6.116443 6.899548 -28.451864 12.424494 -5.401485 -14.761909 -0.833229 -80.268781 -40.467895 34.070604 169.036037 -79.832146 -138.831245 18.511757 -31.805133 -42.119330 17.376119 6.766521 1.912496 57.419065 11.735665 -0.358613 -73.341753 47.315278 -56.985366 6.548926 21.612322 -25.074672 
-16.519165 -4.026653 93.572792 -126.647629 3.251545 82.885497 13.447397 6.405931 3.697983 0.103460 7.787318 22.703656 -1.390239 1.367885 -23.259172 nan nan nan -12.621082 -11.029809 -4.552539 -0.171534 -13.305686 11.558025 8.847939 1.202604 -5.398916 nan nan nan -5.602142 4.993227 6.774513 8.293816 -5.168852 9.508150 4.088686 0.199538 -1.848926 2.957145 -13.042383 6.000372 6.928984 -28.593321 12.488877 -5.386605 -14.769243 -0.828541 -80.284953 -40.545875 34.128084 168.818160 -79.841398 -138.631124 18.584635 -31.868550 -42.090926 17.396145 6.648177 1.805565 57.392039 11.732457 -0.350939 -73.164949 47.456295 -56.876570 6.325314 21.676495 -25.276877 
-16.522837 -4.018073 93.574295 -126.630038 3.268246 82.892767 13.479019 6.423039 3.701645 0.091036 7.743540 22.693245 -1.386182 1.339967 -23.238217 nan nan nan -12.590972 -11.016582 -4.547769 -0.208251 -13.242857 11.597349 8.775024 1.205651 -5.426970 nan nan nan -5.587473 4.949910 6.791161 8.293053 -5.165551 9.470341 4.074849 0.239001 -1.837848 2.942183 -13.029918 5.954468 6.939067 -28.625995 12.541660 -5.363170 -14.712100 -0.849908 -80.384274 -40.526621 34.191051 168.788811 -79.811910 -138.557284 18.506565 -31.841555 -42.216321 17.414362 6.597693 1.757890 57.413450 11.733137 -0.347972 -73.128228 47.465123 -56.750688 6.553269 21.654629 -25.099946 
-16.532324 -4.014706 93.570923 -126.624456 3.280381 82.874604 13.518631 6.455530 3.722149 0.086708 7.735909 22.688566 -1.377404 1.330384 -23.221148 nan nan nan -12.568114 -11.033190 -4.526978 -0.236557 -13.264825 11.600947 8.732759 1.174813 -5.464921 nan nan nan -5.566572 4.890354 6.859169 8.291464 -5.162849 9.419669 4.075777 0.281039 -1.849053 2.865007 -13.046065 5.949859 6.926741 -28.563851 12.571571 -5.378270 -14.673143 -0.890238 -80.376924 -40.487784 34.190494 168.933709 -79.774610 -138.663486 18.526186 -31.745409 -42.182378 17.440996 6.651175 1.772734 57.415541 11.700187 -0.347336 -73.209747 47.430059 -56.814163 6.671141 21.624605 -24.972238 
-16.559313 -4.016025 93.561348 -126.586330 3.275432 82.853872 13.509671 6.415265 3.753024 0.079993 7.766239 22.685875 -1.322590 1.373852 -23.257597 nan nan nan -12.613720 -11.042118 -4.485497 -0.185919 -13.312701 11.584142 8.726627 1.099238 -5.478469 nan nan nan -5.556766 4.873941 6.852753 8.300924 -5.166388 9.446250 4.065344 0.277625 -1.832798 2.846992 -13.083693 5.881802 6.872966 -28.537186 12.631278 -5.367891 -14.645076 -0.927938 -80.442543 -40.492135 34.283354 168.825135 -79.777814 -138.614393 18.706534 -31.706399 -42.228984 17.432835 6.679290 1.777068 57.422746 11.669179 -0.302054 -73.319536 47.323262 -56.938353 6.920927 21.589774 -24.923107 
-16.592674 -4.010187 93.553902 -126.541722 3.239126 82.849426 13.455289 6.333253 3.788076 0.066608 7.790597 22.654897 -1.264312 1.406336 -23.283178 nan nan nan -12.701454 -11.069495 -4.451649 -0.140632 -13.442695 11.544600 8.756205 1.027419 -5.486640 nan nan nan -5.588979 4.877711 6.765615 8.296043 -5.195347 9.567638 4.061643 0.265062 -1.850463 2.847024 -13.062480 5.868187 6.845273 -28.490936 12.635354 -5.334114 -14.627945 -0.923941 -80.533529 -40.494904 34.328301 168.654928 -79.766648 -138.387641 18.820413 -31.690918 -42.280961 17.394642 6.690629 1.788706 57.477031 11.684756 -0.247930 -73.379167 47.178097 -56.934878 6.929443 21.551181 -24.915606 
-16.613541 -3.992829 93.552185 -126.503378 3.209145 82.849826 13.425543 6.296335 3.812575 0.047212 7.804192 22.611122 -1.197132 1.425356 -23.303017 nan nan nan -12.753183 -11.082953 -4.436612 -0.142007 -13.555939 11.549472 8.779252 0.972860 -5.452359 nan nan nan -5.633041 4.905896 6.706506 8.294030 -5.205362 9.641419 4.069156 0.254752 -1.862926 2.837798 -13.043956 5.900730 6.890889 -28.517157 12.527767 -5.305683 -14.640685 -0.914055 -80.545182 -40.536514 34.357736 168.808935 -79.771759 -138.497709 18.991895 -31.622910 -42.401441 17.389129 6.669434 1.785574 57.497385 11.694368 -0.189527 -73.401654 47.113022 -57.011289 6.275780 21.544199 -25.256420 
-16.627651 -3.982470 93.553192 -126.462015 3.184433 82.840777 13.384095 6.272951 3.823779 0.074437 7.816684 22.605554 -1.207919 1.408219 -23.301068 nan nan nan -12.794670 -11.072755 -4.452198 -0.189809 -13.599616 11.667143 8.821771 1.028586 -5.467565 nan nan nan -5.649641 4.961956 6.722708 8.298139 -5.194099 9.637822 4.086255 0.200407 -1.883296 2.839216 -13.023634 5.912723 6.896016 -28.596314 12.440285 -5.335906 -14.707922 -0.907898 -80.414326 -40.554396 34.310963 168.705999 -79.732412 -138.472666 18.872866 -31.660703 -42.166296 17.394937 6.654559 1.750554 57.458206 11.642498 -0.176248 -73.407806 47.143196 -57.140073 5.936125 21.531092 -25.448417 
-16.639648 -3.973581 93.549561 -126.440654 3.172913 82.876735 13.374010 6.266675 3.780141 0.084123 7.833116 22.609702 -1.276449 1.347617 -23.299887 nan nan nan -12.795685 -11.076098 -4.524659 -0.238516 -13.605171 11.771904 8.900718 1.122784 -5.512779 nan nan nan -5.671079 5.022306 6.676077 8.315094 -5.168562 9.607523 4.113856 0.121901 -1.863396 2.833553 -12.979237 5.898698 6.874591 -28.638707 12.439821 -5.397993 -14.765981 -0.916451 -80.301343 -40.551150 34.292770 168.550574 -79.700779 -138.569134 18.644142 -31.741748 -41.764017 17.401406 6.609860 1.700891 57.387130 11.603023 -0.183488 -73.339413 47.198386 -57.197486 6.225281 21.415395 -25.199359 
-16.655134 -3.969816 93.545448 -126.438259 3.180530 82.884376 13.379186 6.237249 3.809768 0.062118 7.790750 22.565633 -1.323455 1.365002 -23.277037 nan nan nan -12.777620 -11.011916 -4.552313 -0.262754 -13.633799 11.821333 8.940790 1.071670 -5.573143 nan nan nan -5.689840 4.988658 6.685736 8.334073 -5.155757 9.582885 4.119519 0.158546 -1.862589 2.851320 -12.993253 5.837174 6.808627 -28.670278 12.546798 -5.399501 -14.774827 -0.917799 -80.349122 -40.524614 34.371642 168.284072 -79.688189 -138.332974 18.625804 -31.722111 -41.630678 17.422246 6.609320 1.671066 57.364806 11.555154 -0.163213 -73.295250 47.182554 -57.200845 6.419171 21.402532 -25.188517 
-16.677460 -3.964460 93.538200 -126.429686 3.181802 82.851547 13.396038 6.265271 3.888601 0.022865 7.715015 22.509603 -1.353043 1.356693 -23.276235 nan nan nan -12.793060 -10.964889 -4.544045 -0.279616 -13.628494 11.932773 8.946938 1.013111 -5.618058 nan nan nan -5.706049 4.960737 6.773937 8.359246 -5.146530 9.508969 4.125952 0.174366 -1.838075 2.908718 -12.991312 5.719367 6.696999 -28.732576 12.684402 -5.360620 -14.724810 -0.927945 -80.524067 -40.489495 34.486967 168.389570 -79.683837 -138.310165 18.829136 -31.642103 -41.712952 17.447119 6.613677 1.610214 57.370017 11.556032 -0.137442 -73.237788 47.128526 -57.123806 6.316788 21.452999 -25.221706 
-16.684872 -3.954680 93.532806 -126.458117 3.193868 82.851899 13.432299 6.321562 3.919402 -0.022707 7.625019 22.477709 -1.402308 1.329114 -23.274983 nan nan nan -12.765562 -10.908925 -4.575330 -0.303254 -13.485464 12.054365 8.940098 0.995432 -5.692952 nan nan nan -5.683426 4.959057 6.819797 8.369857 -5.111678 9.422382 4.099131 0.183942 -1.764649 2.986078 -12.956020 5.609270 6.629392 -28.819338 12.747833 -5.272545 -14.669712 -0.950027 -80.656542 -40.504938 34.530340 168.741765 -79.709196 -138.524303 19.051167 -31.687708 -42.001204 17.437673 6.605999 1.572511 57.396990 11.574956 -0.168996 -73.119247 47.131560 -56.896562 6.071282 21.556721 -25.143887 
-16.686321 -3.943774 93.534302 -126.468454 3.196125 82.856262 13.419084 6.339269 3.930456 0.000894 7.600699 22.435790 -1.446571 1.384859 -23.261811 nan nan nan -12.744665 -10.855502 -4.603634 -0.338332 -13.388523 12.136819 8.977120 1.023200 -5.743606 nan nan nan -5.660215 4.935400 6.799651 8.353910 -5.105874 9.466445 4.056030 0.244269 -1.740224 3.016612 -12.956501 5.558802 6.668335 -28.864356 12.737650 -5.252986 -14.684652 -0.948663 -80.577904 -40.556099 34.474206 169.037984 -79.744780 -138.798532 19.187752 -31.746891 -42.112926 17.462202 6.598296 1.547549 57.383875 11.564868 -0.231840 -73.039821 47.158966 -56.823756 5.912883 21.720322 -25.246851 
-16.697081 -3.926108 93.537933 -126.430689 3.200053 82.906962 13.409751 6.317662 3.871334 0.010919 7.635774 22.437779 -1.427369 1.435945 -23.254190 nan nan nan -12.737817 -10.827209 -4.622832 -0.331333 -13.384874 12.118636 8.923525 0.948985 -5.733360 nan nan nan -5.661469 4.950168 6.672951 8.366658 -5.117817 9.558685 4.040958 0.231015 -1.721484 3.029318 -12.986601 5.559245 6.700957 -28.870559 12.701244 -5.298874 -14.700490 -0.920622 -80.449576 -40.614879 34.419280 169.347895 -79.768330 -139.166750 19.084917 -31.697941 -42.086353 17.499779 6.572760 1.549347 57.342858 11.580114 -0.215856 -73.040179 47.127028 -56.893027 5.797138 21.714512 -25.431667 
-16.710833 -3.910021 93.538231 -126.412251 3.179808 82.965004 13.388773 6.284719 3.826843 -0.004730 7.680472 22.429035 -1.412474 1.451739 -23.243405 nan nan nan -12.761479 -10.832819 -4.680877 -0.326192 -13.483214 12.111307 8.935318 0.963728 -5.748870 nan nan nan -5.705391 4.987890 6.572762 8.383226 -5.125867 9.603007 4.052207 0.203106 -1.719958 3.062814 -12.963727 5.543236 6.673577 -28.935164 12.736820 -5.317707 -14.712725 -0.910917 -80.393362 -40.655861 34.411341 169.345359 -79.800238 -139.292088 18.903828 -31.713134 -42.065954 17.534658 6.565748 1.593144 57.305292 11.585796 -0.180976 -73.071757 47.087296 -56.989966 5.599121 21.693625 -25.513531 
-16.739185 -3.898470 93.527222 -126.382569 3.165868 82.959226 13.375190 6.229343 3.871619 -0.023230 7.654952 22.380190 -1.380944 1.439926 -23.230552 nan nan nan -12.803048 -10.865725 -4.669008 -0.314343 -13.675649 12.098914 8.952984 1.024708 -5.798606 nan nan nan -5.748464 4.953156 6.596240 8.392885 -5.157078 9.609980 4.074386 0.238493 -1.730537 3.075225 -12.884700 5.449028 6.579795 -29.007092 12.949738 -5.270011 -14.717306 -0.952112 -80.451988 -40.605650 34.442159 168.839574 -79.803465 -138.945115 18.584099 -31.848907 -42.009077 17.478718 6.582642 1.592436 57.351384 11.580199 -0.198660 -73.022531 47.063735 -56.997220 5.870902 21.774991 -25.391465 
-16.774643 -3.894881 93.522133 -126.372659 3.150977 82.971104 13.345727 6.177448 3.909993 -0.033972 7.666091 22.319510 -1.396424 1.472292 -23.252635 nan nan nan -12.836530 -10.879558 -4.700458 -0.318453 -13.812946 12.152769 8.942336 1.001061 -5.841800 nan nan nan -5.760246 4.941490 6.624117 8.394877 -5.137073 9.532322 4.076947 0.246271 -1.682390 3.102412 -12.866862 5.379252 6.532520 -29.040061 13.047847 -5.235918 -14.707709 -0.978408 -80.546046 -40.548609 34.558196 168.448457 -79.793961 -138.665982 18.342696 -31.832435 -41.974861 17.449355 6.503637 1.518905 57.360935 11.550485 -0.203022 -72.879646 47.134833 -56.933618 6.339287 21.790469 -25.305898 
-16.805637 -3.881233 93.517593 -126.401880 3.143363 82.978093 13.333496 6.139215 3.970876 -0.023682 7.784355 22.238300 -1.398011 1.494004 -23.226406 nan nan nan -12.867615 -10.847475 -4.729304 -0.291643 -13.812240 12.227527 8.918481 0.950820 -5.906240 nan nan nan -5.741664 4.990227 6.603393 8.389248 -5.075646 9.552724 4.062001 0.206374 -1.673412 3.165303 -12.891484 5.359118 6.532973 -29.065888 12.982657 -5.228661 -14.661980 -0.980396 -80.590116 -40.569855 34.648564 168.433165 -79.849843 -138.726915 18.210697 -31.856186 -42.195828 17.481963 6.411417 1.504089 57.355025 11.566705 -0.135485 -72.814348 47.119157 -56.867545 6.369391 21.707408 -25.149952 
-16.818291 -3.867074 93.516418 -126.403153 3.151078 83.002047 13.348081 6.122686 3.982004 -0.011256 7.850023 22.185196 -1.367455 1.464122 -23.218145 nan nan nan -12.842667 -10.811066 -4.769793 -0.300831 -13.740486 12.261285 8.856600 0.892457 -5.925385 nan nan nan -5.719092 4.989406 6.596281 8.380613 -5.055185 9.634174 4.066391 0.193740 -1.772167 3.177601 -12.937040 5.377966 6.522617 -29.001683 12.902283 -5.271428 -14.628096 -0.964084 -80.547842 -40.548704 34.604772 168.758584 -79.874234 -139.030022 18.052856 -31.887233 -42.279650 17.481469 6.404331 1.529438 57.362893 11.565304 -0.101136 -72.819927 47.087680 -56.882848 6.326583 21.641011 -25.191283 
-16.837576 -3.854912 93.515106 -126.384788 3.127496 83.016284 13.309329 6.111481 3.987082 0.011672 7.860501 22.156888 -1.326500 1.477267 -23.257974 nan nan nan -12.868644 -10.825820 -4.798933 -0.312854 -13.721196 12.312747 8.843194 0.910762 -5.942169 nan nan nan -5.705720 5.011321 6.586665 8.356076 -5.075342 9.750290 4.076453 0.168797 -1.902525 3.155990 -12.958733 5.445394 6.584630 -28.917728 12.741557 -5.304932 -14.690811 -0.907262 -80.420074 -40.525630 34.498014 168.984490 -79.860157 -139.197264 18.127797 -31.838357 -42.216081 17.436059 6.419289 1.527451 57.376391 11.501066 -0.120361 -72.774466 47.123447 -56.823226 6.244424 21.683136 -25.374190 
-16.852844 -3.837507 93.516685 -126.410932 3.078979 83.057478 13.243631 6.115438 3.981296 0.001387 7.844838 22.122594 -1.295480 1.550028 -23.270098 nan nan nan -12.921626 -10.886815 -4.914111 -0.302983 -13.613886 12.439365 8.804887 0.886774 -6.008141 nan nan nan -5.720513 5.058766 6.505330 8.345091 -5.077475 9.839277 4.069377 0.137628 -1.962950 3.067686 -12.977359 5.574620 6.705317 -28.881227 12.533922 -5.353754 -14.741819 -0.832501 -80.297775 -40.537946 34.386731 169.181908 -79.913278 -139.318179 18.327124 -31.775808 -42.171593 17.470273 6.448665 1.631864 57.324233 11.483900 -0.190805 -72.800670 47.142705 -56.739392 6.288709 21.538686 -25.436379 
-16.873863 -3.817142 93.510445 -126.451698 3.060735 83.059211 13.222257 6.126398 4.032029 -0.017807 7.766313 22.086590 -1.294950 1.618065 -23.270954 nan nan nan -12.949753 -10.864392 -5.004255 -0.300583 -13.482914 12.641134 8.775297 0.879778 -6.096469 nan nan nan -5.730515 5.023003 6.467380 8.357892 -5.058396 9.858588 4.058320 0.156566 -1.887659 3.022203 -12.944597 5.552621 6.696344 -28.889003 12.479119 -5.355438 -14.670545 -0.856058 -80.339450 -40.547374 34.373924 169.603169 -80.038612 -139.698145 18.570078 -31.728014 -42.242079 17.460142 6.419460 1.620392 57.315491 11.579324 -0.199758 -72.631337 47.210475 -56.463043 6.151089 21.350465 -25.196906 
-16.898712 -3.798365 93.491356 -126.473344 3.093995 83.045466 13.292680 6.186203 4.092177 -0.071734 7.674244 22.054155 -1.335212 1.611370 -23.241369 nan nan nan -12.927123 -10.764638 -5.065821 -0.295611 -13.401092 12.863897 8.760505 0.885112 -6.219674 nan nan nan -5.715590 4.940837 6.494585 8.398370 -5.035486 9.857498 4.060606 0.199151 -1.828520 3.060125 -12.864014 5.374001 6.565638 -28.931121 12.549023 -5.358569 -14.575439 -0.911774 -80.417750 -40.564167 34.367494 169.987979 -80.162838 -140.061890 18.584950 -31.749546 -42.410947 17.421031 6.384799 1.539174 57.332251 11.668851 -0.204330 -72.433409 47.272544 -56.240204 6.011743 21.262539 -25.115633 
-16.924017 -3.782823 93.477745 -126.472919 3.082898 83.060437 13.294675 6.203986 4.135258 -0.111221 7.644053 22.000352 -1.354860 1.607332 -23.286147 nan nan nan -12.952105 -10.748103 -5.128289 -0.267456 -13.419671 12.990171 8.717159 0.875275 -6.315493 nan nan nan -5.710470 4.872058 6.488759 8.400176 -5.040556 9.809914 4.031147 0.243875 -1.726156 3.149001 -12.772870 5.189758 6.470117 -29.014171 12.674051 -5.373570 -14.532156 -0.930446 -80.443747 -40.614036 34.363844 169.815722 -80.259277 -139.879129 18.481637 -31.860583 -42.597675 17.454040 6.379255 1.539505 57.342274 11.748594 -0.195605 -72.316710 47.244013 -56.083357 5.912104 21.355570 -25.254515 
-16.958185 -3.752938 93.464073 -126.477718 3.033511 83.053827 13.255225 6.245493 4.225597 -0.112590 7.597611 21.877375 -1.454861 1.572775 -23.293834 nan nan nan -13.030223 -10.814906 -5.210432 -0.275384 -13.481899 13.152266 8.683248 0.903961 -6.439889 nan nan nan -5.720181 4.783370 6.496485 8.358763 -5.074904 9.747329 3.979927 0.325184 -1.595109 3.227533 -12.643251 5.033135 6.437723 -29.090013 12.784744 -5.346677 -14.448675 -1.033490 -80.461849 -40.597398 34.438791 169.835113 -80.355028 -139.922450 18.569330 -31.854638 -42.708635 17.567605 6.396469 1.555414 57.278696 11.771531 -0.151417 -72.186393 47.250473 -56.005987 5.568495 21.521450 -25.363477 
-16.982670 -3.712395 93.452377 -126.472877 2.998236 83.061871 13.244801 6.311437 4.254611 -0.120139 7.536407 21.836354 -1.484220 1.592419 -23.261605 nan nan nan -13.079608 -10.877413 -5.319354 -0.307420 -13.443949 13.365327 8.623561 0.953569 -6.601810 nan nan nan -5.708662 4.767575 6.611877 8.309792 -5.060237 9.596659 3.965553 0.285268 -1.608049 3.213673 -12.603777 5.073107 6.511452 -28.993612 12.789261 -5.292890 -14.387698 -1.093845 -80.495217 -40.495123 34.469835 170.309767 -80.430517 -140.333528 18.885393 -31.638892 -42.775817 17.561702 6.396307 1.580710 57.321177 11.708135 -0.108048 -71.992568 47.301079 -55.885800 5.275827 21.608127 -25.403585 
-17.001795 -3.662008 93.436829 -126.532496 2.989520 83.107798 13.303759 6.438577 4.255264 -0.152164 7.540633 21.828885 -1.460397 1.526343 -23.240960 nan nan nan -13.064502 -10.898591 -5.501372 -0.365465 -13.387214 13.641754 8.586714 1.019701 -6.713268 nan nan nan -5.674137 4.803859 6.675589 8.277900 -4.984665 9.477127 3.958957 0.205529 -1.687714 3.127409 -12.623693 5.268702 6.582817 -28.877117 12.696146 -5.283134 -14.368393 -1.109480 -80.450824 -40.448060 34.406070 170.575948 -80.608153 -140.477211 19.079244 -31.602778 -42.774169 17.544553 6.379755 1.607432 57.365035 11.593023 -0.036049 -71.869034 47.346384 -55.772959 4.993135 21.619574 -25.608598 
-17.025991 -3.619562 93.411308 -126.614449 2.934409 83.219480 13.290908 6.507247 4.220448 -0.169644 7.634719 21.773969 -1.427466 1.452507 -23.239189 nan nan nan -13.094920 -10.942076 -5.819161 -0.433663 -13.370662 14.034241 8.535548 1.082538 -6.878656 nan nan nan -5.710278 4.841465 6.553013 8.270471 -4.943300 9.522998 3.928049 0.165217 -1.740247 3.127672 -12.582775 5.331505 6.587230 -28.909960 12.651928 -5.242949 -14.320854 -1.196989 -80.437708 -40.463146 34.418092 170.672803 -80.824961 -140.687479 19.175132 -31.601954 -42.657862 17.589867 6.315002 1.534246 57.384059 11.536824 0.081872 -71.755522 47.337070 -55.620895 5.045164 21.512481 -25.282685 
-17.055140 -3.582333 93.386513 -126.658793 2.871251 83.265414 13.249855 6.497168 4.263555 -0.195358 7.679291 21.685274 -1.426232 1.478975 -23.269546 nan nan nan -13.133388 -10.930840 -6.090678 -0.516053 -13.331025 14.479709 8.487778 1.090950 -7.112873 nan nan nan -5.784744 4.834566 6.485630 8.287509 -4.914464 9.615979 3.889601 0.135808 -1.739506 3.262253 -12.432874 5.148326 6.477486 -29.042024 12.728846 -5.144192 -14.208361 -1.279578 -80.534016 -40.510097 34.521953 170.727555 -81.010683 -140.746307 19.222080 -31.570958 -42.841253 17.640972 6.243795 1.469239 57.444469 11.612019 0.239301 -71.627445 47.193195 -55.300372 5.270249 21.442478 -24.942398 
-17.067133 -3.549617 93.360291 -126.743794 2.819297 83.316430 13.232538 6.484707 4.297965 -0.235488 7.726735 21.600456 -1.358436 1.508325 -23.295074 nan nan nan -13.130833 -10.830941 -6.431256 -0.633917 -13.336435 14.991683 8.443253 1.071351 -7.373146 nan nan nan -5.857700 4.828803 6.529320 8.317238 -4.822979 9.557305 3.884656 0.117933 -1.731238 3.348251 -12.284655 4.965393 6.315540 -29.200162 12.767573 -5.091754 -14.128981 -1.300698 -80.640116 -40.554918 34.633511 170.565163 -81.191067 -140.495615 19.315509 -31.590893 -43.027505 17.658905 6.162348 1.401566 57.542297 11.681688 0.415770 -71.476933 47.091303 -54.976268 5.153203 21.427567 -24.977720 
-17.045563 -3.519143 93.333298 -126.879687 2.750526 83.404621 13.194917 6.479421 4.250976 -0.261777 7.791771 21.581520 -1.133408 1.588293 -23.353934 nan nan nan -13.123806 -10.688189 -6.881027 -0.740508 -13.230348 15.602194 8.315005 0.979401 -7.670679 nan nan nan -5.921161 4.776270 6.590753 8.285588 -4.732418 9.338473 3.846059 0.186506 -1.601985 3.415258 -12.132498 4.891114 6.280496 -29.277090 12.733990 -5.032513 -14.105287 -1.369403 -80.587100 -40.626797 34.640872 170.520745 -81.404342 -140.435289 19.520037 -31.571291 -43.188608 17.682145 6.141854 1.353255 57.681114 11.719067 0.585984 -71.272256 47.031030 -54.719567 4.633419 21.367020 -25.173560 
-17.033430 -3.471067 93.313416 -127.000424 2.673652 83.461572 13.171578 6.524217 4.245136 -0.302511 7.814543 21.579216 -0.986139 1.634936 -23.352896 nan nan nan -13.179460 -10.617418 -7.277658 -0.770220 -13.008348 16.252502 8.212487 0.980081 -7.944818 nan nan nan -5.969499 4.713716 6.621808 8.230065 -4.691196 9.200223 3.759977 0.302264 -1.466350 3.501572 -12.006173 4.836528 6.339218 -29.288047 12.678749 -4.951265 -14.129693 -1.454585 -80.509026 -40.722403 34.621424 170.263806 -81.651451 -140.287003 19.596793 -31.434391 -43.132014 17.755087 6.157047 1.301424 57.772466 11.659672 0.719271 -71.143751 46.972686 -54.575329 4.390528 21.299484 -25.065009 
-17.028679 -3.402403 93.288620 -127.119937 2.623668 83.491520 13.200736 6.692952 4.273116 -0.313362 7.848276 21.612008 -1.203941 1.538037 -23.336146 nan nan nan -13.199725 -10.631108 -7.709891 -0.900750 -12.932071 16.984641 8.230152 1.200756 -8.262273 nan nan nan -5.998394 4.643597 6.718026 8.181749 -4.659275 9.074742 3.688755 0.432643 -1.416056 3.608387 -11.878214 4.779731 6.380972 -29.371086 12.564564 -4.836234 -14.090153 -1.558134 -80.523946 -40.788382 34.643779 170.008974 -81.992443 -140.219869 19.644530 -31.364342 -43.242751 17.785316 6.068228 1.250234 57.818660 11.618343 0.716631 -70.777238 47.110787 -54.218328 4.242500 21.340606 -24.889564 
-17.012800 -3.324061 93.248688 -127.253507 2.577636 83.596705 13.255333 6.860266 4.244436 -0.383981 7.889789 21.610847 -1.566133 1.419552 -23.293690 nan nan nan -13.169746 -10.621278 -8.333158 -1.121947 -13.064440 17.830621 8.226266 1.340417 -8.587018 nan nan nan -6.063565 4.555216 6.773638 8.147086 -4.594980 8.837007 3.664672 0.543489 -1.377349 3.638469 -11.809190 4.879291 6.362171 -29.381629 12.397767 -4.755030 -14.063609 -1.568415 -80.493214 -40.853945 34.604558 169.836699 -82.348339 -140.266441 19.633374 -31.366296 -43.587786 17.801686 5.930342 1.305078 57.801423 11.633133 0.588687 -70.187811 47.406429 -53.594064 4.152658 21.564066 -24.609975 
-17.000463 -3.244571 93.197495 -127.412257 2.492724 83.683236 13.281850 6.984384 4.269833 -0.487342 7.939878 21.530060 -1.711996 1.377036 -23.298029 nan nan nan -13.182217 -10.615282 -8.970891 -1.310810 -13.091522 18.744719 8.199222 1.419359 -8.933800 nan nan nan -6.212820 4.503089 6.906543 8.131303 -4.481594 8.500997 3.701535 0.607549 -1.278951 3.652620 -11.777128 4.945977 6.337697 -29.335719 12.260360 -4.697137 -14.029516 -1.605127 -80.453688 -40.953373 34.615040 169.772011 -82.638507 -140.514496 19.552801 -31.231930 -43.529778 17.881597 5.845459 1.346608 57.761023 11.652292 0.570282 -69.751201 47.500024 -53.177322 4.225590 21.743547 -24.008859 
-17.002205 -3.152867 93.147514 -127.584119 2.367428 83.791925 13.283876 7.202136 4.300636 -0.577258 7.944509 21.408118 -1.639670 1.357809 -23.372173 nan nan nan -13.256003 -10.684022 -9.619184 -1.400261 -12.958900 19.668087 8.137001 1.522706 -9.359636 nan nan nan -6.349798 4.321076 7.120311 8.046504 -4.432901 7.931629 3.661068 0.766959 -1.026568 3.592151 -11.599235 5.009903 6.420861 -29.331781 12.254452 -4.632045 -13.893914 -1.684480 -80.367933 -41.005205 34.608140 170.288675 -82.907545 -141.186147 19.478366 -30.977036 -43.165678 18.143734 5.864771 1.523856 57.701814 11.716638 0.623740 -69.538385 47.476673 -53.095346 3.964700 21.718724 -23.765169 
-17.004295 -3.031207 93.091286 -127.727445 2.210509 83.997783 13.240314 7.481510 4.229078 -0.661066 7.846487 21.311701 -1.462132 1.358940 -23.475774 nan nan nan -13.314613 -10.755054 -10.359551 -1.494944 -12.745005 20.606986 7.896218 1.548562 -9.866679 nan nan nan -6.402500 3.741636 7.556943 7.776936 -4.559368 6.742124 3.441364 1.272613 -0.637731 3.393094 -11.386964 5.437576 6.741319 -29.186215 12.300012 -4.489651 -13.559912 -1.727313 -80.106551 -40.935017 34.433835 172.341833 -83.173247 -143.055760 19.783182 -30.547324 -43.350371 18.542668 6.001158 2.097649 57.814100 11.829329 0.628443 -69.479888 47.445656 -52.942916 3.523318 21.730920 -23.882834 
-17.000002 -2.897230 93.033051 -127.785303 2.065927 83.976587 13.235672 7.494424 4.408022 -0.795328 7.787933 21.171809 -1.301625 1.438991 -23.514703 nan nan nan -13.459181 -10.674390 -10.744617 -1.492915 -12.602441 21.464978 7.632944 1.541632 -10.367805 nan nan nan -6.645980 3.693333 7.583378 7.773676 -4.618240 6.627272 3.396783 1.377680 -0.398406 3.556718 -11.083889 5.337051 6.818932 -29.324469 12.225472 -4.366190 -13.724387 -1.855376 -79.803361 -41.239744 34.398143 170.998636 -83.515745 -142.087126 19.923792 -30.461165 -43.527077 18.687993 6.167362 2.205495 57.861279 11.837710 0.758180 -69.551320 47.180324 -52.986938 3.381199 21.674533 -23.788705 
-17.004715 -2.750730 92.963760 -127.803574 1.935471 83.860538 13.275570 7.585386 4.664651 -0.850902 7.732094 21.072151 -1.272820 1.335098 -23.552333 nan nan nan -13.663879 -10.625414 -11.030146 -1.498647 -12.512049 22.436335 7.503326 1.700293 -10.898398 nan nan nan -6.854657 3.727027 7.783788 7.803479 -4.615885 6.748333 3.389391 1.387139 -0.505142 3.736472 -10.783575 5.112366 6.711739 -29.504520 12.180018 -4.233691 -13.904011 -1.930660 -79.737459 -41.640199 34.426592 168.306809 -83.963909 -139.796604 20.060724 -30.725744 -43.801384 18.653965 6.209482 2.081128 58.031096 11.749836 1.036357 -69.448166 46.949571 -52.750279 3.019843 21.685032 -23.422947 
-16.999142 -2.596623 92.890640 -127.861129 1.809664 83.839037 13.313487 7.713031 4.837476 -0.895832 7.726673 20.923117 -1.347019 1.213775 -23.568412 nan nan nan -13.831481 -10.502290 -11.450162 -1.516359 -12.517742 23.399720 7.554295 1.787650 -11.342845 nan nan nan -7.029573 3.761160 7.991806 7.818579 -4.552157 6.756964 3.361661 1.357928 -0.708633 3.872888 -10.557929 5.015847 6.541693 -29.687916 12.150076 -4.159352 -14.139522 -1.897570 -79.619970 -42.061878 34.275344 164.977169 -84.541430 -135.892765 20.385788 -31.361402 -43.933192 18.643673 6.287979 2.086191 58.213145 11.564195 1.208130 -69.350252 46.825656 -52.056301 2.287112 21.949856 -23.636468 
-16.986534 -2.423712 92.808235 -127.883221 1.670906 83.919590 13.358922 7.814001 4.907324 -0.974719 7.786056 20.762076 -1.389113 1.122032 -23.542916 nan nan nan -13.956850 -10.462889 -11.968795 -1.567892 -12.578211 24.338732 7.540320 1.808905 -11.804217 nan nan nan -7.319063 3.821679 8.067487 7.866201 -4.497301 6.579993 3.430118 1.273074 -0.738145 3.855363 -10.436180 5.184134 6.556573 -29.725357 11.927747 -4.112868 -14.440137 -1.890163 -79.433706 -42.413621 34.035853 160.992379 -85.011077 -131.460386 20.511114 -31.829081 -43.774626 18.666879 6.431859 2.325945 58.278463 11.387472 1.111562 -69.456607 46.851869 -51.684218 1.984635 22.112827 -23.780975 
-16.963392 -2.231523 92.712189 -127.843260 1.520489 83.996946 13.454650 7.906845 5.002769 -1.176576 7.707457 20.545272 -1.409327 1.062250 -23.463842 nan nan nan -14.058339 -10.519755 -12.498598 -1.651465 -12.533221 25.333618 7.366421 1.770425 -12.317073 nan nan nan -7.681939 3.829085 8.009337 7.902808 -4.544995 6.589864 3.516952 1.206409 -0.731280 3.763038 -10.311338 5.379218 6.740468 -29.602159 11.642919 -4.005625 -14.680786 -2.035617 -79.363169 -42.833217 33.966685 156.808531 -85.222647 -127.643634 19.986977 -31.327875 -43.516182 18.821495 6.566069 2.584538 58.207695 11.394571 1.017146 -69.621395 46.908116 -51.713858 2.143707 21.953767 -23.333408 
-16.928074 -2.030776 92.604500 -127.828159 1.374084 84.020690 13.591985 7.992877 5.170036 -1.401392 7.670693 20.318413 -1.500671 0.952156 -23.437282 nan nan nan -14.166253 -10.511260 -12.963108 -1.719970 -12.515132 26.295069 7.264282 1.730263 -12.879722 nan nan nan -7.972216 3.777226 8.052805 7.889339 -4.596442 6.672724 3.496426 1.255950 -0.791829 3.782916 -10.034928 5.348932 6.832755 -29.683525 11.564903 -3.786254 -14.866417 -2.232002 -79.372710 -43.366347 34.044851 150.850464 -85.415683 -122.264937 19.256232 -30.934162 -43.447223 19.000216 6.580239 2.650883 58.167056 11.413366 1.107428 -69.643051 46.949075 -51.671082 1.993623 21.812976 -22.965953 
-16.900616 -1.810055 92.498421 -127.781817 1.198412 84.081505 13.690135 8.029794 5.288908 -1.609640 7.703233 20.088262 -1.558393 0.841766 -23.458829 nan nan nan -14.354346 -10.523706 -13.428976 -1.766912 -12.639706 27.287422 7.170186 1.811001 -13.443253 nan nan nan -8.198453 3.689556 8.234470 7.824097 -4.615060 6.471327 3.431331 1.295958 -0.842002 3.794880 -9.731108 5.281586 6.842105 -29.824486 11.577919 -3.575520 -15.053049 -2.390231 -79.263123 -43.825257 34.055627 144.326928 -85.659432 -115.964950 19.219570 -31.038011 -43.525679 19.133023 6.596726 2.731204 58.203969 11.289665 1.243455 -69.583060 47.048290 -51.591973 1.053708 21.975193 -23.137583 
-16.890717 -1.544430 92.393959 -127.669999 1.000821 84.186627 13.754066 8.069236 5.433618 -1.812991 7.588485 19.723165 -1.597192 0.732799 -23.442542 nan nan nan -14.579138 -10.596695 -13.871408 -1.830538 -12.838184 28.264765 7.032396 1.980570 -14.041972 nan nan nan -8.419849 3.588175 8.423409 7.726322 -4.705595 6.078731 3.349975 1.349902 -0.827550 3.822900 -9.394489 5.381493 6.942472 -29.977801 11.457450 -3.436752 -15.216360 -2.551877 -79.045843 -44.244681 34.064820 138.523334 -85.910231 -110.212110 19.755422 -31.016048 -43.535944 19.292947 6.574932 2.805220 58.263781 11.093038 1.378717 -69.495953 47.250633 -51.399725 0.059421 22.266450 -23.537034 
-16.873940 -1.252982 92.294762 -127.602621 0.785473 84.243686 13.780240 8.124919 5.682880 -1.947961 7.433112 19.292097 -1.681616 0.672690 -23.378603 nan nan nan -14.775002 -10.639201 -14.242151 -1.969841 -13.018412 29.182444 6.913962 2.192122 -14.607026 nan nan nan -8.725127 3.668340 8.508098 7.675625 -4.743953 6.002460 3.358119 1.220690 -0.948637 3.894880 -9.000783 5.508823 7.085871 -30.076629 11.216043 -3.285749 -15.448207 -2.752613 -78.773925 -44.704420 34.028635 132.102657 -85.995419 -103.940255 19.988512 -30.931039 -43.146319 19.365197 6.565458 2.819164 58.299301 10.912413 1.537041 -69.386383 47.417170 -51.127979 -0.523373 22.401034 -23.625199 
-16.849167 -0.969637 92.202545 -127.457006 0.625500 84.146501 13.861424 8.187877 5.994349 -1.985951 7.210206 18.970297 -1.756013 0.668306 -23.283779 nan nan nan -14.947295 -10.696680 -14.381760 -2.036777 -13.109381 29.990684 6.852526 2.220664 -15.144167 nan nan nan -9.108043 4.066803 8.547287 7.801941 -4.610091 6.393015 3.543620 0.697019 -1.223140 3.985370 -8.775152 5.280872 6.960054 -30.180596 11.156489 -3.114420 -15.878713 -3.006679 -78.636355 -45.355150 34.078386 122.776341 -85.956057 -94.808925 20.121930 -30.843846 -42.499643 19.218224 6.427072 2.379882 58.296117 10.628764 1.746446 -69.189734 47.663038 -51.021511 -0.758009 22.372960 -23.491482 
-16.838150 -0.644658 92.121727 -127.266036 0.460251 84.172566 13.996801 8.316941 6.134397 -2.018540 7.085161 18.758590 -1.702820 0.502268 -23.215850 nan nan nan -15.105151 -10.876635 -14.565170 -2.047199 -13.177499 30.728910 6.706931 2.345488 -15.634499 nan nan nan -9.307676 3.762123 8.630983 7.665881 -4.818439 6.010811 3.405708 0.881316 -0.946509 3.881737 -8.435727 5.442104 7.084289 -30.246077 11.137152 -2.953449 -16.043569 -3.219217 -78.228535 -45.889991 33.875890 116.327938 -85.843669 -88.571689 19.856714 -30.858866 -42.093786 19.522466 6.472456 2.512608 58.270195 10.589312 1.702200 -69.250238 47.889051 -50.903990 -0.863064 22.251345 -23.196732 
-16.823193 -0.277400 92.041138 -127.098445 0.359057 84.238527 14.261857 8.453565 6.280873 -2.102224 6.995098 18.532736 -1.891394 0.131091 -23.091879 nan nan nan -15.133354 -11.003377 -14.772530 -2.099351 -13.262981 31.463778 6.550599 2.480565 -16.205280 nan nan nan -9.398747 3.269744 9.031854 7.465011 -5.049580 5.370307 3.250994 1.269689 -0.932485 3.663888 -8.122835 5.699611 7.252117 -30.260537 11.189563 -2.778374 -15.955097 -3.473278 -78.136440 -46.227317 33.732389 111.656591 -85.784712 -83.929198 19.496598 -31.097668 -41.908752 19.786414 6.552908 2.942673 58.389173 10.464840 1.662171 -69.561885 48.073871 -50.794953 -1.129458 22.132689 -23.030351 
-16.761021 0.074995 91.940247 -126.896594 0.309849 84.134130 14.580060 8.286328 6.634191 -2.312235 6.875120 18.131542 -2.391469 0.002237 -22.847767 nan nan nan -15.156378 -10.964165 -14.813422 -2.097491 -13.435378 32.223079 6.403496 2.386061 -16.814389 nan nan nan -9.766686 3.691533 8.688198 7.679344 -5.061171 6.677041 3.389746 0.863831 -1.580367 3.862530 -7.828338 5.215009 6.997018 -30.673161 11.144190 -2.420325 -16.411303 -3.964084 -78.184665 -46.895274 33.904849 103.419177 -85.325973 -75.760641 19.719789 -31.153045 -41.803677 19.464046 6.607532 2.483385 58.533009 10.123041 1.917873 -69.690588 48.066497 -50.725005 -1.341429 22.087953 -23.360118 
-16.735949 0.472958 91.880898 -126.675400 0.246508 84.309358 14.837445 8.440628 6.680525 -2.425071 6.532587 17.797296 -2.748468 -0.082653 -22.579349 nan nan nan -15.075081 -11.084893 -15.111036 -2.216310 -13.547666 32.979536 6.247407 2.349704 -17.329465 nan nan nan -10.018009 3.676029 8.747537 7.710561 -4.975614 6.068059 3.476133 0.625744 -1.406660 3.640978 -7.914100 5.489332 7.081537 -30.566101 11.029415 -2.297935 -16.533944 -4.085347 -78.049387 -47.493524 33.881854 98.401335 -85.199709 -70.715602 20.219102 -30.906938 -41.804569 19.173176 6.417357 2.375184 58.770070 9.819400 1.935812 -69.369172 48.443611 -50.289446 -1.572009 22.458124 -23.849728 
-16.728739 0.901451 91.855629 -126.342138 0.204968 84.334752 15.140063 8.507466 6.872191 -2.499079 6.174098 17.477252 -3.027259 -0.221021 -22.270859 nan nan nan -15.029064 -11.176940 -15.081049 -2.282478 -13.746384 33.551552 6.049615 2.278246 -17.941312 nan nan nan -10.141260 3.519953 8.800532 7.610625 -5.080896 5.737826 3.430816 0.590425 -1.283844 3.472519 -7.837446 5.781987 7.338187 -30.495922 10.915447 -2.178740 -16.764007 -4.255923 -77.594183 -48.088056 33.593436 94.757047 -84.959907 -67.233240 20.366701 -30.835668 -41.611846 19.098773 6.432095 2.475582 58.917067 9.564241 1.812487 -69.261482 48.711253 -50.058616 -2.119501 22.702470 -23.991611 
-16.707373 1.363981 91.834335 -125.943384 0.249799 84.370455 15.559658 8.518775 6.993146 -2.523013 5.867553 17.246912 -3.410517 -0.476761 -21.950613 nan nan nan -14.912302 -11.244430 -14.958871 -2.307676 -14.095089 34.031035 5.803721 2.152111 -18.599829 nan nan nan -10.194027 3.366359 8.842996 7.526076 -5.237377 5.575593 3.397359 0.518074 -1.326179 3.371394 -7.641737 6.107028 7.630851 -30.399660 10.624734 -1.977267 -16.897701 -4.385333 -77.332274 -48.621763 33.298701 93.062731 -84.724075 -65.557725 20.109727 -30.682824 -41.584793 18.929090 6.211772 2.442135 59.125741 9.420455 1.753069 -68.951307 49.243630 -49.565563 -2.747881 22.652574 -23.966514 
-16.670055 1.852233 91.799515 -125.629017 0.257731 84.390529 15.992422 8.575790 7.194928 -2.533118 5.697427 16.960798 -3.831330 -0.852456 -21.592466 nan nan nan -14.833141 -11.376839 -14.839624 -2.323188 -14.501468 34.529324 5.506094 2.152298 -19.246453 nan nan nan -10.271931 2.977386 8.925108 7.369348 -5.557428 5.834156 3.292521 0.775491 -1.797029 3.307932 -7.260524 6.397936 7.933962 -30.249571 10.323569 -1.536310 -16.665991 -4.710146 -77.342691 -48.966940 33.064811 92.113441 -84.595403 -64.457420 19.893975 -30.562100 -41.674678 18.673639 6.045837 2.520706 59.525316 9.405309 1.791924 -68.704860 49.708051 -48.840759 -2.706722 22.765908 -23.872648 
-16.641127 2.377207 91.791702 -125.344531 0.354350 84.566136 16.493507 8.633011 7.261143 -2.525890 5.507441 16.661400 -4.190138 -1.204328 -21.153627 nan nan nan -14.568750 -11.516826 -14.847893 -2.308718 -14.847533 34.870032 5.161066 2.068129 -19.816820 nan nan nan -10.390578 2.814976 8.873818 7.389741 -5.636942 5.292156 3.386131 0.843745 -1.615882 2.981274 -7.241705 6.812137 8.255776 -30.040747 10.045012 -1.466829 -16.952304 -4.787544 -77.044787 -49.293805 32.729473 90.466547 -84.284620 -62.773122 19.927640 -30.620500 -41.229319 18.690895 6.328266 3.207631 59.358007 9.005112 1.276940 -69.320138 49.968771 -48.947156 -2.665622 22.862905 -23.903797 
-16.573809 2.925325 91.787445 -125.098404 0.501343 84.647962 17.081472 8.593535 7.429602 -2.500223 5.297845 16.379939 -4.801735 -1.624085 -20.613998 nan nan nan -14.242199 -11.441595 -14.715760 -2.322676 -15.265967 35.147335 4.950815 2.050157 -20.398105 nan nan nan -10.641666 2.868465 8.656548 7.526059 -5.739796 5.611394 3.533222 0.608023 -1.916951 2.994821 -7.054359 6.960406 8.161276 -30.035443 9.962509 -1.046091 -16.947338 -4.969034 -77.056039 -49.687318 32.561926 89.328727 -83.916277 -61.525703 20.146179 -30.649810 -40.602245 18.218106 6.118351 2.759993 59.626752 8.845148 1.499187 -68.547778 50.415560 -47.987593 -3.002756 22.922242 -24.248136 
-16.494837 3.515563 91.804916 -124.872814 0.704347 84.723227 17.723861 8.569274 7.569562 -2.382741 5.028778 16.157923 -5.470912 -2.077215 -20.075303 nan nan nan -13.780575 -11.349288 -14.585045 -2.474766 -15.721397 35.436286 4.683611 2.110854 -20.997384 nan nan nan -10.738597 2.796347 8.677355 7.556119 -5.796628 5.574166 3.585233 0.707001 -2.118920 3.077949 -6.796088 7.088735 8.281709 -30.358524 9.758907 -0.767490 -17.031936 -5.180499 -76.938602 -50.020456 32.461813 87.472292 -83.582911 -59.576689 20.152328 -30.806881 -39.933640 18.190107 6.011729 2.899739 59.516089 8.611395 1.305951 -68.351548 50.994508 -47.564280 -4.073043 22.851808 -25.234728 
-16.421421 4.147553 91.846962 -124.617183 0.939335 84.756549 18.401587 8.468410 7.747326 -2.253678 4.743488 15.921922 -6.122257 -2.501674 -19.546482 nan nan nan -13.254238 -11.227442 -14.305485 -2.592725 -16.126305 35.551815 4.389322 2.136476 -21.567987 nan nan nan -10.795140 2.611624 8.782692 7.507344 -5.934075 5.417543 3.548316 1.120402 -2.312490 3.295404 -6.637317 7.304158 8.439586 -30.711591 9.689119 -0.429238 -17.213334 -5.272918 -76.825706 -50.351584 32.407975 86.049584 -83.039262 -58.247663 19.433055 -31.164764 -39.043535 18.420837 5.866378 3.100794 59.222956 8.195849 0.972024 -68.380633 51.362066 -47.331065 -3.974140 23.032365 -25.351850 
-16.349646 4.813454 91.910736 -124.308210 1.221541 84.771041 19.117730 8.374115 7.845209 -2.111599 4.350712 15.821899 -6.711007 -2.700819 -19.060382 nan nan nan -12.627658 -11.155648 -13.918626 -2.597455 -16.307344 35.486518 4.054591 2.072197 -22.167053 nan nan nan -10.831079 2.562808 8.755570 7.563635 -5.986780 5.389881 3.685479 0.983956 -2.493203 3.108074 -6.502905 7.594576 8.546224 -30.668743 9.587643 -0.199131 -17.108893 -5.439584 -76.596225 -50.396692 32.057249 86.441821 -82.782773 -58.503572 19.368198 -30.857547 -38.778154 18.223180 5.895855 3.213652 59.212313 8.009522 0.810519 -68.034790 51.753591 -46.646718 -4.201262 23.088011 -25.479115 
-16.259901 5.504090 91.990204 -124.095288 1.542309 84.765769 19.863457 8.257524 7.886682 -1.938580 4.067978 15.893717 -7.509783 -2.850775 -18.444342 nan nan nan -11.876608 -10.969868 -13.507155 -2.622302 -16.411654 35.348025 3.853264 1.946321 -22.728507 nan nan nan -11.005448 2.678668 8.568877 7.732582 -5.996286 5.629875 3.815681 1.027168 -2.691665 3.222894 -6.497580 7.737046 8.691041 -30.732373 9.502758 0.090141 -17.232561 -5.605017 -76.326318 -50.538829 31.989619 85.823523 -82.301776 -58.294616 19.312096 -30.652759 -38.364474 18.171015 5.757106 3.056138 58.852919 7.373608 0.739954 -68.360610 51.914575 -47.008940 -3.188847 23.167120 -24.416746 
-16.158571 6.228374 92.085480 -123.982753 1.981139 84.703876 20.767026 8.229462 7.952095 -1.746413 3.887863 16.064271 -8.329004 -2.983576 -17.731936 nan nan nan -10.887548 -10.706449 -13.028474 -2.690621 -16.410198 35.139309 3.444799 1.733911 -23.258266 nan nan nan -11.094681 2.855034 8.338758 7.944656 -5.862931 5.964313 4.041047 0.836315 -2.889274 3.285167 -6.440832 7.833569 8.699727 -30.801354 9.381334 0.359938 -17.158732 -5.633884 -76.102822 -50.648117 31.615614 85.059391 -81.945082 -57.550704 19.559182 -30.804682 -38.876617 17.960350 5.725293 3.069108 58.759666 7.401253 0.654229 -67.708549 52.329653 -46.344416 -4.782104 23.337114 -25.325361 
-16.055151 7.010418 92.190529 -123.804182 2.445652 84.688313 21.736797 8.349857 7.802450 -1.533717 3.760295 16.501848 -8.938751 -3.136944 -17.032597 nan nan nan -9.811936 -10.571672 -12.518550 -2.693699 -16.279122 34.839088 2.961117 1.476003 -23.877008 nan nan nan -11.172143 2.576382 8.370828 8.039861 -6.013976 5.685615 4.148338 1.194766 -2.864308 3.319766 -6.359089 8.107176 8.903372 -30.723833 9.292112 0.821360 -16.839192 -5.472969 -76.134277 -50.457736 31.120047 85.748335 -81.726062 -57.426048 19.880631 -30.712811 -40.103033 17.778552 5.676508 3.399491 58.911599 7.483471 0.323457 -67.275952 52.718519 -44.747116 -4.976866 23.392436 -26.113064 
-15.938587 7.838541 92.297859 -123.595347 2.901288 84.571359 22.701678 8.557487 7.575187 -1.202284 3.855198 17.237375 -9.424579 -3.274466 -16.333596 nan nan nan -8.747939 -10.489484 -11.853739 -2.703449 -16.195657 34.482026 2.331460 1.264027 -24.489107 nan nan nan -10.987150 2.274254 8.413858 8.059649 -6.161913 5.883796 4.401533 0.867279 -3.199710 2.434522 -6.035972 8.551741 9.120342 -30.054183 9.022136 0.975099 -15.698647 -5.813112 -75.904881 -49.532295 29.952011 89.112968 -82.190867 -60.197440 20.100730 -30.308108 -40.914566 17.059287 6.215392 4.234454 59.370196 8.131121 -0.024320 -66.555590 53.049027 -43.658542 -5.661851 23.662932 -25.880327 
-15.785450 8.694302 92.429878 -123.409582 3.371798 84.530483 23.592488 8.748211 7.075666 -0.795732 4.122994 18.264343 -9.818686 -3.168283 -15.607790 nan nan nan -7.615644 -10.313862 -11.262179 -2.658075 -16.143010 34.028861 1.836624 0.869032 -25.008137 nan nan nan -11.002958 2.206648 8.519537 8.200607 -6.136531 5.762268 4.665124 0.635528 -3.331712 1.924586 -6.012069 8.717867 9.357102 -29.632706 8.939613 1.106956 -14.813282 -5.984989 -75.747451 -48.962144 29.298774 90.469727 -82.502338 -61.243308 20.569101 -29.945257 -41.481491 16.643797 6.246817 4.535024 59.554801 8.422016 -0.192258 -66.122108 53.435891 -42.900906 -5.911941 23.942309 -25.891915 
-15.609677 9.560317 92.596725 -123.202112 3.781032 84.525839 24.302429 9.030321 6.294967 -0.329065 4.339544 19.685984 -10.014664 -2.860214 -15.048014 nan nan nan -6.534294 -10.160372 -10.721108 -2.517458 -15.999602 33.537723 1.443561 0.412390 -25.478067 nan nan nan -11.052551 2.156513 9.155846 8.277830 -5.926447 4.821264 4.869735 0.427000 -3.264309 1.566215 -6.296016 8.626274 9.657616 -29.240870 9.146516 1.090970 -13.772722 -5.942535 -75.521277 -48.491104 28.743213 91.883721 -83.044600 -62.074508 21.410781 -29.455651 -42.012505 16.497293 5.823216 4.533155 59.731789 8.525859 -0.186402 -65.722634 54.040068 -41.979903 -6.459711 23.956258 -25.991519 
-15.399364 10.416607 92.715309 -122.973059 4.250096 84.551509 24.961866 9.175344 5.166792 0.308895 4.914214 21.633593 -10.126782 -2.401839 -14.418104 nan nan nan -5.394103 -9.904899 -10.256095 -2.399794 -15.995685 33.099227 0.850004 -0.134222 -25.892480 nan nan nan -11.511246 2.435178 8.832944 8.529336 -6.055677 4.976052 4.995997 0.905028 -3.338841 2.419116 -6.597939 8.735781 9.676723 -29.681832 9.431581 1.338167 -14.160805 -5.522177 -74.939917 -48.450942 28.490665 90.340006 -82.386702 -60.898474 21.839161 -29.282540 -42.234427 16.825140 5.524931 4.256206 59.388605 8.038382 -0.282845 -65.871244 54.138498 -41.949393 -6.453994 23.594629 -25.954228 
-15.155045 11.267500 92.812965 -122.758715 4.736907 84.548433 25.467800 9.314092 3.768188 1.285370 5.507579 24.093923 -10.175254 -1.589178 -13.575561 nan nan nan -4.160632 -9.781996 -9.785521 -2.448878 -15.949967 32.658662 0.222331 -0.592906 -26.223347 nan nan nan -11.789737 2.612216 8.804380 8.680403 -6.146147 4.994031 5.046244 1.507419 -3.311969 3.207779 -7.012200 8.343207 9.634411 -30.059348 9.648140 1.616416 -14.045555 -5.275900 -74.754665 -48.542119 28.427714 89.543252 -81.995619 -60.585412 21.836831 -29.401178 -43.408154 16.897719 4.901338 3.651969 59.325405 7.779637 -0.262165 -65.664590 54.390838 -41.704459 -6.138659 23.623858 -26.248530 
-14.911621 12.110232 92.928261 -122.523318 5.127485 84.563986 25.606153 9.233241 2.129929 2.657276 6.238004 26.890760 -9.948146 -0.066866 -12.814150 nan nan nan -3.080897 -9.700301 -9.272255 -2.380364 -15.904349 32.092022 -0.305529 -1.081736 -26.520168 nan nan nan -11.741427 2.580644 9.092403 8.588819 -6.174009 4.528604 5.008332 1.693616 -3.248553 3.439417 -7.239381 8.157836 9.692366 -29.964392 9.977299 1.508530 -13.201113 -5.192583 -74.185166 -48.157918 27.800322 90.195025 -82.361360 -61.298907 21.417543 -29.451989 -43.968097 16.830285 4.573356 3.472629 59.512654 7.924955 -0.131191 -65.041616 54.567825 -40.837087 -6.487509 23.838801 -26.486761 
-14.665394 12.920682 93.033043 -122.244668 5.477558 84.715816 25.443035 8.900056 0.143613 4.373554 7.255656 29.973279 -9.223058 2.165751 -12.072120 nan nan nan -2.083400 -9.559689 -8.854289 -2.122119 -15.835684 31.396767 -0.819863 -1.755188 -26.743140 nan nan nan -11.631219 2.559838 9.266201 8.510450 -6.182022 3.844292 4.896565 1.795559 -2.914809 3.581401 -7.619224 7.861686 9.712181 -29.801921 10.406884 1.241499 -12.296808 -5.054336 -73.491206 -47.774876 27.117715 90.929118 -82.745123 -61.768106 20.883941 -29.153716 -43.865054 16.735391 4.371510 3.361472 59.773016 8.055771 0.260291 -65.103288 54.313735 -40.212632 -6.462571 23.798764 -26.572102 
-14.422169 13.719504 93.131683 -121.907957 5.868167 84.869848 25.183718 8.472719 -2.031074 6.285381 8.508338 33.286495 -8.516965 4.586560 -10.847899 nan nan nan -1.090612 -9.463957 -8.399209 -1.813798 -15.869766 30.630726 -1.396548 -2.521041 -26.836466 nan nan nan -11.377112 2.631371 9.375778 8.417027 -6.128264 3.266450 4.767707 1.812311 -2.564046 3.599844 -8.204896 7.521785 9.795928 -29.606126 10.714633 0.859985 -11.396137 -4.839396 -72.801755 -47.374722 26.338114 91.174891 -83.056878 -61.638745 20.289635 -28.659392 -44.026859 16.572351 4.131913 3.285630 60.012041 8.253749 0.631159 -65.063063 54.103829 -39.635459 -7.299893 23.687833 -27.248433 
-14.180329 14.515019 93.240204 -121.556049 6.229122 84.934982 24.845201 7.925379 -4.209977 8.261789 9.918961 36.702931 -7.882503 7.102105 -9.501230 nan nan nan -0.177852 -9.364280 -7.838845 -1.506427 -15.968732 29.871842 -1.838854 -3.168932 -26.973749 nan nan nan -11.037157 2.961191 9.554085 8.252045 -6.042449 2.912563 4.638271 1.712748 -2.400504 3.663614 -8.833862 7.151915 9.960717 -29.485288 10.866747 0.562957 -10.729519 -4.573858 -71.976270 -46.850923 25.458396 92.331756 -83.240995 -62.730749 19.754143 -28.319440 -43.806195 16.461450 3.632201 2.997466 60.021003 8.282740 0.676103 -64.730857 54.387201 -39.076888 -8.013293 23.473282 -27.021997 
-13.951281 15.302138 93.339333 -121.189586 6.589325 84.921317 24.510689 7.284684 -6.343401 10.026913 11.077850 40.071804 -6.749788 9.261658 -8.513442 nan nan nan 0.725692 -9.251020 -7.190905 -1.151800 -15.989901 29.094180 -2.261091 -3.853383 -27.097143 nan nan nan -10.650163 3.380628 9.725570 8.077218 -5.955294 2.668122 4.499629 1.659044 -2.145074 3.866851 -9.510433 6.682799 10.188275 -29.358012 10.832398 0.339478 -10.305039 -4.213405 -71.020998 -46.359739 24.500903 94.091425 -83.293270 -64.542786 19.658592 -28.181814 -43.109717 16.394646 3.176691 2.667669 59.959343 8.348389 0.622100 -64.524146 54.604047 -38.891707 -9.348407 23.241276 -26.383687 
-13.755785 16.037828 93.413994 -120.878658 6.965493 84.819477 24.122205 6.729844 -8.315798 11.108021 11.378228 43.138241 -5.410251 10.715425 -8.122570 nan nan nan 1.596791 -9.232322 -6.467496 -0.716461 -15.806048 28.293382 -2.619907 -4.594630 -27.141379 nan nan nan -10.281497 3.583014 9.914893 8.034340 -5.854333 2.544725 4.367330 1.835554 -1.817575 4.006028 -10.200155 6.063318 10.178524 -29.196787 10.865711 -0.097917 -9.766536 -3.870457 -70.505530 -45.718216 23.761621 93.593935 -83.246809 -62.576038 21.286599 -27.732594 -44.030183 16.174871 3.031230 2.540951 59.909971 8.651341 0.458776 -64.331107 54.576802 -38.169003 -11.403337 23.258824 -27.382575 
-13.601251 16.735170 93.487999 -120.698200 7.239495 84.572453 23.550227 5.931324 -9.855139 11.541483 11.371263 45.687595 -4.300516 11.661314 -8.387424 nan nan nan 2.259620 -9.198089 -5.626985 -0.405884 -15.807515 27.599225 -2.786828 -5.045685 -27.233372 nan nan nan -9.838412 3.848451 10.322712 7.887117 -5.666182 2.499238 4.273296 1.975151 -1.739170 3.834421 -10.987303 5.675953 10.323303 -28.962805 10.844703 -0.645824 -9.162733 -3.772891 -69.672646 -44.773688 22.732269 93.613755 -83.102589 -62.707403 20.967052 -28.106697 -43.823872 15.815133 3.188608 2.539053 59.824998 8.716728 0.153204 -64.443017 54.448777 -38.675767 -11.123634 23.476151 -28.011285 
-13.468847 17.432610 93.545952 -120.648686 7.411664 84.235234 22.780400 5.159303 -11.016924 10.370148 10.186361 47.655704 -4.232712 9.863716 -10.224639 nan nan nan 2.801252 -9.162989 -4.776331 -0.361969 -15.998910 27.073406 -2.665493 -5.033117 -27.449892 nan nan nan -9.276422 4.445024 10.893565 7.627809 -5.383567 2.456982 4.073223 1.959227 -1.846680 4.162941 -11.294556 5.380946 10.381550 -29.397311 10.412374 -1.152060 -8.637109 -3.723661 -68.816663 -43.828034 21.892389 92.929086 -82.932170 -62.578023 20.703647 -28.588328 -43.771599 15.700055 3.252785 2.549447 59.510415 8.635361 -0.038525 -64.749205 54.378363 -39.259371 -13.906786 23.583976 -28.338928 
-13.335804 18.103636 93.572166 -120.761522 7.621707 83.980740 21.917206 4.574630 -12.154973 8.534614 8.525139 49.137480 -4.124959 8.249238 -12.146324 nan nan nan 3.455612 -9.226581 -4.144058 -0.190832 -15.650579 26.552492 -2.598775 -5.439918 -27.630021 nan nan nan -8.668557 5.071006 11.384067 7.414608 -4.962180 2.141551 3.875390 1.957230 -1.626918 4.314472 -11.942730 5.104246 10.637454 -29.503406 9.842397 -1.624258 -8.117759 -3.656780 -68.469784 -42.510800 21.702405 94.828267 -82.884718 -63.841621 22.915215 -26.738883 -45.542715 15.556188 3.235782 2.311711 59.055289 8.522644 -0.292253 -64.725935 54.478257 -38.868869 -15.867356 23.174859 -28.543317 
-13.212247 18.758228 93.564781 -121.012434 7.803517 83.834925 20.892578 4.015178 -13.406022 6.618865 7.190311 50.382943 -3.669076 7.478665 -13.799303 nan nan nan 4.108296 -9.320621 -3.718110 0.152793 -14.787047 26.057761 -2.559615 -6.224772 -27.710224 nan nan nan -8.212861 5.602486 11.656028 7.279781 -4.528533 1.610319 3.696708 2.177259 -0.906095 4.286163 -12.912099 4.508324 11.029209 -29.324750 9.598344 -2.044352 -7.617671 -3.987058 -68.432417 -41.190332 22.643367 94.697532 -83.010239 -65.300497 30.846500 -22.619145 -47.191494 15.282080 3.253854 1.629481 58.575168 8.078199 -0.053777 -64.961858 54.288386 -39.423295 -16.695400 22.678399 -27.659232 
-13.185124 19.430527 93.517616 -121.182350 7.984030 83.680242 19.630618 3.523361 -14.713610 5.416929 6.330566 51.679396 -3.130894 7.053441 -15.250894 nan nan nan 4.687052 -9.392632 -3.133156 0.056811 -14.715220 25.627399 -2.936179 -6.119714 -27.751296 nan nan nan -7.523386 5.915976 11.473202 6.738004 -4.153279 2.377771 3.571139 2.400072 -1.134900 4.346514 -13.750244 4.787809 11.405410 -28.860710 8.497633 -2.924769 -7.338589 -3.917481 -66.493082 -38.334540 20.661630 118.359930 -80.841204 -87.448463 20.974732 -19.503745 -39.640062 15.073203 3.763053 1.782029 58.159362 7.754809 -1.048422 -66.223996 54.453784 -41.071316 -14.748332 21.699182 -26.038604 
-13.142290 20.087324 93.531273 -121.393920 8.042784 83.327567 18.363645 2.171113 -15.663669 4.429731 6.533235 52.742508 -2.683549 7.122237 -16.787901 nan nan nan 5.098140 -8.913735 -2.205951 0.298123 -14.728132 24.915586 -2.833839 -6.475201 -27.960674 nan nan nan -7.134671 6.551938 11.807590 6.712537 -3.872813 2.121433 3.306060 2.681708 -0.710414 4.736882 -13.969270 4.034784 10.934154 -29.640440 9.018403 -3.543847 -6.814297 -3.839528 -65.957462 -38.807634 19.746480 95.300905 -81.654952 -65.749763 23.168220 -26.769980 -42.569455 14.782126 3.597358 1.412951 57.700513 7.775577 -0.884185 -66.030073 53.894869 -40.757303 -16.098296 23.028263 -28.163835 
-13.104523 20.740223 93.536980 -121.628881 8.177959 83.172535 17.095717 1.091242 -16.829700 3.284761 6.510072 53.547157 -1.940212 7.580836 -17.927983 nan nan nan 5.750895 -8.665222 -1.593406 0.308525 -14.495199 24.334662 -2.996794 -6.830220 -28.119849 nan nan nan -6.706852 7.024630 11.809399 6.568204 -3.523213 2.113049 3.191080 2.945192 -0.489572 4.780212 -14.673642 3.980297 10.992463 -29.726853 8.694389 -4.316810 -6.108243 -3.726910 -65.257087 -37.613318 19.112245 93.818008 -81.418336 -64.696301 23.096970 -27.338214 -42.427523 14.737160 3.646827 1.375064 56.727890 7.741237 -1.095109 -65.679561 53.811607 -40.498584 -17.108691 23.369779 -28.331906 
-13.080418 21.389759 93.547272 -121.952446 8.271346 83.004985 15.826542 -0.147448 -17.850590 1.883464 6.504902 54.047632 -1.282296 7.792071 -18.606235 nan nan nan 6.411228 -8.427851 -0.947291 0.320082 -14.073855 23.697516 -3.113907 -7.323533 -28.199568 nan nan nan -6.332518 7.512567 11.854925 6.420932 -3.164959 2.128354 3.018474 3.340221 -0.382322 4.855960 -15.449308 3.849534 11.054205 -29.697224 8.504438 -4.961690 -5.477147 -3.819374 -64.778943 -36.158299 18.824850 93.134135 -80.771293 -64.294758 22.549776 -27.325355 -41.799128 14.722352 3.629051 1.075814 55.925149 7.387102 -1.197234 -66.015236 53.207746 -40.449765 -14.328534 22.986179 -25.063776 
-13.090325 22.072884 93.556488 -122.440003 8.405235 82.726177 14.578956 -1.194584 -18.582229 0.377344 6.153437 54.156516 -1.043248 7.563855 -19.304991 nan nan nan 7.084222 -8.189132 -0.133929 0.389458 -13.573569 23.020547 -3.159203 -7.684488 -28.208170 nan nan nan -5.824748 7.944129 12.035003 6.108978 -2.657736 2.011314 2.828022 3.677186 -0.198918 5.095913 -16.118521 3.621926 10.949712 -29.644923 8.402289 -5.417766 -4.646127 -3.683607 -64.172256 -34.798355 18.363241 93.860330 -80.132322 -65.349508 22.159325 -27.296721 -41.987872 14.687013 3.539730 0.833318 54.829302 7.471520 -1.442654 -64.411457 53.527014 -40.191142 -13.712420 23.437379 -26.017579 
-13.154569 22.813404 93.572960 -123.046502 8.626107 82.328716 13.475166 -2.058182 -18.964807 -0.872310 5.844455 53.770822 -0.865878 6.944585 -20.187490 nan nan nan 7.864201 -8.023975 0.883568 0.397595 -12.953103 22.233507 -3.161079 -8.008514 -28.268338 nan nan nan -5.264367 8.387101 12.092234 5.848538 -2.159570 2.150896 2.680788 4.001893 -0.090911 5.224919 -16.720595 3.505781 10.830580 -29.542446 8.317528 -5.913420 -3.760265 -3.629114 -63.404075 -33.186765 17.657112 95.268832 -79.597682 -67.422459 22.004097 -27.630671 -41.822119 14.668984 3.540017 0.609789 53.868177 7.352697 -1.756104 -63.498863 53.591075 -40.167865 -11.978835 23.814305 -24.845318 
-13.244780 23.560425 93.578850 -123.639453 8.864054 82.074852 12.401400 -2.897151 -19.452870 -1.867140 5.525363 53.061773 -0.892772 6.244714 -21.191391 nan nan nan 8.658348 -7.821032 1.749378 0.337061 -12.525991 21.497536 -3.144478 -8.267281 -28.431364 nan nan nan -4.753835 8.765617 11.987405 5.662892 -1.718952 2.222382 2.569529 4.367156 0.007606 5.310002 -17.165840 3.685017 10.866749 -29.588960 7.794748 -6.513768 -2.824764 -3.517696 -62.537268 -31.480725 16.743706 96.282371 -79.317010 -68.572397 23.088336 -27.528543 -41.625409 14.581107 3.600399 0.719081 53.221392 7.249630 -1.886676 -63.052656 53.619168 -39.771847 -14.253583 23.390638 -25.345886 
-13.343303 24.279778 93.570641 -124.094216 9.056172 81.996556 11.251779 -3.786940 -20.107385 -2.783835 4.968278 52.047852 -1.291564 5.302569 -22.248631 nan nan nan 9.300839 -7.605711 2.440485 0.362460 -12.392128 20.806967 -2.954336 -8.307946 -28.582194 nan nan nan -4.401917 9.120652 12.050345 5.543708 -1.343103 1.931036 2.465171 4.753453 0.022587 5.591863 -17.441000 3.840707 10.863454 -29.900700 7.139019 -6.931696 -1.791551 -3.204331 -61.979803 -29.819986 15.973946 96.102579 -78.803455 -67.907675 24.451067 -28.174693 -43.032419 14.455361 3.470866 0.823911 52.610252 7.238308 -1.902146 -62.453241 53.617132 -38.439142 -16.283126 22.910279 -26.704418 
-13.457567 25.000528 93.529350 -124.536523 9.243852 81.907800 10.033851 -4.464793 -20.672289 -3.562969 4.192751 50.836065 -1.663743 4.296971 -23.058343 nan nan nan 9.855679 -7.556109 3.120781 0.450988 -12.132364 20.139231 -2.747787 -8.277002 -28.850871 nan nan nan -4.079137 9.510001 12.144979 5.394578 -0.978060 1.675337 2.355861 5.124720 -0.033173 5.924766 -17.759562 3.999414 10.860243 -30.128292 6.548479 -7.071752 -0.695023 -3.046750 -61.626504 -28.312069 15.322898 94.556769 -78.267318 -66.150547 24.475101 -28.205645 -44.379075 14.337139 3.191662 0.781697 52.003860 7.302667 -1.925069 -61.661810 53.570214 -37.204207 -17.141862 22.689884 -26.694881 
-13.590690 25.730154 93.472054 -124.942715 9.423466 81.787416 8.823384 -5.160369 -21.129787 -4.208941 3.417028 49.463523 -2.002245 3.702222 -23.585881 nan nan nan 10.349338 -7.682849 3.883227 0.575638 -11.686805 19.430807 -2.515340 -8.175643 -29.074499 nan nan nan -3.739738 9.857642 12.041887 5.213446 -0.684510 1.812168 2.270156 5.454973 -0.163840 6.008364 -18.260356 4.246469 11.035598 -29.970670 5.867201 -7.307553 0.352565 -3.247298 -61.017864 -26.607764 14.707468 96.282471 -77.682395 -68.419945 22.215843 -26.981784 -43.758344 14.127977 3.117036 0.647545 51.574992 7.312608 -2.042993 -61.225389 53.514476 -37.078004 -15.485564 22.356271 -25.338440 
-13.737079 26.476423 93.398849 -125.412031 9.655527 81.708720 7.748427 -5.866624 -21.604574 -4.541823 2.707561 47.985325 -2.359703 3.295441 -24.024402 nan nan nan 10.875716 -7.708037 4.586944 0.703790 -11.440444 18.858908 -2.080299 -7.885868 -29.183288 nan nan nan -3.374527 10.107314 11.989614 5.028805 -0.403028 1.656587 2.191450 5.824524 -0.134356 6.222537 -18.413187 4.338773 11.100320 -30.140611 5.332717 -7.589076 1.369863 -3.276516 -59.988376 -24.808492 13.764455 97.639764 -77.511248 -69.480804 22.151128 -27.366506 -41.142302 13.853018 3.188173 0.864967 51.236693 7.198561 -2.170592 -60.679748 53.525461 -36.948975 -18.133236 21.787869 -25.935033 
-13.887599 27.223396 93.296326 -125.949062 9.920861 81.716352 6.765025 -6.581779 -22.153837 -4.563335 2.095460 46.459583 -2.485221 3.007140 -24.320245 nan nan nan 11.418460 -7.760723 5.097612 0.794558 -11.184408 18.457298 -1.648463 -7.577820 -29.312773 nan nan nan -3.053596 10.343372 11.885566 4.857923 -0.045017 1.414372 2.079469 6.275404 -0.137914 6.512337 -18.580905 4.315748 11.171486 -30.481490 4.999941 -7.642232 2.464510 -3.077524 -59.118956 -23.335933 12.957214 98.291089 -77.033333 -70.519382 22.495329 -28.250506 -40.974584 13.639977 3.048366 0.984999 50.732064 7.186262 -2.353928 -59.735859 53.447551 -36.303849 -18.988199 22.184488 -26.530675 
-14.075706 27.993452 93.196388 -126.389582 10.196467 81.709886 5.763933 -7.333934 -22.660226 -4.412838 1.434537 44.924686 -2.155886 2.980213 -24.497090 nan nan nan 11.858480 -8.140934 5.775890 0.987106 -10.772059 17.811419 -1.393297 -7.212083 -29.358154 nan nan nan -2.687144 10.655669 11.703680 4.643786 0.266873 1.265112 1.963557 6.651582 -0.139505 6.781970 -18.934169 4.308164 11.278199 -30.633128 4.684895 -7.622235 3.491738 -2.984463 -58.322598 -21.879360 12.248103 98.578150 -76.451910 -71.678030 22.727332 -28.414151 -41.752269 13.368111 2.843683 0.964059 50.347179 7.204348 -2.637188 -58.716062 53.331110 -35.498380 -18.107346 22.499499 -25.461944 
-14.302965 28.785843 93.101295 -126.741993 10.421359 81.538985 4.764548 -8.237035 -22.952001 -4.207187 0.811671 43.371818 -1.497435 3.315203 -24.479256 nan nan nan 12.110245 -8.716581 6.769615 1.286822 -10.286340 17.026099 -1.435678 -6.871448 -29.263337 nan nan nan -2.309904 11.058865 11.627568 4.399970 0.555804 1.122176 1.920659 6.831168 0.010924 6.937041 -19.359106 4.208006 11.266475 -30.639492 4.441810 -7.590919 4.460022 -3.017591 -57.597133 -20.458070 11.471941 98.104938 -75.844052 -71.857786 22.726126 -28.367129 -41.809789 12.949878 2.685678 0.902253 50.122496 7.142417 -2.757131 -57.817139 53.411372 -35.157011 -17.736408 22.114812 -24.714641 
-14.539761 29.567856 92.998863 -127.110434 10.584069 81.277398 3.884680 -9.253428 -23.082120 -4.103034 0.442433 41.832966 -1.058391 3.783251 -24.085942 nan nan nan 12.245168 -9.182358 7.843002 1.669895 -9.711732 16.302149 -1.514461 -6.737745 -29.211705 nan nan nan -2.018395 11.445192 11.655086 4.181998 0.863613 0.961502 1.860158 7.013475 0.181014 7.133056 -19.681297 3.866230 11.182038 -30.714846 4.456682 -7.464171 5.467655 -3.040272 -56.878029 -19.290529 10.773558 96.778060 -75.160582 -71.037862 23.021872 -28.626121 -42.291125 12.619782 2.562168 0.854074 49.832848 7.023846 -2.631606 -57.050822 53.246899 -34.797906 -17.766929 22.042625 -24.804237 
-14.781257 30.359398 92.885307 -127.575001 10.758984 81.070052 3.199173 -10.163855 -23.203826 -4.008233 0.398910 40.368266 -0.961428 4.196465 -23.405770 nan nan nan 12.397662 -9.596566 8.894296 2.102572 -9.021048 15.513275 -1.637329 -6.685104 -29.318913 nan nan nan -1.794576 11.824940 11.488455 4.013869 1.150087 0.896224 1.765009 7.255910 0.350483 7.385856 -19.874901 3.493642 11.152590 -30.894449 4.439071 -7.216741 6.482265 -2.973007 -56.138643 -18.313818 9.967098 95.646442 -74.387005 -70.023069 22.862648 -28.648626 -43.101351 12.444016 2.414691 0.912854 49.458019 7.043301 -2.706752 -56.284309 52.685558 -33.705629 -17.312899 22.665591 -24.427627 
-15.041111 31.195375 92.776062 -128.103640 10.902422 80.847703 2.633482 -10.877764 -23.290658 -3.881952 0.515223 39.034497 -1.007758 4.550364 -22.398772 nan nan nan 12.570085 -9.891702 10.028118 2.498008 -8.362410 14.631262 -1.717819 -6.656250 -29.479416 nan nan nan -1.715977 12.298231 11.232898 3.886275 1.449574 0.887976 1.724149 7.453953 0.471536 7.637741 -20.054732 3.368660 11.289721 -31.097616 4.077815 -7.023799 7.399023 -2.945101 -55.253910 -17.288264 9.069985 95.209495 -73.608180 -69.267659 22.070456 -28.264965 -42.678960 12.267518 2.258015 1.109619 49.259492 6.805236 -2.588928 -55.828226 52.439267 -33.187805 -17.620303 22.283691 -24.492433 
-15.278542 32.072746 92.671944 -128.789061 11.058107 80.647214 2.325954 -11.288920 -23.485845 -3.904051 0.674001 37.980527 -1.093031 4.554636 -20.829236 nan nan nan 12.817123 -10.079284 11.038398 2.857796 -7.550519 13.946408 -1.786918 -6.576677 -29.686939 nan nan nan -1.781064 12.828729 10.893976 3.808739 1.799198 1.046362 1.687761 7.680175 0.339202 7.887730 -20.240850 3.386340 11.511549 -31.260064 3.669702 -6.734718 8.282239 -2.878313 -54.298055 -16.108639 8.247976 94.862799 -72.917929 -68.277041 21.796167 -27.669878 -42.432971 12.080592 2.207455 1.350248 49.190762 6.578247 -2.651838 -55.262181 52.031264 -32.345504 -17.830298 22.562076 -24.943864 
-15.450937 32.993244 92.579475 -129.716039 11.372895 80.512907 2.472617 -11.445587 -23.826855 -3.981352 0.907056 37.196624 -1.233755 4.375546 -18.879932 nan nan nan 13.446243 -10.000227 11.823274 2.973230 -6.858929 13.441504 -1.876980 -6.411927 -29.843572 nan nan nan -1.887515 13.397689 10.341127 3.795168 2.268892 1.343286 1.721581 7.950248 0.070875 8.127053 -20.336416 3.480961 11.877211 -31.448503 3.150645 -6.452375 9.046601 -2.764863 -53.174211 -14.963427 7.543746 94.267228 -72.238413 -68.050858 21.308827 -27.535355 -42.463178 11.866109 2.181967 1.715893 49.163852 6.291170 -2.738913 -54.572947 51.851606 -31.699745 -18.675703 22.688505 -26.455676 
-15.627770 33.960724 92.493599 -130.718312 11.722556 80.312134 2.735354 -11.542967 -24.088024 -3.784391 1.352357 36.701340 -1.266158 4.265341 -16.817189 nan nan nan 14.168079 -9.879157 12.714071 2.914824 -6.439771 12.911963 -2.050603 -6.122946 -29.893326 nan nan nan -2.053966 13.975249 9.674826 3.808797 2.723321 1.756440 1.779539 8.292799 -0.266327 8.414768 -20.394747 3.706398 12.329140 -31.613025 2.487121 -6.077059 9.620560 -2.446093 -52.046118 -14.079309 6.699920 93.644603 -71.544532 -68.325231 19.956322 -28.407807 -42.180558 11.735128 2.037888 2.151122 48.957078 5.935508 -2.871620 -53.634500 52.070765 -31.029866 -19.363976 22.249817 -27.715243 
-15.873903 34.969795 92.392906 -131.607131 11.893560 80.008295 2.760894 -11.633955 -24.175877 -3.410726 1.749326 36.545622 -0.987482 4.161931 -14.838056 nan nan nan 14.546527 -10.008734 13.919139 2.966347 -5.764095 12.193617 -2.148757 -5.683411 -29.918559 nan nan nan -2.464866 14.477522 9.039210 3.843645 2.998710 2.177064 1.809450 8.711777 -0.571015 8.782129 -20.419622 3.813292 12.565571 -31.722610 2.245264 -5.517268 10.295586 -2.063382 -51.125587 -13.526061 5.844542 92.942438 -70.930755 -68.403051 19.257929 -29.256884 -41.887447 11.812154 1.790016 2.524950 48.684505 5.653578 -2.921452 -52.515476 51.989913 -30.101713 -19.271075 22.770743 -27.425284 
-16.100594 36.007000 92.276787 -132.455435 12.031498 79.821582 2.882438 -11.688523 -24.438596 -3.136620 1.921959 36.840678 -0.219677 4.197184 -12.937504 nan nan nan 14.945614 -10.161933 15.016529 3.008045 -4.684389 11.477239 -2.290026 -5.603791 -29.896020 nan nan nan -3.123567 14.973742 8.250626 3.970915 3.249526 2.430285 1.899068 9.131484 -0.687429 9.097881 -20.495565 3.921403 12.849032 -31.837863 2.044763 -4.815121 11.110908 -1.853085 -50.568384 -13.628719 5.310280 91.136997 -70.123689 -67.295471 21.189004 -28.387899 -41.968507 11.917478 1.403563 2.761385 48.572944 5.309480 -2.696670 -51.535409 51.651444 -28.847222 -19.268092 24.022938 -27.167266 
-16.337898 37.055054 92.177399 -133.287699 12.132532 79.515952 2.972310 -11.692349 -24.497896 -2.674593 2.097419 37.456193 0.651539 4.467234 -11.354886 nan nan nan 15.221336 -10.421848 16.206236 2.895048 -3.955149 10.936129 -2.298609 -5.159373 -29.991320 nan nan nan -3.791516 15.509707 7.635392 4.048100 3.478708 2.660185 1.970683 9.470137 -0.960912 9.353509 -20.387789 4.322121 13.365934 -32.103015 1.642280 -4.139279 11.748161 -1.616868 -49.742797 -13.418475 4.795897 90.358109 -69.641584 -66.972101 21.722632 -28.367797 -42.658392 11.883197 1.004358 3.054942 48.794838 4.707920 -2.397739 -50.912651 51.975203 -27.949890 -19.526539 24.089896 -28.205287 
-16.683352 38.134148 92.088890 -134.169079 12.121002 78.848047 2.819468 -11.368475 -24.005689 -2.060549 2.254679 38.378270 1.466487 5.309509 -10.484453 nan nan nan 15.049807 -10.988519 17.873326 2.809547 -3.237499 10.482203 -2.085076 -4.211559 -30.149976 nan nan nan -4.372282 16.067348 7.279676 4.045443 3.617297 2.948589 2.031041 9.771519 -1.256085 9.503400 -20.221925 4.925591 13.972784 -32.261953 1.173615 -3.377494 12.094259 -1.362910 -48.633822 -12.696885 4.150325 90.604663 -69.536758 -67.135467 22.485121 -28.003643 -42.191475 11.679953 0.770134 3.353830 49.268217 3.857412 -2.291536 -49.930436 52.864441 -27.065863 -19.935228 23.706872 -30.030587 
-17.071106 39.242115 91.988739 -135.075609 12.139446 78.119204 2.911130 -11.142431 -23.363208 -1.594384 2.642845 39.710331 1.983717 6.247597 -10.721108 nan nan nan 14.904414 -11.303461 19.571256 2.866655 -2.318951 10.162546 -1.770827 -3.625742 -30.282577 nan nan nan -4.854734 16.599454 6.704925 4.051568 3.768935 3.498134 2.060065 9.989732 -1.559855 9.549552 -20.148863 5.578711 14.448751 -32.107636 0.849534 -2.546357 12.348081 -1.086526 -47.566148 -12.033399 3.352251 90.963073 -69.551769 -67.453524 22.599250 -28.043341 -40.701400 11.433559 0.629322 3.736846 49.865737 2.936578 -2.255030 -48.623785 53.387794 -25.830502 -19.784163 24.082339 -30.799204 
-17.427240 40.356144 91.886734 -135.871200 12.235751 77.557139 3.352386 -11.135883 -22.803381 -1.603388 2.822259 41.222398 2.113572 6.442413 -11.801031 nan nan nan 14.865515 -11.399044 20.862795 3.086325 -1.520045 10.285447 -1.260996 -3.149942 -30.392185 nan nan nan -5.255702 17.038797 5.944902 4.028234 3.881139 4.134719 2.003443 10.169303 -1.938894 9.518061 -20.086935 6.376027 15.099726 -31.955925 0.335774 -1.658352 12.480905 -0.798819 -46.565351 -11.633487 2.505013 90.967448 -69.548211 -67.832543 22.307699 -28.538384 -39.569302 11.123964 0.414267 4.192748 50.665345 1.840539 -2.083582 -46.802513 53.903639 -23.795013 -20.205347 24.231876 -30.738438 
-17.764690 41.446053 91.802185 -136.489501 12.393833 77.118241 3.968080 -11.205263 -22.250047 -2.019322 2.570024 42.532902 2.009949 6.276188 -12.964232 nan nan nan 14.817607 -11.501586 21.698483 3.370081 -0.874164 11.106001 -0.603731 -2.504374 -30.522697 nan nan nan -5.652730 17.349298 5.200216 4.033333 3.933418 4.662095 1.911712 10.288445 -2.305721 9.518773 -19.903253 7.176996 15.850692 -31.932002 -0.281573 -0.877706 12.567664 -0.675436 -45.653740 -11.343129 2.078344 91.358668 -69.754801 -68.465008 23.003371 -28.349390 -39.140816 10.877430 0.056655 4.660934 51.457684 0.619222 -1.740520 -44.230517 54.804827 -20.808951 -21.605833 23.305408 -29.615603 
-18.105831 42.500198 91.735779 -136.957820 12.486713 76.632246 4.459761 -11.269254 -21.489563 -2.468616 2.169162 43.467495 1.838442 6.510705 -14.071910 nan nan nan 14.649910 -11.579198 22.110957 3.586575 -0.469522 12.932730 0.155034 -1.616968 -30.755476 nan nan nan -6.078129 17.548655 4.532973 4.049841 3.969924 5.250566 1.754484 10.294660 -2.596247 9.687159 -19.528774 7.776733 16.479303 -31.959993 -0.820736 -0.181852 12.655500 -0.812140 -45.089184 -11.241346 2.025819 92.384713 -70.010671 -68.941937 24.117484 -27.298702 -38.729026 10.684378 -0.369136 4.951502 52.442360 -0.551205 -1.362404 -41.754171 55.861892 -18.318160 -22.255338 21.973214 -29.646252 
-18.461399 43.500237 91.676903 -137.284825 12.426921 76.219189 4.710745 -11.344049 -20.590683 -2.743564 2.022425 43.888387 1.734077 6.862348 -15.292179 nan nan nan 14.368471 -11.388063 21.878235 3.630008 -0.960854 15.823096 1.031513 -0.144261 -30.889275 nan nan nan -6.589162 17.637295 3.862489 3.989934 3.939237 5.887849 1.553060 10.208633 -2.918027 10.024298 -18.857846 8.372181 17.050597 -32.115189 -1.430829 0.495928 12.564592 -0.825594 -44.458898 -11.366175 1.588369 92.941211 -70.095257 -69.738636 23.306442 -27.976279 -37.477440 10.594108 -0.842861 5.296730 53.594423 -1.722811 -1.100442 -39.000545 56.616950 -15.463675 -22.356514 21.624296 -30.029527 
-18.791395 44.437344 91.651665 -137.457554 12.289164 75.820309 4.749398 -10.978682 -19.557477 -3.240421 1.689385 43.867153 1.800596 7.358963 -16.314202 nan nan nan 13.966369 -11.147855 21.016604 3.540856 -1.908196 19.741364 2.067060 1.416754 -30.826066 nan nan nan -7.172537 17.517757 3.540675 3.870155 3.901460 6.060996 1.414943 10.080150 -3.075272 10.166979 -18.341490 9.204304 17.697799 -32.071233 -2.077462 1.170432 12.408194 -0.711730 -44.451821 -11.759477 1.650793 93.963832 -70.239368 -71.129786 24.412517 -27.843765 -38.915206 10.427389 -1.256249 5.754178 55.005234 -3.043699 -0.690526 -35.951544 57.057442 -12.242911 -23.041169 21.407765 -31.164378 
-19.071859 45.318050 91.665573 -137.374511 12.118369 75.450326 4.629418 -10.120349 -18.521948 -3.769597 1.218651 43.698059 2.155183 7.896501 -17.219556 nan nan nan 13.486359 -10.838788 19.456148 3.447316 -2.978022 24.646470 3.012251 2.635539 -30.574091 nan nan nan -7.839732 17.140308 3.569164 3.682884 3.885421 5.845054 1.352292 9.868186 -3.030823 10.271270 -17.884534 9.832809 18.295175 -31.933445 -2.386858 1.652630 12.240912 -0.718569 -44.582960 -12.568543 1.603842 94.749151 -70.579283 -71.787687 25.432463 -27.937205 -40.808114 10.285021 -1.662720 6.231551 56.634296 -4.295120 -0.239416 -32.606957 57.048588 -9.073783 -24.498404 21.412636 -33.178727 
-19.299067 46.143948 91.694466 -136.990155 11.941573 75.235031 4.416823 -9.155960 -17.631525 -4.116452 0.724094 43.491244 3.089092 8.264354 -18.039354 nan nan nan 12.951476 -10.424210 17.208716 3.419651 -4.199625 30.046365 3.508973 3.114060 -30.189639 nan nan nan -8.622717 16.487895 3.612373 3.515479 3.840453 5.475870 1.310730 9.602357 -2.715816 10.358127 -17.475617 10.218114 18.691769 -31.680458 -2.362162 1.743073 12.087915 -0.812401 -44.684886 -13.908157 1.776204 95.916357 -71.139308 -72.890563 26.789423 -27.555295 -42.679013 10.433726 -2.278964 6.601745 58.265545 -5.347724 0.373117 -29.702926 56.478482 -6.499055 -26.053969 21.257483 -34.704498 
-19.497589 46.924530 91.743179 -136.532944 11.796689 74.903779 4.193366 -8.071013 -16.625604 -4.176298 0.279049 43.323542 3.950281 8.202867 -18.735865 nan nan nan 12.513303 -9.805928 14.715839 2.765179 -5.968220 35.479499 3.468997 2.658960 -30.301387 nan nan nan -9.275715 15.683790 4.029594 3.298011 3.862682 4.909650 1.285477 9.318336 -2.329798 10.414673 -17.145338 10.556478 18.817696 -31.275133 -2.050646 1.435773 11.749819 -0.916916 -44.631446 -15.425954 2.242983 97.715753 -71.645850 -74.998268 27.608703 -27.030968 -43.049937 10.889573 -3.005765 6.871178 59.800036 -6.482209 0.789659 -27.312080 55.723307 -4.826581 -26.831099 21.016603 -35.232400 
-19.712017 47.640381 91.818527 -135.842941 11.787169 74.404628 4.008744 -7.111429 -15.486093 -4.200532 -0.434830 43.203285 4.491748 7.852682 -19.268098 nan nan nan 12.132115 -9.066936 12.220615 1.517109 -8.088646 40.213525 2.941977 1.159101 -31.039992 nan nan nan -9.753867 14.769671 5.011458 3.150669 3.828753 3.999084 1.409331 8.821714 -1.816690 10.248047 -16.776293 10.922230 18.663588 -30.652743 -1.506432 0.967730 11.304930 -1.047554 -44.895733 -17.085877 2.778425 99.665865 -72.114348 -76.962000 27.163019 -26.514644 -42.396150 11.362020 -3.705867 7.096186 61.188727 -7.752309 1.247212 -25.358281 54.878164 -3.741559 -26.895183 20.560116 -35.922413 
-19.927839 48.268196 91.913902 -134.653034 11.926923 73.833992 3.824217 -6.488714 -14.330962 -4.427842 -1.663875 43.137475 4.706379 7.340731 -19.690423 nan nan nan 11.639949 -8.342437 9.818124 -0.046060 -10.219721 43.932231 2.609978 -0.337965 -31.532507 nan nan nan -10.056375 13.719994 6.625231 3.032584 3.527687 2.664309 1.575657 8.159552 -1.118548 10.053134 -16.150615 11.162569 18.380931 -30.116049 -0.785399 0.384379 10.649763 -1.162926 -45.518977 -19.050667 3.506947 100.963419 -72.656553 -78.109763 27.043333 -26.343181 -41.601519 11.784223 -4.431491 7.099209 62.681003 -9.164573 1.747357 -24.024531 53.640069 -3.199411 -27.271865 19.888902 -36.886872 
-20.125660 48.828655 92.036362 -133.126769 12.245435 73.115122 3.673203 -5.947393 -13.062587 -4.728163 -3.330729 43.085319 4.652555 6.879346 -19.950983 nan nan nan 11.013695 -7.838388 7.638080 -1.755150 -12.168114 46.828288 2.557050 -1.427665 -31.571182 nan nan nan -10.056200 12.593257 8.891032 2.868239 3.026806 0.930137 1.727167 7.370554 -0.211377 9.863925 -15.469511 11.178870 18.091142 -29.609822 0.194711 -0.338698 9.812928 -1.489996 -46.308446 -21.156544 4.438562 100.943626 -73.655696 -77.770642 27.817348 -26.493041 -41.237363 12.111377 -5.117259 6.858185 64.403461 -10.593402 1.977202 -23.136747 51.738546 -3.558569 -28.381311 19.054493 -37.582522 
-20.282219 49.312767 92.176735 -131.513571 12.808986 72.394215 3.697516 -5.434405 -11.840220 -5.029988 -5.149093 42.997675 4.446084 6.665047 -20.046173 nan nan nan 10.376095 -7.367393 5.357276 -3.249308 -13.640755 49.013840 2.717231 -2.176880 -31.846035 nan nan nan -9.713113 11.330450 11.382238 2.665518 2.430172 -0.901079 1.862170 6.484713 0.799851 9.617889 -14.869455 11.097895 17.850704 -28.914652 1.394717 -1.259617 8.825409 -1.878859 -47.290456 -23.337216 5.615362 100.559147 -74.786689 -77.768943 28.719254 -26.219370 -42.445850 12.453304 -5.726732 6.616098 65.828005 -11.877646 2.082342 -22.072810 49.651509 -4.540173 -29.933037 18.120887 -38.214124 
-20.393606 49.770863 92.367027 -129.908977 13.567853 71.805230 3.975000 -4.943389 -10.820738 -5.319440 -6.869918 42.975904 3.995951 6.592969 -20.003412 nan nan nan 9.689072 -6.925729 2.815649 -4.054441 -14.428885 50.213423 2.922856 -1.857983 -32.301389 nan nan nan -9.256057 10.034690 13.502697 2.544961 1.683692 -2.188351 1.940918 5.598029 1.641204 9.585893 -14.114663 11.219635 17.817112 -28.164902 2.225982 -2.308323 7.459890 -2.127270 -48.407387 -25.432643 6.929205 100.395055 -75.650784 -78.471130 29.003501 -25.851457 -43.187328 12.881362 -6.325373 6.421154 66.820208 -13.117824 1.807763 -20.523244 47.792497 -4.515052 -30.853234 17.250755 -39.008138 
-20.481268 50.223522 92.602867 -128.363322 14.432743 71.372896 4.488468 -4.522303 -10.026480 -5.772471 -8.530472 43.075329 3.321776 6.544858 -19.910015 nan nan nan 9.022119 -6.258178 0.138763 -4.181754 -14.605816 50.522474 3.198358 -1.522260 -32.781702 nan nan nan -8.947994 8.784591 15.088017 2.663290 0.874967 -2.870636 2.111497 4.614072 2.339704 9.491238 -13.442908 11.533543 17.864988 -27.067532 2.652644 -3.189973 5.946412 -2.443406 -49.735172 -27.497057 8.185048 97.952227 -76.835822 -75.432384 29.572064 -24.919880 -42.937252 13.122757 -6.849478 6.342889 67.718951 -14.264593 1.446196 -19.210535 46.066110 -3.919362 -31.294858 15.216448 -40.905653 
-20.528639 50.659515 92.888969 -126.991359 15.383120 71.020417 5.174450 -4.371179 -9.313059 -6.041993 -9.812404 43.098170 2.753709 6.498322 -19.891347 nan nan nan 8.277025 -5.236795 -2.873274 -3.804087 -14.456508 50.336923 3.583923 -1.423825 -32.647535 nan nan nan -8.668956 7.504489 16.340179 2.889915 0.064642 -2.991697 2.306126 3.553249 2.749980 9.332819 -12.999755 12.036371 17.909217 -25.703935 2.969447 -4.199530 4.120209 -2.537040 -50.767553 -29.481615 9.372698 93.604641 -77.886938 -71.101029 30.576782 -24.479295 -41.592538 13.407635 -7.046302 6.614205 68.303887 -15.263327 1.309149 -18.047442 44.702030 -4.768093 -32.363506 12.471575 -43.167998 
-20.492777 51.046722 93.160233 -125.973486 16.222658 70.575414 5.821020 -4.307469 -8.533139 -6.114968 -10.805700 43.003166 2.559714 6.563680 -19.931876 nan nan nan 7.379199 -3.677669 -5.928134 -3.188095 -13.995983 49.467547 3.743186 -1.971456 -32.721803 nan nan nan -8.470372 6.236200 17.698282 3.088052 -0.585874 -3.174808 2.457400 2.417358 3.377161 9.479662 -12.305420 12.043843 17.670718 -24.517732 3.699651 -5.040577 2.240452 -2.458373 -51.399471 -31.758372 10.528233 87.874125 -78.498660 -65.928904 31.376698 -24.337856 -40.365652 13.693026 -7.073766 6.949286 68.648051 -15.770979 1.527964 -16.985265 43.291797 -6.471690 -34.251347 10.345692 -44.885676 
-20.353563 51.400421 93.417213 -125.301183 17.012772 70.130984 6.536836 -4.276250 -7.874195 -6.397363 -11.907961 42.991852 2.769385 6.914865 -19.848974 nan nan nan 6.378304 -2.005163 -9.314411 -2.430805 -13.050902 48.221265 3.812193 -2.877610 -32.684950 nan nan nan -8.423377 5.001596 19.185692 3.352665 -1.114053 -3.497732 2.633333 1.294558 4.068241 9.586443 -11.568811 11.809704 17.392532 -23.138398 4.511893 -5.572258 0.376062 -2.071837 -51.844182 -34.032035 11.711018 81.200960 -78.539451 -60.135868 34.171355 -23.496288 -41.249647 13.886385 -6.836687 7.346570 68.958951 -16.181261 2.043585 -16.487813 41.901458 -8.082298 -35.894589 9.573345 -46.960698 
-20.172939 51.743984 93.689079 -124.719573 17.848551 69.659652 7.317009 -4.217747 -7.238882 -6.659011 -13.048632 42.950709 2.878280 7.252316 -19.718180 nan nan nan 4.978483 -0.743115 -13.043822 -1.717654 -12.228643 47.250246 4.430824 -3.359472 -32.124810 nan nan nan -8.447802 3.867933 20.732055 3.725324 -1.758476 -3.495231 2.936979 0.282536 4.420148 9.382485 -10.856302 11.892530 17.395767 -21.602982 4.843332 -5.979377 -2.120312 -1.707724 -51.664190 -36.041463 12.268781 74.251084 -78.371469 -54.187814 35.665847 -23.104383 -40.682088 13.962395 -6.206390 7.842170 69.164112 -16.921754 1.917036 -16.493728 41.337030 -9.970310 -35.115905 9.042199 -48.379047 
-19.987513 52.059490 93.963097 -124.464947 18.667541 68.916169 8.120054 -3.817058 -6.338846 -6.538336 -14.015287 42.765991 2.350058 7.144649 -19.590139 nan nan nan 3.423214 0.057034 -16.728783 -2.165325 -11.864295 46.559187 4.618477 -2.858268 -31.268969 nan nan nan -8.266177 2.813159 22.590775 3.965199 -2.463925 -3.346670 3.262292 -0.577877 4.603388 9.102245 -9.869160 12.169467 17.543454 -20.175182 4.719097 -6.218926 -5.033671 -1.428726 -50.821697 -37.558993 12.229293 67.705139 -77.794611 -48.905440 35.773089 -23.223171 -40.044175 13.834222 -5.477269 8.146775 69.206796 -17.756277 1.523681 -16.387664 41.251592 -11.172621 -34.131454 8.895822 -48.801801 
-19.762539 52.311253 94.202347 -124.782959 19.405448 68.137334 9.044409 -3.182496 -5.637466 -6.533408 -14.786220 42.812292 1.580560 7.163650 -19.459055 nan nan nan 1.654125 1.059886 -20.627777 -2.371711 -11.833905 45.460373 4.881533 -2.928620 -31.928494 nan nan nan -8.028256 1.647917 24.556326 4.203212 -3.036795 -3.560751 3.493019 -1.214983 4.893527 8.758350 -8.646121 12.566535 17.553205 -18.647355 4.561035 -6.358813 -7.862805 -1.113346 -49.287991 -38.717493 11.506004 61.798876 -76.874768 -43.319532 35.466777 -23.376611 -38.868908 13.594355 -4.535610 8.352802 68.957519 -18.620700 1.321640 -16.369380 41.423444 -11.813271 -33.827699 8.757522 -48.662091 
-19.523893 52.541664 94.397476 -125.320694 20.151377 67.628006 10.077858 -2.789412 -5.384012 -6.469051 -15.092418 42.995537 0.959084 7.206830 -19.320960 nan nan nan -0.394833 2.079526 -24.819817 -2.402176 -12.766819 43.515832 5.688950 -3.161161 -31.682301 nan nan nan -7.914681 0.528925 26.098685 4.659202 -3.547019 -3.727438 3.808211 -1.818527 5.151620 8.280812 -7.373620 13.224660 17.529475 -17.020165 4.188191 -6.276927 -10.409803 -0.736470 -47.953405 -39.979794 10.498939 55.481200 -75.355145 -37.032404 34.260025 -24.409380 -37.324751 13.171417 -3.519003 8.862568 68.481395 -19.227747 1.323950 -16.861702 41.786891 -12.115128 -33.105152 8.658262 -48.614919 
-19.311575 52.771942 94.585579 -125.909472 20.902210 67.019931 11.133239 -2.572791 -4.958506 -6.347989 -15.307700 43.036846 0.439623 7.247964 -19.293493 nan nan nan -2.569776 2.360684 -28.792377 -2.305446 -14.319214 40.902884 6.794374 -3.746032 -30.683945 nan nan nan -7.809793 -0.229601 27.367104 5.188015 -4.054307 -3.077686 4.245396 -2.590768 5.109075 7.827984 -6.098706 13.715024 17.574556 -15.641054 3.633851 -5.746875 -12.832716 -0.542776 -46.698930 -41.512493 9.457848 49.166404 -73.387946 -31.502636 34.629356 -24.565271 -36.292759 12.771924 -2.586892 9.274280 67.535749 -19.619386 1.457980 -17.277778 42.617177 -12.571351 -32.742333 8.291223 -48.752908 
-19.118233 52.985561 94.774483 -127.025758 21.637185 65.956991 12.443535 -2.175821 -4.104825 -6.227062 -15.267246 43.003357 -0.495445 7.041038 -19.393152 nan nan nan -4.437440 2.328428 -32.457317 -1.665424 -15.650366 38.091618 7.493569 -2.986877 -30.703722 nan nan nan -7.511989 -0.819375 28.763938 5.537422 -4.543976 -1.406390 4.710131 -3.134408 4.245227 7.497076 -4.509672 13.910163 17.567152 -14.566766 3.155635 -4.574934 -14.916801 -1.229703 -45.754688 -42.560410 8.822563 43.643889 -71.185840 -27.838022 35.174173 -24.444313 -36.694700 12.390699 -1.570767 9.377912 66.059221 -20.035484 1.769196 -17.286124 43.738263 -13.318879 -32.381835 7.880913 -48.683385 
-18.960276 53.142570 94.969917 -128.798519 22.380796 64.593273 14.027495 -1.361796 -2.988282 -5.969289 -15.084967 42.869618 -1.352489 6.605748 -19.443624 nan nan nan -5.818845 2.380547 -36.019341 -1.034829 -16.935280 34.892726 8.163336 -2.713490 -30.058310 nan nan nan -7.097423 -1.210115 30.444933 5.925848 -4.535374 -0.441541 5.310429 -3.668669 3.788504 7.082294 -2.954279 14.063806 17.255398 -13.558135 2.719746 -3.216791 -16.568072 -2.140403 -45.181956 -43.845380 8.196216 38.059797 -68.316410 -23.896529 35.532919 -24.797798 -36.860809 11.629051 -0.641413 9.346690 64.322643 -20.222745 2.153267 -17.024761 44.598880 -13.552134 -31.950442 7.877429 -48.817832 
-18.850460 53.294781 95.218079 -130.830777 23.043261 62.963105 15.702245 -0.208880 -1.483428 -5.628971 -15.051110 42.537277 -2.296095 6.080476 -19.404077 nan nan nan -6.723421 2.164723 -39.155132 -0.221769 -17.579850 31.237283 8.914194 -2.040733 -29.424820 nan nan nan -6.742475 -1.754691 32.385391 6.184572 -4.579681 0.320929 5.868519 -3.765498 3.386685 6.611496 -1.266822 14.445001 16.904699 -12.594186 2.217583 -1.760765 -17.790374 -3.340643 -44.708255 -45.069492 7.336369 32.399046 -65.096126 -19.071316 36.484984 -25.280338 -35.727259 10.816404 0.337186 9.447757 62.488650 -19.989582 2.243106 -16.339543 45.360782 -13.110711 -32.486846 7.828831 -49.364365 
-18.852205 53.489861 95.542076 -132.670391 23.446699 61.150553 17.122776 0.932124 0.502568 -5.218359 -15.205533 41.947185 -3.434396 5.492886 -19.343367 nan nan nan -7.567229 1.536882 -41.625399 0.794495 -17.734919 27.073817 10.442893 -0.460674 -28.746384 nan nan nan -6.654463 -2.287820 34.390324 6.395100 -4.899264 0.989447 6.285627 -3.564696 3.111060 6.086094 0.493940 15.410981 16.669356 -11.613263 1.487873 -0.495089 -19.053189 -4.184534 -43.327695 -46.134872 5.887138 28.113891 -61.674986 -15.977337 37.375677 -25.806829 -34.532887 10.193296 1.311191 9.621348 60.726058 -19.584973 2.054457 -16.034694 46.179293 -13.218817 -33.165720 7.838619 -49.389401 
-18.884016 53.630119 95.913925 -134.904820 23.832659 59.141859 18.833687 2.508846 2.680381 -4.766531 -15.501999 41.270307 -4.588810 4.835874 -19.127547 nan nan nan -7.840371 1.113939 -44.017450 1.480528 -17.708358 22.840199 9.819164 0.397766 -27.873681 nan nan nan -6.356883 -2.807366 36.606625 6.465849 -4.820782 1.270052 6.634224 -3.329712 2.916405 5.325194 2.118973 16.610363 16.640535 -10.464904 0.707049 0.544378 -20.362411 -4.831975 -41.185504 -46.987811 4.184727 25.161102 -58.047511 -14.627886 37.675122 -26.352012 -34.012880 9.546442 2.295184 9.809594 58.989970 -19.213394 1.687535 -16.089087 47.129359 -13.505934 -33.081161 8.035258 -49.037130 
-18.955761 53.756176 96.307213 -137.154490 24.071093 57.211961 20.543749 3.966026 4.844537 -4.541511 -15.785825 40.595576 -5.768811 4.396287 -18.991711 nan nan nan -8.307159 0.896377 -46.440597 2.263237 -17.375944 18.600969 11.609988 1.467891 -27.093560 nan nan nan -6.262629 -3.099920 38.650587 6.536025 -4.663441 2.100433 7.157206 -2.862006 2.078529 4.673046 3.276372 17.898856 16.534656 -9.188690 0.116717 1.369655 -21.631425 -6.001530 -39.267209 -47.836916 3.133306 21.464374 -53.884152 -12.785762 39.001823 -26.665806 -33.503311 9.258656 3.375331 9.697709 56.680077 -19.472126 1.766200 -16.215804 48.219284 -14.505306 -33.523852 8.048131 -48.434184 
-19.070684 53.928398 96.645172 -139.180688 24.330266 55.366892 22.409678 5.504729 6.860201 -4.593215 -16.381251 40.148778 -6.766457 4.016422 -18.794881 nan nan nan -8.695715 0.593963 -48.750724 2.884902 -16.620287 14.363668 11.745719 1.494034 -26.427085 nan nan nan -6.112378 -3.586774 40.883683 6.550712 -4.505023 2.260095 7.484656 -2.511459 1.693225 3.921624 4.490818 18.808690 16.541267 -8.163452 -0.281444 1.973974 -22.795465 -6.431793 -37.497079 -49.086158 1.965948 20.079444 -49.401848 -12.519941 39.724236 -26.250932 -32.822691 8.751641 4.280608 9.711726 54.609481 -19.188297 1.900017 -16.153113 49.107879 -14.500165 -34.492753 7.447556 -48.333776 
-19.208731 54.143726 96.966736 -140.836257 24.722034 53.972919 24.310191 6.890438 8.313568 -4.792252 -17.111668 39.950851 -7.645851 3.586002 -18.621801 nan nan nan -9.223392 -0.184341 -51.422639 3.411297 -16.096016 10.617195 12.285273 1.340414 -25.183772 nan nan nan -5.925640 -4.494235 43.106186 6.480544 -4.563875 1.508340 7.656506 -2.038761 1.671628 3.060299 5.474796 19.831301 16.689166 -7.084518 -0.356655 2.737771 -23.785861 -6.829376 -35.657060 -49.975854 0.716432 18.199923 -45.041394 -12.148683 40.713282 -25.530334 -32.759691 8.444171 5.330572 10.011879 52.521003 -18.699685 1.885477 -16.139143 49.478505 -14.676737 -35.036283 7.265429 -48.182259 
-19.390383 54.381733 97.305161 -142.079660 25.279334 52.757872 26.200961 7.973722 9.561765 -5.074121 -17.966895 39.839671 -8.402233 3.233451 -18.523185 nan nan nan -9.953432 -1.185259 -54.128912 3.454790 -15.556735 7.599747 12.224249 0.699025 -24.145956 nan nan nan -5.714325 -5.233900 44.941189 6.648397 -4.594563 1.156835 7.984006 -1.934841 1.743180 2.155556 6.204490 20.555921 16.759959 -6.170258 -0.483252 3.478161 -25.002457 -6.994873 -32.616907 -50.582096 -1.388401 15.802293 -41.190816 -12.507311 42.456594 -24.655236 -33.041544 8.152901 6.469832 10.095653 50.160949 -18.134989 1.983159 -16.102149 49.665891 -15.651807 -35.568769 7.152114 -48.152537 
-19.565401 54.638733 97.670898 -142.945772 26.001090 51.747773 28.014624 8.587835 10.504766 -5.324231 -18.608920 39.856182 -9.409519 2.871413 -18.389122 nan nan nan -10.944531 -2.383755 -56.977093 3.147052 -15.148533 5.467913 12.284485 0.091851 -23.253872 nan nan nan -5.582262 -5.748054 46.497371 7.152916 -4.605519 1.111730 8.561296 -2.041790 1.906326 1.390366 6.982591 20.925879 16.532846 -5.754462 -0.849690 4.245120 -26.076294 -6.899918 -30.680658 -51.871205 -3.614332 14.951184 -36.807661 -14.203976 43.153584 -24.095225 -33.038747 7.627768 7.328231 9.957663 47.709064 -17.241611 2.048202 -15.769056 49.793944 -16.545094 -36.765292 6.565212 -48.587499 
-19.747622 54.967186 98.063965 -143.265465 26.933679 50.988813 29.738283 8.904677 11.104282 -5.567888 -19.304345 40.018351 -10.546172 2.471521 -18.150088 nan nan nan -12.451173 -4.055178 -59.800343 2.714786 -15.126677 4.189940 12.679933 -0.463586 -22.179733 nan nan nan -5.474589 -6.795782 48.315890 7.538703 -4.997193 0.834558 8.894437 -1.843740 1.811461 0.739257 7.794280 21.353776 16.379290 -5.232212 -1.066574 4.999802 -26.913092 -6.871647 -28.952826 -52.842946 -5.613351 13.837044 -32.598357 -15.156022 44.373559 -22.979331 -33.876180 7.367635 8.195031 9.960577 45.424918 -16.273626 2.219178 -15.768639 49.661225 -17.519590 -38.127609 5.731699 -48.793097 
-19.984947 55.348827 98.439735 -143.078393 28.051290 50.439798 31.364462 8.958409 11.444688 -5.893611 -20.138924 40.264618 -11.481426 2.035981 -17.996969 nan nan nan -14.416552 -6.432923 -62.433949 2.538558 -15.678170 3.664108 13.055335 -0.907511 -20.932771 nan nan nan -4.978657 -7.775530 49.792985 8.005728 -5.431303 0.841599 9.169426 -2.063288 1.618279 0.179349 8.380935 21.514528 16.132153 -4.835993 -1.205229 5.656021 -27.966859 -6.878073 -26.967353 -53.641666 -7.834015 12.822066 -28.748703 -16.382600 45.385074 -21.973523 -34.159017 7.135339 8.974564 9.810866 43.314799 -15.409790 2.266483 -16.182015 49.377339 -18.562612 -38.700278 5.215736 -48.448620 
-20.261623 55.762180 98.790634 -142.649772 29.264031 50.116887 32.939526 9.041793 11.491916 -6.208855 -21.060416 40.560123 -12.064759 1.580676 -17.855913 nan nan nan -16.611192 -9.194816 -64.879946 2.465702 -16.447777 3.590332 13.388244 -1.308301 -19.464022 nan nan nan -4.380533 -8.812768 50.991765 8.547482 -5.875096 0.950203 9.484295 -2.359846 1.430442 -0.502909 8.708838 21.552979 15.862319 -4.371149 -1.423858 6.098808 -28.971892 -6.800675 -24.838842 -54.214003 -10.361521 11.895127 -25.645810 -17.560228 45.913610 -21.231984 -33.820548 6.798671 9.796876 9.751590 41.289747 -14.593204 2.001399 -16.372236 49.127483 -19.375181 -38.843231 5.088924 -47.885483 
-20.561493 56.138008 99.199699 -142.198730 30.602602 49.625764 34.528013 8.882109 11.701224 -6.540522 -22.127184 40.724421 -12.755757 1.342714 -17.676975 nan nan nan -19.055792 -11.897146 -66.548635 2.359883 -17.355318 3.463009 13.748954 -1.698952 -18.024945 nan nan nan -3.649919 -9.878716 52.461911 9.073197 -6.135092 0.910751 9.802012 -2.661200 1.339883 -1.072696 8.837254 21.299358 15.657491 -4.065161 -1.649118 6.395438 -29.933130 -6.852430 -22.809090 -54.797244 -12.754876 11.094202 -22.961655 -18.528799 45.490203 -20.861401 -33.199762 6.443216 10.654444 9.590679 39.326297 -13.960767 1.638733 -16.393440 48.765772 -20.236634 -39.131311 5.009313 -47.464157 
-20.866720 56.518162 99.574684 -141.703498 31.773417 49.326499 35.862539 8.787391 11.753339 -6.724948 -23.005495 40.918510 -13.313496 1.023728 -17.484041 nan nan nan -21.791121 -14.654019 -68.182089 2.174181 -17.993962 3.924245 13.613210 -2.260734 -16.527100 nan nan nan -2.820106 -10.903173 53.461993 9.448392 -6.379481 1.171247 9.999093 -2.964612 1.116429 -1.533936 8.711509 21.072748 15.494178 -3.715960 -1.839196 6.605476 -30.853628 -7.037742 -21.067183 -55.448809 -15.071446 10.420587 -20.462060 -19.359701 44.470622 -20.769079 -32.324882 6.177024 11.501731 9.566360 37.595402 -13.306769 1.136157 -16.623787 48.158993 -21.314093 -39.315801 4.896738 -46.805843 
-21.285709 56.938786 99.943176 -141.072993 32.857768 48.918054 37.070270 8.643415 12.025516 -6.787703 -23.882960 40.995922 -13.751328 0.723383 -17.252238 nan nan nan -24.821702 -17.699330 -69.269224 2.174814 -18.335015 4.706069 13.719091 -2.490181 -14.910204 nan nan nan -1.972013 -12.513075 54.517134 9.408866 -6.872770 1.715757 9.841830 -2.857386 0.590615 -2.145903 8.422573 21.086146 15.554081 -3.061429 -2.059229 6.642424 -31.491382 -7.318471 -19.762445 -56.010847 -17.000358 9.631552 -18.540647 -19.942302 44.081198 -20.275688 -32.193791 5.998638 12.449062 9.836064 36.205592 -12.683854 0.508943 -16.771060 47.433949 -22.185176 -39.237868 5.074692 -45.941828 
-21.682039 57.395000 100.328354 -140.808839 33.890749 48.443507 38.430943 8.468132 12.351996 -6.879956 -24.486972 40.915408 -14.403872 0.539826 -16.870711 nan nan nan -27.767386 -20.364172 -70.027843 2.012561 -18.419573 5.150932 14.156602 -2.882823 -13.351301 nan nan nan -1.051021 -14.207280 55.589444 9.173592 -7.085111 1.881167 9.555487 -2.634418 0.205889 -2.702760 8.051028 21.057331 15.700562 -2.452160 -1.992454 6.464214 -31.900457 -7.463048 -18.958394 -56.645372 -18.416532 9.123406 -17.138941 -19.903547 43.429920 -19.747106 -32.093449 5.902902 13.294858 10.218254 34.893632 -12.137396 -0.092392 -16.651586 46.550105 -22.581161 -38.957180 5.373639 -45.357804 
-22.044178 57.865166 100.754906 -140.786342 34.955313 48.102386 39.934355 8.335977 12.439056 -7.147686 -24.906452 40.910284 -15.241359 0.488208 -16.344591 nan nan nan -30.393666 -22.877564 -70.576231 1.732069 -18.036441 5.184965 14.915657 -3.422914 -11.965412 nan nan nan 0.345031 -15.171677 56.122260 9.244991 -6.657601 1.483748 9.586709 -3.206035 0.411905 -3.337399 7.149530 20.860974 15.658672 -1.945120 -1.831374 5.939190 -32.804254 -7.168020 -17.540873 -57.287352 -20.267741 9.113555 -15.858417 -19.536227 42.272853 -19.820776 -31.570586 5.660989 13.957108 10.253904 33.278676 -12.052124 -0.748375 -15.930571 45.637708 -22.595398 -38.698678 5.796270 -44.989319 
-22.360010 58.374725 101.196381 -140.894895 35.783323 47.723793 41.388604 8.227104 12.546206 -7.488734 -24.960402 41.027506 -15.936982 0.371148 -15.606501 nan nan nan -32.604767 -25.289428 -71.255014 1.449786 -16.706177 5.405582 14.526362 -4.184463 -11.413809 nan nan nan 1.445676 -16.228897 56.604878 9.070296 -6.395117 1.278013 9.484372 -3.395294 0.483575 -4.109211 6.368871 20.798229 15.886622 -1.331062 -1.624386 5.760006 -33.316047 -7.054650 -16.979077 -57.561368 -21.181528 8.791261 -15.689523 -19.627323 42.644800 -19.184961 -31.859061 5.445252 14.705112 10.563777 32.077214 -11.725291 -1.344662 -15.081890 44.629302 -22.425642 -38.575384 5.607543 -41.352598 
-22.655066 58.930367 101.658028 -141.034074 36.456323 47.402022 42.771966 8.053383 12.563287 -7.721691 -24.449928 41.171191 -16.719417 0.145338 -14.527340 nan nan nan -35.017646 -27.566263 -71.714576 1.140007 -15.655197 5.621264 14.501305 -4.881033 -11.260544 nan nan nan 2.490455 -16.954417 56.771584 8.962813 -6.044853 1.382716 9.438546 -3.627357 0.299730 -4.711807 5.611710 20.935621 16.053702 -0.857474 -1.415598 5.462891 -33.847342 -6.587693 -16.571819 -57.938077 -21.764237 8.487273 -15.928104 -19.734272 44.076734 -18.632681 -32.330523 5.415747 15.335083 11.042334 30.806685 -11.634677 -1.752453 -14.190963 43.565294 -22.441809 -38.582995 5.837774 -39.755873 
-22.895565 59.515087 102.138657 -141.243568 37.044569 47.164648 44.132269 7.974733 12.465874 -7.926608 -23.850161 41.366418 -17.460469 -0.122379 -13.351636 nan nan nan -37.333000 -29.757615 -71.971331 0.843898 -14.903798 5.654038 14.507976 -5.472780 -11.375667 nan nan nan 3.435334 -17.609408 56.805302 8.831977 -5.706946 1.507858 9.282903 -3.705541 0.105637 -5.110819 5.029285 21.058805 16.267849 -0.707487 -1.141266 5.155484 -34.219677 -6.046592 -16.555453 -58.228749 -21.842318 8.347873 -16.509354 -19.400106 45.360978 -18.099577 -32.348281 5.660482 15.895068 11.644545 29.643960 -11.527317 -2.143745 -13.351093 42.614114 -22.476383 -39.045601 5.808533 -38.578668 
-23.098213 60.093250 102.634262 -141.454756 37.523184 46.984964 45.308802 7.910429 12.388601 -8.072319 -23.360068 41.483910 -18.027838 -0.345006 -12.294010 nan nan nan -39.298323 -31.895000 -72.103043 0.420095 -14.562998 5.500443 14.351064 -5.896783 -11.323355 nan nan nan 4.326674 -18.173982 56.895093 8.654293 -5.399530 1.409426 9.163282 -3.671561 -0.023791 -5.617383 4.384461 21.302594 16.583310 -0.592244 -0.990929 4.864935 -34.556300 -5.559592 -17.088411 -58.356250 -21.553164 8.681873 -17.484812 -19.537603 45.887866 -17.369365 -32.341116 5.785791 16.376556 12.137199 28.834611 -11.633525 -2.358823 -12.593074 41.744973 -22.103711 -39.459199 5.347162 -34.783592 
-23.282639 60.647972 103.144417 -141.590727 37.923214 46.855122 46.289803 8.047476 12.296491 -8.001235 -23.036424 41.539590 -18.628096 -0.508108 -11.055347 nan nan nan -40.935932 -34.057906 -72.061125 0.029585 -14.598821 5.158586 14.107941 -6.403457 -11.061930 nan nan nan 5.346024 -18.445965 56.897386 8.542695 -4.979151 1.078388 9.248483 -3.884679 0.034162 -6.346430 3.571358 21.711220 16.837005 -0.405025 -1.136098 4.371452 -34.975102 -4.885803 -17.446868 -58.446523 -21.517580 9.078594 -18.869856 -20.001567 46.606739 -16.476479 -32.198710 5.921429 16.625062 12.683291 27.714654 -11.773652 -2.696406 -10.956211 41.290165 -21.705281 -42.088020 3.961918 -29.632614 
-23.437012 61.177914 103.650162 -141.746405 38.173435 46.538613 47.145526 8.480584 12.388596 -7.681167 -22.971786 41.593766 -19.145340 -0.757771 -9.631053 nan nan nan -41.870945 -36.256421 -72.132393 -0.133323 -14.971420 4.686184 14.073688 -6.548408 -10.636604 nan nan nan 5.904405 -18.969452 57.022631 8.213979 -4.891372 1.175858 9.133886 -3.603278 -0.004283 -6.727971 3.216859 22.145629 17.042264 -0.227179 -1.239120 4.076627 -34.967274 -4.260550 -18.026349 -58.397990 -21.328435 9.465942 -19.959907 -18.711738 46.864651 -16.305175 -32.230192 6.104132 17.194825 13.646988 27.357027 -11.865349 -3.447315 -9.979593 40.480016 -21.620639 -44.832348 3.536391 -30.986695 
-23.567078 61.674320 104.146271 -142.080441 38.282024 46.117578 47.885064 9.009761 12.646022 -7.377714 -23.146341 41.646332 -19.450425 -0.860523 -8.332568 nan nan nan -42.155367 -38.315269 -72.386437 -0.032787 -15.349328 4.125869 13.762569 -6.781945 -10.490599 nan nan nan 6.376021 -19.183990 57.233001 7.991641 -4.550397 1.143660 9.150674 -3.558794 -0.081302 -7.018326 2.984623 22.357351 17.121850 -0.056795 -0.959085 3.729971 -34.840126 -3.522911 -18.365478 -58.390174 -21.465365 9.523518 -20.855902 -16.903907 47.624321 -16.380979 -33.494503 6.038164 17.782317 14.519890 27.549456 -12.134125 -4.301259 -9.686141 39.462910 -21.571819 -45.678690 3.983879 -36.572743 
-23.725500 62.131851 104.593643 -142.373782 38.164508 45.812729 48.049762 9.057782 13.059085 -6.888180 -23.036455 41.485296 -19.927857 -0.731437 -7.278962 nan nan nan -43.866264 -39.419192 -71.459373 -0.451754 -16.732667 3.262185 13.794558 -7.280163 -10.462582 nan nan nan 6.765018 -18.901573 57.260088 7.930612 -4.155481 1.114916 9.197971 -3.232153 -0.162279 -6.702011 2.477099 22.676915 17.048645 -0.308159 -0.820186 3.463756 -35.094163 -2.501216 -18.263750 -58.802641 -21.685900 9.962985 -21.107834 -15.669537 47.043438 -17.094281 -33.952202 6.396467 17.556842 14.757532 27.357633 -12.615577 -4.591488 -9.596453 38.681108 -21.218931 -43.855522 5.060029 -40.635629 
-23.830536 62.561260 104.976196 -142.900885 37.937672 45.570042 47.951889 9.049983 13.472065 -6.289226 -23.056330 41.306007 -20.162136 -0.366351 -6.358443 nan nan nan -44.500774 -40.510527 -71.026525 -0.547363 -17.789123 2.170039 13.578007 -7.474693 -10.497265 nan nan nan 7.161771 -18.441283 57.113029 7.829431 -3.748378 1.045883 9.317977 -3.118473 -0.074277 -6.664225 2.146322 22.849747 17.099620 -0.526073 -0.736023 3.540876 -34.963889 -2.219139 -19.014284 -58.826826 -21.338817 10.091860 -21.725364 -14.616932 45.686450 -17.495914 -33.126476 6.499361 17.418864 14.910272 27.611440 -12.620973 -5.098492 -9.488057 38.214777 -20.304958 -41.446396 5.800421 -38.613670 
-23.895178 62.974041 105.364059 -143.804765 37.560747 45.054936 47.876371 8.926239 14.194646 -5.603286 -22.863756 41.096116 -20.449505 0.057840 -5.365390 nan nan nan -44.664348 -41.154044 -70.642731 -0.339037 -18.813017 1.203395 13.237578 -7.611707 -10.714145 nan nan nan 7.461645 -17.801089 56.836636 7.736882 -3.298878 1.295076 9.397539 -3.193000 -0.097780 -6.545382 2.142676 23.029525 16.870567 -0.911573 -0.528933 3.607938 -34.585884 -1.980343 -19.748554 -58.628648 -20.964718 10.085695 -22.174427 -13.587004 44.729735 -17.934759 -32.632857 6.567453 17.557886 15.284027 28.176022 -12.432648 -5.710765 -9.939035 37.619252 -20.455936 -39.575557 6.775722 -39.491366 
-23.950283 63.364765 105.718094 -145.019211 37.108591 44.542229 47.764032 8.771219 14.957983 -4.753297 -22.215029 40.790105 -21.046817 0.615451 -4.352450 nan nan nan -44.665528 -41.426941 -70.234240 -0.151681 -20.036629 0.556412 13.177266 -7.928630 -10.742013 nan nan nan 7.779664 -17.142727 56.310557 7.608187 -2.846099 1.651493 9.393471 -3.151537 -0.267075 -6.330255 2.325033 23.613554 16.596613 -1.399115 -0.483468 3.418592 -34.211321 -1.637736 -20.675622 -58.202734 -20.240456 10.422957 -22.167581 -12.392202 43.786885 -18.569955 -32.130376 6.943606 17.679393 15.776871 28.425726 -12.077290 -6.238439 -9.865923 36.968511 -20.282210 -39.925695 6.999491 -39.699991 
-23.981215 63.714222 106.006447 -146.407304 36.730632 44.252191 47.458786 8.475614 15.501646 -3.932481 -21.570680 40.484063 -21.261741 1.444550 -3.655839 nan nan nan -44.977676 -41.353874 -69.402314 0.245142 -20.402135 0.240545 13.185327 -7.505624 -10.667687 nan nan nan 8.266069 -16.454831 55.449688 7.549331 -2.330108 2.054488 9.347616 -3.106867 -0.517825 -6.046787 2.344451 23.924033 16.227255 -1.877906 -0.070035 3.285053 -33.781393 -1.346398 -21.740638 -57.721343 -19.371900 10.557527 -22.181496 -12.223696 43.864393 -19.127818 -32.922186 7.213808 17.582508 15.774626 28.673027 -11.627348 -6.323398 -9.692967 36.400982 -20.250528 -40.455350 7.165006 -39.846678 
-24.016981 63.990955 106.270416 -148.020667 36.372481 44.085559 47.019186 8.134514 15.938620 -3.198516 -21.083903 40.252177 -21.162752 2.327635 -3.039033 nan nan nan -45.336149 -40.905296 -68.248527 0.787264 -19.988388 0.226597 13.091138 -6.827329 -10.633200 nan nan nan 9.021660 -15.713290 54.001327 7.595191 -1.783943 2.943311 9.246428 -3.261897 -1.034568 -5.960404 2.378549 24.285656 15.723287 -2.206863 0.195722 3.161814 -33.416637 -0.954767 -22.614253 -56.776898 -18.628629 10.691706 -22.522633 -12.750036 44.258181 -19.488876 -34.700263 7.381970 17.441152 15.524091 28.798630 -11.054375 -6.176579 -9.445832 35.903726 -20.134342 -41.099664 6.858234 -39.469209 
-24.067932 64.199150 106.463493 -149.711624 36.059406 44.244466 46.390627 7.861611 16.042429 -2.618035 -20.673980 40.216826 -20.636601 3.133583 -2.410465 nan nan nan -45.806957 -40.037350 -67.014451 0.919733 -19.220281 0.765619 12.859013 -6.818438 -11.007869 nan nan nan 9.600968 -15.395165 52.365458 7.607602 -1.383699 3.641884 8.931644 -2.943975 -1.458478 -5.966122 2.549859 24.836160 15.235786 -2.493700 0.379124 2.945910 -32.807584 -0.295279 -23.532651 -55.714546 -17.899350 11.053158 -23.025766 -12.984282 44.281581 -19.468946 -34.656732 7.725515 17.165016 15.429339 28.980588 -10.364157 -6.190881 -9.524505 35.967347 -20.349966 -41.386437 6.839133 -38.893492 
-24.110760 64.366333 106.586098 -151.463584 35.766632 44.711527 45.577232 7.566732 15.882875 -2.059350 -20.190608 40.232869 -20.234614 3.982890 -1.845198 nan nan nan -46.284378 -38.778571 -65.875572 0.813771 -18.004087 1.948326 12.622951 -6.656320 -11.562226 nan nan nan 10.047842 -15.442105 50.594486 7.499586 -1.172162 4.032356 8.441602 -2.282557 -1.832532 -6.021562 2.785404 25.624067 14.735632 -2.504298 0.682311 2.642994 -32.012770 0.294296 -24.884097 -54.269366 -16.653291 11.628613 -23.606828 -12.794003 44.016751 -19.149301 -33.215149 8.219043 17.014607 15.510529 29.471953 -9.696929 -6.223310 -10.070041 36.743170 -20.659369 -41.233178 6.483776 -39.654895 
-24.113113 64.488068 106.684662 -153.422317 35.514181 45.359615 44.724093 7.130482 15.514641 -1.570535 -19.511002 40.274857 -19.620621 4.969000 -1.404067 nan nan nan -46.572037 -37.216015 -64.943482 0.913894 -16.728499 3.373527 12.163743 -7.194454 -12.225137 nan nan nan 10.560630 -15.493500 48.410668 7.490454 -0.942094 4.347529 7.923958 -1.709138 -1.957941 -6.172249 3.014878 26.519253 14.160818 -2.230258 0.874639 2.120930 -31.124382 1.029653 -25.704077 -52.538985 -15.654319 12.064194 -24.219822 -13.138849 44.245498 -18.859694 -32.768663 8.727918 17.003460 15.755264 29.914549 -8.981201 -6.046013 -10.760636 37.655461 -21.459194 -41.057273 6.185716 -41.163425 
-24.123100 64.545647 106.787231 -155.500406 35.299120 46.046885 43.897947 6.824567 15.089782 -1.022402 -18.907772 40.264389 -19.034201 5.930981 -0.858242 nan nan nan -46.130729 -35.512308 -64.511767 0.934001 -16.212094 5.418223 11.712393 -6.966511 -12.748868 nan nan nan 11.193258 -15.443113 46.031065 7.608742 -0.565987 4.953702 7.487161 -1.392711 -2.283277 -6.169945 3.474321 27.364988 13.540730 -2.046192 0.738937 1.412157 -30.246288 1.654959 -26.305960 -50.444342 -14.821901 12.714622 -24.922664 -13.395398 43.918416 -19.156585 -32.817488 9.194727 16.955032 15.942503 30.172306 -8.174809 -5.939680 -11.261025 38.561224 -22.002157 -41.757664 5.538823 -41.863730 
-24.159525 64.554657 106.887375 -157.446192 35.082902 46.936243 42.931983 6.606810 14.579394 -0.355166 -18.287150 40.087974 -18.498596 7.004399 -0.364272 nan nan nan -45.426770 -33.541542 -64.117716 0.720120 -15.643469 7.515351 10.964864 -6.615863 -13.282248 nan nan nan 11.868810 -15.380992 43.419780 7.795057 -0.254732 5.721369 7.014553 -1.105229 -2.716424 -6.031127 3.900480 28.241342 12.889808 -1.847161 0.425907 0.483123 -29.350138 2.257727 -26.642559 -48.200755 -14.028598 13.477696 -25.522861 -13.449861 43.253782 -19.735765 -32.147585 9.936559 16.727226 16.022285 29.976094 -7.400811 -5.855481 -11.683163 39.744820 -22.376355 -42.322295 5.133246 -42.333176 
-24.191322 64.539970 106.970856 -159.125305 34.901007 48.028506 41.904828 6.311650 13.949812 0.179099 -17.621308 39.819906 -17.812088 8.086009 0.034975 nan nan nan -44.683336 -31.523387 -63.678229 0.689050 -14.892204 9.686010 10.081657 -6.896430 -13.681892 nan nan nan 12.406179 -15.165268 40.457332 8.158535 -0.124822 6.905260 6.640233 -0.881831 -3.244371 -5.962727 3.892436 28.922283 12.118978 -1.344011 0.369841 -0.529554 -28.445766 2.985361 -26.301562 -45.917709 -13.745347 14.048204 -26.209055 -14.114322 43.025101 -20.131727 -30.899004 10.894486 16.437140 16.011193 29.305090 -6.707057 -5.835809 -12.125452 41.164224 -22.764748 -40.788450 6.381779 -42.830521 
-24.195013 64.533920 107.059364 -160.519675 34.712842 49.220273 40.886362 5.935184 13.389806 0.522788 -16.985969 39.325853 -17.089984 8.983709 0.259380 nan nan nan -43.990814 -29.294484 -63.070367 0.631171 -14.108592 11.781767 9.286697 -7.659285 -13.989918 nan nan nan 12.608741 -14.888262 37.299336 8.622296 -0.278663 8.342478 6.360416 -0.601546 -3.693796 -5.651472 3.967584 29.409998 11.300077 -0.948217 0.578476 -1.610097 -27.420043 3.625954 -25.535139 -43.596919 -13.619023 14.335055 -26.957500 -14.887391 43.639249 -20.331982 -29.727298 12.044059 16.146092 16.142948 28.464545 -5.790056 -5.482547 -12.765764 42.599044 -23.365165 -40.776613 6.669748 -42.279521 
-24.158125 64.556068 107.154922 -161.616513 34.502545 50.605776 39.930520 5.771335 12.814263 1.007971 -16.312874 38.541966 -16.446206 9.653886 0.354959 nan nan nan -43.118683 -27.076500 -62.594662 0.436065 -13.623980 14.255548 8.786820 -8.141974 -14.111930 nan nan nan 12.477646 -14.535936 34.184430 9.166929 -0.535605 9.527971 6.155696 -0.293430 -4.141205 -5.054334 4.143947 30.105259 10.580785 -0.870125 0.771162 -2.757954 -26.163004 4.242446 -24.804382 -41.443164 -13.319013 14.593899 -27.704105 -15.110099 44.009689 -20.635815 -29.003120 13.338064 15.688865 16.267513 27.586461 -4.735630 -4.945430 -13.420446 43.863520 -23.621264 -40.934988 6.904814 -41.671118 
-24.144699 64.619423 107.282738 -162.587607 34.387448 51.899543 39.297937 5.807284 12.455088 1.641445 -15.584175 37.407190 -15.916806 10.089266 0.438948 nan nan nan -42.002281 -24.829676 -61.862845 0.342298 -13.226012 16.525770 8.201931 -8.130371 -14.155564 nan nan nan 12.279803 -14.307412 31.270008 9.723394 -0.855440 10.566855 5.988785 -0.074606 -4.660547 -4.371319 4.386594 30.893505 9.805663 -0.841414 1.115570 -3.852930 -24.707986 4.813807 -24.229164 -39.212989 -12.880474 15.035357 -28.513745 -15.159085 43.670064 -21.024304 -28.930186 14.573129 15.203624 16.438386 26.736490 -3.626043 -4.434596 -14.136981 45.054622 -23.788628 -40.482226 7.569224 -42.355945 
-24.196688 64.772835 107.385727 -163.140071 34.355951 53.264102 38.869166 6.086990 12.142802 2.540669 -14.640238 35.943278 -15.682788 10.105668 0.677683 nan nan nan -40.589978 -23.103075 -60.813919 -0.163954 -14.379073 18.126298 7.729748 -7.073997 -13.337579 nan nan nan 12.058045 -14.171516 28.268373 10.200865 -1.450805 11.718641 5.946672 0.072892 -5.306220 -3.603014 4.612919 31.678540 9.055376 -0.696333 1.606321 -4.688599 -23.291195 5.124420 -24.119894 -36.694345 -12.143953 15.805281 -29.406001 -15.614798 43.156168 -21.286567 -29.525864 15.417157 14.780953 16.526866 26.303659 -2.583470 -4.007432 -15.046986 46.116712 -23.820761 -39.943593 8.145315 -43.170341 
-24.160191 64.951172 107.468033 -163.654202 33.998577 54.787260 38.457654 6.811053 11.832466 3.447097 -13.243962 34.369498 -15.908782 9.833474 0.867422 nan nan nan -38.648394 -21.825833 -60.318722 -1.821093 -17.763971 18.619417 8.130292 -4.609464 -13.633916 nan nan nan 11.418565 -13.604450 25.349289 10.682495 -1.993167 12.290896 6.044252 0.306877 -5.542661 -1.885010 5.060452 32.667844 8.263957 -1.508185 1.886778 -5.268933 -21.961116 5.543951 -24.026991 -34.401675 -11.642354 16.745177 -30.418002 -16.658933 42.775597 -21.494475 -30.752071 16.129258 14.041293 16.422220 26.113499 -1.458439 -3.940002 -15.785249 47.084201 -23.261676 -40.157237 8.034111 -44.191834 
-24.078487 65.127716 107.564751 -164.094627 33.526029 56.435187 38.196086 7.833542 11.430478 3.997107 -11.662471 32.802183 -15.528577 9.408045 1.198091 nan nan nan -37.136029 -20.470538 -59.632113 -1.727626 -17.531055 16.986661 7.261337 -5.779835 -12.701192 nan nan nan 10.597981 -12.999669 22.473664 11.015270 -2.406291 12.408516 6.279931 0.568389 -5.485581 -1.539123 4.518220 33.308549 8.207285 -0.958131 2.826660 -5.922385 -20.638826 6.042425 -23.600138 -32.095952 -11.414545 17.280918 -31.915580 -17.478195 43.123109 -21.265458 -31.268646 16.997540 13.426721 16.288772 26.001130 -0.780102 -3.508227 -17.386436 48.176311 -24.883294 -40.875725 7.772205 -44.237260 
-24.020782 65.290886 107.711685 -164.322151 33.140445 57.794162 38.185806 8.998699 11.320285 4.420624 -10.260840 31.043751 -15.165966 8.824545 1.811534 nan nan nan -35.685626 -19.197032 -58.149194 -0.806025 -15.930433 14.407407 6.183785 -8.049927 -11.476042 nan nan nan 9.705610 -12.522093 20.355756 11.204114 -2.704126 12.135639 6.653136 0.719375 -5.537625 -1.778004 3.495964 33.777080 8.496160 0.215241 4.154662 -6.452063 -19.122863 6.385193 -23.202437 -29.840997 -11.323875 17.488524 -33.712089 -17.590788 43.061620 -21.418712 -30.946205 17.711708 12.899443 16.108971 26.141173 -0.444134 -3.083208 -19.384013 49.260720 -27.565368 -39.858662 8.471945 -43.505640 
-24.013920 65.462776 107.868362 -164.182717 32.820838 58.913809 38.256760 9.956032 11.528361 4.573655 -8.951197 29.062820 -14.760293 8.344662 2.667669 nan nan nan -34.612035 -18.085997 -56.005822 0.874769 -13.861294 11.778383 5.161568 -10.558027 -10.658061 nan nan nan 8.617745 -12.054719 18.617876 11.473245 -3.026174 11.903798 7.056362 0.686391 -5.583486 -1.964011 2.352602 33.989101 8.799182 1.204387 5.452194 -6.777501 -17.324353 6.630276 -22.765251 -28.105009 -11.384577 17.640265 -35.522006 -17.366824 42.602501 -21.644425 -30.793493 18.241313 12.166240 15.843830 26.525083 0.102471 -2.605041 -21.941169 50.093753 -30.837147 -38.212813 9.178731 -42.238649 
-24.096323 65.665413 107.977257 -163.479763 32.184744 60.037476 37.894276 11.079329 11.807852 4.858125 -7.749203 27.096794 -14.921830 7.611193 3.617105 nan nan nan -33.583890 -17.592022 -53.403076 1.604770 -14.229753 9.891969 6.113592 -8.608382 -10.467981 nan nan nan 7.140101 -11.451776 17.278948 11.721914 -3.658622 11.388982 7.342670 0.766794 -5.539306 -0.795209 2.052000 34.569348 8.846971 0.617031 5.646883 -6.832698 -15.332336 6.451430 -22.465310 -26.993012 -11.245534 17.532160 -37.130405 -17.042884 42.707130 -21.788001 -30.733284 18.768754 10.726247 15.474799 26.789071 1.342303 -2.550926 -23.512941 51.181864 -32.708918 -41.017323 8.103366 -41.635274 
-24.130186 65.902031 108.060585 -162.684223 31.402450 61.073203 37.530140 12.407910 12.066428 4.771980 -7.176238 25.374375 -14.716327 6.853666 4.652292 nan nan nan -32.340584 -17.280101 -51.058985 2.010139 -14.384034 9.003552 7.671305 -6.680684 -10.034422 nan nan nan 5.342704 -10.662839 15.921626 12.098298 -4.173787 11.183808 7.618128 0.749262 -5.548160 0.237992 1.446796 34.780882 8.755795 0.194953 6.054511 -6.660529 -13.752775 6.201684 -22.139535 -25.895833 -11.143254 17.772495 -38.636781 -16.655665 42.133179 -21.693851 -28.750511 19.026567 9.502463 14.450528 27.317609 1.818115 -2.683572 -24.888285 52.807587 -34.095654 -34.125783 10.073907 -43.345653 
-24.015032 66.023682 108.079803 -162.314390 30.371141 62.300455 36.840437 13.883333 11.860641 4.382314 -7.043543 24.114300 -13.965356 6.821036 5.581706 nan nan nan -30.230699 -17.783529 -50.196994 2.742775 -14.704356 9.268714 8.929532 -5.509604 -8.621247 nan nan nan 3.398084 -9.167761 14.093066 12.622458 -4.326175 10.453351 8.031327 0.512764 -4.568436 1.277011 0.820373 34.896390 8.865527 -0.525977 5.733059 -6.628893 -12.248897 5.865363 -21.238982 -25.716303 -10.237508 17.100082 -39.611956 -16.825214 52.787753 -18.253916 -27.506377 19.432019 7.791671 13.228534 27.358844 2.542493 -2.180180 -26.284630 54.487277 -35.640998 -41.597429 8.073963 -41.510224 
-23.973904 66.188309 108.121620 -161.773111 29.548302 63.090540 36.234844 14.396618 11.948367 3.781823 -6.921909 22.987251 -13.138693 7.034737 6.442231 nan nan nan -29.092862 -17.092490 -47.848451 3.705756 -13.046138 8.498719 8.524985 -6.679718 -7.127941 nan nan nan 1.701598 -7.796734 12.263261 13.126640 -4.488639 10.295225 8.323137 0.017853 -3.593398 1.797613 -0.209664 34.542010 8.919112 -0.737330 5.917080 -6.818633 -11.329196 6.107635 -20.082903 -25.143265 -9.976462 17.524345 -40.807790 -17.796171 56.255141 -16.391332 -27.975545 19.488609 6.626722 11.672354 27.800793 3.084265 -1.694172 -28.434763 55.482566 -37.596207 -42.009167 8.223755 -40.114537 
-23.941957 66.349289 108.153229 -161.281349 28.801451 63.350256 35.861594 14.882771 12.220429 3.209911 -7.258542 22.354466 -12.765230 7.067912 7.238585 nan nan nan -27.371236 -16.623869 -45.358222 4.191536 -11.377726 9.069744 8.039634 -6.945646 -6.907436 nan nan nan 0.290813 -6.714590 11.536678 13.286111 -4.419327 9.544368 8.516847 -0.506064 -2.726172 2.428527 -0.941172 34.036119 8.951908 -1.144381 6.555268 -6.927212 -10.666771 6.412718 -19.023556 -23.764732 -10.031223 17.916541 -42.659336 -17.949770 54.744452 -15.199648 -29.078846 19.413725 5.872129 10.363381 28.591336 3.449931 -1.599270 -30.328642 56.192415 -38.545701 -41.165075 8.851227 -38.780744 
-23.959610 66.495132 108.143120 -160.739902 27.921245 63.352272 35.146027 15.137705 12.547053 3.002840 -7.608921 22.119375 -12.664820 6.874575 7.796173 nan nan nan -25.595370 -16.777447 -42.891708 4.497333 -11.444232 10.944646 7.729973 -5.558748 -6.875429 nan nan nan -0.788666 -5.770272 11.674643 13.017438 -4.366634 8.433152 8.562238 -0.936058 -2.321237 3.259610 -1.345214 33.968144 8.923205 -1.945466 7.083733 -6.803341 -10.052391 6.558732 -18.811757 -22.240477 -10.307135 18.758798 -44.302973 -18.331973 49.945508 -15.690610 -30.037234 19.161529 5.323038 9.533183 29.624941 3.842492 -1.745452 -31.783302 57.295897 -39.153734 -40.559062 8.708578 -38.672364 
-23.992113 66.655716 108.073906 -160.012347 27.214464 63.138035 34.373606 14.720004 12.923773 2.916094 -7.917939 22.114436 -12.892097 6.763146 7.950468 nan nan nan -24.256530 -16.787284 -39.798120 4.801278 -12.686659 12.920942 8.126279 -4.452946 -7.545225 nan nan nan -1.656147 -5.008838 12.250048 12.622371 -4.416981 7.697916 8.629771 -1.303696 -2.390303 4.114850 -1.881091 33.843501 8.583610 -2.803830 7.739574 -6.657521 -9.573935 6.759558 -18.798791 -20.488601 -10.694174 20.046281 -45.846283 -19.246501 44.686959 -17.386874 -30.825931 18.878604 5.154341 8.891942 30.511543 3.996073 -1.913643 -33.282277 58.182593 -39.847588 -39.294023 9.364893 -38.531913 
-24.019241 66.822289 107.939163 -159.280903 26.717847 62.858170 33.770787 13.901324 13.238010 2.626680 -8.249518 22.374006 -13.185587 6.870093 7.778189 nan nan nan -23.223019 -16.388248 -36.422861 5.202684 -13.974856 15.069285 8.842975 -4.160197 -8.658664 nan nan nan -2.343156 -4.344635 12.802168 12.336593 -4.421146 7.279372 8.658716 -1.679255 -2.522774 4.942164 -2.455986 33.311909 8.111541 -3.769937 8.761395 -6.815342 -9.287527 6.945997 -18.482822 -18.540510 -11.024636 21.406413 -47.517136 -20.031048 42.454753 -18.980466 -30.964936 18.975456 5.295136 8.456636 30.452565 3.741304 -1.844990 -34.910054 59.216544 -40.893900 -38.961060 9.849745 -38.799230 
-24.041693 66.986809 107.747047 -158.541648 26.239655 62.636806 33.213156 13.056484 13.390049 2.231690 -8.433900 22.908079 -13.447699 6.893682 7.410653 nan nan nan -22.232742 -15.878638 -33.160856 5.221116 -15.090372 17.391674 9.476794 -3.600638 -9.469959 nan nan nan -2.932727 -3.776625 13.398098 12.015169 -4.534283 6.888085 8.637245 -1.761011 -2.735579 5.518456 -2.954217 32.637968 7.987548 -4.823535 9.848490 -6.926248 -9.132288 6.559591 -18.853308 -16.852772 -11.759412 22.720768 -48.923523 -20.547665 42.270985 -20.826925 -31.183965 18.897787 5.667980 7.939854 30.871017 3.432969 -2.006103 -36.797252 59.797599 -41.848874 -39.056569 10.128842 -39.614915 
-24.001776 67.138763 107.505615 -157.730395 25.831255 62.762583 32.667188 12.243624 13.110472 1.716500 -8.578086 23.564560 -13.328661 7.059761 6.932143 nan nan nan -21.130739 -15.498611 -30.256637 5.123424 -15.824797 19.858053 8.671282 -3.264721 -9.586823 nan nan nan -3.367540 -3.233971 13.785750 11.747455 -4.793544 6.549917 8.512501 -1.605487 -3.214753 5.696684 -3.515714 32.352711 8.308441 -5.644614 10.262402 -7.109334 -8.914947 6.336993 -19.034079 -15.141686 -12.228614 23.287307 -50.696228 -20.626272 41.521512 -20.834242 -32.661472 18.834536 5.935984 7.537046 31.481241 3.306342 -2.305169 -39.006229 60.197194 -42.747225 -39.447633 9.956704 -40.376490 
-23.893406 67.359398 107.211121 -156.954255 25.496034 63.036413 32.240188 11.284224 12.816795 1.216072 -8.413916 24.050941 -13.349378 7.093877 6.231709 nan nan nan -19.902682 -14.630177 -27.274604 4.989819 -16.262726 21.617260 8.270314 -3.390039 -9.839940 nan nan nan -3.787099 -2.601300 13.771014 11.585076 -4.967204 6.596164 8.409971 -1.529584 -3.855677 5.908632 -4.157185 32.040469 8.410988 -6.431573 10.474976 -7.404620 -8.570071 6.292102 -18.950291 -13.999246 -12.527248 23.915075 -52.079230 -21.021487 40.867179 -21.058122 -32.904709 19.017160 6.069238 7.269330 31.545903 3.241824 -2.580253 -41.458473 60.521798 -44.182005 -39.427165 10.186104 -40.726573 
-23.799559 67.671738 106.864723 -156.253336 25.071698 63.270280 31.783970 10.257148 12.877402 0.761770 -8.104161 24.240019 -13.427123 6.912732 5.191009 nan nan nan -18.676225 -13.350467 -24.180071 4.910542 -16.298088 22.897840 8.419787 -3.394505 -10.467399 nan nan nan -4.395407 -1.945892 13.391556 11.545486 -5.068801 6.926858 8.285799 -1.372735 -4.306527 6.458077 -4.638534 31.577790 8.274975 -7.521679 10.622158 -7.648927 -8.162605 6.105748 -18.684283 -13.324096 -12.628065 24.125153 -53.048935 -21.209394 40.372324 -21.936218 -32.833727 19.278130 6.122115 7.010622 31.408235 3.264891 -2.681233 -44.284029 60.734884 -46.476174 -39.852995 10.297092 -41.213060 
-23.747681 68.007095 106.469749 -155.538260 24.446744 63.584949 31.132131 9.598471 13.133077 0.396208 -8.104135 24.133646 -13.277286 6.721557 3.979135 nan nan nan -17.383786 -12.213157 -21.292373 4.778069 -15.560946 24.065879 8.864937 -3.208200 -11.017558 nan nan nan -5.173394 -1.401979 12.925731 11.504548 -5.083785 6.974060 8.147334 -1.143005 -4.394294 6.747542 -5.198695 31.211711 8.180992 -8.311022 10.448170 -7.853919 -7.605284 5.839420 -18.518885 -12.655926 -11.949420 24.453127 -54.394307 -21.769527 43.168514 -21.528782 -33.279401 19.294927 6.236231 6.565068 31.493075 3.223477 -2.433111 -47.344328 61.015121 -49.569081 -40.784797 10.027880 -41.867834 
-23.723297 68.305214 106.010254 -154.729182 23.784352 64.009893 30.468003 9.279779 13.365984 0.138402 -8.062946 23.829684 -13.234854 6.497447 2.675467 nan nan nan -16.034365 -11.035897 -18.372305 4.502536 -14.834379 24.702762 9.151444 -2.728600 -11.222854 nan nan nan -5.826778 -0.920800 12.456176 11.457158 -5.092047 6.955430 7.857842 -0.916679 -4.476449 7.012522 -5.636014 30.979675 8.208838 -9.030538 9.745136 -8.344257 -6.996693 5.939029 -17.947172 -12.102133 -10.982786 25.913608 -55.498220 -23.301492 43.490366 -21.240228 -33.845742 19.278387 6.177323 5.981742 31.730656 3.392544 -2.239366 -50.473040 60.884077 -52.002944 -40.433291 10.195145 -41.726000 
-23.750124 68.584457 105.494186 -153.858066 23.144561 64.402511 29.850273 9.170483 13.778184 0.017818 -7.923782 23.193530 -13.394531 6.266640 1.260835 nan nan nan -14.697993 -9.647571 -15.067453 4.399547 -14.233656 24.351509 9.268077 -2.176801 -11.088596 nan nan nan -6.197973 -0.411075 12.085175 11.276539 -5.104237 6.916774 7.391970 -0.628373 -4.683564 7.480746 -6.038429 30.605733 8.326126 -9.989389 9.234875 -8.857754 -6.663963 6.172020 -17.331645 -11.529588 -9.941240 28.179080 -56.186220 -25.164699 42.305927 -21.729573 -34.011050 19.261194 6.041242 5.131329 31.998827 3.496591 -2.217333 -53.072580 60.659402 -53.711518 -40.023493 10.482904 -41.651573 
-23.847374 68.897255 104.968719 -152.998646 22.425281 64.865355 29.095799 9.011707 14.411394 -0.159359 -7.755707 22.137472 -13.184076 6.295888 -0.158303 nan nan nan -13.282115 -8.179701 -11.738286 4.608044 -12.949530 23.396468 9.189619 -2.041909 -10.690356 nan nan nan -6.548456 0.076877 11.364323 10.948939 -5.088482 7.093812 6.999917 -0.323896 -4.945082 7.633245 -6.777159 30.478716 8.509558 -10.528472 8.871257 -9.226841 -6.521390 6.162767 -17.091626 -10.797491 -9.188338 29.719887 -57.036972 -26.019527 41.480555 -22.090495 -33.948472 19.128249 6.031372 4.326065 32.205806 3.439936 -2.282342 -55.221081 60.435943 -55.257986 -40.234487 10.591864 -41.743383 
-23.990461 69.226639 104.414902 -152.005149 21.678967 65.583203 28.143828 8.610656 14.849940 -0.466378 -7.442405 21.011459 -12.715468 6.403972 -1.670473 nan nan nan -11.929652 -7.058570 -8.820901 4.969772 -11.413288 22.549750 9.505051 -1.806857 -9.871820 nan nan nan -7.039113 0.316043 10.345903 10.706656 -5.141594 7.381324 6.707082 0.101743 -5.171859 7.447260 -7.607017 30.489910 8.704749 -10.741880 8.370324 -9.734256 -6.155454 6.070910 -17.052210 -10.247243 -8.424262 31.128283 -57.998916 -27.023864 41.191201 -22.172089 -34.162967 18.899982 5.981018 3.831621 32.308148 3.556341 -2.323718 -57.390321 60.028040 -57.217727 -40.950147 10.615095 -41.284816 
-24.078814 69.524460 103.792320 -150.728325 20.988891 66.526523 27.115636 8.004111 14.827975 -0.851680 -7.185636 20.165618 -12.421521 6.438125 -3.435885 nan nan nan -10.527222 -6.036650 -6.226602 5.165848 -10.295148 21.754070 10.370837 -1.443877 -9.041038 nan nan nan -7.518702 0.404299 9.497698 10.492889 -5.291893 7.391529 6.354546 0.623170 -5.340419 7.312402 -8.338446 30.179520 8.815160 -11.288321 8.079399 -10.230870 -5.591564 6.038139 -17.018307 -10.118449 -7.394546 32.998640 -58.650353 -29.050214 41.020353 -22.454341 -34.312461 18.702339 5.715419 3.291609 32.482905 3.777909 -2.158940 -59.844034 59.448088 -59.738784 -41.609142 10.605529 -40.312953 
-24.163326 69.788544 103.096474 -149.296199 20.264799 67.683516 25.940746 7.374693 14.424227 -1.137350 -6.994769 19.545704 -12.229272 6.319955 -5.382338 nan nan nan -9.147808 -5.234697 -4.107940 5.268035 -9.529177 21.167961 11.498864 -0.984033 -8.548180 nan nan nan -7.734333 0.424227 8.568426 10.126284 -5.408472 7.305228 5.755042 1.094927 -5.472982 7.356038 -8.960934 29.645741 8.797851 -12.172220 8.036000 -10.533691 -4.749662 6.055623 -17.263926 -10.598627 -6.176057 35.215058 -58.845016 -31.301720 40.634673 -22.796082 -34.363389 18.636200 5.094642 2.650485 32.619635 4.204954 -1.922087 -62.099487 58.922825 -62.012106 -41.800036 10.702781 -39.685496 
-24.249144 70.039337 102.348869 -147.814396 19.428532 68.982589 24.617831 6.923857 13.793055 -1.266555 -7.055473 19.024250 -11.842777 6.027744 -7.383738 nan nan nan -7.985683 -5.260388 -2.503365 5.455307 -8.895951 20.922787 12.564204 -0.243181 -8.399170 nan nan nan -7.958505 0.497498 7.536205 9.715652 -5.454990 7.166250 5.167747 1.557849 -5.580207 7.482439 -9.472770 28.929773 8.750457 -13.312611 8.120651 -10.612040 -3.773247 6.093381 -17.979771 -11.372828 -5.170042 37.206538 -58.972236 -32.824178 40.097474 -22.915951 -34.546047 18.532339 4.215020 2.129388 32.692504 4.693968 -2.089071 -63.999954 58.523949 -63.532084 -41.398284 10.887286 -39.765406 
-24.298498 70.230865 101.566376 -146.325656 18.480696 70.301554 23.173499 6.593597 12.997465 -1.271241 -7.247248 18.653643 -11.135682 5.591964 -9.552830 nan nan nan -7.141263 -6.070334 -1.189998 5.706676 -8.555107 20.788712 13.645060 0.890196 -8.178920 nan nan nan -8.281843 0.793844 6.742374 9.300385 -5.483333 6.806333 4.776629 2.031100 -5.707877 7.574617 -10.017586 27.976240 8.720567 -14.658174 8.283190 -10.655232 -3.092409 5.794552 -18.870537 -11.837257 -4.554072 38.237266 -59.413444 -33.621723 39.097659 -23.396401 -34.529352 18.264473 3.494002 1.604032 32.790225 4.790669 -2.518755 -65.942565 58.169021 -65.192612 -40.977020 11.186913 -40.176714 
-24.313829 70.355804 100.785133 -145.203185 17.497939 71.403376 21.791442 6.320632 12.368565 -1.316779 -7.387420 18.399646 -10.261379 5.307685 -11.910062 nan nan nan -6.268401 -6.966834 0.118504 5.840402 -8.241959 20.358618 14.388239 1.843129 -7.738956 nan nan nan -8.334301 1.242327 6.216765 8.800087 -5.318479 6.241833 4.387287 2.400063 -5.631418 7.479882 -10.638870 26.841662 8.649853 -15.744408 8.561135 -10.679010 -2.412687 5.318489 -19.907539 -12.113619 -4.157747 39.047564 -60.024438 -34.313335 37.836110 -24.002143 -34.694840 17.947263 3.009409 1.135583 32.864906 4.858586 -3.061962 -67.828285 57.687753 -66.861359 -40.779940 11.657153 -40.302312 
-24.300043 70.408653 99.982300 -144.452065 16.456694 72.432758 20.405734 6.201243 11.731114 -1.507268 -7.703810 18.293201 -9.066950 5.430126 -14.319091 nan nan nan -5.458003 -7.759770 1.250925 6.087670 -7.626752 19.704602 14.797241 2.078050 -7.322250 nan nan nan -8.055329 1.779894 5.824803 8.222866 -4.923492 5.413364 3.868057 2.625058 -5.270028 7.063520 -11.365353 25.661108 8.668351 -16.346735 8.729934 -10.742818 -1.760036 4.854240 -20.705071 -12.298757 -3.840090 39.783318 -60.538616 -34.855000 38.861735 -23.813317 -34.743147 17.602331 2.748103 0.790404 32.876842 4.909856 -3.601012 -69.881846 56.926934 -68.578789 -40.487985 12.121384 -39.816768 
-24.259701 70.409317 99.177277 -144.108504 15.268493 73.437953 18.811572 5.941919 11.113182 -1.693720 -7.680027 18.148480 -7.559748 5.916514 -16.795057 nan nan nan -4.846890 -8.244301 2.030994 6.357031 -7.126793 19.125134 15.125599 1.990185 -6.952791 nan nan nan -7.662071 2.470177 5.390135 7.578507 -4.304267 4.908281 3.312226 2.779542 -5.217740 6.466394 -12.035047 24.614604 8.741041 -16.832153 8.656401 -10.940028 -1.280362 4.621674 -21.193398 -11.852522 -3.442709 40.810230 -61.502575 -35.774519 38.035861 -24.068312 -35.045116 17.300125 2.682461 0.626718 32.740843 4.869971 -4.169112 -71.891120 56.003143 -70.505048 -39.788773 12.588926 -39.039552 
-24.181765 70.368095 98.397461 -144.232240 13.919375 74.272416 17.036287 5.646749 10.650857 -1.878916 -7.275906 17.988081 -5.725581 6.782299 -19.239117 nan nan nan -4.327460 -8.270734 2.688697 6.484283 -6.564036 18.474852 15.488129 1.632592 -6.608859 nan nan nan -7.278916 3.328481 5.073934 6.831688 -3.461868 4.684344 2.786696 3.009278 -5.339615 5.911861 -12.814122 23.368142 8.668747 -17.334360 8.731373 -11.207586 -1.020540 4.478792 -21.710734 -11.111178 -2.736902 42.769058 -62.360272 -37.726083 37.805473 -23.975208 -34.756662 16.987913 2.837053 0.274954 32.658116 4.564142 -4.442140 -73.750227 54.901384 -72.610061 -39.334219 12.956178 -38.638516 
-24.082100 70.317940 97.641495 -144.504094 12.635612 74.864726 15.329407 5.410371 10.257933 -2.040137 -6.766939 18.063775 -4.102216 7.812337 -21.443025 nan nan nan -3.807197 -8.128901 3.539118 6.457282 -5.955694 17.637059 15.584263 1.400471 -6.291836 nan nan nan -6.740300 4.098832 5.204929 5.991105 -2.624987 4.180633 2.305827 3.388114 -5.218096 5.386672 -13.642431 22.096089 8.518868 -17.834344 8.934089 -11.513085 -0.923373 4.264551 -22.387450 -10.243414 -2.082408 45.079453 -63.022180 -40.125000 37.973381 -23.505083 -34.147738 16.524163 3.187090 -0.092748 32.720328 4.089712 -4.626620 -75.403427 53.787030 -74.448948 -39.416379 13.107346 -38.315201 
-23.972727 70.299507 96.907120 -144.848885 11.459403 75.253516 13.862846 5.499140 9.719114 -2.198170 -6.354941 18.747533 -2.900273 8.495215 -23.369223 nan nan nan -3.226749 -8.001551 4.475711 6.205018 -5.131794 16.738382 14.329693 1.535216 -6.632972 nan nan nan -6.136678 4.711197 5.671439 5.186591 -1.909643 3.523383 1.854370 3.869433 -4.940306 4.971508 -14.150347 20.707406 8.351400 -18.441311 9.393665 -11.618730 -0.657121 3.901681 -23.477801 -9.421644 -1.639295 46.994987 -63.498312 -41.584935 37.576188 -23.174506 -34.333795 16.046407 3.587821 -0.155012 32.902607 3.970857 -5.077852 -76.693504 52.733704 -75.262254 -39.269672 13.070112 -37.886925 
-23.804758 70.316589 96.218269 -145.336341 10.287240 75.577346 12.686649 6.263519 8.618000 -2.454107 -6.343125 20.465684 -2.501315 8.743039 -24.855679 nan nan nan -2.613641 -8.084891 5.037677 5.357791 -4.427503 15.838997 12.025168 2.537167 -11.134785 nan nan nan -5.678431 5.395657 6.368600 4.448168 -1.241145 2.545197 1.487292 4.371249 -4.431012 5.095024 -14.053711 18.972659 7.918965 -19.813980 10.350439 -11.453732 -0.243350 3.368982 -24.839421 -8.668336 -1.159614 48.208513 -63.975432 -41.796435 37.201289 -22.694259 -35.257815 15.781092 3.849567 -0.300371 33.001489 4.174950 -5.916137 -77.360753 52.141881 -75.009413 -38.964459 12.982474 -37.499989 
-23.578127 70.339928 95.618248 -145.730491 9.041078 75.870978 11.401344 6.537239 6.943098 -2.627285 -5.874921 23.045409 -1.885210 9.065825 -25.776230 nan nan nan -2.221839 -8.352192 5.262720 3.451646 -5.585049 14.674230 8.903935 -0.614773 -13.901258 nan nan nan -5.570104 6.110967 7.344450 3.833083 -0.459843 1.030845 1.198216 4.656919 -3.450133 5.347821 -14.179017 17.061690 7.239254 -21.114025 11.762180 -11.330830 0.626546 3.220596 -25.713386 -8.858951 -1.005637 47.932291 -64.417983 -41.113031 37.350971 -22.515733 -36.578946 15.721387 3.648091 -0.652508 33.063593 4.827935 -5.844901 -77.619856 51.326151 -74.878574 -39.413456 12.880176 -37.133816 
-23.350723 70.364525 95.173050 -146.006067 7.835691 76.136988 9.982389 6.067203 5.044399 -2.553447 -4.871665 25.931725 -1.820415 9.437997 -26.299351 nan nan nan -2.392591 -8.986991 5.414162 2.076909 -7.171392 13.040605 7.140387 -1.074697 -15.423649 nan nan nan -5.361848 6.903043 8.258990 3.147778 0.053827 -0.195747 0.882798 4.916642 -2.503422 5.820203 -14.008630 15.323950 6.642071 -22.764347 13.113685 -11.452685 1.451327 2.546507 -26.660166 -8.936745 -0.465487 47.876049 -64.737428 -40.148813 36.866637 -22.862641 -36.287509 15.956284 3.428067 -0.894520 32.989216 5.415318 -5.950709 -77.662363 50.751069 -74.303694 -40.247078 12.676570 -37.333023 
-23.106688 70.390579 94.918617 -146.283402 6.694445 76.395223 8.587925 4.373894 3.390063 -2.842959 -3.297035 28.409745 -2.150464 10.392168 -26.653278 nan nan nan -2.845477 -9.038101 5.669690 1.703507 -6.870816 11.247583 6.066531 -2.093672 -15.309047 nan nan nan -5.061709 7.620111 8.763428 2.550582 0.501678 -0.870008 0.387591 5.178461 -1.656918 6.073295 -14.045434 13.860219 6.061749 -24.171386 14.668526 -11.897080 2.115480 2.006011 -27.124400 -9.064792 -0.319504 47.023075 -64.693647 -38.294656 35.629001 -24.073975 -36.271698 16.644902 3.372311 -0.873551 32.760850 6.024555 -6.049464 -77.655579 49.794894 -73.500041 -40.293108 12.531438 -37.752094 
-22.877615 70.442474 94.827148 -146.463261 5.762570 76.388653 7.665055 2.252471 2.416109 -3.814054 -1.848391 30.301702 -2.542545 11.595570 -27.097424 nan nan nan -3.429184 -8.795890 6.493663 1.725475 -5.277388 9.271223 5.379467 -3.379793 -14.504548 nan nan nan -4.504370 8.176966 9.127994 1.983403 0.931678 -0.845895 -0.196892 5.375291 -1.130535 5.902629 -14.545166 12.832351 5.678027 -24.717498 15.909521 -12.398101 2.725163 1.681506 -27.535723 -9.166450 0.057418 46.274456 -64.904900 -37.619762 35.369565 -24.119017 -37.023326 17.237669 3.298251 -0.920637 32.819818 6.632102 -5.807987 -77.248318 48.807113 -72.844944 -39.782828 12.268030 -37.861739 
-22.725899 70.499718 94.860893 -146.554217 5.110298 76.077570 7.117822 0.677993 2.212586 -4.836847 -0.897686 31.505666 -2.839530 12.532950 -27.750657 nan nan nan -4.272137 -8.742006 7.382932 2.011254 -4.239944 8.271045 5.559669 -3.507197 -13.969412 nan nan nan -3.536308 8.534847 9.593993 1.440752 1.343766 -0.225916 -0.784333 5.487913 -1.125830 5.602371 -15.058542 12.265474 5.159137 -24.737342 16.635967 -12.931637 3.142036 1.565047 -28.196752 -9.063838 0.413733 45.794307 -65.018736 -37.707766 35.391299 -24.038993 -38.245963 17.515921 3.218986 -0.945910 33.206632 7.094633 -5.628721 -76.476221 48.225966 -72.191365 -39.581921 12.429333 -37.627377 
-22.635311 70.499367 94.974228 -146.629387 4.820669 75.752850 6.828085 0.202487 2.252621 -5.373092 -0.706210 32.264541 -2.646894 13.133911 -28.435972 nan nan nan -5.002408 -8.789560 7.412061 2.389773 -3.072900 9.026510 6.279043 -3.334717 -13.651602 nan nan nan -2.142083 8.560799 10.034485 0.991146 1.827157 0.620160 -1.371327 5.639035 -1.236600 5.278996 -15.584815 11.414444 4.339641 -24.817878 17.883853 -13.433343 3.439131 1.259906 -29.386954 -8.690312 0.778297 45.612354 -65.181670 -37.490167 35.311567 -24.114446 -38.673045 17.566412 3.288479 -1.126938 33.712087 7.195412 -5.673622 -75.709223 47.890901 -71.940316 -39.077156 13.059047 -37.351804 
-22.585201 70.410812 95.083626 -146.745577 4.819765 75.706847 6.664133 0.553344 2.047538 -5.187916 -0.724948 32.857944 -2.118505 13.323989 -29.087620 nan nan nan -5.289930 -8.409934 6.575638 2.709574 -1.833597 10.627638 7.176908 -3.587521 -13.675258 nan nan nan -0.566337 8.290165 10.226618 0.666591 2.491485 1.407865 -1.910351 5.785625 -1.388188 4.739957 -16.218449 10.643293 3.402429 -24.788433 19.017118 -13.852897 3.873008 0.954834 -30.929552 -8.377067 0.992315 45.462440 -65.357201 -36.532127 34.437605 -24.589108 -37.913022 17.391319 3.328795 -1.189206 34.248827 7.190009 -5.883278 -74.984452 47.661449 -71.924582 -38.594363 13.463589 -37.195885 
-22.603230 70.256027 95.192505 -146.835321 4.958754 75.940883 6.477243 1.262346 1.721237 -4.492608 -0.799588 33.042037 -1.317467 13.283166 -29.422901 nan nan nan -5.365395 -7.431443 5.391886 3.205702 -0.445852 12.166801 8.047066 -4.222533 -13.954977 nan nan nan 0.949569 7.855971 10.309428 0.498202 3.321847 1.707792 -2.364356 5.753242 -1.296197 4.458578 -16.866880 9.784634 2.500055 -24.521883 20.029721 -14.429761 4.669707 0.850685 -32.092047 -8.310226 1.227375 45.213280 -65.647809 -35.557950 33.605240 -25.190309 -37.130468 17.323198 3.094488 -1.139586 34.561357 7.509839 -5.739596 -74.395758 47.294034 -72.061676 -39.019474 13.836133 -37.163579 
-22.691601 70.053650 95.308273 -146.850557 5.101978 76.372819 6.211481 2.242928 1.422333 -3.553153 -1.089945 32.705592 -0.522439 12.909537 -29.527342 nan nan nan -5.527242 -6.574972 4.058669 3.689008 0.635024 13.582957 8.530871 -4.003690 -14.238817 nan nan nan 2.245579 7.421649 10.411457 0.457498 4.123722 1.414942 -2.643565 5.721153 -1.134190 3.879721 -17.354501 9.699002 2.043160 -24.211947 20.163136 -14.995757 5.395972 1.206134 -33.051436 -8.082167 1.526095 45.065851 -66.244964 -34.754567 33.929878 -25.446648 -36.989474 17.304134 2.791630 -0.708644 34.588900 7.824674 -5.995014 -73.898536 47.237146 -72.075606 -39.994359 14.283539 -37.572710 
-22.822042 69.844734 95.427803 -146.745134 5.208572 76.755492 5.976485 3.291542 1.370921 -2.712985 -1.509188 31.956954 -0.093069 12.271826 -29.429086 nan nan nan -5.821510 -6.126081 3.094697 3.941729 1.308431 14.522619 8.796445 -2.742453 -14.342470 nan nan nan 3.206571 7.012712 10.660834 0.555267 4.637034 1.082367 -2.660128 5.889963 -1.258580 3.106854 -17.612307 10.137970 1.942459 -23.938757 19.591966 -15.391031 5.842643 1.674405 -34.358967 -7.417696 1.769722 45.693209 -67.098931 -34.511495 34.385252 -25.221248 -37.194033 17.151862 2.683867 -0.095009 34.420255 7.772947 -6.842034 -73.559495 47.599306 -71.914381 -40.628549 14.368932 -37.843011 
-22.945580 69.653305 95.519890 -146.634227 5.105938 77.143474 5.702938 4.046451 1.488480 -2.129149 -1.526827 30.861703 0.284548 11.513683 -29.039764 nan nan nan -6.306558 -5.773095 2.357667 4.054948 1.820221 15.067186 9.068488 -1.244971 -14.260904 nan nan nan 3.664274 6.756888 10.843936 0.765095 4.914074 0.926829 -2.541752 6.095960 -1.519975 2.581732 -17.717653 10.644412 2.085735 -23.734598 18.648802 -15.555730 6.289425 1.989488 -35.766653 -6.665767 2.004987 46.785240 -67.952340 -34.811410 34.371650 -25.081867 -37.263608 17.099196 2.748102 0.478278 34.288707 7.712006 -7.529438 -73.629772 47.608476 -72.080069 -40.487296 14.583621 -37.473497 
-23.053629 69.601166 95.573006 -146.107457 4.832695 77.430202 5.420540 4.407919 1.849650 -1.958521 -1.643586 29.536161 0.545038 10.839022 -28.618747 nan nan nan -6.958963 -5.737022 2.268079 4.148300 2.473133 14.954862 9.304150 -0.258991 -14.151935 nan nan nan 3.501289 6.607793 10.886971 1.138322 4.800773 0.873843 -2.294415 6.203174 -1.567112 2.569583 -17.645195 10.699964 2.136087 -23.890574 17.957203 -15.478465 6.915866 2.110171 -36.959206 -6.234586 2.277004 47.398554 -68.715848 -34.733513 34.423829 -25.100931 -37.494559 17.315453 2.676042 0.798664 34.084128 7.943069 -7.885092 -73.805263 47.359009 -72.256292 -40.311684 14.998491 -36.740699 
-23.078035 69.625946 95.598083 -145.330621 4.603371 77.679399 5.333202 4.596998 2.141823 -2.092592 -2.000013 28.364459 0.503924 10.277523 -28.243616 nan nan nan -7.398771 -5.851968 2.487577 4.073172 2.959982 14.466712 9.452484 0.249108 -14.090173 nan nan nan 3.193143 6.596961 11.101109 1.504727 4.549382 0.532618 -1.959844 6.137601 -1.524791 2.567722 -17.605852 10.783654 2.171940 -24.208652 17.375712 -15.297879 7.407826 2.310419 -38.027934 -5.999344 2.348819 47.693272 -69.304337 -34.159278 34.546423 -25.174303 -37.821985 17.594941 2.527019 1.048572 33.845920 8.078626 -8.267623 -74.000903 47.240107 -72.144057 -40.410772 15.287117 -36.059123 
-23.018883 69.733261 95.603920 -144.250921 4.426377 77.830340 5.406552 4.525267 2.362995 -2.487928 -2.638232 27.539210 0.203357 9.962705 -27.966908 nan nan nan -7.640519 -5.999939 3.009380 3.899153 2.992035 13.812434 9.509126 0.351103 -14.211545 nan nan nan 2.803596 6.610228 11.314474 1.843071 4.107505 0.290468 -1.602115 5.983282 -1.428341 2.685272 -17.540100 10.686694 2.177694 -24.571785 17.014813 -15.041405 7.469927 2.654290 -38.825746 -5.662558 2.330873 48.557564 -69.703543 -34.265705 34.680980 -25.181977 -38.297154 17.787212 2.470785 1.078793 33.904094 8.039730 -8.669947 -74.394167 47.069427 -71.953996 -40.058038 15.454989 -35.366142 
-22.884876 69.932846 95.592216 -142.926005 4.322943 77.952660 5.704010 4.377670 2.412790 -3.017787 -3.283112 27.055986 -0.118214 9.842929 -27.638345 nan nan nan -7.667726 -6.080541 3.693387 3.710760 2.554412 13.107573 9.408616 0.040358 -14.533367 nan nan nan 2.297687 6.512859 11.301429 2.217685 3.499917 0.339358 -1.272119 5.877756 -1.309208 2.948409 -17.401373 10.381580 2.186587 -24.931926 16.908442 -14.794577 7.281462 3.070768 -39.026723 -5.250684 2.271058 49.683166 -70.173884 -35.124452 34.766348 -25.167198 -38.671390 17.976696 2.480330 0.985986 34.240987 7.929796 -8.954321 -75.101286 46.754188 -72.186158 -39.505861 15.582859 -35.025742 
-22.716633 70.215820 95.591782 -141.377072 4.297009 77.967638 6.185775 4.340753 2.449626 -3.580385 -4.040952 26.749347 -0.467838 9.603504 -27.267568 nan nan nan -7.548463 -6.342715 4.626823 3.498957 1.895399 12.318794 9.193742 -0.650912 -14.824067 nan nan nan 1.696398 6.354165 11.367771 2.632686 2.827849 0.414487 -0.901888 5.765244 -1.220456 3.221009 -17.306417 9.885619 2.069171 -25.299663 17.254241 -14.476627 7.071616 3.466981 -39.161134 -5.065626 2.191510 50.504687 -70.566080 -35.636496 35.093312 -25.003159 -39.193912 18.148390 2.371617 0.751742 34.713497 7.742602 -9.041030 -75.793103 46.441026 -72.416224 -39.147656 15.587315 -34.896712 
-22.554747 70.544746 95.614059 -139.742381 4.332279 77.792005 6.737913 4.443500 2.660385 -4.123839 -5.113116 26.518088 -0.860449 9.131873 -26.883019 nan nan nan -7.366822 -6.802436 5.821745 3.257375 1.068599 11.480639 8.880086 -1.367050 -14.936738 nan nan nan 1.113490 6.211176 11.634671 3.042641 2.169211 0.390931 -0.448389 5.559279 -1.112200 3.422160 -17.315946 9.549468 1.879043 -25.491518 17.617911 -14.224889 6.801246 3.838887 -39.271489 -5.047273 1.958351 51.026532 -70.848168 -35.896209 35.362819 -24.865734 -39.674053 18.174593 2.176956 0.380999 35.219904 7.436461 -9.198381 -76.182590 46.409980 -72.580128 -39.078862 15.694689 -34.778506 
-22.424143 70.888519 95.631645 -138.053923 4.317322 77.675914 7.088190 4.441785 2.788229 -4.429013 -6.099634 26.307114 -1.246438 8.424345 -26.478725 nan nan nan -7.236038 -7.325092 7.006421 2.977530 0.018050 10.590677 8.575237 -1.881371 -14.925406 nan nan nan 0.499578 6.124465 11.680879 3.466510 1.457579 0.535021 -0.026500 5.284904 -1.060152 3.596635 -17.292784 9.570470 1.776955 -25.682864 17.615818 -14.081038 6.565676 4.163723 -39.260618 -5.165990 1.775972 51.661172 -71.045807 -36.568461 35.514167 -24.916497 -39.926094 18.282649 1.884240 -0.016774 35.709426 7.163662 -9.368002 -76.858240 46.455093 -73.278004 -39.187600 15.842029 -35.096798 
-22.338949 71.196793 95.632233 -136.249961 4.290764 77.701522 7.266099 4.373086 2.690935 -4.512089 -6.885812 26.144417 -1.380435 7.601019 -26.021915 nan nan nan -7.166140 -8.011374 8.079982 2.761994 -1.029904 9.672753 8.273209 -2.333710 -14.868548 nan nan nan -0.041158 5.971598 11.445121 3.876755 0.665314 0.869720 0.299782 5.007988 -1.080317 3.681998 -17.359759 9.793269 1.685771 -25.895860 17.495088 -14.008238 6.374331 4.422810 -39.258079 -5.423843 1.673610 52.534155 -71.095726 -37.334000 35.526221 -24.999591 -39.991847 18.489194 1.592586 -0.294744 36.137873 7.050465 -9.571157 -77.617961 46.317682 -73.834457 -38.724232 15.815794 -35.004039 
-22.281393 71.439690 95.627419 -134.284418 4.346511 77.863912 7.321923 4.252724 2.258799 -4.387968 -7.653272 26.191734 -1.369676 6.753406 -25.504441 nan nan nan -7.066446 -8.848223 9.062939 2.639241 -2.369361 8.583768 7.904217 -2.874235 -14.596307 nan nan nan -0.352461 5.712122 11.174878 4.218658 -0.189613 1.049844 0.534568 4.679272 -1.081440 3.644870 -17.607273 10.127669 1.674191 -25.933505 17.217625 -14.024226 6.239239 4.657414 -39.211875 -5.835679 1.474935 53.553243 -71.088679 -38.049707 35.724780 -25.263074 -39.855202 18.602117 1.294251 -0.527835 36.540461 7.013386 -9.844067 -78.022477 46.164030 -73.676689 -37.774056 16.028268 -34.185977 
-22.223221 71.653740 95.617882 -132.397744 4.447097 78.032620 7.306606 3.944923 1.769812 -4.259113 -8.482449 26.276614 -1.341186 6.161433 -24.815537 nan nan nan -6.937966 -9.669924 9.989356 2.626421 -3.782450 7.425037 7.515628 -3.430470 -14.048024 nan nan nan -0.439205 5.459915 10.936993 4.474083 -1.003372 1.170622 0.636532 4.309947 -1.008808 3.458612 -17.784511 10.342334 1.831175 -25.980574 17.000590 -13.955551 6.175032 4.754893 -39.154098 -6.419889 1.351204 54.170581 -71.275135 -38.674946 36.810777 -25.287089 -40.070108 18.618349 1.068786 -0.669335 36.998241 6.970957 -9.996746 -78.515347 45.870586 -73.728147 -37.712470 16.445578 -33.576696 
-22.138792 71.842773 95.612167 -130.862965 4.559290 78.152765 7.277120 3.502601 1.373688 -4.147505 -9.075988 26.299274 -1.200456 5.819678 -24.034640 nan nan nan -6.808349 -10.356477 10.744071 2.696214 -4.869693 6.470145 7.218808 -3.911846 -13.356562 nan nan nan -0.382425 5.314285 10.746593 4.659788 -1.642899 1.348310 0.663719 3.997024 -0.957796 3.236363 -17.909580 10.442966 1.978663 -26.121246 16.969661 -13.779315 6.052038 4.816703 -39.169564 -6.966222 1.285719 54.498970 -71.551624 -39.047822 37.207984 -24.834397 -40.140334 18.637288 0.842973 -0.847716 37.439543 6.929742 -10.080797 -79.213168 45.489763 -74.126733 -37.939648 16.566611 -33.113767 
-22.055485 71.965706 95.598419 -129.603468 4.587688 78.381540 7.106183 3.130594 0.844738 -3.990684 -9.313779 26.422794 -0.777443 5.602671 -23.410332 nan nan nan -6.773389 -10.850758 11.096526 2.845511 -5.769917 5.858993 6.868453 -4.306501 -12.854909 nan nan nan -0.203220 5.248127 10.511213 4.696223 -2.066774 1.467714 0.592419 3.697418 -1.006243 3.008278 -18.218779 10.719535 2.084981 -26.137192 16.923691 -13.623176 5.920923 5.041411 -39.213664 -7.392148 1.062469 55.377876 -71.711168 -39.314216 36.163760 -24.239102 -39.762843 18.709686 0.502390 -0.939062 37.758962 6.924506 -10.360449 -79.698034 45.235548 -74.218810 -38.007662 16.451327 -33.187183 
-21.984211 72.027794 95.579666 -128.638997 4.522338 78.705821 6.818755 2.713791 0.288230 -3.848431 -9.344236 26.503338 -0.416950 5.582345 -23.055869 nan nan nan -6.768487 -11.036544 11.142957 3.001905 -6.383477 5.443414 6.599476 -4.749505 -12.569053 nan nan nan -0.006746 5.253290 10.098701 4.689233 -2.343548 1.694604 0.429965 3.501330 -1.103891 2.836011 -18.523479 10.998336 2.197421 -26.155996 16.840980 -13.555248 5.800287 5.224175 -39.212576 -7.882864 1.018348 56.507308 -71.726264 -39.843303 35.708980 -23.893251 -39.716849 18.907684 0.183203 -0.934401 37.858187 6.920542 -10.610326 -80.114145 44.848973 -74.385677 -38.033024 16.390127 -33.362292 
-21.912460 72.110550 95.573189 -128.018419 4.490514 78.949746 6.714887 2.379360 -0.052359 -3.767872 -9.211782 26.425671 -0.292162 5.558350 -22.819348 nan nan nan -6.700829 -11.179963 11.186772 3.090464 -6.627939 5.083157 6.475583 -5.043029 -12.337358 nan nan nan 0.114279 5.358541 9.644619 4.773792 -2.523236 2.014171 0.370186 3.373498 -1.191509 2.664061 -18.705746 11.267108 2.366132 -26.242667 16.648762 -13.533675 5.591526 5.336603 -39.303380 -8.320236 1.075449 57.756915 -71.695751 -40.976267 35.858627 -23.996701 -39.883971 18.980149 0.057404 -0.909732 37.972472 6.804163 -10.739028 -80.613864 44.283806 -74.820170 -37.737055 16.526412 -33.361441 
-21.826141 72.239655 95.594315 -127.640767 4.451550 79.058321 6.731702 2.231217 -0.156184 -3.616414 -8.861546 26.234369 -0.167691 5.424834 -22.621551 nan nan nan -6.693094 -11.408187 11.337043 3.201314 -6.523885 4.780494 6.413902 -5.199909 -12.140228 nan nan nan 0.077172 5.509322 9.234018 4.928182 -2.612139 2.406529 0.423427 3.261503 -1.285887 2.434087 -18.857128 11.553774 2.520273 -26.342936 16.482656 -13.495069 5.433825 5.376932 -39.474143 -8.693099 1.068940 58.907347 -71.736653 -42.015214 35.761715 -24.169645 -39.655683 19.086757 0.050456 -0.837844 37.959493 6.665285 -10.852051 -81.197004 43.774082 -75.520605 -37.304828 16.620415 -33.405777 
-21.726019 72.394547 95.638832 -127.426931 4.332348 79.088171 6.780498 2.297900 -0.149391 -3.478798 -8.360833 26.090483 -0.111619 5.056221 -22.410776 nan nan nan -6.772777 -11.628972 11.508709 3.228220 -6.204359 4.620609 6.375477 -5.197329 -12.056180 nan nan nan -0.054653 5.712284 8.891576 5.064479 -2.633623 2.782499 0.475341 3.194065 -1.390033 2.269227 -18.874854 11.749726 2.495360 -26.560512 16.561323 -13.448715 5.350725 5.312273 -39.575725 -9.103167 1.085333 59.698515 -71.782969 -42.766885 35.415693 -24.325180 -39.363884 19.422606 0.004332 -0.766583 37.682079 6.613963 -11.058889 -81.780512 43.355257 -76.336910 -36.795951 16.736218 -33.298551 
-21.627975 72.558861 95.700790 -127.313043 4.177931 78.989903 6.857174 2.407080 0.082731 -3.461097 -7.997215 25.829928 -0.229113 4.591707 -22.130447 nan nan nan -6.877136 -11.661953 11.812884 3.232811 -5.990882 4.413547 6.357417 -5.172208 -11.916225 nan nan nan -0.187643 5.893501 8.727256 5.160118 -2.610527 3.060593 0.522532 3.215191 -1.471633 2.152083 -18.838521 11.950954 2.444102 -26.756821 16.674108 -13.345174 5.251642 5.178626 -39.664984 -9.537428 1.198095 60.064161 -71.809646 -43.097451 35.287176 -24.320441 -39.438823 19.532300 -0.079119 -0.774623 37.665234 6.533533 -11.214134 -82.201963 42.979565 -76.788323 -36.492676 16.928134 -33.319390 
-21.547073 72.744507 95.771683 -127.360407 4.060592 78.814332 7.002750 2.503431 0.527270 -3.435183 -7.654687 25.396540 -0.534463 4.166238 -21.809817 nan nan nan -6.897564 -11.537208 12.211046 3.203493 -5.934792 4.083799 6.406844 -5.072008 -11.764624 nan nan nan -0.298982 6.040855 8.706957 5.242205 -2.494813 3.216785 0.577879 3.342310 -1.542099 2.112097 -18.770214 12.148796 2.387385 -26.965815 16.828867 -13.215611 5.205833 5.038297 -39.852836 -9.950914 1.399240 60.558226 -71.877809 -43.411174 35.315273 -24.242055 -39.523078 19.441555 -0.222731 -0.825026 37.879621 6.377436 -11.306629 -82.489614 42.737560 -76.907550 -36.623716 17.151010 -33.885697 
-21.480433 72.931557 95.845688 -127.578189 3.904728 78.557229 7.069923 2.698818 1.153625 -3.335516 -7.409452 24.865752 -0.757522 3.974515 -21.570161 nan nan nan -6.954835 -11.473117 12.666817 3.110495 -5.721675 3.722202 6.534946 -4.963880 -11.619458 nan nan nan -0.359023 6.207870 8.811934 5.241847 -2.296949 3.285951 0.586724 3.489844 -1.573331 2.104636 -18.681158 12.283046 2.321854 -27.091151 17.092156 -13.077151 5.270107 4.775846 -40.012233 -10.319936 1.709199 61.212942 -72.118657 -43.873361 35.462736 -23.928250 -39.692595 19.482614 -0.389888 -0.958729 37.986068 6.285919 -11.296336 -82.794486 42.576075 -77.165283 -36.589257 17.145401 -33.919813 
-21.412930 73.097054 95.906662 -127.989621 3.698818 78.243049 7.083643 3.051644 1.908691 -3.191165 -7.148934 24.171479 -0.766317 3.749233 -21.352555 nan nan nan -7.051758 -11.345301 13.071750 3.022008 -5.284144 3.428095 6.740288 -5.031117 -11.510857 nan nan nan -0.369580 6.393566 9.092687 5.175062 -2.019308 3.205278 0.582692 3.622670 -1.562859 1.981359 -18.572521 12.403294 2.346569 -27.079664 17.322897 -12.891567 5.373288 4.537363 -40.169595 -10.626832 1.958961 61.649691 -72.424228 -44.235740 35.838344 -23.611465 -39.983964 19.542697 -0.483319 -1.127118 38.042993 6.275269 -11.247795 -83.091032 42.354355 -77.526844 -36.242225 17.182172 -33.264962 
-21.363745 73.253098 95.948357 -128.381262 3.555057 77.981719 7.076536 3.386253 2.655425 -2.993075 -7.144772 23.376586 -0.609410 3.693887 -21.103538 nan nan nan -7.146913 -11.284400 13.373105 3.005633 -5.076822 3.263900 6.867075 -4.905503 -11.441971 nan nan nan -0.325573 6.538432 9.259583 5.119832 -1.812661 3.266695 0.617633 3.711669 -1.663546 1.702281 -18.509789 12.597718 2.324753 -27.045515 17.410973 -12.832498 5.351887 4.399059 -40.264712 -10.648815 1.979584 62.498722 -72.749085 -45.341043 35.805367 -23.824498 -39.674868 19.521818 -0.365326 -1.160559 38.155224 6.096745 -11.293815 -83.635327 42.149978 -78.354249 -35.710207 17.471764 -33.029243 
-21.304581 73.389824 95.965736 -128.663559 3.423695 77.902943 7.006648 3.578005 3.149704 -2.787551 -7.196325 22.664752 -0.612940 3.769541 -20.813245 nan nan nan -7.228257 -11.317200 13.428599 3.048748 -5.130857 3.160028 6.858938 -4.724182 -11.464231 nan nan nan -0.295953 6.607121 9.241382 5.068433 -1.676663 3.338688 0.598897 3.838263 -1.825527 1.483233 -18.445452 12.810092 2.199128 -27.019084 17.544055 -12.841227 5.299916 4.263915 -40.261758 -10.616437 2.069812 63.864014 -73.018525 -46.811744 35.745698 -23.899858 -39.226147 19.525082 -0.286402 -1.113970 38.257259 5.921745 -11.377018 -84.183927 42.076388 -79.028829 -35.456083 17.590398 -32.719456 
-21.232130 73.502022 95.969215 -128.865765 3.314522 77.884445 6.894627 3.762488 3.457572 -2.547179 -7.344640 22.117981 -0.613818 3.771362 -20.666590 nan nan nan -7.273429 -11.486673 13.352445 3.027711 -5.335311 3.119733 6.783315 -4.445001 -11.582663 nan nan nan -0.251406 6.632528 9.295920 4.991391 -1.560796 3.197396 0.577361 3.951463 -1.831106 1.440011 -18.280557 12.855172 2.200806 -27.011517 17.628721 -12.679912 5.414533 4.049710 -40.526514 -10.784699 2.174399 65.003360 -73.368531 -47.596385 35.815346 -23.635550 -39.436491 19.444942 -0.367412 -1.122255 38.374385 6.028272 -11.465308 -84.537587 42.072819 -79.187560 -36.018441 17.527670 -32.567470 
-21.164478 73.589081 95.956078 -128.954010 3.231912 77.923175 6.712123 3.943644 3.595120 -2.160033 -7.484876 21.703526 -0.651110 3.746062 -20.547624 nan nan nan -7.260590 -11.612151 13.208900 2.952831 -5.576405 3.157739 6.597791 -4.191344 -11.767463 nan nan nan -0.209594 6.542491 9.326469 4.932055 -1.517294 2.994457 0.574466 4.058811 -1.752393 1.382055 -18.082710 12.830731 2.223251 -27.010794 17.617571 -12.498819 5.543020 3.905857 -40.898799 -11.005187 2.195822 65.991480 -73.630694 -48.202535 35.885825 -23.582583 -39.572597 19.256200 -0.491729 -1.164479 38.497706 6.257896 -11.573923 -84.912189 42.183522 -79.413464 -37.073558 17.634009 -33.009568 
-21.096502 73.684364 95.938782 -128.909425 3.153575 77.920302 6.555069 4.014367 3.700869 -1.897434 -7.642946 21.467003 -0.873037 3.807313 -20.354642 nan nan nan -7.195653 -11.691905 13.225885 2.832075 -5.639114 3.091173 6.355735 -4.153879 -11.889111 nan nan nan -0.245256 6.382030 9.326251 4.877154 -1.598783 2.874780 0.584853 4.180190 -1.652461 1.321531 -17.957727 12.790400 2.308196 -26.885679 17.577947 -12.367347 5.448303 3.852274 -40.997815 -10.966059 2.256993 67.774775 -73.811530 -49.988227 35.938477 -23.615421 -39.251201 19.022807 -0.415510 -1.167423 38.725187 6.345038 -11.664244 -85.224673 42.188159 -79.728803 -37.261311 17.764256 -32.903873 
-21.027962 73.805626 95.927490 -128.845123 3.097972 77.845724 6.472071 3.983021 3.878268 -1.839174 -8.008254 21.337002 -1.135096 3.968739 -20.222399 nan nan nan -7.097612 -11.688721 13.404314 2.755428 -5.584695 2.961874 6.082737 -4.358452 -11.993219 nan nan nan -0.270812 6.272747 9.303422 4.825510 -1.693009 2.807345 0.598833 4.235969 -1.446054 1.230468 -17.905696 12.767986 2.521654 -26.706695 17.407651 -12.252581 5.333737 3.726914 -41.043265 -10.865350 2.355055 69.863735 -74.093075 -52.076135 36.043663 -23.519786 -38.993321 18.811101 -0.302780 -1.322701 39.056849 6.347997 -11.606435 -85.582037 42.158812 -80.011898 -36.655663 17.730672 -32.427783 
-20.954308 73.947678 95.912819 -128.798323 3.075825 77.771580 6.407283 3.895951 4.017858 -1.719658 -8.372359 21.266578 -1.227142 4.168512 -20.126822 nan nan nan -6.972783 -11.648736 13.590521 2.749765 -5.537753 2.800496 5.822511 -4.672668 -12.046060 nan nan nan -0.295349 6.241342 9.252445 4.808970 -1.768430 2.853804 0.621455 4.222586 -1.323538 1.216567 -17.867359 12.676532 2.634642 -26.594566 17.291484 -12.068715 5.304541 3.568666 -41.226846 -10.960726 2.330834 71.124614 -74.460453 -52.889773 36.118730 -23.441470 -39.368337 18.600841 -0.212802 -1.510647 39.472844 6.334051 -11.415388 -86.133336 41.909179 -80.230526 -36.336872 17.599441 -32.534154 
-20.870016 74.097244 95.890717 -128.751994 3.111199 77.695621 6.419250 3.853737 4.098726 -1.567361 -8.633108 21.252098 -1.239815 4.264441 -20.031679 nan nan nan -6.781943 -11.682628 13.748038 2.723328 -5.571444 2.628590 5.559282 -4.904624 -12.111296 nan nan nan -0.263194 6.222399 9.136551 4.809893 -1.873377 3.028587 0.630150 4.201744 -1.246525 1.277708 -17.803675 12.501350 2.625233 -26.535782 17.279870 -11.818535 5.212273 3.492493 -41.521117 -11.192577 2.176249 72.045454 -74.725553 -53.233839 36.052611 -23.578114 -39.964963 18.365560 -0.109018 -1.637800 39.818750 6.355451 -11.314680 -86.576544 41.730154 -80.346568 -36.253707 17.722263 -32.959877 
-20.783207 74.203712 95.867500 -128.707127 3.174036 77.572291 6.475399 3.800752 4.180489 -1.464438 -8.813329 21.274530 -1.190208 4.288298 -19.928264 nan nan nan -6.599049 -11.752081 13.882239 2.645266 -5.546049 2.573235 5.285664 -5.059959 -12.170956 nan nan nan -0.063898 6.184114 9.120516 4.744831 -1.918534 3.220832 0.583799 4.138382 -1.171037 1.288525 -17.844949 12.246252 2.536203 -26.492324 17.372860 -11.631587 5.121066 3.333106 -41.794766 -11.491582 2.165930 72.991431 -74.992274 -53.659566 36.156829 -23.650757 -39.936100 18.072813 -0.065088 -1.872366 40.093702 6.449760 -11.265731 -86.766201 41.791752 -80.348083 -36.293509 17.975503 -33.177133 
-20.669647 74.239525 95.853851 -128.590213 3.176394 77.596114 6.370957 3.521132 3.993853 -1.265283 -8.822271 21.398999 -1.195220 4.288584 -19.787155 nan nan nan -6.462422 -11.729502 13.754024 2.556310 -5.619169 2.689909 5.101440 -5.201444 -12.188535 nan nan nan 0.098272 6.038093 9.167687 4.668220 -1.972511 3.201523 0.511902 4.131676 -1.126031 1.223169 -17.761136 12.226017 2.558878 -26.483208 17.278859 -11.623101 5.026338 3.163219 -41.904253 -11.696655 2.354240 74.356267 -75.266500 -54.655447 36.087287 -23.570474 -39.222012 17.858064 -0.017101 -1.973431 40.255783 6.585956 -11.269544 -87.126291 41.872697 -80.409329 -36.213715 17.933806 -33.323433 
-20.523214 74.282730 95.852409 -128.381226 3.149112 77.791845 6.262895 3.055372 3.579568 -1.116478 -8.651969 21.543143 -1.136523 4.260398 -19.656776 nan nan nan -6.265454 -11.672922 13.470627 2.448191 -5.712147 2.761509 4.975521 -5.355241 -12.204188 nan nan nan 0.058625 5.939215 9.110244 4.684487 -2.034666 3.076877 0.486631 4.077960 -1.123131 1.202611 -17.643567 12.305797 2.641588 -26.544601 17.166139 -11.660703 4.928757 3.144661 -41.977700 -11.996397 2.618617 76.156391 -75.422848 -56.309024 35.725034 -23.493583 -39.218725 17.822209 -0.044246 -1.925115 40.252134 6.760845 -11.261626 -87.558756 41.802230 -80.493219 -35.767070 17.874583 -33.077627 
-20.405851 74.342690 95.850616 -128.157720 3.110927 77.874333 6.215782 2.683362 3.323959 -1.050865 -8.469774 21.687602 -1.047597 4.148605 -19.547890 nan nan nan -6.134872 -11.580619 13.410768 2.406335 -5.869539 2.700444 4.975856 -5.500824 -12.264931 nan nan nan 0.027303 5.899947 9.147487 4.689645 -2.086889 2.950943 0.447184 4.030714 -1.084250 1.258096 -17.622341 12.283354 2.692440 -26.677173 17.157104 -11.652518 4.839525 3.131768 -42.112495 -12.554613 2.903432 77.452236 -75.532424 -57.699442 35.419716 -23.766850 -40.197184 17.788944 -0.176441 -1.985523 40.267171 6.908636 -11.063272 -88.017414 41.724834 -80.747618 -35.574902 17.806177 -32.849607 
-20.279066 74.368446 95.850319 -127.959679 3.071767 77.991134 6.190564 2.355961 2.993218 -1.061410 -8.289796 21.912264 -1.207580 3.926380 -19.390354 nan nan nan -5.963062 -11.315075 13.265313 2.363624 -6.201084 2.670138 5.079527 -5.666352 -12.328279 nan nan nan 0.017033 5.867837 9.160193 4.714120 -2.118454 2.864393 0.360909 4.043357 -1.056129 1.400006 -17.603222 12.231050 2.678126 -26.910858 17.212546 -11.646911 4.804791 2.951970 -42.278661 -13.344164 3.311323 77.691165 -75.732847 -57.851035 35.115550 -24.545653 -41.294553 17.796134 -0.397727 -2.156788 40.205841 7.059906 -10.722917 -88.431676 41.689426 -80.920251 -35.715472 17.777766 -33.043014 
-20.138557 74.366150 95.855904 -127.773177 3.113371 78.221257 6.247887 2.155346 2.469055 -1.088313 -8.074023 22.201371 -1.419300 3.668613 -19.218918 nan nan nan -5.722336 -11.173725 12.855303 2.296587 -6.563258 2.866929 5.107695 -5.662493 -12.416878 nan nan nan 0.072870 5.830545 9.070324 4.756872 -2.151830 2.867582 0.342925 4.056640 -1.165064 1.353724 -17.624250 12.339547 2.742154 -26.934915 17.214550 -11.684632 4.691695 2.680560 -42.591422 -13.969960 3.653810 78.572553 -76.139229 -58.593330 34.086092 -25.301828 -41.443722 17.706185 -0.498356 -2.125169 40.054547 7.065498 -10.710041 -88.874849 41.703131 -81.307617 -35.427109 18.084350 -32.963856 
-20.026369 74.346642 95.867302 -127.525756 3.137039 78.387456 6.268786 2.063101 1.976876 -1.151057 -7.858205 22.539092 -1.463190 3.408782 -19.134425 nan nan nan -5.642042 -11.255112 12.557667 2.264699 -6.719150 3.060272 5.087415 -5.557532 -12.475776 nan nan nan 0.185687 5.781631 9.060307 4.734125 -2.215300 2.805415 0.367175 4.080278 -1.175551 1.185046 -17.771013 12.474724 2.898701 -26.723961 17.038784 -11.663828 4.493375 2.338771 -43.068541 -14.547362 3.981452 80.210772 -76.653643 -60.128490 33.241417 -25.473106 -41.051168 17.371222 -0.559942 -2.156404 39.996246 6.936945 -10.847212 -89.306940 41.817445 -81.812372 -34.971987 18.351954 -32.841846 
-19.933060 74.287399 95.896461 -127.180500 3.008421 78.492847 6.050362 1.788419 1.584047 -1.105643 -7.567565 22.750072 -1.223645 3.207945 -19.032470 nan nan nan -5.788991 -11.232665 12.414613 2.315884 -6.841479 3.111599 5.107022 -5.609464 -12.468552 nan nan nan 0.173679 5.753951 9.192861 4.708249 -2.261059 2.639522 0.411460 4.059494 -1.070331 1.029247 -17.953396 12.509632 2.986726 -26.522235 16.815435 -11.605117 4.303689 2.041522 -43.628819 -15.386956 4.490145 82.725100 -77.093377 -62.635485 33.291596 -25.566647 -40.815628 16.986141 -0.649158 -2.347046 39.846084 6.834533 -10.833937 -89.693420 41.850085 -82.267141 -34.684920 18.554094 -32.937877 
-19.824234 74.184387 95.933525 -126.823542 2.841605 78.666034 5.733204 1.411300 1.198606 -0.994805 -7.352381 22.725213 -0.748715 3.180729 -18.845719 nan nan nan -5.972891 -11.163364 12.113941 2.367022 -7.098525 3.267438 5.113068 -5.627927 -12.455621 nan nan nan 0.130797 5.743236 9.238066 4.704055 -2.319059 2.579409 0.478251 4.053773 -0.968268 0.861446 -18.019731 12.585396 3.181966 -26.419410 16.422410 -11.483004 4.051302 1.710664 -44.404663 -16.356360 5.095672 86.001120 -77.464482 -65.833093 32.641504 -25.176280 -40.231937 16.582671 -0.722709 -2.465987 39.568763 6.840275 -10.918381 -90.161539 41.871124 -82.367260 -33.898173 18.429771 -32.362984 
-19.705605 74.043419 95.978073 -126.425144 2.675184 78.885634 5.398303 0.999020 0.799770 -0.858383 -7.092875 22.615752 -0.543206 3.086954 -18.577271 nan nan nan -6.116770 -11.066113 11.688988 2.326226 -7.594279 3.510375 5.179042 -5.543199 -12.413271 nan nan nan 0.169217 5.673238 9.316494 4.646047 -2.425217 2.531853 0.530995 4.093367 -0.929277 0.605401 -18.078118 12.661949 3.416770 -26.367301 16.018383 -11.358027 3.698526 1.276178 -45.382748 -17.285938 5.626486 89.693748 -77.800558 -69.333737 31.294204 -25.178006 -39.123605 16.104812 -0.690406 -2.514808 39.288168 6.760285 -11.173322 -90.788419 41.991512 -82.562640 -32.777807 18.313573 -31.347186 
-19.592974 73.876205 96.036385 -126.051180 2.441614 79.050981 5.006764 0.576352 0.562081 -0.735825 -6.709338 22.361861 -0.663876 2.896349 -18.215083 nan nan nan -6.299781 -10.874773 11.234125 2.198331 -8.228560 3.865275 5.392071 -5.408433 -12.451346 nan nan nan 0.187862 5.639463 9.605879 4.556236 -2.445049 2.259125 0.566665 4.130112 -0.822326 0.396880 -18.175706 12.695926 3.551046 -26.413888 15.896533 -11.275883 3.233775 0.872691 -46.380573 -18.336554 6.175093 93.482155 -78.041198 -72.868745 30.029113 -25.765008 -38.122578 15.678475 -0.671819 -2.713869 38.935455 6.578363 -11.386446 -91.583333 42.020442 -83.185641 -32.006614 18.767781 -31.050078 
-19.499214 73.685684 96.094269 -125.627175 2.113980 79.159019 4.554775 0.165406 0.463826 -0.732001 -6.348463 21.979998 -0.682350 2.743159 -17.874455 nan nan nan -6.643640 -10.745915 10.849598 2.092827 -8.799629 4.205733 5.608619 -5.377228 -12.480525 nan nan nan 0.152277 5.643917 9.897115 4.463542 -2.436794 2.061226 0.554029 4.109003 -0.650766 0.328761 -18.228206 12.588929 3.621988 -26.468048 15.894205 -11.183932 2.757394 0.465213 -47.321310 -19.632522 6.910488 97.433237 -78.136648 -76.705229 29.395295 -26.188991 -38.443856 15.258350 -0.687248 -3.028105 38.519805 6.477438 -11.423454 -92.408918 41.792479 -83.993681 -31.599864 19.589932 -31.727796 
-19.364298 73.448921 96.159393 -125.093111 1.811310 79.292235 4.162810 -0.112872 0.276513 -0.737103 -6.197607 21.573415 -0.610437 2.587524 -17.468476 nan nan nan -6.956539 -10.730529 10.336602 1.924769 -9.325214 4.686944 5.788032 -5.427535 -12.390233 nan nan nan 0.184702 5.549951 10.339155 4.356223 -2.444606 1.810723 0.488512 4.014513 -0.532788 0.294688 -18.308006 12.351631 3.614301 -26.421615 15.950976 -10.977493 2.359578 0.060129 -48.328554 -21.093456 7.771675 101.139840 -78.144273 -80.202492 29.387191 -26.422922 -39.995637 14.742289 -0.670359 -3.361409 38.181577 6.568116 -11.326918 -93.158949 41.427282 -84.457904 -30.685758 20.202787 -32.226277 
-19.205620 73.175003 96.242355 -124.541993 1.520695 79.549437 3.800430 -0.189732 -0.002382 -0.749152 -6.306246 20.984051 -0.581099 2.365716 -16.930185 nan nan nan -7.192862 -10.679671 9.554505 1.663352 -9.887262 5.345786 6.023287 -5.503356 -12.271068 nan nan nan 0.297759 5.381762 10.860199 4.206253 -2.426655 1.303641 0.426045 3.954010 -0.435334 -0.014067 -18.493882 12.501338 3.836762 -26.211277 15.606274 -10.776099 1.811326 -0.331621 -49.411445 -22.489861 8.630529 104.924318 -78.203926 -83.402665 29.241980 -26.553691 -40.803485 14.135807 -0.588190 -3.615675 37.791247 6.586849 -11.439315 -94.019846 41.230381 -84.746139 -29.016686 20.382391 -31.817263 
-19.071890 72.892517 96.333839 -124.070713 1.193963 79.762132 3.439949 -0.192493 -0.073681 -0.876830 -6.510230 20.148688 -0.606756 2.220744 -16.485319 nan nan nan -7.580949 -10.624144 8.808226 1.528619 -10.428237 6.027158 6.288488 -5.506195 -12.137978 nan nan nan 0.415030 5.306435 11.252308 4.056262 -2.389790 1.047176 0.377117 3.877272 -0.366959 -0.382991 -18.630533 12.608047 4.043376 -26.024581 15.352350 -10.531085 1.010726 -0.846633 -50.602587 -23.773398 9.544022 108.823522 -78.138357 -86.627073 27.985029 -27.185663 -40.949557 13.455793 -0.413459 -4.072329 37.285818 6.476374 -11.732991 -94.787907 41.181799 -84.866972 -25.338639 20.305014 -31.006918 
-18.953917 72.599808 96.454216 -123.661758 0.856093 80.054215 3.106943 -0.064406 -0.200437 -1.034587 -6.745793 19.349937 -0.849146 2.140179 -16.274049 nan nan nan -7.978549 -10.648172 7.922620 1.333473 -10.849726 6.801162 6.591228 -5.432187 -11.971640 nan nan nan 0.460249 5.143845 11.961319 3.895119 -2.278344 -0.066060 0.451278 3.812009 -0.056746 -0.925192 -18.746450 12.996009 4.347918 -25.635168 15.239328 -10.234288 0.304092 -1.281975 -51.916183 -24.948670 10.467649 112.743552 -78.131715 -89.790211 26.172617 -28.166248 -41.267302 12.644242 -0.243749 -4.377985 36.818497 6.307544 -12.117492 -95.416730 41.297629 -84.776209 -20.622629 20.356321 -30.664921 
-18.805479 72.273865 96.536034 -123.239455 0.601063 79.970934 2.920955 0.073937 0.047329 -1.091092 -6.801917 18.596650 -1.350873 1.836461 -16.376012 nan nan nan -8.386600 -10.692818 7.409144 1.086744 -11.359002 7.657692 6.784076 -5.233118 -11.900240 nan nan nan 0.574809 5.071780 12.205204 3.811630 -2.426444 0.710963 0.438268 3.794503 -0.260648 -0.952651 -18.550443 12.816957 4.551225 -25.629807 14.889424 -9.730435 -0.738658 -2.020698 -53.321893 -26.252987 11.435555 115.979063 -77.900538 -92.499348 24.547548 -28.780338 -40.438200 11.760875 0.276862 -4.857920 36.240541 6.316749 -12.571083 -96.181116 41.084576 -85.233419 -17.632870 21.254310 -30.016683 
-18.688658 71.939827 96.611366 -122.826182 0.363708 80.233329 2.816672 0.258856 -0.081749 -1.196150 -6.778592 17.942814 -1.737715 1.446151 -16.679752 nan nan nan -8.751066 -10.842982 6.513983 0.877786 -11.725906 8.559938 6.900806 -5.111243 -11.835330 nan nan nan 0.696003 4.847102 12.411154 3.719192 -2.487666 0.437956 0.445764 3.773388 0.007657 -1.348016 -18.552870 13.027701 4.820020 -25.314770 14.559584 -9.262336 -1.601221 -2.650722 -54.668768 -27.554817 12.446876 119.075414 -77.809437 -95.111605 23.137231 -28.971190 -39.496618 10.892527 0.657473 -5.165275 35.769406 6.399593 -12.844617 -96.787897 40.994551 -85.811095 -13.957278 21.694514 -29.786342 
-18.563311 71.585876 96.687241 -122.512257 0.104008 80.574000 2.755768 0.293079 -0.275130 -1.377849 -6.560050 17.347665 -2.036534 1.084403 -17.111381 nan nan nan -9.175552 -10.882740 5.553699 0.796810 -12.133408 9.390472 7.091466 -4.960850 -11.708853 nan nan nan 0.829731 4.706655 12.533553 3.623103 -2.515531 0.208117 0.404630 3.719172 0.179914 -1.651743 -18.541704 13.325585 5.130152 -25.014857 14.153824 -8.722906 -2.472878 -3.107618 -56.073593 -28.945540 13.491899 121.295353 -77.558157 -96.634181 22.021450 -29.264652 -39.683253 9.968840 0.979453 -5.348367 35.294733 6.569364 -13.232342 -97.207555 40.981867 -85.768826 -10.359228 22.211321 -30.179555 
-18.423147 71.259995 96.775711 -122.255487 -0.070031 80.778225 2.877871 0.251457 -0.330302 -1.584191 -6.227129 16.830149 -2.640765 0.644524 -17.699875 nan nan nan -9.512752 -10.864553 4.839979 0.703685 -12.682755 10.063903 7.439534 -4.669972 -11.510104 nan nan nan 0.971643 4.598457 12.710328 3.539925 -2.543553 0.310147 0.352324 3.693123 0.097848 -1.680218 -18.421232 13.463784 5.422833 -24.916582 13.853084 -7.920494 -3.362828 -3.612380 -57.731267 -30.309760 14.815463 122.672793 -77.160858 -97.167072 21.167613 -29.621701 -40.223542 8.940343 1.207133 -5.629811 34.950979 6.654251 -13.521260 -97.386945 41.201705 -85.375361 -6.996824 22.718991 -30.671424 
-18.290518 70.971413 96.860451 -121.905960 -0.209170 80.920610 3.092975 0.174832 -0.340282 -1.749690 -5.845365 16.408506 -3.203602 0.222274 -18.412897 nan nan nan -9.840038 -10.932768 4.398784 0.639658 -13.376276 10.467132 7.754524 -4.319742 -11.252053 nan nan nan 1.005756 4.497710 12.794297 3.506607 -2.663041 0.633510 0.357113 3.649885 -0.100240 -1.656547 -18.188520 13.596645 5.739322 -24.892415 13.599436 -7.009990 -4.332019 -4.178132 -59.354676 -31.642068 16.200875 123.531603 -76.757457 -97.321758 19.703468 -30.092241 -40.106579 7.905980 1.450609 -5.856620 34.628525 6.657480 -13.701168 -97.486388 41.540927 -85.003523 -3.588970 23.068232 -31.164106 
-18.186001 70.699684 96.941597 -121.538970 -0.345638 81.191492 3.318188 0.183012 -0.491922 -1.808478 -5.334564 16.115281 -3.192046 -0.062905 -18.962704 nan nan nan -10.132491 -11.057047 3.972456 0.593541 -13.981590 10.623556 8.078822 -3.974887 -10.899331 nan nan nan 0.930554 4.474752 12.857636 3.501999 -2.739693 0.604228 0.488911 3.483671 -0.279962 -1.788669 -18.079460 14.027011 6.053838 -24.662018 13.441005 -6.254440 -5.306414 -4.489347 -60.818175 -32.980755 17.384837 124.501630 -76.439985 -97.686075 17.670458 -30.854631 -39.653158 6.876491 1.605037 -5.904779 34.332452 6.576524 -13.831532 -97.459177 42.052106 -84.579074 -0.421814 23.486700 -31.747118 
-18.114357 70.417458 97.024643 -121.255264 -0.442310 81.389273 3.591510 0.298811 -0.547518 -1.715930 -4.606872 15.957193 -3.076829 -0.064592 -19.306238 nan nan nan -10.366289 -11.189251 3.735419 0.582156 -14.316491 10.508490 8.347588 -3.786775 -10.465653 nan nan nan 0.981373 4.378829 12.933428 3.417872 -2.858958 0.584648 0.551300 3.367182 -0.444800 -2.012742 -18.004086 14.546139 6.403166 -24.264545 13.353707 -5.458248 -6.294850 -4.659251 -62.120414 -34.311904 18.396719 125.096219 -76.136612 -97.646925 16.323423 -31.339467 -39.429779 5.855717 1.812221 -5.853851 34.180681 6.494236 -13.900630 -97.265130 42.772579 -83.855988 2.080822 24.128288 -32.152999 
-18.054834 70.147461 97.099228 -120.966249 -0.486326 81.495712 3.951594 0.491593 -0.542599 -1.514793 -3.869336 16.020384 -2.977354 0.120011 -19.627136 nan nan nan -10.547076 -11.384670 3.720281 0.627287 -14.559325 10.175157 8.543817 -3.686065 -10.024037 nan nan nan 1.016792 4.235154 13.066975 3.343803 -3.026297 0.516914 0.626316 3.311708 -0.547702 -2.240111 -17.891181 15.013483 6.802362 -23.872965 13.321199 -4.555544 -7.218398 -4.888852 -63.503416 -35.704309 19.419737 125.154081 -76.042942 -96.972532 15.425982 -31.667543 -39.650111 4.814099 2.071385 -5.626122 34.221269 6.409926 -13.922786 -97.013537 43.501969 -82.895915 3.857080 24.926881 -32.501425 
-17.988642 69.898277 97.151939 -120.711875 -0.440702 81.577150 4.472796 0.823530 -0.517261 -1.165696 -3.184747 16.205525 -3.027471 0.268010 -19.891592 nan nan nan -10.595157 -11.606278 3.716652 0.604525 -14.948602 9.872469 8.703495 -3.518162 -9.670329 nan nan nan 0.905545 4.204525 13.088173 3.430160 -3.183589 0.586113 0.837621 3.246364 -0.626911 -2.296972 -17.741514 15.311621 7.135539 -23.689893 13.272741 -3.747320 -8.096264 -5.230230 -65.067568 -37.145620 20.578207 124.848528 -76.169885 -96.176435 14.153729 -32.364523 -40.228923 3.929397 2.310707 -5.303573 34.107070 6.306609 -13.855097 -96.782904 44.272396 -82.002168 5.218346 25.377438 -32.825741 
-17.932718 69.667427 97.173317 -120.535875 -0.330705 81.720500 5.170394 1.250101 -0.581117 -0.817436 -2.366357 16.572766 -3.394179 0.327968 -20.020437 nan nan nan -10.603492 -11.874720 3.603815 0.623333 -15.476085 9.664897 8.785942 -3.126691 -9.368358 nan nan nan 0.766438 4.225854 12.832233 3.567358 -3.366062 0.861200 1.032137 3.288095 -0.706441 -2.155466 -17.529110 15.677875 7.637887 -23.744064 13.054788 -2.874205 -9.096424 -5.580542 -66.746396 -38.524480 21.961558 123.803669 -76.266538 -95.118032 12.892935 -33.016926 -40.422518 3.235315 2.505489 -4.982247 33.901816 6.058966 -13.709273 -96.593281 45.281356 -81.458681 6.152602 25.504243 -33.362992 
-17.888620 69.456612 97.184219 -120.339253 -0.203766 81.877494 5.982327 1.693743 -0.713954 -0.592979 -1.573691 17.187340 -3.512512 0.367258 -20.033754 nan nan nan -10.642247 -12.314441 3.566926 0.770136 -15.843878 9.331755 8.781394 -2.742596 -9.082065 nan nan nan 0.697331 4.236054 12.449202 3.639718 -3.577641 1.303720 1.162181 3.332217 -0.894260 -2.214155 -17.432397 16.180188 8.341747 -23.662353 12.775070 -1.892750 -10.222496 -5.883394 -68.258464 -39.849958 23.241350 122.763043 -76.535787 -94.290219 12.651911 -32.731508 -40.249409 2.439194 2.743846 -4.687109 34.030737 5.663837 -13.755574 -96.356580 46.446062 -80.849268 7.153720 25.756098 -33.635362 
-17.839718 69.237312 97.202538 -120.133246 -0.042692 81.946232 6.831886 2.115244 -0.765253 -0.377561 -1.048248 17.896267 -3.264019 0.435434 -20.021047 nan nan nan -10.654527 -12.869280 3.676765 0.945140 -15.964455 8.888500 8.698521 -2.543451 -8.742031 nan nan nan 0.693869 4.284794 12.218435 3.707930 -3.774813 1.660105 1.370776 3.148573 -0.990525 -2.542483 -17.496464 16.486781 8.880088 -23.290888 12.663010 -0.887475 -11.198945 -6.315598 -69.735463 -40.992893 24.345862 122.038472 -76.964181 -93.641371 13.429140 -31.838710 -39.746930 1.412318 3.141156 -4.433504 34.452765 5.350593 -13.829278 -95.972654 47.454105 -80.011246 8.390499 26.046969 -33.404375 
-17.788612 69.041672 97.228760 -120.025139 0.159398 81.899805 7.779146 2.559938 -0.622503 -0.141527 -0.637255 18.612682 -3.303524 0.417655 -19.823644 nan nan nan -10.548959 -13.287698 3.912445 0.977850 -16.258824 8.393991 8.632731 -2.233250 -8.404065 nan nan nan 0.635130 4.345143 12.226610 3.807613 -3.941961 1.907599 1.647202 3.003053 -1.141012 -2.728634 -17.407936 16.688782 9.265797 -23.074671 12.645293 0.100326 -12.087771 -6.728605 -71.052401 -41.876088 25.284058 121.477278 -77.169993 -92.973060 13.755849 -31.324402 -39.013850 0.586045 3.604985 -4.081836 34.783947 5.018603 -13.872826 -95.696543 48.390133 -79.191736 9.380168 26.087594 -33.062778 
-17.751766 68.845757 97.244850 -119.990888 0.317537 81.870030 8.743489 2.814626 -0.442155 0.022586 -0.071166 19.404597 -3.511865 0.303227 -19.386088 nan nan nan -10.425801 -13.444936 4.123036 0.976660 -16.631656 7.895443 8.564949 -2.010409 -8.133238 nan nan nan 0.456851 4.395162 12.188192 3.937675 -4.110767 2.153580 1.861952 3.038418 -1.325753 -2.612053 -17.100457 16.879434 9.688394 -23.190892 12.629999 1.154440 -12.945951 -6.965568 -72.410625 -42.857540 26.271673 120.153885 -77.200233 -91.558478 13.166781 -31.980859 -39.415879 0.037377 3.933322 -3.600871 35.044865 4.763730 -13.790495 -95.439725 49.248697 -78.295932 10.028108 26.130673 -32.922228 
-17.726765 68.625267 97.230942 -119.875132 0.476277 81.863406 9.677305 2.854726 -0.302231 0.241860 0.657937 20.236891 -3.616615 0.153359 -18.806191 nan nan nan -10.319544 -13.492501 4.311421 1.042766 -16.851440 7.411850 8.437724 -2.065397 -7.902306 nan nan nan 0.235624 4.408042 11.996806 4.093939 -4.312873 2.565829 2.017745 3.067066 -1.430269 -2.280101 -16.817583 16.794979 10.053693 -23.383784 12.632206 2.108683 -13.612364 -7.196908 -73.887128 -44.103895 27.435671 117.893542 -77.280571 -89.022267 12.493762 -33.178547 -40.494669 -0.318297 4.080740 -3.161650 35.282570 4.790242 -13.566539 -95.016904 49.972614 -77.070423 10.430117 26.447401 -32.985543 
-17.704832 68.408272 97.202866 -119.744465 0.697794 81.845893 10.671124 2.965498 -0.215889 0.539101 1.294286 21.188745 -3.706101 -0.105508 -18.066202 nan nan nan -10.254841 -13.674875 4.513053 1.215189 -17.110158 6.998664 8.202727 -1.962172 -7.617723 nan nan nan -0.052888 4.393800 11.684593 4.331134 -4.574065 3.231730 2.249756 3.084904 -1.661286 -2.027769 -16.599255 16.758960 10.342129 -23.432360 12.525437 2.766715 -14.322759 -7.523639 -75.055304 -45.139417 28.449899 115.608549 -77.262386 -86.182131 12.189475 -33.866141 -40.509146 -0.522173 4.486501 -2.704800 35.395334 4.762955 -13.482675 -94.535984 50.582761 -75.810314 11.015109 26.850976 -33.073992 
-17.669357 68.207619 97.195030 -119.710921 0.918923 81.849885 11.700050 3.119628 -0.121700 0.777072 1.791506 22.135222 -3.604196 -0.195059 -17.218059 nan nan nan -10.189543 -13.762206 4.720200 1.464932 -17.232949 6.542968 7.976564 -1.854274 -7.323883 nan nan nan -0.342245 4.312819 11.557472 4.526157 -4.749440 3.671074 2.490163 3.172574 -1.991518 -1.988503 -16.543258 16.986881 10.693968 -23.300706 12.371804 3.339756 -14.979420 -7.698873 -76.070971 -46.014474 29.258249 113.988788 -77.506509 -83.928533 11.960229 -33.920973 -40.327793 -0.611389 4.945407 -2.113467 35.602085 4.653266 -13.438575 -94.192461 51.132982 -74.760233 11.478010 27.120597 -33.084231 
-17.637144 68.001648 97.151939 -119.735487 1.183360 81.789185 12.808527 3.425402 -0.003525 1.079113 2.247509 23.173532 -3.525333 -0.369107 -16.444568 nan nan nan -10.147797 -13.901901 4.945010 1.723023 -17.307644 6.191527 7.726022 -1.578689 -7.109414 nan nan nan -0.513019 4.360990 11.347660 4.736631 -4.961287 4.406557 2.733588 3.165846 -2.384803 -1.962483 -16.341944 17.283928 11.114185 -23.354942 11.830670 3.916086 -15.659823 -7.805856 -77.055549 -46.967285 29.782858 112.639201 -77.923330 -82.092676 9.994903 -33.559610 -40.052469 -0.817667 5.426059 -1.316743 35.880506 4.720348 -13.699766 -93.963752 51.681790 -73.793374 11.578367 27.269913 -33.295403 
-17.627218 67.773445 97.076393 -119.778598 1.440985 81.778105 13.894730 3.682910 0.042957 1.414468 2.752602 24.235276 -3.503732 -0.593882 -15.784503 nan nan nan -10.124563 -13.995334 5.060324 1.960243 -17.459578 5.909772 7.666660 -1.271820 -6.898950 nan nan nan -0.711213 4.455990 11.166417 4.977321 -5.148027 5.000418 2.999239 3.166310 -2.817310 -1.903785 -16.231596 17.575414 11.408298 -23.448558 11.452532 4.417803 -16.517861 -7.726817 -77.761767 -47.709446 30.178834 112.123941 -78.003102 -81.256444 9.376228 -33.976429 -39.670294 -0.887118 5.964287 -0.657310 36.045839 4.579022 -13.959802 -93.720936 52.233035 -73.244479 11.463533 27.418189 -33.282153 
-17.632576 67.536461 97.023399 -119.865411 1.659709 81.934393 14.892841 3.810738 -0.024645 1.755701 3.442180 25.182952 -3.456990 -0.498671 -15.018835 nan nan nan -10.033537 -13.934399 4.942548 2.089889 -17.676115 5.681907 7.901905 -1.064557 -6.689254 nan nan nan -1.191077 4.496394 11.171669 5.218296 -5.174657 4.977343 3.179083 3.785261 -3.165185 -1.196237 -16.645322 17.801964 11.710824 -23.673161 11.446511 5.069919 -17.629480 -7.298762 -79.155651 -48.933524 31.530883 108.830787 -78.061158 -77.672513 8.659154 -34.173988 -38.946471 -0.042373 5.645430 -0.598587 35.727141 4.116614 -13.759818 -93.329424 53.002378 -72.748645 11.639092 27.646785 -33.576199 
-17.643965 67.265411 96.910873 -120.035925 1.906507 81.905410 15.956298 4.096027 0.126419 2.147322 4.169181 26.115681 -3.439240 -0.286488 -13.979854 nan nan nan -9.979466 -13.953267 4.928301 2.196351 -17.645525 5.582720 7.531923 -0.834561 -6.601684 nan nan nan -1.326768 4.424124 10.929681 5.499476 -5.397668 5.697206 3.395250 3.775344 -3.550100 -1.558935 -16.194361 18.023539 12.068847 -23.648915 11.120892 5.494447 -17.954480 -7.629255 -79.963661 -49.310547 31.859193 108.185440 -78.456711 -76.857047 8.404493 -33.680783 -38.410684 -0.173986 6.432474 0.057720 36.203206 4.370321 -13.948925 -93.028941 53.278563 -71.996507 11.984237 27.407003 -33.465711 
-17.664980 66.979401 96.799393 -120.269008 2.104517 81.845945 16.908168 4.206334 0.496369 2.359565 4.745846 26.771475 -3.475662 0.256412 -13.113771 nan nan nan -10.007148 -13.950060 4.885359 2.322855 -17.495090 5.569245 7.238532 -0.684680 -6.522376 nan nan nan -1.535404 4.438820 10.788816 5.770652 -5.541093 6.232083 3.627689 3.709686 -3.809462 -1.886356 -15.869205 18.097194 12.309871 -23.655446 10.949681 5.954642 -18.160773 -7.896697 -80.857331 -49.673744 32.352627 107.819036 -78.808876 -76.464858 8.565013 -33.194866 -38.630604 -0.170453 7.048672 0.570976 36.703142 4.792839 -13.937491 -92.767830 53.302318 -71.239502 12.508068 27.145237 -33.154001 
-17.698103 66.675682 96.691528 -120.483901 2.295463 81.791066 17.763383 4.188278 0.919479 2.621871 5.328895 27.278348 -3.439849 0.711582 -12.753415 nan nan nan -10.096910 -13.966421 4.850318 2.505811 -17.428793 5.562973 7.050876 -0.501941 -6.391950 nan nan nan -1.828497 4.451116 10.609199 6.048828 -5.725692 6.730239 3.882280 3.671031 -4.016467 -1.938045 -15.478907 18.168853 12.430774 -23.691273 10.792150 6.465403 -18.312931 -8.085035 -81.916279 -49.965913 33.117047 106.782475 -78.908384 -75.475634 8.194181 -32.945747 -39.104750 0.041855 7.520802 1.059542 36.970990 5.403424 -13.792696 -92.326282 53.160575 -70.486715 13.282040 27.031695 -32.984343 
-17.724754 66.325981 96.576630 -120.652558 2.452888 81.876315 18.529753 4.136292 1.104430 3.003171 6.107906 27.864550 -3.467366 0.967488 -12.647063 nan nan nan -10.191831 -13.863113 4.642658 2.693670 -17.467329 5.556482 7.026199 -0.387204 -6.236649 nan nan nan -2.184898 4.464214 10.361442 6.388658 -5.949232 7.129829 4.090659 3.682639 -4.291958 -1.903720 -15.138881 18.133643 12.419652 -23.776054 10.974625 6.992101 -18.549064 -8.122284 -82.954714 -50.058854 34.054056 106.147965 -78.660377 -74.957033 10.728784 -33.294064 -39.483756 0.304865 8.031940 1.436443 37.252164 5.848363 -13.535362 -91.718538 52.937951 -69.844525 13.575479 26.990385 -32.372414 
-17.761435 65.959396 96.465439 -120.808952 2.678665 82.032257 19.373191 4.258501 1.170442 3.368208 6.830671 28.451349 -3.698611 1.084471 -12.494340 nan nan nan -10.185609 -13.762381 4.354594 2.848520 -17.589376 5.532879 7.012494 -0.231139 -6.023827 nan nan nan -2.460058 4.438617 9.995933 6.757046 -6.165228 7.637274 4.291191 3.768092 -4.697656 -1.932752 -14.840960 18.263442 12.402956 -23.854434 10.964996 7.280729 -18.840054 -7.991300 -83.892071 -50.283221 34.679535 104.858579 -78.718487 -73.518610 11.935784 -33.342131 -39.413918 0.719379 8.453576 1.934521 37.413456 6.284778 -13.554534 -91.179891 52.880231 -68.961278 13.563054 27.000243 -31.600987 
-17.826670 65.603600 96.347206 -120.980214 2.943258 82.182820 20.254392 4.520151 1.305333 3.746716 7.463032 28.895505 -3.930756 0.993587 -12.209659 nan nan nan -10.167096 -13.750113 4.113044 3.016265 -17.832469 5.484542 6.960964 0.091507 -5.766418 nan nan nan -2.714055 4.391737 9.555786 7.108705 -6.363099 8.310464 4.523554 3.901560 -5.201592 -1.865799 -14.474354 18.461165 12.370806 -23.999004 10.735580 7.391063 -19.097246 -7.782659 -84.695071 -50.544653 35.101880 103.892172 -78.987605 -72.426558 11.246298 -33.392639 -39.146666 1.295470 8.718208 2.500859 37.393186 6.821028 -13.764530 -90.736041 52.919341 -68.094162 13.637628 26.950518 -31.137859 
-17.910599 65.239014 96.204506 -121.208668 3.163955 82.290746 21.087960 4.820069 1.586241 4.053060 8.062456 29.161843 -3.927019 0.801041 -11.827875 nan nan nan -10.181041 -13.727011 3.811387 3.050191 -18.109811 5.641350 6.869364 0.550864 -5.699256 nan nan nan -2.965394 4.388347 9.171772 7.406324 -6.439541 8.851309 4.715832 4.020997 -5.590976 -1.503412 -13.963846 18.420835 12.180908 -24.446161 10.762929 7.497274 -19.341773 -7.609810 -85.551606 -50.899638 35.673758 102.570694 -79.260797 -71.207239 9.302592 -33.791896 -38.801330 1.965835 8.833698 2.960008 37.433148 7.396236 -13.897873 -90.374098 52.904464 -67.353236 13.566950 26.885982 -31.385378 
-18.002447 64.836067 96.056717 -121.488483 3.361693 82.337756 21.833288 5.032405 2.005103 4.270740 8.639917 29.175237 -4.055153 0.758774 -11.225503 nan nan nan -10.230216 -13.581204 3.516096 3.025786 -18.373998 5.871541 6.853788 1.016502 -5.592169 nan nan nan -3.213016 4.394716 8.884947 7.711747 -6.508076 9.252247 4.913085 4.138995 -5.792439 -1.207047 -13.461170 18.306565 12.032549 -24.927516 10.784745 7.625766 -19.542727 -7.561411 -86.464661 -51.029604 36.388278 101.775616 -79.317182 -70.791573 7.963571 -34.121200 -38.315197 2.565763 9.040905 3.238432 37.581921 7.929102 -13.883560 -90.050232 52.679422 -66.976167 13.988287 26.836666 -31.228355 
-18.109655 64.411293 95.918198 -121.683269 3.582470 82.398102 22.525689 5.274620 2.415029 4.471021 9.104943 28.929718 -4.283311 0.770673 -10.337405 nan nan nan -10.316255 -13.493884 3.255636 3.100042 -18.539367 6.048438 6.890495 1.336724 -5.460710 nan nan nan -3.456388 4.343160 8.661574 8.064510 -6.642755 9.516088 5.142696 4.206755 -5.970417 -1.147311 -13.092078 18.332620 11.886563 -25.165687 10.745199 7.621922 -19.652254 -7.439027 -87.188908 -50.917425 36.979565 102.018426 -79.395208 -71.122629 7.968665 -34.047961 -38.299179 3.165111 9.347558 3.501012 37.601911 8.400768 -13.817147 -89.509192 52.345366 -66.460959 14.634813 26.834806 -30.526202 
-18.242262 63.951946 95.763481 -121.841234 3.802652 82.466163 23.178185 5.750393 2.772472 4.650285 9.411656 28.667900 -4.409945 0.586451 -9.324255 nan nan nan -10.452783 -13.576837 2.899580 3.130924 -18.568620 6.401127 6.868128 1.608071 -5.403005 nan nan nan -3.664265 4.302741 8.369694 8.415433 -6.737908 9.847745 5.357337 4.274946 -6.204562 -1.063217 -12.931080 18.316482 11.600948 -25.318593 10.891839 7.434050 -19.879289 -7.161298 -87.647821 -50.947290 37.393524 101.636261 -79.610688 -70.581116 8.534717 -33.962564 -38.335081 3.831937 9.588318 3.774207 37.422367 8.720388 -13.792425 -88.783123 52.159845 -65.985478 14.405287 26.813491 -30.206758 
-18.378468 63.450031 95.594543 -121.947359 3.983077 82.467005 23.718581 6.167945 3.147433 4.775672 9.589111 28.371447 -4.835264 0.307296 -8.397484 nan nan nan -10.697056 -13.652208 2.580933 3.138479 -18.662523 6.833840 6.900649 2.035589 -5.333659 nan nan nan -3.940086 4.306807 8.013689 8.800569 -6.910339 10.404498 5.525860 4.425593 -6.366307 -0.735240 -12.756489 18.068197 11.190448 -25.761418 11.129888 7.337558 -20.225732 -6.986207 -88.139634 -51.075390 37.984684 100.811636 -79.586672 -69.791290 9.161688 -34.073313 -38.446675 4.589763 9.694462 3.768727 37.118607 9.062284 -13.810009 -88.021786 51.994750 -65.571043 14.483463 26.745075 -29.995967 
-18.497522 62.912498 95.440224 -122.012424 4.151412 82.566204 24.136488 6.399061 3.434623 4.806313 9.673219 27.864040 -5.764709 0.038543 -8.026800 nan nan nan -10.895641 -13.589530 2.106794 3.077856 -18.889902 7.295080 7.103404 2.357292 -5.204465 nan nan nan -3.988295 4.169133 7.887085 9.067306 -7.010785 10.676363 5.638300 4.347136 -6.611022 -0.710843 -12.356234 18.005067 10.913031 -26.064102 11.185043 7.122726 -20.108527 -6.944790 -88.634913 -50.806358 38.317729 101.512469 -79.840167 -70.236957 9.455488 -34.167938 -39.201323 5.257498 9.876835 3.886791 37.085887 9.613584 -13.843172 -87.687540 51.823008 -65.127428 14.986489 26.652496 -29.874968 
-18.618460 62.338737 95.283012 -122.048537 4.332035 82.721497 24.476555 6.610501 3.667503 4.633353 9.403541 27.218214 -6.850910 -0.474212 -8.027670 nan nan nan -11.000349 -13.508029 1.558719 2.905880 -19.077370 7.727809 7.322593 2.508052 -5.065729 nan nan nan -4.050715 4.048798 7.954689 9.355348 -7.035020 10.424031 5.775526 4.327014 -6.614841 -0.523803 -11.988962 17.853984 10.692254 -26.426323 11.219029 6.954339 -20.014114 -6.783506 -89.203768 -50.666165 38.717178 102.118862 -80.206819 -70.521817 9.658906 -34.211859 -40.275300 5.950727 9.841063 3.993947 37.020851 10.083376 -13.912760 -87.371815 51.718017 -64.549850 15.025975 26.571416 -29.914960 
-18.750710 61.736614 95.118378 -122.056532 4.457787 82.867159 24.675433 6.818542 3.925183 4.178923 8.757343 26.501142 -8.014443 -1.220709 -8.214592 nan nan nan -11.208522 -13.496187 0.982773 2.727090 -19.320203 8.264692 7.654147 2.722756 -4.951387 nan nan nan -4.219027 3.900967 8.040778 9.627708 -7.149143 9.988175 5.900925 4.419418 -6.421948 -0.208026 -11.763566 17.711680 10.487730 -26.861734 11.290973 6.789572 -20.015464 -6.606401 -89.624139 -50.560215 39.156690 102.420008 -80.464828 -70.620664 9.891632 -34.237277 -41.067103 6.842830 9.862289 4.142160 36.714412 10.469833 -14.081400 -86.810199 51.597591 -63.994149 14.824809 26.784738 -29.610013 
-18.879921 61.097897 94.947693 -122.041964 4.572400 82.979160 24.774422 6.946586 4.225244 3.605041 8.047247 25.750166 -9.191631 -1.806282 -8.806598 nan nan nan -11.481563 -13.473610 0.408826 2.547007 -19.606239 8.877564 8.058788 2.906737 -4.805997 nan nan nan -4.297686 3.678323 8.125861 9.828931 -7.375064 9.689226 5.930145 4.609602 -6.244924 0.041669 -11.523379 17.660751 10.435110 -27.261927 11.276131 6.529520 -20.063484 -6.535982 -89.694360 -50.347713 39.500678 103.109807 -80.635421 -71.168303 10.105123 -34.291903 -41.046461 7.907532 10.016112 4.327813 36.202179 10.772386 -14.298918 -86.337511 51.448657 -63.694115 14.905083 26.931291 -28.932400 
-19.001711 60.420719 94.780075 -121.988946 4.713071 83.022456 24.856481 7.093533 4.418527 3.111413 7.474323 25.318106 -9.954121 -2.053092 -9.634593 nan nan nan -11.720469 -13.391092 -0.097161 2.334505 -19.737085 9.446972 8.393869 2.908296 -4.663561 nan nan nan -4.265246 3.572406 8.311349 10.024198 -7.500428 9.612129 5.978673 4.685319 -6.264079 0.311211 -11.427122 17.404401 10.261276 -27.564589 11.348247 6.135502 -20.162741 -6.449923 -89.649696 -50.164921 39.791981 104.288745 -80.923777 -72.203715 10.440877 -34.164598 -40.723288 8.781097 10.056761 4.277307 35.832110 10.891119 -14.282081 -86.191996 51.278548 -63.533291 14.701217 26.629136 -28.501007 
-19.138618 59.725388 94.626450 -121.865586 4.861012 83.000492 24.877768 7.227624 4.510550 2.725848 6.985920 25.215203 -10.412442 -2.024270 -10.368349 nan nan nan -12.003590 -13.316861 -0.553991 2.101892 -19.978666 10.108736 8.820618 2.998232 -4.459547 nan nan nan -4.256518 3.574597 8.444333 10.298460 -7.576863 9.796159 6.034521 4.745152 -6.306022 0.799799 -11.449529 16.868368 10.033714 -27.999740 11.233863 5.668476 -20.397309 -6.423938 -89.612608 -50.116294 40.197552 104.900714 -81.222864 -72.705681 10.626964 -34.139752 -40.558374 9.524312 10.016700 3.961843 35.576257 10.767083 -14.170064 -86.406229 50.891045 -63.381185 14.630240 26.278338 -28.721825 
