HIERARCHY
ROOT Hips
{
	OFFSET -0.179506 -22.333345 2.821913
	CHANNELS 6 Xposition Yposition Zposition Zrotation Yrotation Xrotation 
	JOINT LeftUpLeg
	{
		OFFSET 6.951974 -9.140623 -0.681533
		CHANNELS 3 Zrotation Yrotation Xrotation
		JOINT LeftLeg
		{
			OFFSET 3.427654 -37.519855 -0.449580
			CHANNELS 3 Zrotation Yrotation Xrotation
			JOINT LeftFoot
			{
				OFFSET -1.359570 -39.796059 -4.369333
				CHANNELS 3 Zrotation Yrotation Xrotation
				JOINT LeftToe
				{
					OFFSET 2.635814 -5.579078 11.928840
					CHANNELS 3 Zrotation Yrotation Xrotation
					End Site
					{
						OFFSET 0.000000 0.000000 0.000000
					}
				}
			}
		}
	}
	JOINT RightUpLeg
	{
		OFFSET -6.767048 -9.052170 -0.431982
		CHANNELS 3 Zrotation Yrotation Xrotation
		JOINT RightLeg
		{
			OFFSET -3.829005 -38.256897 -0.885003
			CHANNELS 3 Zrotation Yrotation Xrotation
			JOINT RightFoot
			{
				OFFSET 1.577377 -39.841461 -4.231180
				CHANNELS 3 Zrotation Yrotation Xrotation
				JOINT RightToe
				{
					OFFSET -2.537174 -4.814398 12.334795
					CHANNELS 3 Zrotation Yrotation Xrotation
					End Site
					{
						OFFSET 0.000000 0.000000 0.000000
					}
				}
			}
		}
	}
	JOINT Spine
	{
		OFFSET -0.253288 10.896323 -2.669631
		CHANNELS 3 Zrotation Yrotation Xrotation
		JOINT Spine1
		{
			OFFSET 0.548704 13.518043 0.109247
			CHANNELS 3 Zrotation Yrotation Xrotation
			JOINT Spine2
			{
				OFFSET 0.145701 5.292222 2.542457
				CHANNELS 3 Zrotation Yrotation Xrotation
				JOINT Neck
				{
					OFFSET -0.277840 21.387037 -4.285703
					CHANNELS 3 Zrotation Yrotation Xrotation
					JOINT Head
					{
						OFFSET 0.515184 6.496960 5.134897
						CHANNELS 3 Zrotation Yrotation Xrotation
						End Site
						{
							OFFSET 0.000000 0.000000 0.000000
						}
					}
				}
				JOINT LeftShoulder
				{
					OFFSET 7.884473 12.174932 -3.408961
					CHANNELS 3 Zrotation Yrotation Xrotation
					JOINT LeftArm
					{
						OFFSET 9.097692 3.046888 -0.886815
						CHANNELS 3 Zrotation Yrotation Xrotation
						JOINT LeftForeArm
						{
							OFFSET 25.961220 -1.277207 -2.745643
							CHANNELS 3 Zrotation Yrotation Xrotation
							JOINT LeftHand
							{
								OFFSET 24.923361 0.898606 -0.117091
								CHANNELS 3 Zrotation Yrotation Xrotation
								End Site
								{
									OFFSET 0.000000 0.000000 0.000000
								}
							}
						}
					}
				}
				JOINT RightShoulder
				{
					OFFSET -8.175920 11.883285 -3.861528
					CHANNELS 3 Zrotation Yrotation Xrotation
					JOINT RightArm
					{
						OFFSET -9.601238 3.255117 -0.914307
						CHANNELS 3 Zrotation Yrotation Xrotation
						JOINT RightForeArm
						{
							OFFSET -25.374195 -1.332924 -2.140099
							CHANNELS 3 Zrotation Yrotation Xrotation
							JOINT RightHand
							{
								OFFSET -25.529810 0.777228 -0.555919
								CHANNELS 3 Zrotation Yrotation Xrotation
								End Site
								{
									OFFSET 0.000000 0.000000 0.000000
								}
							}
						}
					}
				}
			}
		}
	}
}
MOTION
Frames: 150
Frame Time: 0.033333
-0.179506 110.566986 2.821913 -172.871345 -62.736939 167.342223 -3.029876 1.230690 7.908465 -1.573432 -15.618541 3.269191 0.526103 11.856268 -11.450320 5.210072 -0.537208 0.831021 -1.870061 3.069646 -21.437619 1.407551 -0.101060 47.233616 3.895491 -10.233733 -4.054342 1.319822 0.540434 1.283812 -0.974572 -1.822988 12.242813 4.282612 -4.015497 -1.752546 -0.476596 -2.167723 0.013743 -0.060321 -10.340884 1.662198 3.914860 -13.858188 -0.761621 -10.741601 -7.503281 -4.443917 -46.487897 -31.775838 9.716713 4.313275 -28.339801 1.208191 3.977231 -5.928188 6.398864 14.775737 0.514913 -3.120539 43.005737 -3.623939 11.044009 -1.280053 10.866966 -0.107656 7.855493 0.196008 4.823442 
-2.339880 110.498154 2.663514 -171.345114 -63.411456 166.291721 -2.666226 1.918338 10.242124 -0.797022 -16.231739 0.541727 0.199181 11.022185 -11.437415 4.853113 -0.601856 0.805855 -1.180634 3.413266 -23.440862 1.102170 -1.915192 42.889682 4.376498 -10.584775 -5.128665 1.106612 0.652832 1.259666 -1.143637 -2.778675 12.592464 4.353260 -3.993701 -2.131763 -0.262236 -2.507334 0.292261 -0.008614 -10.761663 1.375268 4.430053 -13.750773 -1.368149 -10.333149 -7.917854 -5.369651 -46.491925 -34.134831 10.000538 5.904018 -32.596454 -0.434332 3.665585 -7.067266 5.981069 15.109488 -0.377892 -3.047793 41.954911 -4.537876 11.253385 -1.012509 10.999479 -0.553079 8.290454 0.175644 5.815054 
-4.332653 110.324249 2.366081 -170.175103 -64.135581 165.399578 -2.356510 2.362681 12.164559 -0.342315 -16.500237 -1.098905 0.088151 10.123913 -11.938208 4.361388 -0.666823 0.831074 -0.514289 3.526062 -24.287048 0.875591 -3.391406 37.296893 4.849643 -10.473212 -5.753685 1.054239 0.664729 1.138666 -1.363350 -3.358480 12.918415 4.492879 -4.055356 -2.088379 -0.120800 -2.787483 0.436482 -0.023736 -11.056151 1.212870 4.968617 -13.886444 -2.045865 -9.647909 -8.424423 -6.139843 -46.903450 -36.058032 10.457944 7.312766 -36.952970 -1.190401 3.768989 -7.925095 5.401556 15.115797 -1.152469 -2.938153 41.467838 -5.374255 11.328916 -1.177496 11.460448 -0.265542 8.367747 -0.152708 6.498591 
-6.064294 110.033951 1.894793 -169.894792 -64.173998 165.301340 -2.469814 2.428353 13.648236 0.028219 -16.752174 -1.972748 0.517900 9.993477 -12.852993 3.882056 -0.808954 0.820961 0.133928 3.883640 -24.510872 0.628121 -3.529008 30.335522 5.609055 -10.535462 -5.983834 1.061286 0.650117 1.017144 -1.785560 -3.757993 13.292784 4.563605 -4.035459 -2.087452 -0.109059 -3.006850 0.590126 -0.105630 -11.432695 0.895825 5.456325 -13.684598 -2.799507 -9.191846 -8.504220 -6.589244 -47.256945 -37.373614 11.119971 8.596035 -40.405168 -2.002731 3.959557 -8.464455 4.587693 15.199016 -1.909423 -2.848586 41.496121 -6.032833 11.643429 -1.668752 11.647829 -0.162041 8.467464 -0.684814 6.730514 
-7.393040 109.668472 1.485498 -170.586228 -64.038382 165.765704 -2.851580 2.824233 15.320165 0.367907 -16.926757 -3.046426 1.053867 9.685343 -13.574261 3.224498 -0.893694 0.794926 0.876959 4.031126 -23.969670 0.113783 -3.371929 23.250742 6.509167 -10.422879 -5.502316 1.143817 0.624204 0.835095 -2.406978 -4.027267 13.889436 4.560833 -3.984058 -2.409059 -0.079001 -3.244579 0.901415 -0.044829 -11.899759 0.733857 5.938861 -13.394098 -3.488823 -9.065479 -8.522967 -6.882035 -47.909300 -38.195173 11.842847 9.179824 -43.704721 -1.825490 4.001539 -8.930918 4.361788 15.304628 -2.518678 -2.821701 41.722375 -6.632830 11.752894 -1.929610 11.585378 -0.419063 8.778672 -1.366771 7.264465 
-8.731740 109.261612 0.767730 -171.730429 -64.123452 166.738603 -3.303087 3.174063 16.669651 0.592912 -17.000913 -3.499186 1.353109 9.287697 -14.645536 2.733148 -0.916244 0.773777 1.746903 3.982524 -23.224806 -0.481863 -3.384752 16.621216 7.342333 -10.253341 -5.404787 1.186680 0.543965 0.785681 -2.934405 -4.220504 14.152204 4.603345 -4.170444 -2.465438 -0.041499 -3.414281 1.116636 -0.116180 -12.229053 0.402984 6.327480 -12.851570 -4.198457 -9.055644 -8.747245 -7.016940 -48.840696 -38.659567 12.748436 8.979261 -46.267784 -0.892467 3.754891 -9.170263 3.934532 15.438072 -2.987860 -2.771407 41.996672 -7.112807 11.806685 -2.153644 11.254569 -1.175807 9.060095 -1.864751 7.744363 
-10.186570 108.835922 -0.149127 -172.646533 -63.990571 167.619711 -3.450792 3.682501 18.034275 0.727526 -17.134631 -3.958752 1.570379 8.999922 -15.646098 2.549289 -0.906915 0.757263 2.337027 3.828927 -23.059951 -0.822245 -3.610727 12.210359 8.068933 -10.359767 -5.190970 1.136886 0.543723 0.822439 -3.341684 -4.473635 14.146067 4.629083 -4.341468 -2.590978 -0.097498 -3.709285 1.343652 -0.143316 -12.331714 0.015134 6.435890 -12.578305 -4.699425 -9.316527 -8.742450 -6.847410 -49.684800 -38.693964 13.703779 7.296956 -47.237260 1.681625 3.495827 -9.361839 3.808521 15.777199 -3.395238 -2.882177 42.315107 -7.443189 11.968647 -2.074018 10.811126 -1.483273 8.973078 -2.163193 7.922727 
-12.001615 108.408325 -1.080108 -173.531553 -64.005043 168.479649 -3.643501 4.132976 19.255865 0.621560 -17.160703 -3.697799 1.746216 8.619909 -16.598787 2.367985 -0.893186 0.711429 2.658055 3.686390 -22.823706 -1.187080 -3.891367 9.864469 8.340465 -10.610836 -4.833013 1.140845 0.469546 0.859110 -3.610990 -4.672099 13.901879 4.659233 -4.515688 -2.446682 -0.234718 -3.915439 1.353881 -0.068244 -12.613772 -0.030978 6.307685 -12.485542 -4.918552 -9.756134 -8.747093 -6.411857 -51.493800 -38.363910 15.157586 4.576196 -46.844552 5.026203 2.887466 -9.626060 4.150198 15.979115 -3.659591 -3.002988 42.945109 -7.660415 12.133972 -2.122868 10.251960 -2.131292 9.058941 -2.166438 8.087240 
-14.349302 107.987152 -2.385050 -173.926051 -64.081919 169.482869 -3.537424 4.522948 20.203419 0.496784 -17.077758 -3.316958 1.711687 8.275674 -17.264012 2.300915 -0.863655 0.577648 2.939869 3.768280 -23.023369 -1.203344 -4.406583 9.595665 7.893533 -11.198489 -4.986092 1.197639 0.434039 0.783829 -3.602723 -4.932817 13.230798 4.767814 -4.594384 -2.373344 -0.356033 -4.137372 1.243785 0.114950 -12.624848 -0.300006 5.941096 -12.488933 -5.122746 -10.599081 -8.450080 -5.705151 -53.188129 -37.105820 16.841729 0.954793 -44.705827 9.402328 2.063679 -9.828490 4.646606 16.228911 -3.904336 -3.206538 43.416672 -7.894168 12.311927 -2.108833 9.760644 -2.506719 8.741465 -1.650831 7.606908 
-16.965355 107.604080 -3.943112 -173.866661 -64.194644 169.953829 -3.198885 4.861722 21.211279 0.286150 -16.995610 -2.348067 1.576656 8.320239 -17.651138 2.326158 -0.900186 0.411632 3.194898 4.046052 -22.902087 -0.983937 -4.719943 10.835163 6.978683 -11.765193 -5.115261 1.298110 0.477572 0.665805 -3.312910 -5.299156 12.587283 4.955078 -4.616205 -2.233475 -0.475640 -4.396162 0.992056 0.227169 -12.884470 -0.413128 5.423218 -12.906579 -5.708817 -11.514077 -8.160781 -5.013940 -55.205801 -35.806089 18.435110 -2.374098 -41.197184 13.612431 0.965854 -9.890957 5.417326 16.418936 -3.874353 -3.492980 43.950631 -7.839641 12.390598 -2.247286 9.112437 -2.808984 8.632291 -1.024687 6.887441 
-19.585075 107.326340 -5.727292 -173.948483 -64.103659 170.705785 -2.906821 5.021840 21.584779 -0.371705 -16.845968 -0.362784 1.392372 9.113975 -17.601843 2.435241 -0.890830 0.276606 3.504616 4.352881 -22.641592 -0.570014 -4.474825 12.083600 6.190592 -12.196111 -4.999456 1.286739 0.510858 0.578205 -2.914008 -5.612177 11.670075 5.215211 -4.711089 -2.114525 -0.577224 -4.595535 0.630139 0.374101 -12.968130 -0.697347 4.682222 -12.913729 -5.709036 -12.879851 -7.557721 -3.956119 -56.381232 -33.226947 19.516610 -5.674747 -36.530626 18.124764 -0.208765 -9.840757 6.736580 16.909594 -3.880875 -3.832559 44.220364 -7.744869 12.496828 -2.208375 8.649944 -2.745228 8.665507 -0.386343 6.226430 
-22.771284 107.227798 -7.659167 -173.462643 -64.118381 171.278803 -2.295310 5.117571 21.660221 -1.015219 -16.806143 2.099367 0.650350 9.055313 -16.437195 2.521521 -0.840950 0.242565 3.876524 4.838136 -22.305709 -0.071715 -4.078610 13.854690 5.202186 -12.279372 -5.091200 1.289436 0.490765 0.544182 -2.120161 -6.049442 10.698996 5.456366 -4.920936 -2.171203 -0.640021 -4.842585 0.272599 0.569468 -13.035986 -1.233967 3.827334 -12.755250 -5.357342 -14.695859 -6.735251 -2.603818 -57.029284 -29.967523 19.851877 -7.560096 -30.817900 21.276190 -1.748916 -9.296224 8.283611 17.385826 -3.767117 -4.075818 44.447634 -7.333938 12.375321 -2.194857 8.241362 -2.431405 8.811454 0.186734 5.294224 
-25.624603 107.329987 -9.736698 -172.842465 -63.803020 171.674932 -1.388461 5.181971 21.108511 -1.902219 -16.549229 5.891571 -0.222194 7.978650 -15.089592 2.647582 -0.769037 0.339719 4.471238 5.309417 -22.121940 0.445644 -3.847812 16.049276 3.798486 -11.973393 -4.882711 1.173353 0.447449 0.581123 -1.220101 -6.270601 9.685506 5.793725 -5.163496 -2.056553 -0.639481 -4.920612 -0.369885 0.733788 -13.091987 -1.669200 2.930949 -12.960752 -4.819600 -16.372321 -5.733661 -1.151340 -57.462361 -26.688787 19.571110 -7.848770 -25.575078 22.914977 -3.260203 -8.398309 9.841508 17.841611 -3.376058 -4.047054 44.964770 -6.721820 12.072253 -2.251667 7.968666 -1.884223 8.692645 0.574032 4.456603 
-28.533726 107.612823 -11.957909 -172.157848 -63.252480 171.791597 -0.129534 5.243384 19.796929 -3.660969 -15.868502 11.826387 -1.302802 6.638803 -12.979536 2.561360 -0.681082 0.507178 5.410446 5.543470 -21.093537 0.741492 -3.924226 17.347919 2.109733 -11.084956 -5.755926 1.091338 0.309094 0.536739 -0.273593 -6.175516 9.022505 6.005035 -5.317819 -2.055590 -0.514883 -4.902021 -0.835434 1.035468 -12.838097 -2.051318 2.286628 -12.781184 -4.251902 -17.943622 -4.622920 0.060473 -57.319841 -23.171848 18.437691 -7.072588 -21.192725 23.178088 -4.583747 -7.330104 10.858345 18.231574 -2.733608 -3.802579 45.570801 -5.912872 11.775735 -2.478683 8.486664 -0.876554 8.375962 0.891371 3.453979 
-31.130953 108.004303 -14.486912 -171.872657 -62.599348 171.747474 1.126953 4.932218 16.946782 -6.270406 -13.778587 20.388756 -3.430779 4.899380 -8.174824 2.357663 -0.656870 0.709841 6.807292 5.227179 -18.718931 0.708798 -3.900168 17.129836 0.341760 -9.906370 -6.780015 1.068616 0.167798 0.408312 0.434807 -5.524851 8.709468 5.958336 -5.349069 -2.087777 -0.249958 -4.642420 -0.895340 1.205976 -12.813934 -2.385284 2.038116 -12.798954 -4.030610 -18.866337 -3.480644 0.647182 -56.834164 -19.722376 17.106571 -5.984449 -18.296718 22.216224 -5.074418 -6.516803 10.609651 18.480664 -1.781609 -3.539214 46.346836 -4.804870 11.954652 -2.267099 9.402400 0.734972 8.094436 0.986862 2.013138 
-33.675907 108.395065 -16.856508 -171.916591 -61.873324 171.467100 2.720792 4.675825 12.487355 -9.255598 -10.215140 31.124217 -5.954636 3.458418 -1.526800 2.056618 -0.753763 0.806268 7.910871 4.535442 -15.956530 0.770899 -3.904643 17.122483 -1.484144 -8.550238 -7.726551 0.897870 0.069717 0.231972 0.953216 -4.531827 9.007562 5.681574 -5.255745 -2.123756 -0.036789 -4.256396 -0.827911 1.373261 -12.775413 -2.461667 2.119958 -13.175734 -4.100650 -19.425824 -2.551651 0.910247 -55.452803 -16.664723 15.378842 -4.768342 -16.678019 20.611325 -5.256488 -5.726038 9.310641 18.790652 -0.475963 -3.153257 47.062622 -3.265805 12.041151 -1.919826 10.707308 2.447245 7.727612 0.986306 0.190034 
-35.671768 108.691727 -18.864962 -171.742029 -60.930039 170.606427 4.339883 4.328525 6.370024 -11.046401 -5.631642 42.266235 -7.775674 3.050285 4.471227 1.770556 -0.975551 0.591685 8.970529 3.731752 -12.899866 1.066013 -3.398121 16.540311 -3.284486 -7.341811 -8.339187 0.820375 -0.062616 -0.077049 1.652922 -3.347822 9.709469 5.186792 -4.824830 -2.341604 0.107626 -3.725847 -0.453995 1.437954 -12.895732 -2.611862 2.181760 -13.751324 -4.484313 -19.626419 -1.630270 0.665729 -53.800848 -14.010096 13.631646 -3.762800 -15.461585 18.382063 -4.695341 -4.981732 7.933941 18.973632 0.936365 -3.002805 47.511431 -1.281252 12.146690 -1.360393 12.855708 4.180696 7.037560 1.049643 -1.362499 
-37.469528 108.904114 -20.132292 -171.870632 -59.645310 169.915011 5.541351 4.274040 0.666228 -11.248831 -1.333399 50.867201 -7.750128 3.603186 5.449020 1.685987 -1.248533 0.262956 9.390392 2.718056 -9.892639 1.499243 -2.472550 15.580401 -4.208888 -6.212502 -9.011805 0.757820 -0.080609 -0.375770 2.217953 -2.091383 10.714344 4.532024 -4.139267 -2.491246 0.081079 -3.028354 -0.127075 1.574196 -13.189855 -2.910854 2.175117 -14.436330 -4.893067 -19.704829 -0.610742 0.337311 -51.587148 -11.770882 11.485887 -2.955204 -14.605749 15.724008 -4.319981 -4.660427 6.131037 19.019236 2.355253 -2.738337 47.701874 1.098547 12.370132 -0.648311 15.376295 5.908319 6.535023 1.344303 -2.128695 
-38.810936 109.115295 -20.711441 -172.162382 -58.076251 169.465305 6.123089 3.962165 -4.964254 -10.839277 1.968982 57.274241 -6.881066 4.377896 4.059877 1.554448 -1.375099 0.156187 9.600324 1.972367 -7.235847 1.485994 -1.111364 14.163088 -4.202634 -5.293756 -9.311790 0.686477 -0.148380 -0.659056 2.615600 -0.789023 11.722385 3.913743 -3.477486 -2.740420 -0.008203 -2.243711 0.046933 1.471675 -13.441568 -2.843744 2.204527 -15.011425 -5.285023 -19.917032 0.634549 -0.052722 -48.956803 -9.212875 9.155000 -2.219553 -14.866197 13.238764 -3.792909 -4.428177 5.231996 18.655352 3.728789 -2.777166 47.694670 3.351242 12.256513 -0.073301 18.964056 7.677400 6.599489 1.538542 -2.476947 
-39.794266 109.346771 -21.419409 -173.041858 -56.481042 169.438129 6.236746 3.328769 -10.225538 -10.101602 4.249574 61.671163 -5.247570 5.653177 1.017803 1.552227 -1.420125 0.241060 9.502721 1.312797 -4.543736 1.554843 0.511400 12.478296 -3.997494 -4.754492 -9.329948 0.733322 -0.176593 -0.880817 2.621405 0.670180 12.402134 3.343540 -2.865867 -2.806582 -0.164746 -1.375966 0.152352 1.652920 -13.383283 -2.644416 2.621310 -15.279830 -5.434030 -19.721119 1.762716 -0.314164 -46.213393 -6.764089 7.006669 -1.708306 -15.210443 10.634537 -3.744871 -4.559776 4.408007 17.856039 5.019738 -2.910938 47.654159 5.399117 12.311272 0.561067 23.045185 9.235615 7.105798 2.130849 -3.090492 
-40.917664 109.619354 -21.631134 -174.522593 -54.053470 169.499467 6.023040 2.710147 -14.382868 -9.144857 5.802748 62.228849 -3.548323 7.530097 -2.946484 1.668457 -1.421073 0.308811 8.748874 0.690631 -1.411695 1.366205 2.206490 10.612679 -3.174480 -3.974682 -9.341196 0.812521 -0.190422 -1.005604 2.322323 2.333166 12.846597 2.678759 -2.330618 -2.490643 -0.307043 -0.433820 0.081447 1.764955 -13.177035 -2.396109 2.689839 -15.737401 -5.410090 -19.375158 2.817093 -0.278085 -43.580885 -4.356783 5.005575 -1.190526 -15.117825 7.376821 -3.672853 -4.922158 4.268122 16.695015 6.395502 -3.225518 47.756064 7.547433 12.607993 1.331947 27.640691 10.316713 7.180868 2.771815 -3.569377 
-42.519581 109.906784 -22.887705 -176.306514 -52.469401 169.810338 5.514999 1.084180 -17.616125 -8.228633 4.803879 60.311012 -2.125706 9.257819 -5.795105 1.739410 -1.415793 0.348079 7.980475 0.093187 2.372219 0.926989 4.621470 8.602410 -2.337724 -3.971231 -9.612991 0.997726 -0.285180 -1.027269 1.986090 4.097089 13.451668 2.186604 -1.962326 -1.971383 -0.278393 0.275632 -0.035286 1.924127 -13.033408 -2.030623 2.802476 -16.613650 -5.367398 -19.423767 3.484294 -0.101855 -41.634545 -2.197651 3.529567 -0.821206 -14.831607 5.110995 -3.058233 -4.894487 3.994343 15.744014 7.588919 -3.643327 47.441321 9.391386 12.595176 1.525206 32.211871 10.639647 7.393633 2.904592 -4.939575 
-44.332222 110.130508 -23.796282 -177.790640 -50.736333 170.570378 5.189957 -0.222524 -20.516029 -7.345557 4.303675 55.848520 -1.463436 10.643575 -7.861006 1.705865 -1.338263 0.433068 6.836466 -0.617086 5.570905 0.347153 6.562842 6.006890 -1.030203 -3.546700 -9.591313 1.122781 -0.428746 -1.030922 1.719827 5.679471 13.501537 1.594497 -1.663293 -1.206752 -0.362944 1.005474 -0.194328 1.785986 -12.736966 -1.912301 2.971341 -17.106567 -5.325363 -19.101312 4.212622 -0.233174 -40.150771 0.024851 2.748420 -0.744421 -14.606113 3.414369 -2.688010 -4.893565 4.115843 14.164050 8.477751 -4.353361 47.365022 11.136162 12.916337 1.443731 38.513029 10.333485 7.306839 3.449327 -6.828750 
-46.155029 110.239914 -24.575411 -178.727120 -48.684562 170.986532 5.230229 -0.585257 -22.071630 -6.185032 3.664684 49.346214 -1.463268 11.411946 -8.415549 1.713764 -1.299816 0.487503 5.507938 -1.339837 7.875414 0.272532 7.851985 4.667413 0.087474 -2.363232 -9.842351 1.375145 -0.509718 -1.033742 1.645937 6.734298 13.461825 1.117235 -1.361423 -0.787249 -0.300437 1.602743 -0.206994 1.675441 -12.290948 -1.549662 2.825662 -17.392398 -4.629432 -18.839610 4.948066 -0.491526 -39.609490 1.769324 2.138522 -0.624458 -13.867384 2.302829 -2.249386 -4.616356 4.205913 12.670298 9.050192 -5.040127 46.931551 12.883235 13.151322 1.748633 44.312861 10.800807 6.944206 3.859009 -8.553053 
-48.135841 110.218811 -25.857244 -179.627521 -46.717383 171.765411 5.433449 -0.717128 -22.772846 -5.059507 2.305538 40.805312 -2.062059 11.432584 -8.159310 1.574731 -1.130727 0.641935 4.224959 -2.129097 9.963829 0.095310 9.227411 3.363877 1.105002 -1.313994 -10.505981 1.407198 -0.614579 -0.972029 1.725616 7.559839 13.611162 0.543818 -0.925240 -1.163337 -0.131419 2.088040 0.260151 1.545620 -11.496162 -1.552506 2.783355 -17.582530 -4.227233 -18.507993 5.966542 -0.851425 -39.756863 3.664351 1.656523 -0.614564 -13.295893 1.732436 -2.084848 -4.207804 3.722625 11.162024 9.388667 -5.671113 46.836458 14.408830 13.313096 1.203894 50.962232 10.626603 7.107193 4.164266 -11.388752 
-50.694691 110.068390 -27.182039 -179.880967 -44.821677 172.222016 5.665076 -0.508904 -22.197025 -3.944504 0.716308 30.699901 -3.156068 11.086815 -7.239083 1.686222 -0.921840 0.807401 2.910574 -2.599499 11.831578 0.226420 10.672771 2.650514 1.827765 -0.244080 -11.289102 1.631063 -0.800345 -0.764220 1.914631 7.884848 13.864773 -0.123465 -0.274072 -1.364343 0.061880 2.271786 0.612154 1.699605 -10.416084 -1.767323 2.584676 -17.677838 -3.782063 -18.121773 6.735595 -0.978607 -40.666901 5.267499 1.151031 -0.568949 -12.285352 1.454389 -2.206331 -3.908975 3.313276 9.597798 9.835358 -6.246570 47.154160 15.892848 13.498731 0.524924 55.899679 10.196050 7.493174 4.418729 -14.462857 
-53.392708 109.786407 -28.837500 179.990451 -43.214465 172.430100 5.884416 0.022144 -21.012475 -2.757866 -1.110696 20.057231 -4.624279 10.490199 -6.051052 1.739172 -0.733724 0.929130 1.585155 -3.053714 13.970339 0.480313 12.414012 2.149858 2.099921 0.548542 -12.159069 2.034201 -0.999521 -0.579769 2.335319 7.865529 14.104306 -0.717995 0.237990 -1.636242 0.240520 2.197329 0.929369 1.716852 -9.341808 -1.798533 2.327744 -17.351217 -3.231528 -18.087361 7.551884 -1.075498 -41.677746 6.815164 0.626816 -0.599134 -10.714547 1.529541 -2.275549 -3.799506 2.231392 8.336440 10.208943 -6.913925 47.221461 17.096410 13.936249 0.965331 60.094756 10.884349 7.781577 4.599243 -17.753690 
-56.361580 109.381882 -30.348032 -179.705644 -41.568697 172.736177 6.223120 0.543052 -20.091389 -1.581778 -2.836554 11.897454 -5.938508 9.473530 -4.938704 1.803536 -0.667133 1.025491 0.489014 -3.165883 15.694054 0.499593 14.005393 1.614381 2.412662 1.246385 -12.883496 2.269758 -1.123328 -0.380353 2.674329 7.919723 13.900988 -1.165435 0.555562 -1.743756 0.498342 2.222405 1.248806 1.654046 -8.653441 -2.142662 2.282067 -17.072682 -3.089667 -18.069107 8.159878 -1.048419 -42.324901 8.556921 0.414740 -0.937563 -9.392752 1.729564 -2.464788 -3.597902 1.618668 7.646001 10.436967 -7.240006 47.581292 17.610138 14.449446 2.418664 64.010880 12.457520 7.210229 4.958672 -19.726257 
-59.737236 108.889496 -31.723455 -179.358668 -39.975260 173.036145 6.585076 0.855973 -19.839366 -0.979481 -4.027748 8.295729 -6.483565 8.884053 -4.484980 1.886651 -0.629242 1.019574 -0.756714 -3.269961 16.934876 0.414384 15.455852 2.089766 2.623718 1.923679 -13.886987 2.360606 -1.223534 -0.304027 2.912551 8.102522 13.341637 -1.477639 0.771506 -1.551245 0.635190 2.314179 1.461034 1.604266 -7.982650 -2.211201 2.464456 -16.652451 -3.157278 -18.204430 8.559083 -1.186586 -42.684020 9.881645 0.363916 -1.110134 -8.576468 1.857998 -2.274433 -3.202630 1.150669 7.241658 10.590695 -7.498639 48.328879 17.548820 15.098438 4.577672 66.891738 15.055200 7.037841 5.277187 -20.630565 
-63.080727 108.386490 -33.083839 -179.064402 -38.317344 173.310404 6.773989 1.030129 -19.820033 -0.970701 -4.407946 7.905044 -6.372005 8.872467 -4.209718 1.970928 -0.638174 0.948299 -2.010893 -3.130038 17.985357 0.365485 16.484463 2.852461 2.896372 2.443500 -14.551166 2.364499 -1.205226 -0.311271 2.970579 8.321873 12.467394 -1.541706 0.845630 -1.464795 0.626244 2.402890 1.663712 1.791880 -7.409481 -2.150941 2.431615 -16.386669 -2.904898 -18.184071 9.108579 -1.079509 -42.995369 10.748689 0.220878 -1.263137 -7.897492 1.962300 -1.961161 -3.032290 0.804390 7.348507 10.364360 -7.442719 49.148586 17.338303 15.893843 7.691938 68.467776 18.408308 6.987915 5.662089 -21.339661 
-66.603592 107.965103 -34.279049 -178.846368 -36.820674 173.692115 6.572679 0.835033 -20.216602 -1.466463 -4.493622 10.268621 -5.672001 9.183188 -4.040889 2.025716 -0.636659 0.840245 -3.286574 -2.750359 18.410325 0.451662 16.915290 4.479827 3.264075 2.457407 -14.644427 2.360134 -1.185865 -0.388905 2.796126 8.544794 11.196497 -1.440961 0.914112 -1.234723 0.526292 2.500554 1.576856 2.049414 -6.933995 -1.994046 2.191067 -15.902678 -2.253708 -18.237692 9.649835 -0.854735 -43.222359 11.251260 0.589505 -1.399552 -7.659079 2.444980 -1.841673 -2.887585 1.299209 7.690919 9.861263 -7.180753 50.353792 16.596019 16.950994 10.485816 68.182326 21.077863 7.623997 6.191783 -22.083165 
-70.094795 107.690475 -35.343929 -179.012673 -35.572254 174.125139 6.111500 0.302512 -20.503306 -2.267903 -4.203687 13.986989 -4.306266 9.837738 -3.715028 2.177580 -0.601681 0.705794 -4.685406 -2.155769 18.259074 0.654850 17.334794 7.256423 3.704366 1.868483 -14.134174 2.310176 -1.170716 -0.436410 2.513222 8.765894 9.641933 -1.249193 0.943145 -1.058349 0.383906 2.562732 1.627544 2.283832 -6.713253 -1.580242 2.055691 -15.529431 -1.667684 -18.112665 10.129834 -0.464170 -43.669233 11.454920 1.325096 -1.760841 -7.944478 3.245952 -1.579950 -2.536337 2.062599 8.233738 9.233003 -6.499021 51.500461 15.454958 17.910116 13.458341 66.291736 24.135901 8.737319 6.220993 -20.976659 
-72.854568 107.636276 -36.667862 -179.669166 -34.734866 174.931176 5.116260 -0.312508 -20.797747 -3.241899 -3.719430 17.907796 -2.812579 10.390453 -3.934611 2.371389 -0.523514 0.671777 -5.971026 -1.604597 17.195958 0.885320 17.230621 11.134054 4.939330 1.821903 -12.670587 2.283525 -1.117048 -0.379873 2.096614 8.788769 8.233352 -1.021826 0.808125 -1.166357 0.198450 2.465736 1.783960 2.292857 -6.790733 -1.151919 1.891953 -14.891197 -1.116740 -18.050993 10.633450 0.130428 -43.822971 11.347461 1.828425 -2.145325 -7.984608 3.789836 -1.544370 -2.290434 2.499161 9.060823 8.321913 -5.657271 52.927868 13.428462 18.878648 14.746635 63.320180 24.819376 8.777059 5.793848 -19.876771 
-75.663170 107.826736 -38.028362 179.386872 -34.299002 175.603860 3.700505 -1.395158 -20.429565 -4.203962 -3.690490 20.705875 -0.955288 11.055539 -4.696336 3.014073 -0.421265 0.568245 -7.146680 -0.605573 14.732720 1.683452 17.099025 18.056744 6.229049 0.654240 -9.138477 2.281254 -1.070901 -0.229935 1.475215 8.585548 6.879719 -0.650435 0.751898 -1.123684 -0.060449 2.311301 1.907172 2.499332 -6.907775 -0.381645 1.765559 -14.081857 -0.591368 -17.771662 10.812905 0.822813 -45.081328 10.230149 2.887195 -2.664440 -7.829321 5.512232 -1.161362 -2.068154 2.932525 9.613809 7.282154 -4.938139 55.387778 11.420414 19.856927 13.480720 57.602017 23.910253 9.084931 4.742366 -17.129566 
-78.439560 108.186157 -39.577763 178.441692 -34.824984 176.093961 2.028518 -2.318711 -18.682236 -4.955078 -4.043111 21.193957 0.885963 11.442970 -5.485022 3.564571 -0.458975 0.494182 -7.690030 0.618330 10.399282 3.386560 16.995827 28.025540 7.772371 -0.844492 -2.793883 2.131496 -0.824085 0.062957 0.834634 7.722710 6.387999 -0.199777 0.703886 -1.613427 -0.212735 1.981745 2.313264 2.478890 -7.310569 0.224226 1.475704 -13.417427 -0.454232 -17.487888 10.300497 1.453980 -46.501728 8.843471 4.014857 -3.149336 -7.985172 7.130948 -2.071327 -2.044626 3.210045 10.637654 6.340814 -4.218969 56.616394 9.388709 20.110743 11.907267 50.483266 22.533258 9.270149 3.516491 -13.434047 
-81.032845 108.627914 -40.705654 178.001880 -35.415968 175.969271 0.492222 -3.170561 -16.152165 -5.374321 -5.068533 20.340088 2.623965 12.088819 -5.955856 4.093384 -0.495357 0.381983 -8.044032 1.439798 4.503400 5.241744 15.323685 39.108035 9.128317 -1.929612 3.767734 1.864910 -0.651720 0.355728 0.311767 6.593187 6.540657 0.329256 0.629883 -2.198599 -0.334965 1.644889 2.643109 2.285652 -7.261504 0.673034 1.095494 -12.613005 0.123197 -17.389669 9.150413 1.742353 -48.121610 6.295158 5.240532 -3.211268 -7.925121 8.240201 -2.730608 -2.162180 2.852672 11.810567 5.550625 -3.768580 57.191977 7.818481 19.799068 9.194554 42.101974 20.133108 8.895570 2.413942 -9.458691 
-83.347954 109.070709 -41.649452 177.641956 -36.149434 175.424014 -1.003522 -3.645053 -12.930906 -5.624169 -6.521534 18.590224 3.802590 12.533821 -6.329266 4.375129 -0.572444 0.338718 -7.687172 1.735147 -1.576105 5.569498 12.265598 49.279088 8.449976 -3.468951 7.033623 1.868561 -0.519378 0.518774 -0.318742 5.293956 7.230334 0.943250 0.413282 -2.528832 -0.459431 1.236712 2.717627 2.016289 -6.786652 1.062033 0.823529 -11.461929 0.649383 -17.718900 7.605396 1.703721 -49.402646 3.284045 6.495836 -2.901466 -8.206822 9.263970 -3.693394 -2.166937 2.261724 13.355962 4.977073 -3.345792 56.865617 6.618443 18.963991 5.957323 33.527973 17.216313 8.745067 1.260061 -5.191477 
-85.939697 109.523376 -42.368313 177.900509 -36.903996 174.714087 -2.286365 -3.782525 -9.862942 -5.627618 -8.639647 16.751771 4.351199 12.972481 -6.790778 4.806693 -0.611588 0.306366 -6.503417 2.013726 -6.973786 5.584455 9.805707 56.706278 6.968139 -4.501851 6.394118 1.852170 -0.476420 0.830277 -0.821037 4.017468 8.034410 1.629988 0.128321 -2.394992 -0.600917 0.788860 2.282100 1.621163 -6.296951 1.426811 0.389300 -10.767596 1.533243 -18.077092 5.217389 1.258490 -50.060996 -0.727034 7.958054 -2.886017 -8.285651 10.180961 -3.333187 -2.533730 3.162219 15.180638 4.457190 -3.117181 55.616469 6.055450 17.619010 2.667097 24.127874 12.838923 8.799070 0.383093 -1.601846 
-89.374550 109.967804 -43.639332 179.214731 -37.661867 173.792951 -2.831368 -3.405607 -6.663792 -5.619823 -10.910779 15.008092 4.479020 13.700899 -8.226524 5.191714 -0.684544 0.264328 -5.066061 2.425689 -11.441014 5.474847 7.693148 60.866423 5.091371 -5.898819 3.761860 1.766966 -0.326518 1.007308 -0.998021 2.674310 9.278529 2.319432 -0.284760 -2.599813 -0.698138 0.304025 2.069083 1.538191 -5.827986 1.869389 0.344649 -9.793954 2.716121 -17.927103 3.103458 1.005055 -50.122958 -4.667711 8.945325 -2.742391 -9.272816 11.082741 -1.215590 -3.385748 3.355346 16.254612 3.725532 -2.895775 53.684593 5.511974 16.253242 0.520565 17.178308 9.965529 8.153537 -0.108953 1.166342 
-92.323769 110.364304 -44.889534 -179.567250 -37.908661 172.542369 -3.124852 -2.538660 -3.245028 -5.257315 -12.492174 13.193481 4.205211 14.057606 -9.234128 5.267887 -0.738733 0.211020 -4.142762 2.785204 -15.345859 5.363568 5.665379 62.918748 3.958607 -6.929851 0.437631 1.714605 -0.219783 1.056062 -1.010954 1.363255 10.570990 2.865389 -0.670793 -2.687243 -0.639227 -0.083343 2.034989 1.289757 -4.921950 2.512630 0.177846 -9.079023 3.170825 -17.188849 1.304174 0.463714 -48.972466 -8.284768 9.199653 -2.532624 -10.352590 10.711626 0.302764 -4.124234 4.447692 16.939804 3.012889 -2.649195 50.896039 4.726023 14.574177 -0.329927 12.735938 7.865458 7.212518 -0.707271 3.568341 
-95.057777 110.658859 -46.097584 -178.159515 -38.363711 170.854422 -3.086228 -1.579410 0.307877 -4.772467 -14.423713 11.559565 3.526831 14.041744 -10.317934 5.185972 -0.817378 0.182663 -2.949038 3.145258 -18.998402 4.808161 3.197631 62.845178 3.143100 -7.659232 -2.102981 1.689806 -0.013084 0.871279 -0.958582 0.073138 11.916620 3.453538 -1.017960 -2.719570 -0.548349 -0.568281 1.730503 0.937682 -4.183034 3.718717 0.250097 -8.350413 3.383341 -16.154416 -0.292167 -0.021588 -47.480143 -12.182413 8.739483 -1.944226 -11.185688 8.522020 2.262706 -5.055251 5.089677 16.898114 2.448216 -2.272233 47.889531 3.315646 13.125762 -0.257125 10.344650 6.183754 6.516955 -0.478884 4.816213 
-97.003700 110.859543 -47.499744 -177.011486 -38.653338 169.974798 -2.980977 -1.119531 3.130227 -3.877424 -16.563233 9.691612 3.082453 14.500458 -11.018727 4.994686 -0.870956 0.165543 -1.859588 3.538260 -21.907487 4.484048 1.586593 59.888553 3.060797 -8.230483 -4.388889 1.619398 0.175041 0.729073 -0.927325 -0.915247 12.986352 3.796778 -1.268969 -2.819920 -0.391499 -0.923889 1.507255 0.601382 -3.588770 4.556746 0.564021 -7.508797 3.372755 -15.223041 -1.441328 -0.584795 -45.304286 -15.343261 7.911590 -1.348550 -11.986135 6.074010 3.730484 -5.109219 5.348314 16.731776 1.720026 -1.950100 45.413274 2.095300 12.074628 0.117040 8.574595 4.204564 5.820454 -0.566460 5.058738 
-98.850388 110.945831 -48.912910 -176.438875 -39.300802 169.760752 -3.063422 -0.860060 5.672905 -3.012696 -18.008571 7.486677 2.290274 14.380791 -11.629524 4.972234 -0.803298 0.296099 -0.814148 4.198839 -23.869718 4.031471 0.313371 53.478636 3.604940 -8.738594 -5.493514 1.611675 0.207706 0.737581 -1.032954 -1.686388 13.369580 4.084693 -1.769205 -2.621149 -0.243220 -1.300816 1.245346 0.160417 -3.101187 5.189166 0.837597 -6.734266 3.312265 -14.109084 -2.173080 -1.271314 -42.785502 -18.574668 6.570570 -0.361690 -13.017884 3.432626 4.519819 -5.015183 5.411434 16.412382 0.555894 -1.990782 42.966258 0.699532 11.313273 0.433319 8.144152 2.287360 5.679518 -0.575619 4.597159 
-100.645020 110.914185 -50.017441 -176.088241 -39.544899 169.827301 -3.235118 -0.255041 8.122765 -1.991943 -18.335533 4.656540 1.901664 13.873284 -11.806506 4.532452 -0.727984 0.334584 0.365985 4.621039 -25.155200 3.307809 -1.142949 45.167793 4.308655 -9.306405 -5.631734 1.480970 0.291552 0.688909 -1.405347 -2.285139 13.713430 4.342031 -2.098756 -2.471510 0.000317 -1.674088 1.069477 -0.062108 -2.749385 5.728765 1.447629 -6.067194 2.915644 -13.089729 -2.794855 -1.956061 -40.437639 -21.326646 5.249091 0.721322 -14.308777 0.462767 5.410154 -4.952019 5.167724 16.210452 -0.338697 -1.880798 40.922598 -0.630155 10.983007 1.003613 7.837377 0.399474 5.168344 -0.348526 4.439560 
-101.820442 110.748734 -51.019012 -176.173237 -40.319164 170.266439 -3.450576 0.180105 9.983943 -1.092281 -18.419443 2.112021 1.526203 13.109479 -12.118115 4.183895 -0.625494 0.441970 1.454645 5.334409 -25.850877 2.712430 -1.605858 36.217735 5.038556 -9.994035 -4.965731 1.383299 0.242868 0.780862 -1.789933 -2.849514 13.550201 4.551608 -2.470065 -2.269483 0.116855 -1.949289 0.796954 -0.334834 -2.562963 6.044712 2.034638 -5.366006 2.906980 -12.254731 -3.366992 -2.555646 -38.654544 -23.895658 4.366427 1.612123 -16.617495 -1.344116 5.336001 -5.285391 5.263482 16.296817 -1.429236 -1.825625 39.559606 -1.536057 10.936897 1.075562 7.700712 -1.069806 5.303222 -0.176103 4.683560 
-103.174507 110.474625 -52.359463 -176.574719 -40.602668 171.154460 -3.814405 0.674431 11.600917 -0.439788 -18.375717 0.082422 1.401775 12.559776 -12.690627 3.894870 -0.595822 0.599276 2.457195 5.845362 -25.757898 2.092357 -1.245097 26.405121 6.042293 -10.562909 -4.219068 1.327657 0.205282 0.961042 -2.345639 -3.152090 13.140079 4.642135 -2.817889 -2.065315 0.201003 -2.167132 0.778741 -0.562556 -2.393691 5.792508 2.523164 -4.666608 3.256450 -11.515213 -3.746127 -3.248044 -37.362385 -26.102864 3.712372 2.378890 -18.883795 -2.458890 5.107093 -5.904624 5.698704 16.365329 -2.537024 -2.169758 39.029405 -2.333021 11.357243 0.719614 8.007438 -2.491126 5.855276 -0.063797 4.830545 
-104.922379 110.124573 -53.827583 -176.746752 -40.981694 171.571486 -4.156733 1.203589 13.383427 0.086624 -18.635623 -1.069280 1.779042 12.053221 -13.579810 3.269891 -0.618159 0.602517 3.190094 6.041963 -25.328444 0.949572 -0.694274 17.835659 7.004388 -11.073423 -3.203930 1.237422 0.185734 0.911370 -2.970035 -3.374621 13.030883 4.804193 -3.039023 -1.977898 0.313102 -2.467417 0.791260 -0.674756 -2.876476 5.903924 3.190664 -4.126098 3.258215 -11.460175 -3.985849 -3.621071 -36.227482 -27.478621 3.288752 3.164519 -21.009163 -3.319242 5.369691 -6.376472 6.130388 16.721372 -3.230404 -2.297929 38.709312 -3.107516 11.619778 0.532464 7.723083 -3.573301 5.743243 0.088850 5.306007 
-106.851242 109.715530 -55.542240 -177.185244 -41.467979 172.114018 -4.575025 1.877229 15.057323 0.342156 -18.829698 -1.466504 2.028153 11.353655 -14.738059 2.709296 -0.689903 0.624397 3.656921 5.902228 -24.656649 -0.483211 -0.621978 10.616360 7.904996 -11.734623 -2.311722 1.062505 0.133506 0.899152 -3.533160 -3.654045 12.889312 4.893834 -3.239129 -1.991929 0.269054 -2.778474 0.875269 -0.775347 -3.385990 5.935914 3.702056 -3.589068 3.304502 -11.426976 -4.172750 -3.991450 -35.986126 -28.634519 3.331586 3.913525 -23.674184 -3.555637 5.039849 -7.056375 6.467201 16.988930 -3.892817 -2.319494 38.631261 -3.991472 11.896478 0.338222 7.586048 -4.710229 6.086613 0.316102 5.640811 
-108.251297 109.275528 -57.642780 -177.796021 -41.628591 172.681200 -4.810171 2.509226 16.570933 0.651472 -19.233417 -1.386085 2.270412 11.077643 -16.125221 2.382531 -0.776828 0.626794 4.083688 5.671924 -24.296938 -1.351087 -0.974678 6.588701 8.172809 -12.498993 -2.283702 1.022096 0.114322 0.905824 -3.726598 -4.044321 12.672096 4.922101 -3.352410 -2.088876 0.224659 -3.035779 1.078208 -0.835600 -3.803338 5.787651 3.872979 -3.059011 3.470234 -11.607404 -4.140673 -4.141439 -36.705631 -29.269456 3.870107 4.284981 -25.643720 -3.027057 4.860006 -7.467634 6.730785 17.217301 -4.450323 -2.317884 38.794824 -4.780237 12.122801 0.149780 7.778827 -5.305295 6.546078 0.380008 5.664878 
-110.282478 108.861313 -59.971119 -177.960009 -42.014033 173.023639 -4.676141 3.149115 18.109373 0.518942 -19.565077 -0.709357 2.476019 10.775117 -17.072771 2.189691 -0.796052 0.558573 4.242995 5.490385 -24.542738 -1.620358 -1.690063 6.018126 7.796126 -13.240031 -1.971443 1.063403 0.094426 0.786280 -3.728768 -4.538931 12.423918 5.011095 -3.492743 -2.140495 0.092787 -3.407904 1.167370 -0.677934 -4.231575 5.700848 3.754938 -2.854401 3.749695 -11.953332 -3.984809 -3.878348 -38.428147 -29.478893 5.047032 3.942994 -26.635208 -1.425993 4.393208 -7.673337 6.879910 17.334417 -4.878177 -2.328688 39.395788 -5.357552 12.293534 0.029354 7.959792 -5.547864 6.999172 0.425310 5.116004 
-112.492035 108.535202 -62.694080 -177.957757 -42.226844 173.429167 -4.475045 3.437080 19.343051 0.009374 -19.369994 0.811995 2.494864 11.095134 -17.463508 2.127765 -0.802327 0.504413 4.181244 5.375395 -24.868206 -1.558001 -2.754263 7.385711 6.972478 -14.006384 -1.725091 1.062360 0.059702 0.696870 -3.579092 -4.911716 11.690191 5.220568 -3.648098 -1.999211 -0.159232 -3.569297 1.034511 -0.468775 -4.511602 5.809433 3.470036 -2.859239 4.079111 -12.578970 -3.715632 -3.417958 -40.878770 -29.517393 6.700869 3.355195 -27.115680 0.382493 3.618293 -7.955652 7.198962 17.711139 -5.211691 -2.284337 40.169442 -5.739282 12.361465 -0.166662 8.085576 -5.933684 7.593954 0.550262 4.522027 
-114.738037 108.366989 -65.653389 -177.694027 -42.292566 173.891921 -4.004634 3.519388 20.115271 -0.671654 -18.906861 2.847401 2.179512 11.342811 -16.944185 2.187026 -0.786494 0.434583 4.207570 5.520456 -25.083863 -1.064242 -3.506487 10.107959 5.683146 -14.440941 -1.170495 1.085981 0.131459 0.520931 -3.063103 -5.295863 10.768554 5.443333 -3.708731 -1.741161 -0.448740 -3.730537 0.664384 -0.175834 -4.793961 5.789012 2.985468 -2.916284 4.451174 -13.761669 -3.265833 -2.480952 -43.645904 -28.663292 8.573518 2.075694 -26.274506 2.705235 2.718270 -7.994215 7.236966 18.153032 -5.301436 -2.031554 40.957004 -5.758839 12.474773 -0.120210 8.192047 -5.523057 7.791050 0.798497 3.424949 
-116.894699 108.424301 -68.638763 -177.579389 -42.179762 174.297686 -3.489321 3.716715 20.677577 -1.458667 -18.250977 5.417787 1.550897 10.948076 -15.559366 2.117489 -0.759005 0.405708 4.315982 5.589029 -24.770028 -0.578845 -3.978950 12.892890 4.444397 -14.308610 -0.596542 1.209998 0.156927 0.345410 -2.481071 -5.614647 10.100231 5.545278 -3.677786 -1.641018 -0.682606 -3.819529 0.406777 0.126301 -4.960573 5.553727 2.627452 -2.420760 4.782225 -14.965026 -2.876188 -1.692079 -47.041388 -27.186838 10.616625 0.356426 -25.421519 5.652177 1.426743 -8.012505 6.994612 18.397577 -5.239476 -2.000298 42.432666 -5.713331 12.806174 0.037423 8.459511 -4.852153 8.282232 1.100788 2.610472 
-118.459465 108.718857 -71.338921 -177.628433 -41.736930 174.758651 -2.856290 3.723635 20.403728 -2.744598 -17.733260 9.754813 0.998023 9.310842 -14.706299 2.203501 -0.730094 0.460873 4.852976 5.790593 -24.291882 -0.085902 -4.464264 15.821701 3.216046 -13.591281 0.286070 1.361557 0.156719 0.240067 -1.728501 -5.648245 9.512142 5.655584 -3.838435 -1.404774 -0.826000 -3.787371 0.166888 0.302285 -4.689371 5.408603 2.158143 -2.232877 4.919391 -16.306054 -2.644572 -0.728884 -50.559272 -25.124990 12.799149 -1.559229 -23.544626 9.360483 -0.221362 -7.857597 7.198461 18.774945 -4.629677 -2.077745 44.150704 -5.385639 13.082385 -0.015839 8.740116 -3.468010 9.011093 1.330770 1.588522 
-119.983299 109.154465 -74.937790 -177.828388 -40.711314 175.298325 -1.868855 3.528201 19.030739 -5.327446 -16.452901 16.978374 -0.249607 7.379235 -11.790168 2.125835 -0.657293 0.746231 5.693962 6.039423 -23.549408 0.301231 -4.759902 18.553094 1.478999 -12.054939 -0.362443 1.449481 0.027092 0.153635 -0.811169 -5.473280 8.749330 5.701862 -4.043883 -1.078849 -0.908829 -3.702661 -0.087714 0.402477 -4.194367 5.134598 1.641383 -1.776168 5.487129 -17.805798 -2.501293 0.462721 -53.742656 -22.252319 14.613358 -2.821059 -21.165262 12.698040 -2.397425 -7.163408 8.008582 18.948006 -3.603079 -1.871863 46.106367 -4.568772 13.346062 -0.160222 9.144841 -1.600277 9.971655 1.578345 -0.143025 
-121.575142 109.656906 -78.775787 -178.034276 -39.283273 175.561459 -0.377031 3.132059 16.134289 -8.561288 -13.666011 25.923636 -3.356687 4.452182 -4.918624 1.936769 -0.630735 1.063710 6.896533 6.132625 -21.540283 0.348365 -5.084035 19.946352 -0.609895 -10.195991 -1.815249 1.500866 -0.168554 0.110985 0.024537 -4.991384 8.135855 5.407557 -4.295517 -0.666368 -0.863424 -3.613728 -0.209970 0.513178 -3.543783 4.763676 1.223980 -1.523597 5.879788 -19.171050 -2.404302 1.346306 -56.190288 -18.813718 15.833971 -3.677560 -18.497059 16.204050 -5.061257 -6.215876 8.877667 19.140153 -2.447140 -1.847798 47.832720 -3.438467 13.501074 -0.536716 10.089635 0.040799 10.993764 2.109586 -2.605850 
-122.865273 110.065170 -82.062088 -177.791990 -37.555392 174.792783 1.738102 2.866292 11.460799 -10.760963 -8.941253 36.202788 -6.226610 3.098562 2.840510 1.769185 -0.790888 1.125209 8.428284 5.812043 -18.646818 0.490389 -5.229657 20.573637 -2.681582 -8.453510 -2.913630 1.332960 -0.276663 0.016212 0.766129 -4.186749 8.011016 5.045772 -4.367903 -0.353808 -0.720285 -3.435793 -0.246567 0.810206 -3.437880 4.606772 1.322364 -1.319574 6.014637 -20.065334 -2.327389 1.758926 -57.755140 -16.088716 16.458563 -4.072995 -15.917209 18.909867 -6.932287 -4.698384 8.946270 19.233202 -1.078396 -1.993383 49.172509 -1.689455 13.569823 -0.538680 11.185832 1.695698 11.179810 2.489758 -4.906997 
-124.151299 110.371765 -84.544052 -177.257401 -35.653124 173.345164 3.617506 2.621142 6.074638 -11.144433 -4.143988 45.917109 -7.701057 3.415308 6.833279 1.918871 -0.976658 1.033710 9.823864 5.437792 -15.734436 0.628912 -5.011363 21.466369 -4.232890 -7.146253 -4.064593 1.106634 -0.305722 -0.034895 1.447810 -3.112807 8.233644 4.608433 -4.319023 0.214069 -0.655568 -3.050172 -0.524844 0.942033 -3.701756 4.329384 1.450348 -1.570027 5.585879 -20.667338 -2.101812 1.916816 -57.978970 -13.959087 16.253405 -4.105490 -14.440694 20.169689 -7.641459 -3.368955 8.381689 19.126779 0.269511 -1.912482 49.639628 0.414646 13.220717 -0.518095 12.883345 2.234896 10.126906 2.797224 -6.860510 
-125.239037 110.668015 -85.767181 -176.951524 -33.257041 171.874484 4.685984 2.440954 0.964557 -10.300148 -0.812591 53.730329 -6.982383 4.493838 5.886303 2.149992 -1.042487 0.973200 10.681298 4.915214 -12.921855 0.877446 -3.853426 21.487283 -4.657205 -6.340940 -4.845431 0.968890 -0.312277 -0.076227 1.948102 -1.917109 8.810860 4.086635 -4.079110 0.588499 -0.648292 -2.598328 -0.958424 0.884978 -4.117290 4.429336 1.640492 -1.716245 5.160987 -20.933159 -1.703244 1.648166 -56.400002 -12.570863 14.467062 -3.302751 -13.591185 18.649777 -7.502733 -2.408957 7.092408 18.539147 1.646332 -1.787134 48.797415 2.643826 12.170881 -0.642955 15.037712 1.673087 8.983801 2.789422 -8.566942 
-126.348198 111.004929 -86.551430 -176.824077 -30.545273 170.509307 5.050806 2.222170 -3.466200 -9.361542 0.966016 58.361006 -5.150578 5.985882 2.068002 2.244764 -1.110728 0.815205 11.275897 4.365611 -10.307417 1.065720 -1.970759 21.446058 -4.547210 -5.947915 -5.487994 1.003905 -0.309252 -0.296925 2.117730 -0.850117 9.638328 3.536498 -3.602036 0.413422 -0.689203 -2.126374 -1.038625 0.836153 -4.610408 4.958167 1.718462 -1.985976 4.803192 -20.449225 -1.134084 0.895597 -52.534228 -11.899920 11.548930 -1.975011 -13.650965 13.816246 -6.681596 -2.529571 5.178880 17.571682 3.068532 -1.745267 45.859298 5.161960 10.498731 -1.048900 17.269463 -0.272398 7.794654 3.043549 -9.986153 
-126.691582 111.371140 -87.829041 -177.644875 -27.263180 169.577250 5.078332 2.091044 -7.074375 -8.237201 2.112028 60.259486 -3.443077 8.163258 -2.055336 2.416050 -1.119811 0.809087 11.574835 3.700532 -7.302746 1.264032 0.351987 20.869118 -4.105007 -5.717975 -6.276818 0.930583 -0.302074 -0.365496 1.984987 0.230167 10.098115 3.007212 -3.173569 0.360261 -0.767497 -1.622102 -0.979301 0.923355 -4.981748 5.712328 1.578490 -2.652921 4.478583 -19.204397 -0.985985 0.030602 -47.359176 -12.094505 8.117655 -0.584995 -13.686623 7.689260 -5.338581 -2.967219 3.416779 16.461206 4.651249 -1.934676 41.478965 7.831669 8.209913 -1.797956 19.410836 -3.154987 7.000324 3.139516 -10.559124 
-127.962349 111.735611 -89.202469 -178.303796 -23.019444 169.082801 4.893650 1.667417 -9.927369 -7.338197 2.472148 59.225757 -2.265724 10.337272 -6.051376 2.519042 -1.131498 0.640443 11.401109 2.962018 -4.356604 1.273032 2.867152 20.024194 -3.260932 -4.799122 -7.518337 0.917239 -0.233098 -0.537893 1.273337 1.578674 9.719118 2.744424 -2.883858 0.878827 -0.957975 -1.045837 -1.215969 1.529952 -5.069026 6.754220 1.824915 -3.153418 4.542927 -17.407991 -1.250450 -0.599918 -40.530615 -12.206293 4.628612 0.263875 -14.808772 1.248858 -3.075105 -3.373795 2.185223 14.992047 6.289903 -2.337190 36.434452 10.395611 6.203089 -2.799869 21.707650 -6.822165 6.022352 3.325673 -10.720184 
-128.664032 112.139954 -91.059746 -179.346556 -19.358336 168.689382 4.512824 0.621104 -12.069274 -6.337074 1.438070 55.397915 -1.652003 12.284225 -8.955961 2.457761 -1.030866 0.494152 10.828292 1.881638 -0.685047 1.205957 5.268240 17.849535 -2.084226 -4.042952 -8.545397 0.974606 -0.209952 -0.498677 0.750034 2.870891 8.848401 2.348179 -2.658098 1.608693 -1.020921 -0.424023 -1.498363 1.878829 -5.094560 7.952345 1.814780 -3.613566 4.773867 -15.512559 -2.320289 -1.282723 -33.483732 -12.372376 1.370641 0.725846 -14.996594 -3.751127 -0.646767 -4.104933 1.635376 13.181299 8.116280 -2.680347 30.589051 12.881439 3.975575 -3.115627 22.697509 -9.299210 4.333677 3.772293 -10.166357 
-129.332962 112.538162 -93.154465 179.577630 -15.460474 168.671640 4.365679 -0.203883 -13.140213 -5.430948 -0.265634 49.058751 -1.409136 13.479952 -10.594292 2.238337 -0.904727 0.300360 9.793984 0.307233 2.805947 0.988367 7.742128 15.189789 -0.694900 -2.845644 -9.260222 1.123767 -0.217409 -0.511302 0.231956 4.117541 7.784302 2.043593 -2.492789 1.851428 -1.109435 0.161183 -1.481431 2.241051 -5.111497 9.132100 2.035594 -4.305266 5.021835 -13.637948 -3.390405 -2.137032 -26.247010 -11.982295 -2.102960 1.401937 -15.535638 -8.662798 1.856579 -4.796134 0.950462 11.094191 9.774760 -3.558539 24.845426 15.140176 1.033999 -3.873563 23.741567 -11.955246 2.388276 4.147537 -9.535730 
-129.681534 112.874466 -95.272606 178.787056 -11.881061 168.580665 4.675185 -0.734152 -13.295135 -4.814651 -3.083285 41.202885 -1.829276 13.752081 -11.404535 2.122220 -0.812406 0.243415 8.850275 -0.772773 5.469904 1.056918 9.997822 13.734351 0.352863 -1.894012 -9.624928 1.421429 -0.197113 -0.534533 -0.053801 4.909766 7.352201 1.912238 -2.301166 1.457597 -1.022384 0.733574 -1.488516 2.498434 -4.548243 10.159375 2.287741 -5.042889 5.226654 -11.186628 -4.317750 -3.325563 -19.877977 -11.791130 -5.068124 2.556405 -16.644519 -13.063495 3.772283 -5.617112 0.119987 8.470585 10.983714 -4.775969 19.555978 17.139757 -2.054011 -4.470755 24.410602 -14.013670 0.826723 4.440666 -9.724127 
-130.368332 113.143433 -98.030052 178.277578 -8.403577 168.921180 5.237512 -1.228494 -13.266820 -4.432630 -5.752309 33.638642 -2.585908 13.184648 -10.986613 2.003575 -0.662871 0.314268 7.755678 -1.475968 8.123615 1.124604 12.368934 12.000008 1.337790 -0.918382 -9.992363 1.655687 -0.178964 -0.363496 -0.347901 5.560395 6.599799 1.698611 -2.138026 1.308499 -0.972249 1.073484 -1.706918 2.726696 -3.773693 11.257691 2.324946 -5.938190 5.971750 -8.593357 -4.752940 -4.780872 -14.016936 -11.962273 -7.726527 4.077222 -17.739364 -17.205953 5.662020 -6.669964 -1.288679 6.171335 11.432101 -6.225965 15.307887 18.854459 -4.651852 -5.985038 26.085747 -16.639977 -0.861336 4.578926 -11.522473 
-131.033188 113.352783 -101.033310 178.170537 -5.822061 169.295898 5.684199 -1.701336 -13.078384 -3.755265 -8.816176 26.140897 -3.666769 12.341227 -9.927695 2.022114 -0.476820 0.257232 6.966666 -2.009378 10.320968 1.264341 14.223438 11.058371 1.982616 -0.284501 -10.186581 1.980281 -0.244510 -0.189623 -0.443621 5.974812 6.031807 1.606759 -2.135669 1.265400 -0.802129 1.215555 -2.085286 2.811674 -2.861248 12.279058 2.326817 -6.903943 6.220159 -6.194696 -5.090590 -6.097293 -8.798714 -12.037808 -10.032551 6.023430 -19.565767 -21.053849 7.523222 -7.552528 -2.003354 3.989523 11.604430 -7.695808 11.507268 19.585571 -7.047639 -7.748938 29.065770 -18.626609 -2.647806 4.736877 -13.270222 
-131.828110 113.512772 -104.091103 178.463152 -3.739766 169.797982 6.245259 -1.806517 -12.458415 -2.673955 -11.539353 18.522203 -5.171487 11.239155 -8.142451 2.029069 -0.264259 0.387558 6.334409 -2.559388 12.230596 1.438081 15.489473 10.251692 2.833776 0.268375 -10.101071 2.254707 -0.360928 0.095595 -0.508908 6.188841 5.236433 1.564947 -2.138840 1.525660 -0.445571 1.266548 -2.372473 2.849932 -2.259808 13.267062 2.598720 -7.441621 6.584190 -3.992315 -5.311142 -7.300100 -4.271282 -12.108826 -12.492953 9.199949 -22.418588 -25.521806 10.653188 -8.571339 -2.707005 1.881453 11.435940 -9.099244 8.231733 19.847592 -9.390463 -11.317595 32.647540 -22.211436 -5.446589 5.024792 -14.627741 
-132.826904 113.610062 -106.876862 178.837040 -2.183242 170.302136 6.579686 -1.758402 -12.247397 -1.520596 -13.214610 12.651854 -6.430870 10.232629 -6.167354 2.218269 -0.173579 0.421483 5.663338 -2.978605 13.501522 1.713957 16.007476 10.302534 3.370454 0.718146 -10.206250 2.473016 -0.433001 0.325847 -0.675134 6.342051 4.423264 1.618416 -2.316236 1.768853 -0.193062 1.288129 -2.630743 3.022182 -1.538872 13.969010 2.614832 -7.890947 6.769543 -2.045614 -5.052752 -8.369905 -0.541252 -12.147197 -14.609708 14.034329 -26.319932 -30.271667 13.229613 -9.629301 -3.188136 0.415249 10.602853 -10.348974 5.850253 19.800553 -11.451048 -17.797108 37.234418 -27.430048 -8.807050 5.449950 -15.138331 
-133.608414 113.679443 -109.170219 179.149060 -0.527003 170.694275 6.732877 -1.847734 -12.441352 -0.935286 -14.438452 9.179676 -7.475963 9.139896 -4.003382 2.418831 -0.221059 0.467053 5.199530 -3.027973 14.496380 1.813793 16.770099 10.465222 3.778104 0.947996 -10.171475 2.677504 -0.493069 0.525513 -0.954711 6.466019 3.455996 1.765607 -2.496898 2.012371 0.042580 1.347636 -2.809663 3.197043 -1.137786 14.617140 2.530893 -8.304946 7.179180 -0.222802 -4.700770 -9.459727 1.777048 -12.547344 -16.539498 20.265073 -30.051505 -34.664563 15.056889 -10.694861 -2.788484 -0.923063 9.637175 -11.565807 4.402997 20.002372 -13.392830 -25.848384 41.156060 -33.266782 -11.463964 6.170320 -14.584846 
-134.267151 113.741547 -110.975418 179.475636 1.062768 170.815341 6.736233 -2.273517 -13.010723 -0.765619 -15.361704 7.813564 -8.249852 8.091502 -2.419006 2.513436 -0.278412 0.465831 5.012061 -2.676692 15.343056 1.789677 17.871112 10.848752 3.884988 1.090599 -9.956295 2.804128 -0.499156 0.527284 -1.126938 6.602990 2.837818 1.890051 -2.710063 2.002876 0.230426 1.382741 -2.707649 3.243237 -0.714936 15.113129 2.574790 -8.219072 7.564375 1.045305 -4.519002 -10.329256 3.473435 -12.845663 -18.016123 27.816167 -34.957036 -39.457432 16.021082 -11.895122 -2.560139 -1.906272 8.837166 -12.205529 2.784732 19.753260 -15.226054 -34.866327 44.705373 -40.073241 -12.864551 7.071718 -14.260545 
-135.037170 113.801865 -112.754982 179.650559 2.756965 171.056046 6.583034 -2.938543 -13.673383 -1.189563 -16.015916 7.812332 -8.704632 7.049912 -1.398070 2.606613 -0.262856 0.470916 4.490504 -2.201860 15.917335 1.888098 18.812313 11.385347 4.105189 1.362967 -9.605592 2.850237 -0.555157 0.484206 -1.280354 6.775564 2.066719 1.893219 -2.882132 1.937780 0.378351 1.505997 -2.361199 3.147790 -0.504504 15.523444 2.591512 -7.883671 8.109635 2.033373 -4.458717 -11.091248 4.375465 -13.369225 -18.931534 35.706774 -39.760011 -44.409202 16.598090 -13.039234 -2.310848 -2.626049 8.158705 -12.793461 1.870594 19.883417 -16.830219 -45.054615 47.398486 -48.144183 -13.942291 7.846664 -13.300403 
-135.859909 113.879166 -114.878189 179.933026 4.848421 171.355158 6.381498 -3.934151 -14.349191 -1.665708 -17.258501 8.486966 -8.816930 6.114773 -1.091242 2.591143 -0.204552 0.427573 3.995219 -1.516900 16.265616 2.159795 20.119276 12.583572 4.346187 1.771320 -8.988798 2.825286 -0.658260 0.224074 -1.339219 6.902008 1.594509 1.958687 -3.055909 1.742110 0.489352 1.653662 -2.019728 3.002293 -0.357811 15.980929 2.845443 -7.297152 8.283767 2.768933 -4.604874 -11.709179 4.451079 -13.997393 -19.644524 46.131130 -44.315953 -51.662292 17.242349 -13.941326 -2.553047 -3.307976 7.765923 -12.957643 1.265686 19.924042 -18.530516 -57.477951 49.363942 -58.108371 -14.546047 9.005037 -12.332136 
-136.912949 113.975510 -116.942497 -179.898141 6.824026 171.657612 5.881518 -4.962792 -14.953367 -2.178441 -17.919652 9.274448 -8.716675 5.319024 -1.060526 2.327896 -0.110353 0.406387 3.342085 -0.928021 16.946056 1.786716 21.400724 12.898859 4.796566 2.178066 -8.230850 2.848501 -0.705614 -0.058113 -1.274331 7.088905 1.266386 2.003005 -3.090358 1.332890 0.534257 1.671620 -1.421558 2.923767 -0.320798 16.270229 2.991898 -6.626377 8.333934 3.119358 -5.002009 -12.102465 3.865481 -14.685276 -19.658658 56.985862 -48.271298 -59.486005 17.694249 -14.605432 -3.357716 -3.923306 7.705677 -13.002597 1.031794 19.937722 -19.805210 -70.284532 49.854035 -68.747806 -14.326716 9.372789 -12.600099 
-137.840637 114.063263 -119.181190 -179.802658 8.817403 172.228914 5.423254 -6.219040 -15.636572 -2.694426 -19.036929 10.718760 -8.548131 4.835054 -1.594445 2.251137 0.050672 0.434459 2.719109 -0.131995 17.144800 1.531646 22.520017 13.705537 5.449499 2.457362 -7.556302 2.759506 -0.763077 -0.243224 -1.322451 7.224387 0.780984 2.108172 -3.295708 1.169759 0.744231 1.698579 -1.135614 2.592119 -0.192615 16.596451 3.430856 -5.537772 8.541343 3.368499 -5.595055 -12.134700 3.175244 -15.381903 -19.569414 69.685191 -51.225349 -69.436683 18.431870 -15.395355 -4.471278 -4.595427 7.746215 -12.898804 1.181805 19.984071 -20.938546 -84.257308 48.566226 -80.274190 -14.575770 9.985412 -12.343225 
-138.525269 114.125671 -121.695778 -179.713851 11.295421 172.976809 4.807797 -7.366749 -15.762403 -2.929585 -19.741034 11.659276 -8.173331 4.540352 -2.196629 2.183468 0.218508 0.500094 2.056198 0.714511 17.194445 1.262604 23.558377 14.510671 6.369529 2.781833 -6.599829 2.637483 -0.779053 -0.236938 -1.449160 7.290474 0.190628 2.279042 -3.417820 1.405072 0.874702 1.761121 -1.080267 2.199839 0.088851 16.909515 3.664121 -4.354376 8.844269 3.078966 -6.511778 -11.756240 2.152137 -16.197419 -18.916069 82.818936 -53.186980 -80.750465 18.087642 -15.918322 -5.811729 -4.894749 8.076200 -12.545568 1.485332 20.131043 -21.541097 -96.606356 46.195848 -90.621622 -14.105931 10.495114 -12.621069 
-139.191132 114.149170 -124.086578 -179.628310 13.909912 173.456529 4.241912 -8.083973 -15.751239 -3.180622 -19.878515 12.851783 -7.623652 4.397846 -2.779410 2.122456 0.357349 0.543626 1.234217 1.231490 16.985056 1.139155 24.120071 15.985063 7.214819 3.264180 -5.739459 2.616900 -0.801525 -0.249809 -1.630622 7.305872 -0.226126 2.568521 -3.578289 1.588551 0.987913 1.784630 -1.071432 2.216482 0.388687 17.368282 4.031034 -3.140439 9.307494 2.397122 -7.648115 -10.984766 0.427480 -17.341680 -17.414267 95.320524 -55.020304 -91.483520 17.494108 -16.529868 -7.268614 -4.791545 8.740711 -11.998032 2.881992 21.031032 -21.290134 -105.649291 44.646598 -97.691910 -13.173255 10.770255 -13.266484 
-139.576630 114.103912 -125.926193 -179.434914 16.785822 173.978337 3.751667 -8.885790 -15.497097 -3.487327 -19.994047 14.674742 -6.967345 4.401482 -3.609857 2.098943 0.363986 0.596751 0.510739 1.834369 16.277985 1.454447 24.427081 18.233437 7.829628 3.859502 -5.829132 2.592303 -0.759581 -0.089561 -1.803942 7.125233 -0.522438 3.019424 -3.822373 1.917145 1.096326 1.766158 -1.119656 2.284604 0.517922 17.962522 4.502601 -1.835908 9.508526 1.632968 -8.806882 -9.967078 -2.620571 -19.224876 -15.200245 106.466629 -56.921101 -101.365210 16.340217 -16.567529 -9.313579 -4.737490 9.362719 -11.351003 5.088762 22.703267 -20.250969 -112.089789 44.543208 -102.808384 -11.679346 10.529503 -14.123068 
-139.917603 113.956528 -127.720291 -179.050830 19.254238 173.936755 3.252562 -9.238947 -14.726737 -3.964343 -19.731003 16.643377 -5.887315 4.619228 -4.851435 2.190331 0.349086 0.593125 0.014533 2.465204 15.063920 2.576418 24.529592 22.638754 8.523422 4.742175 -5.029893 2.507426 -0.689169 0.022871 -2.054384 6.792851 -0.466474 3.518210 -4.091145 2.571776 1.039599 1.652781 -1.260085 2.542673 0.521935 18.757986 4.880980 -0.766049 9.774116 0.763551 -9.886354 -8.726647 -6.570330 -21.414599 -12.529101 115.906939 -58.485126 -110.246135 14.926271 -16.334974 -12.521182 -4.336814 9.964035 -10.479537 8.357880 24.282722 -17.926249 -116.912997 45.852686 -106.694326 -9.342160 10.097977 -15.822064 
-140.188446 113.720825 -129.483017 -179.123911 21.748713 173.465999 2.614743 -9.454717 -13.640598 -4.704348 -19.113980 18.763860 -4.446950 5.352413 -6.537132 2.419990 0.207672 0.425370 -0.554696 3.027277 13.211479 3.774975 23.483954 27.864693 8.943076 4.285327 -3.177434 2.528070 -0.602202 0.144038 -2.169122 6.217122 0.152411 3.974610 -4.277494 2.898995 0.863250 1.440949 -1.179670 3.054446 0.262383 19.249504 5.057356 -0.121543 10.096395 -0.160880 -10.605751 -7.626031 -11.956192 -23.802357 -8.832437 121.573569 -61.621435 -115.573038 13.603097 -16.039652 -15.257978 -3.776389 10.320647 -10.112679 13.774434 26.735377 -13.860282 -119.340952 48.884738 -108.567688 -6.858748 9.387302 -17.969089 
-140.376312 113.457169 -131.189835 -179.296530 23.842524 172.560384 1.633966 -9.591768 -12.183332 -5.023836 -17.920648 20.837657 -2.876565 5.914037 -8.580656 3.093570 -0.009846 0.227100 -0.722062 3.768302 10.711577 4.840388 21.639644 34.439902 9.455916 4.072036 -1.002139 2.513915 -0.459894 0.390153 -2.529168 5.616415 0.833039 4.622878 -4.524376 3.777063 0.508892 1.289724 -1.774792 3.759736 -0.031619 20.116177 5.381441 0.584573 10.997303 -1.744120 -11.402723 -6.000440 -17.796553 -25.392943 -4.448458 123.838090 -65.989005 -117.865847 12.153142 -15.705154 -16.586188 -2.454958 10.911995 -9.496933 20.240644 28.316338 -8.277911 -119.486142 53.258491 -109.001480 -3.924305 8.753228 -19.502516 
-140.468277 113.205597 -133.794342 -179.552292 26.234009 171.714291 0.317268 -9.554161 -9.891036 -4.943562 -16.267291 22.018831 -0.968984 6.815086 -11.403342 3.716791 -0.395000 -0.070425 -0.788002 4.355471 8.637817 5.387797 19.533390 39.647474 9.932872 4.171663 1.063539 2.502904 -0.263029 0.477925 -3.030391 5.167985 1.807674 5.313724 -4.656822 3.959312 0.048756 1.126241 -1.912525 4.734991 -0.031694 20.241334 5.597425 0.681766 11.554671 -3.450757 -11.487232 -4.302827 -25.733457 -26.595456 0.768321 115.272415 -73.222580 -108.931392 9.575860 -15.296202 -17.281919 -0.100430 11.053617 -8.798811 28.697298 29.400124 -1.510637 -115.003718 59.977713 -105.361857 0.148927 8.318659 -22.383674 
-140.557159 113.105377 -136.244278 -179.991976 28.825726 170.682153 -1.212484 -9.169501 -7.181408 -4.724522 -15.331762 22.201513 0.406552 8.103756 -13.407293 4.604713 -0.585746 -0.310725 -0.863781 4.842643 6.275707 5.444590 17.476407 44.898505 9.879640 3.854784 2.417495 2.544487 -0.107843 0.759881 -3.303678 4.508202 2.511856 5.603722 -4.946324 4.148378 -0.449354 0.877989 -1.934470 5.403999 -0.095039 19.776149 5.417584 0.725649 12.755054 -5.194755 -11.170866 -2.624381 -32.472917 -26.301109 5.428118 81.610372 -80.741628 -74.348777 6.396440 -15.012236 -16.424877 2.268078 11.266635 -8.207266 37.033925 29.351284 5.495672 -100.635418 68.177988 -92.033607 3.769645 8.314146 -24.060451 
-141.113449 113.187836 -137.480988 179.548030 31.663686 169.158531 -2.496231 -8.374517 -4.527890 -4.414818 -14.611547 21.451746 0.883415 9.450201 -14.043482 5.368769 -0.706094 -0.288579 -1.085383 4.560764 3.998820 5.073912 15.343592 48.642361 10.175053 2.712484 3.879492 2.534011 -0.176848 1.151620 -3.250642 3.884721 3.087750 5.564509 -4.955561 4.510906 -0.737711 0.535772 -2.012409 5.628263 -0.069581 19.525910 5.151584 1.104118 14.334579 -7.483324 -10.385023 -1.023451 -38.690867 -25.201162 9.299768 16.373785 -74.315868 -7.985522 3.537406 -14.304268 -13.380120 4.839399 11.140279 -6.830138 42.849064 27.360631 10.913579 -54.748483 73.152135 -46.106630 6.519112 8.410148 -23.202650 
-140.343384 113.425522 -138.169373 178.493879 35.244816 167.714353 -3.125519 -7.314259 -2.192816 -4.346602 -14.070613 20.546985 1.428107 11.119348 -13.608090 5.374935 -0.809503 -0.064510 -1.176419 3.840130 1.704893 4.392465 12.678457 51.143053 8.639307 0.016473 2.784853 2.564626 -0.246124 1.258855 -2.921084 3.096441 3.728181 5.175756 -4.594181 3.543809 -0.969089 0.124074 -0.961376 5.786328 -0.332866 19.324578 5.376464 1.643931 15.199720 -9.605260 -10.165478 -0.213197 -45.359134 -24.300870 13.156833 1.056186 -58.252767 9.463262 -0.088521 -11.707048 -6.888234 7.264028 11.537836 -5.601991 48.773662 25.004534 15.737655 -13.165811 61.686615 -3.407421 10.235002 7.690201 -20.861685 
-139.213135 113.744522 -140.041809 177.910890 38.367408 167.359959 -3.371516 -6.195819 0.247019 -4.622673 -13.851809 18.910105 2.000917 12.701847 -13.390170 5.467019 -0.586157 0.287142 -1.624865 2.924667 -0.691522 3.956416 9.169812 52.008211 7.154227 -2.975262 1.421831 2.564091 -0.368016 1.448967 -2.876148 2.608672 3.947676 4.755029 -4.539896 3.543153 -1.014948 -0.102403 -0.521271 5.509825 -0.840908 18.228745 5.832643 1.626031 16.576075 -11.862811 -9.580909 1.193405 -50.929622 -22.121687 15.469122 -4.003702 -39.434262 16.308619 -3.010072 -8.875192 -1.553109 9.548510 10.984250 -4.181373 53.266971 20.982323 18.524328 -0.032520 43.885108 9.676147 12.751001 5.495604 -15.308664 
-138.447571 114.086441 -141.536331 178.233486 41.050419 167.791138 -2.938565 -4.910056 2.314569 -4.547775 -13.530864 16.665669 2.518929 13.821307 -12.855569 5.139567 -0.469725 0.614032 -1.674536 2.025036 -3.039704 3.654088 5.839489 51.839243 5.949907 -5.379022 -0.472247 2.382986 -0.421679 1.437101 -2.993560 2.286488 4.848029 4.441715 -4.224278 3.143450 -0.722155 -0.353886 0.063015 5.179211 -1.236735 16.364981 5.846910 0.691744 16.333847 -14.074268 -7.581541 2.461586 -53.767188 -17.979728 15.446748 -4.791405 -24.215407 18.639928 -4.159727 -5.779961 2.977656 12.451099 8.950507 -2.517036 54.440938 15.176017 18.045870 2.156000 27.199558 10.648181 12.088011 2.583717 -8.909654 
-137.455475 114.419220 -143.598953 179.145675 43.774153 169.735261 -2.371726 -3.612252 3.413501 -4.183156 -12.979136 14.675691 2.552077 14.905246 -12.643772 5.030416 -0.444402 0.722815 -1.135217 1.343072 -6.301052 3.080662 2.808105 51.175776 4.622296 -8.090091 -2.093267 1.997930 -0.436554 1.453445 -3.165566 1.596106 5.640718 4.222734 -3.662430 1.980176 -0.448099 -0.718837 0.749892 5.092245 -1.663606 14.164860 5.664514 -0.502415 15.503495 -16.340129 -3.520122 3.889681 -53.557609 -13.038772 14.285776 -4.906790 -15.878579 19.381461 -4.109006 -3.957022 5.556236 14.903322 5.438678 -1.006800 53.258006 8.685564 15.454828 1.811253 16.101544 6.871670 9.856299 1.013808 -5.056738 
-137.092072 114.702042 -145.172134 -179.181483 46.408617 171.705156 -1.466606 -1.917439 4.286554 -3.838811 -12.739765 13.247482 1.717842 15.869615 -12.900590 5.386953 -0.401758 0.781325 -0.234255 1.024839 -9.582308 2.714917 0.423551 49.091451 3.651393 -10.905840 -4.643598 1.616160 -0.488584 1.581616 -3.278453 0.832511 5.897248 4.207119 -3.094318 1.543523 -0.200695 -1.175029 1.142737 5.261281 -2.414654 12.002598 5.584170 -1.704736 13.117093 -18.166136 1.612064 5.134291 -51.194216 -7.329919 12.831188 -5.117444 -12.099670 21.739555 -4.116683 -2.661769 8.118324 16.750653 1.130521 0.285130 50.124673 2.801228 11.579033 0.981162 8.253811 1.320034 7.073633 -0.310302 -3.162197 
-136.709778 114.933685 -146.472015 -177.385533 48.800431 173.665325 -0.423634 0.253076 4.722052 -3.754472 -13.007868 12.724535 0.396550 16.790820 -13.476365 5.325810 -0.453326 0.547456 0.346248 0.894134 -12.531081 2.691016 -1.116487 46.642593 2.671945 -13.138962 -6.868352 1.696250 -0.407173 1.350575 -3.228380 -0.023736 6.005021 3.951780 -2.167380 1.592009 0.061556 -1.545815 1.775534 5.132892 -3.312101 10.404606 6.060330 -2.402266 9.472139 -18.387455 7.623308 5.820143 -48.334270 -1.039405 10.856558 -5.219171 -10.692814 23.984611 -4.829053 -2.576411 6.558151 16.837152 -3.716353 1.044383 46.221738 -2.703604 6.865535 0.118734 4.086977 -4.686386 3.666824 -0.940515 -5.523691 
-136.746689 115.076401 -147.511307 -176.210665 51.115269 174.938219 -0.290917 1.520539 5.508965 -3.246859 -12.725699 11.511605 0.249503 17.535254 -13.413150 5.179244 -0.333263 0.541351 0.913955 1.339161 -14.815946 2.457168 -1.924250 43.483206 2.496676 -14.546394 -7.229695 1.582929 -0.340699 1.203203 -3.237780 -0.640527 5.788960 3.911142 -1.668301 2.246223 0.340616 -1.898323 1.814587 4.881892 -4.349558 9.735671 5.919081 -3.488772 5.793201 -17.782623 12.257236 6.562213 -45.370468 4.737156 8.653920 -5.195989 -8.905363 24.680100 -5.238401 -2.519282 5.905007 15.811389 -7.603905 1.512564 42.422827 -6.869938 3.274832 -0.597587 2.800450 -8.753230 1.341462 -1.595007 -7.390277 
-136.686996 115.160049 -148.554672 -175.611221 53.435297 175.683057 -0.493333 2.203839 6.734484 -3.200230 -13.177193 9.797354 -0.010717 18.989646 -13.367665 4.797881 -0.237515 0.624816 0.882621 1.402969 -17.400872 2.561196 -3.021321 41.616552 2.662296 -15.681667 -7.246252 1.452178 -0.244693 0.942893 -3.146291 -1.164126 5.486709 3.545915 -0.976709 3.131245 0.429157 -2.167087 1.879010 4.759123 -5.053146 9.090775 5.689145 -3.599940 2.619515 -16.655203 17.097220 7.218796 -43.078173 10.802177 6.888287 -4.762398 -7.906462 25.346648 -5.731120 -2.374924 6.552022 13.780169 -11.668894 2.019186 38.495390 -10.764181 -0.022134 -1.714495 1.445553 -12.718393 -0.941930 -1.970542 -8.206816 
-137.072449 115.188034 -149.070007 -174.585718 55.234070 176.633440 -0.126390 2.878949 7.329910 -3.542750 -13.856690 8.681160 -0.313410 19.883712 -13.441266 4.249945 -0.115358 0.730860 0.763335 1.125714 -19.443917 2.771592 -3.458311 40.076571 2.779508 -16.876270 -7.041800 1.503641 -0.243983 0.708285 -2.660690 -1.825495 5.505854 2.687861 -0.104679 3.599414 0.616855 -2.626660 2.469464 4.532561 -5.979820 8.117447 6.058575 -2.777007 -0.995345 -15.632276 22.446143 7.616360 -40.533449 17.921263 4.754817 -4.135181 -7.736558 27.565903 -6.725324 -1.350251 8.867647 10.534004 -15.889632 2.535246 33.991505 -15.225507 -3.693883 -3.763620 -0.131269 -16.059023 -2.381245 -2.450942 -8.248053 
-136.269501 115.132660 -149.246841 -174.388304 57.193584 177.554494 0.087062 3.248754 7.828634 -3.708672 -15.728217 7.482983 -0.294733 21.086415 -13.319614 3.565175 -0.069325 0.680345 0.469838 1.155035 -21.731610 3.267297 -3.307717 38.459288 2.940148 -17.968684 -7.378732 1.436136 -0.259409 0.479891 -2.038521 -2.781416 5.922938 1.723732 0.539329 2.968064 0.865692 -3.128763 3.260039 4.158587 -7.450248 7.242644 6.305708 -2.210184 -3.963243 -14.710828 26.699420 7.943867 -37.808458 23.554186 3.501445 -3.554779 -7.327140 27.438256 -6.431839 -1.509551 9.414003 7.981926 -19.059727 2.683266 29.827712 -18.337919 -6.358265 -5.559915 -1.976739 -20.036962 -4.483748 -2.895583 -7.526205 
-135.921616 115.010040 -149.518494 -173.942424 59.038564 178.366097 0.171607 3.748390 8.889105 -3.290033 -17.003343 5.455934 -0.113377 21.065108 -13.062470 3.148709 -0.104606 0.630284 0.616610 1.016765 -23.453008 3.346701 -2.823049 36.581095 2.922330 -18.756783 -6.731614 1.402940 -0.263685 0.265411 -1.664640 -3.509223 6.397969 1.024772 1.068645 2.359805 1.055888 -3.639816 3.892038 3.746817 -8.338891 6.455925 5.993781 -2.280670 -5.738169 -12.638616 29.010773 8.597858 -35.710404 27.257343 3.100299 -4.106499 -7.092291 28.056768 -6.435468 -1.227001 11.330389 5.683775 -20.847764 2.622802 26.616529 -20.129428 -7.845274 -6.504913 -2.489865 -21.992435 -5.688383 -2.966818 -5.236149 
-135.583008 114.806656 -149.116302 -173.855350 60.648202 178.812050 0.549824 4.813334 9.919938 -2.606481 -16.759360 3.093102 -0.927171 19.826549 -13.361494 3.126284 -0.003452 0.745898 0.590248 0.974059 -24.872319 3.157175 -2.804163 34.335101 3.676569 -17.987544 -6.276708 1.202295 -0.324256 0.329085 -1.922656 -3.742019 6.975263 0.849540 1.248251 1.432815 1.387541 -3.653463 3.889940 3.527568 -8.523366 5.250203 5.354517 -3.191414 -6.351601 -10.975807 29.573310 8.946553 -34.059010 28.577035 3.176508 -4.411618 -6.569965 28.333196 -6.721340 -1.101747 13.049740 5.131509 -21.198277 1.851995 25.560187 -19.152155 -7.968782 -7.387596 -1.815587 -21.409985 -6.575638 -3.056221 -2.986442 
-134.211212 114.547577 -148.668320 -174.394115 62.346028 178.799301 0.684259 5.276435 10.890851 -2.082441 -16.144239 1.870066 -1.317781 19.218830 -13.798249 3.223167 -0.026637 0.705680 0.443946 1.106655 -26.305191 3.052535 -3.061702 32.517054 3.953790 -17.691734 -5.983006 1.052456 -0.414874 0.415576 -1.893388 -4.050218 7.337943 0.874204 1.427971 1.225827 1.545886 -3.659923 3.857547 3.385633 -8.292377 4.073457 4.812925 -3.662872 -7.163509 -10.585653 29.640023 9.234554 -33.106231 29.539524 3.551633 -4.984132 -6.698386 27.404326 -6.353791 -1.520644 12.301183 5.502837 -20.709516 1.432045 26.527303 -17.985404 -7.932999 -8.075424 -0.268838 -22.462806 -7.470104 -2.577771 -4.176976 
-132.294281 114.234711 -147.869339 -175.362254 64.122179 178.550351 0.833414 5.629952 11.697722 -1.592891 -14.688122 1.127038 -1.488700 18.497558 -14.247139 3.494338 -0.061875 0.772465 0.195910 1.321003 -27.445796 2.743772 -3.481066 30.878057 4.202106 -17.165557 -5.872436 0.928048 -0.467468 0.548456 -1.962158 -4.205030 7.449276 1.242581 1.433884 1.330888 1.621689 -3.498744 3.615957 3.059378 -7.704045 2.972125 4.063989 -4.388616 -7.364623 -10.768559 28.709492 9.335427 -32.776862 29.221165 4.095128 -5.746646 -7.205460 26.217323 -5.280113 -2.291583 11.371978 6.598654 -19.229924 0.947352 29.154543 -15.728700 -7.122367 -8.435497 2.310336 -22.693184 -7.973297 -1.628233 -5.936830 
-130.272430 113.880051 -146.919647 -176.404598 65.578667 178.254423 1.108476 5.888052 12.291872 -1.244289 -13.065804 0.771112 -1.346825 17.731227 -14.560649 3.813554 -0.063181 0.889424 0.067322 1.489848 -28.133910 2.514913 -4.101972 29.491203 4.252448 -16.421858 -5.426171 0.800735 -0.480387 0.658121 -2.156454 -4.200425 7.394799 1.848041 1.191287 1.630617 1.605108 -3.319760 3.050682 2.845983 -7.105466 2.048158 3.357011 -5.232863 -6.942145 -11.379299 26.982983 9.339892 -33.176150 27.708475 4.618468 -6.531745 -8.337102 24.921888 -4.229891 -2.937739 10.332603 8.180617 -16.872930 0.542714 32.791781 -12.405965 -5.579624 -8.486470 6.053564 -22.295567 -8.191774 -0.577716 -7.829266 
-128.257889 113.475296 -146.226425 -177.213111 67.327399 178.169908 1.340159 6.331492 12.731922 -1.081125 -11.474986 0.970521 -1.164500 17.126701 -15.139360 4.110727 -0.030950 0.862328 -0.028959 1.395658 -28.599069 2.269622 -5.350675 27.977913 4.576285 -15.686449 -5.000395 0.717073 -0.481762 0.666107 -2.539576 -4.170036 7.533801 2.432989 0.776429 1.406270 1.690020 -3.147884 2.427944 2.598173 -6.431601 1.436040 3.056171 -5.678319 -6.489685 -11.993745 24.949529 8.990124 -34.875754 24.840649 4.550184 -6.607510 -8.647717 23.814038 -3.142630 -3.497843 8.909063 9.502438 -14.545887 -0.077080 36.598335 -9.017950 -3.673287 -8.691580 8.192900 -21.364901 -8.298110 0.029576 -9.461437 
-126.395416 113.063461 -145.085312 -178.627495 69.181280 177.296529 1.586493 6.680722 13.405921 -0.955600 -9.935731 0.858743 -1.164862 16.823365 -15.539908 4.345511 -0.090900 0.922693 0.082456 1.197026 -28.388394 1.757830 -6.532117 26.505798 4.236873 -15.428626 -5.117272 0.676738 -0.467718 0.719627 -2.977096 -4.078849 7.755044 2.866468 0.304264 1.164437 1.615339 -3.011864 1.922716 2.424878 -6.034226 0.868555 2.628608 -6.233652 -5.541407 -12.898633 22.613254 8.543727 -37.527394 21.420525 4.378695 -6.230655 -8.452715 22.571383 -2.541470 -3.739855 7.722898 10.976452 -12.189601 -0.577132 40.361775 -5.924426 -1.027932 -8.942404 10.936240 -19.744645 -8.112009 0.594793 -10.473203 
-124.326500 112.653900 -144.498016 -178.443544 70.370799 177.735024 2.312662 7.195530 14.326953 -0.685101 -8.433456 1.050344 -1.098311 16.076404 -15.902344 4.468616 0.000546 0.900321 0.334632 0.783616 -27.823618 1.437421 -8.002624 26.056223 3.799358 -14.968568 -4.451633 0.770268 -0.389736 0.588208 -2.862122 -4.036025 7.821063 2.984779 -0.073101 0.943846 1.617854 -2.937338 1.640513 2.392053 -5.506847 0.474132 2.505893 -6.252752 -4.700424 -13.864148 20.750312 7.850238 -41.142659 17.883620 4.045084 -5.357610 -7.914793 21.645673 -2.263675 -3.969078 6.785313 11.537664 -10.520281 -0.739572 43.656790 -3.830699 0.671006 -8.583122 11.633602 -18.291725 -6.985875 1.043693 -11.612599 
-122.058380 112.256348 -143.874146 -178.642099 72.232364 177.805325 2.824994 7.630715 15.182962 -0.629626 -7.234381 1.789539 -1.141085 16.106880 -16.048506 4.412886 0.030994 0.929714 0.786225 0.351507 -26.770390 1.012803 -9.525760 24.892303 3.244093 -15.041257 -3.784927 0.748716 -0.400693 0.601758 -2.917802 -4.006200 7.577802 3.321579 -0.663224 0.661736 1.433540 -2.768704 1.261079 2.311780 -5.489875 0.733029 2.384922 -6.454748 -3.272702 -15.312483 18.280958 6.848633 -44.364784 13.540066 4.201278 -3.949684 -6.725803 19.027089 -1.595208 -4.157532 6.444895 12.910367 -8.642928 -1.224542 46.383388 -2.095763 3.013211 -8.112247 12.259689 -16.172247 -5.727786 1.529038 -11.305590 
-119.547066 111.887405 -143.760529 -177.473885 73.448027 178.844725 3.779485 7.937224 16.341996 -0.803306 -6.324987 3.061635 -1.093535 15.996939 -15.941040 4.322156 -0.049691 0.899984 1.124633 0.263491 -24.910809 1.048611 -10.404720 24.375638 2.499072 -14.871056 -3.592878 0.779916 -0.329033 0.574172 -2.404274 -3.999242 7.389941 3.341006 -1.109797 0.410773 1.097956 -2.612460 1.120885 2.353228 -5.622146 1.080777 2.900527 -6.005779 -2.203397 -17.168028 15.757532 5.481365 -47.544898 8.208928 4.129827 -2.235884 -5.680020 16.418467 -0.505199 -4.328613 5.994326 13.906415 -7.041255 -1.330535 49.505420 -0.750705 4.653597 -7.541063 11.791948 -14.295931 -4.502178 1.877521 -11.490551 
-117.235863 111.620102 -143.347061 -177.020298 74.905298 179.144490 4.534957 7.901812 17.030839 -0.978548 -5.552189 5.268780 -1.531687 15.489617 -15.563204 4.235030 -0.128819 0.993688 1.865208 -0.124459 -22.265496 1.117300 -10.670022 23.283937 1.449081 -14.822220 -4.149493 0.525381 -0.341209 0.627388 -1.806390 -3.674146 6.745583 3.449750 -1.639852 0.387399 0.586100 -2.241002 0.518833 2.145756 -6.143077 1.611879 3.044599 -6.008890 0.320916 -18.861340 12.409331 4.205346 -49.927533 2.084418 4.961745 -0.509967 -5.073955 12.757185 0.314342 -4.443004 6.219997 14.804394 -4.876092 -1.323940 52.640539 0.525163 7.043555 -6.526730 11.405480 -10.920053 -2.989584 2.135740 -10.375943 
-114.959373 111.507462 -142.750137 -177.969689 77.199006 177.870246 4.822820 7.363163 17.337558 -1.232201 -5.434446 8.895519 -1.828774 14.763248 -14.108247 3.888196 -0.079450 1.139477 2.706474 -0.374329 -19.253047 1.134074 -10.269218 21.536524 0.147450 -14.571214 -4.768213 0.501871 -0.408693 0.586758 -1.585662 -3.121147 5.733375 3.535408 -2.136992 0.964462 -0.208174 -1.845588 0.010699 1.864545 -6.381905 2.846386 2.582995 -6.039613 3.207473 -19.621989 8.446308 3.161881 -52.161490 -3.687889 7.190107 0.328761 -6.036769 11.005823 0.684543 -4.991858 6.238511 15.514383 -2.201177 -1.580052 55.194753 2.208196 9.987677 -5.162551 11.374862 -7.945862 -0.675196 2.627755 -9.935435 
-112.644157 111.588806 -142.041275 -177.407913 80.307247 177.190518 5.822347 6.651394 17.073119 -1.225073 -4.989446 14.744344 -2.408508 13.915890 -11.153871 3.283939 -0.045111 1.316733 3.925760 -0.312196 -15.611048 1.134207 -9.576140 20.361875 -1.044763 -13.671188 -5.624312 0.383504 -0.378325 0.523046 -1.275607 -2.367747 4.892471 3.520429 -2.634318 1.820906 -0.801476 -1.296498 -0.526983 1.280884 -6.110585 5.559436 2.115281 -5.921148 5.542224 -19.302394 3.835392 2.491859 -53.084972 -9.348975 9.002074 0.737077 -7.738280 9.300024 1.118033 -5.539543 6.312504 15.732216 0.953286 -1.598749 56.928241 5.034874 12.258818 -3.753598 11.301051 -4.710616 0.258353 2.785935 -8.934022 
-110.140846 111.886459 -141.270370 -175.377094 84.662127 176.976665 7.232939 5.970592 15.756934 -1.117069 -3.072470 24.313894 -3.350557 13.729713 -6.157767 2.749880 0.121938 1.529394 5.552417 -0.634961 -11.038205 0.546381 -8.905295 19.752786 -2.039356 -12.394377 -6.432366 0.294350 -0.444833 0.578916 -0.821986 -1.221981 4.367077 3.257943 -3.004627 3.385591 -1.055318 -0.686491 -0.984514 0.435795 -5.388488 8.822605 1.761465 -5.134395 8.096534 -17.345212 -2.092049 2.122585 -54.740381 -16.593643 9.733706 1.532153 -9.896858 7.083892 2.651756 -5.698010 5.162532 14.045402 5.465559 -1.428794 58.593335 10.069686 13.721959 -3.499256 12.570241 -2.361899 -0.084314 2.781682 -9.151727 
-108.807434 112.298157 -140.302994 -162.934454 87.636020 -173.004368 9.038641 5.931676 13.908352 -0.851578 -0.808575 34.342771 -4.664211 13.140518 -1.678658 2.464433 0.284091 1.710746 6.936487 -1.970288 -6.797670 0.048806 -9.113464 18.704159 -3.081683 -10.919845 -6.087950 0.573046 -0.425058 0.778686 -0.591491 -0.082743 4.054137 3.240236 -3.758257 5.572427 -1.005643 -0.246455 -1.755768 -0.182023 -4.597202 12.109985 1.730247 -4.210080 9.556736 -13.794173 -8.983197 1.036418 -55.011341 -24.614008 9.895015 2.623937 -13.717442 4.450009 4.097746 -6.123411 2.504010 10.140313 11.430800 -2.572773 58.541336 17.796361 14.997350 -4.099850 18.516721 0.015396 -0.158307 3.314530 -11.877650 
-107.546234 112.714050 -140.249252 -34.969783 88.771030 -46.785764 9.713529 5.113269 10.384528 -0.743483 0.174419 43.865550 -5.727639 12.132335 3.222525 2.012498 0.327740 1.681289 7.412883 -2.713527 -3.156618 -0.296506 -8.531967 17.322061 -3.602839 -9.082358 -5.657677 0.915878 -0.279478 0.924949 -1.152350 1.160451 3.591793 3.025974 -4.517324 7.181990 -1.245198 0.191038 -2.483025 -0.453242 -3.710022 15.072898 1.517649 -3.977103 10.859512 -8.905814 -14.754868 -1.480125 -52.213209 -32.691106 8.961696 4.273354 -18.355039 1.306358 5.352236 -6.740301 0.420403 5.771325 16.267772 -5.093927 56.921708 26.949681 15.646927 -5.471179 24.880609 0.063198 -1.664468 4.207447 -13.915146 
-106.408752 113.119644 -140.130188 -8.527235 85.445953 -21.407099 10.477655 4.195252 6.510057 -1.323453 0.284916 51.570952 -6.178339 11.231791 6.721605 1.553236 0.225896 1.449060 7.954667 -2.563909 -0.591075 -0.346598 -6.189039 16.387360 -4.034268 -8.037411 -4.914330 1.053445 -0.125011 0.786433 -1.678096 1.897787 3.182433 2.679724 -4.821762 7.630143 -1.496977 0.540745 -3.139427 -0.953084 -2.915176 18.017015 1.278405 -3.718033 11.008265 -3.512141 -18.353896 -4.704337 -45.204951 -38.942789 5.223475 6.947545 -23.185111 -2.119808 6.385037 -7.527317 -0.165884 0.953581 19.809329 -7.647518 51.315520 35.899216 13.635973 -7.292749 30.088471 0.753688 -2.330541 4.586333 -12.367468 
-106.499146 113.570908 -139.923981 -5.625829 81.532394 -19.433304 11.105146 3.420280 1.716200 -1.854447 0.503745 58.524057 -6.196327 11.408358 8.100452 0.937139 0.021132 1.274578 8.950624 -2.128405 0.862492 -0.557550 -3.617470 15.749580 -3.577877 -7.368783 -3.560699 0.781531 -0.096405 0.446446 -2.007403 2.276074 3.383338 2.386210 -4.574073 7.104601 -1.525323 0.961032 -3.908089 -1.798460 -2.151020 19.672576 1.304947 -2.911973 11.235422 1.101393 -19.456226 -7.260565 -35.303499 -41.732247 -0.525886 9.759600 -28.832032 -6.668387 7.848465 -9.149289 -0.000923 -2.514134 20.901138 -8.820190 41.256668 41.239883 8.045301 -8.972072 35.332871 1.266977 -3.212941 5.847435 -8.529028 
-104.567314 114.039963 -138.821106 -0.286915 78.426576 -13.018535 10.554853 2.793111 -2.677124 -4.090435 1.550019 62.829198 -7.165997 10.204547 8.821321 0.746767 0.018426 1.067950 8.586603 -2.519172 2.036017 0.008614 -1.218754 14.079685 -3.476269 -6.432729 -3.448720 1.443049 -0.204805 0.682195 -2.077225 3.141899 3.269377 1.559828 -4.309455 7.386353 -1.749556 1.490160 -4.427552 -1.567477 -1.679651 20.182709 1.359834 -2.818306 10.952043 8.021345 -20.124249 -12.111576 -24.571962 -43.339604 -7.618115 14.218949 -31.758205 -11.605123 9.153022 -10.054272 -1.667005 -10.119331 22.278984 -13.972370 32.264642 47.615993 1.237521 -12.776301 37.610270 -3.438598 -3.912234 5.347182 -11.727310 
-103.447723 114.504074 -138.273010 0.529721 75.094962 -11.383636 10.405362 2.132977 -7.333527 -5.352909 2.436026 65.680783 -6.630282 10.281650 8.199150 0.326451 0.025513 0.814697 8.889806 -2.036870 3.043712 0.179818 1.711480 12.268665 -2.782213 -6.609488 -2.828040 1.489300 -0.323195 0.334114 -1.986792 3.523852 3.464446 0.895380 -4.006472 5.765639 -1.686761 1.543109 -4.486322 -1.808708 -0.922612 20.773860 1.279685 -1.493896 11.074074 11.394996 -18.688887 -14.066677 -13.115905 -39.964170 -13.234290 17.408533 -35.633391 -15.456600 9.358403 -11.272602 -0.881515 -13.646614 21.698555 -15.557713 17.570554 48.516972 -8.596050 -14.640724 39.999821 -5.332096 -4.418512 6.045290 -10.496297 
-101.730988 115.012360 -137.696823 2.150448 72.657453 -9.460491 9.731790 1.735982 -11.374254 -6.189952 2.638895 67.417837 -6.131788 10.250124 5.785046 0.073608 0.014317 0.775284 8.495743 -2.229048 5.044187 0.109047 4.450846 10.260035 -1.769703 -6.499437 -2.741265 1.758509 -0.490726 0.210503 -1.648615 4.221185 4.099559 0.230252 -3.861156 5.071048 -1.447086 1.982203 -4.453714 -2.626033 -0.461946 21.184079 1.189338 -0.540041 10.603338 14.589266 -17.690581 -15.947911 -4.446331 -35.399286 -17.732330 21.288689 -37.062899 -20.253745 10.404299 -12.872132 1.008936 -18.348687 21.100230 -17.482330 5.466724 46.345250 -17.776190 -18.633177 41.762610 -8.811286 -6.688281 7.271230 -7.768504 
-100.387115 115.518341 -137.757736 2.795066 69.950756 -8.699581 8.861884 1.092882 -14.267045 -6.708992 2.835682 66.579588 -5.425022 10.767025 3.466478 0.122822 -0.096953 0.796460 7.931317 -2.302719 6.756096 -0.190280 7.200961 8.451922 -0.208693 -6.404459 -2.115909 1.777523 -0.635847 0.076979 -1.495810 5.003284 4.575982 -0.486239 -3.621142 4.121359 -1.175043 2.214651 -4.419863 -3.419889 0.005662 21.601819 1.231386 -0.235951 10.004685 17.399926 -16.474214 -17.087500 2.785693 -30.487886 -20.710410 23.080944 -37.135288 -23.401517 11.009733 -14.223564 2.888503 -22.317767 20.210828 -18.783984 -4.348252 42.200113 -24.658206 -21.380739 41.500727 -11.948461 -8.252730 8.365752 -5.352596 
-99.360695 115.976639 -137.723312 4.190859 68.129789 -7.355307 7.644076 0.432035 -16.469471 -6.673177 2.169541 63.467086 -4.497958 11.847087 0.093854 0.234279 -0.139838 0.745070 7.273677 -2.245683 8.126809 -0.791715 9.565295 7.075724 1.184955 -6.825964 -1.599907 1.862799 -0.835638 0.099746 -1.351855 5.596828 5.487416 -1.111264 -3.461247 3.215621 -0.832758 2.455742 -4.358952 -4.333696 0.577744 21.573137 1.001111 0.127518 9.128448 19.145465 -15.132719 -17.313347 8.404854 -24.887238 -22.416848 24.046030 -36.525703 -26.461071 10.828791 -15.543949 5.390270 -25.328165 19.058966 -19.546300 -10.736188 36.860963 -28.399352 -24.321096 41.158253 -15.852692 -9.284107 9.915738 -3.042738 
-97.787521 116.349014 -137.568848 4.424919 66.218327 -7.098080 6.915221 0.138146 -18.174055 -6.446861 1.395728 59.102437 -3.671953 12.790331 -1.922100 0.162238 -0.011093 0.625274 6.711436 -2.391128 9.586479 -1.117352 11.220486 6.134263 2.663031 -6.903900 -1.521215 1.796617 -1.015324 -0.027479 -1.253051 6.018537 6.073292 -1.671522 -3.387857 2.145508 -0.395408 2.517222 -4.029140 -5.118989 0.849149 21.517506 0.745062 -0.527808 8.054102 19.733767 -13.164083 -16.945215 13.630055 -19.616066 -23.189707 23.518555 -35.014850 -28.680389 11.523191 -16.545025 7.452187 -27.172677 17.355408 -20.140885 -15.811179 31.645544 -30.909222 -25.038736 39.266245 -18.934874 -11.174291 11.062441 -1.133198 
-96.415237 116.563477 -137.131348 4.951327 64.171991 -6.585617 5.897565 -0.378125 -18.933218 -6.161040 0.647044 53.073831 -3.520808 13.976085 -3.840739 0.358362 0.089007 0.616683 6.180753 -2.694276 11.001199 -1.610135 12.813538 5.094452 4.116560 -7.075349 -1.690900 1.696720 -1.090911 0.097826 -1.004815 6.486761 6.398817 -2.167722 -3.295145 1.086463 0.005168 2.660294 -3.338958 -5.841182 0.879403 21.541584 0.918116 -0.962317 7.380730 19.890351 -11.311595 -16.285062 17.217052 -15.191906 -23.533222 21.813100 -33.004986 -29.544257 12.416904 -17.771413 9.855906 -28.332060 15.715170 -20.294870 -18.730662 27.023079 -32.309227 -25.900236 37.310761 -22.498118 -13.888232 12.397001 0.295510 
-94.550240 116.628586 -136.292099 5.038600 62.480110 -6.131206 5.064674 -0.588654 -19.219565 -5.959596 -0.250605 46.077754 -3.546337 15.064899 -5.266681 0.488599 0.233484 0.688365 5.732014 -3.258742 12.467041 -1.969448 14.195596 3.970357 5.451466 -7.153457 -2.198427 1.578284 -1.188828 0.232640 -0.630995 6.799415 6.571970 -2.666333 -3.156143 0.347633 0.439328 2.709326 -2.632751 -6.658326 1.060920 21.840132 1.128429 -1.270512 6.694686 19.445960 -9.316598 -15.150768 19.373563 -11.244950 -23.002106 19.426326 -30.501264 -30.661957 13.300712 -18.524150 10.543926 -28.475312 13.970577 -19.518194 -20.269620 22.195245 -32.360512 -25.265002 34.496329 -25.196315 -16.156067 13.297546 1.058300 
-93.019524 116.543839 -135.552765 5.261776 60.684504 -5.812879 4.137725 -0.614081 -19.421558 -5.894922 -1.350340 38.904903 -3.571826 15.890395 -6.237792 0.667128 0.231283 0.660306 5.146846 -3.888827 13.955884 -2.381103 15.443013 2.868304 6.383151 -7.021000 -2.832755 1.382805 -1.155472 0.253705 -0.127920 6.940513 7.113143 -3.079875 -2.744003 -0.585590 0.776793 2.709238 -1.856659 -7.368996 1.175353 22.269281 1.264578 -1.494805 5.565378 18.528894 -6.910176 -13.504101 20.832868 -7.297673 -22.807421 17.440669 -27.366558 -31.900015 14.273643 -19.246911 11.057046 -27.803151 11.998792 -17.703546 -21.068299 16.966766 -32.117552 -23.852474 32.077191 -26.203020 -17.685543 13.965979 2.724661 
-91.354622 116.338684 -134.734360 5.446423 59.572759 -5.296226 3.294942 -0.609872 -19.220602 -5.555015 -2.483407 31.873788 -3.724151 16.548357 -6.801203 0.887568 0.263679 0.691079 4.698533 -4.385015 15.212778 -2.834552 16.684963 1.974644 7.300699 -7.267097 -3.927678 1.192382 -1.189921 0.428560 0.333287 6.980863 7.164758 -3.579386 -2.462506 -1.626079 1.227715 2.582606 -0.796096 -7.896063 1.289023 23.171836 1.272556 -1.519011 4.789005 17.251535 -4.430812 -11.930043 21.510153 -3.936282 -21.806831 13.994622 -23.659891 -32.036735 15.214152 -19.642105 10.707596 -26.516863 9.792930 -15.886359 -20.858440 12.817028 -31.010223 -21.804525 29.294005 -26.788793 -19.109293 14.248138 3.764143 
-89.333221 116.040482 -133.879349 4.914993 58.383515 -5.001490 2.562686 -0.689484 -19.096483 -4.604121 -3.330587 25.498219 -3.841313 17.619338 -6.646045 1.230658 0.404323 0.738912 4.419243 -4.689552 15.884097 -2.824115 17.530067 1.803056 7.980500 -7.306740 -5.281747 1.167132 -1.256706 0.560097 0.555027 6.966445 6.889088 -3.638362 -2.103792 -2.142879 1.597569 2.392962 0.146494 -7.959066 1.831284 23.156112 0.812017 -1.040734 4.384138 15.165129 -1.201066 -10.051654 21.531794 -1.126967 -20.499971 12.178401 -20.968399 -33.321020 17.383889 -19.717577 8.874084 -23.668369 6.741321 -13.764068 -19.560366 9.008140 -29.153728 -21.611439 27.678186 -29.651711 -21.520357 13.830849 2.361898 
-87.166763 115.667572 -132.965469 4.408711 57.176824 -5.014065 1.816741 -0.491093 -18.592328 -3.337883 -3.298707 19.606566 -3.717274 18.376012 -6.065619 1.469573 0.487427 0.712527 3.991066 -5.316306 16.994087 -2.910527 17.654633 1.686992 8.319344 -6.592141 -6.598942 1.286641 -1.212209 0.509360 0.873939 6.867606 6.523116 -3.587181 -1.601316 -2.610405 1.665148 2.223899 1.093153 -7.648030 2.317321 23.456671 0.197002 -0.541966 4.219893 12.696233 2.021572 -8.385597 20.112352 0.800253 -19.391296 11.306816 -19.140318 -34.752362 19.792359 -19.298500 6.197027 -20.001921 3.711597 -11.347182 -17.515639 5.880525 -27.109301 -20.792025 26.529941 -31.567957 -23.109748 13.523734 0.963337 
-84.665306 115.274017 -132.012451 4.156728 56.553283 -4.548089 1.137478 -0.446281 -18.614685 -2.317899 -2.878201 15.366892 -3.547381 18.862768 -5.408023 1.608410 0.504059 0.659320 3.391686 -6.012179 18.119529 -3.110862 17.568984 1.392507 8.532503 -5.951391 -7.612028 1.314493 -1.095912 0.272713 0.895146 6.991745 5.944748 -3.400306 -1.049758 -2.537230 1.347660 2.089937 2.026530 -7.221192 3.121157 23.908978 -0.831708 -0.084484 3.866288 9.465636 5.697307 -7.005105 17.611994 2.419750 -18.288623 12.016096 -18.400913 -35.892465 21.238761 -18.493951 3.648718 -14.962160 -0.013722 -9.051769 -14.463841 2.767117 -24.535429 -21.220397 26.445323 -33.318001 -23.575927 13.354295 -0.771734 
-82.377136 114.889816 -130.623489 4.067882 56.069556 -3.881401 0.753447 -0.645317 -18.549913 -1.742583 -2.299898 11.624329 -3.456237 19.169437 -4.620605 1.653509 0.469830 0.518119 2.976101 -6.317839 19.167839 -2.870122 17.606453 1.268793 8.295068 -6.022270 -8.354078 1.451019 -0.958582 -0.101473 0.845534 7.343418 5.281197 -2.904888 -0.493752 -1.966368 0.981111 2.066252 2.586163 -6.449149 3.686837 23.122921 -1.578030 0.404828 3.898918 5.352865 9.173914 -6.059436 14.066935 3.584538 -17.417910 14.226663 -18.685175 -37.611293 23.267620 -16.908312 0.708371 -9.198024 -3.593257 -7.499541 -10.931949 0.056905 -22.543542 -22.479546 26.271012 -35.958126 -24.620960 12.964619 -3.068307 
-79.208252 114.576050 -129.413513 3.187223 55.886385 -3.591092 -0.092313 -0.446418 -18.430114 -1.141784 -0.143010 8.763351 -3.001233 19.646937 -4.060482 1.553023 0.386108 0.602550 2.859080 -6.600993 20.604971 -2.965326 16.917559 0.503067 8.073728 -6.413292 -7.990963 1.655671 -1.002520 -0.311045 1.200863 7.308287 4.788104 -2.675239 0.042938 -1.975074 0.556384 1.789784 3.263768 -5.969355 3.407064 22.464861 -1.914415 1.856490 4.141452 1.190373 12.517919 -4.791271 7.894443 4.498103 -15.635593 16.015880 -18.473555 -37.204178 24.023802 -15.637425 -1.800711 -4.726596 -6.699120 -6.105358 -6.337243 -1.918888 -20.282213 -22.246267 24.740413 -36.524512 -24.372387 12.134611 -4.727690 
-77.188377 114.277176 -127.815933 3.555495 55.516009 -2.435010 -0.483253 -0.470410 -18.413294 -1.307005 0.948133 7.536982 -2.446883 20.060873 -3.501910 1.444808 0.221870 0.626250 2.487266 -6.583240 21.454606 -2.524257 16.260811 0.335682 7.601709 -7.080268 -8.063842 1.717560 -0.894915 -0.524568 1.125089 7.518888 4.300912 -2.468042 0.423775 -1.526755 0.207792 1.660200 3.305668 -5.878623 3.484728 21.279400 -2.300540 2.608109 4.279579 -2.718654 14.891062 -4.060533 1.302209 4.905555 -14.014045 16.950854 -17.368687 -36.831752 25.279187 -13.815160 -3.625929 -0.608098 -8.937738 -5.047323 -0.946045 -3.454423 -17.771382 -21.109669 22.577951 -36.171154 -24.008275 10.661114 -6.331003 
-74.692368 114.029358 -127.212051 2.894715 55.508391 -2.433902 -1.026604 -0.601194 -17.767292 -1.333881 1.663484 6.386819 -1.408536 20.532268 -2.696255 1.495527 -0.027052 0.744647 2.181103 -6.345620 22.127753 -2.117973 15.830807 0.777596 7.191027 -7.537555 -7.567410 1.665503 -0.750650 -0.511092 1.120022 7.736829 4.306568 -2.402569 0.627714 -1.449866 -0.102380 1.457249 3.206762 -6.275760 3.040071 20.293972 -2.080623 3.642843 4.587016 -6.217773 16.423965 -3.260616 -6.155477 4.873955 -12.257331 15.018022 -14.884612 -34.186530 26.069925 -11.382890 -5.662728 2.536907 -10.022927 -3.963988 5.241763 -3.938738 -14.877026 -17.112705 18.827970 -33.136410 -22.832924 8.739934 -7.256951 
-71.908470 113.821960 -126.187592 2.768203 55.191306 -1.921637 -1.758792 -1.264526 -17.137224 -1.510843 1.617421 5.687635 -1.027258 20.422094 -2.529245 1.894979 -0.111256 0.836392 1.512121 -5.570559 22.405708 -1.466166 15.725526 2.323342 7.827950 -7.326197 -6.902697 1.454138 -0.650889 -0.181263 0.672198 8.236799 3.659672 -2.423391 0.818479 -0.845739 -0.250438 1.567030 2.988479 -6.480526 2.825182 19.122850 -1.726416 4.332406 5.427850 -9.476936 16.813825 -2.564700 -13.463495 4.153121 -9.833596 10.828196 -10.676939 -29.358148 24.897671 -8.408232 -6.943064 5.682362 -10.139845 -2.911624 12.050780 -3.018517 -11.430122 -11.523374 13.556479 -28.470348 -20.383952 6.645470 -8.012871 
-69.134415 113.694565 -125.174820 2.958201 55.091455 -1.755250 -2.722591 -1.700143 -15.922313 -1.360727 2.214543 5.898162 0.125669 20.474852 -2.820418 2.333137 -0.197252 0.953653 0.448577 -4.770945 22.611214 -0.272770 15.759142 4.919092 8.607797 -7.057259 -5.325798 1.286604 -0.669267 0.184353 0.189957 8.340030 3.229193 -2.459720 0.911482 -0.323243 -0.374009 1.553045 3.190494 -6.449871 2.936744 16.955368 -1.564899 5.465976 6.677242 -12.003842 16.202909 -1.831877 -21.485703 3.377411 -6.600719 6.309326 -6.777992 -23.593909 21.330702 -6.289149 -8.422844 8.610964 -9.465065 -2.010898 20.837701 -1.078262 -6.615299 -6.142934 8.944552 -24.138560 -17.065540 5.065789 -8.806349 
-66.437675 113.727661 -124.180130 3.572452 55.350450 -1.688842 -3.398788 -2.410765 -14.703932 -1.635749 2.917510 7.501247 1.834545 20.036635 -2.619731 3.143393 -0.330499 0.867639 -0.821340 -3.820308 21.502429 1.795619 14.001625 10.470559 9.177410 -6.758269 -3.124560 1.243368 -0.536489 0.511572 -0.665878 8.459229 2.543125 -2.165138 0.590663 0.829520 -0.678973 1.556837 2.838487 -6.262590 3.319872 14.829560 -1.803163 5.533363 8.938549 -14.452450 14.869708 -0.761532 -30.757589 1.141593 -3.291489 3.289210 -3.454364 -17.542869 16.131519 -5.404135 -8.799027 11.745922 -8.117667 -1.381704 31.403080 1.007258 -0.798060 -3.456680 5.922109 -19.504086 -11.696393 3.862248 -8.738800 
-63.872406 113.944122 -123.235756 3.152305 56.265567 -2.509382 -3.685253 -2.811463 -13.333643 -1.724114 4.012468 9.055783 3.173962 18.389711 -3.064811 4.226855 -0.393231 0.897895 -2.033189 -3.001734 18.391063 4.037086 10.763074 18.341578 9.910171 -5.538381 0.402257 1.438143 -0.517703 0.923122 -1.431006 8.215738 2.221879 -1.615368 0.202863 1.743431 -1.161806 1.624320 2.084853 -5.564363 3.672202 12.691739 -1.730659 5.129166 11.361654 -16.654267 12.312811 0.261486 -40.255197 -2.445740 0.140279 1.764412 -1.199824 -12.322314 10.057156 -5.481621 -7.032226 14.264083 -5.706136 -0.216186 42.613590 2.935579 5.249901 -2.195655 4.590820 -14.027650 -6.278251 3.535454 -7.555068 
-60.980522 114.314911 -123.255722 2.381316 56.917353 -3.272773 -4.357513 -3.760656 -11.851797 -1.803965 3.870898 9.640868 4.521736 17.499767 -3.357725 5.363299 -0.108766 0.981743 -2.621921 -2.443034 13.838925 5.696503 7.956292 28.905659 11.579587 -3.891746 6.056942 1.814476 -0.748058 1.301449 -2.443833 8.130094 2.109769 -0.580792 -0.238190 3.121363 -2.134707 1.798066 0.487031 -4.253580 3.923376 11.282010 -1.208739 4.393353 13.108483 -18.367393 8.668363 1.091648 -46.648040 -6.217449 3.788358 0.965323 -2.312403 -7.066165 3.866548 -5.400789 -2.605892 15.830780 -1.963311 0.410245 51.846978 5.151961 11.058849 -1.278306 5.759377 -7.121293 -0.831033 3.301430 -4.348388 
-58.355225 114.761215 -123.435623 2.023084 57.779450 -4.922218 -5.282551 -4.025724 -8.725105 -2.344023 2.249990 9.335794 5.675749 16.961599 -3.452695 5.786696 0.080641 0.941393 -3.369943 -2.977509 9.488543 5.920372 3.925996 40.104657 11.926753 -3.197141 8.964251 2.089944 -0.843928 1.321732 -2.935099 7.985344 2.732473 0.298011 -0.414679 4.380315 -2.845218 2.398543 -0.594904 -3.247439 4.346299 11.547427 -1.102618 4.105920 13.725166 -19.105463 3.101183 1.565590 -51.002480 -10.642460 7.579678 0.291986 -6.248836 -1.171695 0.754909 -5.486114 0.494111 15.624382 3.527350 0.508973 58.194631 9.060497 15.991300 -0.376841 9.294217 0.180094 2.284741 2.988759 -2.347958 
-56.444393 115.217072 -123.363907 2.468634 58.949507 -5.966877 -6.555511 -4.210251 -5.724322 -2.364860 0.896591 8.883642 5.922986 16.757122 -3.429303 6.181706 0.137260 0.971595 -4.302831 -2.522690 3.980203 4.981457 0.368486 50.712239 10.888256 -3.596169 9.933482 2.319582 -0.754114 1.481374 -3.507924 7.635831 2.929036 1.175701 -0.832040 5.998611 -3.465548 2.940037 -1.444951 -3.193514 4.524525 12.333526 -1.523541 3.889158 13.773914 -17.672470 -2.746481 1.597395 -53.919533 -15.558541 11.291778 -0.561478 -11.968497 3.390753 0.709145 -6.725640 2.189196 14.211217 8.331077 -0.291298 61.170818 13.820701 19.941239 0.641174 16.862395 6.354531 3.785558 4.359624 -1.318073 
-54.294270 115.696564 -122.124893 2.566813 60.648274 -6.656594 -6.911838 -4.145609 -3.064461 -2.554238 -0.838339 8.830797 5.420782 16.139598 -4.284617 6.514124 0.084289 0.966088 -4.704719 -2.188126 -0.793884 3.106548 -2.262027 58.224863 8.073165 -3.989925 8.239942 2.891085 -0.556868 1.701696 -3.881441 7.155025 3.205010 2.103623 -1.584426 7.600926 -4.032811 3.455201 -2.510307 -3.056076 5.246015 13.903502 -2.458432 3.402746 13.927146 -14.910401 -8.651650 0.804553 -56.061658 -22.167829 14.593892 -1.455701 -18.022509 7.095865 1.081061 -8.801859 2.293541 12.180430 13.184186 -2.075869 63.023767 20.815092 23.816753 1.637059 26.426153 11.653138 3.179939 5.947760 -1.757561 
-52.544067 116.141281 -120.663414 2.207025 62.477468 -7.596789 -6.802653 -3.349982 -0.350994 -2.318801 -2.278351 7.980646 4.542541 15.154280 -5.054836 6.730378 0.083873 0.974213 -4.648325 -1.960256 -5.451491 1.595555 -3.863527 63.341045 5.236282 -4.727807 4.686081 3.119452 -0.487814 1.652941 -3.851228 6.306115 2.884510 2.720433 -1.972536 8.491023 -4.347993 3.788052 -3.043069 -2.532307 6.248218 15.661389 -2.606452 3.737302 13.834083 -11.905210 -12.784649 -0.697971 -56.058198 -27.434097 16.094440 -1.699590 -23.514760 8.780438 0.482599 -9.611644 2.192981 9.459445 16.262678 -3.751334 62.393066 26.115120 25.302133 2.829637 34.973451 15.194390 3.571284 6.461384 -2.737201 
-50.646996 116.609314 -118.857620 1.726512 64.863097 -8.294060 -6.183793 -2.621775 1.827713 -2.229229 -3.577819 7.708016 3.250550 13.412182 -5.739666 6.916605 0.110545 0.977950 -4.687951 -2.136400 -8.478430 0.048083 -5.859459 64.505393 2.674326 -5.413268 0.582488 3.506918 -0.371007 1.827594 -3.631355 5.633228 2.599697 3.195916 -2.661223 9.183770 -4.500866 4.105582 -3.676859 -1.930774 7.174545 17.623320 -2.756478 3.996157 14.253415 -7.866232 -15.912819 -2.593227 -56.465939 -33.117884 16.989592 -1.655030 -29.808908 7.917936 1.181182 -10.710127 0.641621 4.985352 18.734330 -7.108224 63.945130 33.228904 27.682944 3.685461 43.882078 16.767291 2.762207 6.929965 -5.703546 
-49.575054 117.080566 -117.489296 1.780262 66.592651 -8.819698 -5.633240 -1.533284 3.987597 -2.045942 -4.347163 6.753383 1.466205 11.967425 -5.708949 6.887503 0.120101 1.047632 -4.341938 -1.878722 -11.174937 -1.067016 -6.307598 63.021875 0.810471 -6.982175 -3.967832 3.399641 -0.280397 1.859926 -3.308769 4.651111 2.738026 3.072499 -2.938361 9.123477 -4.378528 3.959020 -3.900213 -1.734423 7.338541 18.883463 -2.562473 4.326204 14.534334 -4.626186 -17.824348 -4.687165 -54.514529 -37.092720 15.736096 0.910905 -35.919942 2.766843 4.359640 -10.625889 -3.854366 0.678974 20.127747 -10.048877 63.162031 38.636863 28.049253 2.765579 52.700843 15.649232 0.208690 6.267688 -7.784241 
-48.595612 117.530975 -116.087769 1.629527 69.152119 -9.231200 -4.984296 -0.592029 5.536404 -1.575013 -4.927335 6.158526 -0.117642 9.911951 -5.455320 6.403958 0.200748 1.028005 -4.028991 -1.689750 -12.570162 -2.348782 -6.410794 58.565930 -0.023616 -8.420542 -7.718109 3.108511 -0.183466 1.800706 -2.702875 4.033403 2.728976 2.856686 -2.923329 8.983741 -4.205063 4.000075 -4.105193 -1.805620 7.199301 20.512792 -2.369937 4.372208 14.001490 -1.119408 -19.106888 -7.039286 -52.850277 -40.977228 14.427076 4.649761 -41.605935 -2.207792 5.657775 -11.119488 -6.758359 -3.033475 20.721586 -12.496511 62.084909 43.245507 27.208032 -2.500254 61.192131 10.513780 -2.193822 5.904764 -9.084761 
-47.675777 117.899750 -114.707428 1.924845 71.324888 -9.007802 -4.341818 -0.016627 6.823164 -1.332437 -5.641186 5.410181 -1.442729 8.426186 -5.010366 5.986716 0.339524 0.889334 -3.766115 -1.320796 -13.573178 -2.764686 -6.097565 52.738164 0.397972 -8.746935 -9.147660 2.964556 -0.256133 1.877782 -2.409630 3.604191 2.444416 2.685210 -2.987732 8.805685 -3.799321 4.083121 -4.291759 -1.857317 7.366775 21.356564 -1.745739 5.073807 14.243658 2.094322 -20.219277 -9.207266 -50.780405 -43.677946 12.647142 9.927618 -46.392099 -9.410006 8.433788 -11.261176 -10.051918 -6.541443 20.808961 -14.863539 60.960744 47.113249 25.991645 -14.030217 67.085047 -1.648869 -4.125454 5.308412 -11.910148 
-46.408516 118.176041 -113.730225 2.314044 73.687873 -8.519003 -3.985077 0.326001 8.354577 -1.008371 -6.784029 3.994194 -2.351161 7.098675 -4.440534 5.393984 0.477398 0.834151 -4.103881 -1.095055 -14.516880 -2.712361 -5.712888 46.827040 1.385057 -7.908549 -8.795425 3.004511 -0.378890 1.897465 -2.245523 3.319119 2.429459 2.565278 -3.055259 8.443341 -3.445192 4.119326 -4.282765 -2.364987 7.622288 21.870437 -1.580498 5.198932 14.376216 4.772780 -20.472829 -11.170536 -49.478819 -46.295738 11.497050 15.665614 -50.151788 -16.870426 11.500423 -10.740136 -13.511395 -8.735197 20.381963 -16.713400 60.154581 49.282664 24.816834 -34.569483 71.048496 -23.809467 -7.613084 4.875026 -15.477943 
-44.972591 118.368576 -112.789261 2.670392 76.152679 -8.348879 -3.491861 0.327444 9.548399 -1.066404 -7.922949 3.983100 -2.858647 5.847004 -4.337541 4.634429 0.623886 0.830617 -4.337792 -1.089935 -14.757515 -2.883927 -5.308720 39.723098 2.931888 -7.176632 -7.194078 2.922589 -0.377805 1.874623 -2.359456 3.226205 2.398242 2.612212 -3.028163 8.539040 -2.955369 4.316934 -4.340709 -2.852377 7.736286 22.010346 -1.447182 5.504370 14.759960 6.879115 -20.863937 -12.633487 -48.115769 -47.926434 10.203578 23.044156 -53.862391 -24.574628 13.527747 -10.795740 -16.107463 -10.363498 20.263541 -17.716245 57.896207 50.661667 22.824199 -62.307167 73.001870 -51.349931 -9.117798 4.574655 -16.897518 
-42.876076 118.517303 -111.827965 3.096556 79.110883 -8.012312 -2.946729 0.399613 11.061464 -1.025956 -9.285937 3.843934 -3.228728 4.383557 -4.322933 3.840628 0.714866 0.945721 -4.904106 -1.294320 -14.286602 -2.912098 -4.659817 32.064895 4.688335 -6.581461 -4.426308 2.973566 -0.461531 1.853159 -2.612764 3.170031 2.221777 2.722585 -3.018079 8.719841 -2.418949 4.445242 -4.344475 -3.782219 7.538050 22.037046 -0.927407 6.311291 15.193339 8.213307 -21.178021 -13.390571 -47.376902 -49.179169 9.256049 30.623381 -57.223523 -31.605998 15.213127 -10.889523 -17.879766 -11.171337 20.154062 -17.765064 56.341847 51.128993 20.806690 -88.199060 71.295260 -77.106638 -9.921586 4.757020 -18.970419 
-40.764706 118.610443 -111.180710 2.757045 81.712844 -8.432482 -2.520944 0.339751 12.420542 -0.779317 -10.969762 3.904338 -3.357417 3.401502 -4.460227 3.181421 0.743556 0.992145 -5.464740 -1.514200 -13.743148 -2.873495 -3.682685 25.361217 6.487309 -5.544785 -1.978341 2.951461 -0.489574 1.773779 -2.979794 3.144715 2.170646 3.044159 -3.133046 8.821660 -2.019852 4.542574 -4.349015 -4.446751 7.662736 22.239964 -0.530337 6.802597 15.331694 9.319627 -21.118911 -14.126223 -46.698839 -50.185822 8.306221 37.960486 -59.360339 -37.787469 16.632943 -10.791827 -18.862011 -11.222839 19.997595 -17.508481 55.250651 50.971983 19.324917 -106.389581 68.060795 -94.657564 -10.613581 5.171966 -20.486614 
-38.579208 118.659866 -110.680397 -0.970193 84.267754 -12.162590 -1.839732 0.241884 13.594621 -0.395838 -12.679278 4.194803 -3.536650 2.451725 -4.815544 2.622548 0.741084 1.115091 -5.942567 -1.507037 -13.232212 -2.747839 -2.607730 19.764317 8.416011 -4.328148 0.104139 2.932406 -0.566795 1.836548 -3.136412 3.112555 2.144647 3.320033 -3.267476 8.725232 -1.649130 4.488710 -4.300360 -4.919587 7.843488 22.525719 -0.042519 7.449575 15.601165 9.729559 -20.958800 -14.398203 -46.936827 -50.681337 8.015583 43.895621 -61.097516 -42.233108 17.511909 -10.711243 -18.846458 -10.965563 19.617862 -16.756894 54.856532 50.440765 18.470580 -117.731442 64.982134 -105.032730 -10.999686 5.235947 -22.290891 
-36.988464 118.667267 -110.526459 -7.562945 86.630529 -18.903730 -1.365539 0.269031 14.648516 -0.009245 -14.270403 4.157350 -3.725935 1.570052 -5.044327 2.222749 0.771205 1.303284 -6.444964 -1.666216 -12.918941 -2.723008 -2.022567 16.244652 9.892305 -3.379220 1.545389 2.927234 -0.616723 1.917838 -3.264310 3.130628 2.006011 3.536241 -3.393818 8.945339 -1.523706 4.467282 -4.427758 -5.353576 7.978240 22.878948 0.321613 7.891732 16.086886 9.624060 -20.467356 -14.275747 -47.349720 -50.716291 8.150771 48.640582 -63.058343 -44.993559 17.771478 -10.859077 -17.635213 -10.145461 18.925098 -15.655396 54.863165 49.165983 17.907103 -126.498443 62.489398 -112.784064 -10.879774 5.445366 -23.363863 
-35.528198 118.639206 -110.128052 -31.377897 88.344132 -42.746741 -0.640603 0.080100 15.345538 0.203663 -15.397390 4.458012 -4.027914 0.966324 -5.498388 2.032842 0.782392 1.472826 -6.714140 -1.619066 -12.716257 -2.571471 -1.642437 13.945892 11.073534 -2.195523 2.577781 2.826404 -0.650419 1.977034 -3.323375 3.123478 1.841509 3.795520 -3.625217 8.877379 -1.338721 4.305981 -4.387272 -5.578534 7.864574 22.892261 0.767175 7.912746 16.046870 8.726696 -19.900104 -13.685368 -48.013229 -49.915366 8.824507 51.174890 -65.183945 -45.872839 17.701656 -10.987217 -16.384644 -8.859595 18.192782 -14.537281 55.324541 47.775535 18.293198 -134.015274 61.690431 -119.278999 -9.849758 5.902715 -23.495294 
-34.040031 118.569595 -109.967148 -124.629997 88.058432 -135.724962 0.361898 -0.345693 15.386922 0.245618 -17.297675 5.245341 -4.075628 0.328030 -6.151138 1.791666 0.734619 1.672362 -7.080871 -1.962553 -11.784771 -2.615679 -1.851138 12.304101 11.743667 -1.548185 3.365497 2.787252 -0.602482 1.944223 -3.635851 3.473353 1.676692 4.105911 -3.854216 8.928133 -1.158404 4.171191 -4.269997 -6.071546 7.432349 22.334568 1.013458 7.214961 15.080696 7.498302 -19.017128 -12.317511 -48.396172 -48.565572 9.089186 53.650318 -68.360004 -45.292030 18.587979 -11.125508 -13.288463 -7.721426 16.959515 -13.110932 55.656295 45.369009 18.009205 -143.766214 59.973766 -126.816292 -9.747463 6.325489 -22.181243 
