HIERARCHY
ROOT Hips
{
	OFFSET -0.179506 -22.333345 2.821913
	CHANNELS 6 Xposition Yposition Zposition Zrotation Yrotation Xrotation 
	JOINT LeftUpLeg
	{
		OFFSET 6.951974 -9.140623 -0.681533
		CHANNELS 3 Zrotation Yrotation Xrotation
		JOINT LeftLeg
		{
			OFFSET 3.427654 -37.519855 -0.449580
			CHANNELS 3 Zrotation Yrotation Xrotation
			JOINT LeftFoot
			{
				OFFSET -1.359570 -39.796059 -4.369333
				CHANNELS 3 Zrotation Yrotation Xrotation
				JOINT LeftToe
				{
					OFFSET 2.635814 -5.579078 11.928840
					CHANNELS 3 Zrotation Yrotation Xrotation
					End Site
					{
						OFFSET 0.000000 0.000000 0.000000
					}
				}
			}
		}
	}
	JOINT RightUpLeg
	{
		OFFSET -6.767048 -9.052170 -0.431982
		CHANNELS 3 Zrotation Yrotation Xrotation
		JOINT RightLeg
		{
			OFFSET -3.829005 -38.256897 -0.885003
			CHANNELS 3 Zrotation Yrotation Xrotation
			JOINT RightFoot
			{
				OFFSET 1.577377 -39.841461 -4.231180
				CHANNELS 3 Zrotation Yrotation Xrotation
				JOINT RightToe
				{
					OFFSET -2.537174 -4.814398 12.334795
					CHANNELS 3 Zrotation Yrotation Xrotation
					End Site
					{
						OFFSET 0.000000 0.000000 0.000000
					}
				}
			}
		}
	}
	JOINT Spine
	{
		OFFSET -0.253288 10.896323 -2.669631
		CHANNELS 3 Zrotation Yrotation Xrotation
		JOINT Spine1
		{
			OFFSET 0.548704 13.518043 0.109247
			CHANNELS 3 Zrotation Yrotation Xrotation
			JOINT Spine2
			{
				OFFSET 0.145701 5.292222 2.542457
				CHANNELS 3 Zrotation Yrotation Xrotation
				JOINT Neck
				{
					OFFSET -0.277840 21.387037 -4.285703
					CHANNELS 3 Zrotation Yrotation Xrotation
					JOINT Head
					{
						OFFSET 0.515184 6.496960 5.134897
						CHANNELS 3 Zrotation Yrotation Xrotation
						End Site
						{
							OFFSET 0.000000 0.000000 0.000000
						}
					}
				}
				JOINT LeftShoulder
				{
					OFFSET 7.884473 12.174932 -3.408961
					CHANNELS 3 Zrotation Yrotation Xrotation
					JOINT LeftArm
					{
						OFFSET 9.097692 3.046888 -0.886815
						CHANNELS 3 Zrotation Yrotation Xrotation
						JOINT LeftForeArm
						{
							OFFSET 25.961220 -1.277207 -2.745643
							CHANNELS 3 Zrotation Yrotation Xrotation
							JOINT LeftHand
							{
								OFFSET 24.923361 0.898606 -0.117091
								CHANNELS 3 Zrotation Yrotation Xrotation
								End Site
								{
									OFFSET 0.000000 0.000000 0.000000
								}
							}
						}
					}
				}
				JOINT RightShoulder
				{
					OFFSET -8.175920 11.883285 -3.861528
					CHANNELS 3 Zrotation Yrotation Xrotation
					JOINT RightArm
					{
						OFFSET -9.601238 3.255117 -0.914307
						CHANNELS 3 Zrotation Yrotation Xrotation
						JOINT RightForeArm
						{
							OFFSET -25.374195 -1.332924 -2.140099
							CHANNELS 3 Zrotation Yrotation Xrotation
							JOINT RightHand
							{
								OFFSET -25.529810 0.777228 -0.555919
								CHANNELS 3 Zrotation Yrotation Xrotation
								End Site
								{
									OFFSET 0.000000 0.000000 0.000000
								}
							}
						}
					}
				}
			}
		}
	}
}
MOTION
Frames: 1011
Frame Time: 0.033333
364.718811 30.743269 96.260399 -96.519365 -1.083726 87.143198 1.204830 2.151878 8.046845 -0.865690 -6.133327 -5.051552 2.368500 12.802787 -5.598294 nan nan nan -3.925964 -2.526410 6.534944 3.363126 3.766763 -3.977776 5.981063 -3.036441 0.946170 nan nan nan -1.178801 3.556566 -3.347316 2.710532 -1.996870 14.509490 -1.559670 1.472032 -1.532339 1.712882 1.763872 5.132302 0.059640 -1.164749 -0.843166 -23.186879 6.038992 0.813054 -66.968554 -5.050671 17.938162 13.695080 -28.626769 -8.139125 5.607206 -12.172016 -2.902648 23.577849 0.537956 3.828286 66.162532 4.029623 12.638892 -12.250160 19.431388 -16.748524 -7.037248 7.960958 -14.477523 
365.351929 30.509712 96.172150 -96.830798 -1.093569 88.229679 0.985121 1.872026 5.888431 -0.945478 -4.907280 -3.991530 2.260452 12.223909 -5.423604 nan nan nan -4.150680 -2.269505 4.236548 3.645822 3.018525 -2.711576 6.130112 -2.471996 1.292413 nan nan nan -0.549459 3.416003 -2.781991 2.274459 -1.665178 13.316277 -1.852229 1.552750 -2.015595 1.850442 2.482984 5.077274 0.003252 -1.746087 -0.863892 -23.139263 6.163659 0.350203 -66.272831 -4.613492 18.235854 14.637828 -29.341035 -6.867739 2.896866 -15.879148 -2.326476 23.143963 0.607151 3.703668 66.749251 3.734359 12.650660 -12.916438 19.403274 -16.114964 -5.368494 9.435768 -13.826000 
365.325317 30.427822 96.153458 -96.772858 -1.109365 88.422170 0.917971 1.762888 5.703799 -0.917434 -4.751524 -4.036974 2.155916 12.097108 -5.270911 nan nan nan -4.270663 -2.406549 4.081827 3.750613 2.559132 -2.716916 6.513498 -2.300486 1.563923 nan nan nan -0.460616 3.384305 -2.951732 2.238748 -1.696882 12.920294 -1.872792 1.600001 -1.645117 1.847465 2.541210 5.079956 -0.068119 -1.841660 -0.824144 -22.877691 6.148904 0.526643 -66.952947 -4.633024 17.815246 15.026833 -29.166751 -7.451551 3.874235 -16.936427 -3.071288 23.109916 0.536610 4.014481 66.716903 3.862343 12.080348 -14.572693 20.253115 -14.381289 -7.474895 10.560090 -9.004504 
365.380890 30.381760 96.173714 -96.702338 -1.168742 88.519387 0.894126 1.746671 5.483978 -1.067462 -4.530655 -3.918220 2.223089 12.004527 -5.154944 nan nan nan -4.395893 -2.513902 3.941541 3.906049 2.401317 -2.643195 6.589311 -2.312344 1.564688 nan nan nan -0.379988 3.354100 -3.016598 2.131975 -1.758915 13.143249 -1.973483 1.626427 -1.828631 1.922863 2.510836 4.975976 -0.077080 -1.923230 -0.652212 -22.991544 6.217238 0.559980 -66.411614 -4.958652 17.449435 15.567220 -29.041247 -6.854586 -0.552366 -15.890861 0.186529 23.117843 0.428886 4.207105 66.712574 4.141885 11.709911 -15.187462 20.228433 -14.097037 -4.077567 9.810879 -6.880964 
365.203491 30.263529 96.182121 -97.288561 -1.278152 88.038648 0.555504 2.141140 6.486931 -0.753318 -4.335449 -4.426642 2.000381 11.940255 -5.246608 nan nan nan -4.792700 -2.460373 4.590095 4.052909 2.567020 -2.708015 6.790103 -1.716929 1.490888 nan nan nan 0.023560 3.520195 -2.926729 2.177614 -1.495426 13.980752 -2.018182 1.644012 -1.456584 1.216449 -2.628693 8.897120 -1.079734 -6.037668 -3.822256 -23.296071 6.664778 -0.324497 -66.252737 -4.886970 17.800082 14.721147 -28.898305 -5.513076 -0.040730 -17.704518 0.488977 21.998629 0.528547 2.879645 67.409806 3.744682 11.690179 -14.630672 19.825033 -13.600050 -5.048434 10.789217 -8.039606 
365.296265 30.371651 96.188492 -97.071523 -1.232538 88.292881 0.680994 1.742723 6.077430 -0.744845 -4.514227 -4.304259 2.105352 11.861445 -5.152528 nan nan nan -4.595984 -2.519236 4.243946 3.990140 2.406977 -2.657468 6.763471 -1.857116 1.268414 nan nan nan -0.226595 3.367371 -2.968386 1.952603 -1.574916 13.632252 -2.195622 1.590970 -1.481982 1.753674 2.640681 5.228529 -0.725170 -2.317630 -2.285599 -22.477217 7.012427 -0.570272 -66.698001 -4.452431 18.013142 14.797997 -28.920784 -4.086944 0.021368 -17.535795 1.370207 22.831946 0.158080 3.633275 66.929340 4.796485 11.907155 -14.328251 19.025226 -14.285699 -4.513546 10.368233 -7.143002 
365.674408 30.871719 96.175110 -94.625741 -0.721382 88.562917 2.054388 1.083715 4.363727 -1.431753 -5.382029 -2.703910 1.660061 10.889960 -5.280131 nan nan nan -3.203356 -2.848737 4.345269 3.553841 1.313367 -3.281949 6.123076 -3.091491 1.314949 nan nan nan -1.260488 2.446926 -2.111555 2.726303 -2.539368 12.319608 -1.498794 1.330285 -1.289919 1.838852 2.709833 4.632097 -0.697418 -2.627200 -1.703448 -21.928311 7.355353 -0.759580 -67.248186 -4.781784 18.228051 14.620597 -28.649904 -3.785347 -0.174301 -16.977529 1.277178 22.541764 -0.311253 3.162369 67.486046 4.793181 12.444930 -14.434843 18.724223 -13.786713 -4.653213 9.848936 -8.146605 
365.885529 30.920542 96.113800 -93.881593 -0.289049 88.602672 2.705081 0.389486 3.730599 -1.723429 -4.450545 -2.085091 1.611530 10.087804 -5.216621 nan nan nan -2.717341 -3.113227 4.202606 3.645727 0.457961 -3.166131 6.144989 -2.803630 1.246036 nan nan nan -0.806316 2.118715 -1.264839 2.690987 -2.769823 11.248779 -1.293601 1.148954 -0.805687 2.326154 3.278486 4.038027 -1.542375 -3.285026 -1.352016 -21.712433 7.687989 -1.359460 -69.313363 -4.751724 16.635331 16.236160 -28.108963 -10.487621 -2.919797 -17.290637 3.844117 21.728231 -0.398836 3.228881 68.126435 5.208190 12.049225 -14.679313 18.707768 -14.135316 -2.470262 9.721350 -5.606950 
365.866669 30.937971 96.157272 -93.842683 -0.293815 88.370112 2.739691 0.292387 4.050176 -1.760523 -3.820640 -2.175288 1.412638 9.561047 -5.074697 nan nan nan -2.778740 -3.213633 4.490748 3.713114 -0.032214 -3.133101 6.278980 -2.317895 1.202358 nan nan nan -0.837779 2.237629 -0.811147 2.700744 -2.818255 11.184466 -1.160679 1.039194 -0.798348 2.567879 3.855231 3.912567 -1.711513 -3.858489 -1.435980 -21.488620 7.721816 -1.938579 -69.955929 -4.563332 16.392246 16.082298 -27.020637 -11.694311 -8.388541 -19.052772 3.751225 21.907068 -0.376060 3.034823 67.621892 5.312691 11.410691 -14.840573 17.923957 -14.582377 1.437425 11.425541 -2.478184 
365.860107 30.973190 96.204292 -93.848492 -0.303651 88.439528 2.808030 0.271672 3.984843 -1.872521 -3.754349 -2.162818 1.327132 9.468045 -5.024903 nan nan nan -2.794216 -3.175500 4.413800 3.653606 -0.020562 -3.147485 6.539132 -2.242591 1.356017 nan nan nan -0.841561 2.179503 -0.662111 2.607829 -2.670791 10.689821 -1.130844 1.133170 -0.231415 2.915952 3.972979 3.476193 -1.421021 -4.216287 -1.679290 -21.608042 7.706600 -2.598591 -69.980394 -3.956563 16.710100 16.779871 -27.190313 -11.166090 -5.005118 -20.522125 4.290604 22.104133 -0.439321 2.375435 67.482345 4.768334 11.512623 -14.696932 18.115852 -14.417953 0.088795 12.242726 -2.799813 
365.823914 31.023291 96.253998 -93.750681 -0.262517 88.479358 2.752303 0.050623 3.996622 -1.831858 -3.735519 -1.936853 1.444992 9.635014 -5.380517 nan nan nan -2.789030 -3.289522 4.371333 3.874400 -0.266561 -2.847584 6.842653 -2.399637 1.149145 nan nan nan -0.795425 2.047041 -0.505043 2.551561 -2.651233 10.100965 -1.202450 1.357250 0.268844 3.111293 3.835886 3.356896 -1.430438 -4.216869 -1.609321 -21.603467 7.602890 -3.138406 -70.058723 -3.492357 16.644077 17.126037 -27.050779 -11.150997 -4.754409 -20.962601 5.808899 22.362675 -0.648192 1.829429 67.280047 4.342335 11.255748 -14.553531 18.223999 -14.583738 0.177480 12.493742 -2.093749 
365.764313 31.091585 96.288353 -93.596186 -0.496017 88.410295 2.469195 -0.523889 4.292409 -1.357740 -5.126668 -2.238462 1.647323 9.798387 -4.882400 nan nan nan -3.084357 -3.437723 4.511125 4.009492 -0.511580 -2.824048 6.639777 -2.408977 1.084989 nan nan nan -1.214653 1.987420 -0.453270 2.681337 -2.769970 10.213117 -1.196282 1.370534 0.103397 2.824207 3.447892 3.701582 -0.978512 -3.924959 -1.700463 -21.808720 7.763938 -2.968582 -69.775344 -3.548242 16.679640 16.947093 -27.186519 -10.924716 -4.329936 -20.465350 6.437392 22.453351 -0.726240 2.069973 67.275321 4.502647 11.347085 -14.642228 18.218598 -14.618091 0.292638 12.467606 -2.069706 
365.722595 31.245195 96.261818 -93.591228 -0.294808 88.372619 2.973441 -0.363276 4.398978 -1.729152 -5.272101 -2.321104 1.643973 9.897473 -4.896526 nan nan nan -2.955060 -3.356441 4.484333 4.367035 -0.980953 -2.643210 6.674328 -2.248703 0.898392 nan nan nan -1.205178 1.958542 -0.347605 2.830530 -2.717100 9.909762 -1.152124 1.347758 0.490862 3.058976 3.609387 3.667062 -1.456865 -4.184887 -1.802077 -21.795447 7.932979 -3.327559 -69.917049 -3.646576 16.607312 16.331441 -26.727824 -11.233645 -4.858712 -19.853493 7.605351 22.334740 -0.736621 1.925751 67.400053 4.566048 11.352401 -14.627030 18.230725 -14.697974 0.760689 12.093457 -1.702402 
365.675079 31.342791 96.228416 -93.581025 -0.227655 88.277681 3.230466 -0.421309 4.604853 -1.926760 -5.657190 -2.476308 1.690598 10.133347 -4.787608 nan nan nan -2.745541 -2.453038 4.717249 4.320708 -1.215775 -2.864154 6.683398 -2.928820 0.875578 nan nan nan -1.272137 1.943795 -0.159605 2.902574 -2.601369 9.675457 -1.076973 1.319840 0.758217 3.066532 3.542872 3.680247 -1.529464 -4.175672 -1.944649 -21.750787 7.952369 -3.370321 -69.992521 -3.733507 16.825956 15.622215 -26.330012 -11.333266 -5.717086 -19.484939 6.008132 22.159598 -0.823641 1.618122 67.639487 4.383770 11.692075 -14.833301 18.463762 -14.379495 0.853040 11.215997 -2.384899 
365.637634 31.387907 96.202896 -93.694463 -0.010413 88.327730 3.350728 0.121197 4.451828 -2.031232 -4.411148 -2.215202 1.364081 10.001190 -5.368020 nan nan nan -2.477524 -2.311884 4.704618 4.247180 -1.008730 -2.885808 6.759460 -3.015537 0.898671 nan nan nan -0.907032 1.967933 -0.268292 2.793254 -2.436567 9.664129 -1.100795 1.264718 0.960078 3.221823 3.722112 3.663521 -1.712409 -4.390560 -2.036521 -21.774831 7.926190 -3.409911 -70.071044 -3.752481 16.842597 15.570825 -26.112277 -11.880225 -7.453751 -19.295802 4.658816 22.108348 -0.852564 1.490503 67.659865 4.286981 11.701569 -14.934744 18.734314 -14.268767 1.210883 10.586887 -2.516343 
365.671997 31.350481 96.243187 -93.931755 -0.184825 88.600140 3.043046 -0.397942 4.289242 -1.530580 -5.099257 -2.396444 1.563847 10.019802 -4.741787 nan nan nan -2.963811 -3.652312 4.169630 4.430073 0.084575 -2.554282 6.887265 -2.512802 1.219809 nan nan nan -1.051421 2.292139 -0.421735 2.900034 -2.527476 9.744275 -1.141223 1.371640 0.707009 2.579460 2.920453 4.200420 -1.030673 -3.894032 -2.624801 -22.071891 7.764266 -3.168475 -69.891220 -3.820811 16.862827 15.886383 -26.192023 -13.207779 -9.218802 -18.342664 3.001260 22.102773 -0.954221 1.622136 67.640574 4.216626 11.810377 -15.343525 18.916743 -14.321289 2.021243 9.876218 -2.267814 
365.702545 31.417948 96.234459 -94.180493 -0.068875 88.831122 3.221461 0.191527 3.869372 -1.954922 -3.751637 -2.050705 1.404268 9.910952 -5.365815 nan nan nan -2.844299 -4.148958 3.695750 4.424116 0.417095 -2.194089 6.859302 -2.220600 1.245150 nan nan nan -0.897265 2.334666 -0.642304 2.797489 -2.368367 9.744704 -1.155431 1.437528 0.831104 2.927206 3.022016 4.142403 -1.199580 -4.234674 -2.658405 -22.087191 7.839449 -3.206685 -69.764101 -3.652524 17.052345 15.664757 -26.396351 -12.262641 -8.781102 -18.583724 4.498849 22.118155 -1.030473 1.503477 67.630825 4.220549 11.794329 -15.183809 18.891615 -14.086904 1.499846 10.065188 -2.300203 
365.654419 31.395512 96.225182 -94.062893 -0.106508 88.834558 3.185645 0.174139 3.890260 -2.012102 -3.859097 -2.073965 1.548508 9.872621 -5.424842 nan nan nan -2.951627 -4.340135 3.719859 4.469280 0.440979 -2.149887 6.810134 -2.193086 1.174205 nan nan nan -0.860726 2.280541 -0.741628 2.769284 -2.411523 10.010175 -1.230706 1.416452 0.745372 2.927251 3.033431 3.857963 -1.231020 -4.120076 -2.391584 -22.091697 7.918798 -3.102461 -69.753667 -3.689648 17.100410 15.571936 -26.508780 -11.848089 -8.295027 -18.636462 4.712575 22.044986 -1.186353 1.574118 67.671166 4.389209 11.784106 -15.116846 18.902010 -13.932935 1.077247 10.164141 -2.162237 
365.669708 31.468443 96.239624 -94.111550 -0.130639 88.792558 3.264237 0.220666 3.940415 -2.102851 -3.790037 -2.085516 1.554589 9.830284 -5.374504 nan nan nan -2.866589 -4.143136 3.744228 4.349868 0.443203 -2.119553 6.818741 -2.213826 1.075848 nan nan nan -0.996681 2.302270 -0.576239 2.806260 -2.371521 10.082648 -1.190424 1.401228 0.608950 3.001875 3.322506 3.542051 -1.366586 -4.060801 -2.108895 -22.007896 7.980350 -3.068133 -69.842378 -3.648913 17.172729 15.782456 -26.565606 -12.067868 -8.443422 -18.813941 4.083121 22.047246 -1.217761 1.646065 67.758324 4.392328 11.964230 -15.360094 19.021829 -13.903717 0.930599 10.087065 -2.366193 
365.624664 31.432079 96.221474 -93.946755 -0.238749 88.816472 3.170892 -0.388083 4.095399 -1.770492 -5.099582 -2.402579 1.788281 9.991831 -4.766834 nan nan nan -3.112431 -4.182305 3.804918 4.529625 0.396835 -2.195474 6.758366 -2.192191 1.071039 nan nan nan -1.095932 2.301800 -0.674745 2.865855 -2.540954 10.340395 -1.211106 1.341811 0.439810 2.568587 3.057770 3.545952 -0.998090 -3.554299 -2.168509 -22.076375 7.806337 -2.526647 -69.794879 -3.761391 16.969736 15.976495 -26.921918 -12.278507 -8.045261 -18.718788 3.102497 21.815636 -1.070346 1.902074 67.929412 4.431781 11.922861 -15.558480 19.247648 -13.875152 0.922209 10.058089 -2.803997 
365.579132 31.469250 96.157539 -94.046907 -0.029510 88.778732 3.321197 0.160915 4.076310 -1.942694 -3.997338 -2.241635 1.672760 10.008905 -5.331867 nan nan nan -2.865550 -4.103202 3.876695 4.544550 0.322640 -2.185841 6.713984 -2.056697 0.989989 nan nan nan -0.749933 2.306452 -0.816928 2.757883 -2.473741 10.796220 -1.255401 1.062030 0.374231 2.874207 3.423624 3.188713 -1.368386 -3.763752 -1.933652 -21.931944 7.808950 -2.175052 -70.072613 -3.852352 16.626414 16.447792 -27.238900 -12.863343 -8.260553 -18.473445 3.301087 21.542238 -0.667776 2.024448 68.211741 4.566272 12.065015 -15.681406 19.227378 -13.884003 0.960348 10.087371 -3.168870 
365.567383 31.501589 96.161476 -94.025758 -0.078535 88.799973 3.319008 -0.371051 4.210556 -1.609675 -5.206312 -2.517283 1.852527 10.230914 -4.724971 nan nan nan -2.872858 -4.005640 3.848636 4.548369 0.316803 -2.183965 6.646950 -2.228312 1.022312 nan nan nan -0.937543 2.360023 -0.797000 2.911519 -2.520606 10.885017 -1.123411 1.103840 0.288491 2.375104 3.096027 3.377798 -1.102385 -3.671314 -2.133603 -22.095977 7.470757 -2.004879 -69.936202 -3.728274 16.606842 16.416353 -27.374981 -12.901827 -7.617503 -18.502371 2.600654 21.269529 -0.474499 1.928137 68.432094 4.408900 12.125838 -15.824797 19.184452 -13.757148 0.669666 10.080384 -3.447470 
365.551575 31.498514 96.159004 -93.940927 0.036646 88.868992 3.422886 0.161729 3.939293 -1.919699 -3.928807 -2.192406 1.484137 9.838467 -5.297735 nan nan nan -2.754843 -4.170669 3.695311 4.566582 0.009652 -1.952163 6.733564 -1.855062 0.876225 nan nan nan -0.667042 2.293066 -0.953163 2.729495 -2.397546 11.080204 -1.199108 0.866125 0.326704 3.051256 3.560379 3.353630 -1.785604 -4.105544 -2.120398 -21.848135 7.922774 -2.897455 -70.271164 -3.417264 16.880671 16.578987 -27.075604 -12.385625 -6.228690 -19.160039 4.284497 21.364862 -0.532726 1.853189 68.306197 4.619202 12.272675 -15.503138 18.962622 -13.979612 -0.060526 10.658043 -3.463698 
365.546234 31.455011 96.185753 -93.652181 -0.127738 88.776810 3.267698 -0.417114 4.100092 -1.634814 -5.678911 -2.416308 1.646563 10.229854 -4.715194 nan nan nan -2.995045 -4.331244 3.807507 4.688364 0.097062 -1.948017 6.493374 -2.111418 0.827597 nan nan nan -0.832763 2.252842 -0.377659 2.829378 -2.739369 10.828545 -1.039473 1.015834 -0.049680 2.025696 2.776225 3.576716 -1.487542 -3.306307 -2.213650 -22.805813 6.897259 -0.857409 -69.268031 -3.390123 15.791430 17.957721 -28.864262 -11.940937 -5.696661 -18.956194 4.820876 20.901096 -0.451047 2.083836 68.535133 4.381843 11.161048 -15.498563 19.436797 -13.242582 0.225631 10.658932 -3.403148 
365.509674 31.493931 96.185020 -93.622584 0.039334 88.821025 3.265922 -0.064243 3.942848 -1.676156 -4.008550 -2.192121 1.424937 9.767969 -5.363497 nan nan nan -2.701649 -4.355183 3.668515 4.571657 -0.411869 -1.801919 6.414743 -1.726247 0.754309 nan nan nan -0.807828 2.349115 -0.628676 2.841279 -2.636241 11.068826 -1.016119 0.901108 0.041169 2.983777 3.580929 3.317063 -1.997134 -4.128035 -1.958396 -22.189085 7.687347 -2.999639 -70.291983 -3.087571 16.930703 17.087151 -26.794762 -12.534919 -6.578895 -20.060738 3.296782 21.240004 -0.651156 1.526375 68.213336 4.272821 12.222883 -15.602874 18.966593 -14.245088 0.633028 10.999447 -3.290044 
365.469971 31.534246 96.167442 -93.582071 -0.014035 88.878049 3.301665 -0.499010 4.071088 -1.450160 -5.250941 -2.512490 1.601800 10.053887 -4.910286 nan nan nan -2.680069 -4.202058 3.658736 4.459798 -0.077394 -1.933491 6.416254 -2.118318 0.769572 nan nan nan -0.880924 2.351656 -0.441364 2.876753 -2.723891 10.818212 -0.995287 0.832060 -0.032142 2.110555 3.049817 3.442874 -1.554308 -3.412527 -1.944470 -22.564227 7.345706 -1.689015 -69.818588 -3.494624 16.304632 17.106541 -27.439413 -13.085324 -6.843726 -19.182029 2.535877 21.135062 -0.635482 1.949428 68.254438 4.587836 11.752132 -15.480169 19.068813 -13.736359 1.236139 10.676738 -3.366813 
365.421051 31.578239 96.140419 -93.601152 0.136611 88.955656 3.471672 0.005075 3.896369 -1.693987 -4.158989 -2.340587 1.455396 9.794929 -5.409548 nan nan nan -2.434328 -4.118818 3.554084 4.335566 -0.215773 -1.850699 6.563738 -1.944027 0.675201 nan nan nan -0.712695 2.356896 -0.732420 2.861050 -2.617370 11.297517 -0.971259 0.817809 -0.315936 2.513979 3.250965 3.746566 -2.149086 -3.872612 -1.964578 -22.413952 7.645388 -2.360146 -70.186137 -3.574314 16.446256 16.760699 -26.626870 -13.086896 -7.308314 -18.814315 3.705815 21.088041 -0.784391 2.008974 68.259000 4.727533 11.885486 -15.502297 18.905999 -14.038464 1.129309 10.674334 -3.205654 
365.397552 31.624416 96.139656 -93.531314 0.000271 88.981710 3.412371 -0.520228 4.022710 -1.399483 -5.310300 -2.594492 1.567813 9.904758 -4.854053 nan nan nan -2.543227 -4.044119 3.528323 4.319351 -0.231449 -1.843780 6.473063 -2.051333 0.664457 nan nan nan -0.960680 2.363972 -0.543484 2.957148 -2.695942 11.182387 -0.974020 0.858338 -0.471678 2.307984 2.929059 3.973388 -1.934233 -3.601996 -2.143997 -22.450683 7.724621 -2.262200 -70.141841 -3.689752 16.450867 16.592592 -26.507062 -12.985059 -6.988235 -18.828500 3.443678 21.107164 -0.855818 2.233563 68.304072 4.843417 11.796595 -15.607038 18.953190 -13.996050 1.060222 10.572207 -3.018876 
365.363434 31.655161 96.111862 -93.460238 0.039267 88.999092 3.406853 -0.125726 3.928475 -1.562719 -4.747667 -2.464428 1.430962 10.087101 -5.234996 nan nan nan -2.486701 -4.132878 3.505521 4.349979 -0.067896 -1.758776 6.400918 -2.149743 0.524762 nan nan nan -0.676682 2.224904 -0.272371 2.725073 -2.743384 10.795895 -1.143583 0.708290 -0.290327 2.236672 3.037484 3.595193 -1.854788 -3.264543 -1.844984 -22.594710 7.472128 -1.146647 -69.775643 -3.884616 15.794229 16.999523 -27.372593 -13.280169 -6.479812 -18.748495 3.505055 21.214440 -0.578275 2.596136 68.298301 5.054872 11.296205 -15.409377 19.117648 -13.665127 0.945782 10.659383 -2.958854 
365.341797 31.674662 96.124550 -93.410830 0.023321 88.988058 3.400803 -0.015904 3.888466 -1.685224 -4.497561 -2.338400 1.412359 10.068045 -5.452565 nan nan nan -2.491921 -4.249736 3.522564 4.390290 0.044735 -1.685710 6.316729 -2.246107 0.440185 nan nan nan -0.593103 2.177870 -0.094825 2.584784 -2.717543 10.535851 -1.192311 0.582826 -0.077342 2.290119 3.193040 3.300722 -1.817177 -3.164864 -1.643357 -22.583051 7.533181 -0.642393 -69.609615 -4.089511 15.633297 16.996639 -27.806222 -12.921755 -5.856377 -18.838449 3.671141 21.289234 -0.479476 2.619448 68.248929 5.195205 11.193494 -15.169732 19.019100 -13.464218 0.617158 10.874626 -3.170456 
365.316772 31.726206 96.141975 -93.443238 -0.017017 89.038301 3.462648 -0.024805 3.874894 -1.819503 -4.522083 -2.340768 1.371436 10.072461 -5.508889 nan nan nan -2.450239 -4.299331 3.475784 4.405641 -0.084855 -1.612853 5.968958 -2.294494 0.414812 nan nan nan -0.752577 2.178575 -0.103622 2.605473 -2.601212 10.493963 -1.095030 0.562318 0.101329 2.433782 3.236081 2.977595 -1.828345 -3.264208 -1.630770 -22.577906 7.549241 -0.719573 -69.551315 -3.941161 15.748275 17.188784 -28.141109 -12.070613 -4.917454 -19.215792 4.596717 21.232217 -0.534900 2.372488 68.262798 5.137889 11.244551 -14.969244 18.996099 -13.333033 0.196511 11.046070 -3.347942 
365.274292 31.757568 96.155701 -93.415368 -0.035817 89.124728 3.451301 -0.033391 3.832150 -1.800420 -4.588412 -2.367551 1.415977 10.014574 -5.571729 nan nan nan -2.441783 -4.225757 3.457357 4.357268 0.009305 -1.679168 6.164854 -2.421975 0.435141 nan nan nan -0.807150 2.175134 -0.306371 2.610622 -2.569037 10.725653 -1.031353 0.555441 0.184165 2.626615 3.202151 2.592691 -1.707151 -3.474198 -1.639551 -22.667934 7.497051 -0.832540 -69.439953 -3.821109 15.649243 17.899399 -28.606425 -11.506753 -6.421699 -18.131066 7.080193 21.190634 -0.583095 2.326136 68.278606 5.173584 11.141934 -15.070292 19.157262 -13.362510 0.852228 10.630585 -2.916205 
365.225220 31.784744 96.177940 -93.364175 -0.050977 89.119307 3.402734 -0.053543 3.905768 -1.686556 -4.707776 -2.448335 1.385612 10.067278 -5.539279 nan nan nan -2.462697 -4.241719 3.503996 4.420184 -0.013356 -1.674658 6.207541 -2.481345 0.380541 nan nan nan -0.794277 2.169893 -0.153365 2.591895 -2.620001 10.395452 -1.130943 0.717123 0.523399 2.268984 3.427638 2.415797 -1.310316 -3.452617 -1.655882 -22.508952 7.524129 -1.067956 -69.519211 -4.136483 15.913487 16.930500 -27.755993 -12.268333 -8.076963 -18.146923 4.130279 21.432365 -0.707910 2.053851 68.118432 4.976654 11.282051 -15.185769 19.283369 -13.507036 1.450431 10.207101 -2.768639 
365.172852 31.815641 96.188316 -93.343624 -0.048879 89.155837 3.391950 0.006232 3.899333 -1.605271 -4.730423 -2.448619 1.332166 10.109257 -5.569324 nan nan nan -2.446747 -4.422378 3.450657 4.506468 -0.166016 -1.520598 6.069903 -2.301392 0.204866 nan nan nan -0.728341 2.081937 -0.016296 2.553424 -2.603617 10.159922 -1.145530 0.869673 0.524400 2.364509 3.101945 2.720382 -1.301975 -3.420937 -1.885463 -22.472272 7.596870 -1.062176 -69.605007 -4.256640 15.892734 16.871795 -27.438512 -12.567860 -6.459556 -18.831653 3.365304 21.420387 -0.773426 2.105142 68.133284 4.890294 11.187763 -15.104281 19.250410 -13.327261 0.839338 10.501220 -2.952182 
365.118622 31.852198 96.188004 -93.338095 -0.068091 89.246182 3.388484 -0.007912 3.845190 -1.619578 -4.620059 -2.445419 1.380450 10.096312 -5.602783 nan nan nan -2.490563 -4.436883 3.359609 4.533742 -0.137296 -1.452855 6.157198 -2.151118 0.132760 nan nan nan -0.698698 2.003305 -0.128493 2.510009 -2.616503 10.336518 -1.216634 0.917969 0.457829 2.256297 3.218129 2.914144 -1.198927 -3.453125 -2.128141 -22.325925 7.749357 -1.354362 -69.689432 -4.190681 16.002039 16.775553 -27.334175 -12.605535 -6.074454 -18.756245 3.731453 21.465214 -0.787950 2.168729 68.155312 5.008024 11.362145 -15.154543 19.155576 -13.307726 0.703015 10.592140 -2.915054 
365.080139 31.888451 96.173378 -93.292497 -0.095336 89.287140 3.448671 -0.164103 3.852813 -1.741047 -4.512794 -2.483270 1.469339 10.030887 -5.605364 nan nan nan -2.553611 -4.351589 3.350427 4.577988 -0.114843 -1.417662 6.236466 -2.201826 0.131655 nan nan nan -0.727215 2.009809 -0.271636 2.513778 -2.669585 10.771702 -1.240727 0.761431 0.241436 2.308747 3.439043 2.855680 -1.217674 -3.562529 -2.127674 -22.111677 7.808326 -1.587637 -69.863053 -3.991456 16.125142 16.769815 -27.375444 -12.716082 -6.892668 -18.502700 4.044115 21.349098 -0.568357 2.342516 68.355384 5.147107 11.743336 -15.498682 19.016322 -13.463327 1.067845 10.511072 -3.054692 
365.053314 31.933468 96.165024 -93.254034 -0.108619 89.327825 3.526989 -0.239070 3.844199 -1.859639 -4.417119 -2.523460 1.495147 9.991373 -5.523243 nan nan nan -2.527815 -4.238521 3.321454 4.586694 -0.085016 -1.387337 6.320457 -2.326787 -0.005899 nan nan nan -0.717071 2.055642 -0.192169 2.484713 -2.742713 10.846884 -1.240101 0.644247 0.081463 2.302864 3.501007 2.720712 -1.238675 -3.445973 -2.020482 -22.155606 7.676525 -1.382408 -69.722145 -3.816471 16.092984 16.878757 -27.673459 -12.668911 -8.393675 -18.326997 3.695980 21.279202 -0.378576 2.413371 68.454792 5.070608 11.907553 -15.671637 19.018061 -13.518953 1.725406 10.337353 -3.172742 
365.027283 32.014038 96.160278 -93.230646 -0.197947 89.374471 3.619157 -0.626461 3.972377 -1.697121 -5.710773 -2.803007 1.575655 10.110418 -4.998143 nan nan nan -2.520603 -4.227410 3.230369 4.579397 -0.111371 -1.273763 6.274325 -2.412938 -0.256975 nan nan nan -0.854778 1.966098 0.056750 2.472219 -2.826688 10.521121 -1.239555 0.794826 0.179183 1.964458 3.393214 2.656669 -0.924954 -3.122424 -2.081330 -22.213069 7.595575 -1.386577 -69.456933 -3.551935 16.109843 16.813463 -28.034816 -12.110979 -6.385329 -18.961601 3.124476 21.332718 -0.368689 2.375667 68.417541 5.077399 11.867999 -15.414854 18.957567 -13.270571 1.109664 10.605466 -3.550473 
364.995361 32.082901 96.132637 -93.249514 -0.130944 89.470663 3.714179 -0.236207 3.790732 -1.906730 -4.764016 -2.640439 1.296107 9.935623 -5.310861 nan nan nan -2.453528 -4.227856 3.123305 4.640354 -0.216274 -1.220418 6.345496 -2.257534 -0.302030 nan nan nan -0.685285 1.818853 0.007699 2.387018 -2.801007 10.622913 -1.360108 0.905182 0.162066 2.234127 3.652344 2.601165 -1.174384 -3.474531 -2.075933 -22.050022 7.758679 -1.671564 -69.553329 -3.582979 16.120653 16.700198 -27.909483 -12.208277 -6.265384 -18.882782 3.554578 21.435286 -0.392539 2.360165 68.387133 5.189938 11.888946 -15.350760 18.828698 -13.402675 0.969271 10.673331 -3.275850 
364.942780 32.120934 96.138161 -93.185667 -0.098578 89.445226 3.813357 -0.033951 3.791970 -2.025549 -4.298705 -2.543219 1.142171 9.636044 -5.399453 nan nan nan -2.413504 -4.380445 3.174330 4.630182 -0.377046 -1.161405 6.206514 -2.130132 -0.172625 nan nan nan -0.579004 1.826033 0.097634 2.319258 -2.743105 10.653293 -1.355094 0.789162 0.180393 2.500511 3.812695 2.740499 -1.428260 -3.760981 -2.298747 -22.061154 7.663716 -1.798018 -69.607990 -3.463679 16.125315 17.090811 -28.015872 -12.168358 -5.720322 -19.023643 4.833378 21.423793 -0.283348 2.245343 68.385584 5.070921 11.874142 -15.303695 18.770150 -13.472975 0.839050 10.854278 -3.209731 
364.906830 32.149887 96.154579 -93.101137 -0.105020 89.476217 3.881599 0.049869 3.721045 -2.121143 -4.096725 -2.439508 1.166627 9.325205 -5.464872 nan nan nan -2.363213 -4.434701 3.133679 4.545408 -0.411515 -1.087765 6.253307 -2.204173 -0.173202 nan nan nan -0.541024 1.861341 0.238788 2.248462 -2.738793 10.603219 -1.277470 0.667568 0.094137 2.607752 3.897815 2.936438 -1.603086 -3.851315 -2.506565 -22.167139 7.489650 -1.906009 -69.551869 -3.007529 16.094803 18.019876 -28.588594 -11.833516 -6.466054 -18.409804 6.889313 21.316660 -0.180648 2.222763 68.493084 4.864559 11.940064 -15.413473 18.853479 -13.422536 1.210312 10.752470 -3.243440 
364.871582 32.182560 96.152847 -93.017335 -0.109700 89.599804 3.893446 -0.048219 3.597227 -2.145868 -4.131828 -2.445940 1.254587 9.394957 -5.433374 nan nan nan -2.335546 -4.197776 3.035494 4.529267 -0.383888 -1.132978 6.453755 -2.377656 -0.238364 nan nan nan -0.562839 1.856586 0.302022 2.258116 -2.758975 10.276430 -1.204308 0.709317 0.298544 2.350027 3.755204 3.079089 -1.359344 -3.677427 -2.702941 -22.238783 7.257876 -1.918944 -69.515336 -3.091135 16.268798 17.289977 -28.000034 -12.210074 -5.790967 -19.332698 4.234889 21.200731 -0.137933 2.063035 68.534638 4.587351 11.935108 -15.306644 18.953705 -13.244174 0.871407 10.895762 -3.723144 
364.841309 32.241909 96.148575 -92.976300 -0.116512 89.699088 3.824182 -0.099469 3.509310 -1.986511 -4.210826 -2.454578 1.223367 9.453436 -5.462140 nan nan nan -2.240423 -4.126635 2.940509 4.507205 -0.482093 -1.050686 6.228220 -2.429730 -0.409243 nan nan nan -0.624352 1.892221 0.335771 2.303669 -2.730774 10.180046 -1.140661 0.698989 0.345255 2.173338 3.645495 3.143277 -1.257457 -3.600182 -2.783650 -22.253897 7.219117 -1.906087 -69.455559 -3.358411 16.399407 16.646327 -27.565303 -12.189815 -6.730887 -19.124949 3.419353 21.160833 -0.241448 1.956943 68.525663 4.484082 11.928925 -15.328881 19.040894 -13.255477 1.255726 10.708081 -3.709918 
364.821259 32.304790 96.169510 -92.974471 -0.160237 89.795479 4.011894 -0.027009 3.395480 -2.341909 -4.325587 -2.371232 1.167189 9.452628 -5.520866 nan nan nan -2.271443 -4.282754 2.806971 4.474748 -0.218845 -0.956356 6.245574 -2.374723 -0.343854 nan nan nan -0.704832 1.951896 0.530276 2.289700 -2.623171 9.802900 -1.046289 0.668159 0.523396 2.227177 3.572559 3.154407 -1.363450 -3.582130 -2.945628 -22.285321 7.175177 -1.966026 -69.332053 -3.196979 16.530276 16.655666 -27.864422 -11.339192 -4.719309 -19.725070 4.406970 21.205989 -0.409513 1.664624 68.382269 4.253738 11.801149 -14.964299 19.094184 -12.938260 0.379843 11.012980 -3.804787 
364.771545 32.367805 96.181183 -92.972103 -0.186155 89.936057 4.085339 0.094876 3.255406 -2.450141 -4.356786 -2.287895 1.141366 9.415034 -5.618336 nan nan nan -2.292000 -4.654828 2.495408 4.552565 -0.204388 -0.526727 6.043090 -2.222191 -0.547320 nan nan nan -0.652694 1.942947 0.615253 2.220344 -2.600179 9.542122 -1.109113 0.660485 0.655965 2.372727 3.598615 3.090784 -1.518067 -3.699440 -3.040275 -22.268356 7.292681 -2.109504 -69.222449 -3.028406 16.525354 16.978995 -28.415821 -10.859300 -4.533890 -19.217181 6.082811 21.348959 -0.553113 1.557858 68.300452 4.186614 11.804160 -14.850671 19.116654 -12.777275 0.405220 10.854056 -3.470925 
364.704437 32.444515 96.169800 -92.978088 -0.188679 89.975897 4.072961 0.152924 3.286295 -2.315821 -4.421990 -2.343659 1.092860 9.432830 -5.618224 nan nan nan -2.176678 -4.370142 2.453674 4.426889 -0.136509 -0.481393 6.063966 -2.498111 -0.651189 nan nan nan -0.636707 1.874456 0.701151 2.213737 -2.686756 9.484146 -1.188833 0.617125 0.733210 2.239089 3.755465 2.929848 -1.370698 -3.560327 -3.011343 -22.273554 7.268442 -2.013399 -69.047621 -3.124380 16.575844 16.419242 -28.156985 -11.138585 -6.217675 -19.216291 4.167225 21.439620 -0.421544 1.699393 68.325631 4.344648 11.976486 -15.046065 19.033981 -12.735216 0.711425 10.477518 -3.553241 
364.604736 32.524517 96.148193 -92.941282 -0.242779 89.956906 3.864479 0.170738 3.410997 -1.939444 -4.539890 -2.415803 1.052866 9.520148 -5.690566 nan nan nan -2.085390 -3.996375 2.522089 4.277623 -0.221293 -0.439372 6.114013 -2.773925 -0.855485 nan nan nan -0.709784 1.777306 0.755238 2.195562 -2.698757 9.500624 -1.204188 0.580984 0.657833 2.149720 3.894775 2.927202 -1.223554 -3.454867 -2.756373 -22.234202 7.136394 -1.655085 -68.872129 -3.119933 16.535455 16.249597 -28.328384 -10.838677 -5.685388 -19.547963 3.566131 21.425922 -0.184519 1.993200 68.410631 4.381388 12.003582 -15.054386 18.970142 -12.747122 -0.093563 10.673375 -3.924225 
364.528503 32.585751 96.138588 -92.898389 -0.386767 89.917994 3.876175 0.255945 3.551388 -2.156140 -4.900489 -2.509390 1.091976 9.587559 -5.717245 nan nan nan -2.153712 -4.003154 2.463073 4.383950 -0.414990 -0.186748 5.801875 -2.933412 -1.315625 nan nan nan -0.950551 1.731613 0.889385 2.249498 -2.643632 9.478808 -1.153429 0.610205 0.602338 2.173340 3.851640 2.805154 -1.245989 -3.470715 -2.474729 -22.244212 7.277050 -1.465031 -68.617675 -3.396307 16.583889 15.748412 -28.461188 -10.183905 -5.980443 -19.282450 3.894758 21.502202 -0.209089 2.124047 68.337404 4.395737 11.953696 -15.070278 18.953655 -12.833910 -0.012534 10.550738 -3.878464 
364.476074 32.619816 96.178329 -92.827494 -0.364401 89.855145 3.652155 0.116694 3.717523 -1.605243 -5.060835 -2.630142 1.017120 9.616848 -5.731163 nan nan nan -2.195142 -4.295480 2.536791 4.443605 0.130484 -0.140241 6.004978 -2.800561 -1.440803 nan nan nan -0.854030 1.782928 1.082927 2.293079 -2.748895 9.556291 -1.208508 0.594657 0.519054 1.965261 3.816228 2.689271 -1.235798 -3.320667 -2.473724 -22.328067 7.303481 -1.505298 -68.399119 -3.592607 16.655527 15.354955 -28.451526 -9.933252 -6.168302 -19.075746 3.803137 21.577362 -0.242550 2.177330 68.213843 4.484379 11.973310 -15.055543 18.920110 -12.954802 0.053984 10.522900 -3.779049 
364.398773 32.670578 96.181107 -92.691619 -0.356021 89.829233 3.957842 0.151857 3.739390 -2.054163 -5.292895 -2.581872 1.027664 9.692422 -5.745337 nan nan nan -2.137715 -4.086393 2.624249 4.479746 0.116834 -0.150066 5.980681 -2.919052 -1.618180 nan nan nan -0.819932 1.761968 1.142764 2.329013 -2.847484 9.682960 -1.200654 0.535103 0.487471 1.859283 3.808114 2.596301 -1.419416 -3.144773 -2.351179 -22.349522 7.190282 -1.434399 -68.330879 -3.764022 16.619261 15.252007 -28.462929 -10.041072 -6.119207 -18.871556 3.342311 21.523581 -0.230860 2.114472 68.247009 4.509983 11.966973 -15.075582 18.798229 -12.922854 -0.223658 10.486429 -3.793750 
364.270050 32.805809 96.162346 -92.495687 -0.290925 89.669252 4.051547 0.260652 4.003334 -1.864610 -5.473745 -2.695688 0.763475 9.709961 -5.834711 nan nan nan -1.797476 -2.996955 2.891382 4.311855 -0.786532 -0.163589 5.963468 -3.506507 -1.904063 nan nan nan -0.931278 1.578650 1.231088 2.425586 -2.783659 9.785383 -1.112307 0.544231 0.619709 1.848462 4.040763 2.686126 -1.599382 -3.346386 -2.448791 -22.185270 7.256354 -1.676546 -68.308882 -3.946257 16.814461 14.731533 -28.262068 -9.355461 -6.182053 -19.196771 3.245772 21.571984 -0.236154 1.838371 68.210872 4.443172 12.089090 -14.982333 18.502109 -12.929363 -0.673396 10.779682 -3.986281 
364.207794 32.862869 96.161911 -92.603593 -0.290860 89.704443 4.267071 0.397339 4.016480 -2.195754 -5.388620 -2.674619 0.761513 9.637585 -5.836331 nan nan nan -1.841138 -3.031856 2.690622 4.336652 -0.702563 0.209511 6.079954 -3.466300 -1.878050 nan nan nan -0.853724 1.563934 1.061358 2.402823 -2.656224 10.156598 -1.140643 0.617074 0.591837 1.793052 4.185163 2.877237 -1.689000 -3.626736 -2.771968 -22.122271 7.093067 -2.328539 -68.168314 -3.675092 17.390306 14.305763 -27.995658 -8.483959 -6.189079 -19.702003 3.442620 21.553945 -0.198759 1.382725 68.255435 4.207538 12.374870 -14.965260 18.203424 -12.970034 -1.053300 11.073346 -4.449071 
364.159668 32.946766 96.160515 -92.636219 -0.274893 89.764701 4.187521 0.323102 3.996421 -1.946508 -5.390759 -2.642945 0.748408 9.735879 -5.960386 nan nan nan -1.803026 -2.852469 2.518757 4.324976 -0.606024 0.526501 6.171209 -3.472676 -1.962852 nan nan nan -0.791673 1.551445 0.983442 2.387530 -2.652541 10.384770 -1.159468 0.675517 0.594502 1.591765 4.175174 2.898389 -1.513807 -3.625244 -3.041867 -22.113077 6.694734 -2.525764 -67.978994 -3.419323 17.673132 14.310911 -28.121679 -7.824430 -5.643616 -19.795022 3.480181 21.559069 -0.089933 1.059839 68.265441 3.994664 12.426780 -14.958549 18.044844 -12.937143 -1.114760 11.220388 -4.637804 
364.119232 33.057575 96.161415 -92.714052 -0.291882 89.839362 4.512778 0.312823 3.922716 -2.484012 -5.672520 -2.546179 0.838806 9.987060 -5.988018 nan nan nan -1.776886 -2.656283 2.328250 4.384604 -0.540949 0.811992 6.036839 -3.564649 -2.073251 nan nan nan -0.924819 1.655390 0.898886 2.499225 -2.670086 10.800748 -1.030722 0.700618 0.139846 1.522319 3.886983 3.214519 -1.517454 -3.265869 -3.245183 -22.333737 6.250101 -1.909496 -67.724563 -3.578691 17.329910 14.457326 -28.433522 -7.311252 -5.782570 -19.029501 4.550947 21.470013 0.055658 1.392298 68.194281 4.048071 11.929981 -14.896143 18.043711 -12.740446 -0.811743 11.070344 -4.363569 
364.049744 33.159454 96.155640 -92.802095 -0.279515 89.892375 4.618781 0.349038 3.920100 -2.540686 -5.647593 -2.498837 0.829818 9.996651 -6.032107 nan nan nan -1.687070 -2.553727 2.167170 4.356344 -0.551853 1.113800 6.052021 -3.508114 -2.246546 nan nan nan -0.884826 1.605890 0.855342 2.505083 -2.683387 11.097012 -1.087474 0.675284 -0.118751 1.411462 4.258844 3.337870 -1.355463 -3.231207 -3.252761 -22.330457 6.228973 -1.845256 -67.637877 -3.618130 17.284525 14.525889 -28.517168 -6.918311 -6.626625 -18.377841 6.023567 21.560042 0.217117 1.753104 68.145893 4.313282 11.892170 -14.971830 17.862501 -12.911824 -0.474488 11.061956 -4.077145 
363.972229 33.241520 96.151077 -92.857081 -0.277155 89.851681 4.617787 0.431375 3.988025 -2.433255 -5.572373 -2.417175 0.843037 9.944438 -6.122837 nan nan nan -1.591955 -2.575183 2.135486 4.265872 -0.466328 1.351898 6.032214 -3.469682 -2.371431 nan nan nan -0.796273 1.489415 0.875387 2.510409 -2.766481 11.523264 -1.208629 0.695273 -0.437231 1.475174 4.440131 3.373924 -1.438735 -3.334087 -3.185898 -22.248896 6.376510 -1.809572 -67.576180 -3.852516 17.213958 14.392761 -28.493329 -6.663248 -7.429007 -18.109058 6.719672 21.543478 0.326278 2.032033 68.289615 4.631429 11.977917 -15.158924 17.597401 -13.074655 -0.288010 11.059782 -4.091331 
363.907928 33.324677 96.157219 -92.992046 -0.336787 89.848856 4.495255 0.464111 4.038265 -2.252156 -5.402440 -2.360615 0.721943 9.906371 -6.255824 nan nan nan -1.608156 -2.626553 2.079877 4.238439 -0.356000 1.531904 6.068662 -3.361603 -2.446029 nan nan nan -0.800149 1.512620 0.809136 2.523149 -2.769925 12.098400 -1.333611 0.771200 -0.802523 1.470960 4.639720 3.278031 -1.396407 -3.610702 -2.940400 -22.128071 6.480431 -2.085598 -67.563571 -4.086249 17.411698 14.180105 -28.191346 -6.503539 -8.126135 -18.295113 6.834041 21.694441 0.260429 1.922869 68.249047 4.704217 12.127810 -15.238377 17.365014 -13.327227 -0.126719 11.095483 -3.952311 
363.835541 33.428707 96.144104 -93.124741 -0.342424 89.890280 4.524554 0.557271 4.062106 -2.205277 -5.407725 -2.350316 0.639546 9.933277 -6.337577 nan nan nan -1.583727 -2.641691 1.917811 4.303555 -0.284430 1.820117 6.063435 -3.293841 -2.629762 nan nan nan -0.802685 1.514196 0.875519 2.533140 -2.715258 12.063564 -1.316126 0.822259 -0.860857 1.424163 4.781441 3.325408 -1.444342 -3.464114 -3.003543 -22.075723 6.454077 -2.118307 -67.578971 -4.261538 17.466051 14.036872 -28.026207 -6.614112 -8.108137 -18.157875 6.702345 21.708134 0.221255 1.949515 68.229094 4.726195 12.114202 -15.206925 17.271609 -13.223946 -0.105575 11.013546 -3.797139 
363.738434 33.545525 96.147736 -93.218833 -0.336524 89.907450 4.638905 0.679543 4.112555 -2.318152 -5.483540 -2.299016 0.632008 9.958774 -6.417009 nan nan nan -1.563934 -2.697601 1.759300 4.390671 -0.279979 2.202805 6.040088 -3.182885 -2.878829 nan nan nan -0.881812 1.440001 0.969495 2.585294 -2.678872 11.861026 -1.251315 0.899445 -0.771614 1.380260 4.847763 3.503855 -1.446809 -3.330693 -3.127992 -22.067369 6.426795 -2.170503 -67.704472 -4.416246 17.489442 14.132229 -27.795326 -7.320718 -8.034314 -17.544392 6.378191 21.839314 0.297828 2.022701 68.067113 4.709858 12.186596 -15.255570 17.139487 -13.296787 -0.061999 10.894913 -3.695011 
363.606964 33.578068 96.153275 -93.120419 -0.434094 89.850877 4.447049 0.276778 4.315688 -2.219523 -5.349278 -2.362296 0.782964 10.067115 -6.540479 nan nan nan -1.787798 -2.931382 1.831390 4.573497 -0.433425 2.396429 6.193134 -3.016843 -2.975443 nan nan nan -0.889584 1.453547 0.887329 2.534362 -2.732771 12.024290 -1.363895 0.687438 -0.655973 1.720572 5.163542 3.575012 -1.526763 -3.330576 -3.142557 -21.633037 6.939918 -3.511646 -68.237287 -4.209211 18.230870 13.858893 -26.967719 -7.401048 -8.369818 -17.621015 6.304540 22.121487 0.357720 1.980751 67.900091 4.862695 12.881068 -15.389700 16.738392 -13.963164 -0.003588 10.891513 -3.553358 
363.477509 33.652512 96.149826 -93.188008 -0.468712 89.767598 4.330842 0.263563 4.493837 -2.005871 -5.495733 -2.323046 0.742146 10.308480 -6.637956 nan nan nan -1.797174 -3.087813 2.002284 4.606036 -0.173187 2.387397 6.107552 -3.169805 -2.961242 nan nan nan -0.840800 1.550663 0.975735 2.510083 -2.784997 12.147255 -1.291780 0.591565 -0.636482 1.312075 5.008985 3.542122 -1.352168 -2.975040 -3.180544 -22.012076 6.239392 -2.583917 -67.723298 -4.238429 17.814467 14.083233 -27.710970 -7.004494 -7.928236 -17.928813 6.604274 22.056932 0.641516 2.064735 67.872826 4.738965 12.376336 -15.366521 16.856332 -13.789411 -0.146829 11.023550 -3.552065 
363.360046 33.791721 96.142700 -93.336636 -0.502045 89.687396 4.311218 0.496085 4.622378 -1.883803 -5.453699 -2.188877 0.617738 10.286869 -6.792406 nan nan nan -1.704626 -3.041622 2.123429 4.520541 0.194653 2.416533 5.903297 -3.319475 -3.064007 nan nan nan -0.982415 1.602522 1.074514 2.615729 -2.677646 12.305381 -1.139062 0.733362 -0.811755 1.065977 4.785498 3.693018 -1.316371 -3.057516 -3.090951 -22.302534 5.929339 -2.096655 -67.371320 -4.526264 17.871675 13.892204 -27.687934 -6.139095 -7.302894 -18.137383 7.457452 21.858516 0.425843 1.718880 68.005948 4.413784 12.221288 -15.321554 16.792563 -13.565261 -0.425788 11.365292 -3.889071 
363.251404 33.948559 96.125999 -93.527807 -0.533827 89.676033 4.332517 0.662077 4.679566 -1.856531 -5.034115 -2.034652 0.542016 10.015870 -6.934932 nan nan nan -1.558909 -2.641751 2.091066 4.339880 0.111224 2.594524 5.917518 -3.223297 -3.346923 nan nan nan -1.127480 1.556510 0.952201 2.680422 -2.572788 12.733842 -1.275598 0.703130 -1.041361 1.738546 5.199963 3.860291 -1.692242 -3.388983 -3.162308 -21.773213 6.757963 -3.520532 -67.952426 -4.470499 18.732031 13.526712 -26.689812 -6.034709 -7.556106 -17.883260 7.997195 22.190422 0.178584 1.627995 67.912540 4.595617 13.163371 -15.488122 16.416198 -14.030073 -0.472996 11.321485 -4.078139 
363.104919 34.089737 96.091400 -93.586727 -0.493882 89.547144 4.399365 0.643597 4.893313 -1.764843 -5.415250 -1.956155 0.534462 10.402020 -7.111675 nan nan nan -1.366864 -2.267997 2.288208 4.325368 0.039293 2.675616 5.758817 -3.548032 -3.572046 nan nan nan -1.049413 1.439637 1.270277 2.692776 -2.662534 12.502192 -1.242620 0.826626 -0.872033 1.323189 5.187365 3.713629 -1.684492 -3.087068 -3.314461 -21.938186 6.327696 -2.701361 -67.787720 -4.701540 17.987132 14.061757 -27.331816 -7.143103 -7.645430 -17.526156 6.708708 22.046820 0.309821 1.869980 68.034240 4.548692 12.607698 -15.558790 16.825612 -13.643487 -0.239642 10.853846 -4.047420 
362.968750 34.169601 96.071396 -93.746939 -0.484098 89.508478 4.336570 0.517829 4.963756 -1.700063 -5.458709 -1.796465 0.846220 10.783490 -7.238656 nan nan nan -1.371499 -2.371615 2.307350 4.461139 0.072293 2.870049 5.722118 -3.564100 -3.662032 nan nan nan -0.918394 1.426458 1.476171 2.657850 -2.743847 12.297569 -1.293276 0.899155 -0.897565 1.054889 5.151636 4.099506 -1.716876 -2.896377 -3.415439 -21.969912 6.231702 -2.348258 -67.776672 -4.737649 17.666363 14.368115 -27.665873 -7.720427 -7.815084 -17.339210 6.100122 21.986603 0.415394 2.099662 68.067676 4.461969 12.373947 -15.629600 16.980583 -13.582923 0.043595 10.644157 -4.246046 
362.782196 34.253532 96.048538 -93.817454 -0.405451 89.453464 4.513405 0.466782 5.100212 -1.750181 -5.338657 -1.666860 0.712757 10.723819 -7.442206 nan nan nan -1.264828 -2.468751 2.479144 4.507352 0.192416 2.910517 5.755487 -3.612406 -3.737296 nan nan nan -0.695960 1.413287 1.644924 2.569997 -2.820917 11.854007 -1.353779 0.838433 -0.676563 1.307581 5.195252 4.136569 -1.701413 -2.751351 -3.224778 -21.867073 6.181404 -2.279877 -67.894896 -4.587426 17.600910 14.611863 -27.727045 -7.838044 -7.764344 -17.238904 6.189084 21.986625 0.476008 2.004934 68.046694 4.243087 12.362206 -15.539200 16.941484 -13.482893 0.094840 10.561141 -4.244166 
362.643036 34.373814 96.009384 -93.843534 -0.483219 89.618170 4.465772 0.258124 4.908807 -1.793102 -5.234003 -1.451242 0.787974 10.909129 -7.582813 nan nan nan -1.242929 -2.164032 2.380517 4.466637 0.133476 2.984998 5.616550 -3.741681 -3.865754 nan nan nan -0.818022 1.333363 1.377759 2.550492 -2.876384 11.915696 -1.351723 0.703773 -0.692767 1.318707 5.427277 3.906487 -1.510553 -2.395127 -2.686801 -21.695729 5.904818 -2.266115 -68.121128 -4.232320 17.606881 15.238602 -27.720258 -8.428633 -7.815087 -17.239945 5.969636 21.970880 0.437426 1.506519 68.086260 4.002561 12.748795 -15.352907 16.610625 -13.322918 0.277150 10.552011 -4.262021 
362.503235 34.513538 95.965446 -93.973112 -0.508213 89.786629 4.462875 0.347437 4.658917 -1.741826 -5.309738 -1.105816 0.760014 11.051566 -7.802829 nan nan nan -1.164186 -1.994616 2.249386 4.405160 0.100298 3.109519 5.560870 -3.625192 -4.028877 nan nan nan -0.922949 1.297376 1.059728 2.593664 -2.852679 12.066566 -1.238035 0.760841 -0.597511 1.159934 5.464402 4.002459 -1.673564 -2.301912 -2.888509 -21.713161 5.731063 -2.300155 -68.247446 -4.268702 17.454381 15.368253 -27.713712 -9.091111 -7.747311 -16.680076 6.333544 22.002870 0.554087 1.967202 67.989432 4.105852 12.498554 -15.489277 16.995847 -13.427381 0.287724 10.434767 -4.214083 
362.354034 34.626846 95.944878 -94.140370 -0.520243 89.827716 4.595783 0.398263 4.594185 -1.922700 -5.409949 -0.812462 0.797113 11.206664 -7.997337 nan nan nan -1.178500 -2.157248 2.283272 4.515345 0.226111 3.191677 5.559160 -3.485660 -4.122207 nan nan nan -0.901924 1.392502 0.986962 2.605237 -2.799072 12.027875 -1.141180 0.738234 -0.482447 0.994964 5.430647 3.922551 -1.872091 -2.127837 -2.819111 -21.887387 5.709606 -2.297326 -68.222091 -4.534458 17.278744 15.316218 -27.631866 -9.526742 -7.884193 -16.428830 6.714213 21.975539 0.395758 2.146685 67.845234 4.192540 12.165015 -15.349837 17.252091 -13.232085 0.437880 10.337841 -3.923815 
362.199493 34.717793 95.932137 -94.214945 -0.582341 89.818563 4.698771 0.513175 4.553983 -2.157878 -5.396039 -0.516046 0.790686 11.210643 -8.142488 nan nan nan -1.296374 -2.367534 2.401238 4.656373 0.323339 3.210576 5.562178 -3.414558 -4.123407 nan nan nan -0.873705 1.406133 0.934447 2.594720 -2.822749 12.159658 -1.155206 0.774706 -0.532547 0.945155 5.501708 3.778571 -1.900687 -2.190158 -2.554995 -22.018974 5.674650 -2.290360 -68.068276 -4.664726 17.209913 15.258911 -27.575878 -9.359781 -8.143233 -17.062683 6.672719 21.991257 0.223781 2.111108 67.737607 4.162563 11.856019 -15.182165 17.355412 -13.124391 0.488846 10.481577 -3.734568 
362.079956 34.826912 95.933968 -94.220980 -0.620462 89.893291 4.700761 0.752735 4.260508 -2.161194 -5.404212 0.019373 0.667814 11.040144 -8.361902 nan nan nan -1.292264 -2.343236 2.403548 4.686124 0.344477 3.222213 5.577023 -3.283722 -4.138391 nan nan nan -0.851708 1.229803 0.912152 2.615903 -2.904239 12.221482 -1.282870 0.909362 -0.641587 0.862431 5.662233 3.680198 -1.769005 -2.284390 -2.309208 -22.119961 5.740204 -2.370600 -67.836980 -4.545995 17.364920 15.284610 -27.765054 -9.129148 -7.916108 -17.157055 6.488079 22.189410 0.089861 2.080045 67.576981 4.141326 11.856913 -15.101541 17.377944 -13.180725 0.310966 10.534085 -3.772807 
361.952179 34.970474 95.921402 -94.336184 -0.640600 89.958453 4.709073 1.031711 3.934857 -2.142375 -5.546687 0.683890 0.682196 11.078302 -8.751514 nan nan nan -1.214379 -2.196210 2.374090 4.711927 0.466814 3.331013 5.362468 -3.215408 -4.260376 nan nan nan -0.936294 1.284156 0.949356 2.718464 -2.930504 12.121283 -1.104661 0.846355 -1.059172 1.038386 4.976669 4.531197 -2.001296 -1.715306 -2.606588 -22.556592 5.614150 -1.467937 -67.491188 -4.745180 16.956179 15.357406 -28.142848 -9.091057 -6.999420 -16.758297 5.989492 21.956082 0.146931 2.681521 67.674378 4.175557 11.495340 -15.073554 17.413789 -12.664572 0.094162 10.561688 -4.290668 
361.757416 35.166237 95.907234 -94.485570 -0.665156 89.863929 4.823743 1.167429 3.910644 -2.189037 -5.245338 1.241369 0.413566 10.849767 -9.130650 nan nan nan -1.070447 -2.115468 2.699737 4.538275 0.540611 3.194730 5.328905 -3.245251 -4.375526 nan nan nan -1.141870 1.337784 0.957573 2.795404 -2.852951 11.993859 -1.112795 0.800626 -0.555143 1.031378 5.560771 4.199483 -1.932883 -1.895153 -2.545955 -22.380997 5.730793 -1.982353 -67.729876 -4.842333 17.190727 15.296537 -27.889532 -9.756041 -6.508632 -16.724766 6.597110 22.273945 -0.015781 2.208316 67.402524 4.078145 11.711815 -14.840791 17.360807 -12.939927 -0.021610 10.583785 -3.834532 
361.560608 35.228958 95.892799 -94.600546 -0.736637 89.768933 4.747776 0.895194 3.983890 -2.229404 -5.229657 1.604207 0.479172 11.129952 -9.401608 nan nan nan -1.172801 -2.140992 3.040745 4.521267 0.792770 3.007084 5.209678 -3.287158 -4.440477 nan nan nan -0.999156 1.429750 0.913336 2.740625 -2.918257 12.208672 -1.224850 0.765621 -0.543837 1.121443 5.553488 4.306547 -2.069197 -1.962507 -2.703056 -22.364112 5.905110 -2.205143 -67.795904 -4.979842 17.258020 15.169067 -27.788742 -10.015121 -6.329642 -16.845800 6.896035 22.247845 -0.119362 2.060356 67.432965 4.007791 11.798586 -14.852594 17.359242 -13.060678 0.101264 10.570022 -3.842287 
361.320648 35.300365 95.863548 -94.946994 -0.636158 89.552051 4.738149 0.101855 4.458017 -2.189205 -5.176159 1.631530 0.575177 12.018664 -9.603286 nan nan nan -1.150688 -2.013489 3.492418 4.696080 1.181756 2.860476 5.174393 -3.377353 -4.618362 nan nan nan -0.539701 1.660125 1.011934 2.537834 -2.914532 12.259174 -1.327585 0.722852 -0.359596 1.237752 5.666860 4.199244 -2.268774 -2.035181 -2.853201 -22.338197 6.017661 -2.523554 -67.941296 -4.941982 17.224106 15.328501 -27.775604 -10.204905 -6.666849 -17.141811 6.992073 22.198033 -0.029545 1.876126 67.519257 3.801318 11.805291 -15.057168 17.351981 -13.270816 0.526227 10.551780 -3.848445 
361.116241 35.417301 95.840912 -94.979333 -0.624605 89.447840 4.664207 0.033706 4.397080 -2.001015 -5.122826 2.265430 0.453084 12.047655 -9.961967 nan nan nan -1.147509 -2.025376 3.837831 4.827406 1.175198 2.706105 5.100599 -3.322646 -4.731948 nan nan nan -0.438433 1.645086 1.039990 2.518850 -2.913741 12.321461 -1.339872 0.660876 -0.299596 1.394694 5.749781 4.056107 -2.446034 -2.244901 -2.728164 -22.187681 6.220013 -2.664620 -68.157181 -5.041547 17.246706 15.476132 -27.889202 -10.457259 -7.215947 -16.734277 7.748195 22.217691 -0.099908 1.866970 67.507775 3.744107 11.885416 -15.175545 17.414607 -13.409550 0.685043 10.411152 -3.820285 
360.978333 35.545479 95.827095 -94.929625 -0.707420 89.569545 4.614687 0.430317 3.794085 -1.975994 -5.011965 3.317964 0.214162 11.692733 -10.436861 nan nan nan -1.213041 -2.068893 3.817209 4.877117 0.915533 2.703983 4.998999 -3.012985 -4.734046 nan nan nan -0.580715 1.510819 0.961392 2.564310 -2.828010 12.212654 -1.271382 0.613921 -0.307794 1.412877 5.941959 4.223519 -2.607501 -2.174036 -2.722514 -22.291958 6.193914 -2.581760 -68.092267 -4.744837 17.274960 16.232162 -28.548129 -10.001430 -2.259412 -18.412796 8.974829 22.364213 -0.144019 1.889473 67.235632 3.647773 11.693262 -14.636259 17.393434 -13.077495 -1.412549 11.312085 -4.294437 
360.791687 35.658173 95.802582 -95.157978 -0.689685 89.608050 4.732009 0.341508 3.530933 -2.243488 -4.690612 4.065975 0.184656 11.950834 -10.789041 nan nan nan -1.218847 -2.025511 3.951768 4.964301 1.089572 2.580325 4.891095 -2.943220 -4.781514 nan nan nan -0.476971 1.647111 0.900377 2.548461 -2.836985 12.164512 -1.285116 0.590402 -0.323529 1.646542 5.929360 4.378853 -2.624073 -2.117544 -2.808859 -22.436466 6.257927 -2.513980 -68.014628 -4.649609 17.154305 16.545296 -28.892719 -10.352944 -2.703277 -18.456527 8.831561 22.395326 -0.152708 1.906601 67.175846 3.569514 11.510048 -14.596431 17.336457 -13.017783 -1.133722 11.210635 -3.857533 
360.601440 35.780666 95.786850 -95.331102 -0.710720 89.607279 4.865410 0.410059 3.201295 -2.544347 -4.595280 5.000362 0.080484 12.048442 -11.099014 nan nan nan -1.192382 -1.961614 4.180438 4.999967 1.307058 2.383390 4.704598 -2.997058 -4.839578 nan nan nan -0.420900 1.727251 0.859477 2.610126 -2.948312 12.223168 -1.428005 0.664213 -0.532690 1.482398 6.113187 4.513418 -2.471502 -2.003962 -2.545247 -22.292452 6.588179 -2.343571 -68.107888 -5.096578 17.081911 15.600100 -28.440247 -11.639533 -7.197380 -17.899625 5.645856 22.384300 -0.400826 1.997346 67.271899 3.621565 11.608855 -14.866869 17.237647 -12.868337 0.430803 10.557849 -3.487767 
360.477722 35.934128 95.739014 -95.437355 -0.822695 89.791594 4.897711 0.407398 2.444936 -2.773225 -4.808653 6.235934 0.069539 12.131413 -11.374712 nan nan nan -1.202915 -1.888372 4.049396 5.002763 1.251692 2.474580 4.581669 -2.874383 -5.141641 nan nan nan -0.637329 1.747656 0.699323 2.674181 -2.931124 12.117933 -1.368004 0.719062 -0.545511 1.241782 6.237090 4.263732 -2.156865 -1.747516 -2.055597 -22.268760 6.673868 -1.920746 -68.068565 -5.314962 16.920157 15.513564 -28.790172 -11.957396 -6.569139 -18.696397 4.654138 22.395146 -0.575934 2.128552 67.137759 3.707374 11.454279 -14.560497 17.225432 -12.413908 0.131404 10.811851 -3.801286 
360.305206 36.047699 95.707375 -95.659750 -0.812690 89.857500 4.959954 0.227829 1.949049 -3.003390 -4.820001 7.304491 0.139768 12.722726 -11.833895 nan nan nan -1.203824 -1.816632 4.171773 5.160130 1.394900 2.372839 4.450107 -2.879207 -5.315160 nan nan nan -0.527302 1.844829 0.455105 2.666226 -2.876607 12.269958 -1.297234 0.861221 -0.554196 0.902268 6.070183 4.243309 -2.089559 -1.703549 -1.823048 -22.491143 6.548181 -1.389431 -67.892326 -5.611394 16.592719 15.495244 -29.204402 -11.927296 -6.326636 -18.789626 5.118989 22.221522 -0.709539 2.243107 67.111075 3.720757 10.965305 -14.351562 17.323477 -11.946520 0.138627 10.771022 -3.770926 
360.130005 36.126266 95.707870 -95.792075 -0.838940 89.823266 4.944135 0.081312 1.497237 -3.083971 -4.561896 8.488837 0.025378 12.788793 -12.308404 nan nan nan -1.301559 -1.865572 4.450324 5.304266 1.535907 2.161222 4.408349 -2.807972 -5.293440 nan nan nan -0.364098 1.945182 0.415936 2.614436 -2.922920 12.442717 -1.467288 0.762849 -0.537903 1.111169 6.279877 4.109141 -2.253521 -1.647454 -1.995717 -22.368645 7.098235 -1.764797 -68.013630 -5.726885 16.736115 15.334342 -29.324270 -12.015443 -8.003343 -18.344536 5.315783 22.419260 -0.791231 2.356869 66.961856 3.961818 11.113451 -14.456928 17.212165 -12.199628 0.877174 10.622964 -3.435542 
359.977661 36.236984 95.704437 -95.928400 -0.829267 89.941722 4.972376 0.125212 0.773846 -3.163778 -4.499020 9.855047 -0.224224 12.806414 -12.768368 nan nan nan -1.264238 -1.891388 4.442745 5.377331 1.527178 2.141220 4.202812 -2.699591 -5.403470 nan nan nan -0.277858 2.032943 0.254445 2.665477 -2.874892 12.437662 -1.460189 0.806092 -0.509228 1.114410 6.464442 4.149369 -2.316652 -1.694817 -2.164816 -22.395715 7.262081 -1.984924 -68.064133 -5.672457 16.712274 15.398850 -29.466471 -12.570170 -8.185879 -18.424682 5.167854 22.350840 -0.856745 2.261027 66.999069 3.802303 11.110760 -14.564393 17.095809 -12.340628 0.982158 10.810307 -3.529620 
359.803955 36.360790 95.675819 -96.067208 -0.869434 89.992826 4.961800 0.079574 0.136227 -3.323936 -4.337052 11.208025 -0.383431 12.928212 -13.214308 nan nan nan -1.305053 -2.068785 4.501084 5.526659 1.405694 2.178998 3.865979 -2.485578 -5.635927 nan nan nan -0.287431 2.095321 0.138558 2.706769 -2.875167 12.632505 -1.541882 0.795361 -0.681105 1.250884 6.639383 4.124029 -2.350421 -1.761454 -1.987067 -22.310735 7.608112 -2.026943 -68.111287 -5.617037 16.778750 15.754544 -30.014941 -12.942659 -9.047109 -17.901135 5.629704 22.369244 -0.866526 2.263614 67.123893 3.725290 11.430382 -14.849924 16.884509 -12.566210 1.211464 10.754536 -3.689861 
359.616577 36.452152 95.631821 -96.189805 -0.924714 89.910744 4.969528 -0.181992 -0.381986 -3.565219 -4.094326 12.619359 -0.435258 13.077611 -13.601558 nan nan nan -1.403513 -2.236796 4.742749 5.736870 1.307157 2.143635 3.518851 -2.117379 -5.869098 nan nan nan -0.213827 2.105149 0.234293 2.586196 -2.825949 12.929312 -1.649877 0.627843 -1.112401 1.853078 6.732775 4.070592 -2.732958 -1.670175 -1.730465 -22.246610 7.949092 -2.130837 -68.198994 -5.062665 16.898027 17.332096 -31.103718 -12.627373 -5.825738 -18.243808 7.919494 22.429777 -0.670888 2.425304 67.182034 3.660539 11.755339 -14.767129 16.644430 -12.593803 0.168937 11.191992 -4.191319 
359.407898 36.550095 95.635239 -96.361423 -0.845428 89.706441 5.191570 -0.286056 -0.731526 -3.915867 -3.881219 14.002592 -0.551407 13.284600 -13.986825 nan nan nan -1.396872 -2.012132 5.335686 5.734841 2.008559 1.698846 4.228183 -2.078744 -5.763481 nan nan nan 0.075634 2.256237 0.358757 2.523678 -2.772358 12.879684 -1.497804 0.849358 -0.758080 1.553884 6.386525 4.155907 -2.914256 -1.994031 -2.210434 -22.738285 7.668959 -2.369987 -67.916057 -5.082296 16.804222 17.121726 -31.238606 -12.609435 -3.162865 -19.531608 7.289202 22.271699 -0.754428 2.247638 67.066052 3.548044 11.211488 -14.444157 16.783785 -12.161882 -0.958365 11.542494 -4.420839 
359.133362 36.682549 95.614639 -96.416534 -0.912566 89.490757 5.231425 -0.416274 -1.065301 -4.144255 -3.216036 15.421069 -0.764365 13.296429 -14.356054 nan nan nan -1.525937 -2.100057 5.954114 5.807537 2.088742 1.410545 4.381568 -1.858078 -5.909417 nan nan nan 0.050242 2.374438 0.149827 2.532737 -2.807574 13.339721 -1.471825 0.813671 -0.497497 1.888529 6.754463 4.084223 -3.281036 -2.484362 -2.685962 -22.391385 8.257377 -3.331623 -68.474243 -5.337905 17.022968 16.505045 -30.663059 -12.887987 -3.631989 -19.870158 8.084417 22.342146 -0.857894 2.291321 66.923629 3.907024 11.304880 -14.348288 16.679855 -12.650000 -0.996066 11.531083 -3.552243 
358.913696 36.798717 95.582970 -96.605380 -1.026223 89.282791 5.285084 -1.216565 -1.501690 -4.734499 -4.241135 17.121392 -0.731365 13.804860 -14.266065 nan nan nan -1.704811 -2.092923 6.437298 5.959534 2.560719 1.203609 4.136124 -2.106117 -5.991170 nan nan nan 0.146827 2.576120 0.513902 2.480575 -3.037805 13.303819 -1.651977 0.933099 -0.605961 1.589572 6.548852 4.053894 -3.013063 -2.094092 -2.863271 -22.567014 8.160105 -2.819683 -68.066145 -5.263115 16.735374 16.557182 -31.628488 -13.024973 -2.996819 -19.997670 7.111031 22.385012 -0.736126 2.338729 66.943706 3.857047 11.085664 -14.278927 16.633561 -12.454475 -1.104747 11.492346 -3.455976 
358.734528 36.920460 95.548615 -96.837702 -0.954276 89.177973 5.519161 -0.963692 -2.306375 -4.879826 -2.864692 19.016751 -1.282633 13.563231 -14.667403 nan nan nan -1.577329 -1.943014 6.745889 5.923119 2.639634 1.094630 4.309475 -1.935595 -6.115839 nan nan nan 0.473066 2.695877 0.721268 2.384857 -2.966214 13.461637 -1.854080 0.948616 -0.788390 2.000479 7.033582 3.879623 -3.333173 -2.526640 -2.711969 -22.509416 8.523164 -3.077627 -67.995845 -5.234471 16.897928 16.607216 -31.961618 -12.931042 -3.751743 -19.968537 7.539627 22.498220 -0.797759 2.253751 66.932810 3.841925 11.281972 -14.329206 16.483883 -12.543444 -0.890845 11.575032 -3.375529 
358.555389 37.046192 95.551140 -96.933532 -1.021725 89.177008 5.728608 -1.136334 -3.175615 -5.275633 -2.807208 21.000243 -1.657002 13.237349 -14.847958 nan nan nan -1.576437 -1.888385 6.954781 5.921359 2.521323 0.965034 4.150357 -1.853632 -6.235407 nan nan nan 0.420278 2.921403 0.737134 2.405673 -2.870114 13.298502 -1.774701 0.849369 -0.634247 1.895443 6.993472 4.051772 -3.157714 -2.446599 -2.879597 -22.706324 8.705336 -3.256071 -67.857602 -5.436455 16.992817 16.504968 -31.871495 -12.927365 -4.191753 -20.151559 7.828619 22.659666 -0.823571 2.321640 66.630486 3.968188 11.237110 -14.153911 16.243995 -12.632076 -0.572318 11.819619 -3.240331 
358.370026 37.171753 95.509018 -97.092871 -1.236064 89.250180 5.708272 -1.289917 -4.112933 -5.566375 -2.359606 22.862358 -1.885364 13.152822 -14.980681 nan nan nan -1.757657 -2.143754 6.965266 5.947167 2.279384 1.041142 3.791828 -1.630490 -6.579656 nan nan nan 0.194395 3.083810 0.547478 2.380150 -2.843732 13.690004 -1.656233 0.964238 -1.013484 1.836559 7.324691 4.092680 -3.101373 -2.591530 -2.665712 -22.567332 8.872097 -3.536525 -68.052012 -5.384380 17.289429 16.505941 -31.674440 -13.221918 -4.851308 -20.315373 8.048234 22.573730 -0.560574 2.361820 66.733632 3.748134 11.831175 -14.336557 15.860774 -13.263231 -0.655880 12.141723 -3.657411 
358.181488 37.267689 95.519691 -97.309850 -1.346430 89.065185 5.743503 -1.448682 -4.801467 -5.911261 -1.788721 24.689837 -1.822090 13.233847 -14.779515 nan nan nan -2.008225 -2.461392 7.444075 5.858037 2.923285 0.802204 3.894718 -1.415218 -6.297626 nan nan nan 0.298911 3.299138 0.805119 2.252996 -2.932501 13.921833 -1.841993 0.809572 -1.327201 2.236543 7.479775 3.910663 -3.222246 -2.471282 -2.399584 -22.387784 9.221684 -3.524952 -68.105197 -5.219911 17.362789 16.699272 -32.216390 -13.331511 -4.949782 -20.169218 7.883010 22.777215 -0.326589 2.747549 66.635145 3.916413 12.130521 -14.440874 15.854184 -13.387218 -0.776792 12.015785 -3.919753 
357.991669 37.363605 95.520508 -97.500536 -1.501877 88.977804 5.875934 -1.689692 -5.667639 -6.377867 -1.100558 26.627981 -2.040425 13.096650 -14.514004 nan nan nan -2.265766 -2.770281 7.776599 5.976556 3.127380 0.697296 3.582409 -1.246670 -6.324825 nan nan nan 0.246661 3.676807 0.795674 2.298341 -2.904127 14.158650 -1.681424 1.015639 -1.201994 1.959241 7.264962 3.749949 -3.292455 -2.775759 -2.653859 -22.856380 8.862434 -3.349100 -67.785443 -5.514233 17.118551 16.664733 -32.484040 -13.399430 -5.399525 -19.972169 8.429561 22.531199 -0.566611 2.519559 66.694375 3.797698 11.568961 -14.431363 16.163067 -13.319893 -0.420107 11.773313 -3.201915 
357.778717 37.472004 95.530357 -97.616968 -1.577913 88.770623 6.080299 -1.795246 -6.435946 -6.632414 -0.331893 28.611085 -2.319349 12.773481 -14.293025 nan nan nan -2.398614 -2.644743 8.397692 5.963111 3.500027 0.319681 3.809191 -1.294607 -6.115586 nan nan nan 0.259887 3.989571 1.005889 2.306939 -2.894601 14.428504 -1.631332 1.024128 -1.390801 2.121340 7.308975 3.771336 -3.412856 -3.078751 -2.771678 -22.910038 9.031496 -3.505068 -67.819376 -5.639447 17.263213 16.337042 -32.537570 -13.435447 -6.243690 -19.683186 8.110559 22.439439 -0.634966 2.487170 66.700619 3.726820 11.608101 -14.437694 16.253556 -13.237192 -0.214217 11.541790 -3.110319 
357.562042 37.605724 95.521149 -97.686728 -1.758793 88.777681 6.069770 -1.961883 -7.503445 -6.735759 0.587467 30.672668 -2.530907 12.793270 -14.139879 nan nan nan -2.542904 -2.666324 8.555943 6.064670 3.171658 0.293084 3.515071 -1.159603 -6.369263 nan nan nan -0.181217 4.502839 0.774483 2.466137 -2.966110 14.654528 -1.335408 0.867590 -1.369255 2.229464 7.037179 3.924328 -3.346529 -2.928710 -2.920461 -23.361776 8.836697 -3.214631 -67.672796 -5.960118 17.171863 16.131830 -32.412455 -14.020626 -8.875670 -18.869611 6.963721 22.699889 -0.520979 2.503639 66.237520 3.609268 11.441655 -14.576529 16.401459 -13.778277 0.812625 10.818332 -2.139731 
357.338165 37.726913 95.513817 -97.815142 -1.901858 88.580625 6.218342 -2.320175 -8.293858 -7.286970 0.721440 32.721653 -2.371869 12.824366 -13.797107 nan nan nan -2.778686 -2.579697 9.004120 6.221053 3.310657 0.167195 3.407785 -1.162864 -6.294105 nan nan nan -0.108296 4.617614 1.242530 2.315751 -2.779692 14.217992 -1.410704 0.738847 -1.254106 2.341328 7.061793 4.255696 -3.115821 -2.857510 -3.153286 -23.185551 9.313871 -3.208057 -67.782430 -6.116185 17.138303 16.188570 -32.601012 -13.887278 -6.264222 -19.867576 7.632520 22.795096 -0.640704 2.815980 66.208847 3.917819 11.208748 -14.259653 16.325500 -13.404448 -0.002174 11.263407 -2.589070 
357.101837 37.819332 95.486298 -97.969908 -2.024817 88.425254 6.400490 -2.567417 -9.168001 -7.762753 1.115957 34.770125 -2.197254 12.642427 -13.311418 nan nan nan -2.954658 -2.482320 9.392610 6.349591 3.380775 0.069902 3.386350 -1.171832 -6.421297 nan nan nan -0.120637 4.809466 1.614064 2.271072 -2.701249 14.106057 -1.356034 0.825309 -1.523348 2.281463 7.051573 4.624933 -2.915659 -2.985725 -3.201821 -22.972024 9.278709 -2.942849 -68.011359 -5.986088 17.212786 16.391648 -32.846607 -14.185334 -5.103308 -20.440633 7.033444 22.485086 -0.577098 2.944584 66.564512 3.624936 11.211495 -14.439535 16.437361 -13.156639 -0.358683 11.556180 -3.356424 
356.845306 37.912521 95.478195 -98.109345 -2.030369 88.343866 6.459263 -2.364263 -10.032320 -7.063295 3.005799 36.451515 -2.184287 12.585897 -13.104138 nan nan nan -2.948145 -2.464150 9.668955 6.345491 3.158636 0.012699 3.442876 -0.887765 -6.589064 nan nan nan 0.071528 5.030322 1.573906 2.141557 -2.562475 14.252622 -1.457275 0.416775 -1.186659 3.132833 7.375555 4.265509 -3.769383 -3.329947 -3.378232 -22.879119 9.732637 -3.404603 -68.182055 -6.007177 17.239283 16.547068 -32.971900 -14.370097 -5.756558 -20.332916 7.617427 22.754857 -0.301872 2.956328 66.357026 3.869889 11.567990 -14.489647 16.347283 -13.471628 -0.186111 11.489685 -2.940663 
356.580292 37.997498 95.459869 -98.174904 -2.093785 88.255721 6.542114 -2.621185 -10.802708 -7.115184 3.119343 38.154183 -1.999568 12.416174 -13.044619 nan nan nan -3.097709 -2.463836 10.001058 6.525396 3.077164 -0.050114 3.518685 -0.707124 -6.681617 nan nan nan 0.165418 5.189856 1.608773 2.111744 -2.563239 14.570188 -1.576682 0.323627 -1.345116 3.223144 7.621574 4.501883 -3.761458 -3.396800 -3.758150 -22.926487 10.152591 -3.799043 -68.084487 -5.816231 17.339410 16.697071 -33.388004 -13.839860 -6.958556 -19.609415 9.129640 22.880765 -0.324473 3.156324 66.284679 4.144700 11.695827 -14.586321 16.348642 -13.565580 0.170866 11.273905 -2.556278 
356.303192 38.057491 95.434090 -98.263135 -2.181175 88.135176 6.547511 -2.759629 -11.539554 -7.419956 3.718812 39.505079 -1.798731 13.002224 -13.006854 nan nan nan -3.328644 -2.472967 10.407301 6.722695 3.280613 -0.109064 3.451774 -0.632645 -6.685534 nan nan nan 0.331684 5.310637 1.720517 2.040485 -2.714241 14.877465 -1.692343 0.527589 -1.633468 3.083073 7.691400 4.613300 -3.649893 -3.412500 -3.832594 -23.173037 10.320790 -3.731553 -67.686308 -5.675895 17.099871 16.559820 -34.151936 -13.561414 -7.612676 -18.995865 10.018835 22.773749 -0.415238 3.380239 66.367641 4.404140 11.555260 -14.557936 16.317244 -13.419380 0.440962 11.011285 -2.246326 
356.024536 38.106285 95.393593 -98.413995 -2.245040 87.975058 6.581935 -2.848244 -12.220777 -7.596813 4.311191 40.837694 -1.215416 13.733828 -13.352978 nan nan nan -3.460505 -2.406595 10.868779 6.689737 3.546585 -0.280682 3.239613 -0.697403 -6.688803 nan nan nan 0.516644 5.481067 1.927934 2.008218 -2.760624 14.994916 -1.644152 1.100144 -1.752201 2.820547 7.390087 4.565413 -3.688748 -3.749732 -3.883640 -23.451047 9.817614 -3.426416 -67.484147 -5.690105 16.811053 16.414135 -34.445457 -13.640662 -7.570359 -19.046241 9.561649 22.290912 -0.728948 3.068790 66.680958 4.103343 11.002439 -14.451635 16.575144 -12.845791 0.389531 10.835849 -2.053863 
355.740387 38.175175 95.330116 -98.548203 -2.362870 87.858332 6.665711 -2.875825 -12.932240 -7.699028 4.965753 42.082040 -0.830714 13.916167 -13.784917 nan nan nan -3.455430 -2.195926 11.384400 6.418037 3.584921 -0.690395 2.966517 -0.785441 -6.833606 nan nan nan 0.354328 5.784993 2.066933 2.032396 -2.729413 15.005926 -1.660532 1.425614 -1.746756 3.064649 7.304398 4.324143 -3.757146 -3.848679 -3.597777 -23.091585 9.531878 -3.132579 -68.013368 -5.818723 16.976831 16.653224 -34.297905 -13.967193 -6.968898 -19.394314 8.679496 22.346477 -0.858701 2.683133 66.545653 3.620636 10.973111 -14.345973 16.880307 -12.800978 0.265196 11.001483 -2.401899 
355.440521 38.277340 95.274490 -98.755483 -2.501238 87.905562 6.783713 -2.742122 -13.761853 -7.691172 5.570419 43.160103 -0.581596 13.696331 -13.897059 nan nan nan -3.437380 -1.978380 11.568996 6.216259 3.336001 -0.820286 2.686268 -0.662886 -7.132024 nan nan nan 0.160953 5.953439 2.025315 2.040277 -2.646716 14.989457 -1.627120 1.605724 -1.724603 3.112476 7.507515 4.283377 -3.650822 -4.098939 -3.493686 -22.934263 9.558934 -3.053620 -68.200170 -5.762322 17.089364 16.587131 -34.260966 -13.965059 -6.549842 -19.825554 8.280031 22.390979 -0.774863 2.653280 66.532215 3.493623 11.066867 -14.429196 16.916444 -12.933316 0.177166 11.347961 -2.680322 
355.150909 38.270687 95.255165 -98.712083 -2.622721 87.807583 6.735098 -2.848473 -14.513838 -7.617124 5.866600 44.051535 -0.639448 13.453738 -13.849809 nan nan nan -3.608739 -2.146692 11.907548 6.143317 3.404066 -0.942865 2.738880 -0.426376 -7.229240 nan nan nan 0.237360 6.152945 2.321521 1.983136 -2.719236 14.782678 -1.582166 1.648003 -1.857419 3.201260 7.238593 4.630014 -3.909449 -3.988099 -3.556024 -23.023790 9.497337 -2.849282 -68.241207 -5.714724 16.976455 16.576552 -34.169619 -13.868940 -6.718078 -19.949393 8.099900 22.256185 -0.692431 2.857923 66.593297 3.477981 10.943233 -14.563225 16.908197 -12.944016 0.370466 11.425460 -2.650458 
354.811737 38.328156 95.237549 -98.748529 -2.776246 87.715432 6.753813 -2.897241 -15.082034 -7.792484 5.965674 44.539050 -0.935571 13.113277 -13.857648 nan nan nan -3.733987 -2.357719 12.306823 5.981415 3.833821 -1.063577 3.344416 -0.337468 -7.194893 nan nan nan 0.113826 6.360058 2.429583 1.951250 -2.746088 14.557566 -1.583047 1.769247 -1.593735 3.442374 7.123803 4.375140 -3.972585 -3.979808 -3.358872 -23.034074 9.465045 -2.920782 -68.273120 -5.660259 16.996470 16.712858 -34.107743 -13.874991 -7.368010 -19.690397 8.616029 22.427098 -0.702142 2.671056 66.443790 3.441368 11.001935 -14.552447 16.850805 -13.008776 0.644259 11.280191 -2.425718 
354.521606 38.413754 95.210571 -99.057498 -2.924828 87.834758 6.712683 -2.697454 -15.632729 -7.971248 6.479459 45.038643 -0.076895 13.200276 -15.041741 nan nan nan -3.855486 -2.519160 12.226141 6.029657 4.225583 -0.561449 4.022167 -0.581762 -7.393373 nan nan nan -0.062884 6.673577 2.262464 1.950025 -2.685556 14.518779 -1.590733 1.868451 -1.441067 3.394519 6.862197 4.210889 -3.738582 -3.809521 -3.358884 -23.027765 9.537139 -2.880807 -68.183322 -5.549662 16.965105 16.639064 -34.395572 -13.567863 -7.422751 -19.335327 8.534221 22.590777 -0.684188 2.576681 66.289358 3.461181 11.214033 -14.521957 16.818931 -12.816440 0.552310 11.092310 -2.731381 
354.262421 38.462860 95.200966 -99.393704 -3.007397 88.022881 6.808524 -2.583513 -16.492244 -7.838139 6.939436 45.418267 0.767386 13.288618 -15.369732 nan nan nan -4.003777 -2.646510 12.080122 5.997338 4.458231 -0.386745 4.297281 -0.563642 -7.671790 nan nan nan -0.050922 7.055552 2.195623 1.925812 -2.555603 14.377008 -1.547120 1.855057 -1.356553 3.325248 6.656371 4.222864 -3.733914 -3.832026 -3.455596 -23.045090 9.531543 -2.935771 -68.282857 -5.385372 16.994977 16.432510 -34.266396 -13.770827 -7.581133 -19.496635 7.430578 22.565568 -0.655681 2.430279 66.266548 3.407160 11.383560 -14.577407 16.751166 -12.704558 0.486524 10.980415 -2.969754 
353.898865 38.497818 95.212967 -99.440784 -3.215801 88.059174 6.660024 -2.545815 -17.069802 -7.960962 7.263500 45.291220 0.708644 13.153769 -15.385036 nan nan nan -4.286981 -2.774916 12.436130 5.814610 4.529617 -0.868750 3.888485 -0.370265 -7.864458 nan nan nan -0.228608 7.394642 2.182805 1.919423 -2.536480 14.130849 -1.456580 1.797535 -1.102439 3.285345 6.388916 4.161503 -3.497391 -3.836071 -3.519681 -23.112431 9.483920 -3.045557 -68.337462 -5.165217 17.230439 16.377177 -33.967843 -13.800766 -7.940660 -19.524465 6.734040 22.748962 -0.611495 2.051645 66.091402 3.200103 11.701588 -14.684892 16.547255 -12.822436 0.618042 10.752670 -2.814739 
353.608551 38.557159 95.204491 -99.666200 -3.352159 88.164640 6.658969 -2.392147 -17.726067 -8.068927 7.582627 45.102277 0.623823 13.147882 -15.386105 nan nan nan -4.352031 -2.566319 12.435546 5.677559 4.260611 -0.880694 3.483987 -0.126797 -8.267138 nan nan nan -0.223289 7.632801 2.249307 1.858732 -2.414975 14.036847 -1.233192 1.500775 -1.307504 2.974392 6.405918 4.752876 -3.879414 -3.827932 -3.836766 -23.508175 9.697744 -2.997353 -68.078828 -4.849191 16.858531 16.507193 -34.027443 -12.953121 -8.239096 -19.295886 8.331168 22.417726 -0.299361 2.608696 66.339087 3.503162 11.612861 -14.919254 16.493278 -12.858476 0.554251 10.831246 -2.818545 
353.278564 38.583088 95.189323 -99.616758 -3.392097 88.006616 6.752190 -2.446145 -18.137172 -8.039995 7.895607 44.881883 1.063755 13.029117 -15.408304 nan nan nan -4.414471 -2.484710 12.927390 5.732661 4.451440 -0.988745 3.810285 -0.302846 -8.157223 nan nan nan -0.199055 7.838953 2.539771 1.827473 -2.424536 13.868602 -1.310249 1.661905 -1.175793 3.370690 6.237597 4.640418 -4.024243 -3.938115 -3.697283 -23.196029 9.672707 -2.772683 -68.489811 -5.004949 16.753201 16.740760 -33.816145 -12.082327 -8.148713 -19.189096 10.103782 22.421037 -0.574145 2.425647 66.230926 3.577995 11.299674 -14.638871 16.692025 -12.790544 0.729929 10.940025 -2.804074 
352.953278 38.641968 95.171059 -99.712985 -3.508999 88.180924 6.774587 -2.341265 -18.807958 -7.969014 8.205034 44.268357 0.875717 12.536112 -15.104332 nan nan nan -4.475418 -2.427454 13.001333 5.649579 4.347650 -1.009630 3.737604 -0.173919 -8.315996 nan nan nan -0.093298 7.888970 2.690329 1.681381 -2.441344 13.459430 -1.239860 1.243413 -1.257841 2.915911 6.644887 4.981936 -3.863834 -3.829638 -3.788700 -23.360815 10.365077 -3.141342 -68.326625 -4.466779 16.549468 16.311613 -33.816532 -12.480624 -8.700775 -19.182447 9.616530 22.134790 -0.370432 3.056482 66.527146 4.334272 11.526545 -14.730873 16.222628 -13.120292 0.835017 11.149618 -2.633359 
352.655029 38.683521 95.150940 -99.764835 -3.622074 88.392495 6.903472 -2.550538 -19.565212 -8.279806 8.247308 43.175453 0.148086 12.598294 -14.166742 nan nan nan -4.618486 -2.410006 12.827215 5.692693 4.226470 -0.727903 3.670860 -0.053317 -8.602956 nan nan nan -0.216369 8.111520 2.734352 1.687896 -2.372735 13.055753 -1.050498 1.247587 -1.121575 2.654859 6.706308 4.733696 -3.693176 -3.819234 -3.728031 -23.452141 10.141505 -3.250545 -68.449051 -4.146515 16.509173 16.194435 -33.447802 -13.307033 -9.175900 -19.250684 9.099098 21.973933 -0.454875 2.932595 66.574650 4.392467 11.361990 -14.697206 16.180285 -13.151440 1.045153 11.022002 -2.149742 
352.340057 38.708996 95.120438 -99.821842 -3.725373 88.510785 6.891918 -2.608975 -20.107722 -8.292833 8.535227 42.230489 -0.072801 12.660914 -14.048322 nan nan nan -4.731505 -2.428169 12.892823 5.594713 4.287815 -0.722102 3.467297 -0.066646 -8.789692 nan nan nan -0.399449 8.317072 2.689134 1.681207 -2.346836 13.123231 -1.124004 1.646869 -1.252869 3.085761 6.419571 4.408023 -3.710334 -3.894093 -3.454361 -23.200565 9.861289 -2.783446 -68.758068 -4.314222 16.595518 16.969294 -33.303523 -12.453647 -10.596547 -17.980960 11.721656 22.179368 -0.820222 2.693471 66.470159 4.242309 11.208615 -14.799144 16.524148 -13.116471 1.881492 10.597682 -1.925628 
352.022308 38.738007 95.094810 -99.830432 -3.858291 88.505124 6.843041 -2.743120 -20.542659 -8.586712 8.264464 41.250562 -0.158876 12.610763 -13.772437 nan nan nan -4.859608 -2.420689 13.153417 5.478641 4.557150 -0.861384 3.086509 -0.142942 -8.562019 nan nan nan -0.576768 8.452779 3.005805 1.665956 -2.388301 12.670929 -1.146877 2.014884 -1.067246 3.224202 5.953035 4.121278 -3.638927 -3.738194 -3.230311 -22.922573 9.566418 -2.505037 -69.107288 -4.373828 17.002335 16.355528 -32.682326 -12.375301 -7.434566 -19.464858 9.387955 22.308262 -0.927585 2.388387 66.371227 3.990631 11.335279 -14.602777 16.708823 -12.988344 0.673569 11.049018 -2.938397 
351.694794 38.742500 95.075409 -99.765633 -4.028427 88.608620 6.729360 -2.986524 -21.183793 -9.063785 7.072241 40.399393 -0.258607 12.162800 -13.163965 nan nan nan -5.124448 -2.592719 13.178995 5.384363 4.583865 -0.693726 3.432169 -0.687508 -10.045373 nan nan nan -0.670851 8.561439 3.241619 1.590504 -2.545107 12.435561 -1.186847 2.094537 -1.142754 3.053713 5.601493 3.729381 -3.275164 -3.393070 -3.076794 -22.840010 9.482973 -2.501789 -69.205089 -4.010946 16.979528 16.907160 -32.882068 -12.701620 -7.392237 -19.337138 8.781323 22.357771 -0.738207 2.410942 66.451618 3.939810 11.624651 -14.853885 16.824867 -13.112551 0.404825 11.079125 -3.280149 
351.327545 38.740200 95.076508 -99.750110 -4.099432 88.771464 6.479831 -2.951629 -21.674949 -8.742991 7.020390 39.070538 -0.183839 12.101155 -12.631261 nan nan nan -5.231934 -2.558326 13.209452 5.166338 4.795976 -0.782445 4.152758 -0.682666 -10.192093 nan nan nan -0.134235 8.392514 3.513486 1.309254 -2.616682 12.158200 -1.170079 1.207916 -1.137550 2.190581 6.747829 3.528916 -3.252092 -3.712096 -3.370576 -23.560566 10.310968 -3.727790 -68.457096 -2.874094 16.521753 16.561837 -33.042440 -13.227106 -7.428859 -20.520241 7.359467 21.938741 0.157926 3.233832 66.927414 4.826356 12.051811 -15.215169 16.380789 -13.578054 -0.256281 11.538626 -3.424915 
351.000122 38.724648 94.987091 -99.691349 -4.188067 88.820879 6.442250 -3.191790 -21.968446 -8.943693 6.941310 37.504001 -0.038995 12.261426 -12.354238 nan nan nan -5.442177 -2.717129 13.355641 5.381395 4.818687 -0.724264 3.638256 -0.299799 -9.891200 nan nan nan -0.508310 8.765189 3.624262 1.463672 -2.579849 11.964304 -1.278527 2.032223 -0.939576 2.823360 5.672527 2.820711 -3.214472 -3.532150 -3.139976 -22.784721 9.485172 -2.699212 -69.334164 -3.700314 16.759215 16.958036 -32.237722 -13.414435 -8.270665 -20.031674 6.510364 22.343805 -0.603900 2.334210 66.457770 4.072221 11.572816 -15.092815 17.316519 -13.460773 0.739421 11.042205 -3.229744 
350.604736 38.750778 94.921898 -99.795134 -4.095303 88.761575 6.061154 -2.591945 -21.662392 -7.332860 9.758235 35.204987 -0.039740 13.030268 -13.422037 nan nan nan -5.471167 -2.844469 13.755305 5.467296 4.859248 -0.799372 3.669620 0.220528 -9.785106 nan nan nan -0.173925 8.866572 3.769350 1.288448 -2.398505 11.994966 -1.253337 1.918424 -0.886836 3.382229 5.926184 2.555423 -4.034014 -4.187315 -2.951933 -22.517919 9.581255 -2.745863 -69.841944 -3.905210 16.548338 16.633082 -31.225768 -14.093352 -11.013235 -18.470067 6.737052 22.131049 -0.656731 2.290133 66.614714 4.291649 11.483173 -15.120959 17.558033 -13.846212 1.782693 10.487331 -2.465719 
350.256104 38.757854 94.917847 -99.796022 -4.113963 88.885988 6.101962 -2.823673 -22.062475 -7.404371 9.124694 33.689548 0.066894 12.690300 -12.933636 nan nan nan -5.431994 -2.791308 13.874513 5.302248 4.970125 -0.889001 3.881606 0.028662 -9.700057 nan nan nan -0.087984 8.997047 3.978805 1.172163 -2.338395 11.502766 -1.101194 1.826032 -0.581308 3.094727 5.820042 2.536284 -3.763708 -4.180396 -3.384250 -22.694984 9.406795 -3.058959 -69.816154 -3.338721 16.548212 16.982288 -31.370409 -13.781106 -9.557636 -18.624780 7.892937 22.031783 -0.526477 2.118517 66.540351 4.315190 11.433944 -14.891640 17.667220 -13.931224 1.306797 10.745948 -2.648699 
349.882324 38.790771 94.896820 -99.879508 -4.101421 88.925643 5.954961 -2.845797 -22.307250 -7.300649 8.467170 32.128016 -0.013315 12.959551 -12.413998 nan nan nan -4.912091 -2.555440 14.213175 4.441801 5.252080 -1.176112 4.326220 -0.663697 -9.760798 nan nan nan 0.002477 9.071522 4.328404 1.092577 -2.336764 10.909225 -1.061334 1.896967 -0.256796 2.698256 5.714875 2.355416 -3.248137 -4.164122 -3.682252 -22.710858 9.269064 -3.366132 -69.821086 -2.968107 16.910450 16.185820 -30.520320 -13.494779 -8.215707 -19.690264 5.345220 22.002889 -0.374711 1.932325 66.529033 4.269334 11.683446 -14.836650 17.750370 -13.794001 0.446571 11.046279 -3.662106 
349.507965 38.850796 94.801292 -100.046874 -4.146304 89.074779 5.856534 -2.523209 -22.507134 -6.870002 9.471192 30.340892 -0.018941 12.947857 -12.285927 nan nan nan -5.403331 -2.675653 14.331266 5.094113 5.176362 -1.116231 4.676433 -0.281818 -9.748594 nan nan nan -0.007285 9.173633 4.300849 0.972067 -2.356390 11.070738 -1.181207 1.958646 -0.427200 2.971237 5.997472 1.795834 -3.352148 -4.385021 -3.288911 -22.326460 9.367526 -3.419596 -70.063873 -2.739235 17.088875 16.111547 -30.132612 -13.256538 -10.307871 -19.006174 4.808389 22.087220 -0.358691 1.946043 66.618211 4.453479 12.017959 -15.070858 17.945828 -14.172654 1.014123 10.737529 -3.533496 
349.135071 38.864876 94.736511 -100.103454 -4.169978 89.168485 5.683108 -2.550284 -22.741936 -6.419114 9.889583 28.702159 0.091050 12.898380 -11.985947 nan nan nan -5.386969 -2.708808 14.518075 4.902781 5.159155 -1.154311 4.965698 -0.205979 -9.781131 nan nan nan 0.080137 9.198443 4.387770 0.806639 -2.317150 11.182182 -1.226686 1.972833 -0.512827 3.291626 6.161971 1.265445 -3.644497 -4.582959 -3.117258 -22.189151 9.306804 -3.640364 -70.226522 -2.086793 17.024515 17.020660 -30.731141 -12.661791 -8.027001 -19.763183 7.194863 22.101322 -0.319183 1.739210 66.580724 4.531326 12.165352 -14.789822 18.100869 -14.190439 0.268043 11.298314 -3.463567 
348.754303 38.858711 94.694878 -100.116996 -4.206840 89.155498 5.524311 -2.608767 -22.836518 -6.160332 9.812010 27.004351 0.026805 12.805271 -11.344212 nan nan nan -5.474862 -2.814449 14.842706 4.809066 5.283605 -1.263380 5.126824 -0.228891 -9.895634 nan nan nan 0.123681 9.330908 4.691374 0.733276 -2.271397 10.981301 -1.152453 1.908076 -0.376560 3.323357 5.981675 0.883453 -3.800863 -4.627291 -3.205208 -22.294656 9.249504 -3.812753 -70.200448 -1.835185 17.043381 16.954486 -30.588031 -12.054139 -6.393760 -20.055562 8.383919 22.015191 -0.315306 1.464327 66.503740 4.569139 12.265275 -14.513624 18.310445 -14.177905 -0.202511 11.549465 -3.590522 
348.375153 38.840454 94.649002 -100.149338 -4.211572 89.222627 5.401890 -2.630059 -22.959340 -5.915742 9.767002 25.165472 -0.031632 12.703636 -10.437028 nan nan nan -5.606933 -2.968877 15.072506 4.791239 5.418025 -1.384797 5.202891 -0.142376 -10.000912 nan nan nan 0.143919 9.560658 4.949049 0.710099 -2.263487 10.593415 -0.989858 1.827044 -0.185846 3.073928 5.652538 0.772328 -3.767899 -4.486716 -3.486862 -22.301108 9.099900 -3.726770 -70.424025 -1.772923 16.985247 16.854656 -30.103982 -12.286634 -6.828882 -19.541984 7.357556 21.839178 -0.292617 1.414085 66.482164 4.656772 12.297063 -14.543403 18.623151 -14.123538 0.116752 11.449222 -3.604692 
347.988800 38.815605 94.568192 -100.175119 -4.222506 89.370586 5.304442 -2.696910 -23.212472 -5.687120 9.750913 23.367297 -0.080913 12.643421 -9.356135 nan nan nan -5.654323 -2.851547 15.282682 4.765093 5.427593 -1.602279 5.354955 -0.180922 -10.111409 nan nan nan 0.198098 9.589199 5.063344 0.649936 -2.394366 10.446136 -1.019944 1.966465 -0.255503 2.854201 5.535750 0.643000 -3.681834 -4.362240 -3.458768 -22.167048 9.066555 -3.640244 -70.604952 -1.852792 17.002186 16.211149 -28.931530 -12.506238 -7.751677 -19.910882 4.656736 21.693069 -0.178924 1.503490 66.583254 4.754866 12.480665 -14.710276 18.875970 -14.270379 0.232095 11.642129 -4.202578 
347.567688 38.813545 94.469093 -100.269416 -4.099335 89.468233 5.105681 -2.369920 -23.362001 -5.033425 11.153600 21.618326 -0.524087 12.597548 -8.665789 nan nan nan -5.589499 -2.787534 15.512469 4.761561 5.466726 -1.696618 5.685286 -0.057640 -10.245511 nan nan nan 0.537598 9.540215 5.048276 0.469134 -2.549320 10.882692 -1.246777 2.083755 -0.702049 3.165147 6.056779 0.471188 -4.044412 -4.661352 -3.311414 -21.877055 9.216771 -3.803042 -70.871394 -1.684467 16.955796 16.040539 -28.095505 -12.692093 -9.816341 -19.728858 3.821528 21.658683 0.041152 1.688618 66.769297 4.912456 12.855555 -15.110109 19.039090 -14.926771 0.872806 11.926651 -4.645889 
347.176849 38.809727 94.387093 -100.307129 -4.080305 89.626023 5.098059 -2.474892 -23.557517 -4.861240 11.167382 19.855041 -1.018609 12.215691 -7.301428 nan nan nan -5.666511 -2.893060 15.580919 4.732084 5.531077 -1.658967 5.894753 0.082957 -10.393283 nan nan nan 0.481094 9.666630 5.186654 0.417843 -2.574928 10.620882 -1.225332 2.283823 -0.461172 3.278465 5.842472 -0.091752 -3.980041 -4.597042 -3.434932 -21.684758 9.050656 -3.968862 -71.201365 -1.473204 17.115689 16.298638 -27.686726 -12.503098 -8.473550 -20.015699 3.569196 21.799503 -0.076990 1.345852 66.552816 4.812865 12.994174 -15.015148 19.504840 -15.071255 0.838327 12.343438 -5.020678 
346.806305 38.786400 94.334976 -100.347243 -4.098129 89.911580 5.142169 -2.754705 -23.920453 -4.741457 10.061388 18.086528 -1.068061 11.837372 -5.292586 nan nan nan -5.721541 -3.017035 15.524136 4.562293 5.657110 -1.724618 6.179493 0.141001 -10.365995 nan nan nan 0.288290 9.893810 5.266832 0.464534 -2.491907 9.970584 -0.964294 2.294973 0.051801 2.813698 5.332020 -0.524286 -3.404905 -4.321179 -3.682970 -21.864669 8.683407 -3.966058 -71.214489 -1.240110 17.142465 16.299909 -27.481498 -12.195993 -7.568186 -20.091594 2.937736 21.780729 -0.053387 1.223093 66.264009 4.814094 12.842658 -14.906067 20.042919 -14.944511 0.776688 12.381126 -4.964555 
346.374268 38.765984 94.270531 -100.477384 -3.979722 90.096874 5.105584 -2.655159 -24.121991 -4.407851 9.706141 16.369801 -0.947037 11.564438 -3.926408 nan nan nan -5.665453 -3.265289 15.519877 4.535705 5.604981 -1.594005 6.063899 0.338846 -10.377471 nan nan nan 0.462776 9.975472 5.312666 0.384497 -2.409991 9.743318 -0.883859 2.181483 0.191246 2.582257 5.290824 -0.729879 -3.176749 -4.257784 -3.765512 -21.953452 8.511458 -4.034130 -71.268305 -0.790700 16.971838 16.552536 -27.481902 -12.043632 -7.795432 -19.564710 3.100863 21.665244 0.136287 1.278507 66.189570 5.004305 12.818095 -14.833491 20.413232 -14.973659 0.642261 12.134478 -4.480897 
345.877472 38.799503 94.170631 -100.568159 -3.707803 90.099395 5.216518 -2.133851 -24.109923 -4.157414 9.578684 14.820955 -1.137420 10.752265 -2.820974 nan nan nan -5.442557 -3.549555 15.765239 4.490688 5.610822 -1.458394 6.053131 0.574363 -10.443982 nan nan nan 0.913456 9.942081 5.538072 0.261733 -2.388195 9.700897 -0.877122 1.900973 0.096256 2.462582 5.673820 -0.659053 -3.324843 -4.311994 -3.916367 -21.938916 8.747928 -4.249768 -71.419195 -0.174084 16.535201 17.171561 -27.937791 -11.968997 -9.450668 -17.650544 4.502834 21.370403 0.339525 1.666750 66.447431 5.535294 13.021298 -15.025682 20.727304 -14.908885 0.935188 11.296049 -3.657345 
345.391205 38.800949 94.105042 -100.591395 -3.573098 90.092984 5.181239 -1.882467 -24.058367 -3.915578 9.488726 13.250968 -1.285413 10.156654 -1.742811 nan nan nan -5.504826 -3.695162 16.133371 4.504331 5.674611 -1.508974 6.530651 0.681834 -10.293239 nan nan nan 1.028554 10.026668 5.797268 0.202454 -2.342074 9.382369 -0.833578 1.981969 0.310630 2.511154 5.633069 -0.542804 -3.283474 -4.278044 -4.263762 -21.752157 8.493622 -4.284532 -71.726435 0.094047 16.462307 17.390903 -27.569923 -11.910598 -9.693309 -17.479757 4.322000 21.348861 0.338530 1.404383 66.357815 5.424570 13.049577 -14.971400 21.156368 -14.739036 0.951711 11.090115 -3.602834 
344.963593 38.751736 94.039017 -100.597286 -3.692238 90.353092 4.934000 -2.153792 -24.302321 -3.695842 9.139993 11.676254 -1.009581 10.087249 -0.772288 nan nan nan -5.817870 -3.728945 16.117010 4.646982 5.468996 -1.458244 6.684070 0.766599 -10.368901 nan nan nan 0.754387 10.113823 5.715017 0.224289 -2.333944 9.403611 -0.677307 1.959605 0.148369 2.313410 5.309314 -0.344204 -3.259810 -4.036743 -4.498075 -21.766568 8.260030 -4.134062 -71.877235 0.402081 16.345018 17.630412 -27.371006 -11.766058 -9.764400 -17.358291 4.254675 21.177983 0.421676 1.443086 66.367722 5.507485 13.070571 -15.011757 21.464021 -14.693589 1.081736 11.178875 -3.588694 
344.500946 38.737000 93.943184 -100.660656 -3.649944 90.457648 4.843492 -2.270045 -24.349518 -3.524685 8.539836 10.199328 -0.768841 9.966787 -0.104921 nan nan nan -5.849835 -3.715175 16.312434 4.634527 5.523227 -1.510520 6.764172 0.832714 -10.452651 nan nan nan 0.695960 10.149717 5.849990 0.264287 -2.325706 9.352595 -0.630372 1.935300 0.045347 2.159866 5.398255 -0.702412 -3.191779 -3.815122 -4.319231 -21.694928 8.205441 -3.993101 -72.000445 0.617362 16.209267 17.640505 -27.289447 -11.501865 -9.527983 -17.043250 4.340271 21.030637 0.511513 1.594173 66.381867 5.743377 13.099997 -15.043955 21.823211 -14.741580 1.038851 11.257608 -3.589670 
344.024261 38.734253 93.861061 -100.850083 -3.491234 90.520952 4.877076 -2.161930 -24.323652 -3.352246 8.026545 8.859720 -0.765486 9.756412 0.384952 nan nan nan -5.757160 -3.668813 16.491807 4.586269 5.563881 -1.479739 6.883000 0.899384 -10.489426 nan nan nan 0.764914 10.154147 6.132071 0.290693 -2.240410 9.011320 -0.654722 2.002699 0.188773 2.265768 5.552733 -1.005053 -3.119173 -3.879348 -4.258013 -21.620000 8.282995 -4.111446 -72.121056 0.778565 16.158486 17.613969 -27.029647 -11.414209 -9.637351 -16.860501 4.414178 21.026780 0.587487 1.483851 66.321380 5.792775 13.177170 -15.208768 22.186445 -14.888699 1.468358 11.292359 -3.709410 
343.530609 38.754204 93.781059 -101.091269 -3.365687 90.634526 4.980551 -2.046033 -24.334426 -3.282274 7.633116 7.658117 -0.915735 9.581166 0.818190 nan nan nan -5.713613 -3.701870 16.566057 4.625040 5.373597 -1.334690 6.783354 0.962819 -10.664062 nan nan nan 0.723211 10.138178 6.252297 0.223632 -2.153415 8.765223 -0.552805 2.070907 0.323320 2.297543 5.561160 -0.991657 -3.245592 -3.871960 -4.391930 -21.511800 8.320733 -4.256146 -72.278955 1.100935 16.027760 17.788814 -26.786313 -11.501078 -10.140532 -17.098159 3.904903 21.007608 0.716450 1.488633 66.282355 5.956662 13.186734 -15.307242 22.504087 -14.896305 2.345932 11.250855 -3.648341 
343.014435 38.755276 93.720345 -101.185597 -3.287768 90.630151 4.981552 -2.076659 -24.294679 -3.141979 7.074264 6.696442 -0.920728 9.554691 1.136258 nan nan nan -5.819989 -3.862952 16.845107 4.720958 5.391044 -1.176847 6.746994 1.033685 -10.808348 nan nan nan 0.733785 10.126766 6.472606 0.134530 -2.227764 8.676678 -0.433638 2.024958 0.220559 2.161114 5.337574 -0.835910 -3.335972 -3.513606 -4.447657 -21.607232 8.176165 -3.804789 -72.278564 1.258134 15.605075 17.924530 -26.904442 -11.277913 -9.984969 -16.674343 4.278573 20.827387 0.949725 1.875588 66.364261 6.345905 12.956538 -15.326846 22.807334 -14.742494 2.764889 11.254250 -3.682814 
342.496948 38.733482 93.658325 -101.277465 -3.209729 90.609969 4.953906 -2.123449 -24.263440 -2.926511 6.644806 5.894088 -0.840186 9.461824 1.333489 nan nan nan -5.919677 -3.948675 17.121978 4.675529 5.736612 -1.028181 7.198811 1.083202 -10.902305 nan nan nan 0.768992 10.143177 6.760758 0.090039 -2.347662 8.516846 -0.409317 2.056973 0.156786 2.159981 5.043284 -0.759946 -3.408227 -3.136549 -4.425816 -21.697775 8.065111 -3.334942 -72.237223 1.253228 15.222863 17.951308 -26.887686 -11.063668 -9.634428 -16.680172 4.173923 20.698232 1.121396 2.079724 66.412197 6.589876 12.809540 -15.374130 23.072703 -14.606252 2.804934 11.469678 -3.944506 
341.925323 38.755203 93.596092 -101.617810 -3.064031 90.594771 5.042902 -1.785476 -24.174371 -2.805935 6.536523 5.266496 -0.888909 9.100800 1.409809 nan nan nan -5.877373 -3.863744 17.342011 4.413870 6.113431 -0.793907 7.943244 1.295176 -10.937435 nan nan nan 0.772529 10.231932 6.839676 0.090869 -2.323511 8.529710 -0.463508 2.199346 0.269324 2.448966 4.961104 -0.888962 -3.422827 -3.219021 -4.496621 -21.652815 8.145021 -3.469742 -72.218212 1.349838 15.182633 17.737139 -26.627096 -10.914977 -9.191288 -16.741603 4.161617 20.852779 1.108699 2.020810 66.196139 6.859367 12.729298 -15.229246 23.342163 -14.697556 2.538213 11.706076 -4.057946 
341.336182 38.779598 93.541061 -101.894819 -2.875114 90.487822 5.172902 -1.505633 -24.071130 -2.679238 6.396117 4.944146 -1.209383 8.788895 1.422771 nan nan nan -5.962207 -3.931302 17.686359 4.455208 6.408821 -0.615251 8.518220 1.517053 -10.629075 nan nan nan 0.761675 10.366777 7.050094 0.166522 -2.207218 8.561389 -0.326969 2.195313 0.160033 2.541721 5.016957 -0.690680 -3.508559 -3.088542 -4.819036 -21.637447 8.182999 -3.450313 -72.293967 1.450819 15.119877 17.532941 -26.334031 -10.726587 -9.046376 -16.625965 4.295088 20.736976 1.055822 2.279323 66.098554 7.213039 12.530910 -15.109394 23.737946 -14.741888 2.103750 11.792114 -4.432823 
340.749207 38.784657 93.480339 -102.153481 -2.796038 90.541128 5.209828 -1.447644 -24.205588 -2.476035 6.322473 4.890354 -1.608575 8.513675 1.277982 nan nan nan -6.125702 -4.049779 17.742752 4.547847 6.428036 -0.208413 8.820602 1.781207 -10.544811 nan nan nan 0.587314 10.491149 7.094531 0.200767 -2.100705 8.515896 -0.262263 2.160561 0.128385 2.210861 5.454745 -0.572424 -3.255821 -3.056570 -4.714358 -21.394991 8.267319 -3.608976 -72.488875 1.706677 15.254355 17.421502 -25.927024 -10.574965 -8.777573 -16.884582 3.919325 20.827361 0.988200 2.228603 65.934099 7.397385 12.598995 -14.873387 23.797481 -14.947744 1.542640 12.516541 -4.945822 
340.157806 38.759197 93.427521 -102.371183 -2.758882 90.646650 5.244723 -1.589935 -24.339839 -2.314846 6.273605 4.859464 -1.587631 8.367976 1.124806 nan nan nan -6.337981 -4.088191 17.789012 4.611730 6.648010 0.109226 9.106648 1.938716 -10.546220 nan nan nan 0.470964 10.534091 7.087252 0.168907 -2.083505 8.365837 -0.320205 2.188348 0.380042 2.286575 5.732381 -0.958423 -3.122708 -3.198464 -4.515727 -21.264220 8.395822 -4.012535 -72.555571 1.936064 15.331437 17.513335 -25.522731 -10.730100 -9.470685 -16.710117 4.007698 20.937072 0.916808 1.830324 65.981918 7.273533 12.932101 -15.406498 24.193569 -14.961020 2.442844 11.731367 -4.321144 
339.547668 38.740349 93.412529 -102.643315 -2.666504 90.612849 5.280884 -1.496693 -24.284546 -2.205097 6.154786 5.013506 -1.630444 8.185551 0.843205 nan nan nan -6.531309 -4.201349 17.922513 4.715598 6.695917 0.626742 8.965597 2.207200 -10.404297 nan nan nan 0.405546 10.582388 7.143674 0.213905 -2.088589 8.597781 -0.336045 2.189269 0.240293 2.332668 5.749668 -0.954053 -3.281238 -3.159674 -4.588996 -21.307654 8.492418 -4.130963 -72.442268 2.150603 15.345633 17.333600 -25.384668 -10.418985 -9.058837 -16.966496 3.542797 21.017341 1.015845 1.751480 65.787280 7.478927 12.959404 -14.992861 24.118644 -15.281766 1.628234 12.615068 -4.905418 
338.945923 38.738163 93.384338 -102.997634 -2.629629 90.691689 5.427472 -1.554754 -24.329809 -2.274437 6.012195 5.254282 -1.667853 8.300980 0.587222 nan nan nan -6.663526 -4.171624 17.851802 4.828225 6.658358 1.170956 9.015466 2.346650 -10.509962 nan nan nan 0.204486 10.592709 7.006210 0.188856 -2.067331 8.812921 -0.445904 2.264001 0.246270 2.509507 6.088921 -1.397737 -3.257874 -2.975751 -4.227339 -21.197995 8.671202 -4.122284 -72.400370 2.133428 15.288061 17.499115 -25.308023 -10.616100 -9.570214 -16.625456 3.762252 21.215569 0.996163 1.799494 65.866562 7.826216 13.187903 -15.608355 24.430870 -15.322840 2.408762 11.698929 -4.128227 
338.293793 38.743580 93.377731 -103.319073 -2.531497 90.748356 5.596261 -1.453234 -24.333579 -2.415974 5.802247 5.628661 -1.729965 8.296069 0.342622 nan nan nan -6.726698 -4.086421 17.836238 4.787805 6.756476 1.711355 9.342396 2.614815 -10.474165 nan nan nan 0.005932 10.652290 6.914227 0.241784 -2.073680 8.941249 -0.477668 2.300042 0.171757 2.519116 6.232396 -1.373017 -3.136195 -2.780392 -4.234131 -21.078286 8.691399 -4.023770 -72.283948 2.344285 15.288292 17.371853 -25.214644 -10.293867 -8.886652 -17.306930 2.480923 21.479861 1.040496 1.835977 65.611207 8.060390 13.113258 -15.178968 24.432604 -15.443494 1.324319 12.904125 -5.005580 
337.620544 38.726444 93.385529 -103.557123 -2.449645 90.780950 5.756964 -1.436452 -24.283019 -2.635743 5.605609 6.047281 -1.481324 8.330226 0.194735 nan nan nan -6.865438 -3.933046 17.928905 4.809081 7.190949 2.123502 9.967231 2.699361 -10.217976 nan nan nan -0.200777 10.750656 6.774535 0.296349 -2.082140 9.111032 -0.400334 2.310487 0.026756 2.471593 5.881658 -0.932391 -3.247470 -2.514851 -4.447904 -21.125049 8.624003 -3.674938 -72.139525 2.421805 15.136663 17.108153 -25.377884 -9.558810 -8.135124 -16.536184 3.191106 21.464362 0.986926 2.118219 65.515907 8.331104 12.763410 -14.897505 24.821403 -15.312244 0.883059 13.232921 -5.482361 
336.950134 38.694775 93.387756 -103.789936 -2.313585 90.891724 5.930659 -1.456629 -24.361579 -2.739476 5.576896 6.606215 -1.386603 8.368518 0.122610 nan nan nan -6.924220 -3.736003 17.895399 5.004992 7.251053 2.723898 10.603168 2.844389 -10.045345 nan nan nan -0.338840 10.820755 6.641711 0.351126 -2.026038 9.045560 -0.288472 2.247964 -0.031391 2.350388 5.869162 -0.529822 -3.303877 -2.336852 -4.550729 -21.082962 8.519612 -3.454410 -72.205675 2.662984 14.923598 17.344353 -25.291655 -9.575841 -8.486396 -16.905228 2.214481 21.310438 1.042926 2.252262 65.627593 8.367201 12.558401 -14.995596 25.073618 -15.071460 1.005203 13.339452 -5.799457 
336.251495 38.632126 93.399872 -103.998087 -2.164522 90.925709 5.997542 -1.552597 -24.377895 -2.688639 5.642445 7.311408 -1.187619 8.570278 0.040234 nan nan nan -6.954678 -3.688509 17.925101 4.892179 7.056673 3.246294 10.407034 3.157814 -9.963219 nan nan nan -0.339173 10.869185 6.671955 0.328099 -1.947972 8.835831 -0.250631 2.161792 0.178866 2.343886 5.941180 -0.582677 -3.282905 -2.187927 -4.609292 -21.050263 8.455800 -3.471966 -72.235931 2.834843 14.886729 17.470700 -25.083709 -9.574865 -8.594432 -17.014597 1.846877 21.240894 1.018190 2.047714 65.685063 8.270375 12.538881 -15.076467 25.339530 -15.092468 1.246103 13.358990 -5.875961 
335.495667 38.552429 93.433083 -104.091112 -2.085758 90.841754 5.908416 -1.780070 -24.175768 -2.569482 5.711278 7.917170 -0.950929 8.795105 0.230541 nan nan nan -7.053941 -3.510931 18.268548 4.790096 7.612610 3.540213 11.231137 3.156706 -9.525579 nan nan nan -0.232724 10.657757 6.945251 0.184539 -1.964937 8.431777 -0.506450 2.153681 0.599335 2.339724 6.383368 -1.069945 -2.920413 -2.242074 -4.448313 -20.462598 8.750720 -3.324694 -72.451889 2.753380 14.619671 17.313815 -25.189198 -9.488666 -8.596047 -16.749744 2.194858 21.376239 0.941042 1.993848 65.752455 8.402484 12.563191 -15.083151 25.684603 -15.030070 1.255512 13.426075 -6.069361 
334.716492 38.511314 93.452019 -104.217003 -2.100392 90.925506 5.795861 -1.891299 -24.103249 -2.649310 5.805481 8.386266 -0.662346 8.982379 0.667828 nan nan nan -7.214862 -3.406246 18.206850 4.986108 7.778725 4.258901 12.610465 3.177657 -9.086997 nan nan nan -0.664190 10.649272 6.551129 0.290429 -2.076441 8.704422 -0.527919 2.212672 0.465571 2.409367 6.445913 -0.920221 -2.683608 -2.030252 -4.258896 -20.340526 8.636924 -3.203539 -72.364350 3.083898 14.539155 17.468202 -25.217942 -9.271741 -8.541425 -16.739224 1.563636 21.578760 1.073620 2.147687 65.605895 8.360900 12.548232 -15.238386 25.899043 -15.321345 1.117840 13.327196 -6.145977 
333.953674 38.519863 93.476219 -104.436107 -2.039291 91.009461 5.797489 -1.760047 -24.087040 -2.742342 6.032014 8.889088 -0.311145 8.897162 1.121558 nan nan nan -7.273172 -3.267918 17.963042 4.804539 7.721814 5.048851 12.863187 3.447987 -8.918344 nan nan nan -1.238267 10.900355 6.054578 0.550282 -2.109865 9.325628 -0.203589 2.189969 -0.098870 2.547902 5.792735 -0.100805 -3.141508 -1.697590 -4.271857 -20.975549 8.345641 -3.460695 -71.920448 3.677876 14.859182 17.821546 -24.882132 -9.096921 -8.411072 -16.825207 0.722718 21.537955 1.075543 2.250493 65.511887 8.256517 12.715714 -15.489229 25.898312 -15.730380 0.960826 13.202724 -6.190091 
333.182190 38.442532 93.549507 -104.537243 -1.938829 91.073766 5.741203 -1.878280 -24.053220 -2.586082 6.262634 9.359035 0.025079 8.788706 1.532443 nan nan nan -7.361238 -3.208452 17.785850 4.818390 7.720605 5.981416 13.665047 3.803341 -8.340164 nan nan nan -1.220272 10.783177 6.163203 0.492729 -2.074794 8.998615 -0.400202 2.135823 0.365639 2.301970 6.602146 -0.951579 -2.750367 -1.870740 -4.209967 -20.841634 8.630591 -4.086890 -71.801952 3.829639 14.961450 17.578021 -24.598625 -9.206097 -8.494138 -16.769810 1.248452 21.866288 0.779282 1.827712 65.314433 8.270419 12.869377 -15.345496 26.227233 -15.920441 1.200614 13.295926 -5.822626 
332.413696 38.363594 93.565102 -104.596242 -1.990852 91.248177 5.596970 -2.110447 -24.111330 -2.574276 6.251471 9.686580 0.320246 8.921297 1.825389 nan nan nan -7.566479 -3.154243 17.414638 4.883877 7.315879 6.946335 13.456165 3.923165 -8.167656 nan nan nan -1.508259 10.647498 5.964034 0.473344 -2.171540 9.078495 -0.434366 2.161647 0.003108 2.251437 6.543016 -0.523256 -2.975578 -1.427308 -4.124635 -20.715679 8.611705 -3.687099 -71.769707 3.834091 14.716818 17.648634 -24.458465 -9.143508 -8.607482 -16.432239 1.487710 21.703050 0.761701 2.161588 65.728532 8.303745 12.919494 -15.812457 26.353757 -16.041125 1.486220 13.048760 -5.789831 
331.593201 38.304855 93.656708 -104.588432 -1.939632 91.195247 5.460061 -2.166791 -23.815118 -2.543507 6.052648 9.884423 0.307072 8.856502 2.103354 nan nan nan -7.707651 -3.025427 17.305150 4.716780 7.514147 7.840194 13.428757 4.089231 -7.592173 nan nan nan -1.563779 10.470804 6.010816 0.396816 -2.275567 8.989646 -0.543951 2.208232 -0.063914 2.440121 6.315369 0.042161 -3.076620 -1.321543 -4.323080 -20.724701 8.434840 -3.408375 -71.647313 3.821122 14.519861 17.861061 -24.228555 -9.360358 -8.717020 -16.040079 1.780473 21.788487 0.886576 2.419032 65.920915 8.188801 12.971221 -16.490040 26.717618 -16.050126 1.867057 12.108103 -5.645178 
330.767853 38.238865 93.720261 -104.511416 -1.998392 91.318506 5.245932 -2.450028 -23.762431 -2.527799 5.906965 10.217498 0.512338 8.761287 2.188671 nan nan nan -7.933395 -3.056783 16.909966 4.728605 6.998406 8.979733 13.176852 4.289197 -7.217917 nan nan nan -1.943989 10.408266 5.773811 0.409994 -2.384767 9.003913 -0.542594 2.255715 -0.076535 2.562912 6.120128 0.042669 -2.943406 -1.087736 -4.153620 -20.820450 8.372261 -3.413400 -71.459967 3.727002 14.521045 17.966874 -23.775415 -9.530371 -8.546988 -15.993350 1.892631 22.097150 0.727241 2.434591 65.685629 8.115348 12.803437 -16.427733 26.871585 -16.362277 2.036240 12.125165 -5.093435 
329.920685 38.157959 93.799438 -104.336254 -2.071816 91.372555 4.945545 -2.766814 -23.589191 -2.498806 5.778977 10.518820 0.944201 8.656012 2.195164 nan nan nan -8.128549 -2.771671 16.737164 4.641999 6.919726 9.802641 13.765997 4.551656 -6.615408 nan nan nan -2.224288 10.329134 5.640575 0.422920 -2.479824 9.140297 -0.559938 2.165903 -0.232805 2.489714 6.110972 0.077956 -2.775733 -0.940184 -4.034972 -20.845413 8.396231 -3.591782 -71.226440 3.771940 14.538929 17.812963 -23.405910 -9.535810 -8.236815 -16.438120 1.735435 22.276745 0.484022 2.383468 65.503314 8.100212 12.579992 -15.909623 26.678368 -16.527327 1.577699 13.241061 -4.997695 
329.069733 38.107391 93.902359 -104.150174 -2.063535 91.342817 4.694690 -2.920289 -23.284150 -2.532734 5.467620 10.807074 1.496510 8.759094 2.056552 nan nan nan -8.217338 -2.721848 16.418746 4.778922 6.543629 11.121121 14.127183 4.377372 -5.949035 nan nan nan -2.462170 10.241887 5.619496 0.482783 -2.489168 9.164405 -0.527535 2.007452 -0.302627 2.342634 5.918485 0.261891 -2.638758 -0.713797 -4.118623 -20.887357 8.258896 -3.537843 -70.995181 3.839439 14.516674 17.781319 -23.317999 -9.365068 -8.151625 -16.481820 1.612437 22.287053 0.368695 2.222433 65.594326 7.798702 12.484231 -15.909723 26.695333 -16.428702 1.349811 13.489913 -4.945319 
328.222382 38.074799 94.028603 -104.034356 -1.955310 91.365386 4.622190 -2.909343 -23.029088 -2.624103 5.256022 11.130860 1.910781 8.811605 1.891508 nan nan nan -8.223495 -2.836361 15.862135 4.830549 6.158083 12.816004 14.420538 4.425518 -5.320128 nan nan nan -2.686239 10.153664 5.523605 0.584674 -2.430784 9.055506 -0.460661 1.918521 -0.265882 2.270558 5.692639 0.591373 -2.597679 -0.579217 -4.209461 -20.892433 8.050838 -3.314466 -70.891001 3.835082 14.516568 17.893242 -23.229032 -9.215164 -8.150689 -16.265566 1.547123 22.246136 0.361437 2.178071 65.754624 7.400296 12.453892 -16.171906 26.816482 -16.343828 1.354689 13.451058 -5.184503 
327.378265 38.027157 94.155991 -103.894628 -1.899185 91.423395 4.584812 -3.068770 -22.768611 -2.705813 5.344197 11.409344 2.337091 8.902389 1.721543 nan nan nan -8.246590 -2.795562 15.290131 4.932038 5.750132 14.328362 14.644431 4.299471 -4.480223 nan nan nan -2.882908 9.974821 5.418690 0.646186 -2.440349 9.025627 -0.547610 1.891714 -0.213332 2.178571 5.814583 0.484939 -2.479452 -0.530352 -4.104574 -20.677581 7.937497 -3.275174 -70.880197 3.841569 14.517648 17.982842 -23.134705 -9.278103 -8.322672 -15.882382 1.509022 22.286270 0.404115 2.070863 65.963694 7.047429 12.601623 -16.448210 26.879363 -16.478857 1.517122 13.428318 -5.188142 
326.538910 37.966084 94.295845 -103.763906 -1.821944 91.426272 4.534156 -3.262160 -22.340217 -2.735660 5.492159 11.517607 2.944403 9.012283 1.557507 nan nan nan -8.306870 -2.798333 14.707993 5.000608 5.261604 15.993917 15.080002 4.355304 -3.477780 nan nan nan -2.908065 9.649893 5.466683 0.606689 -2.429551 8.942995 -0.821999 1.830882 0.020878 2.072640 6.475612 -0.541693 -2.063947 -0.584033 -3.484322 -20.355177 8.018918 -3.411567 -70.840242 3.818992 14.506261 18.118220 -23.250321 -9.470177 -8.695711 -15.503748 1.623895 22.411821 0.287595 1.876497 66.173788 6.987477 12.821046 -16.577731 27.005771 -16.525293 1.894049 13.047847 -4.851866 
325.706177 37.881844 94.456032 -103.628682 -1.733759 91.391639 4.442223 -3.478433 -21.762975 -2.839874 5.350166 11.354494 3.342083 9.145978 1.504035 nan nan nan -8.391545 -2.681588 14.014654 5.142122 4.853385 17.772998 15.896133 4.318544 -1.968908 nan nan nan -2.935610 9.358893 5.506714 0.592972 -2.356158 8.875458 -0.985870 1.827071 0.121812 1.964377 6.636761 -0.904477 -1.938942 -0.565452 -3.041437 -20.216564 7.904464 -3.380236 -70.701007 3.837848 14.520987 18.340764 -23.519387 -9.586956 -9.067394 -15.092849 1.471203 22.395737 0.189254 1.825180 66.478963 6.743845 12.991645 -17.100962 27.364550 -16.338268 2.188918 11.916120 -4.811877 
324.868561 37.783733 94.592819 -103.381935 -1.739335 91.384432 4.208386 -3.700676 -21.262685 -2.956293 4.988911 11.257708 3.393039 9.173118 1.411164 nan nan nan -8.550560 -2.604705 13.229502 5.297970 4.068137 19.736314 16.214474 4.355114 -0.766238 nan nan nan -3.209830 9.180319 5.439999 0.716129 -2.352923 9.030072 -0.823666 1.757495 -0.202164 2.023750 5.965977 -0.231587 -2.460163 -0.249222 -3.283144 -20.332859 7.725831 -3.099590 -70.535711 3.678114 14.268066 18.255443 -23.454292 -9.499757 -8.799336 -15.283799 1.462412 22.139390 0.197676 2.133335 66.603699 6.732134 12.547188 -16.917238 26.874515 -16.304910 2.030413 12.729717 -4.945872 
324.021606 37.693615 94.730621 -103.027095 -1.723377 91.358146 4.034986 -3.929804 -20.752782 -3.164024 4.560297 11.163601 3.703898 9.360245 1.281505 nan nan nan -8.606016 -2.534035 12.408366 5.477624 3.094981 21.748079 16.028075 3.983757 0.377273 nan nan nan -3.415985 8.926675 5.469778 0.812153 -2.327715 8.841649 -0.756846 1.703884 -0.190003 1.939851 5.466209 0.331528 -2.670702 -0.122113 -3.603821 -20.428986 7.473191 -2.962715 -70.294022 3.555459 14.271559 18.280600 -23.390892 -9.669039 -8.832972 -14.890656 1.458839 21.875612 0.173465 2.046409 66.989334 6.260561 12.567240 -17.370705 26.997206 -16.122479 2.029201 11.530359 -5.091994 
323.156189 37.640900 94.896927 -102.708806 -1.615200 91.250311 3.911143 -3.941763 -20.082214 -3.257127 4.322020 11.020285 3.846826 9.353179 0.994530 nan nan nan -8.567111 -2.274062 11.651279 5.411358 2.081155 23.715773 16.484503 3.830824 2.064245 nan nan nan -3.543224 8.631306 5.585659 0.918037 -2.232369 8.507225 -0.820268 1.673835 0.015885 1.775431 5.652504 0.575993 -2.197841 -0.252250 -3.643414 -20.329883 7.296765 -3.037528 -70.157005 3.432482 14.451685 18.353257 -23.145913 -9.608322 -8.870948 -14.956172 1.686400 22.066474 0.068397 1.799696 66.885869 5.941269 12.393599 -17.199893 26.737100 -16.035037 1.902424 11.386045 -4.855853 
322.280548 37.602177 95.036987 -102.407206 -1.516658 91.220450 3.775369 -3.963346 -19.424316 -3.306001 4.132834 10.796033 3.959791 9.286339 0.626370 nan nan nan -8.524441 -2.078368 10.795301 5.344798 1.208556 25.598447 16.982939 3.582339 4.073999 nan nan nan -3.761213 8.365028 5.431026 1.113582 -2.140339 8.364843 -0.898725 1.657702 0.263695 1.907965 5.878325 0.510295 -1.905116 -0.450378 -3.414914 -20.190192 7.150545 -3.138126 -70.071055 3.157764 14.551341 18.504767 -22.920880 -10.124200 -9.417719 -14.641311 2.268356 22.212529 0.002385 1.496576 66.807598 5.547011 12.326955 -17.142822 26.544328 -16.075763 2.332382 11.211298 -4.405022 
321.398773 37.557343 95.154594 -102.063503 -1.495657 91.137907 3.569005 -4.056728 -18.654970 -3.408087 3.798055 10.437276 4.179658 9.376812 0.300175 nan nan nan -8.607945 -2.160121 9.875712 5.320221 0.649944 27.817827 16.565587 3.096014 5.545394 nan nan nan -4.024820 8.207775 5.252230 1.299191 -2.087075 8.496010 -0.857987 1.570255 0.207736 1.827143 5.643705 0.909562 -2.070492 -0.461357 -3.280631 -20.098095 6.772855 -2.986764 -70.056173 2.875236 14.381615 18.700441 -22.748705 -10.943008 -9.727285 -14.362253 1.949325 22.127966 -0.061879 1.323836 66.841015 5.121820 12.153319 -17.070865 26.453931 -16.005300 2.817140 10.940203 -4.385557 
320.578796 37.527882 95.288429 -101.841924 -1.484669 90.963417 3.362568 -3.957872 -17.827503 -3.544695 3.400904 10.097446 4.377580 9.443856 0.156844 nan nan nan -8.587105 -2.191624 8.855254 5.251965 -0.001367 30.170721 15.912256 2.436367 6.684847 nan nan nan -4.268339 7.933655 5.400053 1.352492 -1.932401 8.388248 -0.823269 1.570975 0.325693 1.764002 5.701709 0.927118 -1.901613 -0.524269 -3.212281 -19.879460 6.505408 -3.119064 -69.977889 2.840438 14.527577 18.677577 -22.808950 -11.163607 -9.378594 -14.787667 1.036446 22.284388 -0.140274 0.987931 66.731215 4.807786 12.112544 -16.893024 26.238651 -16.014591 2.802837 10.938286 -4.490262 
319.816162 37.494217 95.426422 -101.721272 -1.415277 90.743336 3.214017 -3.735386 -17.011920 -3.659334 3.075514 9.845012 4.550293 9.430448 -0.012818 nan nan nan -8.463202 -2.146920 7.692606 5.128680 -0.437615 32.678383 15.392876 1.988515 7.526603 nan nan nan -4.337169 7.528080 5.781202 1.348035 -1.765919 8.281188 -0.967956 1.642664 0.313866 1.944169 6.247149 0.727197 -1.849724 -0.622330 -2.998026 -19.649526 6.485260 -3.427153 -69.747928 2.930862 14.811402 18.549562 -23.139183 -10.791872 -9.157850 -15.135863 1.010820 22.613994 -0.095999 0.890518 66.581985 4.719388 12.258283 -16.839694 25.878007 -16.196257 2.662143 11.233081 -4.575306 
319.059479 37.457359 95.529984 -101.549564 -1.404812 90.607297 3.059257 -3.652300 -16.272515 -3.817173 2.801802 9.565932 4.813247 9.441308 -0.215601 nan nan nan -8.453346 -2.230357 6.354003 4.957830 -1.028456 35.463923 15.411402 1.512144 8.112800 nan nan nan -4.459321 7.163443 6.096254 1.348476 -1.703476 8.123420 -1.112739 1.610850 0.098519 2.082262 6.367881 1.274509 -1.751535 -0.581310 -2.986097 -19.428811 6.580261 -3.401514 -69.496093 2.794079 14.893660 18.348850 -23.422960 -10.293119 -9.081867 -15.123643 1.422824 22.823490 0.023911 1.294701 66.587772 4.825702 12.285295 -16.929234 25.439338 -16.124676 2.647268 11.469445 -4.728140 
318.310242 37.428631 95.619301 -101.355558 -1.435694 90.552362 2.951101 -3.688314 -15.517870 -4.100006 2.477906 9.110981 5.211201 9.550261 -0.401130 nan nan nan -8.378369 -2.016415 5.108223 5.040506 -1.040675 37.917737 15.422145 1.504750 8.308015 nan nan nan -4.636337 6.872357 6.245168 1.414505 -1.627470 8.048591 -1.130127 1.675245 -0.177765 1.722407 6.255285 2.096090 -1.640656 -0.578635 -3.164162 -19.425342 6.332637 -3.141228 -69.136883 2.389225 14.843751 18.047358 -23.430685 -9.834044 -8.845476 -15.101329 1.407259 22.775843 -0.069337 1.608558 66.764082 4.780504 12.033664 -17.050712 25.238564 -15.809036 2.298650 11.526538 -4.636039 
317.548248 37.390327 95.691017 -101.120596 -1.530534 90.462262 2.729888 -3.792288 -14.756984 -4.302834 2.157932 8.706876 5.683073 9.746601 -0.615965 nan nan nan -8.452250 -2.003868 3.831606 5.022010 -1.417050 40.431570 15.318071 1.337236 8.360450 nan nan nan -4.845492 6.525870 6.301328 1.449714 -1.597711 8.105102 -1.145479 1.679032 -0.151051 1.556327 6.158191 2.110419 -1.931972 -0.509768 -3.063356 -19.442948 6.146923 -3.309939 -68.766041 2.114856 14.864533 17.789579 -23.502366 -9.847170 -8.726583 -15.110971 1.207098 22.726112 -0.077717 1.490970 66.945993 4.677815 12.148962 -17.122461 25.001312 -15.647389 1.771875 11.226723 -4.438073 
316.784943 37.383293 95.757538 -100.937880 -1.521992 90.267630 2.555604 -3.778307 -13.954296 -4.395379 1.730675 8.455983 5.971408 10.014846 -0.861417 nan nan nan -8.354845 -1.922264 2.731510 5.130462 -1.516611 42.722695 14.809164 1.355010 8.027031 nan nan nan -4.836832 6.165134 6.436584 1.406545 -1.541241 8.284378 -1.282284 1.649652 -0.119420 1.730608 6.267675 1.620058 -2.178508 -0.480440 -2.689593 -19.461219 6.002268 -3.608035 -68.309058 1.939944 14.930886 17.680466 -23.775987 -10.006983 -8.745078 -15.072528 1.163999 22.839087 -0.058148 1.275733 67.071754 4.608481 12.412025 -17.212639 24.718170 -15.586775 1.396493 10.623340 -4.274047 
316.005920 37.393261 95.845032 -100.771855 -1.461301 89.955649 2.429599 -3.631034 -12.954430 -4.496178 1.237562 8.142540 6.127978 10.175732 -1.179223 nan nan nan -8.201246 -1.815289 1.840354 5.283234 -1.561276 44.767184 14.471325 1.351204 7.729249 nan nan nan -4.754896 5.842705 6.720646 1.361662 -1.489296 8.295520 -1.430474 1.627811 0.005393 1.809631 6.551783 1.409684 -2.162473 -0.509736 -2.604713 -19.482792 5.900145 -3.854165 -67.865110 1.560278 14.947867 17.484621 -24.009693 -10.156503 -8.813703 -14.741143 1.578533 23.063761 -0.056200 1.181291 67.053585 4.629780 12.472166 -17.218770 24.470404 -15.568609 1.239730 10.076818 -4.037962 
315.233368 37.415001 95.957520 -100.577523 -1.381014 89.558761 2.353788 -3.519331 -11.848917 -4.586648 0.850423 7.800815 6.152988 10.206001 -1.463436 nan nan nan -8.015335 -1.675878 1.094843 5.445388 -1.752728 46.557793 14.322237 1.303424 7.435905 nan nan nan -4.713024 5.578893 7.191922 1.358852 -1.433119 8.141492 -1.511030 1.573399 0.140312 1.665791 7.015292 1.484097 -1.878714 -0.514624 -2.682739 -19.478706 5.738519 -4.104465 -67.479152 1.115496 15.088108 17.227575 -24.033778 -10.344490 -8.842735 -14.602806 1.818971 23.329971 -0.049181 1.055379 66.875532 4.535282 12.454792 -17.158734 24.254615 -15.829352 1.310610 9.953403 -4.185195 
314.485229 37.450600 96.055443 -100.387481 -1.364600 89.234545 2.262879 -3.623333 -10.863047 -4.678767 0.566420 7.499356 6.251169 10.406035 -1.727148 nan nan nan -7.851513 -1.430239 0.179567 5.561467 -2.094134 48.410693 14.162168 1.297915 7.011608 nan nan nan -4.814188 5.385067 7.479956 1.395009 -1.347604 8.302444 -1.495186 1.496727 0.009343 1.624874 7.219576 1.664108 -1.816295 -0.543476 -2.669255 -19.528938 5.447597 -4.404209 -67.035753 0.753150 15.448512 17.002733 -23.794122 -10.255615 -8.976028 -14.947866 1.892866 23.465693 0.018213 0.801434 66.813167 4.175365 12.607955 -17.318086 23.945580 -16.347190 1.642546 10.378192 -5.050662 
313.744568 37.490971 96.127525 -100.168287 -1.275067 89.010574 2.225663 -3.487233 -9.989108 -4.787281 0.090776 7.215619 6.348267 10.546107 -2.049406 nan nan nan -7.632880 -1.223521 -0.871705 5.650513 -2.442681 50.187078 13.940410 1.436945 6.724791 nan nan nan -4.866958 5.145860 7.534928 1.460147 -1.139293 8.516714 -1.378219 1.427412 -0.099491 1.826266 7.087413 1.923745 -2.149052 -0.738644 -2.520053 -19.640383 5.022011 -4.630819 -66.705673 0.389816 15.675763 16.822542 -23.456426 -10.055753 -9.125202 -15.574816 2.258693 23.459082 0.096574 0.604260 66.792403 3.771848 12.484759 -17.383869 23.676727 -16.544603 1.872487 10.824162 -5.698798 
312.967346 37.486458 96.210251 -99.725197 -1.037271 88.740138 2.241969 -3.275090 -9.087439 -4.803255 -0.594164 7.020940 6.491098 10.648652 -2.557843 nan nan nan -7.378117 -1.247779 -1.691329 5.974361 -2.772751 51.565051 13.652417 1.532732 6.715562 nan nan nan -4.590715 4.780605 7.611152 1.525789 -1.085335 8.650528 -1.348434 1.363836 -0.045297 1.963296 6.889319 2.322050 -2.370940 -1.037496 -2.485361 -19.827294 4.667133 -4.768343 -66.463954 -0.131264 15.543935 16.689615 -23.275842 -10.238581 -9.223662 -15.933833 3.230049 23.370818 0.196863 0.576749 66.747846 3.490433 11.990400 -17.305560 23.622969 -16.569145 2.098172 11.061591 -5.704494 
312.194458 37.506565 96.301582 -99.382153 -0.904514 88.466767 2.256510 -3.348351 -8.170713 -4.892240 -1.017455 6.832476 6.608736 10.942265 -3.073629 nan nan nan -7.155164 -1.151962 -2.420054 6.300101 -3.096304 52.745536 13.389886 1.563706 6.449267 nan nan nan -4.442384 4.435362 7.834878 1.553494 -1.210053 8.756367 -1.442060 1.259285 -0.075284 1.624497 7.325192 2.358083 -2.198346 -0.809205 -2.472389 -19.936084 4.482129 -4.500542 -66.090211 -0.586349 15.315911 16.729182 -23.732203 -10.440188 -8.880040 -16.165939 3.682203 23.509137 0.323081 0.697454 66.603741 3.429499 11.741434 -17.195859 23.564601 -16.678715 2.139470 11.258878 -5.757696 
311.431702 37.511654 96.400665 -99.072629 -0.827975 88.260892 2.245707 -3.555961 -7.348545 -5.021323 -1.332218 6.650540 6.597800 11.166220 -3.440860 nan nan nan -6.978754 -1.110127 -3.344722 6.650727 -3.224055 53.923337 13.255468 1.610697 6.239158 nan nan nan -4.360285 4.148201 7.953219 1.619241 -1.259068 8.823664 -1.533723 1.155761 -0.038384 1.281442 7.584413 2.244275 -1.951225 -0.708357 -2.430876 -20.017542 4.405943 -4.556383 -65.711673 -0.982927 15.460549 16.676166 -24.014354 -10.277427 -8.742750 -16.329011 3.894063 23.597388 0.193691 0.525800 66.525575 3.305877 11.773306 -16.991390 23.410332 -16.485023 2.113248 11.226370 -5.732067 
310.685699 37.492939 96.499405 -98.670447 -0.695621 88.086134 2.173814 -3.405182 -6.649037 -5.008670 -2.000137 6.602582 6.545531 11.238513 -3.724396 nan nan nan -6.754803 -1.250397 -4.326611 6.903052 -3.392418 55.055544 13.095070 1.656078 5.873508 nan nan nan -4.249647 3.836318 7.995469 1.707364 -1.219635 8.816304 -1.492043 1.039088 0.076485 0.995340 7.470820 2.395117 -1.883312 -0.676196 -2.506378 -20.176000 4.126216 -4.551782 -65.421946 -1.496242 15.486564 16.635630 -24.160376 -10.284698 -8.434601 -16.322098 4.047996 23.600773 0.126201 0.481607 66.423945 3.122182 11.519164 -16.783587 23.369667 -15.990468 2.013397 11.080467 -5.425194 
309.964203 37.474632 96.621574 -98.141360 -0.556440 87.907883 2.052610 -3.094679 -6.023867 -4.911228 -2.811303 6.660953 6.508591 11.174279 -4.110857 nan nan nan -6.537704 -1.270107 -5.247933 7.092428 -3.859802 55.959791 12.884457 1.693231 5.608897 nan nan nan -4.158778 3.370255 8.123823 1.822202 -1.262416 8.876642 -1.494860 0.953642 0.065849 0.787947 7.055187 2.977347 -1.925127 -0.776419 -2.899161 -20.353847 3.975445 -4.606783 -65.133074 -2.080814 15.466801 16.626855 -24.446924 -10.842787 -8.156223 -15.798906 4.417906 23.614342 0.139332 0.409067 66.343025 2.942046 11.395475 -16.654830 23.196834 -15.804475 2.051448 11.007082 -5.280008 
309.263916 37.487522 96.744606 -97.603160 -0.417923 87.743332 2.024559 -2.862529 -5.454728 -4.901028 -3.428772 6.728434 6.465251 11.065558 -4.547886 nan nan nan -6.274499 -1.068855 -6.200364 7.285521 -4.513772 56.724782 12.528247 1.770977 5.393318 nan nan nan -4.169563 2.873120 8.225080 2.011023 -1.307322 9.073356 -1.511352 0.855891 -0.264046 0.669301 7.045650 3.493486 -1.821615 -0.756179 -2.781881 -20.427003 3.978032 -4.494511 -64.938893 -2.740993 15.544635 16.700847 -24.661207 -11.424496 -8.214239 -15.371964 4.881672 23.598379 0.133145 0.470098 66.414170 2.820580 11.570646 -16.782156 22.785667 -15.882316 2.131381 11.013006 -5.640135 
308.502197 37.511574 96.839394 -97.184609 -0.274414 87.526312 2.078955 -2.786459 -4.690427 -4.936104 -3.773485 6.636898 6.489188 10.979829 -4.926571 nan nan nan -6.002526 -0.964111 -7.069464 7.498774 -4.945316 57.357890 12.259999 1.908591 5.113861 nan nan nan -4.129941 2.462487 8.253531 2.153320 -1.332274 9.240897 -1.528335 0.762195 -0.451953 0.599277 7.280805 3.769798 -1.654099 -0.835385 -2.397604 -20.419657 4.017195 -4.353059 -64.794391 -3.405009 15.558686 16.694551 -24.668967 -11.557462 -8.285321 -15.771973 5.282546 23.631678 0.091572 0.664971 66.456706 2.808521 11.548987 -16.848532 22.483861 -15.877111 2.137343 11.118999 -5.723258 
307.710144 37.528431 96.922325 -96.800784 -0.104343 87.281995 2.174569 -2.756187 -3.795679 -4.973656 -4.185180 6.404617 6.484260 10.952431 -5.254099 nan nan nan -5.698154 -0.923414 -7.839026 7.650919 -5.234680 57.809061 12.202231 1.925727 4.664501 nan nan nan -4.030453 2.101499 8.281661 2.258590 -1.306893 9.346962 -1.505560 0.644584 -0.432249 0.694407 7.354271 3.729144 -1.849362 -0.875524 -2.055287 -20.411538 4.023975 -4.423276 -64.620241 -3.933982 15.477546 16.501026 -24.830629 -11.415699 -8.536775 -16.137624 5.779508 23.617356 -0.093849 0.687001 66.347027 2.790456 11.241180 -16.483636 22.468785 -15.636782 2.345001 10.985456 -5.215852 
306.950378 37.540356 96.994255 -96.375627 0.084680 87.129842 2.233808 -2.718266 -3.078353 -4.946446 -4.791038 6.265071 6.504320 11.128671 -5.650500 nan nan nan -5.423268 -0.874374 -8.696739 7.805993 -5.644450 58.158163 11.943820 2.036414 4.109977 nan nan nan -3.924336 1.721175 8.277495 2.385256 -1.303335 9.285160 -1.449531 0.600886 -0.334591 0.834633 7.274954 3.734211 -2.123675 -0.805441 -1.609415 -20.427309 3.818678 -4.367310 -64.396240 -4.452508 15.364821 16.185102 -25.056223 -11.428318 -8.601795 -16.456261 5.906982 23.525983 -0.192979 0.733551 66.272106 2.630417 10.798389 -16.151807 22.539546 -15.329436 2.495524 10.884388 -4.751527 
306.224884 37.552483 97.055313 -95.887834 0.230996 87.113626 2.193925 -2.786129 -2.604358 -4.833440 -5.411213 6.287434 6.478114 11.400916 -6.126959 nan nan nan -5.223592 -0.916013 -9.711214 8.000039 -6.066241 58.426706 11.530958 2.187350 3.403035 nan nan nan -3.860939 1.333102 8.183920 2.485058 -1.401572 9.164871 -1.398083 0.553550 -0.274388 0.844300 7.251334 3.844818 -1.954886 -0.694044 -1.152053 -20.400212 3.591783 -4.168132 -64.237861 -5.021896 15.354875 15.963132 -25.077903 -11.686117 -8.344466 -17.041286 5.663394 23.493126 -0.164205 0.884884 66.242257 2.439243 10.576024 -16.062875 22.448155 -15.150236 2.422606 11.120376 -4.859730 
305.507660 37.571243 97.123665 -95.466166 0.413803 87.026070 2.246421 -2.779436 -2.006282 -4.745687 -5.963309 6.222590 6.365696 11.504165 -6.481384 nan nan nan -4.946244 -0.944070 -10.637603 8.247212 -6.313363 58.391859 11.174433 2.034164 2.847480 nan nan nan -3.777851 1.017525 8.168559 2.586953 -1.457118 9.199281 -1.335760 0.477657 -0.258593 0.713471 7.357466 3.787439 -1.664330 -0.602655 -0.959386 -20.386497 3.424701 -4.204093 -64.171748 -5.448702 15.487734 15.956960 -25.278431 -12.084710 -7.917622 -17.238338 5.527800 23.505011 -0.190170 0.840468 66.166915 2.257105 10.529243 -15.988848 22.289943 -15.203904 2.350744 11.294511 -5.144217 
304.776794 37.609798 97.191849 -95.151670 0.604970 86.784624 2.396353 -2.666275 -1.140812 -4.738723 -6.483677 6.009134 6.293824 11.505281 -6.732887 nan nan nan -4.646220 -0.913101 -11.407750 8.405904 -6.521753 58.249354 10.876199 1.783496 2.361619 nan nan nan -3.722547 0.726678 8.391782 2.694782 -1.425469 9.121803 -1.286740 0.401310 -0.156772 0.550204 7.628232 3.737264 -1.392617 -0.618969 -1.016793 -20.314067 3.428547 -4.355706 -64.192575 -5.893338 15.620222 16.054401 -25.687594 -12.470537 -7.434457 -17.430159 5.325668 23.560767 -0.279723 0.732345 66.063106 2.105798 10.577293 -15.903155 22.200723 -15.092356 2.290314 11.307479 -5.341625 
304.024597 37.652416 97.231819 -94.816928 0.814102 86.648492 2.615604 -2.701343 -0.339245 -4.805067 -7.037029 5.726495 6.267056 11.618753 -6.943222 nan nan nan -4.353445 -0.813933 -12.223715 8.588541 -6.841711 57.922212 10.604114 1.440356 1.757215 nan nan nan -3.653214 0.430166 8.454547 2.807376 -1.412226 8.804994 -1.175091 0.347884 0.193553 0.458123 7.672150 3.800480 -1.193793 -0.658060 -0.930785 -20.358829 3.391110 -4.492436 -64.101743 -6.284338 15.634848 16.017268 -26.157957 -12.826752 -7.081210 -17.613309 5.155876 23.567461 -0.329660 0.639890 65.945220 1.850687 10.440245 -15.783369 22.225260 -14.965973 2.259254 11.222626 -5.331428 
303.267944 37.698067 97.274071 -94.468306 1.000479 86.492228 2.834257 -2.680853 0.502913 -4.892790 -7.594753 5.379294 6.187027 11.754866 -7.076714 nan nan nan -4.081697 -0.763701 -12.939214 8.783241 -7.058157 57.438372 10.258984 1.214131 1.074706 nan nan nan -3.610979 0.170568 8.523706 2.930335 -1.423692 8.644193 -1.005265 0.313290 0.303848 0.620352 7.292760 3.829419 -1.291198 -0.750415 -0.504766 -20.544750 3.243531 -4.355520 -63.899898 -6.807835 15.438190 15.900424 -26.549052 -13.280528 -7.119222 -17.886905 5.257574 23.463699 -0.386069 0.651028 65.899455 1.587255 10.136597 -15.654834 22.241306 -14.742779 2.350596 11.157065 -5.152080 
302.514954 37.748299 97.314331 -94.144982 1.161689 86.335999 2.966152 -2.589195 1.273266 -4.849199 -8.074899 5.170944 6.031270 11.777815 -7.332261 nan nan nan -3.869380 -0.716077 -13.633877 8.864054 -7.325037 56.869392 9.996357 1.152202 0.606822 nan nan nan -3.590810 -0.136017 8.556899 3.042610 -1.446339 8.702443 -0.958750 0.291312 0.297226 0.569799 7.435154 3.601423 -1.389889 -0.723174 -0.150380 -20.541731 3.211233 -4.438550 -63.759275 -7.293975 15.503482 15.598349 -26.818335 -13.693226 -7.175696 -18.469622 4.785082 23.592403 -0.443825 0.658087 65.696383 1.451436 10.069225 -15.473000 22.126591 -14.725564 2.363183 11.242651 -4.898498 
301.776337 37.802292 97.327637 -93.798665 1.369057 86.255816 3.085525 -2.433288 1.891707 -4.685114 -8.447645 5.068095 5.869884 11.756027 -7.739220 nan nan nan -3.635082 -0.663835 -14.410664 8.867161 -7.693082 56.149005 9.884561 0.948271 0.246903 nan nan nan -3.496296 -0.468219 8.467969 3.167555 -1.430794 8.755926 -0.923939 0.205776 0.418443 0.591304 7.635950 3.650955 -1.378660 -0.844597 -0.130686 -20.506576 3.196734 -4.748430 -63.701062 -7.654096 15.753245 15.445510 -27.081257 -13.962198 -7.254715 -18.716232 4.616227 23.686111 -0.411529 0.539812 65.548035 1.253301 10.171799 -15.418298 21.936584 -14.763135 2.413890 11.333851 -4.975773 
301.047211 37.847607 97.347061 -93.464168 1.576136 86.116940 3.225772 -2.226814 2.619622 -4.541869 -8.632101 4.853514 5.708141 11.613103 -8.042825 nan nan nan -3.423699 -0.633701 -15.045918 8.832967 -8.059152 55.199754 9.791692 0.856541 -0.110838 nan nan nan -3.358504 -0.780522 8.615269 3.275142 -1.399220 8.690512 -0.887103 0.086103 0.565885 0.501947 8.221189 3.745308 -1.151463 -0.954189 -0.539271 -20.516291 3.284544 -5.099171 -63.662413 -8.037427 16.004479 15.424018 -27.481141 -14.174409 -7.118799 -18.873794 4.984000 23.714201 -0.485646 0.340454 65.461191 1.066745 10.250931 -15.352741 21.839004 -14.764565 2.491579 11.441014 -4.941821 
300.318665 37.888634 97.363449 -93.178784 1.688427 85.954069 3.325504 -2.051525 3.433276 -4.500951 -8.853396 4.546915 5.548516 11.525100 -8.364520 nan nan nan -3.364188 -0.578825 -15.593337 8.842161 -8.425933 54.099889 9.566710 0.814656 -0.455065 nan nan nan -3.357085 -0.976200 8.731847 3.395343 -1.374610 8.746798 -0.820919 -0.074935 0.432777 0.539738 8.368152 3.830438 -1.094583 -1.042156 -0.413665 -20.497565 3.292492 -4.896876 -63.608173 -8.622958 16.030300 15.436807 -27.917801 -14.571228 -6.810443 -19.258236 5.059366 23.738633 -0.529811 0.436693 65.385514 0.965173 10.164641 -15.272221 21.715964 -14.751471 2.389502 11.520492 -4.897657 
299.582153 37.937183 97.358650 -92.971447 1.776020 85.806814 3.396151 -1.819910 4.219041 -4.428191 -9.309187 4.314695 5.369735 11.598445 -8.765787 nan nan nan -3.311649 -0.556777 -16.175958 8.901547 -8.686288 52.933586 9.261838 0.605419 -0.744232 nan nan nan -3.429703 -1.137244 8.747547 3.538147 -1.312846 8.815550 -0.691195 -0.143320 0.489985 0.498078 8.367785 3.759507 -1.058561 -1.014849 -0.236163 -20.478353 3.171088 -4.645554 -63.571896 -9.226396 16.010853 15.479068 -28.428700 -14.892374 -6.716487 -19.400169 5.009323 23.714426 -0.626166 0.461886 65.327300 0.918648 9.965050 -15.171842 21.660247 -14.601733 2.361361 11.511990 -4.819802 
298.824768 37.991104 97.342804 -92.750322 1.923486 85.674219 3.478667 -1.686547 5.004223 -4.260130 -9.978683 4.075367 5.321150 11.861656 -9.084376 nan nan nan -3.191044 -0.557448 -16.664016 9.010413 -8.902397 51.555962 8.963625 0.290906 -1.046236 nan nan nan -3.370476 -1.385194 8.794683 3.639016 -1.315414 8.769075 -0.639725 -0.169652 0.584692 0.386770 8.364050 3.625192 -0.970728 -0.907849 0.048430 -20.418338 3.172585 -4.373195 -63.479986 -9.755100 15.925884 15.443855 -29.089297 -14.955366 -6.676199 -19.365376 4.961557 23.696797 -0.731897 0.556486 65.305230 0.933748 9.771128 -15.082451 21.625668 -14.278886 2.466352 11.371627 -4.650378 
298.083038 38.060951 97.318451 -92.564051 2.110584 85.559315 3.619548 -1.656158 5.820581 -4.089714 -10.537469 3.681454 5.209128 12.116019 -9.248308 nan nan nan -3.031287 -0.455207 -17.123404 9.118484 -9.124405 50.045069 8.714606 -0.019420 -1.342134 nan nan nan -3.222405 -1.623401 8.898731 3.752738 -1.335222 8.786258 -0.606282 -0.230304 0.462334 0.326124 8.338868 3.609929 -1.026862 -0.851580 0.310659 -20.442778 3.278421 -4.220267 -63.322879 -10.205566 15.907710 15.340808 -29.670494 -15.035035 -6.992300 -19.316100 4.871890 23.552642 -0.809480 0.730251 65.439098 0.956672 9.658921 -15.097679 21.420073 -14.212933 2.739049 11.272292 -4.630532 
297.365326 38.140152 97.288254 -92.432320 2.230772 85.476981 3.798684 -1.494054 6.522172 -4.071683 -10.879230 3.401712 5.001589 12.149872 -9.551148 nan nan nan -2.903870 -0.311629 -17.607761 9.201566 -9.273708 48.427895 8.588477 -0.344533 -1.740839 nan nan nan -3.190440 -1.763347 8.998984 3.889156 -1.287435 8.822760 -0.527528 -0.312413 0.285372 0.535465 8.134289 3.708529 -1.206310 -1.042073 0.542664 -20.442671 3.223418 -4.197308 -63.222563 -10.493426 16.028034 15.317559 -30.144644 -15.247020 -7.319087 -19.328267 4.796606 23.421243 -0.831497 0.830262 65.567012 0.822647 9.548170 -15.104277 21.208456 -14.240050 2.939230 11.347140 -4.575240 
296.632538 38.205109 97.260933 -92.271633 2.268739 85.418388 3.943202 -1.217159 7.190943 -4.108265 -11.197939 3.191344 4.741496 12.056088 -9.874648 nan nan nan -2.886454 -0.214650 -18.054415 9.217690 -9.449406 46.678367 8.482136 -0.567885 -2.076658 nan nan nan -3.254645 -1.880307 9.041553 4.019389 -1.177464 8.840083 -0.430974 -0.377994 0.133633 0.584562 7.982201 3.974359 -1.306512 -1.139540 0.556393 -20.507494 3.043175 -4.019766 -63.053339 -10.816410 16.137221 15.375810 -30.720343 -15.418834 -7.424692 -19.422497 4.881865 23.389238 -0.888517 0.877412 65.653357 0.572759 9.357518 -15.170302 21.133336 -14.158367 2.965609 11.403429 -4.455593 
295.876251 38.249420 97.216110 -92.065350 2.315464 85.425897 4.035609 -1.013502 7.858083 -4.031386 -11.468396 2.865767 4.546575 11.897761 -10.132182 nan nan nan -2.906172 -0.243150 -18.484970 9.163956 -9.682520 44.850552 8.402569 -0.724482 -2.308151 nan nan nan -3.264554 -2.091268 8.941345 4.109501 -1.168571 8.887760 -0.395632 -0.447012 0.139673 0.366614 8.135909 3.965524 -1.162469 -1.089209 0.422778 -20.539713 3.075526 -3.845611 -62.922401 -11.268651 16.219683 15.479892 -31.359618 -15.702993 -7.695913 -19.450147 5.136201 23.376267 -0.968735 0.926609 65.729166 0.552335 9.336397 -15.221759 20.973427 -14.115439 3.044118 11.263749 -4.262807 
295.122589 38.273815 97.148552 -91.837860 2.419799 85.469113 4.104349 -0.931395 8.475232 -3.824802 -11.682984 2.583674 4.478420 11.901004 -10.591126 nan nan nan -2.859543 -0.347192 -18.878966 9.121158 -9.833663 42.828766 8.328992 -0.999716 -2.369724 nan nan nan -3.174725 -2.244700 8.771098 4.170935 -1.188378 8.875410 -0.380200 -0.484077 0.319244 0.197517 8.329479 3.719838 -0.963709 -1.048367 0.382389 -20.374990 3.050983 -3.842544 -63.037451 -11.678021 16.463765 15.556408 -31.830009 -15.895266 -7.822523 -19.652799 4.902556 23.372716 -1.082946 0.765016 65.710225 0.528132 9.359205 -15.104665 20.667368 -14.095843 3.262811 11.149265 -4.126483 
294.395660 38.300472 97.059814 -91.618106 2.514373 85.559789 4.136647 -0.911491 8.960298 -3.597853 -11.882282 2.392571 4.387992 12.078208 -11.012026 nan nan nan -2.808479 -0.445102 -19.310356 9.120690 -9.896516 40.663258 8.392795 -1.321585 -2.394978 nan nan nan -3.076084 -2.391264 8.625867 4.211418 -1.228844 8.717540 -0.373660 -0.438641 0.500163 0.231989 8.300073 3.598057 -0.873229 -1.097806 0.614372 -20.237036 2.996240 -3.822070 -63.102855 -12.036397 16.707357 15.552960 -32.310582 -15.883002 -7.137168 -19.808590 4.674983 23.439035 -1.133500 0.663430 65.655267 0.363394 9.318246 -15.044865 20.528077 -14.158492 3.187675 11.090671 -4.254066 
293.687805 38.348701 96.968582 -91.437074 2.541760 85.622208 4.110919 -0.874347 9.485839 -3.395336 -12.257380 2.095042 4.208833 12.111488 -11.094501 nan nan nan -2.777443 -0.507623 -19.664476 8.985597 -9.946456 38.386326 8.451250 -1.575353 -2.381299 nan nan nan -3.054284 -2.566539 8.604935 4.275885 -1.315584 8.708369 -0.330354 -0.462865 0.358796 0.195413 8.252994 3.632167 -0.834111 -1.185919 0.888348 -20.283761 3.160981 -3.575915 -62.987363 -12.495483 16.745545 15.511307 -32.952561 -16.032062 -6.769798 -19.813388 4.756966 23.407523 -1.125555 0.953284 65.688164 0.435661 9.301961 -15.045043 20.459568 -14.225186 3.123815 10.973744 -4.288353 
292.970367 38.429852 96.902519 -91.259644 2.565471 85.617969 4.116364 -0.695741 10.079446 -3.185912 -12.701068 1.828496 4.017242 12.036250 -11.167316 nan nan nan -2.671770 -0.564385 -19.856010 8.840806 -9.832903 35.977526 8.429753 -1.918410 -2.245074 nan nan nan -3.067481 -2.749931 8.719842 4.359294 -1.357352 8.610892 -0.245373 -0.621956 0.349971 0.114267 8.368771 3.412002 -0.717728 -1.209665 0.927974 -20.501532 3.366440 -3.616050 -62.701995 -12.741298 16.812874 15.500758 -33.634842 -16.073941 -6.772268 -19.827887 4.877851 23.407657 -1.052008 1.132238 65.732849 0.592161 9.406009 -15.098290 20.217359 -14.285634 3.042419 10.813225 -4.090371 
292.261505 38.510803 96.823273 -91.116820 2.532216 85.654378 4.115074 -0.612784 10.617768 -3.085894 -12.927235 1.666075 3.902585 12.104204 -11.672546 nan nan nan -2.655057 -0.572586 -20.022426 8.779466 -9.674864 33.390083 8.461201 -2.224892 -1.964692 nan nan nan -3.259579 -2.801022 8.791262 4.465596 -1.374752 8.393326 -0.185839 -0.558973 0.431708 0.262025 8.259196 3.295702 -0.681371 -1.237634 1.090348 -20.393642 3.300236 -3.623495 -62.741027 -12.993936 17.225629 15.677941 -34.075535 -16.168076 -6.605389 -19.964143 4.631227 23.567671 -1.159022 0.985992 65.698791 0.425033 9.571086 -15.165490 19.981527 -14.328766 2.990326 10.674516 -4.153772 
291.556702 38.587326 96.727951 -91.024817 2.466312 85.752015 4.131779 -0.556316 11.075598 -3.083498 -12.859832 1.533064 3.764236 11.958984 -12.195116 nan nan nan -2.680844 -0.571019 -20.180412 8.690638 -9.529620 30.680858 8.524648 -2.358987 -1.691309 nan nan nan -3.426741 -2.826069 8.662892 4.542222 -1.402825 8.372021 -0.135550 -0.493201 0.452026 0.396130 8.288880 3.352483 -0.740720 -1.440506 1.118832 -20.283451 3.231153 -3.779139 -62.834809 -13.238103 17.651406 15.807104 -34.328490 -16.484009 -6.668067 -20.096750 4.536265 23.747984 -1.177690 0.984121 65.654010 0.342235 9.748868 -15.297130 19.792210 -14.577567 2.979290 10.544119 -4.218124 
290.842590 38.669552 96.627144 -90.972648 2.423215 85.823727 4.153936 -0.454766 11.547085 -3.052811 -12.750321 1.405390 3.732762 11.656210 -12.391334 nan nan nan -2.617402 -0.580133 -20.277657 8.500780 -9.260047 27.982206 8.592900 -2.448119 -1.443638 nan nan nan -3.486589 -2.834817 8.513082 4.579415 -1.424520 8.509712 -0.080721 -0.506798 0.304918 0.541619 8.399863 3.416358 -0.831257 -1.675089 1.217914 -20.311634 3.344813 -4.012194 -62.828347 -13.509914 17.981869 15.795154 -34.522191 -16.695026 -7.017454 -20.269388 4.713635 23.843538 -1.159073 1.155863 65.709222 0.414544 9.936594 -15.484825 19.500383 -14.995493 3.173575 10.572166 -4.237082 
290.141785 38.737206 96.518906 -90.807361 2.407229 85.901151 4.175917 -0.339096 11.916879 -2.978645 -12.881721 1.384709 3.555539 11.530972 -12.681099 nan nan nan -2.515314 -0.654786 -20.364419 8.287654 -8.917280 25.259069 8.607151 -2.725132 -1.015892 nan nan nan -3.525783 -2.769936 8.586279 4.700729 -1.453341 8.416850 0.094340 -0.641371 0.132497 0.598275 8.159454 3.352837 -0.974867 -1.815087 1.520391 -20.476680 3.365000 -3.860453 -62.764592 -13.808026 17.991173 15.848884 -35.028132 -16.865958 -7.292362 -20.322881 5.123813 23.627356 -1.266223 1.330072 65.887102 0.461484 9.787881 -15.498520 19.378886 -14.930980 3.400308 10.460747 -4.030120 
289.435486 38.792694 96.412659 -90.657818 2.328292 85.950832 4.107131 -0.282671 12.313671 -2.904250 -12.994650 1.377608 3.178320 11.455100 -13.105151 nan nan nan -2.487996 -0.748163 -20.352392 8.032088 -8.589700 22.452770 8.746355 -2.989746 -0.379103 nan nan nan -3.600846 -2.730329 8.750192 4.756547 -1.558930 8.227522 0.131419 -0.728295 0.177735 0.332063 8.519819 3.026687 -0.855911 -1.679711 1.397074 -20.465389 3.162825 -3.845640 -62.714262 -13.712325 18.094647 16.246017 -35.770950 -17.120235 -7.282745 -20.401568 4.912799 23.675488 -1.267195 1.204457 65.886526 0.357582 9.776396 -15.428992 19.277071 -14.954566 3.448608 10.340886 -3.770318 
288.695831 38.877785 96.293640 -90.577502 2.213780 86.082427 4.059506 -0.156434 12.593698 -2.891292 -12.976525 1.496604 2.972109 11.249258 -13.466660 nan nan nan -2.459932 -0.833456 -20.325473 7.717458 -8.240310 19.611128 8.294601 -3.085007 0.169369 nan nan nan -3.716714 -2.777018 8.622404 4.778245 -1.634567 8.211281 0.073527 -0.575526 0.166557 0.444304 8.561014 3.121967 -0.844531 -1.773619 1.153297 -20.451904 3.025519 -3.980777 -62.664627 -13.723200 18.474380 16.550419 -36.082368 -17.258733 -7.222887 -20.508747 4.650462 23.944353 -1.303039 1.050036 65.817865 0.125448 9.939545 -15.552431 19.081493 -15.192113 3.683300 10.261191 -3.843558 
287.906403 38.953091 96.167145 -90.503356 2.041977 86.118731 3.926378 0.084128 13.061822 -2.766304 -12.917899 1.522467 2.907834 10.963084 -13.818000 nan nan nan -2.410552 -1.012944 -20.142546 7.153077 -7.979135 16.882663 9.278495 -3.038799 1.063114 nan nan nan -3.931689 -2.837914 8.487159 4.864234 -1.686914 8.272300 0.005455 -0.277451 0.194198 0.724609 8.319757 3.161985 -0.934671 -2.092373 1.106542 -20.242780 3.123947 -4.091437 -62.901977 -14.052542 18.975939 16.576700 -36.287512 -17.465723 -7.147579 -20.508536 4.780666 24.231577 -1.445994 0.873856 65.821363 -0.205451 10.231781 -15.934255 19.064198 -15.505822 3.757686 10.153199 -3.983536 
287.130096 39.023075 96.015045 -90.457234 1.918908 85.963264 3.903635 0.366196 13.798187 -2.706377 -13.025187 1.414688 2.747332 10.789823 -14.102740 nan nan nan -2.302917 -1.222319 -19.810703 6.651218 -7.554259 14.294454 9.603000 -2.951196 1.903587 nan nan nan -4.027834 -2.756329 8.478763 5.024437 -1.713733 8.792130 0.097241 -0.529560 -0.147345 0.777643 8.123804 3.177823 -1.351643 -2.389826 1.262549 -20.418094 3.505328 -3.783486 -62.869472 -14.567322 18.999355 16.709693 -36.887980 -17.582275 -6.487625 -20.525871 4.920406 23.784532 -1.361156 1.295074 66.394648 0.188825 10.526921 -16.248685 18.797168 -15.363107 3.338664 10.183753 -4.504484 
286.353455 39.105286 95.894638 -90.397112 1.694364 86.005007 3.735726 0.453491 14.281300 -2.675296 -12.820844 1.394937 2.440316 10.452114 -14.458396 nan nan nan -2.384553 -1.317974 -19.665391 6.182199 -7.215183 11.676353 9.873547 -2.982658 3.085739 nan nan nan -4.320285 -2.657364 8.390845 4.947939 -1.674702 8.644087 -0.123094 -0.748938 -0.016447 1.413573 8.583948 3.144092 -1.096804 -1.952298 1.195420 -19.845335 3.921658 -3.968359 -63.471875 -14.749853 19.693835 17.224205 -36.974480 -17.768652 -5.074344 -20.690152 4.679225 24.613369 -1.350660 1.371957 65.878690 0.371483 11.072536 -16.056481 18.389694 -15.842471 3.047186 10.111050 -4.393470 
285.592590 39.179695 95.730576 -90.294415 1.506411 86.002082 3.652153 0.565076 14.709825 -2.736868 -12.661502 1.538154 2.462807 10.109203 -14.825766 nan nan nan -2.428013 -1.471037 -19.534939 5.690282 -6.764967 9.292902 10.002578 -3.009800 4.143911 nan nan nan -4.416158 -2.564822 8.302747 5.005521 -1.743303 8.851342 -0.137445 -0.892922 -0.148038 1.292038 8.892550 3.143209 -1.051950 -2.057955 1.065667 -19.935960 3.848374 -3.932213 -63.407037 -14.862958 19.890326 17.466095 -37.262845 -18.054038 -5.135729 -20.754894 4.640035 24.576658 -1.380589 1.768381 65.975503 0.724045 10.916446 -16.030825 18.335351 -16.150024 2.997827 9.931025 -4.209983 
284.817749 39.228619 95.552834 -90.215826 1.430274 86.046738 3.711955 0.744101 15.117688 -2.785289 -12.715487 1.628519 2.328420 9.911228 -15.077464 nan nan nan -2.351554 -1.603769 -19.374699 5.222074 -6.197530 6.993525 9.981610 -3.142534 5.106319 nan nan nan -4.190529 -2.617764 8.228878 5.078708 -1.802917 8.974004 0.005406 -0.546926 -0.134851 0.427294 9.237732 3.132135 -0.973382 -2.446009 0.543222 -20.419833 3.472813 -3.543161 -63.010351 -15.381386 19.522824 17.090235 -37.685837 -18.371111 -6.905805 -20.603629 5.264264 23.785589 -1.794346 1.713284 66.658214 0.713564 10.281963 -16.161885 18.654307 -15.755680 3.498167 9.787939 -3.991111 
284.019409 39.299797 95.378914 -90.096919 1.289967 86.130367 3.657382 0.790057 15.480093 -2.781083 -12.718658 1.772309 2.198630 9.741328 -15.357151 nan nan nan -2.415150 -1.739092 -19.231118 4.836049 -5.801558 4.807375 9.935361 -3.172402 5.981566 nan nan nan -4.210547 -2.613788 7.897599 5.089622 -1.916229 9.243523 -0.017540 -0.569068 -0.288505 0.648746 9.099751 3.392211 -1.133871 -2.561169 0.617550 -20.452887 3.505607 -3.457189 -63.101198 -15.598275 19.655903 17.201060 -37.815582 -18.536257 -7.558049 -20.563341 5.202961 23.742349 -1.736912 1.888183 66.783064 0.754000 10.365409 -16.282220 18.516929 -15.976513 3.863685 9.739436 -4.141443 
283.198029 39.370636 95.211212 -89.948749 1.081243 86.047312 3.500352 0.951699 15.938157 -2.702952 -12.861541 2.113775 2.065200 9.803803 -15.798321 nan nan nan -2.581411 -1.964344 -18.880655 4.555591 -5.303476 2.779448 9.773316 -3.149191 6.539648 nan nan nan -4.324614 -2.605411 7.782293 5.175081 -1.974653 9.601682 0.055960 -0.595484 -0.492449 0.698227 8.330824 3.385020 -1.462974 -2.675566 0.893656 -20.626812 3.433151 -3.133303 -63.083642 -15.865964 19.653323 17.407205 -38.118414 -18.679985 -7.140890 -20.657655 5.052381 23.481299 -1.864278 2.001336 66.998158 0.922066 10.283037 -16.224046 18.358805 -15.820660 3.891671 9.607420 -4.206355 
282.361145 39.478016 95.070885 -89.838038 0.892787 85.987854 3.364747 1.111630 16.424107 -2.506588 -12.727601 2.351428 1.706534 9.720231 -16.234874 nan nan nan -2.739918 -2.070075 -18.584120 4.266603 -5.090306 0.953038 9.943315 -3.005066 6.770427 nan nan nan -4.422978 -2.621568 7.673036 5.044984 -2.054001 9.807110 -0.332763 -1.154617 -0.703016 1.529071 8.882970 3.360437 -1.431210 -2.225539 1.131364 -19.877158 4.273310 -3.265600 -63.823237 -15.969968 20.299366 18.010834 -38.138126 -19.187968 -7.318061 -20.482159 5.294953 24.359463 -1.426790 2.503491 66.570624 1.345761 11.304333 -16.386806 17.627771 -16.483484 4.107316 9.414065 -4.078918 
281.530701 39.560497 94.936981 -89.767319 0.815748 86.062327 3.370975 1.230234 16.767014 -2.482594 -13.115960 2.574461 1.375911 10.028267 -16.544396 nan nan nan -2.793710 -2.220384 -18.440815 4.087872 -4.616511 -0.661438 9.964485 -3.243805 6.756378 nan nan nan -4.279153 -2.639340 7.503039 5.147757 -2.027407 9.753813 -0.032476 -0.331850 -0.608651 0.400469 8.084090 3.528758 -1.340252 -2.466473 0.715186 -20.776766 3.442429 -2.851525 -63.184235 -16.330516 20.029148 17.431517 -38.247249 -18.715571 -7.184333 -20.684459 5.097658 23.706085 -2.221934 1.780264 66.871548 0.666357 10.245735 -16.109422 18.136172 -15.782261 4.202385 9.443770 -3.646114 
280.704742 39.644535 94.768051 -89.653520 0.716892 86.088986 3.450837 1.256756 17.122436 -2.605833 -13.278178 2.848292 1.117046 9.884697 -16.733188 nan nan nan -2.962610 -2.324170 -18.299740 4.011380 -4.558046 -1.921637 9.955999 -3.324300 6.487350 nan nan nan -4.168603 -2.664790 7.116585 5.170703 -2.163249 10.159771 -0.060812 -0.475228 -0.718368 0.323914 8.005066 3.721979 -1.489549 -2.422327 0.758528 -20.851231 3.639441 -2.658115 -63.312016 -16.569641 19.925814 17.460057 -38.402561 -18.631219 -7.459029 -20.416419 5.197202 23.442905 -2.182704 2.256856 67.137260 1.117757 10.086701 -16.191694 18.057303 -15.704744 4.305277 9.358115 -3.643312 
279.831360 39.750912 94.659309 -89.461175 0.586305 86.126135 3.472097 1.218865 17.536465 -2.669425 -13.532707 3.060140 0.722916 9.634620 -16.850733 nan nan nan -3.219417 -2.362895 -18.121461 3.971574 -4.667077 -2.956729 10.061140 -3.534931 6.162401 nan nan nan -4.147861 -2.700241 7.052783 5.046750 -2.120656 9.771414 -0.335690 -0.845926 -0.573762 1.080943 7.626503 3.903403 -1.449845 -1.846136 0.988977 -20.560555 4.148976 -2.492904 -63.720982 -16.747405 20.284671 17.676109 -38.351343 -18.587770 -7.391258 -20.384265 4.915612 24.278464 -2.132503 2.427562 66.491276 1.186786 10.372724 -16.001110 17.808483 -15.810911 4.344182 8.856817 -3.118303 
278.962067 39.850159 94.563942 -89.335802 0.476392 86.040223 3.549765 1.314560 18.065508 -2.768555 -14.049806 3.341527 0.529418 9.333720 -16.940801 nan nan nan -3.496400 -2.334535 -17.880137 4.001646 -4.686602 -3.622093 10.297849 -3.772775 5.808218 nan nan nan -4.021955 -2.848194 7.132389 4.998835 -2.015868 9.516709 -0.393636 -0.736321 -0.374183 0.982653 7.395765 3.728988 -1.504822 -1.789365 1.117566 -20.764813 4.183138 -2.493223 -63.688274 -16.847642 20.540956 17.399632 -38.267149 -18.346340 -6.937807 -20.821906 4.564727 24.442487 -2.366346 2.135719 66.274201 1.001211 10.250559 -15.668170 17.800429 -15.702979 3.810512 8.757070 -2.973108 
278.103668 39.951771 94.480316 -89.206972 0.442856 86.141683 3.744498 1.427284 18.282401 -2.950168 -14.475678 3.800574 0.336770 9.055520 -17.090627 nan nan nan -3.689022 -2.274106 -17.952438 4.046817 -4.692510 -3.831414 10.556631 -3.881792 5.526912 nan nan nan -3.796997 -3.061058 7.009715 5.085157 -1.942289 9.251604 -0.155992 -0.037719 0.018830 -0.359642 7.412216 3.508406 -1.101466 -2.300965 0.665244 -21.530321 3.523548 -2.580263 -63.217755 -16.778394 20.521766 16.809719 -38.155270 -17.764667 -6.885730 -21.319163 4.451108 23.942180 -3.044576 1.212177 66.483619 0.302886 9.517915 -15.432602 18.191353 -15.324190 3.707198 9.280222 -3.157639 
277.237518 40.080299 94.383621 -89.087398 0.419128 86.196096 3.955006 1.463366 18.561641 -3.086173 -14.621145 4.201421 0.044024 8.770656 -17.187865 nan nan nan -3.874686 -2.138897 -18.083445 4.103684 -4.886179 -3.611747 10.616767 -3.650314 5.320074 nan nan nan -3.706295 -3.230460 6.719288 5.120668 -1.949650 9.470119 -0.235649 -0.158322 0.007929 -0.330309 7.827254 3.536983 -1.022379 -2.424036 0.551216 -21.423678 3.790603 -2.828377 -63.577777 -16.558313 20.849954 16.969511 -38.062599 -17.641752 -7.045623 -21.502274 4.492647 23.979599 -2.937699 1.227963 66.538412 0.319504 9.836281 -15.627241 17.961187 -15.589562 3.914282 9.746792 -3.723299 
276.370392 40.188782 94.288857 -88.940182 0.405620 86.127365 4.062961 1.266501 18.928217 -3.196711 -14.969276 4.631542 -0.266417 8.827636 -17.123670 nan nan nan -4.084643 -1.933584 -18.107002 4.159398 -4.944019 -3.160775 10.369614 -3.541931 5.280786 nan nan nan -3.596512 -3.323481 6.447857 5.248050 -1.992968 10.191264 -0.284712 -0.411176 -0.451799 -0.115206 7.839429 3.505291 -1.355135 -2.404667 0.856143 -21.360410 4.032589 -2.675728 -63.933922 -16.505256 20.986405 17.288079 -38.090698 -17.688539 -6.965641 -21.416559 4.443841 23.735835 -2.846489 1.567161 66.811821 0.686571 10.014609 -15.908117 17.652531 -15.645269 3.941942 9.845096 -3.898750 
275.455933 40.289532 94.230469 -88.745204 0.450709 86.125339 4.233312 1.111378 19.189013 -3.307357 -15.400462 5.157088 -0.610727 8.921651 -17.112874 nan nan nan -4.257586 -1.688127 -18.202933 4.265029 -4.959424 -2.467296 10.090400 -3.599742 5.402990 nan nan nan -3.317385 -3.524831 6.317955 5.284156 -1.986618 10.224632 -0.331554 -0.554715 -0.581982 0.079062 7.392778 3.617891 -1.753780 -2.137272 1.096822 -21.478520 4.235291 -2.419681 -64.145859 -16.375215 20.873307 17.494775 -38.087634 -17.506292 -6.453592 -21.184027 4.216709 23.584827 -2.997899 1.790522 66.881937 0.967548 9.696717 -15.864740 17.474595 -15.355332 4.071328 9.769947 -3.509543 
274.503296 40.418186 94.210335 -88.561802 0.517561 86.139563 4.526653 1.134814 19.434197 -3.455773 -15.861406 5.767574 -1.007335 8.845870 -17.126621 nan nan nan -4.338341 -1.482476 -18.353863 4.353668 -5.131240 -1.442026 10.016033 -3.585566 5.674368 nan nan nan -3.067883 -3.806289 6.275498 5.284916 -1.891173 9.729868 -0.335668 -0.536956 -0.306704 0.045121 7.014080 3.846298 -1.873381 -1.853796 1.071834 -21.715947 4.231304 -2.313087 -64.225796 -15.987395 20.779769 17.518433 -38.020779 -17.016349 -4.801802 -21.305919 3.872927 23.693182 -3.100474 1.749632 66.609856 0.892856 9.204339 -15.536215 17.402848 -15.084405 3.830582 9.947247 -3.284241 
273.557556 40.545910 94.168373 -88.387732 0.498165 86.141214 4.710922 1.109577 19.691898 -3.582176 -16.229630 6.362176 -1.301162 8.642255 -17.178264 nan nan nan -4.493799 -1.418710 -18.568230 4.463074 -5.616585 -0.106634 10.176976 -3.436109 6.130026 nan nan nan -2.930062 -4.092363 6.093024 5.339213 -1.871674 9.752920 -0.425292 -0.543207 -0.244769 -0.085073 7.347518 3.663133 -1.823787 -1.881135 1.187966 -21.769935 4.369699 -2.341898 -64.426098 -15.655675 20.812701 17.507215 -37.987537 -16.835830 -3.995822 -21.510972 4.009857 23.794792 -3.018598 1.854311 66.457675 0.981304 9.059726 -15.380812 17.277669 -15.275287 3.466902 10.229416 -3.503728 
272.619904 40.668346 94.138123 -88.232940 0.459256 86.172821 4.792093 0.945077 19.906492 -3.638688 -16.414989 6.903925 -1.732889 8.396733 -17.012638 nan nan nan -4.632216 -1.460322 -18.824583 4.608717 -6.175417 1.246859 10.249408 -3.422086 7.044664 nan nan nan -2.786201 -4.346327 5.830604 5.424355 -1.899847 9.972662 -0.596650 -0.589188 -0.186272 -0.191627 7.947608 3.223638 -1.694815 -2.077392 1.142348 -21.681167 4.620275 -2.492575 -64.780840 -15.349061 20.929324 17.612007 -37.994508 -16.939445 -4.225152 -21.531704 4.104942 23.906096 -2.949084 1.861834 66.345278 1.092140 9.121835 -15.387348 17.335873 -15.537552 3.257984 10.097619 -3.502943 
271.679169 40.830944 94.139687 -88.099247 0.537650 86.354112 4.958697 0.670923 19.835265 -3.760492 -16.597197 7.666912 -2.245034 8.284805 -16.834937 nan nan nan -4.571679 -1.404821 -19.193735 4.685640 -6.674554 2.397199 9.962194 -3.702648 8.484126 nan nan nan -2.550243 -4.523039 5.414336 5.544609 -1.903948 10.006941 -0.637658 -0.642400 -0.109953 -0.296950 8.000478 3.304880 -1.760857 -2.160160 0.936544 -21.842871 4.705524 -2.398012 -64.892007 -14.993926 20.780007 17.675809 -38.030808 -17.192681 -5.335055 -21.230927 4.038501 23.878560 -2.946471 1.881173 66.234582 1.066807 8.880358 -15.402675 17.453981 -15.476184 3.635276 9.838111 -3.259837 
270.729584 41.010128 94.168495 -88.032076 0.647607 86.451452 5.122988 0.384254 19.792295 -3.925122 -16.811986 8.603370 -2.571080 8.219118 -16.698259 nan nan nan -4.450690 -1.236240 -19.408796 4.741481 -6.996364 3.379686 9.435969 -4.040788 9.910070 nan nan nan -2.288484 -4.686946 5.068664 5.667263 -1.900422 10.184920 -0.660655 -0.673129 -0.253408 -0.201513 7.766975 3.495541 -2.115556 -2.182203 1.098450 -22.117152 4.863848 -2.130667 -64.850349 -14.751006 20.425428 17.498364 -38.106243 -17.530970 -6.985425 -20.629047 4.279538 23.811599 -3.058579 2.058599 66.134420 1.235965 8.531179 -15.380291 17.379192 -15.387792 4.294198 9.597860 -2.729506 
269.743958 41.165489 94.243484 -88.056656 0.811116 86.343503 5.293583 0.190450 20.012521 -4.013999 -16.869666 9.538758 -2.768523 8.118538 -16.479710 nan nan nan -4.273232 -1.132190 -19.307683 4.841410 -7.134765 4.296109 9.042683 -4.193339 10.697665 nan nan nan -1.841618 -4.845521 4.940029 5.727288 -1.891262 10.512432 -0.766938 -0.716839 -0.548523 0.103122 7.650802 3.557239 -2.593850 -2.295279 1.281729 -22.338631 5.052449 -2.024573 -64.990484 -14.393481 20.141799 17.443430 -37.956046 -17.703197 -8.112354 -20.253069 4.632392 23.768770 -3.024274 2.215514 66.031274 1.365045 8.358464 -15.391291 17.218720 -15.452405 4.689112 9.648737 -2.463811 
268.735382 41.336636 94.352646 -88.204605 0.979680 86.186428 5.465975 0.072755 20.259592 -4.178101 -16.970023 10.591681 -2.924245 7.982822 -16.127096 nan nan nan -4.039957 -1.004674 -19.114675 4.929731 -7.086674 5.219075 8.801378 -4.195109 10.935753 nan nan nan -1.418775 -4.938576 4.845580 5.776229 -1.850498 10.863833 -0.846391 -0.743603 -0.832838 0.318103 7.770135 3.545661 -2.906595 -2.381830 1.328127 -22.501539 5.196750 -1.952567 -65.190559 -13.909874 19.984938 17.480877 -37.729791 -17.707527 -8.459813 -20.052105 4.699921 23.773524 -2.899250 2.392914 65.902483 1.422046 8.276257 -15.458405 17.182225 -15.456912 4.774507 9.682758 -2.455352 
267.729279 41.524181 94.477058 -88.296054 1.083083 86.177193 5.512139 -0.094822 20.224152 -4.318869 -17.046444 11.874550 -3.087992 7.653609 -15.670252 nan nan nan -3.871993 -0.886507 -19.014375 5.014897 -6.951720 6.048292 8.736191 -4.005364 11.013414 nan nan nan -1.137012 -5.028762 4.610704 5.797635 -1.768712 10.972282 -0.917021 -0.800345 -0.751057 0.051794 8.371095 3.293945 -2.769197 -2.246278 1.126181 -22.548785 5.389417 -2.113324 -65.492433 -13.398073 20.125171 17.572179 -37.303269 -17.637993 -7.905943 -20.152285 4.563229 24.030482 -2.923114 2.255624 65.530839 1.441603 8.414042 -15.355108 17.087777 -15.541926 4.528166 9.764495 -2.435262 
266.742157 41.723846 94.606354 -88.352339 1.237533 86.229318 5.609615 -0.320581 19.963976 -4.491484 -16.904250 13.350799 -3.474024 7.529812 -15.090716 nan nan nan -3.655216 -0.744871 -18.898876 5.208546 -6.673680 6.743363 8.350242 -3.742458 11.050081 nan nan nan -0.822615 -5.086387 4.375173 5.843080 -1.713140 11.020831 -0.850288 -0.850498 -0.748031 -0.019094 8.410722 3.353616 -2.874285 -2.109961 0.880769 -22.793693 5.447513 -2.037643 -65.684112 -12.939688 20.053012 17.675295 -36.832929 -17.513624 -7.172616 -20.470222 4.440829 24.028741 -2.902574 2.206437 65.308342 1.447980 8.339971 -15.228455 16.976260 -15.506891 4.216864 9.917070 -2.511820 
265.761749 41.947426 94.728882 -88.510504 1.512231 86.322896 5.903437 -0.526065 19.533304 -4.821353 -16.540296 14.990438 -4.116437 7.593928 -14.397621 nan nan nan -3.239716 -0.483672 -18.786237 5.345861 -6.376249 7.390635 7.632802 -3.503077 10.912001 nan nan nan -0.350001 -5.087212 4.022586 5.908942 -1.685932 11.295487 -0.800835 -0.852058 -0.925222 0.158109 8.163654 3.419179 -3.189562 -2.050198 0.810005 -23.048298 5.432938 -1.818400 -65.872650 -12.511501 19.870830 17.774019 -36.459059 -17.201019 -7.354944 -20.279487 4.360352 23.847434 -2.882566 2.301592 65.237402 1.498820 8.109741 -15.199421 17.012938 -15.435219 4.318030 9.946539 -2.679117 
264.757385 42.171753 94.844849 -88.742937 1.789583 86.410347 6.195494 -0.757803 19.050908 -5.277898 -16.135759 16.764618 -4.915643 7.615839 -13.723354 nan nan nan -2.824205 -0.144736 -18.604129 5.467511 -6.246245 8.008418 6.917627 -3.376891 10.535137 nan nan nan 0.150601 -5.071835 3.572976 5.938029 -1.603925 11.614383 -0.795519 -0.843273 -0.973274 0.309655 8.029587 3.313179 -3.483004 -2.052747 0.840415 -23.215957 5.435173 -1.638712 -66.105997 -12.149679 19.739454 17.853422 -36.003955 -16.916459 -8.038110 -20.151561 4.218576 23.673315 -2.874423 2.264193 65.172533 1.492786 7.889448 -15.102648 17.082145 -15.295037 4.587608 9.903993 -2.724330 
263.759949 42.388817 94.982101 -88.911780 1.919036 86.470207 6.237222 -1.061614 18.445749 -5.647983 -15.556136 18.725085 -5.621486 7.859986 -12.888647 nan nan nan -2.593274 0.098375 -18.389018 5.594942 -6.187627 8.651499 5.959315 -3.348489 9.998472 nan nan nan 0.521301 -5.077466 3.176815 5.888938 -1.604239 11.852092 -0.838553 -0.791015 -0.985911 0.209390 8.105200 3.248984 -3.602549 -2.005923 0.818693 -23.272035 5.550131 -1.448378 -66.378564 -11.901407 19.545446 17.838975 -35.382814 -16.678487 -8.405237 -20.208829 4.127195 23.719148 -2.817166 2.356320 64.997709 1.602977 7.711402 -15.012383 17.064426 -15.292088 4.592895 9.913005 -2.552838 
262.774994 42.602032 95.146858 -89.124258 1.976472 86.434663 6.198737 -1.292412 17.840851 -5.939652 -14.766633 20.776361 -6.123101 8.125971 -11.762575 nan nan nan -2.434885 0.287941 -18.027526 5.750772 -6.002271 9.141726 4.701137 -3.310700 9.763730 nan nan nan 0.819510 -5.052016 2.948748 5.840314 -1.601819 12.136704 -0.881905 -0.721529 -1.094154 0.192561 8.109488 3.216088 -3.726582 -1.989543 0.747984 -23.247882 5.751874 -1.325018 -66.741723 -11.683589 19.433088 17.716840 -34.711377 -16.475098 -8.301593 -20.044363 4.024953 23.761155 -2.866681 2.392622 64.829035 1.755597 7.697710 -14.972499 17.028990 -15.333056 4.632781 9.859735 -2.292201 
261.791565 42.816792 95.337715 -89.443008 2.010876 86.274474 6.207053 -1.375969 17.287523 -6.199777 -13.763035 22.897784 -6.632199 7.925431 -10.246670 nan nan nan -2.254879 0.498688 -17.467000 5.844059 -5.813424 9.532783 3.971983 -3.153225 9.530037 nan nan nan 1.034830 -4.901814 2.947812 5.795758 -1.500523 12.266599 -0.809023 -0.759776 -1.109990 0.236054 8.231814 3.312435 -3.877690 -2.036238 0.605374 -23.182157 5.843774 -1.330966 -67.238861 -11.236955 19.421297 17.861069 -34.069774 -16.553848 -8.378064 -19.747173 3.911256 23.739570 -2.860830 2.403721 64.682173 1.921400 7.782550 -15.004353 16.999484 -15.484593 4.787512 9.831616 -2.112960 
260.832184 43.041431 95.520706 -89.750537 2.012978 86.219703 6.307335 -1.394000 16.442776 -6.493642 -12.534450 25.169551 -7.139194 7.419212 -8.544905 nan nan nan -2.078149 0.708420 -17.001770 5.906922 -5.739648 9.908293 3.492495 -2.946694 9.147330 nan nan nan 1.238338 -4.709379 2.971955 5.669606 -1.381709 12.086729 -0.726340 -0.815934 -1.015124 0.498969 8.458030 3.346086 -4.080381 -2.126135 0.686358 -23.115083 5.883105 -1.301036 -67.682431 -10.677549 19.373790 18.081273 -33.479655 -16.584743 -8.885785 -19.323408 4.046152 23.741368 -2.806865 2.431739 64.558750 2.017717 7.837823 -15.012236 16.996126 -15.716546 5.038137 9.807486 -1.938516 
259.902649 43.274017 95.690308 -90.026649 2.019029 86.214866 6.504238 -1.369663 15.405520 -6.720761 -11.106850 27.484268 -7.541414 6.860664 -6.610609 nan nan nan -1.885092 0.954406 -16.573298 5.901130 -5.894320 10.222064 3.032232 -2.636458 8.726922 nan nan nan 1.460453 -4.560274 3.044620 5.497847 -1.233970 11.956695 -0.664883 -0.866115 -1.061345 0.946662 8.839327 3.246838 -4.312640 -2.473749 0.783954 -23.134349 6.036673 -1.279962 -67.981979 -10.260250 19.165455 18.331978 -32.904046 -16.301636 -8.659578 -19.637536 5.606188 23.712086 -2.789397 2.475027 64.470906 2.147833 7.715669 -14.828558 16.984300 -15.981002 4.968576 9.998912 -1.751757 
258.967560 43.488514 95.834625 -90.255412 2.007317 86.192356 6.620533 -1.476563 14.307463 -6.932880 -9.755637 29.784826 -7.599387 6.564173 -4.539563 nan nan nan -1.767645 1.118987 -16.041685 5.951888 -6.080433 10.419011 2.850651 -2.371895 8.405319 nan nan nan 1.661378 -4.398126 3.046408 5.360157 -1.166000 11.996344 -0.623213 -0.873185 -1.125063 1.254841 9.064527 3.183073 -4.457018 -2.768743 0.765115 -23.008629 6.130899 -1.343046 -68.428160 -9.818912 19.071139 18.496433 -32.115770 -15.876907 -8.088096 -19.657015 6.602825 23.563729 -2.747598 2.458960 64.496512 2.233500 7.621549 -14.667022 17.038686 -16.213471 4.747079 10.143891 -1.480597 
258.021027 43.693821 95.955086 -90.502068 1.956963 86.202933 6.604204 -1.715813 13.152770 -7.096084 -8.425820 31.994135 -7.366699 6.427979 -2.446012 nan nan nan -1.675436 1.182296 -15.485361 6.042275 -6.080034 10.531180 2.964411 -2.198899 8.074222 nan nan nan 1.820253 -4.171751 2.877299 5.249457 -1.191260 12.179246 -0.642521 -0.819467 -1.203517 1.353126 9.153833 3.171645 -4.255629 -2.856539 0.769606 -22.751581 6.216837 -1.398242 -68.924444 -9.453540 19.127854 18.210042 -31.199090 -15.637927 -9.117482 -19.302457 5.867465 23.468010 -2.736294 2.389096 64.509559 2.289447 7.749074 -14.719570 17.066012 -16.512036 5.219464 10.175419 -1.331097 
257.106842 43.882763 96.080406 -90.700230 1.903312 86.167502 6.498179 -1.996190 11.949842 -7.164175 -7.213027 34.236994 -6.818703 6.383035 -0.550521 nan nan nan -1.583947 1.131305 -14.868097 6.164650 -5.932738 10.570507 2.939493 -2.050212 7.743651 nan nan nan 2.025060 -3.925101 2.847125 5.150855 -1.305920 12.399603 -0.705345 -0.789213 -1.475649 1.531504 9.138523 3.191235 -4.180878 -2.931182 1.033815 -22.592223 6.333798 -1.364665 -69.262021 -9.178054 19.005852 17.804345 -30.379407 -15.500817 -10.841281 -19.012572 5.305712 23.356181 -2.733447 2.458133 64.560389 2.435293 7.854287 -14.857717 17.161075 -16.769191 5.865038 10.199515 -1.087191 
256.235016 44.049889 96.200027 -90.778774 1.911419 86.188718 6.435394 -2.132295 10.539751 -7.211917 -6.380177 36.634777 -6.004872 6.672995 0.635333 nan nan nan -1.489273 1.016586 -14.295885 6.325570 -5.823479 10.559043 2.728403 -1.868660 7.370441 nan nan nan 2.278200 -3.709540 2.916669 5.139283 -1.468018 12.461541 -0.695984 -0.787114 -1.889081 1.927998 8.440200 3.516871 -4.696687 -2.957876 1.352144 -22.641456 6.427538 -1.082841 -69.527690 -8.912388 18.582772 17.639325 -29.776410 -15.030228 -11.590580 -18.583183 5.493228 22.932399 -2.663400 2.733760 64.738663 2.619070 7.702459 -14.801336 17.313431 -16.527504 5.946850 9.954962 -0.947401 
255.378647 44.233223 96.309441 -90.791290 1.908293 86.342356 6.390457 -2.256236 8.881546 -7.285335 -5.644462 39.139600 -5.275160 7.244237 0.731219 nan nan nan -1.430904 0.940531 -13.873055 6.470524 -5.783240 10.590977 2.371860 -1.817410 6.822946 nan nan nan 2.453515 -3.454236 2.810582 5.113303 -1.533359 12.325280 -0.747128 -0.825718 -1.828773 1.833035 8.538013 3.284071 -4.584791 -2.700106 1.484631 -22.580374 6.409630 -1.079824 -69.829623 -8.458651 18.521204 17.787828 -29.327625 -14.503508 -11.693879 -17.834959 5.625981 22.853948 -2.590644 2.567457 64.728096 2.551528 7.839656 -14.802730 17.491667 -16.344122 5.706695 9.586337 -0.952732 
254.489105 44.419617 96.396584 -90.843124 1.987565 86.317525 6.345699 -2.532242 7.499741 -7.412980 -5.001241 41.495124 -4.737594 8.261201 -0.012645 nan nan nan -1.270517 0.882839 -13.219274 6.650764 -5.548192 10.597342 1.955008 -1.928528 6.157568 nan nan nan 2.759323 -3.151858 2.838226 5.045471 -1.613924 12.263765 -0.771781 -0.837736 -1.779052 1.782343 8.345610 3.138943 -4.492992 -2.395544 1.529112 -22.619661 6.222024 -0.852742 -69.969023 -8.090717 18.252618 17.953586 -29.072126 -13.946336 -11.819890 -17.112650 5.964163 22.668762 -2.432342 2.438627 64.797589 2.423547 7.730866 -14.866421 17.825374 -15.999419 5.718413 9.489358 -1.024736 
253.584320 44.581001 96.467377 -90.950285 2.102742 86.210692 6.235256 -2.889561 6.272945 -7.479876 -4.345196 43.634897 -4.338747 9.455044 -0.927285 nan nan nan -1.096902 0.878202 -12.414628 6.863165 -5.250750 10.491495 1.782926 -2.124331 5.530619 nan nan nan 3.216235 -2.904414 2.961591 4.881407 -1.709963 12.175753 -0.844666 -0.791404 -1.640838 1.714893 8.165944 3.043814 -4.319257 -2.176575 1.368028 -22.666156 6.160333 -0.645563 -69.949645 -7.867264 17.880222 17.686726 -28.862952 -13.552445 -11.807872 -16.818219 6.292820 22.464027 -2.282673 2.321227 64.797124 2.393184 7.456757 -14.710955 18.269329 -15.659482 5.698338 9.558733 -1.020477 
252.700134 44.745819 96.535362 -91.024717 2.202469 86.206627 6.216089 -3.047613 4.842354 -7.461405 -3.714103 45.726425 -3.942452 10.307605 -1.677575 nan nan nan -0.921158 0.789279 -11.714670 7.026625 -4.924070 10.339966 1.604034 -2.235376 5.004974 nan nan nan 3.586211 -2.655503 2.956342 4.775550 -1.758823 12.046912 -0.837918 -0.784176 -1.441912 1.584850 7.775757 3.127335 -4.229758 -1.990415 1.219663 -22.833255 6.153215 -0.399873 -69.808520 -7.781771 17.464622 17.155006 -28.690888 -13.141028 -11.638110 -16.376377 6.765790 22.154917 -2.183266 2.295222 64.747796 2.487401 7.084874 -14.364703 18.698870 -15.332557 5.530690 9.581164 -0.985885 
251.855179 44.927769 96.631737 -91.122084 2.270180 86.118380 6.318622 -2.943473 3.442929 -7.370533 -3.109954 47.668997 -3.538653 10.667576 -2.226745 nan nan nan -0.682970 0.608860 -10.917864 7.052550 -4.553555 10.142239 1.336458 -2.203547 4.553649 nan nan nan 3.761305 -2.370882 3.114410 4.779698 -1.749585 12.127635 -0.800836 -0.750906 -1.535148 1.679892 7.420799 3.145554 -4.298143 -1.951368 1.261493 -23.037008 6.122618 -0.235855 -69.723421 -7.714433 17.313576 16.859392 -28.438288 -12.671060 -11.698984 -15.475498 7.464699 22.012132 -2.095277 2.349171 64.585694 2.555394 6.965304 -14.209655 19.167144 -15.122179 5.483089 9.476279 -1.037975 
251.064499 45.094276 96.742569 -91.135371 2.211231 86.010789 6.287784 -2.863971 1.978096 -7.234383 -2.530498 49.501277 -3.125815 10.802376 -2.676803 nan nan nan -0.630327 0.479734 -10.130107 7.066966 -4.344296 9.918444 1.325541 -2.137201 4.175558 nan nan nan 3.764452 -2.090312 3.383004 4.783978 -1.836209 12.239793 -0.809352 -0.732717 -1.648066 1.767742 7.306678 2.923944 -4.144372 -1.915357 1.320405 -23.226871 6.068710 -0.283535 -69.560833 -7.364984 17.328195 16.783973 -28.398190 -12.481751 -11.963178 -14.720887 7.531659 22.145658 -1.907290 2.302525 64.291274 2.544911 7.111102 -14.333983 19.654361 -15.352649 5.541989 9.446173 -1.196392 
250.186661 45.261379 96.847351 -91.315783 2.190824 85.571569 6.265536 -3.226131 1.170928 -7.264028 -1.642670 50.804531 -2.726177 11.164023 -3.141055 nan nan nan -0.490306 0.372864 -8.912730 7.123372 -3.825505 9.637415 1.239601 -2.258293 3.720142 nan nan nan 3.931496 -1.644326 3.936067 4.659329 -1.907772 12.338677 -0.766282 -0.751899 -1.659998 2.048217 7.091810 2.860891 -4.314157 -2.038909 1.212840 -23.368981 5.995210 -0.524572 -69.489928 -6.852234 17.252370 16.735008 -28.183670 -12.283633 -12.385834 -15.129330 6.959080 22.057096 -1.711156 1.997195 64.214395 2.468734 7.222158 -14.463110 19.950474 -15.530995 5.654613 9.705377 -1.391237 
249.264343 45.442177 96.963974 -91.363516 2.087191 85.124937 6.184045 -3.399493 0.415872 -7.359777 -1.110084 51.910611 -2.457143 11.418561 -3.673690 nan nan nan -0.418601 0.084344 -7.571414 7.139051 -3.227661 9.220884 1.088490 -2.382107 3.264258 nan nan nan 3.886199 -1.318961 4.411444 4.612816 -1.973861 12.448638 -0.680822 -0.674994 -1.759547 2.483062 6.498878 3.054698 -4.579107 -2.152144 1.238679 -23.578510 5.919467 -0.483243 -69.366539 -6.595676 17.122295 16.537355 -27.709864 -11.720033 -12.601105 -15.592891 6.867416 21.973384 -1.602466 1.800620 64.105163 2.473592 7.088640 -14.445551 20.127328 -15.555710 5.732713 9.952174 -1.487558 
248.401901 45.618923 97.076286 -91.514242 1.904561 84.911926 6.086325 -3.437098 -0.656294 -7.417473 -0.506165 52.886030 -2.273721 11.427630 -4.203150 nan nan nan -0.412259 -0.077253 -6.580643 7.053249 -2.798484 8.881341 1.001547 -2.405228 2.871166 nan nan nan 3.743585 -0.948535 4.701926 4.551124 -2.041352 12.392473 -0.653707 -0.550370 -1.747173 2.736826 6.115836 3.162457 -4.527673 -2.212859 1.332785 -23.668436 5.955521 -0.447768 -69.312009 -6.351137 17.154601 16.428712 -27.356011 -11.172944 -12.809950 -15.417303 6.993987 22.072512 -1.513036 1.760859 63.893934 2.565447 7.114410 -14.460519 20.490742 -15.581816 5.709423 9.854203 -1.638742 
247.589584 45.790264 97.173950 -91.830453 1.721950 84.913524 6.011523 -3.502332 -1.975590 -7.468763 0.268429 53.701881 -2.080280 11.319039 -4.649737 nan nan nan -0.390332 0.008606 -5.953719 6.889987 -2.479636 8.682559 1.093204 -2.343546 2.514975 nan nan nan 3.640220 -0.499727 4.801567 4.452493 -2.060363 12.307951 -0.702978 -0.422897 -1.678554 2.497464 6.338661 3.159050 -4.102720 -2.112062 1.155056 -23.540102 6.032526 -0.553613 -69.441208 -5.985786 17.289598 16.446777 -27.065181 -10.836344 -12.812874 -15.237660 6.414565 22.287140 -1.454480 1.825809 63.618344 2.729612 7.255637 -14.498787 20.990947 -15.585686 5.447727 9.759340 -1.766147 
246.797897 45.968876 97.261597 -92.134362 1.577613 84.964892 5.946959 -3.550244 -3.385087 -7.634000 0.820140 54.451514 -1.912730 11.228217 -5.118902 nan nan nan -0.320126 0.087658 -5.380879 6.720675 -2.114551 8.480752 1.143084 -2.262673 2.207236 nan nan nan 3.528984 -0.073784 4.789631 4.438395 -2.075005 12.342631 -0.697190 -0.292471 -1.672061 2.640174 5.920732 3.295488 -3.932914 -2.344730 1.118918 -23.494172 6.074666 -0.556740 -69.608829 -5.773845 17.214008 16.456286 -26.653328 -10.722825 -12.895942 -15.195381 5.915307 22.213185 -1.330622 1.844235 63.591810 2.847493 7.303066 -14.643526 21.424567 -15.468257 5.379203 9.809793 -2.085788 
245.982071 46.118435 97.356407 -92.407318 1.342274 85.014441 5.739769 -3.637778 -4.738515 -7.729797 1.377624 55.036560 -1.735389 11.170407 -5.577102 nan nan nan -0.412944 0.052012 -4.763766 6.584341 -1.903633 8.271941 1.248969 -2.044430 1.875426 nan nan nan 3.339416 0.276984 4.646302 4.341885 -2.103350 12.485249 -0.780575 -0.116123 -1.518738 2.564997 6.332193 3.174768 -3.745768 -2.257390 0.921885 -23.335820 6.233122 -0.859977 -69.749391 -5.483962 17.298811 16.296944 -26.236744 -10.509928 -12.938752 -15.552696 5.603171 22.317199 -1.263882 1.636043 63.486663 3.000153 7.565173 -14.710389 21.706631 -15.596159 5.263087 10.078785 -2.298729 
245.129623 46.269863 97.469398 -92.777220 1.076963 84.882907 5.514207 -3.732083 -5.750075 -7.906999 1.962876 55.266153 -1.466421 11.125229 -5.966829 nan nan nan -0.521136 0.016400 -3.835815 6.467593 -1.585606 7.897359 1.404628 -1.858658 1.504478 nan nan nan 3.136131 0.751182 4.684143 4.233305 -2.096409 12.644169 -0.777566 -0.000767 -1.473415 2.603038 6.431749 3.367904 -3.728250 -2.280594 0.692730 -23.262332 6.404575 -1.043050 -69.853714 -5.231248 17.265733 16.189153 -25.910253 -10.343573 -13.097303 -15.762121 5.678855 22.348464 -1.232743 1.537870 63.411831 3.219963 7.705490 -14.756784 21.964042 -15.622706 5.088537 10.251354 -2.267830 
244.247879 46.408981 97.581764 -93.110516 0.821575 84.640308 5.276213 -3.910959 -6.499136 -8.322056 2.380121 55.176165 -1.197778 11.187587 -6.493690 nan nan nan -0.666576 0.048582 -2.689574 6.441377 -1.128788 7.332421 1.537437 -1.889488 1.225464 nan nan nan 2.975885 1.249468 4.942871 4.136403 -2.095664 12.588137 -0.742957 0.067840 -1.453637 2.841021 6.149963 3.644919 -3.865556 -2.366658 0.828691 -23.246230 6.688429 -1.043286 -69.933556 -5.059363 17.138441 16.045310 -25.751275 -9.988645 -13.167469 -15.467808 6.106212 22.267176 -1.240177 1.661426 63.374989 3.472936 7.701249 -14.760081 22.339778 -15.595392 4.931068 10.343851 -2.273969 
243.404694 46.532440 97.673485 -93.336232 0.664677 84.538730 5.142852 -4.078840 -7.533029 -8.721622 2.674689 55.181483 -1.015190 11.266144 -7.112413 nan nan nan -0.736107 0.212302 -1.713691 6.451113 -0.802498 6.770722 1.512737 -2.057230 0.953651 nan nan nan 2.905219 1.699122 5.080451 4.094433 -2.093808 12.509262 -0.645024 0.126475 -1.533473 3.186026 5.308074 4.101165 -4.136968 -2.498738 1.003699 -23.293307 6.850325 -0.766551 -70.025482 -4.906175 16.882692 15.936216 -25.710867 -9.581463 -13.148236 -15.032566 6.403674 21.940944 -1.188039 1.847178 63.474533 3.647783 7.547043 -14.746774 22.712594 -15.336660 4.882982 10.429813 -2.513194 
242.604172 46.670544 97.757980 -93.590568 0.504965 84.593904 5.017784 -4.194909 -8.777587 -9.066622 2.926786 55.107836 -0.961548 11.290424 -7.965502 nan nan nan -0.774915 0.544827 -1.016972 6.381032 -0.636651 6.339269 1.629053 -2.169035 0.586863 nan nan nan 2.846221 2.102699 5.111943 3.957926 -2.043297 12.285139 -0.705020 0.237894 -1.290740 3.119885 5.478811 3.965410 -3.838498 -2.327268 1.013323 -23.160948 7.068124 -0.813901 -70.127964 -4.659842 16.866845 15.883116 -25.702415 -9.350277 -12.986655 -14.915709 6.256913 22.036286 -1.253298 1.611510 63.343678 3.766339 7.645448 -14.646096 23.023025 -15.275805 4.674281 10.511217 -2.667766 
241.818558 46.791725 97.832024 -93.941992 0.330117 84.588422 4.838811 -4.283978 -9.884087 -9.469552 3.110539 54.787505 -0.798352 11.335377 -8.790675 nan nan nan -0.877779 0.539793 -0.366381 6.374874 -0.263312 6.062741 1.777252 -2.122222 0.196353 nan nan nan 2.849314 2.600369 5.266427 3.870872 -2.028965 12.220380 -0.719861 0.312531 -1.408615 3.344316 4.775752 4.245666 -4.207686 -2.272106 1.227583 -23.265330 7.232326 -0.632614 -70.084202 -4.459394 16.703894 15.871047 -25.780890 -9.297955 -12.824877 -14.628674 6.342096 21.812547 -1.304506 1.506048 63.483366 3.835296 7.634562 -14.697056 23.410899 -15.106660 4.507483 10.542370 -2.961029 
241.027298 46.894936 97.903145 -94.358680 0.132278 84.654196 4.734757 -4.377260 -10.911272 -9.488919 3.679627 54.104479 -0.529982 11.103130 -9.057203 nan nan nan -1.077251 0.118948 0.197282 6.407120 0.333052 5.810898 2.030597 -1.825340 -0.089678 nan nan nan 2.843361 3.136382 5.357382 3.698906 -1.964369 11.966340 -0.806114 0.381737 -1.170219 3.281490 4.893395 4.052656 -4.172479 -2.276659 1.377626 -23.211833 7.383348 -0.872180 -70.111163 -4.067702 16.820971 15.887324 -25.742827 -9.298003 -12.694835 -14.498197 6.582054 21.901720 -1.331841 1.219459 63.356938 3.847793 7.893687 -14.792973 23.807261 -15.361061 4.409070 10.667680 -3.112363 
240.221771 46.990749 97.967110 -94.741143 -0.039214 84.710335 4.710248 -4.429369 -11.853290 -9.276111 4.350322 53.236231 -0.371536 10.709282 -8.936632 nan nan nan -1.260463 -0.263993 0.846050 6.388213 1.006524 5.479481 2.236714 -1.535787 -0.252079 nan nan nan 2.859967 3.639063 5.500032 3.514811 -1.910926 11.531327 -0.804314 0.454511 -0.956002 3.446959 4.667770 4.223351 -4.110395 -2.585965 1.567773 -23.194429 7.489331 -0.981593 -70.161482 -3.648391 16.715749 15.885775 -25.660775 -9.432741 -12.931173 -14.478861 6.974779 21.797931 -1.249534 1.159123 63.366265 3.844485 7.989228 -14.915362 24.119702 -15.530412 4.512399 10.953697 -3.163250 
239.389252 47.093735 97.998665 -95.067524 -0.187229 84.804937 4.684162 -4.400719 -12.825425 -9.065643 4.816428 52.340519 -0.431915 10.416136 -9.131351 nan nan nan -1.369797 -0.342205 1.501594 6.282959 1.378609 5.083605 2.481532 -1.278894 -0.492945 nan nan nan 2.887268 4.015961 5.461394 3.325093 -1.880578 11.404242 -0.872172 0.558009 -0.861661 3.267303 5.120579 4.311196 -4.023209 -2.516735 1.518642 -23.029419 7.693010 -1.282492 -70.281958 -3.077109 16.802482 15.870123 -25.614471 -9.251321 -13.011753 -14.630005 6.864519 21.742778 -1.258603 1.138867 63.353520 4.001564 8.232925 -14.894542 24.396071 -15.635720 4.388534 11.367853 -3.410911 
238.555984 47.198345 98.003273 -95.408571 -0.292693 84.972064 4.672723 -4.382113 -13.883405 -9.071223 5.050817 51.375147 -0.622420 10.533139 -9.840728 nan nan nan -1.435862 -0.372850 2.083064 6.213086 1.680796 4.658834 2.677920 -1.246764 -0.822447 nan nan nan 3.021744 4.363362 5.368829 3.145138 -1.888320 11.283195 -0.976418 0.651662 -0.759740 3.181434 5.034654 4.333223 -4.054856 -2.418006 1.502053 -22.992047 7.959709 -1.377299 -70.205750 -2.584355 16.733243 15.721514 -25.833051 -8.890116 -12.907225 -14.562650 6.545672 21.554248 -1.352501 1.185069 63.427418 4.314483 8.242786 -14.670029 24.829966 -15.335688 4.036934 11.372408 -3.549555 
237.737396 47.282791 98.015907 -95.745548 -0.506241 85.014525 4.543603 -4.567576 -14.730190 -9.164150 5.331428 50.117103 -0.554254 10.755148 -10.412374 nan nan nan -1.678719 -0.471396 2.794765 6.186977 2.074631 4.289523 2.779207 -1.299478 -1.272792 nan nan nan 3.034984 4.777747 5.473874 2.946782 -1.891351 11.068137 -1.037152 0.761798 -0.585431 3.296481 4.574899 4.207951 -4.093444 -2.466939 1.653315 -22.985621 8.167385 -1.412209 -70.088461 -2.216664 16.691834 15.587061 -26.080733 -8.581971 -12.746482 -14.419937 6.275502 21.522858 -1.428351 1.118028 63.382893 4.483464 8.292004 -14.598338 25.380581 -15.204674 3.798405 11.127626 -3.667975 
236.929840 47.341999 98.024521 -95.976937 -0.798619 85.011322 4.286810 -4.889500 -15.472222 -9.083031 5.671165 48.692464 -0.350778 10.981833 -10.699941 nan nan nan -2.078303 -0.616649 3.610527 6.221824 2.468516 3.782410 2.917820 -1.283755 -1.598825 nan nan nan 2.936554 5.228058 5.631761 2.778452 -1.956031 10.831289 -1.137519 0.861490 -0.411976 3.351809 4.577727 4.051271 -4.069261 -2.350751 1.769591 -22.841743 8.441800 -1.490256 -70.058181 -2.014276 16.666568 15.251100 -26.155272 -8.229255 -12.484920 -14.535677 6.106128 21.553854 -1.473802 0.907800 63.350630 4.471422 8.594088 -14.677648 25.773650 -15.418661 3.408906 11.197496 -3.926038 
236.113525 47.415653 98.016502 -96.172703 -1.003858 85.096529 4.092214 -4.944728 -16.315190 -8.960867 5.764710 47.315902 -0.266308 11.257810 -11.001722 nan nan nan -2.380600 -0.783435 4.348931 6.295565 2.846488 3.223651 3.028250 -1.194208 -1.831018 nan nan nan 2.867069 5.582928 5.575895 2.693497 -2.068704 10.872319 -1.191715 0.984657 -0.565022 3.563233 4.057514 4.313510 -4.329991 -2.408400 2.039032 -22.855902 8.813990 -1.235766 -69.930123 -2.127067 16.181738 14.714169 -26.164439 -8.010667 -12.741870 -14.402608 6.323055 21.388493 -1.477164 1.091982 63.413500 4.665619 8.533466 -14.684749 26.132509 -15.472954 3.456101 11.325871 -4.111189 
235.276459 47.526848 98.008232 -96.459068 -1.224230 85.222775 3.948715 -4.914455 -17.022341 -8.731565 5.958061 45.634503 -0.210016 11.385337 -11.208201 nan nan nan -2.653231 -0.952427 5.021263 6.261330 3.091354 2.737885 3.443364 -0.974880 -2.023781 nan nan nan 2.736381 5.811841 5.483788 2.491114 -2.094528 10.706671 -1.351214 1.152545 -0.200894 3.256268 4.792404 3.778074 -3.874097 -2.387989 2.146812 -22.663297 9.202797 -1.620466 -69.873182 -1.863698 16.137608 14.417813 -26.173866 -7.955852 -12.853518 -14.335163 6.363028 21.769914 -1.548473 0.995076 63.057345 4.985002 8.704466 -14.483635 26.589660 -15.735166 3.754164 11.336624 -3.845680 
234.456253 47.633480 97.984467 -96.648155 -1.394313 85.245140 3.849887 -4.956571 -17.597702 -8.508487 6.069535 43.806407 -0.156550 11.513605 -11.097156 nan nan nan -2.856709 -1.067468 5.862733 6.185685 3.317549 2.156799 3.798207 -0.784637 -2.214095 nan nan nan 2.624447 6.093170 5.579430 2.408706 -2.159236 10.599364 -1.302413 1.210500 -0.224634 3.196746 4.581583 4.107595 -4.043248 -2.282977 1.924024 -22.714564 9.237500 -1.559630 -69.834061 -1.412981 16.038678 14.470772 -26.296663 -7.708867 -12.519974 -14.776705 6.018823 21.576960 -1.498002 1.024956 63.146859 5.090359 8.802983 -14.527420 26.979147 -15.635817 3.435814 11.612649 -4.082649 
233.636429 47.721272 97.962463 -96.807009 -1.464147 85.240913 3.787362 -4.953519 -18.091675 -8.181905 6.112270 41.919354 -0.096826 11.678733 -10.903048 nan nan nan -2.937050 -1.179189 6.734245 6.070598 3.528370 1.581274 4.126843 -0.715718 -2.545162 nan nan nan 2.696931 6.346215 5.745780 2.272999 -2.210481 10.437487 -1.284359 1.255274 -0.213192 3.203653 4.375190 4.292457 -4.187101 -2.173055 1.842841 -22.848971 9.206088 -1.531570 -69.774663 -0.926095 15.988095 14.633195 -26.377647 -7.577257 -11.912785 -15.265730 5.585430 21.345218 -1.381167 0.999578 63.341924 5.077862 8.977223 -14.822650 27.299477 -15.588400 2.763152 11.894515 -4.482289 
232.805176 47.800884 97.943283 -97.065811 -1.549202 85.199902 3.689208 -4.879331 -18.440138 -7.786505 6.234346 39.965856 0.016494 11.899122 -10.921745 nan nan nan -3.057239 -1.345315 7.558890 5.961243 3.905139 1.200080 4.396660 -0.685492 -3.019039 nan nan nan 2.810173 6.573728 5.943341 2.076230 -2.221298 10.356670 -1.395656 1.275232 -0.109762 2.974196 4.647989 3.904721 -3.938257 -2.111312 1.882679 -22.912623 9.403717 -1.717919 -69.673274 -0.554381 15.962085 14.801488 -26.599120 -7.948956 -11.930086 -15.275557 5.000898 21.387741 -1.399031 0.969065 63.312116 5.343817 9.231879 -14.945163 27.641503 -15.691104 2.509285 11.764916 -4.544028 
231.998932 47.892052 97.905289 -97.307281 -1.627882 85.165417 3.621475 -4.764308 -18.768182 -7.396401 6.357773 37.914561 0.075792 12.132749 -10.768536 nan nan nan -3.154681 -1.492532 8.359720 5.860576 4.353046 0.802923 4.555197 -0.657971 -3.263110 nan nan nan 2.845017 6.828572 6.189786 1.977466 -2.228526 10.197035 -1.429652 1.283184 -0.040095 2.879585 4.550194 3.749005 -3.976268 -2.007426 1.837250 -22.923597 9.563557 -1.767445 -69.658981 -0.300413 15.879157 14.887964 -26.815720 -8.255859 -12.032899 -15.035468 4.516649 21.268694 -1.513131 0.973922 63.341481 5.711836 9.415422 -14.833988 27.969616 -15.549074 2.283711 11.339492 -4.554166 
231.186768 47.977222 97.862366 -97.512102 -1.645390 85.097020 3.572828 -4.582356 -18.986315 -6.934691 6.428268 35.653564 0.015241 12.224546 -10.261976 nan nan nan -3.158997 -1.493479 9.246342 5.730664 4.625460 0.283168 4.701415 -0.611559 -3.443767 nan nan nan 2.881371 7.079030 6.454448 1.893138 -2.186617 9.991092 -1.368193 1.314092 0.035098 2.987713 4.301535 3.794136 -4.143906 -2.026552 1.818612 -22.824945 9.535069 -1.778466 -69.888454 -0.020309 15.791363 15.089882 -26.753040 -8.383159 -12.119646 -14.899309 4.411279 21.089930 -1.523960 0.828415 63.409347 5.833046 9.577246 -14.874098 28.238569 -15.407904 2.474426 11.243089 -4.471343 
230.340927 48.067207 97.795242 -97.723408 -1.610480 85.091776 3.539636 -4.298889 -19.176961 -6.406216 6.439213 33.324008 -0.087462 12.048485 -9.735871 nan nan nan -3.112680 -1.600251 10.068297 5.551176 4.749223 -0.187817 4.772208 -0.425241 -3.787428 nan nan nan 2.950494 7.277338 6.519533 1.807626 -2.145870 9.925786 -1.297011 1.343249 0.089744 3.058021 4.295722 3.791537 -4.302239 -2.128834 1.903725 -22.745052 9.496030 -1.822543 -70.086391 0.354896 15.698085 15.211525 -26.571927 -8.098735 -12.028056 -15.375536 4.544558 21.009027 -1.354979 0.784614 63.263103 5.968270 9.552285 -14.654273 28.307845 -15.580563 3.079462 12.328378 -4.727005 
229.492920 48.142956 97.707458 -97.904699 -1.594711 85.160086 3.524192 -4.077420 -19.420164 -6.015989 6.440712 30.953001 -0.009017 11.878879 -9.094056 nan nan nan -3.141368 -1.725600 10.816868 5.453906 5.009560 -0.650555 4.871559 -0.278724 -3.996911 nan nan nan 3.085377 7.372868 6.484707 1.657692 -2.144069 9.930092 -1.342334 1.399789 0.129506 3.185171 4.354051 3.778389 -4.523134 -2.249272 1.888477 -22.746424 9.606190 -1.971470 -70.063035 0.857338 15.710557 15.300649 -26.679895 -7.445163 -12.167152 -15.438930 5.129124 20.858032 -1.240597 0.800856 63.416076 6.065330 9.836774 -15.049361 28.749049 -15.599362 3.744223 12.106815 -4.872326 
228.635925 48.209591 97.623917 -98.053707 -1.630382 85.198299 3.425760 -3.919707 -19.533049 -5.558749 6.574576 28.462105 -0.044256 11.725239 -8.552882 nan nan nan -3.222910 -1.799373 11.581696 5.338711 5.219326 -1.074915 5.021936 -0.087451 -4.102111 nan nan nan 3.162507 7.481368 6.431983 1.523874 -2.234407 10.147396 -1.422050 1.430972 0.011876 3.120122 4.592173 3.692987 -4.411581 -2.307389 1.852999 -22.624712 9.818644 -2.210110 -70.129015 1.268429 15.724479 15.115250 -26.636257 -6.836180 -11.691384 -15.782675 5.174312 20.922907 -1.202730 0.936991 63.190721 6.531339 9.828606 -14.528469 28.762247 -15.989854 3.285684 13.350668 -5.193486 
227.787155 48.271259 97.523079 -98.238835 -1.696660 85.207878 3.282169 -3.747912 -19.569371 -5.101507 6.715973 25.926158 -0.160808 11.736882 -8.080582 nan nan nan -3.371536 -1.864914 12.297230 5.251009 5.375159 -1.340523 5.097153 0.038597 -4.454963 nan nan nan 3.216333 7.624982 6.412649 1.374789 -2.324170 10.359144 -1.508045 1.492758 -0.100034 3.051594 4.699633 3.572573 -4.285508 -2.356302 1.860121 -22.414253 9.859236 -2.284566 -70.342795 1.535920 15.730596 15.170341 -26.489869 -6.684965 -11.621800 -15.988600 4.829449 20.877721 -1.104334 0.946691 63.218194 6.799234 10.026145 -14.491860 28.849177 -16.255178 3.206950 14.055477 -5.477254 
226.963074 48.334778 97.400299 -98.446523 -1.745195 85.269676 3.173069 -3.553036 -19.643222 -4.755148 6.713600 23.367299 -0.304908 11.714412 -7.399338 nan nan nan -3.522179 -1.933747 12.884852 5.205857 5.527008 -1.520369 5.272198 0.071538 -4.943126 nan nan nan 3.248786 7.844095 6.361638 1.249586 -2.319839 10.450817 -1.513892 1.526558 -0.097434 3.014092 4.574726 3.492268 -4.241241 -2.295417 1.852298 -22.295135 9.777302 -2.223015 -70.531579 1.722115 15.667452 15.297141 -26.451834 -6.646543 -11.538225 -16.077985 4.333623 20.699716 -1.017017 0.857126 63.425390 6.882531 10.289246 -14.758354 29.040674 -16.329884 2.979296 14.050271 -5.874644 
226.133499 48.401684 97.260651 -98.638900 -1.681609 85.307744 3.171801 -3.286076 -19.707866 -4.471236 6.555592 20.902395 -0.367891 11.545026 -6.704189 nan nan nan -3.545066 -2.047835 13.488939 5.145135 5.754685 -1.672175 5.553127 0.088429 -5.338601 nan nan nan 3.366671 8.019313 6.395335 1.145722 -2.266930 10.349265 -1.456056 1.570000 0.061784 2.923774 4.467071 3.462694 -4.212346 -2.210334 1.794160 -22.215197 9.621383 -2.205476 -70.755650 1.969014 15.609104 15.436003 -26.426789 -6.621308 -11.353946 -16.107720 3.862613 20.443299 -0.967417 0.837537 63.617221 6.939194 10.438564 -15.020663 29.542882 -16.203661 2.436686 13.809937 -6.150055 
225.290970 48.466026 97.116898 -98.851133 -1.562310 85.304450 3.169708 -2.957471 -19.662648 -4.147536 6.251070 18.417582 -0.265511 11.422323 -6.087611 nan nan nan -3.454196 -2.079987 14.131045 5.011940 6.032433 -1.815756 5.759125 0.059185 -5.656514 nan nan nan 3.549197 8.067027 6.499400 1.067153 -2.217823 10.188351 -1.469885 1.675231 0.221174 2.928905 4.445858 3.434783 -4.292138 -2.159308 1.760765 -22.219715 9.404825 -2.196930 -70.882922 2.312759 15.569784 15.596105 -26.403858 -6.363840 -10.870659 -16.176959 3.345965 20.268529 -0.792374 0.828074 63.798677 6.874594 10.680659 -15.558431 30.152071 -16.058202 1.612509 13.638210 -6.457228 
224.443573 48.542717 96.984428 -99.100970 -1.474601 85.355290 3.132402 -2.672879 -19.596892 -3.780457 5.950762 15.909300 -0.241100 11.322083 -5.540346 nan nan nan -3.363253 -2.139409 14.622009 4.844223 6.334877 -1.802691 5.799940 0.053532 -6.115325 nan nan nan 3.641193 8.167778 6.542097 1.009104 -2.166090 10.123484 -1.457251 1.703377 0.175074 2.837959 4.420551 3.592439 -4.263356 -2.000376 1.605093 -22.380223 9.244251 -2.083830 -70.875370 2.568989 15.398252 15.796070 -26.356436 -6.336488 -10.539151 -16.208092 3.094064 20.228871 -0.647259 0.895001 63.770005 6.901535 10.774988 -15.831259 30.552067 -15.981851 1.348112 13.541778 -6.548491 
223.562637 48.624027 96.832703 -99.287433 -1.357824 85.393470 3.109781 -2.337573 -19.554313 -3.436105 5.607416 13.602661 -0.297643 11.021039 -5.165405 nan nan nan -3.321285 -2.365759 15.120389 4.726839 6.656725 -1.741864 5.921651 0.171349 -6.593651 nan nan nan 3.750255 8.279707 6.438387 0.955802 -2.153889 10.175190 -1.409880 1.706629 0.219128 2.643608 4.415944 3.705166 -4.194553 -1.850134 1.443070 -22.518837 9.222925 -2.065063 -70.907908 2.610027 15.121908 15.845650 -26.211351 -6.646366 -10.640136 -16.071244 3.106805 20.208779 -0.593984 1.054870 63.669864 7.181295 10.639963 -15.812829 30.815689 -16.037811 1.536858 13.577365 -6.379317 
222.681900 48.704514 96.657455 -99.451060 -1.242491 85.382405 3.110454 -1.990755 -19.466474 -3.154749 5.280710 11.412473 -0.220981 10.625704 -4.857644 nan nan nan -3.291222 -2.513374 15.650035 4.648475 6.825966 -1.640651 6.108695 0.249556 -7.006832 nan nan nan 3.842523 8.338707 6.374892 0.907260 -2.152515 10.285979 -1.408711 1.745808 0.278081 2.666714 4.581526 3.638611 -4.234669 -1.827318 1.438863 -22.422082 9.264337 -2.216100 -71.119137 2.765643 15.028908 15.956821 -26.074478 -6.662858 -10.891618 -16.004769 3.005115 20.131520 -0.470879 1.050521 63.746101 7.349796 10.842772 -15.995360 30.944280 -16.257573 1.473051 13.822066 -6.814710 
221.804108 48.783150 96.477249 -99.661210 -1.179207 85.460491 3.062594 -1.670573 -19.385441 -2.857235 4.992325 9.185711 -0.197225 10.326599 -4.362746 nan nan nan -3.269804 -2.478647 16.061447 4.551175 6.896916 -1.473263 6.286992 0.324369 -7.403821 nan nan nan 3.798506 8.403266 6.196987 0.883510 -2.137366 10.457493 -1.386072 1.808328 0.258245 2.734685 4.674063 3.625060 -4.297820 -1.823713 1.433330 -22.263462 9.171033 -2.310878 -71.360272 3.079185 14.968350 16.162631 -26.043213 -6.673831 -11.123640 -15.889737 2.920293 20.048455 -0.263660 1.166528 63.828609 7.516515 11.016767 -16.291112 31.136109 -16.450675 1.400350 13.778383 -7.123739 
220.928040 48.846714 96.282135 -99.835656 -1.140605 85.564482 2.994190 -1.487777 -19.307146 -2.551479 4.524419 7.010753 -0.147561 10.119466 -3.848480 nan nan nan -3.318598 -2.497727 16.369950 4.526377 6.989767 -1.173269 6.441510 0.416398 -7.805554 nan nan nan 3.746150 8.395152 6.022875 0.865084 -2.144004 10.652179 -1.383101 1.880565 0.087123 2.746811 4.512395 3.744953 -4.487007 -1.745365 1.482723 -22.193448 9.127830 -2.266205 -71.527454 3.319885 14.835027 16.316270 -26.046864 -6.764247 -11.069067 -15.759028 2.844356 19.795834 -0.064732 1.437483 64.128593 7.747841 11.216678 -16.615565 31.115251 -16.568085 1.170778 13.753813 -7.551596 
220.035019 48.912022 96.092010 -100.001667 -1.035491 85.553476 3.028496 -1.352647 -19.101163 -2.315800 4.001547 4.974654 0.003110 9.985815 -3.383539 nan nan nan -3.331061 -2.635071 16.752949 4.499604 7.201561 -0.761260 6.575963 0.499164 -8.224455 nan nan nan 3.789196 8.412272 6.048647 0.853037 -2.123910 10.699186 -1.347718 1.945883 -0.022548 2.808631 4.203773 3.867309 -4.721963 -1.690936 1.570128 -22.138436 9.173206 -2.221377 -71.695905 3.343733 14.647824 16.274974 -25.947347 -6.853477 -11.089982 -15.489095 2.784135 19.567457 0.010867 1.531750 64.347381 7.937978 11.371079 -16.882382 31.026313 -16.529109 1.386553 13.752852 -7.524787 
219.125549 48.983177 95.913162 -100.169902 -0.889730 85.505220 3.099891 -1.102560 -18.890796 -2.140708 3.769756 3.212596 0.036171 9.761176 -3.082867 nan nan nan -3.294040 -2.726658 17.154028 4.476565 7.485730 -0.320126 6.927128 0.573660 -8.680926 nan nan nan 3.849169 8.442404 6.169901 0.835289 -2.097083 10.528866 -1.313205 2.003654 0.073394 2.798484 4.279597 3.949955 -4.606075 -1.642584 1.566778 -22.087644 9.272223 -2.390472 -71.811656 3.450621 14.621914 16.232336 -25.863196 -6.935707 -11.207206 -15.379125 2.619816 19.492499 0.001334 1.412898 64.403741 8.071678 11.603343 -16.961721 30.938282 -16.554570 1.477771 13.897625 -7.618981 
218.194168 49.054501 95.743645 -100.337771 -0.818372 85.529597 3.202450 -0.949743 -18.705317 -2.148102 3.642309 1.600233 0.097086 9.507868 -2.963794 nan nan nan -3.389921 -2.866601 17.481839 4.478906 7.814779 0.104756 7.475965 0.741415 -9.025872 nan nan nan 3.753311 8.475059 6.134054 0.836951 -2.096731 10.399672 -1.321315 2.124938 0.264511 2.703466 4.531079 3.878283 -4.347772 -1.492302 1.539970 -22.033575 9.460598 -2.645837 -71.851693 3.556809 14.713753 16.196073 -25.820153 -6.857181 -11.069497 -15.456424 2.531688 19.593904 -0.099069 1.270659 64.345677 8.205774 11.840610 -16.947858 30.975880 -16.641890 1.414295 13.894904 -7.726998 
217.255569 49.116795 95.592865 -100.566455 -0.806592 85.542746 3.309802 -0.845552 -18.518099 -2.189411 3.444238 0.281356 0.164212 9.330341 -2.980737 nan nan nan -3.581516 -2.959296 17.800355 4.496833 8.142426 0.558062 7.946120 0.934758 -9.304357 nan nan nan 3.616464 8.554289 6.086767 0.835169 -2.092791 10.299678 -1.322174 2.243452 0.395630 2.607417 4.565690 3.870522 -4.196834 -1.287544 1.581178 -22.031974 9.644941 -2.728278 -71.818819 3.544384 14.676354 16.144845 -25.776483 -6.831785 -11.057656 -15.356194 2.524071 19.694887 -0.217401 1.336006 64.245222 8.458141 11.862920 -16.866363 31.010913 -16.587732 1.676523 13.752750 -7.491648 
216.323288 49.169971 95.459427 -100.824205 -0.748518 85.514741 3.420556 -0.664370 -18.351132 -2.141453 3.530470 -0.577283 -0.107815 9.100426 -3.146618 nan nan nan -3.712470 -3.014673 18.089000 4.510954 8.439488 1.110626 8.418835 1.138806 -9.537341 nan nan nan 3.598552 8.684046 6.121432 0.791236 -2.116489 10.086287 -1.308347 2.310087 0.577890 2.558223 4.584133 3.998443 -4.084683 -1.192677 1.527837 -22.063559 9.628644 -2.841649 -71.847355 3.694609 14.551420 16.264256 -25.659963 -7.064958 -11.088283 -15.365205 2.485860 19.811866 -0.161592 1.375427 64.136260 8.610104 11.822377 -16.850635 30.874558 -16.618335 1.926234 13.843972 -7.260069 
215.389664 49.228291 95.333176 -101.159756 -0.660484 85.394515 3.568245 -0.378219 -18.110511 -2.130795 3.873627 -1.091118 -0.526815 8.789916 -3.451665 nan nan nan -3.782724 -2.930569 18.431412 4.542166 8.815091 1.755623 8.780589 1.258599 -9.835060 nan nan nan 3.635088 8.836105 6.256274 0.736273 -2.051871 10.059443 -1.365970 2.332577 0.623385 2.660547 4.805499 3.881957 -4.040688 -1.270322 1.632566 -22.009713 9.666775 -3.017633 -71.898283 3.833331 14.582127 16.410360 -25.605994 -7.294521 -11.196255 -15.303904 2.499593 20.021819 -0.158072 1.244858 64.046536 8.593484 12.052488 -16.964253 30.840995 -16.866602 1.732494 13.968745 -7.405618 
214.423096 49.271591 95.231483 -101.480155 -0.597013 85.253253 3.696755 -0.167383 -17.939752 -2.183877 4.158622 -1.216285 -0.823511 8.641524 -3.712569 nan nan nan -3.905499 -2.852963 18.734675 4.567000 9.157825 2.578265 9.021611 1.388003 -10.198396 nan nan nan 3.659039 8.938069 6.358304 0.658247 -1.978228 10.064118 -1.452229 2.360080 0.652786 2.711516 5.138810 3.736715 -3.902545 -1.387914 1.927936 -21.954730 9.791173 -3.130428 -71.896883 3.897475 14.608092 16.515293 -25.594062 -7.381572 -11.306347 -15.426121 2.588715 20.269164 -0.155148 1.228831 63.938098 8.650749 12.196431 -17.079085 30.750232 -17.165265 1.709555 14.053109 -7.447294 
213.460388 49.306908 95.151093 -101.649953 -0.548205 85.162970 3.824493 -0.231126 -17.954359 -2.211615 4.147007 -0.897083 -0.768930 8.835714 -3.714337 nan nan nan -3.985351 -2.775190 18.957913 4.567735 9.261445 3.483083 9.153085 1.511278 -10.554955 nan nan nan 3.622324 9.040927 6.396392 0.607823 -1.957852 10.020940 -1.439106 2.326173 0.698642 2.731637 5.240036 3.852722 -3.785199 -1.340395 2.006316 -21.943273 9.884145 -3.222252 -71.888363 3.940946 14.553113 16.561819 -25.543096 -7.383074 -11.362646 -15.558913 2.588102 20.354057 -0.191097 1.150899 63.962318 8.673279 12.241543 -17.141610 30.552791 -17.091257 1.894034 14.058673 -7.299921 
212.500671 49.348160 95.073616 -101.758263 -0.543864 85.183253 3.944775 -0.412937 -18.110797 -2.272781 4.005897 -0.328844 -0.503491 9.074803 -3.535229 nan nan nan -4.093708 -2.729491 19.077844 4.585187 9.322484 4.369030 9.288109 1.672116 -10.785460 nan nan nan 3.421585 9.187034 6.196817 0.642906 -1.968756 10.266863 -1.364493 2.266378 0.617239 2.850895 5.009849 3.929200 -3.925212 -1.194117 1.925765 -22.023929 9.928644 -3.322232 -71.801340 3.961858 14.518308 16.512197 -25.533913 -7.335644 -11.213818 -15.464652 2.545764 20.378195 -0.319159 0.948235 64.072451 8.611509 12.345325 -17.227971 30.459518 -16.975512 1.862103 13.941423 -7.316960 
211.516907 49.384876 95.029053 -101.872772 -0.600705 85.227106 3.919923 -0.512014 -18.334299 -2.284760 4.179518 0.518285 -0.313733 9.079307 -3.276062 nan nan nan -4.289623 -2.750523 19.116184 4.551861 9.491578 5.355552 9.640552 1.969051 -10.920956 nan nan nan 3.131557 9.321332 5.950416 0.663263 -1.969488 10.515198 -1.321430 2.220235 0.501911 2.959796 4.899139 4.010390 -3.950123 -1.127620 1.832531 -22.084395 9.998157 -3.421568 -71.707912 3.959279 14.477530 16.593334 -25.491793 -7.627920 -11.393947 -15.381457 2.569900 20.543374 -0.432179 0.933024 64.109845 8.620240 12.402407 -17.348697 30.352361 -17.152261 1.970136 13.890303 -7.174285 
210.524063 49.399624 95.018501 -101.947084 -0.604728 85.257747 3.934284 -0.686301 -18.549416 -2.348548 4.458801 1.460680 -0.070603 9.257112 -2.857004 nan nan nan -4.420766 -2.712964 19.093880 4.572165 9.674896 6.418684 10.081396 2.218479 -10.940868 nan nan nan 2.833103 9.368385 5.850117 0.759278 -1.979720 10.368418 -1.262206 2.240342 0.539314 2.966566 4.799902 4.178865 -3.937803 -1.044357 1.803901 -22.154379 10.141528 -3.411228 -71.567241 3.886811 14.449327 16.495666 -25.487765 -7.548887 -11.292330 -15.464969 2.417777 20.632824 -0.559434 1.097137 64.111913 8.684323 12.340880 -17.318890 30.191209 -17.149797 1.939865 13.897542 -7.133157 
209.519119 49.398403 95.001434 -101.998432 -0.581928 85.275543 4.007104 -1.012521 -18.698229 -2.467970 4.639199 2.405814 0.392276 9.702226 -2.292438 nan nan nan -4.509702 -2.545413 19.115441 4.697760 9.775856 7.411681 10.388084 2.349732 -10.918216 nan nan nan 2.543450 9.337116 5.731883 0.883187 -2.056478 10.217863 -1.254559 2.364147 0.620079 2.956500 4.661413 4.340220 -3.865969 -0.987122 1.780806 -22.085386 10.246211 -3.393069 -71.527690 3.812709 14.429580 16.291492 -25.459759 -7.212821 -11.014085 -15.395675 2.325941 20.666158 -0.668018 1.242240 64.184266 8.709180 12.276559 -17.287136 30.043644 -17.080504 1.894846 13.926146 -7.207303 
208.480774 49.390591 94.988884 -101.998594 -0.625698 85.334763 3.945802 -1.379701 -18.845188 -2.526522 4.916955 3.449507 0.925609 10.134624 -1.596021 nan nan nan -4.700608 -2.465957 19.027476 4.847912 9.784135 8.550946 10.489226 2.510193 -10.884692 nan nan nan 2.246634 9.378982 5.387171 0.907882 -2.190038 10.385603 -1.273761 2.423486 0.590819 2.894244 4.513812 4.457245 -3.642901 -0.869413 1.802139 -22.020754 10.146274 -3.319250 -71.524056 3.775446 14.263760 16.352944 -25.520425 -7.536685 -10.884997 -14.825458 2.529951 20.848361 -0.732585 1.436810 64.173036 8.786534 12.152058 -17.225312 29.768049 -17.244592 2.131286 13.790459 -6.988018 
207.428497 49.378094 95.001434 -101.980534 -0.691101 85.366607 3.790279 -1.632415 -18.913248 -2.512813 5.381868 4.391187 1.289431 10.340422 -0.497151 nan nan nan -4.877397 -2.413346 18.828061 4.906840 9.610965 9.954878 10.570120 2.728875 -10.863095 nan nan nan 1.941030 9.486957 5.057302 0.931558 -2.246654 10.748323 -1.254657 2.336396 0.339290 2.792768 4.435525 4.547408 -3.397521 -0.744808 1.927076 -21.963966 10.078369 -3.205498 -71.494514 3.697814 14.127398 16.431259 -25.554370 -7.948797 -10.972666 -14.369581 2.787853 21.063055 -0.891886 1.611366 64.133262 8.845921 12.100888 -17.166327 29.338028 -17.520191 2.678916 13.568722 -6.610322 
206.390137 49.390106 95.036346 -102.069264 -0.706772 85.369460 3.695354 -1.697754 -18.915960 -2.471197 5.855037 5.184759 1.587484 10.444983 0.760114 nan nan nan -4.887936 -2.153956 18.493875 4.969405 9.461005 11.496549 10.874944 2.982874 -10.587368 nan nan nan 1.633132 9.591237 4.846777 0.978384 -2.156019 11.026828 -1.207827 2.258364 0.114543 2.816086 4.474297 4.544815 -3.261948 -0.682851 2.065846 -21.892268 9.945477 -3.148158 -71.415443 3.696377 14.160124 16.497852 -25.572770 -8.057475 -11.062982 -14.252058 2.667653 21.278337 -0.973068 1.656587 64.137580 8.652389 12.149083 -17.275026 29.058607 -17.861203 3.032247 13.364032 -6.284181 
205.328064 49.386906 95.074509 -102.091295 -0.728375 85.428578 3.616528 -1.899168 -18.954490 -2.461388 5.982859 5.930097 1.891879 10.664399 1.631182 nan nan nan -4.906984 -1.866653 18.025295 5.068832 9.329746 13.198478 11.222968 3.111145 -10.202322 nan nan nan 1.325155 9.521350 4.608704 0.986352 -2.138131 11.138731 -1.235966 2.283270 0.004666 2.883886 4.454540 4.500727 -3.183359 -0.625296 2.224336 -21.839020 9.872910 -3.158681 -71.277510 3.795192 14.216092 16.627987 -25.577808 -7.962341 -10.973442 -14.275451 2.445131 21.448955 -0.975590 1.690864 64.245407 8.335403 12.322382 -17.532476 29.040428 -17.970999 3.032119 13.305696 -6.253475 
204.235367 49.352764 95.121819 -101.962733 -0.777727 85.523583 3.478933 -2.230888 -18.955451 -2.497003 5.753120 6.545415 2.016498 10.888828 2.139541 nan nan nan -4.985685 -1.615389 17.499351 5.242125 9.184168 15.017429 11.725690 3.321409 -9.831400 nan nan nan 1.007313 9.331741 4.365872 1.012803 -2.220017 11.176481 -1.295328 2.323945 -0.107314 2.815364 4.355945 4.514903 -3.146847 -0.567475 2.285385 -21.852312 9.934677 -3.179708 -71.004025 3.910437 14.212454 16.574729 -25.756263 -7.838513 -10.845275 -14.183282 2.536368 21.570131 -1.051255 1.766666 64.406879 7.988210 12.542723 -17.866778 29.226496 -17.845275 2.919612 12.950070 -6.292753 
203.152039 49.329071 95.202644 -101.884883 -0.907613 85.503813 3.258962 -2.438123 -18.759239 -2.567741 5.543150 7.105244 1.750001 10.860855 2.426526 nan nan nan -5.190570 -1.383180 16.950736 5.463666 8.911132 17.070493 12.222459 3.611272 -9.366028 nan nan nan 0.565162 9.219197 4.277848 1.045809 -2.208240 11.172732 -1.254421 2.260644 -0.137459 2.725549 4.379174 4.545424 -3.045507 -0.442971 2.213942 -21.886171 10.049675 -3.310284 -70.674592 3.928439 14.201043 16.369914 -25.898056 -7.620655 -10.718299 -14.373005 2.723827 21.791535 -1.203543 1.805990 64.279704 8.004531 12.397174 -17.323806 28.704607 -17.768297 3.078472 13.533712 -6.043998 
202.073227 49.308071 95.314461 -101.799379 -1.058746 85.364122 3.010304 -2.623191 -18.437778 -2.718114 5.297921 7.770899 1.731294 10.715792 2.752187 nan nan nan -5.471331 -1.164284 16.416583 5.723583 8.385485 19.244398 12.692473 3.648367 -8.560062 nan nan nan 0.145876 9.075729 4.377204 1.049201 -2.176187 10.986349 -1.271486 2.215282 -0.020216 2.751159 4.420706 4.543076 -2.897909 -0.239205 2.200974 -21.761880 10.098185 -3.359205 -70.448438 3.890874 14.304355 16.209106 -26.026206 -7.271782 -10.390888 -14.352579 2.394824 22.004296 -1.357531 1.777946 64.319702 7.947787 12.433031 -16.912877 28.431727 -17.692638 2.782530 13.664408 -6.444499 
200.981277 49.275265 95.443352 -101.609513 -1.164924 85.210199 2.781292 -2.805283 -18.043383 -2.913690 5.039949 8.388779 2.201318 10.477913 3.122146 nan nan nan -5.734322 -1.004744 15.822675 5.941308 7.571302 21.464399 13.339515 3.787727 -7.356109 nan nan nan -0.268210 8.888630 4.419864 1.149892 -2.186096 10.950856 -1.320310 2.201991 -0.038772 2.761688 4.320175 4.547683 -2.821618 -0.130177 2.278716 -21.599519 9.933132 -3.284937 -70.270067 3.923585 14.693785 16.144604 -26.044720 -6.935027 -9.707124 -14.669020 1.313263 22.104252 -1.347660 1.638622 64.586765 7.406375 12.957214 -17.112390 28.527871 -17.639479 1.393987 13.724067 -7.767169 
199.856277 49.238857 95.564690 -101.224580 -1.262706 85.214640 2.523408 -3.182874 -17.730362 -3.088071 4.827794 8.846617 2.942288 10.347334 3.237349 nan nan nan -6.010366 -0.966783 15.030163 6.150556 6.605571 23.745782 14.008461 4.065489 -5.926823 nan nan nan -0.725887 8.653764 4.109033 1.277185 -2.316181 11.133387 -1.318620 2.151742 -0.113806 2.602964 4.186229 4.645163 -2.668844 0.072690 2.235451 -21.608481 9.612342 -3.213878 -69.993058 4.036476 14.922293 16.207148 -26.041954 -6.917888 -9.363989 -14.988127 0.656317 22.155171 -1.284800 1.569654 64.836225 6.842528 13.239289 -17.449978 28.489825 -17.547113 0.729348 13.494970 -8.065226 
198.713242 49.201775 95.682022 -100.709264 -1.324002 85.246893 2.241697 -3.639136 -17.395194 -3.200585 4.596306 9.196279 3.729682 10.419172 3.301309 nan nan nan -6.346971 -1.065541 14.199051 6.398072 5.490678 26.070660 14.302146 4.265561 -4.196884 nan nan nan -1.106888 8.351950 3.723915 1.367921 -2.478610 11.244412 -1.293992 2.038287 -0.011335 2.404119 4.058280 4.826904 -2.556492 0.274463 1.962444 -21.587004 9.382718 -3.237744 -69.862212 4.011144 14.725234 16.287909 -26.028522 -7.267196 -9.779507 -14.663192 1.312639 22.185705 -1.362697 1.536151 64.985935 6.561441 12.995358 -17.477665 28.180227 -17.359973 1.983520 12.531551 -6.891167 
197.635101 49.163494 95.796288 -100.294386 -1.373036 85.181276 1.989217 -4.072076 -16.955487 -3.286581 4.461060 9.507744 4.541977 10.634608 3.340040 nan nan nan -6.637330 -1.006642 13.265221 6.488021 4.149608 28.609880 14.592460 4.400093 -2.259903 nan nan nan -1.400835 8.029254 3.682121 1.421951 -2.491999 11.143877 -1.311043 1.932510 0.060697 2.342322 3.953994 5.026631 -2.600585 0.362649 1.851103 -21.442707 9.148263 -3.214054 -69.932187 3.775816 14.456159 16.543077 -25.817269 -7.984283 -10.728339 -14.342009 2.389271 22.172221 -1.478889 1.431077 65.184528 6.234719 12.650104 -17.586438 27.824957 -17.138700 4.079524 11.495977 -4.879567 
196.606262 49.133308 95.907883 -100.057564 -1.399192 85.151720 1.747448 -4.273523 -16.589220 -3.313234 4.362606 9.926230 5.254529 10.768607 3.208197 nan nan nan -6.827345 -0.747562 12.038545 6.458402 2.803730 31.345546 15.092734 4.360264 -0.077449 nan nan nan -1.691079 7.646810 3.730357 1.518089 -2.408815 10.982544 -1.423099 1.888660 0.016860 2.279500 4.060667 5.356848 -2.444684 0.503559 1.737375 -21.286678 8.858782 -3.235294 -69.848423 3.846087 14.623347 16.677132 -25.770836 -8.028584 -10.322301 -14.732107 1.957863 22.249263 -1.460559 1.311097 65.315465 5.820661 12.652572 -17.105222 27.661753 -17.068903 3.169755 11.441263 -5.306678 
195.535370 49.094181 96.021385 -99.618073 -1.408955 85.117889 1.501580 -4.601095 -16.168183 -3.389560 4.208965 10.263336 5.827752 10.741192 3.039308 nan nan nan -7.072768 -0.686209 10.964834 6.446234 1.564044 33.754723 15.467737 4.208965 2.363221 nan nan nan -1.912146 7.301115 3.661672 1.628427 -2.457738 10.911398 -1.545129 1.757136 -0.020518 2.166557 4.135419 5.663961 -2.244250 0.634368 1.740156 -21.130528 8.533332 -3.226099 -69.813851 3.789694 14.743521 16.849373 -25.426275 -7.977118 -10.230355 -14.990535 1.857004 22.345470 -1.475459 1.170683 65.363466 5.318899 12.493617 -16.766483 27.439449 -17.114400 3.183590 11.676936 -5.556870 
194.569855 49.065464 96.120949 -99.357226 -1.463289 85.026941 1.317425 -4.817817 -15.636281 -3.592957 4.075212 10.401658 6.313065 10.734945 2.958672 nan nan nan -7.343108 -0.606640 9.715405 6.363418 0.549580 36.384784 15.539439 3.918091 4.740633 nan nan nan -2.156952 6.966321 3.992637 1.706800 -2.329650 10.507531 -1.593128 1.700501 0.037106 2.144839 4.227546 5.625309 -2.332931 0.591217 2.006559 -20.927501 8.208414 -3.263392 -69.798067 3.653808 14.916639 16.931127 -25.102125 -7.800268 -10.110008 -14.990400 1.688715 22.380567 -1.554131 0.843387 65.492138 4.748411 12.468297 -16.749822 27.145226 -16.983864 3.655697 11.745224 -5.405757 
193.580475 49.042767 96.211105 -98.977337 -1.517051 84.974708 1.082886 -5.002438 -15.093632 -3.768674 3.865099 10.489057 6.930525 10.730580 2.834995 nan nan nan -7.488253 -0.625770 8.472261 6.242385 -0.161817 38.946460 15.409235 3.464978 6.932124 nan nan nan -2.423645 6.580831 4.165015 1.805057 -2.321267 10.348892 -1.663078 1.662540 -0.068113 2.093825 4.244370 5.642362 -2.442806 0.655357 2.152768 -20.888889 7.818908 -3.162215 -69.582272 3.584558 15.055878 17.087526 -25.061771 -7.889197 -9.996892 -14.772423 1.577953 22.447250 -1.605466 0.738280 65.650419 4.263097 12.439410 -16.963075 26.892804 -16.810812 3.994093 11.512054 -4.938525 
192.601700 49.043598 96.281921 -98.660516 -1.540004 84.947991 0.897819 -5.072050 -14.600278 -3.902021 3.727246 10.703974 7.532710 10.736770 2.539672 nan nan nan -7.496699 -0.580517 7.130539 6.135145 -0.656741 41.547869 14.900677 2.987775 8.993580 nan nan nan -2.639824 6.183301 4.233929 1.850434 -2.265303 10.273516 -1.749036 1.578764 -0.092281 2.186608 4.397661 5.578007 -2.541788 0.512794 2.298864 -20.829194 7.377804 -3.270718 -69.360143 3.548851 15.285227 17.294940 -24.884921 -8.031367 -10.302130 -14.926950 1.863161 22.556849 -1.626247 0.576988 65.778498 3.870387 12.431089 -17.057302 26.569662 -16.753796 4.447363 11.397266 -4.697593 
191.653961 49.053772 96.342171 -98.456868 -1.630384 84.971465 0.677311 -5.138786 -14.098198 -4.036806 3.585892 10.778332 7.976646 10.885203 2.133796 nan nan nan -7.570668 -0.533381 5.633409 5.936138 -1.080041 44.148976 14.366133 2.433957 11.104145 nan nan nan -2.945718 5.877069 4.268411 1.916928 -2.125058 10.183897 -1.783439 1.492172 -0.079580 2.234005 4.596815 5.626841 -2.625086 0.322432 2.312565 -20.803121 7.003585 -3.542360 -69.058252 3.416917 15.547633 17.234946 -24.582964 -7.769057 -10.548041 -15.206909 2.183343 22.660351 -1.723892 0.387126 65.836255 3.578371 12.314947 -16.935126 26.320649 -16.602632 4.896263 11.273483 -4.492551 
190.720154 49.064632 96.408394 -98.217676 -1.819226 84.837358 0.393886 -5.278344 -13.312770 -4.270372 3.442917 10.595897 8.255261 11.026562 1.605851 nan nan nan -7.756720 -0.638716 4.299574 5.626185 -1.398712 46.646637 13.894393 1.771725 13.328883 nan nan nan -3.387546 5.603411 4.550072 2.052360 -2.054699 10.020579 -1.834566 1.428202 -0.004520 2.280319 4.760005 5.573357 -2.743610 0.238061 2.393193 -20.710391 6.802080 -3.757583 -68.831239 2.980711 15.698567 17.096631 -24.303659 -7.588901 -10.768315 -14.945155 1.998446 22.873116 -1.871079 0.336578 65.803441 3.512014 12.229318 -16.864895 26.099672 -16.422737 5.443091 10.974830 -4.233142 
189.819778 49.057846 96.487610 -97.916026 -2.032346 84.638360 0.060048 -5.512976 -12.435825 -4.480426 3.351012 10.378230 8.394070 11.071847 1.095928 nan nan nan -7.952836 -0.746060 3.005342 5.210459 -1.721137 49.078260 13.724177 1.019322 15.477555 nan nan nan -3.734147 5.279915 4.973027 2.081642 -2.096715 9.873666 -1.932150 1.426091 0.012670 2.333300 4.873836 5.402804 -2.843091 0.161892 2.570635 -20.618786 6.477643 -3.913493 -68.677504 2.449710 15.717033 17.161782 -23.929695 -8.127170 -11.095819 -14.511164 1.331449 23.215561 -1.851448 0.371749 65.689626 3.389751 12.151059 -16.905951 25.870242 -16.580080 6.034049 10.779877 -4.163186 
188.920792 49.098969 96.592888 -97.636453 -2.127669 84.436529 -0.219793 -5.343135 -11.612774 -4.588895 3.064945 10.352467 8.492564 10.936851 0.553858 nan nan nan -7.906439 -0.727332 1.722554 4.704570 -2.061932 51.352901 13.739182 0.169528 17.257115 nan nan nan -4.006870 4.906280 5.246271 2.121023 -2.061689 9.960235 -1.989061 1.396163 -0.081509 2.387881 5.125719 5.254017 -2.944572 0.077147 2.861860 -20.692123 6.019459 -4.045911 -68.353268 2.017447 15.803028 17.312906 -23.594299 -8.739925 -11.348350 -14.422322 1.154933 23.618459 -1.715915 0.311369 65.509608 3.164847 12.133798 -16.899975 25.518281 -16.700804 6.277836 10.710862 -4.085213 
188.028687 49.182652 96.721832 -97.392628 -2.129754 84.180457 -0.420721 -4.817710 -10.749666 -4.658447 2.538638 10.349260 8.555821 10.771483 0.033351 nan nan nan -7.654168 -0.596007 0.529436 4.349784 -2.294022 53.510807 13.665849 -0.561966 18.239742 nan nan nan -4.303338 4.523387 5.505352 2.243546 -1.906045 10.115661 -1.976378 1.359807 -0.097833 2.356874 5.376115 5.060233 -2.980447 0.024669 3.088390 -20.881015 5.621848 -4.312073 -67.890600 1.627909 16.022748 17.369996 -23.428652 -8.955309 -11.287883 -14.418869 1.432759 23.997925 -1.671171 0.071778 65.285734 2.963860 12.183278 -16.731687 25.193574 -16.669401 6.257440 10.631416 -4.253390 
187.138702 49.226376 96.850388 -97.175043 -2.124471 83.904742 -0.590757 -4.520018 -9.797286 -4.747282 2.128458 10.186350 8.616064 10.802894 -0.391649 nan nan nan -7.504295 -0.529084 -0.613062 4.259677 -2.442400 55.567454 13.524989 -0.950645 18.355034 nan nan nan -4.466975 4.155144 5.893764 2.300956 -1.796198 10.159179 -1.977122 1.318694 -0.087425 2.228435 5.691585 5.027624 -2.996220 -0.025135 2.994447 -20.937295 5.388570 -4.656545 -67.562565 1.275368 16.282371 17.311924 -23.259066 -8.800641 -11.318816 -14.437791 2.181021 24.220110 -1.673375 -0.082041 65.200763 2.853681 12.278925 -16.599282 24.899395 -16.520330 6.327455 10.515668 -4.265970 
186.234192 49.242882 96.976707 -96.931192 -2.071960 83.645141 -0.696904 -4.405977 -8.776158 -4.858876 1.742675 9.900597 8.626078 10.932951 -0.766386 nan nan nan -7.372313 -0.459413 -1.666306 4.273686 -2.662211 57.404524 13.161670 -0.945106 17.855711 nan nan nan -4.492533 3.793907 6.272743 2.310366 -1.776411 10.251036 -2.045933 1.210984 -0.259469 2.186101 6.035966 5.147647 -2.988499 -0.029800 2.935292 -20.922388 5.297490 -4.828772 -67.245084 0.996008 16.591136 17.153811 -23.258817 -8.166754 -10.979352 -14.642730 3.218603 24.373499 -1.584541 -0.100292 65.219035 2.775575 12.523211 -16.511588 24.414214 -16.348649 6.193237 10.565206 -4.267006 
185.332916 49.263611 97.124519 -96.531760 -1.929974 83.352743 -0.762294 -4.185088 -7.772864 -4.920178 1.173501 9.697634 8.603800 10.979909 -1.105508 nan nan nan -7.149697 -0.483387 -2.509253 4.324674 -2.924105 58.882952 12.561811 -0.694452 16.841140 nan nan nan -4.436683 3.378581 6.673256 2.344822 -1.861714 10.332943 -2.101882 1.013235 -0.457961 2.131435 6.220039 5.136832 -3.038083 0.156652 3.162087 -20.877717 5.295330 -4.933950 -67.288236 0.302981 16.455618 17.549687 -22.921370 -9.456317 -11.469868 -14.095047 3.045691 24.471940 -1.510725 0.032119 65.241268 2.829720 12.766172 -16.505080 23.999678 -16.320456 6.683527 10.247162 -4.155493 
184.477570 49.290524 97.280251 -95.954415 -1.644297 83.190711 -0.748183 -3.644647 -7.040243 -4.850938 0.362453 9.661002 8.498339 10.767661 -1.537738 nan nan nan -6.778570 -0.538793 -3.419942 4.405102 -3.344177 60.113304 11.921482 -0.402768 15.672193 nan nan nan -4.220307 2.826436 6.921714 2.390802 -1.949662 10.387452 -2.135724 0.817968 -0.551525 2.069149 6.303195 5.080426 -3.257898 0.243880 3.421947 -20.905039 5.087018 -4.891631 -67.264427 -0.364984 16.232305 17.870393 -22.752473 -10.492392 -11.948903 -13.633428 3.408163 24.465867 -1.386955 0.160842 65.388226 2.823767 12.813168 -16.539647 23.632550 -16.195324 6.998582 10.029103 -4.239633 
183.396866 49.301735 97.461746 -95.998745 -1.501575 82.348874 -0.696907 -4.504272 -4.748038 -5.056388 0.233239 8.468718 8.700697 11.751333 -1.617732 nan nan nan -6.585275 -0.556368 -3.442794 4.857725 -3.008913 60.948955 11.328489 -0.440170 14.428107 nan nan nan -3.799346 2.928617 7.665706 2.219798 -1.990576 10.337070 -2.092387 0.669169 -0.279192 1.880616 6.301051 5.587397 -3.510186 0.118776 2.702480 -20.938916 4.758417 -5.141704 -67.218545 -0.850975 16.174270 17.964506 -22.547568 -10.940441 -12.110466 -13.867464 3.996776 24.172035 -1.249574 -0.070847 65.831266 2.596736 12.837351 -16.686651 23.125050 -15.976669 7.349809 10.034669 -4.010874 
182.569031 49.356461 97.587143 -95.326440 -0.963270 82.392319 -0.374334 -3.954380 -4.384283 -4.929169 -0.659368 8.696937 8.484198 11.480943 -2.190390 nan nan nan -5.910540 -0.539934 -4.548337 4.884758 -3.655306 61.827606 10.829100 -0.355492 13.338384 nan nan nan -3.396715 2.247180 7.666363 2.317706 -2.045765 10.226403 -2.080109 0.539679 -0.329508 1.604046 6.591858 5.628268 -3.269743 0.089248 3.247365 -20.992690 4.495835 -5.053472 -67.093049 -1.362706 16.116228 18.107445 -22.470240 -11.052241 -12.404983 -13.795314 4.611358 24.084674 -1.203292 0.014237 65.940530 2.368948 12.617438 -16.617309 22.883179 -15.696994 7.399802 10.019797 -4.144686 
181.718323 49.362106 97.742485 -94.781178 -0.736370 82.467595 -0.370476 -3.661260 -3.896375 -4.820535 -1.343343 8.682401 8.341189 11.329029 -2.584500 nan nan nan -5.667985 -0.417969 -5.666046 4.909057 -4.272615 62.547810 10.460465 -0.173516 12.429165 nan nan nan -3.331354 1.712032 7.598380 2.432691 -2.141942 10.237395 -2.039230 0.463611 -0.534388 1.178222 6.846506 5.925620 -2.851035 0.039875 3.536258 -21.030249 4.402441 -4.964199 -66.966486 -1.888035 16.093502 18.083773 -22.362087 -11.299516 -12.393142 -13.980062 5.078930 24.121267 -1.287029 0.127527 65.830878 2.263396 12.285390 -16.290739 22.627312 -15.784881 7.377747 10.073717 -3.922375 
180.846924 49.332115 97.904816 -94.335940 -0.727052 82.515110 -0.583808 -3.850864 -3.156410 -4.768546 -1.829202 8.297244 8.349906 11.567655 -2.858677 nan nan nan -5.734191 -0.234101 -6.735437 5.056840 -4.795117 63.070437 10.216986 -0.013078 11.705116 nan nan nan -3.402682 1.411177 7.445917 2.524742 -2.275070 10.351905 -1.993230 0.390106 -0.601941 0.863219 6.924889 6.215973 -2.720223 0.232304 3.381283 -21.114284 4.144991 -4.992743 -66.749642 -2.317902 16.197855 18.021314 -22.397411 -11.619718 -11.996451 -14.239756 5.057683 24.145529 -1.326027 0.029774 65.782758 2.113877 11.979382 -15.986350 22.249529 -16.157464 7.279796 10.130221 -3.475252 
179.953857 49.328171 98.068863 -93.934704 -0.605356 82.383935 -0.616099 -3.975464 -2.133062 -4.788339 -2.368456 7.787845 8.299452 11.837587 -3.201952 nan nan nan -5.639807 -0.120412 -7.519315 5.193698 -5.190646 63.329641 10.107660 0.044661 11.076370 nan nan nan -3.342528 1.158148 7.393760 2.632943 -2.349581 10.495793 -1.924099 0.250012 -0.561547 0.807691 6.838962 6.619963 -2.841760 0.429878 3.112731 -21.173075 3.806076 -4.950318 -66.601313 -2.815427 16.139908 17.984356 -22.559703 -11.974588 -11.785878 -14.397933 5.316478 24.015591 -1.328155 -0.115298 65.884973 1.973397 11.654312 -15.774616 21.830717 -16.188080 7.570702 10.235309 -3.046104 
179.070969 49.340294 98.222321 -93.526002 -0.382812 82.199387 -0.556732 -3.955293 -1.151461 -4.746752 -2.951091 7.452952 8.293815 12.034188 -3.564677 nan nan nan -5.385635 -0.075642 -8.240556 5.360939 -5.507655 63.478662 10.021181 0.059391 10.481030 nan nan nan -3.242529 0.810185 7.491287 2.780471 -2.408426 10.548661 -1.859558 0.104166 -0.613592 0.727737 6.820204 6.932253 -2.851971 0.459761 3.279371 -21.211521 3.597929 -4.792350 -66.538387 -3.374663 15.947213 18.081294 -22.793787 -12.593367 -12.012472 -14.362929 5.798783 23.877398 -1.293715 0.004003 65.988052 1.833196 11.466473 -15.746596 21.648450 -16.050767 7.997060 10.193187 -2.986793 
178.206100 49.348808 98.357491 -93.101137 -0.195730 82.152564 -0.521679 -3.977946 -0.357767 -4.696451 -3.539812 7.160643 8.261851 12.228158 -3.895836 nan nan nan -5.180445 0.007562 -9.114943 5.639204 -5.835260 63.512166 9.855421 0.075960 9.674331 nan nan nan -3.153617 0.383702 7.498725 2.859065 -2.487465 10.502276 -1.842921 0.036364 -0.621973 0.517469 6.880948 7.030554 -2.658838 0.439733 3.544834 -21.208011 3.529384 -4.786282 -66.496899 -3.934462 15.886306 18.159867 -22.895792 -13.105321 -12.142497 -14.439985 6.091825 23.858868 -1.320458 0.105095 66.029399 1.726202 11.411274 -15.696259 21.435171 -15.898652 8.269632 10.046639 -3.014119 
177.321350 49.391659 98.451591 -92.763144 -0.035133 82.212650 -0.424645 -3.844452 0.363332 -4.680541 -4.036951 6.795423 8.175453 12.314850 -4.199001 nan nan nan -4.966340 0.173889 -10.126678 5.868093 -6.171245 63.448132 9.555571 0.055161 8.834685 nan nan nan -3.184412 -0.038174 7.240646 2.971905 -2.498787 10.645801 -1.832771 0.038830 -0.701739 0.449284 7.013917 7.118852 -2.454863 0.411828 3.818100 -21.084431 3.506929 -4.707812 -66.432300 -4.438869 15.932415 18.163485 -23.270469 -13.360696 -12.188416 -14.380241 6.290069 23.877245 -1.365361 0.305626 66.079001 1.620088 11.403674 -15.680970 21.291972 -15.849890 8.338235 9.884207 -3.252693 
176.429413 49.458092 98.540718 -92.528495 0.119391 82.253083 -0.285812 -3.577206 1.165968 -4.658668 -4.579733 6.349621 8.003726 12.362830 -4.509762 nan nan nan -4.727673 0.365533 -11.082122 6.060646 -6.415174 63.179068 9.225670 -0.017439 8.111677 nan nan nan -3.306044 -0.406033 6.932376 3.167009 -2.415865 10.870235 -1.778151 0.064697 -0.756228 0.397070 7.080360 7.198221 -2.293631 0.452036 4.053288 -21.010861 3.476571 -4.551379 -66.205471 -4.920730 16.036873 17.979486 -23.866292 -13.313824 -12.008051 -14.570561 6.196017 23.922471 -1.456373 0.461997 66.052580 1.434702 11.398071 -15.656150 21.325585 -15.590363 8.109585 9.855635 -3.540341 
175.550964 49.507080 98.645691 -92.286757 0.292660 82.188460 -0.144590 -3.352593 2.083356 -4.630524 -5.126934 5.904711 7.856975 12.437884 -4.826739 nan nan nan -4.486897 0.487222 -11.808995 6.358843 -6.537134 62.668272 8.942165 0.007717 7.256396 nan nan nan -3.398896 -0.767848 6.773906 3.373164 -2.361517 11.059335 -1.671974 0.096173 -0.784291 0.220679 6.921671 7.403534 -2.157121 0.528627 4.126917 -21.011728 3.377076 -4.389119 -66.078303 -5.445682 16.021146 17.929987 -24.398598 -13.558702 -11.748065 -14.740573 6.165005 23.841387 -1.494460 0.552657 66.056367 1.252117 11.323153 -15.564922 21.239065 -15.212838 8.144671 9.934892 -3.592828 
174.691452 49.532799 98.743500 -91.966293 0.492610 82.099680 0.007219 -3.212520 3.023977 -4.588745 -5.691211 5.408883 7.713762 12.433559 -5.077361 nan nan nan -4.285644 0.636425 -12.430555 6.683505 -6.785528 61.992169 8.826566 0.101582 6.189176 nan nan nan -3.367978 -1.145699 6.863406 3.488812 -2.378309 11.054271 -1.548508 0.045607 -0.827219 0.008032 6.953267 7.558444 -2.038522 0.557646 4.034568 -21.021240 3.361556 -4.386021 -65.997433 -5.863094 16.014639 17.897278 -24.876172 -13.904251 -11.696974 -14.951032 6.366768 23.702434 -1.506464 0.577440 66.085494 1.090872 11.292883 -15.409911 21.019112 -14.949800 8.372272 10.000354 -3.647505 
173.849319 49.554951 98.814728 -91.574855 0.688970 82.094794 0.186063 -3.092564 3.842658 -4.580553 -6.290964 4.920721 7.587503 12.288436 -5.335965 nan nan nan -4.096811 0.788323 -13.147823 6.924914 -7.077831 61.203656 8.640597 0.057725 5.326791 nan nan nan -3.322505 -1.521167 6.953197 3.589351 -2.396774 10.868401 -1.434848 -0.046057 -0.758613 -0.094663 7.188060 7.474814 -1.972210 0.581409 4.201674 -21.029870 3.341057 -4.459513 -65.938999 -6.260223 16.069470 17.904152 -25.260356 -14.299827 -11.725392 -15.325269 6.344589 23.636457 -1.557116 0.573119 66.081819 0.851287 11.277937 -15.321888 20.959345 -14.814057 8.521506 10.010655 -3.736551 
172.981049 49.582138 98.868973 -91.267724 0.885330 82.097711 0.356208 -3.000359 4.692751 -4.521637 -6.858149 4.427776 7.428164 12.393257 -5.693097 nan nan nan -3.904731 0.966103 -13.821959 7.185223 -7.290100 60.196195 8.484775 -0.021769 4.560419 nan nan nan -3.273425 -1.806884 6.870755 3.722561 -2.379786 10.802508 -1.338261 -0.094262 -0.661100 -0.120818 7.221855 7.507882 -1.887533 0.523922 4.349031 -21.066558 3.328315 -4.504349 -65.843379 -6.822713 16.102221 17.767531 -25.574199 -14.603982 -11.715329 -15.778236 6.325648 23.610765 -1.653842 0.526384 66.031792 0.577993 11.143580 -15.231034 20.929110 -14.749633 8.703458 10.028345 -3.757150 
172.091690 49.634907 98.901993 -91.083732 1.110802 82.145127 0.582612 -2.942175 5.526875 -4.417838 -7.198335 3.908245 7.184921 12.702901 -6.054567 nan nan nan -3.647379 1.116198 -14.478552 7.416325 -7.379493 59.060761 8.246529 -0.055917 3.639715 nan nan nan -3.154526 -2.040919 6.619263 3.843385 -2.353133 10.881900 -1.310763 -0.092333 -0.597848 -0.009970 7.257066 7.613284 -1.892141 0.411888 4.444070 -21.057418 3.496590 -4.552179 -65.732808 -7.500526 16.105077 17.432933 -25.945604 -14.841875 -11.847493 -16.036907 6.564617 23.642083 -1.825367 0.538958 65.978368 0.449999 11.022561 -15.174033 20.806069 -14.679921 8.979076 10.073073 -3.597405 
171.220856 49.681286 98.924438 -90.882267 1.284517 82.145353 0.737234 -2.888668 6.395941 -4.287777 -7.532735 3.378406 6.968856 12.903920 -6.347555 nan nan nan -3.447416 1.141022 -15.061208 7.510347 -7.455914 57.852541 7.937214 -0.139151 2.796027 nan nan nan -3.029976 -2.282485 6.653947 3.912602 -2.332745 10.679328 -1.300926 -0.142666 -0.546128 0.061475 7.426764 7.496914 -1.853797 0.402249 4.759608 -21.040326 3.759149 -4.429398 -65.591004 -8.155675 16.132948 17.132362 -26.529762 -15.244163 -11.893879 -16.323582 6.513057 23.651628 -2.025549 0.681306 65.964031 0.415077 10.982843 -15.072206 20.595804 -14.587175 9.203269 10.236657 -3.411782 
170.366074 49.711945 98.942909 -90.582441 1.382356 82.151133 0.808647 -2.682805 7.150862 -4.176949 -8.054589 3.012774 6.894524 12.971425 -6.668950 nan nan nan -3.397512 1.134559 -15.582612 7.644453 -7.606819 56.475090 7.901845 -0.296454 2.117009 nan nan nan -2.972785 -2.541009 6.841813 3.930969 -2.357432 10.119480 -1.241611 -0.247666 -0.312458 0.080346 7.475708 7.403040 -1.861455 0.469443 5.036125 -21.037334 4.034573 -4.213107 -65.343676 -8.748469 16.162536 16.710268 -27.329710 -15.345579 -11.672623 -16.634425 6.207094 23.651999 -2.222970 0.904944 65.969700 0.474910 10.858961 -14.887557 20.358632 -14.282646 9.106025 10.156867 -3.032041 
169.554688 49.735420 98.943016 -90.299688 1.488864 82.198729 0.947679 -2.044329 7.677763 -4.027395 -8.622313 3.002179 6.734897 12.747993 -7.250200 nan nan nan -3.378751 1.163555 -16.155971 7.743694 -7.816049 54.958983 8.125901 -0.385104 1.708309 nan nan nan -3.019558 -2.909602 6.600040 4.079048 -2.406816 10.453266 -1.201708 -0.224823 -0.419810 0.040611 7.525970 7.391566 -1.870062 0.579076 5.056199 -21.120447 3.983228 -4.114058 -65.085281 -9.187943 16.219540 16.639599 -28.137109 -15.472522 -11.433597 -16.820738 6.234333 23.606969 -2.216252 1.104871 66.006203 0.590329 10.687007 -14.743114 20.161996 -13.959343 8.688880 9.895707 -2.639487 
168.705078 49.762600 98.936371 -90.266622 1.587712 82.151858 1.054380 -1.863675 8.514401 -3.877255 -8.808090 2.685679 6.535168 12.730775 -7.596046 nan nan nan -3.295552 1.309182 -16.530738 7.773834 -7.919466 53.267224 8.387033 -0.440159 1.529727 nan nan nan -2.976287 -3.017498 6.510248 4.176571 -2.342644 10.765112 -1.155201 -0.243600 -0.650229 0.145509 7.761332 7.467809 -1.935786 0.536230 5.034800 -21.144537 3.890331 -4.156111 -64.938440 -9.475708 16.386795 16.702187 -28.747676 -15.614727 -11.502172 -17.187308 6.490324 23.556510 -2.239085 1.163544 66.065820 0.403267 10.643243 -14.815119 20.080592 -14.044932 8.661427 9.878245 -2.737298 
167.877411 49.806442 98.931099 -90.142017 1.724258 82.158316 1.209160 -1.724518 9.288950 -3.754497 -9.085631 2.198451 6.344768 12.615190 -7.701974 nan nan nan -3.196619 1.449758 -16.878320 7.845443 -8.106083 51.361916 8.452813 -0.447752 1.291725 nan nan nan -2.932994 -3.172734 6.602100 4.276918 -2.246505 10.631117 -1.101593 -0.311215 -0.624703 0.161107 7.992901 7.381855 -1.843698 0.393856 5.124873 -21.170446 3.898554 -4.262213 -64.776593 -9.737705 16.679398 16.703781 -29.393836 -15.555376 -11.484947 -17.672143 6.678884 23.633545 -2.332793 1.010304 65.942045 0.068744 10.693810 -14.798836 20.015691 -14.359553 8.831735 10.210549 -3.233745 
167.079254 49.888885 98.909828 -90.005264 1.850250 82.190198 1.411413 -1.515397 9.967069 -3.694944 -9.501184 1.827068 6.172814 12.669620 -8.060532 nan nan nan -3.075280 1.586343 -17.241063 8.024904 -8.152830 49.302798 8.342421 -0.502760 0.884819 nan nan nan -2.981554 -3.362389 6.726122 4.376011 -2.177357 10.347908 -1.014235 -0.354439 -0.431694 0.110697 8.186230 7.224252 -1.649104 0.342077 5.184656 -21.131710 3.968861 -4.229391 -64.617867 -10.120000 16.915476 16.617954 -30.200685 -15.485993 -10.991180 -17.914034 6.715622 23.758399 -2.447956 0.946886 65.853029 -0.060477 10.722070 -14.757211 19.948554 -14.228636 8.745139 10.231002 -3.292995 
166.278488 49.947109 98.856606 -89.894427 1.921682 82.262560 1.507820 -1.318455 10.609864 -3.543107 -9.824753 1.532258 5.933436 12.815037 -8.640277 nan nan nan -2.983248 1.627152 -17.604687 8.117007 -8.087694 47.210614 8.221865 -0.662967 0.613312 nan nan nan -3.010322 -3.468992 6.722260 4.470834 -2.146493 10.237356 -0.950100 -0.385265 -0.353821 0.064666 8.239689 7.086164 -1.492300 0.412899 5.313140 -21.033346 4.009447 -4.155565 -64.565927 -10.571953 17.128474 16.623345 -30.971875 -15.797457 -10.610787 -17.895616 6.301356 23.802644 -2.620557 0.973409 65.837647 -0.087531 10.706543 -14.664893 19.880272 -13.889848 8.537808 9.874577 -2.789308 
165.468124 49.980942 98.789215 -89.731115 1.957751 82.378212 1.509898 -1.266654 11.229050 -3.334542 -10.046809 1.183257 5.793660 12.786092 -8.952507 nan nan nan -3.013805 1.592894 -17.889197 8.182386 -8.174143 44.956032 8.233293 -0.811781 0.387992 nan nan nan -3.021540 -3.532840 6.622465 4.581686 -2.218976 10.309354 -0.885198 -0.436562 -0.539580 0.113157 8.208275 7.257802 -1.576614 0.528793 5.325911 -21.154157 4.151090 -4.014435 -64.359541 -11.129702 17.121226 16.721310 -31.651241 -16.096263 -11.274345 -17.708935 6.849559 23.691259 -2.764061 1.093217 66.005655 -0.116319 10.664500 -14.857223 19.630603 -13.858820 8.908535 9.836564 -2.614006 
164.650864 50.030624 98.726349 -89.580422 1.997226 82.436295 1.584082 -1.184161 11.879278 -3.241111 -10.210929 0.883390 5.741754 12.529645 -9.109844 nan nan nan -3.029011 1.511362 -17.990230 8.216840 -8.205976 42.515438 8.409841 -0.842887 0.123728 nan nan nan -3.045152 -3.619569 6.535714 4.667068 -2.331679 10.514041 -0.811370 -0.485090 -0.843408 0.270037 8.443213 7.516036 -1.793125 0.506689 5.336846 -21.299613 4.358636 -3.869343 -64.139802 -11.635267 17.025250 17.036361 -32.322938 -16.288589 -12.632182 -17.421050 8.401019 23.576985 -2.822899 1.333046 66.324599 -0.085172 10.665254 -15.459461 19.240148 -14.295463 9.692929 10.040394 -2.891105 
163.831635 50.099541 98.662399 -89.494453 2.070004 82.486511 1.773811 -0.938685 12.498389 -3.196877 -10.398371 0.620879 5.582728 12.203751 -9.357483 nan nan nan -2.937384 1.469096 -17.987037 8.158958 -8.191215 39.865607 8.492519 -0.955572 0.046627 nan nan nan -3.044730 -3.755064 6.446805 4.738187 -2.370312 10.611538 -0.796562 -0.489544 -0.894783 0.396790 8.803782 7.473965 -1.830234 0.355059 5.485349 -21.260229 4.561699 -3.911429 -64.073041 -12.075246 17.141919 17.208267 -32.938359 -16.555304 -13.369680 -17.387093 9.168077 23.619843 -2.911178 1.465177 66.443896 0.005607 10.676094 -15.675608 18.944619 -14.633772 9.976402 9.997630 -2.728752 
163.038666 50.163628 98.577103 -89.448120 2.094920 82.644969 1.847593 -0.812845 12.935689 -3.130077 -10.571649 0.445473 5.441555 12.243789 -9.660942 nan nan nan -2.844162 1.435639 -18.113279 8.036820 -8.114275 37.131389 8.496846 -1.301884 0.200222 nan nan nan -3.095311 -3.853871 6.366970 4.836370 -2.380394 10.451307 -0.773566 -0.449845 -0.787475 0.333734 8.939932 7.318196 -1.677494 0.445714 5.651751 -21.175833 4.691557 -3.946261 -64.075345 -12.343069 17.505045 17.172397 -33.671669 -16.709438 -12.582071 -17.698602 8.319894 23.677692 -3.115176 1.525700 66.428570 0.065653 10.727035 -15.514790 18.882807 -14.464911 9.425124 9.560004 -2.324264 
162.243652 50.216412 98.471283 -89.353379 2.060920 82.836787 1.817249 -0.790219 13.289869 -3.036381 -10.630960 0.376605 5.249424 12.416506 -10.093221 nan nan nan -2.806751 1.377586 -18.226770 7.849641 -7.958482 34.343583 8.491320 -1.627309 0.464196 nan nan nan -3.199457 -3.906815 6.262645 4.919208 -2.381092 10.266455 -0.752345 -0.463542 -0.652598 0.324996 9.062441 7.148212 -1.565515 0.506709 5.697493 -21.024481 4.810905 -4.050692 -64.174704 -12.529371 18.104044 17.068566 -34.269459 -16.859200 -10.928095 -18.339170 6.805217 23.799518 -3.242464 1.388883 66.342593 -0.123707 10.970306 -15.434336 18.806560 -14.587071 8.730172 9.528648 -2.637141 
161.441391 50.287621 98.362877 -89.282486 2.018338 82.975006 1.856409 -0.656746 13.697303 -2.993988 -10.685731 0.319224 4.933260 12.411244 -10.711687 nan nan nan -2.733378 1.311025 -18.219828 7.603078 -7.801054 31.452543 8.456119 -1.902026 0.798243 nan nan nan -3.375982 -3.916046 6.179888 5.021334 -2.351951 10.156469 -0.645173 -0.515497 -0.557963 0.371976 9.138988 7.256413 -1.647566 0.416450 5.459208 -20.949382 5.000586 -4.144181 -64.250828 -12.921399 18.450117 16.963539 -34.701494 -17.043549 -10.168197 -18.778775 6.368143 23.807890 -3.411203 1.243673 66.304497 -0.235204 11.035599 -15.392091 18.668583 -14.761695 8.667525 9.750058 -3.068361 
160.617493 50.343773 98.252266 -89.240236 1.979535 83.105397 1.914111 -0.458593 14.150024 -2.958970 -10.810515 0.261317 4.645994 12.340869 -11.317679 nan nan nan -2.624320 1.094341 -18.107510 7.322494 -7.660454 28.425744 8.530869 -2.265908 1.147908 nan nan nan -3.483631 -3.920364 6.038739 5.112884 -2.400838 10.101411 -0.542719 -0.505259 -0.479783 0.409199 9.228956 7.580036 -1.800580 0.520818 5.103176 -21.060189 5.100019 -4.088039 -64.099419 -13.314362 18.468402 16.975048 -35.321117 -17.186686 -10.197419 -18.799393 6.566634 23.647201 -3.565425 1.272803 66.422174 -0.280169 10.891304 -15.328880 18.714834 -14.563385 8.703090 9.526749 -3.010095 
159.783554 50.354702 98.132446 -89.177447 1.903397 83.270852 1.841526 -0.379798 14.616569 -2.861566 -10.862256 0.107724 4.491610 12.289581 -11.766261 nan nan nan -2.581781 0.751360 -17.972232 7.051264 -7.496598 25.307737 8.629834 -2.579514 1.786000 nan nan nan -3.493456 -3.869160 5.796781 5.161826 -2.493354 10.141091 -0.561464 -0.478806 -0.435589 0.477233 9.403154 7.597147 -1.828909 0.650775 5.134734 -21.124837 5.006108 -4.013482 -63.961622 -13.580864 18.610910 17.224910 -35.913634 -17.451369 -10.103599 -18.895438 6.374556 23.600318 -3.594215 1.259961 66.569055 -0.479313 10.885038 -15.444804 18.739621 -14.427961 8.635672 9.107517 -2.641616 
158.973969 50.365284 97.995567 -89.058771 1.780933 83.497721 1.736891 -0.232700 14.894127 -2.772817 -10.876041 0.112186 4.364427 12.074258 -12.105683 nan nan nan -2.587709 0.499342 -17.875655 6.717952 -7.355565 22.135282 8.761702 -2.797378 2.528383 nan nan nan -3.577600 -3.804503 5.557363 5.229285 -2.552837 10.178677 -0.537703 -0.513002 -0.544951 0.485455 9.404956 7.558297 -1.849384 0.615362 5.368761 -21.138023 4.931030 -3.892320 -63.935229 -13.891420 18.927392 17.505507 -36.247928 -17.738766 -9.990202 -19.218280 6.148761 23.567599 -3.650741 1.264976 66.702805 -0.618645 10.988787 -15.611488 18.503771 -14.502050 8.605878 9.048725 -2.488642 
158.176804 50.405098 97.857292 -89.051200 1.582565 83.734597 1.653649 0.140032 15.109121 -2.765910 -10.836839 0.193532 4.183283 11.733042 -12.402110 nan nan nan -2.593691 0.291150 -17.841962 6.310829 -7.074343 19.080531 8.945381 -2.923108 3.329441 nan nan nan -3.735465 -3.736953 5.404798 5.216323 -2.528885 9.936170 -0.481313 -0.562026 -0.501344 0.477134 9.289838 7.716549 -1.914821 0.583040 5.428607 -21.178240 4.957064 -3.804291 -63.814376 -14.160170 19.127713 17.638265 -36.629763 -17.946938 -9.612689 -19.507956 6.003605 23.617386 -3.757323 1.285961 66.774387 -0.610243 11.074888 -15.637164 18.134542 -14.522882 8.363076 9.150887 -2.505973 
157.374619 50.449665 97.723656 -89.119912 1.375337 83.904348 1.550341 0.464590 15.470214 -2.760913 -10.694513 0.174213 4.023647 11.445122 -12.641469 nan nan nan -2.543607 -0.035507 -17.743500 5.883381 -6.695144 16.099677 9.000408 -2.938615 4.231344 nan nan nan -3.885314 -3.632245 5.228540 5.193514 -2.514479 9.849538 -0.465033 -0.588778 -0.407739 0.505064 9.396954 7.701042 -1.949690 0.595360 5.378165 -21.181280 4.935900 -3.763604 -63.715485 -14.457405 19.265573 17.791020 -36.970433 -18.255762 -9.202010 -19.743893 5.904301 23.693842 -3.874050 1.291450 66.758737 -0.583908 11.060180 -15.568275 18.072715 -14.717357 8.236276 8.986098 -2.431335 
156.558960 50.480148 97.589973 -89.103848 1.196152 84.033625 1.432461 0.641643 15.881817 -2.719303 -10.676731 0.187344 3.825411 11.246243 -13.019635 nan nan nan -2.496979 -0.372913 -17.493446 5.483251 -6.381272 13.008931 9.149730 -3.008415 5.179884 nan nan nan -4.033570 -3.548820 5.025481 5.240564 -2.552884 10.048537 -0.455374 -0.580083 -0.439580 0.437162 9.896993 7.310385 -1.758653 0.639374 5.310228 -21.174929 4.948268 -3.807240 -63.725497 -14.823699 19.524906 17.932989 -37.189986 -18.614433 -9.402419 -19.837149 5.909590 23.735520 -3.997801 1.308790 66.750519 -0.622900 11.058321 -15.647792 18.199079 -15.027610 8.302844 8.775616 -2.308249 
155.717026 50.501740 97.442345 -89.000972 1.021060 84.242018 1.289759 0.676334 16.175619 -2.678429 -10.748787 0.283094 3.627621 11.094495 -13.416905 nan nan nan -2.495127 -0.722863 -17.319481 5.122053 -6.066938 9.996393 9.163796 -3.119091 6.155150 nan nan nan -4.130952 -3.458226 4.730741 5.288319 -2.669918 10.199034 -0.479758 -0.625252 -0.539864 0.425307 10.123063 7.198691 -1.680754 0.595240 5.452192 -21.155974 4.996475 -3.776744 -63.781368 -15.067137 19.772881 18.166815 -37.434129 -18.990712 -9.687430 -19.794258 5.957033 23.755822 -4.036587 1.418986 66.855907 -0.675615 11.204230 -15.905920 18.082080 -15.219576 8.448900 8.679285 -2.310475 
154.880081 50.537975 97.285690 -88.975758 0.859609 84.436637 1.147314 0.713754 16.421770 -2.655695 -10.682157 0.473814 3.614053 11.079403 -13.806644 nan nan nan -2.439508 -1.064426 -17.186215 4.755429 -5.566163 7.174664 9.030824 -3.113331 6.954287 nan nan nan -4.178231 -3.318818 4.444816 5.301207 -2.731067 10.333344 -0.503061 -0.673159 -0.647649 0.403277 10.169257 7.258933 -1.687067 0.679090 5.549656 -21.179325 4.978476 -3.718712 -63.769818 -15.273817 19.984952 18.385673 -37.670734 -19.163087 -9.801598 -19.702805 5.989067 23.741169 -4.159621 1.449658 66.977561 -0.699440 11.316949 -16.032113 17.906284 -15.295572 8.646074 8.539586 -2.326503 
154.045685 50.581364 97.129013 -88.979923 0.663905 84.638763 1.013775 0.909460 16.651471 -2.634487 -10.624042 0.631880 3.495387 10.988587 -14.086837 nan nan nan -2.398427 -1.399158 -17.142581 4.366844 -5.125267 4.652007 9.145534 -3.079236 7.459651 nan nan nan -4.273875 -3.212357 4.145401 5.320926 -2.743660 10.419711 -0.508140 -0.678117 -0.679239 0.217471 10.246567 7.255035 -1.668756 0.758162 5.564627 -21.277018 4.835162 -3.627593 -63.580796 -15.481398 20.146515 18.466820 -37.839530 -19.308980 -9.608373 -19.839266 5.726847 23.702033 -4.305740 1.475145 67.053306 -0.709426 11.220659 -15.999236 17.874756 -15.378092 8.536698 8.472328 -2.316538 
153.188538 50.624081 96.975624 -88.904512 0.473844 84.778997 0.967772 1.225480 16.991137 -2.621917 -10.788717 0.716821 3.178471 10.723009 -14.378901 nan nan nan -2.407152 -1.815508 -17.038412 4.045831 -4.833778 2.373108 9.590908 -3.033867 7.616421 nan nan nan -4.348379 -3.189339 3.902924 5.281754 -2.793227 10.425626 -0.517143 -0.680189 -0.608447 0.063396 10.400008 7.205382 -1.602414 0.833926 5.559110 -21.291698 4.690304 -3.486969 -63.445278 -15.693984 20.168996 18.554747 -37.962770 -19.358813 -9.252278 -20.032244 5.652826 23.713562 -4.345139 1.628450 67.077136 -0.636738 10.944529 -15.875162 17.862628 -15.382028 8.338604 8.521550 -2.098595 
152.316452 50.684795 96.822380 -88.829742 0.345138 84.891679 1.013696 1.443542 17.310007 -2.696670 -11.045082 0.961957 2.889863 10.516150 -14.716733 nan nan nan -2.411142 -2.182259 -16.886059 3.857016 -4.560736 0.233098 9.916908 -2.915077 7.575420 nan nan nan -4.379201 -3.157653 3.653954 5.264410 -2.891492 10.595166 -0.524825 -0.658960 -0.699452 0.088965 10.441439 7.243231 -1.704445 0.982991 5.591790 -21.307221 4.724621 -3.264431 -63.427206 -16.066230 20.122040 18.576642 -38.065957 -19.314506 -9.280071 -19.904661 5.917537 23.664372 -4.449623 2.011945 67.127759 -0.328828 10.575868 -15.732598 17.808698 -15.402464 8.372871 8.266014 -1.765334 
151.468140 50.765293 96.671234 -88.755719 0.256844 85.015902 1.076684 1.528960 17.512402 -2.787169 -11.216175 1.389181 2.600532 10.415406 -15.094622 nan nan nan -2.428202 -2.359158 -16.728820 3.754278 -4.365486 -1.814813 10.033104 -2.852971 7.527300 nan nan nan -4.388844 -3.075220 3.530224 5.273482 -2.962448 10.637436 -0.498874 -0.660406 -0.764910 0.069655 10.501825 7.289916 -1.824589 1.120760 5.389558 -21.321322 4.814383 -3.153525 -63.465955 -16.447582 20.191533 18.477641 -38.079835 -19.205576 -9.364161 -19.857010 5.836347 23.497583 -4.610761 2.269166 67.197492 -0.089461 10.272878 -15.505436 17.744142 -15.510572 8.463225 8.068077 -1.898013 
150.612259 50.838219 96.527191 -88.574631 0.188193 85.132318 1.167545 1.636777 17.672661 -2.825145 -11.377160 1.877775 2.233621 10.251679 -15.504909 nan nan nan -2.520087 -2.483690 -16.562724 3.731305 -4.323143 -3.579245 10.182533 -2.869884 7.247573 nan nan nan -4.351309 -3.034343 3.472416 5.258357 -3.007257 10.497255 -0.461547 -0.721435 -0.678524 -0.030620 10.590170 7.219339 -1.770726 1.182821 5.238738 -21.324387 4.798448 -3.177657 -63.515503 -16.655081 20.297627 18.341335 -38.003900 -19.066666 -9.308761 -20.077917 5.867532 23.415937 -4.725863 2.283991 67.171299 -0.074585 9.967761 -15.303291 17.568685 -15.798050 8.697997 8.468848 -2.151345 
149.709366 50.887520 96.390015 -88.410957 0.130546 85.208159 1.272001 1.722745 17.929585 -2.881591 -11.603495 2.329261 1.773086 10.035818 -15.839354 nan nan nan -2.679285 -2.634993 -16.280391 3.829505 -4.277871 -5.097151 10.371645 -2.816616 6.696171 nan nan nan -4.198371 -3.054473 3.248319 5.192180 -3.030644 10.573984 -0.482354 -0.773277 -0.651004 -0.190806 10.652439 7.106493 -1.707241 1.295166 5.415783 -21.407103 4.680268 -3.113513 -63.507756 -16.837647 20.368466 18.344386 -37.785700 -19.106699 -9.272892 -20.251758 6.070459 23.382364 -4.754902 2.263571 67.137059 -0.187613 9.762062 -15.230372 17.408485 -16.060995 8.896812 8.927461 -2.273341 
148.798233 50.939190 96.267769 -88.292446 0.040523 85.190642 1.340983 1.823185 18.302719 -2.960807 -11.932129 2.785382 1.424904 9.888768 -16.082261 nan nan nan -2.896962 -2.803199 -16.040416 3.972581 -4.167996 -5.975837 10.621518 -2.706987 5.955093 nan nan nan -4.018751 -3.144975 3.129410 5.043306 -3.067170 10.660563 -0.558315 -0.760516 -0.590422 -0.270439 10.735090 7.043357 -1.709353 1.450622 5.448002 -21.450198 4.602035 -3.112948 -63.456186 -16.971290 20.391463 18.255938 -37.587110 -19.162739 -9.136755 -20.289765 6.184075 23.405667 -4.683553 2.203018 67.153133 -0.259152 9.694290 -15.195495 17.203132 -16.215055 8.785902 8.989870 -2.301041 
147.920944 51.001064 96.151649 -88.233098 -0.055755 85.167785 1.376816 1.903481 18.602590 -3.057227 -12.249627 3.357998 1.179695 9.779708 -16.365021 nan nan nan -3.143828 -2.735813 -16.102001 4.001562 -4.070113 -5.997405 10.894017 -2.533142 5.126103 nan nan nan -3.881889 -3.258267 3.217248 4.911343 -3.019303 10.546849 -0.630100 -0.746599 -0.456166 -0.302317 10.888469 6.848638 -1.705778 1.608774 5.390653 -21.445063 4.602972 -3.226674 -63.453778 -16.980153 20.574734 18.238647 -37.483249 -19.076772 -8.886410 -20.346204 6.008836 23.483548 -4.619920 2.027460 67.167614 -0.337239 9.814092 -15.196324 16.964178 -16.269768 8.562459 9.035984 -2.351314 
147.039017 51.078705 96.052292 -88.232467 -0.142944 85.173992 1.389446 1.889393 18.872948 -3.174245 -12.529868 3.925296 1.058774 9.768727 -16.584720 nan nan nan -3.395244 -2.498954 -16.384800 4.017781 -4.047836 -5.359760 11.249672 -2.319526 4.523973 nan nan nan -3.788493 -3.380664 3.209354 4.860651 -2.893744 10.571487 -0.698045 -0.715305 -0.452553 -0.331438 10.954314 6.648677 -1.705764 1.709795 5.518384 -21.497332 4.579870 -3.233729 -63.425312 -16.996944 20.669308 18.255654 -37.368854 -18.965320 -8.956082 -20.301450 6.129637 23.593493 -4.590997 1.992855 67.135639 -0.376726 9.813996 -15.318248 16.875981 -16.349962 8.674046 9.059503 -2.233024 
146.132019 51.161068 95.971581 -88.143504 -0.163621 85.150468 1.398487 1.681412 19.158787 -3.257448 -12.848564 4.529623 0.900645 9.862552 -16.759327 nan nan nan -3.611868 -2.239942 -16.622690 4.085701 -4.036429 -4.443562 11.387962 -2.205117 4.388589 nan nan nan -3.656352 -3.520081 3.140498 4.862706 -2.827151 10.786546 -0.721961 -0.718184 -0.627377 -0.322234 10.914277 6.612078 -1.938841 1.848557 5.661122 -21.547124 4.538218 -3.116442 -63.484582 -17.089240 20.631617 18.213061 -37.036403 -18.836219 -9.359341 -20.297356 6.341887 23.583684 -4.568015 2.138171 67.153594 -0.281606 9.664561 -15.474422 16.717699 -16.408525 8.994593 9.102398 -2.115882 
145.225388 51.241268 95.908478 -88.030420 -0.107097 85.151687 1.499174 1.466031 19.355653 -3.349855 -13.181497 5.251692 0.649902 9.914593 -16.953223 nan nan nan -3.752429 -1.852098 -16.909888 4.114099 -4.128538 -3.321271 11.307428 -2.244280 4.639599 nan nan nan -3.445840 -3.724471 3.135369 4.873880 -2.793457 10.808448 -0.731102 -0.726882 -0.593913 -0.360662 11.071290 6.609081 -2.153834 2.017634 5.453434 -21.652511 4.507678 -3.149827 -63.538855 -17.011393 20.563851 18.150443 -36.813898 -18.701126 -9.398007 -20.258017 6.335085 23.520197 -4.503364 2.127325 67.123605 -0.225752 9.552280 -15.456015 16.622364 -16.353934 8.999534 9.005502 -2.053186 
144.301987 51.345718 95.868713 -88.051494 -0.055452 85.191970 1.658109 1.391605 19.501565 -3.469746 -13.500290 5.984773 0.222788 9.889791 -17.083353 nan nan nan -3.816844 -1.351548 -17.345151 4.087169 -4.290878 -1.904497 11.052886 -2.303048 5.092026 nan nan nan -3.321732 -3.980632 3.048400 4.933550 -2.692042 10.881125 -0.726266 -0.724482 -0.534829 -0.439162 11.455559 6.764985 -2.239641 2.159294 4.967165 -21.758266 4.536477 -3.263304 -63.635808 -16.756241 20.520210 18.254283 -36.648622 -18.661846 -9.520834 -20.185275 6.192008 23.507560 -4.366640 2.151540 67.037052 -0.122603 9.542466 -15.476982 16.562075 -16.123781 9.036430 8.766758 -1.924489 
143.350357 51.461639 95.846458 -88.080240 0.003492 85.139766 1.809407 1.276754 19.716283 -3.598837 -13.794641 6.755739 -0.174149 9.896031 -17.086319 nan nan nan -3.848890 -0.914944 -17.718534 4.109804 -4.506388 -0.232048 10.733435 -2.371219 5.634453 nan nan nan -3.215332 -4.234048 3.023685 5.003272 -2.608758 11.083317 -0.762570 -0.695222 -0.596543 -0.377886 11.843003 6.767373 -2.381384 2.231161 4.736891 -21.802104 4.581150 -3.390748 -63.821274 -16.453415 20.503224 18.479218 -36.332591 -18.726920 -9.801537 -20.224684 6.126817 23.608833 -4.213526 2.176399 66.889090 0.006708 9.552128 -15.584216 16.381202 -16.002496 9.376900 8.697852 -1.744606 
142.387283 51.562428 95.833153 -88.022819 0.088316 85.060655 2.003488 1.172633 19.876241 -3.783512 -14.065811 7.740166 -0.484450 9.799682 -17.121105 nan nan nan -3.839296 -0.663957 -18.017816 4.202444 -4.882404 1.431189 10.324337 -2.527033 6.244297 nan nan nan -3.052955 -4.479584 2.938330 5.103337 -2.584096 11.441283 -0.839654 -0.683496 -0.778771 -0.334309 12.180836 6.699316 -2.589737 2.299976 4.703616 -21.815211 4.524279 -3.335720 -63.984543 -16.196228 20.469154 18.643716 -36.017569 -18.790726 -9.780326 -20.188409 6.083235 23.666492 -4.025778 2.193953 66.771193 0.100208 9.532593 -15.643399 16.101208 -16.069475 9.303679 8.978236 -1.921937 
141.420898 51.654560 95.833549 -87.929887 0.208663 85.043520 2.218261 1.069468 19.948964 -3.991420 -14.384681 8.812654 -0.813946 9.580669 -17.135155 nan nan nan -3.773450 -0.522962 -18.319206 4.324840 -5.466049 2.921705 9.996933 -2.751373 7.153587 nan nan nan -2.816256 -4.727211 2.786547 5.204818 -2.601730 11.712712 -0.911942 -0.738171 -0.899330 -0.410743 12.495198 6.716329 -2.757421 2.463050 4.584777 -21.859472 4.446278 -3.182509 -64.072866 -15.850248 20.432773 18.775733 -35.877630 -18.845202 -9.413499 -20.117027 5.770652 23.646421 -3.840135 2.197927 66.638598 0.183583 9.537795 -15.522074 15.867694 -15.994510 8.915361 9.194935 -2.278908 
140.427170 51.757149 95.872002 -87.803353 0.358309 84.968547 2.382153 0.811191 20.067777 -4.179434 -14.765932 9.945804 -1.189326 9.426429 -17.084522 nan nan nan -3.651700 -0.369546 -18.382776 4.354945 -5.853573 3.999443 9.613689 -3.049223 8.450547 nan nan nan -2.513199 -4.945744 2.703011 5.296603 -2.654924 11.837878 -0.972787 -0.831393 -0.882225 -0.480391 12.671677 6.927131 -3.093349 2.670329 4.104894 -21.894639 4.327167 -3.181488 -64.217039 -15.355542 20.395926 18.794009 -35.558245 -18.708194 -8.892126 -20.147530 5.266264 23.562490 -3.651290 2.079123 66.545449 0.146100 9.503267 -15.419931 15.760383 -15.802368 8.627666 9.226117 -2.495760 
139.409424 51.856697 95.947433 -87.667038 0.531472 84.833591 2.572097 0.475319 20.255718 -4.401322 -15.054619 11.031557 -1.583754 9.347134 -16.851175 nan nan nan -3.545853 -0.139705 -18.194627 4.378799 -5.886482 4.684895 9.267798 -3.498493 9.599555 nan nan nan -2.151579 -5.113233 2.612865 5.370210 -2.768580 12.033647 -1.051379 -0.885487 -0.887182 -0.542874 12.783046 7.026310 -3.426702 2.973844 3.841312 -22.068624 4.121876 -3.181048 -64.227677 -14.856953 20.263343 18.776113 -35.194605 -18.518006 -8.622609 -20.149596 4.813500 23.511366 -3.516105 1.913874 66.395748 0.056275 9.363850 -15.324548 15.757188 -15.652552 8.432391 9.277835 -2.477357 
138.392624 51.955570 96.040970 -87.600504 0.692061 84.758324 2.675594 0.198070 20.313686 -4.542216 -15.207043 12.205558 -2.028720 9.382941 -16.451387 nan nan nan -3.452045 0.093061 -18.047601 4.498176 -5.593639 5.353062 9.136221 -3.819867 10.251956 nan nan nan -1.792047 -5.230771 2.452568 5.419714 -2.877583 12.215004 -1.159930 -0.888675 -0.921734 -0.697924 12.813773 6.875761 -3.476120 3.387831 4.034279 -22.367661 3.873190 -2.899024 -64.070613 -14.463553 20.055423 18.926092 -34.997791 -18.349097 -8.714891 -19.818852 4.663363 23.615983 -3.430762 1.878093 66.063092 0.074858 9.112835 -15.167319 15.754559 -15.634842 8.338698 9.235157 -2.332189 
137.357834 52.072510 96.133698 -87.595117 0.874882 84.697538 2.779578 -0.045483 20.266363 -4.688151 -15.262663 13.562896 -2.526650 9.407716 -16.116558 nan nan nan -3.302649 0.305347 -17.854816 4.704237 -5.213012 6.035602 9.277645 -3.767935 10.512466 nan nan nan -1.451938 -5.360155 2.248965 5.462982 -2.962051 12.359087 -1.229915 -0.833536 -0.881797 -0.848730 12.833575 6.849518 -3.487875 3.745605 4.047127 -22.613764 3.740369 -2.634865 -64.048840 -14.228713 19.794787 19.125545 -34.547778 -18.154699 -9.527482 -19.369897 5.383047 23.676379 -3.418207 1.890876 65.753560 0.189242 8.782256 -15.039423 15.782625 -15.587232 8.624854 9.057195 -1.957925 
136.305252 52.221149 96.224815 -87.625552 1.075170 84.699514 3.006847 -0.212351 20.000440 -4.933077 -15.076539 15.213602 -3.109567 9.285674 -15.811920 nan nan nan -3.075968 0.509728 -17.671729 4.932300 -4.763629 6.761170 9.136963 -3.361871 10.743514 nan nan nan -1.045607 -5.429653 1.951156 5.457398 -2.982959 12.536023 -1.232467 -0.879851 -0.867375 -0.889273 12.958585 7.173955 -3.809799 3.826099 3.645242 -22.846717 3.863037 -2.673353 -64.212352 -14.003308 19.518356 19.337914 -33.848791 -17.958793 -10.876337 -18.914180 6.897474 23.602984 -3.489872 1.927888 65.604341 0.285717 8.478095 -14.978996 15.876540 -15.609616 9.043917 8.915197 -1.670906 
135.255051 52.394470 96.317749 -87.673678 1.263784 84.791539 3.293097 -0.405399 19.477193 -5.327145 -14.708847 17.087580 -3.603626 9.210063 -15.165322 nan nan nan -2.825388 0.736703 -17.569823 5.175514 -4.304997 7.518323 8.541319 -2.900704 11.083161 nan nan nan -0.717357 -5.472389 1.539605 5.457409 -2.943071 12.689887 -1.142140 -0.971907 -0.822116 -0.896256 13.075328 7.391323 -4.128388 3.796953 3.493500 -22.975055 3.923928 -2.719968 -64.574160 -13.557752 19.341303 19.744323 -33.153852 -17.801856 -9.722781 -18.908677 8.011737 23.496243 -3.511278 1.941221 65.461889 0.341356 8.236777 -14.823045 15.851306 -15.574438 8.818580 9.170833 -1.678635 
134.215027 52.566299 96.414612 -87.748980 1.467506 84.969962 3.513746 -0.735962 18.794098 -5.711237 -14.168165 18.969429 -3.901655 9.217975 -14.255109 nan nan nan -2.530878 0.963132 -17.573530 5.347388 -4.155474 8.294920 7.840335 -2.575195 11.243362 nan nan nan -0.403519 -5.510189 0.963910 5.503544 -2.961989 13.037837 -1.098716 -1.001670 -0.959775 -0.863320 13.289577 7.448566 -4.200478 3.856714 3.765631 -23.034620 3.892025 -2.603484 -64.852575 -13.092828 19.304367 19.786394 -32.483545 -17.528048 -9.035518 -19.312140 8.201462 23.465922 -3.493605 1.990369 65.266569 0.400585 8.115377 -14.742243 15.688988 -15.575147 8.577624 9.466922 -1.638950 
133.167297 52.738834 96.517731 -87.875314 1.660159 85.033593 3.763991 -1.009941 18.203167 -6.178973 -13.592372 20.859867 -4.243339 9.131675 -13.243930 nan nan nan -2.154432 1.118165 -17.419658 5.376563 -4.164614 9.046595 7.181937 -2.559043 10.855174 nan nan nan -0.073877 -5.406569 0.627729 5.544005 -2.996345 13.204082 -1.101396 -1.062468 -1.089380 -0.761611 13.479113 7.540766 -4.227615 4.000358 4.124323 -22.957205 3.929350 -2.414484 -65.130135 -12.615443 19.360794 19.382436 -31.960446 -17.077746 -9.766994 -19.152607 7.379460 23.467218 -3.536168 2.020381 65.101363 0.387920 8.067928 -14.801406 15.718052 -15.666109 8.621145 9.411263 -1.574205 
132.111664 52.902969 96.636772 -88.036415 1.825000 85.010391 4.023997 -1.136533 17.568585 -6.611673 -12.889725 22.943250 -4.950847 8.829870 -12.057970 nan nan nan -1.790458 1.252837 -17.037685 5.371925 -4.226704 9.541671 6.503716 -2.845329 10.484057 nan nan nan 0.303979 -5.252989 0.524339 5.522319 -2.981809 12.929008 -1.133483 -1.134626 -0.913423 -0.623431 13.629741 7.551054 -4.352079 4.067515 4.562698 -22.740101 4.137019 -2.322496 -65.510583 -12.226407 19.466360 18.503385 -31.371119 -16.583340 -11.422519 -18.287246 5.967494 23.446829 -3.649544 2.087849 65.006163 0.471005 8.085324 -14.939338 15.795729 -15.778606 8.862534 8.935780 -1.476545 
131.056244 53.060432 96.760689 -88.181906 1.983662 85.023058 4.325189 -1.267332 16.747700 -6.972414 -11.856656 25.166945 -5.707475 8.324777 -10.569662 nan nan nan -1.467475 1.347326 -16.595285 5.365531 -4.406654 9.884155 5.806753 -3.007806 10.248978 nan nan nan 0.709502 -5.137130 0.385153 5.427640 -2.944573 12.652030 -1.167424 -1.181871 -0.714295 -0.425112 13.959891 7.565826 -4.374053 4.080003 4.965154 -22.662085 4.262668 -2.286404 -65.865821 -11.814756 19.426750 18.309658 -30.627959 -16.274287 -12.647497 -17.497357 5.894951 23.454508 -3.744100 2.154024 64.883701 0.549259 8.026986 -15.016060 15.860364 -15.977659 9.173235 8.622523 -1.295333 
130.011902 53.211910 96.895187 -88.326884 2.103482 84.961053 4.703391 -1.267625 15.873230 -7.277794 -10.645610 27.493387 -6.327125 7.717188 -8.837508 nan nan nan -1.234352 1.375057 -15.988910 5.473436 -4.478059 10.148796 5.206240 -2.769362 9.936868 nan nan nan 1.041764 -5.009946 0.261296 5.319070 -2.889162 12.714666 -1.132690 -1.237152 -0.693677 -0.109659 14.237976 7.724254 -4.603495 3.929958 4.964741 -22.705513 4.287618 -2.238466 -66.228195 -11.443510 19.296750 18.494119 -29.734434 -15.828878 -12.554138 -17.180451 6.816921 23.406613 -3.769399 2.105057 64.761470 0.540044 7.941053 -14.979738 15.971335 -16.079139 9.173913 8.720162 -1.403910 
128.992249 53.373680 97.043083 -88.523052 2.157843 84.782611 5.051776 -1.225306 15.068232 -7.500186 -9.286832 29.779139 -6.796251 7.217243 -6.908145 nan nan nan -1.086710 1.468982 -15.161595 5.659503 -4.448734 10.286256 4.775422 -2.361839 9.467303 nan nan nan 1.271103 -4.881657 0.293584 5.198142 -2.802472 12.885345 -1.035985 -1.262344 -0.817792 0.280775 14.399960 8.026175 -5.039216 3.620202 4.921993 -22.676521 4.347232 -2.213677 -66.657215 -11.039574 19.200825 18.318523 -28.788372 -15.190529 -12.150332 -17.229475 7.358636 23.303194 -3.659135 2.164667 64.728704 0.525167 7.906776 -15.030708 16.071230 -16.315973 9.009959 8.867325 -1.577099 
128.003525 53.527832 97.170448 -88.729638 2.167849 84.732933 5.293867 -1.269594 14.032306 -7.612791 -7.782360 32.070037 -6.937539 6.907830 -4.846197 nan nan nan -1.019341 1.604914 -14.445542 5.853402 -4.451295 10.334824 4.317801 -1.934450 9.052168 nan nan nan 1.475744 -4.737796 0.242766 5.084238 -2.728193 12.994261 -1.008549 -1.246412 -0.995039 0.654505 14.611530 8.108524 -5.254007 3.455045 5.336439 -22.600590 4.516529 -2.093741 -67.084877 -10.762593 19.066224 18.209165 -27.990971 -14.645202 -12.428580 -17.088572 7.920301 23.248590 -3.727774 2.315921 64.618577 0.667593 7.768970 -14.997352 16.162938 -16.548674 9.321638 8.849308 -1.165162 
127.028358 53.659473 97.286919 -88.913932 2.270865 84.754890 5.559450 -1.384650 12.803397 -7.640939 -6.344906 34.371725 -6.606265 6.678025 -2.530837 nan nan nan -0.857198 1.692757 -13.810182 5.978034 -4.618686 10.340575 3.909115 -1.546878 8.682996 nan nan nan 1.849894 -4.562931 0.182417 4.967731 -2.683948 13.064317 -1.053482 -1.214534 -1.233604 0.958426 14.751888 8.284837 -5.351954 3.433064 5.567370 -22.578716 4.651636 -2.000919 -67.505130 -10.407358 18.843870 18.413339 -27.452406 -14.543566 -12.954613 -16.758888 8.403007 23.157176 -3.890032 2.493597 64.453832 0.908048 7.468050 -14.834723 16.247833 -16.633315 9.935235 8.737261 -0.204033 
126.087616 53.777756 97.405312 -89.009944 2.413967 84.696749 5.771277 -1.525004 11.576296 -7.635236 -5.233917 36.672331 -5.952391 6.576934 -0.593896 nan nan nan -0.666937 1.643347 -13.064772 6.141864 -4.722252 10.256028 3.557148 -1.318677 8.277231 nan nan nan 2.294497 -4.381790 0.345760 4.848023 -2.730559 12.991788 -1.077447 -1.208865 -1.471615 1.115664 14.714023 8.617627 -5.505749 3.462407 5.551184 -22.595330 4.764571 -1.944973 -67.911125 -10.037328 18.506540 18.541710 -26.869607 -14.625995 -13.500082 -16.434302 8.476141 22.834564 -3.946607 2.716222 64.537022 1.157163 7.133695 -14.713491 16.323842 -16.655976 10.304369 8.667618 0.381076 
125.176109 53.897488 97.504089 -89.118090 2.472552 84.691828 5.796482 -1.619783 10.264171 -7.575656 -4.287010 38.929874 -5.232219 7.106268 0.288373 nan nan nan -0.560902 1.563552 -12.441243 6.363195 -4.587223 10.232900 3.182169 -1.212867 7.767113 nan nan nan 2.573960 -4.133944 0.472077 4.767620 -2.797503 12.869310 -1.061029 -1.182058 -1.594884 1.155853 14.503373 8.720684 -5.516852 3.632209 5.647434 -22.716500 4.852693 -1.805022 -68.086621 -9.753327 18.203077 18.499546 -26.306484 -14.420429 -14.072926 -15.879008 8.262413 22.558627 -3.873240 2.910823 64.625270 1.254915 6.921171 -14.659852 16.562887 -16.785636 10.382821 8.658075 0.329358 
124.224579 54.016914 97.591232 -89.321944 2.540760 84.733696 5.741346 -1.679252 8.929424 -7.444216 -3.428087 41.142002 -4.707659 8.373225 0.055753 nan nan nan -0.404171 1.504180 -11.810839 6.593406 -4.236941 10.155445 2.799805 -1.156136 7.215823 nan nan nan 2.825986 -3.770750 0.358930 4.730815 -2.809046 12.830791 -1.059974 -1.129674 -1.485879 1.151526 14.228746 8.715342 -5.496939 3.841412 5.527358 -22.836948 4.890272 -1.732491 -68.250992 -9.516814 18.032488 18.372798 -25.721546 -14.026745 -14.444400 -15.395960 7.734245 22.317162 -3.785553 2.779995 64.684338 1.120266 6.890237 -14.613727 16.910251 -16.697638 10.217258 8.528511 -0.163825 
123.273170 54.118195 97.682709 -89.455890 2.683692 84.698756 5.708562 -1.946000 7.614984 -7.313869 -2.575649 43.335875 -4.257786 9.800386 -0.821085 nan nan nan -0.177071 1.359555 -11.040047 6.793507 -3.871016 10.009769 2.541052 -1.144216 6.687429 nan nan nan 3.172673 -3.333731 0.397617 4.697326 -2.865658 12.648594 -1.088412 -1.108982 -1.267475 1.142850 13.947105 8.657800 -5.432935 4.065021 5.320434 -22.947450 4.799808 -1.666476 -68.509873 -9.140118 17.983585 18.444757 -25.341572 -13.804694 -14.254739 -15.187484 7.153115 22.084341 -3.662372 2.452208 64.751814 0.822815 6.959822 -14.658454 17.218189 -16.388348 9.832976 8.518543 -0.796600 
122.382942 54.201942 97.771614 -89.454943 2.784672 84.733328 5.664489 -2.305838 6.089484 -7.054073 -1.619769 45.469359 -3.867014 10.841234 -1.393648 nan nan nan -0.025962 1.149304 -10.382297 6.941871 -3.612395 9.849344 2.377236 -1.143838 6.161929 nan nan nan 3.486027 -2.983601 0.518027 4.619329 -3.010458 12.389574 -1.125149 -1.043503 -1.236959 1.141408 13.671907 8.581031 -5.192035 4.323747 5.433045 -23.068562 4.747798 -1.472855 -68.704250 -8.828717 17.768281 18.510923 -25.026801 -13.646011 -14.457398 -14.795954 7.344506 21.909862 -3.570008 2.404377 64.713987 0.786141 6.819487 -14.618146 17.337086 -16.242915 10.014344 8.582322 -0.776125 
121.493309 54.284554 97.855255 -89.403267 2.897755 84.761410 5.709664 -2.432381 4.539371 -6.629183 -0.841535 47.494250 -3.490973 11.459124 -1.531853 nan nan nan 0.145129 0.931779 -9.709147 7.038459 -3.333146 9.682914 2.233081 -1.154196 5.643917 nan nan nan 3.819462 -2.736788 0.540210 4.531279 -3.118404 12.398760 -1.140136 -0.973381 -1.298270 1.124558 13.279598 8.613561 -5.136871 4.455185 5.292137 -23.282069 4.766407 -1.429057 -68.789975 -8.571958 17.458820 18.388222 -24.623947 -13.319199 -14.815797 -14.367915 7.688222 21.678748 -3.556164 2.405912 64.635153 0.945854 6.499920 -14.364674 17.542937 -16.105909 10.190351 8.578638 -0.439657 
120.588203 54.378147 97.942932 -89.314969 2.984979 84.577789 5.798939 -2.411169 3.234587 -6.211383 -0.223114 49.338550 -3.077878 11.868899 -1.695665 nan nan nan 0.307985 0.718881 -8.776671 7.117510 -2.976640 9.487995 2.099979 -1.234404 5.119556 nan nan nan 4.012016 -2.462372 0.781068 4.482211 -3.176858 12.411442 -1.073648 -0.965774 -1.208220 1.160801 12.971663 8.515063 -5.224788 4.453654 5.068806 -23.455107 4.680161 -1.429750 -68.922333 -8.340848 17.228638 18.207523 -24.182150 -12.974570 -14.750145 -14.242375 7.750095 21.537636 -3.430046 2.257918 64.471280 0.993556 6.336309 -14.139697 17.901920 -15.970543 10.090825 8.581816 -0.374907 
119.736412 54.474823 98.038330 -89.344118 2.943670 84.309716 5.805201 -2.463203 2.056042 -5.989667 0.497624 50.897690 -2.570616 12.201309 -2.060751 nan nan nan 0.377254 0.651660 -7.845214 7.113887 -2.584505 9.349455 1.985156 -1.349483 4.678353 nan nan nan 4.026157 -2.109241 1.231889 4.416725 -3.198849 12.461068 -1.001301 -0.953166 -1.219307 1.320792 12.841974 8.316388 -5.342179 4.427285 4.899913 -23.534329 4.575432 -1.419326 -68.997022 -8.067989 17.143894 17.993159 -23.872644 -12.550388 -14.664014 -14.179090 7.887719 21.516533 -3.189978 2.087651 64.308719 1.002095 6.432097 -14.110350 18.187224 -15.929276 9.987965 8.585012 -0.655749 
118.894226 54.591003 98.130417 -89.460576 2.870690 84.081011 5.865542 -2.543631 0.913230 -5.929651 1.246757 52.224367 -2.191764 12.476308 -2.517265 nan nan nan 0.456391 0.642636 -6.974187 7.061736 -2.186242 9.202237 1.895311 -1.485246 4.234423 nan nan nan 3.955143 -1.744016 1.684524 4.365689 -3.168920 12.465632 -0.913652 -0.859241 -1.239613 1.498031 12.648111 8.244974 -5.372484 4.404446 4.597941 -23.557349 4.581683 -1.426336 -69.106953 -7.824488 17.081724 17.767068 -23.654611 -12.136456 -14.675993 -13.856565 7.899088 21.472754 -3.055044 1.992137 64.189540 1.088733 6.496148 -14.096412 18.512297 -15.795043 9.798567 8.428439 -0.871751 
117.977448 54.732624 98.235718 -89.778798 2.748948 83.764221 5.902632 -2.961098 0.125764 -6.023007 2.348129 53.073448 -2.050701 12.806470 -2.930117 nan nan nan 0.576843 0.669587 -5.890208 6.920704 -1.699165 8.911823 1.935306 -1.618903 3.787557 nan nan nan 3.854139 -1.212998 2.143311 4.289423 -3.112174 12.401856 -0.839237 -0.722365 -1.160178 1.597128 12.462881 8.362241 -5.186143 4.339870 4.183720 -23.551684 4.793968 -1.552702 -69.245333 -7.617337 17.096357 17.506931 -23.436428 -11.771886 -14.759052 -13.375834 7.852444 21.464810 -3.044042 1.950788 64.101394 1.263499 6.647863 -14.125263 18.859603 -15.659919 9.756817 8.213364 -0.848537 
117.113380 54.820847 98.342667 -89.875149 2.556684 83.674168 5.771342 -3.167049 -1.062700 -6.062177 2.988662 53.943436 -1.910482 12.933115 -3.412931 nan nan nan 0.503661 0.671436 -5.067950 6.794988 -1.506713 8.627667 2.054591 -1.626247 3.425975 nan nan nan 3.699496 -0.806835 2.311206 4.251646 -3.139716 12.420232 -0.813588 -0.650244 -1.118304 1.648681 12.265999 8.415435 -5.036106 4.336808 3.917168 -23.575363 4.950090 -1.652969 -69.334246 -7.280197 17.165199 17.298214 -23.318567 -11.589865 -14.682721 -13.160926 7.569298 21.485460 -2.895093 1.943427 64.034488 1.432002 6.973214 -14.271209 19.156961 -15.514974 9.452951 8.061580 -0.925003 
116.311012 54.858387 98.460663 -89.891140 2.315631 83.648736 5.508080 -3.227761 -2.468903 -6.041300 3.402747 54.840784 -1.624465 12.930503 -3.962833 nan nan nan 0.337433 0.564046 -4.385120 6.696417 -1.375915 8.443460 2.108812 -1.561616 3.076794 nan nan nan 3.500362 -0.437341 2.377545 4.210635 -3.181186 12.613611 -0.802993 -0.584523 -1.260781 1.752105 12.122687 8.305408 -4.856813 4.384544 4.040371 -23.601333 4.946798 -1.561197 -69.423186 -6.934718 17.193524 17.217958 -23.240427 -11.293315 -14.578615 -13.334658 7.511496 21.570207 -2.651464 2.002765 63.882401 1.631839 7.159365 -14.423369 19.254813 -15.514554 9.137498 8.136545 -0.844760 
115.478607 54.907921 98.581535 -90.032553 2.079272 83.549499 5.269969 -3.218499 -3.676254 -6.130125 3.773152 55.453169 -1.337747 12.917671 -4.619094 nan nan nan 0.249574 0.469976 -3.552103 6.548159 -1.080583 8.179421 2.186736 -1.522020 2.696604 nan nan nan 3.312662 -0.069927 2.455110 4.149158 -3.181447 12.863042 -0.805597 -0.432231 -1.444654 1.886411 11.965102 8.368374 -4.755174 4.424768 4.042348 -23.646780 5.056897 -1.456327 -69.428873 -6.629474 17.061608 17.101612 -23.358430 -10.834629 -14.971155 -13.192745 7.841571 21.597117 -2.515896 2.143574 63.715462 1.909204 7.160722 -14.463150 19.376344 -15.547003 9.192488 8.166466 -0.798458 
114.619736 54.985294 98.700867 -90.318485 1.792134 83.388432 5.019576 -3.235188 -4.676330 -6.449573 4.136803 55.766185 -1.022511 12.900852 -5.414161 nan nan nan 0.131963 0.454855 -2.643856 6.395273 -0.653284 7.907236 2.319147 -1.487169 2.228174 nan nan nan 3.029369 0.352997 2.561957 4.075855 -3.155277 13.180869 -0.777261 -0.252426 -1.585521 2.048131 11.753034 8.670462 -4.827406 4.388879 3.600598 -23.686721 5.311888 -1.471070 -69.426895 -6.361121 16.840882 16.977031 -23.580955 -10.570718 -15.666399 -12.627242 8.466740 21.611549 -2.421866 2.234023 63.575985 2.234893 7.203982 -14.468036 19.552427 -15.541755 9.483390 8.080966 -0.775760 
113.781830 55.052765 98.813797 -90.648064 1.493631 83.258513 4.786456 -3.318472 -5.718749 -6.793340 4.600325 55.933296 -0.758147 12.852922 -6.120377 nan nan nan -0.037333 0.437452 -1.841717 6.288921 -0.234368 7.713442 2.429527 -1.409163 1.806139 nan nan nan 2.736266 0.848461 2.721290 4.003117 -3.091354 13.326105 -0.733658 -0.098964 -1.644736 2.244275 11.505277 8.923783 -4.863788 4.244306 3.260943 -23.603347 5.517053 -1.465743 -69.567453 -6.094712 16.735529 16.742890 -23.615522 -10.440647 -15.726040 -12.425855 8.739416 21.577358 -2.314647 2.210412 63.497896 2.440282 7.322406 -14.460503 19.738667 -15.592249 9.437220 8.303718 -0.933990 
112.954712 55.110779 98.918968 -90.991801 1.258274 83.173408 4.611642 -3.360068 -6.792042 -7.045368 5.046246 55.931875 -0.532116 12.813180 -6.675836 nan nan nan -0.169649 0.383085 -1.112893 6.216108 0.137756 7.505524 2.498514 -1.350483 1.516078 nan nan nan 2.558299 1.339082 2.902666 3.923872 -2.983826 13.300414 -0.735106 0.045655 -1.671111 2.438908 11.319765 8.822500 -4.772182 4.154497 3.529358 -23.511481 5.643875 -1.313906 -69.703369 -5.841211 16.670948 16.543616 -23.631864 -10.220920 -15.564403 -12.432569 8.803107 21.528404 -2.246716 2.227345 63.438623 2.580840 7.322262 -14.528252 19.972697 -15.753605 9.374940 8.678050 -1.194768 
112.122177 55.153934 99.016037 -91.336625 1.035206 83.112835 4.450687 -3.476585 -7.796460 -7.306158 5.534338 55.718694 -0.402456 12.832863 -7.279097 nan nan nan -0.324105 0.388266 -0.396705 6.157311 0.531957 7.293151 2.594373 -1.315506 1.204277 nan nan nan 2.525222 1.821264 3.063189 3.758959 -2.894053 13.095188 -0.778256 0.166893 -1.408499 2.470093 11.193230 8.565511 -4.693963 4.194134 3.734932 -23.515960 5.831684 -1.301284 -69.700934 -5.561550 16.618314 16.350123 -23.819216 -10.025915 -15.469459 -12.360883 8.708200 21.488762 -2.201200 2.127962 63.410423 2.776017 7.382243 -14.583600 20.172151 -15.845308 9.272647 8.902192 -1.357428 
111.296669 55.173294 99.099312 -91.699405 0.749824 83.093065 4.241990 -3.692886 -8.810125 -7.581716 6.126746 55.301809 -0.247172 12.815805 -7.775911 nan nan nan -0.578061 0.459050 0.219257 6.102452 0.894605 7.198179 2.760185 -1.283806 0.786114 nan nan nan 2.502535 2.300228 3.155941 3.550486 -2.847163 12.925225 -0.873744 0.279122 -1.120991 2.495545 11.098063 8.554054 -4.707430 4.316926 3.607390 -23.489943 5.993931 -1.387964 -69.677261 -5.042054 16.608156 16.303284 -24.136554 -9.823843 -15.477036 -12.433016 8.246078 21.472228 -2.078135 2.011236 63.435935 2.985364 7.663980 -14.689294 20.398730 -15.722695 8.937009 8.824433 -1.396111 
110.502594 55.194511 99.169434 -92.065525 0.548580 83.126049 4.136970 -3.756855 -9.888741 -7.834253 6.567715 54.743313 -0.148725 12.684930 -8.214755 nan nan nan -0.735063 0.463034 0.798430 6.037568 1.343821 7.017934 2.879517 -1.215386 0.393548 nan nan nan 2.515340 2.754399 3.317573 3.409461 -2.783881 12.721193 -0.962589 0.427350 -1.099367 2.563562 10.824454 8.791424 -4.692740 4.364066 3.493698 -23.483275 6.195267 -1.266174 -69.573506 -4.657996 16.531572 16.072863 -24.542737 -9.523053 -15.751361 -12.204884 8.061661 21.346922 -2.086815 2.097254 63.471568 3.234961 7.734224 -14.689713 20.761133 -15.442946 9.006846 8.684114 -1.422861 
109.696678 55.221958 99.231903 -92.412595 0.431491 83.108277 4.094530 -3.728982 -10.861105 -7.979020 6.879019 54.041838 -0.056763 12.495047 -8.721031 nan nan nan -0.799493 0.440595 1.515981 5.950724 1.793787 6.677647 3.044595 -1.148753 0.073833 nan nan nan 2.594664 3.192116 3.524530 3.285564 -2.692550 12.532892 -1.024194 0.577115 -1.110439 2.708547 10.570292 8.942243 -4.746897 4.269644 3.538370 -23.413665 6.380991 -1.119108 -69.571387 -4.222423 16.460199 15.769257 -24.799444 -9.074896 -15.844057 -12.394995 7.963662 21.237336 -2.068397 2.238265 63.485482 3.449082 7.648775 -14.738772 21.122464 -15.321916 8.913071 8.820540 -1.506706 
108.869843 55.249878 99.280075 -92.785570 0.299427 83.099952 3.985906 -3.682386 -11.739922 -8.039766 7.139981 53.120063 0.117320 12.344179 -9.245471 nan nan nan -0.884368 0.489136 2.182562 5.859142 2.100946 6.432882 3.223428 -0.979536 -0.234141 nan nan nan 2.699177 3.635024 3.657889 3.098944 -2.596332 12.490842 -1.113950 0.680153 -1.172147 2.897675 10.577212 8.980548 -4.805328 4.177934 3.719535 -23.401085 6.598042 -1.164058 -69.483043 -3.670498 16.431394 15.550223 -24.993067 -8.743486 -16.092103 -12.974306 8.008007 21.247955 -1.991705 2.298260 63.381281 3.638951 7.643141 -14.773222 21.370416 -15.398446 9.008792 9.115976 -1.385146 
108.112732 55.225334 99.307205 -93.257135 0.084473 83.209673 3.833948 -3.821816 -12.718195 -8.139700 7.635505 52.012503 0.261107 12.291094 -9.706688 nan nan nan -1.170720 0.482583 2.530480 5.884197 2.323028 6.457184 3.379925 -0.726243 -0.560464 nan nan nan 2.848372 4.053244 3.813843 2.830462 -2.440696 12.297879 -1.220955 0.779177 -1.142855 2.970794 10.515471 9.022761 -4.945357 4.213546 3.749829 -23.442722 6.812103 -1.201446 -69.364018 -3.165954 16.381693 15.420548 -25.287229 -8.596991 -16.332156 -13.285791 8.125927 21.146017 -1.920663 2.205342 63.290386 3.830338 7.713206 -14.751657 21.592024 -15.777092 9.422266 9.463360 -1.788875 
107.264687 55.295376 99.316368 -93.735870 -0.013742 83.115433 3.853870 -3.580643 -13.360522 -8.157223 7.847510 50.857261 0.219218 12.136182 -10.159587 nan nan nan -1.198166 0.257866 3.289335 5.732412 2.815208 6.246058 3.614146 -0.552937 -0.972330 nan nan nan 2.930641 4.538310 3.974012 2.679202 -2.356840 12.373729 -1.243127 0.879670 -1.208272 3.096166 10.536892 9.104084 -5.098938 4.177056 3.747886 -23.429330 7.120637 -1.173742 -69.283368 -2.781762 16.280711 15.169016 -25.644909 -8.302801 -16.249499 -13.259998 8.121368 20.998400 -1.822574 2.344360 63.334431 4.123812 7.879420 -14.856612 21.823035 -16.124463 9.176850 9.906513 -2.758022 
106.503456 55.288044 99.310936 -94.110184 -0.171785 83.168259 3.781185 -3.747462 -14.209556 -8.170012 8.249350 49.513660 0.285456 12.311285 -10.336562 nan nan nan -1.424809 0.178956 3.807710 5.712380 3.174035 6.082002 3.894041 -0.410843 -1.366928 nan nan nan 3.060739 4.971988 4.191656 2.457335 -2.251597 12.233480 -1.298604 0.996381 -1.235943 3.001535 10.460904 9.061796 -4.932125 4.159661 3.691832 -23.453408 7.314188 -1.141733 -69.140251 -2.413360 16.237893 14.773515 -25.920444 -7.916604 -15.892730 -13.645887 7.913280 20.867599 -1.855953 2.445865 63.284863 4.447599 7.830994 -14.677260 22.229283 -16.094778 8.791142 10.024774 -2.831586 
105.684631 55.316830 99.314537 -94.485184 -0.338652 83.088097 3.672371 -3.659883 -14.770465 -8.153114 8.412348 47.974437 0.240544 12.434250 -10.581910 nan nan nan -1.630341 0.067727 4.606452 5.647252 3.553186 5.773345 4.160088 -0.248513 -1.742765 nan nan nan 3.080316 5.367141 4.468599 2.289111 -2.123029 12.059331 -1.370042 1.099535 -1.102382 2.999885 10.380845 8.913148 -4.837140 4.101365 3.659753 -23.463011 7.543908 -1.263042 -68.988727 -2.030111 16.294798 14.367549 -26.083845 -7.456297 -15.365405 -14.294340 7.662433 20.863971 -1.922568 2.300479 63.134864 4.737035 7.878659 -14.380407 22.556561 -15.864363 8.603588 10.199307 -2.572534 
104.842873 55.333553 99.309654 -94.827679 -0.515106 83.039393 3.530589 -3.582558 -15.247298 -8.039315 8.585728 46.219289 0.111474 12.542485 -10.780721 nan nan nan -1.884827 -0.059540 5.365781 5.611534 3.873245 5.496922 4.363170 -0.035375 -2.186144 nan nan nan 3.065656 5.730969 4.599209 2.152152 -2.049540 12.013864 -1.453959 1.190315 -0.994856 3.033996 10.359675 8.843183 -4.859750 4.060247 3.609768 -23.493441 7.817098 -1.382019 -68.852090 -1.638585 16.398855 14.113366 -26.290684 -6.940319 -14.924045 -14.766863 7.826342 20.894732 -1.888927 2.204992 63.034944 4.997346 8.049544 -14.320533 22.793868 -15.945726 8.288799 10.668736 -2.814757 
104.032158 55.335869 99.302071 -95.216034 -0.673625 83.025729 3.414175 -3.556175 -15.683719 -7.931387 8.751347 44.268999 0.071448 12.626668 -10.852701 nan nan nan -2.157810 -0.224251 6.013949 5.616272 4.254364 5.281584 4.589599 0.196962 -2.599201 nan nan nan 3.081729 6.064304 4.705033 1.999088 -2.023785 12.087023 -1.537375 1.296984 -0.997627 3.002068 10.440706 8.902623 -4.906881 4.027207 3.319981 -23.484529 8.037671 -1.502845 -68.742186 -1.049554 16.509705 14.004504 -26.673244 -6.177242 -14.919572 -15.072177 8.126668 20.922828 -1.733485 2.137559 62.957367 5.226207 8.339970 -14.423069 23.057043 -16.097167 8.025667 11.055527 -3.238082 
103.230522 55.347569 99.283661 -95.598094 -0.721132 82.995810 3.379677 -3.352004 -16.086296 -7.817378 8.692761 42.340580 0.088812 12.656999 -10.891501 nan nan nan -2.285306 -0.454536 6.689173 5.566671 4.784414 5.039118 4.793215 0.325730 -3.026624 nan nan nan 3.214247 6.320500 4.844471 1.831433 -1.997098 12.047233 -1.610183 1.449955 -0.829798 2.896196 10.415714 8.859094 -5.036144 4.126867 2.980608 -23.489329 8.190733 -1.659064 -68.613437 -0.453450 16.529385 13.802147 -27.053158 -5.459400 -14.859609 -15.180933 7.830932 20.863050 -1.686551 1.955378 62.892975 5.536082 8.522375 -14.328542 23.361315 -16.024185 7.692191 11.137531 -3.515523 
102.426216 55.365372 99.247375 -95.869444 -0.723650 83.007458 3.383850 -3.084464 -16.476559 -7.621698 8.654684 40.298056 0.114660 12.581200 -10.864817 nan nan nan -2.325833 -0.633327 7.335937 5.454019 5.212566 4.820602 4.970075 0.392423 -3.423064 nan nan nan 3.350582 6.595897 4.958682 1.707321 -1.937358 11.884842 -1.646363 1.543636 -0.683242 2.810832 10.280251 8.742621 -5.012524 4.185431 2.990878 -23.495991 8.276454 -1.666190 -68.566782 -0.004890 16.466775 13.623158 -27.295080 -5.146130 -14.755666 -14.903129 7.342018 20.792848 -1.706983 1.899450 62.785737 5.765324 8.586184 -14.190978 23.795403 -16.039961 7.373954 11.149883 -3.831535 
101.637199 55.372490 99.204346 -96.050123 -0.725590 83.074082 3.381306 -2.923752 -16.907625 -7.361049 8.719751 38.176262 0.181333 12.647743 -10.865301 nan nan nan -2.365699 -0.666424 7.945239 5.355426 5.432073 4.550243 5.113666 0.421555 -3.705310 nan nan nan 3.423654 6.836912 5.030538 1.637717 -1.873690 11.777864 -1.681453 1.599416 -0.674144 2.827464 10.252316 8.572855 -4.982257 4.194419 3.183212 -23.463754 8.372307 -1.604540 -68.588483 0.402124 16.457931 13.536708 -27.486234 -4.967493 -14.955048 -14.842073 7.066452 20.771584 -1.707463 1.841429 62.658611 5.865453 8.730920 -14.253522 24.214199 -16.158439 7.377268 11.255326 -4.077659 
100.850845 55.347832 99.159058 -96.199997 -0.758787 83.137679 3.290987 -2.845020 -17.243534 -7.016392 8.836421 35.909942 0.216741 12.842674 -10.884779 nan nan nan -2.520631 -0.777531 8.572271 5.335637 5.603727 4.235766 5.230744 0.518317 -3.929248 nan nan nan 3.515534 6.988463 5.090387 1.528065 -1.891309 11.807770 -1.744807 1.655356 -0.659257 2.833681 10.351883 8.438062 -5.230765 4.235207 3.070712 -23.449920 8.535866 -1.827917 -68.624101 0.959824 16.530475 13.522949 -27.631939 -4.828155 -14.994232 -15.146595 6.989803 20.771170 -1.580930 1.705889 62.541317 6.022499 9.064291 -14.419678 24.509798 -16.431502 7.320200 11.468310 -4.290096 
100.029106 55.326321 99.100960 -96.317506 -0.765230 83.141179 3.231595 -2.732184 -17.392814 -6.650297 8.969624 33.485487 0.187468 12.926457 -10.752268 nan nan nan -2.625907 -0.887658 9.383235 5.244095 5.786890 3.746172 5.484221 0.652824 -4.160552 nan nan nan 3.600239 7.123180 5.203863 1.404629 -1.940640 11.808426 -1.741586 1.704834 -0.734846 2.768848 10.366106 8.601406 -5.363002 4.253275 2.768367 -23.420819 8.746040 -1.932728 -68.811959 1.420095 16.414902 13.582054 -27.660505 -5.000468 -14.809301 -15.493691 7.168232 20.633109 -1.482082 1.808243 62.520790 6.384676 9.252200 -14.451026 24.696153 -16.552706 7.332005 11.631822 -4.416138 
99.206726 55.309322 99.016151 -96.390910 -0.726504 83.159997 3.227462 -2.617518 -17.584632 -6.321683 8.991399 31.107069 0.147894 12.920332 -10.314763 nan nan nan -2.678394 -0.885403 10.184524 5.186550 5.913725 3.227216 5.728588 0.747182 -4.371899 nan nan nan 3.677680 7.277107 5.180837 1.317304 -1.988090 11.944188 -1.688603 1.732694 -0.858595 2.705990 10.374603 8.746867 -5.297194 4.245097 2.587143 -23.409774 8.858025 -1.955004 -69.058564 1.824642 16.252266 13.717666 -27.637259 -5.199799 -14.628825 -15.986236 7.211868 20.439565 -1.371375 1.945355 62.530780 6.749037 9.367504 -14.520896 24.873647 -16.662696 7.244348 11.923156 -4.657182 
98.387955 55.275002 98.922615 -96.456497 -0.756072 83.225989 3.102641 -2.459365 -17.778615 -5.950221 9.049140 28.669905 0.297743 12.978063 -9.684663 nan nan nan -2.844856 -0.875827 10.908603 5.187698 6.018026 2.766764 5.891229 0.822079 -4.583522 nan nan nan 3.687907 7.417721 5.065952 1.234925 -2.001116 12.061472 -1.673880 1.726651 -0.825726 2.644702 10.384084 8.699695 -5.285894 4.401554 2.538087 -23.391636 8.893319 -2.056703 -69.209123 2.245115 16.157928 13.831357 -27.665395 -5.249560 -14.528548 -16.454596 6.772806 20.377538 -1.247507 1.917593 62.457692 7.061461 9.588181 -14.630090 25.034699 -16.763144 7.101335 12.190808 -4.965104 
97.553276 55.253735 98.821846 -96.609037 -0.765117 83.234821 3.000594 -2.103280 -17.778848 -5.529515 9.362436 26.051975 0.383203 12.986616 -9.015339 nan nan nan -2.948316 -0.932418 11.681494 5.076238 6.146263 2.397334 6.103189 0.958195 -4.930928 nan nan nan 3.732004 7.481849 5.073010 1.109298 -2.052351 12.045436 -1.719786 1.822722 -0.727259 2.637720 10.423279 8.600291 -5.337182 4.513485 2.493901 -23.306028 9.029250 -2.159062 -69.389527 2.628648 16.025054 13.998309 -27.734314 -5.304158 -14.536332 -16.346670 6.127968 20.391939 -1.125695 1.985509 62.393020 7.502099 9.828453 -14.799833 25.220547 -16.923210 7.210417 12.255912 -5.072217 
96.713783 55.236614 98.706459 -96.739192 -0.713327 83.183356 2.931886 -1.715543 -17.708970 -5.107685 9.597194 23.483688 0.432736 12.993020 -8.340052 nan nan nan -2.955617 -1.026947 12.547101 4.910351 6.258709 1.981351 6.315474 1.098581 -5.338820 nan nan nan 3.838412 7.554048 5.108040 0.999278 -2.154436 12.151993 -1.773143 1.916518 -0.761898 2.635029 10.416783 8.542327 -5.451605 4.523120 2.453191 -23.089333 9.060891 -2.113704 -69.797747 2.956080 15.758206 14.267559 -27.745280 -5.551753 -14.511019 -15.622564 5.775847 20.242177 -0.945819 2.155045 62.481271 7.958303 10.009274 -14.961581 25.419361 -17.152602 7.363541 12.307698 -5.190112 
95.864868 55.215527 98.579369 -96.800372 -0.627023 83.181154 2.848726 -1.450066 -17.695661 -4.707681 9.566257 21.025425 0.467304 13.104871 -7.679718 nan nan nan -2.939458 -1.096014 13.393295 4.793304 6.357713 1.523877 6.442570 1.114666 -5.664672 nan nan nan 3.914633 7.724421 5.024481 0.970132 -2.211665 12.267807 -1.748374 1.916464 -0.741656 2.557829 10.291281 8.442858 -5.594360 4.539127 2.468000 -22.960940 8.965931 -2.020631 -70.151372 3.244411 15.521743 14.404389 -27.716729 -5.600048 -14.370763 -15.128999 5.559391 20.010271 -0.786220 2.158965 62.595849 8.173072 10.100989 -15.084784 25.677940 -17.456478 7.130600 12.502226 -5.577823 
95.014854 55.189610 98.438995 -96.833960 -0.546241 83.233918 2.759385 -1.188943 -17.667095 -4.351920 9.600535 18.488345 0.622851 13.124619 -6.849739 nan nan nan -3.007867 -1.222579 14.209253 4.771090 6.520343 0.997100 6.608917 1.161831 -5.934009 nan nan nan 3.901228 7.831557 4.956086 0.979308 -2.276874 12.202691 -1.700023 1.943300 -0.685834 2.516957 10.245946 8.384737 -5.628283 4.689789 2.601573 -22.842286 9.013257 -1.949991 -70.447214 3.468048 15.417133 14.404003 -27.589041 -5.602988 -14.187820 -14.898817 5.063299 19.855714 -0.728569 2.221992 62.665200 8.460162 10.239821 -15.221182 25.967949 -17.668078 6.867161 12.354727 -5.733836 
94.174179 55.165539 98.290398 -96.808554 -0.399984 83.277908 2.728357 -0.940005 -17.678051 -3.965745 9.711269 16.114763 0.676913 12.999862 -5.929477 nan nan nan -3.004149 -1.421957 14.978043 4.742240 6.729886 0.531988 6.766449 1.217023 -6.089350 nan nan nan 4.001544 7.851032 4.979792 0.920351 -2.371422 11.951523 -1.688251 1.976794 -0.528254 2.527537 10.345831 8.259423 -5.496726 4.868294 2.903820 -22.700599 8.989189 -1.954925 -70.819319 3.763843 15.309666 14.676121 -27.273852 -5.662041 -14.270078 -15.065693 4.372902 19.762636 -0.649443 2.264440 62.744759 8.784977 10.434690 -15.404862 26.172067 -17.707759 6.768874 12.145526 -5.649036 
93.350273 55.148731 98.129951 -96.820673 -0.231946 83.331995 2.714533 -0.618367 -17.781855 -3.557011 9.721388 14.027455 0.623005 12.753522 -5.083398 nan nan nan -2.924952 -1.562023 15.630407 4.675690 6.946747 0.261549 6.922673 1.307099 -6.383647 nan nan nan 4.122200 7.889345 4.932438 0.866048 -2.401596 11.870235 -1.683476 2.026954 -0.416439 2.496551 10.354547 8.081689 -5.268811 4.856546 2.977096 -22.605880 8.884827 -2.006501 -71.082741 4.114095 15.265394 14.875128 -27.072685 -5.505645 -14.272434 -15.258078 3.922998 19.648562 -0.575252 2.153292 62.839690 8.997534 10.652068 -15.543298 26.324346 -17.785295 6.468361 12.136121 -5.910505 
92.533272 55.142048 97.951576 -96.851984 -0.075179 83.470614 2.725554 -0.345553 -17.964453 -3.236894 9.598101 11.993454 0.660642 12.492357 -4.216367 nan nan nan -2.806397 -1.653035 16.085679 4.556467 7.093162 0.171953 6.982943 1.346030 -6.790561 nan nan nan 4.155351 7.983620 4.755909 0.845283 -2.406951 11.942394 -1.633036 2.036270 -0.456003 2.476667 10.163810 8.113524 -5.233970 4.860715 2.832452 -22.644600 8.804270 -1.993260 -71.128393 4.503877 15.277356 14.826802 -27.104911 -4.782972 -13.763574 -14.844883 4.572338 19.542559 -0.498711 2.144295 62.875927 9.184745 10.778366 -15.610118 26.580908 -17.957837 5.886165 12.153825 -6.384023 
91.693748 55.124298 97.766663 -96.837260 0.085610 83.659036 2.758540 -0.222280 -18.109968 -2.980022 9.426200 9.905462 0.701811 12.281393 -3.484016 nan nan nan -2.717473 -1.798466 16.466289 4.460184 7.255983 0.128640 7.058549 1.313119 -7.199751 nan nan nan 4.171817 8.046174 4.533657 0.819659 -2.464050 11.946733 -1.553318 2.018495 -0.451800 2.405445 10.082181 8.232660 -5.353852 4.904278 2.511376 -22.699760 8.712828 -2.019500 -71.195114 4.907914 15.171514 14.698747 -27.057319 -3.848674 -13.108572 -14.241098 5.979166 19.471866 -0.409451 2.221808 62.820452 9.390663 10.716242 -15.606375 27.023908 -17.948201 5.793615 12.232945 -6.481608 
90.849144 55.115025 97.575623 -96.924092 0.259075 83.806447 2.844192 -0.111300 -18.143716 -2.729397 9.196528 7.846528 0.527575 12.096490 -2.914181 nan nan nan -2.644805 -1.935980 16.868976 4.399708 7.503100 0.096281 7.235940 1.327027 -7.569120 nan nan nan 4.226890 8.099510 4.393718 0.774393 -2.492627 11.764482 -1.501522 2.043974 -0.263030 2.329652 10.206826 8.216162 -5.410314 4.854496 2.264884 -22.643727 8.727162 -2.161360 -71.370122 5.175929 14.966642 14.591651 -26.823168 -3.391173 -12.848512 -14.016139 6.759879 19.429864 -0.309483 2.196005 62.846536 9.659254 10.686134 -15.649104 27.239180 -17.860152 6.218087 12.464351 -6.173072 
90.003983 55.096615 97.387840 -97.052342 0.418552 83.863617 2.952522 0.067329 -18.090881 -2.539686 8.926055 5.985110 0.325394 11.745514 -2.511160 nan nan nan -2.589680 -2.011410 17.292174 4.356556 7.766842 0.194909 7.429816 1.451308 -7.976321 nan nan nan 4.278992 8.150968 4.464340 0.750089 -2.471768 11.409195 -1.499678 2.086225 -0.060166 2.430538 10.288059 8.137866 -5.381512 4.868109 2.347170 -22.507015 8.810368 -2.324219 -71.633260 5.318841 14.823236 14.796489 -26.477536 -3.781293 -13.312306 -14.066770 5.895866 19.400575 -0.232456 2.115578 62.973698 9.851236 10.911905 -15.877473 27.346561 -17.895346 6.518283 12.538065 -6.160097 
89.144363 55.088093 97.197296 -97.198824 0.548072 83.903153 3.073028 0.262573 -17.992250 -2.397783 8.527416 4.276636 0.223651 11.250768 -2.311786 nan nan nan -2.525867 -2.058921 17.669594 4.266124 8.020751 0.427261 7.653398 1.555169 -8.450989 nan nan nan 4.235876 8.227516 4.557713 0.729375 -2.405490 11.112727 -1.466425 2.113659 0.096917 2.592546 10.280496 7.847110 -5.393383 4.900302 2.562599 -22.351289 8.882200 -2.551250 -71.876583 5.494540 14.753237 15.168257 -26.142786 -4.473988 -14.079097 -14.215808 4.336191 19.454006 -0.201647 1.980670 63.048458 9.998955 11.194974 -16.107287 27.545893 -18.058769 6.635422 12.512882 -6.461560 
88.279770 55.081532 96.983971 -97.362980 0.618754 84.084959 3.192928 0.356401 -18.021293 -2.311919 8.122827 2.671918 0.123705 10.907003 -2.275093 nan nan nan -2.566870 -2.127348 17.823346 4.221857 8.286673 0.789279 7.839599 1.703398 -8.949613 nan nan nan 4.033270 8.338977 4.392041 0.708782 -2.339610 10.934971 -1.351857 2.152393 0.244398 2.532130 10.439676 7.710462 -5.372831 5.083618 2.567637 -22.252680 8.955100 -2.718835 -72.080300 5.664244 14.561174 15.378662 -25.896298 -4.805887 -14.583012 -14.333063 3.680498 19.463714 -0.250800 1.961950 63.100511 10.325394 11.193445 -16.069843 27.684811 -18.086255 6.914011 12.788080 -6.567165 
87.407478 55.058975 96.783745 -97.575185 0.676529 84.317274 3.334786 0.452990 -18.086087 -2.258814 7.832135 1.248254 -0.114017 10.702996 -2.325573 nan nan nan -2.705760 -2.220339 17.790077 4.268581 8.514721 1.398915 8.120928 1.922721 -9.418939 nan nan nan 3.846275 8.499239 4.083292 0.673667 -2.242005 10.907793 -1.277706 2.187266 0.320841 2.236020 10.994685 7.661960 -5.271806 5.569512 2.794059 -22.185776 8.976155 -2.742794 -72.220389 5.746085 14.491107 15.445166 -25.629339 -4.859194 -14.537030 -14.336782 3.618843 19.620356 -0.389701 1.935710 63.024468 10.631336 11.197761 -15.992173 27.765229 -18.104561 6.867946 13.083672 -6.692887 
86.517845 55.039188 96.607735 -97.766203 0.829338 84.320929 3.576329 0.625706 -17.937654 -2.237913 7.443807 0.146645 -0.179634 10.529428 -2.482202 nan nan nan -2.709881 -2.285943 18.091326 4.278914 8.868833 1.854084 8.266892 1.915630 -9.769345 nan nan nan 3.801280 8.608131 4.094896 0.728762 -2.159980 10.843723 -1.239842 2.228956 0.199424 2.463996 10.725817 7.451980 -5.031217 5.491620 3.250971 -22.236639 8.990912 -2.501926 -72.242931 5.701122 14.354798 15.480563 -25.392222 -4.657806 -14.426193 -14.336238 3.351518 19.635093 -0.357030 2.137660 63.022531 10.754337 11.141075 -16.131920 28.020687 -18.059463 6.426058 13.195477 -7.011419 
85.617485 55.031128 96.449867 -97.966387 1.001082 84.243318 3.878959 0.777007 -17.721083 -2.258825 7.154398 -0.686345 -0.203783 10.423139 -2.681686 nan nan nan -2.626333 -2.249179 18.604853 4.197527 9.242383 2.085019 8.535244 1.857525 -10.107505 nan nan nan 3.840340 8.687907 4.287045 0.695320 -2.117346 10.558236 -1.255692 2.293823 0.394834 2.532021 11.258019 7.003626 -5.257042 5.696013 3.719280 -22.232487 9.143146 -2.791534 -72.234768 5.802815 14.382126 15.533244 -25.036366 -4.501066 -14.526651 -14.381186 3.180927 19.777633 -0.377941 2.012376 63.042447 10.836599 11.368401 -16.332576 28.273186 -18.078311 6.116680 13.051677 -7.185433 
84.705208 55.007404 96.305641 -98.190460 1.136812 84.181433 4.159626 0.926469 -17.548540 -2.332888 6.985371 -1.232020 -0.096026 10.320847 -2.987405 nan nan nan -2.587174 -2.247760 19.004454 4.106116 9.654415 2.510167 8.780840 1.910642 -10.555217 nan nan nan 3.830548 8.810295 4.436345 0.692951 -2.064168 10.368859 -1.227368 2.337681 0.400281 2.864701 10.710036 7.012453 -5.082833 5.276897 3.432517 -22.257754 9.326806 -2.826750 -72.252463 5.759666 14.283026 15.516999 -24.741884 -4.355926 -14.524876 -13.963181 3.576383 19.697905 -0.422956 2.010232 63.297678 10.890989 11.413588 -16.542115 28.592912 -17.847898 5.855007 12.990760 -7.158276 
83.786179 54.987267 96.173370 -98.464099 1.296886 84.215637 4.462194 1.180861 -17.541338 -2.363873 6.914401 -1.378686 -0.096581 10.135464 -3.307109 nan nan nan -2.595223 -2.330405 19.183900 4.096798 9.893475 3.153594 9.084853 2.161979 -10.817674 nan nan nan 3.763407 8.929432 4.368103 0.709452 -1.980656 10.299281 -1.171150 2.389317 0.452479 3.056535 10.453028 7.082563 -5.251844 5.026557 3.076573 -22.289178 9.392941 -2.878065 -72.279148 5.873635 14.251123 15.620664 -24.623364 -4.359273 -14.342584 -13.881210 3.443001 19.704753 -0.350426 2.012566 63.502828 10.840797 11.524970 -16.991177 28.987879 -17.754932 5.362138 13.130902 -7.351199 
82.835777 54.974964 96.049545 -98.756085 1.435912 84.168060 4.751136 1.526098 -17.435363 -2.412929 6.818166 -1.345160 -0.168711 9.953188 -3.411040 nan nan nan -2.645170 -2.428586 19.480629 4.094097 10.168417 3.721406 9.266106 2.394001 -11.003257 nan nan nan 3.669206 9.064201 4.305938 0.736555 -1.901460 10.315721 -1.186092 2.436919 0.468683 3.307706 10.384378 7.023155 -5.445429 4.829351 3.064957 -22.320010 9.447018 -2.976094 -72.253518 5.997625 14.258509 15.823244 -24.477599 -4.359732 -14.040570 -14.036345 2.959282 19.815452 -0.295920 1.948100 63.650188 10.831581 11.793251 -17.316703 29.067158 -17.673628 4.803917 13.258633 -7.685123 
81.842743 54.951790 95.947388 -98.931839 1.475033 84.084044 4.923460 1.666343 -17.301734 -2.466140 6.831992 -1.076797 -0.022001 9.952307 -3.397271 nan nan nan -2.821022 -2.465290 19.878234 4.143255 10.430906 4.209954 9.462162 2.569985 -11.159438 nan nan nan 3.467514 9.216409 4.212024 0.733349 -1.898782 10.443616 -1.238096 2.456652 0.406183 3.509533 10.503944 6.974397 -5.372801 4.750334 3.090292 -22.252458 9.619672 -3.016504 -72.175908 5.951138 14.191728 15.878044 -24.322487 -4.298385 -14.147988 -13.872656 3.264771 20.057925 -0.365481 1.973422 63.757595 10.965398 11.956892 -17.511702 29.028173 -17.715397 4.811272 13.316639 -7.636755 
80.877342 54.858646 95.873802 -98.978631 1.388137 84.220874 4.943174 1.347666 -17.412632 -2.437375 7.055684 -0.648107 0.230897 10.223033 -3.189999 nan nan nan -3.071525 -2.239813 20.045547 4.220860 10.571823 4.681068 9.748024 2.633117 -11.334864 nan nan nan 3.119990 9.345860 3.839370 0.712285 -1.962910 10.640175 -1.229336 2.453637 0.346647 3.435770 10.577267 7.082239 -5.172010 4.795493 2.727322 -22.257410 9.648980 -3.112275 -72.132586 6.025391 14.081898 16.082591 -24.148601 -4.449419 -14.480821 -13.909612 3.410616 20.232946 -0.362655 2.012901 63.824744 11.007018 12.005198 -17.599558 29.133689 -17.778809 5.008581 13.456769 -7.511598 
79.938591 54.733829 95.811073 -99.051718 1.292379 84.506934 4.932232 0.980087 -17.727517 -2.391942 7.383807 0.005545 0.283990 10.601542 -2.997683 nan nan nan -3.282825 -1.895662 19.977123 4.280899 10.497338 5.274478 10.004089 2.774270 -11.482196 nan nan nan 2.729723 9.458717 3.333888 0.725609 -1.963802 10.793641 -1.180004 2.462707 0.251032 3.349739 10.544533 7.290054 -5.057669 4.829618 2.348146 -22.301047 9.563483 -3.113390 -72.081069 6.161939 14.012519 16.261926 -23.980639 -4.763601 -14.601375 -14.592876 2.684570 20.305645 -0.328630 2.026829 63.953678 10.931577 12.025670 -17.664995 29.236140 -17.759338 4.889708 13.528390 -7.611340 
78.958939 54.651558 95.751884 -99.174736 1.326802 84.510392 5.028466 0.973009 -17.746190 -2.456316 7.760220 0.854550 0.334758 10.868067 -2.776293 nan nan nan -3.401438 -1.896423 20.112309 4.245225 10.611643 6.110043 10.309974 2.997424 -11.559207 nan nan nan 2.539976 9.586958 3.245103 0.704694 -1.920682 10.702222 -1.151809 2.446891 0.297778 3.372914 10.583606 7.254806 -4.983846 4.952226 2.297922 -22.190909 9.517679 -3.036842 -72.086502 6.172727 13.932768 16.285304 -23.953822 -4.922106 -14.427536 -14.650647 2.122032 20.358386 -0.355473 2.119453 64.152220 10.924284 12.056390 -17.807414 29.390207 -17.791715 4.778431 13.408715 -7.699059 
77.936020 54.603786 95.709755 -99.181537 1.415760 84.410776 5.117322 1.050777 -17.600921 -2.511369 8.289832 1.647917 0.440436 11.173560 -1.882529 nan nan nan -3.421546 -2.043423 20.340667 4.186836 10.847724 7.052380 10.486407 3.101585 -11.564262 nan nan nan 2.322576 9.659208 3.213840 0.715569 -1.957439 10.651911 -1.119409 2.476642 0.362776 3.462557 10.518713 7.104370 -4.904283 5.057663 2.348969 -22.105473 9.477116 -3.017514 -71.948534 6.204776 13.864472 16.180436 -24.130559 -4.818193 -14.166512 -14.089155 2.138920 20.449703 -0.399043 2.174486 64.329051 10.888646 12.178416 -17.932078 29.509234 -17.880794 4.762668 13.279882 -7.672353 
76.932800 54.492043 95.697578 -99.147511 1.141218 84.824852 4.773987 0.662715 -17.906274 -2.376804 9.233628 2.175656 0.819796 11.873294 -0.176907 nan nan nan -3.835542 -1.859666 19.897132 4.309385 10.725752 8.175596 10.590209 3.295330 -11.586469 nan nan nan 1.494757 9.796321 2.422313 0.783507 -2.062097 11.025270 -1.007589 2.507034 0.072517 3.348867 10.283971 7.381678 -4.603181 5.201986 1.970988 -22.157423 9.303382 -2.915339 -71.759430 6.392135 13.747386 16.383955 -24.219982 -5.091481 -13.937081 -14.079084 1.854446 20.684398 -0.390021 2.218662 64.399302 10.643143 12.375617 -18.064368 29.598779 -17.955366 4.656959 13.274765 -7.433516 
75.867012 54.387741 95.681053 -99.200604 1.078468 84.930693 4.591976 0.695942 -17.853768 -2.279054 10.054328 2.663008 1.414304 12.220220 1.379641 nan nan nan -3.988123 -1.676411 19.913112 4.265068 10.836081 8.996236 10.996008 3.449837 -11.417326 nan nan nan 1.058029 9.935278 2.076197 0.817060 -2.063112 11.051244 -0.953462 2.475068 -0.014427 3.343862 10.231808 7.518979 -4.337917 5.330742 1.979564 -22.040039 9.245949 -2.800585 -71.769848 6.495286 13.577369 16.543487 -24.169964 -5.145756 -13.653069 -14.357035 1.156142 20.805064 -0.503222 2.275705 64.583235 10.454236 12.501418 -18.080105 29.621313 -17.934956 4.621161 13.162116 -7.392734 
74.809319 54.251476 95.709099 -99.151363 0.969340 85.013586 4.421523 0.539850 -17.690736 -2.287369 10.498437 2.960421 1.871985 12.363379 2.633980 nan nan nan -4.142205 -1.433939 19.887870 4.223712 10.780821 9.921093 11.386415 3.515602 -11.173277 nan nan nan 0.601072 10.010798 1.903104 0.854941 -2.079061 10.885139 -0.909661 2.415854 0.007443 3.311917 10.387781 7.461702 -4.276042 5.603884 2.131053 -21.953533 9.302003 -2.945437 -71.736073 6.597727 13.639760 16.667939 -23.942566 -5.204694 -13.428665 -14.593619 0.718667 20.950847 -0.734517 2.175752 64.755782 10.284471 12.794398 -18.036181 29.462649 -18.038428 4.738663 13.175474 -7.636796 
73.747673 54.101765 95.768379 -99.064166 0.817418 85.093647 4.210825 0.337525 -17.462630 -2.318292 10.563264 3.168175 1.889543 12.269694 3.588038 nan nan nan -4.318627 -1.229342 19.677693 4.173144 10.662267 11.148894 11.747364 3.623880 -10.741760 nan nan nan 0.143791 9.997090 1.632526 0.842511 -2.112261 10.909597 -0.933420 2.410974 0.124086 3.170524 10.773828 7.137373 -4.523380 6.014695 2.254147 -21.949453 9.324748 -3.336479 -71.465538 6.764715 13.897029 16.662225 -23.883521 -5.273256 -13.063398 -14.459731 0.775126 21.262986 -0.922801 1.909986 64.812186 10.084351 13.293240 -18.077064 29.354967 -18.167880 4.815923 13.204904 -7.691093 
72.689285 53.948589 95.844254 -98.925038 0.684659 85.154952 4.016305 0.176465 -17.235580 -2.451490 10.453923 3.448836 1.806004 11.982244 4.247498 nan nan nan -4.510478 -1.115387 19.343276 4.217720 10.504257 12.606321 12.123544 3.738165 -10.097053 nan nan nan -0.252511 9.943271 1.455767 0.816896 -2.106276 10.767624 -1.003285 2.411863 0.167158 3.112160 10.590963 7.181065 -4.284232 6.004862 2.163178 -21.915855 9.347228 -3.322596 -71.082514 6.695450 14.038886 16.475371 -23.987310 -5.051730 -12.650640 -13.984028 1.242536 21.565045 -1.058352 1.884230 64.957683 9.818431 13.533426 -18.287110 29.385446 -18.182976 4.669116 13.169714 -7.480327 
71.618240 53.772682 95.946915 -98.697721 0.497713 85.203049 3.739056 -0.101055 -16.919132 -2.652117 10.164696 3.701954 2.158076 11.451561 4.677095 nan nan nan -4.774593 -1.021861 18.945439 4.308588 10.243615 14.208582 12.566260 3.875726 -9.323175 nan nan nan -0.724440 9.842925 1.264127 0.799634 -2.106396 10.693906 -1.040074 2.410085 0.108103 3.102045 10.351295 7.403263 -4.017110 5.906741 2.046965 -21.893080 9.272459 -3.269857 -70.756029 6.615184 14.106026 16.425892 -23.937789 -4.933177 -12.605907 -13.737254 1.582396 21.819575 -1.140804 1.976498 65.167165 9.515761 13.610943 -18.650743 29.488039 -18.232739 4.565934 13.026677 -6.880427 
70.527222 53.584637 96.065811 -98.356160 0.283375 85.217721 3.396207 -0.473526 -16.507244 -2.912386 9.717904 3.884085 2.828495 10.852237 5.028287 nan nan nan -5.114097 -0.952498 18.533839 4.467647 9.806877 15.885974 13.120084 4.075075 -8.430259 nan nan nan -1.240315 9.697856 1.010290 0.812947 -2.174970 10.884891 -1.063190 2.393220 -0.149221 3.158293 10.088057 7.703937 -3.539592 5.863416 1.866415 -21.880508 9.142993 -3.184796 -70.506813 6.539767 14.081939 16.485742 -23.839445 -5.030010 -12.646506 -13.788886 1.596707 22.031879 -1.188300 2.221010 65.349102 9.287665 13.577267 -18.882489 29.545034 -18.242135 4.546573 13.002145 -6.442459 
69.446129 53.390652 96.184555 -97.913763 0.083068 85.282337 3.000521 -0.886399 -16.169530 -3.141912 9.277652 4.063225 3.537241 10.584462 5.296647 nan nan nan -5.423465 -0.813957 17.994779 4.703038 9.170491 17.664544 13.624247 4.233659 -7.453482 nan nan nan -1.761767 9.490766 0.667035 0.868087 -2.241996 11.189542 -1.128482 2.335875 -0.439247 3.171520 9.934130 7.786549 -3.144449 6.010044 1.960368 -21.815829 9.026883 -3.104728 -70.279278 6.451824 14.105938 16.539574 -23.842736 -5.089264 -12.626404 -13.824284 1.470265 22.241767 -1.302332 2.345027 65.499288 9.050478 13.618679 -18.920346 29.498795 -18.222949 4.517745 12.956179 -6.151663 
68.400948 53.188335 96.314667 -97.456074 -0.066925 85.413967 2.629439 -1.338376 -15.966410 -3.305141 8.979036 4.330655 4.309873 10.772392 5.434388 nan nan nan -5.704070 -0.694025 17.197487 5.021315 8.414458 19.722724 14.055910 4.273129 -6.411115 nan nan nan -2.239726 9.297104 0.412486 0.949662 -2.264458 11.216472 -1.174611 2.273623 -0.657304 3.054118 9.638039 7.409302 -2.931085 6.184417 2.847993 -21.796840 8.853677 -2.871521 -70.074668 6.231816 14.099790 16.701562 -23.764560 -5.083835 -12.623597 -13.706852 1.428203 22.405106 -1.490103 2.448366 65.702061 8.713701 13.607754 -19.005483 29.475688 -18.232714 4.583274 12.713286 -5.952170 
67.350296 52.990421 96.466370 -96.982612 -0.166988 85.524599 2.236022 -1.791163 -15.697301 -3.294685 8.871424 4.564430 4.935149 10.976660 5.456242 nan nan nan -5.911173 -0.571926 16.321255 5.175954 7.394334 21.899033 14.757616 4.380374 -5.028760 nan nan nan -2.656028 9.074916 0.209672 0.998468 -2.261708 10.970723 -1.182397 2.203967 -0.463642 2.923703 9.732577 7.760160 -2.520854 6.406107 2.394022 -21.724684 8.661440 -3.072688 -70.006079 6.135316 14.100825 16.919539 -23.491165 -5.373313 -12.611096 -13.800337 1.470750 22.506183 -1.571650 2.284669 65.952401 8.284121 13.443102 -18.910128 29.262807 -18.192161 4.951440 12.737475 -5.729928 
66.299438 52.810642 96.630226 -96.388714 -0.203010 85.552166 1.842303 -2.296995 -15.419173 -3.186510 8.518813 4.975934 5.482973 11.200679 5.312311 nan nan nan -6.017973 -0.427051 15.514334 5.295429 6.225886 24.087043 15.448166 4.387283 -3.482358 nan nan nan -3.035247 8.738994 0.081861 1.080447 -2.306257 10.855042 -1.193500 2.155321 -0.399316 2.770983 9.656215 7.549065 -2.577229 6.488775 2.757024 -21.580853 8.644927 -3.193935 -69.983495 5.872952 14.123298 17.041780 -23.300470 -5.743625 -12.710476 -13.708216 1.709437 22.566474 -1.705810 2.272702 66.180166 8.012657 13.351184 -18.724431 28.993125 -18.262918 5.404275 12.614009 -5.565769 
65.252220 52.621586 96.795471 -95.793184 -0.209649 85.574692 1.456127 -2.822374 -15.063279 -3.075677 8.032293 5.286834 5.985642 11.329592 5.094013 nan nan nan -6.148826 -0.268784 14.584715 5.420254 4.933372 26.401617 15.898078 4.551873 -1.455729 nan nan nan -3.336526 8.355590 -0.003786 1.158379 -2.327893 10.760949 -1.260231 2.107206 -0.295721 2.605728 10.107284 7.341411 -2.993242 6.759182 2.919215 -21.398395 8.631678 -3.482264 -69.941549 5.758344 14.296496 17.151178 -23.223061 -6.257769 -12.793039 -13.676782 1.903093 22.615462 -1.854583 1.985718 66.423832 7.568256 13.533597 -18.581013 28.791090 -18.449678 5.720152 12.337116 -5.441619 
64.210579 52.419258 96.966049 -95.301994 -0.224065 85.535055 1.156005 -3.341114 -14.377956 -3.158913 7.651180 5.159163 6.514850 11.363516 4.936607 nan nan nan -6.360552 -0.135337 13.619421 5.492971 3.647223 28.751566 16.114692 4.799439 0.909616 nan nan nan -3.577940 8.047955 -0.006203 1.232781 -2.269892 10.618229 -1.317302 2.024165 -0.212839 2.517471 10.153294 7.770551 -2.970776 6.732710 2.234545 -21.230935 8.424395 -3.559802 -69.969658 5.596123 14.390250 17.368377 -23.104880 -6.711794 -12.832450 -13.756628 1.944393 22.539860 -1.946357 1.695444 66.726683 7.029166 13.457016 -18.355719 28.704590 -18.326741 5.964908 12.229711 -5.139706 
63.182636 52.205883 97.134583 -94.834597 -0.212871 85.412861 0.941038 -3.863693 -13.545413 -3.351907 7.247369 4.944612 7.052229 11.449286 4.777562 nan nan nan -6.579254 -0.052226 12.730977 5.620776 2.637848 30.976632 16.023348 4.815660 3.164717 nan nan nan -3.705220 7.773354 0.093357 1.269463 -2.215346 10.476861 -1.427936 1.977219 -0.167953 2.393893 10.070344 8.032321 -2.911296 6.613059 2.081167 -21.076034 8.299806 -3.581791 -69.887595 5.310702 14.562263 17.444934 -23.096991 -6.775499 -12.784593 -13.701321 1.834216 22.513704 -2.085415 1.586661 66.964401 6.605310 13.323423 -18.155283 28.668678 -18.201880 6.236155 12.065627 -4.879964 
62.213749 51.997238 97.282104 -94.342227 -0.134978 85.383585 0.727028 -4.104197 -12.920667 -3.472638 6.786229 4.860845 7.502832 11.536956 4.487876 nan nan nan -6.670899 -0.000630 11.634355 5.780697 1.922726 33.240745 15.713234 4.639776 5.222940 nan nan nan -3.770054 7.447618 0.098479 1.366321 -2.154253 10.485423 -1.558659 1.975888 -0.304518 2.411784 10.050690 8.060760 -2.943175 6.471614 2.447948 -21.014135 8.089093 -3.522813 -69.690983 5.016840 14.713205 17.442547 -23.170703 -6.745574 -12.773886 -13.705356 1.851991 22.545153 -2.165059 1.625663 67.142069 6.192049 13.170483 -18.193065 28.588587 -18.220945 6.476049 11.918160 -4.724106 
61.290424 51.821030 97.394630 -93.898614 -0.038038 85.429344 0.540683 -4.066752 -12.433013 -3.581449 6.309714 4.829833 7.869050 11.585129 4.170093 nan nan nan -6.624947 0.114019 10.307084 5.889449 1.351658 35.640005 15.119195 4.399985 6.946455 nan nan nan -3.834237 7.062473 0.155046 1.461290 -2.046994 10.393648 -1.665852 1.928015 -0.436970 2.436623 10.136791 8.074638 -3.101361 6.391507 2.668769 -20.959244 7.877714 -3.459799 -69.524557 4.758765 14.730456 17.483886 -23.283767 -6.886033 -12.768748 -13.673363 2.084123 22.596577 -2.265641 1.641690 67.333027 5.817529 13.014143 -18.307255 28.576498 -17.989645 6.873459 11.601563 -4.256457 
60.349590 51.643608 97.484245 -93.511666 -0.002734 85.402565 0.294401 -4.074850 -11.851764 -3.651265 5.889631 4.827554 8.285598 11.624726 3.782062 nan nan nan -6.583829 0.176085 8.976046 6.003574 1.067315 38.115841 14.384067 3.926819 7.919909 nan nan nan -3.940935 6.729648 0.256275 1.495041 -1.919016 10.300599 -1.753067 1.888752 -0.466365 2.395397 10.245167 7.950540 -3.218546 6.367818 2.963033 -20.863905 7.681957 -3.546944 -69.375286 4.501558 14.786033 17.578981 -23.404537 -7.126770 -13.034853 -13.419328 2.447531 22.689184 -2.358393 1.591269 67.478132 5.502995 12.984884 -18.393066 28.465909 -17.872879 7.424665 11.191317 -3.948958 
59.420059 51.466274 97.557549 -93.197192 -0.039066 85.324803 -0.006474 -4.182272 -11.214237 -3.680635 5.632689 4.839432 8.705148 11.637332 3.360630 nan nan nan -6.574765 0.152731 7.519449 6.170006 1.063482 40.823868 13.681082 3.160958 7.881560 nan nan nan -4.150944 6.442115 0.395436 1.514166 -1.800201 10.156816 -1.762676 1.929084 -0.374654 2.269659 10.397070 7.748995 -3.172554 6.351773 3.304754 -20.740749 7.422342 -3.799784 -69.229942 4.247664 14.945522 17.565801 -23.435949 -7.509228 -13.209920 -13.339450 2.330993 22.776706 -2.315384 1.550712 67.606037 5.197127 13.118630 -18.514006 28.224262 -18.139739 7.493129 11.132787 -4.340770 
58.521236 51.313366 97.624786 -92.949288 -0.151309 85.221838 -0.321720 -4.327711 -10.381297 -3.801162 5.336768 4.479877 9.073549 11.805457 3.130109 nan nan nan -6.571325 0.166146 5.988915 6.232949 1.109670 43.534414 13.097718 2.231103 7.242583 nan nan nan -4.527184 6.190161 0.633815 1.576068 -1.684205 10.072474 -1.708260 1.987186 -0.406092 2.087012 10.367914 7.601677 -3.158930 6.464789 3.419611 -20.680587 7.253734 -4.064341 -69.030096 3.976248 15.084970 17.518532 -23.570208 -7.823660 -13.064486 -13.408192 1.865289 22.911231 -2.365981 1.470599 67.730372 4.965674 13.346068 -18.657258 27.980515 -18.334031 7.223845 11.174830 -4.790656 
57.636280 51.182991 97.680466 -92.739750 -0.323253 85.115567 -0.638689 -4.399547 -9.314717 -4.043622 4.889062 3.683666 9.416825 12.013343 3.057100 nan nan nan -6.620384 0.191825 4.485522 6.180801 1.121589 46.010993 12.640602 1.376040 6.428797 nan nan nan -4.931828 5.956940 0.838150 1.574466 -1.569833 10.057259 -1.682291 2.050056 -0.414878 1.895833 10.366092 7.355957 -3.099491 6.683504 3.570578 -20.622049 6.994737 -4.355846 -68.777892 3.748560 15.183616 17.542706 -23.695005 -8.035089 -12.835273 -13.429366 1.606763 23.173551 -2.444066 1.270559 67.786172 4.764783 13.541051 -18.673292 27.746683 -18.212747 7.100182 11.121683 -4.671459 
56.744030 51.051033 97.743187 -92.496465 -0.439021 84.960132 -0.926030 -4.338197 -8.234813 -4.252442 4.448861 2.997752 9.709375 12.178598 2.849801 nan nan nan -6.625225 0.202382 3.072245 6.059066 1.015082 48.374693 12.264118 0.705154 5.425419 nan nan nan -5.222445 5.710764 1.084689 1.571758 -1.449224 10.068931 -1.666124 2.086345 -0.426933 1.732292 10.438033 7.234250 -3.100874 6.751962 3.613163 -20.630307 6.755515 -4.642950 -68.457033 3.406696 15.287448 17.460707 -23.747518 -8.140551 -12.641190 -13.415882 1.690958 23.418586 -2.438185 1.063218 67.806182 4.465972 13.776295 -18.638740 27.526274 -17.995127 6.930620 11.122778 -4.597723 
55.846004 50.917366 97.817154 -92.245460 -0.554312 84.684557 -1.265696 -4.147934 -7.070683 -4.363896 3.977048 2.441395 9.845066 12.258820 2.600289 nan nan nan -6.651411 0.224631 1.837494 5.905071 0.861243 50.605724 11.819941 0.333145 4.553729 nan nan nan -5.482224 5.468108 1.481252 1.587546 -1.282156 10.031437 -1.668239 2.054508 -0.440344 1.640523 10.643823 7.213472 -3.129203 6.698456 3.688670 -20.561549 6.688824 -4.802816 -68.217047 2.869429 15.423162 17.356500 -23.931215 -8.434617 -12.428648 -13.333785 1.910081 23.637025 -2.484077 1.028352 67.855869 4.368717 14.044712 -18.679040 27.226934 -17.959001 6.726777 11.090115 -4.771357 
54.962742 50.786346 97.916405 -91.984164 -0.605311 84.333607 -1.585505 -3.846953 -5.805860 -4.359244 3.426670 1.863586 9.873909 12.204140 2.370135 nan nan nan -6.616164 0.346251 0.832865 5.723446 0.623781 52.415864 11.397811 0.386605 4.012857 nan nan nan -5.660954 5.165533 1.991245 1.593284 -1.069972 9.931618 -1.640713 2.053230 -0.433480 1.637467 10.921187 7.228046 -3.276328 6.645013 3.799041 -20.537130 6.638360 -4.997366 -67.991052 2.301549 15.581330 17.267577 -24.024679 -8.807337 -12.446996 -13.462948 2.442514 23.816452 -2.580277 0.991050 67.884909 4.382663 14.236273 -18.731670 26.798445 -17.837781 6.920862 11.046168 -4.641495 
54.079674 50.642010 98.032700 -91.667720 -0.604275 83.931849 -1.864964 -3.640117 -4.478422 -4.319995 2.834222 1.292208 9.927805 12.179527 2.139900 nan nan nan -6.567201 0.439473 -0.009711 5.557207 0.425402 53.928490 11.263854 0.592422 3.637309 nan nan nan -5.690738 4.869253 2.477540 1.558295 -0.944836 9.916877 -1.639437 2.057911 -0.362751 1.546259 11.086341 7.324652 -3.393342 6.658429 3.742179 -20.610119 6.435293 -5.224152 -67.727630 1.719160 15.714038 17.235707 -23.989988 -9.111247 -12.459287 -13.771303 2.975762 23.991085 -2.508846 0.901116 67.869083 4.323300 14.331737 -18.748611 26.380017 -17.614218 7.296424 10.949936 -4.182232 
53.213436 50.474850 98.147247 -91.306635 -0.617594 83.609326 -2.148251 -3.665192 -3.250744 -4.312565 2.236721 0.704843 10.110097 12.308371 2.013059 nan nan nan -6.582635 0.578594 -0.919957 5.475803 0.224395 55.257355 11.265173 0.735390 3.384074 nan nan nan -5.698300 4.575457 2.781543 1.521984 -0.929509 10.139844 -1.676295 2.043605 -0.437557 1.337572 11.237631 7.519422 -3.421299 6.702473 3.630972 -20.711074 6.203053 -5.411256 -67.417572 1.178503 15.840548 17.207425 -24.118752 -9.444004 -12.600524 -14.008570 3.342152 24.122453 -2.334668 0.824821 67.850313 4.209488 14.470646 -18.705945 25.939389 -17.565379 7.538557 10.879162 -3.855181 
52.344955 50.303074 98.264542 -90.868385 -0.568039 83.382548 -2.385712 -3.675643 -2.108145 -4.253458 1.498892 0.109766 10.272728 12.415528 1.905859 nan nan nan -6.536227 0.766814 -1.829413 5.547818 -0.018640 56.295375 11.198857 0.834421 3.032540 nan nan nan -5.674034 4.253776 2.939095 1.537723 -0.934477 10.352040 -1.706495 1.975223 -0.523407 1.106382 11.415444 7.789870 -3.425753 6.823564 3.540739 -20.859856 6.004025 -5.557517 -67.103779 0.753750 15.936451 17.257848 -24.368187 -9.808663 -12.758567 -14.018079 3.667147 24.208502 -2.227241 0.762588 67.849316 4.097987 14.628437 -18.654341 25.479574 -17.541938 7.735865 10.678667 -3.926351 
51.492493 50.137432 98.380669 -90.343549 -0.390607 83.200042 -2.495264 -3.591720 -1.050783 -4.135089 0.729160 -0.427661 10.302371 12.400873 1.777249 nan nan nan -6.349191 0.995830 -2.713930 5.728706 -0.310977 57.043097 11.061010 0.960087 2.767195 nan nan nan -5.513757 3.871137 3.077554 1.604190 -0.948066 10.536783 -1.759771 1.903553 -0.636556 0.831764 11.566946 8.011207 -3.426615 6.937547 3.571493 -20.975534 5.792360 -5.591303 -66.835049 0.224210 16.035741 17.245934 -24.497565 -10.114465 -12.837972 -14.088106 3.907296 24.266817 -2.188845 0.783723 67.851581 4.035359 14.657847 -18.632945 25.047348 -17.468519 7.936633 10.633256 -3.969296 
50.655746 49.960999 98.477890 -89.861148 -0.166751 83.074787 -2.494860 -3.559939 -0.058751 -4.072734 0.028727 -0.979378 10.352856 12.359753 1.658989 nan nan nan -6.127847 1.347066 -3.724513 6.012511 -0.616912 57.710789 10.751779 1.150926 2.611831 nan nan nan -5.237804 3.479700 3.206014 1.656884 -0.899496 10.676334 -1.857043 1.827329 -0.780093 0.594959 11.606118 8.296884 -3.455072 7.001934 3.564436 -21.031634 5.642754 -5.551988 -66.652479 -0.358258 16.144977 17.293972 -24.723319 -10.433211 -12.859174 -14.044214 4.221429 24.233805 -2.219398 0.750004 67.954533 3.947651 14.702973 -18.603239 24.569532 -17.315605 8.204332 10.557795 -3.834317 
49.795021 49.770233 98.567696 -89.370277 -0.004517 82.990460 -2.578327 -3.691372 0.940824 -3.972423 -0.653248 -1.572441 10.472484 12.432794 1.554469 nan nan nan -5.979357 1.669356 -4.704126 6.343808 -0.862775 58.217075 10.414927 1.353056 2.333412 nan nan nan -5.041363 3.149207 3.180851 1.679679 -0.879413 10.834631 -1.907144 1.713284 -0.877725 0.352913 11.633891 8.739168 -3.363763 7.080107 3.453620 -20.989871 5.506340 -5.500996 -66.605296 -0.893048 16.228324 17.427025 -24.942663 -10.796090 -12.903142 -13.977852 4.412427 24.144848 -2.237914 0.729814 68.088172 3.871057 14.710495 -18.512633 24.049463 -17.215959 8.424550 10.496302 -3.658717 
48.933887 49.577892 98.662201 -88.743958 0.173412 82.865121 -2.648925 -3.822337 1.955374 -3.891710 -1.273464 -2.119479 10.538387 12.440983 1.442995 nan nan nan -5.727921 1.791329 -5.549699 6.539875 -1.006921 58.571360 10.290493 1.337228 1.922681 nan nan nan -4.904806 2.817628 3.208167 1.727123 -0.936875 10.966027 -1.901661 1.565235 -0.898004 0.147805 11.767836 9.000468 -3.279018 7.103770 3.475922 -20.916724 5.400142 -5.569412 -66.622689 -1.379320 16.325982 17.557029 -25.274996 -11.320727 -12.899316 -14.084109 4.576804 24.122143 -2.252700 0.711502 68.133809 3.796835 14.719298 -18.460406 23.628075 -17.220703 8.585755 10.359901 -3.524264 
48.095982 49.387314 98.757164 -88.088105 0.421160 82.772824 -2.612347 -3.887082 2.848928 -3.836134 -1.849197 -2.528990 10.543510 12.329909 1.216989 nan nan nan -5.413228 1.882865 -6.438912 6.688652 -1.180775 58.790426 10.243642 1.308681 1.614781 nan nan nan -4.691234 2.425220 3.243303 1.777049 -1.020018 11.018104 -1.889707 1.491304 -0.851640 -0.075358 11.990696 9.186658 -3.251469 7.066670 3.615334 -20.952100 5.241349 -5.696596 -66.558849 -1.839453 16.356803 17.710613 -25.684279 -11.866485 -12.884737 -14.418320 4.956665 24.126177 -2.196804 0.807344 68.152572 3.737225 14.545869 -18.479818 23.264726 -17.287557 8.817995 10.217206 -3.318779 
47.268440 49.206917 98.855400 -87.465643 0.685750 82.694438 -2.483373 -3.862187 3.669652 -3.831772 -2.498882 -2.824104 10.493992 12.242267 0.844955 nan nan nan -5.134194 2.031873 -7.336398 7.013931 -1.275441 58.844633 10.126544 1.407998 1.112920 nan nan nan -4.459490 2.009716 3.335439 1.846293 -1.071298 10.886752 -1.908455 1.429012 -0.742312 -0.215905 12.230290 9.459883 -3.228181 7.059667 3.754014 -20.976508 5.154833 -5.759301 -66.446292 -2.297993 16.356919 17.726692 -26.171222 -12.153631 -12.616970 -14.724098 5.251499 24.128775 -2.189666 0.829101 68.186623 3.620918 14.442407 -18.382662 22.936675 -17.146725 8.649261 10.134453 -3.258974 
46.450668 49.028103 98.943909 -86.816543 0.928798 82.616131 -2.361499 -3.759098 4.437646 -3.825668 -3.140233 -3.045951 10.359579 12.145122 0.422467 nan nan nan -4.833729 2.128259 -8.212089 7.283901 -1.278905 58.769125 9.910215 1.396838 0.432214 nan nan nan -4.297732 1.642774 3.388013 1.963146 -1.121993 10.868290 -1.890374 1.303031 -0.724750 -0.335886 12.352708 9.695118 -3.205545 7.081210 3.980473 -20.994759 5.033147 -5.616319 -66.310190 -2.819179 16.319897 17.701122 -26.772634 -12.460251 -12.271114 -14.892031 5.498379 24.056116 -2.166845 0.919852 68.230068 3.526911 14.344191 -18.267516 22.648980 -17.116331 8.448515 10.203524 -3.475854 
45.623837 48.824238 99.011055 -86.073828 1.116520 82.505207 -2.380782 -3.628683 5.174490 -3.707048 -3.808848 -3.121825 10.188419 11.983155 -0.054690 nan nan nan -4.644381 2.221206 -8.977509 7.350236 -1.455680 58.516055 9.700753 1.299875 -0.161100 nan nan nan -4.182817 1.220811 3.485988 2.037764 -1.199066 10.863612 -1.858470 1.191259 -0.715853 -0.510642 12.482224 9.887408 -3.155378 7.075062 4.166799 -20.980747 5.021709 -5.524377 -66.280046 -3.449797 16.324137 17.785967 -27.250665 -12.979190 -12.334328 -15.016657 5.823254 23.951620 -2.225386 1.084482 68.289059 3.562620 14.171031 -18.140549 22.307688 -17.214920 8.583632 10.215439 -3.604594 
44.813393 48.638588 99.067833 -85.317144 1.245672 82.389500 -2.418208 -3.530573 5.839760 -3.635747 -4.389600 -3.058865 10.012714 11.766898 -0.469338 nan nan nan -4.570173 2.362315 -9.731117 7.355951 -1.764965 58.143386 9.496084 1.242219 -0.459669 nan nan nan -4.172773 0.793012 3.682526 2.105536 -1.250554 10.745835 -1.805871 1.112641 -0.620659 -0.604174 12.606305 9.971021 -3.158568 7.031492 4.332176 -20.899502 5.016243 -5.612209 -66.277272 -3.991521 16.413143 17.835920 -27.700678 -13.396989 -12.353706 -15.345052 6.080081 23.959075 -2.396435 1.042911 68.239967 3.544138 13.989135 -17.938204 21.967525 -17.157040 8.842196 10.242654 -3.209555 
44.025585 48.462109 99.113922 -84.490702 1.379384 82.352748 -2.390795 -3.548872 6.305931 -3.666741 -4.960078 -2.831931 9.853952 11.609830 -0.963398 nan nan nan -4.487579 2.432741 -10.582664 7.366593 -2.003290 57.650516 9.347769 1.043975 -0.677225 nan nan nan -4.261572 0.408399 3.897138 2.266898 -1.345358 10.476849 -1.685323 1.047476 -0.535909 -0.751130 12.581170 10.131731 -3.111114 6.964514 4.570412 -20.887294 4.956975 -5.598699 -66.242058 -4.509158 16.471104 17.818225 -28.196770 -13.713316 -12.267029 -15.763629 6.200551 23.954849 -2.534893 1.042714 68.170499 3.422400 13.742241 -17.814905 21.609197 -17.119442 8.977148 10.495027 -2.921225 
43.256237 48.279293 99.149300 -83.578224 1.542068 82.445297 -2.308759 -3.520906 6.601971 -3.667864 -5.644476 -2.608104 9.639830 11.406671 -1.403727 nan nan nan -4.417639 2.423401 -11.518387 7.440500 -2.185222 56.980362 9.057759 0.844888 -1.084978 nan nan nan -4.290168 0.056339 3.999773 2.442596 -1.466419 10.214224 -1.597614 0.891283 -0.515365 -0.973424 12.521856 10.295824 -2.956406 6.907697 4.745015 -20.981298 4.920482 -5.445856 -66.077193 -5.055984 16.468206 17.818513 -28.887951 -14.189234 -12.208557 -15.928076 6.528561 23.976127 -2.650247 1.053014 68.050878 3.240376 13.494844 -17.684113 21.231844 -17.259379 9.195714 10.741776 -2.984360 
42.462322 48.093361 99.166687 -82.611328 1.764908 82.464196 -2.191156 -3.520700 7.014727 -3.604915 -6.442496 -2.400047 9.503000 11.296825 -1.848531 nan nan nan -4.291443 2.477837 -12.202687 7.465617 -2.434619 56.062803 8.683262 0.615349 -1.599127 nan nan nan -4.184557 -0.342880 4.113757 2.580399 -1.632462 10.156058 -1.615389 0.755471 -0.534597 -1.025801 12.534766 10.239495 -2.886639 6.813909 5.020934 -20.948336 4.993490 -5.395599 -65.973263 -5.645497 16.579933 17.762527 -29.634842 -14.542246 -12.284757 -15.829628 6.820055 24.018396 -2.824426 1.104810 67.975819 3.096628 13.386389 -17.638227 21.155355 -17.380640 9.301418 10.613161 -3.083828 
41.664932 47.885944 99.192146 -81.669941 1.989311 82.346582 -2.136716 -3.584734 7.549522 -3.490259 -7.290076 -2.067335 9.391781 11.322990 -2.365060 nan nan nan -4.152374 2.501307 -12.653630 7.437339 -2.587154 54.963160 8.349490 0.274449 -2.047717 nan nan nan -4.043537 -0.700173 4.297643 2.684002 -1.782130 10.110533 -1.619449 0.710723 -0.380426 -1.031255 12.528123 10.087328 -2.854794 6.757172 5.343185 -20.914142 4.957142 -5.367646 -65.909695 -6.350485 16.733016 17.578451 -30.241143 -14.620293 -11.948565 -15.964491 6.744649 24.075572 -3.000563 1.144148 67.882644 2.971355 13.168010 -17.594708 21.302065 -17.370146 9.094274 10.416869 -3.084525 
40.865257 47.689316 99.230667 -80.829520 2.147423 82.227392 -2.099956 -3.691358 8.071994 -3.483364 -7.921879 -1.713410 9.222893 11.377790 -2.971792 nan nan nan -4.061152 2.465148 -13.146300 7.407619 -2.608439 53.857041 8.109691 -0.137586 -2.403038 nan nan nan -4.066517 -0.958410 4.478971 2.805797 -1.884088 10.100659 -1.505806 0.616974 -0.318512 -1.116040 12.498944 10.125951 -2.841115 6.710664 5.481743 -20.924430 4.900956 -5.360385 -65.790502 -6.885388 16.953746 17.407608 -30.854062 -14.718967 -11.590144 -16.693070 6.198882 24.148752 -3.107904 1.091507 67.724872 2.800371 13.038908 -17.455017 21.186908 -17.301273 8.879817 10.505825 -3.170921 
40.063557 47.494499 99.264282 -79.942959 2.326015 82.186331 -2.021982 -3.808333 8.463110 -3.502217 -8.408087 -1.341764 9.146620 11.308654 -3.503356 nan nan nan -3.972811 2.411456 -13.662900 7.343939 -2.655065 52.646868 7.923861 -0.447768 -2.792407 nan nan nan -4.076936 -1.192900 4.599202 2.947252 -2.019094 10.090606 -1.382915 0.460578 -0.323746 -1.180878 12.387602 10.273137 -2.827413 6.606424 5.524560 -20.981641 4.886611 -5.345544 -65.674610 -7.391890 17.144379 17.398999 -31.558120 -15.072179 -11.558617 -17.352141 5.837172 24.143175 -3.155803 1.048717 67.647845 2.624987 12.989127 -17.327843 20.881629 -17.229755 8.898743 10.572678 -3.270395 
39.302723 47.296062 99.294601 -78.953265 2.516257 82.213193 -1.959994 -3.773785 8.659048 -3.409121 -9.007546 -0.791377 8.965285 11.077452 -4.062179 nan nan nan -3.929312 2.322068 -14.170029 7.174842 -2.840606 51.237271 7.617797 -0.673789 -3.197744 nan nan nan -4.065710 -1.431437 4.669819 3.131471 -2.158659 10.120420 -1.293008 0.313574 -0.339660 -1.225661 12.205668 10.385857 -2.832672 6.470899 5.640149 -21.083539 4.836268 -5.291518 -65.541210 -8.058478 17.303279 17.381139 -32.294143 -15.462117 -11.549159 -17.689793 6.061455 24.145522 -3.273960 0.924318 67.546278 2.342173 12.865892 -17.255852 20.789626 -17.291115 8.998532 10.588235 -3.187311 
38.526760 47.096466 99.315018 -78.022527 2.645270 82.263708 -1.963799 -3.677851 8.887630 -3.240161 -9.695125 -0.259731 8.682752 10.897403 -4.639583 nan nan nan -3.966517 2.255998 -14.644069 7.004103 -3.031365 49.692993 7.355321 -0.970797 -3.485542 nan nan nan -4.106185 -1.669683 4.645523 3.299143 -2.263648 10.152357 -1.236375 0.219652 -0.299968 -1.250123 12.156222 10.437847 -2.748900 6.296035 5.815028 -21.089011 4.827426 -5.146458 -65.467055 -8.721499 17.422423 17.367945 -33.137452 -15.595761 -11.421649 -18.021449 6.460392 24.215318 -3.411503 0.915377 67.416015 2.077555 12.675934 -17.224188 20.810520 -17.242752 9.062630 10.582664 -3.006912 
37.705082 46.889500 99.338654 -77.208968 2.775588 82.193447 -1.942503 -3.763698 9.407087 -3.137648 -10.262452 0.042948 8.481092 10.867877 -5.176409 nan nan nan -4.033344 2.391945 -14.854205 6.857042 -3.280841 47.933063 7.146893 -1.346898 -3.654542 nan nan nan -4.107315 -1.775494 4.642839 3.430558 -2.308051 10.282710 -1.155560 0.073267 -0.274503 -1.317198 12.070733 10.529676 -2.654882 6.083846 5.941981 -21.069940 4.727780 -4.953184 -65.432914 -9.274179 17.620595 17.498753 -33.992935 -15.817696 -11.376607 -18.359893 6.521795 24.239698 -3.465951 0.904458 67.346677 1.744460 12.574479 -17.226708 20.826173 -17.291621 8.998826 10.548445 -3.141611 
36.891312 46.697693 99.354691 -76.449276 2.942324 82.095016 -1.859414 -3.975379 9.993855 -3.075512 -10.663937 0.219778 8.229277 10.935856 -5.802795 nan nan nan -3.986339 2.575894 -15.002830 6.679133 -3.334478 46.040464 7.144971 -1.691633 -3.810985 nan nan nan -4.094813 -1.847601 4.723618 3.571190 -2.366951 10.323480 -1.032098 -0.013529 -0.202169 -1.377889 11.924186 10.633614 -2.593474 5.885093 6.095013 -21.066540 4.627522 -4.908126 -65.446483 -9.790415 17.915904 17.595397 -34.660345 -16.179551 -11.406974 -18.557177 6.449927 24.210524 -3.501895 0.880865 67.328139 1.423635 12.554754 -17.306462 20.788742 -17.367621 9.083139 10.435650 -3.357724 
36.102215 46.533924 99.347290 -75.757765 3.062402 82.103878 -1.797149 -4.144244 10.402822 -3.039001 -11.074911 0.499917 8.019619 10.976927 -6.367919 nan nan nan -3.875969 2.763671 -15.344515 6.457874 -3.167725 44.197981 7.324105 -2.021678 -3.884078 nan nan nan -4.182652 -1.878751 4.678758 3.712591 -2.409425 10.416179 -0.879129 -0.050860 -0.137690 -1.440518 11.776376 10.731512 -2.432736 5.589925 6.175702 -21.030677 4.548747 -4.963412 -65.483751 -10.299370 18.210717 17.646999 -35.282059 -16.467952 -11.458196 -18.705720 6.221801 24.251319 -3.559513 0.975891 67.283776 1.301539 12.433918 -17.355282 20.668684 -17.343651 9.123312 10.295350 -3.305299 
35.311775 46.358433 99.324150 -75.075022 3.160876 82.161531 -1.763863 -4.320811 10.731847 -2.981126 -11.497219 0.842545 7.806525 10.901393 -6.791070 nan nan nan -3.836812 2.888540 -15.674428 6.223504 -3.025371 42.222637 7.337290 -2.244063 -3.663880 nan nan nan -4.282212 -1.884858 4.526522 3.879228 -2.441304 10.717921 -0.791261 -0.102957 -0.259733 -1.412517 11.610585 10.888399 -2.320513 5.228812 6.218717 -20.977522 4.606676 -5.023542 -65.504301 -10.829480 18.691871 17.582043 -35.989744 -16.520899 -11.243322 -18.888479 6.012469 24.321995 -3.682924 1.015376 67.203415 1.147601 12.523323 -17.297527 20.486693 -17.355996 8.904601 10.353119 -3.547092 
34.531891 46.163879 99.291245 -74.402214 3.219106 82.214366 -1.752606 -4.391644 11.042313 -2.955309 -11.838337 1.165158 7.627867 10.803080 -7.318165 nan nan nan -3.857292 2.945098 -15.901484 6.001408 -2.779344 40.051737 7.094690 -2.416810 -3.476118 nan nan nan -4.368740 -1.893282 4.431354 4.043927 -2.476510 10.946622 -0.750010 -0.153040 -0.357751 -1.362282 11.453056 10.993219 -2.273831 4.948641 6.343310 -20.913377 4.589808 -4.947446 -65.417084 -11.326788 19.198883 17.535206 -36.819305 -16.572675 -10.990805 -19.151583 5.767712 24.388520 -3.795780 0.987486 67.165910 0.939753 12.691813 -17.354580 20.338685 -17.445012 8.729003 10.401003 -3.788438 
33.745857 45.954830 99.258011 -73.708316 3.203492 82.236324 -1.790322 -4.207705 11.424169 -2.894582 -12.301257 1.407179 7.430034 10.655545 -7.737222 nan nan nan -3.979079 2.918413 -16.009318 5.873208 -2.410164 37.804567 6.911082 -2.601933 -3.438282 nan nan nan -4.536962 -1.941842 4.367022 4.181718 -2.536013 11.052095 -0.695431 -0.171412 -0.336788 -1.309723 11.299597 11.154633 -2.200995 4.759490 6.494901 -20.886659 4.559645 -4.694153 -65.242000 -11.932209 19.523318 17.496003 -37.640999 -16.567312 -10.749789 -19.294887 5.591417 24.498071 -3.880376 1.134391 67.092775 0.848593 12.738537 -17.494682 20.365599 -17.335324 8.833618 10.135680 -3.821886 
32.971577 45.744186 99.221985 -72.977854 3.223853 82.245015 -1.751590 -4.039842 11.801403 -2.848982 -12.836973 1.670878 7.227849 10.377395 -8.200384 nan nan nan -4.083907 2.926426 -16.064787 5.712101 -2.107360 35.504252 6.801128 -2.738507 -3.238467 nan nan nan -4.653686 -2.025289 4.440397 4.303677 -2.624657 11.070770 -0.647193 -0.176400 -0.343125 -1.263679 11.193507 11.237542 -2.186551 4.495050 6.615469 -20.872242 4.672673 -4.563075 -65.178584 -12.541962 19.790720 17.425986 -38.359134 -16.662299 -10.689545 -19.449341 5.466689 24.533164 -3.992843 1.273441 67.057394 0.790730 12.785399 -17.495782 20.382878 -17.311844 8.967694 9.987939 -3.989772 
32.201447 45.537472 99.173958 -72.296696 3.335902 82.292816 -1.574923 -3.934646 12.149837 -2.809672 -13.251702 1.914326 6.933455 10.025410 -8.855652 nan nan nan -4.055220 2.907784 -16.122385 5.386595 -1.896620 33.103111 6.845580 -2.743361 -2.796629 nan nan nan -4.620728 -2.085682 4.484622 4.433214 -2.696003 11.102431 -0.634837 -0.156779 -0.386681 -1.238600 11.160583 11.381072 -2.165118 4.133608 6.695546 -20.872465 4.711184 -4.499499 -65.190768 -13.013282 20.060335 17.466474 -39.075120 -16.744718 -10.829437 -19.546720 5.648723 24.527645 -3.982584 1.484662 67.054257 0.702719 12.702657 -17.442658 20.337352 -17.444116 9.009734 9.930881 -4.089194 
31.445194 45.326340 99.116837 -71.580091 3.364709 82.380176 -1.529078 -3.916160 12.486954 -2.704761 -13.700645 2.089104 6.685891 9.844157 -9.303877 nan nan nan -4.138222 2.857315 -16.169746 5.091226 -1.618377 30.557249 6.903755 -2.672820 -2.320911 nan nan nan -4.714136 -2.126373 4.485015 4.578584 -2.766580 11.113161 -0.589059 -0.129786 -0.423700 -1.205125 10.947769 11.618222 -2.131511 3.876605 6.828575 -20.886417 4.766606 -4.271404 -65.137342 -13.596856 20.283640 17.338091 -39.906218 -16.647756 -10.716872 -19.467715 5.940248 24.520924 -4.039109 1.703967 67.050926 0.664838 12.554380 -17.366023 20.223627 -17.355227 9.030280 9.814229 -3.609849 
30.679455 45.111080 99.051544 -70.916091 3.301669 82.553675 -1.564661 -3.935644 12.763248 -2.623245 -14.075385 2.190315 6.450694 9.686170 -9.646203 nan nan nan -4.338619 2.935857 -16.254706 4.861162 -1.278974 27.981307 7.041004 -2.560930 -1.943995 nan nan nan -4.913232 -2.151211 4.337002 4.690308 -2.794863 11.147651 -0.524138 -0.097446 -0.476730 -1.105240 10.683512 11.870500 -2.113905 3.619067 6.986392 -20.888522 4.875787 -4.089031 -65.045552 -14.131511 20.529224 17.181247 -40.664046 -16.749633 -10.774032 -19.570645 5.966290 24.549198 -4.193120 1.807008 67.026078 0.556902 12.524704 -17.354514 20.098770 -17.137747 9.343874 9.609497 -2.994974 
29.883974 44.899490 98.989845 -70.358069 3.254619 82.760972 -1.497124 -3.918269 13.069368 -2.612524 -14.351858 2.149708 6.198675 9.387116 -9.936485 nan nan nan -4.461922 2.928936 -16.315079 4.521885 -0.940015 25.297399 7.313494 -2.364117 -1.175096 nan nan nan -5.086947 -2.141916 4.012448 4.823340 -2.805799 11.334229 -0.483502 -0.086957 -0.584576 -1.061082 10.518649 12.165359 -1.998330 3.342688 7.057283 -20.920065 4.945257 -4.011972 -64.983374 -14.490826 20.849251 17.265141 -41.289672 -17.092515 -10.780873 -19.806212 5.629205 24.659365 -4.337590 1.889462 66.906727 0.477355 12.584719 -17.270328 19.983906 -17.112938 9.502868 9.323050 -2.947902 
29.117813 44.672012 98.924263 -69.741845 3.225741 82.819468 -1.411198 -3.837038 13.534153 -2.589109 -14.692826 2.107905 6.030443 9.058981 -10.160570 nan nan nan -4.557565 2.770060 -16.151419 4.095392 -0.723396 22.477015 7.510537 -2.177300 0.080585 nan nan nan -5.142922 -2.114532 3.980317 4.915095 -2.847364 11.408143 -0.475102 -0.140554 -0.663501 -1.004600 10.440893 12.315764 -2.059148 3.084075 7.207501 -20.945111 4.989236 -3.960082 -64.959872 -14.852375 21.118319 17.380285 -41.872415 -17.219293 -10.750174 -19.932007 5.570323 24.674118 -4.453040 1.971122 66.871419 0.484854 12.574550 -17.112700 19.778596 -17.109401 9.722023 9.207729 -2.825494 
28.365660 44.456516 98.831612 -69.053079 3.278635 82.797033 -1.126071 -3.705552 14.041316 -2.721725 -15.041778 2.107381 5.933778 8.644729 -10.430431 nan nan nan -4.587848 2.569342 -15.886224 3.738408 -0.433728 19.697089 7.815677 -2.036178 1.384682 nan nan nan -5.064091 -2.091360 4.226994 4.952303 -2.887761 11.153356 -0.488076 -0.206971 -0.482624 -0.853402 10.337930 12.149911 -2.234970 2.736136 7.472811 -20.935635 5.057309 -3.971708 -64.983454 -15.239875 21.363908 17.431659 -42.486257 -17.255026 -10.742099 -20.069701 5.317440 24.700148 -4.561284 1.959724 66.901459 0.386950 12.564794 -17.157505 19.736124 -16.773223 10.010979 8.929094 -2.269592 
27.568481 44.229610 98.737694 -68.347539 3.295060 82.921547 -0.890465 -3.583495 14.412132 -2.768727 -15.342347 2.118803 5.768397 8.174333 -10.795916 nan nan nan -4.652123 2.280757 -15.748253 3.371402 -0.081134 16.980853 8.073159 -1.890036 2.752066 nan nan nan -5.063594 -2.112462 4.148896 5.029359 -2.940174 11.077982 -0.509801 -0.246731 -0.382518 -0.721777 10.170064 12.162117 -2.254997 2.383416 7.694508 -21.002356 5.126446 -3.929183 -64.895452 -15.540805 21.658007 17.465145 -43.127450 -17.388346 -10.586265 -20.387152 4.880927 24.807915 -4.719222 1.963030 66.867259 0.223592 12.650464 -17.207097 19.862513 -16.373978 9.937164 8.586504 -1.825478 
26.761751 43.990871 98.639267 -67.779867 3.194594 83.179062 -0.852894 -3.526440 14.684861 -2.743214 -15.614975 2.104596 5.605907 7.869234 -11.115965 nan nan nan -4.837109 2.064546 -15.763022 3.033662 0.269025 14.290859 8.349128 -1.768683 4.206922 nan nan nan -5.216386 -2.104215 3.764529 5.168034 -2.975288 11.344162 -0.546090 -0.244746 -0.564766 -0.704475 9.949287 12.522805 -2.167181 2.122152 7.583959 -21.131464 5.221142 -3.733512 -64.714836 -15.837601 21.923423 17.529501 -43.833505 -17.470449 -10.394181 -20.370441 4.670972 24.876463 -4.836500 2.095993 66.878640 0.164064 12.742686 -17.194355 19.759043 -16.196156 9.683800 8.327256 -1.879574 
25.954069 43.736912 98.522682 -67.238101 3.037912 83.394039 -0.895913 -3.452695 15.016922 -2.680958 -15.865451 2.047754 5.461249 7.590537 -11.361794 nan nan nan -5.133746 1.846180 -15.682973 2.753896 0.482465 11.581677 8.881381 -1.547831 5.658569 nan nan nan -5.345295 -2.021989 3.430813 5.203091 -3.025547 11.498299 -0.650405 -0.238335 -0.698115 -0.583237 9.811810 12.860604 -1.965994 1.859138 7.598812 -21.078116 5.289591 -3.430217 -64.614400 -16.176054 22.219397 17.607257 -44.429838 -17.536865 -9.897328 -20.433470 4.465539 25.064545 -4.862647 2.304642 66.824794 0.083312 12.785817 -17.164119 19.538454 -16.365786 9.477527 8.346291 -2.192253 
25.173132 43.471649 98.389252 -66.694725 2.855162 83.647149 -0.962018 -3.370407 15.231856 -2.609046 -15.920517 2.072410 5.332482 7.226617 -11.611379 nan nan nan -5.425498 1.337860 -15.704664 2.480240 0.624188 9.044712 9.454550 -1.092797 7.181582 nan nan nan -5.439921 -1.804433 3.077195 5.174655 -3.079050 11.493980 -0.736980 -0.272934 -0.634868 -0.372769 9.584041 13.023142 -1.828202 1.633518 7.690697 -20.947708 5.289104 -3.135150 -64.636164 -16.607211 22.476572 17.634097 -44.841126 -17.693568 -9.717734 -20.656934 4.262808 25.254264 -5.011161 2.276531 66.715419 -0.059589 12.804601 -17.046208 19.411666 -16.453572 9.498279 8.377957 -2.144850 
24.400023 43.210194 98.255669 -66.208804 2.684000 83.896754 -0.922160 -3.243538 15.484598 -2.649738 -15.926081 2.005725 5.190523 6.801395 -11.819920 nan nan nan -5.628764 0.674047 -15.797499 2.263077 0.781636 6.776717 9.972511 -0.611042 8.345804 nan nan nan -5.537229 -1.615834 2.673186 5.185796 -3.101642 11.636262 -0.745919 -0.317921 -0.582551 -0.271352 9.334669 13.096598 -1.863758 1.369451 7.709468 -20.909684 5.147179 -2.953902 -64.694007 -16.865971 22.623799 17.847904 -45.145649 -18.044761 -9.801721 -20.871667 4.151205 25.213069 -5.139201 2.233461 66.795104 -0.094721 12.640256 -16.982283 19.309890 -16.368757 9.620671 8.276318 -1.718980 
23.597515 42.945244 98.134735 -65.676304 2.585618 84.076393 -0.756315 -3.035345 15.839395 -2.686619 -16.263151 1.952440 4.896063 6.381275 -12.042337 nan nan nan -5.822731 0.194585 -15.737179 2.199481 0.704427 4.580663 10.334819 -0.130325 9.007031 nan nan nan -5.582495 -1.654525 2.312214 5.241367 -3.126681 11.794236 -0.804400 -0.293181 -0.506276 -0.318915 9.220985 13.322687 -1.788125 1.195539 7.500404 -20.957041 5.106716 -2.824927 -64.659256 -17.115181 22.741121 18.016550 -45.414611 -18.118411 -9.977139 -20.966717 4.130954 25.123787 -5.256367 2.334979 66.894791 0.033302 12.339146 -16.860722 19.150984 -16.158181 9.839763 8.202876 -1.416094 
22.775816 42.678352 98.024925 -65.143504 2.616510 84.238227 -0.464309 -2.845351 16.172813 -2.725264 -16.769093 2.031942 4.545989 6.060489 -12.287481 nan nan nan -5.980711 0.030356 -15.592234 2.331557 0.523015 2.424741 10.560488 0.001271 9.405091 nan nan nan -5.509551 -1.750589 2.012870 5.324004 -3.120891 11.860832 -0.858245 -0.266615 -0.423238 -0.427039 9.113991 13.557280 -1.696571 1.080682 7.347542 -21.080803 5.174019 -2.680882 -64.618254 -17.389478 22.779707 18.027360 -45.713880 -18.152455 -10.160739 -21.081889 4.103222 25.040488 -5.398716 2.400126 66.909878 0.120503 11.989065 -16.670029 19.059183 -16.005633 10.189548 8.309937 -1.357370 
21.967686 42.405071 97.914467 -64.670717 2.622975 84.424773 -0.240637 -2.688308 16.421952 -2.755985 -17.186289 2.228832 4.288998 5.802235 -12.648943 nan nan nan -6.190886 -0.216889 -15.454725 2.583873 0.312396 0.408345 11.058349 0.165847 9.578378 nan nan nan -5.441235 -1.791658 1.725335 5.387450 -3.086678 11.910648 -0.865611 -0.294152 -0.392721 -0.463874 8.915241 13.683126 -1.663582 0.912983 7.431829 -21.248500 5.300788 -2.570020 -64.630400 -17.576042 22.774779 17.991982 -46.031069 -18.327089 -10.150902 -21.126105 4.229135 24.954421 -5.427745 2.535403 66.864240 0.152563 11.639594 -16.474657 19.047612 -16.223907 10.362923 8.442075 -1.358035 
21.152538 42.136539 97.793968 -64.223635 2.566492 84.586945 -0.086164 -2.519488 16.710567 -2.766099 -17.562916 2.395536 4.060095 5.546603 -13.004239 nan nan nan -6.446870 -0.602645 -15.339055 2.925803 -0.026112 -1.262512 11.703407 0.508328 9.389474 nan nan nan -5.415431 -1.868254 1.491257 5.370935 -3.058956 11.938202 -0.838916 -0.307420 -0.410104 -0.574660 8.910394 13.845870 -1.597480 0.743564 7.399917 -21.393926 5.481705 -2.591118 -64.576735 -17.608213 22.832956 17.822956 -46.235568 -18.083790 -9.894303 -21.396611 4.312388 24.885610 -5.307933 2.886559 66.856317 0.246840 11.391743 -16.319118 18.950742 -16.384345 10.095467 8.575218 -1.268650 
20.328766 41.863087 97.664932 -63.679820 2.542675 84.731261 0.117832 -2.389890 17.008739 -2.762267 -17.934453 2.589245 3.731586 5.213183 -13.397567 nan nan nan -6.685827 -0.970374 -15.252871 3.295766 -0.504884 -2.517531 12.213312 0.781704 8.688679 nan nan nan -5.318367 -1.988946 1.316662 5.364019 -3.059496 11.940740 -0.833548 -0.308962 -0.380153 -0.658171 8.814920 13.932679 -1.589520 0.649993 7.346416 -21.538203 5.657617 -2.587757 -64.553549 -17.703257 22.782208 17.666485 -46.362545 -17.971888 -10.138825 -21.495892 4.810679 24.876005 -5.263361 3.073687 66.796847 0.278477 11.139830 -16.237199 18.951965 -16.407220 10.273155 8.642699 -0.792915 
19.507479 41.589024 97.545204 -63.156021 2.555881 84.773192 0.330298 -2.286048 17.442437 -2.705419 -18.418743 2.717690 3.505881 4.958363 -13.772622 nan nan nan -6.878477 -1.240031 -15.089421 3.631139 -0.779843 -3.489688 12.538409 0.951936 7.800349 nan nan nan -5.140169 -2.087796 1.320284 5.330183 -3.074247 11.899801 -0.884068 -0.308345 -0.354018 -0.669400 8.729363 13.852822 -1.587078 0.557240 7.446478 -21.588655 5.801955 -2.573659 -64.614456 -17.759455 22.747844 17.602140 -46.424148 -18.026792 -10.398578 -21.567427 5.160054 24.955412 -5.237617 3.170079 66.672808 0.315435 10.949896 -16.182791 18.912689 -16.523184 10.594193 8.813247 -0.557826 
18.699541 41.337109 97.429535 -62.753539 2.488298 84.762186 0.411778 -2.235329 17.911932 -2.671002 -18.883370 2.851073 3.377539 4.856270 -14.037694 nan nan nan -7.068401 -1.478505 -15.014372 3.855145 -0.675920 -4.053594 12.775869 1.270089 6.999900 nan nan nan -5.088652 -2.091035 1.332948 5.289945 -3.057370 12.037539 -0.928991 -0.321960 -0.399628 -0.661660 8.644178 13.596171 -1.520921 0.489188 7.695508 -21.649694 5.938343 -2.569464 -64.598350 -17.859463 22.862203 17.558869 -46.392851 -17.997930 -10.337211 -21.687273 5.247974 25.077008 -5.274925 3.149799 66.527859 0.416535 10.966742 -16.073182 18.783252 -16.648702 10.645066 8.902657 -0.653936 
17.889753 41.102310 97.316795 -62.369626 2.378618 84.787590 0.422565 -2.318643 18.274526 -2.707625 -19.317165 3.109543 3.232872 4.850854 -14.205422 nan nan nan -7.219316 -1.631511 -15.127212 3.937557 -0.403556 -4.130851 13.024448 1.607400 6.372654 nan nan nan -5.157213 -2.014161 1.280207 5.303150 -3.014729 12.298606 -0.913854 -0.360782 -0.533263 -0.660741 8.511926 13.385038 -1.530186 0.421765 7.880127 -21.719893 5.937439 -2.487629 -64.660870 -17.956229 22.843074 17.587574 -46.265004 -18.240889 -10.400386 -21.735015 5.444710 25.184785 -5.319836 3.121733 66.359656 0.483545 10.841998 -15.934331 18.768683 -16.765682 10.762052 8.895969 -0.389596 
17.064421 40.874352 97.211288 -61.985199 2.321984 84.806444 0.496485 -2.445742 18.614512 -2.751198 -19.681940 3.418130 3.026424 4.848014 -14.367643 nan nan nan -7.226778 -1.634957 -15.404974 3.852193 -0.076126 -3.661926 13.178235 1.786755 5.935966 nan nan nan -5.189087 -2.036707 1.244571 5.311049 -2.944861 12.510519 -0.874839 -0.410333 -0.623074 -0.647088 8.523786 13.253149 -1.658504 0.429985 7.873010 -21.742754 5.994681 -2.546171 -64.822756 -17.876439 22.753763 17.613456 -46.107536 -18.608754 -10.516336 -21.605935 5.887316 25.203995 -5.340871 3.131280 66.252271 0.656951 10.740695 -15.802165 18.705540 -16.862038 10.846766 8.870519 -0.069020 
16.236698 40.660732 97.115082 -61.727471 2.296098 84.848500 0.607899 -2.589174 18.946761 -2.852892 -19.965819 3.724142 2.878466 4.866733 -14.569303 nan nan nan -7.145305 -1.371362 -15.840818 3.691318 0.232609 -2.873281 13.076668 1.839574 5.896131 nan nan nan -5.164357 -2.109563 1.173478 5.317695 -2.799534 12.646467 -0.899309 -0.417491 -0.601908 -0.659676 8.573641 13.168368 -1.649153 0.426910 7.721268 -21.780897 6.098773 -2.682503 -64.797998 -17.681030 22.749312 17.623248 -46.029506 -18.499164 -10.313543 -21.606580 5.983582 25.296014 -5.257718 3.096089 66.116749 0.807143 10.799464 -15.674918 18.475350 -16.889210 10.743641 9.001132 -0.049547 
15.392141 40.444065 97.016960 -61.518128 2.334746 84.885304 0.826261 -2.765719 19.327664 -3.060906 -20.300794 3.969440 2.809933 5.009549 -14.702403 nan nan nan -7.054184 -0.882805 -16.302764 3.601397 0.445513 -1.863649 12.872062 1.742107 6.139422 nan nan nan -5.080126 -2.158734 1.152214 5.373667 -2.618784 12.677822 -0.910986 -0.413078 -0.564056 -0.703904 8.508736 13.104749 -1.628204 0.352298 7.615672 -21.815235 6.047490 -2.684616 -64.671944 -17.446163 22.801861 17.583961 -45.883747 -18.079828 -9.808244 -21.640464 5.323229 25.320217 -5.135187 3.031321 66.012881 0.742377 10.855532 -15.606266 18.471542 -16.737240 10.419459 9.019025 -0.458265 
14.544966 40.205864 96.948204 -61.254165 2.374017 84.899951 0.993604 -2.915203 19.699719 -3.213378 -20.736205 4.309602 2.700333 5.172107 -14.916936 nan nan nan -6.981679 -0.426495 -16.776770 3.599714 0.640134 -0.598202 12.623653 1.601502 6.372383 nan nan nan -4.996035 -2.285523 1.237982 5.468111 -2.515664 12.776528 -0.960973 -0.388175 -0.785808 -0.683935 8.505210 13.164536 -1.651968 0.231506 7.486025 -21.897336 6.127081 -2.623896 -64.637876 -17.209488 22.808929 17.687886 -45.549778 -17.802174 -9.628957 -21.775170 4.842381 25.348419 -5.077184 3.082224 65.954447 0.710849 10.933061 -15.756054 18.501888 -16.510900 10.198637 9.077918 -0.829709 
13.705338 39.966492 96.879974 -60.983610 2.381234 84.984654 1.088238 -2.999850 19.871897 -3.290501 -20.942177 4.886733 2.632732 5.148220 -15.191310 nan nan nan -6.886738 -0.107446 -17.311806 3.611515 0.949057 0.748602 12.437271 1.660428 6.520690 nan nan nan -4.957885 -2.466698 1.215099 5.546455 -2.462696 12.935228 -1.019107 -0.384678 -0.983114 -0.467561 8.657450 13.141470 -1.881755 0.194490 7.623454 -21.921719 6.318288 -2.646175 -64.795718 -16.896562 22.746045 18.003543 -45.129567 -17.924862 -10.000995 -21.719571 5.026464 25.413578 -4.958392 3.172123 65.900619 0.845067 11.171866 -16.013584 18.402029 -16.489866 10.334151 9.010040 -0.939660 
12.848948 39.719707 96.832314 -60.824916 2.410408 85.096380 1.216078 -2.965699 20.017974 -3.324762 -21.115971 5.465521 2.446764 4.989586 -15.375853 nan nan nan -6.708081 0.192152 -17.823081 3.627326 1.401668 2.124329 12.394279 1.991698 6.593850 nan nan nan -4.835378 -2.611284 1.060626 5.591513 -2.312799 13.014588 -1.056214 -0.388935 -0.958613 -0.438014 8.724914 13.005186 -2.075352 0.147587 7.766131 -22.029993 6.385265 -2.710110 -64.937373 -16.507682 22.547844 18.403153 -44.665724 -18.222845 -10.403668 -21.540050 5.322153 25.523775 -4.853436 3.248373 65.743038 1.067246 11.148955 -16.130835 18.282692 -16.553266 10.542422 8.995440 -0.625771 
11.964192 39.461243 96.797585 -60.616604 2.497622 85.152353 1.424024 -2.977075 20.218961 -3.439795 -21.486687 6.077670 2.177683 4.999388 -15.410404 nan nan nan -6.475047 0.529633 -18.180496 3.666807 1.893399 3.495370 12.276004 2.166982 6.639597 nan nan nan -4.664417 -2.711058 0.926382 5.688127 -2.241774 13.059437 -1.016455 -0.387302 -0.707570 -0.047589 9.281040 13.223075 -2.420849 0.793426 7.467064 -22.268868 6.313884 -3.050060 -65.027633 -15.975742 22.313763 18.651636 -44.152535 -18.303847 -10.289839 -21.513527 5.341273 25.436484 -4.756295 2.936907 65.650087 1.068072 11.132602 -16.104984 18.244827 -16.509252 10.400051 9.103779 -0.707652 
11.073250 39.193451 96.754646 -60.255713 2.578272 85.135341 1.674617 -3.071393 20.536506 -3.563844 -21.815000 6.633043 1.942589 4.871552 -15.441802 nan nan nan -6.315911 0.863567 -18.283813 3.770045 2.377270 4.724428 12.263357 2.245470 6.745211 nan nan nan -4.451852 -2.900451 0.964801 5.706062 -2.234399 13.020933 -1.075037 -0.400267 -0.637120 -0.065447 9.435615 13.186715 -2.454761 0.816057 7.324106 -22.265267 6.271991 -3.118789 -65.130567 -15.533728 22.196905 18.850751 -43.472330 -18.005923 -9.883719 -21.607513 5.264284 25.414033 -4.668948 2.878402 65.553472 1.111752 11.114488 -16.020117 18.216905 -16.331415 10.078608 9.280471 -0.967725 
10.169385 38.925705 96.712219 -59.899628 2.614828 85.166951 1.867464 -3.114703 20.773214 -3.622296 -22.049040 7.252518 1.699764 4.620222 -15.457733 nan nan nan -6.209228 1.109789 -18.408398 3.951156 2.913187 5.917116 12.546805 2.509070 7.303552 nan nan nan -4.273049 -3.092702 1.041209 5.684605 -2.186434 12.880197 -1.197624 -0.396859 -0.774164 -0.668260 9.009696 12.846085 -2.079752 0.312939 7.408688 -22.180399 6.266809 -2.827070 -65.114891 -15.143876 22.161410 18.953088 -42.788420 -17.465612 -9.728243 -21.669305 4.934837 25.538896 -4.740099 3.058211 65.365200 1.230576 10.967843 -15.876171 18.203386 -16.041871 9.842165 9.408002 -1.129058 
9.227912 38.647224 96.695374 -59.565199 2.656664 85.155238 2.005963 -3.169841 21.009524 -3.686551 -22.312209 8.007729 1.419935 4.459512 -15.402246 nan nan nan -6.048577 1.373836 -18.371712 4.039098 3.259262 6.848800 12.850575 2.915670 8.424175 nan nan nan -4.133748 -3.216664 1.047469 5.773512 -2.145301 12.846817 -1.179287 -0.449529 -0.555390 -0.283732 9.657490 13.071604 -2.475093 1.194002 7.360719 -22.390335 6.191032 -3.144367 -65.055968 -14.467799 22.095290 18.908823 -42.123478 -17.183253 -9.549636 -21.793231 4.698113 25.527183 -4.767951 2.597123 65.199192 1.113744 11.097530 -15.825813 18.190607 -15.913010 9.634245 9.627902 -1.386918 
8.285599 38.364262 96.680565 -59.251532 2.678597 85.193043 2.034432 -3.457301 21.181714 -3.835372 -22.470833 8.805458 1.194845 4.530733 -15.296405 nan nan nan -6.022444 1.860827 -18.284194 4.171053 3.481903 7.535116 13.062818 3.188868 9.669138 nan nan nan -3.965083 -3.302231 0.762935 5.830937 -2.106928 13.085183 -1.236377 -0.484366 -0.522379 -0.267409 9.709444 13.080327 -2.687929 1.347992 7.342620 -22.587211 6.094790 -3.047718 -64.987588 -14.136494 21.799927 18.821402 -41.280270 -17.134694 -9.313927 -21.785996 5.030604 25.620801 -4.686292 2.522499 64.990976 1.121100 10.866446 -15.812581 18.255876 -16.009564 9.708173 9.850775 -1.360792 
7.344906 38.073387 96.679626 -58.932108 2.714218 85.280723 2.062256 -3.722760 21.250765 -3.978139 -22.584139 9.666312 1.011904 4.637782 -15.146130 nan nan nan -6.028401 2.314663 -18.258574 4.402226 3.851921 8.277099 13.018549 3.256549 10.464166 nan nan nan -3.736661 -3.435615 0.396768 5.839599 -2.091879 13.422094 -1.332520 -0.521163 -0.589697 -0.359470 9.628168 12.877355 -2.773401 1.289932 7.510451 -22.721019 6.158694 -3.034398 -64.983748 -13.815571 21.531450 18.635551 -40.282640 -16.888277 -9.208808 -21.639886 5.433457 25.692979 -4.668580 2.549753 64.833161 1.291164 10.653796 -15.711453 18.181749 -16.095427 9.550812 10.088580 -0.946661 
6.381786 37.763378 96.723457 -58.556958 2.803009 85.322387 2.171099 -3.965507 21.272160 -4.187088 -22.764532 10.683803 0.661482 4.650980 -14.824601 nan nan nan -5.915555 2.623905 -18.241069 4.577092 4.153809 9.292908 12.663576 3.248456 10.587001 nan nan nan -3.460025 -3.618560 0.165302 5.849638 -2.098634 13.697390 -1.380758 -0.568100 -0.702033 -0.370158 9.545018 12.743713 -2.968499 1.275047 7.804108 -22.906022 6.171884 -3.100694 -64.983768 -13.293167 21.381232 18.665682 -39.257685 -16.754820 -9.196996 -21.288199 5.675664 25.705646 -4.578953 2.475101 64.700364 1.293207 10.645091 -15.695312 18.114997 -16.293029 9.173585 10.062145 -0.842083 
5.411596 37.431446 96.800110 -58.121242 3.003001 85.333217 2.492211 -4.110687 21.209216 -4.486961 -22.923926 11.908690 0.135605 4.501597 -14.393746 nan nan nan -5.653959 2.872319 -18.110658 4.596856 4.068074 10.274752 12.007732 2.995369 10.363062 nan nan nan -3.058323 -3.822921 0.036108 5.881886 -2.116366 13.762368 -1.388938 -0.646469 -0.747231 -0.453900 9.463955 12.848375 -3.136057 1.278048 7.859148 -23.086478 6.077706 -3.029712 -65.024053 -12.762988 21.249477 18.788595 -38.056902 -16.781729 -9.038915 -20.712736 5.569932 25.618371 -4.479413 2.350444 64.576665 1.188055 10.697293 -15.696085 18.089295 -16.198053 8.813646 10.093289 -1.174089 
4.444808 37.076038 96.871300 -57.752223 3.185426 85.352961 2.767915 -4.255139 21.049615 -4.899180 -23.068378 13.343601 -0.360573 4.353255 -14.027230 nan nan nan -5.419677 3.031173 -17.987116 4.607447 3.653121 11.214307 11.153071 2.326136 10.035317 nan nan nan -2.581635 -3.976908 -0.167517 5.848357 -2.130374 13.741009 -1.484244 -0.673545 -0.668595 -0.578248 9.398496 12.929442 -3.142172 1.396033 7.883068 -23.148461 6.039600 -2.872523 -65.149190 -12.408981 21.092076 18.725425 -36.716885 -16.527035 -9.080339 -20.204014 4.925420 25.599784 -4.440486 2.336803 64.419953 1.211328 10.545665 -15.633149 18.105645 -16.039181 8.664580 10.093409 -1.569693 
3.455965 36.717293 96.970840 -57.530967 3.333198 85.283055 2.916919 -4.508511 21.021807 -5.347860 -23.018534 14.726156 -0.890441 4.280994 -13.517850 nan nan nan -5.159736 3.255493 -17.770758 4.541439 3.172074 12.149515 10.337456 1.631861 9.745510 nan nan nan -2.143120 -4.073733 -0.337597 5.796550 -2.085556 13.983184 -1.583606 -0.703661 -0.847866 -0.706086 9.383664 12.950267 -3.190541 1.395298 7.951442 -23.161630 6.176590 -2.726955 -65.371567 -12.130997 20.923231 18.570050 -35.308796 -16.340885 -9.376535 -20.023253 4.659970 25.566631 -4.470409 2.443698 64.317024 1.371428 10.390366 -15.542387 18.022585 -16.004919 8.392818 10.294732 -1.845246 
2.477406 36.371483 97.097572 -57.340661 3.539329 85.247121 3.118140 -4.784189 20.838186 -5.804372 -22.780496 16.213000 -1.426238 4.263603 -12.694398 nan nan nan -4.889461 3.658614 -17.458149 4.587777 2.778618 12.879138 9.672938 1.307900 9.459764 nan nan nan -1.666733 -4.141553 -0.474421 5.756498 -2.012563 14.177261 -1.610586 -0.754135 -1.006967 -0.776191 9.416574 12.981070 -3.404988 1.338564 7.859459 -23.306639 6.272569 -2.604049 -65.561319 -11.807184 20.595574 18.666375 -33.815646 -16.054524 -9.422978 -19.794043 5.132211 25.441431 -4.413556 2.556135 64.281261 1.477117 10.198860 -15.520574 18.004864 -15.858618 8.145098 10.433184 -2.036130 
1.530219 36.011131 97.227539 -57.009335 3.765140 85.305413 3.481402 -4.798102 20.264581 -6.305104 -22.613795 18.088247 -2.090715 3.987913 -11.693536 nan nan nan -4.726889 3.982027 -17.061484 4.875027 2.403184 13.370162 9.171199 1.424948 9.021870 nan nan nan -1.164789 -4.269664 -0.673541 5.696906 -2.011388 14.179133 -1.634990 -0.754483 -0.967967 -0.723569 9.465665 13.012525 -3.709698 1.270924 7.883003 -23.344059 6.217619 -2.479892 -65.871062 -11.414966 20.318849 18.880620 -32.350053 -15.774863 -9.260332 -19.703491 5.274927 25.337685 -4.172843 2.610696 64.217313 1.441644 10.024666 -15.571128 17.993714 -15.828320 8.008900 10.572514 -2.260194 
0.614544 35.641720 97.344437 -56.655386 3.939017 85.411411 3.896978 -4.617213 19.391611 -6.908441 -22.373401 20.308058 -2.967970 3.384307 -10.575707 nan nan nan -4.594124 4.222581 -16.730105 5.124739 2.033294 13.896218 8.642308 1.714696 8.284863 nan nan nan -0.713097 -4.423929 -0.842260 5.652486 -1.976299 14.100714 -1.668715 -0.695399 -0.923906 -0.593342 9.458639 12.991262 -3.955215 1.211125 7.986094 -23.196530 6.088721 -2.353840 -66.457916 -10.923092 20.214846 19.227374 -30.874211 -15.633156 -9.137734 -19.511672 5.048537 25.183773 -3.960793 2.622376 64.178057 1.379006 9.895511 -15.601312 17.966614 -15.910806 7.960602 10.700468 -2.447436 
-0.317786 35.282619 97.465675 -56.401359 4.082990 85.457724 4.242755 -4.662794 18.565123 -7.591368 -21.692975 22.502211 -3.878561 2.858859 -9.275895 nan nan nan -4.348406 4.359174 -16.310765 5.250240 1.901663 14.355129 7.952203 1.725946 7.482792 nan nan nan -0.287584 -4.474901 -0.908911 5.581487 -1.960010 13.922202 -1.687506 -0.651459 -0.781298 -0.415381 9.428038 12.873069 -4.106213 1.161601 8.012369 -23.020918 5.994809 -2.357945 -67.096194 -10.297677 20.157880 19.555239 -29.382059 -15.481061 -8.698930 -18.894696 4.688874 25.041469 -3.854770 2.616247 64.139502 1.361858 9.810520 -15.598078 18.138719 -15.988650 7.623641 10.699576 -2.662204 
-1.259760 34.925854 97.595901 -56.185857 4.199037 85.403388 4.542119 -5.089736 17.812322 -8.407757 -20.538418 24.634620 -4.743387 2.438207 -7.725822 nan nan nan -4.041049 4.409445 -15.626497 5.308278 1.951153 14.559906 7.292124 1.531538 6.674734 nan nan nan 0.161660 -4.311528 -0.848873 5.410068 -2.060094 13.640632 -1.667458 -0.697426 -0.573601 -0.226081 9.559084 12.844696 -4.268677 1.034338 7.965930 -22.839018 5.950060 -2.461840 -67.698793 -9.658995 19.965909 19.825398 -27.867350 -15.461523 -8.751614 -18.289672 4.751628 24.863259 -3.682406 2.555992 64.184087 1.351919 9.831244 -15.652667 18.178458 -16.064484 7.574212 10.787978 -2.705942 
-2.157680 34.554810 97.705849 -55.945911 4.262002 85.460936 4.809505 -5.529095 16.735551 -9.207487 -19.155389 26.928179 -5.508356 1.950842 -6.068615 nan nan nan -3.840344 4.397787 -15.097428 5.368499 1.872364 14.780904 6.777376 1.534473 5.953983 nan nan nan 0.663489 -4.026422 -0.856391 5.179889 -2.152734 13.348672 -1.670045 -0.795674 -0.502109 -0.089585 9.695881 12.858437 -4.398676 0.900762 8.073654 -22.632957 5.807116 -2.365330 -68.335385 -9.133152 19.639076 20.174664 -26.308395 -15.635252 -9.115978 -17.968434 4.961374 24.661333 -3.533188 2.563753 64.259527 1.245938 9.679504 -15.718998 18.337746 -16.216891 7.626971 10.871351 -2.474798 
-3.029654 34.198769 97.801117 -55.583294 4.268957 85.650835 5.163157 -5.470261 15.230283 -9.877110 -18.052575 29.562251 -6.259523 1.428488 -4.229960 nan nan nan -3.764147 4.191876 -14.712011 5.519152 1.789541 14.973015 6.252111 1.619402 5.317860 nan nan nan 1.030007 -3.903853 -1.016900 5.018116 -2.196107 13.149814 -1.671919 -0.810390 -0.459216 -0.098122 9.689206 12.710396 -4.475004 0.832429 8.211268 -22.555273 5.670533 -2.250228 -68.768388 -8.721608 19.318844 20.317634 -24.757458 -15.589749 -9.312639 -17.451334 4.912865 24.543819 -3.462223 2.599738 64.200727 1.229378 9.414723 -15.652878 18.522066 -16.295697 7.466643 11.010662 -2.148691 
-3.908383 33.870003 97.904083 -55.216511 4.231655 85.716718 5.480166 -5.265638 13.812686 -10.430019 -17.109453 32.189275 -6.855606 1.148510 -2.265015 nan nan nan -3.699869 3.861904 -14.055743 5.705773 1.819699 14.949804 5.795761 1.671747 4.633803 nan nan nan 1.259907 -3.814001 -1.002324 4.878929 -2.238758 12.943794 -1.653098 -0.832119 -0.384139 -0.132834 9.705808 12.485863 -4.585952 0.904063 8.318966 -22.457877 5.707784 -2.240079 -69.082770 -8.362549 19.045372 20.297410 -23.247106 -15.247802 -9.610158 -16.888661 4.771555 24.418602 -3.490017 2.579980 64.152875 1.379668 9.275258 -15.477463 18.625722 -16.162673 7.313950 10.983683 -1.939203 
-4.762487 33.543850 97.998108 -54.818721 4.173227 85.781074 5.598643 -5.396252 12.367959 -11.049906 -16.213479 34.837379 -7.176383 1.345408 -0.854538 nan nan nan -3.681949 3.452629 -13.381717 5.925317 1.933706 14.896188 5.346867 1.683278 3.935693 nan nan nan 1.426065 -3.559363 -1.023121 4.745504 -2.381068 12.782181 -1.556283 -0.874541 -0.300948 -0.282207 9.394511 12.271754 -4.551889 0.935285 8.225749 -22.427686 5.591242 -2.174974 -69.302374 -8.007788 18.722679 20.288245 -21.807984 -14.765585 -9.713078 -16.494649 4.615584 24.243067 -3.419958 2.565665 64.107713 1.404198 9.023019 -15.312304 18.909637 -16.116470 7.248969 10.903799 -1.953093 
-5.565130 33.206223 98.069672 -54.373458 4.071021 85.951097 5.497268 -5.746214 10.708484 -11.738563 -15.428613 37.641778 -7.083821 1.699254 -0.250413 nan nan nan -3.764163 3.030147 -12.867929 6.133237 2.062565 14.873613 4.834263 1.664142 3.363025 nan nan nan 1.614960 -3.238029 -1.131782 4.616298 -2.537682 12.695795 -1.465006 -0.920430 -0.239850 -0.507021 8.843555 11.908379 -4.540559 1.104055 8.203135 -22.506894 5.295652 -2.166495 -69.454768 -7.513298 18.419516 20.367556 -20.646044 -14.446875 -9.405202 -16.019919 4.533374 24.023038 -3.349984 2.322886 64.030981 1.261996 8.748961 -15.046606 19.252633 -16.100867 7.070422 11.049657 -1.946841 
-6.346606 32.865692 98.118942 -53.859807 3.986595 86.038736 5.388655 -6.042564 9.029503 -12.526414 -14.800559 40.595408 -6.913884 1.965281 -0.256865 nan nan nan -3.892604 2.636894 -12.215531 6.371294 2.047810 14.785729 4.469743 1.673077 2.786897 nan nan nan 1.818217 -2.950663 -1.077078 4.511299 -2.665488 12.592910 -1.469216 -0.902266 -0.251997 -0.639259 8.366042 11.595884 -4.436568 1.207373 8.180139 -22.467069 5.103872 -2.010577 -69.655567 -7.341582 18.162972 20.265849 -19.485923 -14.250267 -9.279354 -15.499230 4.437938 23.825259 -3.322808 2.227868 63.923241 1.178320 8.329696 -14.671886 19.644753 -16.103621 6.970036 11.186188 -1.987960 
-7.104566 32.517021 98.154984 -53.385141 3.924851 85.981964 5.312629 -6.244971 7.512357 -13.293513 -14.143065 43.419500 -6.641977 2.147721 -0.497831 nan nan nan -4.061776 2.253008 -11.419155 6.720631 2.063592 14.681418 4.196612 1.657904 2.174878 nan nan nan 2.055683 -2.660818 -0.717661 4.425345 -2.749276 12.347799 -1.511143 -0.885041 -0.292797 -0.678452 8.009145 11.374236 -4.350834 1.206605 8.038391 -22.349649 5.000807 -1.729598 -69.841824 -7.298394 17.960203 20.056205 -18.377347 -13.888326 -9.678690 -15.053730 4.447611 23.548990 -3.248695 2.234195 63.933158 1.093461 7.918526 -14.430018 20.031018 -16.154452 6.966540 11.075075 -2.188669 
-7.885554 32.160988 98.193642 -52.903521 3.929611 85.898028 5.317728 -6.347412 6.059876 -13.741730 -13.405095 46.019828 -6.409688 2.370573 -0.658918 nan nan nan -4.087946 1.918045 -10.509866 6.966307 2.237915 14.420234 3.950297 1.500776 1.663031 nan nan nan 2.320384 -2.358487 -0.374449 4.379409 -2.803787 12.075244 -1.476475 -0.903410 -0.214009 -0.693737 7.597865 11.106158 -4.379885 1.179376 7.888708 -22.444923 4.862705 -1.543427 -69.904969 -7.150512 17.675920 19.941657 -17.407798 -13.276421 -10.230254 -14.540914 4.756063 23.284935 -3.135024 2.137255 63.925621 0.921707 7.570773 -14.371649 20.413899 -16.104965 7.166983 10.786040 -2.365978 
-8.715419 31.803911 98.237938 -52.506881 3.991493 85.784120 5.492013 -6.232446 4.736813 -13.939079 -12.582935 48.259370 -6.375018 2.592465 -0.662636 nan nan nan -3.959774 1.786318 -9.480607 7.057308 2.395353 14.012176 3.653666 1.295363 1.175294 nan nan nan 2.603703 -2.023209 -0.173190 4.329242 -2.835133 12.079355 -1.412768 -0.902212 -0.223527 -0.587295 7.156336 10.884596 -4.522575 1.064357 7.771468 -22.564999 4.695837 -1.298293 -69.919057 -6.941191 17.294854 19.914894 -16.725482 -12.659074 -10.617523 -14.002058 5.116064 23.111579 -2.959372 2.121440 63.822363 0.795206 7.185732 -14.355614 20.834656 -16.117868 6.976211 10.686882 -2.491776 
-9.519410 31.441374 98.279388 -52.189013 4.040575 85.722871 5.698436 -6.099052 3.349722 -14.023781 -11.531006 50.295886 -6.244962 2.812762 -0.758954 nan nan nan -3.843485 1.820872 -8.627574 7.093715 2.410472 13.734974 3.469856 1.141573 0.774538 nan nan nan 2.871445 -1.646626 -0.108294 4.288381 -2.809125 12.310865 -1.397767 -0.878415 -0.379457 -0.328264 6.867191 10.776988 -4.660643 0.921243 7.565035 -22.641854 4.473444 -1.192133 -69.961710 -6.621976 17.033220 19.938665 -16.071055 -12.328960 -10.942958 -13.477822 5.388228 23.044400 -2.726008 2.101152 63.678016 0.620754 6.865151 -14.492660 21.303111 -16.377211 6.574959 10.895695 -2.720693 
-10.295517 31.066393 98.328926 -51.941201 3.994371 85.546991 5.814894 -6.018516 2.089944 -14.019668 -10.270568 52.104134 -5.986012 3.062402 -0.973987 nan nan nan -3.777587 1.803417 -7.745628 7.083014 2.534618 13.584567 3.366847 1.016592 0.357788 nan nan nan 3.030278 -1.257751 0.075834 4.239460 -2.779211 12.575778 -1.412593 -0.796800 -0.480542 -0.126536 6.676105 10.564600 -4.696336 0.697451 7.363418 -22.700347 4.331776 -1.202683 -69.960430 -6.401485 16.923184 19.894450 -15.380101 -11.994115 -11.531978 -13.037696 5.642817 23.015995 -2.484448 2.040429 63.531912 0.604612 6.741017 -14.642531 21.611015 -16.754153 6.579871 10.948473 -3.036379 
-11.089284 30.677853 98.413330 -51.779034 3.874011 85.264816 5.895048 -5.855913 1.010871 -13.878730 -8.925439 53.624758 -5.646400 3.337333 -1.198945 nan nan nan -3.673639 1.596990 -6.678041 6.955060 2.969849 13.330097 3.275100 0.886735 -0.112597 nan nan nan 3.080251 -0.807185 0.409683 4.140971 -2.751262 12.673467 -1.329596 -0.699305 -0.435009 0.071369 6.438189 10.339197 -4.756272 0.426701 7.227445 -22.825480 4.295456 -1.172251 -69.773242 -6.122115 16.734058 19.689532 -15.069051 -11.427440 -12.030424 -12.757181 6.077493 23.056731 -2.285326 2.065617 63.260426 0.704095 6.555501 -14.682315 21.983046 -17.030255 6.759586 10.832622 -3.038342 
-11.888856 30.267027 98.528709 -51.586676 3.715206 84.982432 5.900483 -5.761159 -0.008056 -13.744251 -7.713737 54.951591 -5.154714 3.608960 -1.568654 nan nan nan -3.604907 1.418096 -5.536792 6.776799 3.326132 12.976949 3.177510 0.764957 -0.563463 nan nan nan 3.039770 -0.382598 0.761660 4.097888 -2.764582 12.758165 -1.218513 -0.620597 -0.468740 0.226230 6.150980 10.303870 -4.863109 0.180895 6.930378 -22.997193 4.344301 -1.073966 -69.527778 -5.728008 16.536809 19.438895 -14.997255 -10.939076 -12.432348 -12.517333 6.408590 23.043103 -2.045069 2.103715 63.046143 0.734611 6.489525 -14.796510 22.299754 -17.291979 6.693315 10.824951 -3.054019 
-12.682179 29.875322 98.632149 -51.354954 3.534589 84.739987 5.887236 -5.817313 -1.057730 -13.682108 -6.589269 56.114124 -4.697689 3.878827 -1.843629 nan nan nan -3.582203 1.585130 -4.503429 6.614426 3.359645 12.729446 3.206278 0.587709 -1.057070 nan nan nan 2.935769 -0.012008 1.007619 4.057981 -2.805088 12.978285 -1.189786 -0.515630 -0.580972 0.482043 5.986960 10.294811 -4.909874 -0.088944 6.626407 -22.958738 4.517720 -1.011670 -69.417306 -5.376555 16.309781 19.179485 -14.986993 -10.544782 -12.802317 -12.254495 6.895124 23.005978 -1.783701 2.188849 62.973493 0.897026 6.510513 -14.938761 22.352282 -17.582025 6.628080 10.893627 -3.188721 
-13.440078 29.510834 98.712944 -51.285670 3.273399 84.609510 5.841595 -5.874774 -2.198797 -13.598225 -5.282394 57.058301 -4.235365 4.192267 -2.116763 nan nan nan -3.655054 1.848941 -3.699286 6.488077 3.387482 12.564780 3.243076 0.435785 -1.501023 nan nan nan 2.776023 0.434959 1.150662 3.957576 -2.816871 13.135811 -1.183912 -0.356349 -0.636820 0.810151 5.898544 10.318328 -4.921255 -0.386599 6.363041 -22.854500 4.735213 -1.088529 -69.361449 -4.971479 16.093245 19.026873 -15.002640 -10.289379 -13.195299 -12.150360 7.135793 22.979594 -1.471954 2.325910 62.978428 1.139766 6.632688 -15.192033 22.295298 -17.978498 6.626652 10.977434 -3.627665 
-14.168674 29.160933 98.787567 -51.403738 2.962060 84.530450 5.751363 -5.894084 -3.348628 -13.386804 -3.809053 57.834815 -3.755361 4.545379 -2.503672 nan nan nan -3.749051 2.048373 -3.009093 6.310990 3.563885 12.410633 3.200341 0.328264 -1.881341 nan nan nan 2.601224 1.013640 1.377819 3.841682 -2.716157 13.086277 -1.152338 -0.223454 -0.663926 1.118070 5.717169 10.343283 -4.979767 -0.650767 6.253894 -22.750434 5.019268 -1.112406 -69.334632 -4.607843 15.889813 18.924425 -15.069790 -10.266742 -13.680557 -11.996456 6.989107 22.928510 -1.329406 2.353202 63.000557 1.286898 6.850515 -15.488159 22.428887 -18.341207 6.659188 10.993503 -4.182051 
-14.907080 28.761728 98.867470 -51.346934 2.681935 84.490133 5.649895 -5.877232 -4.480133 -13.284254 -2.713796 58.474089 -3.447352 4.857858 -2.977356 nan nan nan -3.859960 2.082711 -2.280780 6.143683 3.614406 12.192969 3.211705 0.256782 -2.232747 nan nan nan 2.385330 1.451842 1.413070 3.796044 -2.650756 13.078604 -1.101813 -0.085834 -0.561054 1.319043 5.448419 10.445337 -5.030527 -0.747357 6.005659 -22.796551 5.407853 -1.092832 -69.177879 -4.350679 15.638325 18.717381 -15.288804 -10.197773 -14.177257 -11.693854 7.309118 22.895637 -1.355271 2.262035 62.923133 1.554425 6.939672 -15.646687 22.462809 -18.415958 6.756265 10.882783 -4.070947 
-15.657224 28.317657 98.953430 -50.915960 2.468222 84.600038 5.579441 -5.984835 -5.835408 -13.302239 -1.977220 59.087860 -3.231322 4.969247 -3.382831 nan nan nan -3.939805 1.838382 -1.404941 5.981593 3.630959 11.586837 3.232357 0.103348 -2.556708 nan nan nan 2.224127 1.726638 1.089429 3.767435 -2.815644 13.214948 -1.115132 0.004276 -0.448583 1.389347 5.154785 10.552118 -4.920788 -0.789158 5.773884 -22.827920 5.810677 -0.969305 -68.917117 -4.092388 15.310579 18.424800 -15.688061 -10.130259 -15.247560 -11.076430 7.925010 22.956914 -1.378600 2.258200 62.706466 1.963403 6.904957 -15.772548 22.366657 -18.455005 7.402113 10.380920 -3.341420 
-16.298920 27.929977 99.038422 -50.889949 2.143841 84.614238 5.387082 -6.007332 -7.116076 -13.210064 -0.875041 59.533157 -2.760925 5.068083 -3.773648 nan nan nan -4.144554 1.816556 -0.678057 5.845760 3.749267 11.148382 3.360185 0.061433 -2.825983 nan nan nan 2.115370 2.163759 1.262252 3.627669 -2.792797 13.201281 -1.187063 0.144990 -0.501060 1.541436 4.942341 10.385784 -4.822712 -1.015280 5.681272 -22.767403 6.303564 -0.982555 -68.655168 -3.811023 15.117343 18.105105 -16.087809 -9.999076 -16.432833 -10.684674 8.386851 22.976742 -1.438020 2.183842 62.568647 2.344822 7.029242 -15.912652 22.292675 -18.709062 8.203886 10.169614 -2.987049 
-16.997181 27.527868 99.142349 -50.811134 1.872452 84.490602 5.209053 -5.969500 -8.136297 -13.047980 0.061227 59.742178 -2.092300 5.169772 -4.094893 nan nan nan -4.267069 1.689091 0.307508 5.673830 4.026834 10.550884 3.480324 0.017403 -3.064452 nan nan nan 1.966680 2.675327 1.568828 3.632848 -2.775105 13.216247 -1.169326 0.232728 -0.712869 1.673390 4.749796 10.444396 -4.855161 -1.165562 5.584062 -22.921620 6.625662 -0.886798 -68.238475 -3.360117 14.871989 17.739205 -16.562425 -9.940893 -16.778304 -10.946887 8.747598 22.878564 -1.482195 2.032951 62.508273 2.468934 7.148989 -15.972612 22.192244 -18.769529 8.340770 10.650612 -3.024830 
-17.605742 27.100626 99.210510 -50.677988 1.654927 84.523289 5.007441 -6.034886 -9.366608 -12.864470 0.929671 59.881731 -1.592666 5.301659 -4.420083 nan nan nan -4.471386 1.478146 1.025230 5.627068 4.265639 10.099031 3.525396 0.039051 -3.337777 nan nan nan 2.047284 3.085085 1.815917 3.519355 -2.742418 12.877944 -1.213082 0.316690 -0.627333 1.864530 4.555120 10.423060 -5.017025 -1.055949 5.451279 -23.038512 6.902801 -0.857741 -67.916598 -2.842044 14.590020 17.413600 -17.078078 -9.928365 -16.531479 -11.336489 9.112112 22.667486 -1.526192 1.933557 62.495522 2.772480 7.060874 -15.815645 22.029779 -18.836317 8.210420 10.862417 -2.934179 
-18.199913 26.699085 99.267403 -50.625859 1.526159 84.611623 5.005838 -5.994853 -10.635842 -12.745146 1.750266 59.859548 -1.292821 5.382156 -4.709008 nan nan nan -4.565428 1.412480 1.603150 5.585100 4.464241 9.721509 3.582782 0.019308 -3.564178 nan nan nan 2.259672 3.481206 2.140985 3.333128 -2.627982 12.348643 -1.264276 0.378162 -0.495668 1.949675 4.315474 10.466160 -5.066626 -1.034487 5.320044 -23.121848 7.229000 -0.795489 -67.605017 -2.331030 14.364670 17.143484 -17.559817 -9.644561 -16.333180 -11.762265 9.296411 22.460122 -1.624933 1.747217 62.471762 3.089239 6.927205 -15.558400 21.851763 -18.818517 8.072936 10.760007 -2.894116 
-18.789658 26.302666 99.318840 -50.679670 1.365226 84.764038 5.003634 -5.840347 -11.911966 -12.536534 2.542573 59.635360 -1.068128 5.291071 -4.958903 nan nan nan -4.720705 1.313709 2.023036 5.530859 4.634066 9.455363 3.759145 0.195714 -3.700029 nan nan nan 2.467514 3.909234 2.458328 3.120026 -2.492099 11.829299 -1.349727 0.423750 -0.484494 1.985718 4.119449 10.614192 -5.085756 -1.158260 5.244917 -23.185730 7.637504 -0.808529 -67.289709 -1.720554 14.216329 16.916664 -17.985083 -9.060108 -16.090383 -12.620539 9.169201 22.347002 -1.710755 1.547460 62.423003 3.310178 6.896723 -15.285120 21.673471 -18.685275 7.745651 11.096333 -2.827006 
-19.396975 25.833570 99.354279 -50.633370 1.064686 84.958103 4.782267 -5.838376 -13.112509 -12.384030 3.276385 59.161717 -0.806913 5.250770 -5.286159 nan nan nan -5.157495 0.952992 2.549222 5.601183 4.900953 9.037185 3.916894 0.458501 -3.915604 nan nan nan 2.480652 4.366615 2.386187 2.965407 -2.521942 11.698076 -1.458166 0.485091 -0.487942 1.985219 3.798008 10.724551 -5.068688 -1.176954 5.135676 -23.228315 7.948873 -0.643103 -67.038547 -1.240942 13.958170 16.827224 -18.657920 -9.118087 -16.119980 -12.744189 9.028664 22.318876 -1.735431 1.554654 62.309271 3.593043 6.891523 -15.165221 21.761628 -18.708166 7.512181 11.191918 -2.592256 
-20.002604 25.397711 99.383171 -50.665326 0.779610 85.054212 4.613189 -5.835594 -14.127301 -12.371209 3.943655 58.472662 -0.571051 5.369791 -5.682842 nan nan nan -5.536671 0.644157 3.230134 5.653008 5.283381 8.513509 4.050234 0.558340 -4.089160 nan nan nan 2.441659 4.849717 2.480773 2.815606 -2.535666 11.445935 -1.540323 0.577091 -0.371584 2.078682 3.501850 10.600754 -5.089663 -1.171590 5.222159 -23.151333 8.154135 -0.346758 -66.851783 -0.740992 13.677265 16.815012 -19.585063 -9.286075 -16.328591 -12.286973 9.221094 22.274012 -1.707960 1.588797 62.219441 3.857799 6.901579 -15.065249 22.043724 -18.650227 7.371670 10.871268 -2.335228 
-20.613600 24.994383 99.428513 -50.797413 0.569608 84.908968 4.503997 -5.505193 -14.795800 -12.291132 4.436119 57.625693 -0.300971 5.531725 -6.168959 nan nan nan -5.762034 0.414147 4.152494 5.607573 5.663803 7.978728 4.292096 0.613989 -4.190011 nan nan nan 2.456798 5.330138 2.963406 2.709426 -2.357559 11.137951 -1.613937 0.683099 -0.279274 2.204383 3.222448 10.380282 -5.188800 -1.335286 5.324007 -23.015224 8.369327 -0.233876 -66.766904 -0.273158 13.446410 16.737953 -20.234716 -9.404660 -16.587893 -12.161133 8.910538 22.204416 -1.777380 1.351381 62.216416 3.968816 6.918550 -15.062095 22.242900 -18.620295 7.436163 10.637687 -2.366059 
-21.236416 24.581739 99.477875 -50.863133 0.429733 84.717472 4.351095 -5.050814 -15.362650 -12.076007 4.693070 56.721277 -0.118335 5.588330 -6.762813 nan nan nan -5.882510 0.391685 5.191437 5.529763 5.874502 7.337247 4.658651 0.577964 -4.200447 nan nan nan 2.547823 5.663262 3.445859 2.600374 -2.182330 10.854301 -1.663270 0.793889 -0.102974 2.311080 3.067696 10.229277 -5.302956 -1.647279 5.196296 -22.891970 8.635601 -0.521623 -66.771962 0.226897 13.401336 16.502372 -20.255029 -9.509216 -16.401745 -12.888930 7.988343 22.115742 -1.770379 1.021314 62.216428 4.037143 7.036520 -15.072180 22.378747 -18.668681 7.238600 10.767010 -2.686645 
-21.874247 24.156179 99.491539 -50.870733 0.280140 84.687990 4.219486 -4.740863 -16.089559 -11.950686 4.926764 55.752917 0.169380 5.689936 -7.313991 nan nan nan -6.070493 0.234031 6.026414 5.507421 6.190571 6.818394 4.965540 0.617245 -4.235516 nan nan nan 2.567815 5.986562 3.630795 2.498092 -2.128230 10.690309 -1.712471 0.890888 0.024135 2.436312 2.897481 10.034488 -5.404473 -1.855956 5.200144 -22.727019 8.937348 -0.735122 -66.796917 0.640964 13.303612 16.230386 -20.196173 -9.638046 -16.171439 -13.296275 7.092508 22.095110 -1.764163 0.907342 62.123710 4.252267 7.145731 -15.032221 22.687167 -18.608767 6.988881 10.659005 -2.709333 
-22.499657 23.731783 99.491310 -50.909858 0.052738 84.737874 4.067870 -4.581246 -16.840980 -11.761145 5.382531 54.536089 0.618508 5.892965 -7.816795 nan nan nan -6.439111 -0.232445 6.698972 5.536380 6.631899 6.417635 5.206067 0.904445 -4.282330 nan nan nan 2.439901 6.396366 3.741387 2.418095 -2.128206 10.625281 -1.738669 0.961079 -0.008826 2.523789 2.781383 9.913374 -5.417856 -1.898957 5.265625 -22.590543 9.265718 -0.722443 -66.816634 0.915450 13.182788 16.080019 -20.284219 -9.811361 -16.068804 -13.728320 6.439879 22.133898 -1.831648 0.935165 61.926089 4.613867 7.181310 -15.056540 23.051458 -18.778794 7.071626 10.576743 -2.704026 
-23.102100 23.308987 99.477455 -50.916940 -0.212148 84.770654 3.912509 -4.577608 -17.475527 -11.543001 5.911703 53.002005 0.905588 6.117580 -8.260440 nan nan nan -6.829232 -0.638229 7.383358 5.498558 6.911351 5.919574 5.466907 1.222023 -4.382372 nan nan nan 2.288838 6.763331 4.001146 2.332901 -2.147811 10.403391 -1.791818 1.043103 -0.015360 2.661260 2.707374 9.747172 -5.415060 -1.958296 5.415961 -22.463603 9.781646 -0.637853 -66.812113 0.983090 13.195846 15.872665 -20.332971 -9.813339 -15.509453 -14.560269 5.978782 22.172923 -1.922540 0.966628 61.773140 5.013088 7.382110 -15.055008 23.193255 -19.028420 6.843319 11.009123 -2.880181 
-23.688841 22.869980 99.457291 -50.851563 -0.340953 84.817019 3.888178 -4.556583 -18.114888 -11.350507 6.325504 51.378984 0.900068 6.385519 -8.539654 nan nan nan -6.992724 -0.730975 8.115610 5.407388 6.967801 5.309267 5.800563 1.377080 -4.466945 nan nan nan 2.298792 7.006174 4.263379 2.259741 -2.181659 10.018901 -1.818266 1.137941 0.203450 2.738300 2.676314 9.452405 -5.524518 -2.095759 5.481075 -22.428317 10.231741 -0.764842 -66.827116 1.231893 13.145243 15.703578 -20.474022 -9.991551 -14.923586 -15.134430 5.654919 22.100929 -1.959010 0.846797 61.672410 5.318290 7.620540 -14.897706 23.258579 -18.960482 6.479319 11.312436 -2.917706 
-24.260654 22.409344 99.445374 -50.786158 -0.427377 84.851082 3.835019 -4.388712 -18.686432 -11.053323 6.637236 49.664960 0.771431 6.665215 -8.646196 nan nan nan -7.181567 -0.909193 8.841778 5.396422 7.101249 4.777032 6.219921 1.502911 -4.552274 nan nan nan 2.392536 7.262921 4.348970 2.130414 -2.228656 9.904915 -1.798317 1.215134 0.435075 2.684880 2.544577 9.131197 -5.574700 -2.172766 5.350573 -22.517762 10.521722 -1.021935 -66.909240 1.540355 12.825984 15.944575 -20.731551 -11.079370 -14.859423 -14.783178 5.051351 22.096514 -1.921216 0.794393 61.476114 5.655575 7.721491 -14.804817 23.431145 -19.190628 6.459738 11.180916 -2.900692 
-24.838795 21.958605 99.440269 -50.754953 -0.487765 84.880911 3.764838 -4.196206 -19.141081 -10.802723 6.809408 47.776783 0.888528 6.949072 -8.858407 nan nan nan -7.356490 -1.102692 9.489499 5.444716 7.282027 4.402916 6.521707 1.606945 -4.588621 nan nan nan 2.499901 7.505387 4.470788 2.004429 -2.232615 9.890405 -1.822227 1.256996 0.473858 2.737508 2.431430 8.861725 -5.686575 -2.236092 5.301691 -22.568525 10.718981 -1.159205 -67.032946 1.906505 12.503353 16.318755 -21.000964 -12.262981 -14.647893 -14.418941 4.363770 22.127935 -1.798762 0.750364 61.290314 5.803539 7.885353 -14.735000 23.705310 -19.579525 6.136459 11.274738 -3.189771 
-25.436224 21.520000 99.442001 -50.746798 -0.577190 84.913579 3.738198 -4.055324 -19.484066 -10.596231 7.053393 45.685446 0.965000 7.185160 -9.193716 nan nan nan -7.505692 -1.290371 10.076100 5.395624 7.318407 4.174982 6.787464 1.803473 -4.657117 nan nan nan 2.482857 7.645599 4.654745 1.914795 -2.253896 9.819780 -1.840300 1.366498 0.455766 2.860063 2.536302 8.663321 -5.833479 -2.383026 5.315714 -22.559439 10.982086 -1.329157 -67.054096 2.500804 12.507705 16.242660 -21.285091 -11.934130 -14.041796 -14.921276 4.760023 22.243357 -1.665638 0.749013 61.082616 6.003830 8.058519 -14.706697 24.025984 -19.759103 5.714471 11.780106 -3.217105 
-26.031960 21.068386 99.434715 -50.704750 -0.706009 84.959637 3.675329 -4.009785 -19.804254 -10.351537 7.378647 43.450074 0.869979 7.481762 -9.378950 nan nan nan -7.682740 -1.480171 10.740029 5.285333 7.310070 3.811644 7.073686 1.993158 -4.752280 nan nan nan 2.358705 7.804978 4.772048 1.851733 -2.318842 9.702409 -1.776144 1.483789 0.564612 2.860934 2.555970 8.488739 -5.853175 -2.474193 5.207328 -22.567285 11.207930 -1.407808 -67.106955 3.029838 12.553614 16.101674 -21.585804 -10.878958 -13.467357 -15.354694 5.589465 22.322533 -1.604644 0.836620 60.786076 6.378101 8.061094 -14.578833 24.536087 -19.739911 5.620868 12.064477 -3.079875 
-26.615675 20.612257 99.412636 -50.732496 -0.736569 85.069281 3.700525 -3.816123 -20.135313 -10.062580 7.651477 41.109617 0.731807 7.831356 -9.426876 nan nan nan -7.732343 -1.583316 11.357138 5.181664 7.432449 3.347762 7.332500 2.018941 -4.813193 nan nan nan 2.375897 8.070108 4.776662 1.796607 -2.303330 9.546523 -1.709055 1.532556 0.778978 2.840020 2.425032 8.266667 -5.936448 -2.480250 5.182123 -22.581550 11.262037 -1.417975 -67.299630 3.406901 12.500907 16.187714 -21.711791 -10.389854 -13.032003 -15.450558 5.658463 22.268429 -1.592012 0.804815 60.608051 6.710500 8.045073 -14.528259 25.012481 -19.534650 5.632821 11.928501 -3.186110 
-27.179712 20.142611 99.377914 -50.826033 -0.684728 85.230073 3.766076 -3.642715 -20.399449 -9.746151 7.804917 38.618015 0.491390 8.278494 -9.479170 nan nan nan -7.726297 -1.583638 11.840929 5.156408 7.545779 2.986254 7.682317 1.995489 -4.870453 nan nan nan 2.558568 8.327866 4.795163 1.725861 -2.265539 9.331775 -1.723160 1.585459 0.953477 2.792225 2.376089 8.117684 -5.969218 -2.471661 5.160256 -22.538843 11.310548 -1.480749 -67.566410 3.795460 12.485825 16.315023 -21.729920 -10.159132 -12.700225 -15.729492 5.349251 22.156280 -1.619238 0.634457 60.572608 6.928619 8.132183 -14.551865 25.334671 -19.137197 5.561822 11.969161 -3.370440 
-27.746725 19.680511 99.341583 -50.812222 -0.634466 85.397676 3.776523 -3.552349 -20.669091 -9.361313 7.869148 36.115224 0.142572 8.746006 -9.328020 nan nan nan -7.665893 -1.549860 12.352295 5.092807 7.524002 2.589359 7.920368 1.968080 -4.961225 nan nan nan 2.642219 8.490126 4.808259 1.693598 -2.322693 9.157870 -1.707685 1.647194 1.048093 2.622597 2.347373 8.064066 -5.821050 -2.480688 4.909248 -22.510982 11.334560 -1.468365 -67.865165 4.166692 12.374110 16.539898 -21.790245 -10.125061 -12.563840 -15.799938 5.143877 22.052278 -1.569663 0.518476 60.565668 7.128837 8.254607 -14.663446 25.690303 -18.834673 5.513285 11.998935 -3.603764 
-28.328032 19.210634 99.306908 -50.686625 -0.574347 85.588594 3.723044 -3.488662 -20.965655 -8.862804 7.873452 33.584729 -0.071043 9.089087 -8.925525 nan nan nan -7.521840 -1.502528 12.908582 4.947166 7.458185 2.117393 8.091204 1.901688 -4.928432 nan nan nan 2.645903 8.534068 4.676120 1.687485 -2.416734 9.152718 -1.679013 1.697163 1.087177 2.469741 2.289245 7.908840 -5.709272 -2.488835 4.802726 -22.462886 11.403280 -1.508360 -68.188185 4.540266 12.277655 16.713131 -21.871039 -10.226294 -12.187632 -15.635939 4.923410 22.052612 -1.478894 0.498145 60.456738 7.354425 8.455055 -14.792153 26.194783 -18.882650 5.267854 11.918779 -3.941078 
-28.913074 18.712921 99.261040 -50.598256 -0.517851 85.744998 3.649794 -3.372480 -21.131255 -8.380047 7.806537 30.912632 -0.042752 9.287828 -8.397781 nan nan nan -7.450949 -1.435722 13.452311 4.896198 7.304061 1.760474 8.327280 1.913988 -4.850568 nan nan nan 2.670159 8.590408 4.467464 1.677476 -2.470779 9.361178 -1.653784 1.705688 1.076787 2.398188 2.323885 7.709160 -5.722562 -2.488308 4.727721 -22.374646 11.410679 -1.557559 -68.636328 4.838974 12.259874 16.999334 -21.765173 -10.332813 -12.039332 -15.598284 4.770321 21.990191 -1.309798 0.485345 60.459315 7.562659 8.711668 -15.047039 26.599052 -19.072198 5.118897 11.970399 -4.066729 
-29.478731 18.213173 99.202667 -50.508675 -0.462606 85.897973 3.540196 -3.271590 -21.243655 -7.853059 7.750845 28.184284 0.079856 9.550654 -7.839530 nan nan nan -7.415452 -1.443002 13.897139 4.889556 7.103254 1.607104 8.710017 1.936063 -4.982572 nan nan nan 2.758381 8.625602 4.389831 1.625927 -2.494538 9.395231 -1.684195 1.727144 1.134209 2.332945 2.348833 7.459563 -5.650347 -2.481203 4.654642 -22.233330 11.538267 -1.700527 -69.017507 5.102941 12.382971 17.183971 -21.668124 -10.107873 -11.926854 -15.668007 4.420474 21.869243 -1.305690 0.361931 60.564805 7.838264 8.969852 -15.108103 26.858685 -19.133408 4.955561 12.211236 -4.055787 
-30.040524 17.719084 99.128334 -50.440352 -0.403741 86.113181 3.424057 -3.131522 -21.376625 -7.298000 7.671159 25.413389 0.294984 9.805435 -7.171447 nan nan nan -7.388691 -1.558265 14.264497 4.852212 7.035821 1.482820 9.035477 2.000575 -5.200823 nan nan nan 2.881121 8.691869 4.334020 1.537122 -2.540978 9.352427 -1.729228 1.724577 1.093548 2.253595 2.309028 7.295003 -5.575426 -2.446642 4.646180 -21.979380 11.564766 -1.750285 -69.462750 5.365583 12.350577 17.314089 -21.494376 -10.026498 -11.925572 -15.328300 4.245019 21.679961 -1.324867 0.351931 60.758395 8.099815 9.131409 -15.191361 27.256332 -19.147533 4.877315 12.317710 -4.157006 
-30.621162 17.222992 99.055084 -50.332965 -0.322304 86.336239 3.354250 -3.076244 -21.464899 -6.729329 7.598962 22.645912 0.428266 10.021893 -6.508044 nan nan nan -7.307659 -1.717570 14.719073 4.769517 7.028717 1.176408 9.237091 2.021544 -5.246614 nan nan nan 2.932055 8.758865 4.255354 1.504957 -2.658457 9.353627 -1.741996 1.699411 0.939947 2.123890 2.233758 7.262304 -5.420023 -2.258446 4.615493 -21.875721 11.492332 -1.661335 -69.764390 5.733013 12.231010 17.438431 -21.523656 -9.895216 -12.066984 -15.008515 4.081866 21.557676 -1.273462 0.440067 60.908378 8.343760 9.254678 -15.377875 27.629267 -19.226920 4.998606 12.268747 -4.293649 
-31.205572 16.732401 98.985413 -50.214284 -0.195353 86.449875 3.282039 -2.901461 -21.456744 -6.078339 7.662389 19.992547 0.522762 10.218727 -5.989950 nan nan nan -7.168501 -1.881821 15.330599 4.680484 7.014604 0.771142 9.489398 1.986412 -5.182614 nan nan nan 2.962775 8.739562 4.275287 1.450768 -2.809180 9.252258 -1.659776 1.747025 0.976299 2.042477 2.314839 7.280574 -5.282202 -2.091840 4.404561 -21.880772 11.371092 -1.722084 -70.160966 5.997403 12.041917 17.797652 -21.328322 -9.932936 -12.405200 -14.884726 3.857628 21.454192 -1.077096 0.563857 61.010787 8.609641 9.396369 -15.688748 27.946098 -19.196192 5.276844 12.163891 -4.313989 
-31.786230 16.228447 98.903488 -50.128998 -0.096786 86.454960 3.117469 -2.583356 -21.318865 -5.358228 7.772067 17.411431 0.519492 10.257018 -5.543497 nan nan nan -7.081487 -1.997064 16.083028 4.569747 6.972461 0.342066 9.801276 1.954743 -5.037343 nan nan nan 3.022148 8.757401 4.423328 1.373486 -2.849168 9.072486 -1.572211 1.744135 1.197995 2.091939 2.491399 7.092874 -5.275151 -2.076084 4.297396 -21.799274 11.301050 -2.009838 -70.614452 6.145105 12.007537 18.037975 -20.925449 -9.996337 -12.431395 -14.908021 3.719771 21.326004 -0.885334 0.544951 61.132416 8.816646 9.640249 -15.955865 28.219540 -19.474017 5.271624 12.361971 -4.559789 
-32.366951 15.710603 98.789574 -50.077714 -0.025652 86.429450 2.901070 -2.200681 -21.103772 -4.686773 7.803790 14.860399 0.544424 10.216615 -5.083317 nan nan nan -7.131401 -2.163396 16.844220 4.540317 6.942936 0.020512 10.207679 2.061621 -4.989545 nan nan nan 3.125756 8.838732 4.664431 1.288442 -2.827890 8.909416 -1.536783 1.666349 1.327089 2.117333 2.517536 6.778818 -5.295581 -1.969468 4.279321 -21.738567 11.181198 -2.136582 -70.881279 6.370142 12.091259 18.120761 -20.815156 -9.781845 -12.227815 -14.922249 3.363455 21.190621 -0.823696 0.366814 61.368390 8.890345 9.938306 -16.122621 28.462101 -19.706799 4.884622 12.811298 -5.139331 
-32.950069 15.185106 98.651688 -50.054285 0.126230 86.514638 2.785073 -1.844614 -20.949659 -4.088566 7.784952 12.281021 0.629501 10.345928 -4.588552 nan nan nan -7.142980 -2.432658 17.377388 4.545889 6.974720 -0.112898 10.635424 2.279556 -4.990930 nan nan nan 3.239225 8.875619 4.704105 1.253683 -2.880708 8.884567 -1.515698 1.677331 1.289769 2.065738 2.491517 6.701288 -5.245616 -1.806313 4.181467 -21.748043 11.067565 -2.106614 -71.031820 6.606258 12.044196 18.084206 -20.885803 -9.511415 -12.267855 -14.722605 3.140813 21.025500 -0.765294 0.448453 61.505549 9.071386 10.023042 -16.160124 28.900785 -19.677657 4.681443 12.974207 -5.541244 
-33.540192 14.657033 98.508064 -50.037576 0.313015 86.673749 2.739030 -1.501902 -20.881360 -3.538448 7.694844 9.864451 0.727681 10.542197 -4.242054 nan nan nan -7.099872 -2.717101 17.798976 4.525302 7.129516 -0.245677 11.132574 2.360893 -4.922469 nan nan nan 3.352184 8.851637 4.654440 1.277094 -2.942609 8.876997 -1.555888 1.751248 1.242166 1.941721 2.355534 6.697360 -5.088492 -1.743494 4.035321 -21.758453 11.001067 -2.133907 -71.107116 6.781828 12.063747 17.989968 -20.892260 -9.294947 -12.296317 -14.608962 2.650805 20.843648 -0.717674 0.503052 61.648363 9.240964 10.138181 -16.147314 29.418668 -19.545569 4.391749 13.067568 -5.967770 
-34.149952 14.114159 98.340820 -49.982502 0.482517 86.835114 2.688759 -1.216195 -20.822636 -3.025691 7.581227 7.596237 0.786228 10.449193 -3.902654 nan nan nan -6.997590 -2.886454 18.212507 4.453592 7.204382 -0.316578 11.558231 2.447625 -4.950845 nan nan nan 3.399626 8.827951 4.537039 1.304145 -2.977585 8.844474 -1.554766 1.805217 1.336163 1.919040 2.354848 6.626009 -4.884388 -1.765114 3.790153 -21.656372 10.821208 -2.178292 -71.319461 6.895945 11.981761 17.951948 -20.799465 -9.072326 -12.580802 -14.452381 2.520047 20.645820 -0.590465 0.576739 61.870940 9.398904 10.123266 -16.237250 29.833419 -19.574447 4.259954 13.194815 -6.087245 
-34.765446 13.560616 98.165199 -49.950260 0.673488 86.930777 2.671835 -1.030876 -20.641567 -2.557307 7.490702 5.345633 0.658309 10.338520 -3.518316 nan nan nan -6.814828 -2.997724 18.632428 4.284374 7.310157 -0.274109 11.848520 2.499063 -5.035063 nan nan nan 3.449744 8.869738 4.444600 1.326619 -2.996182 8.988882 -1.466811 1.804842 1.271537 1.831092 2.348095 6.684809 -4.786695 -1.556251 3.326577 -21.666423 10.635804 -2.199565 -71.531035 7.019802 11.840878 18.037339 -20.903317 -9.034818 -13.318889 -13.703774 2.669635 20.413573 -0.463821 0.647429 62.069637 9.513784 10.170836 -16.555969 30.271039 -19.609951 4.615556 12.991898 -5.849900 
-35.382507 12.997013 97.987244 -50.020112 0.875509 87.068689 2.773728 -0.816962 -20.478587 -2.296925 7.548315 3.199642 0.603450 10.292581 -3.204567 nan nan nan -6.713562 -3.125018 18.838343 4.214059 7.535599 0.003879 12.227262 2.632826 -5.143764 nan nan nan 3.506335 8.882763 4.344672 1.347776 -3.030718 9.056754 -1.418490 1.871938 1.193911 1.750450 2.375497 6.770028 -4.737214 -1.295357 2.983923 -21.744387 10.539558 -2.244543 -71.637166 7.202960 11.768579 18.101274 -21.019303 -9.094248 -13.784656 -13.158251 2.580611 20.194875 -0.300997 0.776568 62.247296 9.679146 10.347212 -16.778216 30.588401 -19.681366 4.708106 12.960958 -5.997354 
-36.015392 12.438968 97.797157 -50.162299 1.078521 87.209758 2.993442 -0.481970 -20.318829 -2.226259 7.592411 1.300166 0.479112 10.093229 -3.093050 nan nan nan -6.638305 -3.241433 18.957040 4.177680 7.850490 0.421634 12.581986 2.823806 -5.307383 nan nan nan 3.562778 8.957998 4.292343 1.326949 -2.990344 9.019603 -1.391403 1.921202 1.184781 1.866207 2.482677 6.689457 -4.754658 -1.136818 2.909594 -21.715698 10.455988 -2.291278 -71.760566 7.349288 11.786414 18.162620 -21.089178 -9.014750 -14.173965 -12.885196 2.502848 20.089008 -0.259552 0.848520 62.427006 9.903363 10.540569 -16.909780 30.747702 -19.721671 4.796871 13.083550 -6.310016 
-36.655136 11.879782 97.614555 -50.277899 1.299955 87.257657 3.235006 -0.110890 -20.114732 -2.189752 7.569751 -0.221969 0.303836 9.810126 -3.159249 nan nan nan -6.467417 -3.244509 19.166471 4.112737 8.075665 0.872882 12.956501 2.917619 -5.468371 nan nan nan 3.622022 8.953965 4.454574 1.318118 -2.907618 8.733525 -1.368119 2.014472 1.303941 2.053488 2.554834 6.524885 -4.805570 -1.120436 2.972184 -21.612163 10.544939 -2.371908 -71.829490 7.340431 11.887771 18.074421 -21.125065 -8.821781 -14.509429 -12.597870 2.316580 20.058709 -0.299340 0.873518 62.570670 10.079196 10.703181 -17.101235 30.970881 -19.698040 4.944069 13.059764 -6.428370 
-37.274265 11.295520 97.451004 -50.396473 1.459713 87.295146 3.431076 0.242477 -20.016689 -2.230408 7.537933 -1.254654 0.184474 9.544008 -3.294975 nan nan nan -6.334622 -3.076029 19.352074 4.068707 8.200981 1.347613 13.429675 2.969837 -5.587202 nan nan nan 3.644043 8.876414 4.597253 1.292895 -2.814346 8.492717 -1.384328 2.124471 1.390544 2.212659 2.661003 6.452468 -4.824102 -1.234105 3.018321 -21.640231 10.684295 -2.585637 -71.764938 7.402740 11.971977 18.038005 -21.228832 -8.675873 -14.971351 -12.446321 2.324075 20.130427 -0.210220 0.958775 62.612841 10.144333 10.858437 -17.380266 31.304117 -19.685412 5.136552 13.019208 -6.535188 
-37.874901 10.705719 97.299927 -50.558001 1.592185 87.416336 3.624136 0.637844 -20.207022 -2.285342 7.532589 -1.604502 -0.033611 9.275135 -3.481833 nan nan nan -6.244554 -2.908281 19.415766 4.008916 8.461746 1.842216 13.853495 3.092044 -5.824935 nan nan nan 3.673811 8.897674 4.564953 1.222585 -2.753825 8.403632 -1.424977 2.216916 1.434095 2.296258 2.833461 6.336409 -4.712550 -1.379199 3.080869 -21.782697 10.713920 -2.832000 -71.564815 7.476163 12.065969 18.031110 -21.368207 -8.495007 -15.711125 -12.359315 2.279533 20.327474 -0.093474 1.077824 62.559048 10.170480 10.926888 -17.664712 31.686237 -19.727412 5.384384 12.974873 -6.719086 
-38.493458 10.094847 97.166702 -50.642011 1.697970 87.459469 3.813327 0.793525 -20.430963 -2.284262 7.518363 -1.390044 -0.246889 9.072533 -3.709713 nan nan nan -6.196910 -2.855031 19.607029 3.935420 8.846006 2.375800 14.047398 3.269608 -6.062346 nan nan nan 3.614131 9.017448 4.572475 1.197930 -2.759268 8.344805 -1.434589 2.236333 1.490042 2.457348 2.984130 6.168236 -4.604207 -1.573924 3.160791 -21.809347 10.774170 -3.035186 -71.481611 7.449962 12.228278 17.992078 -21.484745 -8.478071 -16.304422 -12.376543 2.186713 20.531377 -0.120365 1.016844 62.485939 10.201951 11.066686 -17.733188 31.940159 -19.804430 5.471962 13.006135 -6.943325 
-39.112915 9.470613 97.047623 -50.691597 1.765618 87.405037 4.061111 0.661085 -20.536600 -2.353717 7.456651 -0.926870 -0.300428 9.006996 -3.714286 nan nan nan -6.186976 -2.707483 19.834243 3.940305 9.001329 3.087718 14.157308 3.427874 -6.269234 nan nan nan 3.482669 9.121282 4.698089 1.199353 -2.757430 8.255502 -1.366580 2.251492 1.545866 2.596860 3.027305 6.029167 -4.602853 -1.643825 3.173967 -21.789802 10.820639 -3.169964 -71.488788 7.353367 12.344561 17.909880 -21.539976 -8.451305 -16.606662 -12.302366 2.282382 20.599967 -0.163536 0.966164 62.507905 10.225074 11.176259 -17.741888 32.138698 -19.744293 5.485776 13.140033 -6.866507 
-39.742424 8.832594 96.933006 -50.688424 1.815293 87.389365 4.307996 0.469653 -20.701638 -2.481566 7.343607 -0.235698 -0.150454 9.057688 -3.498307 nan nan nan -6.143266 -2.459169 19.994522 3.977631 8.921637 3.872919 14.267322 3.496414 -6.478768 nan nan nan 3.298721 9.208470 4.796231 1.227000 -2.757732 8.107802 -1.296251 2.238216 1.606614 2.722676 3.088082 5.949946 -4.599482 -1.633119 3.145910 -21.749265 10.824238 -3.234619 -71.482575 7.237191 12.333551 17.822817 -21.626885 -8.467120 -16.846964 -12.266222 2.353637 20.611611 -0.169091 0.937278 62.565941 10.138946 11.314587 -17.780046 32.345703 -19.372875 5.637048 13.153388 -6.708109 
-40.403679 8.178720 96.830528 -50.673179 1.774864 87.351594 4.431665 0.313038 -20.919487 -2.589367 7.168003 0.827247 0.126348 9.157954 -3.244843 nan nan nan -6.144689 -2.154274 20.249168 3.954167 8.996172 4.557828 14.350966 3.524199 -6.654389 nan nan nan 2.961467 9.292078 4.786710 1.275239 -2.779496 8.178588 -1.281401 2.222859 1.571160 2.829270 3.215624 5.841057 -4.434590 -1.684533 3.214731 -21.659089 10.837390 -3.328069 -71.409675 7.154752 12.410723 17.782727 -21.777046 -8.375490 -16.944943 -12.323746 2.118157 20.797555 -0.160060 0.923839 62.522734 10.064957 11.571164 -17.817382 32.470466 -18.944885 5.663039 13.197820 -6.679922 
-41.055878 7.484975 96.748520 -50.638834 1.679250 87.312594 4.505806 -0.100861 -21.136148 -2.650365 7.172643 2.058402 0.601090 9.344024 -3.048711 nan nan nan -6.234083 -1.892244 20.438080 3.958624 9.179297 5.363620 14.481120 3.530607 -6.694245 nan nan nan 2.538480 9.391770 4.756712 1.356865 -2.812235 8.411741 -1.258259 2.220057 1.325606 2.816771 3.213958 5.777423 -4.228977 -1.662648 3.249951 -21.683411 10.795230 -3.292370 -71.285512 7.042025 12.487215 17.848919 -21.965607 -8.383207 -16.790197 -12.462080 1.951135 21.015365 -0.262923 0.946709 62.467705 9.926333 11.715145 -17.939518 32.735421 -18.661649 5.656394 13.177959 -6.795313 
-41.720013 6.754609 96.674286 -50.661407 1.537737 87.278927 4.525346 -0.519836 -21.271296 -2.737355 7.545730 3.286151 1.079716 9.575224 -2.808727 nan nan nan -6.485783 -1.781162 20.528459 4.042931 9.261378 6.319518 14.735106 3.649908 -6.695021 nan nan nan 2.082608 9.584482 4.724521 1.407590 -2.822038 8.625978 -1.201319 2.153590 1.093522 2.952918 3.218227 5.696646 -4.176596 -1.554974 3.209824 -21.634607 10.823427 -3.268158 -71.205204 6.929291 12.579686 17.870238 -22.189534 -8.646967 -16.761314 -12.404159 1.909628 21.188579 -0.472501 0.890053 62.492766 9.820358 11.841655 -17.998422 32.951251 -18.813206 5.807833 13.049769 -7.090167 
-42.389645 5.984469 96.603470 -50.604990 1.397070 87.305151 4.370905 -0.825969 -21.444971 -2.730010 7.821746 4.460807 1.303103 9.889696 -2.325434 nan nan nan -6.770315 -1.720416 20.488139 4.182247 9.171192 7.417028 14.908881 3.892087 -6.671603 nan nan nan 1.653624 9.710132 4.573535 1.436032 -2.869646 8.745397 -1.151264 2.063755 1.026505 3.101830 3.145868 5.731338 -4.137801 -1.384033 3.014305 -21.591772 10.853494 -3.270339 -71.052855 6.817446 12.712158 17.780377 -22.461339 -8.726613 -16.582800 -12.320402 1.712621 21.304287 -0.605019 0.864353 62.649554 9.742882 11.986463 -18.125266 33.002484 -18.976206 5.831826 12.910018 -7.099117 
-43.068089 5.187250 96.551041 -50.440408 1.307211 87.335847 4.192961 -1.047814 -21.539502 -2.744966 8.063138 5.374169 1.450187 10.088418 -1.210469 nan nan nan -6.945046 -1.707305 20.433111 4.252427 9.125650 8.550177 14.999633 4.180571 -6.404891 nan nan nan 1.304993 9.793986 4.409573 1.471164 -2.923358 8.825670 -1.121846 1.976024 0.963969 3.082142 3.085108 5.783075 -3.933034 -1.258793 2.868165 -21.619770 10.696802 -3.189688 -70.853384 6.727736 12.817247 17.758853 -22.712105 -8.819797 -15.963743 -12.445291 1.367100 21.444129 -0.644495 0.956902 62.754300 9.539462 12.073245 -18.293934 33.123546 -19.009289 5.601232 12.906210 -7.002957 
-43.783165 4.354805 96.511040 -50.296179 1.222044 87.341268 4.066144 -1.240083 -21.469109 -2.801627 8.378672 5.985932 1.926835 10.093461 0.119706 nan nan nan -7.087559 -1.745078 20.378683 4.253286 9.100728 9.716594 15.180137 4.378924 -6.058909 nan nan nan 0.949681 9.862439 4.191041 1.483234 -2.952443 8.981146 -1.114797 1.952019 0.904911 3.105112 3.042345 5.729682 -3.772903 -1.206914 2.895413 -21.561872 10.534613 -3.160623 -70.737761 6.649797 12.894259 17.817104 -22.956486 -8.925941 -15.758654 -12.499419 1.296406 21.629571 -0.740401 1.015760 62.868784 9.329337 12.180035 -18.508882 33.185222 -19.086727 5.845714 12.652647 -6.720055 
-44.497459 3.513439 96.494537 -50.143593 1.158627 87.415367 3.919587 -1.435847 -21.442333 -2.748419 8.540621 6.523810 2.260636 10.044673 1.028093 nan nan nan -7.146959 -1.737518 20.127727 4.182787 9.018588 11.026374 15.533249 4.487027 -5.675504 nan nan nan 0.588525 9.892000 3.981105 1.484318 -2.984713 9.051830 -1.108581 1.917488 0.765205 3.129899 3.007133 5.800080 -3.635455 -1.186994 2.868987 -21.497439 10.496167 -3.177742 -70.601064 6.591895 12.876578 17.868915 -23.161048 -9.037020 -15.990697 -12.470317 1.753311 21.814851 -0.853974 1.127303 62.990759 9.096664 12.267766 -18.697495 33.195968 -19.069241 6.245649 12.540637 -6.278946 
-45.189838 2.669156 96.511536 -49.940250 1.125219 87.469144 3.770931 -1.650401 -21.391990 -2.701232 8.319299 7.080824 2.165376 10.011371 1.626631 nan nan nan -7.174363 -1.784619 19.770410 4.192756 8.846646 12.533680 15.825750 4.430637 -5.051704 nan nan nan 0.288937 9.902845 3.872033 1.516169 -2.983101 8.953806 -1.076103 1.880786 0.793310 3.088248 2.877262 5.758436 -3.519417 -1.113867 2.810344 -21.627853 10.267247 -3.261285 -70.259411 6.568524 12.892278 17.805175 -23.365541 -9.011076 -15.632371 -12.709219 1.709770 21.935342 -0.936529 1.005228 63.068734 8.646676 12.271235 -18.640220 33.244374 -18.886429 6.070413 12.599627 -6.196843 
-45.870663 1.805374 96.560371 -49.695572 1.037904 87.418690 3.587765 -1.989675 -21.139175 -2.740274 8.034497 7.560284 2.182561 9.905916 2.342337 nan nan nan -7.333148 -1.899715 19.417882 4.310691 8.454446 14.243015 16.104215 4.348473 -4.234440 nan nan nan -0.000419 9.821337 3.863700 1.502721 -3.004998 8.876659 -1.056057 1.879075 0.853522 2.975731 2.732754 5.681216 -3.373484 -0.962370 2.745708 -21.768132 9.999982 -3.328287 -69.844380 6.479220 13.065666 17.620216 -23.463420 -8.857318 -14.939517 -13.097251 1.332984 22.094332 -1.031585 0.906928 63.159727 8.286587 12.251169 -18.554161 33.184091 -18.700592 5.770092 12.720304 -6.224885 
-46.540230 0.928695 96.626488 -49.465330 0.893623 87.392848 3.320559 -2.265825 -20.896300 -2.830411 7.815091 8.134896 2.544019 9.693490 2.909693 nan nan nan -7.626029 -1.977647 18.893489 4.462182 7.901576 16.150445 16.313259 4.452824 -3.248350 nan nan nan -0.318385 9.675975 3.755676 1.473244 -2.945789 8.933405 -1.123850 1.854818 0.842423 2.947649 2.674025 5.659588 -3.328950 -0.925022 2.773246 -21.826882 9.848036 -3.406137 -69.522099 6.293986 13.208588 17.543344 -23.531102 -8.824616 -14.524864 -13.344938 1.603445 22.295906 -1.144433 0.825683 63.307811 7.974535 12.212021 -18.495820 33.004444 -18.681527 5.639256 12.744521 -5.838950 
-47.210987 0.056153 96.707489 -49.095777 0.692611 87.463622 2.989051 -2.645346 -20.745055 -2.980921 7.595960 8.751869 3.212408 9.506966 3.117378 nan nan nan -7.875450 -1.884637 18.199656 4.563496 7.090551 18.171197 16.567192 4.545210 -2.014480 nan nan nan -0.751521 9.459949 3.528747 1.447366 -2.938979 8.991966 -1.193819 1.833435 0.802969 2.937142 2.640501 5.753376 -3.176987 -0.963866 2.798896 -21.768069 9.731209 -3.464425 -69.243457 6.046209 13.415150 17.385425 -23.553005 -8.701490 -14.020877 -13.672986 1.639889 22.502167 -1.194510 0.818850 63.531005 7.594867 12.204963 -18.531021 32.770812 -18.782441 5.354891 12.722672 -5.528538 
-47.876179 -0.816422 96.802307 -48.603169 0.445637 87.525458 2.622341 -3.226313 -20.465853 -3.151019 7.400274 9.165183 4.041595 9.483237 2.998901 nan nan nan -8.076248 -1.604418 17.438600 4.707753 5.984262 20.331576 16.867369 4.419522 -0.611911 nan nan nan -1.304281 9.182186 3.382419 1.495863 -2.980247 8.959429 -1.222881 1.809977 0.724926 2.859484 2.600209 5.904335 -2.920138 -0.920974 2.804963 -21.694141 9.539764 -3.538866 -68.951453 5.928975 13.756039 17.288951 -23.608028 -8.330268 -13.739874 -14.154396 1.171989 22.624442 -1.247157 0.722570 63.800942 7.103183 12.316137 -18.602522 32.468854 -18.838775 5.213540 12.708469 -5.463380 
-48.516048 -1.696669 96.912659 -48.013913 0.207421 87.598066 2.145510 -3.766955 -20.157172 -3.188411 7.238323 9.470765 4.894948 9.515229 2.870117 nan nan nan -8.305977 -1.441175 16.501661 4.782052 4.503293 22.684381 17.347174 4.189855 1.071662 nan nan nan -1.852893 8.859023 3.209814 1.604094 -3.061534 9.085543 -1.273866 1.726235 0.493018 2.690142 2.519961 6.040933 -2.669648 -0.637054 2.834583 -21.629359 9.303406 -3.624169 -68.741181 5.917693 14.179692 17.404797 -23.639128 -8.171471 -13.666274 -14.474756 0.903106 22.721732 -1.399728 0.462569 64.110360 6.594362 12.656363 -18.748640 32.040874 -18.697697 5.317251 12.576575 -5.501188 
-49.182861 -2.586701 97.046188 -47.426987 0.113518 87.682355 1.783073 -4.164438 -19.845577 -3.160423 7.108173 9.757302 5.428571 9.606471 2.856958 nan nan nan -8.424445 -1.429215 15.448505 4.717166 2.992803 25.058195 17.821237 3.947686 3.136468 nan nan nan -2.267378 8.517987 2.911438 1.749840 -3.119682 9.291769 -1.310228 1.700962 0.331597 2.435743 2.356217 6.222283 -2.380080 -0.438078 2.796505 -21.615388 8.942707 -3.604220 -68.595081 5.799847 14.388081 17.585930 -23.618296 -8.481800 -13.289670 -14.284327 1.317326 22.788731 -1.470934 0.473696 64.354094 6.166143 12.605693 -18.879135 31.747330 -18.704339 5.625458 12.314621 -5.184992 
-49.882145 -3.457409 97.188416 -46.893480 0.075154 87.596115 1.605782 -4.758434 -19.230204 -3.263148 6.982574 9.863645 5.947289 9.900055 2.757653 nan nan nan -8.418366 -1.377599 14.555614 4.553448 1.790067 27.359812 17.943887 3.561938 5.304223 nan nan nan -2.554596 8.240581 2.776437 1.806034 -3.168395 9.442275 -1.349614 1.718554 0.314255 2.319283 2.289847 6.314365 -2.167441 -0.603813 2.702643 -21.595488 8.515028 -3.668574 -68.390341 5.476419 14.452195 17.611624 -23.542214 -8.682125 -13.479557 -14.732872 1.994654 22.880445 -1.307786 0.506913 64.602755 5.640703 12.365458 -19.032880 31.402163 -18.885864 6.005159 12.205528 -4.473908 
-50.494083 -4.216267 97.320221 -46.196460 0.236050 87.754306 1.531916 -4.889836 -19.149735 -3.368429 6.450646 10.354038 6.309481 9.709209 2.410110 nan nan nan -8.030315 -1.332620 13.255597 4.294081 0.481615 29.853385 17.761447 2.932350 7.341517 nan nan nan -2.656755 7.714084 2.599781 1.919480 -3.181293 9.414109 -1.426661 1.688906 0.251729 2.249172 2.230231 6.378711 -2.149753 -0.666119 2.742749 -21.589261 8.179812 -3.731364 -68.285749 5.150249 14.447437 17.868034 -23.638942 -9.184244 -14.002782 -14.398456 2.161139 22.884144 -1.153972 0.464342 64.879748 5.104508 12.303971 -19.079453 30.983319 -18.844091 6.215498 11.958225 -4.310986 
-51.095707 -5.137293 97.474609 -45.794927 -0.215696 87.597212 0.886784 -5.391435 -18.328539 -3.616776 6.205418 10.293854 6.737197 9.883823 2.222790 nan nan nan -8.606573 -1.334326 12.190340 4.177369 -0.271107 32.447198 17.553938 2.390064 9.125039 nan nan nan -3.296432 7.492854 2.738663 1.995208 -3.145943 9.410098 -1.498420 1.675712 0.116290 2.044274 2.110888 6.662133 -1.953056 -0.543268 2.628038 -21.481064 7.921002 -3.517058 -68.205106 4.581273 14.615291 18.103694 -23.668189 -9.832717 -14.102684 -14.051290 1.404207 22.986993 -1.265871 0.578258 65.096333 4.793902 12.220887 -19.096163 30.682123 -18.896578 6.370790 11.546803 -4.093185 
-51.719288 -5.938250 97.613991 -45.322113 -0.298365 87.507382 0.692144 -5.687159 -17.624600 -3.877540 5.913123 10.226920 7.229690 10.008271 2.094150 nan nan nan -8.434486 -1.184163 11.070568 3.856013 -0.937447 34.928550 17.097810 1.796946 10.744022 nan nan nan -3.600069 7.231484 2.926219 2.094743 -3.070988 9.279672 -1.558128 1.586636 0.079859 2.059861 2.150117 6.806481 -1.929838 -0.755602 2.558070 -21.236266 7.526156 -3.395369 -68.215029 4.169823 14.737004 18.185375 -23.663460 -9.913737 -13.969121 -13.995211 1.228164 23.010258 -1.292917 0.443293 65.457823 4.305005 12.165585 -19.197528 30.364447 -18.785771 6.377715 11.227317 -4.266029 
-52.330662 -6.702345 97.728371 -44.936645 -0.354470 87.391253 0.511993 -5.878914 -16.848201 -4.106474 5.634544 10.075418 7.811263 10.203894 1.903333 nan nan nan -8.208464 -1.049595 9.842067 3.611414 -1.262480 37.526235 16.316597 1.180253 12.387935 nan nan nan -3.837502 6.952259 3.256441 2.129987 -2.942482 8.967723 -1.615969 1.483337 0.138814 2.264837 2.294678 6.773367 -2.104049 -1.017724 2.561560 -20.986462 7.276976 -3.475234 -68.192393 3.933539 14.846914 18.210036 -23.801946 -9.697191 -13.675242 -14.057079 1.217655 23.058767 -1.394499 0.194679 65.772216 3.889875 12.266287 -19.103023 29.934786 -18.367476 6.352632 11.015088 -4.399962 
-52.930115 -7.441726 97.812820 -44.584297 -0.488596 87.301604 0.276949 -6.107629 -16.099924 -4.346784 5.450921 9.950622 8.332426 10.413190 1.536348 nan nan nan -8.146347 -0.996640 8.422414 3.505753 -1.383662 40.328721 15.647020 0.605339 13.765911 nan nan nan -4.116593 6.692690 3.431652 2.101803 -2.846684 8.829941 -1.670300 1.410260 0.226033 2.427501 2.534438 6.584851 -2.211459 -1.192132 2.777273 -20.856508 6.968783 -3.650691 -68.012840 3.631427 14.948568 18.253921 -23.877767 -9.781260 -13.745800 -14.243127 1.213151 23.186920 -1.480056 0.009792 66.088668 3.652941 12.320242 -19.085530 29.385750 -18.228752 6.429281 10.870915 -4.217897 
-53.504360 -8.173851 97.890800 -44.202034 -0.731600 87.195674 -0.130375 -6.242757 -15.337317 -4.543810 5.223677 9.831314 8.725825 10.466951 1.078690 nan nan nan -8.308363 -0.939792 6.951437 3.526021 -1.488920 43.217108 15.443279 0.133305 14.608601 nan nan nan -4.529768 6.333037 3.606486 2.095243 -2.729639 8.817694 -1.667791 1.439526 0.272763 2.340096 2.730625 6.375863 -2.227285 -1.442206 2.916063 -20.809148 6.543078 -3.977148 -67.764399 3.266599 15.241329 18.242257 -23.718080 -10.054156 -13.493789 -14.650936 1.563964 23.379068 -1.527687 -0.182142 66.289309 3.410527 12.292303 -19.096953 28.887238 -18.478164 6.425651 10.843862 -3.931499 
-54.090218 -8.906940 97.983047 -43.866329 -0.923862 86.981693 -0.545849 -6.209124 -14.358792 -4.713241 4.694120 9.572047 8.915749 10.589683 0.595410 nan nan nan -8.291738 -0.676640 5.713098 3.667400 -1.515014 45.857075 15.241672 -0.236906 14.505794 nan nan nan -4.834672 5.948247 3.929563 2.061560 -2.593184 8.777784 -1.735858 1.490589 0.335209 2.250396 2.859257 6.154911 -2.169813 -1.570038 2.997272 -20.771203 6.192750 -4.159590 -67.411338 2.788293 15.411095 18.115265 -23.919605 -10.137475 -12.280996 -14.863018 2.092659 23.675544 -1.483545 -0.183593 66.343149 3.289900 12.157469 -18.901485 28.460571 -18.699088 6.019048 10.758746 -3.869057 
-54.671223 -9.623836 98.081009 -43.597937 -1.015543 86.642493 -0.838042 -6.187624 -13.130097 -4.864283 4.219021 9.076365 9.013394 10.805520 0.299942 nan nan nan -8.093354 -0.312329 4.610058 3.906213 -1.522817 48.370373 14.888333 -0.334883 13.938295 nan nan nan -4.953199 5.624949 4.499170 1.986279 -2.497520 8.640586 -1.793798 1.465182 0.364265 2.186834 2.996007 5.982648 -2.190773 -1.505738 3.029641 -20.742178 5.964507 -4.279288 -67.109442 2.164079 15.405465 17.880084 -24.098307 -10.355966 -11.543505 -14.891909 2.313596 23.909606 -1.441086 -0.168347 66.394328 3.251710 12.078760 -18.674884 27.999468 -18.763456 5.966980 10.620959 -3.733576 
-55.255932 -10.315145 98.177231 -43.395975 -1.111503 86.305852 -0.990975 -6.194401 -11.839591 -5.136875 4.067365 8.435112 9.163788 10.868503 0.156318 nan nan nan -7.999305 -0.114897 3.412545 4.237878 -1.462374 50.871819 14.446159 -0.192801 13.356474 nan nan nan -5.158376 5.434389 4.958836 1.990405 -2.373057 8.744249 -1.773974 1.374866 0.248976 2.093511 3.063820 5.907645 -2.285302 -1.531560 3.024285 -20.775504 5.705743 -4.448504 -66.837073 1.561854 15.565599 17.815274 -24.116684 -10.615794 -11.698686 -14.871713 2.476308 24.086703 -1.465386 -0.261505 66.438002 3.158568 12.290984 -18.630204 27.540114 -18.745548 6.216171 10.518656 -3.959493 
-55.784431 -10.970718 98.265770 -42.975629 -1.035231 86.282581 -1.244836 -5.179706 -11.214247 -5.114365 3.216995 8.430768 9.048920 10.386809 -0.346357 nan nan nan -7.778001 -0.175479 1.909351 4.517119 -1.521914 53.214137 13.971533 0.116601 12.538158 nan nan nan -5.191395 4.848113 5.033359 2.046326 -2.176533 8.908064 -1.831928 1.349530 0.141461 1.982696 3.196440 5.881581 -2.379938 -1.623413 3.087571 -20.899092 5.366970 -4.653582 -66.481307 1.089830 15.716170 17.786475 -24.194025 -10.898648 -11.922196 -14.876043 2.976683 24.273903 -1.438965 -0.394296 66.356703 2.949645 12.453598 -18.449715 27.138093 -18.344879 6.403662 10.460636 -4.302951 
-56.402878 -11.711925 98.403549 -42.871501 -1.116798 85.805021 -1.498645 -5.223097 -9.730019 -5.176835 2.827533 7.934481 9.147986 10.713868 -0.684839 nan nan nan -7.717885 -0.177430 1.089584 4.883093 -1.232988 55.034865 13.349732 0.241849 11.814712 nan nan nan -5.217134 4.664416 5.557064 1.970437 -2.066078 8.949149 -1.898594 1.318538 0.116188 1.836036 3.273186 6.082996 -2.402934 -1.660086 2.913756 -21.022785 5.193269 -4.857324 -66.092236 0.477867 15.813739 17.696949 -24.300490 -11.207238 -12.084777 -14.998188 3.372992 24.461129 -1.456756 -0.500184 66.392005 2.810315 12.644585 -18.373804 26.675459 -18.072241 6.777797 10.180119 -4.138570 
-56.957363 -12.402194 98.550880 -42.479628 -1.116845 85.499022 -1.723015 -5.120784 -8.625499 -5.190196 2.300944 7.641581 9.164993 10.819855 -0.909890 nan nan nan -7.516850 -0.184997 0.136373 5.188511 -1.252777 56.629650 12.642379 0.429392 11.057324 nan nan nan -5.205360 4.269116 6.037699 1.924098 -2.103882 8.871991 -1.939131 1.259467 0.050255 1.593291 3.401074 6.283338 -2.401407 -1.577404 2.782386 -21.156271 5.056631 -4.960971 -65.694939 -0.076069 15.900842 17.584466 -24.586264 -11.400252 -11.924222 -14.955224 3.796296 24.569176 -1.374702 -0.516331 66.435868 2.730692 12.857827 -18.198342 26.060971 -17.978660 6.798255 10.103854 -4.310309 
-57.503532 -13.091305 98.711388 -42.081257 -0.976209 85.205253 -1.787301 -4.910598 -7.381495 -5.228373 1.540348 7.062514 9.191564 10.926455 -0.965852 nan nan nan -7.102620 0.016732 -0.784865 5.485261 -1.385799 57.989972 12.167746 0.601234 10.239056 nan nan nan -5.093935 3.831272 6.424744 1.937278 -2.122507 8.889876 -1.931556 1.199541 -0.033355 1.324074 3.550282 6.485743 -2.400490 -1.484417 2.612864 -21.264103 4.917677 -5.067874 -65.406568 -0.635005 15.994494 17.474314 -24.746855 -11.463656 -11.642065 -15.009346 4.096317 24.601758 -1.282217 -0.545118 66.443529 2.606722 13.027045 -17.966282 25.490545 -17.803879 6.807067 10.258149 -4.830365 
-58.047340 -13.793795 98.876717 -41.679434 -0.746189 84.999590 -1.718621 -4.834299 -6.219189 -5.272573 0.787810 6.471885 9.312794 11.084861 -1.027104 nan nan nan -6.679502 0.249210 -1.785543 5.728385 -1.702202 59.144575 11.859157 0.816304 9.763217 nan nan nan -4.878892 3.443814 6.569271 2.005815 -2.146192 9.045413 -1.969643 1.096177 -0.112949 1.089352 3.650074 6.742211 -2.353622 -1.509544 2.540000 -21.380736 4.686239 -5.117120 -65.147822 -1.255343 16.046691 17.362102 -24.818355 -11.629225 -11.662476 -15.366528 4.219587 24.656890 -1.152289 -0.571602 66.414775 2.400251 13.032173 -17.793240 24.986358 -17.539056 7.091936 10.451519 -4.961712 
-58.557659 -14.503381 99.040314 -41.157105 -0.544897 84.986431 -1.749298 -4.794557 -5.488567 -5.185074 0.242749 6.267299 9.383064 11.122789 -1.277243 nan nan nan -6.394550 0.416107 -3.022083 5.924506 -2.229666 60.188809 11.637257 1.065698 9.479089 nan nan nan -4.685040 2.963003 6.449531 2.092065 -2.216749 9.291651 -1.992638 0.939564 -0.222677 0.760284 3.719877 7.048783 -2.295937 -1.502008 2.414812 -21.537741 4.355400 -5.223303 -64.959824 -1.740542 16.049016 17.339852 -24.927679 -12.277900 -11.618571 -15.780978 4.533757 24.627299 -1.086365 -0.601754 66.378993 2.245624 12.895417 -17.426305 24.532652 -17.239622 7.249405 10.616724 -4.648723 
-59.098747 -15.223244 99.203087 -40.642078 -0.376150 84.931731 -1.818026 -4.721490 -4.687256 -5.068259 -0.240371 6.044870 9.427413 11.126297 -1.620452 nan nan nan -6.168924 0.521726 -4.165140 6.126728 -2.743155 61.046672 11.495407 1.186084 9.031014 nan nan nan -4.619179 2.513439 6.313044 2.182294 -2.250916 9.536050 -1.896329 0.777109 -0.308488 0.423277 3.808426 7.351921 -2.200986 -1.396165 2.328541 -21.569368 3.848904 -5.274148 -64.947234 -2.090699 15.978585 17.544000 -25.043942 -13.220513 -11.822679 -15.992995 4.971681 24.548305 -1.001586 -0.542295 66.365722 2.088101 12.627744 -17.160676 24.231393 -17.065149 7.726410 10.583284 -4.362074 
-59.658092 -15.971002 99.362549 -40.129663 -0.222852 84.795639 -1.912653 -4.712052 -3.661360 -4.942906 -0.907103 5.616327 9.403852 11.263008 -1.853842 nan nan nan -5.965792 0.540211 -5.107328 6.420725 -3.122578 61.649512 11.133228 1.201763 8.286834 nan nan nan -4.536221 2.152103 6.228635 2.276036 -2.255696 9.824917 -1.852874 0.603780 -0.430892 0.165588 3.775608 7.584813 -2.153669 -1.313090 2.307947 -21.585811 3.417787 -5.223210 -64.857429 -2.502979 15.959116 17.808246 -25.267079 -13.865279 -12.292466 -16.216989 5.056046 24.509247 -0.919711 -0.610758 66.429252 1.732802 12.475004 -17.162544 24.015733 -17.016145 8.400453 10.480351 -4.022206 
-60.194427 -16.712761 99.504326 -39.467833 -0.016759 84.714793 -1.958210 -4.650338 -2.788652 -4.799413 -1.665393 5.317362 9.302853 11.322435 -2.184129 nan nan nan -5.802341 0.457596 -6.157254 6.797520 -3.586992 62.169708 10.789767 1.246212 7.666371 nan nan nan -4.345703 1.634807 6.204397 2.359438 -2.328908 9.990951 -1.907082 0.466847 -0.523028 0.042399 3.773028 7.596719 -2.187728 -1.354570 2.475757 -21.568475 3.240585 -5.298597 -64.754663 -2.930188 16.050473 17.896166 -25.590587 -14.047346 -12.466893 -16.585160 5.327054 24.455244 -0.960379 -0.762677 66.492428 1.392319 12.370760 -16.943515 23.827937 -16.937563 8.599960 10.438617 -3.698844 
-60.723484 -17.439253 99.638229 -38.825222 0.278951 84.659323 -1.818996 -4.552432 -2.006847 -4.713982 -2.196231 5.080786 9.101064 11.256490 -2.582240 nan nan nan -5.521710 0.434260 -7.304339 7.042175 -4.097973 62.618553 10.691930 1.296206 7.112355 nan nan nan -4.070358 1.124005 6.229890 2.455044 -2.460906 10.010429 -1.950852 0.310429 -0.512136 -0.094885 3.989217 7.629839 -2.151488 -1.409654 2.620644 -21.499752 3.215407 -5.380068 -64.787164 -3.477922 16.140938 17.905788 -25.982585 -14.366109 -12.402549 -16.481665 6.172482 24.434549 -1.069646 -0.754218 66.483115 1.308415 12.268044 -16.704012 23.618371 -16.810219 8.633217 10.490740 -3.537552 
-61.255089 -18.150412 99.774460 -38.391840 0.537463 84.615104 -1.671923 -4.473884 -1.212136 -4.622374 -2.668166 4.807802 8.765095 11.345946 -2.965403 nan nan nan -5.086367 0.629350 -8.442913 7.144039 -4.415111 62.871157 10.400118 1.240302 6.349622 nan nan nan -3.878729 0.765852 6.304792 2.573446 -2.488549 9.804043 -1.897091 0.192726 -0.398370 -0.375179 4.086958 7.834159 -1.998263 -1.354829 2.609695 -21.508999 3.125421 -5.280051 -64.757706 -4.104920 16.192472 17.876418 -26.527578 -14.897289 -12.146011 -16.162512 6.345383 24.387504 -1.162604 -0.608974 66.454853 1.229030 12.172779 -16.541333 23.502350 -16.517284 8.606430 10.409031 -3.609556 
-61.810326 -18.858608 99.895157 -38.002594 0.707924 84.531706 -1.594524 -4.391321 -0.293568 -4.577364 -3.238516 4.421960 8.612452 11.519166 -3.257949 nan nan nan -4.730189 0.773559 -9.476372 7.237975 -4.656062 62.906425 9.981912 1.035290 5.489967 nan nan nan -3.821014 0.479108 6.423622 2.669803 -2.474821 9.613886 -1.796320 0.076837 -0.371620 -0.498126 4.054966 8.007713 -1.924284 -1.303058 2.664594 -21.455114 3.009679 -5.142725 -64.741264 -4.640959 16.260968 17.884056 -27.057217 -15.028714 -11.892639 -16.234853 6.203303 24.289460 -1.270587 -0.477306 66.494017 1.013470 12.068625 -16.337129 23.474375 -16.060470 8.480886 10.427012 -3.742316 
-62.390717 -19.570570 100.000328 -37.538363 0.954284 84.384974 -1.380223 -4.366558 0.754607 -4.636528 -3.872169 3.932276 8.650496 11.651453 -3.428856 nan nan nan -4.417780 0.815647 -10.341035 7.455087 -4.984768 62.701359 9.619672 0.814193 4.752278 nan nan nan -3.748073 0.076184 6.473357 2.807727 -2.486890 9.527099 -1.715784 0.068018 -0.185426 -0.563251 4.091809 8.033274 -1.903438 -1.399518 2.656173 -21.386518 2.946291 -5.194583 -64.711988 -5.317080 16.342731 17.630970 -27.404312 -15.025720 -11.639104 -16.608598 6.205685 24.205134 -1.383739 -0.432251 66.522961 0.777996 11.831645 -16.136048 23.592896 -15.783628 8.555669 10.424833 -3.686517 
-62.926311 -20.273825 100.098763 -37.062852 1.184597 84.301317 -1.231298 -4.337753 1.661243 -4.587801 -4.503515 3.548900 8.563401 11.830159 -3.744251 nan nan nan -4.175635 0.908919 -11.237387 7.696962 -5.322012 62.320764 9.219869 0.714204 4.202648 nan nan nan -3.684008 -0.333269 6.514875 2.958345 -2.502122 9.476243 -1.620343 0.050412 -0.083630 -0.694693 4.142219 8.010723 -1.892162 -1.423671 2.710189 -21.393772 2.925896 -5.244816 -64.640685 -6.004656 16.528008 17.272916 -27.956095 -15.167984 -11.205155 -16.780942 6.208022 24.127510 -1.523747 -0.401807 66.526380 0.597063 11.668217 -15.960306 23.597208 -15.494776 8.559862 10.544477 -3.636486 
-63.448013 -20.970980 100.190147 -36.616676 1.373979 84.205737 -1.148935 -4.219174 2.546129 -4.454511 -5.064825 3.206235 8.423400 12.081693 -4.157852 nan nan nan -3.928772 0.981184 -12.085279 7.746955 -5.605371 61.785334 8.694049 0.434497 3.565055 nan nan nan -3.613218 -0.668451 6.644217 3.057476 -2.535662 9.360705 -1.518456 -0.047753 -0.005872 -0.755686 4.143459 7.897821 -1.930805 -1.396677 2.890312 -21.413961 2.907740 -5.296317 -64.548328 -6.541979 16.775728 17.006641 -28.630675 -15.094490 -10.567463 -16.870572 6.083636 24.078929 -1.659919 -0.434773 66.432482 0.375220 11.648481 -15.648163 23.585816 -15.193184 8.541762 10.645952 -3.849606 
-64.006744 -21.652594 100.276672 -36.119330 1.662327 84.129271 -0.882149 -4.024331 3.338969 -4.394660 -5.534656 3.000455 8.217401 12.178874 -4.615374 nan nan nan -3.578503 1.103862 -12.847535 7.695044 -5.994387 60.997741 8.260532 0.099018 2.963951 nan nan nan -3.484745 -1.074827 6.736372 3.183455 -2.608432 9.240378 -1.397898 -0.135192 0.111658 -0.747214 4.322092 7.855135 -2.001530 -1.525855 2.849861 -21.441576 2.861805 -5.423077 -64.438188 -6.929098 16.971519 16.829967 -29.154828 -15.122979 -10.182692 -17.275182 5.948673 24.068085 -1.682479 -0.472508 66.324119 0.060399 11.624423 -15.541350 23.671429 -14.962080 8.591694 10.635272 -4.072733 
-64.560066 -22.345018 100.345436 -35.617949 1.951777 84.127176 -0.604563 -3.954122 4.056444 -4.350092 -6.000327 2.809192 8.061592 12.229104 -4.966445 nan nan nan -3.314963 1.217359 -13.651716 7.817952 -6.385889 60.093270 8.025621 -0.012046 2.412434 nan nan nan -3.345261 -1.505379 6.716018 3.358418 -2.675718 9.224723 -1.334715 -0.190456 0.122405 -0.848720 4.500256 7.945638 -1.910300 -1.630197 2.739649 -21.455014 2.855703 -5.435146 -64.391933 -7.359768 17.015776 16.870509 -29.789426 -15.488291 -10.387115 -17.437409 6.235511 24.055969 -1.701422 -0.357744 66.279771 -0.190909 11.545243 -15.509952 23.762735 -14.550622 8.585916 10.593177 -3.628133 
-65.077965 -23.054966 100.380943 -35.248779 2.087474 84.126465 -0.566430 -4.032892 4.865479 -4.226227 -6.673612 2.443218 8.056381 12.368868 -5.122176 nan nan nan -3.301233 1.281199 -14.487752 8.026176 -6.701976 59.136738 7.855519 -0.136001 1.636791 nan nan nan -3.279211 -1.790461 6.722553 3.470090 -2.701501 9.216868 -1.295807 -0.262149 0.059799 -1.010437 4.484822 7.926984 -1.649641 -1.615669 2.785785 -21.381006 2.811288 -5.323522 -64.448464 -7.840345 17.058298 17.030117 -30.412755 -15.856638 -10.387387 -17.438911 6.581841 24.036168 -1.682728 -0.135321 66.238423 -0.367545 11.445221 -15.336801 23.778446 -14.161098 8.405769 10.747915 -3.036131 
-65.598732 -23.756100 100.399811 -34.802660 2.174371 84.132392 -0.536362 -3.943001 5.585780 -4.121262 -7.376109 2.181664 7.986168 12.323054 -5.344072 nan nan nan -3.351165 1.218514 -15.301222 8.053464 -7.029959 58.041459 7.686844 -0.353068 0.960815 nan nan nan -3.306598 -2.097606 6.775362 3.575566 -2.747099 9.158679 -1.223039 -0.338786 0.074411 -1.057296 4.503642 7.672225 -1.513518 -1.622873 2.961664 -21.302979 2.813857 -5.349542 -64.413168 -8.336113 17.223677 16.844852 -30.987565 -16.002013 -10.042869 -17.513348 6.687436 24.044606 -1.752229 -0.066348 66.093919 -0.519840 11.375967 -15.087476 23.785269 -14.169168 8.531351 10.739898 -3.172082 
-66.123085 -24.457981 100.405899 -34.312566 2.257183 84.108268 -0.483113 -3.663619 6.294342 -3.983002 -7.929599 1.967969 7.828710 12.185301 -5.712529 nan nan nan -3.395668 1.105289 -16.040921 8.006078 -7.315812 56.808020 7.623839 -0.522986 0.544388 nan nan nan -3.354495 -2.415413 6.850414 3.690788 -2.757681 9.095625 -1.147578 -0.447050 0.140307 -1.027398 4.562259 7.398664 -1.453605 -1.649878 3.111636 -21.348314 2.840088 -5.412235 -64.283419 -8.915553 17.399799 16.719761 -31.526365 -16.065282 -9.895411 -17.785428 6.771064 24.095076 -1.937922 -0.146991 65.946796 -0.687636 11.330653 -14.973734 23.793788 -14.185874 8.827650 10.746404 -3.527429 
-66.635361 -25.149881 100.402290 -33.944195 2.356721 84.041974 -0.414428 -3.469521 7.062537 -3.842779 -8.308699 1.708876 7.675490 12.136235 -6.068271 nan nan nan -3.452014 1.121867 -16.703452 8.009602 -7.673599 55.430082 7.661464 -0.743281 0.267124 nan nan nan -3.354046 -2.669834 7.066388 3.787315 -2.725424 8.974196 -1.052931 -0.547609 0.116563 -0.983192 4.656938 7.238598 -1.477811 -1.746699 3.171758 -21.344888 2.855368 -5.453905 -64.264950 -9.506837 17.574077 16.696826 -31.946863 -16.270228 -10.373263 -18.357175 6.828053 24.066676 -2.074402 -0.177997 65.861357 -0.894126 11.270432 -14.813071 23.758272 -14.013381 9.249960 10.731597 -3.458372 
-67.142197 -25.820404 100.395233 -33.625990 2.497634 84.016158 -0.301516 -3.236089 7.708423 -3.647027 -8.698591 1.620421 7.410382 12.008293 -6.508583 nan nan nan -3.442952 1.173279 -17.349903 8.067092 -7.996130 53.875328 7.436106 -0.937441 -0.054111 nan nan nan -3.300881 -2.878335 7.233115 3.914604 -2.662531 8.878575 -0.975513 -0.661911 0.124191 -0.953923 4.825579 7.010253 -1.502529 -1.870438 3.225008 -21.330645 2.807345 -5.383222 -64.224219 -10.105345 17.744890 16.653929 -32.516738 -16.608666 -11.053036 -18.856955 6.717080 24.055282 -2.112414 -0.192911 65.784328 -1.127329 11.243159 -14.652706 23.714773 -13.802021 9.836078 10.558315 -3.112754 
-67.674049 -26.496990 100.388321 -33.294025 2.686463 84.039729 -0.006594 -2.780630 8.309340 -3.543783 -9.180095 1.516244 7.114664 11.696680 -6.954103 nan nan nan -3.332014 1.179750 -17.897000 8.070570 -8.222522 52.074003 6.968328 -0.982312 -0.275200 nan nan nan -3.204167 -3.100970 7.230620 4.035470 -2.622014 8.852500 -0.914610 -0.735191 0.221407 -0.831020 5.049148 6.860653 -1.507919 -2.080474 3.101184 -21.367331 2.711958 -5.295909 -64.092610 -10.641068 17.843405 16.555779 -33.246597 -16.807364 -11.355237 -19.086420 6.815049 24.163798 -2.127470 -0.125986 65.671389 -1.312466 11.081343 -14.584518 23.784710 -13.574706 10.093555 10.374613 -2.667481 
-68.225578 -27.159552 100.380714 -33.029805 2.829130 84.043696 0.303227 -2.360947 8.954514 -3.530268 -9.682612 1.385293 6.755030 11.413103 -7.379329 nan nan nan -3.221761 1.220079 -18.342999 7.968925 -8.417704 50.128482 7.073446 -1.174716 -0.367243 nan nan nan -3.198666 -3.337941 7.204041 4.144381 -2.610375 8.925097 -0.856783 -0.748546 0.213558 -0.800820 5.100247 6.760094 -1.392603 -2.235941 3.052357 -21.376117 2.617303 -5.192707 -63.947807 -11.113608 17.930756 16.506422 -33.869596 -16.902179 -11.137032 -19.210395 6.785253 24.292488 -2.171351 0.019970 65.558689 -1.378367 10.837864 -14.489187 23.896593 -13.397980 9.873806 10.358480 -2.407227 
-68.760941 -27.812304 100.357040 -32.788481 2.934443 84.035534 0.520221 -2.127624 9.586275 -3.515442 -10.038733 1.295141 6.473060 11.360804 -7.826020 nan nan nan -3.164710 1.227975 -18.735471 7.907234 -8.615467 48.049039 7.507774 -1.466417 -0.525093 nan nan nan -3.240321 -3.505593 7.266363 4.265240 -2.623253 8.935312 -0.772931 -0.797648 0.163537 -0.853735 4.996780 6.594490 -1.278697 -2.287238 3.173899 -21.321335 2.612628 -5.108884 -63.931820 -11.574991 18.131308 16.453775 -34.429557 -16.961493 -10.652359 -19.466217 6.473208 24.321108 -2.258448 0.133514 65.493308 -1.465453 10.821736 -14.296082 23.962243 -12.793350 9.160140 10.489278 -1.892942 
-69.277443 -28.474813 100.310188 -32.533988 2.985645 84.041655 0.634678 -1.871881 10.185817 -3.474487 -10.262342 1.171342 6.322287 11.525334 -8.267192 nan nan nan -3.193626 1.212592 -19.055114 7.819007 -8.885799 45.780260 7.856133 -1.721431 -0.671892 nan nan nan -3.340226 -3.627236 7.305903 4.388320 -2.634964 8.994393 -0.657993 -0.825953 0.134369 -0.852062 4.987242 6.421677 -1.262841 -2.334814 3.163382 -21.290028 2.590757 -5.117668 -63.980472 -12.098436 18.405299 16.474998 -34.856883 -17.038316 -10.466023 -19.851588 6.413870 24.301982 -2.230745 0.188316 65.454280 -1.603688 10.903925 -14.136567 23.874088 -12.380992 8.888518 10.675142 -1.540214 
-69.792389 -29.146301 100.251907 -32.273405 2.947528 84.085973 0.629319 -1.550021 10.785244 -3.400212 -10.553257 0.973311 6.237970 11.663838 -8.628867 nan nan nan -3.301730 1.086089 -19.371622 7.727723 -9.096635 43.457202 8.258942 -2.082717 -0.851553 nan nan nan -3.494031 -3.780438 7.300532 4.488401 -2.658942 9.020863 -0.569691 -0.822467 0.182630 -0.889828 5.066195 6.192877 -1.185014 -2.364680 3.135166 -21.258955 2.495964 -5.147958 -63.963001 -12.556615 18.667375 16.546164 -35.255312 -17.099425 -10.384439 -20.195605 6.359464 24.285120 -2.171299 0.064124 65.469863 -1.807520 10.974007 -14.078659 23.719132 -12.332591 8.937941 10.683969 -1.555070 
-70.317451 -29.814209 100.177162 -32.067632 2.923148 84.169903 0.674012 -1.415358 11.381692 -3.358267 -10.852538 0.729112 6.123019 11.640172 -8.847780 nan nan nan -3.354369 0.969880 -19.701827 7.595735 -9.251874 41.049200 8.334114 -2.475686 -0.946656 nan nan nan -3.564700 -3.902123 7.309133 4.541730 -2.701564 8.968369 -0.533804 -0.847951 0.194318 -0.831389 5.188428 6.042830 -1.150847 -2.447095 3.169314 -21.204804 2.559129 -5.122084 -63.848963 -12.992695 18.939491 16.403835 -35.913358 -17.049825 -10.010580 -20.318011 6.214806 24.311505 -2.140160 0.118177 65.531675 -1.914335 11.073831 -14.124090 23.616974 -12.453917 8.585272 10.638061 -1.639927 
-70.856560 -30.489475 100.084648 -31.901814 2.942461 84.261691 0.763847 -1.422566 12.001901 -3.283259 -11.019078 0.412664 5.908204 11.671164 -9.051301 nan nan nan -3.300723 0.900798 -19.919357 7.479954 -9.257283 38.376904 7.880860 -2.812607 -0.732703 nan nan nan -3.628514 -3.918464 7.292860 4.652334 -2.745085 8.908375 -0.472349 -0.863047 0.183658 -0.767555 5.174620 6.004964 -1.135532 -2.582286 3.178767 -21.150813 2.558073 -4.990842 -63.788553 -13.405852 19.278580 16.368437 -36.648699 -16.977223 -9.448212 -20.294187 5.841029 24.255780 -2.153535 0.215651 65.652313 -2.039737 11.132809 -14.272403 23.582700 -12.674122 8.204537 10.632806 -1.941760 
-71.388641 -31.153570 99.980347 -31.716432 2.914507 84.339793 0.778652 -1.288368 12.514738 -3.145580 -11.051779 0.298181 5.780218 11.640228 -9.476115 nan nan nan -3.282242 0.749069 -20.006809 7.432680 -9.063396 35.486567 7.625542 -2.996585 -0.259997 nan nan nan -3.738009 -3.920912 7.375320 4.770433 -2.766007 8.755207 -0.405471 -0.894413 0.173553 -0.732653 5.171473 5.923892 -1.124711 -2.765498 3.183247 -21.010471 2.452762 -4.844836 -63.848836 -13.772325 19.637600 16.532350 -37.189503 -17.071047 -9.159623 -20.219697 5.685145 24.229725 -2.191171 0.290976 65.772728 -2.164119 11.147272 -14.525671 23.563108 -12.853398 8.155553 10.522517 -2.081762 
-71.906624 -31.819597 99.864853 -31.473236 2.824937 84.456922 0.767627 -1.061250 12.934145 -3.053068 -11.190382 0.287481 5.665026 11.432305 -9.936937 nan nan nan -3.371968 0.488620 -20.080799 7.443745 -8.851408 32.562624 7.768309 -3.138918 0.242857 nan nan nan -3.837353 -3.960278 7.398345 4.819192 -2.835101 8.612905 -0.408914 -0.922072 0.207046 -0.705108 5.196758 5.755397 -1.046520 -2.895360 3.189353 -20.900518 2.444118 -4.727572 -63.831374 -14.246797 19.950189 16.448280 -37.676381 -17.024146 -8.657381 -20.291076 5.405750 24.291575 -2.298572 0.356114 65.846085 -2.133925 11.121016 -14.589782 23.414269 -12.968898 8.056587 10.389368 -2.082612 
-72.442688 -32.476608 99.748833 -31.268812 2.723307 84.647836 0.788398 -0.822923 13.362535 -2.981583 -11.357978 0.117622 5.407529 11.062448 -10.139919 nan nan nan -3.423221 0.243552 -20.247243 7.414046 -8.686391 29.699869 7.925689 -3.370256 0.858680 nan nan nan -4.035764 -4.021366 7.189730 4.907092 -2.894115 8.741944 -0.378440 -0.899310 0.116963 -0.620885 5.135371 5.666345 -1.011680 -3.032470 3.217790 -20.880374 2.445848 -4.657747 -63.687507 -14.670419 20.258387 16.281262 -38.168393 -17.077241 -8.465310 -20.434933 5.287724 24.355297 -2.332182 0.407119 65.918113 -2.158284 11.180899 -14.697182 23.164208 -13.340156 8.108043 10.337592 -2.361694 
-72.972992 -33.130863 99.639061 -31.154751 2.563087 84.768246 0.698197 -0.699156 13.909008 -2.904910 -11.424609 -0.132805 5.181913 10.856118 -10.282763 nan nan nan -3.453142 0.052815 -20.294547 7.302461 -8.424488 26.798041 7.994367 -3.561203 1.573115 nan nan nan -4.279090 -4.005109 7.085432 4.985970 -2.922087 8.843296 -0.342002 -0.917630 0.051369 -0.505479 5.064568 5.452742 -1.046659 -3.159190 3.448399 -20.871697 2.462324 -4.630931 -63.557065 -15.079078 20.584870 16.254525 -38.560886 -17.106296 -8.686426 -20.695777 5.318972 24.434648 -2.338595 0.439480 66.007498 -2.149210 11.248358 -14.978208 22.863714 -14.013266 8.624854 10.312433 -2.680211 
-73.511124 -33.816017 99.529030 -31.039734 2.406837 84.838016 0.568397 -0.663343 14.466842 -2.793364 -11.399219 -0.279055 4.964123 10.781605 -10.576226 nan nan nan -3.415944 -0.207068 -20.201641 7.066541 -8.155361 23.830014 8.089927 -3.671659 2.331717 nan nan nan -4.484290 -3.937506 7.058617 5.038766 -3.029833 8.811788 -0.281082 -0.978650 0.052771 -0.494506 5.111595 5.345328 -0.935158 -3.304841 3.511086 -20.885684 2.494836 -4.603452 -63.548380 -15.451036 20.868600 16.399523 -38.739166 -17.121584 -8.841403 -21.001885 5.397724 24.509259 -2.359171 0.505063 66.048957 -2.103229 11.295126 -15.165596 22.601490 -14.404156 8.937619 10.245536 -2.597399 
-74.052605 -34.529545 99.411407 -30.847236 2.279044 84.941920 0.497342 -0.555471 14.905833 -2.685955 -11.366611 -0.236745 4.621903 10.672146 -11.040167 nan nan nan -3.332119 -0.679214 -20.109996 6.783078 -8.007513 20.920593 8.262693 -3.716560 3.044830 nan nan nan -4.646276 -3.924821 6.921108 5.092331 -3.179699 8.831685 -0.228805 -0.972778 0.062786 -0.576662 5.111201 5.313154 -0.709092 -3.421610 3.390190 -20.937312 2.423441 -4.468892 -63.476517 -15.802303 21.076599 16.493107 -38.933885 -17.051126 -8.428766 -21.280043 5.613213 24.588227 -2.399082 0.629202 66.064917 -2.064898 11.175101 -15.216313 22.443968 -14.437723 8.784529 10.234242 -2.241748 
-74.589966 -35.237427 99.285126 -30.637265 2.138830 85.057704 0.469164 -0.315564 15.252915 -2.621072 -11.350149 -0.062811 4.255773 10.391177 -11.544399 nan nan nan -3.223769 -1.168682 -19.968421 6.496103 -7.729615 18.003023 8.472295 -3.686866 3.790979 nan nan nan -4.795428 -3.873054 6.723618 5.137012 -3.259775 8.887360 -0.160527 -0.989168 0.115987 -0.640879 5.033528 5.290052 -0.564610 -3.553292 3.257306 -21.006746 2.307612 -4.250041 -63.255668 -16.268738 21.173877 16.297312 -39.265401 -16.887175 -8.007028 -21.545275 6.109281 24.594056 -2.498900 0.730393 66.108357 -2.034167 10.916449 -15.155277 22.410621 -14.399103 8.503174 10.342984 -1.916840 
-75.110466 -35.925571 99.150520 -30.494831 1.949797 85.187130 0.445770 -0.104083 15.565078 -2.672266 -11.307877 0.119410 3.974892 10.012573 -11.972890 nan nan nan -3.136792 -1.537891 -19.837112 6.172088 -7.365057 15.111071 8.662813 -3.764400 4.572955 nan nan nan -5.003986 -3.806126 6.573643 5.189589 -3.291724 8.846845 -0.081403 -1.062628 0.222967 -0.656547 5.047537 5.270200 -0.542215 -3.607666 3.201466 -21.001600 2.267196 -4.193465 -63.202792 -16.644442 21.395471 16.193462 -39.466847 -16.907469 -7.941702 -21.839546 6.144867 24.554552 -2.646956 0.705288 66.182158 -1.983672 10.877079 -15.144598 22.284673 -14.294322 8.454064 10.337886 -1.819721 
-75.635437 -36.612053 99.005157 -30.497060 1.674066 85.327303 0.309122 0.044090 15.925298 -2.738469 -11.316432 0.220899 3.777241 9.807000 -12.332654 nan nan nan -3.127633 -1.758055 -19.761097 5.823505 -6.978178 12.384738 8.888824 -3.935958 5.178682 nan nan nan -5.296251 -3.663867 6.407327 5.234410 -3.325070 8.933931 -0.024786 -1.129001 0.164982 -0.581376 5.055621 5.188339 -0.505227 -3.602332 3.254832 -20.938271 2.256465 -4.134318 -63.235306 -16.860614 21.665158 16.248506 -39.655599 -16.976095 -8.045091 -21.731518 5.906103 24.541575 -2.769369 0.617633 66.246537 -2.009549 10.947473 -15.262205 22.121895 -14.691568 8.752633 10.227715 -2.511606 
-76.191971 -37.333858 98.861900 -30.412309 1.409174 85.464854 0.149997 0.124121 16.276118 -2.739631 -11.401443 0.384077 3.464726 9.626350 -12.690928 nan nan nan -3.138508 -2.021951 -19.611285 5.456805 -6.668112 9.812616 9.228568 -3.958486 5.548071 nan nan nan -5.563248 -3.513201 6.151742 5.289694 -3.480712 9.131846 -0.018827 -1.234350 0.049315 -0.534418 5.020945 5.258679 -0.324638 -3.667386 3.122497 -20.824638 2.218478 -4.006556 -63.224781 -16.956475 21.895046 16.284873 -39.944283 -16.961033 -7.954149 -21.655050 5.768693 24.528322 -2.830368 0.526105 66.312813 -2.117954 11.016634 -15.281256 22.013031 -15.197897 8.700325 10.342733 -3.267768 
-76.745689 -38.065750 98.709084 -30.338492 1.198576 85.512302 0.054851 0.303366 16.738366 -2.673934 -11.483429 0.561674 3.126651 9.356535 -13.085070 nan nan nan -3.074733 -2.345961 -19.328010 5.103414 -6.463288 7.378660 9.316966 -3.710857 5.602421 nan nan nan -5.712779 -3.450985 5.972183 5.288068 -3.562239 9.317814 -0.033706 -1.315229 -0.004587 -0.487086 5.033451 5.245059 -0.306122 -3.838622 3.038270 -20.705330 2.178167 -3.909733 -63.260128 -17.150194 22.050104 16.326277 -40.132589 -17.115190 -8.197466 -22.123709 5.933291 24.497952 -2.844948 0.536763 66.434961 -2.144895 11.077072 -15.296939 21.915548 -15.368999 8.689942 10.457895 -3.284236 
-77.294037 -38.790123 98.542343 -30.326094 0.961473 85.486128 -0.011899 0.760982 17.247393 -2.558841 -11.745628 0.787819 2.856897 9.002878 -13.454420 nan nan nan -2.965768 -2.648280 -18.995381 4.676244 -6.174983 5.133138 9.415043 -3.534531 5.419232 nan nan nan -5.820740 -3.505275 5.854539 5.199976 -3.558606 9.498556 -0.077106 -1.285739 0.012831 -0.458172 5.112004 5.014246 -0.310900 -3.935709 3.146353 -20.636684 2.172802 -3.780893 -63.174823 -17.440174 22.097860 16.187237 -40.315042 -17.203385 -8.077110 -22.466300 6.184487 24.509877 -2.857534 0.741825 66.549453 -1.975368 11.079960 -15.259029 21.849022 -15.359564 8.550361 10.425586 -3.120271 
-77.872055 -39.514893 98.387573 -30.152468 0.801613 85.555260 0.093802 1.258041 17.544349 -2.447637 -12.290791 1.175011 2.387282 8.601353 -13.832617 nan nan nan -2.728483 -2.922463 -18.840215 4.139451 -5.828131 3.219623 9.675231 -3.708475 5.221274 nan nan nan -5.924294 -3.596766 5.672576 5.181326 -3.600846 9.544572 -0.067560 -1.293636 0.075200 -0.525517 5.158787 4.887650 -0.142035 -3.903221 3.241741 -20.764177 2.137070 -3.569200 -62.956407 -17.721672 22.133803 15.965414 -40.394468 -16.955129 -7.500458 -22.388740 6.181107 24.613995 -2.896410 0.969866 66.458437 -1.907736 10.893189 -15.105371 21.916442 -15.148601 8.110318 10.483042 -2.904064 
-78.485672 -40.228546 98.242668 -29.946237 0.796687 85.624875 0.384753 1.444389 17.818039 -2.506903 -12.796095 1.633246 1.777173 8.395827 -14.151340 nan nan nan -2.388538 -2.960788 -18.686238 3.685479 -5.589434 1.495399 9.746563 -4.103376 5.000842 nan nan nan -5.961589 -3.651236 5.538722 5.232789 -3.701025 9.634091 0.051092 -1.387074 -0.015706 -0.632635 5.087749 4.992550 -0.052674 -3.889730 3.088178 -20.937016 2.113639 -3.349732 -62.754693 -17.868032 22.140022 15.825216 -40.530901 -16.629723 -7.817155 -22.053659 6.072824 24.512097 -2.914193 1.105154 66.433565 -1.974468 10.659521 -15.090220 22.085458 -15.159676 8.273597 10.527049 -3.200153 
-79.107521 -40.946033 98.099777 -29.758655 0.808570 85.742667 0.633262 1.372892 18.024989 -2.697793 -13.063148 2.173965 1.378513 8.349559 -14.362065 nan nan nan -2.170125 -2.894027 -18.546807 3.467972 -5.730753 -0.088811 9.619559 -4.394266 4.784984 nan nan nan -5.978645 -3.682925 5.276061 5.302812 -3.783194 9.827695 0.156219 -1.494047 -0.118555 -0.780780 4.879771 5.116096 0.021632 -3.829583 2.869905 -21.026734 2.029789 -3.141093 -62.678508 -17.952445 22.193640 15.836736 -40.549333 -16.473859 -8.652815 -21.634676 6.205937 24.388615 -3.020086 1.127339 66.444502 -2.009241 10.409806 -15.184766 22.158113 -15.424862 8.939894 10.507751 -3.672232 
-79.734901 -41.715214 97.974800 -29.467070 0.825823 85.858107 0.875054 1.296806 18.246722 -2.855023 -13.476200 2.759485 1.112153 8.327160 -14.647004 nan nan nan -2.059436 -2.950668 -18.288760 3.444214 -6.033453 -1.551206 9.434881 -4.584563 4.445320 nan nan nan -5.922633 -3.787854 4.969920 5.408720 -3.852932 9.945364 0.146062 -1.589667 -0.073455 -0.899577 4.661778 5.085317 0.113397 -3.763459 2.843235 -21.146509 1.896984 -2.931780 -62.584227 -18.009085 22.229485 15.704341 -40.516118 -16.245802 -8.673757 -21.657965 6.170951 24.424063 -3.161103 1.064070 66.390698 -2.136726 10.237040 -15.062162 22.261119 -14.732426 8.600716 10.315988 -2.891039 
-80.358612 -42.496983 97.878021 -29.225979 0.800346 85.927543 1.072395 1.244899 18.530704 -2.970285 -13.799136 3.297143 0.793225 8.213915 -14.917592 nan nan nan -1.992658 -2.964675 -18.075590 3.441851 -6.362016 -2.585580 9.275567 -4.660258 4.254817 nan nan nan -5.886816 -3.930524 4.675439 5.439779 -3.920179 10.308962 0.145495 -1.691427 -0.274796 -0.857365 4.765318 5.067910 0.118273 -3.822614 2.812455 -21.367754 1.879600 -2.926988 -62.471535 -17.954877 22.311280 15.775439 -40.299907 -16.102245 -9.317647 -21.991937 6.647734 24.421353 -3.087039 0.934450 66.353318 -2.450715 10.182358 -15.379973 22.341708 -15.642444 9.429379 10.787134 -4.360729 
-80.963867 -43.278175 97.776268 -29.096515 0.768096 85.981997 1.241183 1.184765 18.797726 -3.138983 -14.064566 3.904723 0.396750 8.101587 -15.167812 nan nan nan -1.968980 -2.869284 -17.970565 3.498762 -6.589191 -3.164688 9.285225 -4.742473 4.145053 nan nan nan -5.746774 -4.106286 4.528736 5.353475 -3.953736 10.375770 0.105938 -1.763616 -0.329547 -0.802335 4.821451 4.987113 0.058701 -3.847568 2.829731 -21.481007 2.043887 -2.961067 -62.452365 -17.921316 22.353015 15.692529 -40.020260 -15.686487 -10.067596 -21.774194 7.403663 24.476091 -3.087558 1.038510 66.288001 -2.457339 10.092547 -15.447703 22.325934 -15.801076 10.078010 10.842783 -4.640441 
-81.564423 -44.063011 97.669426 -29.013913 0.775203 85.987980 1.381319 1.074155 19.085818 -3.309191 -14.346461 4.574577 0.090639 8.086444 -15.439929 nan nan nan -1.950332 -2.715207 -17.964472 3.594634 -6.750911 -3.214422 9.322105 -4.877904 3.933572 nan nan nan -5.550546 -4.239130 4.523415 5.290886 -3.964507 10.200455 0.035486 -1.824937 -0.217078 -0.778212 4.701977 4.793611 0.077217 -3.802342 2.954281 -21.405762 2.253546 -2.859678 -62.706967 -17.973256 22.378090 15.577673 -39.692012 -15.450831 -10.600045 -21.275260 7.615837 24.495950 -3.201329 1.221386 66.193313 -2.271193 10.004443 -15.224480 22.295070 -15.224823 10.488955 10.511021 -4.154116 
-82.186096 -44.851078 97.582855 -28.966508 0.836356 86.019870 1.510553 0.931864 19.308133 -3.394005 -14.567423 5.300796 -0.218285 8.114051 -15.654590 nan nan nan -1.878750 -2.421013 -18.064861 3.644958 -6.832446 -2.903716 9.336313 -4.912957 3.815072 nan nan nan -5.314423 -4.354128 4.418654 5.278768 -3.971775 10.144760 -0.024092 -1.882790 -0.126028 -0.841462 4.746205 4.686575 0.067444 -3.701121 2.891830 -21.411320 2.428861 -2.842044 -62.980393 -17.900583 22.422833 15.539939 -39.431476 -15.376602 -10.315612 -21.311501 7.613581 24.500701 -3.317548 1.232821 66.116890 -2.187498 10.027400 -14.969053 22.250683 -14.413357 9.982240 10.370924 -3.511376 
-82.829391 -45.648857 97.522652 -28.964131 0.912379 86.071300 1.654175 0.860546 19.519839 -3.389396 -14.756304 6.005670 -0.583002 8.077445 -15.681952 nan nan nan -1.736899 -2.054389 -18.239641 3.653546 -6.780144 -2.308906 9.196331 -4.902706 3.889520 nan nan nan -5.121835 -4.535912 4.203546 5.293048 -3.894357 10.164985 -0.018074 -1.887246 0.011208 -0.944118 4.786761 4.621843 -0.057606 -3.692446 2.717631 -21.582483 2.457814 -2.926185 -63.120486 -17.667464 22.438766 15.608141 -39.193148 -15.203347 -10.138243 -21.299893 7.820766 24.487599 -3.346844 1.151888 66.043194 -2.182612 9.953317 -14.891288 22.162817 -14.130400 9.597832 10.448127 -3.272753 
-83.473816 -46.462658 97.471375 -28.948104 0.973106 86.158627 1.794249 0.779326 19.725055 -3.397524 -14.953489 6.617882 -0.889922 8.016013 -15.588713 nan nan nan -1.625127 -1.678005 -18.468513 3.669203 -6.638387 -1.442878 9.065847 -4.869719 4.108799 nan nan nan -4.917525 -4.767747 3.897712 5.317158 -3.852146 10.282263 -0.066735 -1.823160 0.005567 -0.898166 4.838177 4.630160 -0.211587 -3.734064 2.765716 -21.747030 2.393194 -2.911683 -63.178875 -17.348991 22.450769 15.707063 -38.821738 -14.977696 -10.351860 -21.160537 7.817379 24.476862 -3.273708 1.230809 65.979809 -2.203011 9.803414 -14.979056 22.071071 -14.309554 9.471252 10.491846 -3.406062 
-84.123268 -47.283810 97.422897 -28.931469 1.047549 86.246415 2.017307 0.705583 19.919408 -3.565301 -15.381378 7.258071 -1.253516 7.999716 -15.466069 nan nan nan -1.533560 -1.276270 -18.754735 3.726016 -6.335625 -0.270836 9.016763 -4.819992 4.387805 nan nan nan -4.710979 -4.989171 3.665674 5.409058 -3.803899 10.287340 -0.118362 -1.715911 0.021135 -0.915006 4.856239 4.614890 -0.350213 -3.645513 2.812029 -21.917676 2.285269 -2.846544 -63.138306 -17.073171 22.466211 15.465423 -38.305926 -14.174867 -10.096028 -21.251056 7.150106 24.433164 -3.282688 1.177773 65.875966 -2.373695 9.607501 -14.962118 22.104991 -14.173388 9.182454 10.596751 -3.636244 
-84.783203 -48.111794 97.386192 -28.963856 1.117560 86.243383 2.231550 0.572418 20.221749 -3.832594 -15.809850 7.907906 -1.480898 8.097214 -15.227879 nan nan nan -1.472668 -0.842144 -18.970587 3.911121 -5.998416 1.013426 8.741580 -4.764777 5.136970 nan nan nan -4.432119 -5.183966 3.646453 5.480275 -3.707331 10.157550 -0.248722 -1.667866 0.056087 -1.042432 4.741657 4.483264 -0.473026 -3.491495 2.713500 -22.067770 2.348373 -2.847051 -62.978924 -16.844979 22.512846 14.884801 -37.861325 -13.022822 -9.764266 -21.269610 6.193871 24.442629 -3.492645 0.957355 65.685659 -2.516231 9.426212 -14.739566 22.200188 -13.810734 9.124287 10.535762 -3.845266 
-85.448845 -48.953598 97.362915 -29.063871 1.198968 86.329751 2.348794 0.352649 20.384145 -4.017803 -16.018997 8.676381 -1.770560 8.135873 -15.068712 nan nan nan -1.424893 -0.335821 -19.245022 4.190817 -5.911259 2.193639 8.368944 -4.565401 6.534923 nan nan nan -4.066575 -5.398621 3.425795 5.530254 -3.586096 10.172259 -0.475833 -1.679191 -0.047381 -1.114106 4.702402 4.558060 -0.578247 -3.432391 2.587480 -22.205283 2.477402 -2.730548 -62.969528 -16.480303 22.406474 14.656398 -37.463327 -12.551062 -9.911089 -21.074519 5.972570 24.474946 -3.581454 0.976947 65.520484 -2.505196 9.179759 -14.540583 22.111281 -13.539641 9.223840 10.373119 -3.480111 
-86.114708 -49.810577 97.364059 -29.124947 1.333595 86.476876 2.414637 0.091383 20.388358 -4.034243 -16.028182 9.614437 -2.252179 7.986904 -14.915222 nan nan nan -1.327748 0.282929 -19.428725 4.323475 -5.806891 3.085636 8.056186 -4.275716 8.108676 nan nan nan -3.616502 -5.671602 3.097220 5.558093 -3.521819 10.305329 -0.686993 -1.689446 -0.243918 -1.140542 4.818298 4.588441 -0.702661 -3.386083 2.623597 -22.399021 2.649100 -2.537399 -63.043509 -15.969892 22.197006 14.726907 -37.179249 -12.393348 -10.179460 -20.734374 6.648149 24.526766 -3.621420 1.149661 65.299463 -2.450293 8.982182 -14.355309 22.038023 -13.428310 9.161992 10.368999 -3.032302 
-86.791367 -50.675484 97.409111 -29.078759 1.474249 86.554182 2.499175 -0.245246 20.382811 -4.077411 -15.996717 10.676538 -2.698934 7.744805 -14.560638 nan nan nan -1.242336 0.744872 -19.484383 4.370394 -5.424990 3.941618 8.048322 -3.973389 9.183778 nan nan nan -3.266334 -5.941137 2.788375 5.590076 -3.612417 10.556160 -0.746256 -1.685998 -0.369753 -1.177563 4.949009 4.503738 -0.929817 -3.295745 2.581785 -22.597196 2.721241 -2.520285 -63.285394 -15.145565 22.014857 15.152102 -36.950256 -12.837740 -10.354313 -20.529271 7.407781 24.568433 -3.540512 1.182827 65.054785 -2.405569 9.029442 -14.267664 21.804761 -13.417852 9.253834 10.460358 -2.890217 
-87.484970 -51.535961 97.473373 -29.059131 1.573125 86.637196 2.550230 -0.614705 20.285936 -4.204927 -16.000119 11.859289 -3.183425 7.570100 -14.050754 nan nan nan -1.236430 1.163128 -19.622556 4.463895 -4.993876 4.975338 8.308275 -3.704966 9.764787 nan nan nan -3.027735 -6.060609 2.362766 5.660780 -3.696986 10.861460 -0.727659 -1.730427 -0.429999 -1.259623 4.935032 4.404736 -1.112025 -3.197416 2.624781 -22.797112 2.644228 -2.475723 -63.735073 -14.536096 21.810493 15.820677 -36.270322 -14.173291 -10.829648 -20.014188 7.874948 24.595854 -3.441784 1.169438 64.835913 -2.363199 9.062382 -14.307594 21.513399 -13.616780 9.720832 10.327354 -2.776490 
-88.155663 -52.407177 97.546913 -29.136499 1.679832 86.729678 2.578829 -0.970956 20.081694 -4.464397 -16.018080 13.188377 -3.679725 7.515426 -13.466835 nan nan nan -1.189846 1.645145 -19.794014 4.623761 -4.535035 6.091706 8.208890 -3.485369 9.989616 nan nan nan -2.661010 -6.144045 1.971241 5.693548 -3.689173 11.003385 -0.811836 -1.779736 -0.430922 -1.341892 4.870082 4.307922 -1.230063 -3.022023 2.675575 -23.016346 2.624132 -2.390289 -64.031760 -14.114583 21.705662 16.135131 -35.398528 -14.793100 -11.075133 -19.603150 7.613861 24.628298 -3.399066 1.183872 64.655511 -2.285550 9.051762 -14.323015 21.265728 -13.784830 10.385117 10.008539 -3.060590 
-88.845551 -53.288109 97.650948 -29.309531 1.849623 86.763423 2.738745 -1.216347 19.884297 -4.835940 -15.843855 14.591418 -4.324086 7.366887 -12.751980 nan nan nan -1.008229 2.135068 -19.857743 4.794775 -4.172741 7.201632 7.752044 -3.315629 10.119867 nan nan nan -2.236371 -6.246089 1.712321 5.704228 -3.666697 11.225243 -0.876071 -1.803445 -0.692846 -1.326230 4.988466 4.287171 -1.445446 -2.927141 2.719485 -23.153974 2.742860 -2.333575 -64.242184 -13.461240 21.682244 16.110174 -34.673147 -14.914813 -10.598530 -19.971838 6.644077 24.635076 -3.366934 1.277963 64.470567 -2.235706 9.106680 -14.345817 21.083609 -13.711728 9.401156 10.393191 -3.118567 
-89.586418 -54.166847 97.786987 -29.524122 2.081969 86.643961 3.092322 -1.255529 19.774705 -5.250586 -15.566052 16.107724 -5.098045 7.130066 -11.886360 nan nan nan -0.712292 2.538235 -19.730498 4.987594 -3.996504 8.368660 7.032599 -3.422971 10.029950 nan nan nan -1.837897 -6.361043 1.629626 5.713482 -3.595961 11.517986 -0.855665 -1.804622 -0.978560 -1.236364 5.187615 4.226667 -1.774617 -2.989210 2.774700 -23.303301 2.876407 -2.205242 -64.547185 -12.897644 21.387482 16.513362 -34.034750 -15.540915 -11.506065 -19.701150 6.626429 24.639712 -3.339772 1.492083 64.310777 -2.020282 8.928561 -14.454727 20.881509 -13.712793 9.641644 10.257480 -2.880647 
-90.325195 -55.054710 97.932747 -29.670454 2.311575 86.545276 3.471421 -1.220895 19.453348 -5.640777 -15.157059 17.907891 -5.883829 6.821716 -10.890589 nan nan nan -0.417329 2.731305 -19.584785 5.159893 -4.017519 9.531548 6.302434 -3.629561 9.669189 nan nan nan -1.368037 -6.466003 1.481891 5.681236 -3.484783 11.689996 -0.895763 -1.854121 -0.957609 -1.137998 5.386348 4.050015 -1.982181 -3.031275 2.724933 -23.410052 2.861210 -2.154971 -64.891420 -12.357419 21.098641 16.990492 -33.296860 -15.974683 -12.403926 -19.173810 6.909573 24.669110 -3.309714 1.404820 64.162341 -1.882479 8.676599 -14.492975 20.593338 -13.805751 10.099746 10.111740 -2.537967 
-91.042038 -55.938133 98.082825 -29.813543 2.510444 86.522926 3.783259 -1.260207 18.874171 -6.048406 -14.544989 19.939259 -6.640607 6.471332 -9.696268 nan nan nan -0.211287 2.927174 -19.421165 5.352721 -4.194960 10.532478 5.706263 -3.708660 9.105667 nan nan nan -0.883114 -6.554868 1.317433 5.601218 -3.393595 11.714565 -0.940810 -1.894967 -0.897148 -1.003202 5.551313 4.021650 -2.232156 -3.062066 2.548603 -23.449428 2.893764 -2.209403 -65.272804 -11.728591 20.971156 17.118165 -32.478427 -15.754298 -12.563255 -18.906671 7.183173 24.590617 -3.218266 1.185699 64.069177 -1.907747 8.605028 -14.371314 20.250049 -13.891169 10.117460 10.170757 -2.474379 
-91.776329 -56.806847 98.228043 -29.973014 2.744521 86.480794 4.191669 -1.418468 18.247841 -6.537734 -13.730956 21.974616 -7.345644 6.040560 -8.261158 nan nan nan 0.065734 3.189358 -19.088376 5.568561 -4.363345 11.270406 5.118648 -3.648815 8.534208 nan nan nan -0.419603 -6.541640 1.168705 5.528236 -3.344502 11.764293 -0.908642 -1.985482 -0.899172 -0.735647 5.779122 3.963187 -2.630976 -3.202632 2.639003 -23.471918 3.042122 -2.250643 -65.809039 -11.241250 20.838201 17.207937 -31.485996 -15.550110 -12.721836 -18.593434 7.523723 24.497510 -3.099202 1.194948 64.029445 -1.850617 8.613005 -14.446200 20.025125 -14.115804 10.123903 10.138830 -2.490494 
-92.548103 -57.643833 98.370583 -30.283596 3.010858 86.435966 4.638856 -1.831679 17.615656 -7.070294 -12.367008 23.913100 -7.866992 5.666931 -6.516934 nan nan nan 0.548582 3.506166 -18.634027 5.666072 -4.307625 11.806337 4.565245 -3.471965 8.059557 nan nan nan 0.052176 -6.305663 1.054189 5.454510 -3.287713 11.755707 -0.869104 -2.076414 -0.880746 -0.459465 6.056896 3.852739 -2.923805 -3.358952 2.779052 -23.387213 3.175987 -2.255905 -66.389641 -10.772279 20.778028 17.192322 -30.377888 -15.220619 -12.517872 -18.251381 7.638394 24.482009 -3.114261 1.243146 63.946828 -1.768778 8.622248 -14.525233 19.950064 -14.486705 10.011841 10.044907 -2.607235 
-93.226410 -58.469200 98.507820 -30.537755 3.041335 86.485961 4.851760 -1.849599 16.588343 -7.358077 -11.052363 26.185176 -8.244803 5.165654 -4.605049 nan nan nan 0.727283 3.560356 -18.280077 5.818578 -4.105775 12.313057 4.068419 -3.098152 7.624611 nan nan nan 0.311759 -6.177560 0.911906 5.359596 -3.200011 11.716263 -0.849781 -2.091936 -0.878700 -0.261345 6.177033 3.790368 -3.077041 -3.473006 2.801955 -23.290777 3.201945 -2.211901 -66.918847 -10.247097 20.799248 17.174137 -29.219587 -14.760268 -11.872072 -18.054816 7.698197 24.425355 -3.185751 1.159582 63.918070 -1.681040 8.648541 -14.539112 19.791079 -14.803067 9.807645 10.048163 -2.880076 
-93.894447 -59.258591 98.656425 -30.719559 3.066578 86.471042 5.054151 -1.912186 15.487040 -7.625704 -9.892891 28.510989 -8.196196 4.780495 -2.584553 nan nan nan 0.959402 3.608897 -17.790794 5.895795 -3.895750 12.693740 3.568587 -2.917740 7.159026 nan nan nan 0.460149 -6.091018 0.887796 5.277222 -3.222529 11.713852 -0.727941 -2.099699 -0.924682 -0.098771 6.226431 3.755720 -3.263028 -3.482517 2.798077 -23.282255 3.181175 -2.261549 -67.430928 -9.682125 20.692146 17.413411 -28.000159 -14.490038 -11.862397 -17.748540 7.935842 24.259196 -3.121064 1.165843 63.965716 -1.421784 8.693543 -14.552683 19.444855 -15.017520 9.886620 10.054568 -3.034866 
-94.529289 -60.035477 98.783554 -30.781094 3.026838 86.544226 5.082140 -2.244733 14.199143 -7.943581 -8.899365 30.789703 -7.801785 4.648997 -0.466594 nan nan nan 1.024437 3.667988 -17.320751 6.033207 -3.856840 12.905462 3.057238 -2.801297 6.785824 nan nan nan 0.562221 -6.020170 0.837423 5.185256 -3.326232 11.677891 -0.648204 -2.062175 -1.010046 -0.009723 6.169822 3.630529 -3.302845 -3.393099 2.912994 -23.201024 3.279057 -2.200045 -67.932844 -9.317617 20.496612 17.583510 -26.976869 -14.227377 -12.310194 -17.088640 8.064457 24.086573 -3.115061 1.339878 64.015008 -1.072169 8.618016 -14.511651 19.246207 -15.248166 10.269115 9.758237 -2.751150 
-95.216682 -60.815300 98.906540 -30.938521 3.000899 86.512085 5.116254 -2.401963 13.081020 -8.171797 -8.177980 32.866556 -7.422765 4.714758 1.586008 nan nan nan 1.233766 3.606563 -16.671258 6.122881 -3.736092 13.039177 2.412698 -2.667399 6.350144 nan nan nan 0.595674 -5.802422 0.879426 5.188966 -3.320722 11.642876 -0.602230 -1.977329 -1.071028 0.140039 6.030692 3.475180 -3.297916 -3.486589 3.039004 -23.066712 3.414473 -1.953484 -68.287814 -9.132109 20.351762 17.438718 -26.153675 -13.371074 -12.762402 -16.731650 7.878851 23.961447 -3.204726 1.391134 64.124239 -0.918716 8.484245 -14.614926 19.230826 -15.353339 10.327454 9.568871 -2.615630 
-95.845680 -61.586395 99.009232 -31.048190 2.959490 86.527622 4.950107 -2.810502 11.815742 -8.478533 -7.559623 35.036089 -6.738180 5.106922 2.620484 nan nan nan 1.335839 3.451985 -16.028585 6.313765 -3.591439 13.069130 1.869576 -2.588915 5.859219 nan nan nan 0.754573 -5.477774 0.954289 5.154366 -3.317911 11.491654 -0.648124 -1.916442 -1.136306 0.209212 5.720605 3.473042 -3.209010 -3.406510 2.994506 -22.930457 3.423125 -1.760672 -68.564104 -8.836337 20.203995 17.208082 -25.387347 -12.370386 -12.945292 -16.526995 7.713602 23.775561 -3.298527 1.220645 64.317833 -1.045502 8.342560 -14.717624 19.294492 -15.202261 10.122615 9.564774 -2.581682 
-96.471573 -62.325008 99.111038 -31.103869 2.960212 86.546591 4.807113 -3.129565 10.412336 -8.728564 -7.066310 37.394710 -6.103410 5.752941 2.453889 nan nan nan 1.483529 3.368769 -15.361961 6.443037 -3.413394 13.034961 1.433245 -2.578361 5.366252 nan nan nan 0.861242 -5.110890 0.961430 5.163303 -3.347775 11.448470 -0.606402 -1.932348 -1.175329 0.221614 5.420589 3.435510 -3.125225 -3.236860 2.960627 -22.814111 3.283275 -1.599435 -69.005406 -8.622322 19.996034 17.235288 -24.417227 -12.063983 -13.230964 -15.933844 7.410826 23.569434 -3.204921 1.109811 64.427862 -1.147974 8.179214 -14.693768 19.369135 -15.192051 10.095363 9.409456 -2.723750 
-97.086761 -63.060886 99.205322 -31.149223 2.962009 86.583167 4.655919 -3.313249 8.911603 -8.816862 -6.575944 39.805566 -5.836387 6.585282 1.630622 nan nan nan 1.595351 3.314015 -14.686926 6.560980 -3.323473 12.907273 1.088058 -2.542955 4.947202 nan nan nan 0.995579 -4.741427 0.896235 5.154552 -3.384931 11.384040 -0.566621 -1.999087 -1.029902 0.293056 5.130167 3.215807 -3.084166 -3.209272 3.064545 -22.792789 3.164531 -1.446791 -69.357505 -8.496802 19.734425 17.380843 -23.508489 -11.861056 -14.028445 -15.310444 7.321315 23.370135 -2.995353 1.024840 64.449210 -1.128458 7.911298 -14.635294 19.483323 -15.380886 10.438769 9.201877 -2.862920 
-97.684540 -63.799946 99.294228 -31.240970 2.913768 86.543522 4.453124 -3.540585 7.505186 -8.748175 -5.818729 41.981568 -5.522124 7.444013 0.869963 nan nan nan 1.697237 3.208445 -13.892384 6.610368 -2.984746 12.735210 0.823122 -2.543325 4.484666 nan nan nan 1.193248 -4.392266 1.026168 5.043104 -3.451661 11.223522 -0.610801 -1.965638 -0.876319 0.361143 4.815811 2.949639 -2.982288 -3.253770 3.075170 -22.866341 3.114640 -1.296064 -69.467591 -8.386295 19.501662 17.414011 -22.804815 -11.381982 -14.906753 -14.679200 7.777968 23.255157 -2.896883 0.951166 64.518600 -1.022579 7.658515 -14.718825 19.688436 -15.572328 10.568286 9.125653 -2.970050 
-98.303375 -64.535797 99.385231 -31.365487 2.932398 86.351511 4.411648 -3.781347 6.287758 -8.633293 -4.926271 43.953447 -5.060451 8.226388 0.265636 nan nan nan 1.926710 3.128555 -12.886141 6.618097 -2.381929 12.530472 0.541611 -2.550814 3.964057 nan nan nan 1.408320 -4.052320 1.299547 4.929448 -3.547297 11.279238 -0.642999 -1.893990 -0.926142 0.550106 4.604725 2.774497 -2.995085 -3.250053 3.004080 -22.988824 3.160620 -1.196714 -69.434998 -8.250329 19.158387 17.233238 -22.291220 -10.883962 -15.554503 -13.966118 8.533961 23.150791 -2.805993 1.005980 64.543615 -0.840314 7.477745 -14.720195 19.954183 -15.582102 10.518512 9.150179 -2.852427 
-98.953911 -65.286682 99.492706 -31.539342 3.009661 86.023378 4.569412 -3.968447 5.313203 -8.465756 -3.937169 45.628799 -4.657387 8.867970 -0.366110 nan nan nan 2.259857 3.108998 -11.684982 6.586286 -1.742148 12.267922 0.310369 -2.594420 3.501024 nan nan nan 1.612399 -3.609171 1.594399 4.828162 -3.611117 11.492806 -0.611088 -1.889225 -0.956498 0.839129 4.545223 2.718520 -3.083799 -3.317955 2.762081 -23.109090 3.151090 -1.239552 -69.367165 -7.954788 18.795463 17.008887 -21.802714 -10.482085 -16.150339 -13.727972 9.012388 23.031162 -2.604760 0.955731 64.523378 -0.727994 7.373268 -14.604809 20.118587 -15.483473 10.691902 9.203264 -2.713477 
-99.553139 -66.016220 99.600433 -31.766251 2.962214 85.780657 4.619426 -4.050457 4.184699 -8.223049 -2.863823 47.195815 -4.147367 9.430247 -0.927263 nan nan nan 2.411416 3.102728 -10.648101 6.592245 -1.263943 11.987840 0.161811 -2.675562 3.252797 nan nan nan 1.760768 -3.075607 1.900023 4.693990 -3.608675 11.543174 -0.599108 -1.893750 -0.936967 1.121221 4.392305 2.605162 -3.162874 -3.488615 2.715910 -23.155021 3.087025 -1.266268 -69.405612 -7.711327 18.601555 16.880442 -21.091068 -10.187365 -16.699209 -13.698853 9.091162 22.975451 -2.435627 0.742729 64.550190 -0.765406 7.383160 -14.615330 20.248909 -15.445431 10.838286 9.121443 -2.640311 
-100.142937 -66.726654 99.711510 -31.983923 2.842183 85.665556 4.616483 -3.895039 2.827907 -7.935061 -2.032450 48.749675 -3.855171 9.750580 -1.272351 nan nan nan 2.505276 3.046022 -9.818678 6.574178 -0.975423 11.773187 0.123701 -2.844397 2.941940 nan nan nan 1.743682 -2.736993 2.048618 4.625261 -3.559302 11.772144 -0.538790 -1.762989 -1.116680 1.184247 4.048988 2.603716 -3.119634 -3.611956 2.510002 -23.329401 3.095668 -1.235440 -69.333715 -7.501375 18.463950 16.775209 -20.595838 -10.014031 -17.057249 -13.170774 9.242979 22.891859 -2.334709 0.693405 64.559038 -0.657951 7.369148 -14.637258 20.401912 -15.493367 10.683576 9.139166 -2.569267 
-100.781685 -67.486031 99.837814 -32.300651 2.688341 85.503978 4.593916 -3.763843 1.669991 -7.712366 -1.218976 49.992847 -3.665879 9.961425 -1.541279 nan nan nan 2.583739 2.963057 -8.872406 6.544071 -0.614522 11.557190 0.100285 -2.894658 2.554064 nan nan nan 1.630126 -2.403125 1.999203 4.586761 -3.462364 12.315306 -0.511118 -1.552063 -1.389901 1.211983 3.684970 2.743090 -2.937036 -3.674516 2.287603 -23.525260 3.093617 -1.111811 -69.090103 -7.228254 18.385579 16.680416 -20.534358 -9.689874 -17.523306 -12.060199 9.735808 22.891901 -2.240200 0.818599 64.478094 -0.524657 7.397382 -14.692721 20.756010 -15.566756 10.430063 9.114630 -2.510506 
-101.404457 -68.260216 99.975166 -32.685515 2.416161 85.298323 4.443504 -3.750567 0.652153 -7.524644 -0.265474 50.925667 -3.298661 10.298390 -2.008076 nan nan nan 2.478571 2.813238 -7.872295 6.526530 -0.149014 11.361119 0.269037 -2.747862 2.129828 nan nan nan 1.451018 -1.939120 1.968016 4.491199 -3.434108 12.807923 -0.573201 -1.377230 -1.540027 1.414783 3.400714 2.842210 -2.805999 -3.725189 2.103242 -23.552497 3.103929 -1.029281 -68.927947 -6.957504 18.337104 16.624946 -20.578306 -9.365149 -18.224909 -11.020135 10.286090 22.991372 -2.046374 0.942876 64.415538 -0.311298 7.557636 -14.838301 21.015410 -15.732669 10.618309 9.002721 -2.585428 
-101.997513 -68.993904 100.104645 -32.953767 2.197312 85.167592 4.360784 -3.795907 -0.535346 -7.220421 0.651501 51.765379 -2.905741 10.817948 -2.647700 nan nan nan 2.395253 2.744972 -6.930237 6.502618 0.230812 11.064264 0.489982 -2.696141 1.735686 nan nan nan 1.344853 -1.498114 2.071585 4.403146 -3.473454 12.927432 -0.614288 -1.271811 -1.515069 1.579572 3.229365 2.890190 -2.753670 -3.790805 1.842805 -23.550630 3.224778 -1.069241 -68.770727 -6.494023 18.338834 16.450625 -20.755985 -8.684657 -18.799318 -11.040053 10.240195 22.988842 -1.831940 0.892675 64.446729 -0.174906 7.839019 -15.005830 21.217789 -15.689755 10.590945 9.057565 -2.992171 
-102.593338 -69.715652 100.231552 -33.234910 2.063017 85.074883 4.346148 -3.933386 -1.765715 -6.900815 1.495397 52.451010 -2.422105 11.243523 -3.130787 nan nan nan 2.476491 2.792514 -5.988949 6.346190 0.576625 10.685489 0.568936 -2.642157 1.312773 nan nan nan 1.300965 -1.062309 2.142331 4.341070 -3.510212 13.058847 -0.613400 -1.150880 -1.564039 1.637976 3.205530 3.037516 -2.696776 -3.929739 1.598097 -23.580033 3.426742 -1.216914 -68.552690 -5.855596 18.451602 16.049067 -20.924597 -7.675447 -18.956890 -12.161648 9.752563 22.938192 -1.676146 0.737267 64.451039 -0.095512 8.125120 -15.129880 21.379715 -15.586807 10.132489 9.637976 -3.317925 
-103.166687 -70.432686 100.356674 -33.613070 1.868124 84.985965 4.262710 -4.153522 -2.965317 -6.759435 2.382974 52.979064 -1.914049 11.594641 -3.460637 nan nan nan 2.495444 2.848000 -5.078398 6.162753 0.940128 10.328577 0.634997 -2.538218 0.913011 nan nan nan 1.242071 -0.592455 2.310834 4.233017 -3.520987 13.070163 -0.630928 -1.020371 -1.666849 1.763304 3.165640 3.263342 -2.685953 -4.022274 1.521749 -23.569125 3.772729 -1.354949 -68.392251 -5.328546 18.537274 15.698489 -20.983660 -7.049984 -18.995740 -12.879381 9.310137 22.892212 -1.597144 0.710190 64.444031 0.103013 8.428355 -15.239184 21.553892 -15.466902 9.731777 10.126095 -3.328176 
-103.697021 -71.129875 100.467697 -33.941047 1.544851 84.904567 4.058998 -4.434512 -4.249722 -6.986082 3.170741 53.494761 -1.562745 11.771703 -3.936383 nan nan nan 2.316047 2.812086 -4.220339 6.062532 1.380483 10.017143 0.735874 -2.506416 0.545112 nan nan nan 1.104774 -0.129251 2.629931 4.072343 -3.531896 12.757134 -0.680800 -0.891069 -1.598687 1.829982 2.947810 3.415253 -2.595788 -3.989841 1.421078 -23.496194 4.096716 -1.330283 -68.300121 -4.992331 18.435075 15.504600 -21.046316 -6.750102 -19.111595 -12.626712 8.937970 22.834474 -1.579474 0.783489 64.455097 0.410622 8.566445 -15.193037 21.781737 -15.322458 9.694657 10.115572 -3.298902 
-104.242126 -71.814697 100.565666 -34.301707 1.180092 84.805315 3.848785 -4.724981 -5.423057 -7.450031 3.785956 53.743179 -1.232493 11.809119 -4.561953 nan nan nan 2.078004 2.725848 -3.373868 5.999482 1.899359 9.758891 0.771560 -2.486729 0.213177 nan nan nan 0.851860 0.364580 2.923191 3.914428 -3.513963 12.408143 -0.690511 -0.792292 -1.396268 1.933963 2.816856 3.486048 -2.527213 -3.887120 1.429805 -23.335677 4.393838 -1.243953 -68.316191 -4.723291 18.289962 15.409623 -21.169292 -6.612109 -19.432169 -12.192558 8.467796 22.801673 -1.525507 0.829226 64.493538 0.733573 8.738607 -15.188328 21.941276 -15.345816 9.863719 9.928921 -3.563767 
-104.807014 -72.508842 100.649796 -34.684729 0.903710 84.858296 3.719716 -4.860273 -6.648954 -7.660303 4.291537 53.726420 -0.711544 12.043847 -5.205063 nan nan nan 1.924679 2.662599 -2.695653 5.902568 2.388405 9.539819 0.863277 -2.421024 -0.235774 nan nan nan 0.683697 0.855641 2.883774 3.824411 -3.460800 12.361893 -0.722927 -0.701734 -1.310359 2.058882 2.680244 3.667662 -2.567797 -3.787232 1.313762 -23.273618 4.701109 -1.204818 -68.240967 -4.392150 18.086374 15.281893 -21.518576 -6.449587 -19.765881 -11.689747 8.279429 22.694811 -1.535842 0.767460 64.626654 0.969055 8.959886 -15.240260 22.173040 -15.226070 9.735159 9.850938 -3.919403 
-105.387405 -73.231598 100.727531 -35.045846 0.749833 85.014818 3.745594 -4.734378 -8.023062 -7.583120 4.704526 53.647796 -0.219801 12.274664 -5.800076 nan nan nan 1.926157 2.532512 -2.120347 5.756729 2.845433 9.313579 1.026107 -2.322586 -0.639351 nan nan nan 0.638844 1.307520 2.582196 3.803398 -3.434364 12.568606 -0.788391 -0.542495 -1.394318 2.134703 2.464826 3.802221 -2.690640 -3.724107 1.359804 -23.401606 4.980204 -1.194818 -68.015898 -3.918437 17.809024 15.171639 -22.018738 -6.286056 -19.950997 -11.195990 8.240086 22.577787 -1.626415 0.709825 64.696569 1.127370 9.079838 -15.244904 22.490216 -14.871092 9.455088 9.751113 -3.981440 
-106.044815 -73.988464 100.807785 -35.575892 0.631047 84.903331 3.819206 -4.347625 -8.866302 -7.655166 4.933788 53.203941 0.174884 12.383949 -6.517430 nan nan nan 2.018880 2.346600 -1.180504 5.614665 3.536742 8.961158 1.128190 -2.223146 -0.982151 nan nan nan 0.617122 1.945402 2.396002 3.730893 -3.412424 12.948130 -0.825318 -0.433277 -1.462379 2.344395 2.286427 3.809175 -2.866163 -3.802891 1.578807 -23.467274 5.133546 -1.135255 -67.900674 -3.513980 17.375236 15.232715 -22.286283 -6.586460 -20.231582 -11.054536 8.254884 22.488445 -1.572531 0.618690 64.797307 1.261010 9.169247 -15.326290 22.762755 -14.586488 9.360456 9.664399 -3.967001 
-106.314751 -74.549980 100.833382 -35.841206 0.420088 85.173437 3.768260 -5.503600 -10.527110 -7.803912 6.128219 52.821075 0.454930 12.780373 -7.020567 nan nan nan 1.613910 2.526999 -1.073572 5.891553 3.843944 8.967051 1.204134 -2.500115 -1.279034 nan nan nan 0.983243 2.256398 2.986290 3.316930 -3.366149 11.810166 -0.982241 -0.259610 -1.056990 2.269356 2.061251 3.688029 -2.698305 -3.891999 1.785143 -23.303872 5.273407 -1.152263 -68.078460 -3.219582 17.191844 15.221751 -22.226505 -7.035023 -20.730611 -11.210949 8.430334 22.274090 -1.564009 0.473028 64.927514 1.451699 9.154564 -15.233576 23.152333 -14.548583 9.656178 9.336721 -3.480330 
-106.926445 -75.221420 100.872337 -36.206004 0.347709 85.187141 3.963361 -5.387151 -11.552935 -7.880172 6.374818 52.257479 0.228286 12.685343 -7.784822 nan nan nan 1.721852 2.455580 -0.256517 5.733173 4.378634 8.563771 1.290804 -2.545932 -1.622466 nan nan nan 0.937329 2.713004 3.014717 3.270728 -3.402307 11.643370 -1.014691 -0.175892 -0.936822 2.345990 1.891936 3.830363 -2.751784 -3.978266 1.810175 -23.306301 5.681171 -1.129795 -67.899046 -2.925923 17.044948 14.796520 -22.508294 -7.164364 -21.148118 -10.668140 8.661668 22.331841 -1.594429 0.545485 64.835468 1.752154 9.324484 -15.223847 23.486076 -14.527078 9.829940 8.955680 -3.869161 
-107.415260 -75.911110 100.942642 -36.534138 0.061200 85.090149 3.770612 -5.300233 -12.457167 -7.935687 6.553789 51.413422 0.477449 12.717263 -8.212997 nan nan nan 1.442845 2.388150 0.624848 5.653190 4.814602 8.174833 1.446903 -2.436422 -1.847843 nan nan nan 0.753878 3.076899 3.343375 3.201487 -3.386522 11.421168 -1.015377 -0.048151 -0.872290 2.287976 1.637717 4.005417 -2.715644 -3.831778 1.616726 -23.453489 5.998130 -1.074449 -67.636240 -2.591912 16.927030 14.356408 -22.989583 -7.029930 -20.561516 -10.633130 8.354865 22.300201 -1.721552 0.569046 64.689665 2.184974 9.327412 -14.956190 23.849204 -14.367676 9.618134 8.807478 -4.083285 
-107.794022 -76.573105 101.004150 -36.913674 -0.221256 84.837451 3.491414 -5.567632 -13.120074 -7.914736 6.919244 50.260374 0.838522 12.863684 -8.711292 nan nan nan 1.033092 2.330296 1.636115 5.671986 5.276214 7.830479 1.791626 -2.249147 -2.001681 nan nan nan 0.921720 3.431475 4.260222 2.925077 -3.245064 10.783802 -1.117025 0.027136 -0.722457 2.330814 1.527712 4.013849 -2.759043 -3.832614 1.550623 -23.361610 6.216629 -1.049028 -67.585760 -2.191692 16.824592 14.045090 -23.470414 -6.645267 -19.500898 -11.458260 7.987513 22.153874 -1.806266 0.412009 64.693475 2.532856 9.228128 -14.658131 24.290302 -14.030839 8.861147 9.545391 -3.760974 
-108.402748 -77.316872 101.058640 -37.398968 -0.352252 84.649581 3.506073 -5.560770 -13.587265 -7.933152 7.118690 48.935867 0.678376 12.873204 -9.347937 nan nan nan 0.932300 2.179111 2.819452 5.572331 6.025272 7.302978 2.090035 -2.025168 -2.082248 nan nan nan 1.012215 4.021668 4.461386 2.786386 -3.242941 10.816357 -1.188145 0.044059 -0.730982 2.519490 1.518378 4.185204 -2.994462 -3.891831 1.342587 -23.409820 6.510027 -1.137609 -67.356240 -1.736150 16.635785 14.010129 -23.767134 -6.572180 -19.555133 -11.763652 8.033206 22.181037 -1.775746 0.272301 64.603827 2.734757 9.366716 -14.539321 24.305193 -13.925106 8.697615 9.055194 -3.979581 
-109.038239 -78.108673 101.093933 -37.838715 -0.513979 84.477644 3.460283 -5.549412 -14.051713 -7.826317 7.322864 47.578761 0.334372 12.832116 -9.694936 nan nan nan 0.773413 2.161882 3.979961 5.498995 6.394172 6.759235 2.332274 -1.680341 -2.180850 nan nan nan 0.890571 4.585156 4.403236 2.767570 -3.292282 11.175107 -1.160563 0.081844 -0.853150 2.671504 1.584858 4.325649 -3.171091 -3.980792 1.263319 -23.489195 6.893264 -1.222117 -67.204863 -1.443295 16.466678 13.977288 -23.806650 -6.592693 -19.592876 -12.258846 7.930573 22.323208 -1.728097 0.320572 64.320185 2.930608 9.442565 -14.624954 24.899160 -14.069838 8.228791 9.865945 -3.670604 
-109.577568 -78.850792 101.096069 -38.049682 -0.640336 84.334103 3.390863 -5.590864 -14.643392 -7.753837 7.309387 46.160551 0.362899 12.883648 -9.790888 nan nan nan 0.648960 2.218112 5.011943 5.458896 6.504185 6.250639 2.507174 -1.616862 -2.497956 nan nan nan 0.876733 4.833681 4.652315 2.685614 -3.288958 10.981752 -1.155910 0.196460 -0.671944 2.657651 1.488602 4.112161 -3.193023 -4.101977 1.543560 -23.435093 7.224086 -1.271813 -67.122618 -1.170217 16.373825 13.744651 -24.087394 -6.184351 -19.313738 -12.721403 7.633745 22.312819 -1.778229 0.260857 64.220473 3.168656 9.479786 -14.711694 25.484601 -14.014931 7.978950 10.452938 -3.405525 
-110.028687 -79.504364 101.074196 -38.299568 -0.760949 84.510737 3.371762 -5.555953 -15.602289 -7.650746 7.287196 44.602397 0.473118 13.007726 -9.917298 nan nan nan 0.487719 1.641737 5.504704 5.326318 7.042245 5.938484 2.659302 -1.457535 -2.953889 nan nan nan 0.983526 5.089873 4.717796 2.520091 -3.324299 10.702268 -1.241318 0.303074 -0.515299 2.575246 1.338121 3.822288 -3.115870 -4.076150 1.931830 -23.451409 7.445823 -1.307253 -66.926371 -0.746801 16.276720 13.632903 -24.500621 -5.758577 -18.866698 -13.265013 7.340259 22.245159 -1.816138 0.108681 64.207032 3.440647 9.636002 -14.661045 25.732780 -13.903040 7.818544 10.753923 -3.742488 
-110.466385 -80.133522 101.050453 -38.627722 -0.879805 84.845158 3.382198 -5.480862 -16.682864 -7.528473 7.301759 42.879206 0.410478 13.099450 -10.061017 nan nan nan 0.309762 1.363145 5.772746 5.219637 7.364682 5.705231 2.948963 -1.260272 -3.392031 nan nan nan 1.022747 5.330268 4.636483 2.385603 -3.302755 10.463844 -1.270229 0.385460 -0.480544 2.457149 1.275627 3.875563 -3.009439 -3.961929 1.927057 -23.588631 7.680011 -1.255177 -66.640786 -0.185310 16.189175 13.498453 -25.034998 -5.215223 -18.183485 -13.734859 7.698391 22.134009 -1.842476 0.103427 64.093548 3.712934 9.683341 -14.366590 26.124980 -13.769215 7.382075 11.189558 -4.276050 
-110.960327 -80.806099 101.014694 -39.042191 -0.965426 85.134657 3.468498 -5.270171 -17.545391 -7.360406 7.431270 40.970842 0.401195 12.998157 -10.103010 nan nan nan 0.192198 1.220771 6.135913 5.102138 7.470376 5.456033 3.290361 -1.092053 -3.786098 nan nan nan 1.004974 5.560960 4.342099 2.305953 -3.192127 10.522451 -1.266863 0.474486 -0.455053 2.374341 1.338591 4.037000 -2.997681 -3.944693 1.716792 -23.636875 7.839409 -1.314869 -66.552460 0.426214 16.189267 13.266472 -25.370012 -4.839021 -17.001148 -14.110694 8.586913 22.042993 -1.779097 0.146836 63.941884 3.948366 9.766794 -14.151890 26.640124 -13.875263 6.712818 11.607809 -4.845433 
-111.490494 -81.525795 100.983269 -39.351495 -1.017478 85.135715 3.540332 -5.134809 -17.909532 -7.156292 7.549229 38.806810 0.382954 12.879867 -10.043947 nan nan nan 0.137227 0.994836 6.964679 4.934974 7.575395 4.935491 3.651699 -0.997860 -4.131311 nan nan nan 1.016566 5.836265 4.292107 2.254803 -3.164788 10.740829 -1.259704 0.537849 -0.502604 2.332749 1.396309 4.067806 -3.027813 -4.026380 1.544361 -23.574410 7.957881 -1.460897 -66.712308 0.946688 16.188765 13.179485 -25.420885 -4.970173 -15.735385 -14.994958 8.748829 21.984947 -1.679825 0.057516 63.871675 4.069243 9.951391 -14.280576 27.121436 -14.186923 6.116663 12.214012 -5.246698 
-111.982834 -82.261871 100.968239 -39.528906 -1.125111 84.876135 3.448671 -5.160034 -17.966898 -6.896604 7.602193 36.560713 0.384170 12.858883 -9.839146 nan nan nan -0.046980 0.778901 8.146470 4.822580 7.889054 4.327879 3.838499 -0.831815 -4.417096 nan nan nan 1.067963 6.066379 4.708948 2.120036 -3.296610 10.690720 -1.298207 0.565822 -0.450237 2.430146 1.351790 3.919211 -3.091375 -4.071709 1.613104 -23.385492 8.240382 -1.592467 -66.975189 1.357760 16.211198 13.229136 -25.560584 -5.098382 -14.644758 -15.381985 8.142169 22.026203 -1.563805 0.005656 63.797593 4.347421 10.337664 -14.573674 27.475068 -14.576405 5.588365 12.652088 -5.556388 
-112.431229 -83.011086 100.936600 -39.705277 -1.219555 84.705307 3.285853 -5.097959 -18.082401 -6.574675 7.492272 34.263329 0.360541 12.843916 -9.548926 nan nan nan -0.308490 0.616523 9.197622 4.796231 8.275829 3.859441 4.025932 -0.625129 -4.654810 nan nan nan 1.213987 6.277373 5.086364 1.948370 -3.416463 10.452796 -1.335013 0.587893 -0.291640 2.503402 1.269683 3.756137 -3.210178 -3.947946 1.773889 -23.278620 8.521337 -1.678154 -67.161804 1.753186 16.268702 13.334334 -25.779314 -4.959157 -13.902617 -15.026971 7.360180 21.986742 -1.504555 0.013283 63.736343 4.676247 10.737114 -14.813664 27.814104 -14.848896 5.181318 12.725461 -6.053420 
-112.889252 -83.739044 100.870071 -39.867464 -1.208138 84.688287 3.228462 -4.951936 -18.301095 -6.259267 7.252069 31.890919 0.199880 12.795985 -9.305642 nan nan nan -0.463454 0.436622 9.999132 4.809791 8.506387 3.517013 4.298066 -0.450800 -4.894686 nan nan nan 1.434193 6.421247 5.230952 1.838314 -3.459775 10.316767 -1.367561 0.642116 -0.163874 2.418431 1.234483 3.661971 -3.259375 -3.783447 1.852307 -23.280411 8.684054 -1.689686 -67.245799 2.090058 16.175258 13.376041 -26.013702 -4.901572 -13.619921 -14.782858 6.933629 21.836511 -1.485461 0.056302 63.657831 5.012060 10.870081 -14.737548 28.191439 -15.081564 5.179910 12.689592 -6.506433 
-113.385704 -84.463371 100.795158 -40.049984 -1.184799 84.661817 3.241516 -4.781627 -18.421943 -5.933232 7.261305 29.370481 0.063623 12.718833 -8.922646 nan nan nan -0.562547 0.302548 10.831492 4.765197 8.664348 3.109873 4.765345 -0.339819 -5.130531 nan nan nan 1.545030 6.481525 5.305596 1.792924 -3.480143 10.303586 -1.383372 0.757138 -0.021290 2.288861 1.197334 3.590179 -3.251007 -3.752829 1.733300 -23.256345 8.760141 -1.688726 -67.377766 2.418911 15.891041 13.482543 -26.330560 -5.183324 -13.599310 -14.826816 6.659142 21.670652 -1.455658 0.037874 63.606870 5.360156 10.875891 -14.595202 28.600231 -15.206544 5.305585 12.733446 -6.699488 
-113.892639 -85.249245 100.701080 -40.324887 -1.183190 84.755254 3.187156 -4.532302 -18.585412 -5.467963 7.385639 26.764984 0.055259 12.572807 -8.294293 nan nan nan -0.709251 0.238654 11.556312 4.705333 8.795074 2.696020 5.187574 -0.046169 -5.208424 nan nan nan 1.655888 6.596556 4.929693 1.767845 -3.410000 10.785850 -1.426358 0.847414 -0.085100 2.132245 1.202703 3.724215 -3.272659 -3.756173 1.469321 -23.189834 8.623816 -1.630945 -67.633856 2.802839 15.657769 13.800959 -26.480913 -5.477152 -13.517443 -15.535932 5.403827 21.482887 -1.355652 0.006926 63.653489 5.513634 10.875756 -14.855031 29.111537 -15.284598 4.879037 13.036077 -6.804104 
-114.360344 -85.902466 100.618141 -40.582638 -1.172980 84.752452 3.174325 -4.274120 -18.701963 -5.153682 7.220773 24.208037 0.169064 12.670484 -7.601815 nan nan nan -0.777495 0.206683 12.210735 4.693242 9.001729 2.480582 5.256074 0.068108 -5.311910 nan nan nan 1.767126 6.837199 5.220141 1.683916 -3.383495 10.589056 -1.447029 0.878885 -0.062804 2.257950 1.320908 3.587079 -3.367930 -3.774974 1.651376 -22.950314 8.607206 -1.521386 -68.021300 2.918006 15.480590 13.828894 -26.491934 -5.362337 -12.684319 -15.063560 6.231295 21.364733 -1.285263 -0.008099 63.743194 5.680443 10.900949 -15.125640 29.583997 -15.442627 4.595832 13.214393 -6.660207 
-114.845436 -86.619965 100.523598 -40.850508 -1.124971 84.734319 3.119567 -3.927526 -18.682997 -4.786888 6.951099 21.665496 0.229799 12.583667 -7.159119 nan nan nan -0.872026 0.082792 12.919568 4.713128 9.150010 2.269033 5.364658 0.260113 -5.589213 nan nan nan 1.965549 6.984987 5.411441 1.544112 -3.339170 10.469333 -1.477087 0.890971 -0.031670 2.348999 1.342477 3.584362 -3.432628 -3.808525 1.686828 -22.784113 8.685084 -1.573979 -68.282878 3.337207 15.451345 14.010391 -26.709705 -5.358695 -12.391525 -15.179913 6.212218 21.268146 -1.208842 -0.008028 63.799840 5.867670 11.095036 -15.389466 29.971005 -15.567281 4.718918 13.319732 -6.837125 
-115.368263 -87.342461 100.415161 -41.171249 -1.001067 84.693667 3.148165 -3.457287 -18.597594 -4.438442 6.668305 19.181834 0.257645 12.417906 -6.701709 nan nan nan -0.829073 0.025987 13.659922 4.625934 9.369608 2.056678 5.551725 0.341368 -5.964028 nan nan nan 2.141633 7.056637 5.481346 1.490691 -3.280319 10.431732 -1.472796 0.973575 0.097297 2.388105 1.328373 3.557121 -3.584095 -3.714339 1.766195 -22.753009 8.687953 -1.638032 -68.391203 3.759031 15.469112 14.093265 -26.982895 -5.200683 -12.234721 -15.209514 5.572499 21.146126 -1.017346 0.105164 63.801437 6.078408 11.330530 -15.708410 30.427236 -15.685296 4.526607 13.348248 -7.317380 
-115.921913 -88.064507 100.288742 -41.413416 -0.886904 84.711479 3.167139 -3.040738 -18.569478 -4.035872 6.592945 16.731603 0.414945 12.280208 -6.006499 nan nan nan -0.770090 0.018624 14.349912 4.539091 9.575652 1.855776 5.842763 0.329677 -6.268422 nan nan nan 2.194174 7.164176 5.382763 1.509998 -3.264973 10.561704 -1.457558 1.014200 0.175890 2.389866 1.345478 3.428545 -3.685885 -3.567168 1.841540 -22.633948 8.808384 -1.627148 -68.553059 3.824561 15.453998 14.024178 -27.011426 -4.923826 -12.576835 -14.766562 5.013497 21.102048 -1.035513 0.146778 63.758785 6.407833 11.580632 -15.965594 30.861690 -15.714954 4.717926 13.149740 -7.614408 
-116.447357 -88.799423 100.154648 -41.684756 -0.766909 84.667724 3.141097 -2.729251 -18.447943 -3.552627 6.562538 14.328695 0.508584 12.059162 -5.376985 nan nan nan -0.744729 -0.068195 15.065183 4.494751 9.760189 1.740589 6.152780 0.476694 -6.512744 nan nan nan 2.280724 7.249961 5.367520 1.498997 -3.258759 10.736511 -1.406616 1.095538 0.201429 2.352428 1.341887 3.369482 -3.726397 -3.515590 1.737645 -22.592645 8.898644 -1.694599 -68.790857 3.969569 15.318852 14.130601 -27.076916 -5.088417 -12.854833 -14.227826 4.894818 20.973181 -1.008727 0.181780 63.766198 6.745736 11.771243 -16.176392 31.205112 -15.987097 4.854813 13.122641 -7.830010 
-116.987274 -89.460617 100.019241 -42.164901 -0.624364 84.663547 3.288621 -2.295599 -18.333850 -3.220515 6.306732 12.015333 0.550448 11.800184 -4.803912 nan nan nan -0.621084 -0.099835 15.542269 4.406175 9.929361 1.904492 6.298376 0.727141 -6.782668 nan nan nan 2.244470 7.325870 5.444672 1.515936 -3.160759 10.803016 -1.266784 1.225165 0.087192 2.414077 1.476547 3.559324 -3.812819 -3.482575 1.649093 -22.631411 8.976609 -1.818097 -69.080650 4.391977 15.107967 14.534467 -27.253593 -5.707996 -12.776777 -13.849831 5.146880 20.800088 -0.748832 0.393361 63.785118 7.028429 11.969813 -16.438744 31.459102 -16.424313 4.471963 13.360161 -8.075412 
-117.470268 -90.197372 99.882355 -42.341324 -0.508893 84.657701 3.225143 -2.131927 -18.251214 -2.727717 5.819686 9.841156 0.845769 11.460498 -4.107621 nan nan nan -0.659358 -0.294439 16.047143 4.377979 10.057467 2.030513 6.548261 0.960025 -6.999826 nan nan nan 2.459072 7.351532 5.504260 1.435578 -3.163007 10.933973 -1.308613 1.256373 -0.098777 2.319019 1.476952 3.806428 -3.771336 -3.385619 1.600871 -22.630327 8.890947 -1.916456 -69.298652 4.811945 15.021393 14.901365 -27.216590 -6.019654 -12.951835 -14.086684 4.621581 20.640726 -0.516284 0.493378 63.856030 7.127944 12.107232 -16.683792 31.694049 -16.831697 4.288900 13.597467 -8.188940 
-117.964241 -90.951347 99.740761 -42.377732 -0.447260 84.546406 3.081568 -2.080391 -18.016763 -2.272778 5.276097 7.674975 1.043268 11.104163 -3.409282 nan nan nan -0.630205 -0.368650 16.815074 4.213953 10.017783 1.904035 6.743439 0.995093 -7.285371 nan nan nan 2.626645 7.349976 5.751004 1.335807 -3.145883 10.837702 -1.340308 1.248525 -0.088188 2.241007 1.435050 3.830913 -3.766429 -3.345623 1.700414 -22.459905 8.814485 -2.026999 -69.562347 5.111728 14.965631 15.096164 -27.125191 -6.025497 -13.250827 -14.851008 3.664459 20.441223 -0.485295 0.330530 64.020374 7.172882 12.252090 -16.790730 31.887970 -16.926782 4.454685 13.727492 -8.289421 
-118.509232 -91.691185 99.584015 -42.549807 -0.385730 84.434403 3.118568 -1.941514 -17.688855 -2.091739 4.831824 5.518930 1.179204 10.793919 -2.903857 nan nan nan -0.569269 -0.386934 17.539627 4.032637 9.962351 1.891346 6.955595 1.100766 -7.616192 nan nan nan 2.573500 7.352475 5.964370 1.368291 -3.103552 10.704616 -1.298295 1.323051 -0.010666 2.314460 1.490370 3.859697 -3.846967 -3.306987 1.721785 -22.286498 8.931488 -2.154867 -69.796614 5.304177 14.872999 15.076298 -27.152987 -5.991243 -13.344666 -15.179584 3.295669 20.175753 -0.581743 0.176630 64.236731 7.447630 12.503683 -16.833003 31.973118 -16.755704 4.261631 13.776518 -8.473442 
-119.068123 -92.416115 99.415100 -43.002742 -0.240945 84.498639 3.364505 -1.626998 -17.590760 -2.012208 4.730029 3.605551 1.211076 10.577818 -2.478060 nan nan nan -0.631375 -0.492635 17.799124 4.079564 10.271702 2.303442 7.282842 1.462143 -7.856656 nan nan nan 2.616137 7.495076 5.875820 1.380968 -2.942042 10.751242 -1.308752 1.479668 0.023245 2.436367 1.594133 3.923505 -3.840266 -3.386661 1.684899 -22.245619 8.969678 -2.227064 -69.929716 5.341458 14.731553 15.192954 -27.078195 -6.156928 -13.298756 -15.027426 3.075384 20.109211 -0.653649 0.146846 64.334688 7.763942 12.537825 -16.956805 32.039265 -16.516303 4.024898 13.659130 -8.515870 
-119.636642 -93.133423 99.238060 -43.464328 -0.052582 84.636730 3.709985 -1.356240 -17.686284 -1.944761 4.734014 2.084301 1.043991 10.537036 -2.184195 nan nan nan -0.605943 -0.518900 17.902934 4.115494 10.731657 2.808076 7.615446 1.645000 -8.123763 nan nan nan 2.703734 7.701771 5.809803 1.353309 -2.746801 10.518591 -1.262435 1.593995 0.203129 2.472111 1.646012 3.980139 -3.808487 -3.578857 1.718669 -22.272917 8.961861 -2.247171 -70.010426 5.328064 14.534448 15.327902 -26.924898 -6.301541 -13.450635 -14.755490 2.921326 20.188913 -0.620149 0.231300 64.317036 7.889468 12.341879 -17.271496 32.294622 -16.453909 3.950176 13.401896 -8.263289 
-120.196297 -93.868484 99.075729 -43.754245 0.080623 84.690521 3.961222 -1.196081 -17.684924 -1.858397 4.724713 0.855212 0.478765 10.455120 -2.310536 nan nan nan -0.568772 -0.579370 18.127312 4.065428 11.115969 3.298712 7.947202 1.704704 -8.420379 nan nan nan 2.760196 7.820547 5.881634 1.282516 -2.673625 10.176406 -1.197909 1.643359 0.455496 2.471324 1.752546 3.959152 -3.767065 -3.599541 1.841513 -22.352474 8.968258 -2.381676 -70.009344 5.409432 14.402694 15.383444 -26.687321 -6.383291 -13.672465 -14.806423 2.799089 20.237336 -0.471317 0.302728 64.262592 7.961361 12.224548 -17.506744 32.552246 -16.696831 3.943077 13.301751 -8.124458 
-120.747131 -94.615143 98.931038 -44.116072 0.191528 84.701858 4.204126 -0.978353 -17.652428 -1.805646 4.814664 -0.073927 -0.242891 10.156686 -2.634618 nan nan nan -0.616168 -0.630170 18.368824 4.059442 11.537351 3.850055 8.302404 1.883500 -8.680626 nan nan nan 2.818822 7.910315 5.938518 1.229101 -2.653811 10.009705 -1.180857 1.738751 0.648068 2.511410 1.893498 3.880866 -3.811977 -3.508200 1.910278 -22.434223 9.060676 -2.546132 -69.993516 5.396771 14.297700 15.453274 -26.545499 -6.904489 -14.014448 -14.628134 2.610498 20.232686 -0.395194 0.361985 64.231206 8.182189 12.290681 -17.600231 32.696857 -16.961709 3.834100 13.032410 -8.244003 
-121.309555 -95.366257 98.801674 -44.487617 0.312326 84.732653 4.456660 -0.741749 -17.681986 -1.811807 4.805146 -0.706797 -0.529390 9.995736 -2.885584 nan nan nan -0.706097 -0.614440 18.542024 4.194061 11.933107 4.507020 8.588835 2.078855 -8.936193 nan nan nan 2.777688 8.043352 5.905293 1.293612 -2.632938 10.021324 -1.195520 1.842515 0.642411 2.596081 1.888901 3.947808 -3.844374 -3.475910 1.938382 -22.487346 9.267635 -2.653247 -69.943193 5.443847 14.348475 15.499156 -26.721128 -7.116307 -14.095157 -14.198687 2.194509 20.331861 -0.483622 0.332849 64.170459 8.342049 12.594013 -17.780340 32.732051 -17.043021 3.136552 12.777989 -8.609556 
-121.875702 -96.123978 98.686569 -44.829288 0.417759 84.809278 4.732708 -0.500511 -17.796984 -1.929588 4.728521 -0.989727 -0.541168 9.994637 -3.047876 nan nan nan -0.782638 -0.547989 18.593819 4.336766 12.244958 5.301750 8.822619 2.304961 -9.223300 nan nan nan 2.709166 8.169903 5.754738 1.338582 -2.592102 10.209320 -1.229296 1.930450 0.459485 2.681755 1.990052 4.003002 -3.893266 -3.467075 2.093881 -22.513130 9.467490 -2.792784 -69.850899 5.673365 14.496241 15.502139 -26.924392 -6.720234 -13.750713 -14.238914 1.658178 20.430356 -0.582648 0.312993 64.166048 8.465915 12.864366 -17.838320 32.676267 -16.937232 1.868479 13.078840 -8.807571 
-122.417206 -96.888214 98.577705 -45.112654 0.421159 84.850643 4.930009 -0.444392 -17.969715 -2.033937 4.728320 -0.842450 -0.719417 9.979918 -3.136967 nan nan nan -0.944789 -0.572208 18.635723 4.400264 12.621103 6.162861 8.981909 2.521660 -9.511511 nan nan nan 2.682549 8.377670 5.643449 1.225387 -2.557247 10.321536 -1.279330 1.939163 0.469627 2.666262 1.936609 3.863720 -3.735100 -3.455088 2.335169 -22.506103 9.466265 -2.930987 -69.762717 5.790995 14.641626 15.578404 -26.950563 -6.506891 -13.291114 -14.384885 1.159088 20.560929 -0.595177 0.254641 64.168498 8.550133 13.007083 -17.848638 32.634818 -16.776377 0.792573 13.450041 -8.713256 
-122.960915 -97.655205 98.477821 -45.233254 0.396866 84.801761 5.064144 -0.665849 -18.114105 -2.043083 4.665982 -0.366044 -0.585434 9.978674 -3.179415 nan nan nan -1.112057 -0.706080 18.859253 4.408549 12.983513 6.921955 9.011928 2.676795 -9.724377 nan nan nan 2.706853 8.670380 5.645516 1.035001 -2.541148 10.221814 -1.285476 1.816354 0.816039 2.630381 1.706855 3.566153 -3.505415 -3.470545 2.607730 -22.424354 9.257465 -2.965604 -69.810454 5.640823 14.545821 15.764768 -26.795418 -6.871353 -13.466146 -14.292471 1.366515 20.661331 -0.637379 0.030230 64.200533 8.536074 12.856747 -17.766621 32.789506 -16.573491 1.218629 13.628067 -8.214016 
-123.528175 -98.451851 98.394768 -45.290941 0.384645 84.824190 5.189722 -0.974886 -18.336811 -2.076770 4.757253 0.278456 -0.268549 10.101007 -2.958953 nan nan nan -1.344924 -0.772603 18.968352 4.610735 13.111576 7.795931 9.154447 2.950671 -9.815694 nan nan nan 2.571573 8.903407 5.544274 0.968645 -2.569347 10.278684 -1.229463 1.730380 0.883095 2.657963 1.569781 3.464550 -3.460574 -3.454645 2.745314 -22.364249 9.257672 -2.989284 -69.863612 5.480901 14.400930 15.909818 -26.627641 -7.193643 -14.269973 -14.185629 1.901254 20.780158 -0.802745 -0.166752 64.205141 8.477601 12.754093 -17.659485 32.949536 -16.522329 3.184389 13.822601 -8.138127 
-124.084122 -99.279160 98.340164 -45.307977 0.351467 84.868548 5.187740 -1.238641 -18.565001 -2.116283 4.917298 0.998841 0.153364 10.309619 -2.479371 nan nan nan -1.545176 -0.647292 19.021721 4.863710 13.109945 8.707364 9.335182 3.078128 -9.861349 nan nan nan 2.336448 8.999721 5.402459 0.998460 -2.645255 10.468012 -1.225973 1.696576 0.745507 2.775674 1.602325 3.553623 -3.545042 -3.326518 2.627511 -22.341312 9.354938 -3.038015 -69.756158 5.519988 14.417916 15.876438 -26.682999 -6.901870 -14.285512 -14.357696 1.811753 20.895540 -0.881799 -0.255138 64.312521 8.357528 12.915136 -17.910281 32.904467 -16.694568 3.444101 13.740405 -8.529328 
-124.628464 -100.138809 98.311272 -45.244820 0.224677 84.857293 5.018908 -1.559450 -18.725566 -2.117410 4.855991 1.827131 0.867295 10.602469 -1.979135 nan nan nan -1.705928 -0.485669 19.223703 4.919887 13.073165 9.493782 9.615683 3.007221 -9.807691 nan nan nan 2.066345 9.064676 5.356785 1.020937 -2.728380 10.603047 -1.243654 1.674866 0.607095 2.696985 1.454728 3.618843 -3.535568 -3.131804 2.537609 -22.368938 9.259821 -2.937662 -69.532456 5.628900 14.528729 15.780112 -26.910610 -6.490363 -13.576652 -14.329278 1.384103 20.943813 -0.870515 -0.190559 64.535393 8.099419 13.099882 -18.467588 32.822851 -16.862332 2.281760 13.042648 -8.817766 
-125.172043 -101.024529 98.300674 -45.175866 0.129745 84.869307 4.794989 -1.904524 -18.956068 -1.977015 4.860396 2.860658 1.281950 10.830961 -1.547079 nan nan nan -1.846398 -0.406450 19.431045 4.865116 12.896791 10.241265 10.108937 3.129341 -9.617268 nan nan nan 1.852146 9.082609 5.321583 1.002341 -2.771866 10.707367 -1.224279 1.690809 0.433564 2.475266 1.237859 3.697246 -3.369057 -2.950777 2.519010 -22.476156 9.113847 -2.882295 -69.392957 5.699179 14.603476 15.967467 -26.933268 -6.562375 -13.469724 -14.210423 1.425762 20.989692 -0.881552 -0.044045 64.638664 7.863928 13.089273 -18.729832 32.759459 -17.089896 2.251514 12.405045 -8.912869 
-125.746384 -101.912697 98.284889 -45.152353 0.091749 84.895652 4.666102 -2.222911 -19.168681 -1.900551 5.115461 3.962725 1.325258 10.971354 -0.991791 nan nan nan -2.013919 -0.301404 19.480179 5.011107 12.744312 11.217910 10.351059 3.405962 -9.410522 nan nan nan 1.625781 9.050223 5.196544 1.012108 -2.782519 10.902814 -1.245963 1.756378 0.225399 2.332327 1.080994 3.841875 -3.159986 -2.829812 2.361801 -22.467975 9.043485 -2.845725 -69.430287 5.671798 14.649510 16.352099 -26.796867 -6.936193 -13.637964 -14.112913 1.564418 21.056307 -0.995600 -0.007857 64.684950 7.717843 13.155925 -18.704819 32.678626 -17.128317 2.615117 12.326356 -8.978887 
-126.352791 -102.795830 98.243629 -45.203590 0.029415 85.000257 4.595002 -2.461638 -19.331897 -1.968345 5.567697 4.895089 1.675928 10.974576 0.144363 nan nan nan -2.204593 -0.147012 19.308173 5.218855 12.644222 12.393667 10.544630 3.744770 -9.161799 nan nan nan 1.293143 9.104280 4.964988 1.062517 -2.766575 11.066500 -1.272387 1.764504 0.079503 2.330007 0.961092 3.845088 -2.987452 -2.725771 2.281774 -22.444646 9.104039 -2.859971 -69.279821 5.690317 14.701253 16.359387 -26.965559 -6.997669 -13.428254 -13.765151 1.789604 21.169896 -1.202434 -0.001916 64.687379 7.589848 13.319976 -18.601174 32.735411 -17.214431 2.703351 12.412463 -8.684972 
-126.975998 -103.687225 98.210449 -45.258615 -0.014606 85.231692 4.576443 -2.649752 -19.546257 -2.084840 5.984189 5.667868 2.186636 10.853174 1.784065 nan nan nan -2.252243 0.076006 19.007973 5.241490 12.488568 13.513033 10.850603 4.061463 -8.806530 nan nan nan 0.975505 9.150111 4.524078 1.101858 -2.762673 11.342126 -1.300898 1.781559 -0.144662 2.274033 0.890958 3.871648 -2.824705 -2.691174 2.408457 -22.513976 9.144236 -2.764200 -68.982944 5.655278 14.553939 16.175843 -27.243763 -6.981890 -13.193764 -12.996139 2.675434 21.368714 -1.313263 0.229568 64.599580 7.508381 13.189892 -18.550545 32.814850 -17.597062 3.256619 12.439635 -7.791171 
-127.605850 -104.606621 98.209358 -45.204438 0.002784 85.467939 4.574816 -2.917708 -19.769014 -2.148856 6.073065 6.392097 2.526769 10.821843 3.343001 nan nan nan -2.182877 0.308863 18.654344 5.282165 12.303014 14.741698 11.182343 4.167043 -8.334965 nan nan nan 0.702642 9.150152 4.171213 1.193579 -2.767524 11.428447 -1.281922 1.792419 -0.344064 2.125421 0.789839 4.041881 -2.734185 -2.654638 2.443291 -22.599731 9.157722 -2.639444 -68.751601 5.582031 14.386104 16.021150 -27.302175 -6.817381 -12.999953 -12.597408 3.042956 21.543250 -1.469240 0.485818 64.545270 7.325889 12.975723 -18.696657 32.865703 -17.712211 3.707047 12.395827 -7.219149 
-128.239944 -105.550224 98.239990 -45.050721 -0.040439 85.579893 4.452264 -3.305218 -19.946164 -2.189583 5.891623 7.228963 2.625307 10.822493 4.362483 nan nan nan -2.209335 0.453163 18.318062 5.429440 12.010065 16.191367 11.452837 4.209375 -7.779899 nan nan nan 0.357040 9.106296 4.200921 1.257098 -2.801116 11.118166 -1.206906 1.799498 -0.444348 2.105115 0.793117 4.282947 -2.752090 -2.691549 2.311196 -22.625486 9.256342 -2.792888 -68.458805 5.783921 14.499473 15.892351 -27.256453 -6.531509 -12.966859 -13.211625 2.329783 21.748265 -1.646586 0.536288 64.527666 6.936553 13.088780 -18.862275 32.763353 -17.696716 3.595831 12.579832 -7.390747 
-128.869232 -106.465881 98.291931 -44.803674 -0.189904 85.399956 4.213256 -3.773747 -19.757221 -2.276001 5.580445 8.058034 2.277881 10.620273 4.759751 nan nan nan -2.403715 0.496242 18.183968 5.603384 11.591809 17.765865 11.786402 4.401098 -6.979064 nan nan nan -0.089115 9.108494 4.044328 1.312091 -2.889997 11.614925 -1.154163 1.759401 -0.439932 1.970069 0.621878 4.115577 -2.578851 -2.517005 2.202900 -22.593397 8.826356 -2.861170 -68.406684 5.670465 14.648552 16.177407 -27.042061 -6.864041 -12.894364 -13.956047 1.604577 21.922785 -1.465086 0.312770 64.600537 6.624833 13.199501 -19.048829 32.454049 -17.989180 3.644800 12.840958 -7.414956 
-129.511124 -107.387512 98.337257 -44.546383 -0.442943 85.323025 3.924046 -4.179067 -19.492646 -2.489985 5.287905 8.736375 2.183529 10.033188 4.949155 nan nan nan -2.817743 0.468117 17.827750 5.870282 11.052816 19.575238 12.369480 4.695212 -5.958616 nan nan nan -0.692246 9.001173 3.960379 1.352664 -2.902216 11.731242 -1.138720 1.710989 -0.366431 1.938588 0.544148 3.868618 -2.395611 -2.531836 2.501461 -22.447301 8.756081 -2.991783 -68.343516 5.475047 14.861297 16.220340 -26.829868 -7.042125 -12.696922 -13.959318 2.146168 22.267937 -1.562068 0.177422 64.459162 6.406965 13.348924 -18.800082 32.256879 -18.140018 4.121951 12.907400 -6.982329 
-130.146805 -108.335281 98.383270 -44.155889 -0.846613 85.158676 3.396660 -4.645860 -18.999033 -2.759094 5.023306 9.176424 2.965349 9.481106 5.290759 nan nan nan -3.516578 0.287741 17.505966 6.170405 10.283614 21.487962 13.130816 4.988468 -4.625120 nan nan nan -1.529081 8.759986 4.026409 1.428530 -2.963330 11.764356 -1.089992 1.737849 -0.364353 1.994247 0.513527 3.754588 -2.281732 -2.517618 2.787220 -22.239047 8.901256 -3.358765 -68.269165 5.371622 15.161362 16.134853 -26.622256 -7.060731 -12.641559 -13.476474 2.802883 22.585551 -1.751924 0.203725 64.344681 6.274228 13.639391 -18.673960 32.026527 -18.332923 4.733382 12.690707 -6.565680 
-130.730194 -109.280998 98.477753 -43.764783 -1.098336 85.038778 2.897736 -5.100426 -18.624510 -2.805457 4.892939 9.723109 3.781016 9.391035 5.508828 nan nan nan -4.039354 0.220630 16.969683 6.456639 9.254065 23.516003 13.895353 5.201445 -3.056199 nan nan nan -2.047705 8.499209 4.103978 1.481089 -3.072773 11.836431 -1.105083 1.743965 -0.511747 1.910016 0.455463 4.011919 -2.140674 -2.348039 2.626427 -22.156929 8.951414 -3.690246 -68.112915 5.298931 15.364747 16.093178 -26.300018 -7.095060 -12.776227 -13.575787 2.445984 22.761179 -1.846522 0.202743 64.450291 6.125921 13.804108 -18.647259 31.496514 -18.336850 4.971569 12.511861 -6.496812 
-131.228699 -110.205894 98.622520 -43.625719 -1.051013 85.240828 2.756028 -5.442179 -18.618955 -2.722861 5.091284 10.323077 4.215242 9.701625 5.501079 nan nan nan -4.183498 0.521284 15.745528 6.682076 7.808710 25.876072 14.588835 5.440795 -1.241675 nan nan nan -1.991724 8.334222 3.926250 1.508913 -3.055085 11.974024 -1.283864 1.653590 -0.857847 1.606390 0.419319 4.500609 -1.922934 -2.226134 2.278397 -22.316294 8.711325 -3.789182 -67.819910 5.321948 15.435284 16.290534 -26.022973 -7.398719 -13.106396 -14.317595 1.212900 22.879428 -1.777602 0.167026 64.561207 5.743219 13.652047 -18.680407 30.976869 -18.120302 5.002847 12.558947 -6.318338 
-131.856491 -111.174194 98.755020 -43.000892 -1.306528 85.090033 2.250320 -6.045004 -18.061332 -2.809027 5.109057 10.698558 4.797982 10.025437 5.194211 nan nan nan -4.757847 0.331219 15.170407 6.825936 6.243923 27.954783 15.265863 5.605752 0.837647 nan nan nan -2.562098 8.079099 3.920570 1.666363 -3.195051 12.241400 -1.338402 1.539609 -1.059580 1.522133 0.375660 4.574689 -1.761956 -2.177642 2.346914 -22.138026 8.396310 -3.756209 -67.800583 5.138893 15.597850 16.458875 -25.669310 -7.739772 -13.005505 -14.842688 0.484880 23.035093 -1.722156 0.024744 64.669620 5.256452 13.683119 -18.676010 30.614806 -18.399867 4.825862 12.481847 -5.781082 
-132.471680 -112.108986 98.871162 -42.479263 -1.591919 84.914859 1.742948 -6.484326 -17.414255 -2.990179 4.972708 10.968642 5.416307 10.219116 4.900444 nan nan nan -5.431671 0.049825 14.444573 6.879624 4.796320 30.261725 15.880823 5.649825 3.169829 nan nan nan -3.130001 7.874623 4.021533 1.769168 -3.226913 12.317113 -1.378048 1.453708 -1.155181 1.524104 0.283584 4.705415 -1.649120 -2.242742 2.475595 -21.825964 8.089996 -3.607030 -67.925278 4.814171 15.785702 16.600672 -25.298716 -7.717877 -13.015548 -14.725776 0.801320 23.220885 -1.743585 -0.003406 64.694700 4.777536 13.610117 -18.532597 30.409987 -18.543838 5.003273 12.260302 -5.290020 
-132.988388 -112.964088 98.994133 -42.344358 -1.415096 85.324551 1.878452 -6.618369 -17.476137 -3.223990 4.826491 11.271540 5.835450 10.280536 4.755935 nan nan nan -5.398288 0.157807 12.603915 6.786773 3.408535 33.054112 16.157733 5.449925 5.592142 nan nan nan -3.041851 7.701202 3.492504 1.892830 -3.090283 12.485440 -1.533385 1.379293 -1.392836 1.244462 0.221063 5.274736 -1.503820 -2.329220 2.234306 -21.889106 7.531010 -3.478183 -67.866114 4.730236 15.829169 16.918619 -25.002302 -7.896465 -13.211177 -14.424913 0.990988 23.273449 -1.611422 -0.030569 64.767832 4.166427 13.270572 -18.405959 30.035640 -18.399175 5.377709 12.227879 -5.469107 
-133.595886 -113.808182 99.087250 -41.948467 -1.412254 85.357351 1.723185 -6.590704 -17.105972 -3.509372 4.435282 11.613519 6.222455 10.061545 4.300863 nan nan nan -5.481195 0.261219 11.403223 6.688541 2.037423 35.502378 16.221171 5.149707 8.064425 nan nan nan -3.391446 7.221739 3.353559 2.110877 -2.929266 12.514480 -1.608204 1.410854 -1.376483 1.301055 0.205204 5.397418 -1.606665 -2.411999 2.396406 -21.736858 7.015972 -3.472151 -67.739320 4.637229 16.110195 16.939709 -24.818253 -7.601191 -12.705175 -14.667220 0.837223 23.253569 -1.462789 -0.261482 65.019453 3.627255 13.235510 -18.263955 29.494892 -18.249375 5.302176 12.294569 -5.676228 
-134.187485 -114.586319 99.162125 -41.759494 -1.454718 85.434072 1.557185 -6.363724 -16.839419 -3.700886 4.201270 12.103128 6.561437 9.901377 3.694888 nan nan nan -5.555739 0.296052 10.058173 6.541990 1.212722 38.030285 16.110019 4.822893 10.231090 nan nan nan -3.789664 6.844608 3.254279 2.265101 -2.766684 12.536136 -1.640927 1.415272 -1.423918 1.509718 0.441378 5.576557 -1.804760 -2.544943 2.454271 -21.547736 6.683654 -3.524054 -67.630728 4.497401 16.307074 16.955865 -24.670016 -7.395539 -12.507900 -14.917593 0.846844 23.304823 -1.321116 -0.297223 65.270075 3.329636 13.249976 -18.310755 28.965940 -18.042639 5.204106 12.327011 -5.703520 
-134.741791 -115.382477 99.273506 -41.579413 -1.605841 85.300416 1.258487 -6.318083 -16.206089 -3.866644 4.065937 12.331735 6.908963 10.042766 3.174874 nan nan nan -5.647147 0.332252 8.853602 6.399576 0.816613 40.638405 15.892779 4.217311 11.874824 nan nan nan -4.149075 6.525501 3.544368 2.340219 -2.700852 12.397337 -1.676205 1.413203 -1.467548 1.623362 0.791423 5.712622 -1.987911 -2.736536 2.536615 -21.505261 6.561798 -3.611514 -67.524686 4.037111 16.253293 16.915378 -24.230697 -7.298783 -12.747274 -15.054146 1.762931 23.400933 -1.410402 -0.228133 65.482757 3.345839 13.047790 -18.249472 28.433707 -17.682604 5.620285 12.187097 -5.335205 
-135.235092 -116.156807 99.392273 -41.491501 -1.863877 85.018787 0.879500 -6.430245 -15.286766 -4.103267 3.990431 12.299958 7.278699 10.325286 2.665883 nan nan nan -5.757389 0.399546 7.638305 6.247874 0.711256 43.386147 15.517161 3.296954 13.035708 nan nan nan -4.420699 6.261970 4.180606 2.278210 -2.542821 12.025645 -1.775122 1.456166 -1.378289 1.674782 1.005004 5.576001 -2.115042 -2.991848 2.978919 -21.480219 6.371120 -3.811251 -67.251059 3.542446 16.409254 16.668771 -23.845305 -7.025901 -12.299452 -15.626342 2.407196 23.498287 -1.528463 -0.363140 65.731537 3.285100 12.973716 -18.083726 27.808150 -17.336697 5.525453 12.099583 -5.244002 
-135.770660 -116.999779 99.488327 -41.528156 -2.174588 84.785801 0.384399 -6.320613 -14.229517 -4.282011 3.887210 12.051822 7.667487 10.352990 2.079033 nan nan nan -6.484022 0.290053 6.228016 6.255242 0.145962 46.222873 15.222203 2.978165 14.506667 nan nan nan -4.743120 5.897453 4.354362 2.220539 -2.217309 12.233268 -1.968258 1.536195 -1.520057 1.743705 1.101097 5.671144 -2.149479 -3.085977 3.283445 -21.373227 6.045715 -3.893738 -66.988412 3.094920 16.657362 16.698640 -23.617231 -7.520238 -12.570817 -15.564109 1.965849 23.758958 -1.517418 -0.339647 65.821564 3.245420 13.016288 -18.055440 27.173200 -17.490368 5.918371 11.748776 -4.859715 
-136.313156 -117.754967 99.588837 -41.462536 -2.264472 84.754810 0.184764 -6.166665 -13.513714 -4.500508 3.581496 11.920485 7.820621 10.465428 1.487929 nan nan nan -6.765081 0.219023 4.546964 6.249282 -0.452970 49.046024 14.750511 2.562576 15.331247 nan nan nan -4.912267 5.650150 4.410382 2.210571 -2.094948 12.303344 -2.084915 1.489702 -1.638206 1.818675 1.228223 5.857110 -2.247386 -3.011178 3.386750 -21.386226 5.700171 -4.056800 -66.709150 2.711520 16.758534 16.791469 -23.313759 -8.081714 -13.307405 -14.582333 2.270312 24.041365 -1.370403 -0.364465 65.786016 3.105129 13.085397 -17.976212 26.553159 -17.625186 6.409110 11.383743 -4.784996 
-136.867020 -118.488373 99.716156 -41.440577 -2.256276 84.657121 0.067703 -5.743343 -12.731986 -4.666326 3.225367 11.820539 7.931037 10.517576 0.941449 nan nan nan -6.535510 0.207882 3.125182 6.066192 -0.538901 51.558226 14.295953 2.052900 15.199888 nan nan nan -5.013676 5.416681 4.507299 2.225223 -2.075456 12.415520 -2.135889 1.457737 -1.720964 1.755813 1.400789 5.935880 -2.289282 -2.894535 3.543274 -21.571845 5.410821 -4.299703 -66.390959 2.376052 16.802386 16.919245 -23.154855 -8.462010 -13.937382 -13.189260 3.043147 24.362107 -1.213240 -0.330337 65.721823 3.100977 13.241861 -18.062665 25.934993 -17.672620 6.734069 11.017086 -4.907110 
-137.417130 -119.234711 99.857735 -41.316625 -2.282577 84.335041 -0.153849 -5.288771 -11.576453 -4.820666 2.741338 11.465631 8.119370 10.533684 0.560191 nan nan nan -6.386721 0.093615 2.083224 5.905772 -0.587299 53.732173 13.831873 1.562389 14.654760 nan nan nan -5.122623 5.155244 4.928900 2.262862 -2.036821 12.419895 -2.190364 1.406909 -1.797181 1.561061 1.488380 5.965662 -2.200974 -2.762954 3.828059 -21.610146 5.110377 -4.298784 -66.217370 1.952537 16.850351 17.140970 -23.173437 -8.999764 -14.655923 -12.434803 2.665711 24.586781 -1.188803 -0.291651 65.813800 3.085776 13.397984 -18.287061 25.467279 -17.581490 7.046462 10.582971 -4.923196 
-137.947418 -119.999672 99.994385 -41.099698 -2.323263 83.987097 -0.419872 -5.020374 -10.285669 -4.972116 2.096791 10.894052 8.314064 10.714136 0.310184 nan nan nan -6.459177 -0.028039 1.092605 5.848150 -0.957802 55.720915 13.311961 1.129104 13.841075 nan nan nan -5.151395 4.812235 5.546208 2.238777 -1.918307 12.032305 -2.268239 1.360953 -1.626705 1.393763 1.471575 5.981643 -2.105180 -2.602048 4.075766 -21.549789 4.790794 -4.256764 -66.100836 1.428661 16.962111 17.242345 -22.945837 -9.186323 -14.863699 -12.386717 1.994072 24.688722 -1.269872 -0.544777 65.934694 2.881331 13.437952 -18.130838 25.047498 -17.356825 7.158266 10.390511 -4.826745 
-138.493927 -120.770554 100.140686 -40.948214 -2.309656 83.722955 -0.601237 -4.766075 -9.152359 -5.045191 1.502984 10.511402 8.318789 10.859919 -0.067144 nan nan nan -6.483386 -0.041435 0.071604 5.616705 -1.461540 57.455313 12.839937 0.867517 13.040360 nan nan nan -5.153538 4.349329 5.889480 2.176895 -1.884576 11.834973 -2.306820 1.379928 -1.484351 1.328084 1.669741 6.189225 -2.157784 -2.516212 4.154999 -21.571290 4.658033 -4.499168 -65.908462 0.977130 17.054539 17.157578 -22.452892 -9.119324 -15.245709 -12.192334 2.194000 24.741610 -1.163265 -0.624819 66.032400 2.791169 13.551995 -17.965430 24.495727 -17.207031 7.472814 10.302254 -4.620976 
-139.055801 -121.522369 100.313889 -40.803383 -2.204873 83.430304 -0.672905 -4.443453 -8.034507 -5.119269 0.819172 10.244655 8.348595 11.013648 -0.528960 nan nan nan -6.341752 -0.053657 -0.811523 5.309336 -1.896329 58.842927 12.487795 0.621376 12.479264 nan nan nan -5.198243 3.974503 5.915005 2.267152 -1.917011 12.294162 -2.257537 1.325715 -1.616026 1.153659 1.855964 6.526406 -2.232912 -2.348996 4.108067 -21.773361 4.414469 -4.639332 -65.726917 0.411897 16.939639 17.210248 -21.970957 -9.328545 -15.590287 -12.109034 2.772031 24.730213 -1.028135 -0.643908 66.072199 2.843494 13.552778 -17.804779 23.961679 -16.875221 7.976396 10.185963 -4.563854 
-139.674332 -122.354378 100.495277 -40.727165 -2.045859 82.928331 -0.660029 -4.685869 -6.408849 -5.244031 0.327682 9.626921 8.501415 11.636150 -0.940668 nan nan nan -6.192995 -0.132830 -1.254954 5.241922 -2.130807 59.859179 12.070501 0.323296 11.747323 nan nan nan -5.005521 3.859263 6.145133 2.282393 -1.924416 12.572064 -2.237885 1.167743 -1.631858 1.048385 2.031243 7.062541 -2.305436 -2.320644 3.915981 -21.901415 4.046755 -4.603380 -65.592069 -0.173523 16.657718 17.251593 -21.685619 -9.859849 -15.778237 -12.828238 3.733599 24.610312 -0.874451 -0.783783 66.204151 2.604286 13.338386 -17.622731 23.537227 -16.641465 8.418050 10.299504 -4.423394 
-140.222733 -123.196175 100.664566 -40.367398 -1.950897 82.705766 -0.814202 -4.818514 -5.267994 -5.210870 -0.101681 9.215802 8.336237 11.870911 -1.350901 nan nan nan -6.271893 -0.297775 -2.067091 5.227472 -2.681528 60.863404 11.644199 0.208128 11.033629 nan nan nan -4.819287 3.436821 6.443327 2.225850 -1.972919 12.148115 -2.281483 1.078155 -1.457295 0.912195 2.217367 7.652868 -2.318200 -2.296323 3.849505 -22.013371 3.881195 -4.534109 -65.294383 -0.612024 16.603954 17.159363 -21.701277 -10.107882 -15.595833 -13.540212 4.399278 24.469101 -0.857019 -0.775927 66.368534 2.329690 13.117476 -17.312282 23.201080 -16.391035 8.456099 10.511786 -4.479737 
-140.702942 -123.900040 100.809242 -39.733281 -1.613901 82.897701 -0.742005 -4.323827 -5.011421 -5.049153 -0.883502 9.341482 8.133765 11.555056 -1.876750 nan nan nan -6.012056 -0.306925 -3.396453 5.079468 -3.673750 61.776572 11.383199 0.149844 10.496788 nan nan nan -4.487510 2.729997 6.479457 2.262519 -2.064385 11.517825 -2.352104 0.910489 -1.206871 0.789357 2.435487 7.807256 -2.322598 -2.204973 4.324720 -21.999961 3.801953 -4.569160 -65.192485 -0.904679 16.611347 17.244051 -21.753652 -10.187084 -15.118597 -13.411414 4.663565 24.486607 -0.885472 -0.771936 66.343446 2.078311 12.996459 -17.018692 23.005773 -16.038904 8.416644 10.475106 -4.503265 
-141.219666 -124.673889 100.972641 -39.341561 -1.428323 82.828031 -0.789139 -4.296458 -4.208958 -4.967614 -1.455110 9.130844 8.089258 11.706566 -2.243911 nan nan nan -5.855935 -0.300288 -4.339990 5.047412 -4.259756 62.382160 11.199368 0.024278 10.030295 nan nan nan -4.287661 2.278922 6.491937 2.275395 -2.194212 11.359665 -2.382171 0.745321 -1.098639 0.652868 2.707436 7.963254 -2.227453 -2.022167 4.614941 -22.015360 3.699375 -4.643945 -65.139430 -1.284977 16.574520 17.338317 -21.625703 -10.453376 -14.759541 -13.482302 4.842200 24.552598 -0.838592 -0.766342 66.316665 1.899417 12.889647 -16.947203 22.694736 -16.053627 8.628733 10.545868 -4.211259 
-141.760773 -125.422546 101.139694 -38.895265 -1.141691 82.796834 -0.688187 -4.291908 -3.442077 -4.871045 -2.010882 8.916984 7.933529 11.836972 -2.651004 nan nan nan -5.615789 -0.240762 -5.307065 5.124753 -4.968885 62.818802 11.107985 -0.058855 9.609122 nan nan nan -4.108093 1.810593 6.346682 2.373815 -2.270471 11.505579 -2.371659 0.546341 -1.122363 0.506822 2.913692 8.169340 -2.104686 -2.002342 4.810604 -22.095327 3.591102 -4.630625 -65.105935 -1.862204 16.468096 17.479140 -21.642849 -10.976068 -14.863810 -13.808488 5.498179 24.572416 -0.791628 -0.703455 66.334996 1.765794 12.598563 -16.908836 22.457811 -16.176395 8.949496 10.760993 -3.951616 
-142.294678 -126.176796 101.306244 -38.491807 -0.881587 82.720384 -0.608017 -4.227914 -2.538790 -4.769772 -2.482109 8.572579 7.770129 11.904692 -3.094853 nan nan nan -5.292663 -0.223881 -6.196802 5.233160 -5.408744 63.075644 10.876279 -0.170106 9.152186 nan nan nan -3.885517 1.376572 6.214191 2.438870 -2.301351 11.759878 -2.355591 0.363422 -1.201380 0.266636 2.949950 8.379919 -2.052223 -1.988830 4.972429 -22.114679 3.457022 -4.512383 -65.103152 -2.535712 16.295477 17.525763 -21.914308 -11.676493 -15.073368 -14.000906 6.483049 24.505776 -0.887283 -0.587288 66.397018 1.701131 12.198643 -16.778828 22.455617 -16.172519 9.243738 10.770150 -3.559086 
-142.832840 -126.931770 101.459892 -38.125358 -0.669204 82.594091 -0.543314 -4.146043 -1.650977 -4.743810 -3.034869 8.341927 7.683872 12.071243 -3.581441 nan nan nan -4.728700 -0.183237 -6.928782 5.345894 -5.451852 63.075414 10.306891 -0.530737 8.353870 nan nan nan -3.764710 0.970596 6.262693 2.514680 -2.401610 11.675680 -2.261713 0.237828 -1.121324 0.066811 2.987633 8.484445 -2.135698 -1.798150 5.223882 -22.040417 3.410703 -4.414581 -65.144619 -3.049034 16.154616 17.434722 -22.333369 -12.023581 -14.926920 -13.853493 7.096524 24.410416 -1.026724 -0.394052 66.367671 1.639293 11.944355 -16.586822 22.632572 -15.790955 9.362664 10.635459 -3.262731 
-143.382141 -127.664177 101.599258 -37.748322 -0.457652 82.450941 -0.389142 -4.116359 -0.768360 -4.849343 -3.696771 8.088762 7.592718 12.360417 -3.935488 nan nan nan -4.028751 0.130916 -7.593350 5.554825 -5.505411 62.902475 9.816998 -1.113434 7.104130 nan nan nan -3.760150 0.549006 6.411327 2.637964 -2.539833 11.423480 -2.139863 0.200650 -0.940421 -0.049230 3.093840 8.448250 -2.087690 -1.576391 5.651882 -21.940819 3.381682 -4.373467 -65.240158 -3.560839 16.091583 17.418131 -22.586691 -12.145594 -14.551799 -13.536868 7.313641 24.295836 -1.115600 -0.252948 66.380179 1.585867 11.804666 -16.464698 22.660188 -15.386792 9.448107 10.468861 -3.231695 
-143.943253 -128.385880 101.720856 -37.450577 -0.238717 82.340047 -0.169249 -3.939995 0.195893 -4.934966 -4.328568 7.610686 7.519808 12.557118 -4.162524 nan nan nan -3.608823 0.457778 -8.363646 5.894599 -5.788524 62.685213 9.643488 -1.399607 6.001763 nan nan nan -3.729465 0.186065 6.454010 2.768265 -2.589786 11.327093 -2.058338 0.141095 -0.777376 -0.044825 3.156705 8.390289 -2.023728 -1.485794 6.008715 -21.886882 3.333330 -4.422245 -65.250161 -4.123676 16.116816 17.348332 -22.689460 -12.258496 -13.985077 -13.572882 7.172393 24.189433 -1.167039 -0.306566 66.391845 1.357022 11.692196 -16.291095 22.767282 -15.326018 9.350248 10.388098 -3.522429 
-144.505676 -129.101334 101.816116 -37.185069 -0.019720 82.264027 0.022044 -3.640313 1.113364 -4.876811 -4.889994 7.173889 7.447230 12.615270 -4.427339 nan nan nan -3.542395 0.434546 -9.164684 6.268703 -6.195836 62.332401 9.497756 -1.135067 5.486046 nan nan nan -3.661277 -0.158339 6.519102 2.878215 -2.564728 11.158929 -1.985706 0.072260 -0.617697 -0.073742 3.192624 8.424729 -1.956371 -1.491474 6.150598 -21.810737 3.330061 -4.444964 -65.217470 -4.711743 16.152870 17.182861 -22.847742 -12.376049 -13.817805 -13.611922 6.834134 24.118839 -1.312396 -0.359135 66.342144 1.077913 11.460240 -16.077917 23.004475 -15.359932 9.507184 10.343438 -3.647166 
-145.045364 -129.801086 101.885475 -36.857409 0.144423 82.342921 0.134087 -3.496052 1.803019 -4.817547 -5.467266 6.789359 7.369803 12.673217 -4.688532 nan nan nan -3.727620 0.278691 -10.272767 6.700873 -6.760404 62.025454 9.276905 -0.732938 5.266933 nan nan nan -3.690749 -0.515947 6.487158 3.030401 -2.564392 10.906838 -1.898638 0.004105 -0.507454 -0.270532 3.200976 8.573490 -1.774192 -1.418124 6.218541 -21.853892 3.316739 -4.310757 -65.038567 -5.239036 16.181631 17.056837 -23.294653 -12.467522 -13.550131 -13.819347 6.710308 24.176199 -1.562323 -0.331355 66.167387 0.850909 11.141283 -15.817935 23.222841 -15.156488 9.623026 10.412325 -3.442632 
-145.579300 -130.522171 101.924606 -36.466668 0.270605 82.467410 0.236267 -3.424591 2.455737 -4.834070 -5.988911 6.370423 7.280363 12.626907 -5.031227 nan nan nan -4.201218 0.060747 -11.477837 7.334267 -7.478063 61.692333 9.186925 -0.233319 4.960269 nan nan nan -3.767095 -0.918996 6.382643 3.186108 -2.619544 10.648708 -1.817926 -0.090280 -0.351680 -0.386104 3.324819 8.658414 -1.690921 -1.425617 6.395886 -21.739412 3.361855 -4.197904 -65.031072 -5.703047 16.303918 17.090045 -23.884050 -12.824489 -13.409798 -13.942348 6.952985 24.228105 -1.788167 -0.182306 66.030090 0.733920 11.028992 -15.660140 23.408427 -14.948213 9.980224 10.284217 -3.370318 
-146.117615 -131.252075 101.974693 -36.201146 0.473769 82.466146 0.448884 -3.178333 3.277987 -4.818045 -6.373430 5.933688 6.941173 12.568821 -5.440697 nan nan nan -4.021284 0.108200 -12.283272 7.614447 -7.727203 60.953401 8.948753 -0.157016 3.906919 nan nan nan -3.690677 -1.285338 6.331883 3.277265 -2.694897 10.551001 -1.703806 -0.203942 -0.242762 -0.412120 3.466351 8.748024 -1.807218 -1.385783 6.536825 -21.706608 3.444891 -4.231329 -65.004817 -6.135064 16.328610 17.079674 -24.402307 -13.314815 -13.527152 -13.978078 7.267457 24.121358 -1.863105 0.013551 65.970338 0.732583 10.992383 -15.503955 23.382034 -14.867476 10.666268 10.062408 -3.719998 
-146.665054 -131.985458 102.024887 -35.955771 0.665932 82.416567 0.627854 -3.058969 4.203422 -4.746828 -6.733489 5.416270 6.689110 12.633550 -5.756160 nan nan nan -3.907864 0.122636 -12.990258 7.860249 -7.965226 60.002536 8.783793 -0.009885 3.263167 nan nan nan -3.600263 -1.512990 6.242597 3.377051 -2.748490 10.627227 -1.608867 -0.328879 -0.185114 -0.344818 3.581645 8.911207 -1.912607 -1.404943 6.485784 -21.809576 3.494692 -4.292265 -64.872394 -6.709930 16.342953 17.027041 -24.741540 -13.631936 -13.613816 -14.239630 7.543745 24.077732 -1.964042 0.015194 65.910486 0.577182 10.864852 -15.521964 23.370283 -15.020298 11.388986 10.051873 -4.107500 
-147.204041 -132.697266 102.059540 -35.606582 0.785612 82.355169 0.711774 -3.037552 5.054199 -4.666521 -7.128613 5.025713 6.671804 12.646468 -6.157059 nan nan nan -3.891876 0.009452 -13.619071 8.137529 -8.184628 58.887346 8.520195 0.089729 2.679957 nan nan nan -3.601530 -1.691404 6.330814 3.475967 -2.821493 10.577369 -1.528763 -0.476455 -0.130635 -0.260150 3.741093 8.875190 -1.906908 -1.434022 6.493811 -21.802591 3.530027 -4.334181 -64.790785 -7.317762 16.468385 16.985629 -25.081078 -13.874917 -13.586356 -14.669942 7.764166 24.163480 -2.187433 -0.121323 65.755013 0.320769 10.829277 -15.474647 23.526096 -15.017444 11.605458 10.099263 -4.157314 
-147.730438 -133.398865 102.077675 -35.250837 0.964823 82.402907 0.920038 -2.585279 5.683098 -4.572723 -7.760659 4.795076 6.500816 12.485434 -6.617134 nan nan nan -3.822365 -0.096377 -14.338853 8.388952 -8.432740 57.631127 8.287493 0.141471 1.958570 nan nan nan -3.585650 -2.059737 6.304705 3.637980 -2.874814 10.601250 -1.492100 -0.545362 -0.191931 -0.176691 3.912210 8.816554 -1.892676 -1.507362 6.660618 -21.744226 3.603418 -4.306191 -64.662856 -7.823381 16.622474 16.771202 -25.682760 -13.958208 -13.260129 -15.106346 7.644963 24.288961 -2.298332 -0.033818 65.532493 0.129932 10.790639 -15.321517 23.744499 -14.930426 11.177688 10.267781 -4.229671 
-148.265854 -134.099319 102.076820 -34.838449 1.245300 82.571155 1.300310 -1.928330 6.070700 -4.511442 -8.584435 4.764599 6.086608 12.270049 -7.096497 nan nan nan -3.628734 -0.158114 -15.130310 8.551345 -8.730961 56.202065 8.248471 0.106190 1.267439 nan nan nan -3.501736 -2.568151 6.078506 3.861748 -2.908264 10.629261 -1.472268 -0.544770 -0.186672 -0.223126 3.967389 8.876539 -1.740821 -1.619002 6.704975 -21.835322 3.584254 -4.230919 -64.482848 -8.265383 16.696662 16.695409 -26.385780 -14.125679 -12.909125 -15.348029 7.320872 24.343921 -2.337032 0.140268 65.416590 -0.059669 10.507285 -15.253439 23.950407 -14.898740 10.645937 10.484277 -4.510013 
-148.747009 -134.701263 102.050774 -34.885826 1.369533 82.598838 1.507065 -1.470336 6.678890 -4.468951 -8.908507 4.569398 5.854853 12.282434 -7.525365 nan nan nan -3.506254 0.193066 -15.934955 8.715384 -8.872175 54.795297 8.213110 -0.101106 0.716212 nan nan nan -3.312060 -2.662098 6.450411 3.813088 -2.693510 9.933063 -1.418754 -0.639924 0.209305 -0.214466 4.050341 8.582459 -1.686725 -1.682071 6.927364 -21.692805 3.570891 -4.292795 -64.490382 -8.800600 16.882580 16.687772 -26.876448 -14.186966 -12.651540 -15.695580 6.781148 24.266014 -2.477133 0.030927 65.529950 -0.237616 10.349727 -15.164662 24.052054 -14.644986 10.511954 10.409128 -4.624142 
-149.361755 -135.482910 102.053925 -34.422198 1.501939 82.488425 1.634777 -1.236040 7.771148 -4.231302 -9.377176 3.997281 5.734450 12.144611 -7.996486 nan nan nan -3.447767 -0.153074 -16.086412 8.901713 -8.869154 52.956055 7.802990 -0.139223 0.106941 nan nan nan -3.250607 -2.938845 6.334662 3.875353 -2.814755 9.954040 -1.390636 -0.788000 0.457813 -0.167731 4.218084 8.452875 -1.848175 -1.607870 7.122009 -21.700977 3.553437 -4.184074 -64.234881 -9.384337 16.931610 16.536733 -27.479914 -14.540598 -12.654760 -15.826084 6.711194 24.340657 -2.568827 0.022063 65.450718 -0.422504 10.406028 -15.163272 24.191235 -14.617289 10.668738 10.222781 -4.511078 
-149.979797 -136.212311 102.035027 -33.871636 1.426828 82.218915 1.623284 -1.181637 8.865835 -4.177591 -10.054249 3.649573 5.776972 12.056611 -8.207146 nan nan nan -3.658593 -0.620104 -16.020438 9.139813 -8.852208 50.930123 7.138858 -0.194480 -0.260046 nan nan nan -3.655483 -3.188720 6.518871 4.046033 -2.951521 10.034258 -1.282957 -0.887220 0.524237 0.025729 4.298618 8.205618 -1.994704 -1.653359 7.597996 -21.562390 3.633114 -3.970762 -64.096001 -10.181181 16.985618 16.256437 -27.989118 -14.923574 -12.435614 -16.042815 6.643951 24.431691 -2.801471 0.128494 65.441341 -0.402873 10.419560 -15.139670 24.171813 -14.851077 10.703031 10.234278 -4.462945 
-150.454086 -136.840714 101.983009 -34.051508 1.518741 82.478095 1.764243 -1.065719 9.268523 -4.188781 -9.968833 3.397671 5.599999 12.142185 -8.365919 nan nan nan -3.595877 -0.184797 -16.823575 9.248877 -9.056675 48.905341 6.818690 -0.656929 -0.240301 nan nan nan -3.455738 -3.138941 6.315638 4.103296 -2.767016 10.127419 -1.298107 -0.946391 0.287738 -0.007096 4.367004 8.332308 -1.892769 -1.850753 7.719673 -21.608356 3.565909 -3.832453 -63.875176 -10.680401 17.196863 16.169748 -28.585984 -15.146179 -12.188375 -16.528730 6.485059 24.404484 -2.953966 0.142380 65.462633 -0.612034 10.221970 -15.031377 24.088722 -14.959288 10.509393 10.598201 -4.621847 
-150.977737 -137.521194 101.932541 -34.059202 1.568860 82.589726 1.836598 -0.836732 9.888633 -4.064818 -9.868834 3.061875 5.142411 12.146477 -8.859649 nan nan nan -3.505132 -0.046258 -17.261695 9.224659 -9.033296 46.777020 6.991747 -1.013351 -0.679892 nan nan nan -3.386906 -3.235335 6.076590 4.138742 -2.755233 10.388047 -1.322864 -0.938423 0.195214 -0.085136 4.401580 8.287736 -1.730510 -1.987806 7.899045 -21.570802 3.509245 -3.821630 -63.632189 -11.018797 17.486301 16.203817 -29.424965 -15.415164 -12.039864 -16.768132 6.444986 24.463573 -2.935636 0.114621 65.476339 -0.802301 10.339550 -15.137784 23.996912 -15.104150 10.314944 10.734239 -4.624718 
-151.518188 -138.172943 101.891899 -33.985669 1.599991 82.690140 1.951418 -0.840711 10.461522 -3.983129 -10.127758 2.746352 4.840083 12.175453 -9.298710 nan nan nan -3.412092 0.060666 -17.600305 9.188414 -8.804461 44.444771 7.356437 -1.117123 -1.182295 nan nan nan -3.479726 -3.340721 5.963692 4.249605 -2.804786 10.466654 -1.282344 -0.912429 0.225082 -0.210704 4.398205 8.383909 -1.535298 -2.144233 7.762249 -21.561424 3.380698 -3.892425 -63.447535 -11.333933 17.714448 16.292386 -30.126447 -15.960099 -11.846509 -16.972385 6.732353 24.412722 -2.763607 0.113928 65.541051 -0.974271 10.477328 -15.130016 23.863903 -15.240637 10.168437 10.669974 -4.665191 
-152.049957 -138.809448 101.824402 -33.826004 1.595534 82.778102 2.018954 -0.936613 10.991566 -3.945878 -10.366904 2.578941 4.769319 12.220679 -9.769864 nan nan nan -3.408475 -0.034985 -17.885481 9.042400 -8.863197 42.024460 7.778511 -1.445116 -1.390635 nan nan nan -3.674628 -3.504716 6.014990 4.376155 -2.866432 10.341682 -1.165245 -0.853479 0.307404 -0.282980 4.512321 8.413513 -1.441333 -2.281556 7.762438 -21.575454 3.455520 -4.023739 -63.391782 -11.823686 17.945088 16.339226 -30.537507 -16.026621 -12.059770 -17.491558 7.314942 24.247839 -2.749314 0.146101 65.697210 -1.024622 10.553618 -15.111784 23.731745 -15.264942 10.292512 10.689790 -4.897237 
-152.595734 -139.480255 101.737724 -33.751721 1.598422 82.746756 2.111807 -0.627096 11.712170 -3.860727 -10.599683 2.381324 4.622364 12.133435 -10.149821 nan nan nan -3.361140 -0.307356 -17.993481 8.786071 -9.314145 39.578791 8.072537 -2.281381 -1.713003 nan nan nan -3.706420 -3.633141 6.144397 4.333632 -2.880434 10.141561 -1.026933 -0.832615 0.508001 -0.250585 4.680648 8.318998 -1.505153 -2.244194 8.004067 -21.557147 3.610951 -4.209452 -63.298768 -12.255513 18.167941 16.232021 -31.043099 -15.689557 -11.991239 -17.946602 7.329211 24.107410 -2.781542 0.150114 65.894026 -1.044973 10.611227 -15.171012 23.628971 -15.297565 10.077851 10.790288 -5.161377 
-153.145508 -140.148056 101.651978 -33.790995 1.576771 82.706232 2.167928 -0.357453 12.423913 -3.765631 -10.821329 2.213980 4.426063 12.091476 -10.408598 nan nan nan -3.322384 -0.267609 -17.935822 8.732184 -8.613247 36.903880 7.664552 -2.257547 -1.773328 nan nan nan -3.621698 -3.588270 6.277333 4.281480 -2.832609 9.993685 -1.021668 -0.849557 0.589312 -0.174903 4.661099 8.377832 -1.641254 -2.289761 8.181766 -21.548524 3.641304 -4.092218 -63.046799 -12.843026 18.349350 16.075045 -31.673278 -15.729546 -11.521006 -18.107750 6.621164 24.097528 -2.875845 0.186033 66.047710 -1.130991 10.688984 -15.290116 23.580450 -15.452192 9.881382 10.851750 -5.516927 
-153.725601 -140.800507 101.545410 -33.668985 1.516382 82.825892 2.215490 -0.234965 12.921440 -3.679220 -10.986887 2.049973 4.012361 12.006592 -10.749202 nan nan nan -3.336055 -0.540669 -18.096115 8.354064 -9.006324 34.195446 7.818794 -2.747035 -1.511604 nan nan nan -3.721659 -3.587179 6.188944 4.332388 -2.851776 9.877674 -1.001755 -0.861464 0.631956 -0.275975 4.530668 8.569872 -1.512951 -2.373846 8.376489 -21.471610 3.593152 -3.937490 -62.801990 -13.323196 18.646949 16.004735 -32.254152 -15.996907 -11.229660 -18.268507 6.221911 24.084121 -2.877761 0.194263 66.240173 -1.349214 10.776464 -15.438358 23.414367 -15.595146 9.704539 10.959536 -5.642946 
-154.319565 -141.434494 101.440750 -33.531769 1.526746 82.993305 2.407132 -0.157766 13.342543 -3.684451 -11.065294 1.923699 3.545658 11.771375 -11.105842 nan nan nan -3.201288 -0.674438 -18.178782 8.056660 -8.952779 31.292148 7.986133 -3.094002 -1.119622 nan nan nan -3.824350 -3.617953 6.016497 4.482741 -2.959694 10.001845 -1.006814 -0.874793 0.484855 -0.214338 4.616668 8.819967 -1.445656 -2.506255 8.465146 -21.426642 3.675516 -3.895002 -62.625683 -13.679855 18.943181 16.072422 -32.856599 -16.088411 -11.012008 -18.519507 6.183225 24.083309 -2.921139 0.257683 66.382529 -1.386198 10.962129 -15.563827 23.116910 -15.427485 9.437599 11.002032 -5.317364 
-154.843674 -142.070648 101.335251 -33.555096 1.392090 83.195282 2.337550 -0.131232 13.676521 -3.686598 -10.971578 1.851843 3.236128 11.662741 -11.264547 nan nan nan -3.213178 -0.742944 -18.296837 7.783757 -8.821385 28.272701 7.785658 -3.429882 -0.763259 nan nan nan -4.006792 -3.549013 5.782701 4.583570 -3.002158 10.367340 -0.962966 -0.874161 0.123814 -0.178923 4.656777 9.111782 -1.473473 -2.621114 8.531197 -21.437107 3.748095 -3.831874 -62.641595 -14.154230 19.142017 16.326931 -33.231054 -16.536890 -10.992597 -18.749627 6.286275 24.040919 -2.995754 0.352810 66.453101 -1.299117 11.092378 -15.612342 22.833747 -15.274377 9.561508 10.829605 -4.943610 
-155.357147 -142.713303 101.222069 -33.493590 1.155660 83.439253 2.138511 -0.157488 13.962027 -3.667613 -10.956345 1.737964 2.994492 11.658342 -11.371173 nan nan nan -3.337535 -0.993319 -18.420756 7.423904 -8.724469 25.258926 7.826281 -3.716357 -0.252645 nan nan nan -4.265889 -3.517244 5.519845 4.632246 -3.071682 10.519077 -0.925215 -0.845459 -0.030984 -0.327663 4.624095 9.425645 -1.324603 -2.777912 8.595273 -21.404620 3.751545 -3.674598 -62.645660 -14.656966 19.208712 16.507740 -33.561993 -16.852039 -11.057855 -18.904961 6.503935 24.082866 -3.027477 0.580277 66.506106 -1.164960 10.969189 -15.698891 22.640620 -15.350286 9.960266 10.660176 -4.578710 
-155.902145 -143.358719 101.105316 -33.374138 0.985724 83.662106 2.083744 -0.058091 14.298183 -3.679428 -10.990123 1.653274 2.782900 11.460724 -11.652279 nan nan nan -3.332009 -1.334511 -18.455989 7.025954 -8.503329 22.254014 8.086943 -3.925570 0.548073 nan nan nan -4.398243 -3.452935 5.241730 4.653550 -3.142414 10.523313 -0.891400 -0.879955 0.017664 -0.450128 4.622498 9.697687 -1.235147 -2.962997 8.651808 -21.375992 3.580353 -3.501403 -62.476050 -15.031199 19.279833 16.545458 -33.978621 -17.023641 -10.878778 -19.126916 6.414992 24.113928 -3.001284 0.698154 66.643219 -1.171849 10.839714 -15.821883 22.442722 -15.573741 9.998294 10.612607 -4.562231 
-156.439667 -144.024048 100.983383 -33.375121 0.837836 83.838036 2.030497 0.115351 14.690727 -3.715079 -10.805090 1.671726 2.726823 11.162190 -12.081866 nan nan nan -3.255239 -1.622579 -18.420921 6.621489 -8.170583 19.270860 8.159932 -4.049233 1.453975 nan nan nan -4.450709 -3.336406 4.884440 4.699517 -3.197569 10.777896 -0.948167 -0.906526 -0.052298 -0.347291 4.678551 9.868540 -1.333191 -3.221537 8.998314 -21.357132 3.445674 -3.393387 -62.396738 -15.461020 19.478324 16.698206 -34.232227 -17.302025 -10.712618 -19.305770 6.493258 24.136250 -2.926483 0.747674 66.779284 -1.219516 10.924393 -15.990322 22.189070 -16.031539 9.902511 10.563767 -4.861500 
-156.987534 -144.696579 100.857567 -33.330432 0.648771 83.951499 1.911151 0.185192 15.118583 -3.672838 -10.554538 1.714123 2.628107 10.882499 -12.455267 nan nan nan -3.187369 -1.947804 -18.246305 6.132213 -7.941314 16.266731 8.282902 -4.124969 2.312453 nan nan nan -4.598858 -3.235297 4.516475 4.741540 -3.269552 11.164844 -1.032330 -0.935745 -0.159134 -0.295104 4.598582 9.991037 -1.278944 -3.578927 9.410990 -21.227602 3.392862 -3.219133 -62.490647 -15.999960 19.686658 17.039440 -34.419754 -17.867006 -10.666027 -19.397149 6.597567 24.222379 -2.873794 0.829618 66.874026 -1.175200 11.053911 -16.159662 21.937684 -16.382515 10.029352 10.575120 -4.950217 
-157.530029 -145.368317 100.722664 -33.284974 0.342283 83.994310 1.675546 0.276623 15.593465 -3.620234 -10.474561 1.782179 2.455959 10.676192 -12.692173 nan nan nan -3.232853 -2.293118 -17.973542 5.667168 -7.517669 13.321011 8.543679 -4.190273 3.100230 nan nan nan -4.851741 -3.166138 4.478589 4.697892 -3.322300 11.101102 -1.075876 -0.861989 -0.107752 -0.536165 4.372692 10.241543 -0.830019 -3.923803 9.360515 -21.078667 3.407148 -3.081220 -62.414278 -16.462912 19.995490 17.125990 -34.703003 -18.012489 -10.423749 -19.449908 6.111439 24.233088 -2.987634 0.954571 66.999609 -1.053641 11.081514 -16.090380 21.779019 -16.335318 9.972732 10.530757 -4.811429 
-158.068542 -146.040253 100.595726 -33.263000 0.043892 84.121958 1.423873 0.402115 15.975205 -3.520985 -10.500921 1.856903 2.221930 10.491758 -12.937988 nan nan nan -3.282514 -2.628444 -17.833171 5.245322 -7.018299 10.549047 8.744521 -4.370248 4.009449 nan nan nan -4.959840 -3.067178 4.622518 4.589824 -3.356244 10.611964 -1.090983 -0.829310 -0.000952 -0.894707 4.167572 10.695373 -0.473982 -3.891696 9.145240 -21.175651 3.541486 -3.080299 -62.110708 -16.755951 20.332307 17.029683 -35.002545 -17.723518 -10.224916 -19.511820 5.541432 24.244418 -3.276544 0.950092 67.032131 -1.028714 11.134515 -15.925322 21.602962 -16.174960 10.007266 10.424870 -4.907361 
-158.613266 -146.709656 100.470718 -33.219997 -0.199347 84.307002 1.265150 0.510894 16.270024 -3.452091 -10.404135 1.967236 2.008283 10.189791 -13.254742 nan nan nan -3.316782 -2.937765 -17.790376 4.836931 -6.642315 7.990626 8.861554 -4.324915 4.990445 nan nan nan -5.001749 -2.950858 4.487644 4.561553 -3.389814 10.609558 -1.130678 -0.910360 -0.138425 -0.865926 4.099459 10.968392 -0.766723 -3.694907 9.575239 -21.330408 3.613872 -3.039623 -62.056224 -17.013261 20.497904 17.358306 -35.252522 -18.390581 -10.304883 -19.577913 5.558130 24.293920 -3.451764 0.984544 67.086986 -0.994522 11.298709 -16.049188 21.365685 -16.286153 10.234167 10.208411 -4.872028 
-159.182129 -147.401154 100.343544 -33.143369 -0.368226 84.430605 1.215621 0.638264 16.569227 -3.400898 -10.272387 2.211655 1.805668 9.827351 -13.594735 nan nan nan -3.288281 -3.204063 -17.605030 4.459377 -6.242918 5.491690 9.072112 -4.192162 5.707038 nan nan nan -4.994750 -2.890738 4.197548 4.549143 -3.464250 10.901170 -1.199119 -1.006379 -0.329926 -0.726489 4.155079 11.358475 -1.077495 -3.706813 9.973465 -21.354814 3.598784 -2.897706 -62.102167 -17.266660 20.545569 17.767761 -35.443561 -19.303018 -10.432702 -19.622415 5.879552 24.281266 -3.379591 1.184522 67.232886 -0.900934 11.441268 -16.266065 21.087273 -16.444807 10.436058 10.080854 -4.628728 
-159.753845 -148.095596 100.208138 -33.034242 -0.529493 84.513147 1.212930 0.702969 16.909985 -3.459892 -10.388015 2.466195 1.656128 9.661379 -13.847178 nan nan nan -3.340729 -3.420688 -17.338120 4.236477 -5.764199 3.117161 9.151121 -4.164649 6.093749 nan nan nan -4.968770 -2.865817 4.094193 4.481029 -3.573739 10.879323 -1.211796 -1.036132 -0.379344 -0.745302 4.173084 11.719914 -1.192783 -3.611139 10.215107 -21.391293 3.657747 -2.702376 -62.012619 -17.584619 20.524711 17.800195 -35.621466 -19.393163 -10.196553 -19.640313 5.966272 24.165669 -3.420096 1.419513 67.332457 -0.671051 11.390453 -16.093589 20.783838 -16.180176 10.419235 10.025146 -4.125033 
-160.331375 -148.773605 100.070328 -32.872829 -0.645125 84.651386 1.347966 0.938874 17.109885 -3.547267 -10.716131 2.871046 1.357744 9.458535 -14.159270 nan nan nan -3.402811 -3.630414 -17.173414 4.076116 -5.375262 1.052760 9.208600 -4.083517 6.169102 nan nan nan -4.910448 -2.900760 3.934825 4.429437 -3.639839 10.797150 -1.188448 -0.985119 -0.357475 -0.840412 4.151999 11.983829 -1.238813 -3.396108 10.596282 -21.577691 3.675802 -2.491836 -61.851584 -17.965706 20.484593 17.666627 -35.755475 -19.020777 -9.737640 -19.827312 5.970537 24.101842 -3.591833 1.607946 67.310619 -0.458511 11.116321 -15.811155 20.562494 -15.867803 10.278500 9.954535 -3.439971 
-160.911987 -149.453201 99.939522 -32.604097 -0.734817 84.750762 1.494156 1.268006 17.235532 -3.523134 -11.220618 3.471125 0.917973 9.164162 -14.489931 nan nan nan -3.495600 -3.815427 -17.001114 3.970649 -5.141532 -0.681047 9.299843 -3.990769 5.878164 nan nan nan -4.842644 -2.965560 3.833138 4.445017 -3.676889 10.641928 -1.219147 -1.011019 -0.270394 -0.985881 3.983174 12.298050 -1.266314 -3.355247 11.107771 -21.723673 3.585165 -2.275768 -61.685600 -18.249467 20.564636 17.636060 -35.832433 -18.587632 -9.416371 -20.049987 5.645301 24.117442 -3.661974 1.685862 67.261542 -0.462080 10.854472 -15.680461 20.446924 -15.889844 10.172863 9.927116 -3.410324 
-161.497498 -150.154434 99.806519 -32.392553 -0.824856 84.738680 1.558846 1.461148 17.554922 -3.426918 -11.660067 3.959855 0.518047 8.960444 -14.710705 nan nan nan -3.644928 -3.873660 -16.740466 3.950336 -5.220763 -2.038580 9.387446 -3.911934 5.506899 nan nan nan -4.762987 -3.027539 3.815996 4.451842 -3.705511 10.576346 -1.273200 -1.097003 -0.267363 -1.150809 3.910185 12.810322 -1.250502 -3.409630 11.423157 -21.690672 3.605541 -2.094990 -61.804437 -18.535801 20.620585 17.795604 -35.742490 -18.668880 -9.438492 -20.215089 5.624925 24.016764 -3.678308 1.767435 67.326787 -0.386703 10.741803 -15.564271 20.159069 -15.775198 10.310043 9.897439 -3.299909 
-162.098450 -150.874725 99.689255 -32.285212 -0.879435 84.702389 1.648517 1.566480 18.037541 -3.379125 -12.073019 4.220538 0.176958 8.873695 -14.808998 nan nan nan -3.807715 -3.839021 -16.516326 4.036352 -5.479291 -2.938572 9.655745 -3.910420 5.176300 nan nan nan -4.651023 -3.090444 3.695835 4.467519 -3.705164 10.799752 -1.279594 -1.155426 -0.412510 -1.230085 3.907484 13.311254 -1.331284 -3.464621 11.689205 -21.684727 3.580216 -2.043742 -61.945667 -18.685434 20.677627 17.903549 -35.618198 -18.889536 -9.564010 -20.531070 6.006826 23.893463 -3.598138 1.816954 67.392856 -0.343314 10.686075 -15.551469 19.826324 -15.653774 10.337503 9.985020 -3.113270 
-162.732819 -151.597656 99.592628 -32.152795 -0.929300 84.681230 1.732267 1.596644 18.441998 -3.373035 -12.517383 4.630509 -0.096440 8.891009 -14.945644 nan nan nan -3.961371 -3.791006 -16.350831 4.136075 -5.594768 -3.413298 9.920593 -3.969639 4.661274 nan nan nan -4.558774 -3.149236 3.513951 4.477040 -3.672339 11.158270 -1.248594 -1.186371 -0.691386 -1.265805 3.739116 13.756543 -1.538937 -3.247347 12.175791 -21.840185 3.523641 -1.924218 -61.856823 -18.785185 20.763266 17.953896 -35.626018 -18.890932 -9.948142 -20.452605 6.080822 23.836075 -3.570325 1.961315 67.383914 -0.370215 10.572915 -15.602675 19.744335 -15.802244 10.346445 10.013121 -3.152435 
-163.388870 -152.315292 99.510841 -31.947593 -0.947688 84.635501 1.938410 1.549303 18.759429 -3.514199 -12.931446 5.267758 -0.456884 8.831233 -15.122790 nan nan nan -4.055810 -3.747774 -16.215649 4.151647 -5.682869 -3.535096 10.005992 -3.876203 4.229498 nan nan nan -4.413342 -3.238412 3.452806 4.500750 -3.649605 11.198093 -1.265397 -1.168473 -0.823962 -1.407286 3.623372 14.474960 -1.576978 -3.011440 12.462699 -22.074122 3.487736 -1.576010 -61.723116 -19.000052 20.664721 17.974076 -35.632509 -18.802770 -10.022554 -20.404451 6.050183 23.834612 -3.636980 2.213376 67.359529 -0.342499 10.221000 -15.589291 19.692469 -15.933095 10.329597 9.990471 -3.129705 
-164.036026 -153.030243 99.444679 -31.771471 -0.947996 84.584759 2.131565 1.452376 19.039033 -3.668638 -13.310933 5.989980 -0.781920 8.774358 -15.289220 nan nan nan -4.174668 -3.647946 -16.191039 4.184378 -5.696793 -3.203502 10.096094 -3.774663 4.143881 nan nan nan -4.213711 -3.386960 3.435711 4.532231 -3.600867 11.033069 -1.427906 -1.061724 -0.682118 -1.489793 3.572660 14.660428 -1.373002 -3.109622 13.795783 -22.220562 3.562285 -1.351964 -61.710077 -19.292920 20.680042 17.928456 -35.563339 -18.705154 -9.689635 -20.423009 5.967858 24.092443 -3.795874 2.265773 67.078820 -0.316056 10.026623 -15.469424 19.628207 -15.958668 10.305241 9.963109 -2.740492 
-164.666168 -153.743011 99.379753 -31.705394 -0.988782 84.550328 2.169039 1.389349 19.256231 -3.766341 -13.699975 6.788790 -0.963591 8.905117 -15.451760 nan nan nan -4.386511 -3.379063 -16.382382 4.304492 -5.689465 -2.268241 9.952167 -3.751758 4.201463 nan nan nan -4.068478 -3.517009 3.417204 4.581149 -3.508927 11.049702 -1.466634 -1.007942 -0.772521 -1.436370 3.404900 15.202089 -1.770328 -2.875178 14.267662 -22.358311 3.705998 -1.295444 -61.835597 -19.315786 20.632406 17.881832 -35.571496 -18.572622 -9.641137 -20.068739 5.756247 24.031238 -3.880867 2.349045 67.034498 -0.250893 9.911280 -15.449182 19.463407 -15.798170 10.405565 9.827933 -2.631071 
-165.315430 -154.471375 99.325989 -31.617873 -0.941173 84.553680 2.263415 1.276183 19.395463 -3.785525 -14.028572 7.614408 -1.304460 8.936311 -15.448228 nan nan nan -4.505808 -3.034778 -16.669183 4.396233 -5.822921 -0.986666 9.852799 -3.755243 4.189096 nan nan nan -3.826583 -3.700497 3.272799 4.566568 -3.413845 11.115382 -1.573334 -0.973240 -0.782633 -1.456264 3.347289 15.716793 -1.605882 -3.075118 14.699286 -22.277190 3.861639 -1.243721 -62.153170 -19.292005 20.791356 18.132406 -35.377018 -18.520104 -10.256741 -20.146340 5.406983 24.152631 -3.831229 2.469852 66.897005 -0.169895 9.843195 -15.536613 19.295901 -15.674287 10.750335 9.762478 -2.640792 
-165.985321 -155.219711 99.291756 -31.345273 -0.655372 84.524790 2.694898 1.012561 19.475941 -3.915345 -14.458623 8.571972 -1.783873 8.830745 -15.514733 nan nan nan -4.342823 -2.841746 -16.796053 4.474696 -5.988409 0.286041 9.598498 -3.790039 4.391438 nan nan nan -3.263856 -3.877599 3.128329 4.633827 -3.429945 11.160062 -1.659379 -0.986019 -0.712409 -1.203306 3.355773 15.962978 -2.094153 -2.932817 15.767057 -22.493898 3.856927 -1.135891 -62.274741 -19.233767 20.713620 18.258045 -35.219057 -18.504325 -10.728203 -20.552361 5.391105 24.051324 -3.843274 2.517918 66.820580 -0.125812 9.536342 -15.471313 19.254750 -15.439799 10.779805 9.815418 -2.442058 
-166.770233 -155.994202 99.297806 -31.471239 -0.562155 84.486233 2.953797 0.886416 19.758781 -4.181013 -14.873744 9.389080 -2.098597 8.929861 -15.538520 nan nan nan -4.163966 -2.482647 -16.934144 4.508182 -6.154175 1.692375 9.476711 -3.921267 4.740747 nan nan nan -3.109403 -4.042360 2.695039 4.792479 -3.285498 11.696294 -1.713173 -0.852870 -0.935462 -1.260839 3.296898 16.684022 -2.223536 -2.766230 16.176653 -22.731504 3.970346 -0.843742 -61.953893 -19.317257 20.480675 17.834752 -35.350993 -18.416460 -10.731412 -19.705372 5.902509 24.053250 -3.866190 2.839466 66.658150 0.055348 9.206154 -15.272331 19.218582 -15.696123 10.617974 9.756493 -2.377868 
-167.521729 -156.758484 99.300972 -31.472411 -0.579775 84.537321 2.994326 0.542062 19.807856 -4.483239 -15.138973 10.391679 -2.262401 9.071897 -15.375277 nan nan nan -4.143269 -2.270378 -17.148092 4.558272 -6.589910 3.015929 9.246135 -4.225507 5.620725 nan nan nan -3.088961 -4.094272 2.263705 4.941445 -3.325489 12.114216 -1.720214 -0.853879 -1.222648 -1.357314 3.111231 17.515698 -2.303534 -2.385153 16.528726 -22.764456 4.251080 -0.503066 -62.191294 -19.295881 20.324325 18.025213 -36.004671 -19.807406 -10.429602 -17.082242 6.105632 24.064327 -3.947153 3.294977 66.493068 0.352304 9.214325 -15.324468 19.207399 -16.064325 10.693420 9.165542 -2.318037 
-168.259537 -157.541458 99.309212 -31.493103 -0.567349 84.611603 3.020898 0.329225 19.720422 -4.590237 -15.092569 11.589492 -2.651791 8.882718 -15.235615 nan nan nan -4.116952 -2.020081 -17.307253 4.547336 -7.285747 4.050785 8.613899 -4.235060 7.018775 nan nan nan -2.862716 -4.168407 1.813149 4.945769 -3.174497 12.404121 -1.722185 -0.993314 -1.357913 -0.962837 3.483264 18.413817 -2.711373 -2.743551 16.707542 -22.921608 4.193159 -0.439370 -62.089176 -18.371463 20.409039 18.132148 -35.551124 -17.941557 -10.938887 -20.478945 6.425457 24.044908 -3.751984 2.934164 66.471591 -0.109455 9.115523 -15.500969 18.936964 -15.627755 10.691775 10.031596 -2.581835 
-168.975128 -158.322922 99.334808 -31.541675 -0.485223 84.654372 3.116852 0.152372 19.558240 -4.756285 -15.245821 12.980392 -3.059229 8.731311 -15.110054 nan nan nan -4.023631 -1.760233 -17.297045 4.577679 -7.434597 4.682545 7.802571 -4.500244 8.266021 nan nan nan -2.498641 -4.226868 1.477069 5.035014 -3.078727 12.507512 -1.803636 -1.015178 -1.360000 -0.590796 3.535771 18.953334 -3.437912 -2.524325 17.349268 -23.105922 4.258775 -0.404390 -62.221112 -17.945546 20.331335 18.126115 -35.407163 -17.593995 -11.140826 -20.797107 6.440958 23.875683 -3.746873 2.799565 66.479559 -0.340888 9.032804 -15.559046 18.951175 -15.527087 10.512549 10.077377 -2.706414 
-169.691666 -159.105286 99.382599 -31.534480 -0.294397 84.716624 3.271770 -0.169743 19.319835 -4.946436 -15.456873 14.414394 -3.452596 8.690533 -14.819040 nan nan nan -3.835968 -1.484164 -17.128113 4.660828 -7.032246 5.015676 7.402389 -4.984537 8.975788 nan nan nan -1.911282 -4.219370 1.057625 5.075634 -3.090257 12.646988 -1.988815 -0.972878 -1.188743 0.083090 3.597265 18.283248 -4.249696 -1.922302 20.011146 -23.391590 4.297849 -0.416584 -62.116370 -17.662539 20.216806 18.002460 -35.400302 -17.307930 -11.404268 -20.663843 6.158530 23.994976 -3.833210 2.910013 66.184656 -0.314127 8.848026 -15.518604 19.190204 -15.875568 10.450251 9.910110 -2.462393 
-170.434067 -159.912994 99.423607 -31.567518 -0.291225 84.754278 3.178254 -0.448697 19.041006 -5.083385 -15.361676 16.030527 -3.888134 8.475799 -14.403752 nan nan nan -3.911401 -1.274338 -17.089239 4.755047 -7.245088 5.838578 7.644024 -4.709376 9.381609 nan nan nan -1.744808 -4.184064 0.673480 4.965505 -3.112132 12.561411 -2.001828 -0.800563 -1.004025 -2.056292 3.786846 22.330143 -0.843381 -2.891176 13.739588 -23.215661 4.461334 0.168452 -62.472548 -17.567782 20.178722 18.150185 -35.609847 -17.127997 -10.837705 -20.079860 5.830394 24.063726 -3.826450 3.320541 65.881315 -0.247120 7.864476 -15.021809 19.424922 -15.280728 10.670788 10.168071 -2.796891 
-171.181091 -160.684158 99.502815 -31.526495 -0.162007 84.622940 3.312109 -0.771064 18.771061 -5.402824 -15.109945 17.889199 -4.427330 8.280112 -13.877006 nan nan nan -3.765989 -1.287785 -16.900491 4.838764 -7.136833 6.811458 7.679838 -4.467522 10.019406 nan nan nan -1.416273 -4.281267 0.472122 4.944000 -3.243726 12.753598 -2.064588 -0.779936 -0.942585 -2.253547 4.039180 23.021074 -0.370072 -2.987194 13.672889 -23.296359 4.772642 0.283106 -62.676603 -17.249653 20.075693 18.373311 -35.527291 -17.475315 -11.061560 -20.043378 6.009090 24.146239 -3.789817 3.516883 65.584522 -0.039336 7.727097 -14.893902 19.401229 -15.519684 10.791965 10.268121 -2.799728 
-171.946594 -161.439697 99.582497 -31.493396 0.058533 84.438172 3.671458 -0.932456 18.360487 -5.859430 -14.809255 20.038961 -4.976137 8.031187 -13.119496 nan nan nan -3.446365 -1.402975 -16.536838 4.950804 -6.886229 7.650218 7.174842 -4.149153 10.475857 nan nan nan -1.022270 -4.290590 0.376930 5.021680 -3.369006 13.124821 -2.073578 -0.884658 -1.113726 -1.845343 4.058927 23.476302 -0.806905 -2.687998 13.807585 -23.428855 5.038431 0.396510 -62.804700 -16.742446 19.823658 18.487667 -35.666959 -17.527137 -11.356907 -19.813902 6.180290 23.988097 -3.795372 3.638520 65.478669 0.102421 7.620634 -14.814748 19.450622 -15.572379 10.607055 10.320928 -2.716729 
-172.701492 -162.207352 99.667305 -31.672818 0.125405 84.450285 3.816978 -1.113994 17.614892 -6.378099 -14.121903 22.342155 -5.524189 7.788545 -12.107018 nan nan nan -3.232358 -1.469173 -16.350498 5.087142 -6.672041 8.413682 6.646747 -3.786779 10.472835 nan nan nan -0.706537 -4.110315 0.091596 5.034916 -3.343891 13.446777 -2.129019 -0.947697 -1.269686 -1.725852 4.068480 24.055380 -0.793355 -2.674034 14.006334 -23.442640 5.438510 0.517320 -63.108014 -16.369109 19.811032 18.643755 -35.647246 -17.448781 -11.929412 -19.218079 6.348871 23.998892 -4.090532 3.698350 65.249178 0.234678 7.533777 -14.739030 19.601264 -15.578204 10.811292 10.261586 -2.492446 
-173.475662 -162.969940 99.778915 -31.971255 0.066115 84.445665 3.888019 -1.187074 16.844279 -6.879870 -13.174492 24.627568 -6.044477 7.518289 -10.855337 nan nan nan -3.170764 -1.424331 -16.077903 5.284774 -6.665821 9.038672 5.936325 -3.421288 10.242267 nan nan nan -0.499535 -3.844863 -0.089670 4.991284 -3.163141 13.582849 -2.080190 -1.013347 -1.255932 -1.614619 3.873578 24.692842 -1.056287 -2.834486 13.462085 -23.546642 5.837039 0.490730 -63.279890 -16.022475 19.733462 18.464290 -35.609905 -17.302113 -12.377276 -18.852692 6.501648 23.845390 -4.493017 3.458327 65.169063 0.265106 7.382077 -14.499392 19.664436 -15.405690 11.047759 10.328694 -2.422847 
-174.244202 -163.697815 99.900063 -32.184458 0.108120 84.288110 4.142210 -1.289689 16.055122 -7.444696 -12.158148 27.102111 -6.125755 7.213159 -9.499765 nan nan nan -3.029523 -1.256962 -15.604203 5.463537 -6.708840 9.606869 5.149277 -3.351164 9.955636 nan nan nan -0.235680 -3.707771 -0.010121 4.960064 -3.007516 13.748550 -2.147489 -1.012138 -1.362170 -1.331100 3.662286 24.682190 -1.418711 -3.196426 14.318792 -23.525266 6.226897 0.529104 -63.374718 -15.663841 19.744443 18.199207 -35.686834 -16.918104 -12.644976 -18.722949 6.628685 23.842621 -4.848101 3.240477 65.058108 0.306718 7.411980 -14.305861 19.717652 -15.494757 11.066076 10.374007 -2.479829 
-174.947281 -164.392761 100.006523 -32.327066 0.309497 84.186887 4.541214 -1.483630 14.938445 -7.927607 -10.962908 29.811831 -6.299569 6.890076 -7.803041 nan nan nan -2.673180 -1.070946 -15.238461 5.560654 -6.424311 10.230000 4.386343 -3.586423 9.566577 nan nan nan 0.274843 -3.707087 0.017535 5.017476 -2.962607 14.102055 -2.117265 -1.004775 -1.681562 -0.152456 3.055249 22.988455 -3.985017 -2.730359 18.271886 -23.836286 6.427338 0.465163 -63.446287 -15.065244 19.485455 18.187117 -35.646375 -16.856121 -13.482153 -18.234527 7.490284 23.440082 -5.113592 3.413808 65.165343 0.607284 7.389957 -14.421463 19.936064 -15.991486 11.242695 10.013712 -1.879653 
-175.625900 -165.079361 100.102852 -32.618719 0.268300 84.415858 4.576516 -1.718996 13.461018 -8.169942 -9.376633 32.375109 -6.226160 6.491650 -5.608713 nan nan nan -2.632568 -0.767887 -15.327919 5.616084 -6.491529 11.017763 3.919004 -3.322510 9.144884 nan nan nan 0.534846 -3.597478 -0.280176 4.916809 -2.857688 14.114261 -2.168721 -0.896395 -1.669470 -0.128375 3.119233 23.309481 -3.736026 -3.083595 18.655524 -23.668789 6.583080 0.652367 -63.852558 -14.467134 19.370515 18.420353 -35.502171 -16.997271 -13.725145 -17.979898 7.700319 23.510403 -5.222537 3.617452 64.937969 0.756003 7.146583 -14.417711 20.267478 -16.585335 11.330985 9.982647 -1.569768 
-176.296295 -165.739365 100.202873 -32.955725 0.289287 84.655932 4.698558 -1.983449 11.964934 -8.485106 -7.994787 34.808683 -5.730414 6.342086 -3.426689 nan nan nan -2.578443 -0.493050 -15.296690 5.840953 -6.554299 11.563242 3.381357 -2.966483 8.754415 nan nan nan 0.883667 -3.347514 -0.551306 4.845794 -2.719608 14.221706 -2.127272 -0.859888 -1.864955 -0.021321 2.926265 23.923109 -4.070372 -3.081420 18.406737 -23.609291 6.589687 0.935673 -64.146123 -13.693486 19.088120 18.486795 -35.473567 -16.982790 -13.449863 -17.840296 7.227625 23.298262 -5.246857 3.719455 64.945959 0.655139 6.912017 -14.469989 20.614699 -16.886067 11.202282 10.020749 -1.993714 
-176.954407 -166.390167 100.310677 -33.198254 0.340056 84.690508 4.757737 -2.328055 10.636985 -8.728901 -6.879278 37.165491 -4.792657 6.348444 -1.674095 nan nan nan -2.460860 -0.366728 -14.907903 6.057920 -6.519455 11.876454 2.919785 -2.743591 8.418600 nan nan nan 1.189698 -3.127813 -0.502075 4.787062 -2.672243 14.364963 -2.179541 -0.796247 -2.051735 0.049050 2.860729 24.066738 -3.944285 -3.319740 18.707887 -23.461604 6.738053 0.989711 -64.490273 -13.029923 19.059157 18.543003 -35.440621 -16.797201 -13.527081 -17.624893 6.763316 23.227548 -5.310739 3.623529 64.916742 0.623706 6.966091 -14.590432 20.811280 -17.144008 11.456294 9.849483 -2.189744 
-177.625198 -167.030212 100.417061 -33.310508 0.417506 84.609672 4.753527 -2.676794 9.345663 -8.878604 -5.982335 39.507318 -3.915862 6.842441 -0.760589 nan nan nan -2.258174 -0.323088 -14.316261 6.178857 -6.467713 12.078657 2.465216 -2.751314 7.956784 nan nan nan 1.446122 -2.927928 -0.219326 4.788830 -2.721055 14.426270 -2.179263 -0.729822 -2.319516 0.028121 2.665654 24.186834 -3.899061 -3.282360 18.764001 -23.446079 6.939216 1.121723 -64.754564 -12.555461 18.962970 18.518689 -35.303934 -16.347361 -13.748334 -17.486094 6.508944 23.039851 -5.448252 3.594793 64.985957 0.697048 6.914196 -14.681408 20.949472 -16.935167 11.589084 9.763475 -2.094731 
-178.254333 -167.728394 100.481750 -33.538924 0.490662 84.890045 4.607699 -3.045051 7.691541 -8.839202 -4.927605 41.784001 -3.395199 7.904321 -0.966568 nan nan nan -2.174692 -0.186691 -14.082408 6.412164 -6.454155 12.214888 2.136814 -2.689700 7.396167 nan nan nan 1.852451 -2.788919 -0.627692 4.767750 -2.713151 14.571592 -2.348292 -0.570657 -2.370523 -0.167499 2.450257 24.504687 -3.606666 -3.097214 18.727242 -23.422437 7.062297 1.358048 -64.939105 -12.180365 18.819221 18.288675 -35.055006 -15.577796 -13.499498 -17.636389 5.932396 22.886911 -5.505047 3.624194 64.897709 0.777264 6.601560 -14.489151 21.139957 -16.674931 11.334589 10.021104 -1.866866 
-178.775345 -168.352631 100.564636 -33.618581 0.479578 85.204579 4.256280 -3.773572 5.841265 -8.710448 -3.775727 44.109807 -3.233884 9.223376 -1.794136 nan nan nan -2.310885 -0.069984 -13.933909 6.754521 -6.484923 12.324784 2.014332 -2.697159 6.794314 nan nan nan 2.153581 -2.637982 -0.764161 4.764614 -2.853616 14.198625 -2.478843 -0.465158 -2.101732 -0.299340 2.176685 24.611735 -3.583695 -2.776284 18.963722 -23.554296 7.224920 1.493722 -64.971928 -11.866199 18.587533 17.865745 -34.782430 -14.973464 -13.147568 -17.922449 5.718574 22.833991 -5.416996 3.660220 64.611917 0.970442 6.231866 -14.220558 21.300207 -16.407122 11.119971 10.259210 -1.064830 
-179.310989 -168.945084 100.643883 -33.508764 0.540681 85.415165 4.090846 -4.481606 4.017931 -8.484832 -2.739265 46.336789 -2.885908 10.237863 -2.534794 nan nan nan -2.327777 -0.094500 -13.657136 7.012027 -6.657869 12.441149 1.916985 -2.647974 6.152662 nan nan nan 2.530883 -2.391625 -0.696931 4.671362 -3.067240 13.565421 -2.491906 -0.608269 -1.568315 -0.476889 1.986989 24.919288 -3.512548 -2.622179 18.570724 -23.673703 7.377118 1.543323 -65.165829 -11.623083 18.185451 17.614984 -34.259339 -14.997048 -13.281578 -18.066319 6.222492 22.696543 -5.190499 3.725568 64.385325 1.348963 5.900452 -13.954337 21.357784 -16.301017 11.272785 10.368344 -0.569643 
-180.023834 -169.564377 100.710915 -33.397231 0.882237 85.161548 4.492254 -4.428724 2.773551 -8.284144 -2.300614 48.436777 -2.300373 10.795643 -3.147958 nan nan nan -1.736469 -0.342388 -12.589738 7.064610 -6.448777 12.229883 1.542773 -2.650344 5.475629 nan nan nan 3.009837 -2.175329 -0.308845 4.581403 -3.221030 13.221317 -2.420250 -0.744323 -1.127696 -0.282313 1.728183 24.956373 -3.789695 -2.747997 18.448579 -23.588167 7.554879 1.502982 -65.561381 -11.413376 17.883437 17.439470 -33.662825 -14.962098 -13.585723 -17.822099 6.419998 22.382957 -4.802590 3.743251 64.431233 1.550580 5.918043 -13.845010 21.460161 -16.480850 11.300858 10.406001 -1.533628 
-181.043701 -170.245956 100.815582 -33.296686 1.565385 84.092673 5.599471 -3.370161 2.647910 -8.119488 -2.749242 50.204799 -1.978595 10.864734 -3.395493 nan nan nan -0.399782 -0.873670 -10.125698 6.881510 -5.601265 11.359689 0.990380 -2.856970 4.834495 nan nan nan 3.346566 -2.015248 0.640925 4.686226 -3.376038 13.474545 -2.146829 -0.866626 -1.104606 0.433323 1.444148 24.596059 -4.473424 -2.750239 19.079484 -23.495774 7.810571 1.414891 -65.897253 -11.074087 17.575180 17.201473 -33.263090 -14.455242 -13.778410 -17.215527 6.171946 22.110826 -4.568277 3.633614 64.543642 1.593988 6.149072 -14.053586 21.623467 -16.528108 11.332491 10.281692 -3.233410 
-181.700851 -170.898880 100.942154 -33.484185 1.297668 84.064422 5.257116 -3.509009 1.319482 -7.912247 -1.837957 51.661959 -1.536325 11.346997 -3.667341 nan nan nan -0.639291 -0.863050 -9.379692 7.038333 -5.427514 11.148831 0.981985 -2.669463 4.450363 nan nan nan 3.134240 -1.558578 0.611984 4.669836 -3.425412 13.940285 -2.082707 -0.898722 -1.582415 0.536583 1.143001 25.114290 -4.460015 -2.567449 18.764079 -23.690432 7.872061 1.573520 -65.785706 -10.650626 17.474553 17.059905 -32.857835 -14.363704 -13.876028 -16.903299 6.352343 22.178728 -4.548128 3.548092 64.344319 1.517713 6.142972 -14.230290 21.914726 -17.118391 11.306257 10.258941 -3.788406 
-182.395172 -171.525589 101.081818 -33.605673 1.139726 83.778976 5.118246 -3.572979 0.310201 -7.877246 -1.277768 52.924655 -1.377119 11.548802 -4.258493 nan nan nan -0.655317 -0.974153 -8.203692 7.083577 -4.827461 10.760372 0.927086 -2.542004 4.114725 nan nan nan 3.041849 -1.104639 0.983259 4.583096 -3.455829 13.991301 -2.073615 -1.003811 -1.648933 0.780487 0.893259 24.972415 -4.544216 -2.615323 19.361942 -23.654302 7.917685 1.828808 -65.789567 -10.421498 17.284647 16.868040 -32.382461 -14.089347 -13.989553 -16.762824 6.444224 22.454442 -4.520873 3.457927 64.036090 1.498104 6.102794 -14.315298 22.325357 -17.439285 11.247683 10.195818 -3.808077 
-183.112152 -172.171127 101.230972 -33.815872 1.001045 83.368794 5.043113 -3.785692 -0.411497 -8.002693 -0.648959 53.748913 -1.287748 11.682528 -4.684737 nan nan nan -0.552934 -1.032903 -6.809666 6.984388 -3.932208 10.279397 0.886685 -2.480958 3.846181 nan nan nan 2.895783 -0.624604 1.451762 4.539402 -3.560840 14.010120 -1.937442 -1.001738 -1.603814 0.873231 0.681761 25.303750 -4.731920 -2.602986 19.177511 -23.730791 8.026932 2.005915 -65.819124 -10.312758 16.949332 16.538483 -31.688004 -13.597796 -14.349023 -16.548831 6.539833 22.513405 -4.475138 3.447661 63.843883 1.605376 5.970630 -14.324790 22.688853 -17.313237 11.514202 10.018727 -3.522848 
-183.810928 -172.830688 101.382294 -34.129541 0.762800 83.143150 4.869243 -3.991032 -1.243194 -8.094833 0.144003 54.256235 -1.106422 11.848637 -4.941722 nan nan nan -0.547996 -1.108179 -5.722160 6.836651 -3.211268 9.890585 0.920313 -2.441403 3.628545 nan nan nan 2.574636 -0.203764 1.607883 4.538800 -3.655863 14.210027 -1.832091 -0.854418 -1.593063 0.938650 0.560767 25.592260 -4.620380 -2.751824 19.070348 -23.702723 8.197247 1.983179 -66.010809 -10.112726 16.843184 16.256855 -30.760955 -13.156544 -14.477949 -16.446819 6.701106 22.523859 -4.483124 3.286459 63.702413 1.807223 6.103821 -14.253880 22.682541 -17.315736 11.581745 9.930865 -3.518847 
-184.449127 -173.457306 101.505890 -34.422613 0.509206 83.126390 4.661066 -3.891701 -2.469135 -8.007625 0.778401 54.934369 -0.813258 11.925282 -5.352615 nan nan nan -0.549104 -1.298144 -4.939359 6.628060 -2.833385 9.524743 1.011749 -2.314621 3.327460 nan nan nan 2.269338 0.107940 1.462590 4.496776 -3.703776 14.587933 -1.796183 -0.712926 -1.739071 0.859662 0.405434 26.080972 -4.491493 -2.922701 18.727682 -23.532019 8.362756 1.886328 -66.338648 -9.692917 16.852697 16.114833 -29.948369 -12.812464 -14.454461 -16.458539 6.993660 22.450415 -4.335837 3.243481 63.753510 2.090485 6.372006 -14.350955 22.382569 -17.355589 11.283249 10.164172 -3.758745 
-185.100433 -174.033524 101.620468 -34.751484 0.240263 83.158176 4.474732 -3.785236 -3.747587 -8.001331 1.356829 55.459032 -0.488291 12.014551 -5.770727 nan nan nan -0.542936 -1.493707 -4.205338 6.495260 -2.414108 9.103009 1.023659 -2.280665 2.856104 nan nan nan 1.980204 0.529727 1.358961 4.454075 -3.702752 14.921381 -1.816670 -0.659239 -1.943015 1.212121 0.202954 25.951442 -4.708285 -2.688707 19.499350 -23.405848 8.544506 1.857813 -66.433788 -9.263666 16.945927 15.975965 -29.500070 -12.375805 -14.420510 -16.228375 6.955703 22.499927 -4.301382 3.255896 63.813197 2.305522 6.795417 -14.703680 22.434862 -17.413323 10.803746 10.543030 -3.855985 
-185.761993 -174.627136 101.768311 -35.070898 -0.045452 83.142725 4.223925 -3.979396 -4.854772 -8.123999 1.958263 55.603343 -0.289105 12.024450 -5.933575 nan nan nan -0.691697 -1.147296 -3.387242 6.480875 -2.179391 8.725954 1.133109 -2.229075 2.397237 nan nan nan 1.682768 0.863573 1.458347 4.400997 -3.640602 14.894869 -1.811722 -0.561362 -1.918223 1.260027 0.056131 26.006751 -4.691266 -2.682725 19.834635 -23.385080 8.614308 1.914729 -66.377502 -8.857042 17.029378 15.886118 -28.981542 -11.978070 -14.505168 -16.119224 6.900893 22.581777 -4.302199 3.197978 63.795301 2.391370 6.985212 -14.934632 22.664709 -17.556903 10.392045 10.992001 -3.829563 
-186.571014 -175.223022 101.947563 -35.051841 0.137160 82.640461 4.511048 -3.966372 -5.365302 -8.473027 1.878909 55.610024 -0.238437 11.869673 -6.253785 nan nan nan -0.357036 -0.201300 -1.708742 6.563930 -2.431339 7.852570 1.313233 -2.489816 2.184230 nan nan nan 1.585436 0.859040 2.137308 4.465227 -3.644442 14.594933 -1.616619 -0.477112 -1.641203 1.381043 0.166312 26.432393 -4.509439 -2.790931 19.263287 -23.326815 8.730776 1.930788 -66.449285 -8.572575 16.892883 15.670088 -28.307324 -11.242543 -14.634090 -16.116681 6.853964 22.425482 -4.172310 3.130623 63.983040 2.604646 6.932408 -15.105844 22.728021 -17.386182 10.049933 11.342248 -4.129384 
-187.108963 -175.864944 102.061226 -35.700399 -0.309783 82.963160 3.998142 -4.198118 -6.690259 -8.632190 2.731533 55.431679 0.093188 11.874059 -6.920331 nan nan nan -0.839953 0.153455 -1.396413 6.691448 -2.293538 7.581342 1.626732 -2.141215 2.038198 nan nan nan 1.374170 1.388107 1.753973 4.267558 -3.562532 14.730975 -1.707248 -0.328793 -1.686895 1.361094 0.149872 26.796131 -4.302736 -2.723334 19.008239 -23.324839 8.720440 1.925373 -66.539704 -8.006862 16.919176 15.853680 -27.794275 -11.100823 -14.954698 -15.539383 7.003323 22.485163 -4.008534 3.166138 63.983943 2.722863 7.054956 -15.443179 22.992057 -17.499006 10.093532 11.002916 -3.930072 
-187.867981 -176.454712 102.108749 -36.312098 -0.652847 83.008239 3.865468 -3.994919 -7.762129 -8.619114 3.376918 55.305373 0.047009 11.339627 -7.491456 nan nan nan -0.650903 -1.355329 -0.526776 6.057789 -0.632434 7.061046 1.651774 -1.694275 1.841269 nan nan nan 0.924898 2.189280 1.539768 4.188143 -3.669804 14.608451 -1.659943 -0.227020 -1.290926 1.440875 0.145609 26.653335 -4.259234 -2.753118 19.268156 -23.039371 8.698498 1.815984 -66.827183 -7.388019 16.904633 16.012255 -27.336093 -10.840705 -15.161898 -15.149239 6.933321 22.396547 -4.050817 2.958007 64.178611 2.910306 7.434168 -15.628125 23.047304 -17.486760 10.468387 10.539277 -4.265877 
-188.478775 -177.070847 102.197922 -36.959418 -0.812478 83.035647 3.802035 -4.154405 -8.749175 -8.667045 4.216893 54.731178 -0.006915 11.292474 -7.617837 nan nan nan -0.679164 -1.177556 0.214801 6.016589 -0.175497 6.630630 1.815436 -1.710229 1.623371 nan nan nan 1.119828 2.840394 1.795309 4.092875 -3.495671 14.267280 -1.774047 -0.178560 -1.263767 1.630360 -0.086338 26.774697 -4.752079 -2.530098 19.551945 -23.054379 8.718874 1.981159 -66.837520 -6.992275 16.777293 15.855927 -26.744399 -10.225695 -15.278234 -15.257021 7.105632 21.950256 -4.195198 2.613376 64.595259 2.707956 7.556707 -15.781576 23.336968 -17.239433 10.161500 10.719569 -4.370454 
-189.074051 -177.685577 102.269264 -37.605428 -1.067478 83.138888 3.646771 -4.291735 -9.716636 -8.672058 5.078329 53.943701 0.150772 11.351404 -7.768976 nan nan nan -0.859371 -0.924748 0.821536 6.005339 0.220381 6.317631 2.106459 -1.556567 1.380020 nan nan nan 1.196002 3.430973 1.888224 3.876024 -3.340751 14.174258 -1.990936 -0.141125 -1.423453 1.860677 -0.178741 26.916864 -4.751040 -2.555693 19.730130 -22.809221 9.136917 2.084911 -66.919168 -6.660753 16.825959 15.680853 -26.251363 -9.433778 -15.533001 -15.161208 6.977601 21.942750 -4.327305 2.515231 64.819859 2.730729 7.845202 -16.056376 23.492627 -17.298496 9.825944 10.849285 -4.631297 
-189.706894 -178.286972 102.339546 -38.040461 -1.254061 83.071612 3.526663 -4.360120 -10.555750 -8.788344 5.512421 53.171446 0.622278 11.428060 -8.317617 nan nan nan -0.965311 -0.835651 1.710301 6.003955 0.582386 5.880304 2.287375 -1.453257 1.158332 nan nan nan 1.153657 3.815286 1.982154 3.665944 -3.315315 14.217013 -2.026535 -0.056277 -1.374900 1.864296 -0.348100 27.059745 -4.905429 -2.401694 19.583078 -22.698478 9.447028 2.093475 -66.979340 -6.343350 16.764348 15.592285 -25.925627 -8.947213 -15.692169 -14.727391 6.719038 21.866042 -4.251888 2.641545 64.946550 3.077700 8.025502 -16.146613 23.664783 -17.363528 9.509904 10.844698 -5.069121 
-190.319351 -178.892639 102.380135 -38.726756 -1.587889 83.149094 3.299159 -4.393384 -11.409553 -8.793850 6.161982 52.157005 0.762800 11.429180 -9.112018 nan nan nan -1.185628 -1.206352 2.478662 5.800501 1.415036 5.374948 2.462040 -1.121249 0.939007 nan nan nan 1.023325 4.329419 1.957560 3.371748 -3.264690 14.167480 -2.037414 0.133454 -1.236143 1.736130 -0.479141 27.347332 -5.040703 -2.278400 19.171347 -22.602866 9.672279 2.046849 -67.057076 -5.934639 16.659219 15.547832 -25.553451 -8.693776 -16.054049 -14.321167 6.720770 21.757384 -4.228403 2.855372 65.042528 3.484266 8.079620 -16.179190 23.993260 -17.298396 9.505879 10.884228 -5.258735 
-190.997635 -179.526596 102.424385 -39.211482 -1.706421 83.094150 3.254554 -4.333323 -12.015852 -8.812562 6.530365 50.934392 0.610652 11.602009 -9.657253 nan nan nan -1.249869 -1.100238 3.576918 5.807725 1.674530 4.580944 2.794690 -1.067080 0.662366 nan nan nan 0.964324 4.691810 2.085397 3.307086 -3.238718 14.063408 -2.122581 0.227228 -1.201232 1.912200 -0.384950 27.283791 -5.086040 -2.248215 19.487566 -22.390455 10.077636 2.130208 -67.240104 -5.634359 16.599765 15.415764 -25.077151 -8.341566 -16.655368 -13.575156 6.663080 21.738346 -4.319495 2.949198 65.071427 3.703550 8.317294 -16.331748 24.404016 -17.334809 9.485837 10.848487 -5.818377 
-191.571609 -180.147766 102.436684 -39.845508 -1.834167 83.417945 3.178584 -4.363928 -13.072622 -8.692578 7.068902 49.652195 0.102900 11.985966 -9.720146 nan nan nan -1.333988 -0.954367 4.082453 5.764222 2.027908 3.991857 3.061010 -0.949328 0.352245 nan nan nan 1.075108 5.182647 1.753574 3.194609 -3.152566 14.047509 -2.283977 0.302149 -1.135815 1.861082 -0.421702 27.329398 -5.084689 -2.116182 19.513454 -22.377816 10.214907 2.134758 -67.323647 -5.078095 16.612807 15.546167 -24.689036 -8.205767 -17.244039 -12.534251 6.151519 21.629658 -4.306588 2.826940 65.109806 3.647854 8.573141 -16.455202 24.876556 -17.552707 9.646033 10.718956 -6.621518 
-192.167740 -180.770691 102.456100 -40.518441 -1.870546 83.581259 3.224773 -4.157481 -13.980285 -8.551219 7.406147 48.313154 0.580011 12.032857 -9.786199 nan nan nan -1.270679 -0.879821 4.742402 5.607945 2.641094 3.482139 3.326619 -0.840834 0.088579 nan nan nan 1.338292 5.590692 1.614304 2.930708 -3.037838 14.015070 -2.358103 0.468653 -1.001610 1.605167 -0.395465 27.536984 -4.972907 -2.027481 19.084151 -22.570072 10.114560 1.987616 -67.259386 -4.338040 16.303199 15.721231 -24.402716 -8.200836 -17.403747 -12.171509 6.203744 21.500899 -4.176283 2.713949 65.118116 3.617630 8.499014 -16.439909 25.381998 -17.536364 9.944722 10.602414 -6.661979 
-192.826965 -181.408875 102.457893 -41.069616 -1.935738 83.479303 3.234854 -3.880458 -14.456569 -8.325137 7.721926 46.817676 0.712818 12.064866 -9.861379 nan nan nan -1.167249 -0.578137 5.826022 5.378167 2.897795 2.819302 3.538615 -0.756575 -0.133798 nan nan nan 1.441574 5.874052 1.824723 2.699047 -2.913383 13.792873 -2.357454 0.629488 -0.723557 1.602582 -0.220791 27.521779 -4.839202 -2.270492 18.936741 -22.601325 10.248306 1.727628 -67.308407 -3.775622 16.129467 15.814172 -23.983089 -8.014294 -17.415837 -12.475759 6.611584 21.405629 -4.062232 2.648171 65.111879 3.731895 8.546887 -16.342177 25.766274 -17.466165 9.887603 10.714007 -6.658405 
-193.509354 -182.035202 102.445198 -41.526173 -1.986240 83.399250 3.221545 -3.646129 -14.861093 -8.146356 7.893565 45.120481 0.485085 12.217436 -10.267204 nan nan nan -1.095973 -0.411613 6.763054 5.250699 3.120769 2.339235 3.740138 -0.663108 -0.431147 nan nan nan 1.558061 6.310694 2.039082 2.521888 -2.791794 13.669254 -2.350107 0.642977 -0.679489 1.830022 -0.142356 27.426764 -5.034568 -2.183759 18.845267 -22.666018 10.345290 1.652000 -67.232009 -3.295307 15.967871 15.815190 -23.634538 -7.505655 -17.243833 -12.903979 6.781527 21.340185 -4.026717 2.713218 65.120434 3.852009 8.439176 -16.238215 26.109976 -17.373655 9.532853 11.096697 -6.986668 
-194.130386 -182.669525 102.426674 -41.977367 -2.074867 83.461710 3.148981 -3.582219 -15.351406 -7.994979 8.054167 43.214138 0.220932 12.388859 -10.544401 nan nan nan -1.207824 -0.423403 7.438998 5.250164 3.425922 2.002881 3.985041 -0.499134 -0.780078 nan nan nan 1.741196 6.761649 2.142767 2.300146 -2.692062 13.581809 -2.460746 0.676079 -0.618201 1.706436 -0.153784 27.385726 -4.951230 -2.387838 18.684757 -22.762404 10.342428 1.612718 -67.113384 -2.836858 15.730908 15.876653 -23.416117 -7.238662 -16.953948 -13.563677 7.045933 21.481238 -4.062677 2.589977 65.028808 3.852543 8.216046 -16.224770 26.578501 -17.277203 9.372414 11.422993 -6.947753 
-194.716614 -183.320389 102.387016 -42.394563 -2.155249 83.500601 3.012226 -3.494516 -15.767971 -7.795603 8.167130 41.230869 0.236167 12.504663 -10.541476 nan nan nan -1.379182 -0.639969 8.153858 5.278284 3.970578 1.641081 3.940803 -0.342606 -1.146995 nan nan nan 1.872811 7.006662 2.282392 2.175706 -2.654416 13.344039 -2.519353 0.838587 -0.471495 1.598621 -0.114163 27.335904 -5.021887 -2.216147 18.485452 -22.950371 10.314715 1.690059 -67.033418 -2.408382 15.355704 15.933702 -23.191571 -7.203271 -17.212286 -13.582357 7.082175 21.357621 -4.100772 2.677110 65.018075 4.032358 8.065175 -16.227423 27.042977 -17.077515 9.484350 11.326691 -6.649917 
-195.345795 -183.968918 102.328667 -42.705009 -2.272703 83.392284 2.831518 -3.459873 -15.966193 -7.499781 8.321400 39.146545 0.202516 12.528181 -10.389637 nan nan nan -1.504016 -0.872672 9.232452 5.129211 4.522907 0.980992 3.938973 -0.272505 -1.556669 nan nan nan 1.872998 7.186965 2.530451 2.047589 -2.677556 13.140690 -2.628991 0.979859 -0.267163 1.706952 -0.048915 26.883312 -5.026404 -2.134332 19.027601 -22.815190 10.626580 1.648421 -67.190529 -2.179987 15.329489 15.937030 -22.636847 -7.055366 -18.574668 -12.527750 6.808823 21.410567 -4.213042 2.827007 64.955277 4.408552 8.382863 -16.446635 27.443891 -17.227145 10.029417 11.152826 -6.390728 
-195.964462 -184.574127 102.267387 -43.080470 -2.326238 83.380571 2.769049 -3.411273 -16.247347 -7.190966 8.476568 36.968597 -0.015974 12.603324 -10.112359 nan nan nan -1.595289 -0.913104 9.989790 5.079718 4.828033 0.706346 4.387531 -0.100358 -1.940549 nan nan nan 1.943405 7.424259 2.734673 1.813602 -2.654239 12.951764 -2.525132 1.046408 -0.094447 1.769753 0.023791 26.944111 -5.193977 -2.041507 18.645870 -22.914964 10.895237 1.387546 -67.184357 -1.634928 15.313129 15.887977 -22.311694 -6.386732 -18.204069 -12.939182 6.827406 21.380549 -4.136150 2.884782 64.915508 4.631199 8.533992 -16.562514 27.804700 -17.105006 9.938866 11.612255 -6.456902 
-196.543900 -185.179291 102.206619 -43.469036 -2.269492 83.514585 2.788515 -3.313332 -16.656109 -6.866184 8.541575 34.736253 -0.140861 12.595955 -9.672305 nan nan nan -1.563190 -0.873274 10.501415 4.999070 5.097259 0.544634 5.028284 0.045885 -2.376605 nan nan nan 2.118001 7.614380 2.727146 1.607002 -2.664347 13.049601 -2.536803 1.095492 -0.151629 1.658306 0.268496 26.692529 -5.017097 -2.186398 18.901647 -22.961185 11.097699 1.068417 -67.207057 -0.880569 15.350265 15.888011 -22.123203 -6.075463 -17.883186 -13.275792 6.644162 21.494060 -3.985872 2.837193 64.661128 4.743517 8.857350 -16.466957 28.102271 -17.245962 9.621731 12.247781 -6.733156 
-197.133926 -185.829910 102.131210 -43.683795 -2.188224 83.550466 2.711922 -3.223133 -16.908080 -6.520982 8.452690 32.469914 -0.090626 12.674806 -9.294232 nan nan nan -1.494040 -0.960750 11.359550 4.824358 5.518989 -0.007651 5.385526 -0.026783 -2.788943 nan nan nan 2.283948 7.768079 2.740367 1.574522 -2.727705 13.234149 -2.550002 1.155228 -0.418624 1.536096 0.213381 26.784918 -5.177305 -1.851850 18.664802 -22.998780 11.011608 1.252093 -67.295683 -0.209960 15.088209 15.812641 -22.145326 -5.844593 -17.567491 -13.267764 6.359051 21.212618 -3.896186 2.920595 64.663653 4.726315 8.838121 -16.258107 28.600562 -17.374015 9.263535 12.541811 -7.228068 
-197.775009 -186.449387 102.022011 -43.850556 -2.057961 83.615711 2.737437 -3.054043 -17.100524 -6.228640 8.354008 30.040581 -0.068830 12.746887 -9.018158 nan nan nan -1.254329 -0.884585 12.130597 4.665043 5.751596 -0.408251 5.664202 -0.201618 -3.180491 nan nan nan 2.424600 7.870215 2.830107 1.513909 -2.731646 12.876408 -2.623233 1.185817 -0.169398 1.593771 0.255497 26.420981 -5.203810 -1.886111 19.036674 -22.784519 11.160911 1.215361 -67.582366 0.300878 14.930849 15.858889 -21.954219 -5.588663 -17.347158 -13.241421 6.271148 21.188705 -3.882777 2.832591 64.672873 4.804676 8.995525 -16.201109 28.921298 -17.320313 9.068914 12.611789 -7.519032 
-198.329620 -187.061401 101.907104 -44.301377 -2.077564 83.889036 2.596800 -2.801301 -17.479767 -5.849041 8.438958 27.584899 0.275982 12.786860 -8.728559 nan nan nan -1.430012 -1.439803 12.442655 4.608946 6.314452 -0.434377 6.113638 0.188096 -3.487569 nan nan nan 2.480108 8.106998 2.613984 1.368527 -2.755282 12.948556 -2.676551 1.263397 -0.233214 1.459862 0.386434 26.429089 -4.947329 -1.593279 18.895768 -22.773168 11.400939 0.987520 -67.794546 0.892631 14.937484 16.077532 -21.705328 -5.592832 -17.028629 -13.291405 5.592556 21.212468 -3.762458 2.880984 64.586165 5.018080 9.513864 -16.324787 28.972465 -17.323059 8.792250 12.789521 -7.971016 
-198.931244 -187.716202 101.774788 -44.621053 -2.090011 83.953446 2.467051 -2.579203 -17.613718 -5.493351 8.477445 25.124495 0.310652 12.741606 -8.146959 nan nan nan -1.612166 -1.835169 13.101007 4.528363 6.818265 -0.654579 6.005328 0.522134 -3.989439 nan nan nan 2.567106 8.313438 2.544367 1.178928 -2.813678 13.030838 -2.719089 1.301759 -0.294880 1.002982 0.404386 26.665903 -4.547547 -1.695839 18.312038 -22.488924 11.655805 1.049311 -68.202756 1.264121 14.891459 16.217081 -21.494263 -5.463734 -16.844761 -13.301778 4.926125 21.105909 -3.677568 3.160651 64.678004 5.287150 9.873744 -16.564998 29.258640 -17.295998 8.509559 12.926917 -8.261104 
-199.528458 -188.368469 101.627586 -44.879160 -2.017147 84.014646 2.426179 -2.286680 -17.697552 -5.231932 8.442612 22.544482 0.599538 12.653525 -7.492528 nan nan nan -1.658332 -2.048575 13.722034 4.474295 7.215621 -0.882742 5.903103 0.571753 -4.134161 nan nan nan 2.700130 8.459602 2.669019 1.166723 -2.768152 12.676017 -2.717497 1.342872 -0.011067 1.151241 0.312831 26.258491 -4.878008 -1.289609 18.860733 -22.476499 11.776029 1.091137 -68.301857 1.641181 14.706805 16.066868 -21.540910 -4.874534 -16.545462 -13.165629 4.534472 20.931834 -3.984543 2.990832 64.736648 5.487076 10.070612 -16.610040 29.705854 -16.886238 8.562960 12.732659 -8.401304 
-200.148605 -189.025711 101.469711 -45.063366 -1.910431 84.126035 2.360003 -2.063446 -17.772887 -4.893232 8.364160 19.950650 0.755305 12.622766 -7.036794 nan nan nan -1.654386 -2.177612 14.274082 4.450173 7.402831 -1.041379 6.045457 0.697832 -4.220588 nan nan nan 2.802318 8.596541 2.669241 1.191658 -2.707540 12.448576 -2.708546 1.416299 0.159236 1.145298 0.309498 26.171130 -4.902403 -1.281222 18.787686 -22.481470 11.620432 1.120548 -68.518434 2.227546 14.507053 16.190824 -21.514530 -4.688196 -16.093364 -13.263729 4.369848 20.739392 -4.008845 2.737855 64.765375 5.275472 10.183581 -16.597655 30.147139 -16.767999 8.234177 12.851731 -8.626167 
-200.792435 -189.690155 101.319267 -45.170971 -1.782848 84.252544 2.270525 -1.872547 -17.845241 -4.501705 8.275380 17.436865 0.634609 12.644580 -6.690384 nan nan nan -1.588585 -2.295587 14.839534 4.391849 7.520011 -1.204087 6.308176 0.821751 -4.524575 nan nan nan 2.947888 8.758722 2.528674 1.136592 -2.707983 12.408338 -2.676293 1.413878 0.263638 1.162083 0.315230 26.150356 -4.942306 -1.264370 18.709022 -22.541108 11.629757 0.994709 -68.942836 2.557714 13.998749 16.581515 -21.086123 -5.256856 -16.047309 -13.118835 5.068939 20.613720 -4.056512 2.643263 64.758280 5.238881 10.074454 -16.517951 30.524893 -16.638923 8.311687 12.927328 -8.154139 
-201.439484 -190.341675 101.160301 -45.244358 -1.651982 84.348609 2.159750 -1.695225 -17.912386 -4.131297 8.104961 15.044962 0.580298 12.752893 -6.275010 nan nan nan -1.465623 -2.407748 15.400978 4.293826 7.690673 -1.310334 6.451108 0.778300 -4.970478 nan nan nan 3.054241 8.788923 2.370362 1.064876 -2.776076 12.418038 -2.676564 1.475020 0.355508 1.080246 0.281384 26.139475 -4.900229 -1.070258 18.649772 -22.426161 11.674390 0.902411 -69.099814 2.856557 13.845321 16.549329 -20.789236 -5.135493 -16.439200 -12.993599 4.863281 20.489336 -4.037637 2.706872 64.860434 5.444887 10.110130 -16.558054 30.653430 -16.499895 8.532224 12.997525 -8.045940 
-202.092346 -191.014725 100.995033 -45.403759 -1.556884 84.397427 2.025605 -1.472235 -17.804619 -3.844274 7.913529 12.591246 0.668964 12.722135 -5.989514 nan nan nan -1.438987 -2.511257 16.012662 4.234606 7.894429 -1.381949 6.577235 0.898631 -5.337256 nan nan nan 3.042476 8.792570 2.189236 1.032343 -2.814170 12.575804 -2.658553 1.516905 0.334952 1.219632 0.410367 25.923821 -4.914470 -0.929805 18.930968 -22.297992 11.807903 0.900009 -69.449216 3.144990 13.611915 16.683554 -20.532247 -5.405870 -16.672122 -13.057548 4.932405 20.483777 -3.975196 2.930527 64.894007 5.798010 10.286242 -16.689044 30.729530 -16.468941 8.450978 13.097125 -8.003217 
-202.725464 -191.702759 100.827682 -45.670930 -1.459555 84.445033 1.854604 -1.060499 -17.625403 -3.575734 7.617549 10.166265 0.647733 12.574749 -5.824635 nan nan nan -1.452141 -2.506541 16.549980 4.214621 8.139181 -1.345159 6.869496 1.115640 -5.662383 nan nan nan 3.010736 8.805346 2.075257 1.137147 -2.747664 12.852090 -2.668723 1.612792 0.016991 1.214520 0.420341 26.005541 -5.023644 -0.848605 18.890681 -22.342456 11.964937 0.964987 -69.650524 3.501580 13.497683 16.861654 -20.493261 -5.510960 -16.769906 -13.068736 4.587897 20.485411 -3.973277 3.099868 64.827068 5.860650 10.466937 -16.850290 31.035960 -16.443180 7.922885 13.239880 -8.194145 
-203.369370 -192.353836 100.636299 -45.793057 -1.225691 84.506883 1.818673 -0.663949 -17.632947 -3.265956 7.187522 8.115262 0.580314 12.344206 -5.533309 nan nan nan -1.232767 -2.537958 17.015623 4.157996 8.332395 -1.225125 7.137566 1.142823 -6.133538 nan nan nan 3.105166 8.783669 1.975425 1.224539 -2.686542 12.886448 -2.588697 1.695360 0.052556 0.997377 0.304434 26.163970 -5.065367 -0.731688 18.363369 -22.455873 12.048494 0.809786 -69.709746 3.850747 13.421122 16.874047 -20.534457 -5.273358 -16.734580 -12.986992 4.104214 20.321753 -4.008531 2.963888 64.860171 5.804825 10.561905 -16.972606 31.319437 -16.428957 7.674733 13.365381 -8.729131 
-204.010025 -193.019226 100.445419 -46.008016 -1.061578 84.774560 1.797092 -0.447817 -17.863745 -2.969906 6.972490 6.174803 0.546705 12.124648 -5.175836 nan nan nan -1.072980 -2.540706 17.163389 4.066858 8.493974 -0.961375 7.425988 1.254748 -6.695275 nan nan nan 3.179923 8.916622 1.484368 1.168648 -2.675612 13.020038 -2.530917 1.725425 0.228846 0.912030 0.343680 26.149287 -5.002472 -0.716454 18.134355 -22.535923 12.019733 0.513019 -69.854426 4.208050 13.234464 17.068272 -20.408206 -5.630530 -16.894860 -12.616677 4.191871 20.279881 -3.873868 2.892831 64.828119 5.931215 10.661675 -17.142384 31.300468 -16.820273 8.005672 13.356409 -9.131434 
-204.655121 -193.705521 100.263542 -46.195941 -1.000955 84.991473 1.768919 -0.525447 -17.861372 -2.822228 6.760039 4.080927 0.615995 12.039636 -4.889997 nan nan nan -1.127714 -2.583594 17.344060 4.093149 8.624547 -0.600989 7.775688 1.463900 -7.189951 nan nan nan 3.137160 9.106561 1.301478 1.124862 -2.677889 12.745048 -2.492415 1.698649 0.370599 1.088496 0.525951 25.964342 -4.902529 -0.655223 18.649421 -22.420148 12.096212 0.529399 -70.112296 4.377246 13.010131 17.207849 -20.161714 -6.051857 -17.291095 -12.201492 4.614755 20.330386 -3.843244 3.004521 64.832641 6.110571 10.762487 -17.432963 31.182264 -17.208482 8.316548 13.318845 -9.138666 
-205.327820 -194.399185 100.084602 -46.483786 -0.921914 85.021864 1.784450 -0.510986 -17.595725 -2.678769 6.401633 2.140004 0.658419 11.915579 -4.688511 nan nan nan -1.184272 -2.579588 17.709617 4.127516 8.797631 -0.203996 8.237934 1.750926 -7.595389 nan nan nan 3.022515 9.186613 1.285614 1.078303 -2.670540 12.508926 -2.424081 1.804089 0.499251 0.685232 0.694363 26.250086 -4.326382 -0.921791 18.078527 -22.135398 12.423661 0.697113 -70.440884 4.273539 12.815291 17.147994 -19.976144 -5.916140 -17.659803 -11.695406 4.986611 20.538866 -3.922251 3.385439 64.730979 6.536047 10.679555 -17.669281 31.284511 -17.070501 8.524435 13.240835 -8.798365 
-205.989410 -195.091110 99.918434 -46.680944 -0.813404 85.059797 1.792365 -0.527322 -17.442467 -2.519660 6.112775 0.592263 0.726582 11.814800 -4.481331 nan nan nan -1.151223 -2.604383 18.051267 4.096326 9.111985 0.160549 8.420498 1.785854 -7.960169 nan nan nan 2.946054 9.332886 1.153282 1.193199 -2.671793 12.834128 -2.384108 1.851156 0.188465 1.108574 0.521158 25.686843 -4.874269 -0.425188 19.271075 -22.214452 12.540623 0.716940 -70.402957 4.413617 12.833404 17.086162 -20.043571 -5.899967 -17.541845 -11.577883 4.742014 20.475107 -3.980418 3.364811 64.796814 6.537291 11.159819 -17.947939 31.236061 -17.223275 8.120505 13.277152 -8.804422 
-206.675400 -195.794952 99.759972 -46.812504 -0.683541 84.997701 1.814678 -0.471834 -17.213291 -2.400234 5.854547 -0.641555 0.664272 11.571639 -4.448960 nan nan nan -1.069255 -2.654693 18.468503 4.015310 9.275595 0.647093 8.745504 1.956767 -8.354014 nan nan nan 2.935031 9.468907 1.221699 1.247583 -2.637407 12.782079 -2.383742 1.808876 0.151707 1.166994 0.547028 25.810285 -4.780659 -0.364885 19.110474 -22.066643 12.476725 0.768921 -70.518852 4.683846 12.797399 17.072266 -20.154442 -6.004129 -17.442893 -11.908034 4.012604 20.485661 -3.926082 3.265584 64.905763 6.480904 11.331959 -18.094999 31.079119 -17.308964 7.669165 13.413710 -8.820243 
-207.377777 -196.504807 99.608437 -46.898975 -0.545245 84.922359 1.904325 -0.495109 -17.035521 -2.389394 5.630441 -1.507918 0.582179 11.327907 -4.524057 nan nan nan -0.972681 -2.677648 18.870065 3.955856 9.517262 1.217546 9.123912 2.069950 -8.792653 nan nan nan 2.980454 9.547414 1.388812 1.191007 -2.641761 12.337865 -2.327872 1.814496 0.484653 1.245115 0.680534 25.929592 -4.660538 -0.492537 18.751548 -21.961288 12.572415 0.582572 -70.616977 4.819019 12.676876 17.010765 -19.983520 -6.051245 -17.701365 -11.974399 3.891053 20.556022 -3.887623 3.320275 64.959105 6.544328 11.256437 -18.177439 31.014563 -17.498036 7.594708 13.500059 -8.670952 
-208.040024 -197.217331 99.470161 -47.164104 -0.491545 84.868235 1.997239 -0.471856 -16.910925 -2.510258 5.574276 -2.019155 0.466971 11.197891 -4.546889 nan nan nan -1.034208 -2.618170 19.146781 3.972367 9.844654 1.925119 9.350718 2.244302 -9.267153 nan nan nan 2.983758 9.636601 1.557457 1.093736 -2.567239 12.018075 -2.259077 1.928629 0.654775 1.266039 0.731693 26.040613 -4.712081 -0.645345 18.568352 -22.073916 12.838036 0.294333 -70.577984 4.779110 12.597107 17.065167 -19.613528 -5.975718 -18.051007 -11.811599 4.391105 20.649563 -3.955178 3.377327 64.911884 6.620580 11.243705 -18.208888 30.927805 -17.538076 7.897311 13.456854 -8.540985 
-208.676910 -197.945358 99.341545 -47.596416 -0.494487 84.837313 2.059464 -0.432027 -16.819064 -2.621271 5.535068 -2.237815 0.444820 11.206618 -4.381857 nan nan nan -1.218082 -2.501359 19.329769 4.035737 10.163538 2.751939 9.495449 2.475229 -9.671299 nan nan nan 2.985254 9.897802 1.686705 1.089132 -2.380312 11.894525 -2.308493 1.993483 0.596040 1.293159 0.668557 26.234253 -4.675553 -0.643795 18.366186 -22.100841 13.023867 0.257306 -70.492056 4.775006 12.690401 17.001833 -19.641287 -5.543715 -18.103760 -11.709205 4.253012 20.667715 -4.203787 3.221928 65.024038 6.563208 11.358869 -18.291843 30.771871 -17.256807 7.925740 13.331391 -8.655325 
-209.337357 -198.695267 99.238823 -47.835123 -0.473645 84.830158 2.059122 -0.564683 -16.918341 -2.602763 5.377507 -1.939460 0.516430 11.265394 -4.111024 nan nan nan -1.308888 -2.444143 19.459334 4.144254 10.310067 3.681531 9.642900 2.550445 -9.931832 nan nan nan 2.947340 10.131723 1.685032 1.131972 -2.296085 11.796582 -2.405491 2.012381 0.650949 1.406595 0.601901 26.039218 -4.532623 -0.531067 18.649311 -22.090448 13.103220 0.246243 -70.285814 4.921019 12.932861 16.891683 -20.112189 -5.094586 -18.101885 -11.750647 3.381597 20.813631 -4.343664 2.937682 65.118387 6.343460 11.606842 -18.536638 30.555985 -17.248430 7.616542 13.281311 -8.883561 
-210.029007 -199.457306 99.174606 -47.820439 -0.427639 84.749408 2.021475 -0.887205 -17.107712 -2.545753 5.267299 -1.122551 0.651620 11.158939 -3.874032 nan nan nan -1.305436 -2.413981 19.647874 4.335385 10.198896 4.724079 9.804998 2.476025 -10.001327 nan nan nan 2.756647 10.069873 1.617648 1.197708 -2.385591 11.744937 -2.379002 2.105666 0.786503 1.363201 0.713570 25.995867 -4.358101 -0.473392 18.674958 -21.899882 13.058289 0.202841 -70.467499 4.880049 12.974000 16.891267 -19.991396 -5.647935 -18.110950 -11.636210 3.203106 20.879522 -4.209689 2.927879 65.228711 6.309426 11.783789 -18.769286 30.184512 -17.523666 7.332505 13.315801 -9.017233 
-210.724289 -200.234222 99.119171 -47.829036 -0.356893 84.603437 2.021483 -1.162164 -17.185310 -2.604857 4.942745 -0.172684 0.928591 11.114859 -3.611317 nan nan nan -1.302929 -2.353254 19.893083 4.555066 10.297872 5.802290 9.950022 2.273813 -10.075578 nan nan nan 2.698775 10.048513 1.604042 1.164110 -2.416073 11.784568 -2.361531 2.171749 0.793369 1.225316 0.696027 25.923551 -4.124716 -0.363724 18.849938 -21.841557 13.030511 0.196186 -70.515596 4.805638 12.818099 16.977102 -19.905664 -5.833719 -18.077444 -11.367379 3.514433 20.946828 -4.262551 3.079704 65.275313 6.404668 11.668995 -18.763857 30.014428 -17.511618 7.461970 13.029958 -8.948171 
-211.371262 -200.979324 99.052437 -47.675341 -0.393361 84.673587 2.002813 -1.754014 -17.452123 -2.822642 4.621602 0.778967 1.213296 11.286069 -3.202563 nan nan nan -1.328568 -2.294173 19.953735 4.650284 10.397982 6.746921 9.999296 2.048669 -10.278905 nan nan nan 2.481193 10.068701 1.527686 1.112449 -2.475388 11.636695 -2.322947 2.127784 0.795923 1.121618 0.639493 25.868459 -3.833310 -0.208338 18.968261 -21.783987 13.012248 0.164342 -70.383883 4.749566 12.667905 16.884761 -19.802739 -5.753455 -18.029631 -11.460529 3.622760 20.983055 -4.402831 3.013818 65.418289 6.296853 11.608290 -18.726834 29.872450 -17.359043 7.516447 12.785266 -8.663126 
-212.062485 -201.800751 99.017685 -47.817811 -0.575713 84.825122 1.797533 -2.159651 -17.647514 -2.944606 4.475492 1.731297 1.485449 11.364260 -2.858983 nan nan nan -1.701832 -2.145565 19.662385 4.839752 10.292732 8.133570 10.285213 2.596503 -10.390957 nan nan nan 2.060257 10.287058 1.012058 1.131293 -2.478413 12.050551 -2.320170 2.068368 0.590310 1.210869 0.624868 25.897427 -3.723357 -0.075088 19.114291 -21.775461 13.037759 0.080763 -70.161245 4.747728 12.703179 16.706867 -19.814677 -5.947334 -17.913034 -11.521592 3.537198 21.201499 -4.433937 2.946786 65.390906 6.143505 11.700613 -18.760967 29.522236 -17.709803 7.190386 13.096830 -8.155820 
-212.808365 -202.638687 99.017181 -47.843912 -0.728704 84.777389 1.507800 -2.643947 -17.695798 -2.929526 4.123209 2.905731 1.810495 11.366724 -2.576329 nan nan nan -1.942596 -1.949418 19.780423 4.920002 10.431609 9.142667 10.555736 2.899513 -10.254310 nan nan nan 1.572654 10.481191 0.605159 1.210547 -2.536170 12.573790 -2.263708 2.032902 0.300575 1.136380 0.436165 26.083857 -3.585959 0.068680 19.010058 -21.779207 13.005095 0.212754 -70.032665 4.574486 12.702010 16.729146 -19.974596 -6.130284 -18.152764 -10.951719 3.797650 21.469682 -4.474701 3.004897 65.359647 6.077070 11.727641 -18.925482 28.970747 -18.150284 7.964060 12.667772 -7.862381 
-213.459290 -203.438812 99.015694 -47.704237 -0.606523 84.463781 1.441705 -3.214471 -17.450982 -2.931493 3.668713 3.902518 2.120457 11.263012 -1.865414 nan nan nan -1.884143 -1.948510 20.028550 5.123328 10.520735 10.472962 10.620695 2.825087 -10.115649 nan nan nan 1.709144 10.398417 1.021675 1.148393 -2.465373 12.430031 -2.270684 2.002167 0.295682 1.094061 0.191209 25.974889 -3.623003 0.143264 18.978982 -21.900831 12.916482 0.190856 -70.088655 4.259911 12.519612 17.012119 -19.797359 -6.189582 -18.199448 -10.831857 4.113991 21.556514 -4.581061 2.989513 65.508144 5.968739 11.504779 -19.174295 28.787955 -18.293603 8.342627 12.205957 -7.542029 
-214.173706 -204.223984 99.008644 -47.577203 -0.531758 84.440110 1.417943 -3.694783 -17.364756 -3.019266 3.352989 4.547654 2.407056 10.947089 -0.501223 nan nan nan -1.825724 -1.971542 19.763817 5.388145 10.239732 12.258453 10.621340 2.834827 -10.013643 nan nan nan 1.524507 10.273437 0.989055 1.188979 -2.461636 12.289150 -2.194786 2.004549 0.297002 1.015110 0.119786 26.101295 -3.516348 0.278197 18.859427 -21.988386 12.888501 0.090665 -69.794279 4.214870 12.654733 16.901593 -19.874130 -6.003289 -18.082362 -11.074903 4.026210 21.656269 -4.667723 2.973583 65.697840 5.796885 11.601057 -19.371612 28.584783 -18.461050 8.030049 12.089342 -7.670709 
-214.939224 -205.055862 99.018562 -47.486948 -0.404280 84.480945 1.458224 -4.143568 -17.275625 -3.010153 2.980806 5.042482 2.666149 10.557389 1.040414 nan nan nan -1.822346 -1.850148 19.389325 5.807746 10.034190 13.936917 10.917864 2.927624 -9.456945 nan nan nan 1.307280 10.106192 0.870825 1.307066 -2.549280 12.066599 -2.145246 2.042595 0.262895 0.899647 0.176603 26.320063 -3.366502 0.521514 18.898034 -21.990073 12.903025 0.051889 -69.585045 4.354442 12.801128 16.771875 -20.106181 -5.887956 -17.643639 -11.348022 3.616088 21.675534 -4.677285 3.093314 65.866982 5.680103 11.874672 -19.441089 28.145197 -18.378059 7.695054 12.103168 -7.819674 
-215.687790 -205.925537 99.053864 -47.514076 -0.449776 84.453198 1.347080 -4.478416 -16.968443 -3.092428 2.492820 5.276234 2.858683 10.380593 2.222833 nan nan nan -1.950504 -1.596850 19.030638 6.073795 9.944751 15.651002 11.478602 2.993947 -8.678583 nan nan nan 0.987180 10.034521 0.799722 1.358752 -2.540101 11.867111 -2.150270 2.102428 0.287468 0.709880 0.155716 26.415410 -3.074876 0.668639 19.140086 -21.973580 12.727507 0.136471 -69.406189 4.426786 12.760221 16.778096 -20.308878 -5.885102 -17.284988 -11.577936 3.259670 21.807081 -4.705474 3.191653 65.903450 5.567151 11.885619 -19.328391 27.721686 -18.144144 7.714264 11.958577 -7.426177 
-216.454071 -206.776733 99.117035 -47.484441 -0.584190 84.318476 1.103384 -4.689191 -16.538382 -3.176613 1.987612 5.585830 2.683630 10.314932 2.823475 nan nan nan -2.161007 -1.431314 18.726498 6.254935 9.609816 17.496377 12.119684 3.184999 -7.827968 nan nan nan 0.493412 9.937673 0.847093 1.382926 -2.518810 11.629154 -2.073107 2.140550 0.396853 0.461212 0.201276 26.600355 -2.612023 0.696608 19.004909 -21.958916 12.584620 0.258803 -69.279529 4.282191 12.603796 16.881817 -20.404394 -6.171941 -17.167445 -11.616465 3.420808 22.040894 -4.730939 3.311427 65.817767 5.534926 11.676862 -18.978901 27.321189 -18.048124 7.861184 11.834551 -7.003328 
-217.174713 -207.661240 99.157608 -47.539575 -1.025492 83.781596 0.412910 -4.941699 -15.712007 -3.113780 1.696176 6.205328 3.023394 10.233165 3.215207 nan nan nan -3.043997 -1.286767 18.735536 6.648314 9.033429 19.553669 12.509443 3.709095 -6.619488 nan nan nan -0.158546 9.782580 1.429976 1.375862 -2.413046 11.500659 -2.121985 2.256227 0.391190 0.440635 0.298667 26.807251 -2.152331 0.612899 18.418961 -21.674690 12.907472 0.191511 -69.204247 3.806072 13.118102 16.655961 -20.220578 -5.712964 -16.452735 -11.981699 2.816659 22.244503 -4.917773 3.184118 65.879560 5.467749 12.159433 -18.795209 26.768184 -18.124849 7.642368 11.862032 -7.447588 
-217.879272 -208.547394 99.234596 -47.671037 -1.201252 83.900129 0.159039 -5.310981 -15.599500 -3.062770 1.720114 6.890142 3.634586 10.267432 3.889784 nan nan nan -3.337602 -1.164683 17.991972 6.580369 8.422386 21.570895 13.162000 4.068433 -5.312227 nan nan nan -0.602842 9.777650 0.919906 1.523485 -2.304683 12.043251 -2.176128 2.250834 -0.008756 0.746696 0.214967 26.453901 -2.452605 0.816334 19.452772 -21.830462 13.007669 -0.129903 -68.786274 3.768987 13.576639 16.453329 -20.276350 -5.708477 -16.208079 -11.978375 2.922940 22.410391 -5.170358 2.901956 65.825449 5.117061 12.648226 -18.659491 26.276211 -18.223519 7.609325 11.758957 -7.367630 
-218.507156 -209.506653 99.362030 -48.241502 -1.469221 84.361366 -0.169109 -5.548592 -15.641058 -2.964616 2.026055 7.289659 4.597139 10.513707 4.256624 nan nan nan -4.132179 -0.854836 16.378738 6.861183 7.686613 24.237292 14.416488 4.894288 -3.446318 nan nan nan -0.939339 9.922799 -0.282215 1.559601 -2.117815 13.076058 -2.425714 2.263080 -0.609797 0.626144 0.203832 26.773652 -2.381790 0.987073 19.543501 -22.024952 12.865492 -0.357891 -68.416498 3.993340 13.837559 16.534115 -20.647534 -6.211254 -16.085718 -11.815184 3.134914 22.712327 -5.150201 2.903752 65.575399 4.876664 12.810577 -18.411414 25.820987 -18.286710 8.111757 11.376165 -6.831206 
-219.256104 -210.346420 99.500465 -47.964203 -1.362924 84.357119 -0.164650 -5.777373 -15.463238 -3.038186 2.101084 8.139765 5.093511 10.581830 3.988802 nan nan nan -4.357685 -0.928015 15.375837 7.158973 6.628026 26.680050 15.461130 5.232304 -1.228066 nan nan nan -1.139371 9.584985 -0.532956 1.650199 -2.206605 13.128673 -2.489572 2.227973 -0.681439 0.348225 0.291217 27.374542 -2.066848 1.090433 18.839329 -21.915499 12.671158 -0.331857 -68.349173 3.864427 13.822122 16.611415 -20.660245 -6.407149 -15.708905 -11.970817 3.176256 22.849022 -5.057179 3.059726 65.657984 4.758007 12.522384 -18.349257 25.477504 -18.112459 8.081438 11.313714 -6.246883 
-219.997864 -211.193481 99.640732 -47.641901 -1.205276 84.221487 -0.125594 -5.914543 -15.087187 -3.191905 2.107526 8.888926 5.459893 10.654138 3.652996 nan nan nan -4.568521 -1.061860 14.447213 7.469703 5.649903 29.138395 16.233790 5.414328 1.231355 nan nan nan -1.244558 9.353770 -0.604102 1.805645 -2.185630 13.237416 -2.493319 2.075810 -0.793642 0.389925 0.143995 27.467638 -2.217515 1.179890 18.807647 -21.907319 12.394484 -0.186249 -68.247326 3.511086 13.890381 16.743655 -20.588724 -6.471081 -15.770665 -11.986424 3.352605 22.881289 -5.116171 3.025441 65.831815 4.514209 12.291959 -18.369041 25.148558 -18.010489 8.346671 11.053207 -6.023326 
-220.654648 -212.028015 99.756020 -47.396332 -1.232763 84.282813 -0.219933 -6.197529 -14.849278 -3.440908 2.111350 9.404163 6.004594 10.680252 3.518254 nan nan nan -4.522624 -0.907530 13.292546 7.363734 5.100591 31.535213 16.862468 5.198753 3.472560 nan nan nan -1.482715 9.072212 -0.695431 1.887227 -2.188167 12.891878 -2.524271 2.003348 -0.613562 0.309926 0.048127 27.470423 -2.302865 1.272573 18.787683 -21.848367 12.133134 -0.168567 -68.050173 3.422803 13.975691 16.661586 -20.912286 -6.325831 -15.670121 -11.939408 3.325815 22.851799 -5.115130 2.936280 66.000051 4.235396 12.274728 -18.263947 24.757719 -17.710836 8.642406 10.697645 -6.050147 
-221.366226 -212.919464 99.815804 -46.691001 -1.487716 84.017696 -0.691078 -6.874777 -13.998636 -3.750933 1.739520 9.450641 6.695422 10.782459 3.526152 nan nan nan -4.942586 0.171985 12.448278 7.767468 2.818371 33.881770 18.112844 5.018570 6.128116 nan nan nan -2.157705 8.418713 -0.397612 2.037279 -2.232510 12.385486 -2.484663 1.952595 -0.235092 0.439861 -0.022307 27.066885 -2.448573 1.411127 19.104175 -21.469375 11.970901 -0.323815 -68.214297 3.233949 14.100339 16.702615 -21.054670 -6.603821 -15.980263 -11.886853 3.763965 22.792803 -5.213395 2.682349 66.272512 3.939884 12.254237 -18.187922 24.489962 -17.737557 9.278850 10.101353 -5.205207 
-222.077316 -213.732300 99.914162 -46.332248 -1.503482 83.926120 -0.826037 -7.024805 -13.365885 -4.035627 1.428575 9.593819 7.090694 10.707029 3.177029 nan nan nan -5.181304 0.407768 11.135943 7.984840 1.767183 36.465326 18.327589 5.006185 8.771562 nan nan nan -2.499885 7.937225 -0.376651 2.139848 -2.220620 12.365898 -2.601329 1.948989 -0.289784 0.303604 0.271260 27.271351 -2.045207 1.054092 18.520483 -21.204941 11.807735 -0.354152 -68.237881 2.940849 14.213060 16.878407 -21.150161 -6.951113 -16.113242 -11.875170 3.857198 23.082286 -5.223526 2.749249 66.270514 3.769220 12.076102 -18.100754 24.309156 -17.691793 9.682422 9.793868 -4.811927 
-222.777222 -214.542374 100.025146 -46.009479 -1.471486 83.837086 -0.932581 -6.964472 -12.700798 -4.277589 1.185530 9.690760 7.460328 10.643899 2.782606 nan nan nan -5.614744 0.387528 9.758495 8.134899 0.873370 39.042658 18.835445 5.242596 11.995829 nan nan nan -2.707846 7.589290 -0.496057 2.296950 -2.244877 12.675742 -2.673632 1.858419 -0.458426 0.785606 0.509296 27.065649 -2.471931 1.138873 19.062600 -21.341953 11.284416 -0.429936 -67.982866 2.776990 14.268226 17.033058 -21.228735 -7.384514 -15.911312 -12.083285 3.776651 23.261907 -5.053400 2.755102 66.221576 3.467703 11.953536 -17.945970 24.077059 -17.738823 9.531337 9.808174 -4.422932 
-223.475235 -215.359039 100.100876 -45.630687 -1.786309 83.623127 -1.561356 -7.000028 -11.841889 -4.222529 1.110053 9.733769 7.886407 10.465728 2.383913 nan nan nan -6.281300 0.083202 8.541489 7.989393 0.564125 41.624739 20.162011 5.255605 14.632399 nan nan nan -3.522081 7.276954 -0.389030 2.473834 -2.373877 12.749549 -2.547959 1.787255 -0.585843 0.728004 0.612834 27.126359 -2.546942 0.825966 18.750909 -21.317498 10.824496 -0.800961 -67.874186 2.908379 14.371573 17.199098 -21.275799 -8.049274 -16.074233 -12.297245 4.192796 23.513237 -4.887395 2.665663 66.058196 3.211068 11.927525 -17.690479 23.477475 -18.070991 9.578209 10.091147 -3.651610 
-224.025635 -215.956833 100.161423 -45.711537 -2.214454 83.342845 -2.118824 -6.988304 -11.026439 -4.328496 0.997184 9.771531 8.428871 10.599472 2.164918 nan nan nan -6.948876 -0.160382 6.857401 7.983164 0.724143 44.714043 20.096556 4.994226 16.783137 nan nan nan -4.208355 7.078884 0.536558 2.636016 -2.009859 12.100229 -2.594165 1.863046 -0.550997 1.031905 0.384654 26.614116 -2.894446 0.952735 19.247940 -21.126988 10.272190 -0.860887 -67.719082 2.540726 14.486271 17.101411 -21.339141 -8.181444 -15.831684 -12.627924 3.696157 23.678840 -5.053361 2.377515 66.145192 2.986559 11.760830 -17.493226 23.122506 -17.954421 9.990384 9.884386 -3.489125 
-224.558838 -216.781601 100.245903 -45.666629 -2.326498 83.511477 -2.415386 -7.122691 -10.560764 -4.386004 0.999045 9.704393 8.827008 10.592377 1.746147 nan nan nan -7.091385 0.148462 5.089703 7.895413 0.439265 47.083941 20.654216 4.228182 18.968600 nan nan nan -4.194499 6.702701 0.179868 2.607187 -1.929263 12.316121 -2.869758 1.854342 -0.546555 1.022343 0.656316 26.621077 -2.893880 0.940853 19.126076 -21.223578 9.869179 -1.080708 -67.307937 2.298322 14.764168 17.064356 -21.506298 -8.594065 -15.815276 -12.597275 3.947890 23.876568 -4.914376 2.388183 66.040762 2.825362 11.750862 -17.373666 22.974439 -17.990041 10.323452 9.516927 -3.494480 
-225.095734 -217.509949 100.320602 -45.520985 -2.362956 83.574619 -2.604229 -7.272685 -9.958515 -4.470504 0.942501 9.524466 9.139822 10.687452 1.261609 nan nan nan -7.342763 0.294472 3.267979 7.956083 -0.158444 49.685118 20.934584 3.635838 20.354579 nan nan nan -4.298249 6.195314 0.059440 2.621756 -1.927630 12.596350 -2.985718 1.920077 -0.613882 0.746805 1.001985 26.361155 -2.656431 1.040204 19.049883 -21.328811 9.378783 -1.418909 -66.810736 2.162785 15.225568 16.982200 -21.917471 -8.831350 -15.752651 -12.467006 3.773642 24.061692 -4.759531 2.284908 65.918752 2.795901 11.837759 -17.230775 22.761732 -18.241461 10.374280 9.275042 -3.359019 
-225.700562 -218.205948 100.390976 -45.350057 -2.355168 83.362305 -2.748909 -7.092713 -8.998426 -4.607416 0.704046 9.280176 9.319477 10.709641 0.762432 nan nan nan -7.557180 0.158677 1.788955 8.081096 -0.619547 52.259148 20.154273 3.543351 20.408723 nan nan nan -4.467665 5.782045 0.342568 2.704896 -1.854631 12.820884 -3.012876 1.901262 -0.803095 0.716106 1.173699 25.956425 -2.733392 1.051168 19.352302 -21.335597 8.762793 -1.713948 -66.595844 1.926035 15.525002 17.079969 -21.916722 -9.495049 -16.045702 -12.363877 3.593422 24.270015 -4.674453 2.064271 65.843354 2.677514 11.978100 -17.224657 22.389910 -18.480447 10.669923 9.099906 -3.244335 
-226.357788 -218.889984 100.455261 -45.091633 -2.437234 83.059913 -3.054936 -6.643035 -7.917048 -4.634310 0.302062 9.071921 9.330278 10.517477 0.217311 nan nan nan -7.702124 -0.071788 0.550312 7.982795 -0.922178 54.526047 20.011065 3.337770 19.995830 nan nan nan -4.794081 5.302024 0.840580 2.719769 -1.772101 12.607371 -3.003813 1.902536 -0.733710 0.676230 1.358235 25.771738 -2.597741 0.894704 19.321913 -21.187355 8.487122 -2.118842 -66.499975 1.531363 15.799041 17.129015 -21.738636 -9.875765 -16.386743 -12.393620 3.802654 24.528772 -4.614952 1.951232 65.848892 2.582328 12.300414 -17.272534 21.968478 -18.408491 11.050825 8.962507 -3.317365 
-226.939285 -219.605240 100.583351 -45.058551 -2.253670 82.830464 -3.106711 -5.991151 -6.894486 -4.590172 -0.309983 8.817878 9.270224 10.431157 -0.229231 nan nan nan -7.487390 -0.057354 -0.766807 8.055574 -1.002663 56.584958 18.860258 3.380482 18.648997 nan nan nan -4.471537 4.901362 1.126196 2.672762 -1.605857 12.861688 -3.088683 1.832375 -0.949726 1.090673 1.505533 25.546912 -3.187881 1.192107 19.846190 -21.470202 8.328021 -2.491958 -66.109874 1.010686 15.931694 17.081940 -21.808682 -10.200190 -16.751629 -12.260338 4.339644 24.521214 -4.512938 1.810657 65.928666 2.458795 12.675105 -17.292055 21.567991 -18.215247 11.396242 8.870394 -3.533661 
-227.678467 -220.370453 100.791924 -44.739064 -2.413615 82.093544 -3.580726 -5.364393 -5.049857 -4.524869 -1.115586 8.275613 9.316108 10.351980 -0.613405 nan nan nan -7.056087 -0.284207 -0.758592 7.791327 -0.306382 57.726425 17.522293 3.132954 16.447307 nan nan nan -4.910915 4.383537 1.676818 2.703572 -1.526546 13.236775 -3.004065 1.842902 -1.107688 0.633983 1.683055 25.981288 -2.932516 1.076541 19.016534 -21.420073 8.096640 -2.576887 -65.753897 0.441399 16.076961 16.931074 -22.134369 -10.124702 -16.642160 -12.229092 4.320252 24.710264 -4.394921 1.695936 65.983564 2.356016 13.018413 -17.360753 21.187670 -18.168932 11.258826 8.966928 -3.923543 
-228.529160 -221.257996 101.066895 -45.101580 -2.838776 81.398931 -4.251163 -4.339739 -2.765591 -4.410632 -1.838701 7.114227 9.401254 10.493183 -0.813459 nan nan nan -8.093994 -0.246586 -1.183324 7.938357 -0.747478 58.981759 16.685782 3.603615 15.717978 nan nan nan -5.677221 3.886612 1.469402 2.905851 -0.871466 14.765055 -3.000300 1.965020 -1.827615 0.626152 1.731334 26.401022 -3.080245 1.158115 18.788187 -21.594686 7.881696 -2.414808 -65.159984 -0.200406 16.435303 16.930976 -22.544198 -10.076313 -16.326735 -12.405517 4.111738 25.076841 -4.365284 1.823238 65.896607 2.288706 13.300442 -17.494098 20.993512 -18.650022 10.989917 9.076614 -3.947328 
-228.981720 -221.783981 101.041733 -44.706984 -2.233125 82.191813 -3.507638 -5.007837 -3.313799 -4.691262 -1.947792 7.293222 9.300491 10.850751 -1.138180 nan nan nan -7.680513 -0.019613 -3.698717 7.823718 -2.080896 60.593998 16.336624 3.635360 14.636290 nan nan nan -5.054212 3.549626 1.004829 2.948906 -1.103537 14.126212 -3.017437 1.817804 -1.499620 0.392473 1.958770 26.464672 -2.910273 1.198969 18.882785 -21.608400 7.672545 -2.499321 -65.169903 -0.838268 16.406767 16.806184 -22.569511 -10.106685 -15.966632 -12.779711 4.618209 24.726749 -4.255145 1.833862 66.048496 2.026584 13.048048 -17.107502 21.020098 -18.207211 10.937936 9.489440 -4.319928 
-229.378601 -222.371231 101.143814 -43.845117 -1.800615 82.009074 -3.314358 -5.569743 -2.650564 -4.747850 -2.570200 7.230904 9.264115 11.150578 -1.360690 nan nan nan -7.465322 -0.218729 -4.795721 7.671388 -3.034946 61.584404 15.899563 3.430368 13.544849 nan nan nan -4.374018 3.297435 1.980464 2.773495 -1.654509 13.038884 -3.038880 1.546945 -1.034981 0.252780 2.263991 26.487622 -2.873826 1.194831 18.722839 -21.632535 7.445772 -2.837891 -65.239751 -1.588867 16.385700 16.863077 -22.356891 -10.622519 -16.073219 -12.960791 5.363469 24.491764 -4.010252 1.585287 66.161458 1.795008 12.931069 -16.848856 20.776708 -17.881296 11.499184 9.424891 -4.271610 
-229.974884 -223.042191 101.287842 -43.402922 -1.611492 81.647330 -3.348374 -5.363993 -1.421769 -4.686993 -3.508503 6.866157 9.286177 11.405199 -1.686608 nan nan nan -7.091691 -0.274882 -5.409922 7.372095 -3.307711 62.220454 14.858700 2.953532 12.251747 nan nan nan -4.233798 2.934198 2.448711 2.838734 -1.743200 12.888093 -2.974614 1.446132 -0.930799 0.338871 2.239674 26.153096 -3.247731 1.513031 19.497612 -21.788193 7.140468 -2.925401 -65.035501 -2.330792 16.292974 16.835102 -22.572116 -11.098336 -15.881434 -12.813163 5.690797 24.455607 -4.050038 1.390202 66.196271 1.567808 12.886755 -16.854409 20.747225 -17.644285 11.824333 9.251142 -4.365817 
-230.519867 -223.746597 101.447060 -43.255715 -1.302791 81.670308 -3.165059 -5.219382 -0.725465 -4.655700 -4.174806 6.699699 9.165895 11.699974 -2.087943 nan nan nan -6.251902 0.158473 -6.366883 7.020360 -3.321033 62.580072 14.122532 2.165040 11.032821 nan nan nan -3.804333 2.708636 2.317991 2.904306 -1.750515 12.855021 -2.998729 1.349257 -0.890948 -0.264597 2.313415 26.794111 -2.966776 1.480069 18.907211 -21.985405 6.665375 -2.767084 -64.751133 -2.928595 16.089926 16.667368 -22.916020 -11.349122 -15.435199 -12.925586 5.818722 24.390072 -3.948804 1.425482 66.161446 1.293438 12.336270 -16.725226 20.857740 -17.305466 11.633775 9.518138 -4.743310 
-230.941956 -224.408295 101.583694 -42.735889 -1.256891 81.842169 -3.371622 -6.146313 -0.282868 -4.599172 -4.361825 6.472494 9.221832 12.263969 -2.190642 nan nan nan -6.542751 0.504519 -7.666307 7.121056 -4.281547 62.898426 13.688994 1.705601 10.432395 nan nan nan -3.676963 2.336995 2.398016 2.843630 -1.844178 12.455891 -2.980679 1.166147 -0.734484 -0.750163 2.372387 27.168227 -2.658076 1.520599 18.574326 -22.004835 6.363576 -2.665886 -64.655495 -3.564044 16.126516 16.802387 -23.194782 -11.905753 -15.246514 -13.305359 6.161898 24.284109 -3.872573 1.412471 66.174018 1.181680 11.950924 -16.381784 20.903927 -17.363227 11.672596 9.496743 -4.286192 
-231.373428 -225.080154 101.677719 -42.484696 -0.836784 81.414550 -3.241642 -6.251778 0.875426 -4.390833 -4.447859 6.178298 9.262013 12.319505 -2.501949 nan nan nan -6.490203 0.357365 -8.356216 7.311455 -4.592373 63.072407 14.484970 1.173175 10.294392 nan nan nan -2.764394 1.893970 3.500977 2.525775 -1.718110 11.573724 -3.083600 1.115720 -0.342040 -0.749804 2.509517 26.745907 -2.644323 1.448431 19.267260 -21.846442 6.085810 -2.917872 -64.781818 -4.093897 16.248627 16.942675 -23.532254 -12.608766 -15.023025 -13.497516 6.379437 24.033213 -4.002927 1.315597 66.256810 1.189596 11.585060 -15.882289 21.107544 -17.348907 11.768981 9.196772 -3.817354 
-232.350830 -225.791382 101.834976 -42.087517 -0.643210 81.212899 -2.904187 -5.177752 2.256266 -4.380612 -5.448527 5.491968 8.733159 11.943291 -2.974387 nan nan nan -5.994759 0.256594 -8.777756 6.850495 -4.853214 62.850106 13.949941 1.029132 9.619691 nan nan nan -3.425583 1.696664 2.671437 2.981805 -1.892624 12.603981 -2.837432 0.987656 -0.474036 -0.908733 2.761103 27.250136 -2.280344 1.198753 18.864948 -21.756344 5.880696 -2.813417 -64.616577 -4.756791 16.265231 17.008015 -23.835963 -12.811302 -14.539486 -13.672037 6.526243 24.418840 -3.867248 1.347954 66.114188 0.943681 11.691492 -15.986281 20.948197 -17.467423 11.344589 9.509857 -4.318066 
-232.746567 -226.426147 101.926819 -41.823517 -0.602728 81.528249 -3.033127 -5.464573 2.571205 -4.364420 -5.844586 5.201484 8.776108 12.441702 -3.245639 nan nan nan -6.034673 0.456598 -10.340688 7.093432 -5.190321 62.989545 12.252703 0.610664 8.560212 nan nan nan -3.381553 1.388551 2.499750 3.121570 -1.917369 12.674652 -2.903305 0.963903 -0.777473 -1.470392 2.924672 27.621855 -1.820134 1.038903 18.356816 -21.764190 5.641695 -2.707141 -64.587138 -5.395107 16.355642 17.114994 -24.187660 -12.800901 -14.043661 -14.130126 6.177736 24.419930 -3.874772 1.399433 66.004744 0.687446 11.486387 -15.769082 20.997631 -16.956846 11.191457 9.634723 -3.855286 
-233.443604 -227.090363 102.018761 -41.233697 -0.319655 81.398399 -2.648827 -4.963455 3.478935 -4.495302 -6.838711 4.966962 8.596223 12.284345 -3.774749 nan nan nan -5.679893 0.069202 -10.960369 6.887410 -5.373494 62.636964 12.131092 0.354806 7.731937 nan nan nan -3.500066 1.027545 2.412579 3.377658 -2.120365 12.834877 -2.696389 0.791485 -0.690169 -1.046120 2.995367 27.331734 -2.303592 1.267471 19.156101 -21.801197 5.534920 -2.906045 -64.431307 -5.833148 16.410682 16.984428 -24.837386 -12.839149 -13.482812 -14.393445 5.890516 24.401356 -3.780875 1.427022 65.931691 0.473451 11.615704 -15.648480 21.064763 -16.423685 10.794246 9.785186 -3.947886 
-234.022415 -227.700272 102.105057 -40.922694 0.468734 81.994076 -1.646365 -4.457436 3.276627 -4.621094 -7.645168 5.082128 8.118069 12.249174 -4.263115 nan nan nan -4.985602 0.687072 -12.628426 6.994259 -6.450295 62.140129 11.720429 0.063966 7.052066 nan nan nan -2.851288 0.482474 1.631608 3.538215 -2.202430 12.891351 -2.551053 0.701635 -0.705800 -1.427701 3.134562 27.923255 -2.256721 1.335895 18.648011 -22.190750 5.544893 -2.828700 -64.174355 -6.375168 16.543722 17.141891 -25.624849 -12.855721 -12.907547 -14.177685 5.393646 24.405503 -3.455407 1.813021 65.671155 0.347168 11.452123 -15.606746 21.237520 -15.885553 10.402192 9.928766 -4.827657 
-234.662216 -228.375427 102.145744 -40.568695 0.745664 81.917189 -1.347521 -4.043612 4.158029 -4.575018 -8.288330 4.726770 7.908047 12.175270 -4.627593 nan nan nan -4.659083 0.593890 -13.396152 7.100917 -6.569228 61.557526 10.744669 -0.165423 5.980599 nan nan nan -2.640039 0.210751 1.774941 3.641620 -2.120409 12.746472 -2.553695 0.612267 -0.716212 -1.332982 3.054440 27.805453 -2.390748 1.251357 18.931425 -21.990735 5.397293 -2.675004 -64.172182 -7.001253 16.647406 17.157616 -26.280164 -12.967017 -12.725602 -14.334267 5.295641 24.241814 -3.574819 1.758447 65.829700 -0.000247 11.372296 -15.517526 21.389675 -15.683824 10.435307 9.983751 -5.251030 
-235.270355 -229.047226 102.191895 -40.253955 1.062937 81.766011 -1.005961 -3.800875 5.117107 -4.517383 -8.904805 4.323289 7.624064 12.251023 -4.938600 nan nan nan -4.088985 0.615113 -13.913197 7.090071 -6.612743 60.585911 9.578066 -0.645613 4.667766 nan nan nan -2.298977 -0.018501 1.965015 3.593265 -2.120641 12.652587 -2.505580 0.468711 -0.603653 -1.240850 3.090688 27.593611 -2.436009 1.138746 19.113348 -21.859906 5.264390 -2.551550 -64.091690 -7.786976 16.474139 17.001339 -26.867796 -13.523526 -12.497162 -14.601847 5.688590 24.024482 -3.518102 1.789051 65.976152 -0.095493 11.148420 -15.265560 21.490071 -15.678474 10.509859 10.011817 -5.409672 
-236.062439 -229.765152 102.209366 -38.579243 0.489030 80.630567 -1.801163 -4.041005 7.297685 -4.349553 -10.067025 3.905188 7.608229 12.006413 -5.348060 nan nan nan -5.161451 -0.936950 -12.826200 7.322946 -6.685819 59.491493 9.206109 -0.343795 3.222635 nan nan nan -4.053962 -0.894125 3.134024 3.839725 -2.726066 12.583390 -2.056381 0.523433 -0.223229 -0.831266 3.186420 26.580768 -2.378132 0.934917 19.961340 -21.164371 5.509586 -2.748937 -64.458144 -8.858462 16.591328 16.801263 -27.138468 -14.246479 -12.651555 -14.773326 6.520106 24.145447 -3.862067 1.782183 66.104721 0.299706 11.626536 -15.279920 21.317227 -16.396835 10.853093 9.913581 -4.539739 
-236.576828 -230.350327 102.240761 -38.204727 0.459339 80.612748 -1.977540 -4.181698 8.070122 -4.128630 -10.658870 3.553845 7.447982 12.315105 -5.650826 nan nan nan -4.873508 -0.768077 -13.322528 7.151595 -6.558621 58.137730 8.304146 -0.727758 1.909953 nan nan nan -4.324529 -1.213906 3.346853 4.001180 -2.829688 12.564630 -1.991119 0.518708 -0.430543 -1.125754 3.300961 26.590957 -1.963873 0.853740 19.936840 -21.288988 5.572942 -2.713335 -64.129037 -9.587692 16.763406 16.547192 -27.641083 -14.381214 -12.242350 -15.145470 6.146714 24.221978 -3.938719 1.838217 65.932269 0.229792 11.735678 -14.991527 21.256563 -16.377336 10.367202 10.319768 -4.556940 
-237.144943 -230.978256 102.251419 -37.885642 0.660120 80.714493 -1.685627 -4.270537 8.748403 -4.141476 -10.923439 3.184908 7.349679 12.244954 -5.956749 nan nan nan -5.214951 -0.696625 -14.112957 7.574466 -7.263807 56.854772 8.452378 -0.456029 1.593600 nan nan nan -4.228173 -1.430990 3.209104 4.158011 -2.938672 12.737781 -1.970525 0.358628 -0.572371 -1.090212 3.549809 26.703676 -1.937359 0.792717 19.801805 -21.330769 5.558189 -2.763041 -63.975272 -10.156643 17.044354 16.518307 -28.113057 -14.871547 -11.974793 -15.804471 6.070489 24.265388 -3.860941 1.916235 65.814201 0.087767 11.750905 -14.880667 21.253776 -16.581046 10.255303 10.541124 -4.377685 
-237.737747 -231.611740 102.252525 -37.468634 0.760148 80.615317 -1.516091 -4.326535 9.475584 -4.201728 -11.230568 3.156075 7.153439 12.247043 -6.336150 nan nan nan -5.132449 -0.746104 -14.434952 7.710266 -7.295728 55.214304 8.233845 -0.594621 0.811332 nan nan nan -4.371589 -1.614376 3.348849 4.263429 -3.079556 12.662208 -1.764502 0.249554 -0.447686 -1.137436 3.676869 26.575604 -1.843082 0.778800 19.823158 -21.336103 5.544345 -2.697555 -63.922792 -10.873737 17.092083 16.592495 -28.785121 -15.237152 -12.079312 -16.097195 6.422866 24.277119 -3.923529 2.033925 65.835902 0.100439 11.645413 -15.142935 21.360510 -16.510949 10.640224 10.230176 -3.960576 
-238.263489 -232.243256 102.251137 -37.349718 1.022306 80.834491 -1.159682 -4.159882 9.730522 -4.256711 -11.418383 3.197574 6.874152 12.209357 -6.842203 nan nan nan -4.898700 -0.489834 -15.248496 7.783352 -7.444065 53.525856 8.098233 -0.740074 0.397101 nan nan nan -4.081743 -1.707969 3.186566 4.333716 -3.120059 12.558531 -1.697866 0.135153 -0.400612 -1.299368 3.805433 26.646419 -1.747053 0.573811 19.623674 -21.555130 5.489095 -2.681136 -63.765854 -11.340269 17.114745 16.847379 -29.587092 -16.027484 -12.141224 -16.367824 7.033003 24.321191 -3.964984 2.023095 65.690059 -0.015237 11.489970 -15.204352 21.500087 -16.268371 10.947163 10.106213 -3.790474 
-238.770096 -232.906891 102.227386 -37.341910 1.112501 80.893808 -1.110788 -3.761258 10.324589 -4.111892 -11.656365 2.967576 6.842929 12.194372 -7.158559 nan nan nan -4.874112 -0.241711 -15.868293 7.926485 -7.394597 51.746163 8.091443 -0.836621 0.142970 nan nan nan -3.734015 -1.666094 3.423149 4.241313 -3.047949 11.966803 -1.779544 -0.061246 -0.104392 -1.149000 3.755211 26.451574 -1.911713 0.529434 19.872765 -21.564137 5.496778 -2.750591 -63.495533 -11.717014 17.360853 16.773293 -30.515786 -16.148356 -11.382861 -16.914444 6.522074 24.438729 -4.062450 1.780047 65.516521 -0.252426 11.594783 -14.925175 21.531817 -16.162732 10.621971 10.185930 -4.024973 
-239.385941 -233.513275 102.200363 -36.729530 1.168404 80.781884 -0.986002 -3.570641 11.031253 -4.045783 -12.099701 2.953652 6.708700 12.051189 -7.528500 nan nan nan -4.877099 -0.499238 -15.929271 7.988189 -7.425871 49.579855 8.032182 -0.897235 -0.206145 nan nan nan -4.059975 -2.038714 3.693659 4.405789 -3.263964 11.736843 -1.648325 -0.121471 0.140303 -1.021841 3.763149 26.076581 -2.028784 0.690972 20.271573 -21.444350 5.529405 -2.635318 -63.294286 -12.405403 17.357656 16.550467 -31.336095 -16.187993 -10.778062 -17.414046 6.111041 24.437180 -4.078123 1.728102 65.551552 -0.170795 11.662241 -14.689933 21.365157 -16.168799 10.181415 10.450934 -4.117622 
-240.011993 -234.153122 102.137665 -35.991620 1.070341 80.457696 -1.043278 -3.389010 12.008706 -3.861639 -12.563021 2.793352 6.418059 11.842147 -8.058229 nan nan nan -5.146551 -1.045327 -15.628024 8.072149 -7.492782 47.318277 7.989048 -0.804755 -0.397180 nan nan nan -4.642891 -2.362222 3.988014 4.604149 -3.447952 12.083168 -1.467430 -0.251528 0.119357 -0.808841 3.678076 25.517858 -2.228667 0.454346 20.457050 -21.147343 5.610287 -2.512674 -63.385032 -13.395903 17.531576 16.537788 -31.869369 -16.486720 -10.899502 -17.626655 6.301245 24.408830 -4.209105 1.671902 65.739321 -0.044802 11.859695 -14.885177 21.287105 -16.182693 10.219900 10.386745 -3.856154 
-240.407776 -234.734680 102.063522 -36.428832 1.306169 81.018670 -0.725418 -2.896357 11.768903 -3.788764 -12.577638 2.847542 6.124179 11.842150 -8.369972 nan nan nan -4.930017 -0.265999 -16.889360 8.234611 -7.554523 45.221955 8.172214 -1.116139 -0.072069 nan nan nan -3.856198 -2.262307 3.807769 4.540522 -3.109627 11.540604 -1.629399 -0.313965 0.138509 -1.264195 3.764997 26.152688 -1.837537 0.193553 19.357801 -21.396674 5.417708 -2.451207 -63.084075 -13.727197 17.721943 16.795676 -32.633242 -16.761963 -11.028223 -17.786263 6.073825 24.245218 -4.189094 1.758433 65.857936 -0.264364 11.347255 -15.013984 21.415788 -15.649994 10.538775 10.153577 -3.690899 
-240.968903 -235.330261 102.019844 -36.182652 1.245636 81.112291 -0.756879 -2.712473 12.141980 -3.680246 -12.950008 2.926732 5.868357 11.770990 -8.636652 nan nan nan -5.002778 -0.129944 -17.137765 8.260163 -7.576262 42.683242 8.159318 -1.497610 -0.457754 nan nan nan -3.919248 -2.276304 4.063360 4.586607 -3.127088 11.356047 -1.567427 -0.528806 -0.029088 -1.345110 3.801252 25.888722 -1.862951 0.406620 19.783997 -21.561387 5.569955 -2.506945 -62.704041 -14.078170 17.992531 16.857379 -33.596851 -16.814180 -10.609318 -18.029704 5.610605 24.319233 -4.390274 1.710159 65.880704 -0.298743 11.551820 -15.110600 21.332553 -15.642167 10.185122 10.322685 -3.739148 
-241.539673 -235.958069 101.939552 -36.010801 1.247942 81.163037 -0.774511 -2.705618 12.665515 -3.561992 -13.017841 2.867180 5.697340 11.849635 -9.012612 nan nan nan -4.979707 -0.010271 -17.266523 8.254741 -7.512196 40.099733 8.155272 -1.616890 -1.038060 nan nan nan -4.043416 -2.170066 3.873744 4.644644 -3.221390 11.593445 -1.461529 -0.623297 0.044687 -1.086847 3.812780 25.400310 -1.963132 0.426722 20.514796 -21.456975 5.328488 -2.443602 -62.737499 -14.698000 18.382888 17.376808 -34.138679 -17.387713 -10.683061 -18.090469 5.562985 24.432610 -4.301480 1.611491 65.810365 -0.255156 11.837201 -14.997645 20.939026 -15.998468 10.917808 9.810648 -4.319649 
-242.099747 -236.560822 101.869850 -35.820443 1.396656 81.281815 -0.567929 -2.580838 13.068161 -3.490664 -13.115036 2.886650 5.440947 11.871961 -9.581694 nan nan nan -4.788459 0.032651 -17.517288 8.286943 -7.267876 37.608673 8.211105 -1.782242 -0.659740 nan nan nan -4.040437 -2.378213 3.671234 4.799074 -3.359267 11.953638 -1.445300 -0.525599 -0.115137 -1.184268 4.092827 25.473500 -1.684618 0.193682 20.280814 -21.474930 5.191793 -2.410660 -62.637315 -15.258867 18.575814 17.560229 -34.534746 -17.619014 -10.506944 -18.722577 5.212784 24.465759 -4.124446 1.767223 65.875518 -0.192311 11.879105 -15.204006 20.873875 -16.062994 10.323360 10.213551 -4.511232 
-242.681335 -237.169617 101.772095 -35.580320 1.396232 81.413191 -0.493329 -2.433174 13.481216 -3.407602 -13.182518 2.879929 5.239858 11.667906 -10.146339 nan nan nan -4.765448 -0.093824 -17.735930 7.902206 -7.414821 34.826216 8.521060 -1.704831 0.210905 nan nan nan -4.198764 -2.584357 3.601133 4.900026 -3.417065 11.985875 -1.484947 -0.459306 -0.179680 -1.531980 4.283627 25.815905 -1.135160 -0.302044 19.535023 -21.243533 5.209247 -2.408682 -62.577846 -15.737248 19.011928 17.642958 -35.046534 -17.844062 -10.170911 -19.366173 4.797112 24.510707 -4.090548 1.825888 66.097658 -0.326696 11.955766 -15.630547 21.037024 -16.132989 9.308702 10.777032 -4.123958 
-243.266998 -237.786942 101.684654 -35.409354 1.372808 81.612100 -0.423381 -2.352695 13.834913 -3.398371 -13.295258 2.836810 5.054151 11.569163 -10.539998 nan nan nan -4.625113 -0.010481 -17.677122 7.676779 -7.108795 31.643873 8.794705 -1.939224 0.754520 nan nan nan -4.224701 -2.566770 3.426254 4.962365 -3.443110 12.099447 -1.464654 -0.506584 -0.328132 -1.261953 4.192680 25.585344 -1.428411 -0.290049 20.148491 -21.314900 5.002444 -2.346071 -62.211846 -16.029308 19.296396 17.671372 -35.891648 -17.947319 -9.328083 -19.712058 4.578971 24.460673 -4.077258 1.761065 66.321654 -0.647827 12.083713 -15.959895 21.283419 -16.263890 7.962543 11.391641 -3.995029 
-243.817505 -238.416153 101.621613 -35.376469 1.305094 81.780700 -0.418909 -2.246978 14.222737 -3.427543 -13.237547 2.741730 5.054489 11.358413 -10.618420 nan nan nan -4.537582 -0.090216 -17.768762 7.573445 -6.669155 28.711175 8.614488 -2.219378 1.837572 nan nan nan -4.160055 -2.455826 3.282514 5.002090 -3.392509 12.388899 -1.522348 -0.574728 -0.695877 -1.186563 4.101138 25.441942 -1.571767 -0.322260 20.643281 -21.473735 4.776127 -2.109934 -61.831036 -16.432696 19.361969 17.807113 -36.594495 -18.280653 -8.849230 -20.207486 4.430301 24.455620 -4.145396 1.709056 66.369202 -0.809033 12.035747 -15.840115 21.275296 -16.497122 7.557820 11.562574 -4.012206 
-244.392609 -239.052414 101.523712 -35.253040 1.132472 81.888841 -0.500216 -2.101488 14.654999 -3.473103 -13.251068 2.684817 5.152639 11.093987 -10.617482 nan nan nan -4.559271 -0.288110 -17.656768 7.326444 -6.328062 25.810975 8.800758 -2.211899 2.326367 nan nan nan -4.468857 -2.416641 3.217239 5.154249 -3.399375 12.512430 -1.462606 -0.647038 -0.850968 -1.190450 4.091860 25.493495 -1.518816 -0.415945 20.709498 -21.451077 4.737103 -1.840160 -61.806775 -16.958599 19.454422 18.284974 -37.183060 -18.807881 -9.465584 -20.152255 4.665302 24.489712 -4.299749 1.825604 66.315196 -0.510754 11.884303 -15.519895 20.852306 -16.850676 9.455656 10.319781 -4.124096 
-244.977890 -239.690109 101.437462 -35.125990 0.987748 81.979785 -0.536499 -1.895397 15.135473 -3.406546 -13.238986 2.620500 5.005969 10.683155 -10.851208 nan nan nan -4.577956 -0.581693 -17.520500 7.052623 -5.852247 22.863675 8.953034 -2.119422 3.378077 nan nan nan -4.783691 -2.432035 3.126154 5.329707 -3.510990 12.594872 -1.398052 -0.632275 -0.891845 -1.229602 4.190165 25.708801 -1.529577 -0.638985 20.511919 -21.414942 4.594504 -1.648352 -61.770632 -17.296828 19.648662 18.654741 -37.740279 -19.300083 -9.159801 -20.413436 4.352187 24.484029 -4.249616 1.899766 66.400157 -0.508929 11.991039 -15.710992 20.861121 -16.995532 9.381477 10.240106 -4.193647 
-245.585022 -240.326248 101.337227 -35.040727 0.815827 82.088320 -0.543713 -1.667408 15.630579 -3.356363 -13.145966 2.514418 4.682750 10.377226 -11.290933 nan nan nan -4.584007 -0.764207 -17.279239 6.758840 -5.432511 19.814093 9.230603 -2.226888 4.319661 nan nan nan -5.005172 -2.466679 3.049650 5.299318 -3.572180 12.455494 -1.337099 -0.618627 -0.651338 -1.096276 4.456634 25.695495 -1.586527 -0.838965 20.424181 -21.241538 4.611338 -1.799109 -61.845503 -17.582685 19.977552 18.804560 -38.150680 -19.724438 -8.666578 -20.699015 4.159066 24.458722 -4.158051 1.908711 66.544040 -0.448318 12.214769 -15.794324 20.751680 -17.104526 9.121312 10.292879 -4.269276 
-246.177567 -240.977768 101.225754 -34.818205 0.621626 82.294034 -0.562300 -1.479594 15.809827 -3.376146 -13.086869 2.754115 4.315294 10.004064 -11.716041 nan nan nan -4.553244 -1.183016 -17.111354 6.277754 -5.271830 16.813396 9.606651 -2.330318 5.360334 nan nan nan -5.224998 -2.450093 2.853224 5.274884 -3.761709 12.439215 -1.236511 -0.673934 -0.563330 -0.971079 4.647490 25.779744 -1.688445 -0.958849 20.294966 -21.293223 4.596831 -1.931305 -61.724063 -17.783618 20.138307 19.142089 -38.661912 -19.958290 -8.747321 -20.773012 4.679487 24.393363 -3.984944 2.008337 66.640840 -0.435419 12.344123 -15.793005 20.656585 -17.273371 9.080074 10.301513 -4.371677 
-246.702957 -241.639206 101.085045 -34.621514 0.396626 82.595560 -0.747723 -1.436818 15.974705 -3.306192 -13.193586 2.800450 4.156609 9.818928 -11.969947 nan nan nan -4.561175 -1.714766 -17.141350 5.800052 -5.143210 13.712909 10.310782 -2.782621 6.586891 nan nan nan -5.322860 -2.354667 2.532466 5.303902 -3.989600 12.519509 -1.224309 -0.694667 -0.672993 -1.132109 4.373079 25.701728 -1.862292 -0.625748 20.691635 -21.579005 4.387563 -1.777567 -61.255281 -18.010999 20.081378 19.442408 -39.339436 -19.895014 -8.951061 -20.432082 4.758798 24.230437 -3.954499 2.161743 66.755712 -0.405200 12.293937 -15.778204 20.623863 -17.102799 9.232554 10.095396 -4.452798 
-247.211014 -242.277527 100.946228 -34.542882 0.208111 82.862520 -0.903223 -1.398523 16.220821 -3.233703 -13.296039 2.799308 4.021133 9.648040 -12.261350 nan nan nan -4.508075 -2.076532 -17.163923 5.250011 -4.689876 11.258591 10.717000 -2.768371 7.133831 nan nan nan -5.253686 -2.186046 2.368971 5.296591 -4.036090 12.333171 -1.290268 -0.720931 -0.790189 -1.539314 4.237364 26.193306 -1.517232 -0.443942 20.306302 -21.669476 4.007455 -1.253923 -60.975872 -18.305641 19.918696 19.558260 -39.765316 -20.040909 -8.444815 -20.899155 4.160660 24.047525 -4.056086 2.382975 66.920908 -0.372105 11.885534 -15.700900 20.577539 -16.672893 9.486990 10.169588 -4.551627 
-247.776657 -242.901108 100.784790 -34.378902 0.037228 83.051717 -0.989293 -1.441698 16.476648 -3.184348 -13.284142 2.932064 3.737537 9.384278 -12.573257 nan nan nan -4.357750 -2.436943 -17.079053 4.641543 -5.033363 8.573935 10.793914 -2.945699 7.360749 nan nan nan -5.422021 -2.084392 1.993441 5.336743 -4.111646 12.922797 -1.286197 -0.724864 -1.335278 -1.610298 4.137986 26.198081 -1.355682 -0.357324 20.589519 -21.463966 3.697277 -0.629168 -61.116529 -18.786388 20.110254 20.331773 -39.977959 -20.639983 -8.809825 -20.977003 4.416966 23.972131 -4.112849 2.817305 67.143665 -0.263570 11.721111 -15.976391 20.670180 -16.912112 9.777770 10.123901 -4.530221 
-248.355530 -243.545486 100.668007 -34.295130 -0.094843 83.234133 -0.971769 -1.340137 16.734318 -3.210682 -13.369557 3.119511 3.450245 9.189431 -12.867527 nan nan nan -4.232561 -2.636730 -16.895243 4.183842 -4.881210 6.119370 10.769665 -3.112120 7.396815 nan nan nan -5.399546 -2.110486 1.733982 5.252684 -4.177404 13.416100 -1.203501 -0.799113 -1.896593 -1.667173 4.162792 26.028878 -1.823096 0.135111 21.343158 -21.735436 3.749266 -0.344589 -60.939650 -19.057653 19.960182 20.981962 -40.417277 -20.758779 -10.027290 -20.367738 5.539623 23.883314 -4.167503 3.598380 67.259998 0.228902 11.514106 -16.135123 20.690073 -17.115168 9.949146 10.009317 -4.187674 
-248.912903 -244.206299 100.544182 -34.302702 -0.281794 83.415721 -1.081808 -1.129348 16.984347 -3.168475 -13.405282 3.342431 3.060397 9.076792 -13.202602 nan nan nan -4.280557 -2.738200 -16.815792 3.947549 -4.775770 3.976491 10.444329 -3.154414 7.278390 nan nan nan -5.386200 -2.114102 1.503732 5.095499 -4.140696 13.559903 -1.252258 -0.796671 -1.553090 -1.547448 3.989267 25.811642 -0.959124 -0.339888 20.290690 -21.921651 4.078152 -0.852467 -60.827515 -19.453739 20.375298 20.892270 -40.793397 -20.778692 -9.894418 -20.173485 5.788343 24.198199 -4.238554 3.192796 66.868001 0.293435 11.710421 -15.745229 20.696537 -17.143048 9.744936 10.139323 -4.007958 
-249.484009 -244.907715 100.425728 -34.274256 -0.432540 83.531986 -1.095221 -0.845326 17.289432 -3.190499 -13.630624 3.647416 2.714054 9.028263 -13.447095 nan nan nan -4.288270 -3.023575 -16.567028 3.811362 -4.811069 1.944800 10.244828 -3.219416 7.001812 nan nan nan -5.293669 -2.109825 1.246802 4.985428 -4.135539 13.489562 -1.300994 -0.764561 -1.150374 -1.522731 3.991988 25.565792 -0.926720 -0.363004 20.526039 -22.004607 4.460993 -0.909532 -60.844917 -20.105113 20.521932 20.519467 -41.082105 -20.678713 -9.862432 -20.004114 5.838994 24.264883 -4.366836 2.996912 66.749497 0.338358 11.819273 -15.602276 20.736195 -17.137125 9.699779 10.157451 -3.842753 
-250.113235 -245.603394 100.300133 -34.085453 -0.597530 83.567425 -1.078621 -0.615658 17.671299 -3.194037 -13.903437 3.963080 2.378246 8.874479 -13.716159 nan nan nan -4.372377 -3.323897 -16.203503 3.761801 -5.126652 0.125443 10.342937 -3.333966 6.648369 nan nan nan -5.279892 -2.043653 1.350894 4.860971 -4.164764 13.124781 -1.334734 -0.835318 -1.057764 -1.751774 3.985232 26.258073 -0.537837 -0.679786 19.647054 -21.817485 4.806516 -0.602919 -61.073422 -20.579514 20.590134 20.449169 -41.309091 -20.454120 -10.246992 -19.863438 6.065733 24.224583 -4.530951 3.116943 66.890537 0.309896 11.665823 -15.712863 20.821402 -16.829309 10.333773 9.872045 -3.755289 
-250.738449 -246.276428 100.171295 -33.767426 -0.688410 83.538263 -1.007311 -0.604959 18.198611 -3.156008 -14.234846 4.108525 2.148680 8.678788 -13.911205 nan nan nan -4.443956 -3.617584 -15.721926 3.757676 -5.442094 -1.527783 10.413860 -3.618789 6.223047 nan nan nan -5.368332 -2.191883 1.327409 4.938032 -4.221977 13.381553 -1.255828 -0.849742 -1.209536 -1.648811 3.866754 26.241799 -0.755013 -0.588143 19.665631 -21.861521 4.820302 -0.418668 -61.259045 -20.912238 20.550057 20.523565 -41.248749 -20.657528 -10.589498 -20.021458 6.554387 23.948800 -4.514447 3.212254 67.084908 0.291864 11.609068 -15.813526 20.929587 -16.720767 10.636263 9.788609 -3.777430 
-251.339294 -246.945358 100.054764 -33.514507 -0.782103 83.562335 -0.942972 -0.590366 18.735531 -3.133978 -14.583361 4.143843 1.868629 8.360875 -14.020673 nan nan nan -4.536766 -3.741046 -15.377344 3.777945 -5.722089 -2.805788 10.547476 -3.931982 5.710070 nan nan nan -5.419759 -2.275337 1.134171 4.999205 -4.242201 13.677259 -1.143695 -0.903633 -1.100431 -1.701599 3.774697 25.936209 -0.837083 -0.460659 19.769202 -21.918810 4.732456 -0.362088 -61.352053 -21.178090 20.735560 20.648182 -41.272600 -20.656350 -10.653505 -20.050228 6.435602 23.974390 -4.451014 3.177499 67.008876 0.290640 11.726139 -16.052763 21.044412 -16.837572 10.464626 9.921743 -4.068611 
-251.929688 -247.577805 99.940765 -33.120931 -0.896790 83.731292 -0.884791 -0.679683 18.778245 -3.278129 -15.105866 4.743446 1.646158 8.240706 -14.216247 nan nan nan -4.730664 -3.808229 -15.321784 3.865301 -6.059970 -3.568342 10.513957 -4.186370 5.211962 nan nan nan -5.490032 -2.286090 0.951417 5.011629 -4.284686 13.729323 -1.016161 -0.996977 -1.018559 -2.029112 3.460351 25.894393 -0.631540 -0.307978 19.527890 -22.092238 4.505061 -0.165022 -61.169253 -21.335101 20.742252 20.626756 -41.602439 -20.258413 -10.380013 -19.877501 5.977941 24.096574 -4.503070 3.058814 66.822154 0.199756 11.473759 -16.051836 21.219354 -16.787155 10.359817 9.759930 -3.963106 
-252.529221 -248.250748 99.827377 -32.870672 -0.940584 83.789553 -0.784281 -0.647112 18.761214 -3.456147 -15.585024 5.716555 1.410253 8.228021 -14.518762 nan nan nan -4.873434 -3.710965 -15.251291 3.940385 -6.279627 -3.819073 10.273405 -4.225984 4.785482 nan nan nan -5.379562 -2.238548 0.935645 5.066701 -4.233497 13.774514 -0.960849 -1.125546 -1.172624 -1.660806 3.168150 25.657456 -1.053004 -0.063194 19.992729 -22.217843 4.385705 0.049240 -61.092124 -21.452868 20.712840 20.348686 -41.717899 -20.022247 -10.421808 -19.994191 6.132330 23.988253 -4.586465 2.986877 66.772992 0.096046 11.236417 -15.952633 21.192744 -16.726590 10.558988 9.679428 -3.855861 
-253.196198 -248.997955 99.749161 -32.741867 -0.880057 83.712617 -0.514372 -0.416570 18.937443 -3.623804 -15.951696 6.693121 0.982040 8.062552 -14.716000 nan nan nan -4.893982 -3.531794 -15.102226 4.008372 -6.398653 -3.536422 10.123937 -4.043402 4.429132 nan nan nan -5.172389 -2.343442 0.888917 5.113813 -4.237310 13.909817 -1.000466 -1.116244 -1.341042 -1.443335 3.363591 26.003536 -1.130445 -0.042139 19.663968 -22.150188 4.387365 0.271010 -61.366886 -21.377994 20.769194 20.399004 -41.653547 -19.953411 -10.162595 -20.059618 6.388857 23.896443 -4.416553 3.253418 66.761299 0.123607 11.088419 -15.887640 20.987151 -16.662173 10.354550 9.911161 -4.172409 
-253.850739 -249.705444 99.674942 -32.784515 -0.820541 83.712300 -0.295944 -0.216170 19.052807 -3.787714 -16.307481 7.590121 0.691200 8.014195 -14.866283 nan nan nan -4.757985 -3.499050 -15.200358 4.021836 -6.141028 -2.848725 10.030886 -3.768227 4.318284 nan nan nan -4.990062 -2.431690 0.574460 5.197957 -4.177304 14.380387 -0.996796 -0.979058 -1.480151 -1.428040 3.570736 25.925272 -1.271380 0.077604 19.535270 -22.195540 4.239558 0.355501 -61.562740 -21.262716 20.846438 20.358645 -41.458996 -19.757084 -9.536487 -20.250700 6.066350 23.850938 -4.244653 3.510557 66.662428 0.325393 10.797192 -15.792927 20.809180 -16.717211 9.946262 10.128148 -4.251913 
-254.488815 -250.393799 99.656189 -32.683748 -0.800313 84.007154 -0.295029 -0.435129 18.844439 -3.932683 -16.625866 8.489651 0.418413 8.263083 -15.025050 nan nan nan -4.773235 -3.066610 -15.576106 4.029878 -5.945455 -2.017450 9.729575 -4.048082 4.468458 nan nan nan -4.651374 -2.808028 0.455911 5.194255 -4.058165 13.953504 -1.302740 -0.811003 -0.955869 -1.116747 3.381001 24.806231 -0.275296 -0.121674 21.211486 -22.442999 4.930478 -0.154414 -61.404551 -21.274744 21.603539 19.473203 -41.302169 -18.751684 -7.854249 -21.164165 4.234926 24.602802 -4.656182 2.870576 65.842992 0.347797 11.256549 -15.409857 20.580090 -16.626530 9.188931 10.380119 -4.231471 
-255.157822 -251.097351 99.593414 -32.493945 -0.796420 84.152785 -0.158397 -0.552239 18.721762 -4.196483 -16.897567 9.537117 0.140101 8.174519 -15.142163 nan nan nan -4.748353 -3.069633 -15.853237 4.105070 -5.913662 -0.816105 9.488424 -3.932076 4.572431 nan nan nan -4.530000 -2.905155 0.141731 5.287000 -4.054302 14.365501 -1.337700 -0.899272 -1.222204 -1.106428 3.475540 24.936296 -0.174341 -0.248365 21.108560 -22.431922 4.799699 -0.020352 -61.460856 -20.808921 21.608580 19.874751 -41.428190 -18.431059 -8.193529 -21.090944 4.313889 24.611015 -4.491815 2.798623 65.689228 0.213528 11.247478 -15.326345 20.425280 -16.670913 9.259860 10.487574 -4.436980 
-255.827850 -251.800659 99.539429 -32.412935 -0.782191 84.281901 -0.004683 -0.664814 18.599725 -4.499420 -17.125423 10.576201 -0.128481 8.071507 -15.138829 nan nan nan -4.714855 -3.078607 -16.253082 4.263979 -5.890937 0.722633 9.297060 -3.740177 4.797838 nan nan nan -4.492778 -2.907813 -0.128072 5.443814 -4.055763 14.727191 -1.263098 -0.956282 -1.513120 -0.975969 3.529759 25.053884 -0.227186 -0.298707 20.984671 -22.396539 4.867324 0.067101 -61.890251 -20.418185 21.784285 20.001184 -41.445388 -18.596447 -7.965170 -20.867457 4.000419 24.644761 -4.433702 2.888474 65.448719 0.239596 11.337512 -15.377555 20.322755 -16.614024 9.186205 10.446210 -4.750467 
-256.483215 -252.521515 99.508377 -32.362140 -0.701063 84.379586 0.142040 -0.808747 18.503517 -4.743950 -17.229488 11.635927 -0.339246 8.007930 -15.102999 nan nan nan -4.702505 -2.691217 -16.525550 4.398870 -6.120032 2.052763 9.156047 -3.707159 5.536983 nan nan nan -4.225958 -3.099301 -0.243137 5.510041 -4.047077 14.754593 -1.284097 -0.883881 -1.546077 -0.981308 3.442681 25.164647 -0.383788 -0.395585 20.866604 -22.832756 5.157306 -0.069358 -61.839883 -20.304084 21.677214 20.018328 -41.673445 -18.588742 -9.468617 -19.889756 5.260766 24.742216 -4.454456 3.108809 65.113049 0.524281 11.188097 -15.393319 20.260294 -16.346595 9.992316 10.022567 -4.286100 
-257.145569 -253.262909 99.492424 -32.310739 -0.543504 84.387497 0.314174 -0.994278 18.508573 -4.923472 -17.289965 12.743874 -0.529868 7.872893 -15.020677 nan nan nan -4.603679 -2.390595 -16.569065 4.489389 -6.510904 2.917626 9.005183 -3.690007 6.900136 nan nan nan -3.787236 -3.272271 -0.270250 5.594918 -4.010325 14.693526 -1.330106 -0.865848 -1.462468 -0.780747 3.443620 25.111195 -0.916975 -0.607261 21.010612 -22.926761 5.386957 -0.104871 -62.145062 -20.127760 21.525252 19.763808 -41.666721 -18.918556 -10.529649 -19.490136 6.264086 24.597258 -4.306922 3.210157 64.867693 0.697729 10.964789 -15.098399 20.039444 -16.500504 10.348688 9.894289 -3.673452 
-257.820068 -254.022827 99.489586 -32.353821 -0.411887 84.364425 0.456643 -1.031869 18.600352 -5.092517 -17.638011 13.790668 -0.822775 7.897453 -14.871994 nan nan nan -4.524891 -2.165952 -16.508162 4.588334 -6.571555 3.476625 8.769300 -3.911615 8.247173 nan nan nan -3.353568 -3.244058 -0.468087 5.764456 -3.874672 15.028054 -1.439198 -0.884875 -1.552655 -0.863339 3.167665 25.031091 -1.141186 -0.454369 21.106643 -23.300262 5.279452 0.081610 -61.964512 -19.782247 21.438732 19.566560 -41.797103 -18.292156 -10.256120 -19.649871 5.656119 24.642327 -4.365728 2.913968 64.549217 0.580143 10.648532 -14.957614 19.974386 -16.439420 10.117039 9.914129 -3.666063 
-258.591919 -254.801987 99.481194 -32.054602 -0.442577 84.542007 0.471440 -1.365738 18.481185 -5.299224 -18.001747 14.830476 -1.174828 7.880720 -14.680233 nan nan nan -4.666011 -2.091650 -16.507166 4.668943 -6.382887 4.068972 8.564482 -4.204673 9.003855 nan nan nan -3.155416 -3.001432 -0.791363 5.822254 -3.851833 14.627395 -1.507577 -1.248726 -1.198790 -0.651624 2.964881 24.901366 -1.271159 -0.464876 21.507597 -23.077383 5.303104 0.404192 -62.179142 -19.357244 21.608035 19.140679 -41.509546 -17.570712 -9.005874 -20.122094 4.161466 24.951082 -4.670655 2.576123 64.277337 0.392151 10.665108 -14.974059 19.843286 -16.187786 9.522523 9.993278 -4.549549 
-259.234589 -255.546219 99.560493 -32.070022 -0.296709 84.572818 0.434620 -1.781609 18.382415 -5.566697 -18.012568 16.106866 -1.402946 8.080586 -14.386468 nan nan nan -4.565353 -1.938697 -16.516740 4.664867 -5.819428 4.981443 8.657994 -4.386379 9.634261 nan nan nan -2.822208 -3.328353 -1.237552 6.002448 -3.938053 15.346628 -1.498393 -0.984390 -1.424236 -0.762301 2.886252 24.611171 -1.480364 -0.053946 21.900555 -23.653567 5.031690 0.521270 -61.930103 -18.952680 21.036346 19.290158 -41.477684 -17.806489 -10.136879 -19.164448 5.413804 24.787527 -4.305128 2.909612 64.010702 0.649494 10.211159 -14.898018 19.742823 -16.660211 9.870712 9.718436 -4.144917 
-259.924500 -256.315857 99.600502 -32.095950 -0.220852 84.669762 0.579179 -1.946136 17.929034 -5.970926 -17.500117 17.796371 -1.931337 7.661420 -13.726049 nan nan nan -4.564685 -1.807735 -16.469696 4.774559 -5.714139 5.687774 8.516146 -4.233126 10.435016 nan nan nan -2.462738 -3.422264 -1.346947 5.961608 -3.996395 15.130367 -1.563937 -0.828007 -1.379573 -1.456077 2.493128 25.910735 -1.372092 -0.491347 20.422761 -23.897190 5.142508 0.722057 -61.918646 -18.291081 20.922791 19.558516 -41.600742 -17.591139 -10.398556 -19.045036 5.391942 24.722334 -4.133779 3.046434 63.890307 0.625829 9.931428 -14.708555 19.542422 -16.617373 9.734349 9.882595 -3.901007 
-260.599518 -257.080200 99.686737 -32.195667 -0.080184 84.701975 0.795082 -2.059574 17.502294 -6.381646 -16.912992 19.487402 -2.576443 7.296535 -12.852086 nan nan nan -4.419839 -1.639340 -16.343863 4.842903 -5.770408 6.314244 7.758788 -4.072681 11.247336 nan nan nan -2.024691 -3.454901 -1.632838 6.141861 -3.943366 15.509970 -1.615618 -0.842832 -1.544831 -1.428460 2.424062 26.105769 -1.882639 -0.707561 20.323216 -23.720616 5.321641 0.773368 -62.683537 -17.787070 21.055685 19.196818 -40.730986 -17.387593 -10.124873 -19.350267 5.059153 24.582030 -4.115226 2.957942 63.692427 0.776792 9.840651 -14.636998 19.199153 -16.827243 9.575252 9.981859 -3.441292 
-261.270081 -257.824005 99.725807 -32.268808 0.124417 84.761298 1.053985 -2.230148 17.040183 -6.851989 -16.473190 21.189350 -3.044181 7.166562 -12.008396 nan nan nan -4.223925 -1.572775 -16.277497 4.984537 -5.844013 7.193015 7.042428 -3.943831 11.074004 nan nan nan -1.323792 -3.324014 -1.769667 6.076900 -3.864432 15.564359 -1.759431 -0.870719 -1.556231 -0.922030 2.264140 25.351129 -2.274510 -0.472755 21.359361 -24.058645 5.506835 0.785540 -62.669729 -17.455208 21.102009 18.854159 -40.248979 -16.703299 -10.178041 -19.314146 4.874855 24.705768 -4.360657 2.780438 63.318521 0.811659 9.646996 -14.552400 19.255124 -16.931814 9.733933 9.607530 -2.837942 
-262.063599 -258.560059 99.842552 -32.464436 0.194051 84.634494 1.285766 -2.295589 17.042446 -7.199089 -15.745651 22.485170 -3.633490 6.838970 -11.142149 nan nan nan -4.010026 -1.441147 -15.849971 5.083189 -5.838810 7.817264 6.631279 -3.729363 10.820161 nan nan nan -1.135957 -3.356723 -1.684553 5.987015 -3.755244 15.461813 -1.611279 -0.875777 -1.493592 -1.291701 2.176838 26.451596 -2.237040 -0.962464 19.913455 -24.119159 5.916187 0.754470 -62.931938 -16.931182 20.910702 18.560851 -39.710375 -16.572231 -10.552717 -19.252295 5.441262 24.822022 -4.268488 2.934795 63.045755 1.117283 9.464755 -14.532219 18.805939 -17.038867 10.049655 9.613080 -2.640243 
-262.843018 -259.278198 99.956039 -32.451259 0.246924 84.531893 1.796318 -2.302826 16.318857 -7.855807 -14.667016 24.739506 -4.395605 6.117319 -9.837987 nan nan nan -3.822859 -1.404222 -15.278894 5.224935 -5.808675 8.209734 6.000632 -3.597326 10.435170 nan nan nan -1.077642 -3.309873 -1.922154 6.042332 -3.846550 16.106050 -1.549754 -0.949936 -1.790271 -0.313170 2.306851 25.554599 -2.821465 -0.697180 21.318617 -24.212094 6.158642 0.805245 -62.959461 -16.495981 21.053128 18.630605 -39.326151 -15.981074 -11.165646 -18.817574 5.437156 25.072395 -4.180069 2.996163 62.794308 1.433090 9.941492 -14.857497 18.338355 -17.553675 9.980994 9.655795 -3.049364 
-263.579407 -260.009338 100.063484 -32.614918 0.367671 84.621046 2.165921 -2.306235 15.708294 -8.198665 -13.526612 26.491990 -4.993658 5.735566 -8.627285 nan nan nan -3.575460 -1.379636 -15.039821 5.357836 -5.958140 8.733298 5.488493 -3.236705 10.070291 nan nan nan -0.744611 -3.095651 -2.145608 6.122607 -3.701338 16.060949 -1.525345 -1.094173 -1.819138 -0.615462 2.001174 26.504505 -3.044529 -1.242960 20.469165 -24.269515 6.344788 1.164034 -63.285317 -16.120110 20.878468 18.574102 -38.774236 -15.536297 -11.583662 -18.762103 5.574570 24.998731 -4.224810 2.985326 62.697317 1.483907 9.741329 -14.849985 18.065523 -17.331028 9.883181 9.831915 -3.041549 
-264.297302 -260.711884 100.183266 -32.886799 0.558377 84.796856 2.767474 -2.099653 14.239618 -8.724596 -12.110505 29.302646 -5.856633 5.106446 -6.683321 nan nan nan -3.231916 -1.019340 -14.922514 5.384824 -6.148302 9.291114 4.928960 -3.054264 9.598892 nan nan nan -0.192362 -3.062515 -2.283129 6.080586 -3.604024 15.868871 -1.588281 -0.948222 -1.822565 -0.037252 2.236568 26.408511 -3.326036 -1.335936 20.841954 -24.256795 6.650962 1.049188 -63.624423 -15.489233 20.774027 18.169541 -38.138474 -15.254481 -12.144270 -18.520534 5.978712 24.861263 -4.333067 3.149338 62.588407 1.685799 9.565730 -14.683891 17.976443 -17.468150 9.907791 9.740930 -2.763449 
-264.998291 -261.395233 100.333664 -33.102167 0.680604 84.738185 3.203330 -2.089650 13.307624 -9.150329 -10.849428 31.475891 -6.407541 4.851656 -4.582151 nan nan nan -2.972349 -0.627665 -14.467156 5.411439 -6.320010 9.707579 4.348902 -2.943511 9.135653 nan nan nan 0.113841 -3.000872 -2.238828 6.041426 -3.542134 15.979803 -1.495723 -0.868085 -1.817884 0.140052 2.122319 26.278371 -3.630493 -1.574736 20.960515 -24.526734 6.872995 1.143551 -63.646140 -15.129627 20.455841 17.888116 -37.624227 -14.912907 -12.652950 -18.146353 6.328815 24.989924 -4.325393 3.216185 62.354929 1.982239 9.312105 -14.981635 17.930186 -17.890934 10.251757 9.444889 -2.220243 
-265.684265 -262.084900 100.461929 -33.411841 0.595248 84.614593 3.236203 -2.236650 12.556870 -9.326699 -9.500062 33.331306 -6.057989 4.689245 -2.673113 nan nan nan -2.849710 -0.704034 -13.955891 5.405512 -6.312816 10.126964 3.895564 -2.479353 8.728216 nan nan nan 0.203375 -2.767815 -1.959997 5.950249 -3.371742 15.924144 -1.396841 -0.777729 -2.001092 -0.477307 1.703036 27.960120 -3.478441 -2.571522 18.796315 -24.253252 7.012533 1.119269 -64.183257 -14.463689 20.497711 17.645203 -36.883895 -14.356425 -12.707785 -17.990170 6.323839 24.667011 -4.265011 3.275952 62.539251 2.031875 9.076942 -14.900577 17.805666 -18.036265 10.203714 9.502985 -2.109083 
-266.357300 -262.803528 100.598923 -33.630697 0.617019 84.491651 3.335391 -2.557576 11.723643 -9.723895 -8.395032 35.141592 -5.663764 4.920701 -0.753801 nan nan nan -2.702251 -0.740777 -13.252946 5.627004 -5.939945 10.170706 3.215804 -2.541048 8.362579 nan nan nan 0.499138 -2.363259 -1.700412 5.945621 -3.206407 15.882567 -1.415263 -0.809778 -2.155764 0.835221 1.624978 26.215595 -4.017696 -1.919310 21.190471 -24.213695 7.051802 0.956002 -64.353274 -13.823928 20.737034 17.112924 -36.210021 -13.460743 -12.615269 -17.623617 5.875412 24.565264 -4.611515 3.016021 62.334283 2.060880 9.241869 -14.620746 17.801567 -18.251871 10.274713 9.154516 -2.004133 
-266.982208 -263.428406 100.715225 -33.693091 0.690854 84.601316 3.450652 -2.869473 10.156209 -9.980856 -7.305888 37.526672 -4.933706 5.243124 0.262659 nan nan nan -2.605721 -0.621401 -12.879795 5.777295 -5.930011 10.297557 2.954499 -2.458310 7.826532 nan nan nan 0.838823 -2.126819 -1.608298 5.867587 -3.318575 15.822892 -1.445882 -0.790028 -2.355247 0.679233 1.404816 26.655288 -3.861497 -2.077969 20.508467 -24.177283 7.301493 0.975516 -64.772493 -13.334797 20.518903 17.033904 -35.447755 -13.175010 -12.847972 -17.261309 6.002783 24.460879 -4.629625 3.009325 62.305005 2.233897 9.114546 -14.613740 17.749617 -18.193759 10.418652 9.154322 -2.186687 
-267.605377 -264.023193 100.813004 -33.553683 0.895211 84.778584 3.621218 -3.232127 8.440164 -9.988834 -6.379948 39.948421 -4.597745 6.208224 0.393430 nan nan nan -2.365378 -0.642395 -12.490796 5.949635 -5.879001 10.337906 2.714808 -2.498746 7.190840 nan nan nan 1.173001 -1.954686 -1.714722 5.845576 -3.642811 15.692256 -1.329834 -0.816933 -2.144764 0.280863 1.147902 26.714641 -3.633936 -1.814907 20.110100 -24.019860 7.007255 1.791198 -65.242143 -13.045952 19.706889 17.155331 -34.966257 -13.217079 -12.679887 -17.030129 5.989035 24.031556 -4.182627 3.212413 62.479773 2.444812 8.570779 -14.550340 17.876671 -18.190235 10.160272 9.399243 -2.273254 
-268.254242 -264.632263 100.927696 -33.658317 0.992773 84.662878 3.623327 -3.495742 7.254810 -9.867793 -5.337562 41.988078 -4.184591 7.670997 -0.238267 nan nan nan -2.095977 -0.653938 -11.745521 6.008473 -5.555010 10.282578 2.525454 -2.620026 6.578018 nan nan nan 1.233337 -1.745546 -1.687894 5.941419 -3.817898 15.967560 -1.330531 -0.500591 -2.116066 0.408851 0.781545 26.284699 -3.420486 -1.471476 20.347508 -24.319709 7.082050 1.297239 -65.132301 -12.454343 19.995371 16.663669 -34.340507 -12.091166 -12.371087 -16.875535 5.111416 24.102176 -4.107047 2.999128 62.246891 2.505825 8.719611 -14.561622 18.013013 -18.387786 9.628588 9.531233 -2.758562 
-268.870087 -265.231689 101.025040 -33.759751 1.004622 84.728554 3.651469 -3.698090 5.800354 -9.724319 -4.292301 43.939510 -3.979865 8.801005 -1.146348 nan nan nan -1.919693 -0.642122 -11.216456 6.022260 -5.284552 10.231392 2.426387 -2.700608 6.045327 nan nan nan 1.365169 -1.416457 -1.493163 5.945435 -4.004813 15.692959 -1.307427 -0.482374 -2.070086 0.223571 0.538953 26.412272 -3.265100 -1.383663 20.012068 -24.493262 7.515185 1.660063 -64.968466 -12.337109 19.551274 15.947028 -34.018016 -11.003180 -12.413717 -16.511624 5.108046 23.956026 -4.056729 3.109870 62.174071 2.732217 8.551077 -14.529357 18.262548 -18.009311 9.425218 9.552395 -2.904411 
-269.469635 -265.806946 101.101585 -33.712312 1.017332 84.858208 3.719916 -3.796967 4.181803 -9.764360 -3.640308 45.973128 -3.308878 9.906745 -2.027584 nan nan nan -1.846996 -0.671883 -10.788379 6.285788 -4.731934 10.132143 2.187275 -3.267104 5.579781 nan nan nan 1.381398 -1.159419 -1.085735 6.052682 -4.150116 14.839405 -1.321890 -0.303882 -1.848964 -0.560545 -0.176390 26.800249 -2.673474 -0.980559 19.412829 -24.625462 7.778839 1.952288 -64.166250 -12.504855 20.001544 14.382148 -33.448981 -5.985815 -11.724020 -15.804306 2.136953 23.969190 -4.224508 2.702551 61.906283 2.484667 8.686400 -14.347864 18.575154 -17.016969 8.785988 9.379408 -4.401898 
-270.262390 -266.517517 101.213715 -33.779175 1.111591 84.637910 4.014690 -3.330872 3.297168 -9.441303 -3.169826 47.506541 -3.097686 10.355210 -2.367645 nan nan nan -1.486535 -0.879359 -9.650720 6.328025 -4.225960 9.715887 1.825177 -3.358312 5.052642 nan nan nan 1.405502 -0.797853 -1.086923 6.089185 -4.235920 15.165000 -1.337858 -0.279755 -1.983219 -0.423836 -0.619680 26.862550 -2.589856 -0.973626 19.388678 -24.832185 8.052808 2.232529 -63.766679 -12.249029 19.653636 13.694859 -33.227613 -4.535537 -11.579838 -15.473870 1.405011 24.087286 -4.168427 2.615818 61.601799 2.409193 8.580384 -14.055015 18.815550 -16.959304 8.428585 9.579826 -4.831027 
-270.904175 -267.127594 101.332939 -33.698784 0.924476 84.609013 3.995055 -3.400851 1.980781 -9.347495 -2.303156 48.895556 -2.162061 10.843210 -2.478399 nan nan nan -1.610606 -1.159440 -8.962400 6.477377 -3.940097 9.546350 1.662891 -3.345402 4.671611 nan nan nan 1.142948 -0.307371 -0.982561 6.228018 -4.220153 15.147962 -1.367076 -0.217637 -1.993435 -0.413444 -1.132609 26.889947 -2.062321 -0.977368 19.127561 -24.732604 8.837326 2.788590 -63.544922 -13.140499 19.278130 11.966622 -32.554762 -2.984852 -11.818768 -14.831684 1.880388 24.409342 -4.824975 2.495736 61.232532 2.702375 8.213135 -14.017967 19.294882 -16.845225 8.635104 9.264494 -4.349817 
-271.504181 -267.742706 101.443703 -33.670649 0.745733 84.462722 4.171699 -3.410705 0.851687 -9.097704 -1.070724 49.943670 -1.417177 10.977795 -2.249643 nan nan nan -1.670117 -1.312293 -8.104161 6.421787 -3.663821 9.310677 1.629785 -3.287476 4.276177 nan nan nan 0.890048 0.071535 -0.691621 6.261146 -4.374368 15.240403 -1.303490 -0.186646 -2.131689 -0.263718 -1.459107 26.782810 -2.004730 -1.097657 19.274140 -24.590372 8.850269 3.206603 -63.627774 -13.108988 19.085863 11.580369 -31.773115 -2.362725 -11.961670 -14.598104 1.723186 24.438662 -4.854370 2.540354 61.107213 2.891878 8.194007 -14.185182 19.691527 -16.840312 8.735111 9.114313 -4.369544 
-272.051331 -268.349335 101.544693 -33.649025 0.595800 84.519640 3.997525 -3.807203 -0.650139 -8.940487 -0.100700 51.222291 -0.840177 11.728522 -2.540566 nan nan nan -1.840660 -1.158483 -7.533349 6.536733 -3.650343 9.122081 1.463073 -3.428962 3.872051 nan nan nan 0.867407 0.431111 -0.672514 6.153997 -4.458080 15.303529 -1.241532 -0.208681 -2.120918 -0.350483 -1.805552 26.844316 -1.766707 -0.946279 18.968097 -24.572870 8.660873 3.452151 -63.710257 -12.813431 18.920472 11.507331 -30.991354 -2.130950 -11.895438 -14.287447 1.648004 24.237325 -4.527111 2.459639 61.084909 2.820598 8.260339 -14.107001 19.958709 -16.968112 8.676137 9.116820 -4.816302 
-272.710846 -268.958710 101.715118 -33.893444 0.381421 84.175265 3.921482 -4.071699 -1.342594 -8.997153 0.758870 51.796405 -0.591015 12.131708 -3.149055 nan nan nan -1.898666 -0.911776 -6.401896 6.517452 -3.476332 8.729006 1.448252 -3.514550 3.523275 nan nan nan 0.480966 0.842481 -0.189659 6.239366 -4.421136 15.504134 -1.123574 -0.135214 -2.226771 0.081301 -1.901112 26.496891 -1.724509 -0.980991 19.171474 -24.549419 9.048795 3.194095 -63.792153 -12.768226 19.186029 11.065375 -29.881952 -1.437899 -11.962461 -14.265614 1.647328 24.385115 -4.632877 2.260648 60.827544 3.052421 8.649464 -14.179154 20.277357 -17.002582 8.243031 9.320524 -4.791748 
-273.236450 -269.515411 101.800140 -33.829521 0.373012 84.350976 3.737397 -4.498741 -3.025503 -9.065391 1.068688 52.961654 -0.454582 12.783583 -4.081367 nan nan nan -1.845974 -0.833087 -5.961450 6.627312 -3.374959 8.491238 1.322726 -3.684575 3.095072 nan nan nan 0.514004 0.993163 -0.170210 6.238027 -4.544843 15.264072 -1.038555 -0.071645 -1.958722 -0.047157 -2.077033 26.190348 -1.681359 -0.828826 19.172316 -24.552637 9.063869 3.313482 -63.885632 -12.556856 18.924618 10.785507 -29.077990 -1.054565 -12.286440 -14.068469 1.744079 24.213557 -4.590137 2.130502 60.747229 3.223082 8.475381 -14.139252 20.675694 -16.701931 8.248020 9.334789 -4.771516 
-273.794128 -270.093475 101.886414 -34.116920 0.117903 84.384075 3.560543 -4.677459 -4.367221 -9.001541 1.899634 53.635040 -0.179049 12.943860 -4.595112 nan nan nan -1.860208 -1.016329 -5.334860 6.451889 -2.886509 8.246357 1.333813 -3.626015 2.711121 nan nan nan 0.360044 1.368237 -0.035737 6.112200 -4.548251 15.099279 -1.071885 0.046016 -1.822356 0.051644 -2.221086 26.119500 -1.685593 -0.905653 19.235545 -24.374429 9.159243 3.358979 -63.972373 -12.109842 18.903634 10.674308 -28.528502 -0.649044 -12.591562 -13.743909 1.655822 24.112179 -4.412658 2.188753 60.856847 3.402103 8.672993 -14.299836 20.911693 -16.839939 8.184046 9.378275 -5.084885 
-274.373810 -270.648529 102.018425 -34.283623 -0.073037 84.428708 3.547489 -5.419451 -5.966989 -8.886886 3.037786 54.345023 -0.528802 13.043501 -4.485808 nan nan nan -1.917109 -1.099469 -4.703622 6.447820 -2.585000 8.001592 1.530578 -3.597937 2.432118 nan nan nan 0.167877 1.699300 0.245818 6.045055 -4.544260 14.610831 -1.035158 0.153257 -1.573742 0.215294 -2.368438 25.949331 -1.751985 -1.003034 19.666572 -24.340091 9.366858 3.201251 -64.115890 -11.720867 19.008888 10.818931 -27.570375 -0.601136 -13.918294 -12.620343 1.906783 24.259751 -4.393166 2.168439 60.756966 3.586315 8.830917 -14.625707 21.206653 -17.240183 8.719171 9.029729 -4.495627 
-274.938477 -271.276855 102.143303 -34.525930 -0.361720 84.412855 3.329916 -6.094566 -7.117346 -8.779179 3.990789 54.414728 -0.516171 13.098442 -4.401588 nan nan nan -2.143149 -0.974659 -3.916573 6.395887 -2.726504 7.724681 1.819909 -3.193938 1.997395 nan nan nan -0.109381 1.991136 0.032209 5.892475 -4.480744 15.506648 -0.918847 0.189335 -1.999696 0.459345 -2.380852 26.276480 -1.918956 -1.524338 19.116807 -24.420424 9.715115 3.079095 -64.973280 -11.366077 18.214450 11.797432 -26.452383 -3.709847 -15.490120 -11.393146 4.780161 24.159001 -4.261877 2.410906 60.804724 4.077015 8.758685 -14.831375 21.443932 -17.865655 9.570873 8.895716 -3.092394 
-275.520081 -271.926147 102.308250 -35.032011 -0.912906 84.448871 2.800033 -6.204071 -8.092654 -8.694563 4.627257 54.078315 0.084651 13.138208 -4.111711 nan nan nan -2.586852 -0.891304 -3.206497 6.288134 -2.422054 7.465862 2.017676 -2.927801 1.549335 nan nan nan -0.600063 2.309937 -0.285705 5.635113 -4.433895 16.372630 -0.887152 0.406993 -2.409671 0.289874 -2.394263 26.634058 -1.658483 -1.441478 18.767396 -24.113634 9.733915 3.467827 -65.217676 -10.684972 17.783192 12.295195 -26.501811 -4.796019 -16.252163 -10.687753 5.317870 24.186535 -3.941533 2.983135 60.936931 4.590647 8.880729 -15.235934 21.755257 -18.339291 9.771782 8.798066 -2.991143 
-276.258423 -272.573730 102.413277 -35.494596 -1.060520 84.452830 2.879749 -5.321230 -9.144567 -8.493441 4.698763 54.062063 0.446099 12.697662 -4.397154 nan nan nan -2.323773 -1.024152 -2.324467 5.920667 -1.737917 6.949520 2.003343 -2.897165 1.318132 nan nan nan -0.873607 2.801190 -0.659622 5.674062 -4.532260 16.650609 -0.981295 0.509727 -2.305064 0.486247 -2.348592 26.517436 -1.602097 -1.094122 19.151119 -24.211148 10.006002 3.480607 -64.942613 -9.959649 17.764361 12.337388 -26.673274 -3.960597 -15.031552 -10.258162 4.904594 24.504546 -3.872797 3.112458 60.763801 4.803359 9.346558 -15.495710 22.170131 -18.396963 8.574194 9.035129 -4.150675 
-276.829285 -273.174683 102.431946 -35.860692 -1.084882 84.538836 2.949679 -5.110437 -10.287812 -8.385187 4.949623 53.781041 0.515122 12.450774 -4.887545 nan nan nan -2.232560 -1.042642 -1.831910 5.904082 -1.427087 6.787087 2.094232 -2.836256 0.968240 nan nan nan -0.701951 3.234221 -0.453730 5.565949 -4.523676 16.117485 -1.140517 0.584550 -1.965340 0.229769 -2.496504 27.018168 -1.446423 -1.223729 18.373348 -23.956981 10.365080 3.459546 -65.087401 -9.326396 17.761650 12.327252 -26.744864 -3.012354 -14.529154 -10.051097 4.297771 24.266046 -3.910840 3.055515 61.152434 4.875177 9.525782 -15.815867 22.785150 -18.073979 7.685473 9.435515 -4.812085 
-277.315094 -273.808105 102.434685 -36.257420 -1.323107 84.812581 2.665955 -5.403564 -11.741816 -8.196804 5.401135 53.420711 0.477201 12.309925 -4.754329 nan nan nan -2.462670 -0.988407 -1.542754 5.930246 -1.160871 6.592626 2.194958 -2.748343 0.639430 nan nan nan -0.527704 3.691416 -0.410649 5.233787 -4.442112 15.720559 -1.318910 0.613297 -1.844432 0.171877 -2.649919 27.049550 -1.391328 -1.177092 18.255677 -23.831925 10.681038 3.439781 -65.094563 -8.554975 17.685365 12.511232 -26.877355 -2.548035 -14.928505 -9.891524 4.153762 24.107516 -3.987557 2.962142 61.453726 4.917290 9.685683 -16.010947 23.159330 -18.143638 7.824141 9.441458 -5.115099 
-278.005249 -274.359283 102.449448 -36.508307 -1.275789 84.685832 3.023161 -5.093260 -12.400878 -8.275847 5.598449 52.571292 0.653647 12.181799 -5.399690 nan nan nan -2.136843 -1.032261 -0.621731 5.724795 -0.680199 6.147290 2.365460 -2.850713 0.292304 nan nan nan -0.568908 4.053273 -0.028938 5.190654 -4.383868 15.275388 -1.249837 0.633576 -1.515725 0.307865 -2.650827 27.020848 -1.442466 -1.290626 18.107709 -23.563358 10.839447 3.403957 -65.375575 -8.105737 17.603399 12.588474 -26.368855 -1.971474 -14.771425 -10.032707 3.583465 23.952776 -4.036951 2.796459 61.657352 4.995844 9.844044 -16.083240 23.630535 -17.641733 7.480372 9.662329 -5.854130 
-278.647675 -274.988892 102.508667 -36.618600 -1.188751 84.332503 3.192515 -4.823019 -12.760742 -8.294056 5.535291 51.643087 0.568733 12.032106 -6.027132 nan nan nan -2.030688 -0.560888 0.564190 5.835772 -0.914905 5.698047 2.659051 -2.884988 -0.176548 nan nan nan -0.366224 4.235239 0.661321 5.081192 -4.286577 14.710818 -1.191645 0.613412 -1.162666 0.188774 -2.577482 27.453748 -1.418242 -1.481662 17.390444 -23.077348 10.731294 3.396396 -66.264394 -7.981788 17.689755 12.950213 -24.674024 -1.686315 -14.503541 -10.886573 2.894225 23.632266 -3.865202 2.603413 61.891838 5.011792 9.855653 -16.050833 23.905560 -17.104118 7.033919 10.146215 -6.301079 
-279.043213 -275.589752 102.532593 -37.522622 -1.594560 84.855740 2.834704 -4.640979 -14.022179 -8.149553 6.231813 50.623972 0.822206 11.891730 -6.994714 nan nan nan -2.442361 -1.164307 0.468563 5.662980 -0.029994 5.561358 2.943925 -2.319373 -0.407719 nan nan nan -0.192839 4.793123 0.300361 4.657298 -4.078828 14.727767 -1.498316 0.821407 -1.273325 0.164207 -2.561077 27.427746 -1.290378 -1.226425 17.481367 -23.269725 10.911192 3.266612 -65.989293 -7.206309 17.572745 13.238926 -24.698751 -2.009170 -14.727198 -10.781153 2.834595 23.685255 -3.828926 2.729661 61.890128 5.226863 10.016915 -16.147319 24.124058 -17.251737 7.090969 10.258617 -6.355345 
-279.611664 -276.214111 102.553337 -38.012457 -1.846477 84.954600 2.659533 -4.507606 -14.627450 -8.271530 6.460505 49.248039 1.036786 11.962888 -8.123500 nan nan nan -2.660371 -1.663117 1.064030 5.514461 0.795133 5.263751 3.210459 -2.017750 -0.616385 nan nan nan -0.283475 5.303978 0.120512 4.513185 -4.042338 14.961358 -1.623660 0.901134 -1.279028 0.758150 -2.499397 26.407651 -1.497205 -0.925398 18.714259 -23.246393 11.308538 3.261179 -65.880171 -6.787559 17.465825 13.141213 -25.052551 -2.485606 -14.835696 -10.311492 2.526901 23.804108 -4.039516 2.891170 61.824630 5.503986 10.201411 -16.355791 24.821585 -17.741151 6.931006 10.157235 -6.654772 
-280.205597 -276.861786 102.588600 -38.567338 -2.153208 85.030609 2.374409 -4.412965 -15.124310 -8.303533 6.605967 47.628651 1.410743 12.267251 -8.682916 nan nan nan -2.912528 -1.817651 1.707264 5.353522 1.533100 4.949507 3.400195 -1.859682 -0.823276 nan nan nan -0.475767 5.629814 -0.135558 4.292878 -3.868465 15.613228 -1.785687 1.043962 -1.652753 2.089344 -2.090192 24.762696 -1.890363 -0.573699 20.861408 -24.082762 11.626408 2.821149 -64.016614 -5.449529 18.118610 11.802423 -24.251820 3.970547 -12.902087 -12.256999 7.980043 24.404766 -4.211793 2.616677 61.262436 5.496417 10.460107 -16.006865 25.173562 -17.726803 5.424841 11.556953 -6.943549 
-280.727295 -277.473389 102.536018 -38.986843 -2.174241 85.121862 2.322691 -4.322103 -16.091160 -8.005521 6.672530 46.557494 1.222936 12.578985 -8.911401 nan nan nan -2.943466 -1.671326 2.269620 5.305775 1.396636 4.701225 3.784685 -1.434302 -1.292945 nan nan nan -0.516627 5.860984 0.035075 4.096595 -3.775103 15.199419 -1.460727 1.326227 -1.630855 2.776787 0.479293 27.800527 1.677301 1.643463 13.405813 -24.298729 11.395919 2.607445 -63.529537 -3.800472 18.040764 11.065531 -24.506513 7.379996 -11.051089 -13.540482 9.080457 23.454621 -4.120617 2.805851 61.647528 5.580060 9.500654 -14.995055 25.547808 -16.172647 4.392507 12.761795 -7.811576 
-281.408722 -278.155273 102.561226 -39.493017 -2.103647 84.707096 2.457499 -3.791543 -15.944573 -8.035171 6.528293 44.841182 0.668284 13.070537 -8.652219 nan nan nan -2.879235 -1.539733 3.733193 5.426295 1.427457 4.043806 4.025445 -1.096327 -1.789348 nan nan nan -0.337460 6.169037 0.352603 3.971960 -3.550162 15.267076 -1.438518 1.374294 -1.422261 3.467281 1.148870 28.022720 1.783040 1.722726 12.236167 -24.100618 11.415465 2.665570 -63.691419 -3.317522 17.595130 11.025903 -24.149970 7.690022 -11.293014 -14.089229 9.520912 23.101692 -3.898541 2.828121 61.953312 5.651826 9.009829 -14.885015 25.984544 -16.066801 4.527459 13.081371 -7.723168 
-281.951416 -278.769379 102.541557 -39.573623 -2.321114 84.721461 2.143061 -3.925449 -16.629219 -7.797177 6.629955 43.494013 3.097298 13.653120 -9.368583 nan nan nan -3.123437 -1.628887 4.356645 5.438492 1.840586 3.859622 4.170393 -1.240340 -2.051681 nan nan nan -0.443905 6.538518 0.579710 3.824184 -3.676712 15.195434 -1.543013 1.230120 -1.613087 3.848428 1.241868 27.278019 1.755167 2.178360 13.154274 -23.763779 11.676835 2.855618 -63.873272 -2.956126 17.229368 11.053786 -23.987402 7.069297 -11.488930 -13.771771 8.605283 23.105057 -4.023707 2.910268 62.231629 5.807925 9.386331 -15.455243 26.444333 -16.371890 4.780815 12.787244 -8.127783 
-282.441284 -279.360931 102.536362 -39.733903 -2.172876 84.527760 2.279019 -4.019543 -16.839057 -7.737528 6.692489 41.528048 4.041116 13.743476 -9.883884 nan nan nan -3.019632 -1.837276 5.408588 5.510528 2.962941 3.255628 4.027357 -1.829633 -1.865220 nan nan nan 0.019193 6.739402 0.992026 3.918528 -3.805465 15.048879 -2.060618 1.123283 -1.232861 2.997823 -2.272024 22.629129 -3.059144 0.216507 23.508374 -23.371269 12.268889 2.934541 -65.468634 -4.338937 16.441564 13.231661 -23.351312 -1.535467 -14.288502 -10.441997 2.706333 23.712562 -4.248091 2.737601 61.807641 6.259103 10.821014 -16.623302 27.096385 -18.209007 6.032187 10.620603 -7.365501 
-282.977783 -279.993744 102.510193 -40.458501 -2.237586 84.548786 2.270705 -3.580123 -17.051350 -7.690352 6.828050 39.357804 3.718656 13.824715 -10.910830 nan nan nan -3.095717 -1.683931 6.019164 5.413356 3.537647 3.254279 4.534849 -1.610524 -2.273478 nan nan nan 0.102374 7.084957 1.001143 3.833370 -3.555431 15.235240 -2.100321 1.323016 -1.249668 3.082301 -2.252123 22.457245 -3.212015 0.286544 23.447808 -23.446162 12.243354 2.815051 -65.622462 -3.809008 16.542205 13.593128 -23.129774 -1.507672 -14.212154 -10.030833 2.094091 23.654246 -4.066318 2.722606 61.589992 6.295378 11.002648 -16.632009 27.532146 -18.228068 5.796487 10.753553 -8.015252 
-283.566589 -280.627777 102.470947 -40.704608 -2.416769 84.511761 2.118344 -3.550247 -17.284460 -7.250048 7.404746 37.152557 3.733704 14.003896 -10.063312 nan nan nan -3.313213 -1.802888 6.861794 5.332893 3.770920 2.721958 4.803082 -1.563791 -2.667392 nan nan nan 0.070207 7.316998 1.146172 3.600813 -3.567851 15.286816 -2.171565 1.423628 -1.344884 2.909804 -2.258972 22.636830 -3.044335 0.365810 23.174351 -23.348805 12.328858 2.726306 -65.655479 -3.285025 16.436080 13.791819 -22.736444 -1.129815 -14.337881 -10.010406 1.817260 23.661645 -4.198778 2.661156 61.662231 6.482675 11.066261 -16.653249 27.805407 -18.132910 6.141694 10.779104 -7.730662 
-284.139435 -281.240295 102.376358 -40.623946 -2.404568 84.652739 1.980188 -3.030281 -17.825257 -6.862849 7.331772 35.114503 3.508141 14.069781 -9.379350 nan nan nan -3.289896 -2.013368 7.494804 5.252152 4.167956 2.233883 4.901630 -1.894733 -3.089184 nan nan nan 0.124164 7.399343 1.333552 3.470441 -3.683363 14.636963 -2.184980 1.499822 -1.003861 2.319933 -2.294793 23.009848 -2.380256 0.555739 22.425779 -23.340564 12.166387 2.744091 -64.793325 -3.217947 16.850328 12.373723 -21.992502 1.615755 -14.215649 -10.342322 -0.071123 23.697403 -4.398180 2.376425 61.563242 6.407543 11.069494 -16.455218 28.339110 -17.517279 5.802541 10.787248 -8.228753 
-284.786530 -281.876801 102.324364 -40.875742 -2.489184 84.511629 1.928368 -2.902214 -17.573384 -6.697854 7.198408 32.408558 3.772215 14.197309 -8.878235 nan nan nan -3.378552 -2.169750 8.458335 5.120262 4.575549 1.817908 5.120743 -1.831282 -3.448650 nan nan nan -0.049418 7.663927 1.484182 3.478808 -3.700407 14.626798 -2.065692 1.643564 -0.690628 2.364102 -2.185285 22.452219 -2.357767 0.630589 22.651275 -23.522995 12.252536 2.792248 -64.488125 -2.960550 16.668506 11.991255 -22.202742 1.975025 -13.487666 -10.991002 -0.653541 23.885508 -4.522314 2.313128 61.369520 6.620424 11.021047 -16.657257 28.982663 -17.836241 5.356391 11.032073 -8.007317 
-285.311310 -282.503204 102.196266 -40.896288 -2.332153 84.484191 1.987965 -2.877696 -17.697441 -6.297519 7.278497 29.997595 4.039578 14.212624 -8.257963 nan nan nan -3.248099 -2.259636 9.207674 5.076171 4.614508 1.524337 5.148243 -1.702627 -3.524183 nan nan nan 0.047950 7.706676 1.550281 3.501548 -3.781498 14.642537 -2.024159 1.685601 -0.735526 2.230803 -2.245332 22.563693 -2.499778 0.652035 22.492461 -23.322861 12.147239 3.009196 -64.769047 -2.163889 16.638945 12.061791 -23.200998 1.994616 -13.336945 -12.222056 -1.949678 23.452769 -4.285854 2.313418 61.553243 6.629829 11.301032 -16.768140 29.223959 -17.550115 5.106517 11.322830 -8.633127 
-285.806396 -283.154755 102.087852 -41.204039 -2.408937 84.459613 1.805174 -2.811433 -17.579991 -6.330405 6.521989 26.921025 4.956655 14.455981 -7.260595 nan nan nan -3.440495 -2.280599 9.847742 5.087969 4.938197 1.399517 5.210958 -1.696744 -3.708924 nan nan nan 0.075679 7.733895 1.543510 3.371399 -3.823776 14.992955 -2.177859 1.850850 -0.982611 1.983506 -2.452900 22.550191 -2.449144 1.080341 22.536430 -23.155171 12.078707 3.055314 -64.967761 -1.217126 16.613716 12.363493 -24.266895 1.726567 -12.970050 -11.586398 -3.675383 23.216852 -3.983019 2.560735 61.711929 6.865503 11.610437 -16.935890 29.481350 -17.607343 4.813924 11.049870 -9.352768 
-286.376404 -283.789490 101.978264 -41.569831 -2.423636 84.592154 1.770242 -2.460476 -17.542634 -6.124460 6.208284 24.190554 5.018874 14.436799 -6.972358 nan nan nan -3.452586 -2.198076 10.321574 4.932383 5.230544 1.287646 5.550118 -1.649599 -4.303113 nan nan nan 0.224839 8.196633 1.593969 3.148641 -3.665978 14.930301 -2.279664 1.626715 -1.156432 2.257837 -2.451759 22.340752 -2.384217 1.136726 22.850731 -23.009612 12.375027 2.971907 -64.781125 -0.526618 16.795639 12.280121 -24.914861 1.837975 -12.894122 -11.430722 -4.653990 23.380867 -4.066712 2.504216 61.582005 6.815640 12.095328 -16.994763 29.877941 -17.691085 4.594917 11.133944 -10.399384 
-286.904572 -284.448029 101.824234 -41.940474 -2.541294 84.111024 1.511304 -2.108686 -16.946370 -5.652670 6.435528 21.641471 5.029432 14.310314 -6.503201 nan nan nan -3.773848 -2.145497 11.535419 4.948347 5.372858 1.109220 5.919480 -1.451898 -4.711447 nan nan nan 0.252159 8.231066 2.468016 2.956472 -3.533387 14.602151 -2.328498 1.773795 -0.972403 2.182959 -2.364239 22.601841 -2.375512 0.969995 22.101656 -22.744490 12.808982 2.685928 -64.927943 -0.166889 16.894443 12.165681 -24.803986 2.186126 -13.147391 -12.021137 -5.155271 23.268389 -4.157665 2.302121 61.702185 6.969837 12.541865 -17.286447 30.343781 -18.032218 4.847473 11.410625 -11.387856 
-287.407959 -285.056610 101.663620 -42.274575 -2.471336 84.481192 1.488804 -1.855174 -17.412349 -5.081953 6.686328 19.301730 5.003874 14.182028 -5.523923 nan nan nan -3.757059 -2.491365 11.620776 4.768028 5.741855 1.158187 6.217143 -1.154800 -5.132317 nan nan nan 0.397607 8.269851 2.088536 2.677757 -3.442887 15.014546 -2.471922 1.847646 -1.341929 2.936500 -1.658043 22.278950 -2.152778 0.768408 22.256447 -23.286125 12.819529 2.438090 -62.952726 1.286369 17.751674 9.756803 -22.504216 11.540512 -12.130442 -14.131278 3.681114 23.602382 -4.145232 1.987534 61.336206 6.850790 12.329306 -16.774915 30.576178 -17.810181 4.033798 13.312932 -11.061023 
-288.013794 -285.750000 101.546387 -42.621529 -2.480596 84.598281 1.392408 -1.530704 -17.295236 -4.738928 6.550910 16.661940 4.929335 14.069700 -5.046570 nan nan nan -3.811129 -2.542305 12.153233 4.608906 6.082434 0.996166 6.594449 -0.968455 -5.438349 nan nan nan 0.260659 8.412376 1.845299 2.671470 -3.349297 15.082525 -2.391861 1.967130 -1.275060 2.864357 -1.543559 22.354022 -2.181586 0.568744 22.125835 -23.046958 12.786302 2.589502 -62.945698 1.741185 18.044068 8.950118 -22.125533 14.228147 -11.346422 -14.241938 5.626997 23.495261 -4.066072 2.172764 61.235072 6.957057 12.314495 -16.699538 30.858474 -17.682381 3.573967 13.592028 -11.033947 
-288.511658 -286.429962 101.393929 -42.488454 -2.532318 84.646123 1.311399 -2.283964 -17.024499 -4.319435 3.743015 13.647951 5.855649 13.885841 -4.314262 nan nan nan -3.967041 -2.619775 12.684873 4.658561 6.364792 0.922200 6.589925 -1.330990 -5.764420 nan nan nan 0.065373 8.443293 1.892207 2.657320 -3.455453 15.002719 -2.314168 1.948875 -1.225205 2.454134 -1.793257 22.053026 -1.704371 1.084056 22.126807 -23.071807 12.814699 2.640629 -62.948171 2.025323 17.935652 8.699424 -22.571123 14.376409 -10.386028 -12.834440 5.625807 23.410263 -4.116908 2.210939 60.978768 7.098708 12.519502 -16.524633 31.370617 -17.392787 3.400043 13.114433 -11.401461 
-289.039246 -287.114990 101.251205 -42.554323 -2.388933 84.544938 1.171808 -2.030623 -16.691184 -3.819794 3.030540 11.080617 5.777088 13.841577 -3.750157 nan nan nan -3.929568 -2.731731 13.423562 4.655038 6.572935 0.841407 6.674212 -1.398067 -6.178042 nan nan nan 0.208002 8.371029 1.863873 2.585268 -3.469932 15.282736 -2.348508 2.076864 -1.227033 2.316300 -1.965315 21.882173 -1.628948 1.281156 21.985324 -23.365401 12.951770 2.615196 -62.617463 2.463238 17.559521 8.635376 -23.537729 14.138366 -10.411967 -11.829306 6.084105 23.417731 -4.078318 2.342589 60.770181 7.341597 12.452107 -16.481840 31.759092 -17.494717 3.599729 12.850995 -11.238472 
-289.730560 -287.795288 101.093040 -42.325502 -2.385679 84.481091 0.659444 -1.160944 -16.584003 -3.071962 3.349742 7.830403 6.439529 15.676328 -10.890240 nan nan nan -3.877694 -3.092251 14.398221 4.298385 6.984248 0.399118 7.764849 -1.575299 -6.593371 nan nan nan 0.087699 8.603745 2.075680 2.601143 -3.633722 14.762989 -2.431945 1.827785 -0.914425 2.660262 -1.691964 21.726128 -1.514548 1.316707 21.748262 -23.177227 13.477048 2.424027 -62.517352 2.516039 17.524480 8.487971 -23.374442 14.047666 -10.655648 -12.179007 6.265353 23.626021 -4.281976 1.939005 60.896522 7.217819 12.846058 -16.558236 31.723759 -16.899048 3.088272 13.264204 -11.964356 
-290.357208 -288.477661 100.939468 -42.586795 -2.268554 84.474074 0.776691 -1.180128 -16.359251 -2.637612 2.879561 5.799422 6.363964 15.648386 -10.708160 nan nan nan -3.775420 -3.121399 15.048319 4.141401 7.258722 0.290341 8.019980 -1.481732 -6.938499 nan nan nan 0.023178 8.690097 1.948854 2.645428 -3.582606 14.849457 -2.376115 1.972950 -0.811033 2.538945 -1.685691 21.629408 -1.362599 1.307179 21.587653 -23.393740 13.579708 2.311520 -62.325191 2.755826 17.416309 8.396637 -23.457289 14.211010 -10.186042 -12.168812 6.487346 23.755939 -4.301307 2.011541 60.682638 7.339159 12.742645 -16.642388 32.025853 -16.933561 2.726248 13.399334 -11.790376 
-290.942261 -289.180359 100.777145 -42.920965 -2.291651 84.454830 0.856980 -1.518404 -16.034062 -2.500004 2.035593 3.557116 6.398933 15.361804 -10.021180 nan nan nan -3.937641 -3.132153 15.580553 4.150748 7.535312 0.513069 8.192226 -1.321168 -7.369015 nan nan nan -0.054600 8.941519 1.918835 2.581656 -3.480440 15.004006 -2.339495 2.073239 -0.867863 2.438233 -1.686677 21.529134 -1.134348 1.328147 21.334431 -23.444505 13.522020 2.382720 -62.219565 2.933846 17.281998 8.365028 -23.470692 14.302960 -9.881721 -12.243407 6.630655 23.710894 -4.333508 2.037520 60.660528 7.386885 12.652758 -16.622447 32.189290 -16.873728 2.668542 13.530530 -11.629021 
-291.571899 -289.875488 100.575081 -43.102277 -2.334690 84.211572 0.873929 -1.570028 -15.438268 -2.191509 1.629292 1.719569 6.432470 15.142133 -9.376513 nan nan nan -4.097641 -3.210043 16.470787 4.085767 7.847489 0.645671 8.303419 -1.171934 -7.793455 nan nan nan -0.180513 9.180039 1.902961 2.384843 -3.483681 15.441319 -2.417747 1.887966 -1.006113 2.853535 -1.664411 21.135607 -1.160560 1.364656 21.704579 -22.886902 13.640478 2.426497 -62.600947 3.153643 17.256363 8.617977 -23.492987 14.309865 -9.923368 -12.201128 6.540621 23.812889 -4.146496 2.074393 60.848464 7.589480 13.092052 -16.904003 32.071307 -17.058622 2.873664 13.599700 -11.732970 
-292.075623 -290.456329 100.388916 -42.993064 -2.314745 84.058493 0.848820 -1.963632 -15.283947 -1.795673 0.943796 0.300223 6.549695 15.193743 -8.646572 nan nan nan -3.955749 -3.122487 17.138159 3.769130 8.454840 0.558081 8.180003 -1.563260 -8.088522 nan nan nan -0.277860 9.545457 1.743546 2.357921 -3.505606 16.257192 -2.328767 1.816370 -1.140097 2.948919 -1.993933 20.433745 -0.988711 1.423256 21.887421 -22.924413 13.502166 2.190879 -62.500949 2.833111 17.480364 8.458815 -23.260206 14.994395 -10.068979 -11.401362 6.794555 23.877935 -4.377730 1.720165 60.861077 7.783631 13.225958 -17.065794 32.136131 -17.290770 2.982368 13.088425 -11.803395 
