HIERARCHY
ROOT Hips
{
	OFFSET -0.179506 -22.333345 2.821913
	CHANNELS 6 Xposition Yposition Zposition Zrotation Yrotation Xrotation 
	JOINT LeftUpLeg
	{
		OFFSET 6.951974 -9.140623 -0.681533
		CHANNELS 3 Zrotation Yrotation Xrotation
		JOINT LeftLeg
		{
			OFFSET 3.427654 -37.519855 -0.449580
			CHANNELS 3 Zrotation Yrotation Xrotation
			JOINT LeftFoot
			{
				OFFSET -1.359570 -39.796059 -4.369333
				CHANNELS 3 Zrotation Yrotation Xrotation
				JOINT LeftToe
				{
					OFFSET 2.635814 -5.579078 11.928840
					CHANNELS 3 Zrotation Yrotation Xrotation
					End Site
					{
						OFFSET 0.000000 0.000000 0.000000
					}
				}
			}
		}
	}
	JOINT RightUpLeg
	{
		OFFSET -6.767048 -9.052170 -0.431982
		CHANNELS 3 Zrotation Yrotation Xrotation
		JOINT RightLeg
		{
			OFFSET -3.829005 -38.256897 -0.885003
			CHANNELS 3 Zrotation Yrotation Xrotation
			JOINT RightFoot
			{
				OFFSET 1.577377 -39.841461 -4.231180
				CHANNELS 3 Zrotation Yrotation Xrotation
				JOINT RightToe
				{
					OFFSET -2.537174 -4.814398 12.334795
					CHANNELS 3 Zrotation Yrotation Xrotation
					End Site
					{
						OFFSET 0.000000 0.000000 0.000000
					}
				}
			}
		}
	}
	JOINT Spine
	{
		OFFSET -0.253288 10.896323 -2.669631
		CHANNELS 3 Zrotation Yrotation Xrotation
		JOINT Spine1
		{
			OFFSET 0.548704 13.518043 0.109247
			CHANNELS 3 Zrotation Yrotation Xrotation
			JOINT Spine2
			{
				OFFSET 0.145701 5.292222 2.542457
				CHANNELS 3 Zrotation Yrotation Xrotation
				JOINT Neck
				{
					OFFSET -0.277840 21.387037 -4.285703
					CHANNELS 3 Zrotation Yrotation Xrotation
					JOINT Head
					{
						OFFSET 0.515184 6.496960 5.134897
						CHANNELS 3 Zrotation Yrotation Xrotation
						End Site
						{
							OFFSET 0.000000 0.000000 0.000000
						}
					}
				}
				JOINT LeftShoulder
				{
					OFFSET 7.884473 12.174932 -3.408961
					CHANNELS 3 Zrotation Yrotation Xrotation
					JOINT LeftArm
					{
						OFFSET 9.097692 3.046888 -0.886815
						CHANNELS 3 Zrotation Yrotation Xrotation
						JOINT LeftForeArm
						{
							OFFSET 25.961220 -1.277207 -2.745643
							CHANNELS 3 Zrotation Yrotation Xrotation
							JOINT LeftHand
							{
								OFFSET 24.923361 0.898606 -0.117091
								CHANNELS 3 Zrotation Yrotation Xrotation
								End Site
								{
									OFFSET 0.000000 0.000000 0.000000
								}
							}
						}
					}
				}
				JOINT RightShoulder
				{
					OFFSET -8.175920 11.883285 -3.861528
					CHANNELS 3 Zrotation Yrotation Xrotation
					JOINT RightArm
					{
						OFFSET -9.601238 3.255117 -0.914307
						CHANNELS 3 Zrotation Yrotation Xrotation
						JOINT RightForeArm
						{
							OFFSET -25.374195 -1.332924 -2.140099
							CHANNELS 3 Zrotation Yrotation Xrotation
							JOINT RightHand
							{
								OFFSET -25.529810 0.777228 -0.555919
								CHANNELS 3 Zrotation Yrotation Xrotation
								End Site
								{
									OFFSET 0.000000 0.000000 0.000000
								}
							}
						}
					}
				}
			}
		}
	}
}
MOTION
Frames: 592
Frame Time: 0.033333
1.866576 -8.249751 99.759148 175.456384 -0.669747 85.452864 5.412239 2.827671 10.072106 -3.913450 -1.681585 -6.471665 2.202401 9.108789 -4.263641 nan nan nan -4.659085 -3.396809 9.562166 3.241797 0.562777 -4.477640 5.993430 -2.915952 -2.358932 nan nan nan -0.725357 1.233288 5.186265 1.373170 -2.474517 3.525908 0.299869 -0.249482 -0.100865 -3.774637 0.354866 -3.515162 1.359803 -0.886303 1.263680 -26.911825 0.556760 9.819376 -55.740719 -5.118892 13.913569 8.291916 -58.403264 -3.165652 25.871352 -3.512133 -46.131521 27.406660 4.340471 8.987165 55.171564 4.631187 17.231079 -23.466291 51.411849 -18.198860 -22.713437 6.002481 -32.975894 
1.852323 -8.248591 99.747078 175.550375 -0.794429 85.657863 5.123392 2.130006 9.904162 -3.879141 -0.643670 -6.561683 1.983914 8.707762 -4.281982 nan nan nan -4.806854 -2.901846 9.476888 3.407079 -0.360773 -4.645708 6.267940 -2.634326 -2.262281 nan nan nan -0.874217 1.162893 4.561959 1.470265 -2.399797 4.471025 0.149843 -0.305605 -0.670369 -3.304848 0.985110 -3.654836 0.783424 -1.547970 1.457363 -27.095500 1.017332 10.411726 -54.933207 -5.664449 13.828698 7.566280 -58.921787 -1.608051 12.538343 -13.967262 -51.375855 27.522658 3.896836 9.201386 55.150519 4.994436 17.440099 -24.014317 51.412543 -18.095756 -10.590837 9.968030 -34.427976 
1.868014 -8.246674 99.758606 175.474051 -0.797886 85.663645 5.121799 2.115660 9.927708 -3.861081 -0.633169 -6.558400 1.960955 8.705213 -4.228985 nan nan nan -4.797154 -2.847839 9.448680 3.388771 -0.351643 -4.627986 6.331118 -2.587226 -2.187102 nan nan nan -0.885953 1.154092 4.533205 1.461103 -2.380954 4.520069 0.152207 -0.272259 -0.697963 -3.290927 0.993754 -3.615289 0.804645 -1.516094 1.361313 -27.075663 1.068985 10.378490 -54.949425 -5.633966 13.804250 7.651583 -58.897979 -1.648254 12.120449 -14.279859 -51.487464 27.495339 3.906277 9.203742 55.206174 4.987949 17.462973 -24.048111 51.434288 -18.129490 -10.041237 10.125769 -34.545673 
1.875553 -8.246790 99.760841 175.450821 -0.792152 85.666167 5.130289 2.127523 9.932348 -3.859466 -0.638616 -6.558232 1.940114 8.707832 -4.215132 nan nan nan -4.789278 -2.838293 9.429646 3.408779 -0.358083 -4.606683 6.363200 -2.587500 -2.168979 nan nan nan -0.878018 1.143909 4.538603 1.456246 -2.377500 4.511496 0.147541 -0.260784 -0.701174 -3.273433 1.005316 -3.600454 0.807673 -1.509741 1.353117 -27.079979 1.072292 10.357706 -54.928024 -5.611370 13.811785 7.602735 -58.904100 -1.554532 12.118973 -14.266933 -51.295861 27.495266 3.923159 9.208822 55.217817 4.984865 17.460092 -24.020933 51.428448 -18.123417 -10.087492 10.112261 -34.558071 
1.892160 -8.252753 99.762581 175.435155 -0.775191 85.700878 5.151698 2.122272 9.904232 -3.860255 -0.620952 -6.591966 1.834695 8.733506 -4.206631 nan nan nan -4.781436 -2.819489 9.380518 3.483225 -0.432305 -4.573306 6.487409 -2.594674 -2.162107 nan nan nan -0.901359 1.130835 4.482090 1.463497 -2.384731 4.501773 0.162578 -0.243149 -0.684154 -3.229637 1.197450 -3.432414 0.829151 -1.364543 1.288164 -27.043779 1.097148 10.358968 -54.899417 -5.598258 13.858930 7.558377 -58.907409 -1.488839 12.278888 -14.384944 -51.467441 27.472303 3.897642 9.240338 55.238517 5.037332 17.488758 -23.903105 51.429561 -17.996457 -10.316582 10.068405 -34.780307 
1.734451 -8.090130 99.707565 176.157634 -0.930557 85.998697 4.738285 1.487015 9.559677 -3.751493 -0.643137 -6.608676 2.693437 8.669991 -4.362051 nan nan nan -5.230699 -2.953906 9.707200 3.848777 -0.534327 -5.343343 6.638372 -2.868828 -2.022883 nan nan nan -0.864028 0.993400 3.595917 1.505087 -2.904734 4.729723 -0.010539 -0.343321 -0.265066 -3.232863 1.293082 -3.279623 0.861106 -1.012837 0.955512 -27.124039 1.151706 10.579927 -54.935455 -5.912082 13.663789 7.476623 -58.720460 -1.461108 12.108080 -15.128056 -51.874554 27.298180 3.876955 9.258299 55.395490 5.138300 17.516476 -24.354915 51.239894 -18.187288 -10.304351 10.469303 -33.877155 
1.729207 -8.068370 99.697250 176.127734 -0.968692 85.963203 4.728407 1.556256 9.642497 -3.801992 -0.634119 -6.651919 2.751123 8.702937 -4.351917 nan nan nan -5.274435 -2.982868 9.789167 3.802657 -0.480168 -5.377039 6.597043 -2.769401 -2.009097 nan nan nan -0.893134 1.036211 3.574704 1.475493 -2.941089 4.825564 -0.047764 -0.281485 -0.345966 -3.403076 1.697990 -2.800330 1.247698 -0.817164 0.803867 -27.018154 1.056815 10.650651 -55.015177 -5.880244 13.668792 7.496574 -58.777346 -1.423743 12.160371 -14.830039 -51.972563 27.302712 3.878012 9.315968 55.487777 5.126203 17.429165 -24.380187 51.267008 -18.112039 -10.322011 10.385546 -33.861835 
1.710324 -8.062281 99.692337 176.124435 -0.977786 85.923098 4.739608 1.559957 9.699376 -3.851802 -0.668516 -6.660471 2.851038 8.686629 -4.368658 nan nan nan -5.306905 -3.011667 9.836255 3.809263 -0.471594 -5.368865 6.599995 -2.762801 -1.973680 nan nan nan -0.854458 1.078793 3.611015 1.441221 -2.940993 4.862669 -0.064404 -0.283445 -0.409016 -3.476043 1.789874 -2.653568 1.432523 -0.783657 0.794085 -26.990123 0.979593 10.720153 -55.081709 -5.889854 13.648644 7.577726 -58.753696 -1.452400 12.076974 -14.745071 -51.886323 27.284146 3.917714 9.360411 55.557285 5.095571 17.363313 -24.457338 51.246995 -18.100533 -10.236194 10.416291 -33.790151 
1.694171 -8.062515 99.686760 176.114684 -0.968071 85.912714 4.745328 1.536553 9.702618 -3.864067 -0.667621 -6.644328 2.926714 8.655968 -4.395822 nan nan nan -5.310043 -2.983270 9.830838 3.818015 -0.470092 -5.328064 6.585600 -2.764633 -2.008991 nan nan nan -0.804179 1.079019 3.644131 1.430849 -2.919209 4.849527 -0.078240 -0.282775 -0.416801 -3.480582 1.788020 -2.713605 1.452306 -0.807055 0.882064 -26.972322 0.967953 10.764236 -55.142630 -5.947761 13.621244 7.654172 -58.647752 -1.482034 11.943916 -14.939860 -51.965749 27.234144 3.922331 9.379706 55.612014 5.108804 17.360362 -24.434413 51.251794 -18.014283 -10.114976 10.533753 -33.924973 
1.686328 -8.052952 99.687851 176.121325 -0.959197 85.920349 4.735134 1.544628 9.704963 -3.830514 -0.678966 -6.657976 2.965305 8.632074 -4.400903 nan nan nan -5.303625 -2.959245 9.819342 3.814487 -0.459519 -5.304704 6.565747 -2.789893 -2.050367 nan nan nan -0.790017 1.046496 3.658724 1.445082 -2.889366 4.796670 -0.060123 -0.286092 -0.360959 -3.414195 1.640146 -2.893976 1.348044 -0.871160 0.950257 -26.992022 1.008399 10.734597 -55.163327 -5.997045 13.624744 7.619074 -58.570252 -1.433456 11.933194 -15.053439 -52.124786 27.196369 3.910416 9.353618 55.599035 5.105810 17.408618 -24.368599 51.319164 -18.005271 -10.138761 10.599051 -34.221220 
1.657302 -8.032765 99.698746 176.165243 -0.932946 85.957932 4.739950 1.824744 9.557286 -3.765826 -0.802353 -6.383253 3.155834 8.433732 -4.656331 nan nan nan -5.328635 -2.932523 9.841455 3.898420 -0.568432 -5.333754 6.776875 -2.778657 -2.052783 nan nan nan -0.879871 0.824852 3.627504 1.459415 -2.723414 4.727785 0.217006 -0.351017 -0.224978 -3.668109 0.563514 -3.540710 1.211892 -0.189589 1.598549 -27.094501 1.253587 10.957506 -55.330889 -6.311897 13.706154 8.490979 -58.263120 -2.084803 10.160622 -17.173916 -51.722523 26.935369 4.079096 8.913117 55.032484 5.353190 16.670426 -17.276449 51.660054 -13.490830 -0.142322 17.800302 -42.425535 
1.668433 -8.021593 99.711830 176.171886 -0.922748 85.980784 4.757941 1.811935 9.531354 -3.768193 -0.763124 -6.331929 2.982500 8.468172 -4.684753 nan nan nan -5.305071 -2.914167 9.864922 3.910926 -0.595178 -5.374420 6.759664 -2.820405 -2.053443 nan nan nan -0.918568 0.816469 3.585417 1.516462 -2.755608 4.714159 0.229087 -0.363470 -0.130354 -3.584238 0.466074 -3.699618 1.037616 -0.252682 1.597608 -27.127023 1.309074 10.903863 -55.281160 -6.272888 13.741602 8.488160 -58.368841 -1.998798 10.149108 -17.189986 -51.797493 26.889292 4.045843 8.810434 55.096394 5.342950 16.761708 -17.332850 51.690393 -13.362793 0.041002 17.706654 -42.420916 
1.680934 -8.012386 99.715576 176.177868 -0.960504 86.023132 4.701465 1.780867 9.465315 -3.716716 -0.722345 -6.270219 3.017490 8.503576 -4.675124 nan nan nan -5.334528 -2.888313 9.862927 3.927180 -0.599685 -5.424429 6.755411 -2.841302 -2.027651 nan nan nan -1.019738 0.816312 3.512644 1.565811 -2.780031 4.734557 0.238444 -0.365280 -0.109380 -3.556299 0.486649 -3.704793 1.003539 -0.275713 1.587303 -27.124873 1.382700 10.884263 -55.250071 -6.263510 13.754462 8.439397 -58.411490 -1.840671 9.984268 -17.248015 -51.774503 26.881214 3.997946 8.772475 55.163649 5.345823 16.829745 -17.401690 51.707256 -13.309764 0.259674 17.688826 -42.394596 
1.668366 -8.004179 99.712463 176.172752 -0.994977 86.033049 4.633965 1.793005 9.453129 -3.652669 -0.711129 -6.259539 3.105159 8.515745 -4.646392 nan nan nan -5.386708 -2.868105 9.856105 3.920027 -0.571117 -5.411218 6.780627 -2.825881 -2.019007 nan nan nan -1.016301 0.828602 3.498856 1.544712 -2.775561 4.743573 0.205823 -0.392870 -0.116763 -3.546108 0.472895 -3.700841 1.037654 -0.315541 1.566459 -27.079023 1.440409 10.860509 -55.257620 -6.259102 13.755410 8.400733 -58.434982 -1.670336 9.903502 -17.332554 -51.791704 26.855477 3.988357 8.749475 55.235579 5.337600 16.852752 -17.382900 51.736314 -13.197861 0.438932 17.740909 -42.474074 
1.644698 -7.991561 99.709229 176.160357 -0.983253 86.003729 4.658064 1.850181 9.502249 -3.685272 -0.764996 -6.271514 3.111785 8.498378 -4.639605 nan nan nan -5.412311 -2.885403 9.870072 3.936034 -0.556216 -5.370034 6.779905 -2.834553 -2.021876 nan nan nan -0.918775 0.833275 3.560090 1.508356 -2.754952 4.726425 0.157254 -0.418316 -0.134019 -3.551013 0.423563 -3.679576 1.056990 -0.317495 1.530437 -27.097145 1.448589 10.827910 -55.229541 -6.188296 13.758520 8.405318 -58.526735 -1.645905 10.010022 -17.191786 -51.912149 26.814598 4.023018 8.721237 55.288583 5.269558 16.899373 -17.437685 51.798938 -13.184247 0.327309 17.666586 -42.470604 
1.633120 -7.981309 99.706940 176.176459 -0.961485 85.988623 4.727817 1.872900 9.538512 -3.776851 -0.830719 -6.302096 3.138519 8.471259 -4.615213 nan nan nan -5.410676 -2.922321 9.866597 3.953157 -0.583519 -5.322593 6.740981 -2.842566 -2.020836 nan nan nan -0.885167 0.846036 3.581544 1.518805 -2.755296 4.750804 0.164980 -0.438251 -0.169747 -3.550197 0.370428 -3.626826 1.021763 -0.265603 1.453768 -27.137182 1.428842 10.848466 -55.225457 -6.172719 13.748843 8.434441 -58.563165 -1.666300 10.118213 -17.063150 -52.052730 26.785594 4.039347 8.724545 55.292117 5.214773 16.924137 -17.530033 51.874290 -13.211668 0.161430 17.658464 -42.495729 
1.628759 -7.967039 99.704498 176.199492 -0.954584 85.959796 4.774598 1.879589 9.593877 -3.837756 -0.844333 -6.337012 3.121799 8.445927 -4.620082 nan nan nan -5.412936 -2.924921 9.920399 3.956660 -0.589640 -5.339144 6.768966 -2.803721 -2.015594 nan nan nan -0.893283 0.864611 3.570583 1.521662 -2.763148 4.821507 0.189391 -0.440292 -0.208916 -3.542861 0.351685 -3.624645 1.019151 -0.272484 1.472340 -27.143721 1.379865 10.913630 -55.240811 -6.207470 13.718614 8.468968 -58.519120 -1.632824 10.161527 -17.172069 -52.141729 26.770445 4.043152 8.768692 55.307146 5.212643 16.875203 -17.569157 51.918073 -13.223251 0.193047 17.722658 -42.691878 
1.624248 -7.967117 99.702393 176.204993 -0.978353 85.951353 4.741406 1.862170 9.601566 -3.822172 -0.830281 -6.326741 3.162060 8.461719 -4.638304 nan nan nan -5.431130 -2.904997 9.937612 3.939551 -0.618436 -5.356038 6.855766 -2.758222 -2.012462 nan nan nan -0.920736 0.880489 3.595947 1.515928 -2.771840 4.816139 0.201734 -0.441901 -0.206791 -3.559419 0.357221 -3.649510 1.026795 -0.322856 1.456206 -27.134652 1.380427 10.899231 -55.248221 -6.224060 13.734872 8.450498 -58.473022 -1.629450 10.228465 -17.254395 -52.096791 26.767797 4.030303 8.749948 55.339642 5.226363 16.871491 -17.582291 51.910303 -13.247986 0.282851 17.733253 -42.676628 
1.614923 -7.967191 99.700661 176.198639 -0.998242 85.966434 4.706640 1.849449 9.575894 -3.806696 -0.838827 -6.306554 3.208260 8.475251 -4.637220 nan nan nan -5.463156 -2.906263 9.920354 3.956862 -0.615467 -5.366643 6.878912 -2.745508 -2.014012 nan nan nan -0.921778 0.885408 3.590886 1.525502 -2.760943 4.794443 0.180536 -0.432289 -0.169089 -3.565144 0.342417 -3.698958 1.024815 -0.370223 1.436368 -27.140353 1.385806 10.850696 -55.249180 -6.227220 13.761704 8.429770 -58.441617 -1.625730 10.278956 -17.236871 -52.147407 26.780567 4.020151 8.709936 55.363038 5.210623 16.911646 -17.693426 51.902852 -13.353060 0.326652 17.636510 -42.582322 
1.615997 -7.965782 99.702827 176.184215 -1.002783 85.974556 4.710776 1.845769 9.570189 -3.823499 -0.854597 -6.312843 3.217776 8.481896 -4.655624 nan nan nan -5.462630 -2.896368 9.932309 3.949653 -0.598677 -5.410443 6.872504 -2.763692 -2.022893 nan nan nan -0.921054 0.899030 3.565356 1.540408 -2.766068 4.800452 0.170442 -0.419763 -0.130153 -3.554939 0.347693 -3.731176 1.057598 -0.421778 1.403894 -27.142997 1.371799 10.845966 -55.237791 -6.242213 13.775344 8.412149 -58.454796 -1.609467 10.298586 -17.200258 -52.228218 26.818154 4.011536 8.695010 55.326849 5.201507 16.933480 -17.801589 51.926605 -13.393879 0.226063 17.523121 -42.514223 
1.621001 -7.965405 99.710045 176.195282 -1.000922 85.996491 4.700842 1.822999 9.547328 -3.810127 -0.869793 -6.325755 3.246556 8.490569 -4.656407 nan nan nan -5.443144 -2.875111 9.904416 3.927894 -0.632380 -5.399477 6.814249 -2.818396 -2.070843 nan nan nan -0.926588 0.887651 3.548107 1.556996 -2.793062 4.780420 0.174964 -0.424006 -0.126557 -3.556384 0.372224 -3.716661 1.076270 -0.431175 1.391708 -27.159547 1.366260 10.875607 -55.221704 -6.233601 13.802237 8.451505 -58.468174 -1.714833 10.346620 -17.147246 -52.313880 26.851622 3.996712 8.703328 55.265978 5.204373 16.957425 -17.837341 51.996792 -13.411483 0.072204 17.447514 -42.570465 
1.638520 -7.961784 99.719444 176.213386 -1.004011 86.007486 4.693524 1.804411 9.530740 -3.784538 -0.854939 -6.324312 3.204050 8.503417 -4.656100 nan nan nan -5.433021 -2.865630 9.893985 3.922271 -0.655209 -5.383608 6.761508 -2.848243 -2.095117 nan nan nan -0.974154 0.881927 3.530177 1.579366 -2.819452 4.808959 0.209016 -0.440750 -0.165193 -3.580128 0.380831 -3.700318 1.078067 -0.425776 1.341253 -27.202355 1.347186 10.901882 -55.194000 -6.202228 13.828916 8.579154 -58.467404 -1.901692 10.315015 -17.150537 -52.159058 26.886495 4.021925 8.719775 55.201799 5.197611 16.968473 -17.796457 52.011901 -13.426083 0.156138 17.455743 -42.607203 
1.648015 -7.961882 99.717339 176.225307 -0.988869 85.994680 4.702373 1.790279 9.521847 -3.754204 -0.810385 -6.290099 3.125756 8.495724 -4.672222 nan nan nan -5.413363 -2.865081 9.912266 3.918840 -0.624062 -5.369239 6.717600 -2.833828 -2.101867 nan nan nan -0.985685 0.880973 3.521054 1.590302 -2.822572 4.862285 0.229266 -0.436959 -0.198444 -3.572930 0.362697 -3.695335 1.066565 -0.434127 1.343191 -27.229266 1.332869 10.899094 -55.207851 -6.197359 13.819073 8.695241 -58.493171 -2.033890 10.199663 -17.147848 -51.897953 26.868790 4.066120 8.767028 55.220304 5.203163 16.941961 -17.828881 52.006118 -13.472330 0.250084 17.531130 -42.560226 
1.639950 -7.958371 99.712517 176.210476 -0.955622 85.963232 4.721950 1.820004 9.553615 -3.725075 -0.759263 -6.276677 3.071782 8.501497 -4.664875 nan nan nan -5.381457 -2.862412 9.944322 3.915277 -0.593029 -5.363535 6.716740 -2.799668 -2.068135 nan nan nan -0.911483 0.865914 3.546779 1.572319 -2.811081 4.897264 0.211142 -0.441102 -0.225182 -3.570749 0.362794 -3.683504 1.042479 -0.412774 1.336900 -27.236854 1.355582 10.875888 -55.209428 -6.189481 13.802401 8.688312 -58.543577 -2.037770 10.094033 -17.100598 -51.839369 26.842679 4.071334 8.782905 55.242295 5.245429 16.904565 -17.764739 52.007623 -13.428553 0.276658 17.592799 -42.560979 
1.627502 -7.955702 99.709534 176.197173 -0.933283 85.945502 4.736521 1.845173 9.578417 -3.704114 -0.758134 -6.281683 3.034702 8.483903 -4.637430 nan nan nan -5.352330 -2.861321 9.964416 3.899212 -0.629401 -5.364398 6.787835 -2.798995 -2.035297 nan nan nan -0.828861 0.846484 3.573734 1.545907 -2.815679 4.902722 0.171298 -0.453918 -0.236920 -3.576053 0.396896 -3.696024 1.036936 -0.393832 1.334491 -27.215606 1.389805 10.853701 -55.230712 -6.183657 13.778462 8.731327 -58.559022 -2.026523 9.965181 -17.100750 -51.919972 26.818850 4.060355 8.776102 55.283954 5.276870 16.888370 -17.682373 52.029756 -13.303925 0.387136 17.593350 -42.586178 
1.614447 -7.955057 99.702049 176.194903 -0.952208 85.980801 4.729281 1.873601 9.541937 -3.735052 -0.779217 -6.290841 3.032880 8.462095 -4.632950 nan nan nan -5.377154 -2.873243 9.926368 3.904829 -0.664687 -5.373106 6.796888 -2.784103 -2.030832 nan nan nan -0.828589 0.850585 3.515939 1.532315 -2.821215 4.911614 0.151112 -0.451735 -0.230710 -3.547181 0.408672 -3.735324 1.031619 -0.401113 1.379805 -27.211611 1.386149 10.871073 -55.239179 -6.183690 13.766782 8.806301 -58.558477 -2.015248 9.921670 -17.143217 -51.934979 26.837045 4.057173 8.792125 55.291992 5.281294 16.883004 -17.726080 52.038244 -13.267798 0.416555 17.575878 -42.563051 
1.606747 -7.953137 99.697762 176.198186 -0.974448 85.992394 4.732171 1.891809 9.544409 -3.789047 -0.800425 -6.317739 3.022219 8.465583 -4.604987 nan nan nan -5.409839 -2.860158 9.932885 3.924964 -0.648713 -5.405740 6.768815 -2.764775 -2.018030 nan nan nan -0.863605 0.858098 3.500408 1.531709 -2.827535 4.908041 0.166398 -0.432508 -0.241817 -3.532873 0.329898 -3.720064 1.035048 -0.397980 1.392547 -27.241845 1.351861 10.907779 -55.252521 -6.171367 13.750503 8.929894 -58.576961 -2.123373 9.948761 -17.103736 -51.924257 26.836369 4.096657 8.821759 55.299769 5.225651 16.881538 -17.890664 52.083524 -13.381445 0.361629 17.551522 -42.510195 
1.603120 -7.954312 99.697365 176.220786 -0.990174 85.975335 4.727005 1.874484 9.567501 -3.809427 -0.839803 -6.319584 3.033949 8.484098 -4.568982 nan nan nan -5.440360 -2.845850 9.974757 3.956373 -0.636277 -5.438849 6.792432 -2.789545 -2.002658 nan nan nan -0.884281 0.859649 3.527583 1.531853 -2.848473 4.895600 0.174050 -0.407587 -0.233441 -3.505499 0.259264 -3.736362 1.051216 -0.399858 1.356137 -27.265611 1.327655 10.912445 -55.253167 -6.189194 13.730447 8.927140 -58.559749 -2.102532 9.999133 -17.101544 -52.048575 26.844916 4.112548 8.811728 55.305762 5.188672 16.892568 -18.021070 52.123925 -13.471369 0.379562 17.567296 -42.552190 
1.604077 -7.961533 99.699852 176.249527 -0.994310 85.947781 4.711595 1.874677 9.579301 -3.777355 -0.840642 -6.291592 3.132914 8.475293 -4.582102 nan nan nan -5.448319 -2.856143 9.992653 3.953479 -0.633055 -5.411047 6.881482 -2.808528 -2.000558 nan nan nan -0.914219 0.871577 3.566703 1.552850 -2.850604 4.899768 0.196656 -0.412550 -0.229965 -3.467403 0.210911 -3.799824 1.031098 -0.390262 1.344621 -27.241733 1.319003 10.926664 -55.275969 -6.274251 13.717805 8.790100 -58.507176 -1.940143 10.012285 -17.192222 -52.097055 26.809232 4.098504 8.779922 55.304611 5.212512 16.898327 -17.960508 52.132239 -13.443708 0.456107 17.641653 -42.594667 
1.610989 -7.963177 99.701225 176.285507 -1.013602 85.949635 4.707457 1.900648 9.550563 -3.784552 -0.814158 -6.254012 3.180531 8.429150 -4.573351 nan nan nan -5.460578 -2.895255 9.978773 3.931896 -0.664723 -5.386948 6.866275 -2.803604 -2.033806 nan nan nan -0.971125 0.860055 3.541578 1.585963 -2.864995 4.932717 0.203103 -0.420359 -0.232239 -3.457399 0.233024 -3.845674 1.036745 -0.422755 1.392884 -27.219478 1.303458 10.972785 -55.293979 -6.343299 13.690013 8.815909 -58.484376 -1.926343 9.896817 -17.280573 -51.969658 26.789716 4.112441 8.806408 55.330185 5.244097 16.888379 -18.017655 52.139207 -13.475772 0.503943 17.672168 -42.462932 
1.615754 -7.957314 99.701462 176.294573 -1.004444 85.941051 4.746001 1.921378 9.564978 -3.821543 -0.815951 -6.256523 3.142465 8.374732 -4.584704 nan nan nan -5.436585 -2.924014 9.998699 3.900674 -0.683272 -5.397801 6.784357 -2.796387 -2.043948 nan nan nan -0.961495 0.844796 3.521873 1.600768 -2.887767 4.952497 0.192308 -0.411216 -0.243818 -3.465960 0.272977 -3.809745 1.067224 -0.447422 1.430558 -27.200218 1.285852 10.998054 -55.324945 -6.374618 13.651229 8.849267 -58.468651 -1.878903 9.805539 -17.333636 -51.898540 26.789445 4.121306 8.846601 55.355035 5.258468 16.839461 -18.129055 52.165804 -13.491092 0.541406 17.715249 -42.409828 
1.620136 -7.960598 99.703697 176.280159 -0.973893 85.935625 4.772522 1.893602 9.568132 -3.804655 -0.799209 -6.248459 3.098789 8.361955 -4.636219 nan nan nan -5.396437 -2.921071 10.000957 3.896653 -0.677040 -5.392023 6.751760 -2.791926 -2.020819 nan nan nan -0.897738 0.821868 3.540579 1.591449 -2.903237 4.940833 0.165794 -0.381339 -0.249736 -3.504923 0.280444 -3.791259 1.122761 -0.440503 1.400970 -27.173350 1.264726 10.993814 -55.357504 -6.370343 13.654350 8.903320 -58.507779 -1.964553 9.970011 -17.219193 -52.020954 26.771495 4.147256 8.887293 55.382273 5.276204 16.799636 -18.190708 52.218514 -13.527809 0.572378 17.771940 -42.489226 
1.629755 -7.953449 99.700249 176.259597 -0.958683 85.930693 4.757730 1.864126 9.579526 -3.746250 -0.771068 -6.247490 3.101059 8.407509 -4.661022 nan nan nan -5.388201 -2.902663 10.007360 3.917264 -0.636686 -5.381277 6.765759 -2.773343 -2.007024 nan nan nan -0.879234 0.822792 3.532764 1.580557 -2.901783 4.956681 0.185625 -0.383448 -0.237792 -3.528117 0.279969 -3.828287 1.124774 -0.400109 1.396148 -27.179197 1.257786 10.954211 -55.378202 -6.370796 13.687344 9.017012 -58.522883 -2.033771 10.165066 -17.011130 -52.054558 26.728196 4.169159 8.898156 55.383123 5.315320 16.801074 -18.119988 52.253396 -13.458393 0.522456 17.800088 -42.687860 
1.640460 -7.938947 99.697937 176.259235 -0.947647 85.919715 4.772994 1.878386 9.602870 -3.733635 -0.768424 -6.247786 3.088757 8.391090 -4.636798 nan nan nan -5.381432 -2.901211 10.035874 3.933162 -0.601127 -5.384807 6.738784 -2.760686 -2.033336 nan nan nan -0.891710 0.835247 3.493441 1.588601 -2.899190 5.011793 0.215421 -0.390937 -0.252178 -3.499701 0.299657 -3.823201 1.101952 -0.387949 1.387544 -27.230211 1.255311 10.920558 -55.363770 -6.391392 13.653716 9.130215 -58.502828 -2.027502 10.002326 -16.964948 -51.808032 26.736415 4.192293 8.917874 55.360247 5.337538 16.776608 -18.112586 52.278006 -13.393362 0.492409 17.811162 -42.750610 
1.638622 -7.940989 99.694351 176.271543 -0.943009 85.924787 4.789498 1.885659 9.592081 -3.757367 -0.766920 -6.247308 3.073033 8.365162 -4.607507 nan nan nan -5.376114 -2.910656 10.029022 3.939508 -0.602336 -5.386856 6.733843 -2.770332 -2.049250 nan nan nan -0.903505 0.844288 3.481060 1.596474 -2.892736 5.031663 0.230000 -0.409560 -0.276970 -3.464417 0.278342 -3.841657 1.076074 -0.411424 1.400479 -27.247885 1.261306 10.911271 -55.360637 -6.421615 13.633181 9.209356 -58.518789 -2.060235 9.875683 -16.959851 -51.825744 26.766509 4.208205 8.931441 55.299996 5.378649 16.765446 -18.070333 52.285646 -13.345872 0.356963 17.853338 -42.889270 
1.622198 -7.947538 99.684227 176.286624 -0.967504 85.936614 4.777683 1.876288 9.581485 -3.800420 -0.787603 -6.268338 3.138014 8.355639 -4.597873 nan nan nan -5.415419 -2.916539 10.005932 3.944818 -0.624431 -5.372607 6.732512 -2.799525 -2.042374 nan nan nan -0.933395 0.866066 3.479841 1.601982 -2.876869 5.031660 0.246065 -0.426782 -0.317599 -3.481383 0.224404 -3.804969 1.082970 -0.427987 1.407018 -27.215920 1.209366 11.000078 -55.410307 -6.504816 13.593611 9.285498 -58.507203 -2.184268 9.803981 -16.970203 -52.024979 26.743890 4.235592 8.958633 55.278093 5.392066 16.756807 -18.040772 52.300503 -13.316918 0.261014 17.895179 -42.977888 
1.599197 -7.958071 99.676575 176.309531 -0.993538 85.940957 4.753697 1.840012 9.578872 -3.835610 -0.793782 -6.292338 3.194911 8.357988 -4.624726 nan nan nan -5.466698 -2.924923 9.988859 3.970690 -0.674702 -5.353044 6.755385 -2.791841 -2.039688 nan nan nan -0.947477 0.871731 3.476793 1.597412 -2.880348 5.027612 0.265704 -0.425311 -0.320086 -3.483098 0.187898 -3.811592 1.073236 -0.413988 1.406021 -27.208961 1.184938 11.025461 -55.517889 -6.642342 13.542087 9.353116 -58.370882 -2.370843 9.803185 -17.006972 -52.139524 26.670977 4.254299 8.958080 55.302347 5.457977 16.759835 -17.994553 52.253452 -13.300977 0.270846 17.887636 -42.983196 
1.581054 -7.960916 99.678635 176.297715 -1.002019 85.949994 4.744350 1.821083 9.580686 -3.853922 -0.775453 -6.313141 3.233537 8.383258 -4.602347 nan nan nan -5.510549 -2.908492 9.965164 4.023195 -0.702895 -5.326049 6.783821 -2.745615 -2.027751 nan nan nan -0.899273 0.885846 3.421082 1.568908 -2.870033 5.039210 0.245552 -0.423871 -0.278363 -3.474122 0.137325 -3.859878 1.049116 -0.450250 1.435942 -27.201023 1.150395 10.983387 -55.618188 -6.742902 13.534192 9.487965 -58.206842 -2.625170 9.882055 -17.013818 -52.233732 26.628795 4.292190 8.963973 55.333697 5.532930 16.766380 -18.000800 52.183989 -13.322618 0.218863 17.846097 -42.992006 
1.583043 -7.965306 99.686592 176.308375 -1.020701 85.937297 4.715406 1.806725 9.576986 -3.835252 -0.768834 -6.296242 3.249856 8.398987 -4.568412 nan nan nan -5.516262 -2.904016 9.963046 3.984974 -0.696571 -5.292756 6.782596 -2.710462 -2.032484 nan nan nan -0.915078 0.893080 3.402240 1.569936 -2.876435 5.048018 0.249049 -0.414277 -0.244789 -3.489059 0.120125 -3.871812 1.058856 -0.496471 1.374177 -27.164162 1.084613 10.962322 -55.657448 -6.832503 13.559865 9.625916 -58.071944 -2.817177 9.958985 -16.998496 -52.528441 26.587073 4.337084 8.986151 55.361365 5.593294 16.774291 -18.054184 52.151952 -13.388078 0.072560 17.777522 -43.228706 
1.601836 -7.960956 99.692230 176.343723 -1.014704 85.917592 4.729049 1.798253 9.575921 -3.821147 -0.749018 -6.266693 3.215438 8.388345 -4.565979 nan nan nan -5.468023 -2.934438 9.987497 3.914535 -0.697074 -5.277783 6.756668 -2.695790 -2.054861 nan nan nan -0.966597 0.905700 3.371134 1.609237 -2.884552 5.072674 0.295285 -0.407704 -0.223108 -3.505414 0.123506 -3.814661 1.068757 -0.522589 1.285635 -27.106383 1.005282 10.992216 -55.738110 -6.970031 13.558586 9.739084 -57.911289 -2.990423 9.935137 -17.078578 -52.888468 26.494884 4.339685 9.003625 55.387663 5.665872 16.763436 -18.031824 52.154802 -13.346765 -0.145960 17.730495 -43.520048 
1.620149 -7.948563 99.698784 176.330495 -0.985139 85.881167 4.772824 1.847331 9.648660 -3.816029 -0.716852 -6.301897 3.088099 8.362385 -4.572060 nan nan nan -5.414899 -2.963698 10.027171 3.887129 -0.720544 -5.273073 6.757754 -2.656709 -2.072499 nan nan nan -0.978500 0.914364 3.342024 1.645481 -2.864570 5.139794 0.331866 -0.394077 -0.229332 -3.539581 0.148729 -3.765743 1.055812 -0.551935 1.208984 -27.052609 0.929962 11.005441 -55.840053 -7.097673 13.567346 9.844657 -57.774845 -3.152831 9.788460 -17.176985 -53.213523 26.415367 4.344930 9.017783 55.390390 5.766249 16.729227 -17.918340 52.146709 -13.217835 -0.279398 17.719442 -43.794779 
1.627290 -7.952433 99.708488 176.319931 -0.962044 85.869692 4.792512 1.879842 9.665457 -3.791771 -0.715892 -6.317702 2.990749 8.340315 -4.576413 nan nan nan -5.385994 -2.970081 10.027000 3.899216 -0.744856 -5.259468 6.781505 -2.626140 -2.054264 nan nan nan -0.962833 0.874783 3.372383 1.653842 -2.858933 5.124996 0.341920 -0.358905 -0.238788 -3.564259 0.185275 -3.756996 1.053389 -0.553712 1.143234 -27.002283 0.908954 10.930204 -55.934025 -7.149183 13.596576 9.946883 -57.700505 -3.308602 9.635375 -17.072082 -53.418929 26.335768 4.382160 9.013683 55.430559 5.852811 16.746956 -17.852235 52.109914 -13.123471 -0.346484 17.586143 -43.889870 
1.628783 -7.969241 99.717651 176.306143 -0.932038 85.849714 4.819278 1.893056 9.653739 -3.773523 -0.716799 -6.269488 2.992724 8.347423 -4.609164 nan nan nan -5.337585 -2.978990 10.025380 3.888009 -0.750477 -5.232816 6.735070 -2.607190 -2.063420 nan nan nan -0.940128 0.807583 3.445141 1.666331 -2.855936 5.049306 0.338091 -0.288650 -0.226748 -3.618743 0.156151 -3.776990 1.076969 -0.552795 1.157288 -26.942345 0.867553 10.843823 -56.058980 -7.165159 13.634247 10.108714 -57.690746 -3.617559 9.763088 -16.711696 -53.637101 26.263181 4.482243 9.031428 55.458384 5.879416 16.789694 -17.900581 52.097050 -13.152760 -0.489043 17.488026 -43.859908 
1.626979 -7.967290 99.712051 176.286315 -0.923389 85.860741 4.826302 1.872542 9.648632 -3.779771 -0.683819 -6.276154 3.055555 8.380127 -4.585681 nan nan nan -5.329470 -2.987875 10.017206 3.877818 -0.717854 -5.240034 6.634356 -2.585670 -2.061911 nan nan nan -0.926208 0.791549 3.409932 1.650192 -2.851329 5.031468 0.335382 -0.259017 -0.217337 -3.669271 0.084584 -3.733473 1.152159 -0.510091 1.170522 -26.892397 0.785158 10.818048 -56.172142 -7.214475 13.652537 10.359122 -57.661099 -3.983722 9.949261 -16.425802 -53.909414 26.194105 4.555616 9.063907 55.471070 5.883621 16.814478 -17.877701 52.134004 -13.065877 -0.487373 17.415470 -43.804229 
1.617591 -7.950588 99.699776 176.290669 -0.963593 85.891861 4.771419 1.848389 9.651723 -3.769309 -0.716238 -6.333252 3.117022 8.398519 -4.550374 nan nan nan -5.392550 -2.983407 10.011486 3.895181 -0.703973 -5.273729 6.593939 -2.598962 -2.068397 nan nan nan -0.942999 0.791786 3.303621 1.600964 -2.866926 5.057333 0.320702 -0.260093 -0.221369 -3.663953 0.075531 -3.669985 1.225543 -0.457764 1.200315 -26.841274 0.730400 10.769587 -56.250864 -7.264212 13.655271 10.598102 -57.615834 -4.201758 10.036670 -16.291482 -54.037977 26.140187 4.626576 9.092529 55.516373 5.894368 16.876351 -17.873963 52.142835 -12.952760 -0.495193 17.227304 -43.695222 
1.605795 -7.933398 99.681091 176.310101 -1.018339 85.909796 4.721408 1.879043 9.661456 -3.773919 -0.804903 -6.370255 3.121985 8.369339 -4.525597 nan nan nan -5.499497 -2.984497 10.036585 3.954823 -0.699456 -5.324556 6.624118 -2.629954 -2.075547 nan nan nan -0.995215 0.819938 3.180028 1.568527 -2.866603 5.150711 0.348463 -0.302551 -0.227928 -3.609639 0.097454 -3.681639 1.162321 -0.403625 1.270495 -26.815969 0.679248 10.733611 -56.305251 -7.405341 13.628536 10.701361 -57.511322 -4.338143 10.069247 -16.483275 -54.245772 26.048410 4.688113 9.119454 55.523440 5.995157 16.933986 -17.825447 52.145194 -12.873901 -0.597660 17.152646 -43.713019 
1.602131 -7.931959 99.671402 176.327253 -1.025185 85.918518 4.738792 1.840076 9.658126 -3.834925 -0.790685 -6.383931 3.126552 8.364230 -4.502299 nan nan nan -5.523236 -2.985465 10.039125 3.983189 -0.701352 -5.334407 6.679653 -2.662546 -2.035611 nan nan nan -1.011864 0.838080 3.108690 1.576665 -2.850545 5.180442 0.386856 -0.331404 -0.216597 -3.626257 0.098572 -3.675765 1.066223 -0.339774 1.290282 -26.801078 0.605400 10.735748 -56.364919 -7.592671 13.623745 10.743647 -57.372834 -4.506516 10.295007 -16.637185 -54.603580 25.946141 4.734950 9.136609 55.474817 6.131805 16.969083 -17.642947 52.157411 -12.681081 -0.879610 17.243564 -43.813251 
1.605054 -7.954318 99.663460 176.337176 -1.030896 85.982553 4.742972 1.703984 9.572842 -3.899134 -0.710402 -6.374415 3.212967 8.410388 -4.474216 nan nan nan -5.515518 -2.969824 9.942804 3.997263 -0.710368 -5.309075 6.714612 -2.698707 -2.008837 nan nan nan -1.012548 0.793970 3.050832 1.569898 -2.855089 5.108342 0.376797 -0.307884 -0.191753 -3.697505 0.062647 -3.640867 1.098461 -0.288846 1.317364 -26.742403 0.568660 10.709615 -56.449904 -7.735507 13.659777 10.920021 -57.281017 -4.809468 10.518280 -16.510427 -55.015798 25.881485 4.791589 9.143728 55.454102 6.297521 17.011815 -17.431574 52.112985 -12.465196 -1.048115 17.314593 -43.860101 
1.619286 -7.963754 99.663040 176.333444 -1.035739 85.998150 4.746981 1.657623 9.551793 -3.912966 -0.672175 -6.368372 3.299477 8.427302 -4.460683 nan nan nan -5.478413 -2.947033 9.916199 3.962842 -0.705883 -5.301152 6.694062 -2.713871 -1.997270 nan nan nan -1.068971 0.763836 3.019723 1.584610 -2.868754 5.062430 0.393986 -0.268348 -0.175729 -3.736049 0.036691 -3.597731 1.164910 -0.243530 1.379222 -26.714342 0.513964 10.637098 -56.515528 -7.828487 13.742826 11.185312 -57.220361 -5.217548 10.732592 -16.168489 -55.114283 25.822364 4.886354 9.113941 55.442877 6.387639 17.095329 -17.368783 52.055144 -12.444580 -1.140943 17.265916 -43.934913 
1.628271 -7.952539 99.668594 176.339205 -1.048824 85.942694 4.739238 1.731386 9.622796 -3.889467 -0.687448 -6.377391 3.288568 8.418634 -4.486095 nan nan nan -5.474035 -2.945764 9.987562 3.919170 -0.695806 -5.301117 6.670458 -2.705563 -1.990970 nan nan nan -1.119559 0.765700 3.015806 1.586605 -2.874978 5.097119 0.423251 -0.282465 -0.182546 -3.751378 0.010813 -3.574663 1.181119 -0.223331 1.456369 -26.658986 0.390182 10.603960 -56.558017 -7.913689 13.824461 11.435054 -57.187801 -5.452222 10.885870 -15.959817 -55.027809 25.728257 5.021078 9.086306 55.459655 6.451062 17.154533 -17.298523 52.036830 -12.373518 -1.223655 17.204740 -44.098417 
1.641097 -7.936457 99.672607 176.327218 -1.055355 85.881737 4.754367 1.841140 9.708143 -3.884830 -0.752000 -6.392522 3.262444 8.386777 -4.531495 nan nan nan -5.462871 -2.957168 10.065141 3.875092 -0.697280 -5.297427 6.630844 -2.692883 -2.021739 nan nan nan -1.117880 0.752144 3.026310 1.568375 -2.856972 5.114646 0.415354 -0.296850 -0.213621 -3.775891 0.002195 -3.540434 1.181798 -0.223399 1.561284 -26.586167 0.279707 10.593449 -56.540203 -8.007745 13.894320 11.619331 -57.188127 -5.575438 10.913691 -15.919265 -55.102051 25.622350 5.150283 9.041952 55.509251 6.498867 17.244087 -17.110835 52.004716 -12.239287 -1.266056 17.153755 -44.483924 
1.670782 -7.914560 99.673080 176.255977 -1.016660 85.847144 4.833593 1.947370 9.806990 -3.896287 -0.783692 -6.443076 3.223927 8.346802 -4.548682 nan nan nan -5.388512 -2.924704 10.119626 3.846236 -0.697681 -5.310954 6.590207 -2.653712 -2.037185 nan nan nan -1.057116 0.709433 2.983921 1.556846 -2.813754 5.122602 0.369616 -0.235022 -0.234060 -3.778825 0.043712 -3.469496 1.176991 -0.236864 1.719161 -26.511843 0.219960 10.575306 -56.558788 -8.160642 13.910365 11.735402 -57.109484 -5.707756 10.883017 -16.061117 -55.289101 25.547421 5.242062 9.025787 55.565033 6.579299 17.343063 -16.982216 51.972748 -12.133033 -1.409280 17.173125 -44.814734 
1.668537 -7.936668 99.672653 176.310801 -1.006813 85.832192 4.832291 1.925825 9.762086 -3.878148 -0.784589 -6.378284 3.173065 8.337219 -4.545335 nan nan nan -5.384994 -2.912911 10.125600 3.859546 -0.734766 -5.302916 6.577957 -2.673525 -2.046291 nan nan nan -1.004950 0.654204 3.037710 1.530876 -2.845395 5.007141 0.326027 -0.211637 -0.192421 -3.769286 0.058262 -3.461839 1.206709 -0.226521 1.854127 -26.412195 0.165887 10.521419 -56.646920 -8.338535 13.937450 11.811299 -57.055164 -5.917231 11.130360 -15.990353 -55.613099 25.471716 5.292903 8.934782 55.559922 6.727073 17.435609 -16.765214 51.980070 -11.921218 -1.617715 17.213064 -45.008931 
1.636945 -8.011417 99.674835 176.531663 -1.009187 85.799830 4.780653 1.759114 9.599598 -3.834906 -0.823560 -6.190613 3.154504 8.369960 -4.567226 nan nan nan -5.408408 -2.976104 10.118489 3.890734 -0.777789 -5.261979 6.561148 -2.764075 -2.064528 nan nan nan -0.951705 0.601956 3.278894 1.496783 -2.956478 4.748703 0.287955 -0.283046 -0.127279 -3.737517 0.054631 -3.562713 1.209934 -0.222676 1.984605 -26.305574 0.112547 10.420053 -56.704986 -8.505652 13.987080 11.840236 -57.065454 -6.002301 11.448256 -15.672169 -55.955593 25.366332 5.336562 8.760530 55.580849 6.881675 17.539035 -16.523085 51.952437 -11.718145 -1.929780 17.111189 -45.365776 
1.620070 -8.053537 99.672638 176.704695 -0.967657 85.777568 4.795289 1.587549 9.515332 -3.803356 -0.839205 -6.112298 3.145169 8.399398 -4.554827 nan nan nan -5.371278 -3.054305 10.147232 3.910215 -0.807752 -5.287084 6.615485 -2.809188 -2.048644 nan nan nan -0.868927 0.583230 3.424122 1.480849 -3.048925 4.573405 0.255022 -0.329473 -0.108996 -3.716306 0.050218 -3.578691 1.197564 -0.283719 2.072015 -26.268793 0.051411 10.320535 -56.688793 -8.649615 14.031582 11.938883 -57.069140 -6.031796 11.528803 -15.573764 -55.989972 25.277576 5.385229 8.654130 55.567693 6.967336 17.598134 -16.303763 51.965568 -11.495836 -2.242981 16.923383 -45.742193 
1.614473 -8.063319 99.653061 176.757388 -0.890638 85.818964 4.886476 1.436848 9.466989 -3.842698 -0.760267 -6.161987 3.112617 8.423371 -4.493355 nan nan nan -5.292907 -3.104970 10.084238 3.914693 -0.840985 -5.287666 6.670147 -2.830086 -2.022186 nan nan nan -0.712784 0.611610 3.378874 1.450147 -3.070934 4.504705 0.196002 -0.349595 -0.089125 -3.697021 0.050229 -3.552852 1.179747 -0.368427 2.188044 -26.245545 -0.060251 10.281872 -56.609888 -8.840156 14.044685 11.980964 -57.065340 -6.078604 11.567638 -15.657931 -55.911089 25.204558 5.431379 8.627051 55.512926 7.091759 17.605657 -16.074116 52.032902 -11.231465 -2.518975 16.919426 -45.990812 
1.621148 -8.075482 99.639450 176.709501 -0.893382 85.876538 4.925148 1.413527 9.425216 -3.927569 -0.748507 -6.206460 3.117246 8.451507 -4.462044 nan nan nan -5.284325 -3.072362 9.978327 3.913629 -0.804537 -5.235376 6.628600 -2.883364 -2.049215 nan nan nan -0.698491 0.663748 3.264679 1.426109 -3.019431 4.475709 0.191143 -0.371748 -0.024352 -3.679962 -0.024827 -3.553073 1.181106 -0.422966 2.326935 -26.154788 -0.215821 10.274561 -56.521681 -9.040060 14.060571 11.896580 -57.115200 -6.193371 11.940591 -15.486168 -55.923615 25.129305 5.543376 8.596296 55.476976 7.212481 17.655750 -16.006927 52.133829 -11.272788 -2.788950 17.055072 -46.182124 
1.636214 -8.078000 99.627312 176.672859 -0.918975 85.906965 4.921169 1.417976 9.383416 -3.952595 -0.796314 -6.196492 3.135810 8.497046 -4.454115 nan nan nan -5.291588 -2.994812 9.930467 3.915636 -0.777220 -5.237398 6.610513 -2.971800 -2.033584 nan nan nan -0.777262 0.695727 3.182172 1.430051 -2.961641 4.437911 0.250974 -0.388931 0.049030 -3.676147 -0.087613 -3.533584 1.183848 -0.390415 2.447333 -26.113661 -0.381064 10.198600 -56.423516 -9.224959 14.103419 11.733138 -57.149645 -6.241865 12.469242 -15.080179 -55.786384 25.034557 5.673674 8.469887 55.428392 7.286981 17.753192 -15.962803 52.169428 -11.475651 -3.085773 17.162249 -46.461747 
1.640283 -8.093340 99.631813 176.718206 -0.905626 85.883512 4.920897 1.387540 9.374099 -3.920031 -0.786950 -6.167266 3.162729 8.483438 -4.448730 nan nan nan -5.248830 -2.998881 9.947758 3.880236 -0.806016 -5.234084 6.603223 -3.002114 -2.039179 nan nan nan -0.781128 0.691383 3.219218 1.424942 -2.972175 4.389506 0.267093 -0.404354 0.038665 -3.646495 -0.063874 -3.449885 1.160049 -0.393580 2.508521 -26.033873 -0.496520 10.131978 -56.358117 -9.399336 14.150581 11.596529 -57.251799 -6.057927 12.170021 -15.058888 -55.746738 24.895258 5.787778 8.407871 55.458613 7.396285 17.829449 -16.002681 52.198122 -11.565405 -3.239992 17.182524 -46.623400 
1.640529 -8.104675 99.635994 176.751785 -0.915542 85.827131 4.891809 1.396128 9.430228 -3.881762 -0.762167 -6.190794 3.172368 8.451033 -4.438946 nan nan nan -5.248173 -3.018904 10.000144 3.855533 -0.810414 -5.227797 6.553384 -2.975017 -2.040386 nan nan nan -0.774338 0.684421 3.264681 1.391399 -2.963500 4.386497 0.261816 -0.436910 0.024212 -3.617922 -0.054456 -3.355294 1.141840 -0.418001 2.515769 -25.993090 -0.608073 10.071358 -56.273463 -9.541127 14.165224 11.779222 -57.427183 -6.264680 11.571492 -15.104401 -55.851117 24.817511 5.895297 8.337505 55.472132 7.542152 17.911508 -16.036918 52.205265 -11.628480 -3.170807 17.112500 -46.502240 
1.646540 -8.101559 99.641335 176.709138 -0.961578 85.777363 4.850190 1.475374 9.502517 -3.874355 -0.786683 -6.205443 3.158483 8.452183 -4.450298 nan nan nan -5.304715 -3.018447 10.039877 3.853201 -0.789372 -5.210726 6.541177 -2.938490 -2.063759 nan nan nan -0.826793 0.677678 3.287554 1.372372 -2.916940 4.319056 0.272333 -0.434789 0.065232 -3.586501 -0.073773 -3.300326 1.113016 -0.434147 2.650634 -25.919398 -0.674868 9.980935 -56.235502 -9.702485 14.224314 11.964793 -57.584970 -6.523807 11.811102 -14.884754 -55.891446 24.743875 5.957733 8.224532 55.437721 7.721609 18.006969 -15.801390 52.261453 -11.542681 -3.519626 16.926824 -46.599587 
1.654881 -8.097993 99.648834 176.679937 -1.006432 85.736260 4.830350 1.566069 9.566623 -3.886328 -0.829389 -6.223238 3.122526 8.428725 -4.456527 nan nan nan -5.359706 -3.013723 10.079415 3.860358 -0.799996 -5.200974 6.533423 -2.910594 -2.105647 nan nan nan -0.894627 0.675278 3.270004 1.380639 -2.888155 4.268587 0.278222 -0.413220 0.102650 -3.559897 -0.025556 -3.199547 1.059252 -0.441821 2.761502 -25.806398 -0.771345 9.909427 -56.187071 -9.958535 14.334310 11.946833 -57.606307 -6.517728 12.210251 -14.830626 -56.050246 24.634625 5.966447 8.098850 55.403585 7.982580 18.076044 -15.475262 52.277273 -11.275736 -3.870259 16.749591 -46.893444 
1.659603 -8.094003 99.654869 176.744304 -1.015690 85.697822 4.846784 1.590933 9.606385 -3.903214 -0.849714 -6.236006 3.048825 8.370515 -4.442554 nan nan nan -5.378044 -3.061616 10.157560 3.868504 -0.833297 -5.243483 6.529165 -2.886895 -2.081430 nan nan nan -0.919198 0.691803 3.231259 1.393515 -2.927569 4.270634 0.286427 -0.409266 0.107430 -3.586051 0.014167 -3.112443 1.028013 -0.452200 2.782309 -25.663161 -0.923460 9.879080 -56.186394 -10.218909 14.423054 11.973970 -57.613711 -6.597556 12.370269 -14.785768 -56.205179 24.481720 5.990432 7.998106 55.414292 8.214356 18.111599 -15.288340 52.325379 -11.022646 -3.822535 16.603587 -47.035969 
1.665340 -8.092427 99.658768 176.799011 -0.993054 85.669486 4.854607 1.571131 9.635983 -3.860540 -0.855419 -6.268982 3.005247 8.348519 -4.390592 nan nan nan -5.362610 -3.121103 10.234177 3.875667 -0.807104 -5.316006 6.566466 -2.869908 -2.014456 nan nan nan -0.895626 0.708527 3.169048 1.389882 -2.963761 4.287142 0.281613 -0.405430 0.118104 -3.635902 0.002696 -3.021538 1.056422 -0.460843 2.727504 -25.538363 -1.098188 9.812259 -56.128983 -10.431128 14.511366 12.028148 -57.700858 -6.806277 12.554572 -14.517849 -56.256480 24.344641 6.082593 7.900606 55.327161 8.410297 18.196232 -14.974618 52.425135 -10.688245 -3.935304 16.454112 -46.886494 
1.665100 -8.097973 99.662849 176.823482 -0.970806 85.624923 4.855710 1.556362 9.679408 -3.807303 -0.881964 -6.279276 2.956013 8.341896 -4.368229 nan nan nan -5.342881 -3.155163 10.289047 3.864647 -0.790323 -5.333804 6.584965 -2.832569 -1.953580 nan nan nan -0.853792 0.691652 3.155112 1.371651 -2.972271 4.275603 0.263571 -0.400474 0.132469 -3.650019 0.013429 -2.940136 1.074467 -0.480333 2.717499 -25.440678 -1.212007 9.690655 -56.068170 -10.664667 14.598770 12.140191 -57.798780 -6.975573 12.625689 -14.397191 -56.375326 24.235602 6.159276 7.758616 55.196875 8.653283 18.302321 -14.544398 52.516825 -10.340976 -4.181987 16.408514 -46.903455 
1.669411 -8.114717 99.660873 176.785495 -0.977768 85.607160 4.871933 1.622615 9.692649 -3.828579 -0.906971 -6.264772 2.923484 8.352517 -4.370862 nan nan nan -5.352915 -3.161059 10.246056 3.868664 -0.772932 -5.250815 6.554819 -2.845078 -1.980179 nan nan nan -0.857100 0.697545 3.164415 1.348945 -2.935538 4.207186 0.275240 -0.417598 0.138732 -3.614785 -0.001873 -2.862770 1.038059 -0.460199 2.810215 -25.317598 -1.309396 9.545378 -56.021209 -10.904286 14.637133 12.117188 -57.932992 -7.002795 12.640435 -14.250469 -56.384424 24.064029 6.230029 7.594906 55.193760 8.900627 18.403837 -14.241566 52.634920 -10.190543 -4.269831 16.287175 -46.739709 
1.668793 -8.131978 99.645927 176.756769 -1.023608 85.665063 4.839652 1.638514 9.645766 -3.878877 -0.898345 -6.307822 2.879472 8.393952 -4.325940 nan nan nan -5.412828 -3.137440 10.163075 3.896075 -0.736840 -5.246403 6.550376 -2.900519 -2.006969 nan nan nan -0.920309 0.726096 3.058471 1.330357 -2.918464 4.138385 0.286669 -0.423080 0.175919 -3.549126 -0.022679 -2.768462 1.017381 -0.449407 2.907319 -25.199226 -1.451893 9.415967 -55.916349 -11.117516 14.680175 12.075543 -58.141139 -7.098618 12.783641 -14.083952 -56.320173 23.867850 6.342703 7.455836 55.226291 9.112774 18.547755 -14.211343 52.751778 -10.161730 -4.308235 15.972640 -46.113441 
1.647093 -8.147607 99.633286 176.789429 -1.079587 85.712188 4.726518 1.554637 9.594523 -3.843274 -0.881201 -6.366320 2.828037 8.475279 -4.294552 nan nan nan -5.508867 -3.111258 10.127236 3.945275 -0.762728 -5.295066 6.574280 -2.928557 -1.957564 nan nan nan -0.945557 0.713003 2.976473 1.307176 -2.939214 4.052104 0.259482 -0.424569 0.223241 -3.514233 0.058090 -2.717185 0.992329 -0.429045 2.969955 -25.133413 -1.598086 9.272462 -55.775857 -11.350329 14.793713 12.200368 -58.294905 -7.352878 13.086545 -14.167989 -56.368987 23.733515 6.482277 7.309717 55.120551 9.343836 18.726793 -14.211120 52.827852 -10.127859 -4.507777 15.708202 -45.858523 
1.616729 -8.183468 99.632820 176.803755 -1.119065 85.713349 4.631640 1.509328 9.548950 -3.796260 -0.882443 -6.362737 2.919688 8.510609 -4.297621 nan nan nan -5.580928 -3.089799 10.046198 3.976060 -0.826651 -5.216269 6.599673 -2.904021 -1.950044 nan nan nan -0.903287 0.668433 3.046219 1.249665 -2.917020 3.844244 0.215345 -0.418852 0.271889 -3.526166 0.142755 -2.689586 1.002270 -0.375143 3.091605 -24.995070 -1.701081 9.104782 -55.698139 -11.630719 14.901928 12.395377 -58.391213 -7.442919 13.410363 -14.294229 -56.429229 23.574919 6.607237 7.138389 55.023944 9.619005 18.852986 -13.967030 52.849552 -9.731141 -4.764623 15.713581 -46.202304 
1.604484 -8.226344 99.624817 176.776929 -1.128841 85.758777 4.630233 1.453239 9.463011 -3.848576 -0.881449 -6.353840 3.080961 8.555455 -4.326835 nan nan nan -5.598047 -3.026564 9.903391 3.993160 -0.830524 -5.130066 6.605702 -2.965112 -1.951758 nan nan nan -0.854089 0.620369 3.037183 1.181441 -2.889077 3.639485 0.196144 -0.415251 0.347776 -3.525679 0.181049 -2.661441 1.042718 -0.288365 3.294606 -24.792570 -1.810720 8.949429 -55.648760 -11.893297 14.949478 12.691381 -58.535888 -7.644197 13.529665 -14.149739 -56.572264 23.355581 6.756108 7.058279 54.930615 9.967058 18.931245 -13.593868 52.916086 -9.195850 -4.994221 15.614805 -46.584415 
1.650801 -8.258590 99.613312 176.656771 -1.131350 85.813240 4.683053 1.559032 9.398077 -3.878156 -0.878779 -6.364613 3.103254 8.561129 -4.309644 nan nan nan -5.545214 -2.959626 9.750569 3.940433 -0.782120 -5.046163 6.581498 -2.975446 -1.991337 nan nan nan -0.947022 0.568951 2.956046 1.188372 -2.823538 3.526896 0.232278 -0.342935 0.401951 -3.473227 0.212715 -2.611437 1.099881 -0.281674 3.520096 -24.545715 -1.936529 8.837085 -55.581486 -12.225458 14.990769 12.799755 -58.651342 -7.736882 13.681741 -14.053063 -56.975174 23.197756 6.909061 7.034936 54.794374 10.363537 18.966669 -13.337134 53.041535 -8.799027 -5.198196 15.741252 -46.940863 
1.642824 -8.231173 99.636368 176.849454 -1.044469 85.703882 4.729114 1.530106 9.514744 -3.771175 -0.912568 -6.407721 3.067389 8.440123 -4.269980 nan nan nan -5.456430 -3.123253 10.006577 3.906553 -0.856377 -5.215442 6.629986 -2.892865 -1.913463 nan nan nan -0.805311 0.508714 2.877736 1.198660 -2.961585 3.668293 0.131355 -0.345680 0.397177 -3.454024 0.243321 -2.554874 1.176086 -0.367046 3.608435 -24.422995 -2.164661 8.759162 -55.394623 -12.612064 15.095565 13.071831 -58.741883 -8.072811 13.870648 -14.179444 -57.370943 23.047498 7.102942 6.938725 54.699730 10.735012 18.969104 -13.283039 53.151852 -8.808478 -5.417818 16.023177 -47.362587 
1.690113 -8.329363 99.646614 176.600042 -1.085304 85.708960 4.714776 1.683162 9.456670 -3.774283 -0.811896 -6.349767 2.976102 8.438220 -4.250869 nan nan nan -5.406548 -2.932766 9.768695 3.821105 -0.870621 -4.977723 6.606684 -2.828885 -1.983819 nan nan nan -0.895906 0.515870 3.064903 1.170721 -2.775304 3.466723 0.137673 -0.297990 0.374150 -3.329319 0.340264 -2.626476 1.179935 -0.503657 3.793670 -24.214908 -2.341234 8.670532 -55.135727 -12.944225 15.147998 13.224453 -58.991282 -8.234351 14.075986 -14.469522 -57.634629 22.853501 7.297184 6.774263 54.763223 11.094392 19.138391 -13.365057 53.221136 -9.116645 -5.934886 16.064035 -47.860715 
1.747360 -8.395955 99.641273 176.383414 -1.168229 85.746746 4.709698 2.001931 9.374803 -3.817513 -0.809240 -6.298128 2.779218 8.374613 -4.213462 nan nan nan -5.424766 -2.752572 9.557391 3.789290 -0.891134 -4.822412 6.568500 -2.802750 -2.011611 nan nan nan -1.087615 0.520521 3.128056 1.143306 -2.535117 3.253547 0.240021 -0.346529 0.391616 -3.173382 0.436066 -2.592429 1.093206 -0.530888 3.972238 -24.056904 -2.520951 8.604578 -54.855080 -13.321119 15.184935 13.438665 -59.160842 -8.447871 14.196068 -14.753957 -57.446386 22.613616 7.445723 6.517341 54.647058 11.499755 19.327956 -12.844373 53.274743 -8.893489 -6.616116 16.067660 -48.377679 
1.632957 -8.376986 99.654190 176.749425 -1.134200 85.685666 4.592959 1.677760 9.382332 -3.710837 -0.879247 -6.287455 2.727796 8.410038 -4.246648 nan nan nan -5.554564 -2.953158 9.822921 3.948085 -0.993004 -5.065267 6.695164 -2.861607 -1.876009 nan nan nan -0.764427 0.500428 3.047385 1.049319 -2.784792 3.229668 0.076451 -0.505189 0.474058 -3.145986 0.416690 -2.518985 1.054516 -0.413449 4.078757 -23.916912 -2.790431 8.398643 -54.694087 -13.632402 15.277547 13.883333 -59.368640 -9.022572 14.301722 -14.559311 -56.941471 22.256908 7.702315 6.272480 54.489860 11.851233 19.422493 -12.446191 53.478156 -8.645463 -6.890877 16.000326 -48.479516 
1.664768 -8.373476 99.651382 176.771232 -1.117270 85.704862 4.641365 1.667829 9.367537 -3.727041 -0.885627 -6.297885 2.646243 8.413477 -4.230934 nan nan nan -5.513172 -3.011752 9.844710 3.931663 -0.915713 -5.134145 6.671377 -2.866980 -1.827572 nan nan nan -0.791515 0.487059 2.890442 1.062212 -2.853649 3.250316 0.070759 -0.464718 0.513824 -3.112392 0.441370 -2.415336 1.129882 -0.402607 4.148228 -23.667078 -3.007830 8.176052 -54.524871 -13.969403 15.287742 14.031998 -59.696987 -9.383162 14.294919 -14.355934 -56.760481 21.943239 7.898795 6.101621 54.495738 12.189773 19.499422 -12.584536 53.753189 -8.797658 -6.588286 15.921952 -48.259634 
1.699639 -8.376582 99.639374 176.854595 -1.074314 85.733728 4.736254 1.621053 9.319482 -3.767572 -0.909022 -6.324446 2.733766 8.365662 -4.215497 nan nan nan -5.431517 -3.099425 9.854952 3.911002 -0.870389 -5.222980 6.606860 -2.939024 -1.803009 nan nan nan -0.779661 0.425313 2.727849 1.067249 -2.927768 3.242375 0.060845 -0.422712 0.563356 -3.051596 0.511761 -2.326505 1.122638 -0.385438 4.263878 -23.486535 -3.225140 7.953199 -54.270661 -14.409521 15.242839 13.987557 -59.931472 -9.632967 14.126428 -14.315350 -56.947498 21.662469 8.077555 5.934136 54.396809 12.586763 19.627661 -12.856513 53.953905 -9.080531 -6.943890 15.613539 -47.977554 
1.714865 -8.390759 99.634033 176.921587 -1.022864 85.704950 4.813139 1.603459 9.342683 -3.769806 -0.955422 -6.373471 2.854147 8.328212 -4.170497 nan nan nan -5.329489 -3.150664 9.906644 3.847695 -0.903845 -5.288201 6.644337 -2.984061 -1.758630 nan nan nan -0.716163 0.343986 2.713471 1.015787 -2.933649 3.189785 0.069243 -0.426532 0.539255 -2.929689 0.547449 -2.244304 1.090432 -0.269801 4.463661 -23.283950 -3.445652 7.787465 -54.002071 -14.832478 15.221083 14.134357 -60.152228 -9.752688 13.392663 -14.601735 -57.351090 21.327597 8.287229 5.746586 54.155923 13.143675 19.640921 -12.092317 54.100035 -8.389262 -6.637039 16.095695 -48.567684 
1.711200 -8.412712 99.640472 176.930973 -1.026631 85.677184 4.788428 1.578796 9.391702 -3.734033 -1.000921 -6.458616 2.865832 8.386906 -4.115281 nan nan nan -5.316738 -3.158622 9.950001 3.806962 -0.908532 -5.352691 6.696175 -3.026653 -1.705363 nan nan nan -0.674725 0.325886 2.750782 0.959200 -2.963669 3.045170 0.037480 -0.445873 0.580843 -2.805236 0.531429 -2.209829 1.109637 -0.185258 4.685812 -23.024291 -3.682744 7.553649 -53.737326 -15.170763 15.259070 14.542540 -60.490863 -10.263193 14.109551 -14.377908 -57.476151 20.993653 8.559766 5.470939 53.906707 13.623729 19.789959 -11.771559 54.430170 -7.979308 -7.007051 15.886012 -48.399662 
1.709679 -8.439371 99.651566 176.895534 -1.054681 85.675772 4.742151 1.577710 9.414297 -3.715182 -0.991243 -6.532690 2.876242 8.438168 -4.018956 nan nan nan -5.359538 -3.191968 9.933196 3.799109 -0.851605 -5.354692 6.704051 -3.011571 -1.676443 nan nan nan -0.667557 0.349790 2.736587 0.932538 -3.010832 2.928071 -0.009439 -0.456015 0.635144 -2.700523 0.552501 -2.152478 1.104048 -0.204449 4.870689 -22.732472 -3.919053 7.221451 -53.541679 -15.527055 15.319340 14.994171 -60.771281 -10.721573 14.707145 -14.086718 -57.687534 20.757778 8.808997 5.165370 53.624350 14.127209 19.969860 -11.894839 54.862664 -7.818579 -7.345291 15.210335 -47.616034 
1.756352 -8.465883 99.656845 176.752754 -1.102502 85.683109 4.752542 1.743351 9.409101 -3.756003 -0.957652 -6.544532 2.816700 8.411476 -3.967790 nan nan nan -5.387448 -3.172083 9.825702 3.771735 -0.802367 -5.241832 6.685147 -2.949074 -1.679315 nan nan nan -0.821494 0.350955 2.717134 0.966960 -2.968591 2.814038 0.041993 -0.408674 0.653348 -2.653660 0.617752 -2.019986 1.063674 -0.264321 5.021617 -22.410507 -4.143221 6.921971 -53.400347 -15.942542 15.390645 15.468832 -60.960317 -11.175788 14.943026 -13.944587 -57.787962 20.528918 9.043333 4.900444 53.353876 14.663944 20.072917 -11.927650 55.159943 -7.735842 -7.609468 14.901966 -47.471739 
1.833774 -8.490239 99.639328 176.584431 -1.032421 85.851418 4.937954 1.753926 9.236937 -3.892271 -0.814699 -6.552282 2.682980 8.433300 -3.987151 nan nan nan -5.197520 -2.983160 9.553570 3.699106 -0.816383 -5.153141 6.627837 -3.013390 -1.682583 nan nan nan -0.882274 0.342496 2.471015 1.051944 -2.871330 2.690785 0.086727 -0.390670 0.692470 -2.607064 0.743597 -1.933256 0.973127 -0.286746 5.252549 -22.077266 -4.330402 6.850434 -53.219102 -16.504366 15.405902 16.010574 -61.125637 -11.626233 14.750785 -14.233444 -58.054947 20.171196 9.274000 4.790436 53.071623 15.341379 20.085408 -11.323268 55.256007 -6.914777 -7.712265 15.460874 -48.747682 
1.838521 -8.504955 99.630852 176.630725 -0.991829 85.903989 4.985275 1.671113 9.141637 -3.927631 -0.758896 -6.530534 2.540567 8.444035 -3.978783 nan nan nan -5.143104 -2.966600 9.494512 3.688884 -0.842905 -5.158188 6.632373 -3.054061 -1.648318 nan nan nan -0.821172 0.326177 2.359792 1.068509 -2.932564 2.575129 0.072368 -0.420259 0.708803 -2.566267 0.881175 -1.824347 0.901577 -0.212947 5.400448 -21.800079 -4.548121 6.736447 -53.001456 -17.098195 15.310583 16.423491 -61.260375 -11.855090 14.795095 -14.500056 -58.165946 19.787043 9.517393 4.643089 52.779417 16.030556 20.048640 -11.049075 55.445983 -6.239713 -7.935130 15.715621 -49.164650 
1.834345 -8.519882 99.634003 176.689983 -1.000209 85.869694 4.954535 1.648552 9.150312 -3.880919 -0.777170 -6.559500 2.398859 8.444211 -3.919966 nan nan nan -5.184687 -3.051982 9.558388 3.708236 -0.820431 -5.223560 6.662334 -3.047484 -1.560489 nan nan nan -0.828184 0.349616 2.312077 1.066272 -3.028375 2.512575 0.091332 -0.433081 0.752640 -2.500139 0.968457 -1.720417 0.906609 -0.211640 5.521765 -21.541134 -4.886063 6.436211 -52.727017 -17.606422 15.315295 16.870463 -61.351124 -12.359247 14.945823 -14.485748 -58.007137 19.425762 9.781614 4.350476 52.517733 16.666281 20.059465 -11.167027 55.718748 -6.291998 -7.801922 15.305508 -48.779001 
1.805989 -8.519299 99.648293 176.783202 -1.041662 85.696934 4.841092 1.682678 9.326264 -3.727253 -0.850954 -6.617954 2.422832 8.363984 -3.890226 nan nan nan -5.314416 -3.211365 9.792503 3.757882 -0.828366 -5.288999 6.782081 -2.963414 -1.492458 nan nan nan -0.814371 0.340491 2.418772 1.010885 -3.098712 2.488519 0.113543 -0.465695 0.773702 -2.467152 0.955691 -1.651617 0.873558 -0.241690 5.614481 -21.289512 -5.292690 6.108195 -52.372094 -18.062614 15.323551 17.460209 -61.486312 -13.175185 14.914738 -14.593504 -58.206270 19.050160 10.121852 3.996178 52.221463 17.245840 20.087685 -11.291445 55.970386 -6.555159 -7.689599 15.182922 -48.459727 
1.752391 -8.520462 99.672546 176.936789 -1.103299 85.490364 4.686583 1.683716 9.510009 -3.600337 -0.920175 -6.609165 2.511777 8.286007 -3.874487 nan nan nan -5.495865 -3.406179 10.057826 3.831175 -0.851122 -5.343284 6.946441 -2.889165 -1.449692 nan nan nan -0.709932 0.345260 2.568369 0.878423 -3.178979 2.432473 0.075021 -0.558399 0.823543 -2.513661 0.850254 -1.623520 0.885059 -0.161351 5.742530 -21.018379 -5.716669 5.824439 -52.046627 -18.563283 15.295266 18.276158 -61.744652 -14.510625 15.563081 -14.364470 -58.648459 18.726333 10.492980 3.598268 51.891393 17.811008 20.097803 -11.304779 56.145212 -6.704956 -7.616824 15.362912 -48.027515 
1.731325 -8.548909 99.674980 177.070404 -1.104900 85.496800 4.669616 1.514815 9.446890 -3.640938 -0.914336 -6.595781 2.579153 8.300811 -3.836150 nan nan nan -5.537222 -3.480252 10.046157 3.892400 -0.872293 -5.362996 6.881033 -2.925207 -1.449670 nan nan nan -0.562757 0.391029 2.554311 0.756067 -3.276695 2.177331 0.011651 -0.702621 0.946390 -2.446588 0.907381 -1.547044 0.843358 -0.167116 5.901817 -20.696415 -6.020078 5.533585 -51.772173 -19.146949 15.235120 18.718590 -61.901952 -15.252313 15.606206 -13.956605 -59.233488 18.510095 10.738171 3.336459 51.602433 18.493943 20.135202 -11.805067 56.275191 -6.905260 -8.441654 14.971177 -47.508300 
1.798251 -8.596090 99.668503 177.001030 -1.031802 85.576510 4.857067 1.502152 9.316700 -3.770812 -0.837903 -6.571101 2.496147 8.306293 -3.834803 nan nan nan -5.331432 -3.386726 9.896242 3.784420 -0.888229 -5.337520 6.837854 -2.965186 -1.480664 nan nan nan -0.621945 0.405611 2.500842 0.819358 -3.293948 1.952606 0.122845 -0.719627 0.973435 -2.383540 0.941445 -1.456001 0.732836 -0.127206 6.138651 -20.380753 -6.287465 5.253226 -51.489043 -19.691820 15.150025 19.223170 -61.901429 -15.849513 15.463381 -14.139498 -58.997610 18.115918 10.986665 3.049113 51.429700 19.160557 20.114007 -12.089622 56.541302 -6.932726 -8.122174 15.165655 -47.549602 
1.750561 -8.613594 99.711182 177.126851 -1.070745 85.329807 4.703654 1.529997 9.528244 -3.606353 -0.935097 -6.557925 2.376793 8.283198 -3.831043 nan nan nan -5.443799 -3.547881 10.188021 3.789088 -0.928838 -5.398584 7.030052 -2.892012 -1.419032 nan nan nan -0.656717 0.307462 2.775188 0.858958 -3.420887 1.884556 0.128765 -0.671715 0.892334 -2.372984 0.976596 -1.342536 0.660553 -0.111904 6.258195 -20.054867 -6.665580 4.894244 -51.198774 -20.212445 15.032795 19.602126 -61.758851 -16.232432 15.239294 -14.639754 -59.052228 17.585002 11.360718 2.646123 51.289472 19.727444 20.134729 -12.422058 56.749668 -7.250817 -7.812914 15.326405 -47.726383 
1.760298 -8.623632 99.719482 177.045002 -1.009155 85.332531 4.771492 1.539509 9.539072 -3.613827 -0.921686 -6.600393 2.322615 8.343850 -3.762310 nan nan nan -5.369686 -3.576384 10.124305 3.779296 -0.887509 -5.341646 7.055410 -2.833272 -1.368964 nan nan nan -0.594260 0.281394 2.613683 0.910837 -3.425585 1.869913 0.043863 -0.589072 0.936045 -2.366278 1.041413 -1.193215 0.716881 -0.204525 6.329714 -19.606808 -7.079242 4.671629 -51.007431 -20.827730 14.949472 20.446888 -61.774712 -16.966290 15.472925 -14.490583 -59.856640 17.099866 11.690389 2.405334 51.075932 20.413577 20.061900 -12.730590 56.905467 -7.295245 -8.426464 15.380344 -48.656397 
1.772212 -8.630723 99.714767 177.008744 -0.993534 85.394218 4.814616 1.538471 9.465536 -3.654284 -0.927843 -6.616636 2.472615 8.379240 -3.743894 nan nan nan -5.349043 -3.591228 10.037739 3.798583 -0.861209 -5.339336 7.014790 -2.809876 -1.334070 nan nan nan -0.547808 0.302812 2.372481 0.887070 -3.429073 1.824843 -0.012139 -0.586972 1.034807 -2.404896 1.035877 -1.059546 0.823983 -0.201225 6.448171 -19.093229 -7.543146 4.440570 -50.801619 -21.398444 14.908793 21.680625 -61.939369 -18.302400 16.105255 -13.885412 -60.378516 16.606823 11.985725 2.145046 50.845040 21.168571 19.920044 -13.085521 57.055255 -7.295378 -8.752838 15.463899 -49.039488 
1.766283 -8.645991 99.715965 177.069784 -1.054617 85.383975 4.716815 1.486369 9.436428 -3.599185 -0.942006 -6.609408 2.584267 8.357338 -3.712442 nan nan nan -5.421927 -3.632691 10.058532 3.790467 -0.888096 -5.380108 6.981345 -2.814880 -1.315352 nan nan nan -0.562898 0.309879 2.296700 0.828225 -3.481464 1.723692 -0.052930 -0.623046 1.068881 -2.375928 1.066762 -0.953235 0.898443 -0.163488 6.772841 -18.580740 -7.989386 4.196685 -50.453618 -21.993439 14.788501 22.629962 -61.953357 -19.476132 16.389595 -13.838578 -60.622670 16.115308 12.274629 1.785505 50.653555 21.941800 19.835311 -13.553345 57.056702 -7.482752 -8.309403 15.772789 -48.597291 
1.774081 -8.652452 99.719269 177.105469 -1.077060 85.339455 4.670365 1.426250 9.455821 -3.553831 -0.899014 -6.620739 2.518785 8.339312 -3.705015 nan nan nan -5.430863 -3.640780 10.118020 3.742718 -0.853057 -5.440493 6.993575 -2.867225 -1.281717 nan nan nan -0.541653 0.289828 2.315518 0.797629 -3.582575 1.576579 -0.076976 -0.629679 1.043107 -2.326945 1.114617 -0.817259 0.872874 -0.086588 7.039151 -18.211852 -8.340704 3.862287 -49.940229 -22.565299 14.593221 23.183356 -61.871074 -20.247448 16.053924 -14.237639 -60.682996 15.682682 12.677726 1.404717 50.338021 22.607251 19.830322 -14.212301 57.147501 -8.251237 -7.440894 16.096838 -48.146372 
1.785958 -8.655672 99.728706 177.096094 -1.059883 85.287986 4.701077 1.452932 9.487028 -3.557567 -0.893291 -6.620449 2.393284 8.351531 -3.741985 nan nan nan -5.411047 -3.678182 10.154468 3.724768 -0.785662 -5.444418 7.084835 -2.881214 -1.264281 nan nan nan -0.492299 0.274622 2.363195 0.778359 -3.634682 1.379929 -0.044135 -0.623749 1.043309 -2.378421 1.126703 -0.596809 0.869894 0.000987 7.097832 -17.845770 -8.696128 3.468174 -49.664779 -23.069199 14.519938 23.833509 -61.843392 -21.121240 16.424713 -13.925963 -60.709796 15.210442 13.105128 1.067526 49.888301 23.219175 19.717066 -14.521889 57.497859 -9.004196 -7.761902 15.892145 -48.626430 
1.795135 -8.664416 99.734818 177.084152 -1.050369 85.250134 4.724783 1.502127 9.504990 -3.555257 -0.881709 -6.619262 2.261889 8.307742 -3.730475 nan nan nan -5.430963 -3.742195 10.153021 3.766452 -0.775313 -5.404838 7.189068 -2.839376 -1.235779 nan nan nan -0.486977 0.285380 2.337590 0.791856 -3.683332 1.294566 -0.055589 -0.628343 1.031308 -2.317343 1.257308 -0.428347 0.874071 -0.005158 7.235061 -17.425830 -9.074472 3.104112 -49.177644 -23.632431 14.344655 24.308301 -61.732760 -21.749425 16.512834 -14.207709 -60.433946 14.749125 13.462990 0.752529 49.433159 23.956115 19.485005 -15.006527 57.681854 -9.746809 -7.543000 15.904181 -48.778013 
1.809315 -8.674891 99.726532 177.071151 -1.057566 85.226687 4.730559 1.524622 9.507950 -3.547756 -0.799474 -6.620383 2.135191 8.227316 -3.691140 nan nan nan -5.453177 -3.733469 10.156735 3.793001 -0.832734 -5.402137 7.214088 -2.784331 -1.222488 nan nan nan -0.522954 0.360311 2.218318 0.810930 -3.738996 1.315070 -0.055458 -0.665144 1.036008 -2.148017 1.414543 -0.361249 0.727071 -0.097873 7.461651 -16.960023 -9.462789 2.815365 -48.641643 -24.337805 14.022264 24.832763 -61.483712 -22.313579 16.039721 -15.097430 -59.748581 14.277081 13.765405 0.420668 48.896833 24.795834 19.204076 -15.311370 57.797917 -10.138696 -7.145891 16.142377 -48.927849 
1.825701 -8.683408 99.721077 177.074047 -1.050862 85.233597 4.741421 1.509661 9.464545 -3.526645 -0.740443 -6.578719 2.060870 8.146510 -3.685082 nan nan nan -5.445900 -3.727724 10.160391 3.788773 -0.852280 -5.461581 7.253562 -2.800006 -1.148545 nan nan nan -0.501070 0.473690 2.060192 0.783911 -3.791070 1.275659 -0.038630 -0.738529 1.098608 -2.018044 1.441882 -0.317616 0.549208 -0.170379 7.734338 -16.496203 -9.869803 2.566486 -48.232329 -25.081788 13.677541 25.612540 -61.199498 -23.141113 15.704877 -15.572457 -59.273162 13.758645 14.031835 0.096566 48.423398 25.642295 18.906337 -15.638938 57.899208 -10.397353 -7.098698 16.265113 -49.151878 
1.838097 -8.688606 99.727730 177.066501 -1.043968 85.221043 4.748819 1.490735 9.457239 -3.514633 -0.758142 -6.556085 2.005092 8.160746 -3.697132 nan nan nan -5.434048 -3.787096 10.175760 3.762947 -0.815089 -5.505452 7.310284 -2.830511 -1.081849 nan nan nan -0.486573 0.553256 1.988322 0.750485 -3.838216 1.142698 0.002015 -0.751122 1.170229 -1.943229 1.346056 -0.163241 0.486120 -0.155803 7.881212 -16.003033 -10.333213 2.303804 -47.828185 -25.691558 13.470674 26.532327 -61.065547 -24.057198 15.991833 -15.361922 -59.512991 13.147939 14.334784 -0.243180 48.058215 26.402111 18.632820 -16.182980 57.980814 -10.881579 -7.409875 16.162839 -49.514469 
1.848049 -8.686415 99.744858 177.009320 -1.038363 85.155668 4.727160 1.538097 9.537611 -3.455760 -0.797640 -6.593410 1.953624 8.263945 -3.634079 nan nan nan -5.429417 -3.811497 10.220550 3.754380 -0.771335 -5.503793 7.355807 -2.839529 -1.020515 nan nan nan -0.493437 0.567860 2.016762 0.754526 -3.848519 1.020809 0.064758 -0.688900 1.144588 -1.987467 1.222884 0.151110 0.507505 -0.058084 7.850850 -15.537891 -10.820254 1.971920 -47.280258 -26.148766 13.384221 27.388032 -61.092641 -25.034993 16.434772 -14.826338 -59.966333 12.498339 14.732233 -0.671606 47.646162 27.025273 18.460066 -16.711348 57.994637 -11.664676 -7.531174 16.146717 -49.998609 
1.858698 -8.681454 99.759544 176.945769 -1.027568 85.110551 4.726426 1.606679 9.590063 -3.423746 -0.834641 -6.621724 1.935960 8.346310 -3.555559 nan nan nan -5.421908 -3.834875 10.239734 3.746004 -0.640873 -5.496978 7.391575 -2.860116 -0.989659 nan nan nan -0.474924 0.556042 2.003953 0.755974 -3.841617 0.910762 0.112460 -0.644702 1.124362 -2.128020 1.111824 0.332934 0.517906 -0.023810 7.936455 -15.085841 -11.208826 1.560473 -46.848967 -26.684728 13.202420 28.050776 -61.022078 -25.853964 16.485565 -14.456294 -60.291433 11.899353 15.132552 -1.072968 47.118476 27.685155 18.241345 -17.153794 57.959254 -12.425727 -7.450578 16.184559 -50.209692 
1.882159 -8.677719 99.773071 176.924714 -1.026707 85.082031 4.745726 1.656322 9.593946 -3.428441 -0.884350 -6.608162 2.017011 8.304517 -3.572438 nan nan nan -5.407249 -3.874149 10.255252 3.720080 -0.552818 -5.518005 7.385601 -2.874630 -0.966225 nan nan nan -0.495112 0.515435 2.022055 0.761337 -3.838091 0.724972 0.126003 -0.642224 1.127459 -2.152224 1.047207 0.330083 0.479243 -0.112987 8.272468 -14.604320 -11.465974 1.201321 -46.518465 -27.371079 12.871562 28.629013 -60.770611 -26.349042 16.329092 -14.660488 -60.451782 11.319698 15.424926 -1.437284 46.775972 28.470819 17.990498 -17.628819 57.836997 -13.034906 -7.374534 16.256640 -50.614564 
1.899968 -8.671500 99.792671 176.916591 -1.033222 85.032852 4.754660 1.710043 9.606138 -3.428512 -0.908520 -6.564299 2.041089 8.264469 -3.649485 nan nan nan -5.398973 -3.890004 10.291756 3.686379 -0.567201 -5.520796 7.411987 -2.838632 -0.945462 nan nan nan -0.527019 0.462144 2.076412 0.775220 -3.859541 0.559891 0.087746 -0.551321 1.109257 -2.040835 1.079155 0.395859 0.538970 -0.223020 8.476785 -14.048354 -11.794366 0.886085 -45.984613 -28.036722 12.529693 29.095066 -60.514288 -26.666157 16.224705 -15.022804 -60.467776 10.720701 15.641919 -1.868765 46.682440 29.167609 17.737205 -18.453023 57.672635 -13.906244 -7.262277 16.375689 -51.206298 
1.909185 -8.658466 99.809776 176.901359 -1.036172 84.987902 4.756037 1.757170 9.633347 -3.407676 -0.923060 -6.553944 1.958393 8.277961 -3.635891 nan nan nan -5.396067 -3.875584 10.331391 3.667501 -0.616098 -5.537732 7.471619 -2.832877 -0.933335 nan nan nan -0.516041 0.427876 2.112518 0.766109 -3.918984 0.372958 0.049853 -0.429514 1.169521 -1.937091 1.138293 0.559439 0.604428 -0.293062 8.514398 -13.462339 -12.135668 0.471750 -45.364616 -28.623348 12.193284 29.307369 -60.374973 -26.814872 16.327684 -15.194117 -60.490454 10.087479 15.917749 -2.274404 46.463197 29.855639 17.392492 -19.249472 57.504561 -14.672179 -7.198398 16.418287 -51.480749 
1.921436 -8.639900 99.817001 176.879478 -1.031430 84.943870 4.771026 1.774144 9.686165 -3.384609 -0.967623 -6.573751 1.853532 8.297844 -3.619856 nan nan nan -5.393346 -3.878511 10.382701 3.673850 -0.611297 -5.575525 7.517759 -2.868502 -0.918958 nan nan nan -0.455538 0.421304 2.103006 0.731985 -4.016592 0.222931 0.019431 -0.410837 1.261234 -1.863833 1.271365 0.663865 0.552369 -0.331007 8.617336 -12.857043 -12.423114 0.047546 -44.666885 -29.127742 11.821061 29.639129 -60.307750 -27.208903 16.435772 -15.403377 -60.544677 9.497993 16.327515 -2.586590 45.853963 30.671963 16.963193 -19.561309 57.368956 -14.957473 -7.170310 16.524211 -51.769670 
1.935490 -8.621225 99.814034 176.875732 -1.034422 84.909405 4.769419 1.796659 9.708545 -3.353533 -1.051903 -6.564134 1.783916 8.339346 -3.623524 nan nan nan -5.390864 -3.872087 10.416559 3.665438 -0.564770 -5.570084 7.513959 -2.909748 -0.937126 nan nan nan -0.382091 0.349399 2.082122 0.689823 -4.134280 0.112156 -0.056927 -0.393828 1.261689 -1.729931 1.355113 0.748993 0.484176 -0.320349 8.788167 -12.184101 -12.637040 -0.353011 -43.969237 -29.599713 11.514743 30.250804 -60.211873 -27.929836 16.455230 -15.452004 -60.452722 8.950129 16.746374 -2.898898 45.124318 31.510785 16.567061 -19.603292 57.259589 -15.239655 -7.149063 16.720426 -52.540808 
1.954537 -8.602815 99.819336 176.877704 -1.020436 84.929709 4.790964 1.861218 9.665013 -3.323794 -1.109880 -6.546037 1.716965 8.379841 -3.585850 nan nan nan -5.364133 -3.903706 10.402223 3.641233 -0.461875 -5.568351 7.573141 -2.965446 -0.942547 nan nan nan -0.366297 0.361651 1.998774 0.671651 -4.128279 -0.053479 -0.072471 -0.399852 1.297587 -1.616122 1.256815 0.892651 0.528147 -0.412278 8.888344 -11.546805 -12.934996 -0.774899 -43.337253 -30.180039 11.316328 30.699214 -60.045609 -28.418489 16.668679 -15.146035 -60.102840 8.331097 16.956953 -3.281236 44.410206 32.216354 16.108530 -19.564290 57.241465 -15.581161 -7.434764 16.577807 -53.544986 
1.965927 -8.588584 99.837105 176.883688 -0.982217 84.962377 4.827644 1.888779 9.606656 -3.299294 -1.165918 -6.532434 1.636099 8.457299 -3.586702 nan nan nan -5.306449 -3.963377 10.375265 3.615758 -0.306191 -5.595117 7.645053 -3.096838 -0.877844 nan nan nan -0.425942 0.554936 1.943060 0.682427 -3.955120 -0.266236 0.113264 -0.598913 1.329949 -1.649909 1.030309 1.097058 0.560901 -0.448979 8.939574 -11.090784 -13.409835 -1.110105 -42.657630 -30.791032 11.083306 31.027065 -59.848594 -28.814331 17.016878 -14.819032 -59.917961 7.591781 17.077645 -3.718863 43.604672 32.727691 15.607049 -19.626968 57.289591 -15.984596 -7.751098 16.127391 -54.473454 
1.975233 -8.573834 99.844170 176.868173 -0.988235 84.945778 4.816036 1.914862 9.612294 -3.271567 -1.231731 -6.539237 1.602567 8.528843 -3.591652 nan nan nan -5.319074 -4.027263 10.386178 3.600107 -0.171306 -5.598667 7.688880 -3.154073 -0.843634 nan nan nan -0.381113 0.536127 1.865022 0.661026 -4.036305 -0.293960 0.055324 -0.509451 1.329354 -1.598993 1.066662 1.228242 0.555047 -0.468254 8.905351 -10.501481 -13.761294 -1.544682 -41.696321 -31.286747 10.647902 31.177114 -59.781052 -29.289312 17.214687 -14.658434 -59.839637 7.050082 17.434583 -4.052115 42.767714 33.393369 15.105839 -19.996547 57.157100 -16.718000 -7.773430 15.871143 -54.869754 
1.982975 -8.553570 99.855469 176.880124 -0.975118 84.957327 4.835743 1.946846 9.589530 -3.266284 -1.310752 -6.537546 1.540464 8.587884 -3.541715 nan nan nan -5.296293 -4.047665 10.411201 3.582543 -0.120448 -5.664433 7.810670 -3.216390 -0.799842 nan nan nan -0.464756 0.699182 1.762567 0.688493 -3.964477 -0.345940 0.234285 -0.680404 1.352896 -1.662767 0.971170 1.468817 0.548321 -0.369173 8.692696 -9.967112 -14.198058 -1.967759 -40.922831 -31.875105 10.281079 31.365258 -59.498082 -29.752512 17.392929 -14.553578 -59.470784 6.268022 17.660369 -4.625712 42.090017 33.937479 14.658769 -20.315466 56.954411 -17.435018 -7.643438 15.838420 -55.022944 
1.993350 -8.527378 99.873276 176.890136 -0.985426 84.933642 4.858331 2.015253 9.613576 -3.291063 -1.434194 -6.523081 1.403450 8.658331 -3.509738 nan nan nan -5.291544 -4.064141 10.478565 3.556667 -0.075184 -5.729526 7.853573 -3.276034 -0.784789 nan nan nan -0.477544 0.726183 1.722914 0.665967 -3.999903 -0.414198 0.271254 -0.749361 1.345219 -1.635970 1.043091 1.745508 0.596331 -0.147205 8.544819 -9.362607 -14.548527 -2.462861 -40.115503 -32.294821 9.821306 31.697744 -59.243692 -30.122036 17.440305 -14.542436 -59.342507 5.512320 17.998096 -5.154285 41.603147 34.566429 14.254369 -20.627507 56.537283 -18.015213 -7.548974 15.926736 -55.212861 
2.008583 -8.502876 99.900810 176.894901 -1.023960 84.955410 4.820112 2.071847 9.593091 -3.265247 -1.557078 -6.517816 1.368197 8.731943 -3.539716 nan nan nan -5.321109 -4.070880 10.456335 3.549390 0.013549 -5.734277 7.843766 -3.371210 -0.796163 nan nan nan -0.480972 0.684652 1.749198 0.605718 -4.056969 -0.667274 0.211406 -0.709719 1.346478 -1.503178 1.148839 1.968775 0.694405 -0.053352 8.564674 -8.744170 -14.837631 -2.868031 -38.993593 -32.626623 9.265236 31.773718 -59.166166 -30.400375 17.324133 -14.759775 -59.347828 4.993975 18.321576 -5.549383 40.942979 35.148610 13.845842 -20.908142 56.215252 -18.669571 -7.533776 15.977429 -55.662870 
2.032171 -8.473808 99.925362 176.885678 -1.056009 84.966141 4.770739 2.118671 9.600405 -3.219793 -1.629779 -6.529597 1.292877 8.803295 -3.570652 nan nan nan -5.333995 -4.048903 10.477973 3.538163 0.111024 -5.808748 7.926692 -3.488238 -0.777962 nan nan nan -0.541285 0.661199 1.699721 0.630697 -4.045979 -0.868186 0.098118 -0.628716 1.438938 -1.356083 1.266765 1.910805 0.776988 -0.462515 8.881418 -8.105176 -15.191223 -3.150161 -37.618687 -33.091640 8.685213 31.676342 -58.911574 -30.518655 17.242637 -15.436815 -58.969074 4.600874 18.489159 -5.949024 39.987557 35.754409 13.282356 -20.824026 56.048547 -19.025974 -7.711656 15.989508 -56.618805 
2.048875 -8.452661 99.944427 176.896254 -1.034378 84.929120 4.793065 2.167217 9.644693 -3.191283 -1.714343 -6.540768 1.132022 8.862432 -3.574363 nan nan nan -5.275856 -4.055283 10.549711 3.478567 0.213114 -5.866959 7.976463 -3.629377 -0.741790 nan nan nan -0.605116 0.614658 1.572386 0.729826 -4.046161 -0.885119 0.021783 -0.528086 1.533605 -1.377044 1.294774 1.740506 0.875818 -0.953286 9.360095 -7.359205 -15.600851 -3.417342 -36.585494 -33.716538 8.116918 31.895313 -58.380476 -30.769975 17.477871 -15.788854 -58.773497 4.035583 18.662387 -6.341435 38.920316 36.379702 12.483370 -20.519705 55.874159 -19.115568 -7.895730 15.956681 -57.510705 
2.059185 -8.434484 99.961021 176.918288 -1.002817 84.910128 4.831939 2.211942 9.657017 -3.163389 -1.840911 -6.541462 1.014765 8.918885 -3.574927 nan nan nan -5.228545 -4.074382 10.562108 3.451989 0.279446 -5.836298 8.003757 -3.751902 -0.785236 nan nan nan -0.566771 0.574508 1.536688 0.741248 -4.095914 -0.984344 -0.014570 -0.457160 1.528470 -1.428194 1.223562 1.850289 0.871583 -1.039418 9.490756 -6.619944 -15.973201 -3.740461 -35.647857 -34.177099 7.478827 32.068099 -57.965839 -30.807691 17.750737 -15.783874 -59.194289 3.335935 18.923376 -6.681695 38.204770 36.957429 11.801991 -20.713914 55.537462 -19.397555 -8.116772 15.832087 -58.008913 
2.077777 -8.411365 99.978294 176.934695 -0.988262 84.896739 4.839342 2.261361 9.679438 -3.101737 -1.946319 -6.555267 0.943252 8.965187 -3.564041 nan nan nan -5.175176 -4.037565 10.594365 3.418199 0.326657 -5.859317 8.035068 -3.904433 -0.795738 nan nan nan -0.537901 0.671761 1.575378 0.690426 -4.123777 -1.170750 0.051686 -0.515494 1.518878 -1.372368 1.128959 2.166216 0.711112 -0.891059 9.256844 -6.008938 -16.356318 -4.138143 -34.502657 -34.497231 6.802968 31.842958 -57.704143 -30.476015 17.764533 -15.902796 -59.013547 2.599979 19.228885 -7.027878 37.603728 37.370020 11.264081 -21.448623 55.128926 -20.055746 -8.252835 15.606562 -58.062869 
2.094987 -8.385849 99.990471 176.971018 -0.970683 84.867583 4.857702 2.314998 9.726840 -3.050142 -2.078935 -6.575980 0.811668 9.041544 -3.524246 nan nan nan -5.139473 -4.033205 10.667679 3.420833 0.443603 -5.918340 8.059771 -4.074163 -0.777417 nan nan nan -0.524241 0.757316 1.566403 0.644782 -4.146830 -1.288330 0.136114 -0.595926 1.563520 -1.299530 1.045476 2.380499 0.550688 -0.803044 9.159054 -5.380231 -16.709230 -4.586509 -33.371293 -34.873804 6.158831 31.644815 -57.394718 -30.414950 17.770919 -15.868539 -58.296980 1.842992 19.482408 -7.374836 36.712053 37.804864 10.577420 -21.745802 54.845114 -20.654928 -8.582757 15.274158 -58.245686 
2.103264 -8.364470 100.004204 177.023849 -0.947757 84.854294 4.886791 2.374276 9.709877 -2.994646 -2.241655 -6.531163 0.779005 9.092744 -3.518903 nan nan nan -5.109480 -4.082514 10.684076 3.415200 0.564265 -5.907303 8.078980 -4.198770 -0.797954 nan nan nan -0.462930 0.736839 1.555701 0.579637 -4.164235 -1.365922 0.172134 -0.673551 1.558418 -1.298414 0.963750 2.501517 0.467542 -0.693593 9.189140 -4.681639 -16.929600 -5.054743 -32.310218 -35.273796 5.541514 31.567367 -57.018439 -30.626117 17.860492 -15.606646 -57.959350 1.087096 19.660141 -7.699133 35.681483 38.376566 9.720310 -21.479806 54.679227 -21.262849 -8.811315 15.293387 -59.298231 
2.104296 -8.347319 100.017036 177.080834 -0.940098 84.838792 4.898167 2.428363 9.689725 -2.952353 -2.428698 -6.489520 0.875966 9.157621 -3.559176 nan nan nan -5.091050 -4.108638 10.683362 3.388451 0.682117 -5.884153 8.121240 -4.360210 -0.828606 nan nan nan -0.424228 0.742508 1.573594 0.519437 -4.163371 -1.487102 0.163830 -0.752256 1.601585 -1.303433 0.926151 2.508165 0.521402 -0.599322 9.271325 -4.045260 -17.172948 -5.559901 -31.106425 -35.699509 4.886174 31.275261 -56.541694 -30.601376 18.502247 -15.310609 -57.787374 0.408594 19.834516 -8.134582 34.636480 38.872188 8.913412 -21.288366 54.388808 -21.911251 -9.004355 15.571215 -60.779476 
2.103565 -8.322973 100.030708 177.134290 -0.933655 84.811799 4.906411 2.467660 9.705361 -2.952030 -2.631379 -6.473085 0.841716 9.290726 -3.540220 nan nan nan -5.080123 -4.128174 10.714590 3.377350 0.778720 -5.880499 8.122148 -4.515361 -0.840172 nan nan nan -0.421053 0.739526 1.682800 0.503054 -4.197558 -1.639471 0.140409 -0.703264 1.563221 -1.313639 0.943996 2.477219 0.703176 -0.569909 9.303398 -3.375969 -17.495842 -6.062045 -29.960284 -36.069475 4.231759 31.024359 -56.038039 -30.494057 19.132366 -14.964978 -57.623142 -0.193580 20.203196 -8.518499 33.505231 39.038675 8.195751 -21.645003 54.083758 -22.503566 -9.382678 15.537549 -61.880140 
2.115369 -8.292072 100.038986 177.187150 -0.926633 84.812780 4.947463 2.531571 9.705630 -2.981595 -2.765768 -6.485192 0.664849 9.365778 -3.514495 nan nan nan -5.043834 -4.176836 10.732511 3.337704 0.848798 -5.880046 8.096559 -4.611468 -0.839467 nan nan nan -0.434603 0.696245 1.757904 0.509700 -4.265035 -1.753108 0.113298 -0.675084 1.481514 -1.212588 1.139928 2.476230 0.729655 -0.707045 9.294971 -2.572272 -17.657767 -6.488590 -28.889774 -36.446794 3.506401 30.729171 -55.609846 -30.087386 18.679561 -15.050965 -57.504547 -0.746070 20.188783 -8.808628 32.429713 39.731477 7.274438 -21.141982 53.785342 -22.000029 -9.631023 15.299610 -62.145047 
2.129947 -8.262479 100.042908 177.225534 -0.933219 84.852015 4.967036 2.571626 9.664850 -2.975136 -2.833474 -6.490772 0.631264 9.395127 -3.507828 nan nan nan -5.030533 -4.212421 10.710590 3.321397 0.920156 -5.872943 8.141160 -4.704813 -0.835029 nan nan nan -0.479157 0.672314 1.664237 0.533451 -4.330824 -1.778171 0.067590 -0.570063 1.497146 -1.159554 1.249300 2.508616 0.822478 -0.946055 9.331736 -1.744187 -18.090728 -6.808659 -27.677913 -36.722151 2.899486 30.941194 -54.923396 -30.262319 17.951187 -15.332824 -57.135543 -1.295964 20.405386 -9.090899 31.243868 40.094264 6.401018 -21.384062 53.455166 -22.174759 -9.477749 15.040601 -61.673033 
2.144502 -8.231951 100.060287 177.244485 -0.967456 84.882663 4.935833 2.577792 9.654085 -2.949277 -2.924192 -6.501136 0.687858 9.476217 -3.471314 nan nan nan -5.049174 -4.258409 10.685296 3.287863 1.032109 -5.847003 8.216076 -4.804010 -0.819228 nan nan nan -0.546498 0.629042 1.598434 0.542844 -4.391835 -1.965927 0.034822 -0.503808 1.681343 -1.233055 1.377157 2.443014 1.002414 -1.168526 9.565072 -0.940720 -18.392263 -7.235230 -26.464365 -36.961823 2.365721 31.129733 -54.161270 -30.812302 18.081316 -15.276696 -56.909671 -1.814707 20.706614 -9.425423 29.994551 40.428076 5.584130 -21.612930 53.062552 -22.679947 -9.520811 14.829273 -61.400155 
2.158215 -8.191265 100.086098 177.268567 -0.991239 84.891014 4.908821 2.630466 9.686385 -2.921423 -3.164000 -6.543002 0.703182 9.649960 -3.389988 nan nan nan -5.054806 -4.352988 10.703035 3.226312 1.261120 -5.868860 8.262237 -4.992759 -0.826905 nan nan nan -0.644978 0.673788 1.631953 0.593494 -4.479997 -2.215424 0.109004 -0.605767 1.830625 -1.338149 1.428425 2.466520 1.017001 -1.220360 9.572827 -0.405273 -18.399847 -7.877812 -25.045267 -37.101197 1.442908 30.107569 -53.980804 -30.280899 18.680310 -14.922033 -57.074507 -2.395387 21.009835 -9.817952 28.767358 40.788870 4.829908 -21.516332 52.704984 -22.997805 -9.751177 14.629838 -61.258097 
2.160819 -8.155596 100.098228 177.283840 -0.984116 84.869394 4.894570 2.694691 9.731176 -2.860666 -3.319776 -6.561108 0.616935 9.745351 -3.384448 nan nan nan -5.052472 -4.354014 10.751653 3.223666 1.370133 -5.892704 8.285880 -5.115694 -0.880240 nan nan nan -0.628043 0.753538 1.678839 0.621487 -4.502563 -2.277849 0.182697 -0.775820 1.805019 -1.427856 1.365216 2.643191 0.826816 -1.145491 9.279392 0.155129 -18.541633 -8.449362 -23.853730 -37.176932 0.667899 29.637044 -53.529059 -30.001048 18.454083 -14.979417 -56.976000 -3.206966 21.246517 -10.198447 27.817307 41.162030 4.083315 -21.623770 52.279245 -23.274099 -9.540818 14.648587 -61.139707 
2.166624 -8.115479 100.114624 177.283507 -0.982673 84.874255 4.875825 2.799466 9.718937 -2.778143 -3.414677 -6.533244 0.562885 9.769191 -3.474786 nan nan nan -5.049897 -4.336347 10.762791 3.217276 1.494148 -5.915140 8.338790 -5.258696 -0.919872 nan nan nan -0.657017 0.833304 1.641677 0.652023 -4.510455 -2.311278 0.242009 -0.820166 1.791409 -1.428193 1.380491 2.886658 0.702196 -1.057923 9.092867 0.855638 -18.752163 -8.860836 -22.679446 -37.409781 -0.178462 28.938592 -52.948980 -29.640978 18.239674 -15.407731 -56.453978 -3.993619 21.324413 -10.611630 26.960350 41.461653 3.329998 -21.713252 51.838082 -23.854896 -9.261694 14.850138 -61.413410 
2.178648 -8.068686 100.140533 177.250641 -0.994677 84.920901 4.850067 2.882379 9.684479 -2.721338 -3.496404 -6.514326 0.509586 9.848823 -3.502070 nan nan nan -5.041004 -4.326799 10.749812 3.182983 1.639226 -5.966656 8.457420 -5.391505 -0.892297 nan nan nan -0.697698 0.894807 1.585214 0.667362 -4.519679 -2.477215 0.230953 -0.734004 1.884665 -1.353518 1.505388 3.110391 0.699843 -0.992211 9.006676 1.688777 -18.891232 -9.234312 -21.395502 -37.731884 -1.018206 27.972042 -52.424422 -29.285055 18.343779 -15.659768 -56.085673 -4.607142 21.283469 -11.018982 25.995677 41.734379 2.609654 -21.646696 51.506464 -24.282372 -9.241953 14.872093 -61.789434 
2.186469 -8.027957 100.156197 177.221761 -1.013919 84.958774 4.816477 2.907028 9.659155 -2.680117 -3.593388 -6.481703 0.433130 9.983489 -3.513671 nan nan nan -5.035138 -4.337067 10.738351 3.141272 1.783588 -5.988578 8.578747 -5.524504 -0.863923 nan nan nan -0.694613 0.880362 1.617009 0.631089 -4.549538 -2.674743 0.153715 -0.631702 1.940778 -1.248968 1.523683 3.151995 0.722994 -0.989120 9.028836 2.483526 -18.989756 -9.660311 -20.073729 -37.936542 -1.792248 27.305032 -51.987308 -28.899028 18.191696 -15.624586 -56.163028 -5.140911 21.280196 -11.367564 24.985782 42.037505 1.853035 -21.604793 51.153390 -24.472254 -9.304853 14.853028 -61.911083 
2.180540 -7.993042 100.153763 177.215786 -1.010503 84.954005 4.836590 2.914377 9.682570 -2.686654 -3.714087 -6.487480 0.364269 10.112939 -3.512465 nan nan nan -5.031251 -4.336292 10.779082 3.122100 1.896157 -6.010504 8.612480 -5.623943 -0.853499 nan nan nan -0.634754 0.823598 1.716663 0.577020 -4.585920 -2.819297 0.079098 -0.575989 1.924659 -1.179611 1.508858 3.075332 0.720316 -1.058271 9.167994 3.166672 -19.200883 -9.989213 -18.769345 -37.967405 -2.571214 27.172532 -51.447519 -28.548452 17.991385 -15.674255 -56.806624 -5.683020 21.413505 -11.589636 23.783827 42.326789 0.873936 -21.580460 50.687414 -24.413712 -9.858643 14.866365 -62.177357 
2.179400 -7.953906 100.170006 177.204535 -1.017056 84.944192 4.835755 2.878973 9.725913 -2.703525 -3.740695 -6.504533 0.293217 10.241260 -3.499056 nan nan nan -5.053986 -4.363709 10.814070 3.128095 2.012265 -6.024017 8.694984 -5.766537 -0.851439 nan nan nan -0.636075 0.856830 1.730220 0.562257 -4.575653 -2.936933 0.088465 -0.525767 1.984190 -1.166705 1.555856 3.126070 0.671535 -1.268217 9.204960 3.921071 -19.159115 -10.388180 -17.555309 -38.370372 -3.504971 26.077526 -50.792467 -27.903812 18.083940 -16.135568 -57.134489 -6.231472 21.444835 -11.771766 22.489960 42.650234 -0.135202 -21.471001 50.102975 -24.519136 -10.600694 14.731028 -61.919046 
2.192246 -7.917158 100.202667 177.216444 -1.002540 84.974004 4.857063 2.860704 9.713812 -2.711343 -3.836156 -6.494772 0.234374 10.369028 -3.488665 nan nan nan -5.009119 -4.410868 10.808072 3.088040 2.212607 -6.036743 8.733428 -5.978047 -0.885909 nan nan nan -0.628515 0.881167 1.728630 0.531438 -4.574185 -3.078136 0.087970 -0.548992 2.029279 -1.205134 1.652862 3.156178 0.778012 -1.392925 9.332914 4.675303 -19.213240 -10.737985 -16.326814 -38.480971 -4.407979 25.399548 -50.333266 -27.484042 18.102583 -16.278072 -57.075062 -6.823084 21.561991 -11.980578 21.448317 42.844091 -1.054625 -21.610180 49.632159 -24.907039 -10.970380 14.429507 -61.685783 
2.199231 -7.877786 100.236877 177.213504 -0.994005 85.005235 4.866414 2.910394 9.741354 -2.691288 -4.007920 -6.548015 0.235956 10.487766 -3.477748 nan nan nan -4.973399 -4.418570 10.810836 3.050101 2.367546 -6.065560 8.774994 -6.132665 -0.927516 nan nan nan -0.618748 0.886121 1.740415 0.509128 -4.593955 -3.226062 0.027881 -0.531084 2.071540 -1.267214 1.793598 3.128357 1.024709 -1.575434 9.532355 5.424465 -19.319436 -11.124527 -15.270338 -38.570272 -5.096347 25.140577 -49.812260 -27.299018 18.113172 -16.000458 -56.554882 -7.344176 21.677492 -12.257267 20.503784 42.963214 -1.898238 -21.756427 49.268100 -25.261521 -11.261246 14.116334 -61.647501 
2.197376 -7.835254 100.268059 177.175289 -1.005875 85.023604 4.842485 2.982197 9.801285 -2.654462 -4.202872 -6.613741 0.293314 10.631528 -3.448048 nan nan nan -4.978246 -4.402162 10.830871 3.024943 2.477956 -6.106758 8.792276 -6.232505 -0.923687 nan nan nan -0.569903 0.866376 1.780938 0.466660 -4.601884 -3.418845 -0.004457 -0.543561 2.134257 -1.357716 1.869884 3.218974 1.085298 -1.574557 9.517803 6.115339 -19.355394 -11.605039 -14.205799 -38.549124 -5.647051 24.751240 -49.342467 -27.105151 18.118526 -15.661010 -56.040502 -7.943140 21.789588 -12.586603 19.579279 43.210457 -2.674284 -21.625944 48.767230 -25.390227 -11.547036 14.012657 -61.494911 
2.196986 -7.794443 100.299515 177.122732 -1.001667 85.071297 4.833030 3.099577 9.795998 -2.611202 -4.362323 -6.607330 0.219486 10.756022 -3.469630 nan nan nan -4.958629 -4.383058 10.800703 2.997929 2.585552 -6.104104 8.768439 -6.336789 -0.935681 nan nan nan -0.528930 0.804576 1.781573 0.437241 -4.601722 -3.582483 0.038084 -0.546883 2.149911 -1.382366 1.812788 3.538560 0.900677 -1.292851 9.252370 6.806749 -19.322324 -11.996303 -13.196094 -38.470502 -6.244087 24.312194 -48.881621 -26.634484 18.184469 -15.713199 -55.999636 -8.657619 21.839695 -12.864387 18.529449 43.519557 -3.587413 -21.181392 48.257987 -25.244624 -11.780548 13.972885 -61.620089 
2.190882 -7.752404 100.321007 177.079336 -0.995215 85.082797 4.831010 3.185120 9.831399 -2.568933 -4.496701 -6.624481 0.112538 10.880303 -3.488407 nan nan nan -4.934239 -4.375588 10.821612 2.961322 2.738410 -6.130686 8.734487 -6.491335 -0.961933 nan nan nan -0.535607 0.775846 1.802760 0.426354 -4.590118 -3.708600 0.150461 -0.461440 2.121333 -1.376621 1.702748 3.854380 0.674096 -1.003191 9.318477 7.390984 -19.438557 -12.215374 -12.289553 -38.557682 -6.991911 24.120277 -48.205187 -26.242448 18.308067 -16.105791 -56.195270 -9.380317 21.910896 -13.113680 17.243586 43.551367 -4.527264 -20.726088 47.860134 -25.064941 -12.187347 13.978909 -61.937334 
2.186481 -7.710748 100.332588 177.048834 -0.988609 85.071978 4.842582 3.147424 9.895653 -2.568572 -4.570763 -6.671955 0.098032 11.026391 -3.474647 nan nan nan -4.904456 -4.351989 10.902930 2.921482 2.921094 -6.225812 8.719131 -6.688888 -0.971882 nan nan nan -0.531961 0.823494 1.849118 0.443458 -4.585573 -3.847541 0.223715 -0.397450 2.113009 -1.318871 1.706411 4.020633 0.466016 -0.885364 9.639053 7.838688 -19.695477 -12.428205 -11.190604 -38.606620 -7.793533 23.914465 -47.445666 -26.116387 18.243030 -16.478842 -56.042180 -10.005979 22.040113 -13.395259 15.992987 43.539464 -5.288558 -20.608099 47.338408 -25.259728 -12.569843 13.863966 -61.971204 
2.187972 -7.667923 100.343491 177.019376 -0.969570 85.091857 4.871943 3.109651 9.901258 -2.582091 -4.640196 -6.668482 0.129580 11.135596 -3.478368 nan nan nan -4.882442 -4.376925 10.926619 2.911011 3.088341 -6.278794 8.716764 -6.827418 -0.971539 nan nan nan -0.462969 0.881516 1.918384 0.432981 -4.566085 -4.040070 0.159933 -0.414475 2.112071 -1.239278 1.711164 4.039183 0.377390 -0.915181 9.847283 8.455598 -19.884661 -12.683063 -10.003667 -38.512896 -8.606882 23.540648 -46.814474 -25.901521 18.032475 -16.636873 -55.920933 -10.596311 22.051972 -13.675575 15.163787 43.727900 -6.038349 -20.735504 46.652585 -25.463881 -12.682220 13.718647 -61.721967 
2.184072 -7.622670 100.360481 176.996095 -0.942380 85.105499 4.903505 3.117387 9.921901 -2.579403 -4.723842 -6.680466 0.096028 11.239396 -3.448224 nan nan nan -4.844622 -4.417135 10.943559 2.877079 3.245725 -6.300188 8.751366 -6.929585 -0.977637 nan nan nan -0.371805 0.869747 1.968963 0.383167 -4.544489 -4.166682 0.029649 -0.399432 2.127713 -1.210068 1.699161 4.054528 0.420649 -0.952240 9.796769 9.113547 -20.009299 -12.987859 -8.822030 -38.419664 -9.345299 23.179705 -46.298261 -25.465323 17.940395 -16.703625 -55.876602 -11.169890 22.082643 -13.874656 14.343780 43.816491 -6.925750 -20.922874 46.048644 -25.577469 -12.843911 13.685318 -61.734241 
2.171062 -7.572576 100.379211 177.004771 -0.923154 85.094954 4.923526 3.192878 9.977629 -2.542569 -4.879266 -6.722041 -0.013117 11.354399 -3.395843 nan nan nan -4.826772 -4.463366 11.009762 2.869480 3.354990 -6.354444 8.828440 -7.042811 -0.983459 nan nan nan -0.307220 0.864029 1.986414 0.314431 -4.534043 -4.203521 -0.036751 -0.335456 2.182268 -1.198908 1.763082 4.063549 0.518702 -0.966362 9.699429 9.737481 -20.139717 -13.438902 -7.747795 -38.402311 -9.945700 22.721451 -45.783384 -24.884579 18.044600 -16.793846 -55.261539 -11.704963 22.108276 -14.168049 13.341319 43.708728 -7.860035 -20.872413 45.649653 -25.606248 -13.078917 13.686306 -62.056864 
2.154285 -7.523179 100.397484 176.986839 -0.910449 85.114777 4.919167 3.276917 9.993080 -2.507641 -4.987124 -6.726538 -0.116003 11.522447 -3.429315 nan nan nan -4.818653 -4.456062 11.032641 2.863528 3.464060 -6.391847 8.976841 -7.127818 -1.003046 nan nan nan -0.260046 0.920041 2.049221 0.283510 -4.517088 -4.382160 -0.087202 -0.289125 2.267210 -1.210860 2.079695 3.936101 0.627763 -1.147906 9.932222 10.450906 -20.133299 -13.897229 -6.861080 -38.495980 -10.484358 22.214875 -45.189571 -24.346908 18.126031 -16.938805 -54.657082 -12.095927 21.968675 -14.621997 12.341863 43.812610 -8.717270 -20.408641 45.163773 -25.291515 -13.352002 13.617362 -62.154471 
2.143621 -7.471585 100.421295 176.947614 -0.910301 85.149854 4.907436 3.306089 10.007071 -2.501783 -5.077214 -6.736419 -0.103965 11.674012 -3.453326 nan nan nan -4.803970 -4.422534 11.035370 2.811601 3.587404 -6.427891 9.054010 -7.207743 -1.040548 nan nan nan -0.217827 0.984377 2.168670 0.253217 -4.478469 -4.681578 -0.184989 -0.266409 2.291625 -1.306432 2.560484 3.747716 0.900450 -1.456597 10.539736 11.161434 -20.111329 -14.236366 -6.007948 -38.544196 -11.076964 21.786008 -44.638165 -23.884123 17.937531 -17.042702 -54.284636 -12.462988 21.823096 -15.119118 11.666069 43.972820 -9.325503 -20.081315 44.526436 -25.040278 -13.489558 13.544451 -61.913514 
2.137287 -7.414177 100.445099 176.903589 -0.928247 85.164531 4.899834 3.373025 10.044937 -2.488561 -5.196090 -6.757267 -0.043661 11.718991 -3.450197 nan nan nan -4.807275 -4.400610 11.061056 2.770735 3.673569 -6.450576 9.034788 -7.292149 -1.048068 nan nan nan -0.176179 1.067738 2.237674 0.196193 -4.450478 -4.802318 -0.157878 -0.297971 2.237824 -1.392692 2.429952 4.160281 0.808468 -1.313056 10.178441 11.639885 -20.152549 -14.651377 -5.143067 -38.450310 -11.654564 21.366489 -44.205903 -23.418263 17.772744 -17.047180 -53.731327 -13.266256 21.814974 -15.612847 11.260036 43.937686 -9.772906 -20.211023 43.864123 -25.455240 -13.460278 13.490303 -61.647461 
2.135705 -7.362053 100.471390 176.885417 -0.963186 85.187171 4.852318 3.442820 10.042656 -2.436853 -5.328835 -6.728394 -0.098753 11.796341 -3.497398 nan nan nan -4.826566 -4.401860 11.070354 2.744169 3.775867 -6.457092 9.058084 -7.442527 -1.070238 nan nan nan -0.213126 1.130361 2.269708 0.174734 -4.433123 -4.953148 -0.226913 -0.291109 2.314945 -1.325389 2.486784 4.057427 0.936409 -1.545486 10.544739 12.262696 -20.182029 -14.999746 -4.203201 -38.514832 -12.273133 20.934583 -43.549415 -22.981166 17.889586 -17.292103 -53.243053 -13.719218 21.784642 -16.046419 10.569881 43.906948 -10.319520 -20.186938 43.263855 -25.523629 -13.537701 13.512382 -61.632892 
2.128587 -7.313860 100.489159 176.881915 -0.985749 85.176289 4.820427 3.579389 10.056144 -2.390898 -5.472326 -6.658590 -0.160203 11.805152 -3.521847 nan nan nan -4.859715 -4.443913 11.113193 2.734475 3.839113 -6.465396 9.156879 -7.455183 -1.083743 nan nan nan -0.235786 1.187968 2.385349 0.175410 -4.418826 -5.095595 -0.160643 -0.357221 2.281020 -1.419622 2.294569 4.493277 0.667798 -1.372959 10.188971 12.766005 -20.200893 -15.335547 -3.474087 -38.580933 -12.777824 20.716738 -42.692710 -22.600003 17.788285 -17.589691 -52.715327 -14.379983 21.759687 -16.454549 9.745034 43.991221 -10.974907 -19.907215 42.536096 -25.575205 -13.789356 13.498345 -61.313207 
2.110150 -7.269116 100.502884 176.877975 -1.008926 85.182899 4.805887 3.678752 10.061139 -2.387380 -5.643695 -6.632394 -0.186404 11.870149 -3.494488 nan nan nan -4.891974 -4.498301 11.108421 2.693100 3.917623 -6.437034 9.258791 -7.469406 -1.110472 nan nan nan -0.208452 1.224097 2.498437 0.150846 -4.399195 -5.293953 -0.165642 -0.395291 2.319568 -1.516413 2.257799 4.735937 0.557683 -1.396116 10.095359 13.361493 -20.130422 -15.759810 -2.805704 -38.717995 -13.238857 20.489488 -41.814056 -21.880757 17.678705 -17.529115 -52.739678 -15.068020 21.636983 -16.869328 9.016212 44.169235 -11.647679 -19.634117 41.749606 -25.403848 -14.130009 13.338106 -61.122866 
2.085312 -7.225086 100.516937 176.909745 -1.022723 85.254213 4.781440 3.700005 9.991831 -2.381934 -5.816974 -6.618097 -0.201160 12.008513 -3.471116 nan nan nan -4.890571 -4.517657 11.031236 2.648369 4.017004 -6.398664 9.265078 -7.590736 -1.157639 nan nan nan -0.178206 1.235937 2.498168 0.131356 -4.408766 -5.509329 -0.260213 -0.379602 2.419553 -1.506868 2.346857 4.731979 0.680524 -1.657665 10.380177 14.062832 -20.057363 -16.090812 -2.038227 -38.758469 -13.783798 20.142802 -41.101827 -21.232477 17.716141 -17.330626 -52.985079 -15.603877 21.465904 -17.148307 8.277352 44.358590 -12.468145 -19.341388 41.018265 -24.925455 -14.320036 13.208166 -61.060634 
2.062913 -7.178886 100.536293 176.946320 -1.035076 85.341576 4.746942 3.698459 9.925669 -2.361330 -5.949006 -6.626576 -0.221343 12.116356 -3.495808 nan nan nan -4.873011 -4.531861 10.949924 2.607109 4.114649 -6.401826 9.310593 -7.742050 -1.164817 nan nan nan -0.165288 1.248136 2.456166 0.088963 -4.418305 -5.705649 -0.374227 -0.316106 2.529715 -1.413197 2.464477 4.648203 0.936627 -1.918097 10.763830 14.783388 -20.008788 -16.377354 -1.192223 -38.904676 -14.441908 19.657221 -40.392268 -20.810424 18.120181 -17.371796 -53.003522 -16.026852 21.291474 -17.336820 7.504145 44.420712 -13.261046 -19.143934 40.368886 -24.568579 -14.573653 13.216526 -61.098939 
2.046603 -7.132639 100.558731 176.976132 -1.031497 85.395711 4.760792 3.748313 9.940921 -2.355637 -6.107049 -6.713851 -0.304918 12.210859 -3.481415 nan nan nan -4.853931 -4.541156 10.931154 2.579045 4.253856 -6.460111 9.335305 -7.897047 -1.164075 nan nan nan -0.117316 1.254954 2.451386 0.029974 -4.423877 -5.856650 -0.428774 -0.275998 2.581474 -1.266016 2.341533 4.689128 1.090145 -1.985306 10.955161 15.338064 -20.047194 -16.728436 -0.250297 -38.993570 -15.155371 19.013591 -39.665052 -20.168285 18.487970 -17.420359 -53.040728 -16.620832 21.296274 -17.542317 6.822719 44.292019 -13.920428 -19.202785 39.684217 -24.449347 -14.722424 13.287500 -61.206610 
2.030013 -7.081041 100.572548 176.992818 -1.027762 85.435178 4.741502 3.802005 9.969092 -2.288062 -6.244194 -6.789977 -0.357531 12.341900 -3.462417 nan nan nan -4.831113 -4.540994 10.951938 2.531394 4.442613 -6.535209 9.326043 -8.059122 -1.178579 nan nan nan -0.065823 1.270836 2.415838 -0.015847 -4.412891 -5.900625 -0.427257 -0.283608 2.587308 -1.159150 2.092109 4.836383 1.065364 -1.847820 10.997207 15.810764 -20.106155 -17.135991 0.669993 -38.884530 -15.710573 18.432658 -39.025124 -19.913790 18.677714 -17.262476 -52.694071 -17.244776 21.370189 -17.849429 5.971076 44.125144 -14.615705 -19.120786 39.006432 -24.714998 -14.544685 13.283390 -60.937684 
2.016316 -7.036047 100.585091 176.985054 -1.030816 85.491140 4.694714 3.845275 9.949355 -2.202118 -6.305915 -6.811240 -0.411093 12.426799 -3.475884 nan nan nan -4.813119 -4.512688 10.963750 2.487713 4.567067 -6.619166 9.377215 -8.175429 -1.166670 nan nan nan -0.050271 1.271219 2.404969 -0.051816 -4.351952 -5.975248 -0.409507 -0.305505 2.633387 -1.157799 1.958946 4.904034 1.039459 -1.707502 11.026508 16.323311 -20.019722 -17.554261 1.441200 -38.948683 -16.241327 18.071859 -38.285941 -20.088745 18.633324 -17.254078 -52.079639 -17.859056 21.253681 -18.200335 4.974326 44.053957 -15.404134 -18.711259 38.389637 -25.200584 -14.312985 13.088637 -60.768011 
2.003062 -6.999540 100.599258 177.001847 -1.003277 85.539402 4.703488 3.888556 9.919477 -2.146891 -6.389199 -6.803671 -0.460538 12.480221 -3.506865 nan nan nan -4.774346 -4.527190 10.964691 2.470540 4.702642 -6.664646 9.425698 -8.310243 -1.184745 nan nan nan -0.027305 1.287332 2.470284 -0.077763 -4.284847 -6.088605 -0.392071 -0.374562 2.671530 -1.231471 1.914786 4.889241 1.108150 -1.706957 10.975341 16.908042 -19.839026 -17.832401 2.249220 -39.105932 -16.988733 17.723990 -37.532458 -19.921223 18.196820 -17.477287 -51.717953 -18.513946 21.017256 -18.496896 4.008900 44.052350 -16.290488 -18.158700 37.770815 -25.315845 -14.217317 12.921585 -60.717568 
1.981412 -6.962679 100.607048 177.033964 -0.970409 85.551003 4.743392 3.949846 9.954745 -2.134557 -6.571285 -6.828175 -0.533923 12.601444 -3.486758 nan nan nan -4.748304 -4.558345 10.986543 2.467038 4.885088 -6.687510 9.470145 -8.469447 -1.199763 nan nan nan 0.009301 1.322471 2.552587 -0.076045 -4.268007 -6.193302 -0.397692 -0.396194 2.681393 -1.411659 1.955039 4.934425 1.267575 -1.859067 10.893437 17.520396 -19.821136 -18.020321 3.156601 -39.063157 -17.697826 17.337858 -36.790666 -19.586340 18.055061 -17.534750 -51.570716 -19.129265 20.926687 -18.720320 3.038701 43.876970 -17.128131 -17.709735 37.189438 -25.108423 -14.445446 12.865647 -60.721768 
1.961414 -6.921962 100.623352 177.048299 -0.948849 85.552927 4.786420 3.990547 10.018762 -2.160110 -6.800779 -6.880427 -0.574177 12.805135 -3.452912 nan nan nan -4.740336 -4.554774 10.995466 2.486285 5.001354 -6.675630 9.486502 -8.625267 -1.224984 nan nan nan 0.003335 1.344928 2.597021 -0.054861 -4.279294 -6.346698 -0.401929 -0.287182 2.758466 -1.598960 2.073045 5.227579 1.628442 -1.999079 10.774007 18.118799 -19.919391 -18.220901 4.069202 -39.020673 -18.251819 16.898252 -36.051437 -19.549867 18.708049 -17.229088 -51.684831 -19.622757 20.887704 -18.976798 2.116957 43.580071 -17.778240 -17.266017 36.684616 -24.909999 -14.994764 12.702690 -61.019615 
1.959276 -6.880394 100.648232 177.023418 -0.963274 85.550246 4.796996 4.039783 10.078338 -2.187513 -6.908866 -6.906975 -0.487285 12.933882 -3.453293 nan nan nan -4.727078 -4.512771 10.995042 2.443740 5.097677 -6.656084 9.471296 -8.738138 -1.262252 nan nan nan -0.084008 1.395908 2.626530 -0.042770 -4.269172 -6.483783 -0.368451 -0.202705 2.864445 -1.624549 2.158151 5.535827 1.905241 -2.080222 10.696762 18.731480 -19.925987 -18.433166 4.907284 -39.086500 -18.895626 16.527821 -35.220517 -19.539996 19.049010 -17.212473 -51.662846 -20.098267 20.772968 -19.224018 1.278407 43.413189 -18.402462 -16.867291 36.069360 -24.724998 -15.339418 12.534967 -61.134009 
1.965855 -6.835093 100.676140 176.985498 -0.952144 85.559008 4.802740 4.065406 10.146898 -2.144196 -6.923804 -6.973455 -0.488060 12.967479 -3.458022 nan nan nan -4.659182 -4.473417 11.003309 2.372318 5.211620 -6.689999 9.506987 -8.832151 -1.260197 nan nan nan -0.105672 1.436031 2.632627 -0.055293 -4.236563 -6.567110 -0.315339 -0.221626 2.986183 -1.449529 2.091558 5.523279 1.686339 -2.096203 10.851459 19.262238 -19.767561 -18.798716 5.581920 -39.166689 -19.571272 16.289045 -34.336523 -19.151599 18.540975 -17.600255 -51.181339 -20.634135 20.588037 -19.455057 0.496426 43.494577 -19.106541 -16.602962 35.273613 -24.464674 -15.498789 12.625587 -60.919303 
1.961157 -6.775946 100.700844 176.978760 -0.917302 85.587334 4.808451 4.055006 10.196338 -2.068783 -6.966739 -7.062735 -0.600051 13.033994 -3.434308 nan nan nan -4.583797 -4.468472 11.016763 2.316341 5.320569 -6.738989 9.531041 -8.909130 -1.238404 nan nan nan -0.060917 1.465373 2.631291 -0.077490 -4.215641 -6.690586 -0.302884 -0.227218 3.114552 -1.267092 2.052348 5.527827 1.482446 -2.037688 11.020132 19.718065 -19.636305 -19.254914 6.241218 -39.313018 -20.166374 15.940766 -33.473517 -18.763868 18.291367 -17.863005 -51.021171 -21.143500 20.373358 -19.721344 -0.182165 43.547357 -19.738299 -16.406925 34.543231 -24.202260 -15.620400 12.876082 -60.681152 
1.946108 -6.721617 100.714012 177.027386 -0.898725 85.612610 4.819295 4.087686 10.200703 -2.032810 -7.058931 -7.077570 -0.682785 13.103128 -3.425120 nan nan nan -4.549673 -4.494429 11.011798 2.290970 5.420365 -6.729061 9.578845 -8.996724 -1.278411 nan nan nan -0.041546 1.483211 2.686925 -0.076726 -4.217366 -6.861776 -0.308826 -0.215707 3.188398 -1.288487 2.010290 5.703506 1.544923 -2.052094 10.979550 20.180522 -19.547344 -19.613755 7.008904 -39.513336 -20.802892 15.428978 -32.598127 -18.743009 18.782058 -17.924344 -51.115746 -21.603612 20.217392 -19.975035 -0.940570 43.471135 -20.341924 -16.126310 33.876197 -24.218473 -15.822360 12.984208 -60.625020 
1.932873 -6.665193 100.726524 177.095553 -0.888222 85.624460 4.834553 4.101732 10.224588 -2.021735 -7.117435 -7.085331 -0.762296 13.132189 -3.426197 nan nan nan -4.526826 -4.519956 11.028260 2.275354 5.468142 -6.716621 9.650215 -9.048223 -1.368291 nan nan nan -0.026369 1.487606 2.765499 -0.061910 -4.241405 -6.992625 -0.321729 -0.215534 3.176850 -1.382046 1.914279 5.849598 1.590430 -2.197946 10.991112 20.611108 -19.489148 -19.930078 7.713082 -39.675641 -21.469884 15.086370 -31.698281 -18.895160 19.066003 -18.089810 -50.940632 -22.047407 20.100526 -20.219974 -1.646123 43.421170 -20.965979 -15.909921 33.230048 -24.369148 -15.929014 12.841278 -60.417825 
1.921135 -6.616715 100.738312 177.146747 -0.884461 85.622522 4.855189 4.067642 10.259226 -2.042507 -7.171833 -7.082795 -0.858862 13.182730 -3.448389 nan nan nan -4.504120 -4.547005 11.047636 2.230800 5.490879 -6.702246 9.652530 -9.102307 -1.419847 nan nan nan 0.004367 1.452501 2.866682 -0.057364 -4.296577 -7.087008 -0.354535 -0.198791 3.151655 -1.411394 1.893418 5.929167 1.563348 -2.253686 11.120075 21.046386 -19.412275 -20.249533 8.360374 -39.693777 -22.015787 14.915993 -30.894154 -18.996398 19.039068 -18.173376 -50.781466 -22.512512 19.964843 -20.478533 -2.316497 43.442567 -21.684262 -15.782220 32.620788 -24.573083 -15.862767 12.736252 -60.130062 
1.900939 -6.580329 100.740288 177.191860 -0.899688 85.629418 4.872135 4.064216 10.268769 -2.101400 -7.298132 -7.073893 -0.853490 13.277741 -3.425507 nan nan nan -4.513067 -4.563576 11.044802 2.211132 5.540491 -6.680310 9.661033 -9.215163 -1.427431 nan nan nan -0.002539 1.462901 2.959173 -0.077840 -4.351315 -7.171538 -0.376868 -0.176710 3.143436 -1.458814 1.970077 6.074263 1.682458 -2.199022 11.161512 21.602037 -19.375691 -20.532294 8.995265 -39.670657 -22.556879 14.766315 -30.102424 -19.062062 19.151975 -17.937004 -50.667762 -23.059495 19.841093 -20.724688 -2.866369 43.331015 -22.230169 -15.856349 31.991366 -24.960702 -15.898358 12.625596 -60.235474 
1.888379 -6.552330 100.747650 177.228595 -0.884529 85.678282 4.926960 4.083005 10.221197 -2.170885 -7.377654 -7.065457 -0.838207 13.347682 -3.372813 nan nan nan -4.493970 -4.578843 10.996574 2.222255 5.642031 -6.663006 9.717604 -9.335510 -1.416230 nan nan nan -0.040223 1.536973 2.965810 -0.042187 -4.340496 -7.294491 -0.334790 -0.194525 3.288512 -1.490923 1.910439 6.128540 1.697839 -2.224617 11.238990 22.083103 -19.352981 -20.829482 9.618375 -39.696617 -23.215067 14.708226 -29.331976 -19.321518 19.256223 -17.785128 -50.473921 -23.592391 19.696778 -21.071084 -3.400647 43.234894 -22.630317 -15.955947 31.245674 -25.357899 -15.942724 12.626676 -60.440463 
1.891039 -6.521901 100.767448 177.226578 -0.870871 85.730558 4.953767 4.107504 10.179507 -2.193137 -7.413915 -7.054306 -0.903156 13.416355 -3.394179 nan nan nan -4.460316 -4.572024 10.934883 2.211975 5.730126 -6.650278 9.782779 -9.386260 -1.420722 nan nan nan -0.096256 1.595643 2.947390 0.006109 -4.308012 -7.446498 -0.301819 -0.155311 3.455858 -1.504325 1.982243 6.223007 1.712252 -2.329801 11.374036 22.510198 -19.299431 -21.148452 10.222557 -39.805878 -23.848428 14.646032 -28.584727 -19.495133 19.176452 -17.836321 -50.297008 -23.761185 19.592470 -21.262398 -4.325499 43.155889 -23.376503 -15.762629 30.657292 -25.378349 -15.963111 12.567816 -60.486255 
1.896089 -6.485785 100.790909 177.231814 -0.866557 85.761887 4.960312 4.143012 10.176592 -2.182385 -7.488176 -7.062409 -0.929975 13.457243 -3.440595 nan nan nan -4.426469 -4.516725 10.917905 2.207786 5.797241 -6.669902 9.795401 -9.469594 -1.436421 nan nan nan -0.135091 1.551857 2.940995 0.027394 -4.296516 -7.532682 -0.281565 -0.126577 3.570257 -1.360238 2.165767 6.295654 1.587152 -2.221535 11.579046 22.865700 -19.125337 -21.485123 10.855121 -39.913607 -24.499257 14.521948 -27.875412 -19.429678 18.765505 -17.997768 -50.151654 -23.825299 19.565881 -21.295693 -5.521345 43.125857 -24.392392 -15.585473 30.091201 -25.330454 -15.852213 12.519777 -60.525439 
1.889471 -6.451980 100.814735 177.304139 -0.856363 85.764711 4.979381 4.150674 10.214579 -2.178147 -7.592173 -7.109380 -0.933252 13.464541 -3.435092 nan nan nan -4.388971 -4.523403 10.968764 2.187563 5.820758 -6.728960 9.784257 -9.592651 -1.413735 nan nan nan -0.136739 1.489467 2.971197 0.027588 -4.319127 -7.548732 -0.230655 -0.142927 3.630467 -1.346061 2.240956 6.423975 1.511677 -2.067032 11.592019 23.240415 -18.943805 -21.707862 11.447181 -39.877441 -25.143367 14.479349 -27.282921 -19.506387 18.664255 -18.187915 -50.263439 -24.228981 19.440033 -21.518473 -6.291159 43.107344 -25.156377 -15.456649 29.501542 -25.338783 -15.821291 12.570130 -60.621724 
1.889267 -6.418768 100.841629 177.351903 -0.854808 85.778568 4.984673 4.198894 10.228219 -2.148405 -7.703905 -7.128577 -0.964997 13.486916 -3.428966 nan nan nan -4.351964 -4.569013 10.971195 2.141789 5.870526 -6.728736 9.776867 -9.674837 -1.451112 nan nan nan -0.120697 1.454373 3.042543 0.025702 -4.328932 -7.648641 -0.200915 -0.148520 3.647663 -1.471265 2.210953 6.674044 1.540241 -2.035455 11.496373 23.615278 -18.831929 -21.900950 11.977064 -39.791191 -25.641155 14.447818 -26.721827 -19.704915 18.852120 -18.288397 -50.398711 -24.805087 19.217490 -21.909995 -6.618903 43.200269 -25.617641 -15.312561 28.852253 -25.625622 -15.935694 12.535254 -60.556185 
1.888222 -6.387460 100.863068 177.365603 -0.863386 85.785568 4.957763 4.258012 10.231464 -2.087804 -7.791643 -7.096657 -1.051669 13.504728 -3.493525 nan nan nan -4.333790 -4.624692 10.975274 2.068498 5.970738 -6.720547 9.834526 -9.704450 -1.482566 nan nan nan -0.147138 1.441460 3.138527 0.073282 -4.366197 -7.806318 -0.193124 -0.151906 3.731044 -1.532736 2.290117 6.776664 1.493805 -2.117268 11.501922 23.996387 -18.612775 -22.148671 12.488763 -39.794821 -26.116388 14.419704 -26.085199 -19.721036 19.026828 -18.140179 -50.224559 -25.207814 19.044783 -22.099812 -7.285850 43.363600 -26.345108 -15.300423 28.084135 -25.861057 -16.018989 12.424515 -60.501822 
1.879269 -6.359210 100.869896 177.358800 -0.862005 85.783890 4.939022 4.316188 10.264563 -2.041491 -7.830799 -7.091159 -1.147935 13.544552 -3.523626 nan nan nan -4.345467 -4.683324 11.010422 2.056468 6.040453 -6.727923 9.903974 -9.741489 -1.463860 nan nan nan -0.202592 1.495368 3.229767 0.139139 -4.438508 -7.890030 -0.138775 -0.170330 3.813480 -1.510080 2.483611 6.721614 1.369700 -2.216984 11.586949 24.414163 -18.368306 -22.349206 13.054701 -39.733523 -26.647446 14.414476 -25.436596 -19.692659 19.014832 -17.946353 -49.894229 -25.465862 18.970626 -22.053669 -8.478735 43.339548 -27.443569 -15.212005 27.306306 -25.880435 -16.150506 12.352152 -60.637387 
1.871784 -6.332074 100.878120 177.368867 -0.846837 85.809149 4.954924 4.348572 10.279442 -2.037294 -7.882636 -7.113211 -1.241469 13.592031 -3.531080 nan nan nan -4.319546 -4.689184 11.021998 2.035584 6.102004 -6.764273 9.944794 -9.804152 -1.454088 nan nan nan -0.180111 1.516995 3.266294 0.130113 -4.477861 -7.959474 -0.118588 -0.175308 3.838101 -1.529764 2.538881 6.857247 1.327651 -2.106480 11.605582 24.860036 -18.311767 -22.519954 13.600536 -39.562908 -27.193562 14.361716 -24.769989 -19.833692 18.731082 -18.004515 -49.614149 -25.914944 18.871829 -22.256807 -9.082357 43.216536 -28.054705 -15.060034 26.653178 -26.006515 -16.222655 12.347885 -60.626029 
1.867040 -6.298129 100.897331 177.368793 -0.830612 85.849775 4.990749 4.377416 10.255492 -2.060875 -7.929876 -7.110513 -1.297845 13.632100 -3.541182 nan nan nan -4.269865 -4.658079 11.002308 1.992035 6.188966 -6.794693 9.932660 -9.865001 -1.460202 nan nan nan -0.066211 1.499495 3.253066 0.033038 -4.437717 -8.073972 -0.170007 -0.176368 3.870601 -1.597793 2.449071 7.144671 1.389591 -1.867887 11.692274 25.343023 -18.363600 -22.741443 13.977121 -39.415151 -27.670439 14.294130 -24.140794 -20.086940 18.704891 -17.875609 -49.464892 -26.560276 18.626590 -22.750897 -8.799782 43.233579 -28.093488 -15.088757 26.113140 -26.145505 -16.226945 12.224645 -60.427014 
1.862349 -6.264277 100.917885 177.373466 -0.846391 85.886819 4.998378 4.398407 10.223741 -2.098375 -7.992626 -7.089066 -1.276774 13.681452 -3.544708 nan nan nan -4.253766 -4.686319 10.973706 1.944314 6.248350 -6.787066 9.893394 -9.905668 -1.483458 nan nan nan -0.027833 1.509997 3.252091 -0.004703 -4.406765 -8.216306 -0.219068 -0.149473 3.947709 -1.619179 2.383697 7.335023 1.444330 -1.777143 11.811561 25.762219 -18.345297 -22.976450 14.302091 -39.385696 -28.129671 14.305415 -23.580315 -20.289994 18.882792 -17.635950 -49.415503 -27.079550 18.380094 -23.097319 -8.746861 43.274365 -28.355345 -15.234774 25.550694 -26.225122 -16.197735 12.102157 -60.153865 
1.849521 -6.236211 100.930542 177.383034 -0.863950 85.894063 4.989292 4.405007 10.244256 -2.117149 -8.067451 -7.096395 -1.252732 13.730881 -3.530575 nan nan nan -4.275850 -4.709933 10.981589 1.959927 6.264477 -6.782425 9.914400 -9.950197 -1.510609 nan nan nan -0.042149 1.529891 3.316593 0.026949 -4.390509 -8.344160 -0.243490 -0.074445 4.036884 -1.562634 2.360589 7.447706 1.446715 -1.835858 11.901360 26.132718 -18.187465 -23.211905 14.698600 -39.499572 -28.579888 14.339447 -22.941068 -20.524955 18.853591 -17.592091 -49.474520 -27.345808 18.131857 -23.326773 -9.214732 43.259901 -28.775804 -15.327980 25.148529 -26.417593 -16.232048 12.053464 -60.000275 
1.830379 -6.208953 100.939873 177.364524 -0.878423 85.906103 4.964304 4.426789 10.274878 -2.110414 -8.155568 -7.120477 -1.294576 13.809023 -3.557924 nan nan nan -4.303493 -4.664822 11.005756 1.976667 6.308066 -6.829794 9.996771 -9.999578 -1.514409 nan nan nan -0.031571 1.592138 3.367648 0.033055 -4.365510 -8.451774 -0.260893 -0.037230 4.157777 -1.587143 2.378585 7.615575 1.511609 -1.946131 11.812133 26.534475 -17.969079 -23.376003 15.071717 -39.424976 -28.893518 14.406323 -22.565395 -20.901308 18.779866 -17.529236 -49.492336 -27.592778 17.822787 -23.569649 -9.744501 43.180023 -29.165194 -15.308622 24.946994 -26.760862 -16.365030 11.889699 -60.121798 
1.813468 -6.177210 100.964111 177.336051 -0.904893 85.914488 4.926549 4.504686 10.290424 -2.100170 -8.256253 -7.108024 -1.287793 13.845515 -3.595917 nan nan nan -4.330726 -4.633362 11.021425 1.954086 6.370630 -6.860426 10.057399 -9.997491 -1.521184 nan nan nan -0.051552 1.663523 3.394460 0.028097 -4.368872 -8.531191 -0.229791 -0.002572 4.236361 -1.701651 2.406896 7.869071 1.575783 -2.088699 11.772583 26.895543 -17.818608 -23.456710 15.382303 -39.210774 -29.182533 14.457873 -22.362897 -21.197259 18.833086 -17.458441 -49.428106 -27.855853 17.632551 -23.757522 -10.257347 43.074956 -29.641616 -15.272555 24.619862 -26.915725 -16.484811 11.813125 -60.198994 
1.807454 -6.146394 100.989731 177.296788 -0.915140 85.922680 4.898076 4.573766 10.312916 -2.061006 -8.347842 -7.113270 -1.249794 13.893977 -3.575715 nan nan nan -4.323324 -4.632707 11.000951 1.925913 6.464588 -6.824985 10.041715 -10.044882 -1.538069 nan nan nan -0.076764 1.700155 3.451235 0.045053 -4.360425 -8.629472 -0.174332 0.025732 4.291763 -1.750387 2.415955 7.953230 1.512648 -2.171519 11.956258 27.224763 -17.621279 -23.519332 15.705401 -39.179780 -29.597803 14.521235 -21.841390 -21.282852 19.003890 -17.454234 -49.624121 -28.085364 17.490396 -23.826877 -10.974992 43.025971 -30.296071 -15.172821 24.090176 -26.869691 -16.589952 11.905341 -60.390967 
1.809819 -6.114748 101.000999 177.284649 -0.886882 85.934308 4.916137 4.607161 10.340094 -2.019901 -8.428449 -7.137134 -1.271370 13.971536 -3.566261 nan nan nan -4.276794 -4.681501 10.993321 1.898326 6.601102 -6.801340 10.030427 -10.165368 -1.572562 nan nan nan -0.080825 1.734740 3.509276 0.075144 -4.337610 -8.712820 -0.115592 0.008326 4.365112 -1.749776 2.351235 7.907545 1.445100 -2.168824 12.114874 27.561191 -17.395357 -23.616117 16.055130 -39.173003 -30.081582 14.634703 -21.261071 -21.302567 19.122765 -17.358301 -49.780547 -28.335775 17.307047 -23.760489 -11.814662 42.792376 -31.020151 -15.059749 23.751404 -27.008662 -16.641436 11.885550 -60.661497 
1.809733 -6.091966 101.008469 177.299308 -0.878408 85.973373 4.891802 4.644125 10.267394 -1.962275 -8.468719 -7.070583 -1.314961 14.030002 -3.610853 nan nan nan -4.261177 -4.706838 10.982411 1.867142 6.686092 -6.833291 10.058615 -10.224759 -1.573802 nan nan nan -0.029624 1.747252 3.544386 0.053155 -4.317307 -8.805990 -0.098642 0.001979 4.417292 -1.778132 2.285613 7.991140 1.407053 -2.078288 12.180460 27.841471 -17.233043 -23.763197 16.369853 -39.092637 -30.501523 14.710899 -20.880514 -21.505258 19.089620 -17.264319 -49.608816 -28.631057 17.132628 -23.803245 -12.353669 42.520306 -31.519947 -15.077763 23.559457 -27.341170 -16.692528 11.781872 -60.839649 
1.802368 -6.068394 101.028938 177.312773 -0.888815 85.986291 4.840735 4.666094 10.244188 -1.900712 -8.535973 -7.007826 -1.371708 14.081426 -3.696161 nan nan nan -4.267170 -4.750903 11.021069 1.827777 6.772679 -6.899001 10.132245 -10.288218 -1.580681 nan nan nan 0.007223 1.761936 3.609291 0.025796 -4.294701 -8.899482 -0.087978 -0.004117 4.468361 -1.848682 2.235687 8.083114 1.373125 -1.979308 12.220177 28.056679 -17.034892 -23.978877 16.692320 -39.008602 -30.841839 14.599032 -20.642031 -21.661071 19.309808 -17.149043 -49.488768 -28.876878 16.916171 -23.963898 -12.806013 42.323874 -31.832007 -14.994847 23.431451 -27.620821 -16.834549 11.534117 -60.828897 
1.793197 -6.039757 101.046539 177.293268 -0.877155 85.990875 4.849393 4.639949 10.283767 -1.913566 -8.570874 -7.034163 -1.405656 14.172801 -3.709802 nan nan nan -4.237871 -4.800797 11.034366 1.782493 6.914088 -6.919312 10.164904 -10.352923 -1.618508 nan nan nan 0.089052 1.764259 3.652169 0.006343 -4.260056 -8.957943 -0.120592 -0.006044 4.583359 -1.922834 2.144804 8.085662 1.347096 -1.863139 12.190726 28.261341 -16.757555 -24.179211 16.966761 -38.831050 -31.084134 14.581406 -20.631111 -21.703206 19.572456 -16.975784 -49.288462 -29.200970 16.583366 -24.301388 -13.025223 42.278294 -32.047617 -14.941707 23.202137 -27.801679 -16.864584 11.440054 -60.477841 
1.781754 -6.009880 101.069565 177.268058 -0.874712 85.990888 4.864141 4.669301 10.328082 -1.930804 -8.593157 -7.070799 -1.572908 14.224877 -3.683166 nan nan nan -4.237880 -4.824915 11.032827 1.769495 6.959622 -6.919234 10.174235 -10.347310 -1.609292 nan nan nan 0.184206 1.738775 3.696117 -0.051384 -4.233307 -9.020938 -0.174205 -0.030047 4.665332 -1.928982 2.079059 8.211522 1.272415 -1.711776 12.143102 28.494567 -16.471015 -24.338056 17.113530 -38.661937 -31.285909 14.733195 -20.619211 -21.789097 19.372033 -16.763387 -48.949986 -29.548870 16.230848 -24.698028 -12.999035 42.396401 -32.363364 -15.013634 22.894309 -28.011332 -16.676946 11.571747 -59.995961 
1.766068 -5.980145 101.096123 177.259505 -0.868475 86.023717 4.867538 4.728461 10.321478 -1.925349 -8.637039 -7.078935 -1.665287 14.227614 -3.707759 nan nan nan -4.237849 -4.833768 11.010244 1.762969 6.964652 -6.942350 10.217101 -10.354453 -1.597051 nan nan nan 0.292996 1.627357 3.752568 -0.099559 -4.183810 -9.144703 -0.215232 -0.036694 4.699982 -1.971011 1.998485 8.428383 1.164061 -1.617535 12.164626 28.655616 -16.104879 -24.426174 17.256022 -38.509911 -31.485259 14.791246 -20.647924 -21.854097 19.104565 -16.634078 -49.074983 -29.807895 15.893095 -25.045278 -13.045013 42.594929 -32.688087 -15.086910 22.671425 -28.238985 -16.566090 11.703468 -59.646895 
1.753898 -5.952064 101.123436 177.245936 -0.883379 86.031737 4.863590 4.767545 10.341063 -1.960940 -8.728374 -7.072997 -1.536581 14.266394 -3.764656 nan nan nan -4.248193 -4.859113 11.002753 1.745300 7.060102 -6.936102 10.191790 -10.452070 -1.622894 nan nan nan 0.376391 1.554760 3.832186 -0.149175 -4.156730 -9.252528 -0.250964 -0.010342 4.732001 -2.011642 1.931420 8.598378 1.113316 -1.521232 12.233129 28.808275 -15.801351 -24.455181 17.586992 -38.177809 -31.656828 14.545221 -20.759613 -21.950199 19.449281 -16.485926 -49.378331 -30.020737 15.590119 -25.310349 -13.094408 42.616063 -32.825662 -15.203437 22.695367 -28.461993 -16.546630 11.720834 -59.371364 
1.749179 -5.921487 101.144028 177.222253 -0.906922 86.029832 4.842400 4.791550 10.384642 -1.969794 -8.798182 -7.085434 -1.465281 14.362568 -3.778774 nan nan nan -4.258127 -4.848287 11.021977 1.718843 7.165117 -6.937993 10.175875 -10.518218 -1.643242 nan nan nan 0.362474 1.600422 3.874092 -0.161575 -4.138344 -9.326123 -0.279691 -0.013733 4.806589 -1.927457 1.940140 8.747316 1.129356 -1.505254 12.269822 29.010095 -15.567535 -24.344730 18.091764 -37.781719 -31.831973 14.321958 -20.805834 -22.151090 20.089596 -16.449858 -50.097754 -30.081805 15.300008 -25.467592 -13.335364 42.600514 -32.986823 -15.359235 22.652515 -28.528739 -16.648699 11.675934 -59.201784 
1.746311 -5.898451 101.162788 177.201868 -0.929482 86.033299 4.812826 4.734530 10.439253 -1.974241 -8.800017 -7.137785 -1.456936 14.434019 -3.776467 nan nan nan -4.272255 -4.812932 11.049372 1.716620 7.222371 -6.966139 10.262209 -10.538306 -1.668014 nan nan nan 0.315374 1.690344 3.920898 -0.132350 -4.142638 -9.409160 -0.293200 -0.082048 4.899980 -1.797833 1.987843 8.822682 1.092941 -1.552903 12.303949 29.150802 -15.318441 -24.271457 18.530070 -37.525036 -32.028937 14.306575 -20.705551 -22.354409 20.345206 -16.723849 -50.690240 -30.012117 15.099895 -25.546678 -13.975981 42.648517 -33.368296 -15.472311 22.358227 -28.579798 -16.652958 11.828795 -59.019591 
1.734070 -5.885387 101.177757 177.164421 -0.953684 86.092104 4.750761 4.700143 10.433743 -1.959232 -8.776190 -7.188732 -1.365816 14.471924 -3.784250 nan nan nan -4.292506 -4.800975 10.985168 1.701819 7.291848 -6.961638 10.295425 -10.551187 -1.691211 nan nan nan 0.300601 1.752909 3.943320 -0.094714 -4.125077 -9.518719 -0.293462 -0.122590 4.946311 -1.752736 1.992180 8.835687 0.998890 -1.625327 12.371305 29.255005 -15.099781 -24.312800 18.725125 -37.384398 -32.200211 14.476417 -20.543838 -22.369268 20.118053 -16.916077 -50.489525 -30.071970 14.895389 -25.602162 -14.514682 42.634493 -33.744384 -15.550028 22.120161 -28.681580 -16.508537 12.039614 -58.940551 
1.731292 -5.876786 101.189301 177.131713 -0.959219 86.154190 4.709608 4.689430 10.372306 -1.935269 -8.779799 -7.177958 -1.354773 14.534991 -3.797971 nan nan nan -4.288500 -4.805114 10.904256 1.680788 7.321249 -6.942732 10.271719 -10.595053 -1.706342 nan nan nan 0.295544 1.800348 3.921916 -0.081679 -4.089685 -9.564610 -0.295137 -0.075676 4.933996 -1.717241 1.910289 8.955365 1.035139 -1.693979 12.473209 29.434814 -15.027366 -24.332659 18.894777 -37.232129 -32.411174 14.691580 -20.365470 -22.566999 19.913646 -16.919812 -50.297458 -30.265805 14.709189 -25.598814 -14.686056 42.340018 -33.915423 -15.729649 22.190328 -28.905872 -16.480081 12.029698 -59.218137 
1.733864 -5.853485 101.210426 177.106933 -0.947364 86.196343 4.700083 4.703713 10.341216 -1.890114 -8.780805 -7.173499 -1.475637 14.553899 -3.825966 nan nan nan -4.261199 -4.771333 10.878724 1.666382 7.307650 -6.968210 10.285677 -10.583993 -1.672144 nan nan nan 0.280238 1.836177 3.906980 -0.064578 -4.064849 -9.612224 -0.266853 0.005661 4.946720 -1.647746 1.909605 9.139105 1.104841 -1.770757 12.601461 29.613707 -14.917165 -24.387052 18.977107 -37.147135 -32.628805 14.902215 -20.248058 -22.886284 19.755297 -16.940028 -50.365691 -30.395523 14.430869 -25.621451 -14.804557 42.148245 -34.036190 -15.891983 22.390628 -28.982059 -16.575846 11.897336 -59.336845 
1.734899 -5.819003 101.232674 177.075375 -0.936160 86.231951 4.727322 4.775935 10.347791 -1.897777 -8.782072 -7.198694 -1.602932 14.522865 -3.860577 nan nan nan -4.226770 -4.712747 10.891893 1.629579 7.257426 -7.028050 10.382546 -10.517778 -1.663131 nan nan nan 0.309934 1.823391 3.936522 -0.074861 -4.037251 -9.726377 -0.219424 0.077082 5.007100 -1.685070 1.871613 9.282367 1.165043 -1.773599 12.634858 29.737474 -14.669237 -24.624173 18.892891 -37.232508 -32.801139 15.110957 -20.115397 -22.975433 19.577367 -16.970690 -50.297224 -30.536519 14.135348 -25.720859 -14.979073 42.042335 -34.224761 -15.968533 22.476644 -28.981340 -16.405656 12.016843 -59.398889 
1.731471 -5.792023 101.246429 177.039273 -0.942274 86.273418 4.733758 4.844092 10.344153 -1.917788 -8.817146 -7.220567 -1.637158 14.533468 -3.864542 nan nan nan -4.217288 -4.709426 10.857127 1.597139 7.290440 -7.030776 10.398241 -10.506400 -1.676221 nan nan nan 0.330886 1.796788 3.977474 -0.078518 -3.990189 -9.848910 -0.193706 0.105316 5.064250 -1.747629 1.811650 9.417480 1.177885 -1.690222 12.561858 29.833779 -14.404263 -24.761725 18.859495 -37.234264 -32.945663 15.346729 -20.056688 -22.957763 19.573442 -16.850920 -50.205660 -30.713204 13.874488 -25.727183 -15.212532 41.877319 -34.442279 -16.030368 22.584049 -29.057309 -16.576146 11.983065 -59.762950 
1.727284 -5.777115 101.259735 177.017428 -0.948633 86.294476 4.713743 4.871451 10.327514 -1.885668 -8.837983 -7.210682 -1.629180 14.532718 -3.870680 nan nan nan -4.240736 -4.759890 10.832254 1.612007 7.311042 -7.024812 10.409478 -10.473667 -1.651777 nan nan nan 0.352743 1.762067 4.057941 -0.087384 -3.952045 -9.952204 -0.184799 0.140539 5.087828 -1.765943 1.817283 9.496837 1.174934 -1.615667 12.581360 29.938555 -14.124345 -24.949757 18.897367 -37.347701 -33.207830 15.496532 -19.873205 -22.960019 19.597364 -16.929726 -50.125512 -30.844892 13.609058 -25.667733 -15.488967 41.751943 -34.698364 -16.181605 22.670522 -29.129389 -16.812302 11.845974 -59.787100 
1.718400 -5.771808 101.266098 176.995691 -0.950374 86.316410 4.687009 4.883685 10.305232 -1.860069 -8.852773 -7.189350 -1.574570 14.549231 -3.857298 nan nan nan -4.270204 -4.805806 10.792426 1.647855 7.333912 -6.989470 10.427239 -10.461311 -1.661092 nan nan nan 0.371029 1.748776 4.118524 -0.112411 -3.921914 -10.029508 -0.170264 0.192917 5.056220 -1.784101 1.740889 9.559204 1.203192 -1.559938 12.797395 30.059830 -13.939621 -25.259779 18.912408 -37.522108 -33.485316 15.546094 -19.654731 -23.161374 19.500763 -16.960263 -49.670181 -31.028418 13.418498 -25.623591 -15.583160 41.488128 -34.828961 -16.354321 22.777788 -29.288222 -16.638476 11.907506 -59.499303 
1.709951 -5.766443 101.269501 176.990071 -0.950272 86.333746 4.653359 4.899890 10.304973 -1.826984 -8.963720 -7.191184 -1.460649 14.622949 -3.841122 nan nan nan -4.280638 -4.808535 10.786819 1.656077 7.396698 -6.995884 10.411987 -10.533839 -1.716489 nan nan nan 0.384464 1.734722 4.163040 -0.134029 -3.881564 -10.108668 -0.140362 0.238344 5.061430 -1.770501 1.601007 9.657133 1.163987 -1.500032 12.948547 30.119470 -13.794199 -25.415990 18.965778 -37.468942 -33.584489 15.645144 -19.735430 -23.299337 19.422883 -16.731830 -49.379309 -31.257833 13.249551 -25.641836 -15.592752 41.158977 -34.819792 -16.391103 22.998494 -29.544312 -16.903326 11.922620 -59.873786 
1.710694 -5.758356 101.280525 177.008615 -0.957392 86.372438 4.639038 4.900417 10.267529 -1.832061 -9.063883 -7.181517 -1.409203 14.678461 -3.832667 nan nan nan -4.283121 -4.784013 10.771452 1.651332 7.452454 -7.030204 10.395073 -10.647725 -1.722372 nan nan nan 0.371317 1.760741 4.133293 -0.108070 -3.835276 -10.147913 -0.150365 0.230059 5.135074 -1.671391 1.517874 9.794356 1.100963 -1.625020 13.052539 30.091335 -13.635234 -25.366235 19.226004 -37.266463 -33.624333 15.797699 -19.904208 -23.456567 19.355814 -16.507403 -49.449203 -31.278356 13.036086 -25.734228 -15.833570 41.072601 -34.854319 -16.481886 23.035941 -29.744244 -17.093476 11.884554 -60.321959 
1.716780 -5.740102 101.300217 177.033273 -0.957297 86.418919 4.622544 4.848765 10.211989 -1.823673 -9.061187 -7.171390 -1.456220 14.734629 -3.815462 nan nan nan -4.266817 -4.774182 10.744526 1.629117 7.469692 -7.050551 10.442211 -10.705297 -1.675906 nan nan nan 0.369075 1.818055 4.051947 -0.044720 -3.824012 -10.141003 -0.227049 0.208561 5.210223 -1.583089 1.490437 9.993562 1.108932 -1.845831 13.110440 30.070048 -13.503369 -25.286259 19.540110 -37.033049 -33.698202 15.941273 -20.008434 -23.830199 19.427392 -16.539857 -49.793708 -31.241761 12.754962 -25.837627 -16.057080 41.159985 -34.934160 -16.794972 22.866603 -30.010275 -16.587250 11.882767 -60.092129 
1.724629 -5.713474 101.329933 177.035453 -0.968430 86.405599 4.595994 4.848122 10.224223 -1.800863 -9.117617 -7.118946 -1.496255 14.795021 -3.855239 nan nan nan -4.260906 -4.826347 10.771404 1.586808 7.471027 -7.044882 10.546881 -10.711640 -1.648447 nan nan nan 0.386907 1.818186 4.179367 -0.034562 -3.824182 -10.279460 -0.259854 0.187968 5.304000 -1.569362 1.453675 10.022712 1.216355 -1.989582 13.063324 30.121236 -13.175976 -25.343703 19.647969 -36.904541 -33.654226 16.057042 -20.125579 -24.062431 19.753465 -16.382281 -50.268832 -31.292986 12.370204 -26.049929 -16.140194 41.360768 -34.972414 -17.024690 22.748497 -30.247135 -16.246704 11.791038 -59.659369 
1.737351 -5.696797 101.355309 177.017860 -0.998886 86.404197 4.549531 4.864586 10.237384 -1.788923 -9.165496 -7.090604 -1.486764 14.841226 -3.918035 nan nan nan -4.272111 -4.889277 10.767713 1.539827 7.500173 -7.012963 10.580199 -10.697662 -1.668898 nan nan nan 0.396237 1.782706 4.372230 -0.066086 -3.811856 -10.493207 -0.259567 0.167510 5.418856 -1.566612 1.417579 9.833597 1.414965 -2.151749 13.096009 30.237060 -12.693582 -25.542617 19.591841 -36.920398 -33.584663 16.170529 -20.200252 -24.177697 19.952096 -16.148756 -50.303871 -31.351114 12.005754 -26.330649 -16.206881 41.554161 -35.000765 -17.158609 22.697721 -30.408734 -16.186087 11.831447 -59.306762 
1.743572 -5.685752 101.370575 177.014922 -1.026123 86.429183 4.497100 4.871978 10.213488 -1.768980 -9.198997 -7.068054 -1.505418 14.863766 -3.957240 nan nan nan -4.296761 -4.930752 10.743181 1.527733 7.549520 -6.996311 10.539963 -10.686066 -1.701472 nan nan nan 0.381372 1.756511 4.414867 -0.061196 -3.825216 -10.580300 -0.233718 0.128727 5.472272 -1.601266 1.427566 9.789729 1.451415 -2.284537 13.208885 30.278114 -12.377787 -25.671604 19.584620 -36.859478 -33.635015 16.311571 -20.232211 -24.347911 19.844046 -16.069114 -50.206075 -31.437965 11.833321 -26.432049 -16.419253 41.575140 -35.166658 -17.264286 22.679516 -30.593944 -16.116931 11.882174 -59.332472 
1.744108 -5.670992 101.383240 176.989130 -1.055325 86.446409 4.451518 4.905224 10.226412 -1.732415 -9.280553 -7.068499 -1.576236 14.903008 -3.984691 nan nan nan -4.342805 -4.923576 10.737076 1.549873 7.556712 -6.997185 10.564016 -10.681535 -1.724486 nan nan nan 0.388446 1.748541 4.437585 -0.068783 -3.833535 -10.648144 -0.227432 0.138971 5.453375 -1.627701 1.414081 9.950608 1.378124 -2.367712 13.235612 30.309695 -12.259927 -25.702100 19.718324 -36.704052 -33.734185 16.342776 -20.197988 -24.377530 19.622116 -16.113476 -50.342515 -31.546883 11.755108 -26.405322 -16.635345 41.424612 -35.310341 -17.248351 22.737636 -30.707972 -16.282179 11.691308 -59.679366 
1.745177 -5.657131 101.395348 176.952457 -1.075069 86.479919 4.431499 4.979382 10.220713 -1.736346 -9.350862 -7.063522 -1.674979 14.951912 -4.033001 nan nan nan -4.372793 -4.917374 10.719892 1.552943 7.576771 -7.006816 10.606568 -10.683228 -1.730591 nan nan nan 0.387000 1.753469 4.435924 -0.072380 -3.802346 -10.753505 -0.211119 0.184289 5.485963 -1.663359 1.335930 10.091750 1.351387 -2.347107 13.184639 30.389979 -12.128900 -25.681857 19.815173 -36.555343 -33.755211 16.360808 -20.214433 -24.441781 19.689169 -16.067733 -50.709957 -31.670406 11.592091 -26.438391 -16.791978 41.306909 -35.423893 -17.155027 22.738017 -30.878063 -16.371943 11.530672 -59.974747 
1.746120 -5.639276 101.401672 176.934126 -1.085395 86.527586 4.428065 5.055132 10.185792 -1.741286 -9.415784 -7.054592 -1.719695 14.976341 -4.055002 nan nan nan -4.397628 -4.907726 10.691878 1.571309 7.611404 -7.013641 10.665613 -10.691990 -1.722512 nan nan nan 0.378787 1.749246 4.400148 -0.071295 -3.760236 -10.862208 -0.197774 0.227484 5.573673 -1.706166 1.237666 10.153350 1.291636 -2.221016 13.141594 30.490307 -11.938649 -25.681358 19.874693 -36.458467 -33.775660 16.415852 -20.275894 -24.649203 19.903638 -15.810623 -50.799909 -31.784299 11.372083 -26.549793 -16.837335 41.272825 -35.472902 -17.213312 22.702579 -31.159710 -16.194767 11.492242 -59.878805 
1.741976 -5.624978 101.405464 176.917373 -1.095734 86.587549 4.418244 5.112718 10.137079 -1.736531 -9.448541 -7.050966 -1.732848 14.982979 -4.048629 nan nan nan -4.416424 -4.879922 10.655715 1.590269 7.597200 -7.053224 10.762898 -10.709050 -1.702930 nan nan nan 0.385720 1.734085 4.350685 -0.082634 -3.712378 -10.954237 -0.204768 0.263523 5.667596 -1.691040 1.096631 10.192389 1.198422 -2.266478 13.183710 30.569860 -11.727761 -25.700457 19.976240 -36.446937 -33.928628 16.531898 -20.225992 -24.815122 19.930455 -15.717812 -50.659994 -31.862239 11.171417 -26.648745 -16.813454 41.268414 -35.454221 -17.340026 22.722421 -31.240645 -16.235564 11.546206 -59.949580 
1.739267 -5.611223 101.408974 176.892277 -1.089673 86.639985 4.402641 5.063636 10.116724 -1.726726 -9.413543 -7.085267 -1.708672 15.037440 -4.038574 nan nan nan -4.419381 -4.855995 10.606845 1.616533 7.594919 -7.054921 10.804392 -10.697812 -1.699733 nan nan nan 0.412839 1.730092 4.305308 -0.086751 -3.683026 -11.033664 -0.203443 0.285650 5.738486 -1.679828 0.991133 10.246361 1.172338 -2.441311 13.213079 30.626998 -11.487170 -25.685479 19.986137 -36.482254 -34.052491 16.735676 -20.184105 -24.921227 20.013844 -15.746830 -51.012834 -31.916858 10.988556 -26.665442 -16.892035 41.278178 -35.518303 -17.374376 22.765716 -31.138906 -16.471659 11.570459 -60.492551 
1.738201 -5.605682 101.410965 176.868668 -1.084530 86.672091 4.352301 4.962098 10.115140 -1.666205 -9.403870 -7.125249 -1.621194 15.146113 -4.021115 nan nan nan -4.398903 -4.835711 10.557788 1.596204 7.592261 -7.028402 10.818050 -10.720238 -1.691171 nan nan nan 0.459457 1.709538 4.317085 -0.098684 -3.672573 -11.128776 -0.206329 0.308550 5.765109 -1.727379 0.921762 10.324271 1.123771 -2.469073 13.182305 30.680194 -11.259012 -25.651081 19.970425 -36.471848 -34.041299 16.870107 -20.184091 -25.026418 20.098253 -15.647335 -51.381073 -31.992788 10.836647 -26.681244 -17.032351 41.287206 -35.581554 -17.371362 22.764313 -31.198221 -16.508901 11.457389 -60.721712 
1.749698 -5.593114 101.414200 176.850929 -1.094490 86.678655 4.342196 4.924023 10.151111 -1.657920 -9.426496 -7.177445 -1.538019 15.180583 -3.998476 nan nan nan -4.381604 -4.827032 10.561018 1.555739 7.624583 -7.043745 10.812765 -10.771120 -1.689853 nan nan nan 0.469387 1.693007 4.312470 -0.116225 -3.649644 -11.184264 -0.208522 0.316063 5.787908 -1.732349 0.952918 10.385170 1.035949 -2.389221 13.309232 30.768177 -11.072763 -25.610172 20.000545 -36.439286 -34.107342 16.976017 -20.098616 -25.029761 19.803795 -15.710959 -51.434937 -32.036844 10.696487 -26.726876 -17.199095 41.359427 -35.694983 -17.363313 22.589697 -31.179457 -16.316591 11.469258 -60.368615 
1.767054 -5.579839 101.419365 176.823329 -1.103488 86.683472 4.365994 4.925568 10.184203 -1.715695 -9.432859 -7.214888 -1.560304 15.208430 -3.988278 nan nan nan -4.367617 -4.809253 10.569527 1.539065 7.653375 -7.061683 10.795667 -10.799092 -1.706844 nan nan nan 0.447675 1.708089 4.312662 -0.114417 -3.623234 -11.231043 -0.189492 0.329136 5.786992 -1.712341 1.019897 10.503116 1.016678 -2.303893 13.485466 30.840178 -10.973339 -25.589162 20.071875 -36.406847 -34.248681 17.074519 -19.954899 -25.170688 19.621425 -15.788523 -51.466811 -32.060806 10.546175 -26.787143 -17.304913 41.435217 -35.783554 -17.347966 22.479296 -31.177034 -16.203933 11.525192 -60.257288 
1.775538 -5.562491 101.426544 176.788069 -1.108782 86.704143 4.365492 4.933281 10.193377 -1.731378 -9.442189 -7.247592 -1.618994 15.254862 -3.951139 nan nan nan -4.365325 -4.786291 10.560325 1.521647 7.672893 -7.071661 10.745596 -10.797584 -1.711613 nan nan nan 0.447228 1.730268 4.315897 -0.108991 -3.592692 -11.291427 -0.174570 0.336597 5.762650 -1.714993 1.018337 10.658678 1.054961 -2.245723 13.543526 30.870208 -10.872820 -25.573262 20.081868 -36.344124 -34.282592 17.157502 -19.940017 -25.421228 19.724060 -15.771723 -51.695558 -32.096200 10.388478 -26.826169 -17.315213 41.460798 -35.773999 -17.326289 22.571091 -31.301965 -16.300719 11.504807 -60.684387 
1.782607 -5.541422 101.434860 176.746949 -1.114229 86.697878 4.354628 4.914333 10.238120 -1.717623 -9.455197 -7.287943 -1.546163 15.303586 -3.960249 nan nan nan -4.376772 -4.790363 10.571509 1.511952 7.700817 -7.062316 10.704435 -10.766433 -1.707514 nan nan nan 0.467947 1.767812 4.335305 -0.109937 -3.543275 -11.351342 -0.174065 0.327595 5.772913 -1.727564 0.908783 10.771424 1.068557 -2.306461 13.558319 30.914497 -10.701958 -25.561766 20.032762 -36.308078 -34.250587 17.197979 -19.980295 -25.574628 19.794721 -15.816360 -51.973645 -32.121636 10.229430 -26.922108 -17.336115 41.516400 -35.802407 -17.239532 22.615398 -31.396796 -16.381039 11.480345 -61.001849 
1.784805 -5.521465 101.444077 176.712635 -1.129270 86.686552 4.343807 4.947062 10.294098 -1.716213 -9.475371 -7.319829 -1.514387 15.292749 -4.003526 nan nan nan -4.404120 -4.790311 10.596767 1.525421 7.720563 -7.060237 10.696866 -10.713346 -1.724558 nan nan nan 0.485677 1.766922 4.351147 -0.128114 -3.511510 -11.434437 -0.170687 0.351011 5.790344 -1.722815 0.818223 10.884374 1.068167 -2.349610 13.659733 30.999625 -10.512730 -25.592698 19.952907 -36.386101 -34.314506 17.161445 -19.930607 -25.604981 19.850067 -15.775588 -51.977756 -32.148690 10.121731 -27.017650 -17.349700 41.582145 -35.888743 -17.137984 22.600328 -31.410964 -16.422948 11.589410 -61.067724 
1.793716 -5.513802 101.452370 176.688652 -1.129373 86.676549 4.360826 5.005414 10.320772 -1.720956 -9.476848 -7.318105 -1.623166 15.251484 -4.061868 nan nan nan -4.391253 -4.808833 10.609744 1.510109 7.741413 -7.049007 10.715323 -10.664014 -1.738792 nan nan nan 0.485587 1.784172 4.363697 -0.138923 -3.496364 -11.487027 -0.157188 0.362585 5.777057 -1.684899 0.806715 10.994433 1.093575 -2.375584 13.752782 31.065490 -10.408438 -25.649978 19.918583 -36.462692 -34.376689 17.184517 -19.882621 -25.678008 19.844720 -15.714798 -51.762575 -32.140441 10.052188 -27.105013 -17.429727 41.644311 -36.025115 -17.019940 22.518079 -31.413139 -16.369185 11.691599 -60.950339 
1.801657 -5.508309 101.454491 176.679979 -1.124706 86.674069 4.370244 5.017187 10.327582 -1.712939 -9.466664 -7.306665 -1.678178 15.257122 -4.116757 nan nan nan -4.378879 -4.847479 10.615821 1.496358 7.769064 -7.055979 10.763089 -10.659732 -1.725089 nan nan nan 0.508573 1.822187 4.370548 -0.166634 -3.473235 -11.542092 -0.186855 0.342440 5.795305 -1.602991 0.847456 11.040638 1.146760 -2.412925 13.848937 31.112477 -10.314219 -25.682187 19.961473 -36.482431 -34.372594 17.233335 -19.909015 -25.747699 19.895268 -15.613851 -51.845050 -32.077196 9.961818 -27.161488 -17.570354 41.691303 -36.166761 -16.936592 22.449677 -31.485616 -16.370865 11.650392 -60.952604 
1.813351 -5.498581 101.453667 176.688337 -1.104676 86.655318 4.402751 4.981493 10.347414 -1.720355 -9.449115 -7.297913 -1.687309 15.287181 -4.125918 nan nan nan -4.348743 -4.847091 10.672458 1.484425 7.764790 -7.105183 10.809353 -10.686106 -1.689878 nan nan nan 0.539694 1.846528 4.401085 -0.163195 -3.449598 -11.624318 -0.241526 0.327270 5.832848 -1.493712 0.896733 11.067752 1.157508 -2.479438 13.964824 31.182518 -10.177689 -25.648300 20.068880 -36.492219 -34.414221 17.179049 -19.849827 -25.663021 19.854377 -15.683450 -52.185720 -32.021451 9.861686 -27.140459 -17.724773 41.704432 -36.264823 -16.888540 22.431673 -31.454265 -16.566983 11.565091 -61.147059 
1.821244 -5.481332 101.454788 176.694991 -1.113189 86.646169 4.404710 4.945828 10.335842 -1.765413 -9.430677 -7.231270 -1.691891 15.317072 -4.134213 nan nan nan -4.354307 -4.865353 10.708158 1.470843 7.794954 -7.131253 10.836051 -10.700895 -1.684769 nan nan nan 0.533834 1.882961 4.384271 -0.146297 -3.448590 -11.671608 -0.269970 0.315186 5.882418 -1.429682 0.859517 11.120316 1.157459 -2.582694 13.988041 31.244529 -10.016195 -25.604958 20.069422 -36.477075 -34.405853 17.181573 -19.874674 -25.496470 19.824255 -15.679511 -52.523908 -32.033220 9.747097 -27.115006 -17.763541 41.736434 -36.310883 -16.962859 22.465661 -31.344681 -16.707711 11.394410 -61.206417 
1.822469 -5.470190 101.453590 176.683724 -1.143389 86.647662 4.359286 4.910691 10.340476 -1.772292 -9.426886 -7.204614 -1.675350 15.371538 -4.146559 nan nan nan -4.390048 -4.866894 10.711891 1.467857 7.832158 -7.136400 10.851241 -10.728099 -1.705569 nan nan nan 0.497584 1.940078 4.354839 -0.127885 -3.449046 -11.716290 -0.251529 0.308228 5.924750 -1.462398 0.778304 11.220910 1.169568 -2.644071 13.971037 31.299324 -9.921461 -25.601401 19.959551 -36.433591 -34.332769 17.241744 -19.918410 -25.516953 20.003507 -15.479136 -52.612528 -32.097562 9.668690 -27.131717 -17.760358 41.763124 -36.301746 -17.036365 22.461912 -31.317897 -16.670314 11.215783 -61.087696 
1.820979 -5.464839 101.455276 176.680372 -1.149651 86.644329 4.325612 4.875658 10.356076 -1.730612 -9.450756 -7.202300 -1.605410 15.413750 -4.145346 nan nan nan -4.399480 -4.851720 10.711956 1.482019 7.835815 -7.122287 10.848393 -10.737402 -1.708195 nan nan nan 0.489200 1.975713 4.333538 -0.123297 -3.432861 -11.764013 -0.226762 0.314940 5.946220 -1.482886 0.741041 11.323797 1.204667 -2.661089 13.985629 31.333790 -9.884424 -25.621896 19.904581 -36.413894 -34.295863 17.271502 -19.890698 -25.695283 19.996565 -15.324587 -52.455943 -32.142671 9.617790 -27.163091 -17.742440 41.787024 -36.266933 -17.063006 22.422646 -31.408105 -16.562551 11.117678 -60.886967 
1.828061 -5.452003 101.459045 176.665849 -1.168124 86.617075 4.297820 4.925265 10.395477 -1.685815 -9.505184 -7.195859 -1.544313 15.428945 -4.120710 nan nan nan -4.428647 -4.862376 10.737298 1.496214 7.824134 -7.098305 10.856882 -10.714782 -1.729381 nan nan nan 0.480235 2.011290 4.341138 -0.138789 -3.392588 -11.807448 -0.216732 0.315905 5.969157 -1.493315 0.753051 11.407272 1.306514 -2.662394 13.959069 31.354017 -9.871980 -25.610881 19.935762 -36.351165 -34.299092 17.259389 -19.917092 -25.840135 19.953022 -15.213273 -52.139273 -32.228625 9.519010 -27.197271 -17.630652 41.802586 -36.150736 -17.083887 22.366740 -31.507892 -16.495644 11.176766 -60.881330 
1.841071 -5.444554 101.463165 176.667855 -1.183255 86.597712 4.307172 4.975667 10.423610 -1.698148 -9.580432 -7.197413 -1.520476 15.414232 -4.122302 nan nan nan -4.436969 -4.877701 10.771728 1.482906 7.832711 -7.101076 10.862660 -10.690557 -1.758947 nan nan nan 0.453692 2.012346 4.329177 -0.123535 -3.346371 -11.859354 -0.204519 0.339886 6.021938 -1.500991 0.755478 11.481629 1.355159 -2.687142 13.956434 31.335737 -9.808058 -25.550563 20.003014 -36.327620 -34.311750 17.223521 -19.950465 -25.781591 20.028409 -15.201276 -52.152367 -32.279379 9.455812 -27.188316 -17.686650 41.783970 -36.137566 -17.005290 22.264838 -31.319746 -16.539564 11.322549 -61.058353 
1.856252 -5.447595 101.465317 176.682150 -1.187482 86.588783 4.333905 4.964974 10.444760 -1.744312 -9.645581 -7.221774 -1.470629 15.426234 -4.141663 nan nan nan -4.418395 -4.852217 10.797501 1.455565 7.855415 -7.117154 10.852465 -10.739802 -1.803257 nan nan nan 0.429880 2.016947 4.306255 -0.107472 -3.304255 -11.885711 -0.174266 0.357215 6.033637 -1.522307 0.706220 11.564198 1.374361 -2.729289 14.009241 31.332567 -9.763487 -25.468101 20.045265 -36.271943 -34.305927 17.143736 -19.980403 -25.663718 20.067362 -15.313472 -52.361575 -32.376038 9.432289 -27.120590 -17.730747 41.688069 -36.115981 -16.962031 22.182676 -31.209632 -16.569271 11.331024 -61.303936 
1.877416 -5.444875 101.471245 176.719140 -1.183931 86.571897 4.359551 4.961057 10.462434 -1.772031 -9.658246 -7.224682 -1.470177 15.454384 -4.145633 nan nan nan -4.394777 -4.852810 10.834558 1.445952 7.832230 -7.139423 10.860920 -10.815081 -1.818625 nan nan nan 0.407566 2.025441 4.311513 -0.111440 -3.292892 -11.919216 -0.148075 0.341748 6.023446 -1.507045 0.660564 11.631598 1.388275 -2.770321 14.080884 31.335473 -9.732481 -25.455191 20.073401 -36.220497 -34.263865 17.035646 -20.016371 -25.550852 20.070834 -15.365109 -52.411694 -32.431050 9.406493 -27.097530 -17.725839 41.646189 -36.104939 -16.938432 22.137140 -31.294286 -16.624923 11.229252 -61.455988 
1.894844 -5.438196 101.480652 176.753364 -1.187361 86.549500 4.372314 4.958339 10.475655 -1.788227 -9.652276 -7.195808 -1.575201 15.450685 -4.156721 nan nan nan -4.397655 -4.883035 10.884510 1.456947 7.813555 -7.171605 10.856014 -10.830435 -1.795864 nan nan nan 0.393211 2.029176 4.307198 -0.127270 -3.294502 -11.943107 -0.139463 0.319066 6.045287 -1.472228 0.637545 11.648989 1.409707 -2.785450 14.111728 31.341505 -9.694650 -25.491177 20.115619 -36.184770 -34.200804 16.992499 -20.040065 -25.525332 20.111018 -15.361533 -52.386088 -32.416501 9.411137 -27.129047 -17.832058 41.618133 -36.157755 -16.814218 22.042941 -31.242657 -16.633956 11.237580 -61.437229 
1.902165 -5.425261 101.484550 176.776654 -1.194170 86.554297 4.360178 4.941995 10.447418 -1.773545 -9.666481 -7.151136 -1.677903 15.450380 -4.154658 nan nan nan -4.414195 -4.905439 10.886265 1.482930 7.839531 -7.166034 10.870252 -10.820398 -1.801144 nan nan nan 0.402701 2.016579 4.277725 -0.139197 -3.305053 -11.984925 -0.164757 0.303949 6.099473 -1.418390 0.650849 11.651527 1.444815 -2.781173 14.087682 31.368802 -9.573759 -25.522170 20.077627 -36.154185 -34.042764 17.043681 -20.166473 -25.550279 20.198869 -15.126573 -52.551824 -32.364155 9.379165 -27.190080 -17.989857 41.655899 -36.241380 -16.655270 21.975853 -31.141707 -16.687610 11.121425 -61.364719 
1.905047 -5.417583 101.486832 176.790780 -1.192750 86.539987 4.359773 4.926456 10.457677 -1.761796 -9.698841 -7.138120 -1.738860 15.491111 -4.171214 nan nan nan -4.406723 -4.892317 10.897297 1.494636 7.865249 -7.143164 10.892921 -10.833319 -1.859740 nan nan nan 0.433976 2.015284 4.286808 -0.150601 -3.284110 -12.017216 -0.198383 0.273583 6.102932 -1.363178 0.703013 11.642247 1.442328 -2.792798 14.142415 31.358553 -9.537764 -25.482261 20.102716 -36.033142 -33.929542 17.029136 -20.353328 -25.596534 20.196288 -15.088985 -52.674002 -32.328419 9.347277 -27.265956 -18.090401 41.676994 -36.285510 -16.488020 21.955090 -31.048592 -16.734933 10.985629 -61.319580 
1.909560 -5.417931 101.490646 176.800175 -1.183135 86.516879 4.384367 4.906834 10.502462 -1.773151 -9.717479 -7.173369 -1.737746 15.531142 -4.187327 nan nan nan -4.375884 -4.885258 10.915607 1.458541 7.868344 -7.128857 10.867102 -10.839534 -1.867679 nan nan nan 0.460922 2.040050 4.289122 -0.169541 -3.220473 -12.020033 -0.202442 0.243813 6.070307 -1.360833 0.692132 11.650334 1.426261 -2.790211 14.249001 31.345652 -9.551100 -25.434367 20.111928 -36.022844 -33.978975 17.039835 -20.412607 -25.674302 20.033039 -15.292541 -52.572595 -32.346995 9.312476 -27.288294 -18.090572 41.639373 -36.297260 -16.367756 21.909728 -31.029103 -16.607578 11.089830 -61.241683 
1.901994 -5.419658 101.496239 176.837417 -1.200751 86.502263 4.353264 4.881672 10.542146 -1.750495 -9.759422 -7.230298 -1.696594 15.544934 -4.166989 nan nan nan -4.398716 -4.880381 10.939025 1.449489 7.864292 -7.144737 10.850347 -10.878203 -1.864398 nan nan nan 0.460162 2.060152 4.269312 -0.189458 -3.181859 -12.014188 -0.201002 0.240008 6.049371 -1.374892 0.578181 11.702284 1.447370 -2.741270 14.281146 31.354198 -9.551920 -25.441790 20.080684 -36.113404 -34.078689 17.098647 -20.398906 -25.731765 19.872796 -15.335280 -52.433312 -32.421814 9.281999 -27.234600 -18.017432 41.532033 -36.248780 -16.375886 21.905873 -31.127216 -16.446511 11.192808 -61.268328 
1.890178 -5.410531 101.501678 176.889652 -1.235993 86.482663 4.286131 4.885441 10.563393 -1.716734 -9.822068 -7.239668 -1.610725 15.576807 -4.173597 nan nan nan -4.450483 -4.899506 10.978970 1.453470 7.879956 -7.173441 10.881282 -10.932661 -1.837272 nan nan nan 0.445133 2.059783 4.246476 -0.194997 -3.188004 -12.032021 -0.201439 0.266648 6.044193 -1.388056 0.504595 11.820945 1.458072 -2.684730 14.222897 31.335281 -9.577357 -25.441775 20.093035 -36.160633 -34.135402 17.066820 -20.367971 -25.651026 19.931184 -15.230764 -52.384806 -32.452013 9.261066 -27.234614 -18.007572 41.499614 -36.218209 -16.299376 21.920523 -31.157528 -16.545187 11.140544 -61.446265 
1.895993 -5.402333 101.510178 176.934853 -1.239337 86.456202 4.285702 4.880493 10.585759 -1.718419 -9.853215 -7.238595 -1.563601 15.591727 -4.164628 nan nan nan -4.444729 -4.927404 11.019267 1.438691 7.877371 -7.190657 10.881268 -10.961814 -1.836782 nan nan nan 0.441288 2.062176 4.276674 -0.191746 -3.212926 -12.093851 -0.181365 0.289908 6.003121 -1.446879 0.547434 11.935186 1.426921 -2.614603 14.158700 31.321249 -9.625084 -25.403428 20.092297 -36.129087 -34.145808 16.977570 -20.393282 -25.617549 20.034380 -15.159386 -52.514619 -32.449485 9.278325 -27.249793 -18.033207 41.502584 -36.219982 -16.193183 21.954986 -31.128295 -16.770288 11.058928 -61.587918 
1.905804 -5.399373 101.517815 176.983779 -1.252835 86.464611 4.292276 4.853134 10.578984 -1.735871 -9.871104 -7.255141 -1.552755 15.545338 -4.148852 nan nan nan -4.451133 -4.928499 11.018993 1.430419 7.879702 -7.191782 10.863489 -10.968007 -1.877416 nan nan nan 0.414248 2.053953 4.295639 -0.194701 -3.244205 -12.191444 -0.142688 0.303267 5.969543 -1.488697 0.602920 11.985694 1.367298 -2.531149 14.103254 31.343117 -9.581293 -25.360284 20.043155 -36.156882 -34.160102 16.897630 -20.364437 -25.523094 19.996959 -15.147100 -52.706275 -32.483256 9.251200 -27.206930 -18.031744 41.565658 -36.251429 -16.168908 21.903725 -31.080515 -16.822561 11.033362 -61.516094 
1.909688 -5.403345 101.519608 177.033811 -1.277641 86.485436 4.271897 4.842321 10.541715 -1.741174 -9.900871 -7.250137 -1.561831 15.502239 -4.160600 nan nan nan -4.476433 -4.921951 10.996483 1.451311 7.837711 -7.176122 10.838918 -10.972584 -1.903286 nan nan nan 0.383383 2.040978 4.284578 -0.201681 -3.242867 -12.251983 -0.130458 0.312827 5.963215 -1.470162 0.606222 11.994129 1.373120 -2.521817 14.095696 31.365785 -9.520375 -25.341696 20.023242 -36.229877 -34.166991 16.895375 -20.291439 -25.425254 19.892675 -15.210099 -52.690824 -32.540561 9.204256 -27.167789 -18.001351 41.556966 -36.236614 -16.153108 21.845900 -30.961150 -16.758031 11.119504 -61.539642 
1.919231 -5.408176 101.518112 177.060488 -1.291395 86.477721 4.266051 4.850217 10.537021 -1.733929 -9.944704 -7.235224 -1.546370 15.468768 -4.176207 nan nan nan -4.474241 -4.927342 11.000779 1.446467 7.832974 -7.162776 10.786702 -11.013360 -1.921301 nan nan nan 0.369094 2.048994 4.286014 -0.229444 -3.210640 -12.272564 -0.128062 0.293628 5.961880 -1.517958 0.570762 12.055167 1.407030 -2.462631 14.045421 31.395805 -9.507629 -25.315022 20.010552 -36.222441 -34.169321 16.959928 -20.339372 -25.395938 19.864879 -15.113103 -52.588596 -32.651639 9.150402 -27.126589 -17.850614 41.461236 -36.103601 -16.221209 21.839962 -30.912348 -16.671438 11.161487 -61.537101 
1.930479 -5.406899 101.515190 177.107924 -1.286494 86.476540 4.280966 4.865724 10.568888 -1.707111 -9.957641 -7.307593 -1.548804 15.429930 -4.150448 nan nan nan -4.441385 -4.940245 11.020306 1.403530 7.856568 -7.186272 10.783879 -11.053541 -1.896369 nan nan nan 0.388671 2.050290 4.279605 -0.257867 -3.201526 -12.318325 -0.134074 0.251043 6.003135 -1.581548 0.529296 12.127629 1.420890 -2.386279 13.940273 31.434651 -9.456520 -25.301588 19.990629 -36.185081 -34.197123 16.947612 -20.416765 -25.378607 19.949016 -14.964290 -52.529245 -32.757069 9.058308 -27.136667 -17.678825 41.462502 -35.965751 -16.316521 21.826564 -30.866229 -16.605670 11.114675 -61.389210 
1.935540 -5.408611 101.517487 177.138637 -1.297374 86.521575 4.259528 4.873462 10.542508 -1.695334 -9.892848 -7.367000 -1.548739 15.401260 -4.111386 nan nan nan -4.441722 -4.941554 10.994768 1.380368 7.842526 -7.204568 10.813665 -11.050280 -1.861099 nan nan nan 0.407187 2.048124 4.230817 -0.278085 -3.224588 -12.408764 -0.147276 0.218613 6.066506 -1.565130 0.516302 12.167824 1.370030 -2.370804 13.938529 31.412579 -9.359959 -25.339915 20.004024 -36.207869 -34.237074 16.816524 -20.432281 -25.285566 19.939696 -15.080067 -52.556679 -32.754417 9.007949 -27.159038 -17.670018 41.576405 -35.926942 -16.372434 21.747530 -30.826160 -16.524041 11.121285 -61.272987 
1.938096 -5.415120 101.520363 177.172336 -1.303476 86.544098 4.254110 4.872928 10.502592 -1.703429 -9.875826 -7.356187 -1.559329 15.391010 -4.094627 nan nan nan -4.455306 -4.945063 10.986523 1.411925 7.840422 -7.204729 10.785594 -11.066537 -1.864382 nan nan nan 0.400416 2.047637 4.151444 -0.278846 -3.230221 -12.399190 -0.138066 0.227598 6.060529 -1.531913 0.467548 12.233979 1.352588 -2.377850 14.025783 31.350231 -9.376413 -25.376451 20.011315 -36.236780 -34.238681 16.761425 -20.480689 -25.263543 20.000693 -15.177579 -52.593642 -32.702315 9.053911 -27.145389 -17.786281 41.575253 -36.000680 -16.336240 21.703465 -30.845737 -16.428658 11.180103 -61.130648 
1.937702 -5.420014 101.514191 177.201364 -1.280239 86.557432 4.293475 4.873973 10.492190 -1.703037 -9.887387 -7.376769 -1.621841 15.350192 -4.089792 nan nan nan -4.425388 -4.942049 10.981179 1.417518 7.857303 -7.222219 10.789914 -11.105954 -1.871621 nan nan nan 0.403868 2.062883 4.063067 -0.258479 -3.191203 -12.378296 -0.107394 0.231812 6.080347 -1.467926 0.429354 12.206914 1.345872 -2.394971 14.127761 31.319096 -9.381006 -25.352190 19.960225 -36.254463 -34.191896 16.808056 -20.542022 -25.253801 20.092512 -15.185049 -52.492686 -32.705371 9.048579 -27.127114 -17.881162 41.558980 -36.102819 -16.305055 21.652720 -30.923910 -16.419571 11.200469 -61.136902 
1.935555 -5.428696 101.510483 177.213039 -1.285004 86.571030 4.282544 4.892509 10.495195 -1.681935 -9.915590 -7.405004 -1.648004 15.318829 -4.109567 nan nan nan -4.412811 -4.917592 10.986094 1.390870 7.851063 -7.260509 10.823419 -11.149096 -1.873426 nan nan nan 0.383916 2.070921 4.016990 -0.247889 -3.152678 -12.395533 -0.096091 0.227551 6.112288 -1.372968 0.416860 12.145076 1.313720 -2.406400 14.184009 31.309330 -9.322149 -25.329346 19.916546 -36.279120 -34.104738 16.877889 -20.585499 -25.187663 20.044919 -15.219991 -52.506568 -32.697902 8.978249 -27.126143 -17.918904 41.611979 -36.129089 -16.293668 21.588796 -31.032918 -16.507148 11.242885 -61.152064 
1.925662 -5.429406 101.508835 177.234680 -1.331019 86.580559 4.220262 4.853706 10.508625 -1.671879 -9.902519 -7.453114 -1.547471 15.310720 -4.065721 nan nan nan -4.457009 -4.885206 10.991806 1.371369 7.823422 -7.275930 10.802348 -11.156991 -1.842348 nan nan nan 0.360569 2.080339 4.002674 -0.260737 -3.161849 -12.442911 -0.114484 0.215871 6.112478 -1.362429 0.401226 12.196422 1.318803 -2.425556 14.191505 31.322636 -9.243968 -25.302553 19.851921 -36.300421 -34.054882 16.881314 -20.633391 -25.200808 19.983663 -15.276183 -52.683289 -32.698670 8.969912 -27.071941 -17.909808 41.636680 -36.139257 -16.372582 21.572279 -31.117598 -16.562051 11.242301 -61.112123 
1.917836 -5.433963 101.506783 177.271430 -1.362258 86.599993 4.176988 4.794797 10.519806 -1.667930 -9.852875 -7.523671 -1.408485 15.295698 -3.995555 nan nan nan -4.508178 -4.869612 10.972669 1.414607 7.766365 -7.273600 10.796280 -11.162141 -1.828088 nan nan nan 0.368711 2.101613 3.964896 -0.281981 -3.156291 -12.463598 -0.121623 0.161078 6.091925 -1.423393 0.329819 12.275524 1.269292 -2.453844 14.227711 31.315157 -9.193342 -25.296677 19.782459 -36.352536 -34.031232 16.865575 -20.602819 -25.302612 19.991683 -15.272558 -52.848168 -32.695183 8.995644 -27.057187 -17.951694 41.629216 -36.182249 -16.378997 21.657002 -31.208455 -16.592297 11.171986 -61.174676 
1.919879 -5.433387 101.512177 177.338448 -1.375184 86.597879 4.151424 4.790024 10.525956 -1.637446 -9.852846 -7.549300 -1.413775 15.286162 -3.991537 nan nan nan -4.550175 -4.898937 11.008353 1.474514 7.723105 -7.311535 10.838240 -11.149744 -1.817114 nan nan nan 0.375132 2.087759 3.943109 -0.274137 -3.176398 -12.475755 -0.130896 0.130825 6.078587 -1.490971 0.278536 12.321129 1.199121 -2.498242 14.243516 31.304972 -9.190771 -25.307453 19.749320 -36.370581 -33.988790 16.841682 -20.530253 -25.397916 20.010740 -15.234806 -52.932260 -32.659394 9.007028 -27.127467 -18.005296 41.675762 -36.205899 -16.344842 21.744134 -31.324069 -16.541424 11.077304 -61.257200 
1.932780 -5.433249 101.520096 177.378048 -1.387799 86.584232 4.137336 4.814252 10.536890 -1.619122 -9.891234 -7.552194 -1.491294 15.264380 -4.014982 nan nan nan -4.576820 -4.945151 11.037690 1.496376 7.722837 -7.316377 10.813641 -11.100409 -1.884974 nan nan nan 0.346389 2.088188 3.932031 -0.251114 -3.181366 -12.473258 -0.118210 0.098926 6.066036 -1.551512 0.248511 12.368101 1.132608 -2.528492 14.201192 31.327148 -9.161425 -25.336102 19.626395 -36.372293 -33.881169 16.865952 -20.533571 -25.363537 20.020477 -15.192675 -52.995774 -32.671234 8.987899 -27.218094 -18.021227 41.776347 -36.230267 -16.301068 21.684940 -31.362256 -16.494227 11.083163 -61.180698 
1.944101 -5.437901 101.518578 177.408918 -1.393895 86.579949 4.153892 4.820171 10.538917 -1.637649 -9.908179 -7.572624 -1.584246 15.224547 -4.021408 nan nan nan -4.569663 -4.970612 11.043547 1.470663 7.734386 -7.322504 10.768806 -11.101112 -1.944526 nan nan nan 0.330141 2.104488 3.926234 -0.240461 -3.158305 -12.498304 -0.105927 0.058657 6.085212 -1.574577 0.205814 12.386950 1.086722 -2.514404 14.174777 31.339029 -9.128164 -25.351803 19.538282 -36.374715 -33.826016 16.917827 -20.570507 -25.286985 20.112785 -15.133738 -53.038270 -32.678739 8.926390 -27.303873 -18.059843 41.879373 -36.258650 -16.201728 21.602084 -31.309142 -16.530184 11.102216 -61.165839 
1.953604 -5.444056 101.519394 177.458429 -1.392806 86.589729 4.180022 4.808145 10.518448 -1.656109 -9.928094 -7.581484 -1.651117 15.184440 -4.027669 nan nan nan -4.546436 -4.994593 11.042299 1.452232 7.704624 -7.340557 10.758162 -11.118770 -1.946658 nan nan nan 0.300426 2.083222 3.905487 -0.218983 -3.143908 -12.543333 -0.082367 0.068671 6.114629 -1.561656 0.173885 12.406078 1.064144 -2.471187 14.197062 31.335252 -9.080703 -25.341347 19.455900 -36.461445 -33.821031 17.055870 -20.538796 -25.196444 20.243734 -15.142670 -53.025404 -32.707454 8.836655 -27.345742 -18.046810 41.936483 -36.251736 -16.100216 21.577877 -31.187604 -16.595228 11.092552 -61.282142 
1.961495 -5.443178 101.519325 177.469276 -1.407639 86.584378 4.169047 4.825801 10.527235 -1.651204 -9.951528 -7.583258 -1.663263 15.206343 -4.003949 nan nan nan -4.560774 -5.002859 11.033231 1.469598 7.671448 -7.309932 10.759740 -11.118824 -1.939799 nan nan nan 0.274919 2.074327 3.892169 -0.223984 -3.134158 -12.578404 -0.083612 0.096669 6.151592 -1.493266 0.184201 12.401433 1.112575 -2.473706 14.304966 31.382718 -8.995183 -25.333345 19.414146 -36.539648 -33.828338 17.106717 -20.463098 -25.232044 20.306938 -15.141426 -53.111738 -32.724231 8.737873 -27.356895 -17.999266 41.981563 -36.249204 -16.088191 21.563820 -31.150696 -16.566590 11.104379 -61.354700 
1.964203 -5.444396 101.513206 177.488775 -1.411411 86.548489 4.162704 4.827906 10.555855 -1.636106 -10.001430 -7.565999 -1.648972 15.230224 -3.985547 nan nan nan -4.575686 -5.020122 11.087773 1.484503 7.636998 -7.333209 10.802991 -11.105573 -1.931712 nan nan nan 0.290092 2.065493 3.934716 -0.244161 -3.148690 -12.611416 -0.110515 0.135770 6.166224 -1.452349 0.185227 12.384333 1.204025 -2.500759 14.363710 31.470248 -8.930337 -25.297748 19.437257 -36.521682 -33.869797 17.067430 -20.406790 -25.288384 20.307936 -15.113539 -53.293683 -32.756033 8.684677 -27.363045 -17.916953 41.962094 -36.247200 -16.170040 21.585963 -31.216761 -16.474684 11.144833 -61.485722 
1.971097 -5.451815 101.507675 177.522284 -1.393029 86.517567 4.206512 4.807790 10.560197 -1.668675 -10.023139 -7.531608 -1.597914 15.215615 -3.964416 nan nan nan -4.554134 -5.034504 11.143393 1.481045 7.618655 -7.370405 10.819206 -11.107412 -1.916171 nan nan nan 0.333686 2.049200 3.999948 -0.259078 -3.160730 -12.655391 -0.126516 0.166019 6.121584 -1.524749 0.153883 12.457558 1.215445 -2.463603 14.345133 31.521991 -8.951948 -25.197302 19.451887 -36.398410 -33.945300 17.056900 -20.469392 -25.312322 20.205855 -15.141130 -53.352445 -32.843438 8.698721 -27.319589 -17.825686 41.877838 -36.235798 -16.246026 21.603045 -31.156689 -16.372160 11.141899 -61.409103 
1.974196 -5.453838 101.504181 177.524292 -1.372659 86.490362 4.241579 4.783898 10.573922 -1.705432 -10.012549 -7.506695 -1.561734 15.223692 -3.970613 nan nan nan -4.533711 -5.018641 11.175192 1.490133 7.647384 -7.374015 10.773785 -11.133794 -1.931061 nan nan nan 0.366498 2.045039 3.996009 -0.259777 -3.131494 -12.645887 -0.123079 0.195866 6.101967 -1.587316 0.138543 12.512357 1.191850 -2.412228 14.396117 31.504010 -8.998681 -25.123256 19.486627 -36.323843 -34.007525 17.078198 -20.530358 -25.445542 20.215509 -15.105936 -53.307613 -32.836570 8.754563 -27.289477 -17.929501 41.781097 -36.284034 -16.188255 21.638196 -31.035220 -16.404913 11.092203 -61.313915 
1.976773 -5.457391 101.504425 177.532835 -1.365121 86.467057 4.236187 4.766943 10.576927 -1.688051 -10.009445 -7.468894 -1.570647 15.278917 -4.011203 nan nan nan -4.521157 -5.014760 11.186583 1.486594 7.663193 -7.348945 10.735181 -11.164055 -1.957441 nan nan nan 0.368531 2.051010 3.982548 -0.258915 -3.115092 -12.643336 -0.130023 0.211097 6.121715 -1.551864 0.164663 12.523110 1.233959 -2.428960 14.511088 31.479591 -8.982455 -25.131032 19.550142 -36.347493 -34.036221 17.041350 -20.563853 -25.521366 20.294443 -14.984471 -53.246476 -32.760384 8.745931 -27.304024 -18.017204 41.769127 -36.305851 -16.162877 21.677043 -30.919389 -16.477492 11.003537 -61.208483 
1.980968 -5.463452 101.508476 177.553161 -1.376233 86.433202 4.233388 4.766556 10.573429 -1.704489 -10.034863 -7.404309 -1.680015 15.313193 -4.046587 nan nan nan -4.528545 -5.051791 11.218471 1.464797 7.669283 -7.338913 10.757016 -11.154417 -1.941070 nan nan nan 0.374810 2.049537 4.005504 -0.268451 -3.126816 -12.649725 -0.163847 0.242028 6.136131 -1.532807 0.162524 12.525465 1.311792 -2.487279 14.567053 31.482723 -8.935946 -25.183756 19.551772 -36.414044 -34.046485 17.031353 -20.609732 -25.592607 20.366453 -14.785412 -53.299431 -32.771029 8.687698 -27.308786 -17.970193 41.753594 -36.280320 -16.209675 21.707260 -30.818252 -16.499753 10.903262 -61.169399 
1.986593 -5.466030 101.510887 177.540869 -1.403864 86.416179 4.224043 4.770915 10.580689 -1.733202 -10.088040 -7.379970 -1.752757 15.336220 -4.066924 nan nan nan -4.563953 -5.061439 11.236236 1.460969 7.700640 -7.338390 10.793567 -11.140470 -1.955900 nan nan nan 0.370374 2.066848 3.999441 -0.281641 -3.128975 -12.646040 -0.183399 0.276415 6.130412 -1.573815 0.140914 12.567594 1.366403 -2.516795 14.593490 31.530694 -8.903899 -25.182289 19.466103 -36.412319 -34.016208 17.047616 -20.660806 -25.638627 20.433453 -14.615871 -53.353409 -32.853621 8.652477 -27.255504 -17.857100 41.695269 -36.247104 -16.320641 21.762349 -30.834710 -16.504164 10.870388 -61.236389 
1.987350 -5.465779 101.514267 177.530059 -1.428135 86.404377 4.186460 4.762559 10.579447 -1.708896 -10.124213 -7.354482 -1.681842 15.349818 -4.110885 nan nan nan -4.582836 -5.042068 11.235862 1.457597 7.697258 -7.312998 10.795106 -11.144307 -1.987022 nan nan nan 0.362115 2.106805 3.957982 -0.291136 -3.110526 -12.618927 -0.189054 0.281114 6.128407 -1.600104 0.113559 12.619950 1.432608 -2.533690 14.599851 31.562316 -8.900855 -25.156691 19.394210 -36.411916 -34.003917 17.130343 -20.674501 -25.707547 20.333082 -14.608039 -53.460820 -32.921378 8.617538 -27.210027 -17.755110 41.656964 -36.178295 -16.431011 21.806544 -30.888729 -16.380250 11.004302 -61.256138 
1.989076 -5.472533 101.516090 177.529724 -1.454312 86.399146 4.146413 4.777419 10.564386 -1.700065 -10.153631 -7.327311 -1.563884 15.363754 -4.116204 nan nan nan -4.614056 -5.036270 11.230616 1.467976 7.685911 -7.293784 10.772385 -11.147222 -2.002662 nan nan nan 0.333787 2.156119 3.916708 -0.302593 -3.094415 -12.602247 -0.189853 0.286919 6.152278 -1.577553 0.083038 12.640483 1.563143 -2.604995 14.559658 31.575568 -8.908973 -25.168463 19.433341 -36.392408 -33.982926 17.102005 -20.696557 -25.731064 20.371334 -14.550755 -53.645470 -32.975576 8.570806 -27.160252 -17.716370 41.552959 -36.108593 -16.458053 21.856629 -30.927939 -16.474584 11.010367 -61.386014 
1.996122 -5.471485 101.512802 177.529738 -1.443242 86.371258 4.159525 4.782525 10.560428 -1.714756 -10.183438 -7.257727 -1.617330 15.408844 -4.130745 nan nan nan -4.618151 -5.040651 11.276991 1.485272 7.697818 -7.318956 10.767084 -11.122728 -2.009687 nan nan nan 0.335808 2.169810 3.954095 -0.304699 -3.095382 -12.636755 -0.183625 0.311528 6.144485 -1.581614 0.045937 12.688828 1.620938 -2.633369 14.530547 31.583938 -8.890265 -25.197914 19.433690 -36.393571 -33.931933 17.034897 -20.740785 -25.781384 20.536110 -14.402162 -53.867947 -33.008721 8.564819 -27.120718 -17.707681 41.468851 -36.061835 -16.446605 21.876498 -30.958898 -16.721203 10.882986 -61.632713 
2.003536 -5.474375 101.509941 177.540581 -1.427263 86.354359 4.186583 4.759358 10.531300 -1.745953 -10.205983 -7.173036 -1.673018 15.451984 -4.122392 nan nan nan -4.606698 -5.041076 11.306831 1.499638 7.696932 -7.349727 10.737858 -11.133600 -1.959852 nan nan nan 0.326171 2.206398 3.971410 -0.291148 -3.096737 -12.670307 -0.167597 0.304340 6.170574 -1.531815 0.019613 12.680740 1.686319 -2.654072 14.512371 31.590814 -8.815303 -25.275530 19.398271 -36.460060 -33.867145 17.005895 -20.763731 -25.833426 20.583135 -14.206152 -53.849904 -33.028524 8.481123 -27.149975 -17.672074 41.478574 -35.965835 -16.467643 21.880829 -30.932444 -16.711248 10.808310 -61.714440 
2.004968 -5.490840 101.502228 177.552140 -1.415634 86.358863 4.186571 4.731275 10.483394 -1.723975 -10.260502 -7.128570 -1.578230 15.485374 -4.094231 nan nan nan -4.600303 -5.054936 11.276921 1.510786 7.740047 -7.315098 10.769735 -11.192756 -1.912971 nan nan nan 0.332515 2.253437 3.888606 -0.300949 -3.079280 -12.634463 -0.155651 0.281564 6.269919 -1.438267 -0.066951 12.657154 1.755889 -2.619357 14.412931 31.601854 -8.734933 -25.358913 19.396388 -36.506660 -33.840697 16.997060 -20.780323 -25.872345 20.660322 -14.037990 -53.722469 -33.086408 8.375158 -27.175837 -17.711668 41.411822 -35.878810 -16.407940 21.864986 -30.927944 -16.608211 10.830335 -61.682083 
1.999407 -5.495088 101.501328 177.567805 -1.414800 86.325421 4.171713 4.748650 10.470472 -1.693710 -10.295182 -7.064749 -1.465361 15.488240 -4.107969 nan nan nan -4.593662 -5.081479 11.279740 1.489986 7.748528 -7.256026 10.803692 -11.177842 -1.958029 nan nan nan 0.346513 2.255036 3.854148 -0.327740 -3.096601 -12.591653 -0.152185 0.290889 6.260653 -1.386069 -0.092585 12.843951 1.746307 -2.486642 14.311921 31.584098 -8.754616 -25.351766 19.435638 -36.520515 -33.908559 16.969959 -20.784020 -25.771050 20.641903 -14.081679 -53.826410 -33.109453 8.382713 -27.086252 -17.803132 41.328160 -35.958968 -16.339385 21.841546 -30.879880 -16.518951 10.862610 -61.560007 
1.992411 -5.494946 101.498459 177.613189 -1.402288 86.285823 4.201278 4.752424 10.482328 -1.715483 -10.351463 -7.015723 -1.465848 15.484982 -4.142665 nan nan nan -4.587641 -5.101689 11.342092 1.492379 7.722271 -7.278340 10.805661 -11.180781 -1.996977 nan nan nan 0.382221 2.251203 3.867473 -0.356671 -3.109684 -12.586378 -0.151892 0.279723 6.218735 -1.358749 -0.186718 13.018473 1.732283 -2.334885 14.216769 31.542400 -8.789465 -25.354383 19.462536 -36.564547 -33.923238 16.947925 -20.796477 -25.690519 20.671130 -14.100616 -53.990186 -33.160171 8.408844 -26.992343 -17.807368 41.213945 -35.946759 -16.334817 21.876810 -30.883203 -16.496171 10.847299 -61.485347 
1.992066 -5.498652 101.494743 177.630738 -1.390197 86.255925 4.247507 4.769644 10.500844 -1.753085 -10.380526 -7.001237 -1.529070 15.486388 -4.164679 nan nan nan -4.590166 -5.116448 11.389353 1.529351 7.712549 -7.295848 10.782051 -11.197673 -1.995026 nan nan nan 0.398790 2.258783 3.889604 -0.377329 -3.082524 -12.573964 -0.140062 0.267473 6.168460 -1.285910 -0.387819 13.155942 1.796250 -2.252949 14.084633 31.493715 -8.796749 -25.339271 19.494733 -36.585433 -33.896518 16.947303 -20.832931 -25.629263 20.724870 -14.106051 -53.998874 -33.215331 8.426567 -26.902809 -17.817670 41.006622 -35.857892 -16.276820 22.017236 -30.861202 -16.629950 10.882646 -61.553404 
2.009324 -5.507169 101.496910 177.618614 -1.388121 86.189392 4.271794 4.790240 10.565940 -1.747936 -10.430733 -6.999525 -1.536474 15.485773 -4.167947 nan nan nan -4.577039 -5.074848 11.451838 1.544791 7.704043 -7.285436 10.775001 -11.198583 -1.972200 nan nan nan 0.331191 2.291215 3.947738 -0.366838 -3.038671 -12.553220 -0.106801 0.292681 6.122269 -1.163803 -0.548901 13.332473 1.968290 -2.249990 14.001767 31.506426 -8.862918 -25.356655 19.563518 -36.613756 -33.897947 16.929340 -20.755826 -25.672948 20.670676 -14.180580 -53.865470 -33.251787 8.442515 -26.905066 -17.739095 40.810352 -35.692279 -16.243868 22.085547 -30.849074 -16.637710 11.002116 -61.579171 
2.028628 -5.519834 101.504478 177.664065 -1.411537 86.088592 4.256029 4.803680 10.660852 -1.720038 -10.519859 -6.987090 -1.501429 15.496580 -4.178294 nan nan nan -4.581285 -5.039318 11.570493 1.538015 7.662699 -7.297232 10.786942 -11.216506 -1.986233 nan nan nan 0.160085 2.326446 4.042527 -0.303889 -3.027325 -12.548644 -0.032020 0.312311 6.140803 -1.035596 -0.593757 13.435025 2.168323 -2.299969 13.822527 31.548313 -8.875055 -25.412948 19.651218 -36.649017 -33.847139 16.866279 -20.644723 -25.786278 20.735056 -14.198624 -53.879615 -33.271443 8.384700 -27.040703 -17.695990 40.752964 -35.537418 -16.176727 21.985388 -30.869965 -16.584015 11.068403 -61.405051 
2.046021 -5.536974 101.515793 177.762701 -1.434325 86.024217 4.249742 4.766882 10.689101 -1.731896 -10.603895 -6.942631 -1.485271 15.514522 -4.179087 nan nan nan -4.579452 -5.088329 11.642699 1.516301 7.660295 -7.291657 10.773909 -11.272944 -2.036076 nan nan nan -0.018286 2.368622 4.085287 -0.245076 -3.059108 -12.558785 0.066564 0.298385 6.208649 -0.888783 -0.657434 13.516447 2.316126 -2.330636 13.582646 31.569192 -8.792183 -25.439016 19.690276 -36.681940 -33.764092 16.776852 -20.678855 -25.731636 20.921788 -14.121725 -54.211985 -33.347119 8.210438 -27.119657 -17.618953 40.758253 -35.388495 -16.137978 21.935056 -30.925133 -16.555741 10.966793 -61.465401 
2.062097 -5.560226 101.527504 177.847315 -1.429425 85.984507 4.256036 4.701202 10.677447 -1.728271 -10.684479 -6.890535 -1.480050 15.555597 -4.187497 nan nan nan -4.540499 -5.137358 11.685405 1.483791 7.716047 -7.292475 10.705256 -11.372054 -2.073488 nan nan nan -0.116301 2.387879 4.101840 -0.207376 -3.092950 -12.594159 0.131711 0.294460 6.300903 -0.718477 -0.693410 13.604617 2.485519 -2.258054 13.379979 31.550249 -8.663894 -25.437374 19.711411 -36.655578 -33.672104 16.653489 -20.916019 -25.661005 21.172923 -13.905194 -54.430953 -33.432686 8.017141 -27.117720 -17.623976 40.718609 -35.302622 -15.998153 21.938761 -30.934816 -16.656168 10.837814 -61.743795 
2.077326 -5.573781 101.530815 177.875866 -1.415223 85.944821 4.280213 4.648855 10.681546 -1.731356 -10.709915 -6.851169 -1.497807 15.618788 -4.246634 nan nan nan -4.518918 -5.118791 11.729389 1.488299 7.781440 -7.302868 10.697009 -11.464039 -2.087454 nan nan nan -0.178845 2.393285 4.119249 -0.182307 -3.083315 -12.604344 0.162197 0.306443 6.377239 -0.462611 -0.648920 13.599405 2.655822 -2.136572 13.339161 31.511485 -8.498543 -25.428721 19.811686 -36.520745 -33.554796 16.414385 -21.284967 -25.618349 21.296016 -13.748124 -54.459908 -33.410103 7.890188 -27.109289 -17.741922 40.633085 -35.262572 -15.885164 21.974245 -30.989301 -16.725092 10.768065 -61.746943 
2.092572 -5.588657 101.536835 177.907732 -1.386619 85.915669 4.321056 4.586476 10.697011 -1.756025 -10.683804 -6.835442 -1.567846 15.680802 -4.279435 nan nan nan -4.468955 -5.072801 11.756606 1.492560 7.826695 -7.295473 10.676390 -11.584647 -2.091150 nan nan nan -0.239331 2.400567 4.073948 -0.143506 -3.063443 -12.524074 0.185960 0.316651 6.448171 -0.216762 -0.574253 13.554450 2.819652 -2.099307 13.255936 31.508320 -8.408150 -25.339716 20.018249 -36.282178 -33.525288 16.219051 -21.569207 -25.711767 21.329130 -13.734626 -54.518662 -33.337829 7.810956 -27.166207 -17.947092 40.556843 -35.272587 -15.776218 21.958372 -30.980580 -16.803451 10.766153 -61.675146 
2.099700 -5.603419 101.541519 177.954510 -1.347592 85.885031 4.382413 4.558487 10.716727 -1.777956 -10.707327 -6.838857 -1.582873 15.701062 -4.242854 nan nan nan -4.411228 -5.062592 11.775355 1.489367 7.853619 -7.276638 10.682734 -11.664742 -2.079667 nan nan nan -0.241117 2.407075 4.105186 -0.127362 -3.060189 -12.496726 0.202724 0.306305 6.446942 -0.045124 -0.591418 13.608128 2.984481 -2.034740 13.115119 31.500236 -8.398973 -25.248307 20.109581 -36.101892 -33.480554 16.218920 -21.746775 -25.735730 21.361454 -13.787102 -54.627331 -33.366811 7.771243 -27.179513 -17.985109 40.439181 -35.194524 -15.764588 21.966355 -30.961851 -16.929458 10.756850 -61.709685 
2.096837 -5.616364 101.544670 177.971839 -1.314414 85.846462 4.422225 4.553901 10.746914 -1.769597 -10.745049 -6.844158 -1.593152 15.699484 -4.203059 nan nan nan -4.379723 -5.059243 11.793332 1.494466 7.908833 -7.251293 10.699713 -11.732373 -2.095969 nan nan nan -0.204907 2.413408 4.153967 -0.144859 -3.041480 -12.499965 0.234017 0.281390 6.444785 0.123207 -0.668593 13.722751 3.079672 -1.858769 13.008112 31.436701 -8.396241 -25.190879 20.180305 -36.013804 -33.491730 16.268948 -21.831073 -25.732128 21.277637 -13.778109 -54.783700 -33.449258 7.734401 -27.162395 -18.029101 40.320611 -35.148284 -15.689026 21.954333 -30.949715 -16.952383 10.731743 -61.752377 
2.091974 -5.635922 101.550194 177.974019 -1.273463 85.810068 4.465938 4.563727 10.772007 -1.758092 -10.784246 -6.839024 -1.642865 15.724165 -4.255339 nan nan nan -4.328826 -5.048336 11.808975 1.485141 7.987744 -7.248024 10.686921 -11.826818 -2.176363 nan nan nan -0.184967 2.442240 4.175780 -0.146653 -3.012756 -12.497643 0.287943 0.269447 6.453056 0.264536 -0.698604 13.893949 3.148827 -1.688263 12.948783 31.364359 -8.447394 -25.025184 20.316871 -35.858013 -33.586505 16.364449 -21.894908 -25.746570 21.052365 -13.752924 -54.947976 -33.512452 7.688322 -27.155905 -18.122849 40.202722 -35.193430 -15.531454 21.979693 -30.865640 -16.905488 10.678578 -61.636120 
2.091756 -5.654556 101.554497 177.999691 -1.232104 85.791857 4.520206 4.535680 10.778539 -1.779699 -10.841513 -6.832778 -1.610216 15.778906 -4.268942 nan nan nan -4.273346 -5.049718 11.814314 1.486276 8.038932 -7.252657 10.660471 -11.894826 -2.174607 nan nan nan -0.181166 2.481206 4.188050 -0.152926 -3.008605 -12.494530 0.338041 0.225860 6.433612 0.390373 -0.705041 14.077591 3.252005 -1.597915 12.984957 31.331563 -8.454444 -24.800226 20.345665 -35.626265 -33.579764 16.487344 -22.166397 -25.739815 20.904495 -13.750445 -54.990952 -33.553194 7.638958 -27.130887 -18.183615 40.132943 -35.275577 -15.391480 22.021678 -30.807660 -16.960108 10.639275 -61.693720 
2.095674 -5.678454 101.562500 178.021011 -1.201229 85.781291 4.543587 4.494319 10.744960 -1.784167 -10.863000 -6.779442 -1.502854 15.805273 -4.235355 nan nan nan -4.207229 -5.077725 11.774885 1.445291 8.070936 -7.193785 10.676288 -11.928388 -2.157821 nan nan nan -0.196309 2.496561 4.238697 -0.153015 -3.023446 -12.525910 0.404030 0.175368 6.385209 0.513973 -0.737033 14.180832 3.345150 -1.538003 13.115299 31.303595 -8.414706 -24.674592 20.251623 -35.446867 -33.541875 16.539682 -22.496165 -25.795337 20.853449 -13.795458 -54.966402 -33.626862 7.573255 -27.091480 -18.197343 40.142686 -35.353473 -15.313217 22.012818 -30.817559 -16.947379 10.609006 -61.800897 
2.104431 -5.692490 101.568787 178.058316 -1.191246 85.768959 4.548337 4.456917 10.726566 -1.773902 -10.874227 -6.750465 -1.429252 15.794959 -4.223173 nan nan nan -4.172981 -5.096050 11.766336 1.420595 8.099291 -7.157391 10.683144 -11.964522 -2.174670 nan nan nan -0.247811 2.490717 4.249281 -0.119523 -3.056530 -12.526770 0.442751 0.161040 6.365088 0.620692 -0.778182 14.296149 3.448044 -1.484546 13.209995 31.275846 -8.400581 -24.660430 20.222209 -35.380702 -33.559419 16.517529 -22.628287 -25.904068 20.900732 -13.827371 -54.854985 -33.686534 7.518224 -27.075150 -18.147586 40.153652 -35.330869 -15.351891 22.013134 -30.821052 -16.763245 10.600000 -61.659205 
2.110110 -5.706654 101.576859 178.116203 -1.202000 85.759477 4.547092 4.439002 10.703325 -1.786310 -10.918985 -6.725784 -1.384888 15.783685 -4.220637 nan nan nan -4.174675 -5.094467 11.768601 1.418257 8.111361 -7.141933 10.626744 -11.999550 -2.210789 nan nan nan -0.309380 2.487271 4.265502 -0.092608 -3.090427 -12.551405 0.460965 0.158531 6.360772 0.716814 -0.800602 14.414361 3.552488 -1.450017 13.294842 31.266143 -8.385109 -24.642949 20.208323 -35.349969 -33.590558 16.501771 -22.689053 -25.924158 21.056783 -13.817878 -54.711114 -33.712585 7.459596 -27.081824 -18.075460 40.166896 -35.274482 -15.400095 22.053741 -30.730289 -16.715017 10.582827 -61.544777 
2.114800 -5.722354 101.585724 178.130037 -1.203022 85.729319 4.543009 4.460216 10.712530 -1.767604 -10.963406 -6.710479 -1.433777 15.786885 -4.219918 nan nan nan -4.171521 -5.089024 11.773737 1.429722 8.086442 -7.110456 10.588318 -12.031369 -2.224562 nan nan nan -0.337711 2.477244 4.342810 -0.069781 -3.097103 -12.605871 0.482794 0.166376 6.371318 0.793559 -0.806660 14.446554 3.581541 -1.464776 13.325346 31.235864 -8.300161 -24.640795 20.195489 -35.351174 -33.572900 16.463756 -22.681462 -25.792939 21.228687 -13.792610 -54.751895 -33.717408 7.377019 -27.123647 -18.073605 40.226243 -35.251436 -15.383891 22.081330 -30.611343 -16.918493 10.553629 -61.701927 
2.125756 -5.753296 101.589630 178.119826 -1.199972 85.676036 4.545164 4.498974 10.748850 -1.739878 -10.946896 -6.704488 -1.577285 15.790588 -4.217928 nan nan nan -4.163339 -5.061211 11.798919 1.438676 8.070234 -7.086012 10.590350 -12.036988 -2.229605 nan nan nan -0.346075 2.472073 4.443205 -0.067638 -3.089444 -12.618535 0.495710 0.171949 6.386287 0.869850 -0.795562 14.398576 3.575189 -1.513199 13.375965 31.206532 -8.225340 -24.645224 20.224654 -35.342534 -33.570600 16.471775 -22.611779 -25.678228 21.307676 -13.821918 -54.869527 -33.711054 7.293990 -27.159219 -18.134948 40.261566 -35.282172 -15.354932 22.080627 -30.499762 -17.060889 10.606398 -61.966954 
2.135392 -5.784897 101.588516 178.120803 -1.205512 85.643153 4.572101 4.518631 10.775812 -1.774920 -10.951044 -6.727782 -1.616161 15.778230 -4.195495 nan nan nan -4.165195 -5.049315 11.792799 1.442933 8.062026 -7.039587 10.583302 -12.012600 -2.265428 nan nan nan -0.375236 2.480393 4.508502 -0.070608 -3.094105 -12.615101 0.500424 0.198698 6.372986 0.893176 -0.828759 14.445812 3.659278 -1.571160 13.387392 31.239634 -8.199706 -24.704998 20.185083 -35.412763 -33.580715 16.505357 -22.500722 -25.603474 21.424116 -13.761493 -54.918061 -33.724699 7.252555 -27.145651 -18.036773 40.199016 -35.228316 -15.478671 22.199788 -30.482437 -17.095650 10.652961 -62.154853 
2.148612 -5.811829 101.586845 178.106193 -1.190889 85.633883 4.607668 4.538147 10.747211 -1.798386 -10.963106 -6.693181 -1.617712 15.778400 -4.182783 nan nan nan -4.141656 -5.053103 11.737764 1.458175 8.071797 -6.950357 10.573444 -11.988847 -2.310347 nan nan nan -0.395958 2.490453 4.549316 -0.062193 -3.097087 -12.621811 0.501558 0.233743 6.344587 0.904852 -0.852644 14.551653 3.797227 -1.594115 13.339297 31.286351 -8.209288 -24.765086 20.167997 -35.469219 -33.578364 16.460410 -22.405939 -25.494742 21.550890 -13.684238 -54.970772 -33.734097 7.246314 -27.098944 -17.917566 40.076661 -35.139000 -15.573185 22.396071 -30.455089 -17.171655 10.670024 -62.352859 
2.155008 -5.836958 101.589203 178.089409 -1.173863 85.624552 4.645590 4.571939 10.717885 -1.820209 -10.944333 -6.640109 -1.641065 15.768986 -4.183004 nan nan nan -4.120905 -5.053917 11.695378 1.472781 8.081726 -6.885963 10.568351 -11.980721 -2.303974 nan nan nan -0.384967 2.485322 4.577529 -0.060100 -3.090059 -12.617245 0.492656 0.253109 6.336300 0.918634 -0.821796 14.567922 3.893363 -1.610514 13.339424 31.305472 -8.192681 -24.781348 20.168716 -35.462225 -33.599109 16.431068 -22.405464 -25.477150 21.615657 -13.654701 -54.970064 -33.724092 7.234468 -27.079684 -17.881798 40.040933 -35.118197 -15.622851 22.484561 -30.474381 -17.220475 10.690337 -62.336697 
2.147196 -5.861992 101.589928 178.110720 -1.187549 85.597149 4.645197 4.590182 10.739831 -1.839595 -10.964247 -6.656897 -1.626031 15.748297 -4.152944 nan nan nan -4.144098 -5.067341 11.723650 1.469470 8.058291 -6.908604 10.532611 -11.950132 -2.246876 nan nan nan -0.374991 2.496497 4.652734 -0.094005 -3.099846 -12.622175 0.485360 0.240602 6.306485 0.877150 -0.828150 14.591338 3.942690 -1.611082 13.338353 31.317989 -8.201625 -24.877918 20.172558 -35.474245 -33.616171 16.356119 -22.372413 -25.564614 21.581339 -13.620812 -54.928655 -33.722415 7.234805 -27.103173 -17.829914 40.005350 -35.062784 -15.681103 22.568331 -30.587412 -17.167350 10.689341 -62.234333 
2.132202 -5.889733 101.588547 178.130111 -1.204197 85.598578 4.608534 4.564684 10.715963 -1.827343 -10.966510 -6.662177 -1.601022 15.746194 -4.130175 nan nan nan -4.165714 -5.061657 11.729193 1.453835 8.048447 -6.947866 10.511602 -11.921650 -2.227298 nan nan nan -0.359537 2.501767 4.684132 -0.129226 -3.123244 -12.609942 0.464851 0.227656 6.297746 0.862673 -0.812309 14.565271 3.953465 -1.602936 13.356519 31.351405 -8.154612 -24.982607 20.140354 -35.506414 -33.599032 16.307023 -22.307613 -25.564675 21.538733 -13.669908 -54.872075 -33.701157 7.217251 -27.122913 -17.801388 39.987966 -35.046952 -15.751487 22.698349 -30.710432 -17.122571 10.645675 -62.281735 
2.121871 -5.912968 101.589607 178.133637 -1.216469 85.617098 4.567639 4.511542 10.659928 -1.803948 -10.938866 -6.624635 -1.585097 15.751577 -4.116092 nan nan nan -4.173502 -5.040553 11.702085 1.455104 8.014223 -6.952964 10.518595 -11.905298 -2.249863 nan nan nan -0.348018 2.485988 4.685211 -0.151238 -3.146498 -12.604345 0.444645 0.234424 6.321073 0.883334 -0.760339 14.458895 3.936271 -1.634375 13.412456 31.370218 -8.037440 -25.052711 20.091147 -35.581244 -33.606789 16.325148 -22.267807 -25.635454 21.410596 -13.700418 -54.862834 -33.637161 7.156910 -27.147769 -17.844456 40.043974 -35.088925 -15.763042 22.801619 -30.788979 -17.088442 10.585044 -62.381114 
2.115314 -5.934337 101.593452 178.127857 -1.206587 85.605522 4.564184 4.456068 10.647855 -1.802320 -10.890761 -6.593089 -1.580282 15.763340 -4.117576 nan nan nan -4.173933 -5.002092 11.714059 1.477267 7.971096 -6.982339 10.572287 -11.881948 -2.228699 nan nan nan -0.311886 2.471363 4.721377 -0.163241 -3.149988 -12.609675 0.442554 0.235042 6.331077 0.912904 -0.706633 14.374745 3.849916 -1.619520 13.529770 31.352358 -7.980519 -25.072942 20.033516 -35.613231 -33.600914 16.383283 -22.222736 -25.784282 21.328790 -13.798546 -54.820941 -33.616575 7.129995 -27.137413 -17.892936 40.095667 -35.107282 -15.794435 22.871086 -30.894400 -17.172819 10.495092 -62.489858 
2.115877 -5.960379 101.597939 178.095227 -1.206996 85.586257 4.561388 4.413188 10.677480 -1.814683 -10.848949 -6.622351 -1.565011 15.760622 -4.120040 nan nan nan -4.188117 -4.965448 11.722340 1.496073 7.947247 -6.994530 10.601187 -11.867753 -2.168545 nan nan nan -0.278553 2.468267 4.748878 -0.176539 -3.111023 -12.594913 0.428497 0.227455 6.355886 0.986441 -0.654120 14.234067 3.711971 -1.576625 13.733086 31.293496 -7.928812 -25.101187 20.016908 -35.669502 -33.604028 16.435049 -22.190513 -25.904063 21.296882 -13.835160 -54.823495 -33.597280 7.103760 -27.116768 -17.955277 40.160803 -35.097194 -15.870194 22.925587 -31.040605 -17.316393 10.394441 -62.621375 
2.125553 -5.991504 101.606216 178.043858 -1.237008 85.585114 4.539855 4.404359 10.693031 -1.832924 -10.835336 -6.668870 -1.522782 15.762741 -4.104550 nan nan nan -4.204765 -4.961581 11.694034 1.471622 7.919675 -6.988470 10.598407 -11.856895 -2.141901 nan nan nan -0.294070 2.496754 4.788642 -0.197875 -3.084900 -12.606923 0.410189 0.223639 6.359204 1.033740 -0.608549 14.118901 3.653270 -1.547339 13.896472 31.276330 -7.915009 -25.145420 20.025684 -35.735574 -33.646963 16.455750 -22.135577 -25.954507 21.282139 -13.813034 -54.734888 -33.568227 7.084159 -27.143948 -17.919849 40.239603 -35.050259 -15.942142 22.950173 -31.127426 -17.306937 10.358561 -62.637791 
2.126949 -6.030452 101.612732 178.025791 -1.264447 85.587168 4.518408 4.425974 10.662627 -1.853099 -10.830461 -6.658727 -1.491274 15.750747 -4.074108 nan nan nan -4.211426 -4.990652 11.657873 1.426766 7.932754 -6.974434 10.586711 -11.846935 -2.170872 nan nan nan -0.301132 2.523314 4.847362 -0.222744 -3.079592 -12.647949 0.391519 0.213847 6.382770 1.016512 -0.591467 14.029237 3.639307 -1.545094 13.985581 31.274965 -7.904962 -25.188550 20.055352 -35.791467 -33.722433 16.454713 -22.062781 -26.059511 21.321985 -13.835163 -54.726226 -33.539296 7.065507 -27.212715 -17.881080 40.318567 -35.009444 -15.953374 22.944459 -31.181931 -17.167987 10.408784 -62.512401 
2.125841 -6.069498 101.613724 178.039261 -1.256054 85.598127 4.531070 4.441428 10.598453 -1.860796 -10.810731 -6.621793 -1.538826 15.727253 -4.042149 nan nan nan -4.204255 -5.025096 11.599080 1.432412 7.953345 -6.938558 10.566154 -11.833280 -2.172335 nan nan nan -0.300048 2.524347 4.897883 -0.221342 -3.066408 -12.711911 0.399163 0.204201 6.429829 0.963590 -0.577979 13.909958 3.586447 -1.573022 14.102078 31.266924 -7.869443 -25.206269 20.047544 -35.898205 -33.766144 16.521472 -22.009801 -26.232559 21.403535 -13.771109 -54.909341 -33.504555 7.039725 -27.243819 -17.920665 40.383583 -35.028127 -15.934652 22.933050 -31.213340 -17.039455 10.479773 -62.544305 
2.123534 -6.114792 101.617722 178.053856 -1.248277 85.620979 4.546244 4.442366 10.518560 -1.883177 -10.793553 -6.576412 -1.609183 15.715257 -4.029562 nan nan nan -4.212580 -5.046889 11.534836 1.467718 7.940489 -6.916178 10.557542 -11.800347 -2.110771 nan nan nan -0.308973 2.513660 4.926547 -0.211518 -3.045616 -12.767237 0.412050 0.210842 6.485935 0.907353 -0.574026 13.830352 3.535638 -1.592054 14.142669 31.264155 -7.819577 -25.180905 19.994122 -35.987709 -33.770396 16.658273 -22.017925 -26.370835 21.493173 -13.625869 -55.107569 -33.463475 7.000336 -27.214627 -17.972057 40.404274 -35.076962 -15.960866 22.992830 -31.213359 -17.022907 10.474266 -62.642020 
2.111861 -6.155215 101.619598 178.084138 -1.240584 85.630858 4.536026 4.418166 10.430755 -1.887362 -10.775332 -6.496069 -1.618758 15.728450 -4.048265 nan nan nan -4.225661 -5.051843 11.520852 1.504401 7.899267 -6.940420 10.576244 -11.771308 -2.038247 nan nan nan -0.280659 2.484555 4.959624 -0.211417 -3.035730 -12.794302 0.404919 0.207057 6.543880 0.839688 -0.567171 13.758607 3.459054 -1.604039 14.117572 31.265838 -7.740222 -25.060526 19.937891 -35.964228 -33.779010 16.815741 -22.082669 -26.447031 21.591830 -13.560194 -55.273624 -33.462575 6.932836 -27.178926 -18.013055 40.460030 -35.172200 -16.002862 22.988789 -31.203723 -17.082932 10.472637 -62.688702 
2.102963 -6.191953 101.620361 178.091017 -1.208843 85.648434 4.548913 4.390784 10.371162 -1.878405 -10.741475 -6.474125 -1.626758 15.743271 -4.033572 nan nan nan -4.204494 -5.063727 11.482481 1.531648 7.844837 -6.950049 10.618553 -11.735020 -1.972877 nan nan nan -0.203060 2.475886 4.975753 -0.230984 -3.005930 -12.786664 0.385813 0.196344 6.596032 0.810416 -0.532555 13.620590 3.380210 -1.662039 14.060522 31.245745 -7.683315 -24.891798 19.934924 -35.882203 -33.809947 17.050095 -22.164067 -26.453547 21.441306 -13.652428 -55.398470 -33.478919 6.826200 -27.174103 -18.013304 40.534219 -35.254574 -16.034704 22.967508 -31.118835 -17.073887 10.576001 -62.800661 
2.100201 -6.225481 101.624275 178.043726 -1.179727 85.664341 4.558142 4.378473 10.366367 -1.841566 -10.702178 -6.526376 -1.641849 15.745778 -3.974316 nan nan nan -4.172478 -5.036774 11.425863 1.526233 7.811684 -6.933505 10.669112 -11.713538 -1.974073 nan nan nan -0.133601 2.518640 4.980391 -0.271276 -2.957757 -12.767615 0.361548 0.204070 6.603314 0.872517 -0.477134 13.465680 3.381840 -1.754772 14.170303 31.222283 -7.737044 -24.853411 19.986688 -35.894274 -33.885934 17.142536 -22.139712 -26.416229 21.186822 -13.888217 -55.431890 -33.474272 6.809617 -27.148822 -17.919924 40.506674 -35.197000 -16.122360 23.042554 -31.027055 -17.072354 10.755213 -62.959057 
2.103829 -6.255731 101.628082 178.008710 -1.172857 85.649402 4.563855 4.377357 10.388706 -1.823433 -10.700017 -6.560019 -1.632071 15.717842 -3.952811 nan nan nan -4.145326 -5.003481 11.421239 1.495743 7.780017 -6.932063 10.689109 -11.707627 -2.008929 nan nan nan -0.134069 2.551095 5.020600 -0.288908 -2.935254 -12.770806 0.353508 0.225722 6.591312 0.902101 -0.396315 13.365762 3.381688 -1.803651 14.347631 31.224505 -7.811322 -24.891342 19.983777 -35.947080 -33.884769 17.140392 -22.113561 -26.362526 21.068769 -13.992073 -55.334531 -33.443306 6.880758 -27.128917 -17.811744 40.460411 -35.105639 -16.245627 23.111341 -31.026213 -17.020923 10.872238 -63.030495 
2.102023 -6.286586 101.632584 178.025387 -1.180988 85.628548 4.573397 4.415308 10.380979 -1.844516 -10.743021 -6.535177 -1.580865 15.684516 -3.937171 nan nan nan -4.140073 -4.991693 11.436240 1.478603 7.760957 -6.940827 10.692720 -11.700071 -1.982997 nan nan nan -0.171709 2.549233 5.086982 -0.291466 -2.930533 -12.782044 0.386756 0.218310 6.604510 0.774648 -0.396355 13.318978 3.325543 -1.809061 14.276756 31.251116 -7.785787 -24.889901 19.922561 -35.954650 -33.839152 17.146998 -22.168855 -26.377598 21.227709 -13.752035 -55.451906 -33.473344 6.891333 -27.114704 -17.727793 40.460147 -35.075368 -16.325872 23.118860 -31.155552 -17.084516 10.753720 -63.005826 
2.095008 -6.330029 101.638695 178.090153 -1.207277 85.617169 4.555534 4.481447 10.317915 -1.863998 -10.790415 -6.463767 -1.539615 15.635018 -3.920796 nan nan nan -4.168095 -5.000315 11.408359 1.489503 7.702948 -6.895342 10.676085 -11.679580 -1.983093 nan nan nan -0.226506 2.517524 5.163691 -0.296329 -2.959573 -12.810574 0.414128 0.214130 6.591915 0.632430 -0.470789 13.375594 3.292160 -1.825976 14.178148 31.280585 -7.761875 -24.933539 19.850561 -36.019952 -33.782081 17.112441 -22.160669 -26.330863 21.391106 -13.520487 -55.511117 -33.502875 6.938767 -27.078017 -17.647203 40.441721 -35.040975 -16.372037 23.120253 -31.271309 -17.070100 10.581001 -62.940220 
2.091256 -6.372607 101.645042 178.145522 -1.233320 85.643360 4.516373 4.487305 10.236032 -1.860350 -10.815162 -6.427850 -1.498576 15.598391 -3.923646 nan nan nan -4.192320 -5.002505 11.341547 1.503156 7.640116 -6.858424 10.655427 -11.664732 -2.018511 nan nan nan -0.293329 2.503880 5.175524 -0.288064 -2.998430 -12.828289 0.426073 0.205500 6.573934 0.598256 -0.489217 13.433150 3.304702 -1.856792 14.187016 31.284563 -7.783908 -24.971448 19.799540 -36.110015 -33.729422 17.100084 -22.146720 -26.312999 21.422378 -13.551926 -55.614581 -33.468897 7.009443 -27.017018 -17.587565 40.456671 -34.999825 -16.446507 23.119192 -31.292883 -16.946392 10.548404 -62.914089 
2.094405 -6.412446 101.650192 178.181129 -1.252807 85.705201 4.477157 4.468506 10.129720 -1.843607 -10.817704 -6.423952 -1.499009 15.578334 -3.905589 nan nan nan -4.173467 -4.993771 11.259157 1.454027 7.602823 -6.875124 10.666221 -11.648209 -2.025129 nan nan nan -0.375719 2.500698 5.155583 -0.257180 -3.020283 -12.861953 0.436295 0.194228 6.602292 0.603932 -0.457582 13.387084 3.306953 -1.935824 14.169557 31.273305 -7.750109 -24.957679 19.814197 -36.152395 -33.704872 17.057095 -22.223577 -26.342097 21.530264 -13.648503 -55.884308 -33.379635 6.990752 -26.989879 -17.586078 40.528107 -34.959549 -16.452114 23.164397 -31.266318 -17.080627 10.506816 -62.955618 
2.088524 -6.455459 101.653053 178.176881 -1.257168 85.729675 4.466018 4.504957 10.071578 -1.840424 -10.801593 -6.427386 -1.554999 15.546172 -3.875912 nan nan nan -4.181363 -4.983464 11.229191 1.457522 7.594884 -6.916253 10.676128 -11.628568 -1.973788 nan nan nan -0.393231 2.519440 5.134963 -0.245965 -2.999997 -12.834300 0.433005 0.194000 6.659722 0.552238 -0.454519 13.327376 3.288488 -2.087540 14.062940 31.227621 -7.743626 -24.990759 19.912729 -36.176440 -33.739021 16.982813 -22.231371 -26.437168 21.586350 -13.696874 -56.146225 -33.307313 6.944704 -27.022005 -17.677769 40.553073 -34.943232 -16.310859 23.170699 -31.176942 -17.236553 10.399368 -62.907808 
2.077326 -6.486406 101.649940 178.184628 -1.247482 85.714268 4.466958 4.515552 10.066637 -1.826593 -10.760360 -6.441655 -1.621481 15.532754 -3.850712 nan nan nan -4.191543 -4.981714 11.253270 1.478140 7.572234 -6.962223 10.632819 -11.647996 -1.910867 nan nan nan -0.334199 2.515704 5.158236 -0.269537 -2.972403 -12.794854 0.420318 0.173310 6.698583 0.483615 -0.455157 13.246633 3.239470 -2.178803 13.994370 31.150959 -7.723207 -25.032916 19.955330 -36.215311 -33.756515 16.934967 -22.211990 -26.496977 21.545644 -13.780520 -56.402941 -33.297810 6.938735 -27.019140 -17.799613 40.533274 -34.961368 -16.164763 23.147803 -31.091779 -17.401817 10.371246 -62.918440 
2.060969 -6.516563 101.645103 178.210124 -1.231091 85.701887 4.485914 4.514058 10.056535 -1.832501 -10.716852 -6.450551 -1.670212 15.530473 -3.807489 nan nan nan -4.200128 -4.977299 11.255752 1.505560 7.556537 -6.971560 10.601310 -11.693674 -1.869601 nan nan nan -0.286870 2.514669 5.178925 -0.289683 -2.957150 -12.753097 0.431389 0.154557 6.685606 0.450078 -0.447016 13.185378 3.236008 -2.185240 14.055869 31.118525 -7.761446 -25.044085 19.912341 -36.238749 -33.763763 16.877233 -22.232098 -26.511800 21.470271 -13.867458 -56.427010 -33.332702 7.001237 -26.954456 -17.883864 40.429588 -34.992204 -16.015325 23.115521 -30.916805 -17.386789 10.470042 -62.884441 
2.049021 -6.552402 101.648811 178.231975 -1.206347 85.679697 4.506405 4.497007 10.061629 -1.827870 -10.752910 -6.460004 -1.674122 15.586975 -3.782930 nan nan nan -4.191512 -4.986916 11.253235 1.537872 7.617525 -6.950897 10.632032 -11.765879 -1.864324 nan nan nan -0.268323 2.541460 5.219379 -0.305187 -2.954310 -12.711159 0.473123 0.114562 6.639042 0.442037 -0.432004 13.123259 3.267722 -2.220773 14.212186 31.103261 -7.855315 -25.012460 19.875427 -36.130920 -33.689980 16.793569 -22.416353 -26.419120 21.455344 -13.765649 -56.227246 -33.386597 7.088103 -26.906466 -17.853803 40.303098 -34.900103 -15.884077 23.134439 -30.702519 -17.317537 10.483681 -62.820194 
2.048613 -6.585250 101.657288 178.258693 -1.181147 85.646578 4.533960 4.448788 10.086153 -1.828065 -10.791668 -6.485465 -1.695384 15.635704 -3.758599 nan nan nan -4.163837 -5.016196 11.270714 1.545439 7.687289 -6.949507 10.627988 -11.803737 -1.865046 nan nan nan -0.268803 2.558296 5.246760 -0.301309 -2.962403 -12.660853 0.498617 0.078882 6.623182 0.416134 -0.422824 13.113511 3.299777 -2.261642 14.221763 31.076771 -7.950300 -24.995898 19.913518 -36.056926 -33.570526 16.715893 -22.522605 -26.431751 21.448269 -13.617824 -56.097254 -33.410252 7.140668 -26.887892 -17.751175 40.245724 -34.650959 -15.853606 23.215286 -30.575339 -17.253410 10.441309 -62.789534 
2.059678 -6.622469 101.671089 178.313071 -1.184824 85.613147 4.546884 4.380001 10.093126 -1.851021 -10.848569 -6.466801 -1.708649 15.680765 -3.736369 nan nan nan -4.168245 -5.102176 11.324025 1.526445 7.766063 -6.984416 10.645123 -11.862352 -1.813493 nan nan nan -0.316590 2.535469 5.299429 -0.297824 -2.999790 -12.603715 0.537974 0.106658 6.606844 0.271090 -0.549535 13.170237 3.356504 -2.177316 14.004176 31.054624 -8.034437 -25.123692 19.820549 -35.954766 -33.205981 16.685481 -22.808800 -26.804505 21.289738 -13.228226 -55.854280 -33.427433 7.296433 -27.097189 -18.051568 40.053426 -34.930160 -15.208407 23.101618 -31.287488 -15.828182 9.678080 -61.970740 
2.066209 -6.661095 101.679153 178.384425 -1.190145 85.612549 4.530869 4.287788 10.049263 -1.856280 -10.863825 -6.440030 -1.627132 15.699854 -3.724087 nan nan nan -4.159558 -5.087427 11.317283 1.525365 7.705070 -6.988150 10.711590 -11.908457 -1.819621 nan nan nan -0.383346 2.504226 5.351817 -0.249479 -3.020955 -12.613217 0.547540 0.084728 6.595617 0.175704 -0.628122 13.234786 3.288529 -2.205271 13.864395 31.022270 -8.032936 -25.078817 19.779647 -35.922486 -33.090637 16.621045 -22.916817 -26.768404 21.309076 -13.280619 -56.134724 -33.396657 7.296265 -27.093444 -17.929781 40.064343 -34.733951 -15.152424 23.255655 -31.300622 -15.794850 9.623471 -61.869635 
2.068139 -6.692448 101.684517 178.427008 -1.207146 85.609358 4.499328 4.242160 10.037451 -1.848647 -10.902922 -6.454968 -1.654542 15.737965 -3.732782 nan nan nan -4.151901 -5.060172 11.303644 1.496540 7.680802 -6.969854 10.730594 -11.966707 -1.852980 nan nan nan -0.430732 2.480775 5.378016 -0.212376 -3.046498 -12.600808 0.504274 0.101019 6.613480 0.156992 -0.661960 13.261329 3.251293 -2.224626 13.786811 31.019861 -8.005009 -25.035233 19.769117 -35.937970 -32.989321 16.550556 -23.023278 -26.712144 21.597069 -13.305536 -56.404309 -33.342839 7.257027 -27.102941 -17.780576 40.105947 -34.506027 -15.151500 23.384311 -31.267699 -15.787127 9.521028 -61.970920 
2.068756 -6.713780 101.688599 178.445544 -1.219891 85.602073 4.484924 4.212830 10.042230 -1.858255 -10.896916 -6.483342 -1.706341 15.781932 -3.716950 nan nan nan -4.141411 -5.060167 11.294650 1.447135 7.693188 -6.951174 10.705688 -11.994387 -1.883767 nan nan nan -0.475065 2.480979 5.368917 -0.181168 -3.071749 -12.564200 0.476970 0.112877 6.646917 0.185376 -0.681865 13.233113 3.244511 -2.230634 13.804105 31.006168 -7.981451 -24.996680 19.778258 -35.978965 -32.941816 16.479575 -23.129248 -26.652903 21.871254 -13.256745 -56.598427 -33.281269 7.213445 -27.078163 -17.703745 40.133838 -34.347741 -15.106524 23.487707 -31.122069 -15.832268 9.471714 -62.045156 
2.068261 -6.739565 101.693886 178.445136 -1.221325 85.564949 4.476111 4.193057 10.078656 -1.834333 -10.879568 -6.518266 -1.633813 15.767484 -3.668944 nan nan nan -4.158883 -5.040998 11.322677 1.473349 7.651256 -6.948549 10.678543 -12.006631 -1.924201 nan nan nan -0.483087 2.466896 5.391747 -0.166973 -3.075777 -12.507591 0.481446 0.098211 6.681849 0.136890 -0.676258 13.221581 3.219042 -2.296862 13.772943 30.960867 -7.964734 -25.001062 19.755713 -36.000596 -32.884834 16.412791 -23.169708 -26.643078 21.830651 -13.260657 -56.753537 -33.242411 7.217540 -27.051846 -17.716287 40.161431 -34.286608 -15.040976 23.544778 -30.977132 -15.958579 9.508628 -62.092527 
2.070268 -6.773281 101.694397 178.450902 -1.213284 85.541350 4.498778 4.196449 10.086040 -1.850434 -10.878406 -6.508352 -1.594634 15.737790 -3.643591 nan nan nan -4.163483 -5.031059 11.321989 1.515419 7.602808 -6.937869 10.682357 -12.002445 -1.925830 nan nan nan -0.481298 2.448264 5.420073 -0.156613 -3.071147 -12.482917 0.464732 0.078056 6.734539 0.162945 -0.569758 13.164382 3.299577 -2.419583 13.770927 30.946765 -7.986602 -24.968189 19.757274 -35.971816 -32.750965 16.396475 -23.170379 -26.642112 21.746629 -13.156472 -56.955666 -33.156098 7.207154 -27.041137 -17.674650 40.251283 -34.192772 -15.043772 23.622239 -30.787514 -16.213826 9.504855 -62.338950 
2.069910 -6.809280 101.691353 178.454509 -1.203742 85.552867 4.525689 4.208089 10.053502 -1.877589 -10.857983 -6.502171 -1.647409 15.701480 -3.645333 nan nan nan -4.132247 -4.989460 11.277519 1.497379 7.564020 -6.928748 10.673927 -11.966027 -1.868981 nan nan nan -0.499045 2.444262 5.433610 -0.136840 -3.062675 -12.483050 0.446653 0.052943 6.737643 0.253749 -0.454015 13.109119 3.350794 -2.507457 13.871668 30.909688 -8.095693 -24.944783 19.849018 -36.006679 -32.744907 16.296556 -23.086848 -26.581549 21.728951 -13.082425 -56.921156 -33.047476 7.212625 -26.987140 -17.506731 40.353466 -33.926213 -15.143452 23.774097 -30.522825 -16.747492 9.629316 -62.835613 
2.069070 -6.839183 101.682587 178.484394 -1.185301 85.567910 4.534519 4.202129 10.001808 -1.857743 -10.797809 -6.489850 -1.656730 15.664134 -3.619751 nan nan nan -4.087026 -4.935934 11.230882 1.487065 7.534619 -6.916118 10.656391 -11.965580 -1.853462 nan nan nan -0.529152 2.438638 5.415559 -0.129223 -3.066790 -12.418328 0.480812 0.005651 6.681445 0.273271 -0.444031 13.139921 3.314203 -2.476458 13.883221 30.866717 -8.211867 -24.877686 19.876806 -36.064976 -32.834841 16.257450 -23.042310 -26.681031 21.695322 -13.123644 -56.621171 -32.986186 7.291291 -26.890294 -17.370511 40.340402 -33.689386 -15.178798 23.946845 -30.397197 -17.201698 9.897784 -63.289207 
2.057398 -6.866429 101.675468 178.531006 -1.149952 85.545962 4.559270 4.187946 9.995206 -1.835985 -10.768470 -6.489968 -1.677500 15.631433 -3.610676 nan nan nan -4.047626 -4.950786 11.243902 1.496751 7.502917 -6.920558 10.622536 -11.978157 -1.833594 nan nan nan -0.521817 2.421453 5.404617 -0.132797 -3.087212 -12.333515 0.519411 -0.017746 6.682260 0.239638 -0.492116 13.127041 3.290580 -2.428151 13.857990 30.885997 -8.281003 -24.841554 19.709467 -36.211500 -32.850594 16.445571 -22.950962 -26.753232 21.625832 -13.122804 -56.485306 -32.988721 7.351397 -26.861396 -17.306738 40.324258 -33.657301 -15.073752 23.959912 -30.233584 -17.108710 9.977654 -63.243264 
2.044178 -6.894221 101.672256 178.569865 -1.103189 85.508438 4.604268 4.174930 10.005172 -1.828115 -10.723718 -6.496597 -1.733234 15.576742 -3.587845 nan nan nan -3.996942 -4.968999 11.267671 1.495928 7.459356 -6.906218 10.577621 -11.928920 -1.813269 nan nan nan -0.468823 2.423523 5.422498 -0.143226 -3.123814 -12.254364 0.559146 -0.048111 6.642419 0.110093 -0.534437 13.241329 3.254694 -2.335618 13.749165 30.901036 -8.469636 -24.845931 19.472172 -36.352494 -32.871169 16.652059 -22.738657 -26.732639 21.347032 -13.304203 -56.298871 -33.052331 7.452907 -26.852272 -17.204123 40.342481 -33.656534 -14.984437 23.934920 -30.025224 -16.753077 10.021916 -62.882481 
2.035942 -6.917040 101.668411 178.558746 -1.084553 85.478584 4.606414 4.138650 10.035556 -1.795868 -10.691214 -6.530470 -1.719159 15.540898 -3.555397 nan nan nan -3.979014 -4.946018 11.273312 1.494422 7.409477 -6.890318 10.549543 -11.844451 -1.793829 nan nan nan -0.419291 2.459506 5.474368 -0.149962 -3.151734 -12.234686 0.571504 -0.063159 6.592835 -0.014864 -0.535691 13.393440 3.209850 -2.284903 13.587112 30.874089 -8.670053 -24.827745 19.325923 -36.422184 -32.919005 16.661475 -22.626492 -26.596741 21.171376 -13.628416 -56.234486 -33.087319 7.550448 -26.746385 -17.011177 40.345515 -33.499749 -15.091714 24.089156 -29.897546 -16.871364 10.096439 -62.668748 
2.028417 -6.943033 101.661896 178.545260 -1.093954 85.458202 4.595539 4.130151 10.044084 -1.801129 -10.703539 -6.536967 -1.651944 15.536937 -3.504548 nan nan nan -4.009811 -4.929293 11.271230 1.515606 7.344334 -6.884733 10.552321 -11.805647 -1.802421 nan nan nan -0.403689 2.473579 5.539636 -0.142330 -3.179022 -12.265606 0.538061 -0.061366 6.594227 -0.049675 -0.511135 13.398203 3.201388 -2.332218 13.538704 30.910472 -8.681314 -24.738897 19.217561 -36.469463 -32.888204 16.528387 -22.604036 -26.434670 21.207860 -13.784478 -56.500893 -33.102274 7.590469 -26.641399 -16.738188 40.395955 -33.240562 -15.251084 24.239932 -29.781365 -17.214071 10.172239 -62.846089 
2.015965 -6.980949 101.662598 178.581093 -1.089733 85.444442 4.603491 4.180141 9.995927 -1.820127 -10.738218 -6.473260 -1.654850 15.522968 -3.524562 nan nan nan -4.033844 -4.970451 11.270346 1.551247 7.296570 -6.892484 10.564448 -11.819050 -1.749409 nan nan nan -0.382518 2.418265 5.598862 -0.152653 -3.219668 -12.260897 0.523477 -0.050046 6.567973 -0.150528 -0.576564 13.394806 3.150122 -2.297255 13.497640 30.973464 -8.677214 -24.740570 19.023504 -36.543337 -32.749186 16.419151 -22.600593 -26.314774 21.115201 -13.632889 -56.560469 -33.153056 7.688244 -26.656090 -16.666274 40.422124 -33.291142 -14.998903 24.161692 -29.869014 -16.848905 9.920801 -62.915725 
2.004650 -7.023296 101.666374 178.647022 -1.085766 85.416641 4.605697 4.238432 9.930866 -1.839796 -10.805925 -6.356675 -1.627872 15.472516 -3.600925 nan nan nan -4.043315 -5.005660 11.275583 1.563161 7.253752 -6.884016 10.575442 -11.834357 -1.717003 nan nan nan -0.402868 2.360485 5.683416 -0.129396 -3.270717 -12.277324 0.529979 -0.053415 6.534755 -0.199870 -0.621558 13.397900 3.105454 -2.283699 13.502894 30.968704 -8.763535 -24.703601 18.873963 -36.602156 -32.629620 16.366011 -22.626648 -26.047598 21.143472 -13.420887 -56.639004 -33.135051 7.791372 -26.639820 -16.442854 40.496419 -33.167068 -15.010317 24.262577 -29.813341 -16.991079 9.816172 -63.046465 
1.997113 -7.056364 101.659828 178.669479 -1.087318 85.392804 4.620028 4.305803 9.888121 -1.854644 -10.855861 -6.300728 -1.648707 15.397361 -3.607811 nan nan nan -4.061950 -5.032470 11.259812 1.568094 7.218349 -6.859317 10.608255 -11.766251 -1.711704 nan nan nan -0.437924 2.336068 5.766133 -0.097506 -3.289975 -12.303592 0.566862 -0.010130 6.533576 -0.228718 -0.697432 13.287546 3.080326 -2.368187 13.537488 30.939964 -8.886216 -24.746546 18.742872 -36.764984 -32.503537 16.327440 -22.528369 -25.914611 21.125372 -13.310668 -56.748380 -33.109506 7.881723 -26.655547 -16.243864 40.544736 -32.993788 -15.045155 24.342058 -29.741351 -17.105503 9.940397 -63.299807 
1.983028 -7.086854 101.652336 178.679061 -1.076078 85.359298 4.632596 4.329953 9.884361 -1.853510 -10.818108 -6.302736 -1.652221 15.309578 -3.579625 nan nan nan -4.043216 -5.017738 11.247113 1.548846 7.161742 -6.811133 10.610916 -11.705368 -1.728133 nan nan nan -0.427240 2.351498 5.804149 -0.101570 -3.290670 -12.268689 0.585530 0.006971 6.538015 -0.232932 -0.807288 13.186737 3.043135 -2.465799 13.574929 30.940274 -9.001274 -24.788898 18.637337 -37.018496 -32.553788 16.256102 -22.346202 -25.909074 21.026244 -13.387105 -56.632100 -33.124720 7.948969 -26.676602 -16.047654 40.556820 -32.903208 -14.961336 24.364470 -29.703320 -17.041240 10.137681 -63.476728 
1.978326 -7.122041 101.648621 178.694751 -1.068118 85.313291 4.645658 4.327383 9.897052 -1.871285 -10.787180 -6.282353 -1.637176 15.254101 -3.585399 nan nan nan -4.018412 -5.012757 11.270042 1.538080 7.110850 -6.792830 10.591839 -11.702275 -1.732627 nan nan nan -0.470915 2.395155 5.789024 -0.086057 -3.309118 -12.166625 0.598195 -0.005710 6.561693 -0.128488 -0.851438 13.121432 3.065250 -2.532073 13.627719 30.926760 -9.139978 -24.750689 18.586516 -37.253167 -32.637096 16.245939 -22.210296 -25.929325 21.140934 -13.371259 -56.804618 -33.053698 8.013677 -26.638353 -15.869608 40.600937 -32.792638 -14.960834 24.466569 -29.588746 -17.192419 10.073040 -63.658414 
1.971909 -7.155391 101.644157 178.704877 -1.082830 85.285480 4.625996 4.349173 9.857642 -1.881529 -10.743478 -6.185094 -1.636262 15.206817 -3.580792 nan nan nan -4.042700 -5.032288 11.272159 1.546486 7.056791 -6.771772 10.599656 -11.628787 -1.744857 nan nan nan -0.526173 2.419364 5.785271 -0.072571 -3.354235 -12.112100 0.615588 -0.009709 6.601043 0.000374 -0.864487 13.017993 3.017210 -2.528469 13.629716 30.872019 -9.221714 -24.803285 18.462442 -37.533257 -32.655062 16.180411 -22.103612 -25.727446 21.108297 -13.280087 -56.967871 -32.981134 8.087007 -26.606264 -15.691348 40.734861 -32.695253 -14.994184 24.551787 -29.322527 -17.290835 9.971954 -63.547098 
1.958538 -7.187970 101.643654 178.700714 -1.109282 85.241753 4.583775 4.366874 9.846763 -1.881228 -10.687297 -6.105767 -1.687011 15.180840 -3.561921 nan nan nan -4.081877 -5.067348 11.287449 1.526392 7.038095 -6.755714 10.605522 -11.539124 -1.724626 nan nan nan -0.539049 2.428986 5.853962 -0.082165 -3.376303 -12.109198 0.618553 -0.007810 6.592090 -0.040684 -0.897123 12.986364 3.005466 -2.461088 13.512644 30.827778 -9.323057 -24.860837 18.249855 -37.743487 -32.513642 16.120308 -22.050947 -25.593308 20.879324 -13.207847 -57.102995 -32.978676 8.158127 -26.654632 -15.416894 40.955790 -32.524549 -15.021129 24.469363 -29.248290 -16.992710 10.171183 -63.249922 
1.946222 -7.217455 101.641312 178.729783 -1.109765 85.215989 4.569240 4.322571 9.828210 -1.893727 -10.623085 -6.065290 -1.771987 15.159986 -3.562818 nan nan nan -4.065484 -5.099363 11.309863 1.464936 7.021239 -6.779723 10.586611 -11.472592 -1.653799 nan nan nan -0.542145 2.454812 5.867576 -0.077235 -3.396607 -12.053470 0.622854 -0.023663 6.569430 -0.113433 -0.946545 12.965448 3.007589 -2.493614 13.383744 30.810821 -9.427339 -24.804824 17.999717 -37.919576 -32.353033 16.170213 -21.997302 -25.427864 20.724477 -13.288765 -57.255977 -32.989925 8.198268 -26.654702 -15.128848 41.157405 -32.398960 -15.084885 24.375105 -29.268392 -16.766425 10.357235 -63.318409 
1.936198 -7.250210 101.639778 178.774837 -1.098690 85.224058 4.576825 4.304481 9.769423 -1.896842 -10.604618 -6.030939 -1.715468 15.080963 -3.560079 nan nan nan -4.052450 -5.101468 11.307268 1.468996 6.942704 -6.821011 10.547462 -11.439992 -1.598931 nan nan nan -0.565054 2.436453 5.866293 -0.044751 -3.421863 -12.047786 0.621669 -0.039200 6.542888 -0.112961 -0.962035 12.894414 2.978221 -2.584009 13.381889 30.792350 -9.514941 -24.678067 17.767386 -38.086131 -32.190323 16.162125 -21.975249 -25.165760 20.730776 -13.295781 -57.661746 -32.944971 8.288536 -26.571073 -14.908664 41.328979 -32.346301 -15.144298 24.392843 -29.291599 -16.712009 10.319109 -63.808275 
1.921086 -7.281891 101.642601 178.792335 -1.120579 85.194514 4.541221 4.309900 9.763821 -1.877851 -10.592456 -6.002346 -1.560845 14.995640 -3.549338 nan nan nan -4.115085 -5.099349 11.339820 1.521998 6.889679 -6.851362 10.534300 -11.412594 -1.593470 nan nan nan -0.607239 2.421080 5.912381 -0.034091 -3.444966 -12.035751 0.606270 -0.068423 6.517757 -0.091554 -0.998910 12.752905 2.948283 -2.631293 13.372080 30.808496 -9.549517 -24.647075 17.518185 -38.355410 -32.101208 16.103831 -21.902634 -25.040610 20.556186 -13.255222 -58.047258 -32.856540 8.383963 -26.518840 -14.661044 41.526971 -32.258182 -15.238116 24.441850 -29.557923 -16.368170 10.299187 -64.006384 
1.906520 -7.313011 101.643074 178.781185 -1.140894 85.167750 4.486642 4.294409 9.752253 -1.852354 -10.528015 -5.949894 -1.486973 14.962722 -3.579743 nan nan nan -4.149783 -5.089684 11.339728 1.524575 6.875841 -6.834320 10.556772 -11.368724 -1.584250 nan nan nan -0.663597 2.436651 5.926837 -0.008115 -3.470266 -11.991433 0.591858 -0.095272 6.541538 -0.045181 -1.111028 12.591348 2.951003 -2.748505 13.221680 30.826958 -9.551903 -24.670237 17.309620 -38.664228 -32.029447 15.989816 -21.823606 -24.952936 20.401304 -13.264543 -58.237452 -32.754760 8.452721 -26.484351 -14.426921 41.713522 -32.096862 -15.285104 24.481845 -29.714443 -16.160446 10.399163 -64.086375 
1.895425 -7.351875 101.636612 178.799139 -1.123496 85.182974 4.473963 4.274100 9.687536 -1.821782 -10.473342 -5.926101 -1.489242 14.933540 -3.560698 nan nan nan -4.135183 -5.120179 11.268618 1.532423 6.847825 -6.769239 10.571045 -11.343401 -1.558929 nan nan nan -0.685451 2.457423 5.861643 0.031671 -3.510599 -11.939965 0.587352 -0.099431 6.578648 -0.046293 -1.175512 12.491885 2.982178 -2.871077 12.996154 30.803595 -9.705746 -24.683772 17.191652 -38.888512 -31.983456 15.789198 -21.716636 -24.836649 20.288039 -13.212888 -58.308913 -32.735324 8.556205 -26.402980 -14.113311 41.795586 -31.843429 -15.347583 24.576139 -29.629367 -16.096835 10.392472 -64.110669 
1.888493 -7.389107 101.639969 178.806995 -1.109227 85.203286 4.477830 4.257601 9.625230 -1.818650 -10.427819 -5.917490 -1.498996 14.908162 -3.547866 nan nan nan -4.120568 -5.152187 11.187596 1.540961 6.811324 -6.702730 10.535575 -11.334452 -1.560572 nan nan nan -0.684317 2.443975 5.776428 0.045198 -3.545623 -11.905025 0.564653 -0.103287 6.590713 -0.058071 -1.101958 12.412247 2.963189 -2.889982 13.023325 30.777138 -9.800042 -24.619488 16.903268 -39.150754 -31.869020 15.699295 -21.702019 -24.602404 20.193936 -13.076133 -58.750871 -32.680255 8.645551 -26.268134 -13.747674 42.022998 -31.633178 -15.422515 24.640539 -29.428977 -15.964259 10.227235 -64.141822 
1.891223 -7.418256 101.641174 178.790821 -1.089990 85.189332 4.499221 4.241379 9.632408 -1.822368 -10.382497 -5.932217 -1.489123 14.865705 -3.531575 nan nan nan -4.096245 -5.162676 11.176022 1.541354 6.783205 -6.693654 10.473090 -11.315856 -1.555128 nan nan nan -0.706516 2.425472 5.726173 0.063340 -3.566338 -11.831308 0.559627 -0.116257 6.589362 -0.038065 -1.053343 12.368941 2.951474 -2.869814 12.989124 30.747786 -9.799806 -24.517798 16.565240 -39.404490 -31.730534 15.642859 -21.811596 -24.401110 20.014019 -12.955506 -59.286801 -32.585360 8.725242 -26.125131 -13.477118 42.273584 -31.545360 -15.401274 24.654430 -29.348078 -15.974059 10.107021 -64.242258 
1.884694 -7.450398 101.634644 178.765866 -1.075760 85.131870 4.527193 4.245199 9.678090 -1.864884 -10.328367 -5.902779 -1.536386 14.817879 -3.553662 nan nan nan -4.109232 -5.177708 11.198265 1.563937 6.784960 -6.658685 10.407997 -11.227909 -1.562448 nan nan nan -0.719924 2.407310 5.749450 0.092612 -3.577973 -11.717820 0.553691 -0.121957 6.544036 -0.085873 -1.088951 12.392399 2.976341 -2.859042 12.739468 30.711820 -9.849951 -24.467104 16.276646 -39.583438 -31.565726 15.517876 -21.935490 -24.292745 19.735247 -12.828821 -59.585481 -32.499751 8.861718 -26.053282 -13.266815 42.441990 -31.458573 -15.264229 24.686005 -29.248502 -15.948699 10.127196 -64.196566 
1.865679 -7.483653 101.617157 178.782109 -1.061234 85.070847 4.553577 4.251543 9.716473 -1.889932 -10.292543 -5.894624 -1.602787 14.797446 -3.535736 nan nan nan -4.125784 -5.218995 11.247441 1.567621 6.792634 -6.662825 10.371958 -11.166132 -1.531537 nan nan nan -0.698479 2.369043 5.810232 0.109001 -3.583122 -11.660843 0.532714 -0.125234 6.497867 -0.230503 -1.142621 12.467198 3.025078 -2.834757 12.385615 30.674757 -9.956582 -24.421662 16.055781 -39.762442 -31.374562 15.284719 -21.959865 -24.207039 19.797554 -12.593079 -60.031523 -32.436184 9.028063 -26.007836 -13.061408 42.549050 -31.267747 -15.004102 24.811131 -29.159063 -16.205451 9.868780 -64.382181 
1.849475 -7.513137 101.598099 178.809588 -1.042693 85.032616 4.582487 4.219946 9.740990 -1.894718 -10.260179 -5.923695 -1.586530 14.788233 -3.474958 nan nan nan -4.115010 -5.212482 11.278949 1.568534 6.768073 -6.674977 10.387261 -11.171785 -1.461736 nan nan nan -0.670254 2.315414 5.854337 0.104679 -3.591171 -11.662883 0.535022 -0.152531 6.463952 -0.334819 -1.078730 12.484315 3.004149 -2.752720 12.184584 30.608723 -10.083091 -24.309086 15.802757 -39.905308 -31.070045 15.071573 -21.986970 -24.051246 20.025667 -12.463392 -60.524659 -32.390830 9.178564 -25.941265 -12.840314 42.725934 -31.044621 -14.656714 24.946831 -29.140015 -16.647663 9.472500 -65.035766 
1.843103 -7.544980 101.577652 178.811044 -1.023995 85.013039 4.615759 4.178638 9.725956 -1.917395 -10.192004 -5.906631 -1.560645 14.721878 -3.470413 nan nan nan -4.100744 -5.201787 11.270387 1.581644 6.709332 -6.648187 10.422461 -11.154817 -1.461563 nan nan nan -0.659677 2.268306 5.825771 0.098132 -3.612858 -11.601281 0.571891 -0.184693 6.407896 -0.394020 -0.983377 12.413065 2.894847 -2.730887 12.180464 30.497053 -10.278839 -24.204227 15.537424 -40.006218 -30.798532 14.830335 -21.984340 -23.772353 19.920663 -12.699075 -60.810461 -32.366888 9.401119 -25.806400 -12.573277 42.908109 -30.896695 -14.470608 24.999665 -29.140306 -16.810647 9.465987 -65.513635 
1.830199 -7.575912 101.561584 178.812552 -1.012593 84.980333 4.633520 4.165302 9.734458 -1.942618 -10.165953 -5.905391 -1.515711 14.690044 -3.444198 nan nan nan -4.107269 -5.194779 11.277514 1.604711 6.686194 -6.600547 10.426488 -11.102162 -1.474501 nan nan nan -0.657009 2.220883 5.797566 0.094151 -3.646313 -11.497392 0.600649 -0.185714 6.325153 -0.415518 -0.969481 12.344098 2.787356 -2.782201 12.265717 30.384527 -10.465482 -24.136000 15.198498 -40.178578 -30.597466 14.588781 -21.985933 -23.300848 19.661527 -12.895878 -61.159392 -32.379560 9.596004 -25.629006 -12.185190 43.061789 -30.758277 -14.367137 25.102476 -28.962595 -16.851688 9.400278 -65.816228 
1.815335 -7.597916 101.556709 178.820622 -1.014306 84.910973 4.626209 4.168069 9.802475 -1.946306 -10.154707 -5.913957 -1.419758 14.672582 -3.403434 nan nan nan -4.123487 -5.184091 11.341768 1.611256 6.635605 -6.592666 10.388976 -11.057117 -1.444834 nan nan nan -0.673121 2.207942 5.827695 0.104642 -3.682367 -11.446222 0.594181 -0.177068 6.269473 -0.427231 -0.881336 12.411744 2.864177 -2.790680 12.219435 30.298966 -10.640049 -24.070431 14.739225 -40.412425 -30.309051 14.523716 -22.056004 -22.921384 19.418791 -12.884351 -61.377565 -32.316449 9.717151 -25.540010 -11.670929 43.274122 -30.420093 -14.269569 25.281910 -28.661828 -16.848583 9.176371 -65.832409 
1.817275 -7.618776 101.544563 178.804779 -1.003844 84.848982 4.659775 4.165745 9.885059 -1.964169 -10.087121 -5.957628 -1.406943 14.633844 -3.368177 nan nan nan -4.117558 -5.194338 11.373458 1.621423 6.582808 -6.553625 10.345245 -10.992254 -1.413722 nan nan nan -0.703274 2.229304 5.801901 0.123854 -3.697330 -11.341683 0.587031 -0.164355 6.247421 -0.465012 -0.675679 12.389057 3.000079 -2.760614 12.072470 30.221300 -10.823235 -23.966877 14.388352 -40.662880 -30.025377 14.483883 -22.033305 -22.869443 19.191855 -12.944187 -61.446142 -32.088675 9.925977 -25.451146 -11.418757 43.402187 -30.086829 -14.111149 25.478956 -28.429944 -16.759379 9.201466 -65.841403 
1.820682 -7.649644 101.534279 178.793227 -1.001197 84.793560 4.692279 4.174153 9.925549 -2.001877 -10.050000 -5.952775 -1.439702 14.574004 -3.376598 nan nan nan -4.132489 -5.221979 11.385280 1.640793 6.536918 -6.505270 10.341599 -10.902936 -1.416213 nan nan nan -0.797546 2.239254 5.749757 0.176241 -3.720525 -11.194341 0.631254 -0.155745 6.272995 -0.507840 -0.652349 12.171428 2.952844 -2.911072 11.836166 30.110288 -10.896142 -23.860534 14.090254 -40.910393 -29.698987 14.356902 -22.087471 -22.794089 19.073991 -13.001632 -61.469705 -31.806083 10.154017 -25.336362 -11.334162 43.497954 -29.820721 -13.941634 25.695145 -28.342275 -16.731767 9.297932 -66.007055 
1.827014 -7.686701 101.521805 178.794923 -0.997062 84.750345 4.706476 4.187628 9.923977 -2.016472 -10.008561 -5.912983 -1.532067 14.542864 -3.389285 nan nan nan -4.126813 -5.194530 11.422137 1.643862 6.510821 -6.532674 10.339198 -10.875613 -1.411015 nan nan nan -0.886849 2.217975 5.709937 0.238280 -3.776699 -11.045147 0.675835 -0.172498 6.274320 -0.470361 -0.791394 11.895896 2.865093 -3.114326 11.664773 29.984058 -11.002982 -23.779369 13.775101 -40.979218 -29.371280 14.121826 -22.263092 -22.551103 18.834388 -13.223942 -61.447256 -31.608486 10.402835 -25.303431 -11.146972 43.626424 -29.564320 -13.707610 25.850244 -28.200482 -16.601870 9.430026 -66.083164 
1.838572 -7.721749 101.513397 178.782217 -0.980389 84.687083 4.723604 4.218827 9.960286 -1.985482 -9.967536 -5.895803 -1.602099 14.503622 -3.366898 nan nan nan -4.087151 -5.151222 11.475493 1.632426 6.466326 -6.543105 10.281845 -10.880844 -1.458987 nan nan nan -0.907710 2.206485 5.755466 0.264851 -3.809384 -10.976436 0.670169 -0.226710 6.217351 -0.399660 -0.758918 11.778237 2.897189 -3.103970 11.643536 29.875589 -11.146555 -23.654733 13.320977 -41.015170 -29.004481 13.930966 -22.530524 -22.155412 18.634115 -13.373617 -61.626700 -31.531874 10.531772 -25.305031 -10.493744 43.900118 -29.084146 -13.628045 26.031315 -27.952525 -16.478257 9.426546 -66.104101 
1.840743 -7.758238 101.502930 178.744035 -0.976626 84.622029 4.733823 4.234206 10.002878 -1.977506 -9.928465 -5.880816 -1.536688 14.455635 -3.369784 nan nan nan -4.084578 -5.154007 11.510753 1.627242 6.461853 -6.527859 10.231665 -10.862495 -1.487121 nan nan nan -0.904927 2.228384 5.806958 0.242393 -3.813896 -10.923473 0.694039 -0.266231 6.163405 -0.433164 -0.648452 11.741206 2.985087 -2.983691 11.550499 29.772167 -11.312886 -23.609546 12.799900 -41.160045 -28.604211 13.710264 -22.733710 -21.808898 18.558441 -13.278768 -61.795695 -31.474591 10.657541 -25.213374 -9.881869 44.119912 -28.568470 -13.592632 26.220042 -27.681379 -16.281523 9.277959 -66.080377 
1.834829 -7.795641 101.491127 178.707914 -0.974871 84.524830 4.736822 4.234778 10.078057 -1.981019 -9.850060 -5.861216 -1.498914 14.415889 -3.396974 nan nan nan -4.131067 -5.166112 11.594779 1.678358 6.449976 -6.523922 10.225550 -10.790315 -1.452152 nan nan nan -0.935298 2.273573 5.888225 0.241072 -3.829947 -10.815336 0.762040 -0.239775 6.122132 -0.475457 -0.658452 11.640190 3.008935 -3.021671 11.320072 29.641290 -11.448344 -23.616517 12.419580 -41.378314 -28.256555 13.352756 -22.864337 -21.515432 18.568788 -13.283759 -61.899035 -31.311792 10.814061 -25.035088 -9.548699 44.195395 -28.159676 -13.529726 26.472294 -27.416872 -16.131720 9.221484 -66.035945 
1.823943 -7.838391 101.474052 178.672841 -0.962395 84.456001 4.751423 4.198498 10.138757 -1.993499 -9.741707 -5.873418 -1.606007 14.404343 -3.398186 nan nan nan -4.160170 -5.154897 11.633212 1.727819 6.401119 -6.488372 10.216715 -10.665094 -1.411912 nan nan nan -0.945415 2.310117 5.893418 0.272655 -3.879278 -10.653650 0.787257 -0.184840 6.074750 -0.463765 -0.607569 11.506209 2.972891 -3.123005 11.121081 29.470030 -11.594735 -23.510836 12.097965 -41.549881 -27.937979 13.062292 -22.982246 -21.212348 18.415002 -13.458180 -62.021339 -31.108065 10.972101 -24.818718 -9.282624 44.283143 -27.893094 -13.384004 26.697227 -27.058974 -16.087158 9.337257 -66.213317 
1.811000 -7.890295 101.455116 178.680687 -0.937307 84.410949 4.779114 4.157113 10.126334 -2.031518 -9.687094 -5.808343 -1.652463 14.384758 -3.425115 nan nan nan -4.153730 -5.158584 11.631206 1.752525 6.374367 -6.431383 10.180715 -10.575508 -1.421564 nan nan nan -0.914255 2.293486 5.860378 0.294008 -3.926290 -10.511449 0.810163 -0.136906 6.026280 -0.587058 -0.569111 11.418401 2.942868 -3.136013 10.962692 29.266096 -11.824992 -23.330034 11.622657 -41.669507 -27.546814 12.950821 -23.127169 -21.048314 18.298482 -13.329213 -62.062427 -30.962634 11.188835 -24.585535 -9.021100 44.304087 -27.656122 -13.113626 26.964272 -26.757177 -16.101629 9.389738 -66.533356 
1.790345 -7.938327 101.442932 178.715280 -0.916179 84.367842 4.789184 4.099598 10.104690 -2.045510 -9.641530 -5.740646 -1.519056 14.316034 -3.457030 nan nan nan -4.163443 -5.161119 11.644045 1.795772 6.296227 -6.408262 10.181441 -10.518698 -1.364164 nan nan nan -0.904745 2.275100 5.841101 0.334409 -3.994045 -10.420845 0.820248 -0.042239 6.050242 -0.635015 -0.585726 11.267152 2.948081 -3.249426 10.839220 29.065650 -11.986444 -23.166781 11.149527 -41.988112 -27.260883 12.899717 -23.151329 -20.936154 18.228250 -13.172157 -62.115453 -30.718300 11.355929 -24.239307 -8.831372 44.322580 -27.393067 -13.029745 27.373388 -26.480817 -16.215721 9.268880 -66.685407 
1.778737 -7.983100 101.438202 178.697080 -0.896394 84.349193 4.802896 4.038200 10.093375 -2.061946 -9.544855 -5.736122 -1.336159 14.217171 -3.410640 nan nan nan -4.150817 -5.120515 11.626863 1.819409 6.176244 -6.393072 10.231640 -10.458439 -1.325530 nan nan nan -0.902938 2.281024 5.779709 0.376551 -4.003928 -10.322217 0.803070 0.012985 6.131113 -0.589022 -0.612224 11.016020 2.934498 -3.413348 10.708814 28.867177 -12.057161 -23.106476 10.657101 -42.389326 -26.965768 12.802581 -23.225529 -20.866356 18.094142 -13.260527 -62.049997 -30.368657 11.427887 -24.162914 -8.447543 44.537984 -26.900594 -12.931688 27.806416 -26.205562 -16.211438 9.171285 -66.682148 
1.782271 -8.025853 101.429237 178.626329 -0.879430 84.344759 4.836153 4.005166 10.078244 -2.103125 -9.433560 -5.726145 -1.295036 14.156669 -3.383819 nan nan nan -4.101939 -5.097887 11.564702 1.778666 6.134970 -6.332282 10.204471 -10.390732 -1.338226 nan nan nan -0.944589 2.243895 5.677085 0.432738 -3.964475 -10.163619 0.797209 0.040539 6.196815 -0.580701 -0.544576 10.725227 2.965397 -3.430656 10.515231 28.691936 -12.063482 -22.939668 10.079669 -42.658752 -26.644748 12.848849 -23.501389 -20.775336 17.859995 -13.312371 -61.926331 -30.072514 11.477346 -24.250624 -7.869945 44.871286 -26.386804 -12.761106 28.098595 -25.849540 -15.998006 9.398653 -66.566164 
1.787562 -8.078198 101.422150 178.552555 -0.859492 84.339050 4.861145 3.982613 10.035474 -2.132407 -9.319063 -5.671105 -1.266411 14.115387 -3.403825 nan nan nan -4.065601 -5.070133 11.502464 1.757990 6.170048 -6.278789 10.130894 -10.328107 -1.309007 nan nan nan -0.991990 2.247501 5.604208 0.484399 -3.946109 -9.991379 0.855813 0.013591 6.174396 -0.605452 -0.415981 10.533367 2.954143 -3.286339 10.317325 28.443642 -12.179682 -22.706387 9.535107 -42.659860 -26.214026 12.789724 -24.051013 -20.688359 17.734326 -13.210804 -61.805116 -29.880274 11.656573 -24.100130 -7.364992 45.024204 -25.951859 -12.773176 28.470117 -25.713060 -15.854660 9.527144 -66.398804 
1.786651 -8.124774 101.416679 178.488107 -0.841385 84.295350 4.883727 3.964588 10.053686 -2.157014 -9.191244 -5.640591 -1.265345 14.040176 -3.413541 nan nan nan -4.064987 -5.038101 11.509151 1.787399 6.149375 -6.261988 10.052550 -10.273976 -1.240101 nan nan nan -1.052779 2.321928 5.544454 0.549762 -3.962103 -9.795355 0.947749 -0.045376 6.066010 -0.598127 -0.286068 10.451039 2.914728 -3.266185 10.237370 28.127844 -12.459502 -22.463249 9.016774 -42.537279 -25.654180 12.553834 -24.642431 -20.569641 17.762906 -13.361688 -61.445664 -29.647232 12.059319 -23.706791 -7.080091 44.937430 -25.596087 -12.843459 28.970518 -25.589761 -15.861360 9.565990 -66.231558 
1.781647 -8.165914 101.406364 178.406132 -0.817025 84.261375 4.894872 3.947657 10.081768 -2.153041 -9.058527 -5.635126 -1.287996 14.019019 -3.437275 nan nan nan -4.054541 -5.021200 11.494844 1.822023 6.108201 -6.230235 9.992872 -10.225395 -1.229471 nan nan nan -1.110324 2.405808 5.456170 0.630437 -3.972452 -9.614736 1.035207 -0.085292 5.980373 -0.642525 -0.210159 10.384300 2.933255 -3.341780 10.105046 27.866676 -12.738179 -22.256849 8.322952 -42.498782 -24.957928 12.415265 -25.167055 -20.538254 17.969210 -13.316740 -61.281847 -29.434660 12.433211 -23.405906 -6.658063 44.938697 -25.134278 -12.904608 29.353468 -25.380983 -15.710320 9.447026 -66.088679 
1.768426 -8.212893 101.395935 178.324152 -0.810081 84.275078 4.887276 3.958549 10.055449 -2.165003 -9.002926 -5.631872 -1.331864 14.030393 -3.441930 nan nan nan -4.066934 -5.018441 11.402546 1.852099 6.064573 -6.158887 9.996483 -10.135009 -1.215196 nan nan nan -1.136555 2.440200 5.372974 0.673525 -3.973948 -9.494634 1.075605 -0.043462 5.905287 -0.696063 -0.231727 10.368435 3.037098 -3.331829 9.877194 27.655372 -12.950374 -22.229646 7.374356 -42.708040 -24.149237 12.383402 -25.617886 -20.343895 18.332635 -12.749983 -61.664417 -29.264828 12.683165 -23.216269 -5.906754 45.013919 -24.506000 -12.989672 29.736883 -25.225224 -15.712218 9.113232 -66.555756 
1.752826 -8.272444 101.386772 178.254680 -0.801496 84.297252 4.880017 3.963547 9.997360 -2.180197 -8.816189 -5.619212 -1.426792 13.966724 -3.426517 nan nan nan -4.081048 -4.976281 11.324973 1.882942 5.962747 -6.137094 10.013316 -9.991649 -1.130157 nan nan nan -1.105552 2.457861 5.312078 0.669893 -3.967442 -9.308179 1.082520 -0.019563 5.708585 -0.609112 -0.193508 10.339928 3.002084 -3.296130 9.732892 27.289536 -13.193240 -22.162725 6.676600 -42.838920 -23.592555 12.180907 -26.005627 -20.344574 18.054486 -13.081212 -61.526958 -28.958766 12.917863 -22.960206 -5.321364 45.074137 -23.982314 -12.924820 30.298514 -25.283708 -15.897674 9.065674 -67.060160 
1.744197 -8.324423 101.379646 178.197803 -0.793541 84.313300 4.871827 3.974429 9.961319 -2.157996 -8.675762 -5.633083 -1.435342 13.904179 -3.375034 nan nan nan -4.072120 -4.956033 11.259778 1.868930 5.891622 -6.113401 10.008865 -9.896108 -1.081484 nan nan nan -1.089122 2.479803 5.265303 0.681933 -3.960125 -9.200099 1.081727 -0.036679 5.617278 -0.533103 -0.138962 10.217563 2.935604 -3.302051 9.624634 26.953586 -13.328987 -21.930525 6.015234 -43.003750 -23.114589 12.114027 -26.452876 -20.025058 18.026872 -13.168174 -61.782093 -28.580951 13.077241 -22.753493 -4.677218 45.365768 -23.469377 -13.024362 30.760936 -25.083389 -15.983922 9.028749 -67.146060 
1.743388 -8.380964 101.375465 178.155174 -0.770872 84.365489 4.888782 3.951136 9.898952 -2.162031 -8.619744 -5.663616 -1.374844 13.866221 -3.313356 nan nan nan -4.016797 -4.932019 11.158126 1.825264 5.864721 -6.095722 10.011305 -9.895354 -1.041103 nan nan nan -1.111772 2.478589 5.130624 0.716686 -3.981024 -9.107052 1.095568 -0.002521 5.653829 -0.554701 -0.139336 10.141935 2.987094 -3.317135 9.219851 26.744083 -13.409583 -21.535635 5.356023 -43.088975 -22.638316 12.251225 -27.113890 -19.814322 18.264690 -12.665531 -62.435396 -28.135406 13.262364 -22.686614 -4.046952 45.695848 -22.957415 -13.131842 31.041053 -24.739748 -15.770928 8.913931 -66.966355 
1.731630 -8.426110 101.365143 178.125471 -0.769902 84.393986 4.885821 3.945752 9.852131 -2.187992 -8.564617 -5.669743 -1.394592 13.802990 -3.289770 nan nan nan -4.035299 -4.955239 11.088572 1.846488 5.801765 -6.076575 9.984131 -9.789588 -0.993964 nan nan nan -1.147715 2.475926 5.022933 0.735315 -4.007153 -8.974061 1.141173 0.007032 5.648048 -0.611941 -0.122265 10.126088 3.016570 -3.226011 8.845219 26.392215 -13.494502 -21.330419 4.542891 -43.169826 -21.917218 12.333785 -27.948045 -19.916319 18.354721 -12.190734 -62.776013 -27.695883 13.445971 -22.553186 -3.468209 45.820955 -22.348842 -13.121234 31.765447 -24.721747 -15.820746 8.666028 -66.872433 
1.715842 -8.472533 101.357437 178.087801 -0.778290 84.401638 4.859103 3.940644 9.832487 -2.186939 -8.452301 -5.687993 -1.440802 13.735462 -3.281485 nan nan nan -4.069001 -4.961457 11.049821 1.876674 5.757383 -6.078175 9.983347 -9.638539 -0.931907 nan nan nan -1.116884 2.476357 4.946502 0.705685 -3.994982 -8.816148 1.145655 -0.042219 5.599004 -0.653059 -0.108280 10.109413 3.007155 -3.109143 8.541792 25.921248 -13.613091 -21.158882 3.785023 -43.229928 -21.177782 12.314984 -28.761631 -20.103357 18.346629 -12.012775 -62.894207 -27.268450 13.552964 -22.421784 -2.830733 45.941050 -21.658747 -13.010659 32.655281 -24.780528 -15.962679 8.374299 -66.750178 
1.710344 -8.519061 101.352882 178.037900 -0.790213 84.424534 4.832361 3.945805 9.819496 -2.167605 -8.323037 -5.727608 -1.346943 13.658829 -3.298633 nan nan nan -4.090655 -4.972256 11.011416 1.886731 5.715175 -6.102542 9.986273 -9.486219 -0.875043 nan nan nan -1.116935 2.502246 4.848862 0.687784 -3.965009 -8.621011 1.155088 -0.112863 5.490540 -0.748183 -0.126989 10.066282 3.065653 -3.154731 8.226219 25.528164 -13.778932 -20.843054 2.994626 -43.147998 -20.497308 12.457364 -29.590323 -20.092782 18.304826 -12.076016 -63.136874 -26.877338 13.606459 -22.355123 -1.953006 46.147324 -20.988596 -12.925426 33.391642 -24.446412 -15.926236 8.192107 -66.469604 
1.705343 -8.582620 101.342560 177.972070 -0.806744 84.474787 4.785285 3.921897 9.781594 -2.162556 -8.208780 -5.767731 -1.141412 13.632039 -3.263277 nan nan nan -4.128885 -4.978610 10.948762 1.913655 5.663383 -6.119418 9.964626 -9.425269 -0.792898 nan nan nan -1.230548 2.559859 4.732713 0.779273 -3.994039 -8.405859 1.234782 -0.088570 5.337591 -0.866604 -0.161808 9.877115 3.139023 -3.341368 8.065169 25.228164 -14.043216 -20.409738 2.157748 -42.894783 -19.911231 12.726989 -30.534326 -19.883751 18.406272 -12.059011 -63.637871 -26.601438 13.897913 -22.004448 -1.182231 46.114323 -20.433394 -13.282575 33.966868 -24.093800 -15.855731 8.033749 -66.542424 
1.692027 -8.629463 101.342056 177.948117 -0.821691 84.478429 4.745938 3.863110 9.778775 -2.193904 -8.085822 -5.797749 -1.143188 13.599924 -3.226095 nan nan nan -4.159697 -4.949879 10.950616 1.921433 5.591281 -6.179967 9.960976 -9.357011 -0.754425 nan nan nan -1.233199 2.545725 4.688943 0.797965 -4.016025 -8.309868 1.242422 -0.090066 5.285759 -0.912570 -0.095505 9.670195 3.168238 -3.351509 8.077753 24.841212 -14.145378 -20.109306 1.264453 -42.918774 -19.219714 12.864604 -31.322146 -19.942487 18.497532 -11.947242 -63.997096 -26.335576 14.023531 -21.718374 -0.354749 46.320122 -19.719641 -13.479381 34.461019 -24.353810 -15.937232 7.883724 -66.764721 
1.696436 -8.680521 101.346748 177.916376 -0.845805 84.494455 4.707189 3.860120 9.759612 -2.214226 -7.967007 -5.844266 -1.149941 13.492460 -3.170280 nan nan nan -4.199805 -4.958927 10.937189 1.921158 5.505358 -6.221496 9.963832 -9.226424 -0.743169 nan nan nan -1.192144 2.488447 4.631207 0.748832 -4.022239 -8.226986 1.226341 -0.054523 5.253618 -0.971695 -0.065025 9.498048 3.261786 -3.195622 7.975708 24.431947 -14.116278 -19.905206 0.249091 -43.163983 -18.700551 12.950999 -32.004427 -19.800396 18.393863 -11.810904 -64.028501 -26.213820 14.123194 -21.504924 0.886522 46.534062 -18.792333 -13.966552 34.768583 -24.666929 -15.783273 7.984536 -66.763947 
1.709373 -8.720643 101.350693 177.866095 -0.860147 84.488498 4.693153 3.897636 9.766120 -2.204354 -7.849803 -5.885475 -1.049247 13.343103 -3.173792 nan nan nan -4.242339 -5.003421 10.921057 1.947213 5.396596 -6.213341 9.938788 -9.069694 -0.712453 nan nan nan -1.148282 2.434175 4.616496 0.669536 -4.014140 -8.126244 1.241351 -0.069447 5.150669 -1.024691 -0.024285 9.474000 3.381984 -2.909773 7.868579 23.953262 -14.153785 -19.759547 -0.877238 -43.255271 -18.030091 13.076844 -32.896292 -19.709567 18.437672 -11.526334 -64.013913 -25.970159 14.246960 -21.471143 2.211847 46.728406 -17.894938 -14.160115 35.229690 -24.699154 -15.510071 8.084246 -66.681413 
1.715876 -8.755997 101.349121 177.809251 -0.841085 84.480889 4.688406 3.892083 9.757806 -2.170167 -7.711677 -5.886503 -0.967365 13.261862 -3.188892 nan nan nan -4.260242 -5.049811 10.883581 1.999948 5.267858 -6.164876 9.891199 -8.933271 -0.657439 nan nan nan -1.108436 2.437330 4.596739 0.649004 -4.024456 -8.008784 1.269915 -0.062270 5.005871 -1.108078 0.066936 9.518702 3.533802 -2.748384 7.837780 23.531090 -14.367758 -19.529857 -2.100206 -43.092002 -17.115935 13.403304 -33.976072 -19.959130 18.659514 -11.312453 -64.032555 -25.523311 14.436371 -21.383688 3.146167 46.776902 -17.358200 -13.927277 35.860511 -24.411708 -15.059435 7.956909 -66.478311 
1.708120 -8.798980 101.330879 177.755994 -0.818057 84.527815 4.680375 3.812227 9.704710 -2.160672 -7.533790 -5.919572 -0.916808 13.166431 -3.133647 nan nan nan -4.271064 -5.026108 10.789639 2.071338 5.117900 -6.123360 9.853544 -8.783154 -0.625612 nan nan nan -1.080395 2.439719 4.505532 0.674054 -4.000083 -7.914590 1.248861 -0.034632 4.923153 -1.082574 0.056300 9.372667 3.539001 -2.908627 7.918920 23.109186 -14.439874 -19.245093 -3.238525 -43.178823 -16.392306 13.607750 -34.838557 -19.932382 18.794936 -11.334968 -64.003347 -25.041889 14.488832 -21.103398 4.276772 46.806867 -16.526137 -14.211558 36.675031 -23.699146 -15.264515 7.985863 -66.763570 
1.693588 -8.845540 101.313332 177.712250 -0.814970 84.593135 4.655600 3.735824 9.640289 -2.164017 -7.344883 -5.966402 -0.852219 13.032016 -3.096185 nan nan nan -4.301663 -4.968064 10.702896 2.128305 4.933194 -6.123278 9.877729 -8.627336 -0.575886 nan nan nan -1.035408 2.366698 4.387685 0.651048 -3.931840 -7.834586 1.195857 0.014577 4.901079 -0.973624 -0.104442 9.186351 3.466792 -3.055359 8.112866 22.589067 -14.343113 -19.185861 -4.507292 -43.561956 -15.535365 13.787833 -35.483886 -19.788578 18.662158 -11.379899 -63.725102 -24.489720 14.525705 -20.894167 5.313237 46.941398 -15.748009 -14.475551 37.284569 -23.748630 -15.066439 7.951893 -66.849473 
1.685277 -8.893861 101.308342 177.664533 -0.825379 84.611062 4.616740 3.683826 9.616221 -2.160614 -7.174576 -5.999664 -0.793133 12.930996 -3.117896 nan nan nan -4.326191 -4.897233 10.682929 2.151647 4.790697 -6.167192 9.882314 -8.517395 -0.532086 nan nan nan -0.981790 2.308848 4.360693 0.590473 -3.865697 -7.774769 1.132932 0.111090 4.840792 -0.865544 -0.099370 9.206084 3.557207 -2.946658 8.309270 22.020183 -14.390406 -19.108766 -5.733708 -43.889134 -14.529448 14.138317 -36.112175 -19.891315 18.694681 -11.340985 -63.563767 -23.859356 14.612809 -20.654682 6.228114 46.895991 -14.849169 -14.678001 38.057422 -24.165149 -15.089345 7.723019 -66.872741 
1.673326 -8.941820 101.299812 177.651275 -0.825107 84.631773 4.598591 3.631457 9.564819 -2.178063 -7.016662 -6.004091 -0.694885 12.871719 -3.098352 nan nan nan -4.328529 -4.845682 10.640258 2.157998 4.721469 -6.171576 9.824621 -8.424571 -0.527226 nan nan nan -0.940259 2.258103 4.391731 0.562552 -3.852282 -7.755345 1.073157 0.223207 4.745159 -0.788014 -0.037423 9.170329 3.667436 -2.771659 8.445402 21.509078 -14.503354 -18.844376 -6.814686 -43.961728 -13.644047 14.497357 -37.026498 -20.092027 18.757547 -11.079916 -63.711799 -23.311550 14.728929 -20.325729 7.194614 46.753478 -13.977204 -14.979778 38.905459 -24.437264 -15.180413 7.437539 -67.063446 
1.663990 -8.981829 101.288452 177.631293 -0.823551 84.629775 4.599250 3.571163 9.543258 -2.221458 -6.856978 -5.984732 -0.617026 12.791795 -3.042422 nan nan nan -4.329728 -4.829315 10.616606 2.157482 4.632903 -6.148487 9.753305 -8.326469 -0.517028 nan nan nan -0.974664 2.252474 4.415093 0.588450 -3.850000 -7.682959 1.065477 0.281540 4.673162 -0.670016 -0.139507 8.957422 3.702703 -2.769846 8.555186 21.072598 -14.533610 -18.497639 -7.914311 -43.944751 -12.890421 14.809792 -38.032731 -20.113652 18.719088 -10.890917 -63.935473 -22.892528 14.804910 -20.009600 8.356565 46.676617 -13.099078 -15.570380 39.577512 -24.688069 -15.169642 7.286679 -66.988546 
1.666914 -9.032325 101.274002 177.585987 -0.839282 84.686577 4.560807 3.469716 9.482059 -2.231859 -6.739045 -5.999991 -0.502722 12.693440 -2.970439 nan nan nan -4.352912 -4.812800 10.543691 2.166161 4.547501 -6.131568 9.723702 -8.235056 -0.446351 nan nan nan -1.070382 2.292805 4.298514 0.636765 -3.828807 -7.531535 1.095605 0.275541 4.632747 -0.489823 -0.317533 8.704921 3.686955 -2.883377 8.721378 20.553945 -14.534853 -18.072902 -8.981517 -43.940512 -12.225763 15.247212 -39.027809 -20.009032 18.665765 -10.920547 -64.023198 -22.497119 14.919367 -19.641478 9.478462 46.647246 -12.223464 -16.375634 39.987394 -24.869118 -15.146640 7.207408 -66.778094 
1.673482 -9.077735 101.266518 177.542161 -0.872828 84.747877 4.492272 3.384423 9.422493 -2.204172 -6.636506 -6.052488 -0.275193 12.608882 -2.968505 nan nan nan -4.387842 -4.779139 10.462175 2.168371 4.509462 -6.128674 9.707198 -8.165867 -0.406646 nan nan nan -1.187724 2.310571 4.185741 0.697741 -3.794249 -7.407795 1.146410 0.231419 4.622575 -0.361054 -0.353034 8.455132 3.669742 -2.923221 8.835422 19.863521 -14.496917 -17.684404 -9.891449 -43.905050 -11.440836 15.609594 -40.239779 -20.030424 18.944864 -10.535794 -64.298610 -21.890746 15.026245 -19.354826 10.312739 46.723820 -11.377541 -16.831465 40.455823 -24.976389 -15.148192 6.962127 -66.384755 
1.681410 -9.116706 101.261627 177.534449 -0.899071 84.761165 4.462601 3.290812 9.422436 -2.222128 -6.534747 -6.126287 -0.110619 12.550867 -2.930726 nan nan nan -4.419889 -4.792797 10.437115 2.164156 4.432088 -6.142150 9.688902 -8.113026 -0.426920 nan nan nan -1.271613 2.284183 4.140533 0.735860 -3.772323 -7.296601 1.190396 0.206081 4.695668 -0.340700 -0.253680 8.021310 3.782892 -2.871008 8.815904 19.208123 -14.309174 -17.475790 -10.877791 -43.929908 -10.442254 15.884239 -41.576455 -20.564295 19.536514 -9.740411 -64.831258 -21.209381 14.927342 -19.250354 10.984459 46.815047 -10.495388 -16.789609 41.242761 -25.187425 -15.055824 6.801318 -66.055907 
1.682387 -9.148550 101.256409 177.558849 -0.891305 84.739790 4.475452 3.240111 9.445078 -2.261596 -6.468985 -6.180128 -0.163978 12.500318 -2.898557 nan nan nan -4.447672 -4.861484 10.442614 2.205081 4.291122 -6.122117 9.585628 -8.018451 -0.427026 nan nan nan -1.258482 2.248421 4.152422 0.743924 -3.777640 -7.144745 1.264195 0.138723 4.537958 -0.355052 -0.893119 7.996984 3.864917 -3.147349 8.899196 18.551442 -14.309051 -17.104901 -12.064454 -43.681950 -9.530613 16.394146 -42.765517 -21.138805 19.531246 -9.446762 -65.300990 -20.806077 15.072137 -18.994958 11.929100 46.674897 -9.744785 -16.837885 42.043662 -25.322601 -14.669973 6.998030 -65.935112 
1.684383 -9.178608 101.253830 177.542926 -0.877116 84.741064 4.498947 3.264606 9.425605 -2.302075 -6.347441 -6.183907 -0.393835 12.432193 -2.897486 nan nan nan -4.462978 -4.877752 10.401236 2.271939 4.126035 -6.060097 9.535883 -7.811232 -0.394194 nan nan nan -1.203092 2.239089 4.188519 0.728853 -3.739992 -7.020695 1.259992 0.067751 4.371867 -0.514421 -0.970237 7.730506 3.885130 -3.267569 8.843530 18.008545 -14.327881 -16.579645 -13.364514 -43.452445 -8.656388 17.354423 -43.763963 -21.513944 19.342365 -9.320357 -66.104172 -20.341737 15.104791 -18.731327 13.323132 46.727303 -8.904093 -17.330793 42.619393 -25.145510 -14.201979 7.231542 -65.915985 
1.692680 -9.208261 101.247475 177.517284 -0.885157 84.727316 4.520479 3.263688 9.416728 -2.360462 -6.218677 -6.175166 -0.472027 12.358443 -2.872553 nan nan nan -4.487679 -4.836986 10.380221 2.327639 4.010152 -6.031939 9.547966 -7.649638 -0.342815 nan nan nan -1.204378 2.228934 4.275881 0.748593 -3.671068 -6.927996 1.262973 -0.040354 4.311391 -0.514609 -0.985376 7.366078 3.962562 -3.233991 8.804205 17.409943 -14.239615 -15.917468 -14.424127 -43.279209 -7.885415 18.377942 -44.848125 -22.042638 19.539722 -8.957500 -66.572731 -19.876581 15.006864 -18.533977 14.641224 46.872202 -8.051498 -17.817706 43.148322 -25.081679 -13.949692 7.431570 -65.798221 
1.686612 -9.236382 101.237129 177.506994 -0.885184 84.726496 4.533878 3.195874 9.412385 -2.409921 -6.058564 -6.203282 -0.306318 12.217796 -2.879108 nan nan nan -4.494226 -4.747509 10.374752 2.353507 3.924048 -6.066567 9.469144 -7.586752 -0.327409 nan nan nan -1.248618 2.274886 4.147828 0.772309 -3.609345 -6.710466 1.273886 -0.091155 4.161465 -0.300409 -1.021099 7.471976 4.016946 -3.044788 9.037631 16.597967 -14.588303 -15.207888 -15.216223 -43.083016 -7.248268 19.069593 -45.747218 -22.749567 19.693675 -8.956025 -66.336273 -19.216866 15.259013 -18.109229 15.492058 46.520418 -7.257952 -18.172517 43.855137 -25.342201 -13.986608 7.533968 -65.615149 
1.674531 -9.274711 101.224022 177.516687 -0.869961 84.725106 4.519337 3.187266 9.351229 -2.382831 -5.901985 -6.167974 -0.195118 12.024983 -2.919713 nan nan nan -4.495666 -4.726069 10.361164 2.384818 3.809864 -6.091368 9.378731 -7.523344 -0.337735 nan nan nan -1.175957 2.249228 4.170389 0.729169 -3.547777 -6.608247 1.238432 -0.129352 4.074341 -0.136090 -1.060274 7.310925 3.961627 -2.865174 9.113316 15.735187 -14.664118 -14.694887 -16.037502 -42.949716 -6.692213 19.435465 -46.830149 -22.931751 19.746974 -9.136636 -65.827207 -18.559037 15.345891 -17.793040 16.313002 46.238065 -6.489272 -18.404597 44.670112 -25.498264 -13.992233 7.428534 -65.457968 
1.665027 -9.304960 101.217773 177.523621 -0.856589 84.722103 4.468989 3.180172 9.271954 -2.299866 -5.772120 -6.097217 -0.175243 11.925395 -2.934793 nan nan nan -4.484160 -4.748194 10.320362 2.384946 3.684132 -6.056824 9.351385 -7.446817 -0.309700 nan nan nan -1.092697 2.205805 4.246725 0.686853 -3.545649 -6.554007 1.186518 -0.096437 3.982670 -0.090885 -1.095831 7.126626 3.985283 -2.780966 9.038855 14.970155 -14.700689 -14.308888 -16.973176 -42.702520 -5.895454 19.796321 -47.949366 -23.004556 19.994326 -9.015869 -65.318282 -17.829033 15.427810 -17.512732 17.146545 45.915296 -5.667199 -18.676018 45.596618 -25.460584 -13.933755 7.216461 -65.349669 
1.662048 -9.325963 101.214355 177.519695 -0.864868 84.718991 4.404538 3.124051 9.238098 -2.229010 -5.643279 -6.088706 0.058770 11.838147 -2.891821 nan nan nan -4.487428 -4.767919 10.272575 2.373188 3.571840 -6.003329 9.336337 -7.308015 -0.310684 nan nan nan -1.086442 2.176895 4.305626 0.663421 -3.539982 -6.446919 1.155632 -0.041720 3.827962 -0.042160 -1.177133 7.044905 4.096291 -2.668784 8.854537 14.299463 -14.717839 -13.964490 -18.084067 -42.483624 -5.007746 20.204383 -48.968644 -23.059165 20.198596 -8.754540 -65.010249 -17.152768 15.527367 -17.117671 18.108361 45.529535 -4.895190 -19.134102 46.476017 -25.414869 -13.855010 7.185476 -65.150241 
1.665876 -9.349541 101.205185 177.510481 -0.878230 84.729954 4.372158 3.030950 9.208348 -2.239688 -5.469436 -6.101446 0.233160 11.740141 -2.858934 nan nan nan -4.501606 -4.787507 10.228649 2.378544 3.399884 -5.972944 9.324379 -7.097963 -0.312856 nan nan nan -1.119963 2.169478 4.354264 0.655676 -3.543676 -6.353496 1.152784 -0.022556 3.682420 0.036254 -1.194988 6.970213 4.230581 -2.579940 8.703276 13.651727 -14.710955 -13.548639 -19.350900 -42.289201 -4.118507 20.977332 -49.960813 -23.396345 20.162231 -8.487066 -64.769832 -16.506895 15.557810 -16.665400 19.090259 45.260193 -4.238336 -19.494258 47.284584 -25.219136 -13.805882 7.195013 -65.065663 
1.679438 -9.372811 101.191681 177.460223 -0.881648 84.724090 4.402314 2.985282 9.223480 -2.326470 -5.276145 -6.123246 0.244817 11.623112 -2.890126 nan nan nan -4.514985 -4.789578 10.216863 2.388687 3.231779 -5.950429 9.299648 -6.860610 -0.267519 nan nan nan -1.111025 2.167380 4.438374 0.641209 -3.553276 -6.256920 1.140732 -0.022426 3.558733 0.080799 -1.214255 6.690258 4.329643 -2.615412 8.543464 13.052818 -14.594990 -13.121638 -20.712821 -42.101803 -3.241780 21.917405 -50.904040 -23.723924 19.913438 -8.507347 -64.661555 -15.877890 15.493917 -16.299729 20.127651 45.135505 -3.562022 -19.781959 48.047716 -25.068381 -13.627038 7.207370 -65.098630 
1.700059 -9.399078 101.184761 177.416754 -0.889764 84.729336 4.412825 2.940165 9.226189 -2.369258 -5.125604 -6.150131 0.360091 11.503584 -2.947351 nan nan nan -4.517921 -4.784300 10.174201 2.370610 3.101214 -5.899312 9.243902 -6.708565 -0.242387 nan nan nan -1.132512 2.159502 4.535032 0.645625 -3.565645 -6.206577 1.160294 -0.021015 3.440957 0.061389 -1.357864 6.308940 4.422318 -2.705823 8.386192 12.461792 -14.426497 -12.770883 -22.060699 -41.843902 -2.345984 22.540286 -51.877305 -23.822186 19.858110 -8.550919 -64.581575 -15.341509 15.463573 -16.014246 21.328580 44.885340 -2.647902 -20.290790 48.826777 -25.226920 -13.359910 7.251592 -64.962644 
1.703565 -9.420154 101.180702 177.418823 -0.892630 84.740575 4.419328 2.872463 9.215964 -2.416353 -5.029518 -6.181656 0.394076 11.408052 -2.960115 nan nan nan -4.531714 -4.780799 10.150296 2.404551 2.917451 -5.884501 9.163208 -6.614242 -0.276594 nan nan nan -1.137610 2.138220 4.640501 0.644219 -3.571694 -6.174204 1.208818 -0.069369 3.300735 0.021709 -1.468394 6.014047 4.451335 -2.719167 8.367157 11.791811 -14.336227 -12.405915 -23.278194 -41.390785 -1.393399 23.173364 -52.996591 -24.142004 20.036399 -8.330493 -64.548609 -14.784812 15.484496 -15.790410 22.539845 44.578738 -1.596580 -20.820125 49.622936 -25.516327 -13.313708 7.193448 -64.694471 
1.692757 -9.441227 101.173714 177.432544 -0.915505 84.751285 4.392596 2.813368 9.188477 -2.457309 -4.896216 -6.184066 0.353278 11.312760 -2.956779 nan nan nan -4.576790 -4.759664 10.137355 2.460347 2.714077 -5.882043 9.131014 -6.489000 -0.281793 nan nan nan -1.088501 2.092603 4.725672 0.587708 -3.568269 -6.126971 1.224290 -0.166516 3.154644 -0.000346 -1.479061 5.830772 4.384942 -2.632833 8.398205 11.065880 -14.274571 -12.028050 -24.458883 -40.878835 -0.480441 23.825782 -54.074052 -24.507209 20.136086 -8.220555 -64.515566 -14.178205 15.573368 -15.501028 23.745795 44.319085 -0.576564 -21.407272 50.318317 -25.930984 -13.599101 6.927890 -64.363201 
1.692352 -9.460476 101.169357 177.417990 -0.946406 84.791600 4.361801 2.776086 9.140964 -2.477058 -4.732507 -6.190676 0.349756 11.198747 -2.953855 nan nan nan -4.618707 -4.739175 10.091796 2.486836 2.529264 -5.860688 9.135154 -6.321442 -0.207966 nan nan nan -1.074347 2.057807 4.725082 0.533855 -3.555397 -6.048905 1.200914 -0.227048 3.049444 0.064590 -1.426949 5.634295 4.340278 -2.565277 8.380266 10.390082 -14.146655 -11.689252 -25.680868 -40.468098 0.355956 24.308231 -55.126445 -24.525388 20.135979 -8.176933 -64.536849 -13.537492 15.614289 -15.108770 25.168133 44.063364 0.410540 -22.297578 50.923865 -26.262965 -13.757036 6.596798 -64.148052 
1.695720 -9.479003 101.161346 177.397036 -0.926382 84.841196 4.374849 2.720108 9.082783 -2.479976 -4.621647 -6.190581 0.364118 11.119429 -2.953110 nan nan nan -4.595250 -4.712615 10.016403 2.510225 2.399211 -5.816356 9.129367 -6.208317 -0.190966 nan nan nan -1.058152 2.071042 4.695138 0.533926 -3.519597 -5.934518 1.163835 -0.242398 2.975758 0.173666 -1.368658 5.375779 4.306792 -2.572273 8.352913 9.747085 -14.053691 -11.322089 -26.758703 -40.130065 1.116372 24.624200 -56.144913 -24.279150 20.170444 -7.997811 -64.742164 -12.925507 15.547397 -14.748494 26.602432 43.665192 1.445325 -23.200000 51.598868 -26.413184 -13.968382 6.308389 -64.403959 
1.699300 -9.486535 101.152863 177.383651 -0.906879 84.840553 4.401733 2.694977 9.075298 -2.505221 -4.511241 -6.186518 0.382560 11.056180 -2.936825 nan nan nan -4.582337 -4.697951 10.007310 2.541445 2.308491 -5.783237 9.123543 -6.108230 -0.235075 nan nan nan -1.032906 2.088785 4.720640 0.537682 -3.487118 -5.788970 1.131857 -0.253921 2.888390 0.223046 -1.412455 5.100858 4.291194 -2.557045 8.337205 9.072941 -13.997765 -10.930593 -27.743286 -39.740396 1.903180 24.962004 -57.085848 -24.348978 20.469287 -7.778987 -64.899844 -12.359197 15.471890 -14.437318 27.877978 43.166481 2.497945 -23.891056 52.450406 -26.733766 -13.983649 6.147338 -64.781426 
1.702422 -9.496493 101.134491 177.379631 -0.907037 84.828497 4.401547 2.664165 9.068534 -2.515468 -4.377799 -6.188006 0.475425 10.931967 -2.890911 nan nan nan -4.590439 -4.690029 10.023212 2.542433 2.202151 -5.778924 9.112763 -5.979948 -0.275930 nan nan nan -0.991771 2.075942 4.770626 0.546072 -3.462417 -5.582137 1.075179 -0.258152 2.728234 0.185573 -1.492073 4.836232 4.270626 -2.496377 8.256537 8.373908 -13.954583 -10.534379 -28.744360 -39.300642 2.652915 25.426368 -57.904269 -24.514944 20.646865 -7.885324 -64.857680 -11.834517 15.361661 -14.202690 29.269274 42.695458 3.547902 -24.428702 53.254701 -26.738219 -13.435758 6.464360 -64.559812 
1.701780 -9.512867 101.119255 177.355763 -0.893301 84.825290 4.420582 2.612179 9.075302 -2.531587 -4.233476 -6.217503 0.747795 10.762957 -2.885890 nan nan nan -4.583857 -4.662442 10.005237 2.562541 2.068258 -5.755233 9.054156 -5.832535 -0.255416 nan nan nan -0.950424 2.070753 4.797869 0.561776 -3.418061 -5.372026 1.059072 -0.323697 2.614785 0.153690 -1.484485 4.536204 4.196883 -2.457836 8.120820 7.627006 -13.738131 -10.156324 -29.763833 -38.952090 3.271783 25.781388 -58.777975 -24.655460 20.350500 -8.007795 -64.618398 -11.186242 15.225739 -13.935407 30.523700 42.362251 4.435352 -24.870887 53.986455 -26.659349 -12.929803 6.846368 -64.078999 
1.704261 -9.532514 101.107872 177.319318 -0.909059 84.853129 4.400512 2.593220 9.042335 -2.541431 -4.107745 -6.229049 0.969814 10.637352 -2.911432 nan nan nan -4.630903 -4.698557 9.932324 2.591252 1.996082 -5.687016 9.053068 -5.652948 -0.228867 nan nan nan -0.948814 2.044752 4.788122 0.535875 -3.413118 -5.320423 1.104492 -0.343763 2.692637 -0.027120 -1.529545 4.211264 4.244486 -2.433383 8.060559 6.902341 -13.307114 -9.977920 -31.100247 -38.807737 3.932854 25.902599 -59.560645 -25.013673 21.471469 -6.930546 -63.372269 -10.506217 15.115174 -13.681722 31.672596 42.031707 5.180651 -25.313560 54.698113 -26.858143 -12.937278 6.536718 -63.499670 
1.714643 -9.549563 101.092270 177.281691 -0.945053 84.923500 4.362874 2.538499 8.956668 -2.585316 -3.924960 -6.214327 1.002807 10.548956 -2.928772 nan nan nan -4.667747 -4.675646 9.817898 2.603026 1.848377 -5.606694 9.002124 -5.474528 -0.263779 nan nan nan -0.978546 1.953459 4.742655 0.506714 -3.428724 -5.298541 1.096275 -0.300975 2.769376 -0.137594 -1.486840 3.909576 4.320712 -2.536615 8.035877 6.274593 -12.877371 -9.649735 -32.380158 -38.571795 4.632058 26.197555 -60.316345 -25.137691 22.040594 -6.558757 -62.931904 -9.790679 14.971861 -13.283352 32.895997 41.771635 5.982900 -25.893736 55.335959 -26.927084 -13.098318 6.195357 -63.082856 
1.725416 -9.548870 101.082428 177.269518 -0.967206 84.982300 4.346851 2.476528 8.900551 -2.631393 -3.770054 -6.217897 1.054340 10.447192 -2.926660 nan nan nan -4.682751 -4.643727 9.738577 2.616976 1.628177 -5.560292 8.904471 -5.345648 -0.300636 nan nan nan -0.997626 1.854651 4.757270 0.496395 -3.446767 -5.214913 1.019433 -0.263787 2.706753 -0.058571 -1.415559 3.569913 4.312503 -2.631280 7.999871 5.699509 -12.611933 -9.169543 -33.477421 -38.098726 5.343390 26.866387 -61.092951 -24.992546 21.592485 -6.808048 -63.112145 -9.055481 14.833633 -12.813470 34.175170 41.429375 6.845102 -26.578742 56.001026 -26.698067 -12.961636 6.137354 -62.393809 
1.737447 -9.539461 101.079735 177.284184 -0.978364 85.021038 4.333013 2.389306 8.851894 -2.650361 -3.555484 -6.207294 0.961540 10.331210 -2.932440 nan nan nan -4.692940 -4.615281 9.695487 2.637724 1.424910 -5.547315 8.889170 -5.216451 -0.343654 nan nan nan -0.986976 1.702482 4.900888 0.493499 -3.471649 -5.082292 0.877597 -0.221377 2.411956 0.116960 -1.304149 3.207660 4.273225 -2.697468 8.075878 5.153936 -12.338327 -8.637242 -34.546825 -37.534934 6.054745 27.582168 -61.877380 -24.770460 20.520426 -7.547975 -63.757452 -8.244779 14.760913 -12.217646 35.470113 41.047496 7.694823 -27.510983 56.609072 -26.797386 -12.413693 6.247916 -61.759021 
1.744676 -9.531367 101.069435 177.264256 -0.960339 85.036924 4.359231 2.298856 8.843822 -2.684086 -3.301986 -6.212668 0.859692 10.186624 -2.947158 nan nan nan -4.688183 -4.546854 9.688699 2.693111 1.252900 -5.566046 8.887283 -5.085993 -0.304030 nan nan nan -1.010492 1.687008 4.855194 0.549214 -3.408728 -4.844199 0.828771 -0.267941 2.282523 0.201736 -1.235262 3.047042 4.194197 -2.776578 7.972104 4.402830 -12.235496 -8.037772 -35.356059 -37.087837 6.624384 28.289970 -62.517415 -24.989850 19.757273 -8.306992 -64.158498 -7.396336 14.694156 -11.588335 36.319084 40.598134 8.229590 -28.044875 57.242689 -26.973415 -12.212597 6.547721 -62.059973 
1.756967 -9.521044 101.061142 177.223229 -0.955084 85.123474 4.366617 2.260818 8.755067 -2.700675 -3.120701 -6.198891 0.872389 10.073255 -2.960252 nan nan nan -4.670728 -4.505227 9.567567 2.726898 1.094503 -5.515751 8.835281 -4.931169 -0.246993 nan nan nan -1.026072 1.649033 4.853694 0.559455 -3.336277 -4.855042 0.819066 -0.257689 2.206252 0.182494 -1.235613 2.943041 4.191602 -2.761181 7.894847 3.604381 -12.056431 -7.520627 -36.258614 -36.689222 7.228162 28.636611 -63.127517 -24.955206 19.677990 -8.453488 -64.099450 -6.574382 14.555778 -11.049429 37.291575 40.029587 8.827787 -28.186688 57.980795 -26.632961 -12.329149 6.947133 -62.712786 
1.759645 -9.520741 101.043869 177.201312 -0.944618 85.149772 4.387044 2.243941 8.708900 -2.731900 -3.035944 -6.176184 0.927396 9.994392 -2.983377 nan nan nan -4.660911 -4.503935 9.502114 2.732933 0.978907 -5.466835 8.832169 -4.738130 -0.258894 nan nan nan -1.061744 1.670809 4.774851 0.608712 -3.335900 -4.703345 0.832704 -0.216585 2.218882 0.156968 -1.263880 2.775932 4.163855 -2.744013 7.782243 2.802264 -11.992851 -7.148237 -37.114331 -36.231619 7.813524 28.782895 -63.649029 -24.900015 20.065191 -8.202353 -63.976913 -5.789534 14.513386 -10.628118 38.157909 39.348576 9.401176 -28.455213 58.609830 -26.368395 -12.386971 7.260244 -62.817200 
1.757178 -9.507323 101.028732 177.201157 -0.946814 85.149280 4.379388 2.277440 8.680052 -2.728884 -2.977934 -6.148276 1.026142 9.918756 -3.005082 nan nan nan -4.666378 -4.520024 9.489242 2.714172 0.872555 -5.450728 8.886802 -4.593243 -0.313585 nan nan nan -1.018882 1.585729 5.140516 0.542662 -3.276785 -4.766918 0.857762 -0.250132 1.868358 0.147675 -1.368313 2.472236 4.105986 -2.640930 7.945638 2.156212 -11.548502 -6.945871 -38.283949 -35.690009 8.492547 28.122456 -64.412585 -24.050333 20.266577 -8.046687 -64.228066 -5.222483 14.297300 -10.416281 39.710102 38.668152 10.512660 -29.052044 59.056366 -26.901825 -12.390715 7.229348 -62.638009 
1.754448 -9.489772 101.016655 177.194493 -0.953826 85.149408 4.360587 2.227947 8.697590 -2.742174 -2.875956 -6.174278 1.121664 9.883733 -3.009817 nan nan nan -4.692547 -4.512769 9.527722 2.742614 0.765074 -5.500965 8.868014 -4.496141 -0.301382 nan nan nan -1.087320 1.782900 4.959483 0.562204 -3.184647 -4.599266 0.954970 -0.344120 2.058904 -0.050603 -1.563655 2.501568 4.223635 -2.633570 7.534122 1.345667 -11.705726 -6.617253 -39.078123 -35.142932 9.083588 28.343666 -64.939839 -24.610563 20.281131 -7.774675 -63.916667 -4.640532 14.250331 -10.110627 40.676393 37.710182 11.123608 -30.128315 59.533737 -28.034539 -12.076690 7.157973 -61.684947 
1.761048 -9.473633 100.992393 177.132256 -1.015967 85.160288 4.303923 2.176374 8.731687 -2.772045 -2.726731 -6.224222 1.270684 9.810114 -3.016867 nan nan nan -4.774926 -4.473646 9.534837 2.774493 0.636648 -5.515622 8.795544 -4.360055 -0.297467 nan nan nan -1.095361 1.769781 4.982968 0.557986 -3.203645 -4.417555 0.820171 -0.261946 1.944524 -0.102270 -1.545024 2.256884 4.285100 -2.649642 7.458470 0.709751 -11.424736 -6.328982 -39.946810 -34.573333 9.741581 28.496623 -65.689597 -25.129112 20.414613 -7.449019 -63.824018 -3.947776 14.128556 -9.672800 41.876195 36.996059 11.950424 -31.235152 60.048398 -28.955821 -11.741919 7.167856 -60.799003 
1.771608 -9.451197 100.991821 177.082158 -1.059497 85.304617 4.268694 2.111529 8.605641 -2.814645 -2.541579 -6.220825 1.521505 9.660050 -3.046969 nan nan nan -4.806171 -4.402244 9.378410 2.796188 0.492040 -5.481258 8.729260 -4.234658 -0.288253 nan nan nan -1.164417 1.766277 4.916280 0.549551 -3.151987 -4.505088 0.783186 -0.249663 1.937896 -0.058502 -1.527181 2.161524 4.244091 -2.628864 7.392758 -0.073822 -11.157712 -5.859665 -40.644015 -34.028753 10.216338 28.441059 -66.341849 -25.259422 20.084014 -7.710221 -63.416264 -3.099765 13.904110 -9.151010 42.974695 36.287328 12.711830 -31.991614 60.628611 -29.404152 -11.726834 7.137919 -60.122708 
1.782150 -9.445850 100.962517 177.072864 -1.090230 85.239106 4.257404 2.076756 8.676256 -2.851285 -2.365791 -6.208836 1.540508 9.468366 -3.104195 nan nan nan -4.860977 -4.359367 9.466775 2.827351 0.342030 -5.508085 8.697613 -4.009136 -0.300841 nan nan nan -1.221687 1.750133 4.974879 0.648943 -3.215442 -4.046814 0.630905 -0.128191 1.678062 0.160819 -1.287775 1.762238 4.006995 -2.851833 7.332532 -0.837643 -10.871795 -5.485867 -41.111876 -33.606302 10.462971 28.146301 -66.811400 -24.824226 19.376172 -8.510025 -62.962615 -2.140042 13.613852 -8.777416 43.818500 35.728040 13.366442 -32.364391 61.179212 -29.494643 -11.624561 7.255388 -59.472197 
1.794390 -9.420253 100.965256 177.035544 -1.087126 85.282713 4.250596 2.058031 8.647341 -2.850167 -2.241508 -6.206452 1.540290 9.369020 -3.156543 nan nan nan -4.855933 -4.371567 9.419653 2.828701 0.209102 -5.487512 8.685041 -3.820206 -0.320090 nan nan nan -1.237025 1.804329 5.035295 0.661523 -3.134936 -4.082189 0.617174 -0.085153 1.637582 0.074308 -1.321489 1.629473 4.029443 -2.884625 7.215656 -1.566578 -10.693947 -5.013784 -42.018764 -33.172398 10.880978 28.163117 -67.182232 -24.600151 18.924155 -8.854036 -62.856978 -1.355400 13.293416 -8.444060 44.796794 34.818434 14.013903 -32.652470 61.851125 -29.362149 -11.291313 7.444788 -59.083491 
1.810714 -9.410719 100.969635 177.009237 -1.073702 85.296255 4.269524 2.063886 8.643791 -2.849711 -2.167429 -6.206454 1.652892 9.294680 -3.201230 nan nan nan -4.828650 -4.411184 9.387270 2.816594 0.078855 -5.411238 8.632297 -3.702084 -0.374762 nan nan nan -1.257714 1.949113 5.135452 0.654311 -2.959150 -4.138296 0.658455 -0.180550 1.661794 -0.101452 -1.424806 1.353414 4.172440 -2.940594 7.249308 -2.142557 -10.575557 -4.584456 -43.203961 -32.786251 11.452605 28.375881 -67.543762 -24.465612 19.101042 -8.611720 -62.860507 -0.774444 12.902358 -8.130909 45.826000 33.852242 14.490402 -33.070423 62.518204 -29.318962 -11.173988 7.465387 -59.109351 
1.822045 -9.409180 100.969063 176.983940 -1.101950 85.346651 4.226446 2.055188 8.591871 -2.842721 -2.133434 -6.178306 1.774825 9.248602 -3.257832 nan nan nan -4.872347 -4.415247 9.321662 2.852166 -0.005732 -5.360070 8.619871 -3.615926 -0.421201 nan nan nan -1.229437 1.895107 5.170443 0.612073 -2.995793 -4.170973 0.560059 -0.099381 1.748875 -0.191094 -1.316383 1.058569 4.292294 -3.000021 7.194205 -2.643256 -10.242426 -4.249969 -44.151231 -32.238289 11.929628 28.272693 -68.068503 -23.721513 19.425240 -8.372591 -62.812494 -0.098973 12.642165 -7.674865 46.808074 33.175590 14.932931 -33.409715 62.995007 -29.007279 -11.175146 7.471679 -59.052205 
1.833466 -9.387110 100.969948 176.924904 -1.223779 85.436294 4.065928 2.098390 8.509635 -2.800628 -2.082910 -6.137132 1.792947 9.202268 -3.303382 nan nan nan -5.026369 -4.403089 9.189442 2.895496 -0.132357 -5.276257 8.642374 -3.408735 -0.424530 nan nan nan -0.912744 1.053353 5.460488 0.429124 -3.575977 -4.429252 -0.125011 0.785754 1.611696 0.029092 -0.719416 0.735692 4.419839 -2.963282 7.251767 -2.895010 -9.113535 -4.244729 -44.753717 -31.282890 12.249474 27.044323 -69.009103 -21.791243 19.443895 -8.341116 -63.114313 0.970211 12.664831 -6.913737 48.221298 32.938816 15.783228 -33.771902 63.188021 -28.529100 -11.059340 7.478782 -58.619971 
1.820168 -9.401100 100.932823 176.967146 -1.150783 85.341262 4.145476 2.014682 8.578768 -2.814917 -1.931030 -6.119298 1.865387 9.060863 -3.300922 nan nan nan -4.992350 -4.393179 9.308493 2.953346 -0.237555 -5.281543 8.640673 -3.331425 -0.455449 nan nan nan -1.290945 1.689189 5.321102 0.695624 -3.156459 -3.766884 0.442518 0.279146 1.615989 -0.179561 -1.024247 0.286761 4.216290 -3.066889 6.847657 -3.879980 -9.400085 -3.784556 -45.851902 -31.253634 12.848384 27.620600 -68.864482 -22.081861 19.347412 -8.384653 -62.747124 1.360126 12.145155 -6.645896 48.152268 31.851812 15.730589 -34.369192 64.031625 -28.809689 -10.840759 7.424900 -58.609292 
1.814727 -9.396860 100.911789 176.956055 -1.139896 85.374113 4.158583 1.995869 8.535013 -2.836050 -1.840746 -6.122257 1.807057 8.981398 -3.287503 nan nan nan -4.994185 -4.359444 9.255729 2.978756 -0.349667 -5.247069 8.653856 -3.272697 -0.515132 nan nan nan -1.317348 1.722086 5.299423 0.719038 -3.040360 -3.501070 0.526603 0.262604 1.529641 -0.330601 -1.073978 -0.031473 4.103263 -2.995876 6.689949 -4.657880 -9.215869 -3.469576 -46.642557 -30.710558 13.220005 27.528845 -69.136098 -21.670155 19.158181 -8.504344 -62.622456 2.031666 11.950816 -6.085973 48.563892 31.000938 15.851114 -34.744580 64.617410 -28.874840 -10.678404 7.471659 -58.497803 
1.808603 -9.380655 100.894958 176.918409 -1.139902 85.395344 4.162475 2.006798 8.549415 -2.867704 -1.828026 -6.182944 1.750234 8.982123 -3.285286 nan nan nan -5.032956 -4.300524 9.243920 3.056854 -0.413381 -5.269685 8.577957 -3.232848 -0.547127 nan nan nan -1.243848 1.748934 5.308020 0.647234 -2.957382 -3.315233 0.559173 0.208542 1.417300 -0.533875 -1.188138 -0.172456 4.012664 -2.852177 6.498931 -5.360440 -8.987158 -3.112799 -47.289819 -30.046370 13.541798 27.167014 -69.558339 -21.281174 19.133386 -8.359339 -62.497629 2.664609 11.832794 -5.575190 49.095748 30.144331 16.069086 -34.844342 65.037514 -28.896853 -10.635028 7.568064 -58.173493 
1.809294 -9.366448 100.873932 176.874661 -1.144647 85.435157 4.133213 2.000572 8.517995 -2.838528 -1.783233 -6.186382 1.971387 8.972685 -3.318732 nan nan nan -5.059038 -4.252935 9.198209 3.107976 -0.452673 -5.262002 8.514760 -3.193819 -0.579749 nan nan nan -1.260029 1.791921 5.303016 0.627733 -2.868054 -3.249089 0.604973 0.145814 1.377217 -0.648317 -1.307906 -0.293019 3.953751 -2.753558 6.475377 -5.909714 -8.646657 -2.661831 -48.110447 -29.545428 13.879928 26.615564 -69.869089 -20.699735 19.203301 -8.143981 -62.630252 3.298474 11.596040 -5.167332 49.715793 29.347351 16.400910 -34.723837 65.276535 -28.685565 -10.607897 7.789825 -57.880430 
1.816359 -9.345755 100.857384 176.875234 -1.117065 85.466677 4.132827 1.865541 8.497098 -2.817975 -1.664918 -6.179701 2.216443 8.959172 -3.341083 nan nan nan -5.008408 -4.209087 9.188103 3.089241 -0.475817 -5.262192 8.507168 -3.193569 -0.614393 nan nan nan -1.322644 1.872847 5.260775 0.682537 -2.816894 -3.158767 0.654795 0.120862 1.391895 -0.653694 -1.287104 -0.455775 3.860769 -2.849981 6.541401 -6.516658 -8.351421 -2.169910 -48.694830 -29.158938 14.151736 25.736701 -70.061473 -19.928116 19.209029 -8.487058 -62.267010 4.126291 11.237675 -4.869821 50.115333 28.492130 16.771424 -34.560220 65.574219 -28.370345 -10.515772 8.031591 -57.457249 
1.823661 -9.310475 100.844147 176.871131 -1.078264 85.480695 4.174011 1.693068 8.548693 -2.863055 -1.578363 -6.245754 2.351636 8.987446 -3.363806 nan nan nan -4.955057 -4.197445 9.221233 3.083495 -0.485786 -5.291091 8.434256 -3.213917 -0.651809 nan nan nan -1.298337 1.915342 5.220538 0.699259 -2.778503 -2.996166 0.658522 0.141436 1.363971 -0.710016 -1.264253 -0.580593 3.777641 -2.858218 6.574357 -7.182440 -8.126180 -1.713558 -49.194148 -28.699489 14.408291 24.971368 -70.282799 -19.295962 19.318719 -8.706015 -62.010917 4.939060 10.956061 -4.459810 50.422904 27.603557 17.053324 -34.477134 65.963818 -28.217912 -10.528305 8.205952 -57.118937 
1.830736 -9.271172 100.833038 176.855333 -1.070707 85.493171 4.200082 1.675892 8.586421 -2.912980 -1.566916 -6.285580 2.410547 8.983459 -3.387238 nan nan nan -4.938138 -4.173811 9.245222 3.084168 -0.495388 -5.304107 8.336289 -3.160911 -0.723671 nan nan nan -1.259798 1.885792 5.263313 0.679702 -2.727425 -2.822929 0.619154 0.188994 1.244349 -0.847479 -1.321524 -0.675260 3.828378 -2.770790 6.426970 -7.812822 -7.972766 -1.288434 -49.656476 -27.968478 14.666579 24.750712 -70.663612 -18.910684 19.486336 -8.546675 -61.881350 5.543556 10.805141 -3.959460 50.968012 26.632058 17.257505 -34.798774 66.306874 -28.473103 -10.616008 8.254310 -57.026432 
1.839645 -9.248146 100.824402 176.857598 -1.075817 85.509840 4.196895 1.663473 8.592863 -2.920527 -1.544972 -6.279921 2.424352 8.946958 -3.415854 nan nan nan -4.940417 -4.113100 9.244522 3.100794 -0.521140 -5.282850 8.199328 -3.151113 -0.783742 nan nan nan -1.220186 1.855661 5.329467 0.676663 -2.670928 -2.558582 0.545426 0.254007 1.044750 -0.987104 -1.398417 -0.883004 3.903432 -2.846583 6.268966 -8.519429 -8.029815 -0.854269 -49.680399 -27.012174 14.707296 24.695141 -71.024634 -18.333225 19.162369 -8.919501 -61.132453 6.101593 10.817158 -3.424645 51.648921 25.436499 17.327822 -36.037112 66.539895 -29.309024 -10.220247 8.363590 -56.376554 
1.835794 -9.225020 100.814758 176.872663 -1.089577 85.496999 4.174993 1.592905 8.633349 -2.921210 -1.488899 -6.285425 2.450589 8.921059 -3.436164 nan nan nan -4.984113 -4.081652 9.279354 3.151630 -0.530421 -5.285869 8.144577 -3.185613 -0.795638 nan nan nan -1.219607 1.927552 5.373491 0.703678 -2.637403 -2.300637 0.540980 0.227591 0.933799 -1.161844 -1.536229 -1.093403 3.927615 -2.840725 6.107036 -9.267546 -8.056907 -0.453797 -49.845483 -26.206958 14.921957 24.643293 -71.443449 -18.567335 19.398093 -8.586558 -60.913831 6.755600 10.761368 -2.983823 51.997521 24.364060 17.486233 -36.830726 66.774663 -30.067449 -9.971137 8.209664 -55.575130 
1.837430 -9.195730 100.799126 176.874974 -1.080978 85.481157 4.206916 1.561413 8.680800 -2.966784 -1.405742 -6.297051 2.490863 8.858433 -3.444931 nan nan nan -4.985819 -4.020558 9.358557 3.177537 -0.546168 -5.332623 8.110867 -3.187433 -0.822439 nan nan nan -1.206118 2.038235 5.359617 0.710431 -2.578628 -1.965728 0.544366 0.138588 0.763073 -1.292366 -1.640551 -1.167755 3.866780 -2.798449 5.997004 -9.978999 -8.087779 0.073796 -49.962571 -25.436383 15.006802 24.744958 -71.676691 -18.510303 19.071032 -8.832112 -60.565367 7.415416 10.717086 -2.511649 52.199238 23.301270 17.554504 -37.374658 67.109594 -30.582441 -9.668957 8.340919 -55.276661 
1.847161 -9.164021 100.784348 176.880917 -1.076851 85.481484 4.260321 1.540759 8.726098 -3.053851 -1.350764 -6.330216 2.516815 8.796850 -3.485459 nan nan nan -4.982915 -3.963788 9.423095 3.214325 -0.619522 -5.367341 8.073248 -3.163717 -0.852634 nan nan nan -1.205456 2.135243 5.315510 0.715307 -2.525464 -1.607960 0.557024 0.048370 0.591497 -1.472048 -1.678818 -1.176675 3.801047 -2.746839 5.758176 -10.690701 -8.101884 0.662185 -50.025773 -24.686070 15.076579 25.128474 -71.834699 -18.861917 18.514486 -9.395305 -60.337740 8.132088 10.633737 -2.043294 52.297973 22.252936 17.654623 -37.646536 67.512182 -30.953732 -9.126526 8.816570 -55.318902 
1.844987 -9.145143 100.767525 176.897625 -1.069239 85.474090 4.274023 1.498149 8.765262 -3.084075 -1.308766 -6.348971 2.572580 8.787592 -3.499620 nan nan nan -4.988476 -3.958712 9.429643 3.239637 -0.671517 -5.304273 8.022687 -3.136657 -0.898378 nan nan nan -1.179282 2.210339 5.324462 0.741201 -2.481105 -1.352887 0.552126 -0.044766 0.524570 -1.618199 -1.729248 -1.236281 3.721350 -2.733377 5.391085 -11.363002 -8.091509 1.152893 -50.183019 -23.986685 15.314404 25.533213 -72.016155 -19.499143 18.641429 -9.304408 -60.358169 8.770091 10.493762 -1.636967 52.518070 21.381405 17.868390 -37.714681 67.535454 -31.040293 -9.337708 8.701103 -54.682793 
1.840603 -9.125586 100.754227 176.966767 -1.059980 85.428084 4.280750 1.481726 8.810688 -3.081753 -1.322877 -6.321595 2.616655 8.745852 -3.534201 nan nan nan -5.003741 -3.985373 9.504055 3.261014 -0.701919 -5.279195 7.984915 -3.106246 -0.953219 nan nan nan -1.165397 2.257699 5.401821 0.776220 -2.485280 -1.094397 0.608342 -0.139273 0.395864 -1.772131 -1.902429 -1.106259 3.582930 -2.440406 4.744784 -12.151220 -8.090562 1.629868 -50.318021 -23.164505 15.459281 25.979092 -72.242117 -20.098449 18.886688 -9.016469 -60.216167 9.314711 10.444296 -1.243776 52.768535 20.429673 18.017202 -37.828395 67.605892 -31.107427 -9.370691 8.811479 -53.996621 
1.839024 -9.091698 100.743599 177.053337 -1.064781 85.380288 4.269709 1.472795 8.848919 -3.066898 -1.320457 -6.265199 2.642542 8.655173 -3.570864 nan nan nan -5.021153 -3.980348 9.630962 3.295422 -0.822837 -5.313303 7.917360 -3.055503 -1.001254 nan nan nan -1.165434 2.260098 5.449130 0.795197 -2.539871 -0.771644 0.679540 -0.216941 0.208748 -1.935331 -1.930357 -0.851356 3.360771 -1.986299 3.942720 -12.986423 -8.066782 2.239018 -50.374844 -22.274797 15.381422 26.621205 -72.395904 -20.719862 18.746202 -9.374566 -59.797699 9.882617 10.421296 -0.759603 53.004586 19.539711 18.034759 -37.823099 67.790414 -31.007528 -9.174683 9.103646 -53.526171 
1.827127 -9.063479 100.730873 177.121379 -1.043342 85.369332 4.284299 1.439820 8.860570 -3.055816 -1.296086 -6.223356 2.649526 8.610117 -3.615319 nan nan nan -5.018128 -3.991320 9.654945 3.344507 -0.931366 -5.257828 7.816431 -2.984243 -1.077341 nan nan nan -1.093286 2.228388 5.460266 0.805762 -2.600888 -0.460787 0.698494 -0.245308 0.049062 -2.170741 -1.964961 -0.788755 3.214701 -1.732902 3.371684 -13.715650 -8.026761 2.856215 -50.484304 -21.418552 15.350406 27.355977 -72.513654 -21.584477 18.693077 -9.639447 -59.343464 10.496274 10.338273 -0.259490 53.225202 18.723355 17.988265 -37.786537 67.960753 -30.949954 -8.796527 9.456895 -53.018723 
1.816111 -9.050170 100.717766 177.149942 -1.019852 85.377992 4.293498 1.411456 8.872566 -3.052750 -1.295255 -6.218950 2.751886 8.607961 -3.643762 nan nan nan -4.979846 -3.993390 9.601480 3.313572 -0.992387 -5.134159 7.724944 -2.951103 -1.152426 nan nan nan -1.036529 2.191905 5.494669 0.847434 -2.615476 -0.205391 0.696026 -0.272502 -0.034509 -2.366642 -2.085025 -1.014792 3.064787 -1.732801 3.091143 -14.411715 -7.850871 3.350645 -50.566124 -20.654306 15.359722 27.583797 -72.737497 -21.896152 18.582158 -9.674620 -59.039580 11.169611 10.201374 0.151731 53.349642 17.923756 18.024159 -37.840977 68.083367 -30.976827 -8.479984 9.850115 -52.502756 
1.820824 -9.040253 100.707260 177.155374 -1.042000 85.405137 4.273401 1.387139 8.866769 -3.069059 -1.329496 -6.207084 2.809258 8.587392 -3.695556 nan nan nan -4.980832 -3.970388 9.547015 3.286961 -1.028474 -5.044237 7.684775 -2.964161 -1.229633 nan nan nan -1.070816 2.158781 5.537641 0.878185 -2.625699 -0.009793 0.693411 -0.316027 -0.047116 -2.486707 -2.146221 -1.357026 2.927376 -1.804942 2.885754 -15.133018 -7.537707 3.806464 -50.572194 -20.026545 15.298193 26.972735 -72.968024 -21.238022 18.704260 -9.900833 -58.826197 11.971657 10.008438 0.518018 53.323118 17.201827 18.087573 -37.471413 68.234973 -30.554089 -8.468250 10.081039 -52.082912 
1.825052 -9.028246 100.695129 177.161997 -1.053818 85.414809 4.275956 1.379406 8.860047 -3.100433 -1.296255 -6.174584 2.776622 8.540150 -3.737284 nan nan nan -5.001883 -3.936581 9.538130 3.312587 -1.022309 -5.001343 7.602215 -3.005694 -1.299307 nan nan nan -1.112152 2.093819 5.585560 0.915434 -2.669556 0.194265 0.675796 -0.326626 -0.061991 -2.604174 -2.184772 -1.720871 2.902438 -1.823159 2.765153 -15.783345 -7.191633 4.237271 -50.683757 -19.483053 15.308796 26.035358 -73.042111 -20.485063 19.117330 -10.161446 -58.902019 12.815552 9.782030 0.869060 53.179295 16.551535 18.142670 -36.919328 68.374672 -29.986040 -8.098021 10.320043 -51.511091 
1.820870 -9.001070 100.675224 177.157406 -1.063784 85.442469 4.282541 1.382679 8.860184 -3.136054 -1.225406 -6.181370 2.740071 8.524785 -3.752043 nan nan nan -5.045074 -3.890044 9.514345 3.368437 -1.003484 -4.953391 7.527397 -3.042876 -1.358461 nan nan nan -1.152348 2.003578 5.545658 0.983245 -2.717495 0.443493 0.675205 -0.339234 -0.056950 -2.733998 -2.083184 -2.056130 2.806422 -1.843036 2.622122 -16.480946 -6.881336 4.577581 -50.689642 -18.793769 15.322353 25.642776 -73.067523 -20.211644 18.715826 -10.398858 -58.856603 13.648722 9.659501 1.272638 52.969462 15.932736 18.227112 -36.730915 68.411806 -29.856929 -7.535944 10.400353 -51.067038 
1.823462 -8.980460 100.651993 177.152664 -1.053807 85.470806 4.318289 1.402018 8.855929 -3.173664 -1.164645 -6.190781 2.737724 8.469440 -3.770997 nan nan nan -5.039644 -3.817934 9.483699 3.395119 -1.052518 -4.908850 7.478586 -3.047527 -1.404900 nan nan nan -1.125084 1.972711 5.535183 1.010332 -2.708600 0.726619 0.695388 -0.452340 -0.135402 -2.806852 -1.843326 -2.343175 2.599155 -1.948484 2.437628 -17.293051 -6.642473 4.969289 -50.557127 -18.061771 15.099008 25.905492 -72.954790 -20.031520 17.225491 -11.028953 -57.975383 14.436851 9.628052 1.771758 52.736250 15.322692 18.186711 -36.257671 68.441809 -29.369903 -7.456120 10.400386 -50.894211 
1.822116 -8.971477 100.639977 177.199631 -1.047941 85.461446 4.347139 1.341821 8.854977 -3.225912 -1.158235 -6.159034 2.756907 8.463076 -3.808569 nan nan nan -5.037417 -3.828312 9.505629 3.416550 -1.070127 -4.914184 7.481724 -3.065089 -1.416814 nan nan nan -1.101677 1.994776 5.658897 1.021245 -2.696748 0.925457 0.764874 -0.564679 -0.281059 -3.011085 -1.890134 -2.544592 2.540499 -1.884948 2.294697 -18.110150 -6.533878 5.437520 -50.498345 -17.325808 15.125615 25.536608 -72.941229 -20.087703 17.486520 -11.155004 -57.638056 15.136259 9.582710 2.201952 52.509907 14.531486 18.165174 -35.799623 68.475968 -29.158787 -7.435470 10.685532 -50.313035 
1.814092 -8.960966 100.632225 177.238314 -1.057304 85.513021 4.339767 1.299835 8.771024 -3.256493 -1.113251 -6.089959 2.748982 8.447098 -3.872910 nan nan nan -5.050890 -3.847506 9.461378 3.435298 -1.107750 -4.912528 7.520907 -3.047218 -1.437646 nan nan nan -1.105956 1.961354 5.733222 1.039194 -2.707167 1.021147 0.787282 -0.603374 -0.376870 -3.133366 -1.927602 -2.698897 2.492923 -1.805024 2.174717 -18.915051 -6.397912 5.925319 -50.410580 -16.582424 15.159221 25.318856 -72.842334 -20.085578 17.573318 -11.484542 -57.550831 15.943982 9.418978 2.605308 52.302906 13.735573 18.132098 -35.483227 68.533788 -28.943261 -7.219960 11.162921 -49.951809 
1.807221 -8.941375 100.626801 177.228353 -1.075328 85.615450 4.337403 1.317380 8.666859 -3.294464 -1.092721 -6.046956 2.747403 8.426197 -3.920603 nan nan nan -5.063287 -3.854546 9.359945 3.425892 -1.123558 -4.901629 7.548666 -3.038702 -1.441329 nan nan nan -1.151575 1.951990 5.734757 1.076782 -2.725499 1.080560 0.787422 -0.601687 -0.443356 -3.203306 -1.905993 -2.794189 2.499474 -1.756067 1.990532 -19.713571 -6.285368 6.433749 -50.275025 -15.824791 15.195387 25.205694 -72.746029 -19.976898 17.745925 -11.541462 -57.263404 16.897173 9.197652 3.028261 52.052205 12.980640 18.008791 -35.119953 68.542663 -28.530450 -7.082906 11.459095 -49.561694 
1.793307 -8.920963 100.618408 177.250693 -1.069474 85.697062 4.348067 1.333142 8.595564 -3.309781 -1.085837 -6.039334 2.746438 8.395483 -3.941797 nan nan nan -5.063334 -3.862485 9.312381 3.445128 -1.110039 -4.936036 7.463344 -3.084216 -1.439127 nan nan nan -1.156123 1.935059 5.738550 1.126130 -2.774517 1.233911 0.767914 -0.595779 -0.594167 -3.278848 -1.929380 -2.945144 2.483883 -1.722051 1.934608 -20.516879 -6.211845 6.966747 -50.130053 -15.127646 15.110432 25.228540 -72.514915 -19.989007 17.879646 -11.756012 -56.533667 17.812624 9.088710 3.471083 51.784026 12.195580 17.836505 -35.002091 68.392496 -28.398746 -6.608785 11.848746 -48.878668 
1.764150 -8.912580 100.606834 177.285863 -1.045162 85.747078 4.356451 1.300212 8.534448 -3.326223 -1.046194 -6.002542 2.786523 8.364711 -3.938264 nan nan nan -5.076762 -3.833172 9.286389 3.512294 -1.152347 -4.946583 7.343583 -3.101747 -1.448320 nan nan nan -1.096914 1.904616 5.786171 1.168938 -2.817423 1.451115 0.704947 -0.617442 -0.756407 -3.278375 -1.959338 -3.274053 2.407075 -1.747766 1.976807 -21.284899 -6.116328 7.426012 -49.973266 -14.508083 14.985373 25.388173 -72.158681 -20.070993 17.589886 -12.311131 -56.030418 18.693437 9.006407 3.931534 51.441931 11.477082 17.691837 -34.950276 68.241728 -28.235133 -6.087065 12.339049 -48.221810 
1.751813 -8.905025 100.604546 177.258406 -1.061113 85.766463 4.322141 1.310386 8.546053 -3.326992 -1.027948 -6.006900 2.873306 8.351079 -3.935256 nan nan nan -5.112805 -3.770656 9.281670 3.542314 -1.195272 -4.954508 7.309917 -3.072676 -1.443362 nan nan nan -1.099051 1.883317 5.894946 1.202980 -2.803064 1.572690 0.652696 -0.624595 -0.809217 -3.220319 -1.889988 -3.691605 2.271781 -1.833684 2.037415 -22.034321 -5.971350 7.805482 -49.716862 -13.983138 14.858283 24.658644 -71.670702 -19.422786 17.259128 -13.110450 -55.643360 19.505054 8.876680 4.339562 51.179287 10.843211 17.689020 -34.736772 68.073682 -28.052821 -6.035500 12.528381 -47.900762 
1.758017 -8.896920 100.598366 177.174946 -1.110578 85.809828 4.281901 1.422981 8.555958 -3.344887 -1.019532 -6.039394 2.945124 8.310539 -3.968039 nan nan nan -5.150622 -3.687387 9.245957 3.535669 -1.184016 -4.968039 7.295237 -3.050551 -1.474010 nan nan nan -1.177809 1.879222 5.947904 1.242661 -2.737496 1.638970 0.613746 -0.634314 -0.788943 -3.152546 -1.767444 -4.081415 2.159685 -1.946649 2.122991 -22.702430 -5.767163 8.185287 -49.488483 -13.532335 14.694980 23.384367 -71.131795 -18.172968 17.075013 -13.931830 -55.152797 20.256212 8.752040 4.743795 51.016695 10.302821 17.721347 -34.249495 67.769513 -27.713042 -6.214499 12.656705 -47.851953 
1.766388 -8.891600 100.575897 177.102389 -1.099089 85.940350 4.324722 1.471973 8.454030 -3.389496 -0.980682 -6.063813 3.028885 8.287272 -4.016446 nan nan nan -5.088184 -3.593707 9.098163 3.499341 -1.184594 -4.954377 7.218416 -3.120137 -1.519454 nan nan nan -1.173407 1.887301 5.870928 1.259254 -2.698680 1.746434 0.563901 -0.647651 -0.822229 -3.152464 -1.689759 -4.306930 2.197981 -2.004281 2.126840 -23.212872 -5.594741 8.612432 -49.446898 -13.064912 14.574012 22.401456 -70.666368 -16.937326 17.041191 -14.267751 -54.900967 20.943643 8.641105 5.231300 50.884505 9.804652 17.599873 -33.488710 67.438773 -26.829162 -6.327109 13.035335 -47.820475 
1.773512 -8.884297 100.557358 177.029035 -1.070809 86.030718 4.369861 1.409018 8.413839 -3.420108 -0.903677 -6.116409 3.089213 8.280561 -4.035555 nan nan nan -5.028353 -3.465425 9.018017 3.500937 -1.228010 -4.979045 7.179070 -3.151889 -1.521129 nan nan nan -1.088994 1.910152 5.872918 1.230487 -2.678903 1.888370 0.506847 -0.656041 -0.949277 -3.197890 -1.585008 -4.534666 2.225974 -2.038542 2.145076 -23.690184 -5.481539 9.033934 -49.476171 -12.601975 14.441475 21.764669 -70.090480 -16.124705 16.888855 -14.776113 -54.426064 21.591891 8.575666 5.753232 50.792386 9.296864 17.455712 -32.866702 67.052944 -26.068952 -6.467640 13.648369 -47.542369 
1.765721 -8.880130 100.545464 176.997902 -1.091229 86.027229 4.353375 1.340042 8.447601 -3.454253 -0.784512 -6.140128 3.079766 8.246648 -4.019738 nan nan nan -5.071397 -3.369393 9.051137 3.542947 -1.252044 -5.021892 7.120577 -3.133573 -1.541182 nan nan nan -1.056148 1.947090 5.994244 1.208677 -2.646235 2.043404 0.494488 -0.702952 -1.110879 -3.227311 -1.513748 -4.807744 2.090575 -2.078159 2.239808 -24.217777 -5.485132 9.452351 -49.547575 -12.182621 14.251158 21.396343 -69.331258 -15.715886 16.291200 -15.393244 -53.408076 22.104529 8.593032 6.252343 50.809819 8.816815 17.306758 -32.236884 66.524644 -25.537871 -6.512924 14.165658 -47.292068 
1.748293 -8.881356 100.526230 177.001061 -1.091755 86.070169 4.343114 1.231806 8.409089 -3.481783 -0.641384 -6.148732 3.097016 8.227515 -3.995119 nan nan nan -5.101673 -3.329432 9.017824 3.583004 -1.241313 -5.030481 7.024032 -3.167910 -1.559631 nan nan nan -1.017102 2.018037 6.002063 1.199158 -2.626025 2.228058 0.499324 -0.770919 -1.175759 -3.246155 -1.545976 -5.062706 1.959985 -2.231356 2.237634 -24.762100 -5.539567 9.740255 -49.641672 -11.855605 14.059283 20.886708 -68.495770 -15.034868 15.164459 -15.706221 -51.946579 22.557593 8.604661 6.633010 50.858774 8.333456 17.110191 -31.718535 66.007169 -25.054938 -5.995366 14.413162 -46.934130 
1.706313 -8.866405 100.500854 176.981906 -1.083457 86.197316 4.308294 1.073836 8.315788 -3.494912 -0.527724 -6.185559 3.184847 8.282704 -3.960255 nan nan nan -5.151115 -3.306291 8.911513 3.662191 -1.187978 -5.063848 7.004645 -3.199015 -1.531439 nan nan nan -0.911162 2.126999 5.823518 1.176217 -2.649877 2.470217 0.439642 -0.820739 -1.206194 -3.366702 -1.699742 -5.140961 2.081931 -2.343693 2.044735 -25.157325 -5.647181 10.040837 -49.800076 -11.425575 14.043652 20.153986 -67.762749 -14.435859 14.985280 -15.649336 -50.946536 22.990590 8.625294 6.967390 50.929472 7.764684 16.900678 -31.562602 65.513747 -24.819981 -5.181244 14.610123 -46.364106 
1.660248 -8.826485 100.480125 176.956444 -1.079022 86.274233 4.271469 1.031177 8.279469 -3.490309 -0.446603 -6.200630 3.221456 8.287866 -3.955818 nan nan nan -5.205408 -3.284278 8.897202 3.734715 -1.198338 -5.141421 6.998217 -3.178240 -1.514675 nan nan nan -0.802519 2.164758 5.693516 1.155403 -2.712301 2.771046 0.396641 -0.833833 -1.387351 -3.497130 -1.726861 -5.135573 2.183714 -2.196608 1.903221 -25.569752 -5.779342 10.445303 -49.888722 -10.886667 13.897259 19.629037 -67.077855 -14.222194 14.946901 -16.081073 -50.228527 23.317403 8.753647 7.440863 51.096087 7.149810 16.733651 -31.914010 64.991123 -25.157763 -4.426011 14.762647 -45.484269 
1.653480 -8.788493 100.468597 176.917572 -1.106724 86.253052 4.244478 1.128514 8.321108 -3.466566 -0.436729 -6.171140 3.262020 8.216271 -3.999145 nan nan nan -5.246253 -3.295326 8.977867 3.728874 -1.241824 -5.219473 6.948446 -3.163823 -1.517953 nan nan nan -0.810555 2.127950 5.746048 1.145330 -2.746650 3.009534 0.421624 -0.808093 -1.621844 -3.542858 -1.639358 -5.178205 2.149354 -1.957393 1.882429 -25.984997 -5.904562 10.842018 -49.967624 -10.342621 13.662797 19.243069 -66.335342 -13.926219 14.595647 -16.674655 -49.654198 23.603039 8.904022 7.946228 51.379557 6.599897 16.687737 -32.273878 64.295836 -25.699417 -4.415683 14.764172 -44.564330 
1.668631 -8.770259 100.467041 176.839521 -1.121208 86.167906 4.264637 1.294515 8.417233 -3.468249 -0.485392 -6.126094 3.253782 8.170151 -4.029729 nan nan nan -5.233464 -3.299383 9.083408 3.672469 -1.233897 -5.254729 6.929751 -3.113958 -1.533115 nan nan nan -0.832359 2.106907 5.967730 1.120893 -2.738415 3.101434 0.449942 -0.776052 -1.781788 -3.523112 -1.576258 -5.259231 2.119076 -1.842063 1.903359 -26.348378 -5.982226 11.179943 -50.102654 -9.856633 13.470605 19.159009 -65.665518 -13.731728 14.310421 -16.784902 -48.975152 23.944617 8.962949 8.338124 51.564822 6.214437 16.538775 -31.706346 63.683282 -25.294689 -4.750401 14.727757 -44.194038 
1.703964 -8.735619 100.497040 176.755535 -1.037091 85.956178 4.419359 1.548207 8.713508 -3.474747 -0.604829 -6.166642 3.164464 8.106086 -4.020337 nan nan nan -5.083431 -3.350126 9.358586 3.568912 -1.154080 -5.314558 6.923459 -3.014975 -1.515675 nan nan nan -0.775216 2.075301 6.298301 1.127099 -2.685002 3.223517 0.463715 -0.745455 -1.953873 -3.543639 -1.593493 -5.325150 2.101838 -1.784722 1.926264 -26.750718 -6.054789 11.547446 -50.156353 -9.381115 13.368793 19.346772 -65.080486 -13.792681 14.133092 -16.616169 -48.864828 24.335992 8.999977 8.705364 51.656683 5.877047 16.270636 -30.812901 63.179623 -24.431609 -4.746184 14.883901 -44.273187 
1.682101 -8.714044 100.497772 176.795508 -1.091990 85.969644 4.321777 1.436972 8.723180 -3.467282 -0.612045 -6.175479 3.295531 8.172726 -4.061800 nan nan nan -5.176417 -3.345087 9.410419 3.598442 -1.127042 -5.377461 6.906991 -3.048904 -1.530022 nan nan nan -0.784581 2.063440 6.327401 1.098600 -2.717177 3.336002 0.441191 -0.784088 -2.021560 -3.612353 -1.657017 -5.370956 2.107357 -1.663961 1.918289 -27.123684 -6.040937 11.842111 -50.239806 -9.000274 13.289919 19.184303 -64.474522 -13.715634 13.940238 -16.600731 -49.243434 24.630021 9.041632 9.059377 51.832214 5.533559 16.196994 -30.572297 62.590493 -24.184458 -4.418836 14.959628 -44.039112 
1.680376 -8.718854 100.501495 176.721533 -1.148534 86.024395 4.264295 1.400694 8.643603 -3.497153 -0.544028 -6.105665 3.357066 8.188258 -4.139135 nan nan nan -5.232895 -3.280240 9.336310 3.586528 -1.120491 -5.359070 6.884586 -3.060515 -1.545078 nan nan nan -0.868584 2.110811 6.340970 1.125638 -2.709117 3.443080 0.463836 -0.781873 -2.085716 -3.717136 -1.716101 -5.336578 2.181689 -1.599591 1.728817 -27.521358 -5.985868 12.074973 -50.281807 -8.719402 13.235543 18.686218 -63.840893 -13.449983 14.037006 -16.751698 -49.309186 24.885496 9.103195 9.303229 51.936340 5.131463 16.260611 -30.665911 62.015568 -24.404705 -4.056033 14.897286 -43.627579 
1.682296 -8.741517 100.502037 176.583016 -1.162031 86.106699 4.273709 1.432990 8.517021 -3.542748 -0.458517 -6.016414 3.356177 8.175336 -4.161713 nan nan nan -5.237578 -3.174100 9.172308 3.596222 -1.104997 -5.278629 6.879308 -3.048440 -1.552180 nan nan nan -0.894595 2.129015 6.367257 1.132107 -2.654255 3.495847 0.463288 -0.772022 -2.125393 -3.777636 -1.783646 -5.375457 2.218713 -1.644928 1.606461 -27.841974 -5.824514 12.238910 -50.358297 -8.471650 13.153537 18.148366 -63.176812 -12.874371 14.048895 -17.032751 -49.031887 25.217394 9.109634 9.541197 51.918746 4.809255 16.245677 -30.420048 61.587682 -24.312911 -3.861018 15.009893 -43.465339 
1.669091 -8.765104 100.494675 176.467056 -1.185182 86.201725 4.249821 1.453166 8.405351 -3.575040 -0.381615 -5.968228 3.346683 8.195083 -4.186234 nan nan nan -5.261156 -3.083963 8.965800 3.607746 -1.049895 -5.153243 6.814594 -3.065976 -1.589425 nan nan nan -0.896375 2.084867 6.391677 1.108215 -2.597313 3.522898 0.414444 -0.719192 -2.145051 -3.840861 -1.838073 -5.543109 2.270708 -1.753310 1.608536 -28.048189 -5.636240 12.344151 -50.561558 -8.243401 13.079721 17.725290 -62.551852 -12.508987 13.817622 -17.155962 -48.674296 25.581595 9.038334 9.779169 51.909846 4.549866 16.177292 -29.848427 61.177716 -23.893278 -3.338401 15.090748 -43.268638 
1.643293 -8.789387 100.476181 176.363233 -1.261473 86.323030 4.135981 1.477308 8.239331 -3.575568 -0.305058 -5.887166 3.361355 8.229826 -4.213185 nan nan nan -5.366245 -3.027072 8.712704 3.621184 -0.993182 -4.983847 6.737327 -3.069730 -1.649623 nan nan nan -0.948333 2.038910 6.378103 1.065714 -2.540979 3.547610 0.392246 -0.686014 -2.161259 -3.819983 -1.830711 -5.778361 2.239526 -1.686734 1.672354 -28.225244 -5.441363 12.450028 -50.750895 -8.022346 12.986988 17.095279 -61.962789 -11.967712 13.596940 -17.476584 -48.136992 25.809083 8.942225 10.043994 52.005440 4.391023 16.092390 -29.112437 60.740455 -23.223831 -2.462289 15.172632 -42.988979 
1.601039 -8.776169 100.469414 176.378922 -1.290409 86.332065 4.058562 1.498988 8.206563 -3.532412 -0.267680 -5.822587 3.355732 8.176695 -4.207994 nan nan nan -5.479736 -3.081627 8.714836 3.705571 -1.017047 -4.978211 6.738395 -3.011945 -1.633753 nan nan nan -0.902186 2.037852 6.400149 1.021290 -2.557443 3.684539 0.395174 -0.725603 -2.242333 -3.784539 -1.807220 -5.905987 2.171720 -1.495631 1.596729 -28.412380 -5.282800 12.618044 -50.996889 -7.837451 12.802872 16.649575 -61.304289 -11.454163 13.042912 -17.894197 -47.530003 25.918605 8.845021 10.344972 52.181925 4.250624 15.873036 -28.724745 60.343284 -22.709404 -1.667100 15.515746 -42.422929 
1.564961 -8.731328 100.468391 176.468588 -1.201247 86.272480 4.142746 1.501150 8.297920 -3.525024 -0.268418 -5.825947 3.342511 8.103757 -4.225525 nan nan nan -5.465675 -3.223084 8.874288 3.791334 -1.040830 -5.062237 6.757170 -2.935056 -1.593041 nan nan nan -0.697294 2.068393 6.396222 1.000393 -2.650877 3.914556 0.355054 -0.784304 -2.324711 -3.813732 -1.832815 -5.876834 2.175574 -1.304273 1.364826 -28.553919 -5.169326 12.791172 -51.385051 -7.772727 12.542536 16.503269 -60.520968 -11.322066 12.237948 -18.061391 -47.456597 25.974129 8.739124 10.579335 52.385383 4.103018 15.631439 -28.531732 59.962673 -22.274274 -1.006556 15.945242 -41.706289 
1.544021 -8.721437 100.460205 176.543970 -1.106515 86.254485 4.241978 1.483191 8.302459 -3.534725 -0.303034 -5.801189 3.325837 8.081397 -4.234231 nan nan nan -5.371057 -3.314357 8.931836 3.776649 -1.047487 -5.093512 6.743448 -2.908594 -1.605555 nan nan nan -0.493206 2.063025 6.449612 0.957647 -2.742640 4.016387 0.293002 -0.835530 -2.350924 -3.844702 -1.862868 -5.832360 2.247627 -1.204604 1.082858 -28.673890 -5.041016 12.986640 -51.724528 -7.685853 12.294056 16.507950 -59.909685 -11.127915 11.901418 -18.037983 -47.772793 26.074938 8.642823 10.743707 52.595575 3.944440 15.490120 -28.245369 59.634727 -21.734567 -1.049917 16.142074 -41.617746 
1.532611 -8.704594 100.461014 176.516607 -1.122588 86.202790 4.225729 1.595037 8.377052 -3.518663 -0.368768 -5.805196 3.279458 8.026099 -4.235152 nan nan nan -5.396069 -3.327694 9.004753 3.777625 -1.069156 -5.104610 6.735395 -2.817500 -1.645901 nan nan nan -0.486195 2.088824 6.512512 0.913615 -2.756794 4.168913 0.294638 -0.858665 -2.387182 -3.841551 -1.877487 -5.779147 2.307901 -1.305409 0.760004 -28.812834 -4.933123 13.170967 -51.945715 -7.494983 12.166688 16.561982 -59.447797 -10.805239 11.695094 -18.099223 -47.530301 26.260554 8.559474 10.869440 52.744139 3.726046 15.390394 -27.962324 59.338310 -21.418766 -1.560386 16.224826 -41.827245 
1.543357 -8.666072 100.478760 176.304511 -1.193885 86.136123 4.185313 1.881284 8.552129 -3.527791 -0.411545 -5.856409 3.288305 7.929056 -4.270010 nan nan nan -5.488783 -3.272975 9.079725 3.790445 -0.998756 -5.096831 6.730568 -2.699574 -1.661357 nan nan nan -0.599067 2.163952 6.455395 0.888886 -2.675229 4.448683 0.312915 -0.815390 -2.449194 -3.840614 -1.954848 -5.689525 2.350814 -1.477570 0.533669 -28.957952 -4.866108 13.296629 -52.076157 -7.289452 12.028728 16.304798 -58.906870 -10.276737 11.108869 -18.157719 -46.572700 26.501774 8.553915 11.023870 52.892774 3.453662 15.291456 -27.977363 58.934937 -21.526271 -1.524981 16.375561 -41.502383 
1.558152 -8.672627 100.486771 176.151933 -1.192243 86.174820 4.206451 1.963663 8.554222 -3.557512 -0.354913 -5.856565 3.380171 7.896547 -4.301408 nan nan nan -5.472611 -3.165551 8.998937 3.797809 -0.936282 -5.064085 6.660038 -2.699288 -1.669767 nan nan nan -0.654931 2.196875 6.341616 0.936494 -2.604984 4.645151 0.299836 -0.738932 -2.442791 -3.819622 -2.032863 -5.635353 2.381124 -1.584783 0.310482 -29.070389 -4.737153 13.372499 -52.257843 -7.253797 11.865026 15.823606 -58.350727 -9.723797 10.538277 -18.174875 -45.891905 26.678991 8.426814 11.153799 53.064301 3.261247 15.201393 -28.212612 58.602325 -21.735872 -1.285150 16.492041 -41.054534 
1.558153 -8.699698 100.486549 176.114832 -1.151836 86.242915 4.232230 1.883352 8.468142 -3.558965 -0.262257 -5.851047 3.427806 7.944185 -4.280003 nan nan nan -5.399529 -3.110938 8.877415 3.780144 -0.965357 -5.019646 6.580529 -2.721920 -1.684680 nan nan nan -0.629924 2.163258 6.319479 0.977185 -2.594502 4.678146 0.265062 -0.687250 -2.362760 -3.790425 -2.034058 -5.670509 2.414214 -1.598574 0.097096 -29.143827 -4.511095 13.381290 -52.548480 -7.217016 11.754167 15.576537 -57.926506 -9.434419 10.154059 -18.129754 -45.721016 26.726582 8.216626 11.185970 53.304234 3.146724 15.161561 -28.190520 58.385039 -21.619585 -1.124779 16.580500 -41.115055 
1.570180 -8.695650 100.479324 176.048513 -1.080776 86.304435 4.320802 1.847305 8.431682 -3.583785 -0.165843 -5.887165 3.372815 7.979874 -4.309371 nan nan nan -5.299525 -3.068295 8.809771 3.763284 -0.991846 -5.030906 6.602052 -2.694444 -1.683595 nan nan nan -0.550391 2.131976 6.272299 0.996156 -2.574214 4.735318 0.212941 -0.649284 -2.340851 -3.788407 -2.003613 -5.699747 2.409273 -1.618816 0.008607 -29.218054 -4.279244 13.442991 -52.827925 -7.069661 11.686280 15.535651 -57.564651 -9.262933 9.819744 -18.340022 -45.717109 26.709132 8.011292 11.193404 53.574570 3.059534 15.105656 -27.926654 58.146708 -21.269713 -0.683222 16.538447 -41.386722 
1.580642 -8.676426 100.463127 175.987172 -1.011480 86.377787 4.413517 1.827145 8.412741 -3.616673 -0.116395 -5.953442 3.240103 7.972633 -4.282402 nan nan nan -5.210978 -3.031132 8.744819 3.750817 -0.990476 -5.064335 6.615107 -2.639084 -1.666142 nan nan nan -0.476561 2.107704 6.167042 1.004169 -2.572341 4.852881 0.161057 -0.594898 -2.362098 -3.810005 -1.953126 -5.705538 2.454938 -1.650759 0.007073 -29.214502 -4.051602 13.521765 -53.137663 -6.936686 11.617549 15.364332 -57.184348 -9.001795 9.780209 -18.744125 -46.027347 26.700786 7.788712 11.253469 53.897283 3.045793 14.985914 -27.769967 57.848118 -20.967985 -0.196835 16.542113 -41.487148 
1.570136 -8.682829 100.469597 175.983973 -1.039250 86.345803 4.355546 1.823892 8.432607 -3.580266 -0.117205 -5.923835 3.184990 7.949449 -4.267824 nan nan nan -5.263354 -3.013348 8.779815 3.774124 -1.032044 -5.071896 6.655894 -2.573035 -1.659010 nan nan nan -0.487757 2.067345 6.311822 0.960783 -2.605622 4.830419 0.157280 -0.615703 -2.367598 -3.797409 -1.888539 -5.738391 2.474905 -1.586856 0.050827 -29.189830 -3.743453 13.505815 -53.472936 -6.813626 11.493310 15.199000 -56.879930 -8.799529 9.706221 -19.087021 -46.141097 26.726636 7.645724 11.339126 54.199605 3.011515 14.917633 -27.653365 57.526845 -20.813742 -0.080927 16.809929 -41.503148 
1.568616 -8.694006 100.477737 175.978910 -1.058345 86.311520 4.323577 1.854994 8.440155 -3.544720 -0.109187 -5.882193 3.300129 7.912161 -4.279933 nan nan nan -5.279337 -2.996819 8.806089 3.769706 -1.055446 -5.053104 6.646199 -2.563909 -1.668993 nan nan nan -0.520157 2.052306 6.482833 0.945142 -2.614345 4.763921 0.203498 -0.687332 -2.394117 -3.773352 -1.868480 -5.687611 2.376925 -1.431206 0.014567 -29.218399 -3.425480 13.545740 -53.777298 -6.672545 11.291154 15.043627 -56.711911 -8.568951 9.344236 -19.288415 -45.915579 26.662456 7.506735 11.407828 54.505443 2.908041 14.868713 -27.512067 57.323011 -20.655151 -0.092449 17.114975 -41.391243 
1.568761 -8.676761 100.471260 175.950639 -1.016670 86.334197 4.387776 1.891815 8.437370 -3.563109 -0.084439 -5.882353 3.369514 7.898544 -4.296525 nan nan nan -5.234301 -3.026160 8.796414 3.770345 -1.046062 -5.050295 6.617857 -2.544851 -1.670324 nan nan nan -0.509029 2.084648 6.474038 0.987924 -2.608920 4.840222 0.246665 -0.738428 -2.474069 -3.781807 -1.886831 -5.511958 2.271466 -1.298512 -0.169832 -29.254565 -3.182934 13.674282 -53.997267 -6.503814 11.133638 14.698148 -56.638173 -8.133799 9.168361 -19.288721 -45.785592 26.596562 7.297225 11.515970 54.712247 2.816610 14.700708 -27.287603 57.257337 -20.333372 -0.091876 17.214732 -41.253472 
1.546874 -8.656371 100.470757 175.992423 -0.981937 86.329065 4.408405 1.837529 8.456487 -3.561121 -0.086514 -5.882658 3.362300 7.907538 -4.321263 nan nan nan -5.225901 -3.051343 8.853840 3.792985 -1.020297 -5.091685 6.607717 -2.562951 -1.689533 nan nan nan -0.448400 2.117093 6.424137 1.003019 -2.649262 4.983161 0.252774 -0.817671 -2.471126 -3.767811 -1.945722 -5.397038 2.161334 -1.191568 -0.318096 -29.336170 -2.950512 13.750294 -54.140341 -6.395442 11.037318 14.420161 -56.540778 -7.788178 9.271877 -19.333894 -46.008800 26.564719 7.109037 11.549625 54.913799 2.760401 14.610060 -27.251311 57.098634 -20.252046 0.038176 17.321956 -41.056895 
1.559748 -8.579904 100.463943 176.172515 -0.991898 86.349492 4.425124 1.854558 8.469833 -3.564362 -0.215961 -5.907725 3.300028 7.825055 -4.317515 nan nan nan -5.240686 -3.214111 9.009812 3.784488 -0.969870 -5.261874 6.607054 -2.567895 -1.668332 nan nan nan -0.542229 2.135532 6.103415 1.062107 -2.816216 5.365622 0.297049 -0.896500 -2.464109 -3.812411 -2.027742 -5.160389 2.172821 -1.102118 -0.573252 -29.514266 -2.776397 13.877559 -54.200198 -6.269772 10.973047 14.488435 -56.483166 -7.790079 9.395779 -19.466377 -46.108885 26.541670 7.009424 11.589418 55.159483 2.625239 14.567808 -27.610664 56.932071 -20.473551 0.606006 17.424058 -40.632058 
1.569071 -8.594158 100.468681 176.159083 -0.985760 86.362270 4.441459 1.919472 8.445726 -3.574153 -0.228742 -5.882970 3.239218 7.778857 -4.314520 nan nan nan -5.239111 -3.205858 8.973807 3.795216 -0.986664 -5.220352 6.635912 -2.515267 -1.639219 nan nan nan -0.558677 2.101460 6.101338 1.070347 -2.843411 5.464675 0.313683 -0.917603 -2.469647 -3.920709 -2.091298 -4.993451 2.220881 -1.139117 -0.779725 -29.602843 -2.590650 13.923320 -54.342058 -6.101365 10.902386 14.732728 -56.367493 -7.790632 8.909248 -19.648175 -45.765811 26.533691 6.926816 11.525286 55.372273 2.453254 14.564585 -27.991359 56.751069 -20.656721 1.319126 17.447164 -40.041916 
1.576687 -8.649381 100.464737 176.041753 -0.999365 86.428676 4.422440 1.945668 8.352610 -3.582277 -0.146460 -5.856981 3.290739 7.790915 -4.287896 nan nan nan -5.257473 -3.060751 8.795468 3.834949 -1.093173 -5.109376 6.663755 -2.467053 -1.644957 nan nan nan -0.604860 2.072179 6.149225 1.082787 -2.803946 5.440054 0.337370 -0.926923 -2.432995 -4.046960 -2.113115 -4.901174 2.261725 -1.278102 -0.996476 -29.608239 -2.375675 13.934670 -54.594164 -5.986419 10.756176 14.960117 -56.183623 -7.794411 8.151947 -19.939758 -45.264040 26.568413 6.784029 11.485485 55.497212 2.413201 14.458879 -28.199120 56.591190 -20.627513 1.980411 17.472752 -39.261332 
1.589525 -8.708031 100.466904 175.857634 -1.027938 86.388076 4.375221 2.005805 8.396388 -3.533304 -0.080866 -5.852791 3.418862 7.813980 -4.308027 nan nan nan -5.245005 -2.873515 8.696210 3.799116 -1.128104 -4.967331 6.627557 -2.435986 -1.712913 nan nan nan -0.681978 2.073382 6.316473 1.098577 -2.705157 5.403995 0.365880 -0.925564 -2.356904 -4.094855 -2.073222 -4.981260 2.298063 -1.341383 -1.036929 -29.552189 -2.200017 13.939298 -54.812565 -5.955305 10.677159 14.868841 -56.035219 -7.697302 8.224294 -20.116666 -45.072551 26.621871 6.620961 11.424514 55.590006 2.455742 14.409887 -28.284100 56.434007 -20.558183 2.322973 17.508636 -38.476449 
1.607668 -8.628394 100.471268 176.031585 -1.000447 86.266345 4.412133 2.009341 8.598810 -3.483736 -0.183934 -5.926640 3.417172 7.706313 -4.345607 nan nan nan -5.207471 -3.075267 8.998145 3.757928 -1.063272 -5.134291 6.567209 -2.425246 -1.722305 nan nan nan -0.745815 2.102742 6.127324 1.205143 -2.878684 5.828820 0.412961 -1.000534 -2.375353 -4.152479 -1.979214 -4.878035 2.355055 -1.171222 -1.333727 -29.620323 -2.110847 14.049633 -54.907632 -5.932692 10.646667 14.525545 -55.887091 -7.546914 8.796916 -20.032068 -45.102974 26.686812 6.447001 11.386757 55.602121 2.510701 14.287436 -28.090761 56.289427 -20.300374 2.529132 17.518680 -37.924842 
1.617481 -8.634407 100.477646 176.077629 -0.952824 86.186195 4.481217 2.008063 8.656869 -3.498552 -0.212109 -5.899808 3.331030 7.693897 -4.341447 nan nan nan -5.154212 -3.122660 9.077063 3.740708 -1.036581 -5.089852 6.524665 -2.418079 -1.771362 nan nan nan -0.770556 2.128749 6.150838 1.290519 -2.928433 5.974946 0.474081 -1.045742 -2.348231 -4.155330 -1.923780 -4.767452 2.364756 -0.940176 -1.666886 -29.640401 -2.032587 14.033601 -55.063252 -5.898435 10.726118 14.034442 -55.664654 -7.293665 9.303331 -19.689060 -45.347946 26.663070 6.296610 11.227413 55.701881 2.523493 14.288698 -27.916218 56.067828 -20.184824 2.718634 17.439560 -37.615711 
1.617947 -8.672403 100.474327 176.078960 -0.921862 86.160626 4.514700 1.993152 8.618867 -3.506442 -0.138629 -5.827182 3.284289 7.664432 -4.344123 nan nan nan -5.134516 -3.053514 9.032591 3.784864 -1.119952 -4.973799 6.510864 -2.375662 -1.798254 nan nan nan -0.770495 2.106361 6.191286 1.342821 -2.960721 6.049638 0.491396 -1.065989 -2.324575 -4.054836 -1.775552 -4.660377 2.173545 -0.923132 -1.813584 -29.678114 -1.912560 14.019193 -55.196258 -5.898071 10.565372 14.040105 -55.202300 -6.753131 8.220621 -20.131662 -44.448197 26.686780 6.237750 11.227786 55.797233 2.575925 14.210961 -27.911794 55.838456 -19.969294 3.032768 17.524121 -37.406673 
1.613399 -8.677757 100.474960 176.131323 -0.944371 86.056758 4.475314 2.010752 8.706563 -3.467466 -0.131854 -5.794368 3.230135 7.614042 -4.360288 nan nan nan -5.190711 -3.101001 9.120569 3.824377 -1.136115 -4.902896 6.555060 -2.328376 -1.843645 nan nan nan -0.783985 2.079839 6.219101 1.367204 -3.062516 6.255780 0.475630 -1.064044 -2.328121 -4.093566 -1.648635 -4.613185 2.061044 -0.959148 -1.903689 -29.680577 -1.893338 14.036845 -55.353993 -5.856664 10.437433 14.088438 -54.825458 -6.597476 7.712254 -20.255378 -43.961145 26.784014 6.196507 11.259466 55.826961 2.654144 14.080369 -27.916969 55.679719 -19.805590 3.339978 17.578807 -36.886825 
1.623001 -8.604079 100.478195 176.339096 -0.943279 85.850393 4.521804 2.086780 8.957875 -3.463828 -0.270382 -5.785152 3.124190 7.475451 -4.422697 nan nan nan -5.213232 -3.306194 9.522147 3.807841 -1.126139 -5.064984 6.583857 -2.275860 -1.841150 nan nan nan -0.827914 2.020518 6.164509 1.433013 -3.271360 6.639237 0.479459 -1.064824 -2.337297 -4.227871 -1.515898 -4.505492 2.050411 -0.961852 -2.106627 -29.726756 -1.953240 14.099894 -55.422166 -5.753092 10.335764 14.126507 -54.617801 -6.718555 7.464507 -20.075871 -43.840721 26.900829 6.159134 11.269839 55.791523 2.680293 13.941640 -27.913184 55.615156 -19.737338 3.653353 17.452822 -36.192275 
1.612979 -8.722996 100.456940 176.094881 -1.046880 85.860051 4.413825 2.175556 8.860650 -3.496556 -0.205633 -5.678770 3.210383 7.543563 -4.445667 nan nan nan -5.323117 -2.926981 9.245048 3.843711 -1.200044 -4.779453 6.581503 -2.279169 -1.965223 nan nan nan -0.919899 1.930352 6.496747 1.363689 -3.071077 6.369669 0.470459 -1.041095 -2.249519 -4.102864 -1.342638 -4.727736 1.939377 -0.934746 -1.885970 -29.587808 -1.817371 13.973205 -55.554511 -5.726774 10.258272 13.893448 -54.312647 -6.369093 7.006042 -20.299854 -43.965832 26.945094 6.112131 11.204427 55.888859 2.772817 14.083866 -27.891458 55.363349 -19.720294 3.770088 17.457922 -35.947210 
1.605761 -8.759615 100.437660 176.085233 -1.060780 85.854014 4.399230 2.191116 8.817586 -3.504076 -0.222138 -5.634128 3.348118 7.514543 -4.437430 nan nan nan -5.327526 -2.855077 9.173770 3.822259 -1.243098 -4.700696 6.564121 -2.310282 -1.957338 nan nan nan -0.977154 1.884091 6.574727 1.392734 -3.057079 6.346576 0.524323 -1.078124 -2.198105 -4.089312 -1.331616 -4.735640 1.838559 -0.833303 -1.804746 -29.657815 -1.751560 13.978254 -55.575425 -5.774702 10.215665 13.524029 -53.853124 -6.088221 7.048362 -20.588103 -43.941056 26.996960 6.093767 11.192783 55.852251 2.804761 14.116980 -27.842324 55.133454 -19.746084 3.923499 17.708345 -35.765137 
1.586890 -8.718864 100.442398 176.272854 -1.003074 85.737708 4.455415 2.161664 8.935434 -3.490229 -0.320568 -5.621063 3.354210 7.444382 -4.465791 nan nan nan -5.297373 -3.079055 9.409275 3.815336 -1.232520 -4.794820 6.603803 -2.313992 -1.914650 nan nan nan -0.925943 1.883742 6.543021 1.460268 -3.229227 6.562633 0.563163 -1.150794 -2.221875 -4.230664 -1.367378 -4.521906 1.853223 -0.715830 -1.917384 -29.848088 -1.812126 14.092646 -55.546345 -5.798209 10.242349 13.227962 -53.408123 -6.176420 7.710870 -20.553707 -44.125103 27.129085 6.092301 11.214392 55.661595 2.749881 14.089805 -27.634026 55.054382 -19.680920 3.668975 17.984007 -35.699979 
1.586611 -8.714889 100.443626 176.341435 -0.970480 85.662139 4.504408 2.146828 9.002439 -3.510986 -0.338730 -5.594587 3.294146 7.440144 -4.497923 nan nan nan -5.282195 -3.168932 9.509163 3.832345 -1.227485 -4.802049 6.582058 -2.293336 -1.925269 nan nan nan -0.886061 1.848977 6.546177 1.483868 -3.334781 6.705187 0.555437 -1.163020 -2.223862 -4.290930 -1.266628 -4.399325 1.842962 -0.662929 -1.915580 -29.985183 -1.858562 14.207851 -55.462802 -5.833375 10.228776 13.019063 -53.036313 -6.218007 8.112534 -20.626004 -44.476851 27.290491 6.095210 11.322881 55.531687 2.818681 14.076211 -27.354440 54.954744 -19.442484 3.042898 18.135860 -35.990389 
1.600205 -8.736198 100.447510 176.377420 -0.985838 85.605490 4.513881 2.122439 9.015794 -3.543745 -0.344802 -5.542799 3.246673 7.459688 -4.533360 nan nan nan -5.274238 -3.182351 9.552392 3.797203 -1.212279 -4.785153 6.513082 -2.308240 -1.961155 nan nan nan -0.893373 1.785492 6.633691 1.479890 -3.420692 6.708969 0.527902 -1.159094 -2.195128 -4.265019 -1.120739 -4.337618 1.795484 -0.578720 -1.772825 -30.065187 -1.892628 14.259426 -55.370961 -5.802980 10.197945 12.871415 -52.746916 -6.138165 8.297488 -20.640424 -44.724947 27.411241 6.111959 11.429415 55.500910 2.939042 14.081036 -27.120845 54.797424 -19.211182 2.658856 18.009195 -36.181616 
1.595869 -8.763535 100.448547 176.379379 -1.034369 85.565122 4.462769 2.106734 9.037828 -3.550476 -0.385325 -5.533275 3.250850 7.489951 -4.563203 nan nan nan -5.327055 -3.194416 9.560859 3.791561 -1.169790 -4.748652 6.476142 -2.336232 -1.995555 nan nan nan -0.922573 1.733176 6.732687 1.469684 -3.478876 6.662332 0.496349 -1.144528 -2.145340 -4.266824 -1.087712 -4.251680 1.784921 -0.469739 -1.675188 -30.087375 -1.969744 14.261962 -55.350551 -5.648988 10.310713 12.841995 -52.578862 -6.017599 8.732027 -20.245514 -45.010469 27.496858 6.137834 11.472029 55.476853 2.991886 14.112923 -27.001249 54.678064 -19.044762 2.484860 17.875773 -36.167645 
1.577421 -8.788045 100.442642 176.352032 -1.080053 85.552248 4.388423 2.106389 9.024404 -3.524254 -0.400539 -5.498633 3.287425 7.521924 -4.547976 nan nan nan -5.403792 -3.176732 9.532397 3.824107 -1.143072 -4.706283 6.433670 -2.344366 -2.026787 nan nan nan -0.910898 1.676969 6.776485 1.427541 -3.530893 6.722395 0.448780 -1.116549 -2.163600 -4.305657 -1.092959 -4.044123 1.849859 -0.380208 -1.840971 -30.094651 -2.067216 14.259865 -55.341798 -5.378852 10.414728 13.007559 -52.559088 -6.068406 8.786855 -19.712266 -44.944652 27.573597 6.211237 11.484064 55.468147 3.005543 14.119994 -26.912886 54.613007 -18.966709 2.506730 17.706583 -36.026477 
1.566310 -8.808187 100.434319 176.352690 -1.111709 85.530310 4.342372 2.084063 9.008764 -3.515254 -0.391408 -5.446077 3.326711 7.531539 -4.551386 nan nan nan -5.457764 -3.193670 9.533351 3.835457 -1.089823 -4.681842 6.376638 -2.364053 -2.063737 nan nan nan -0.909113 1.651137 6.806113 1.399448 -3.581126 6.820936 0.410206 -1.101600 -2.214569 -4.321700 -1.109917 -3.857363 1.869268 -0.406720 -1.905088 -30.124352 -2.119227 14.304169 -55.259543 -5.223357 10.386255 12.980052 -52.521040 -5.969559 8.582420 -19.566941 -44.660560 27.631463 6.274085 11.535494 55.482255 3.043701 14.086436 -26.821402 54.538612 -18.936062 2.576595 17.433123 -35.845412 
1.566852 -8.807550 100.422623 176.339652 -1.103874 85.509954 4.367145 2.103598 9.028021 -3.524109 -0.395223 -5.442729 3.322444 7.548533 -4.559017 nan nan nan -5.444054 -3.254528 9.540386 3.789285 -0.989730 -4.655530 6.358198 -2.377676 -2.057768 nan nan nan -0.908175 1.648967 6.801221 1.413634 -3.584674 6.888291 0.394666 -1.107278 -2.255210 -4.402875 -1.170924 -3.726926 1.892783 -0.456473 -1.769879 -30.163543 -2.110042 14.390047 -55.190735 -5.285610 10.320109 12.612692 -52.356952 -5.727049 8.985125 -19.638689 -44.932865 27.630222 6.259224 11.607489 55.460088 3.093476 14.038479 -26.515208 54.505854 -18.613995 2.447480 17.269915 -35.851691 
1.569924 -8.795779 100.401588 176.296429 -1.048686 85.556028 4.451829 2.140458 9.004764 -3.552466 -0.353825 -5.476534 3.284436 7.547381 -4.511609 nan nan nan -5.379527 -3.283255 9.504601 3.766306 -0.892985 -4.674246 6.391599 -2.348532 -2.012847 nan nan nan -0.826841 1.636722 6.643108 1.427375 -3.563548 7.017271 0.361449 -1.130511 -2.243404 -4.504821 -1.242092 -3.655841 1.892486 -0.449335 -1.647046 -30.228739 -2.058956 14.463015 -55.119301 -5.446868 10.272628 12.242498 -52.141361 -5.560312 9.462374 -19.797687 -45.295501 27.588640 6.195632 11.641593 55.418114 3.209681 13.962813 -26.044298 54.394281 -18.106790 2.563809 17.612256 -35.887661 
1.565865 -8.811625 100.389305 176.272794 -1.048991 85.597998 4.456217 2.184739 8.940155 -3.561885 -0.291703 -5.456105 3.270912 7.502223 -4.494864 nan nan nan -5.382747 -3.234326 9.468151 3.786890 -0.915010 -4.704293 6.416692 -2.344162 -1.990219 nan nan nan -0.790038 1.620777 6.532748 1.428476 -3.550193 7.155245 0.316362 -1.140657 -2.219932 -4.512383 -1.217778 -3.639711 1.875759 -0.497044 -1.666232 -30.275670 -2.034873 14.471102 -55.012991 -5.490492 10.236533 12.149520 -52.061844 -5.417889 9.106563 -20.000876 -44.972270 27.571009 6.184563 11.641058 55.419059 3.306098 13.881852 -25.799742 54.232436 -17.861603 2.985357 18.007383 -35.866373 
1.555784 -8.841645 100.397346 176.285798 -1.110807 85.556970 4.395854 2.196236 8.966761 -3.588191 -0.309381 -5.459820 3.246780 7.505551 -4.468678 nan nan nan -5.463919 -3.227291 9.522576 3.803135 -0.964420 -4.754691 6.450699 -2.341242 -1.966243 nan nan nan -0.838063 1.620508 6.589326 1.405450 -3.584166 7.224651 0.306401 -1.139983 -2.195547 -4.481327 -1.085734 -3.552569 1.905564 -0.522868 -1.807956 -30.271812 -2.042487 14.398024 -54.903860 -5.385861 10.258494 12.092914 -52.158510 -5.368299 8.760143 -20.006786 -44.600661 27.573653 6.225367 11.591539 55.397086 3.371523 13.890199 -25.601127 54.132144 -17.672577 3.162378 17.714962 -35.627153 
1.549984 -8.860180 100.399269 176.281321 -1.111762 85.536378 4.412113 2.177747 9.001584 -3.628690 -0.345384 -5.491388 3.169833 7.529896 -4.438314 nan nan nan -5.478408 -3.247048 9.549308 3.809603 -0.949776 -4.781670 6.458803 -2.326745 -1.926849 nan nan nan -0.837563 1.609885 6.584145 1.384559 -3.623787 7.333782 0.326581 -1.134035 -2.175565 -4.505951 -1.005103 -3.414201 1.940712 -0.462407 -1.971651 -30.283838 -2.058912 14.342468 -54.853572 -5.257985 10.257122 12.177084 -52.261950 -5.441509 8.528469 -19.876967 -44.163627 27.562901 6.284172 11.572106 55.311542 3.440934 13.875245 -25.338235 54.070781 -17.352001 3.348835 17.382115 -35.065596 
1.548737 -8.874678 100.400322 176.276333 -1.099032 85.558171 4.435916 2.161209 8.976351 -3.656953 -0.389285 -5.479866 3.147282 7.558835 -4.458184 nan nan nan -5.454052 -3.287515 9.533613 3.791755 -0.903465 -4.794021 6.468186 -2.303920 -1.871619 nan nan nan -0.830059 1.577147 6.505713 1.355325 -3.652230 7.456637 0.351359 -1.106296 -2.163051 -4.562306 -1.045903 -3.251476 2.000149 -0.380861 -2.149637 -30.278981 -2.074379 14.314582 -54.895321 -5.181180 10.305868 12.391786 -52.334856 -5.720884 8.655305 -19.699932 -43.898942 27.511318 6.361348 11.588704 55.265376 3.490644 13.874893 -24.972923 54.054538 -17.164921 3.246776 17.262648 -35.021297 
1.544765 -8.892447 100.405487 176.272252 -1.113871 85.552711 4.415915 2.216272 8.972148 -3.635258 -0.463878 -5.474569 3.292195 7.548285 -4.478466 nan nan nan -5.463665 -3.340619 9.537180 3.764813 -0.846329 -4.789665 6.533811 -2.281527 -1.870947 nan nan nan -0.849130 1.537119 6.512782 1.349401 -3.664028 7.492016 0.342900 -1.056622 -2.112151 -4.584134 -1.133246 -3.189006 2.057855 -0.312205 -2.258909 -30.241635 -2.069691 14.270155 -54.921862 -5.212768 10.411371 12.317070 -52.340098 -5.822753 9.294463 -19.508231 -44.183021 27.473168 6.409542 11.550987 55.256063 3.491894 13.964556 -24.711675 54.019943 -17.133155 3.045121 17.220809 -35.326042 
1.543272 -8.916287 100.411659 176.268406 -1.150533 85.536065 4.380436 2.273723 8.993053 -3.627226 -0.518952 -5.503094 3.338323 7.509310 -4.468430 nan nan nan -5.500867 -3.374230 9.564061 3.750239 -0.841079 -4.826392 6.551491 -2.270799 -1.857749 nan nan nan -0.875073 1.530807 6.503564 1.333827 -3.690513 7.588099 0.323829 -1.029781 -2.083982 -4.581468 -1.156870 -3.113496 2.105428 -0.320888 -2.381476 -30.154703 -2.075208 14.226329 -54.925105 -5.226327 10.473736 12.243181 -52.367552 -5.771970 9.450229 -19.366642 -44.301613 27.474565 6.472433 11.549725 55.266716 3.503058 14.046437 -24.710038 53.990704 -17.208967 3.046277 17.059644 -35.369556 
1.543061 -8.940810 100.415771 176.231361 -1.168979 85.511155 4.373024 2.338816 9.014905 -3.653203 -0.482522 -5.496953 3.303839 7.499597 -4.474444 nan nan nan -5.530631 -3.382800 9.588661 3.759023 -0.822693 -4.852721 6.498663 -2.273658 -1.854989 nan nan nan -0.848959 1.561862 6.467421 1.304729 -3.694130 7.746812 0.300718 -1.036820 -2.083149 -4.604218 -1.155030 -2.971189 2.098245 -0.341421 -2.536886 -30.038698 -2.042735 14.187920 -54.905481 -5.249166 10.456464 12.083320 -52.452611 -5.574398 9.322374 -19.314295 -44.203676 27.452126 6.521111 11.575389 55.271946 3.548458 14.103372 -24.673264 54.003143 -17.174406 3.131157 16.890827 -35.112882 
1.542378 -8.966710 100.416428 176.189191 -1.166855 85.493336 4.354944 2.365315 9.019407 -3.622416 -0.449111 -5.477037 3.293328 7.533317 -4.508716 nan nan nan -5.546983 -3.372958 9.586053 3.779233 -0.791797 -4.850485 6.519151 -2.271234 -1.841120 nan nan nan -0.803777 1.558811 6.496704 1.290673 -3.683643 7.787304 0.253491 -1.009119 -2.096494 -4.661364 -1.114433 -2.760342 2.137947 -0.326061 -2.660820 -29.908861 -1.968050 14.156770 -54.877329 -5.292172 10.448771 11.772230 -52.496759 -5.273671 9.451863 -19.402667 -44.408332 27.420967 6.536096 11.610098 55.272905 3.575601 14.164242 -24.539772 54.028888 -17.068178 2.980594 16.871072 -35.080551 
1.536412 -8.986217 100.410515 176.143456 -1.173513 85.498387 4.312382 2.382864 9.025235 -3.566910 -0.450323 -5.512218 3.305818 7.556402 -4.493833 nan nan nan -5.560003 -3.331584 9.551768 3.797782 -0.757959 -4.828754 6.532497 -2.262605 -1.837509 nan nan nan -0.778519 1.529785 6.499197 1.274418 -3.682959 7.810477 0.210903 -0.935013 -2.097456 -4.742129 -1.044457 -2.582211 2.195578 -0.321614 -2.723034 -29.798001 -1.910429 14.097819 -54.833756 -5.326799 10.495242 11.431853 -52.483204 -4.963014 9.539577 -19.531239 -44.604669 27.374219 6.564321 11.649404 55.291687 3.590818 14.199006 -24.496323 54.014921 -17.082915 3.015141 16.927528 -35.079956 
1.537626 -8.999229 100.405045 176.143432 -1.175713 85.451666 4.311879 2.368094 9.080901 -3.547395 -0.454193 -5.547700 3.304086 7.568320 -4.476541 nan nan nan -5.530064 -3.304093 9.640233 3.761799 -0.769151 -4.914955 6.501766 -2.268652 -1.826667 nan nan nan -0.776325 1.532590 6.535522 1.270638 -3.691454 7.882356 0.215250 -0.891275 -2.093705 -4.804407 -0.984522 -2.476771 2.192041 -0.325037 -2.757981 -29.706242 -1.946739 14.060627 -54.755950 -5.311766 10.553893 11.134451 -52.559692 -4.691213 9.328363 -19.523108 -44.577334 27.284273 6.603896 11.636833 55.350805 3.584391 14.207622 -24.512986 53.986366 -17.110028 3.234854 16.881174 -34.846004 
1.537241 -9.018133 100.405411 176.174010 -1.182454 85.407480 4.317933 2.335929 9.106418 -3.572631 -0.447342 -5.541999 3.223308 7.598450 -4.417119 nan nan nan -5.515917 -3.305980 9.736059 3.727083 -0.805071 -5.022791 6.514424 -2.284777 -1.770876 nan nan nan -0.791026 1.550650 6.567017 1.277355 -3.699994 7.951233 0.209052 -0.878039 -2.056358 -4.803743 -0.948051 -2.423693 2.189443 -0.429174 -2.806031 -29.630528 -1.978010 14.003954 -54.624009 -5.220222 10.626918 10.993095 -52.756977 -4.337421 8.848382 -19.463143 -44.196861 27.254528 6.613073 11.559425 55.313887 3.586397 14.203352 -24.379792 53.969562 -16.915192 3.450808 16.830963 -34.715723 
1.517064 -9.039431 100.408905 176.235197 -1.191051 85.373197 4.304998 2.291565 9.112941 -3.614685 -0.474062 -5.518907 3.122880 7.626186 -4.390083 nan nan nan -5.550048 -3.330339 9.793221 3.753197 -0.846710 -5.073212 6.558252 -2.264656 -1.740386 nan nan nan -0.813221 1.552635 6.593461 1.304956 -3.715458 7.984079 0.229736 -0.852941 -2.027474 -4.817172 -0.993532 -2.266959 2.132441 -0.454249 -2.891966 -29.633971 -2.035845 13.982595 -54.560292 -5.186984 10.663366 10.968643 -52.885209 -4.299928 8.713307 -19.388940 -43.987265 27.191671 6.631552 11.516973 55.282269 3.575592 14.161501 -24.228850 53.946108 -16.833410 3.424473 16.943230 -34.917670 
1.506774 -9.052273 100.407310 176.232001 -1.191889 85.359600 4.298350 2.281133 9.126629 -3.620060 -0.488300 -5.522736 3.209306 7.623751 -4.408499 nan nan nan -5.573520 -3.366314 9.788651 3.772219 -0.818323 -5.050773 6.544395 -2.242801 -1.711059 nan nan nan -0.814429 1.553669 6.563425 1.314334 -3.714991 8.042549 0.229457 -0.811915 -1.953737 -4.778319 -0.947125 -2.135435 2.058421 -0.383684 -2.990302 -29.570963 -2.040770 13.951119 -54.541266 -5.264728 10.642572 10.835902 -52.912903 -4.131718 8.590717 -19.531449 -43.925848 27.117563 6.649991 11.532908 55.286081 3.644609 14.122972 -24.126388 53.907661 -16.854086 3.360258 17.071219 -35.317568 
1.506891 -9.070874 100.411964 176.225191 -1.183985 85.340476 4.306612 2.259470 9.151702 -3.611346 -0.519953 -5.532740 3.304727 7.630138 -4.421117 nan nan nan -5.557834 -3.372716 9.802341 3.755334 -0.785262 -5.049595 6.540283 -2.250482 -1.683593 nan nan nan -0.816480 1.528488 6.543062 1.312001 -3.718108 8.109469 0.230649 -0.774732 -1.871109 -4.699560 -0.851867 -2.056705 2.023289 -0.335586 -3.148154 -29.468886 -2.036319 13.888576 -54.540446 -5.302483 10.642014 10.826104 -52.923223 -3.849153 8.287142 -19.678440 -43.879882 27.035723 6.687824 11.531602 55.322538 3.748556 14.142842 -24.032796 53.892405 -16.687913 3.214623 17.094937 -35.434654 
1.504018 -9.099877 100.418922 176.222578 -1.188204 85.355262 4.292687 2.293678 9.120480 -3.596986 -0.558518 -5.525089 3.234653 7.658244 -4.380204 nan nan nan -5.551515 -3.365867 9.747728 3.746773 -0.793610 -5.001043 6.531887 -2.228595 -1.725541 nan nan nan -0.839689 1.507342 6.520875 1.321985 -3.730393 8.153349 0.233554 -0.733767 -1.844723 -4.663428 -0.894850 -1.985127 2.059714 -0.431002 -3.249194 -29.380714 -2.054901 13.853059 -54.523417 -5.311480 10.671531 10.760811 -52.953656 -3.535740 8.171276 -19.759425 -44.083722 27.005471 6.728125 11.556730 55.351999 3.786708 14.152822 -24.088282 53.945773 -16.508448 3.122988 17.050837 -35.331070 
1.510845 -9.123560 100.423958 176.206093 -1.179485 85.363713 4.301844 2.301723 9.099931 -3.601469 -0.563026 -5.524636 3.191775 7.682182 -4.360900 nan nan nan -5.536299 -3.376068 9.683385 3.755136 -0.819389 -4.926604 6.507919 -2.225329 -1.756628 nan nan nan -0.849112 1.533727 6.538177 1.356111 -3.732837 8.144079 0.224897 -0.716105 -1.839863 -4.680822 -0.936518 -1.902322 2.127343 -0.543356 -3.233357 -29.278929 -2.057079 13.810743 -54.470617 -5.295873 10.745560 10.522997 -53.060078 -3.257509 8.192002 -19.769090 -44.227548 27.001500 6.708873 11.533522 55.361671 3.742584 14.156982 -24.182243 54.019500 -16.501819 3.252745 17.039874 -35.237840 
1.522855 -9.138997 100.426208 176.185321 -1.159520 85.334612 4.315744 2.256145 9.133117 -3.587943 -0.520378 -5.524912 3.296984 7.684693 -4.361574 nan nan nan -5.489935 -3.389680 9.691300 3.722454 -0.859220 -4.896933 6.492745 -2.202874 -1.789494 nan nan nan -0.849231 1.595388 6.616775 1.408389 -3.730411 8.101176 0.211093 -0.702412 -1.822723 -4.748526 -0.848229 -1.846374 2.222221 -0.610074 -3.147951 -29.121646 -2.078739 13.763223 -54.440023 -5.295366 10.865851 10.248070 -53.174892 -2.987696 8.228215 -19.810004 -44.387097 26.962627 6.672651 11.449013 55.417631 3.666703 14.193625 -24.292656 54.086612 -16.567242 3.388228 17.062967 -35.222060 
1.518262 -9.144243 100.425369 176.217999 -1.176991 85.301200 4.291168 2.255715 9.176833 -3.576545 -0.540633 -5.548491 3.425204 7.664230 -4.360168 nan nan nan -5.508280 -3.409584 9.746543 3.708431 -0.869964 -4.919828 6.493526 -2.224413 -1.800230 nan nan nan -0.866764 1.623785 6.615976 1.433278 -3.751481 8.152445 0.206416 -0.699416 -1.822532 -4.750201 -0.798948 -1.681016 2.223164 -0.619836 -3.141875 -29.008038 -2.106165 13.759292 -54.375785 -5.323631 10.917338 9.952890 -53.274441 -2.554642 8.316517 -19.801993 -44.497561 26.891815 6.669026 11.454745 55.492932 3.704669 14.177753 -24.284013 54.095021 -16.512238 3.318484 17.000307 -35.307653 
1.501719 -9.146506 100.413139 176.247531 -1.190067 85.331356 4.287702 2.333816 9.139842 -3.596472 -0.589079 -5.553712 3.399452 7.654853 -4.373135 nan nan nan -5.559095 -3.441546 9.712901 3.753598 -0.834741 -4.907871 6.484790 -2.244174 -1.798855 nan nan nan -0.836964 1.635607 6.491446 1.427869 -3.755912 8.227429 0.198558 -0.699554 -1.784464 -4.750666 -0.860187 -1.465576 2.182611 -0.553957 -3.175249 -28.935890 -2.147888 13.776877 -54.309584 -5.408200 10.926997 9.581875 -53.353490 -2.252273 8.805335 -19.640999 -44.674859 26.780973 6.662412 11.492218 55.581873 3.784638 14.127027 -24.176046 54.096386 -16.395228 3.241336 16.994224 -35.360103 
1.502617 -9.151218 100.392853 176.220825 -1.159812 85.417107 4.331561 2.392175 9.053205 -3.595809 -0.600461 -5.566306 3.311992 7.645534 -4.369047 nan nan nan -5.526362 -3.420546 9.607559 3.775824 -0.768392 -4.899500 6.482923 -2.270922 -1.780536 nan nan nan -0.783207 1.639514 6.339355 1.418470 -3.717453 8.281596 0.193321 -0.694916 -1.749874 -4.806447 -0.905161 -1.338548 2.176806 -0.489738 -3.130581 -28.889532 -2.158393 13.773855 -54.274246 -5.484637 10.953328 9.387424 -53.469854 -2.362733 9.357721 -19.381861 -44.717037 26.702553 6.643685 11.483106 55.610185 3.803023 14.124719 -24.114552 54.149001 -16.435310 3.240085 17.006897 -35.335161 
1.508580 -9.158793 100.379593 176.230337 -1.121230 85.477925 4.378815 2.384636 8.991751 -3.579796 -0.606600 -5.593836 3.266106 7.626853 -4.336571 nan nan nan -5.470280 -3.397179 9.542798 3.773364 -0.760667 -4.922797 6.517263 -2.326178 -1.758738 nan nan nan -0.751279 1.618927 6.249690 1.430973 -3.706532 8.302520 0.185238 -0.700537 -1.717263 -4.808139 -0.853813 -1.310859 2.124121 -0.478333 -3.055061 -28.855170 -2.114340 13.739642 -54.163708 -5.503986 10.953793 9.257800 -53.589864 -2.223477 9.336699 -19.330836 -44.435564 26.681959 6.586062 11.441356 55.588310 3.810349 14.129318 -24.062721 54.209722 -16.387223 3.320414 17.018677 -35.335189 
1.507157 -9.180003 100.375748 176.270001 -1.108315 85.484510 4.374614 2.354616 8.954909 -3.545300 -0.618402 -5.594171 3.246088 7.624985 -4.327125 nan nan nan -5.431531 -3.377282 9.525024 3.732236 -0.816025 -4.929551 6.542661 -2.368452 -1.745269 nan nan nan -0.731177 1.588644 6.280481 1.432394 -3.714253 8.270602 0.170902 -0.696319 -1.711319 -4.758176 -0.767930 -1.269512 2.060377 -0.500285 -3.017602 -28.828411 -2.089641 13.719095 -53.987362 -5.480615 10.949858 9.049940 -53.698945 -1.792943 8.909640 -19.513294 -44.076304 26.673336 6.558390 11.406901 55.589380 3.810546 14.121238 -23.985587 54.204227 -16.319894 3.354685 17.096779 -35.494497 
1.505948 -9.201008 100.369576 176.309536 -1.108413 85.477991 4.353396 2.291903 8.923886 -3.519352 -0.649142 -5.570727 3.249775 7.674197 -4.332727 nan nan nan -5.425834 -3.373940 9.533059 3.721895 -0.861478 -4.942713 6.562885 -2.370748 -1.718056 nan nan nan -0.728331 1.590380 6.345264 1.429889 -3.728916 8.176607 0.161738 -0.681085 -1.625406 -4.759530 -0.675628 -1.267510 2.039950 -0.532772 -2.941098 -28.716216 -2.091226 13.672431 -53.949942 -5.545546 11.012125 8.753769 -53.759611 -1.584423 8.856741 -19.582204 -44.221250 26.660799 6.505121 11.329395 55.601808 3.834491 14.172256 -23.968031 54.199943 -16.337290 3.320472 17.136824 -35.525948 
1.520409 -9.205828 100.354752 176.328844 -1.083251 85.518067 4.401397 2.263350 8.882814 -3.548841 -0.683559 -5.577124 3.328542 7.682995 -4.291307 nan nan nan -5.372409 -3.379611 9.500540 3.701869 -0.828033 -4.961711 6.583724 -2.384433 -1.706393 nan nan nan -0.741595 1.613746 6.282399 1.468972 -3.736297 8.149440 0.173017 -0.669074 -1.545367 -4.777570 -0.665417 -1.251679 2.073913 -0.526649 -2.830605 -28.630630 -2.098654 13.634718 -53.964594 -5.661804 11.056194 8.484387 -53.777447 -1.535301 9.311864 -19.355588 -44.355554 26.637203 6.437365 11.266751 55.628420 3.855727 14.210178 -24.049956 54.227997 -16.381126 3.313843 17.097210 -35.211536 
1.529755 -9.204272 100.345772 176.345214 -1.078560 85.547844 4.422928 2.272653 8.858303 -3.567771 -0.715750 -5.597908 3.317467 7.676054 -4.226923 nan nan nan -5.354462 -3.397801 9.468750 3.699352 -0.799252 -4.950750 6.535106 -2.388090 -1.717139 nan nan nan -0.770322 1.621855 6.213149 1.508636 -3.755614 8.165441 0.193916 -0.645954 -1.535178 -4.787369 -0.693943 -1.121642 2.130981 -0.499276 -2.803437 -28.606173 -2.138378 13.634494 -53.932356 -5.710874 11.049187 8.304758 -53.766357 -1.454820 9.550563 -19.188748 -44.384763 26.607055 6.421185 11.256327 55.672409 3.843457 14.221897 -24.181173 54.293751 -16.422202 3.273470 16.949573 -34.861116 
1.519653 -9.208742 100.348434 176.380214 -1.102326 85.537113 4.394095 2.298283 8.879260 -3.571421 -0.746766 -5.641063 3.234818 7.672217 -4.187408 nan nan nan -5.385205 -3.411793 9.470993 3.688663 -0.816264 -4.931348 6.497838 -2.398920 -1.737807 nan nan nan -0.777324 1.610652 6.209546 1.498877 -3.778392 8.160993 0.179594 -0.639924 -1.533600 -4.770624 -0.653884 -0.999721 2.163957 -0.510346 -2.719519 -28.568846 -2.144719 13.627280 -53.900798 -5.697647 11.044269 8.279540 -53.806254 -1.354914 9.502578 -19.183735 -44.351040 26.592462 6.422495 11.270949 55.713044 3.838912 14.231107 -24.241423 54.344108 -16.389865 3.210449 16.916367 -34.810021 
1.515023 -9.204622 100.350494 176.407225 -1.118903 85.533239 4.374461 2.313061 8.901173 -3.562206 -0.763057 -5.674779 3.118773 7.663237 -4.197146 nan nan nan -5.416246 -3.425076 9.479857 3.686923 -0.832122 -4.928169 6.521561 -2.409913 -1.739783 nan nan nan -0.771247 1.594587 6.179497 1.480057 -3.796834 8.174081 0.155050 -0.637627 -1.527554 -4.760475 -0.597606 -0.910073 2.196112 -0.530439 -2.668103 -28.529386 -2.142845 13.606483 -53.881626 -5.672842 11.074920 8.335622 -53.837716 -1.356180 9.405561 -19.214753 -44.486883 26.614968 6.421827 11.302092 55.736136 3.870567 14.235745 -24.293241 54.317032 -16.402190 3.183764 16.954762 -34.824132 
1.518042 -9.202031 100.355042 176.423048 -1.145021 85.506678 4.344192 2.339837 8.932095 -3.539917 -0.762495 -5.675205 3.084704 7.635126 -4.194082 nan nan nan -5.438832 -3.411192 9.518857 3.693919 -0.866572 -4.934023 6.537285 -2.402040 -1.757401 nan nan nan -0.793801 1.570953 6.201379 1.490232 -3.803004 8.156465 0.117909 -0.630778 -1.534854 -4.710998 -0.513846 -0.829625 2.227745 -0.582070 -2.613325 -28.527108 -2.119119 13.545597 -53.770112 -5.653802 11.164686 8.237881 -53.829751 -1.288431 9.371344 -19.353872 -44.661696 26.660179 6.382257 11.253842 55.776938 3.903700 14.311022 -24.325573 54.215131 -16.426389 3.156644 16.932089 -34.678187 
1.528990 -9.203822 100.354073 176.425228 -1.162814 85.492232 4.353105 2.335158 8.967116 -3.561630 -0.755871 -5.711076 3.188132 7.604923 -4.189382 nan nan nan -5.437053 -3.382792 9.542545 3.685731 -0.839953 -4.941334 6.535800 -2.389226 -1.788331 nan nan nan -0.833411 1.547977 6.210634 1.514122 -3.808651 8.132928 0.098840 -0.617507 -1.534851 -4.685864 -0.467235 -0.784165 2.261730 -0.662631 -2.556534 -28.518610 -2.069127 13.506151 -53.684672 -5.684430 11.195508 8.087317 -53.836392 -1.211774 9.422621 -19.462049 -44.691985 26.660619 6.354234 11.206583 55.850902 3.929489 14.378052 -24.367697 54.135074 -16.466646 3.179596 16.899905 -34.522584 
1.527244 -9.206600 100.347305 176.447998 -1.157134 85.481017 4.381702 2.313297 9.000685 -3.601868 -0.744167 -5.755423 3.261051 7.602901 -4.197781 nan nan nan -5.436884 -3.382595 9.568230 3.706850 -0.814226 -4.957492 6.581545 -2.422214 -1.742589 nan nan nan -0.820385 1.522243 6.203006 1.521999 -3.811678 8.117165 0.071389 -0.592295 -1.506524 -4.681299 -0.484318 -0.764999 2.274355 -0.728640 -2.511701 -28.490837 -2.033732 13.460789 -53.651697 -5.749294 11.166354 7.943638 -53.847487 -1.041571 9.329083 -19.482881 -44.452366 26.615863 6.327723 11.169899 55.918794 3.950853 14.366491 -24.329134 54.121110 -16.467415 3.247036 16.909161 -34.517503 
1.523106 -9.208673 100.345161 176.459015 -1.148013 85.489740 4.386526 2.309034 8.980124 -3.608087 -0.736688 -5.739010 3.235948 7.605541 -4.189186 nan nan nan -5.428304 -3.385034 9.559830 3.709244 -0.819107 -4.959023 6.581890 -2.434179 -1.735118 nan nan nan -0.806920 1.516012 6.196242 1.524679 -3.809902 8.097552 0.062547 -0.591421 -1.498594 -4.664328 -0.471794 -0.768355 2.265715 -0.740190 -2.476018 -28.482304 -2.019190 13.444264 -53.642762 -5.769681 11.154881 7.905482 -53.835430 -0.954973 9.256962 -19.519276 -44.404513 26.611502 6.300540 11.155882 55.927414 3.960591 14.364185 -24.283794 54.126328 -16.401568 3.216442 16.929516 -34.540314 
1.512262 -9.212645 100.340836 176.494255 -1.128870 85.515634 4.390180 2.310491 8.912659 -3.609595 -0.705922 -5.689627 3.103475 7.605846 -4.146842 nan nan nan -5.399032 -3.375999 9.543127 3.695348 -0.863258 -4.975356 6.574494 -2.459924 -1.715033 nan nan nan -0.754931 1.512624 6.174245 1.520477 -3.788872 8.029997 0.023001 -0.597614 -1.457552 -4.569903 -0.340628 -0.784129 2.212599 -0.754010 -2.309190 -28.492222 -1.951892 13.361410 -53.601684 -5.846673 11.099415 7.834896 -53.731904 -0.684691 8.869634 -19.800817 -44.231026 26.616430 6.156917 11.084188 55.960829 3.973001 14.377010 -24.200491 54.185192 -16.158966 3.145622 17.015816 -34.575752 
1.505775 -9.207543 100.333153 176.527338 -1.135821 85.521746 4.366859 2.334560 8.895684 -3.569238 -0.757693 -5.669516 3.172708 7.604763 -4.203938 nan nan nan -5.422980 -3.385850 9.544053 3.704852 -0.850333 -4.968796 6.617205 -2.450837 -1.724596 nan nan nan -0.769302 1.522487 6.158538 1.530507 -3.777767 8.000862 0.038479 -0.617944 -1.426409 -4.553677 -0.297949 -0.763901 2.230501 -0.699905 -2.293814 -28.494349 -1.926183 13.301674 -53.636432 -5.913110 11.107331 7.820805 -53.673363 -0.739548 8.994579 -19.824494 -44.270345 26.593350 6.078264 10.999881 55.983589 3.958249 14.426452 -24.208431 54.213826 -16.199512 3.168085 16.969686 -34.461267 
1.504921 -9.209429 100.328041 176.575039 -1.127445 85.532282 4.375554 2.337527 8.875066 -3.558602 -0.807918 -5.661381 3.313590 7.595259 -4.211500 nan nan nan -5.432110 -3.430800 9.537468 3.749805 -0.841873 -4.972005 6.643308 -2.457782 -1.731933 nan nan nan -0.773456 1.529831 6.143476 1.541414 -3.776484 7.966782 0.058955 -0.640978 -1.397069 -4.565064 -0.362550 -0.764883 2.302920 -0.673534 -2.285510 -28.475009 -1.901167 13.248293 -53.747692 -6.005598 11.141062 7.864117 -53.623205 -0.909605 9.357782 -19.578662 -44.330891 26.556556 6.034362 10.929274 56.035784 3.959187 14.441500 -24.181904 54.187289 -16.252124 3.090083 16.934709 -34.357975 
1.508534 -9.207746 100.331963 176.593459 -1.117738 85.520763 4.404121 2.333882 8.896611 -3.594744 -0.822971 -5.681499 3.249130 7.573008 -4.171010 nan nan nan -5.407073 -3.453231 9.564284 3.733728 -0.862171 -4.992377 6.618999 -2.446382 -1.719844 nan nan nan -0.785360 1.552772 6.142590 1.551791 -3.760455 7.955751 0.088606 -0.643146 -1.382257 -4.558832 -0.408873 -0.763188 2.365200 -0.720486 -2.289569 -28.471530 -1.875704 13.198423 -53.869366 -6.081828 11.150844 8.003623 -53.569555 -0.981999 9.414399 -19.500532 -44.196473 26.522610 5.969719 10.876465 56.072990 3.947971 14.405612 -24.124518 54.217112 -16.143473 3.044425 16.961919 -34.363705 
1.516052 -9.202738 100.339859 176.584544 -1.121509 85.515944 4.401377 2.346310 8.917338 -3.595539 -0.821666 -5.700567 3.150244 7.561238 -4.158469 nan nan nan -5.398166 -3.442094 9.570794 3.706971 -0.884802 -4.992243 6.609677 -2.429602 -1.700049 nan nan nan -0.814556 1.575554 6.142352 1.562426 -3.722301 7.939538 0.116956 -0.645590 -1.392462 -4.539597 -0.374734 -0.752820 2.403457 -0.750463 -2.257832 -28.492176 -1.825190 13.151985 -53.918656 -6.124968 11.157911 8.105901 -53.515913 -0.972805 9.144928 -19.611413 -43.949759 26.553295 5.891462 10.829806 56.056706 3.925556 14.390343 -24.092597 54.242451 -16.074352 3.190621 17.022776 -34.413562 
1.516430 -9.195736 100.343475 176.572277 -1.145901 85.506902 4.372874 2.401826 8.960916 -3.573761 -0.818799 -5.743176 3.174615 7.509871 -4.188742 nan nan nan -5.440986 -3.414203 9.564903 3.711311 -0.928098 -4.954487 6.590768 -2.398380 -1.740346 nan nan nan -0.861381 1.570140 6.166409 1.568074 -3.658907 7.886693 0.139793 -0.664862 -1.404198 -4.525773 -0.285650 -0.750433 2.441605 -0.816776 -2.099647 -28.451561 -1.753159 13.122982 -54.064011 -6.194579 11.156547 8.338416 -53.424821 -1.041181 8.636318 -19.815269 -43.827360 26.581060 5.859411 10.836357 56.111650 3.933179 14.423723 -24.198330 54.193093 -16.158861 3.236411 17.024538 -34.616782 
1.516285 -9.201145 100.349060 176.559078 -1.148426 85.502309 4.362136 2.436248 8.978288 -3.540737 -0.842727 -5.759532 3.254882 7.456047 -4.194804 nan nan nan -5.450383 -3.386273 9.559270 3.734010 -0.939515 -4.932112 6.576684 -2.384434 -1.784320 nan nan nan -0.872838 1.561057 6.180573 1.573525 -3.618637 7.870725 0.136819 -0.678994 -1.430506 -4.502180 -0.229796 -0.718794 2.438968 -0.843327 -2.021984 -28.426940 -1.726818 13.111294 -54.154863 -6.231972 11.169076 8.560206 -53.391144 -1.074824 8.469459 -19.914836 -43.922992 26.584305 5.867717 10.879560 56.200023 3.979739 14.428088 -24.277989 54.120638 -16.207012 3.127130 17.040857 -34.890682 
1.520124 -9.204718 100.352615 176.551023 -1.132632 85.519181 4.376411 2.456798 8.944013 -3.525960 -0.834132 -5.722295 3.216906 7.435715 -4.216596 nan nan nan -5.415931 -3.383687 9.551965 3.715617 -0.975778 -4.940628 6.624838 -2.356939 -1.772884 nan nan nan -0.872821 1.558264 6.165536 1.567732 -3.600898 7.829232 0.149462 -0.664449 -1.420142 -4.493857 -0.219422 -0.639801 2.450584 -0.818644 -2.073471 -28.431677 -1.706646 13.081172 -54.243006 -6.269764 11.204785 8.775185 -53.349508 -1.132557 8.497810 -19.907022 -43.897143 26.578290 5.827724 10.857465 56.244124 4.006516 14.410067 -24.172957 54.097860 -16.008683 3.103377 17.028396 -35.018035 
1.520481 -9.207907 100.347160 176.567711 -1.130977 85.536229 4.388526 2.449537 8.908547 -3.537354 -0.819439 -5.709176 3.150620 7.418624 -4.225075 nan nan nan -5.403238 -3.401925 9.533423 3.699718 -1.021595 -4.940436 6.652711 -2.330384 -1.741795 nan nan nan -0.875988 1.581933 6.134913 1.545712 -3.596511 7.809308 0.162434 -0.667226 -1.407729 -4.458313 -0.232979 -0.578963 2.476141 -0.807898 -2.081102 -28.443188 -1.699427 13.069704 -54.318055 -6.316732 11.226964 8.991183 -53.316462 -1.236470 8.448877 -19.931134 -43.846167 26.591793 5.782416 10.839367 56.247678 4.009959 14.395137 -24.098478 54.113224 -15.809596 3.158378 17.009233 -35.000490 
1.519140 -9.200541 100.341560 176.620321 -1.137583 85.522322 4.381429 2.422021 8.920193 -3.530086 -0.840005 -5.714700 3.107467 7.406270 -4.217908 nan nan nan -5.401260 -3.438346 9.562135 3.691359 -1.060540 -4.953080 6.658202 -2.340434 -1.732577 nan nan nan -0.869176 1.615138 6.106602 1.516640 -3.609671 7.816520 0.156099 -0.689612 -1.389104 -4.398006 -0.271438 -0.547639 2.466670 -0.792063 -2.040818 -28.447083 -1.711784 13.101172 -54.373514 -6.382300 11.217476 9.181320 -53.297110 -1.352006 8.403865 -19.937988 -43.918586 26.589784 5.755578 10.807590 56.296452 4.034169 14.408828 -24.077320 54.101408 -15.703894 3.142160 16.927412 -34.873764 
1.508907 -9.190655 100.336433 176.674673 -1.118964 85.526476 4.389849 2.405526 8.912039 -3.521975 -0.831159 -5.709513 3.098654 7.407281 -4.180506 nan nan nan -5.397967 -3.474015 9.581055 3.700222 -1.045046 -4.963629 6.652745 -2.365183 -1.730622 nan nan nan -0.837281 1.609841 6.054147 1.505336 -3.635474 7.837711 0.152460 -0.697779 -1.384184 -4.386649 -0.365099 -0.517040 2.424549 -0.718884 -2.066985 -28.484572 -1.736861 13.136224 -54.415820 -6.398839 11.192340 9.377457 -53.361088 -1.486544 8.391431 -19.789031 -43.874255 26.537654 5.764933 10.757102 56.358276 4.047164 14.417161 -24.027808 54.096428 -15.660648 3.215657 16.774962 -34.617579 
1.508443 -9.206572 100.320877 176.633750 -1.110714 85.588623 4.396975 2.429895 8.809310 -3.546035 -0.778934 -5.655630 3.050851 7.447237 -4.166382 nan nan nan -5.380725 -3.378547 9.462948 3.704919 -1.041855 -4.899852 6.605998 -2.387185 -1.752433 nan nan nan -0.848241 1.595020 6.031539 1.496263 -3.549510 7.770550 0.183170 -0.698380 -1.388421 -4.344523 -0.426304 -0.556318 2.396948 -0.675939 -1.974259 -28.522224 -1.700379 13.169799 -54.455890 -6.454388 11.140204 9.504643 -53.391798 -1.526857 8.402429 -19.773387 -43.807166 26.507489 5.730144 10.752463 56.379607 4.048137 14.377236 -23.807309 53.982540 -15.452956 3.035482 17.189012 -35.012570 
1.530671 -9.230071 100.291901 176.530330 -1.143184 85.685377 4.386411 2.501953 8.668904 -3.580692 -0.732421 -5.595778 2.984955 7.464988 -4.169119 nan nan nan -5.384221 -3.248919 9.273903 3.702747 -1.045661 -4.816823 6.555416 -2.386544 -1.777272 nan nan nan -0.932220 1.603029 5.990911 1.468786 -3.399019 7.674462 0.242617 -0.706099 -1.386255 -4.242257 -0.465754 -0.614484 2.363202 -0.650826 -1.796286 -28.538456 -1.603808 13.242342 -54.514781 -6.605294 11.057195 9.627451 -53.322366 -1.557966 8.354528 -20.036143 -43.948765 26.508348 5.686080 10.810799 56.399105 4.093027 14.335808 -23.552341 53.765250 -15.199028 2.647561 18.116954 -35.937900 
1.556290 -9.226555 100.272400 176.478065 -1.174897 85.726130 4.397246 2.569550 8.633140 -3.614050 -0.758268 -5.591024 2.968052 7.426408 -4.173679 nan nan nan -5.405242 -3.218809 9.193337 3.707566 -1.064411 -4.774857 6.534186 -2.348562 -1.799311 nan nan nan -1.017737 1.599913 5.937079 1.457228 -3.327746 7.642318 0.288885 -0.695343 -1.379643 -4.197580 -0.460597 -0.601221 2.351862 -0.612288 -1.713160 -28.557826 -1.530364 13.248429 -54.609888 -6.702380 10.994206 9.784858 -53.217923 -1.680866 8.172494 -20.285447 -43.950955 26.527341 5.647229 10.816071 56.403923 4.145068 14.316282 -23.384000 53.619380 -15.024647 2.648684 18.595795 -36.345792 
1.571370 -9.218590 100.268349 176.458564 -1.204413 85.692633 4.385438 2.600296 8.687404 -3.624305 -0.786567 -5.606159 2.998261 7.380308 -4.163876 nan nan nan -5.450277 -3.247000 9.223602 3.720451 -1.103477 -4.754726 6.516686 -2.294715 -1.808991 nan nan nan -1.085354 1.617608 5.937206 1.456883 -3.318921 7.649944 0.332073 -0.688454 -1.350615 -4.199438 -0.429496 -0.620767 2.368936 -0.571419 -1.723321 -28.562721 -1.501576 13.171087 -54.712398 -6.734466 10.992575 9.962134 -53.174136 -1.813089 8.029828 -20.372533 -43.787243 26.576638 5.619090 10.774486 56.374677 4.206970 14.273692 -23.313531 53.534456 -14.896973 3.083265 18.717477 -36.085259 
1.584413 -9.219514 100.269936 176.427349 -1.215503 85.656476 4.376519 2.625479 8.740814 -3.600222 -0.791902 -5.623358 3.057854 7.346007 -4.174172 nan nan nan -5.456560 -3.247810 9.245778 3.703187 -1.104970 -4.726300 6.494343 -2.309639 -1.843428 nan nan nan -1.129208 1.631783 5.977585 1.464658 -3.278174 7.622992 0.378954 -0.688475 -1.328034 -4.191090 -0.415826 -0.677713 2.341899 -0.545249 -1.700062 -28.555899 -1.459935 13.119953 -54.748525 -6.775201 11.016032 9.956833 -53.182397 -1.765677 8.089565 -20.409962 -43.739175 26.574747 5.613415 10.750592 56.379144 4.239169 14.281771 -23.306702 53.489432 -14.908334 3.110513 18.775786 -36.010962 
1.585042 -9.222542 100.268929 176.426291 -1.199916 85.657802 4.387723 2.630029 8.734640 -3.582055 -0.792818 -5.610018 3.074353 7.323354 -4.192977 nan nan nan -5.436409 -3.244209 9.225469 3.697833 -1.083050 -4.700259 6.444426 -2.334087 -1.868106 nan nan nan -1.117709 1.597941 6.007795 1.472476 -3.247327 7.578063 0.387836 -0.689486 -1.334762 -4.164207 -0.430717 -0.752777 2.305479 -0.558747 -1.569284 -28.586894 -1.392867 13.104296 -54.778446 -6.806073 10.999126 10.013501 -53.208582 -1.708853 8.139758 -20.434205 -43.704015 26.568162 5.626303 10.777725 56.362388 4.269302 14.310181 -23.260955 53.483943 -14.846885 2.965630 18.762386 -36.042316 
1.580981 -9.217925 100.263939 176.431205 -1.183866 85.688544 4.413387 2.622582 8.698530 -3.605025 -0.762936 -5.589253 3.046791 7.307467 -4.216399 nan nan nan -5.434347 -3.233435 9.190542 3.723262 -1.053588 -4.694070 6.411894 -2.317745 -1.887513 nan nan nan -1.084878 1.584844 5.976514 1.473695 -3.239940 7.568539 0.374590 -0.682082 -1.353225 -4.155947 -0.446804 -0.782734 2.275214 -0.564762 -1.495193 -28.617491 -1.363996 13.141995 -54.800510 -6.815747 10.955465 10.108801 -53.261946 -1.740640 8.110911 -20.446163 -43.467578 26.576805 5.593151 10.805765 56.337566 4.281876 14.279585 -23.208123 53.543991 -14.698381 3.059663 18.749147 -35.844969 
1.570087 -9.209077 100.267746 176.465546 -1.139998 85.651917 4.455558 2.609896 8.745420 -3.603026 -0.742510 -5.601066 3.049982 7.299342 -4.222288 nan nan nan -5.413246 -3.244491 9.269686 3.772574 -1.060007 -4.751933 6.421800 -2.294823 -1.859960 nan nan nan -0.992544 1.573888 6.016082 1.465175 -3.249801 7.560264 0.349472 -0.680191 -1.365001 -4.163982 -0.488932 -0.769622 2.253194 -0.533475 -1.534851 -28.655442 -1.336376 13.143070 -54.798574 -6.827224 10.939944 10.177633 -53.323990 -1.870758 8.115079 -20.428605 -43.329677 26.582502 5.569648 10.783748 56.304128 4.268484 14.267582 -23.158997 53.582137 -14.716523 3.144995 18.770435 -35.621306 
1.547853 -9.203899 100.287399 176.544972 -1.072762 85.566919 4.484328 2.572004 8.844347 -3.545403 -0.777043 -5.622609 3.084693 7.319949 -4.254572 nan nan nan -5.364920 -3.288897 9.420514 3.797094 -1.083139 -4.822567 6.497088 -2.288625 -1.794299 nan nan nan -0.872104 1.526653 6.097539 1.469656 -3.305479 7.559340 0.299678 -0.661876 -1.369537 -4.150141 -0.514570 -0.744808 2.234217 -0.504672 -1.618522 -28.708542 -1.297809 13.066136 -54.749181 -6.799635 10.993409 10.180125 -53.392060 -1.877007 8.126790 -20.392924 -43.325735 26.593560 5.594575 10.744708 56.272474 4.243137 14.304656 -23.148370 53.564658 -14.804514 3.067241 18.786842 -35.574485 
1.541830 -9.207192 100.284660 176.564457 -1.063044 85.583068 4.478502 2.535814 8.828603 -3.532465 -0.767431 -5.625795 3.116575 7.321742 -4.273455 nan nan nan -5.329533 -3.292700 9.407745 3.758748 -1.125790 -4.814549 6.517614 -2.338063 -1.794194 nan nan nan -0.886545 1.508795 6.044119 1.501282 -3.326436 7.567396 0.296761 -0.634504 -1.357310 -4.124474 -0.505147 -0.708342 2.189536 -0.492206 -1.647827 -28.696075 -1.271614 13.060209 -54.748764 -6.815915 11.020506 10.151917 -53.443540 -1.738472 8.146296 -20.377566 -43.368879 26.592538 5.599602 10.777612 56.265330 4.266604 14.319807 -23.193901 53.591069 -14.780149 2.829776 18.754977 -35.593221 
1.541181 -9.210782 100.280167 176.552976 -1.068605 85.598435 4.472764 2.528064 8.803785 -3.543987 -0.755559 -5.615132 3.124769 7.322195 -4.271392 nan nan nan -5.329764 -3.286271 9.380764 3.747206 -1.124285 -4.803094 6.523565 -2.350279 -1.803574 nan nan nan -0.898568 1.513673 6.027486 1.504563 -3.319737 7.549022 0.297733 -0.625664 -1.352140 -4.114597 -0.506231 -0.724732 2.178915 -0.509792 -1.628295 -28.682699 -1.264065 13.053693 -54.747822 -6.817237 11.011263 10.132805 -53.459253 -1.711762 8.129030 -20.361541 -43.371693 26.589467 5.592586 10.777287 56.277001 4.284937 14.327776 -23.216243 53.618526 -14.767022 2.815691 18.656664 -35.524705 
1.527002 -9.235600 100.288712 176.556258 -1.034243 85.562721 4.498538 2.480144 8.810860 -3.555730 -0.753758 -5.576532 3.144993 7.342625 -4.289505 nan nan nan -5.296138 -3.309154 9.385734 3.722913 -1.090019 -4.768902 6.627221 -2.374351 -1.800354 nan nan nan -0.809136 1.531238 6.158833 1.501021 -3.314620 7.431919 0.262705 -0.635023 -1.323355 -4.097330 -0.578005 -0.828619 2.153740 -0.599587 -1.573079 -28.649707 -1.278620 12.965740 -54.758757 -6.755845 11.002363 10.077468 -53.588329 -1.713623 8.082774 -20.114029 -43.365863 26.513092 5.585949 10.670982 56.365749 4.296999 14.411150 -23.343719 53.794048 -14.881982 2.913483 17.778631 -35.091952 
1.555241 -9.175304 100.299576 176.679000 -0.974035 85.504170 4.595276 2.516514 8.942863 -3.537785 -0.892485 -5.658044 3.102962 7.299918 -4.295558 nan nan nan -5.230923 -3.481923 9.601152 3.718997 -1.015157 -4.916890 6.622516 -2.361853 -1.738008 nan nan nan -0.819616 1.568999 6.042145 1.575842 -3.392611 7.588146 0.304122 -0.672962 -1.346200 -4.172535 -0.637074 -0.754101 2.183948 -0.639329 -1.649371 -28.642445 -1.344812 13.009809 -54.790894 -6.691826 11.036041 10.136779 -53.748128 -1.691958 8.208711 -19.877573 -43.260761 26.449288 5.583805 10.641542 56.363104 4.260139 14.351723 -23.297105 53.940085 -14.909596 3.021539 17.330774 -35.126387 
1.564206 -9.202303 100.289520 176.592459 -1.006343 85.564083 4.547559 2.523755 8.860925 -3.526232 -0.874741 -5.652156 3.184989 7.353118 -4.272970 nan nan nan -5.251285 -3.403147 9.476660 3.723478 -0.995472 -4.858069 6.541538 -2.387385 -1.757809 nan nan nan -0.860245 1.574773 6.061664 1.571247 -3.305166 7.463751 0.315317 -0.668004 -1.338734 -4.197831 -0.612860 -0.852087 2.158234 -0.667207 -1.408501 -28.564259 -1.308280 13.017728 -54.867046 -6.697757 11.064618 10.147820 -53.793589 -1.500933 8.360892 -19.856671 -43.375735 26.430357 5.587079 10.686219 56.387989 4.249197 14.358612 -23.307289 53.922707 -14.879881 2.794036 17.649128 -35.681432 
1.585678 -9.215073 100.270721 176.530262 -1.078919 85.639869 4.478756 2.522139 8.746328 -3.540212 -0.836437 -5.610268 3.183356 7.377879 -4.221779 nan nan nan -5.303852 -3.323485 9.336798 3.714278 -1.024062 -4.793886 6.441017 -2.411859 -1.838858 nan nan nan -0.974723 1.558651 6.024407 1.565193 -3.251288 7.331159 0.320939 -0.609764 -1.278401 -4.154504 -0.528627 -0.944582 2.148290 -0.741032 -1.163058 -28.479342 -1.248592 13.049248 -54.891582 -6.790527 11.030373 10.055198 -53.724877 -1.341134 8.357682 -19.996743 -43.670949 26.458303 5.521966 10.748590 56.429504 4.338067 14.335876 -23.219249 53.807140 -14.618816 2.490716 18.231326 -36.259658 
1.594346 -9.206353 100.277283 176.550971 -1.112014 85.652516 4.450435 2.527418 8.735768 -3.554223 -0.856724 -5.597400 3.112705 7.376421 -4.213896 nan nan nan -5.340892 -3.339221 9.325637 3.725086 -1.047816 -4.776821 6.437151 -2.386958 -1.890407 nan nan nan -1.014273 1.571210 5.973233 1.558132 -3.278021 7.327192 0.315599 -0.583957 -1.257925 -4.154367 -0.469417 -0.869253 2.176368 -0.739706 -1.220006 -28.448368 -1.271250 13.043482 -54.856525 -6.763290 11.047892 10.027242 -53.745374 -1.346747 8.214228 -19.971524 -43.735476 26.484174 5.493644 10.731779 56.459432 4.367871 14.340174 -23.245554 53.812151 -14.565831 2.579659 18.178045 -36.146013 
1.586071 -9.164825 100.308441 176.643413 -1.035811 85.543913 4.553926 2.561744 8.896261 -3.564023 -0.905930 -5.629584 3.035491 7.305748 -4.286015 nan nan nan -5.267747 -3.461573 9.535468 3.698949 -1.036868 -4.865336 6.487273 -2.368189 -1.899902 nan nan nan -0.902282 1.571664 6.001239 1.579876 -3.371055 7.399374 0.288965 -0.593459 -1.289075 -4.203606 -0.472229 -0.791922 2.190266 -0.731224 -1.292483 -28.495049 -1.341937 13.052555 -54.797248 -6.668014 11.095210 10.078848 -53.797637 -1.493932 8.178180 -19.821611 -43.477288 26.520215 5.557422 10.686436 56.395661 4.285047 14.348637 -23.301546 53.851637 -14.691977 2.774827 17.891612 -35.797036 
1.602960 -9.181316 100.289864 176.474198 -1.099019 85.641144 4.517642 2.628196 8.844248 -3.613019 -0.852693 -5.698000 3.123578 7.336600 -4.320976 nan nan nan -5.317871 -3.302782 9.343795 3.710850 -0.975296 -4.775961 6.472667 -2.419458 -1.947188 nan nan nan -0.987101 1.562261 5.926020 1.549999 -3.256785 7.344580 0.284467 -0.547968 -1.267934 -4.139987 -0.476157 -0.868878 2.158806 -0.783250 -1.187577 -28.372670 -1.289598 13.021503 -54.816716 -6.663512 11.093204 9.905187 -53.819544 -1.258489 8.233024 -19.786558 -43.333779 26.478598 5.595468 10.728190 56.479281 4.357582 14.387260 -23.227731 53.768890 -14.686037 2.680353 17.879736 -35.816287 
1.588457 -9.167870 100.307106 176.398595 -1.087715 85.543498 4.519999 2.682239 9.018716 -3.608284 -0.885590 -5.779469 3.133187 7.356373 -4.339560 nan nan nan -5.354466 -3.267801 9.427525 3.774444 -0.979182 -4.725755 6.541676 -2.369555 -1.902341 nan nan nan -0.894472 1.577028 6.007242 1.499914 -3.179482 7.389050 0.226876 -0.557926 -1.295723 -4.103856 -0.482463 -0.894119 2.196901 -0.810917 -1.151311 -28.345775 -1.324550 12.941093 -54.776336 -6.596875 11.160010 9.845313 -53.815241 -1.241948 8.271993 -19.729156 -43.187407 26.469306 5.655700 10.652144 56.481213 4.351032 14.442715 -23.157184 53.748259 -14.864674 2.758420 17.604302 -35.764853 
1.609458 -9.129992 100.284531 176.363641 -1.158979 85.647502 4.447679 2.724548 8.921682 -3.605596 -0.854606 -5.748024 3.113580 7.381930 -4.328442 nan nan nan -5.432705 -3.236403 9.338952 3.797709 -0.955352 -4.725177 6.520297 -2.354578 -1.895340 nan nan nan -1.022647 1.599591 5.743896 1.499111 -3.155461 7.492670 0.233250 -0.549467 -1.280728 -4.069136 -0.461712 -0.857596 2.226987 -0.843254 -1.154349 -28.280900 -1.295399 12.929898 -54.753852 -6.584699 11.173678 9.711157 -53.810563 -1.217489 8.264231 -19.830624 -43.223365 26.472471 5.598998 10.648776 56.511367 4.392716 14.480523 -23.151188 53.820367 -14.933577 2.863999 17.331200 -35.719151 
1.599725 -9.112912 100.287567 176.472339 -1.118123 85.614714 4.462489 2.652827 8.925343 -3.565220 -0.861516 -5.680229 3.062996 7.370518 -4.349629 nan nan nan -5.388252 -3.301642 9.470451 3.780938 -0.958234 -4.839752 6.567549 -2.371258 -1.878088 nan nan nan -0.977461 1.575800 5.752510 1.535334 -3.233743 7.496752 0.222047 -0.563697 -1.265967 -4.061504 -0.485270 -0.956659 2.189519 -0.873739 -1.059048 -28.272536 -1.270419 12.938207 -54.740965 -6.600116 11.142939 9.570282 -53.853551 -1.118765 8.307282 -19.983362 -43.309539 26.421860 5.558602 10.609081 56.544306 4.371735 14.511483 -23.225122 53.914943 -14.902636 2.899711 17.251058 -35.502328 
1.599832 -9.122162 100.300316 176.581118 -1.042112 85.570200 4.547598 2.586650 8.958396 -3.559899 -0.934144 -5.676997 3.041162 7.372020 -4.320986 nan nan nan -5.280034 -3.404929 9.571636 3.735145 -0.932574 -4.901401 6.590591 -2.399757 -1.844113 nan nan nan -0.925448 1.554322 5.863916 1.591427 -3.306638 7.405171 0.225530 -0.568761 -1.249550 -4.073798 -0.514252 -1.006682 2.201096 -0.891494 -1.004780 -28.281385 -1.231568 12.911819 -54.727515 -6.585081 11.158631 9.477833 -53.948580 -1.013848 8.492299 -19.824130 -43.507477 26.398255 5.474831 10.537243 56.520864 4.357128 14.521379 -23.180901 54.031846 -14.729864 2.958199 17.133090 -35.273329 
1.586359 -9.136522 100.292419 176.603792 -1.061273 85.634068 4.525944 2.515713 8.898432 -3.587102 -0.963865 -5.727467 3.235728 7.407858 -4.264876 nan nan nan -5.306793 -3.394352 9.479397 3.746054 -0.889688 -4.868856 6.543103 -2.437573 -1.863181 nan nan nan -0.951221 1.575372 5.834008 1.602866 -3.298835 7.307550 0.252866 -0.593171 -1.183044 -4.090510 -0.507287 -1.063968 2.204290 -0.912732 -0.971399 -28.267778 -1.168392 12.845900 -54.750659 -6.623169 11.180916 9.360682 -53.955021 -0.878924 8.504391 -19.641131 -43.618662 26.367799 5.395862 10.472163 56.492224 4.380775 14.563808 -23.131851 54.097075 -14.634919 3.007649 17.062093 -35.147890 
1.590876 -9.139289 100.303307 176.519915 -1.053899 85.602457 4.561046 2.592667 8.972594 -3.623572 -1.004124 -5.780478 3.332320 7.419243 -4.238517 nan nan nan -5.299604 -3.355663 9.448551 3.738002 -0.857053 -4.788501 6.530638 -2.423722 -1.913606 nan nan nan -0.983156 1.621254 5.900542 1.623525 -3.208166 7.281713 0.312245 -0.594139 -1.201812 -4.091717 -0.515734 -1.118706 2.202603 -0.924348 -0.974820 -28.324879 -1.169471 12.800044 -54.734246 -6.603575 11.208201 9.351858 -53.974511 -0.834493 8.521460 -19.523928 -43.526259 26.360282 5.413744 10.428771 56.436617 4.307580 14.602117 -23.211743 54.155968 -14.806800 2.933644 17.023251 -35.175267 
1.586167 -9.122502 100.299263 176.580700 -1.074730 85.623566 4.520724 2.555151 8.945886 -3.609088 -1.031411 -5.779188 3.365446 7.437997 -4.248640 nan nan nan -5.352058 -3.369914 9.441352 3.787836 -0.906888 -4.792860 6.482856 -2.479632 -1.948264 nan nan nan -0.982861 1.620928 5.854260 1.615466 -3.242367 7.275144 0.291168 -0.591873 -1.193218 -4.095340 -0.529793 -1.104402 2.239915 -0.932770 -1.016212 -28.291334 -1.142981 12.806231 -54.720330 -6.615756 11.202578 9.278647 -54.024428 -0.756940 8.586833 -19.506511 -43.454018 26.348586 5.416458 10.413936 56.486566 4.282766 14.613682 -23.289868 54.142847 -14.975680 2.958568 17.088411 -35.244105 
1.591034 -9.109465 100.306984 176.595720 -1.088074 85.588417 4.497437 2.550551 8.985646 -3.581376 -0.993465 -5.772542 3.316714 7.405411 -4.269970 nan nan nan -5.371226 -3.372821 9.497926 3.779347 -0.934096 -4.806097 6.492699 -2.482924 -1.966027 nan nan nan -0.959694 1.597189 5.904645 1.591698 -3.274169 7.232913 0.238664 -0.550035 -1.174920 -4.056812 -0.513574 -1.114200 2.239149 -0.964497 -0.995084 -28.215756 -1.053332 12.772379 -54.696657 -6.653240 11.170322 9.127323 -54.052380 -0.623616 8.551970 -19.631255 -43.413760 26.364856 5.376098 10.358044 56.560432 4.285281 14.653485 -23.338648 54.109626 -15.027070 3.067500 17.174686 -35.166271 
1.599781 -9.087359 100.320557 176.565833 -1.103753 85.532702 4.484802 2.607345 9.089588 -3.564475 -0.958554 -5.809394 3.227579 7.356187 -4.281545 nan nan nan -5.402952 -3.393246 9.596657 3.779145 -0.916550 -4.842000 6.568028 -2.429694 -1.949894 nan nan nan -0.985080 1.608519 5.912799 1.589583 -3.269040 7.261206 0.223969 -0.522960 -1.154185 -3.992811 -0.488997 -1.162571 2.222388 -1.006978 -0.919258 -28.159838 -1.019214 12.743632 -54.686918 -6.658794 11.181870 9.026964 -54.081835 -0.521346 8.546960 -19.679409 -43.316434 26.383912 5.358024 10.331943 56.583687 4.301179 14.667795 -23.347384 54.098374 -15.042018 3.143492 17.183114 -35.109128 
1.588193 -9.119946 100.330887 176.685772 -1.130031 85.503755 4.442651 2.519506 9.051882 -3.556689 -0.953912 -5.761749 3.189142 7.374304 -4.312188 nan nan nan -5.447753 -3.412112 9.637382 3.829553 -0.962666 -4.867316 6.630871 -2.445714 -1.930861 nan nan nan -1.016268 1.585783 6.100209 1.586653 -3.326086 7.089726 0.236773 -0.562356 -1.141465 -3.947768 -0.437666 -1.269953 2.206659 -1.007027 -0.792880 -28.123759 -0.959963 12.669463 -54.711076 -6.635949 11.256209 8.960530 -54.132108 -0.433145 8.621761 -19.709354 -43.445269 26.353073 5.330644 10.245191 56.595512 4.285942 14.763892 -23.262243 54.104050 -14.962930 3.088963 17.153286 -35.111486 
1.533034 -9.246169 100.352043 177.091376 -1.132647 85.420266 4.340905 2.090456 8.858494 -3.503411 -0.976436 -5.536145 3.187388 7.479598 -4.318432 nan nan nan -5.472678 -3.472199 9.717772 3.883259 -1.152053 -4.926888 6.657441 -2.569022 -1.898914 nan nan nan -0.934625 1.503899 6.710586 1.569446 -3.544980 6.551507 0.237800 -0.678978 -1.086704 -3.900079 -0.352045 -1.575670 2.150842 -1.049672 -0.520456 -28.086044 -0.887985 12.561766 -54.770266 -6.630600 11.334299 8.911706 -54.160231 -0.438826 8.592800 -19.949014 -43.878985 26.248216 5.308521 10.054068 56.671479 4.238850 14.953426 -23.253112 54.081124 -14.885310 2.886997 17.125632 -35.143514 
1.535889 -9.250509 100.358597 177.121973 -1.136000 85.385066 4.318058 1.974258 8.884287 -3.484098 -0.931302 -5.529312 3.121453 7.514206 -4.299698 nan nan nan -5.452546 -3.449880 9.780165 3.845356 -1.201043 -4.992880 6.645176 -2.576359 -1.871932 nan nan nan -0.927419 1.527423 6.809526 1.564673 -3.561852 6.463754 0.250316 -0.706340 -1.060199 -3.854362 -0.295248 -1.684529 2.111635 -1.114470 -0.451667 -28.071388 -0.853572 12.538146 -54.749145 -6.612779 11.351206 8.900300 -54.167552 -0.505733 8.441901 -20.219196 -44.038835 26.229495 5.260394 10.011111 56.685693 4.248698 15.006250 -23.257784 54.080745 -14.827375 2.838277 17.133858 -35.109086 
1.529621 -9.262264 100.360680 177.142684 -1.129481 85.398896 4.289326 1.919403 8.833658 -3.439325 -0.904698 -5.489657 3.122797 7.513309 -4.302976 nan nan nan -5.430204 -3.440799 9.743448 3.809872 -1.218834 -4.975800 6.667936 -2.589692 -1.851376 nan nan nan -0.878648 1.568222 6.848175 1.555850 -3.545679 6.397921 0.238468 -0.722430 -1.074329 -3.871076 -0.270808 -1.709377 2.094824 -1.221331 -0.420631 -28.074117 -0.842063 12.563198 -54.709222 -6.647296 11.322599 8.899586 -54.134044 -0.528773 8.195748 -20.435727 -43.893604 26.222734 5.159776 9.944845 56.684771 4.217426 15.010690 -23.190807 54.108345 -14.733301 2.807149 17.167346 -35.101398 
1.528709 -9.245286 100.360710 177.104650 -1.139654 85.431075 4.265490 1.953548 8.833932 -3.421855 -0.944335 -5.520188 3.223474 7.529677 -4.302644 nan nan nan -5.441665 -3.426945 9.707356 3.802553 -1.173916 -4.953431 6.670105 -2.586983 -1.842595 nan nan nan -0.844659 1.572694 6.782918 1.517455 -3.518868 6.398984 0.196073 -0.704191 -1.086718 -3.901736 -0.261189 -1.715935 2.153712 -1.334192 -0.428410 -28.060584 -0.781673 12.532779 -54.680745 -6.623506 11.275732 8.891514 -54.176378 -0.451043 8.019015 -20.409446 -43.793419 26.287456 5.098792 9.945211 56.647841 4.198546 15.000099 -23.100615 54.170677 -14.609594 2.783261 17.049817 -34.991393 
1.531212 -9.239977 100.363052 177.100195 -1.144731 85.441381 4.267738 1.966258 8.831477 -3.430636 -0.955599 -5.523185 3.239117 7.536239 -4.293510 nan nan nan -5.442459 -3.428554 9.698663 3.800550 -1.163772 -4.954061 6.668132 -2.595329 -1.838312 nan nan nan -0.843683 1.561113 6.761557 1.511890 -3.516887 6.389708 0.182654 -0.691977 -1.075832 -3.900264 -0.274320 -1.741135 2.168805 -1.364904 -0.439004 -28.062268 -0.749190 12.495325 -54.658881 -6.599443 11.277968 8.865231 -54.207849 -0.417203 8.039472 -20.345535 -43.780257 26.308940 5.092860 9.933473 56.637775 4.194521 15.015747 -23.082442 54.184081 -14.600862 2.786515 17.000358 -34.953812 
1.539410 -9.232426 100.365479 177.093316 -1.147564 85.509547 4.286230 1.957707 8.771364 -3.476142 -0.967502 -5.532114 3.286709 7.577654 -4.265817 nan nan nan -5.431564 -3.455344 9.629076 3.805322 -1.166632 -4.955928 6.661919 -2.628847 -1.848414 nan nan nan -0.828522 1.529495 6.693946 1.504100 -3.524366 6.340001 0.142032 -0.664111 -1.014265 -3.914556 -0.313203 -1.890093 2.217836 -1.485010 -0.491214 -28.053267 -0.634751 12.331751 -54.625997 -6.532174 11.320285 8.767750 -54.275387 -0.348457 8.127366 -20.074897 -43.725415 26.363814 5.066599 9.870291 56.624179 4.183389 15.072025 -23.065475 54.199819 -14.623037 2.889830 16.890924 -34.840091 
1.539794 -9.237470 100.361954 177.115450 -1.125044 85.568253 4.295337 1.849956 8.693725 -3.488259 -0.953370 -5.519578 3.276305 7.637903 -4.268590 nan nan nan -5.388009 -3.443008 9.563148 3.784496 -1.215261 -4.945488 6.658557 -2.667423 -1.897470 nan nan nan -0.759495 1.524076 6.655017 1.501291 -3.552234 6.281407 0.090795 -0.644416 -0.961619 -3.976252 -0.284331 -2.015785 2.279349 -1.573012 -0.513017 -27.972757 -0.618058 12.238575 -54.703384 -6.524668 11.376889 8.764568 -54.246539 -0.409762 8.172044 -19.918656 -43.758651 26.342341 5.059145 9.814853 56.707252 4.186934 15.117579 -23.169490 54.170813 -14.693094 3.078209 16.733349 -34.697054 
1.536798 -9.236878 100.358543 177.135742 -1.112888 85.632342 4.298305 1.775428 8.613858 -3.496958 -0.929867 -5.513660 3.197212 7.644781 -4.250554 nan nan nan -5.340653 -3.393087 9.479602 3.732379 -1.263649 -4.918716 6.632356 -2.709737 -1.956659 nan nan nan -0.697207 1.501464 6.590502 1.487181 -3.563978 6.238300 0.039258 -0.617972 -0.924585 -4.035041 -0.290897 -2.109643 2.343204 -1.673570 -0.523772 -27.910170 -0.609729 12.174420 -54.800817 -6.508057 11.406344 8.958710 -54.218543 -0.585956 7.997630 -19.784445 -43.553098 26.334223 5.043350 9.750674 56.783347 4.173741 15.139521 -23.278631 54.147604 -14.769104 3.448022 16.538703 -34.455774 
1.542841 -9.224780 100.342865 177.086196 -1.126823 85.713927 4.300638 1.795576 8.544884 -3.525557 -0.857217 -5.534953 3.080334 7.606437 -4.220572 nan nan nan -5.363190 -3.360786 9.365522 3.742536 -1.271496 -4.879232 6.600641 -2.688258 -1.957398 nan nan nan -0.686534 1.474757 6.481226 1.467641 -3.525071 6.241238 0.005001 -0.572570 -0.898073 -4.081742 -0.260025 -2.162541 2.376667 -1.802120 -0.603896 -27.855102 -0.541962 12.105162 -54.800925 -6.510071 11.418528 8.998509 -54.252172 -0.554830 7.621360 -19.822199 -43.434370 26.361851 4.987319 9.717738 56.783698 4.181714 15.145266 -23.301352 54.160468 -14.868427 3.648208 16.514295 -34.435864 
1.558538 -9.210478 100.328972 177.031741 -1.139315 85.772057 4.315680 1.840373 8.512240 -3.562619 -0.786784 -5.566569 2.983102 7.585460 -4.205761 nan nan nan -5.414277 -3.390424 9.289009 3.809022 -1.246090 -4.852340 6.592804 -2.634233 -1.921093 nan nan nan -0.717558 1.482571 6.420266 1.465080 -3.456594 6.221111 0.011987 -0.548767 -0.894272 -4.133421 -0.219941 -2.174980 2.409962 -1.889761 -0.733019 -27.814682 -0.477097 12.061989 -54.800636 -6.538408 11.428478 8.899099 -54.251722 -0.360220 7.322121 -19.969845 -43.575885 26.365102 4.900237 9.692748 56.791331 4.182316 15.136763 -23.250948 54.197256 -14.855295 3.666428 16.491848 -34.625982 
1.566931 -9.205617 100.322273 177.026931 -1.106079 85.798413 4.375716 1.824619 8.480718 -3.578897 -0.743695 -5.555162 3.008665 7.565579 -4.219403 nan nan nan -5.378258 -3.393845 9.269359 3.826942 -1.265640 -4.867713 6.651002 -2.608819 -1.869550 nan nan nan -0.684463 1.494307 6.408837 1.467356 -3.407267 6.188007 0.009546 -0.565499 -0.868821 -4.185366 -0.243642 -2.202388 2.445595 -1.930808 -0.890009 -27.797831 -0.467864 12.069215 -54.827158 -6.581748 11.434502 8.905381 -54.239151 -0.308670 7.405354 -20.065315 -43.490971 26.335916 4.849891 9.634519 56.820381 4.178233 15.111208 -23.118683 54.206630 -14.705325 3.567976 16.461161 -34.724156 
1.563526 -9.205971 100.320702 177.018953 -1.105353 85.790363 4.376696 1.825365 8.490647 -3.554390 -0.763769 -5.556582 3.109349 7.549226 -4.213907 nan nan nan -5.372984 -3.372654 9.286689 3.813888 -1.293202 -4.891653 6.709834 -2.626727 -1.863827 nan nan nan -0.655233 1.488463 6.448507 1.444903 -3.388703 6.152349 -0.007547 -0.587068 -0.870461 -4.213113 -0.289372 -2.281390 2.377603 -1.926681 -0.938856 -27.775655 -0.417203 12.111066 -54.840389 -6.611583 11.439527 8.904318 -54.274482 -0.247363 7.669248 -20.070106 -43.490322 26.355333 4.843493 9.632652 56.799701 4.179719 15.105613 -22.923621 54.132025 -14.532711 3.275302 16.804110 -34.955540 
1.555959 -9.183078 100.334038 177.005192 -1.132394 85.694660 4.318518 1.894746 8.613645 -3.498097 -0.785197 -5.553013 3.129463 7.530694 -4.235669 nan nan nan -5.429619 -3.412781 9.437152 3.819846 -1.234144 -4.946010 6.714611 -2.615584 -1.874009 nan nan nan -0.640535 1.496904 6.514869 1.414807 -3.391330 6.217372 -0.020643 -0.607764 -0.935722 -4.265205 -0.388567 -2.353525 2.271604 -1.915524 -0.985199 -27.793349 -0.421808 12.165892 -54.813754 -6.572872 11.375935 8.949941 -54.367322 -0.366587 7.652534 -20.006970 -43.647007 26.397422 4.876670 9.655013 56.774010 4.135648 15.089796 -22.883428 54.114768 -14.552957 3.181708 17.032570 -35.028761 
1.548874 -9.167686 100.351265 176.996995 -1.147447 85.637349 4.271979 1.939236 8.694479 -3.448084 -0.788682 -5.564363 3.139733 7.525349 -4.272584 nan nan nan -5.456966 -3.446488 9.521346 3.808897 -1.165903 -4.961704 6.695565 -2.572020 -1.865027 nan nan nan -0.619746 1.485999 6.577189 1.393988 -3.379323 6.222893 -0.037933 -0.598119 -0.969254 -4.303337 -0.498476 -2.486012 2.171338 -1.963111 -0.976337 -27.813864 -0.434072 12.138566 -54.804937 -6.512359 11.306102 9.075184 -54.406707 -0.466814 7.334402 -19.936117 -43.517849 26.382900 4.911516 9.661802 56.817544 4.093606 15.075900 -22.989837 54.200937 -14.712766 3.316683 16.757932 -34.894040 
1.541899 -9.177383 100.349533 177.023185 -1.155954 85.693214 4.271445 1.944678 8.600154 -3.477410 -0.801495 -5.531441 3.129902 7.534207 -4.285448 nan nan nan -5.450326 -3.444724 9.440610 3.788732 -1.176674 -4.937326 6.735232 -2.566809 -1.855422 nan nan nan -0.606482 1.456912 6.599446 1.387901 -3.381683 6.104977 -0.050532 -0.576522 -0.945109 -4.346951 -0.528479 -2.625550 2.132401 -2.003911 -0.917662 -27.813025 -0.414556 12.093695 -54.853048 -6.501346 11.282043 9.100655 -54.342737 -0.454910 7.382591 -19.897837 -43.316946 26.337261 4.899574 9.627444 56.883670 4.104081 15.073740 -23.026840 54.286322 -14.681984 3.471537 16.435352 -34.743819 
1.533135 -9.201591 100.338676 177.072523 -1.095393 85.839724 4.331705 1.905652 8.394715 -3.487752 -0.846122 -5.505361 3.133153 7.559825 -4.216702 nan nan nan -5.382296 -3.445956 9.231496 3.821832 -1.204275 -4.876370 6.749288 -2.599851 -1.874338 nan nan nan -0.516314 1.381370 6.564781 1.392973 -3.397777 5.928911 -0.057041 -0.544944 -0.895449 -4.452739 -0.573968 -2.746698 2.122102 -1.999930 -0.888086 -27.800849 -0.357604 12.062551 -54.918797 -6.482465 11.301457 9.003040 -54.308248 -0.415887 7.747724 -19.798014 -43.387615 26.287918 4.875610 9.628149 56.860816 4.087078 15.041630 -22.943658 54.389629 -14.565780 3.471464 16.318846 -34.756271 
1.526821 -9.202355 100.348602 177.075494 -1.072493 85.904445 4.331555 1.890382 8.323103 -3.459438 -0.863389 -5.498950 3.129326 7.561211 -4.177731 nan nan nan -5.369796 -3.445640 9.145346 3.861729 -1.256605 -4.850351 6.726982 -2.579224 -1.851816 nan nan nan -0.440778 1.345294 6.531186 1.368026 -3.397751 5.905069 -0.088532 -0.521977 -0.924955 -4.538185 -0.622676 -2.736816 2.128270 -2.075502 -1.070279 -27.833530 -0.329666 12.023590 -54.869367 -6.431839 11.283135 9.184505 -54.313792 -0.465249 7.338362 -19.780732 -43.229451 26.323764 4.920754 9.656941 56.857244 4.021460 15.013388 -23.002427 54.367175 -14.612543 3.501415 16.450720 -34.780074 
1.525871 -9.179873 100.353867 177.071157 -1.102982 85.883248 4.291081 1.926666 8.382730 -3.439540 -0.886016 -5.531005 3.097595 7.552018 -4.186598 nan nan nan -5.391684 -3.450759 9.192653 3.824568 -1.308549 -4.867247 6.705932 -2.550541 -1.867663 nan nan nan -0.447843 1.334365 6.530191 1.338933 -3.406286 5.934876 -0.103936 -0.508208 -0.945687 -4.596833 -0.584872 -2.772862 2.149394 -2.116869 -1.180496 -27.828605 -0.337762 12.034897 -54.851046 -6.397865 11.251586 9.467607 -54.332942 -0.576992 6.953169 -19.852382 -43.010508 26.349393 4.969078 9.671311 56.880604 3.988195 14.986151 -23.010593 54.316113 -14.624178 3.601808 16.600238 -34.856489 
1.528647 -9.151297 100.336296 177.096707 -1.102608 85.887390 4.303315 1.909861 8.404390 -3.451809 -0.827226 -5.569975 3.110527 7.551148 -4.225626 nan nan nan -5.360553 -3.443746 9.219848 3.751761 -1.329299 -4.890828 6.650385 -2.569653 -1.927692 nan nan nan -0.453641 1.287220 6.493909 1.343333 -3.425779 5.933457 -0.119307 -0.491340 -0.891021 -4.639176 -0.430894 -2.912946 2.169837 -2.075865 -1.128802 -27.784787 -0.291297 12.051800 -54.905463 -6.450693 11.248909 9.457410 -54.290329 -0.632329 7.082946 -20.069739 -43.066636 26.374527 4.927978 9.658280 56.804109 4.031785 15.007039 -22.811455 54.317710 -14.444200 3.629892 16.768324 -34.950189 
1.537578 -9.131199 100.316185 177.109982 -1.061414 85.953762 4.368340 1.799766 8.358080 -3.494930 -0.726994 -5.618886 3.142891 7.544896 -4.211183 nan nan nan -5.323968 -3.450816 9.159275 3.787317 -1.361295 -4.891590 6.594957 -2.570641 -1.944545 nan nan nan -0.400421 1.254434 6.414194 1.349563 -3.443306 5.912822 -0.151559 -0.462314 -0.874640 -4.669753 -0.246040 -2.870753 2.142402 -1.935507 -1.203734 -27.775737 -0.255193 12.052149 -54.951359 -6.483611 11.270702 9.408792 -54.208065 -0.616430 7.259160 -20.204275 -43.270578 26.373198 4.886905 9.697110 56.779019 4.086470 15.038190 -22.668465 54.283381 -14.231697 3.473352 16.767816 -35.069865 
1.557977 -9.118919 100.314789 177.065905 -1.037025 85.960014 4.415930 1.739479 8.383539 -3.532744 -0.686741 -5.665388 3.062781 7.572416 -4.170849 nan nan nan -5.325180 -3.483317 9.133571 3.854390 -1.382306 -4.867952 6.634045 -2.520860 -1.887966 nan nan nan -0.369855 1.266893 6.426788 1.323257 -3.449487 5.895516 -0.149646 -0.447206 -0.917682 -4.711389 -0.199091 -2.839742 2.078902 -1.874962 -1.239551 -27.810055 -0.277732 12.049839 -54.944960 -6.420762 11.284688 9.478077 -54.183385 -0.710674 7.362294 -20.126220 -43.307865 26.412200 4.934332 9.741985 56.753399 4.072644 15.066365 -22.595978 54.219312 -14.188358 3.176564 16.689383 -35.175584 
1.576158 -9.095072 100.320251 176.966128 -1.044062 85.925300 4.413126 1.790546 8.478805 -3.525595 -0.682076 -5.708514 2.983675 7.627546 -4.141269 nan nan nan -5.330803 -3.481602 9.149536 3.848591 -1.330914 -4.828281 6.703108 -2.520071 -1.854249 nan nan nan -0.381466 1.285177 6.454997 1.279524 -3.403714 5.879736 -0.133050 -0.440213 -0.958251 -4.750357 -0.325328 -2.897533 2.041739 -1.875496 -1.091256 -27.813952 -0.294612 12.077892 -54.932692 -6.331485 11.303710 9.443281 -54.253356 -0.824429 7.798721 -19.945221 -43.513453 26.417619 5.013041 9.783056 56.749529 4.041386 15.087773 -22.494913 54.178898 -14.219197 2.925731 16.629496 -35.337311 
1.571726 -9.061797 100.320496 176.899050 -1.145949 85.890401 4.297839 1.943346 8.556150 -3.483473 -0.743649 -5.718355 3.003903 7.602582 -4.177577 nan nan nan -5.479349 -3.482373 9.196214 3.885600 -1.255306 -4.828183 6.749212 -2.509874 -1.861766 nan nan nan -0.482882 1.291347 6.442251 1.228135 -3.333801 5.931632 -0.119341 -0.452252 -1.021741 -4.740698 -0.407774 -2.950302 1.991767 -1.843558 -0.883279 -27.831455 -0.295773 12.132228 -54.825598 -6.266979 11.287269 9.418691 -54.354202 -0.832741 7.971543 -19.842027 -43.625780 26.440925 5.025191 9.840851 56.723683 4.070950 15.033251 -22.264698 54.075914 -14.073284 2.900109 16.803888 -35.501732 
1.550759 -9.060758 100.302376 176.964722 -1.207181 85.972535 4.211836 2.005202 8.416965 -3.460089 -0.789217 -5.649144 3.087164 7.552331 -4.228238 nan nan nan -5.573483 -3.513996 9.114886 3.909907 -1.229047 -4.835691 6.716497 -2.490570 -1.910667 nan nan nan -0.552377 1.268376 6.346847 1.232473 -3.326754 5.918444 -0.112522 -0.484304 -1.043313 -4.724409 -0.368742 -2.927855 1.949688 -1.818980 -0.812523 -27.804158 -0.269329 12.215294 -54.802285 -6.314417 11.252090 9.383446 -54.323696 -0.647640 7.769580 -19.980965 -43.653440 26.413617 4.960600 9.897819 56.739312 4.159207 14.965316 -22.116612 53.964328 -13.821469 2.996914 17.018314 -35.633997 
1.547152 -9.075839 100.284958 177.051991 -1.131530 86.079169 4.283754 1.929068 8.256831 -3.467137 -0.808539 -5.615356 3.138453 7.572608 -4.231293 nan nan nan -5.459025 -3.523078 8.993016 3.874835 -1.266674 -4.822156 6.661298 -2.558738 -1.915508 nan nan nan -0.488703 1.258094 6.282958 1.278638 -3.332825 5.812981 -0.107582 -0.526803 -1.028959 -4.717380 -0.379262 -2.919209 1.932699 -1.814321 -0.747971 -27.835123 -0.258898 12.309821 -54.816974 -6.415091 11.251998 9.333540 -54.178875 -0.535920 7.832290 -20.144564 -43.745387 26.355538 4.879606 9.902972 56.738190 4.203708 14.964062 -22.048942 53.976617 -13.585947 3.009343 16.928075 -35.566296 
1.560385 -9.070826 100.284340 177.086529 -1.073305 86.097000 4.348150 1.854410 8.251048 -3.452882 -0.844206 -5.649409 3.199968 7.591453 -4.209660 nan nan nan -5.368344 -3.519529 8.996302 3.857826 -1.284804 -4.854083 6.607565 -2.627884 -1.891206 nan nan nan -0.422835 1.281883 6.286033 1.288495 -3.323496 5.755439 -0.107516 -0.585271 -1.024969 -4.727893 -0.393333 -2.919827 1.938329 -1.836728 -0.689297 -27.866694 -0.258897 12.368686 -54.785067 -6.479849 11.263353 9.283741 -54.111959 -0.575660 7.863675 -20.173066 -43.874446 26.361102 4.852166 9.877480 56.711654 4.193435 15.019833 -22.014989 53.995027 -13.567506 2.802623 16.786393 -35.470714 
1.563651 -9.058194 100.285126 177.121094 -1.040021 86.105340 4.384972 1.766070 8.225826 -3.464332 -0.821028 -5.636454 3.166421 7.576225 -4.188917 nan nan nan -5.336293 -3.521040 9.012565 3.872386 -1.300271 -4.881454 6.602622 -2.635017 -1.882056 nan nan nan -0.364614 1.296026 6.286222 1.281637 -3.355123 5.739741 -0.115056 -0.594795 -1.052563 -4.762036 -0.370987 -2.852689 1.958655 -1.824533 -0.754119 -27.861418 -0.238702 12.376271 -54.804609 -6.530155 11.220326 9.185787 -54.038822 -0.589488 7.645092 -20.281495 -43.849008 26.352730 4.838482 9.867976 56.683662 4.188646 15.019684 -21.918420 53.948479 -13.537827 2.681420 16.862170 -35.423752 
1.562722 -9.032657 100.295387 177.182399 -1.025164 86.052732 4.399532 1.767731 8.277884 -3.465444 -0.862633 -5.611446 3.071858 7.547856 -4.192408 nan nan nan -5.345149 -3.573124 9.107721 3.879818 -1.305774 -4.898052 6.633374 -2.590700 -1.882910 nan nan nan -0.366415 1.267013 6.303670 1.289447 -3.410044 5.763710 -0.111269 -0.562127 -1.048273 -4.751024 -0.276376 -2.790406 1.982218 -1.727910 -0.823759 -27.816113 -0.224123 12.286853 -54.862392 -6.518838 11.234119 9.168304 -54.016821 -0.566665 7.443351 -20.239019 -43.751308 26.305353 4.849073 9.841594 56.701278 4.194465 15.019015 -21.884280 53.893399 -13.558481 2.825263 16.911156 -35.482618 
1.580714 -9.011576 100.311890 177.180085 -1.050600 85.948386 4.390719 1.857056 8.416283 -3.448184 -0.918345 -5.619553 3.040105 7.507406 -4.251434 nan nan nan -5.380050 -3.643346 9.215784 3.866421 -1.272360 -4.863735 6.705815 -2.534781 -1.931693 nan nan nan -0.447674 1.241208 6.391436 1.299448 -3.436574 5.778759 -0.087243 -0.523003 -1.043741 -4.716141 -0.137652 -2.794526 1.993798 -1.679939 -0.796975 -27.821037 -0.209739 12.149659 -54.837573 -6.432691 11.297265 9.217360 -54.086766 -0.644955 7.662868 -20.044025 -43.596720 26.355345 4.899012 9.828105 56.645937 4.186461 15.040680 -21.856603 53.826242 -13.657163 2.715890 16.987325 -35.637877 
1.601970 -9.006929 100.303543 177.124047 -1.052169 85.985407 4.424907 1.861165 8.419272 -3.489384 -0.877818 -5.672254 3.083346 7.521880 -4.290170 nan nan nan -5.365584 -3.613599 9.142271 3.877719 -1.247669 -4.828730 6.706982 -2.566187 -1.943299 nan nan nan -0.473418 1.239165 6.325354 1.308636 -3.408251 5.765267 -0.085141 -0.527609 -1.047064 -4.732033 -0.108526 -2.840626 1.968398 -1.737842 -0.600570 -27.825157 -0.207722 12.178038 -54.817831 -6.458288 11.307262 9.186872 -54.014161 -0.643883 8.071850 -20.003936 -43.570437 26.396068 4.892648 9.906189 56.608602 4.253154 15.004275 -21.745369 53.769371 -13.526695 2.549394 17.099299 -35.849942 
1.617948 -8.998117 100.293114 177.088467 -1.037709 86.033804 4.467897 1.830770 8.390810 -3.531266 -0.838345 -5.692486 3.092886 7.548127 -4.262269 nan nan nan -5.327823 -3.580018 9.089103 3.885677 -1.246887 -4.828910 6.665025 -2.598034 -1.936399 nan nan nan -0.503451 1.271247 6.242743 1.329843 -3.393100 5.769412 -0.065641 -0.540896 -1.065942 -4.744737 -0.137625 -2.816666 1.970391 -1.790392 -0.523111 -27.822658 -0.208935 12.224345 -54.793857 -6.483170 11.313944 9.093592 -53.951319 -0.597727 8.274053 -20.016521 -43.695818 26.398457 4.842373 9.925000 56.584788 4.302590 14.991379 -21.597615 53.744836 -13.328661 2.506186 17.059965 -35.889909 
1.616324 -8.986945 100.293510 177.080780 -1.044482 86.006469 4.455783 1.840466 8.428916 -3.521951 -0.835720 -5.693997 3.086654 7.556638 -4.247269 nan nan nan -5.332938 -3.574331 9.122692 3.876203 -1.242789 -4.824951 6.654655 -2.598257 -1.946097 nan nan nan -0.526123 1.280777 6.260840 1.331611 -3.392344 5.785514 -0.055136 -0.544785 -1.086638 -4.741492 -0.148164 -2.798409 1.960336 -1.774637 -0.522794 -27.832903 -0.224093 12.228956 -54.774071 -6.467990 11.316061 9.093435 -53.972788 -0.595301 8.299394 -19.989280 -43.715067 26.398514 4.842246 9.912096 56.579479 4.295248 14.991455 -21.584157 53.733193 -13.311923 2.531025 17.036889 -35.850910 
1.610198 -8.958736 100.304131 177.078373 -1.117854 85.856117 4.356085 1.872546 8.616006 -3.489262 -0.830482 -5.706577 3.000739 7.603595 -4.201007 nan nan nan -5.422499 -3.554353 9.303281 3.853573 -1.232488 -4.809042 6.694423 -2.595343 -1.940168 nan nan nan -0.616249 1.315454 6.376507 1.307650 -3.397353 5.871838 -0.029575 -0.556117 -1.144970 -4.678497 -0.210704 -2.756069 1.866216 -1.717944 -0.523849 -27.882569 -0.298448 12.214983 -54.677552 -6.408029 11.314236 9.115426 -54.027101 -0.579937 8.265565 -19.919454 -43.718769 26.441535 4.870411 9.851084 56.543790 4.268558 15.000344 -21.588678 53.666225 -13.322421 2.621135 16.988626 -35.715295 
1.597401 -8.959872 100.289986 177.131495 -1.081049 85.911000 4.366039 1.775455 8.525196 -3.478449 -0.793724 -5.676940 2.966753 7.650226 -4.231912 nan nan nan -5.386275 -3.548990 9.236481 3.856041 -1.232504 -4.784663 6.709612 -2.628615 -1.941795 nan nan nan -0.551079 1.312115 6.298180 1.303406 -3.412810 5.857882 -0.053605 -0.578467 -1.113887 -4.651449 -0.236431 -2.784924 1.813989 -1.729117 -0.442971 -27.865700 -0.316663 12.202943 -54.713238 -6.461020 11.321832 9.100238 -53.912613 -0.558628 8.136163 -20.066549 -43.697435 26.414021 4.821377 9.812318 56.552537 4.301724 14.989518 -21.568683 53.638636 -13.228032 2.797935 17.042142 -35.657127 
1.593102 -8.954094 100.260315 177.194982 -1.013098 85.997487 4.415866 1.639276 8.397315 -3.455229 -0.760255 -5.643992 3.039167 7.687486 -4.255936 nan nan nan -5.306476 -3.564893 9.136941 3.863779 -1.241035 -4.767327 6.662636 -2.653126 -1.940873 nan nan nan -0.460412 1.334562 6.189511 1.306964 -3.416500 5.853145 -0.058457 -0.647955 -1.082721 -4.631582 -0.271617 -2.799189 1.779609 -1.739184 -0.389680 -27.838629 -0.321125 12.227371 -54.765076 -6.551462 11.324992 9.062072 -53.842080 -0.555055 8.048184 -20.202599 -43.778148 26.370481 4.743563 9.801627 56.541443 4.381670 14.949642 -21.533638 53.619995 -13.169022 2.837882 17.154552 -35.552070 
1.604011 -8.936630 100.253075 177.209899 -0.980071 85.982964 4.456481 1.590825 8.418705 -3.447142 -0.811265 -5.639420 3.156180 7.702350 -4.263139 nan nan nan -5.256573 -3.609275 9.164858 3.850096 -1.228404 -4.772343 6.629681 -2.685784 -1.963240 nan nan nan -0.468817 1.375904 6.197377 1.339334 -3.410700 5.838915 -0.022718 -0.696774 -1.066087 -4.609922 -0.304988 -2.805672 1.779934 -1.760308 -0.318820 -27.860010 -0.334042 12.249982 -54.738995 -6.565126 11.321755 8.987603 -53.906242 -0.462185 8.085022 -20.137206 -43.793294 26.380016 4.741369 9.799306 56.490344 4.390848 14.918054 -21.576096 53.595002 -13.241094 2.808236 17.213033 -35.423482 
1.615731 -8.925155 100.251701 177.230238 -0.975970 85.960845 4.490239 1.586423 8.449868 -3.482153 -0.856271 -5.634265 3.197579 7.704329 -4.271707 nan nan nan -5.232614 -3.627837 9.214709 3.811196 -1.209595 -4.795820 6.661418 -2.713807 -1.976648 nan nan nan -0.506664 1.357779 6.231221 1.370748 -3.422198 5.776500 -0.011452 -0.689672 -1.017714 -4.598781 -0.292773 -2.846454 1.778422 -1.790254 -0.224751 -27.832060 -0.303550 12.211002 -54.715172 -6.583308 11.335802 8.841665 -53.928754 -0.258091 8.106990 -20.074349 -43.748194 26.400363 4.725053 9.741495 56.473197 4.378692 14.953748 -21.597720 53.565452 -13.262480 2.784990 17.204001 -35.336694 
1.623636 -8.915829 100.251465 177.254784 -0.962463 85.946440 4.538348 1.602076 8.464383 -3.523048 -0.852423 -5.628390 3.179357 7.672647 -4.270793 nan nan nan -5.216706 -3.635380 9.229212 3.814128 -1.265636 -4.773676 6.693712 -2.737841 -1.997367 nan nan nan -0.512299 1.322522 6.234346 1.386865 -3.433977 5.761607 -0.012866 -0.670965 -0.993290 -4.600395 -0.269491 -2.855678 1.769493 -1.802559 -0.207189 -27.809620 -0.280272 12.184365 -54.736539 -6.605417 11.349692 8.846981 -53.944279 -0.165917 8.040320 -20.061942 -43.818665 26.410791 4.703655 9.730752 56.492776 4.388218 14.955245 -21.675755 53.558365 -13.296494 2.742619 17.181535 -35.336232 
1.631937 -8.895013 100.254478 177.258837 -0.925866 85.940039 4.595086 1.625214 8.485743 -3.535956 -0.801769 -5.640306 3.095727 7.637112 -4.248310 nan nan nan -5.189625 -3.616180 9.241931 3.847088 -1.332112 -4.759232 6.647711 -2.751120 -2.044597 nan nan nan -0.479510 1.282777 6.188016 1.402955 -3.444266 5.806873 -0.023825 -0.661124 -0.981071 -4.569516 -0.236678 -2.849104 1.721405 -1.774900 -0.252253 -27.842398 -0.264675 12.164018 -54.709582 -6.583671 11.375842 8.915067 -53.989809 -0.242084 7.791729 -20.156953 -43.841608 26.419569 4.692344 9.734194 56.492248 4.411497 14.955168 -21.773487 53.587195 -13.431273 2.861153 17.170888 -35.365962 
1.642856 -8.871881 100.269569 177.222480 -0.952133 85.887614 4.558953 1.708565 8.567720 -3.499671 -0.802260 -5.634957 3.015632 7.573675 -4.273454 nan nan nan -5.223124 -3.565535 9.332990 3.865660 -1.332362 -4.784884 6.594964 -2.703248 -2.052111 nan nan nan -0.524993 1.273584 6.172501 1.402575 -3.443545 5.911602 -0.022867 -0.643882 -1.001507 -4.520448 -0.179324 -2.776991 1.672652 -1.740840 -0.380481 -27.885348 -0.293966 12.116505 -54.607050 -6.519283 11.410096 8.947796 -54.042194 -0.348139 7.399275 -20.288593 -43.467263 26.472013 4.719437 9.703053 56.454408 4.395350 14.970954 -21.841342 53.601174 -13.591788 3.081349 17.132357 -35.199099 
1.652322 -8.842518 100.299095 177.147141 -1.045112 85.737175 4.450811 1.844431 8.808804 -3.454885 -0.886516 -5.695512 2.997862 7.562334 -4.315161 nan nan nan -5.338998 -3.581560 9.519141 3.861291 -1.278988 -4.790470 6.660267 -2.595093 -2.025159 nan nan nan -0.669957 1.313074 6.255669 1.396038 -3.429268 6.045468 0.010373 -0.636667 -1.081374 -4.518025 -0.147118 -2.652895 1.703389 -1.726129 -0.470229 -27.900229 -0.337736 12.072253 -54.527544 -6.420985 11.446499 8.941066 -54.102883 -0.375184 7.395487 -20.280232 -43.365800 26.547449 4.798359 9.677863 56.426642 4.325992 15.012671 -21.920040 53.565062 -13.716362 3.173103 17.080563 -34.960145 
1.657243 -8.816680 100.316406 177.105143 -1.100120 85.637394 4.402986 1.927263 8.976739 -3.456284 -0.911000 -5.734891 2.993914 7.573976 -4.334755 nan nan nan -5.415459 -3.621649 9.648155 3.860715 -1.234951 -4.791057 6.713954 -2.519808 -2.043431 nan nan nan -0.774272 1.344404 6.287035 1.405413 -3.421824 6.129347 0.032666 -0.632892 -1.128197 -4.510845 -0.172146 -2.587048 1.688815 -1.762429 -0.471303 -27.890901 -0.355650 12.059426 -54.494928 -6.389352 11.460659 8.944511 -54.096745 -0.291830 7.450363 -20.298275 -43.588598 26.580865 4.816349 9.687691 56.436105 4.294689 15.024328 -22.000453 53.563990 -13.754469 3.165246 17.035041 -34.949311 
1.654428 -8.819739 100.302284 177.122576 -1.058443 85.698992 4.457092 1.884344 8.906778 -3.484562 -0.868010 -5.734642 2.998029 7.590022 -4.321632 nan nan nan -5.371261 -3.567064 9.601128 3.882576 -1.254722 -4.822550 6.717963 -2.557412 -2.076558 nan nan nan -0.743756 1.341310 6.183630 1.421970 -3.428092 6.153261 0.035123 -0.661968 -1.137703 -4.470640 -0.203114 -2.543582 1.613241 -1.753227 -0.436764 -27.890850 -0.335010 12.119944 -54.541131 -6.458705 11.423452 9.036683 -54.042296 -0.211227 7.340881 -20.440659 -43.677977 26.515082 4.769393 9.691787 56.502682 4.350749 15.020246 -21.994426 53.550856 -13.652170 3.150912 17.075675 -35.115867 
1.651391 -8.825470 100.289688 177.145624 -1.000666 85.763972 4.526265 1.800569 8.824498 -3.505574 -0.874565 -5.728298 3.012031 7.601619 -4.309167 nan nan nan -5.287685 -3.517108 9.537199 3.877636 -1.289785 -4.843190 6.668338 -2.640630 -2.081605 nan nan nan -0.687110 1.343727 6.123575 1.439886 -3.423146 6.133734 0.046216 -0.707673 -1.143670 -4.456971 -0.215527 -2.512086 1.560163 -1.707421 -0.400870 -27.922009 -0.320319 12.150465 -54.603401 -6.502470 11.418493 9.132898 -54.011189 -0.190987 7.298948 -20.506709 -43.609158 26.491608 4.706166 9.672061 56.494352 4.357228 15.007781 -21.952732 53.596103 -13.547505 3.200313 17.086709 -35.209091 
1.662518 -8.813293 100.307175 177.100086 -1.049454 85.630589 4.478293 1.863806 8.998074 -3.489441 -0.941814 -5.734728 3.029606 7.620031 -4.330729 nan nan nan -5.318735 -3.491833 9.700631 3.840310 -1.255918 -4.875100 6.673678 -2.663776 -2.059565 nan nan nan -0.805153 1.383154 6.255269 1.445748 -3.393413 6.148335 0.100975 -0.702622 -1.149183 -4.417085 -0.245746 -2.519593 1.535275 -1.676600 -0.379897 -27.939538 -0.343048 12.072276 -54.620721 -6.492253 11.439488 9.242501 -54.021585 -0.276403 7.427243 -20.299802 -43.553829 26.526100 4.715440 9.588734 56.481898 4.296000 15.039429 -21.983327 53.590650 -13.679667 3.168282 16.989040 -35.184744 
1.654968 -8.817465 100.294052 177.132128 -1.013228 85.715231 4.513738 1.828171 8.879147 -3.507508 -0.946878 -5.693451 3.116711 7.618421 -4.373148 nan nan nan -5.289852 -3.500461 9.580626 3.874901 -1.256772 -4.826459 6.678869 -2.698064 -2.070727 nan nan nan -0.778656 1.350105 6.152545 1.464009 -3.406278 6.101164 0.103391 -0.686616 -1.094044 -4.460055 -0.246188 -2.495380 1.560242 -1.644538 -0.356517 -27.934596 -0.345946 12.060507 -54.665900 -6.502209 11.434641 9.328099 -54.058804 -0.309817 7.515239 -19.993665 -43.331781 26.491274 4.711976 9.609254 56.479748 4.296870 14.996274 -21.938980 53.612088 -13.630182 3.123897 16.972348 -35.168076 
1.658864 -8.821090 100.271942 177.214309 -0.962266 85.828619 4.585798 1.770812 8.715436 -3.539630 -0.966581 -5.669520 3.151760 7.591718 -4.387452 nan nan nan -5.220701 -3.554438 9.456569 3.871455 -1.278167 -4.820113 6.659418 -2.703659 -2.078888 nan nan nan -0.734073 1.310803 6.038369 1.483495 -3.447071 6.024178 0.099922 -0.712177 -1.043574 -4.536399 -0.199753 -2.470554 1.661745 -1.660251 -0.258599 -27.914567 -0.342669 12.082084 -54.716436 -6.515872 11.438889 9.333596 -54.070881 -0.298498 7.637644 -19.843487 -43.247467 26.460220 4.687207 9.637764 56.492469 4.320846 14.951062 -21.871975 53.644437 -13.496282 3.128723 16.978162 -35.202585 
1.660493 -8.802146 100.283806 177.223296 -0.991653 85.754523 4.561086 1.826810 8.812985 -3.546488 -1.012882 -5.691855 3.155107 7.581960 -4.408316 nan nan nan -5.263267 -3.607740 9.556929 3.860733 -1.249517 -4.822775 6.624391 -2.645398 -2.095955 nan nan nan -0.764303 1.315556 6.109847 1.478708 -3.462831 6.025037 0.101861 -0.738915 -1.051097 -4.564081 -0.126131 -2.463187 1.733290 -1.683370 -0.233201 -27.919244 -0.326852 12.050471 -54.706160 -6.496283 11.436309 9.282432 -54.094344 -0.234472 7.638607 -19.836970 -43.264444 26.514871 4.673920 9.620867 56.459119 4.310375 14.939702 -21.865240 53.680168 -13.505184 3.165566 16.936458 -35.220580 
1.660439 -8.792908 100.303978 177.177029 -1.013721 85.657839 4.541229 1.911392 8.935777 -3.545212 -1.017363 -5.677543 3.026066 7.583058 -4.409620 nan nan nan -5.283879 -3.596773 9.652077 3.839363 -1.244321 -4.785729 6.567275 -2.591102 -2.138439 nan nan nan -0.795397 1.314287 6.206926 1.474417 -3.458810 6.055649 0.106433 -0.716962 -1.077315 -4.558558 -0.096249 -2.441134 1.776289 -1.695438 -0.271477 -27.938963 -0.318609 12.021077 -54.669117 -6.476895 11.443742 9.243975 -54.130319 -0.215724 7.684125 -19.843724 -43.390617 26.557807 4.668772 9.597011 56.453424 4.316958 14.931618 -21.855368 53.661657 -13.519083 3.162638 16.960733 -35.250828 
1.648786 -8.787849 100.299324 177.211683 -0.979658 85.683590 4.556061 1.853600 8.885593 -3.534770 -0.982530 -5.635814 2.948973 7.590182 -4.415937 nan nan nan -5.259375 -3.592533 9.640572 3.863619 -1.260955 -4.806780 6.543734 -2.612906 -2.168180 nan nan nan -0.727239 1.286257 6.157655 1.473431 -3.490154 6.063922 0.069658 -0.720201 -1.052229 -4.520184 -0.094578 -2.451036 1.749578 -1.747409 -0.226330 -27.966996 -0.279795 12.010414 -54.638876 -6.532134 11.436143 9.193958 -54.116936 -0.180635 7.529663 -19.989826 -43.471130 26.589093 4.633573 9.608344 56.413608 4.359769 14.939533 -21.820801 53.667592 -13.456208 3.133186 17.014132 -35.265526 
1.672741 -8.770971 100.311150 177.145466 -1.035574 85.627837 4.495805 1.874338 8.989810 -3.509718 -0.930345 -5.658858 2.901170 7.604903 -4.420853 nan nan nan -5.308092 -3.548070 9.723252 3.869760 -1.278891 -4.834748 6.593020 -2.586290 -2.154396 nan nan nan -0.854735 1.318396 6.165453 1.491329 -3.492989 6.104909 0.085262 -0.696897 -1.036641 -4.438670 -0.022050 -2.464519 1.716592 -1.871863 -0.153471 -27.935517 -0.246429 11.967652 -54.644960 -6.563433 11.434736 9.208165 -54.065436 -0.204901 7.151674 -20.332491 -43.411618 26.645257 4.635228 9.598530 56.426019 4.366957 15.016721 -21.948583 53.636565 -13.536821 3.138683 17.017518 -35.227500 
1.686614 -8.765959 100.319870 177.105385 -1.051233 85.631065 4.473671 1.872392 9.013117 -3.487727 -0.889638 -5.681652 2.939332 7.590173 -4.418538 nan nan nan -5.309283 -3.541695 9.715360 3.874116 -1.282602 -4.817646 6.604813 -2.599957 -2.123028 nan nan nan -0.921428 1.325256 6.122741 1.512203 -3.498931 6.137929 0.094378 -0.680692 -1.056986 -4.424398 -0.010973 -2.411228 1.725299 -1.876302 -0.160832 -27.921419 -0.231094 11.973452 -54.683969 -6.582156 11.424947 9.310956 -54.015859 -0.350372 7.059940 -20.480722 -43.293345 26.642373 4.670772 9.616673 56.477237 4.357999 15.065318 -22.060484 53.575328 -13.608923 3.248784 17.019234 -35.096473 
1.688265 -8.762547 100.320137 177.053975 -1.055420 85.620506 4.469242 1.922232 9.039547 -3.472240 -0.884364 -5.686146 2.995463 7.570037 -4.429083 nan nan nan -5.308832 -3.504348 9.722801 3.875802 -1.258445 -4.820209 6.608978 -2.594508 -2.106524 nan nan nan -0.929624 1.322791 6.111003 1.503172 -3.469726 6.174968 0.076926 -0.667363 -1.108403 -4.399557 -0.024424 -2.355853 1.729424 -1.834889 -0.157829 -27.936854 -0.245561 11.994591 -54.664849 -6.572032 11.417503 9.363379 -54.022115 -0.417688 6.986853 -20.533197 -43.363916 26.655212 4.702738 9.656656 56.525757 4.345548 15.083353 -22.173970 53.515714 -13.751136 3.320943 17.036602 -35.037413 
1.677916 -8.768286 100.314690 177.025409 -1.049153 85.592586 4.475943 1.927965 9.066303 -3.487126 -0.860573 -5.667337 3.017544 7.587561 -4.423406 nan nan nan -5.303687 -3.442175 9.753706 3.849091 -1.234131 -4.837928 6.645847 -2.563224 -2.098554 nan nan nan -0.904719 1.310318 6.161782 1.485055 -3.441769 6.180490 0.062292 -0.671966 -1.130549 -4.374264 0.003020 -2.398709 1.699803 -1.832884 -0.050865 -27.947209 -0.247145 11.981370 -54.659212 -6.579698 11.430361 9.417962 -54.006591 -0.466413 6.860788 -20.643564 -43.647445 26.692649 4.704445 9.676771 56.485180 4.345962 15.116560 -22.208239 53.525678 -13.830908 3.258502 17.059676 -35.208765 
1.654790 -8.780929 100.309807 177.036588 -1.038827 85.619703 4.466926 1.857080 9.030318 -3.502137 -0.867294 -5.657464 3.065995 7.612555 -4.439017 nan nan nan -5.292536 -3.428211 9.717970 3.821381 -1.243350 -4.840204 6.683996 -2.574395 -2.088449 nan nan nan -0.849585 1.310169 6.169832 1.468258 -3.426833 6.134451 0.023670 -0.687529 -1.094292 -4.372704 0.061397 -2.494521 1.689420 -1.889103 0.061806 -27.932880 -0.235003 11.934785 -54.662033 -6.619982 11.476366 9.428590 -53.953379 -0.427800 6.778597 -20.704448 -43.761730 26.754240 4.645247 9.626260 56.404979 4.333656 15.159268 -22.156192 53.558316 -13.766662 3.130439 17.065164 -35.331269 
1.646168 -8.790791 100.306725 177.058311 -1.008674 85.657610 4.491521 1.779609 8.987022 -3.511900 -0.896327 -5.678508 3.151246 7.643469 -4.433244 nan nan nan -5.252274 -3.453037 9.673114 3.816655 -1.287504 -4.845636 6.698899 -2.567056 -2.070918 nan nan nan -0.796370 1.315897 6.147290 1.474791 -3.437044 6.089435 -0.010847 -0.696489 -1.043724 -4.379753 0.123933 -2.556341 1.706560 -1.920083 0.096875 -27.923817 -0.270004 11.914840 -54.681491 -6.631741 11.538111 9.519477 -53.910087 -0.459196 6.772557 -20.727710 -43.736941 26.788888 4.612186 9.577360 56.371529 4.316042 15.192293 -22.140951 53.583150 -13.684536 3.025185 17.034903 -35.332588 
1.655419 -8.787345 100.309311 177.062202 -1.009552 85.644798 4.505324 1.769935 8.990372 -3.534301 -0.874935 -5.662732 3.185255 7.656594 -4.393346 nan nan nan -5.247760 -3.474366 9.700569 3.816827 -1.279708 -4.860614 6.696573 -2.549643 -2.071933 nan nan nan -0.821323 1.323259 6.161155 1.491310 -3.475255 6.090425 0.026258 -0.706809 -1.065122 -4.384533 0.075425 -2.510470 1.693135 -1.891732 0.076651 -27.947367 -0.285811 11.950944 -54.716021 -6.631869 11.488339 9.588305 -53.871092 -0.533714 6.763867 -20.715924 -43.615183 26.768452 4.661925 9.637108 56.410916 4.309680 15.166883 -22.234611 53.582826 -13.779829 3.073196 17.045377 -35.184362 
1.659184 -8.793889 100.314064 177.055455 -1.019787 85.644346 4.504946 1.798052 9.002561 -3.547049 -0.868492 -5.700479 3.167524 7.657235 -4.355143 nan nan nan -5.270928 -3.489058 9.691316 3.825013 -1.245101 -4.855385 6.703823 -2.535984 -2.086036 nan nan nan -0.810424 1.338591 6.165899 1.477919 -3.470869 6.117221 0.055451 -0.703079 -1.098530 -4.415326 -0.023384 -2.499819 1.680421 -1.836853 -0.062245 -27.923282 -0.327181 12.003487 -54.717911 -6.554573 11.462101 9.541101 -53.920167 -0.554000 6.846745 -20.529288 -43.527248 26.666966 4.742382 9.683703 56.487210 4.291248 15.122169 -22.287080 53.593746 -13.932630 3.152160 17.012518 -35.189242 
