HIERARCHY
ROOT Hips
{
	OFFSET -0.179506 -22.333345 2.821913
	CHANNELS 6 Xposition Yposition Zposition Zrotation Yrotation Xrotation 
	JOINT LeftUpLeg
	{
		OFFSET 6.951974 -9.140623 -0.681533
		CHANNELS 3 Zrotation Yrotation Xrotation
		JOINT LeftLeg
		{
			OFFSET 3.427654 -37.519855 -0.449580
			CHANNELS 3 Zrotation Yrotation Xrotation
			JOINT LeftFoot
			{
				OFFSET -1.359570 -39.796059 -4.369333
				CHANNELS 3 Zrotation Yrotation Xrotation
				JOINT LeftToe
				{
					OFFSET 2.635814 -5.579078 11.928840
					CHANNELS 3 Zrotation Yrotation Xrotation
					End Site
					{
						OFFSET 0.000000 0.000000 0.000000
					}
				}
			}
		}
	}
	JOINT RightUpLeg
	{
		OFFSET -6.767048 -9.052170 -0.431982
		CHANNELS 3 Zrotation Yrotation Xrotation
		JOINT RightLeg
		{
			OFFSET -3.829005 -38.256897 -0.885003
			CHANNELS 3 Zrotation Yrotation Xrotation
			JOINT RightFoot
			{
				OFFSET 1.577377 -39.841461 -4.231180
				CHANNELS 3 Zrotation Yrotation Xrotation
				JOINT RightToe
				{
					OFFSET -2.537174 -4.814398 12.334795
					CHANNELS 3 Zrotation Yrotation Xrotation
					End Site
					{
						OFFSET 0.000000 0.000000 0.000000
					}
				}
			}
		}
	}
	JOINT Spine
	{
		OFFSET -0.253288 10.896323 -2.669631
		CHANNELS 3 Zrotation Yrotation Xrotation
		JOINT Spine1
		{
			OFFSET 0.548704 13.518043 0.109247
			CHANNELS 3 Zrotation Yrotation Xrotation
			JOINT Spine2
			{
				OFFSET 0.145701 5.292222 2.542457
				CHANNELS 3 Zrotation Yrotation Xrotation
				JOINT Neck
				{
					OFFSET -0.277840 21.387037 -4.285703
					CHANNELS 3 Zrotation Yrotation Xrotation
					JOINT Head
					{
						OFFSET 0.515184 6.496960 5.134897
						CHANNELS 3 Zrotation Yrotation Xrotation
						End Site
						{
							OFFSET 0.000000 0.000000 0.000000
						}
					}
				}
				JOINT LeftShoulder
				{
					OFFSET 7.884473 12.174932 -3.408961
					CHANNELS 3 Zrotation Yrotation Xrotation
					JOINT LeftArm
					{
						OFFSET 9.097692 3.046888 -0.886815
						CHANNELS 3 Zrotation Yrotation Xrotation
						JOINT LeftForeArm
						{
							OFFSET 25.961220 -1.277207 -2.745643
							CHANNELS 3 Zrotation Yrotation Xrotation
							JOINT LeftHand
							{
								OFFSET 24.923361 0.898606 -0.117091
								CHANNELS 3 Zrotation Yrotation Xrotation
								End Site
								{
									OFFSET 0.000000 0.000000 0.000000
								}
							}
						}
					}
				}
				JOINT RightShoulder
				{
					OFFSET -8.175920 11.883285 -3.861528
					CHANNELS 3 Zrotation Yrotation Xrotation
					JOINT RightArm
					{
						OFFSET -9.601238 3.255117 -0.914307
						CHANNELS 3 Zrotation Yrotation Xrotation
						JOINT RightForeArm
						{
							OFFSET -25.374195 -1.332924 -2.140099
							CHANNELS 3 Zrotation Yrotation Xrotation
							JOINT RightHand
							{
								OFFSET -25.529810 0.777228 -0.555919
								CHANNELS 3 Zrotation Yrotation Xrotation
								End Site
								{
									OFFSET 0.000000 0.000000 0.000000
								}
							}
						}
					}
				}
			}
		}
	}
}
MOTION
Frames: 283
Frame Time: 0.033333
4.444397 87.191750 10.031167 178.718689 -3.788636 178.124034 19.997072 18.292266 -4.915111 -14.151324 9.295961 22.310794 -15.094056 0.495666 5.401727 nan nan nan -17.011792 -12.400190 -4.761570 -0.416169 -8.276871 20.327232 1.714908 -8.752491 -6.574126 nan nan nan 1.540973 -0.381529 3.030136 -2.409493 -3.560863 -8.069878 0.306712 -0.252033 -0.708521 -3.875562 6.810862 -10.377318 3.841037 -10.150490 -36.798085 6.969326 -14.558432 -8.085435 6.012385 -8.509009 -20.267124 116.343502 -44.203780 -100.590084 19.394925 -25.892942 -20.053210 -8.779380 14.058326 -8.213064 6.188587 4.260559 -28.133608 -133.917699 49.510308 -118.430406 -15.779201 17.612486 -19.830027 
4.430606 87.200920 9.992693 178.707717 -3.867340 178.148070 19.951704 18.467568 -4.869646 -14.092037 9.518762 22.178416 -15.014645 0.437989 5.456625 nan nan nan -17.003693 -12.534354 -4.728125 -0.806154 -8.680093 20.322156 1.717150 -8.989223 -5.852483 nan nan nan 1.452425 -0.307612 2.855285 -2.320928 -3.605020 -8.072531 0.384163 -0.282773 -0.648149 -3.974500 6.726731 -9.925573 3.931232 -10.074110 -37.086430 6.752349 -14.702427 -7.923415 6.186241 -8.202328 -20.243569 116.609217 -44.380114 -101.028928 19.863658 -25.775255 -20.287985 -8.780189 14.165877 -8.074676 6.105075 4.078560 -28.335949 -133.977507 49.622932 -118.582875 -16.466342 17.572114 -19.868260 
4.473221 87.227310 10.023975 178.990814 -3.717179 178.300769 20.434736 18.401750 -4.896337 -14.115866 10.452081 22.062677 -15.128701 -0.034834 5.910148 nan nan nan -16.440768 -11.323917 -4.455899 0.941256 -6.820403 17.559592 2.913102 -5.995341 1.252720 nan nan nan 1.538735 -0.002440 2.474441 -1.667338 -3.360608 -7.992135 0.274226 -0.190116 -0.456034 -4.020905 6.162553 -9.298569 3.598135 -10.643660 -37.721192 7.408182 -13.934735 -6.831553 3.746907 -8.296444 -18.963226 117.350289 -44.624857 -103.375263 13.942209 -24.039469 -24.773821 -9.179377 13.350716 -7.756853 6.201913 4.677080 -28.972779 -134.317529 49.445641 -118.971665 -13.106681 16.466081 -18.795222 
4.466236 87.234039 10.031942 178.970198 -3.749209 178.303220 20.422209 18.390412 -4.856483 -14.189943 10.329536 21.991092 -15.131912 -0.074832 5.922120 nan nan nan -16.469593 -11.340253 -4.446516 0.929125 -6.838164 17.558766 2.966235 -6.018942 1.498574 nan nan nan 1.464880 0.005588 2.553759 -1.645647 -3.374370 -8.020814 0.283893 -0.206924 -0.491907 -3.955135 6.153034 -9.426635 3.591337 -10.593386 -37.578312 7.380665 -13.920571 -6.821879 3.846639 -8.342340 -18.976305 117.356200 -44.633320 -103.376860 13.761746 -23.929725 -24.654477 -9.118564 13.307664 -7.761256 6.132272 4.712302 -28.978601 -134.350270 49.472363 -119.033506 -12.936681 16.522596 -18.761819 
4.467449 87.239105 10.019754 179.033122 -3.664077 178.292590 20.607829 18.638685 -4.731402 -14.198375 10.461246 22.006292 -15.639291 -0.389172 6.234110 nan nan nan -16.411719 -11.220299 -4.444219 1.067922 -6.781734 17.560482 2.955275 -5.617289 1.279270 nan nan nan 1.730515 -0.071976 2.556856 -1.904960 -3.475440 -7.462596 0.147489 -0.379947 -1.254487 -3.705227 7.327239 -9.341769 3.677233 -10.899777 -37.520335 6.971543 -14.555933 -7.260506 5.251531 -7.433586 -19.776296 115.520098 -44.552920 -100.329851 8.514934 -26.439919 -20.583586 -8.962785 14.058114 -7.784197 6.438565 4.460890 -28.732778 -133.952865 49.042955 -118.277960 -9.849722 17.606783 -18.393025 
4.502295 87.339424 9.433776 179.017911 -1.954675 176.212737 22.252038 15.561109 0.254784 -15.501321 13.353630 18.658722 -17.428118 0.155253 7.277233 nan nan nan -16.755060 -10.376921 -2.011807 1.417836 -5.466958 16.644739 4.128733 -3.003678 3.822273 nan nan nan 2.462397 0.558368 4.705402 -2.228869 -2.012590 -7.755897 -0.500195 0.301463 -0.341036 -2.852473 9.033590 -8.584723 2.669251 -15.460757 -38.629556 11.256137 -9.039344 -9.794025 -2.897333 -16.695596 -17.891183 114.233207 -44.976637 -100.219473 3.961963 -29.542304 -17.041067 -10.493756 10.222875 -8.378127 9.340802 8.104014 -27.977906 -133.764577 48.622821 -117.547449 -5.407051 18.998255 -16.592522 
4.502002 87.344826 9.385166 179.047099 -1.923635 176.309168 22.198126 15.488074 0.253256 -15.447901 13.400754 18.504381 -17.616155 0.393425 7.436933 nan nan nan -16.713354 -10.362876 -2.034168 1.382817 -5.485928 16.586890 4.164520 -3.033042 4.059810 nan nan nan 2.490505 0.533754 4.626082 -2.219777 -1.977491 -7.825511 -0.482796 0.347233 -0.103060 -2.833509 9.060966 -8.703788 2.674636 -15.516210 -38.831179 11.440161 -9.014244 -9.875292 -3.195067 -16.708901 -17.778923 114.610323 -44.862746 -100.174587 3.792043 -29.519307 -17.523106 -10.557844 10.211327 -8.449983 9.365861 8.079959 -27.874803 -133.705008 48.399583 -117.305038 -4.676596 18.987387 -16.426981 
4.516178 87.353813 9.354589 179.058431 -1.877006 176.380010 22.173746 15.529721 0.251491 -15.434691 13.333572 18.452249 -17.629336 0.527314 7.472975 nan nan nan -16.687297 -10.385117 -2.128317 1.328758 -5.488679 16.662254 4.160346 -3.169484 4.213275 nan nan nan 2.445588 0.538133 4.585262 -2.182375 -1.953147 -7.905294 -0.447927 0.394538 0.009463 -2.856447 8.945876 -8.660309 2.726026 -15.396730 -39.000404 11.406902 -9.087791 -9.829158 -3.053694 -16.621893 -17.831338 114.823472 -44.899131 -100.004456 4.165665 -29.031955 -17.665012 -10.528720 10.210148 -8.393171 9.338515 8.050196 -27.934897 -133.699429 48.298835 -117.099326 -4.922465 18.752308 -16.045716 
4.531591 87.373154 9.340224 179.048769 -1.852596 176.416396 22.139311 15.558975 0.257032 -15.452121 13.267715 18.439338 -17.574343 0.589562 7.467733 nan nan nan -16.693330 -10.414626 -2.200712 1.301387 -5.485002 16.766159 4.139475 -3.304305 4.310751 nan nan nan 2.389163 0.539142 4.588617 -2.136563 -1.962342 -7.989840 -0.442884 0.405266 0.083706 -2.906653 8.845485 -8.573903 2.801707 -15.280446 -39.084729 11.365178 -9.088823 -9.777271 -2.892941 -16.618428 -17.872164 115.065669 -44.919674 -100.034481 4.359655 -28.295922 -17.554096 -10.450189 10.185891 -8.319917 9.339916 8.155328 -27.907522 -133.752242 48.223582 -117.096963 -5.273747 18.491157 -15.826280 
4.543293 87.398338 9.352660 179.024135 -1.876145 176.428059 22.066650 15.590157 0.210155 -15.419323 13.220063 18.509924 -17.549851 0.618541 7.463496 nan nan nan -16.669876 -10.420475 -2.238663 1.234674 -5.403282 16.835271 4.103513 -3.342771 4.337341 nan nan nan 2.332178 0.537429 4.664232 -2.129648 -1.992218 -8.111743 -0.454904 0.418828 0.154260 -2.883726 8.757645 -8.586735 2.973462 -15.207485 -39.053285 11.117018 -9.140743 -9.871495 -2.494571 -16.663037 -17.871948 115.173947 -45.092810 -100.249334 4.635676 -28.190241 -17.937664 -10.315101 10.233734 -8.388547 9.285042 8.110831 -27.835004 -133.961541 48.250052 -117.464343 -5.211814 18.545936 -15.962341 
4.551504 87.504425 9.378063 179.049394 -1.957431 176.296267 22.097764 15.366581 0.428341 -15.480109 13.163969 18.243372 -18.018118 0.996104 7.630325 nan nan nan -16.587295 -10.450703 -2.050672 1.344611 -4.895659 16.664315 4.160037 -3.036376 4.606897 nan nan nan 2.355621 0.539474 4.618298 -1.994902 -1.885806 -8.161407 -0.941761 0.187173 1.674191 -2.731320 8.829074 -10.928052 2.988240 -15.011951 -39.084715 10.667558 -7.290006 -10.429722 -1.789018 -18.587524 -18.734479 115.452693 -45.744723 -101.124883 5.153610 -28.210148 -18.592903 -9.244291 8.628687 -8.696306 8.627677 9.902118 -28.643853 -134.517760 48.511620 -118.644726 -4.295995 18.652331 -15.470407 
4.549841 87.536591 9.375962 179.073071 -2.029892 176.254126 22.094070 15.378116 0.449657 -15.415796 13.051226 18.273230 -18.136493 0.974637 7.669841 nan nan nan -16.604684 -10.543350 -1.978649 1.360963 -4.915117 16.645027 4.200558 -2.941639 4.716598 nan nan nan 2.379045 0.508669 4.821871 -1.937256 -1.896446 -8.392308 -0.984521 0.150719 1.779982 -2.786058 8.840639 -10.959242 3.089226 -14.975644 -39.126783 10.605573 -7.149496 -10.422519 -1.809767 -18.664108 -18.664957 115.523956 -45.820779 -101.234273 5.599754 -28.435076 -19.095021 -9.104659 8.562402 -8.704595 8.410154 9.935903 -28.729107 -134.566913 48.674538 -118.771212 -4.386143 18.829531 -15.628619 
4.558964 87.551247 9.369559 179.091115 -2.001682 176.220819 22.127207 15.386241 0.512760 -15.380978 13.032325 18.309917 -18.217692 0.819692 7.669631 nan nan nan -16.617863 -10.560495 -1.931262 1.384841 -4.966088 16.632073 4.274003 -2.747325 4.778472 nan nan nan 2.419082 0.476601 4.969533 -1.885461 -1.905953 -8.410621 -1.014402 0.051916 1.734357 -2.784807 9.163176 -11.013601 3.008242 -15.198678 -39.123287 11.075879 -7.010150 -10.236487 -2.387485 -18.473350 -18.714808 115.571832 -45.371918 -100.937201 5.088017 -28.754334 -18.499619 -9.109600 8.590128 -8.616971 8.419042 10.137344 -28.740814 -134.357064 48.546261 -118.238445 -4.434011 18.838966 -15.333257 
4.577270 87.560097 9.366339 179.093090 -1.916999 176.188215 22.161109 15.431814 0.600468 -15.348258 13.094482 18.348351 -18.313452 0.672259 7.693144 nan nan nan -16.637541 -10.540700 -1.887186 1.368141 -5.048172 16.611929 4.315779 -2.604738 4.826602 nan nan nan 2.434797 0.464174 5.095131 -1.867613 -1.878421 -8.391392 -1.025165 0.010982 1.651742 -2.753676 9.394379 -10.896102 2.937635 -15.417879 -39.235132 11.357398 -6.925512 -10.124332 -2.743624 -18.390649 -18.810008 115.484388 -45.017061 -100.543891 4.211585 -29.083988 -17.599777 -9.136265 8.614051 -8.525332 8.485136 10.258588 -28.695629 -134.255480 48.378185 -117.869059 -4.200659 18.868087 -15.239195 
4.589653 87.564560 9.351927 179.073953 -1.881330 176.201733 22.155765 15.518815 0.615551 -15.312831 13.157579 18.404265 -18.398205 0.571630 7.701154 nan nan nan -16.679727 -10.581407 -1.883016 1.312304 -5.160790 16.635516 4.340978 -2.588103 4.842937 nan nan nan 2.418356 0.456316 5.103648 -1.859591 -1.879061 -8.420679 -1.001774 0.008843 1.629822 -2.778170 9.400016 -10.528096 2.896536 -15.465061 -39.529631 11.332531 -6.903209 -10.044033 -2.776163 -18.329724 -18.895386 115.475451 -44.920089 -100.435232 3.628235 -29.183769 -17.043834 -9.168803 8.674968 -8.355167 8.547707 10.248932 -28.745683 -134.201888 48.232164 -117.633696 -3.953722 18.790051 -15.061270 
4.581967 87.573097 9.334244 179.044476 -1.897004 176.221988 22.103595 15.533012 0.601611 -15.304174 13.182137 18.420524 -18.386314 0.560823 7.672502 nan nan nan -16.723748 -10.633428 -1.903415 1.285759 -5.155581 16.694791 4.357175 -2.614969 4.864487 nan nan nan 2.417759 0.453980 5.079069 -1.868794 -1.913370 -8.471150 -0.988865 0.020023 1.646278 -2.809029 9.255602 -10.262081 2.896801 -15.415813 -39.741166 11.155516 -6.974367 -10.015012 -2.598704 -18.245422 -18.898503 115.540726 -44.940315 -100.477147 3.547255 -29.092773 -16.918440 -9.153254 8.733664 -8.249324 8.580036 10.181136 -28.785666 -134.125705 48.062691 -117.495680 -3.803595 18.597109 -14.755898 
4.573128 87.578796 9.329309 179.048913 -1.919763 176.214712 22.092665 15.497237 0.602440 -15.314354 13.107462 18.399650 -18.305929 0.583476 7.635081 nan nan nan -16.735728 -10.670936 -1.895783 1.298151 -5.125027 16.710244 4.357069 -2.625360 4.910458 nan nan nan 2.411749 0.476611 5.095109 -1.848040 -1.911066 -8.523579 -0.980283 0.042343 1.688744 -2.840238 9.083635 -10.205823 2.923982 -15.329333 -39.786050 11.023517 -7.020301 -10.043991 -2.517744 -18.305088 -18.761499 115.632170 -45.016875 -100.626571 3.983733 -28.857157 -17.293586 -9.099690 8.686610 -8.285719 8.518625 10.125107 -28.758046 -134.144194 48.040051 -117.613978 -3.877698 18.475978 -14.749109 
4.578370 87.595657 9.326768 179.043920 -1.929727 176.215649 22.078050 15.540926 0.596357 -15.322175 12.936936 18.383101 -18.202080 0.665754 7.580791 nan nan nan -16.752206 -10.727733 -1.910362 1.244557 -5.170359 16.731061 4.308777 -2.728240 5.014716 nan nan nan 2.308263 0.526420 5.105415 -1.783764 -1.894565 -8.585646 -0.936717 0.107769 1.723475 -2.877654 8.751677 -10.049054 3.051925 -15.016095 -39.899424 10.608272 -7.107561 -10.176114 -2.063661 -18.482510 -18.576794 115.767530 -45.303237 -100.853341 4.792048 -28.138800 -17.902759 -8.922927 8.618899 -8.381601 8.304890 10.061061 -28.733313 -134.214236 48.187340 -117.887380 -4.150353 18.359276 -14.736128 
4.589562 87.607063 9.375754 179.387775 -1.589212 176.860156 22.385338 15.195483 0.186105 -15.218910 14.322449 17.919634 -18.914481 0.187111 8.082281 nan nan nan -16.742855 -7.889979 -1.265389 8.102968 2.807088 15.435053 23.927143 10.519898 10.164917 nan nan nan 2.879929 1.155038 4.137265 -1.513244 -2.332095 -8.367433 -1.228092 0.242578 1.425254 -4.189808 7.796560 -8.889255 4.860418 -13.577635 -40.572173 10.087315 -7.552131 -10.883023 -1.910459 -18.432494 -17.392218 115.306394 -45.122637 -100.302309 3.969117 -28.549908 -16.304326 -8.881292 9.117922 -7.573338 7.855887 9.670945 -29.647027 -134.189235 48.528213 -119.136074 -3.690005 19.595194 -13.364032 
4.625581 87.649681 9.324529 179.008236 -1.754937 174.708519 22.607391 14.876456 2.664688 -14.812141 13.294694 17.532240 -24.687318 1.650937 9.039834 nan nan nan -17.269175 -11.089275 -0.063204 4.310555 -0.232701 17.191921 32.038901 16.370755 15.515469 nan nan nan 2.357092 2.010218 7.345098 -1.022429 -4.672042 -3.639461 -0.946243 1.315801 -3.367790 -7.277255 -0.684118 -16.993736 7.834748 -7.170534 -32.356864 11.315910 -8.682423 -15.959836 -3.269705 -15.014353 -19.471921 118.817603 -49.454939 -105.830288 3.748073 -26.271939 -17.239999 -11.033474 6.764478 -13.448796 11.277818 12.209600 -22.397676 -131.826267 47.269974 -113.850492 -3.033347 19.050320 -14.242770 
4.631609 87.647568 9.311552 179.045913 -1.785630 174.666763 22.667204 14.793746 2.759252 -14.922000 13.145642 17.347668 -24.681904 1.837766 9.036405 nan nan nan -17.243518 -11.366182 -0.169198 4.147861 -0.270549 17.395141 31.951833 16.958153 15.463489 nan nan nan 2.396405 2.074791 7.460977 -0.927249 -4.898894 -3.503524 -0.931099 1.467872 -3.505033 -7.617541 -1.662146 -17.720806 8.532185 -6.454846 -31.557491 11.640999 -8.696070 -16.417993 -3.993112 -14.685842 -19.253948 119.461072 -49.968649 -106.849619 5.296804 -26.135889 -18.486540 -11.334346 6.592795 -13.841103 11.639044 12.367219 -21.844436 -131.713668 47.193782 -113.390204 -2.871943 19.215164 -14.790745 
4.627254 87.634750 9.297127 179.032657 -1.852599 174.731625 22.608751 14.754201 2.656925 -14.906514 13.165740 17.333190 -24.763627 1.841638 9.038358 nan nan nan -17.261908 -11.505039 -0.319732 3.968103 -0.490865 17.563577 32.821084 16.998795 15.866790 nan nan nan 2.406937 2.096300 7.458301 -0.919440 -4.993183 -3.567254 -0.969566 1.476385 -3.550846 -7.608715 -1.721203 -17.875629 8.707116 -6.371568 -31.250338 11.974492 -8.701749 -16.269407 -4.496794 -14.537427 -18.951859 119.549215 -49.819431 -106.861746 6.271931 -26.484691 -19.384273 -11.416586 6.551584 -13.886233 11.745269 12.400999 -21.811109 -131.899214 47.351449 -113.352836 -2.844835 19.500064 -15.448891 
4.620425 87.633720 9.290522 179.054445 -1.878638 174.747500 22.624418 14.793972 2.592957 -14.872656 13.192143 17.419288 -24.777697 1.783608 9.086028 nan nan nan -17.228895 -11.520240 -0.330523 4.008648 -0.432404 17.492586 32.484886 17.138801 15.880928 nan nan nan 2.473498 2.084143 7.464688 -0.928777 -5.014256 -3.604911 -0.992850 1.457227 -3.538016 -7.630019 -1.621443 -17.911853 8.678344 -6.430165 -31.204888 12.125074 -8.705357 -16.163265 -4.690667 -14.436272 -18.911071 119.543034 -49.637730 -106.708256 6.234489 -26.625595 -19.523565 -11.453176 6.519358 -13.805268 11.762268 12.465874 -21.939918 -131.984427 47.401134 -113.295673 -2.819995 19.531055 -15.713099 
4.621266 87.626816 9.276209 179.060068 -1.887090 174.737719 22.636256 14.824187 2.582506 -14.827545 13.247472 17.478671 -24.796664 1.707166 9.171462 nan nan nan -17.248072 -11.572316 -0.294108 4.042603 -0.492291 17.327348 32.286612 17.238061 16.760297 nan nan nan 2.529985 2.107020 7.531458 -0.943895 -5.032130 -3.650451 -1.026349 1.451864 -3.486504 -7.628435 -1.354886 -18.098948 8.556412 -6.689996 -31.065863 12.495036 -8.709189 -15.996924 -5.155627 -14.369406 -18.720645 119.433812 -49.182477 -106.321266 5.989565 -26.833115 -19.635450 -11.526705 6.341225 -13.713079 11.874301 12.667434 -22.068798 -132.050026 47.378804 -113.054010 -2.773058 19.487267 -15.942414 
4.633158 87.630592 9.263488 179.016389 -1.852878 174.693825 22.607175 14.743825 2.710114 -14.882696 13.242884 17.359446 -24.837803 1.690323 9.067567 nan nan nan -17.328361 -11.608105 -0.286490 3.864171 -0.803899 17.409441 32.989417 17.231968 16.563995 nan nan nan 2.463383 2.119849 7.613543 -0.945251 -5.051533 -3.631699 -1.015871 1.514524 -3.550494 -7.596367 -1.233972 -18.138429 8.511142 -6.829827 -31.004569 12.613239 -8.765419 -16.024669 -5.240983 -14.396045 -18.675618 119.314528 -49.127108 -106.155361 5.813184 -27.012726 -19.480317 -11.620573 6.325380 -13.740153 12.121349 12.655913 -21.939468 -131.997520 47.203412 -112.929842 -3.059310 19.293910 -15.574996 
4.634580 87.637108 9.256157 179.033964 -1.877978 174.689620 22.623096 14.741152 2.714189 -14.868972 13.280046 17.345437 -24.822812 1.540429 9.095268 nan nan nan -17.295143 -11.589003 -0.217400 3.937032 -0.681036 17.275434 32.870313 17.290580 17.160708 nan nan nan 2.492212 2.084870 7.657382 -0.928314 -5.109215 -3.659060 -1.019388 1.498704 -3.594989 -7.625474 -1.252102 -18.062170 8.529153 -6.782503 -31.027438 12.582135 -8.812221 -16.090190 -5.035320 -14.304325 -18.925520 119.144811 -49.213470 -105.902626 5.018106 -27.377820 -18.629442 -11.642568 6.355926 -13.670851 12.220968 12.726564 -21.944989 -131.861454 47.052392 -112.724747 -3.019811 19.097209 -15.057369 
4.627939 87.642464 9.251942 179.023938 -1.888358 174.663646 22.606857 14.684234 2.751523 -14.829128 13.402759 17.319783 -24.857162 1.468105 9.113218 nan nan nan -17.311573 -11.554758 -0.200442 3.874803 -0.857485 17.309132 32.841911 17.378150 16.952240 nan nan nan 2.506938 2.072124 7.705678 -0.931058 -5.146507 -3.634938 -1.035029 1.460889 -3.676633 -7.559860 -1.198323 -18.022990 8.436635 -6.744565 -31.013995 12.528476 -8.906187 -16.152996 -4.825745 -14.258594 -19.204152 118.905687 -49.278766 -105.580757 3.823728 -27.898597 -17.633129 -11.665167 6.431177 -13.655064 12.331133 12.762321 -21.875988 -131.795863 46.934679 -112.649772 -2.723078 19.101310 -14.741694 
4.638442 87.649132 9.252006 179.016659 -1.852435 174.631768 22.624680 14.701575 2.816429 -14.847493 13.391060 17.280707 -24.839309 1.536868 9.143776 nan nan nan -17.282969 -11.509445 -0.215857 3.770721 -0.955250 17.375461 32.980998 17.255804 16.580480 nan nan nan 2.465390 2.078792 7.756450 -0.930909 -5.096707 -3.685653 -0.996734 1.497493 -3.642714 -7.459574 -1.274667 -18.149056 8.384223 -6.743978 -30.916030 12.370260 -8.946611 -16.290014 -4.653659 -14.419326 -19.358295 118.994525 -49.505417 -105.716276 3.421835 -27.656947 -17.118848 -11.673585 6.456378 -13.748978 12.383264 12.662479 -21.750613 -131.826689 46.875203 -112.749953 -2.826254 19.120882 -14.557671 
4.654920 87.656639 9.252090 179.014072 -1.817470 174.629768 22.652195 14.846086 2.828349 -14.930706 13.160663 17.292346 -24.731202 1.681750 9.089851 nan nan nan -17.214624 -11.505901 -0.272641 3.799617 -0.603260 17.455288 32.953179 17.177167 16.174529 nan nan nan 2.415741 2.078253 7.773083 -0.934253 -5.015787 -3.832586 -0.932631 1.550668 -3.459861 -7.393585 -1.516217 -18.444262 8.452043 -6.651985 -30.733088 12.079811 -8.814768 -16.524386 -4.445337 -14.695986 -19.330866 119.429487 -50.024770 -106.467201 4.320424 -26.653035 -17.390098 -11.625663 6.400193 -13.947120 12.356840 12.600085 -21.537337 -131.889086 46.843384 -113.059741 -3.366505 18.997676 -14.392815 
4.664970 87.653946 9.244137 178.990979 -1.799092 174.614329 22.639665 14.946451 2.851309 -14.937146 13.071948 17.318413 -24.809920 1.760786 9.092998 nan nan nan -17.209217 -11.503728 -0.294618 3.820530 -0.380629 17.513774 33.001867 17.252248 15.971860 nan nan nan 2.402402 2.065946 7.808508 -0.983734 -4.984736 -3.875396 -0.899082 1.550209 -3.430607 -7.311963 -1.654612 -18.660918 8.468182 -6.543197 -30.531679 11.938273 -8.770581 -16.541871 -4.352149 -14.785473 -19.350918 119.528517 -50.239601 -106.757684 4.915508 -26.467565 -17.861243 -11.682682 6.404400 -14.039548 12.394252 12.597708 -21.540265 -131.929719 47.000266 -113.248999 -3.621831 19.134919 -14.834957 
4.672676 87.645912 9.240092 179.017766 -1.799894 174.625735 22.663181 14.935100 2.838817 -14.879109 13.191296 17.332995 -24.971579 1.675922 9.134739 nan nan nan -17.204913 -11.468430 -0.296554 3.781280 -0.628029 17.481914 33.058555 17.229941 16.121215 nan nan nan 2.485405 2.029851 7.807116 -1.023980 -5.002334 -3.814654 -0.941523 1.532319 -3.592412 -7.321163 -1.535160 -18.504280 8.446328 -6.535112 -30.526494 12.085979 -8.920102 -16.279196 -4.491786 -14.631683 -19.382997 119.279901 -49.964321 -106.315583 4.773565 -27.172197 -18.066619 -11.775322 6.521364 -13.880044 12.464542 12.578707 -21.744093 -131.924414 47.152440 -113.097026 -3.662735 19.370630 -15.472194 
4.664725 87.649773 9.239235 179.039622 -1.852289 174.624498 22.662355 14.784820 2.831436 -14.919869 13.221795 17.286053 -24.848297 1.629214 9.050733 nan nan nan -17.247436 -11.470909 -0.225394 3.810673 -0.808174 17.391083 33.092527 17.169174 16.268013 nan nan nan 2.553574 1.999932 7.804957 -0.994724 -5.054401 -3.778873 -1.010891 1.520038 -3.640419 -7.462564 -1.361518 -18.336733 8.503729 -6.590211 -30.646472 12.407720 -8.955337 -16.106201 -4.954779 -14.411139 -18.886009 119.308461 -49.507525 -106.250483 5.387165 -27.187991 -18.712837 -11.802634 6.555181 -13.830331 12.576267 12.601660 -21.691613 -131.895313 46.980788 -112.863621 -2.761549 19.223955 -14.974983 
4.657520 87.651360 9.233378 179.050882 -1.895441 174.629511 22.664038 14.772123 2.792152 -14.961641 13.121403 17.320753 -24.785836 1.628741 9.015188 nan nan nan -17.260745 -11.560786 -0.200343 3.835340 -0.717720 17.365462 33.153587 17.333971 16.389112 nan nan nan 2.574874 1.999029 7.825188 -0.990275 -5.075838 -3.831802 -0.993100 1.489820 -3.564949 -7.519815 -1.300386 -18.371840 8.503728 -6.622831 -30.652777 12.684556 -8.830010 -16.043847 -5.445624 -14.322538 -18.523603 119.523227 -49.311487 -106.271878 6.246875 -26.898772 -19.552094 -11.910700 6.466482 -13.892174 12.569360 12.728210 -21.854262 -132.155992 47.325577 -113.092533 -2.848355 19.525456 -15.702385 
4.672293 87.647545 9.234802 179.029708 -1.896403 174.683828 22.647201 14.805151 2.710217 -14.973984 13.120126 17.377458 -24.796719 1.634016 9.060409 nan nan nan -17.263705 -11.589550 -0.280546 3.875128 -0.627119 17.416132 33.091188 17.439846 16.333826 nan nan nan 2.521448 2.022685 7.760349 -0.986230 -5.071874 -3.831519 -0.985254 1.488637 -3.545620 -7.489652 -1.307759 -18.418289 8.516155 -6.670578 -30.612103 12.762278 -8.754247 -16.030772 -5.565022 -14.377190 -18.427436 119.599167 -49.264969 -106.360728 6.411286 -26.755535 -19.782428 -11.905341 6.406362 -13.886768 12.549416 12.769153 -21.918732 -132.281692 47.418523 -113.249951 -2.789406 19.588418 -16.149713 
4.682981 87.646912 9.233041 179.008216 -1.842051 174.731823 22.633352 14.810774 2.704377 -15.007590 13.139498 17.331034 -24.729372 1.673711 9.055058 nan nan nan -17.261842 -11.602107 -0.385617 3.903758 -0.536303 17.481558 33.014821 17.416309 16.283540 nan nan nan 2.467211 2.048442 7.699715 -0.973082 -5.030274 -3.832909 -0.994765 1.538640 -3.513328 -7.489781 -1.320302 -18.490024 8.534708 -6.746245 -30.565034 12.765735 -8.714855 -16.025475 -5.568916 -14.505159 -18.281078 119.757750 -49.222182 -106.684877 6.825158 -26.479921 -20.034212 -11.818583 6.327539 -13.871972 12.509055 12.771585 -21.859783 -132.209952 47.297272 -113.234738 -3.054355 19.329967 -15.966030 
4.672393 87.645386 9.222794 179.003797 -1.800630 174.739519 22.629347 14.780092 2.755388 -15.031383 13.184907 17.241243 -24.685979 1.667920 9.060146 nan nan nan -17.264617 -11.570851 -0.417179 3.904966 -0.472299 17.527929 33.059953 17.412509 16.165446 nan nan nan 2.434669 2.050072 7.668827 -0.922585 -4.997835 -3.741260 -0.993165 1.613747 -3.540723 -7.488784 -1.398677 -18.555243 8.506829 -6.773420 -30.526172 12.750848 -8.735792 -16.078292 -5.604785 -14.607644 -18.165669 119.733540 -49.145409 -106.735893 6.749250 -26.391819 -19.809523 -11.845693 6.277906 -13.921478 12.583160 12.743926 -21.675691 -131.931805 46.940379 -112.888197 -2.253877 18.985080 -14.778621 
4.661570 87.646980 9.209624 179.050450 -1.812828 174.646414 22.686924 14.805707 2.842158 -15.011388 13.075117 17.239737 -24.711044 1.696666 9.027792 nan nan nan -17.260597 -11.560491 -0.299325 3.945327 -0.454999 17.530195 33.085995 17.430050 16.021689 nan nan nan 2.503937 2.020575 7.849420 -0.939804 -4.992640 -3.801029 -0.964698 1.622952 -3.567029 -7.470439 -1.425421 -18.601700 8.473406 -6.727340 -30.428246 12.622075 -8.824340 -16.146542 -5.335198 -14.641826 -18.586811 119.532344 -49.414007 -106.360030 6.135779 -26.577138 -19.189298 -11.939620 6.299937 -13.939371 12.598504 12.674054 -21.700508 -132.046899 47.081444 -113.023345 -2.885242 19.032638 -15.142857 
4.658592 87.649529 9.200018 179.049654 -1.824779 174.603654 22.688002 14.809612 2.891933 -15.002544 13.033998 17.218689 -24.689660 1.713186 9.001306 nan nan nan -17.310047 -11.522754 -0.207836 4.016145 -0.494928 17.466596 33.191638 17.550867 16.120261 nan nan nan 2.564008 1.954587 7.947443 -1.000528 -5.033277 -3.867282 -0.997514 1.636041 -3.591583 -7.481887 -1.448169 -18.629443 8.530514 -6.603582 -30.307449 12.363801 -8.899112 -16.339966 -4.793168 -14.723967 -19.141952 119.322930 -49.794978 -106.120250 4.734290 -26.582205 -17.859264 -11.954157 6.393119 -13.958170 12.708037 12.661339 -21.683266 -131.996404 47.039669 -112.995593 -2.768001 19.079464 -14.938061 
4.668732 87.657265 9.203126 179.039135 -1.770679 174.584579 22.702712 14.845376 2.959490 -15.005761 13.069206 17.189110 -24.745986 1.767080 9.017967 nan nan nan -17.285355 -11.431378 -0.203661 3.972828 -0.502147 17.460985 33.260355 17.676413 16.116725 nan nan nan 2.541542 1.957196 7.965524 -1.034728 -5.018213 -3.895433 -0.968897 1.637341 -3.597177 -7.472349 -1.497117 -18.492426 8.585221 -6.460797 -30.369376 12.245513 -8.857875 -16.466589 -4.660661 -14.801609 -19.293739 119.441170 -50.039402 -106.299829 4.359322 -26.234685 -17.352757 -11.931767 6.481226 -13.950650 12.736530 12.653292 -21.660957 -131.966404 47.051872 -113.107567 -3.079701 19.095305 -15.042213 
4.684395 87.659126 9.208893 179.035920 -1.723956 174.571318 22.713056 14.880047 2.983806 -15.010043 13.072125 17.206480 -24.782147 1.809893 9.024253 nan nan nan -17.216410 -11.418513 -0.264560 3.858960 -0.552947 17.507004 33.145260 17.482017 16.103222 nan nan nan 2.482834 1.995484 7.986509 -1.025906 -4.957455 -3.976427 -0.910470 1.625574 -3.532847 -7.445834 -1.520031 -18.423943 8.557262 -6.434629 -30.427545 12.285499 -8.766036 -16.371198 -4.831054 -14.830843 -19.224107 119.591859 -50.150331 -106.474148 5.159373 -26.344435 -18.095670 -11.934426 6.462986 -13.949604 12.664955 12.666739 -21.743277 -132.135710 47.300033 -113.337066 -3.534671 19.408205 -15.810705 
4.676981 87.652039 9.207978 179.040067 -1.786078 174.606625 22.687425 14.843733 2.884426 -14.983366 13.108517 17.273320 -24.781809 1.733634 9.034425 nan nan nan -17.219671 -11.505276 -0.278834 3.845819 -0.614249 17.462131 33.080799 17.351441 16.209498 nan nan nan 2.520589 1.984489 7.925629 -1.036857 -4.978651 -3.986860 -0.937126 1.582869 -3.495350 -7.377585 -1.523667 -18.546714 8.498208 -6.475144 -30.279575 12.290130 -8.727672 -16.295288 -4.832556 -14.879901 -19.326694 119.448565 -50.157785 -106.251996 5.234284 -27.067393 -18.602773 -11.939419 6.427848 -13.942251 12.619499 12.729688 -21.872384 -132.227935 47.481506 -113.325439 -3.185866 19.846036 -16.311678 
4.656559 87.645279 9.205474 179.070128 -1.892808 174.644040 22.669355 14.840912 2.761351 -14.935791 13.099424 17.368115 -24.716512 1.596054 9.010968 nan nan nan -17.240950 -11.684892 -0.271794 3.898566 -0.548068 17.444716 33.033622 17.428454 16.241867 nan nan nan 2.601784 2.014428 7.781595 -1.034901 -5.042870 -3.869070 -0.944372 1.518263 -3.469296 -7.315672 -1.571200 -18.658743 8.437419 -6.490513 -30.238470 12.341596 -8.787315 -16.263393 -4.925233 -14.833102 -19.426573 119.328985 -50.076382 -105.956232 5.027987 -27.568586 -18.620971 -12.008377 6.479901 -13.849283 12.552078 12.648584 -22.117340 -132.240479 47.512174 -113.179369 -2.651556 20.053505 -16.339592 
4.663040 87.646614 9.201749 179.098213 -1.906265 174.654997 22.696490 14.849851 2.735613 -14.882934 13.190950 17.401233 -24.838940 1.539196 9.078328 nan nan nan -17.195345 -11.705239 -0.260920 3.861066 -0.558355 17.412520 33.067856 17.559236 16.320131 nan nan nan 2.607288 2.124769 7.696070 -0.997628 -5.083850 -3.728728 -0.904096 1.462865 -3.526806 -7.359024 -1.436297 -18.523356 8.419992 -6.609322 -30.403523 12.616700 -8.941532 -16.169995 -5.277177 -14.587278 -19.333205 119.295412 -49.761934 -105.665828 4.715929 -27.748391 -18.343710 -12.062500 6.570062 -13.719883 12.547190 12.523427 -22.236769 -132.269509 47.402100 -113.061748 -2.735907 19.948342 -16.167602 
4.689019 87.649757 9.206889 179.106915 -1.839713 174.634731 22.753863 14.862418 2.800818 -14.869512 13.338345 17.374318 -25.050540 1.538482 9.189442 nan nan nan -17.157070 -11.581274 -0.254034 3.867029 -0.619585 17.376497 33.061603 17.631070 16.674199 nan nan nan 2.584039 2.130361 7.755552 -0.974968 -5.097992 -3.690799 -0.920428 1.479302 -3.621343 -7.427467 -1.210507 -18.380609 8.437155 -6.705134 -30.462492 12.791351 -9.036835 -16.131368 -5.349916 -14.415672 -19.306886 119.174015 -49.532239 -105.390947 4.325017 -27.863325 -18.000886 -12.039280 6.587815 -13.666804 12.634532 12.580274 -22.255216 -132.286401 47.344909 -112.872386 -2.895309 19.790840 -15.931116 
4.687143 87.648132 9.209933 179.089533 -1.828863 174.641373 22.735181 14.864068 2.797253 -14.885171 13.389943 17.369554 -25.009408 1.552158 9.177389 nan nan nan -17.190094 -11.556928 -0.266461 3.896405 -0.639541 17.367573 32.956619 17.549056 16.846990 nan nan nan 2.568015 2.112188 7.759827 -0.968789 -5.089168 -3.699870 -0.940702 1.498802 -3.601397 -7.439792 -1.208223 -18.358669 8.449013 -6.745639 -30.463369 12.810939 -9.024351 -16.109716 -5.371071 -14.444219 -19.212290 119.175467 -49.450654 -105.461345 4.458845 -27.779311 -18.205983 -12.026561 6.505845 -13.698437 12.666833 12.667796 -22.196792 -132.215863 47.324920 -112.809988 -2.916786 19.637843 -15.826266 
4.663877 87.646927 9.207769 179.044147 -1.858366 174.660989 22.656878 14.848241 2.770410 -14.905182 13.419532 17.350349 -24.816046 1.562496 9.116938 nan nan nan -17.254281 -11.597689 -0.311854 3.827618 -0.732264 17.423466 32.858917 17.356830 16.603814 nan nan nan 2.544631 2.085065 7.734033 -0.967326 -5.073599 -3.734633 -0.958044 1.518989 -3.535534 -7.430876 -1.286618 -18.399825 8.421989 -6.833354 -30.455589 12.781752 -8.953834 -16.060335 -5.415167 -14.547404 -19.032583 119.238097 -49.361210 -105.676542 4.841905 -27.565677 -18.605531 -12.001043 6.366312 -13.782563 12.686105 12.792984 -22.032197 -132.082823 47.245584 -112.798123 -2.941538 19.347944 -15.575128 
4.658851 87.643059 9.201486 179.043480 -1.852139 174.655482 22.663363 14.840137 2.786119 -14.899721 13.430244 17.337451 -24.814439 1.543328 9.134281 nan nan nan -17.244941 -11.607783 -0.299071 3.821719 -0.729387 17.392078 32.865041 17.332083 16.653478 nan nan nan 2.542524 2.074138 7.743265 -0.959504 -5.074304 -3.744918 -0.957348 1.520090 -3.533691 -7.420362 -1.263895 -18.428085 8.403650 -6.843680 -30.442784 12.777390 -8.933293 -16.050368 -5.421982 -14.546831 -19.022204 119.237480 -49.344520 -105.675549 4.846326 -27.583160 -18.582501 -11.984585 6.360157 -13.782162 12.676223 12.836617 -22.007551 -132.069847 47.227335 -112.792790 -2.915196 19.334525 -15.523118 
4.666104 87.645027 9.187306 179.048296 -1.819339 174.632305 22.688384 14.771240 2.869579 -14.908083 13.490807 17.247571 -24.836592 1.528800 9.172668 nan nan nan -17.229277 -11.571928 -0.217431 3.888236 -0.664969 17.215773 32.825329 17.223978 17.150602 nan nan nan 2.517022 2.061465 7.752775 -0.926034 -5.086106 -3.723974 -0.953872 1.513271 -3.539276 -7.404591 -1.184296 -18.446546 8.387808 -6.807858 -30.441585 12.750349 -8.924267 -16.032619 -5.396161 -14.477592 -19.024605 119.231648 -49.306000 -105.698353 4.799950 -27.680477 -18.409084 -11.958190 6.406124 -13.716023 12.661229 12.920297 -21.968150 -131.908276 47.084744 -112.586183 -2.754287 19.262276 -15.131942 
4.677098 87.650299 9.189523 179.027801 -1.798881 174.620523 22.668906 14.796486 2.895168 -14.926806 13.405157 17.234388 -24.846009 1.618072 9.126298 nan nan nan -17.247332 -11.507222 -0.214579 3.894828 -0.616892 17.285106 32.828959 17.327177 16.709590 nan nan nan 2.480452 2.039858 7.796671 -0.939911 -5.083580 -3.747154 -0.941511 1.555608 -3.578073 -7.427577 -1.263622 -18.267446 8.428748 -6.681709 -30.555664 12.564513 -9.010441 -16.129718 -5.088813 -14.469489 -19.090365 119.272411 -49.490402 -105.827377 4.819567 -27.325170 -18.169890 -11.983057 6.486698 -13.679197 12.774936 12.793866 -21.866379 -131.871644 46.920818 -112.580928 -2.997408 19.197167 -14.787639 
4.689601 87.657074 9.203363 179.010863 -1.782801 174.594797 22.648543 14.971380 2.902182 -14.898313 13.207667 17.296894 -24.838903 1.664951 9.119735 nan nan nan -17.263656 -11.497761 -0.227890 3.865313 -0.597520 17.381374 33.052535 17.424922 16.354689 nan nan nan 2.489613 1.966568 7.919348 -1.009211 -5.066161 -3.812635 -0.922987 1.637602 -3.631407 -7.458242 -1.483526 -18.171971 8.484077 -6.506069 -30.591854 12.183762 -9.081291 -16.373669 -4.453859 -14.591794 -19.376758 119.273552 -49.925526 -105.996076 4.449704 -26.770609 -17.561963 -11.967319 6.571681 -13.715577 12.796901 12.609878 -21.795519 -131.945823 46.858336 -112.825633 -3.518369 19.201263 -14.704134 
4.693857 87.660713 9.218008 179.017103 -1.785608 174.550047 22.661970 15.082748 2.917854 -14.852594 13.162651 17.372757 -24.938360 1.606628 9.153755 nan nan nan -17.269995 -11.493948 -0.206658 3.842348 -0.680647 17.408365 33.153370 17.429400 16.443603 nan nan nan 2.520339 1.956198 8.007663 -1.031871 -5.056017 -3.809381 -0.904704 1.640554 -3.646581 -7.489284 -1.552778 -18.222588 8.477160 -6.485870 -30.564223 12.019475 -9.053370 -16.550335 -4.212920 -14.708095 -19.651010 119.203358 -50.204372 -106.051520 3.749264 -26.713764 -16.848961 -11.942987 6.608855 -13.771209 12.715623 12.549135 -21.783155 -131.912613 46.833573 -112.977572 -3.613496 19.184390 -14.687161 
4.686496 87.657539 9.214801 179.071992 -1.834322 174.542198 22.726911 15.079168 2.884188 -14.845496 13.230392 17.428866 -24.980143 1.539612 9.177767 nan nan nan -17.219132 -11.507164 -0.179583 3.846883 -0.687376 17.415731 33.078791 17.423595 16.299112 nan nan nan 2.591306 1.982588 7.946937 -1.016644 -5.061710 -3.720239 -0.896814 1.596793 -3.654725 -7.490520 -1.602963 -18.157809 8.444862 -6.445983 -30.605134 12.069079 -9.039061 -16.508054 -4.393409 -14.723583 -19.721365 119.239008 -50.207707 -106.102908 3.612687 -27.009871 -16.760519 -11.978383 6.661406 -13.753452 12.591076 12.464263 -21.925411 -131.864691 46.937254 -113.023565 -3.263048 19.293570 -14.744321 
4.683735 87.649811 9.197434 179.108142 -1.875867 174.550223 22.761692 15.040735 2.859078 -14.883752 13.131573 17.429230 -24.874740 1.557341 9.147640 nan nan nan -17.182139 -11.604652 -0.164309 3.839495 -0.579693 17.421192 33.043641 17.444394 16.198951 nan nan nan 2.660718 1.976383 7.904141 -1.029932 -5.096614 -3.696266 -0.888644 1.557670 -3.625607 -7.508363 -1.684825 -18.161665 8.468573 -6.349561 -30.588121 12.186307 -8.954874 -16.441611 -4.636584 -14.637899 -19.683087 119.470471 -50.184614 -106.323260 4.076130 -27.050985 -17.252552 -12.120556 6.709133 -13.739543 12.592694 12.438613 -22.111265 -131.951125 47.147196 -113.126722 -3.037148 19.506285 -15.111745 
4.688763 87.650230 9.184679 179.108980 -1.873943 174.539825 22.761089 14.978216 2.883269 -14.937050 12.990463 17.383004 -24.796719 1.668433 9.101384 nan nan nan -17.214947 -11.726433 -0.140949 3.885897 -0.401783 17.443969 33.183753 17.682184 16.212964 nan nan nan 2.667568 2.019861 7.938437 -1.028017 -5.123569 -3.766645 -0.859396 1.542370 -3.514825 -7.542620 -1.698107 -18.298823 8.502438 -6.394623 -30.502083 12.385692 -8.796466 -16.481468 -4.956606 -14.626366 -19.563335 119.675864 -50.236466 -106.471813 4.756254 -26.906367 -17.816356 -12.245349 6.643938 -13.831698 12.636627 12.470627 -22.190006 -132.103979 47.317607 -113.303418 -3.007593 19.664794 -15.691128 
4.696040 87.657684 9.180447 179.093652 -1.865727 174.578410 22.732328 14.888677 2.874657 -14.967698 13.041016 17.305250 -24.785363 1.717169 9.066775 nan nan nan -17.249770 -11.741918 -0.166482 3.952889 -0.340976 17.444729 33.293573 17.812790 16.190417 nan nan nan 2.611494 2.071436 7.890378 -0.994437 -5.122738 -3.780581 -0.846256 1.565358 -3.462334 -7.537489 -1.649140 -18.359635 8.501916 -6.482629 -30.476110 12.468047 -8.726715 -16.536492 -5.141925 -14.748296 -19.470520 119.692408 -50.284082 -106.376486 5.066782 -27.186883 -18.230148 -12.232065 6.532795 -13.913767 12.686127 12.514729 -22.143634 -132.112692 47.271372 -113.162491 -2.765962 19.647931 -15.601531 
4.690611 87.655373 9.182391 179.056044 -1.866209 174.608259 22.677026 14.801025 2.861718 -14.995793 13.111861 17.247178 -24.749168 1.697948 9.017531 nan nan nan -17.282651 -11.719192 -0.200872 3.931363 -0.450770 17.401787 33.216457 17.585741 16.248289 nan nan nan 2.593707 2.063216 7.872715 -1.003172 -5.125447 -3.768203 -0.881817 1.562041 -3.441828 -7.525999 -1.616069 -18.437338 8.457400 -6.508891 -30.432425 12.420674 -8.697810 -16.460986 -5.100136 -14.746204 -19.453378 119.695672 -50.176331 -106.462064 5.248851 -27.356097 -18.482900 -12.191161 6.465043 -13.887402 12.772445 12.595705 -22.055484 -131.981576 47.036051 -112.880101 -2.883655 19.396534 -14.926133 
4.680773 87.647766 9.189133 179.031286 -1.872954 174.616107 22.646222 14.771005 2.836237 -15.034064 13.081471 17.249440 -24.618196 1.684606 8.936044 nan nan nan -17.307505 -11.713772 -0.224926 3.874817 -0.590493 17.376177 33.100266 17.274172 16.267933 nan nan nan 2.595089 2.038767 7.910550 -1.020468 -5.120929 -3.804886 -0.891137 1.525449 -3.411898 -7.501165 -1.686107 -18.482096 8.383593 -6.464729 -30.407878 12.369100 -8.668131 -16.365813 -5.019624 -14.684714 -19.451122 119.754939 -50.095711 -106.604339 5.415295 -27.023718 -18.440069 -12.216174 6.426740 -13.886316 12.855896 12.660297 -21.955376 -131.913966 46.907449 -112.875884 -3.010196 19.170125 -14.730872 
4.676139 87.649902 9.189837 179.022482 -1.844876 174.594420 22.649515 14.779807 2.873476 -15.041925 13.092616 17.231480 -24.552416 1.673291 8.913607 nan nan nan -17.296808 -11.656846 -0.241734 3.816172 -0.681012 17.405778 33.094969 17.088528 16.213571 nan nan nan 2.586818 2.031311 7.987459 -1.032331 -5.081867 -3.830360 -0.867225 1.498367 -3.451178 -7.443157 -1.708163 -18.435068 8.259753 -6.458885 -30.373442 12.308392 -8.723203 -16.291781 -4.815949 -14.640594 -19.696560 119.653320 -50.082336 -106.443307 4.686601 -26.967056 -17.815084 -12.271603 6.440290 -13.876115 12.936169 12.653109 -21.959950 -131.876543 46.885429 -112.895870 -2.770057 19.228483 -14.912269 
4.686185 87.647888 9.189169 178.988120 -1.794576 174.528365 22.640276 14.753834 2.995353 -15.012416 13.150385 17.174566 -24.643472 1.659568 8.938061 nan nan nan -17.322301 -11.545410 -0.202601 3.822196 -0.683210 17.432514 33.150848 17.156057 16.249224 nan nan nan 2.570267 1.984251 8.116532 -1.074398 -5.063570 -3.794181 -0.907277 1.508756 -3.584986 -7.398182 -1.612147 -18.300178 8.206305 -6.404948 -30.355444 12.246943 -8.854622 -16.090718 -4.521364 -14.495579 -19.872902 119.378048 -49.915234 -106.178250 4.209163 -27.381492 -17.721739 -12.280160 6.508534 -13.760164 13.067186 12.689886 -22.012461 -131.791857 46.831988 -112.736658 -2.807646 19.282695 -15.039458 
4.705059 87.648758 9.186580 179.008103 -1.736036 174.494792 22.700322 14.737877 3.082501 -15.023899 13.183668 17.120344 -24.753470 1.679899 8.999424 nan nan nan -17.323697 -11.469552 -0.167858 3.919090 -0.615224 17.468116 33.154053 17.455487 16.218015 nan nan nan 2.541868 2.040568 8.061444 -1.015579 -5.050644 -3.634457 -0.880916 1.507682 -3.586443 -7.515704 -1.426649 -18.278762 8.195244 -6.522681 -30.478731 12.540695 -8.866053 -15.853429 -5.093666 -14.228046 -19.348531 119.562470 -49.392388 -106.456042 5.270717 -27.323727 -18.718031 -12.325969 6.463842 -13.749978 13.118794 12.759446 -22.015348 -131.812698 46.781773 -112.736989 -3.182013 19.152270 -14.869642 
4.710487 87.648354 9.186170 179.036051 -1.739001 174.502457 22.729458 14.717350 3.073502 -15.035866 13.190468 17.108861 -24.794985 1.695187 9.028008 nan nan nan -17.326566 -11.436460 -0.145946 3.984308 -0.638778 17.468628 33.134237 17.613798 16.137029 nan nan nan 2.571221 2.068170 7.974998 -0.980382 -5.057135 -3.536704 -0.908920 1.508979 -3.556919 -7.622121 -1.275561 -18.332813 8.241625 -6.628574 -30.503886 12.693270 -8.887311 -15.893874 -5.424686 -14.116512 -18.805128 119.683540 -49.109395 -106.667232 6.132378 -27.023277 -19.161547 -12.255263 6.462797 -13.798418 13.008581 12.737369 -21.911404 -131.847563 46.705715 -112.799152 -3.539202 19.066154 -14.620911 
4.693720 87.646393 9.183481 179.055839 -1.849617 174.558696 22.697562 14.668757 2.935277 -15.027370 13.151814 17.167508 -24.715455 1.637904 9.000306 nan nan nan -17.312388 -11.483711 -0.131341 3.929626 -0.804445 17.358369 33.111424 17.383477 16.252697 nan nan nan 2.621445 2.068487 7.896231 -0.981379 -5.081931 -3.554037 -0.907224 1.478535 -3.538440 -7.699153 -1.388329 -18.132597 8.231602 -6.516286 -30.528375 12.660258 -8.851429 -16.022187 -5.506767 -14.287532 -18.773491 119.745192 -49.284563 -106.711588 6.215450 -26.917693 -19.021241 -12.291677 6.469143 -13.790766 12.924307 12.644238 -21.871974 -131.894852 46.725687 -112.862386 -3.359512 19.128062 -14.676907 
4.689791 87.651085 9.178884 179.071025 -1.896159 174.567950 22.698122 14.736243 2.888762 -15.029089 13.040723 17.229770 -24.667642 1.608487 8.979269 nan nan nan -17.279144 -11.584489 -0.111714 3.883527 -0.760282 17.295334 33.043594 17.239513 16.315029 nan nan nan 2.650780 2.028964 7.944923 -1.008049 -5.078507 -3.701018 -0.890074 1.492786 -3.477157 -7.735030 -1.545162 -17.935249 8.268689 -6.363569 -30.545989 12.513296 -8.694642 -16.160262 -5.393165 -14.592410 -19.034459 119.849424 -49.730803 -106.775899 6.168509 -26.798919 -19.031160 -12.325005 6.441220 -13.781180 12.878231 12.617374 -21.977713 -132.065002 46.916827 -113.019946 -2.829660 19.175968 -15.070277 
4.712564 87.647789 9.177885 179.065202 -1.835296 174.570518 22.725499 14.815427 2.902177 -15.046691 13.021159 17.265916 -24.748381 1.644189 8.996918 nan nan nan -17.246745 -11.639947 -0.179622 3.872686 -0.599755 17.379738 32.975971 17.214041 16.237326 nan nan nan 2.632907 2.010541 7.966137 -1.023750 -5.068846 -3.741093 -0.926376 1.529365 -3.452305 -7.668378 -1.492997 -17.920487 8.377173 -6.394549 -30.516033 12.401410 -8.724225 -16.199574 -5.017147 -14.621398 -19.282480 119.734464 -49.898569 -106.559341 5.839186 -26.822207 -18.988704 -12.241883 6.512529 -13.725963 12.812395 12.603431 -22.062486 -132.254939 46.977896 -113.125577 -2.731761 19.228345 -15.546927 
4.733602 87.637909 9.184853 179.072339 -1.775833 174.557393 22.770573 14.906771 2.902506 -14.997760 13.073714 17.357414 -24.839081 1.583503 9.005921 nan nan nan -17.207523 -11.655467 -0.238013 3.845367 -0.562468 17.432896 33.006959 17.158671 16.382077 nan nan nan 2.595234 1.996727 7.984434 -0.994509 -5.056305 -3.660915 -0.923076 1.543515 -3.522811 -7.629286 -1.457183 -17.896007 8.348712 -6.415116 -30.467806 12.395820 -8.812185 -16.159096 -4.783460 -14.536747 -19.576199 119.571735 -49.924031 -106.207895 5.431530 -27.103213 -18.658714 -12.235612 6.564838 -13.701117 12.796014 12.627558 -22.150827 -132.265459 47.016876 -113.095311 -3.111901 19.423920 -15.780720 
4.731883 87.636238 9.184601 179.085768 -1.780358 174.542195 22.791480 14.972191 2.912772 -14.936774 13.131232 17.385769 -24.820578 1.510694 9.043823 nan nan nan -17.216783 -11.684736 -0.221937 3.832751 -0.667735 17.404492 33.083908 17.173462 16.590313 nan nan nan 2.586533 1.949977 8.000667 -0.964507 -5.055772 -3.596155 -0.899197 1.553269 -3.593312 -7.651332 -1.509345 -17.816023 8.239405 -6.358338 -30.451665 12.383325 -8.829112 -16.127412 -4.772695 -14.516085 -19.815598 119.524528 -49.931791 -106.032543 4.912662 -27.352202 -18.246548 -12.316705 6.571667 -13.680837 12.827196 12.675282 -22.278407 -132.151320 47.089272 -112.976259 -3.334552 19.530713 -15.716283 
4.727381 87.646240 9.178305 179.068752 -1.763742 174.542689 22.777608 14.937403 2.961589 -14.942275 13.244947 17.320900 -24.829430 1.477085 9.094831 nan nan nan -17.253569 -11.615892 -0.180967 3.833568 -0.758982 17.374706 33.174232 17.425159 16.571439 nan nan nan 2.609231 1.946011 8.022038 -0.979730 -5.092044 -3.603796 -0.886435 1.528469 -3.681341 -7.699884 -1.464293 -17.658527 8.158609 -6.344332 -30.466381 12.460908 -8.883769 -16.099425 -4.924191 -14.324696 -19.792588 119.410106 -49.727153 -105.932274 4.005489 -27.635605 -17.517371 -12.398858 6.668135 -13.549741 12.917653 12.687125 -22.340348 -132.042431 46.983955 -112.839639 -3.065655 19.364175 -15.145246 
4.720245 87.653183 9.175653 179.043618 -1.741052 174.546880 22.749690 14.887065 2.983631 -14.939075 13.336509 17.274257 -24.915644 1.501431 9.130340 nan nan nan -17.273718 -11.511963 -0.176313 3.847380 -0.776342 17.375748 33.212835 17.613889 16.501179 nan nan nan 2.596550 2.003895 8.025365 -0.983538 -5.112979 -3.619073 -0.866618 1.479143 -3.686041 -7.723998 -1.331049 -17.532927 8.118443 -6.393152 -30.538865 12.673444 -8.932630 -15.987422 -5.234022 -14.105016 -19.450904 119.349512 -49.342163 -105.882502 4.043760 -27.725341 -17.566646 -12.393355 6.679141 -13.482239 12.934683 12.726759 -22.309992 -131.970748 46.857592 -112.728391 -2.831530 19.216332 -14.742867 
4.699889 87.650055 9.180595 179.039850 -1.830898 174.590061 22.694356 14.803270 2.887992 -14.956901 13.279630 17.249401 -24.782065 1.553897 9.069593 nan nan nan -17.283165 -11.483136 -0.174470 3.902454 -0.744980 17.332615 33.144551 17.458368 16.407449 nan nan nan 2.560731 2.047447 7.903380 -0.946255 -5.106680 -3.566942 -0.880169 1.434537 -3.565961 -7.655786 -1.337159 -17.640940 8.130022 -6.414192 -30.550754 12.743455 -8.877349 -15.857898 -5.470496 -14.185336 -19.063225 119.557652 -49.122881 -106.170617 5.213669 -27.312785 -18.585052 -12.312090 6.540460 -13.564728 12.856267 12.784402 -22.194537 -131.866028 46.789721 -112.689806 -2.792791 19.251447 -14.894615 
4.693015 87.644386 9.178980 179.027590 -1.878212 174.605613 22.652068 14.800655 2.841243 -14.940912 13.229358 17.264156 -24.726453 1.561069 9.050270 nan nan nan -17.313370 -11.517289 -0.170411 3.917015 -0.734603 17.325508 33.138098 17.422784 16.390942 nan nan nan 2.545213 2.053116 7.875449 -0.946288 -5.117095 -3.561866 -0.899417 1.425368 -3.528477 -7.633128 -1.321012 -17.705357 8.139302 -6.418805 -30.523623 12.757582 -8.834580 -15.859982 -5.517467 -14.250526 -18.939135 119.622995 -49.118409 -106.248238 5.722429 -27.114271 -18.921939 -12.273827 6.487360 -13.602988 12.855042 12.814284 -22.148426 -131.852775 46.775052 -112.698961 -2.926529 19.276493 -14.999780 
4.686399 87.644836 9.173555 179.011053 -1.923588 174.587212 22.600382 14.840660 2.805006 -14.851909 13.195354 17.347946 -24.752952 1.514208 9.083504 nan nan nan -17.361711 -11.574013 -0.134476 3.885209 -0.820945 17.329406 33.193592 17.498325 16.481437 nan nan nan 2.552028 2.009162 7.902807 -0.960765 -5.160381 -3.536502 -0.901553 1.454614 -3.570143 -7.688054 -1.272434 -17.675097 8.110364 -6.401078 -30.528915 12.780960 -8.824159 -15.923376 -5.534671 -14.216451 -18.917617 119.646277 -49.136870 -106.200353 5.797960 -27.054625 -18.815093 -12.312631 6.504657 -13.562404 12.947297 12.815721 -22.140011 -131.910210 46.728822 -112.753908 -3.423509 19.303843 -15.049836 
4.693722 87.646820 9.167360 179.054922 -1.910823 174.561180 22.666550 14.857256 2.829841 -14.803324 13.230388 17.382586 -24.845318 1.447243 9.125954 nan nan nan -17.296067 -11.536890 -0.123487 3.831992 -0.892213 17.358409 33.210254 17.588855 16.471112 nan nan nan 2.621193 1.973432 7.931986 -0.981747 -5.163586 -3.485599 -0.855761 1.495677 -3.673694 -7.779275 -1.350799 -17.494815 8.077631 -6.359645 -30.634000 12.817667 -8.962069 -15.975495 -5.566868 -14.122415 -19.141731 119.547036 -49.153173 -105.916879 4.859904 -27.437396 -18.118247 -12.484516 6.624246 -13.452308 13.066020 12.664486 -22.258511 -132.015909 46.727845 -112.769597 -3.559460 19.304012 -14.998348 
4.701528 87.642639 9.168829 179.091808 -1.888461 174.566471 22.735275 14.908232 2.834320 -14.850523 13.190306 17.399187 -24.793960 1.418749 9.095434 nan nan nan -17.222178 -11.541588 -0.138455 3.886075 -0.732551 17.300849 33.001216 17.413697 16.693468 nan nan nan 2.660127 1.992563 7.909491 -0.996815 -5.121264 -3.531933 -0.831065 1.505971 -3.637461 -7.810550 -1.537344 -17.412282 8.102709 -6.255696 -30.664073 12.781178 -8.956415 -16.064486 -5.520685 -14.282938 -19.330935 119.534866 -49.428843 -105.890614 4.695945 -27.388772 -17.862164 -12.552625 6.624113 -13.437809 13.059461 12.587290 -22.339748 -132.048072 46.820556 -112.801947 -3.353696 19.315227 -15.024725 
4.713826 87.643227 9.170652 179.081895 -1.864271 174.546351 22.752601 14.940986 2.874906 -14.918691 13.117653 17.388148 -24.721307 1.471871 9.084304 nan nan nan -17.234701 -11.565088 -0.090636 3.975661 -0.595520 17.176380 32.765026 17.240795 17.054377 nan nan nan 2.653470 2.017807 7.952496 -1.033393 -5.098111 -3.620849 -0.850976 1.528090 -3.525246 -7.765849 -1.607134 -17.529831 8.196058 -6.222838 -30.568576 12.601644 -8.880296 -16.286578 -5.177535 -14.550821 -19.592483 119.519521 -49.852202 -105.939647 4.342081 -27.001904 -17.317666 -12.449937 6.576378 -13.512280 12.959320 12.593641 -22.348848 -132.067293 46.834917 -112.832528 -3.018347 19.241516 -14.995843 
4.730265 87.649490 9.173910 179.061733 -1.812346 174.520262 22.761831 14.895440 2.945243 -14.954818 13.160101 17.336273 -24.803693 1.507376 9.119639 nan nan nan -17.263199 -11.514458 -0.087465 3.948742 -0.680684 17.250082 32.852526 17.428824 16.781045 nan nan nan 2.641774 2.031077 8.032285 -1.045276 -5.091886 -3.653671 -0.905991 1.555140 -3.475090 -7.682354 -1.390084 -17.837595 8.262404 -6.465438 -30.353348 12.616479 -8.864445 -16.272135 -5.062421 -14.606670 -19.758013 119.422632 -49.788307 -105.818716 3.822857 -26.977337 -16.994661 -12.341888 6.535983 -13.597030 12.918274 12.629943 -22.347940 -132.170506 46.833751 -112.831582 -3.088994 19.237954 -15.150182 
4.739622 87.647949 9.181498 179.082411 -1.764974 174.488774 22.819968 14.900731 2.999707 -14.950857 13.217576 17.345897 -24.923554 1.429739 9.127399 nan nan nan -17.208659 -11.540343 -0.144286 3.833842 -0.695677 17.447742 33.096084 17.558242 16.368423 nan nan nan 2.619890 2.072171 8.096113 -0.996252 -5.050853 -3.616140 -0.879864 1.547922 -3.543454 -7.660866 -1.336031 -17.831502 8.186734 -6.644040 -30.306640 12.913158 -8.925384 -15.993870 -5.512012 -14.427490 -19.473714 119.379942 -49.346052 -105.652691 4.510630 -27.385228 -17.802982 -12.452655 6.495896 -13.615645 12.990127 12.592110 -22.398236 -132.234324 46.943435 -112.838681 -3.320304 19.337056 -15.497184 
4.731011 87.642441 9.176979 179.076650 -1.780477 174.487913 22.810697 14.853937 3.005017 -14.961636 13.244129 17.330190 -24.849933 1.419589 9.100305 nan nan nan -17.205171 -11.584482 -0.144003 3.835072 -0.632508 17.413928 33.025948 17.355321 16.612954 nan nan nan 2.577829 2.102563 8.082576 -0.952475 -5.047016 -3.597044 -0.842867 1.517615 -3.530214 -7.678696 -1.457572 -17.736554 8.113247 -6.597434 -30.397474 12.984210 -8.897775 -15.855763 -5.684576 -14.387373 -19.351363 119.432092 -49.207246 -105.747986 5.024927 -27.565193 -18.494651 -12.527848 6.426548 -13.580350 13.039892 12.625538 -22.407177 -132.087905 46.889512 -112.698801 -3.079401 19.305608 -15.379863 
4.726482 87.648941 9.168558 179.063799 -1.784106 174.525277 22.764420 14.827410 2.978502 -14.949808 13.218873 17.289455 -24.750775 1.470703 9.064156 nan nan nan -17.223700 -11.555141 -0.122322 3.919811 -0.542043 17.295380 32.954406 17.335530 16.893836 nan nan nan 2.551623 2.090692 8.035204 -0.943091 -5.060323 -3.636015 -0.847387 1.505765 -3.500511 -7.585236 -1.505528 -17.740539 8.104239 -6.516524 -30.414359 12.802894 -8.869564 -15.979963 -5.468845 -14.434839 -19.338984 119.444775 -49.348908 -105.762056 4.973051 -27.562308 -18.353250 -12.448779 6.422244 -13.588456 13.029177 12.708672 -22.335263 -132.001025 46.811650 -112.580618 -2.777237 19.231137 -15.112578 
4.727575 87.656830 9.172888 179.074134 -1.769541 174.483857 22.782973 14.883335 3.029471 -14.948945 13.109302 17.263350 -24.731595 1.522535 9.052973 nan nan nan -17.236634 -11.491639 -0.053671 3.993541 -0.487127 17.263028 32.958322 17.485350 16.926977 nan nan nan 2.601398 2.030829 8.143067 -0.997143 -5.053485 -3.715615 -0.870151 1.501139 -3.470913 -7.487283 -1.538309 -17.890791 8.115152 -6.439067 -30.277208 12.524053 -8.815779 -16.217157 -5.016198 -14.535043 -19.463052 119.417213 -49.679251 -105.866026 4.826556 -27.511133 -18.264848 -12.378335 6.443767 -13.696607 13.036487 12.784190 -22.191759 -131.987078 46.809649 -112.602053 -2.758316 19.246148 -14.942725 
4.712519 87.650085 9.172987 179.072280 -1.811103 174.396835 22.793797 14.902420 3.094952 -14.941116 13.030965 17.293489 -24.705911 1.522052 9.041036 nan nan nan -17.287102 -11.521074 0.071017 3.985571 -0.574995 17.191283 32.946879 17.340789 17.126402 nan nan nan 2.650470 2.011539 8.258656 -1.049360 -5.063865 -3.734040 -0.871607 1.496109 -3.444540 -7.565335 -1.625889 -17.868369 8.130065 -6.366736 -30.234994 12.406865 -8.787234 -16.316613 -4.784114 -14.626862 -19.667023 119.462653 -49.957414 -106.040394 4.811483 -27.274480 -18.159396 -12.393703 6.448591 -13.749548 13.088500 12.749837 -22.099152 -131.960747 46.749444 -112.619314 -3.019655 19.162896 -14.689884 
4.700694 87.644531 9.167391 179.078934 -1.875852 174.365173 22.785123 14.849014 3.090647 -14.930736 13.016085 17.299907 -24.746154 1.551578 9.049080 nan nan nan -17.323904 -11.548309 0.108064 3.932396 -0.775360 17.230000 32.950379 17.196638 16.819439 nan nan nan 2.674697 2.025740 8.288721 -1.052816 -5.087630 -3.697567 -0.849020 1.514308 -3.504251 -7.681364 -1.677286 -17.693773 8.145239 -6.350426 -30.269404 12.360230 -8.898561 -16.289384 -4.731780 -14.628628 -19.932574 119.538487 -50.108946 -106.161247 4.496053 -27.035467 -17.734801 -12.431348 6.529930 -13.723211 13.062433 12.542702 -22.077946 -131.944474 46.671022 -112.666977 -3.445386 19.065594 -14.502356 
4.704123 87.642700 9.170801 179.087533 -1.890779 174.390363 22.773542 14.809141 3.049710 -14.904621 13.067852 17.284087 -24.860802 1.527531 9.104019 nan nan nan -17.296596 -11.512192 0.046016 3.837543 -0.931868 17.347122 33.049142 17.294307 16.371852 nan nan nan 2.690857 2.012649 8.267600 -1.040210 -5.107695 -3.656138 -0.852300 1.519766 -3.595474 -7.662631 -1.565498 -17.548416 8.113442 -6.390460 -30.300642 12.422065 -9.089070 -16.135847 -4.780629 -14.423148 -20.033669 119.353895 -49.837748 -105.772060 3.766365 -27.482185 -17.276577 -12.511129 6.632374 -13.657331 13.051572 12.461818 -22.225428 -131.983934 46.758713 -112.672829 -3.361105 19.291778 -14.785766 
4.705471 87.638855 9.170528 179.100207 -1.878614 174.397072 22.786056 14.842512 3.021415 -14.832388 13.176097 17.354901 -24.945474 1.435558 9.145318 nan nan nan -17.248683 -11.502959 0.022694 3.753091 -1.026387 17.351921 33.103700 17.387046 16.514053 nan nan nan 2.735052 2.003561 8.251038 -1.048430 -5.109561 -3.630707 -0.849787 1.502014 -3.654910 -7.699769 -1.497307 -17.345870 8.044053 -6.369458 -30.389329 12.526655 -9.221770 -15.942995 -4.900314 -14.229551 -20.030158 119.205963 -49.519062 -105.454599 3.371448 -27.908930 -17.011280 -12.605058 6.696207 -13.539850 13.042291 12.468004 -22.426121 -131.995697 46.897873 -112.706889 -3.160181 19.517726 -15.235140 
4.712469 87.638115 9.170896 179.080186 -1.884874 174.395764 22.772433 14.812362 3.027457 -14.865256 13.187468 17.348703 -24.879028 1.458500 9.099969 nan nan nan -17.285897 -11.536830 0.034848 3.790068 -0.989000 17.306600 33.138389 17.347470 16.649802 nan nan nan 2.715782 1.995541 8.263510 -1.048005 -5.104647 -3.666832 -0.896870 1.518918 -3.611055 -7.681891 -1.513070 -17.393985 8.068934 -6.395800 -30.305909 12.505309 -9.085206 -16.031255 -4.881356 -14.433767 -19.943861 119.223081 -49.641723 -105.609133 3.698242 -27.820076 -17.284326 -12.487777 6.598678 -13.574216 13.032764 12.507314 -22.270476 -131.983645 46.791919 -112.755985 -3.053107 19.375919 -15.176597 
4.728744 87.641624 9.164393 179.075885 -1.866980 174.404897 22.785748 14.807594 3.061575 -14.945229 13.150462 17.274559 -24.852284 1.553756 9.117379 nan nan nan -17.293789 -11.589408 0.052625 3.899790 -0.817700 17.202368 33.055017 17.253029 16.931215 nan nan nan 2.675703 1.978281 8.245982 -1.042404 -5.085789 -3.734329 -0.927080 1.519168 -3.464787 -7.551883 -1.500769 -17.654667 8.123639 -6.464028 -30.069595 12.521560 -8.783751 -16.126327 -4.963347 -14.736561 -19.869458 119.338836 -49.897119 -105.819491 4.626111 -27.717803 -18.157723 -12.389709 6.432575 -13.696857 12.932509 12.757849 -22.276381 -131.980521 47.059369 -112.828248 -3.416174 19.718012 -15.720283 
4.733239 87.639626 9.162455 179.073832 -1.853493 174.409516 22.789087 14.819707 3.067704 -14.952850 13.149648 17.271025 -24.847747 1.557140 9.119906 nan nan nan -17.289377 -11.598591 0.049802 3.924566 -0.782342 17.186320 33.007244 17.245847 16.997158 nan nan nan 2.671412 1.980009 8.240537 -1.043421 -5.084295 -3.735860 -0.932349 1.516297 -3.448097 -7.555855 -1.478256 -17.677070 8.128415 -6.471972 -30.036441 12.532360 -8.759933 -16.121643 -4.972005 -14.725312 -19.883354 119.359192 -49.908461 -105.832882 4.670263 -27.695644 -18.184293 -12.390347 6.433947 -13.686649 12.935510 12.786313 -22.302987 -131.994613 47.077646 -112.817249 -3.414746 19.722704 -15.756137 
4.744383 87.633156 9.161355 179.037929 -1.782310 174.423932 22.764693 14.834453 3.086206 -14.945455 13.210916 17.262566 -24.875273 1.576882 9.131191 nan nan nan -17.314013 -11.563387 0.008032 3.951628 -0.731683 17.194588 32.825764 17.259447 16.849505 nan nan nan 2.731643 1.893410 8.316963 -1.071807 -5.122452 -3.821755 -1.033493 1.495597 -3.360494 -7.618985 -1.125321 -18.084515 8.095767 -6.599923 -29.602270 12.888185 -8.495520 -15.777661 -5.290912 -14.415868 -20.143756 119.510959 -49.634907 -106.030868 4.717429 -27.711036 -17.978346 -12.534595 6.398387 -13.687347 13.267884 13.060530 -22.372092 -132.018538 46.969619 -112.609083 -3.278053 19.469148 -15.319122 
4.757427 87.626373 9.164284 179.035816 -1.762946 174.414403 22.757997 14.778218 3.135180 -14.967458 13.194432 17.186072 -24.890174 1.654683 9.151070 nan nan nan -17.250063 -11.465562 0.008619 3.866819 -0.686224 17.236694 32.881077 17.124444 16.398660 nan nan nan 2.770422 1.789596 8.407839 -1.066087 -5.149031 -3.881369 -1.081406 1.473601 -3.262649 -7.571599 -0.951007 -18.499172 8.038171 -6.589605 -29.255215 13.364209 -8.150316 -15.336719 -5.813087 -14.139772 -20.417977 119.794803 -49.362880 -106.424235 5.101978 -27.786824 -18.018837 -12.693453 6.364519 -13.805780 13.517135 13.206327 -22.290948 -131.967357 46.824086 -112.536260 -3.074764 19.352449 -14.736095 
4.756654 87.628815 9.165030 179.060592 -1.763324 174.431991 22.771588 14.766222 3.122138 -14.996659 13.135535 17.159719 -24.825738 1.642625 9.100189 nan nan nan -17.179460 -11.500899 -0.028115 3.812732 -0.624797 17.251633 32.892693 17.006018 16.330941 nan nan nan 2.723401 1.899266 8.280289 -1.027109 -5.124407 -3.808191 -0.981814 1.425181 -3.239445 -7.508411 -1.096012 -18.204464 7.963408 -6.349328 -29.428453 13.212697 -8.278159 -15.405397 -5.684746 -14.167293 -20.555946 119.848653 -49.493008 -106.425034 4.766837 -27.832974 -17.750485 -12.663480 6.424286 -13.813111 13.367185 13.026315 -22.201394 -131.913574 46.745649 -112.610965 -2.857280 19.328656 -14.658266 
4.734641 87.622971 9.160951 179.044798 -1.806814 174.439556 22.726115 14.713577 3.098807 -14.963978 13.210537 17.144163 -24.837219 1.576149 9.084300 nan nan nan -17.248428 -11.529328 -0.020226 3.793842 -0.802093 17.240192 33.017295 16.991338 16.433339 nan nan nan 2.685461 2.003286 8.153461 -1.019148 -5.118537 -3.655601 -0.943601 1.427849 -3.303198 -7.476711 -1.179559 -17.892381 7.890013 -6.287457 -29.622129 12.815916 -8.624919 -15.610213 -5.175326 -14.347467 -20.599302 119.521484 -49.575622 -106.047757 4.002450 -28.041913 -17.289036 -12.568255 6.428741 -13.785541 13.185264 12.860698 -22.095428 -131.819703 46.661567 -112.624773 -3.004882 19.324472 -14.842377 
4.728226 87.609741 9.160438 179.032934 -1.803363 174.391120 22.726547 14.697950 3.156482 -14.939885 13.274171 17.131956 -24.854547 1.525492 9.101534 nan nan nan -17.316755 -11.501795 0.016656 3.800989 -0.966959 17.275932 33.149701 17.057538 16.548247 nan nan nan 2.704373 1.951691 8.225922 -1.036583 -5.105785 -3.616372 -1.012061 1.509811 -3.288610 -7.460652 -1.088998 -17.976577 7.867431 -6.442415 -29.553814 12.738183 -8.661471 -15.757193 -4.991877 -14.540043 -20.561989 119.252978 -49.557848 -105.811984 3.878664 -28.119772 -17.117068 -12.500475 6.320136 -13.843285 13.184411 12.916326 -21.982598 -131.748356 46.585341 -112.560620 -3.564837 19.336455 -14.747648 
4.735550 87.607056 9.166253 179.043348 -1.801878 174.346094 22.759736 14.743901 3.184741 -14.933034 13.222347 17.182228 -24.811091 1.497950 9.093310 nan nan nan -17.322746 -11.526146 0.040186 3.820990 -0.954127 17.327510 33.150783 17.149882 16.580828 nan nan nan 2.743528 1.898674 8.327051 -1.060563 -5.101113 -3.669396 -1.054227 1.545892 -3.252066 -7.496999 -1.035101 -17.955073 7.920110 -6.481196 -29.488505 12.838070 -8.582164 -15.862402 -5.116101 -14.630674 -20.488775 119.241352 -49.567805 -105.803855 4.017184 -28.059075 -17.241292 -12.512281 6.277590 -13.921057 13.234981 12.974549 -21.992910 -131.775472 46.651345 -112.549161 -3.536419 19.397914 -14.655739 
4.744038 87.601875 9.167130 179.052589 -1.777781 174.353725 22.762313 14.823085 3.180694 -14.922515 13.151274 17.197054 -24.783601 1.547339 9.133852 nan nan nan -17.300343 -11.503126 0.032599 3.853118 -0.862262 17.314827 33.072562 17.222026 16.625744 nan nan nan 2.837774 1.803185 8.349839 -1.123483 -5.137917 -3.720579 -1.126845 1.549140 -3.198384 -7.597311 -0.877133 -17.977281 8.066664 -6.472054 -29.346153 13.185928 -8.456311 -15.745763 -5.421904 -14.371894 -20.489550 119.353246 -49.397085 -105.928781 4.170722 -28.118582 -17.346226 -12.637074 6.381425 -13.973806 13.368631 13.010550 -22.192762 -131.833872 46.813320 -112.576512 -2.797165 19.630579 -14.842043 
4.758031 87.591621 9.172847 179.054065 -1.704277 174.382426 22.757685 14.861060 3.206206 -14.937300 13.141756 17.137322 -24.860624 1.624869 9.199388 nan nan nan -17.247768 -11.420044 -0.012434 3.858661 -0.724422 17.299944 32.998587 17.216135 16.616286 nan nan nan 2.920118 1.673242 8.328416 -1.142911 -5.160186 -3.676195 -1.235998 1.546535 -3.101357 -7.657993 -0.591461 -18.417854 8.093518 -6.567709 -29.033982 13.639618 -8.131014 -15.410980 -5.834563 -14.039904 -20.725546 119.556544 -49.103231 -106.166990 4.399050 -28.268573 -17.522663 -12.762677 6.352594 -14.050926 13.573999 13.220890 -22.331029 -131.908744 46.872871 -112.549176 -2.662295 19.759423 -14.910449 
4.765440 87.578537 9.174120 179.064403 -1.704307 174.455889 22.742180 14.789595 3.138808 -14.968673 13.192449 17.105301 -24.926932 1.639999 9.238967 nan nan nan -17.201099 -11.409491 -0.058203 3.866770 -0.639799 17.249887 32.914184 17.155321 16.521936 nan nan nan 2.892057 1.648188 8.142959 -1.080581 -5.164963 -3.534725 -1.288144 1.543683 -3.024813 -7.629288 -0.467462 -18.627489 8.047573 -6.595403 -28.892652 13.744070 -7.954129 -15.408153 -5.922203 -14.100129 -20.799973 119.632171 -49.054518 -106.176990 4.488729 -28.223939 -17.639134 -12.726902 6.246102 -14.058445 13.554810 13.345717 -22.280228 -131.924966 46.831395 -112.494245 -3.032147 19.730679 -15.016265 
4.771485 87.574600 9.176414 179.088939 -1.758206 174.541977 22.754592 14.742483 3.000078 -14.971687 13.289038 17.159838 -24.902046 1.562895 9.214912 nan nan nan -17.176609 -11.447471 -0.114982 3.846607 -0.766186 17.232781 32.987843 17.162649 16.536157 nan nan nan 2.775327 1.791962 7.952250 -1.004478 -5.137199 -3.465431 -1.186379 1.544543 -3.094389 -7.647383 -0.647129 -17.965332 7.923382 -6.417536 -29.209778 13.433011 -8.146994 -15.682867 -5.655718 -14.475293 -20.617125 119.503189 -49.252948 -105.833366 4.208682 -28.031096 -17.574164 -12.572655 6.241605 -13.893736 13.224803 13.165885 -22.232448 -131.826215 46.762679 -112.408139 -3.045364 19.601794 -15.308849 
4.771611 87.579010 9.182723 179.073781 -1.775035 174.580589 22.733581 14.737677 2.933552 -14.944302 13.383641 17.201239 -24.861487 1.471047 9.181014 nan nan nan -17.210570 -11.454773 -0.169802 3.825292 -0.963932 17.266027 33.100081 17.218760 16.588910 nan nan nan 2.712370 1.891578 7.890489 -0.993639 -5.134032 -3.449207 -1.102281 1.538685 -3.219595 -7.798926 -0.753610 -17.194712 7.770087 -6.213065 -29.583379 13.198321 -8.340622 -15.762776 -5.467226 -14.623059 -20.507112 119.392201 -49.360124 -105.674959 3.956966 -27.978533 -17.476061 -12.500294 6.288705 -13.718812 13.095567 13.065761 -22.217233 -131.719294 46.623691 -112.281489 -2.819811 19.319859 -15.067266 
4.769068 87.591072 9.182117 179.041636 -1.742520 174.567728 22.704665 14.690566 2.986253 -14.975324 13.397311 17.158069 -24.773479 1.495934 9.147110 nan nan nan -17.269164 -11.446831 -0.168104 3.855521 -1.025213 17.263556 33.119527 17.270025 16.662574 nan nan nan 2.709492 1.888570 7.887720 -1.025799 -5.167207 -3.446459 -1.118662 1.524305 -3.248212 -7.876431 -0.639232 -16.901435 7.772882 -6.152383 -29.650633 13.156024 -8.337949 -15.779239 -5.397042 -14.552620 -20.489590 119.344756 -49.419654 -105.691308 3.903296 -28.101507 -17.543850 -12.457770 6.346669 -13.647191 13.190079 13.151911 -22.209807 -131.705488 46.538808 -112.139268 -2.679847 19.191986 -14.677494 
4.765563 87.600151 9.184468 179.031165 -1.731997 174.520643 22.690842 14.637879 3.045502 -14.979016 13.371518 17.122205 -24.696864 1.530777 9.113538 nan nan nan -17.296927 -11.417869 -0.120911 3.849350 -1.017436 17.285486 33.143517 17.296110 16.576688 nan nan nan 2.699751 1.904987 7.975620 -1.043954 -5.170774 -3.460992 -1.136769 1.506783 -3.283861 -7.791919 -0.615548 -16.734896 7.842342 -6.135625 -29.581739 13.139532 -8.345536 -15.830457 -5.352998 -14.593378 -20.451863 119.308787 -49.453823 -105.661140 3.943976 -28.130807 -17.493953 -12.410490 6.388187 -13.684101 13.245026 13.136131 -22.138673 -131.663515 46.506400 -112.060869 -2.619055 19.247113 -14.467112 
4.745587 87.598419 9.188290 179.033997 -1.790334 174.492217 22.665327 14.617820 3.013582 -14.918514 13.377229 17.154925 -24.715526 1.511748 9.140067 nan nan nan -17.328309 -11.459441 -0.091847 3.826068 -0.998605 17.326565 33.233731 17.317533 16.495764 nan nan nan 2.703307 1.955565 8.043635 -1.038825 -5.170508 -3.441217 -1.124793 1.499176 -3.319213 -7.727730 -0.666982 -16.547980 7.882457 -6.147032 -29.522349 13.098230 -8.396909 -15.813024 -5.313493 -14.646317 -20.431099 119.339125 -49.454839 -105.736045 4.030723 -28.039195 -17.366524 -12.401525 6.337392 -13.713507 13.200457 13.028709 -22.063939 -131.596426 46.430962 -112.145710 -2.835571 19.280848 -14.380788 
4.723335 87.590233 9.187096 179.042030 -1.857929 174.472350 22.644831 14.634730 2.977581 -14.870794 13.312424 17.171478 -24.756519 1.570986 9.185585 nan nan nan -17.354091 -11.564513 -0.081535 3.834405 -0.919322 17.362145 33.239404 17.290692 16.458800 nan nan nan 2.777314 1.935929 8.097827 -1.050501 -5.178424 -3.460826 -1.140836 1.491860 -3.192736 -7.773703 -0.617391 -16.703161 7.848776 -6.170088 -29.314189 13.157474 -8.245990 -15.678800 -5.392789 -14.547150 -20.636108 119.551155 -49.512037 -106.063747 4.418843 -27.949216 -17.484261 -12.505897 6.180041 -13.808405 13.266970 13.063266 -22.074178 -131.609118 46.404393 -112.347327 -3.293276 19.358277 -14.586493 
4.719157 87.582100 9.188887 179.063220 -1.923009 174.499989 22.628734 14.605962 2.912911 -14.884459 13.208050 17.134912 -24.672244 1.696977 9.193724 nan nan nan -17.331268 -11.627959 -0.125797 3.881342 -0.828303 17.412919 33.086142 17.188337 16.271433 nan nan nan 2.859516 1.871909 8.084959 -1.068260 -5.197612 -3.518168 -1.201956 1.454213 -3.020271 -7.818354 -0.504930 -17.022342 7.831645 -6.149251 -29.026439 13.311513 -8.028374 -15.632590 -5.538268 -14.482841 -20.835196 119.767212 -49.570320 -106.279462 4.614916 -27.860999 -17.536511 -12.555083 6.107202 -13.945999 13.337416 13.161006 -22.147651 -131.651987 46.475450 -112.441956 -3.076879 19.491415 -14.729678 
4.731990 87.585663 9.186429 179.074464 -1.954848 174.538560 22.630994 14.529396 2.887964 -14.934911 13.186273 17.059983 -24.658215 1.726119 9.191825 nan nan nan -17.297872 -11.563259 -0.116993 3.956591 -0.779183 17.292640 32.967729 17.053487 16.596255 nan nan nan 2.822520 1.874594 7.934726 -1.050464 -5.207487 -3.411187 -1.250775 1.454175 -2.997086 -7.765298 -0.360191 -17.016587 7.900417 -6.166180 -28.966712 13.207068 -8.084696 -15.948332 -5.299270 -14.658764 -20.650400 119.642579 -49.601934 -106.039055 4.215215 -27.819277 -17.419158 -12.336336 6.147331 -13.950734 13.121567 13.179119 -22.166721 -131.618233 46.525997 -112.292388 -2.573885 19.539901 -14.819803 
4.756361 87.587875 9.171680 179.084969 -1.897200 174.545912 22.679503 14.537014 2.949820 -14.985807 13.194965 16.991259 -24.693929 1.691185 9.196742 nan nan nan -17.261067 -11.471596 -0.097197 4.003053 -0.777112 17.161541 32.857164 17.101438 17.073588 nan nan nan 2.735591 1.932111 7.811447 -1.022021 -5.173660 -3.277100 -1.236139 1.497313 -3.022833 -7.743900 -0.256230 -16.686532 7.974363 -6.193606 -29.167771 13.053580 -8.248234 -16.339196 -5.037456 -14.841781 -20.359775 119.434171 -49.611742 -105.677628 3.783579 -27.751363 -17.369050 -12.190692 6.170875 -13.876424 12.945923 13.090458 -22.252168 -131.596766 46.563665 -112.154196 -2.455067 19.553669 -15.107612 
4.772897 87.597328 9.178059 179.093638 -1.823814 174.516309 22.738965 14.627925 3.003485 -14.987947 13.229406 17.069991 -24.807331 1.598493 9.172728 nan nan nan -17.237370 -11.389229 -0.102245 3.907523 -0.976264 17.228020 32.930125 17.332956 16.839788 nan nan nan 2.624261 2.037213 7.792261 -0.943009 -5.112202 -3.167961 -1.104791 1.508110 -3.065572 -7.792015 -0.316874 -16.231180 7.866335 -6.217955 -29.490162 13.088764 -8.335952 -16.409944 -5.304303 -14.865741 -20.147953 119.410540 -49.502345 -105.456233 3.900771 -27.760606 -17.314839 -12.301510 6.098507 -13.929366 12.933934 12.974489 -22.356630 -131.741073 46.735000 -112.353855 -2.965498 19.611540 -15.574356 
4.773171 87.599167 9.182590 179.127316 -1.788212 174.491880 22.794658 14.679292 3.022520 -14.968804 13.256112 17.117607 -24.923379 1.571982 9.181567 nan nan nan -17.214220 -11.384029 -0.116956 3.861062 -0.992030 17.366275 33.197117 17.521262 16.382504 nan nan nan 2.633655 2.028402 7.761435 -0.879848 -5.093018 -2.968459 -1.050077 1.531252 -3.119403 -7.798038 -0.516194 -16.213562 7.791613 -6.240693 -29.451294 13.234703 -8.239679 -16.307027 -5.677334 -14.746027 -20.197798 119.617012 -49.434917 -105.656639 4.229859 -27.737409 -17.200208 -12.482027 6.096934 -14.024211 12.953950 12.885019 -22.423977 -131.930148 46.833538 -112.670818 -3.412379 19.633411 -15.730444 
4.779615 87.603531 9.174260 179.139639 -1.737283 174.489851 22.823456 14.735290 3.061074 -14.954480 13.290387 17.101113 -24.882323 1.579178 9.209350 nan nan nan -17.182573 -11.402727 -0.118680 3.902641 -0.831065 17.337994 33.178731 17.612495 16.677125 nan nan nan 2.675825 2.000419 7.754198 -0.881919 -5.083797 -2.945839 -1.054185 1.571045 -3.105100 -7.795562 -0.661780 -16.166079 7.850552 -6.273108 -29.333141 13.243420 -8.187468 -16.267110 -5.735400 -14.647671 -20.233104 119.698062 -49.419377 -105.885754 4.257279 -27.708895 -17.143353 -12.531472 6.119151 -14.013872 12.970968 12.873501 -22.459024 -131.974319 46.788578 -112.724253 -3.392974 19.572841 -15.492855 
4.785920 87.606964 9.163614 179.102522 -1.739458 174.513274 22.772667 14.752642 3.059566 -14.925790 13.318513 17.066370 -24.879813 1.562007 9.260357 nan nan nan -17.176975 -11.441824 -0.137160 3.858692 -0.811616 17.233366 33.045685 17.514290 17.221931 nan nan nan 2.671116 2.016288 7.814274 -0.926618 -5.094266 -3.134937 -1.079793 1.566094 -3.032635 -7.858809 -0.643464 -15.924069 7.881826 -6.296654 -29.236973 13.237726 -8.163881 -16.183820 -5.662397 -14.663627 -20.263178 119.666785 -49.437525 -106.080508 4.227283 -27.729672 -17.053597 -12.480072 6.028013 -14.052539 13.069780 12.966571 -22.361406 -131.855906 46.677680 -112.608039 -3.184039 19.463315 -15.096118 
4.794356 87.611420 9.169597 179.048005 -1.739654 174.490470 22.722323 14.727113 3.088512 -14.943295 13.276386 17.056816 -24.911610 1.606399 9.229504 nan nan nan -17.228128 -11.432929 -0.121942 3.778522 -0.940722 17.254666 33.033489 17.369160 17.061759 nan nan nan 2.625384 2.056735 7.938087 -0.964929 -5.097638 -3.303903 -1.107902 1.550456 -2.951234 -7.888668 -0.457266 -15.711168 7.796493 -6.369084 -29.100013 13.196411 -8.176471 -16.099843 -5.445986 -14.680569 -20.283366 119.625502 -49.433160 -106.198284 4.312474 -27.783995 -16.972344 -12.391950 5.946490 -14.111377 13.137548 13.012008 -22.168993 -131.778624 46.500795 -112.549417 -2.918717 19.377539 -14.866953 
4.781814 87.610634 9.171353 179.028856 -1.757614 174.439477 22.709671 14.700008 3.129502 -14.966952 13.225485 17.074942 -24.819432 1.641884 9.140520 nan nan nan -17.304244 -11.452016 -0.063597 3.784095 -1.031314 17.289034 33.203458 17.263974 16.735764 nan nan nan 2.621569 2.034175 8.023643 -0.970829 -5.124074 -3.349663 -1.112599 1.532193 -2.963921 -7.922837 -0.421636 -15.418591 7.735737 -6.262588 -29.024497 13.111078 -8.240527 -16.091098 -5.254599 -14.582186 -20.291377 119.654514 -49.443820 -106.213328 4.353967 -27.695338 -17.010436 -12.402751 6.030113 -14.085418 13.169974 12.998291 -22.112389 -131.746387 46.427426 -112.521978 -2.787735 19.278506 -14.700592 
4.752542 87.608360 9.176667 179.049101 -1.844460 174.459131 22.693095 14.659746 3.038210 -14.962455 13.203791 17.125937 -24.712124 1.589303 9.068591 nan nan nan -17.339901 -11.534173 -0.054030 3.855530 -1.029195 17.261200 33.215461 17.219280 16.742457 nan nan nan 2.705232 2.010526 8.012745 -0.985995 -5.180518 -3.364195 -1.099849 1.474118 -3.054932 -7.967335 -0.623476 -14.931832 7.723990 -6.056366 -29.042461 12.967556 -8.298448 -16.163815 -5.150041 -14.511452 -20.254527 119.691836 -49.533258 -106.162397 4.302326 -27.520674 -17.021735 -12.460718 6.160083 -13.932174 13.180411 12.976135 -22.150381 -131.743462 46.387722 -112.474368 -2.888003 19.152369 -14.486355 
4.746248 87.615471 9.181395 179.072509 -1.895271 174.470420 22.699059 14.678796 2.981104 -14.942483 13.148266 17.157716 -24.719001 1.585358 9.092887 nan nan nan -17.307349 -11.590536 -0.080663 3.831936 -1.000180 17.288482 33.171003 17.292536 16.748433 nan nan nan 2.723037 2.038043 8.051545 -0.981166 -5.189121 -3.414508 -1.035452 1.444953 -3.112147 -7.946304 -0.807374 -14.637296 7.714136 -6.030511 -28.925937 12.804401 -8.332179 -16.355527 -5.038009 -14.530390 -20.173924 119.666987 -49.674415 -106.013999 3.976111 -27.500313 -17.094100 -12.484608 6.177743 -13.870002 13.091372 12.915891 -22.217706 -131.870738 46.495003 -112.574860 -3.008091 19.263252 -14.708454 
4.768768 87.620728 9.177080 179.069104 -1.856183 174.452397 22.721471 14.751889 3.026948 -14.938275 13.085583 17.148160 -24.736175 1.618332 9.091128 nan nan nan -17.272321 -11.600592 -0.120073 3.741209 -0.992567 17.393924 33.154542 17.409872 16.616523 nan nan nan 2.642937 2.089486 8.115341 -0.961740 -5.155417 -3.449810 -0.956643 1.461591 -3.067710 -7.927851 -0.822331 -14.664379 7.740680 -6.154730 -28.734240 12.789944 -8.310194 -16.526775 -5.017308 -14.573298 -20.161767 119.664516 -49.736452 -105.915160 3.411858 -27.549171 -17.032369 -12.519006 6.103519 -13.963888 13.045463 12.885110 -22.340297 -132.004735 46.677041 -112.726950 -2.559158 19.458415 -15.170910 
4.793542 87.617966 9.173452 179.052656 -1.802881 174.444112 22.726049 14.785534 3.065443 -14.944953 13.083800 17.143391 -24.699267 1.588702 9.070118 nan nan nan -17.272876 -11.589664 -0.133096 3.708106 -0.973949 17.433465 33.205061 17.479688 16.517633 nan nan nan 2.596296 2.108883 8.141829 -0.965965 -5.143383 -3.440967 -0.928545 1.463440 -3.037707 -7.905502 -0.840072 -14.665591 7.739918 -6.243942 -28.589445 12.956942 -8.203998 -16.492442 -5.235778 -14.628379 -20.229684 119.711241 -49.716468 -105.943128 3.381949 -27.609601 -17.036839 -12.648308 6.066748 -13.968981 13.207826 12.891515 -22.490942 -131.960926 46.695274 -112.694275 -2.277914 19.604547 -15.324798 
4.799544 87.617966 9.171004 179.064844 -1.775676 174.401678 22.762670 14.809774 3.104124 -14.916091 13.141848 17.185392 -24.749182 1.544005 9.131450 nan nan nan -17.276969 -11.593190 -0.078281 3.722240 -1.011147 17.364129 33.245575 17.469805 16.721053 nan nan nan 2.645393 2.064781 8.184842 -0.967973 -5.153517 -3.402215 -0.949660 1.438422 -3.034028 -7.858136 -0.963374 -14.612840 7.767647 -6.384578 -28.434917 13.194533 -8.026945 -16.377818 -5.690814 -14.709523 -20.290506 119.799229 -49.649765 -105.957875 3.871694 -27.616349 -17.282514 -12.850627 6.045792 -13.939388 13.473272 13.009161 -22.607681 -131.992295 46.738530 -112.681864 -2.623676 19.664892 -15.535247 
4.798862 87.616188 9.170373 179.078127 -1.746453 174.346627 22.812655 14.826325 3.166168 -14.917837 13.214754 17.215411 -24.881061 1.549773 9.208781 nan nan nan -17.282085 -11.543702 -0.002639 3.730513 -1.082447 17.288637 33.279011 17.438082 16.906509 nan nan nan 2.669928 2.014306 8.217597 -0.951299 -5.152301 -3.312972 -1.016001 1.423312 -3.016008 -7.768280 -0.957620 -14.681139 7.856234 -6.641230 -28.243533 13.326220 -7.868886 -16.442312 -5.844658 -14.835021 -20.289126 119.795830 -49.659846 -105.941474 4.137981 -27.590007 -17.420606 -12.810795 6.038327 -13.997234 13.453675 13.114903 -22.571577 -132.099844 46.838605 -112.803902 -3.256204 19.615939 -15.972060 
4.797972 87.616135 9.168096 179.048538 -1.723799 174.346408 22.786837 14.805987 3.196376 -14.957574 13.240675 17.173102 -24.873352 1.580816 9.194284 nan nan nan -17.297604 -11.450852 0.010696 3.747104 -1.055336 17.248684 33.211902 17.391210 17.102753 nan nan nan 2.646863 2.007014 8.205451 -0.965542 -5.160775 -3.278959 -1.123782 1.404372 -2.986273 -7.671148 -0.862171 -14.654124 8.012564 -6.844465 -28.145466 13.307630 -7.809800 -16.592235 -5.563838 -14.897197 -20.246013 119.688034 -49.713511 -105.921316 3.888187 -27.571094 -17.361069 -12.515759 6.058373 -14.068647 13.293442 13.194326 -22.405134 -132.046965 46.755780 -112.668887 -3.393388 19.426750 -15.757841 
4.795289 87.617104 9.167440 179.035639 -1.751375 174.392861 22.751248 14.767842 3.136529 -14.970259 13.255053 17.144851 -24.793406 1.573204 9.183924 nan nan nan -17.312155 -11.439929 -0.004751 3.815549 -1.003905 17.196158 33.055021 17.405060 17.319895 nan nan nan 2.661630 2.012719 8.165656 -0.975211 -5.196674 -3.297105 -1.195295 1.387513 -2.997036 -7.624478 -0.969133 -14.427926 8.205841 -7.013542 -28.111086 13.285073 -7.798180 -16.635330 -5.424068 -14.890072 -20.205930 119.642070 -49.738729 -105.928093 3.640071 -27.583215 -17.273096 -12.401120 6.085102 -14.025161 13.314015 13.210522 -22.348817 -131.920747 46.557476 -112.361622 -3.109799 19.221151 -15.096813 
4.794111 87.606949 9.170694 179.042073 -1.752070 174.411846 22.766032 14.745244 3.114990 -14.983141 13.271007 17.156054 -24.811565 1.492181 9.167134 nan nan nan -17.335959 -11.457375 -0.040313 3.824832 -1.067462 17.286822 33.019841 17.483716 16.964413 nan nan nan 2.652396 2.056384 8.127309 -0.950796 -5.175569 -3.224544 -1.180279 1.443015 -3.035416 -7.566002 -1.293503 -14.212209 8.288827 -7.246860 -28.079448 13.285735 -7.853760 -16.611990 -5.511652 -14.997342 -20.136975 119.570282 -49.667691 -105.911385 3.743342 -27.685794 -17.156274 -12.542946 6.037478 -13.978905 13.428438 13.037353 -22.305193 -131.863406 46.373300 -112.356254 -3.000735 19.182315 -14.823741 
4.792377 87.600189 9.166677 179.054906 -1.751365 174.392947 22.780111 14.752346 3.139801 -14.964729 13.230542 17.154562 -24.858571 1.461143 9.184203 nan nan nan -17.322533 -11.484029 -0.052151 3.758772 -1.070140 17.396318 33.145554 17.482801 16.533719 nan nan nan 2.631434 2.101200 8.150264 -0.930907 -5.140964 -3.203857 -1.179909 1.488867 -3.033055 -7.421983 -1.612930 -14.062062 8.420842 -7.496534 -28.100302 13.287560 -7.961573 -16.562811 -5.485309 -15.116105 -20.123987 119.505291 -49.587289 -105.804817 3.905183 -27.660237 -17.087653 -12.570235 5.971467 -14.065556 13.431259 12.852055 -22.258200 -131.883619 46.378616 -112.501643 -3.110952 19.223762 -14.909382 
4.791005 87.605095 9.168262 179.074684 -1.765216 174.361724 22.782790 14.789167 3.157282 -14.907182 13.184213 17.165030 -24.779209 1.489782 9.200416 nan nan nan -17.290633 -11.516431 0.006582 3.795758 -0.955289 17.302565 33.100740 17.382461 16.914361 nan nan nan 2.620003 2.104717 8.224251 -0.913661 -5.149345 -3.286289 -1.184642 1.463705 -2.973582 -7.269924 -1.897445 -13.956168 8.650391 -7.669085 -28.151712 13.238432 -7.953152 -16.562313 -5.349460 -15.161246 -20.187938 119.556466 -49.611138 -105.763197 3.842363 -27.441271 -16.987967 -12.457134 5.977085 -14.091010 13.359425 12.862848 -22.260063 -131.863652 46.366085 -112.511034 -3.112523 19.206901 -14.817978 
4.793765 87.603653 9.176353 179.101541 -1.786227 174.323306 22.815277 14.857762 3.149854 -14.868519 13.117276 17.246672 -24.705393 1.516877 9.199521 nan nan nan -17.264526 -11.549361 0.085500 3.885228 -0.819653 17.186320 32.929978 17.336399 17.316471 nan nan nan 2.620743 2.083906 8.299873 -0.891038 -5.156203 -3.347590 -1.174199 1.415977 -2.875893 -7.140654 -2.191650 -13.936773 8.809842 -7.767246 -28.143670 13.227379 -7.828032 -16.564865 -5.305948 -15.213232 -20.307287 119.629557 -49.651755 -105.758894 3.802037 -27.133106 -17.071977 -12.420901 5.951767 -14.126115 13.300340 12.979072 -22.306956 -131.897147 46.445523 -112.608882 -3.028928 19.342280 -15.081789 
4.789545 87.595917 9.174144 179.136939 -1.815352 174.283223 22.862614 14.914026 3.165565 -14.882849 13.015486 17.266767 -24.746046 1.595791 9.224207 nan nan nan -17.250255 -11.566717 0.108630 3.877239 -0.848271 17.242882 32.906983 17.459236 17.010973 nan nan nan 2.628962 2.046965 8.314787 -0.853017 -5.135293 -3.249213 -1.184856 1.385333 -2.798336 -6.966789 -2.438875 -14.185865 8.901852 -7.940996 -27.982837 13.307521 -7.679131 -16.686804 -5.358093 -15.316028 -20.387168 119.706303 -49.660675 -105.629945 3.589862 -26.670333 -17.048622 -12.475814 5.911759 -14.331880 13.226338 13.027600 -22.405418 -132.023318 46.695096 -112.776496 -2.754389 19.701232 -15.866586 
4.786416 87.598389 9.175055 179.159110 -1.843784 174.277886 22.879183 14.912877 3.173282 -14.913831 12.974268 17.228709 -24.802044 1.689445 9.214247 nan nan nan -17.215846 -11.559594 0.102826 3.768796 -0.984991 17.284521 33.128975 17.506990 16.755033 nan nan nan 2.586857 2.003922 8.269943 -0.772616 -5.129938 -3.108853 -1.186918 1.441761 -2.868986 -6.825276 -2.744883 -14.180750 9.151835 -8.278325 -27.850534 13.280948 -7.744270 -16.825173 -5.276493 -15.305368 -20.312870 119.682021 -49.649452 -105.504154 3.238277 -26.521321 -16.939826 -12.533877 6.014341 -14.416531 13.184023 12.859610 -22.470611 -132.055900 46.743126 -112.776113 -2.640616 19.798265 -16.099228 
4.794772 87.600906 9.174930 179.151625 -1.844606 174.317168 22.867739 14.910588 3.152305 -14.943548 12.965897 17.197066 -24.902971 1.644805 9.200912 nan nan nan -17.193596 -11.580836 0.027637 3.688928 -1.051007 17.329532 33.284614 17.550512 16.875741 nan nan nan 2.546672 2.014369 8.248336 -0.742204 -5.148873 -3.128068 -1.166581 1.480368 -2.948514 -6.733584 -3.117140 -13.892743 9.501491 -8.690699 -27.720315 13.309647 -7.774368 -16.819995 -5.323865 -15.285966 -20.237699 119.649102 -49.642983 -105.536243 2.997951 -26.583879 -16.784173 -12.583488 6.082066 -14.315584 13.213645 12.741154 -22.569872 -132.056908 46.707051 -112.764876 -2.757023 19.652977 -15.809225 
4.815811 87.608894 9.168607 179.103773 -1.794382 174.351768 22.834588 14.882250 3.160586 -14.976647 13.032174 17.172863 -24.984369 1.618754 9.163947 nan nan nan -17.198838 -11.569372 -0.035340 3.641443 -1.052965 17.339954 33.339491 17.585826 16.957495 nan nan nan 2.559052 2.058016 8.229665 -0.797562 -5.185233 -3.238564 -1.180801 1.444453 -2.881605 -6.623536 -3.386499 -13.765333 9.765102 -9.083634 -27.631749 13.342938 -7.666792 -16.835037 -5.450884 -15.306162 -20.119862 119.683159 -49.650115 -105.736852 3.248357 -26.518180 -16.585659 -12.514869 6.084516 -14.284404 13.250689 12.816130 -22.440708 -132.143758 46.642412 -112.882567 -3.414328 19.322716 -15.410593 
4.824082 87.617188 9.163260 179.061834 -1.759449 174.404327 22.790635 14.795970 3.142609 -15.029303 13.126399 17.132359 -24.838767 1.661642 9.082375 nan nan nan -17.227566 -11.492606 -0.067759 3.667479 -1.051953 17.307806 33.277791 17.474639 16.740899 nan nan nan 2.569500 2.069440 8.085982 -0.818601 -5.213319 -3.204331 -1.221629 1.396147 -2.832691 -6.440381 -3.775299 -13.771867 9.962435 -9.375699 -27.663046 13.244797 -7.615782 -16.818041 -5.391355 -15.258233 -19.977941 119.703653 -49.637894 -106.018346 3.868384 -26.446625 -16.465273 -12.425706 6.195651 -14.278637 13.289946 12.840654 -22.155946 -132.116433 46.390194 -112.874941 -3.976635 18.941266 -14.775546 
4.821488 87.612770 9.165277 179.051299 -1.740054 174.378290 22.798170 14.782034 3.186124 -15.065967 13.106024 17.109576 -24.758866 1.639488 9.045987 nan nan nan -17.255782 -11.449414 -0.067337 3.710938 -1.008523 17.379060 33.207211 17.406140 16.493738 nan nan nan 2.556476 2.009152 8.176165 -0.817647 -5.199024 -3.214068 -1.284028 1.411279 -2.867965 -6.081277 -4.336707 -14.083380 10.217312 -9.855416 -27.397587 13.193537 -7.500083 -16.840294 -5.238916 -15.404528 -19.970308 119.600477 -49.658182 -105.991517 4.030120 -26.492963 -16.569640 -12.419338 6.236752 -14.347463 13.384361 12.826526 -22.091387 -131.966340 46.281155 -112.693724 -3.516775 19.033007 -14.673177 
4.822478 87.603806 9.164885 179.030299 -1.722497 174.327110 22.807691 14.840141 3.248980 -15.063092 13.068305 17.120693 -24.747468 1.567427 9.090294 nan nan nan -17.300724 -11.424971 -0.002179 3.794190 -0.921132 17.316561 33.175314 17.390598 16.842652 nan nan nan 2.564533 1.892818 8.371491 -0.857486 -5.191936 -3.334736 -1.408338 1.466596 -2.951005 -5.645389 -5.070325 -14.288002 10.691985 -10.503531 -26.987312 13.092319 -7.458109 -16.870443 -4.928740 -15.623700 -20.038315 119.395186 -49.736477 -105.818513 3.723558 -26.580322 -16.446048 -12.422744 6.299533 -14.381855 13.564032 12.824973 -22.137461 -131.920300 46.307457 -112.588903 -2.845072 19.272922 -14.884060 
4.814798 87.601891 9.158442 179.023136 -1.725646 174.334971 22.798192 14.894549 3.241601 -15.047601 13.022557 17.127497 -24.672948 1.566083 9.123313 nan nan nan -17.322005 -11.441530 0.037188 3.884490 -0.832352 17.198866 32.997796 17.399294 17.241786 nan nan nan 2.557473 1.859089 8.338003 -0.830465 -5.200397 -3.423924 -1.468882 1.496926 -2.955404 -5.308250 -5.920001 -14.118889 11.374259 -11.338746 -26.787082 13.039739 -7.530360 -16.674379 -4.848407 -15.646695 -20.076815 119.352741 -49.709651 -105.771686 3.631990 -26.517256 -16.235065 -12.464657 6.440285 -14.285309 13.675542 12.738437 -22.266119 -132.047807 46.384509 -112.595101 -2.541650 19.288886 -15.013428 
4.809269 87.604614 9.163664 179.044149 -1.751010 174.381830 22.799256 14.887631 3.172438 -15.074899 12.949618 17.121894 -24.596274 1.634430 9.098347 nan nan nan -17.299848 -11.463254 -0.002291 3.939042 -0.789810 17.194263 32.835106 17.374255 17.241660 nan nan nan 2.463987 1.941536 8.172219 -0.713113 -5.179078 -3.451252 -1.469012 1.493842 -2.820555 -4.935636 -6.616215 -14.141380 12.065213 -12.492792 -26.487678 13.092892 -7.497245 -16.491287 -4.950598 -15.804718 -20.021469 119.360598 -49.661228 -105.684572 3.927417 -26.392804 -16.276623 -12.354033 6.440081 -14.279416 13.511667 12.657765 -22.325407 -132.171220 46.538011 -112.653116 -2.581846 19.352812 -15.353679 
4.798114 87.609230 9.179699 179.076695 -1.831532 174.319822 22.831313 14.859676 3.160562 -15.073883 12.850266 17.188435 -24.554497 1.673686 9.018285 nan nan nan -17.305875 -11.548265 0.054203 3.973924 -0.768667 17.234866 32.751444 17.329682 17.182386 nan nan nan 2.448575 2.005779 8.283629 -0.672987 -5.174133 -3.563315 -1.481551 1.462608 -2.759855 -4.508533 -7.496141 -14.349294 12.708159 -13.595655 -26.053014 13.036359 -7.533306 -16.471827 -4.846554 -16.004922 -19.960099 119.262417 -49.654229 -105.520098 4.216064 -26.255303 -16.373471 -12.198697 6.430632 -14.352764 13.290874 12.487029 -22.318647 -132.147385 46.649475 -112.730388 -3.102807 19.518643 -15.439715 
4.790096 87.608452 9.180426 179.098372 -1.895720 174.280991 22.837641 14.826054 3.147820 -15.069153 12.796797 17.239579 -24.503550 1.668778 8.977117 nan nan nan -17.330948 -11.600638 0.157536 4.011382 -0.792501 17.162110 32.750973 17.272605 17.273284 nan nan nan 2.460489 2.043824 8.367239 -0.650288 -5.212008 -3.657869 -1.458313 1.433723 -2.822996 -4.099337 -8.664721 -14.316472 13.284748 -14.556168 -25.944963 13.051570 -7.610134 -16.346238 -4.912861 -16.017354 -19.960666 119.312998 -49.652437 -105.523200 4.340412 -26.217704 -16.243916 -12.330262 6.576460 -14.313633 13.400057 12.246695 -22.375238 -132.116259 46.647922 -112.715548 -3.641311 19.525217 -15.251985 
4.792113 87.613449 9.160360 179.084633 -1.872415 174.256371 22.837998 14.825531 3.230082 -15.225295 12.477372 17.104220 -24.378819 1.925304 8.945219 nan nan nan -17.344698 -11.669709 0.180406 4.107738 -0.459359 17.139633 32.590828 17.143832 17.195323 nan nan nan 2.377451 2.083713 8.429089 -0.652831 -5.093927 -3.843538 -1.390734 1.469681 -2.753070 -3.910504 -9.944566 -14.324221 14.033165 -15.531847 -25.849477 13.249739 -7.232410 -15.677787 -6.181631 -15.798710 -18.469782 120.288192 -49.327687 -107.186263 8.508835 -24.088821 -18.949769 -12.459079 6.538515 -14.342802 13.557079 12.044172 -22.303773 -132.353481 46.781793 -113.256637 -4.317333 19.243502 -15.614670 
4.794792 87.619919 9.152152 179.059629 -1.839321 174.247576 22.829872 14.814535 3.288069 -15.272873 12.442018 17.033964 -24.436961 2.018760 8.979255 nan nan nan -17.381864 -11.613786 0.158792 4.117851 -0.460607 17.207772 32.643307 17.110219 16.822100 nan nan nan 2.322587 2.063834 8.468719 -0.613036 -5.085808 -3.864352 -1.335541 1.489537 -2.842653 -3.470074 -11.421429 -14.258572 14.678303 -16.643237 -25.765229 13.274644 -7.193793 -15.446807 -6.356364 -15.726064 -18.291773 120.465611 -49.078294 -107.364852 8.656998 -23.801874 -18.974707 -12.687317 6.707163 -14.417561 13.754862 11.854905 -22.286475 -132.571283 46.842210 -113.422094 -3.793205 19.238756 -15.774043 
4.780815 87.618004 9.152442 179.014106 -1.841017 174.237071 22.792552 14.733784 3.321563 -15.355802 12.416058 16.992856 -24.350373 2.096124 8.899475 nan nan nan -17.489783 -11.601888 0.152425 4.151700 -0.508310 17.294477 32.750311 17.039098 16.422725 nan nan nan 2.336292 1.949856 8.490958 -0.588376 -5.130148 -3.845280 -1.514189 1.544877 -2.908343 -3.007865 -12.610965 -14.556185 15.479967 -18.070910 -25.350234 13.264277 -7.122282 -15.324449 -6.202681 -15.741663 -18.172404 120.402203 -48.893569 -107.365853 8.510427 -23.663336 -18.656012 -12.577428 6.830220 -14.483825 13.881710 11.840230 -22.014196 -132.529860 46.584487 -113.309428 -3.621867 18.935851 -15.090754 
4.787503 87.615471 9.157940 179.013045 -1.805010 174.202553 22.816548 14.782115 3.376764 -15.381910 12.346662 16.994288 -24.257530 2.100438 8.842490 nan nan nan -17.475542 -11.569502 0.182411 4.169437 -0.427088 17.243040 32.700466 17.020701 16.707570 nan nan nan 2.329025 1.836583 8.549799 -0.547386 -5.145857 -3.889491 -1.709571 1.563669 -2.915290 -2.448958 -13.441793 -15.105874 16.274104 -19.650398 -24.808774 13.190923 -7.054399 -15.295959 -5.808734 -15.820423 -18.163520 120.245548 -48.861273 -107.196209 8.308236 -23.727862 -18.423725 -12.247874 6.980435 -14.590994 13.734523 11.941322 -21.962220 -132.511607 46.701884 -113.207336 -3.702217 18.991776 -15.164363 
4.797359 87.617661 9.160911 179.077439 -1.765296 174.135186 22.931879 14.918771 3.429355 -15.372507 12.245406 17.082968 -24.195658 2.065508 8.782786 nan nan nan -17.373029 -11.572755 0.253969 4.178191 -0.279779 17.173251 32.563165 17.061118 17.033102 nan nan nan 2.315448 1.772359 8.658355 -0.445961 -5.121486 -3.929828 -1.690620 1.547368 -3.011394 -2.059915 -14.612148 -15.268709 16.923085 -20.840018 -24.620885 13.101225 -7.052204 -15.093170 -5.716814 -15.751092 -18.161643 120.419354 -48.795428 -107.336684 8.463989 -23.561005 -18.711218 -12.260006 7.183714 -14.696925 13.587406 11.936759 -22.118707 -132.703072 47.101643 -113.352281 -3.475491 19.152846 -15.627125 
4.796306 87.627762 9.150922 179.085297 -1.766213 174.123189 22.961317 14.962793 3.446972 -15.461321 12.003849 17.069129 -24.172715 2.202794 8.677473 nan nan nan -17.390172 -11.660640 0.253880 4.172558 -0.186065 17.287117 32.717263 16.976108 16.288283 nan nan nan 2.216637 1.854855 8.708797 -0.373351 -5.074366 -4.005776 -1.418024 1.489804 -3.135727 -1.609857 -16.709744 -14.791598 17.353616 -21.394703 -25.061008 12.801835 -7.201099 -14.672097 -5.684277 -15.591575 -17.965581 121.232022 -48.651491 -108.376033 9.895725 -22.455644 -19.634792 -12.684854 7.455500 -14.670324 13.654574 11.505029 -22.248034 -132.953467 47.243701 -113.788974 -3.414002 19.101831 -15.652621 
4.791658 87.631355 9.144421 179.095313 -1.783563 174.145557 22.967831 14.956247 3.433040 -15.499248 11.958100 17.027662 -24.116983 2.245042 8.715356 nan nan nan -17.376647 -11.601917 0.289096 4.298108 -0.034670 17.162221 32.471681 16.776819 16.791490 nan nan nan 2.168662 1.908292 8.654310 -0.303313 -5.070617 -4.046568 -1.331203 1.453706 -3.089167 -0.969457 -18.412131 -14.676198 18.009079 -22.272763 -25.482347 12.623044 -7.243396 -14.468329 -5.576695 -15.611937 -17.994984 121.262250 -48.551862 -108.492007 10.044470 -22.403902 -19.558735 -12.863907 7.554145 -14.663582 13.726087 11.316887 -22.252211 -132.910106 47.170096 -113.829091 -3.419822 19.006433 -15.508693 
4.781106 87.644485 9.154942 179.083350 -1.795560 174.061861 22.959915 14.933234 3.489382 -15.369386 12.127051 17.068773 -24.246998 2.164580 8.774711 nan nan nan -17.426472 -11.451701 0.404881 4.223821 -0.359531 17.140720 32.550650 16.870168 16.628731 nan nan nan 2.191706 1.931980 8.803546 -0.270440 -5.188936 -4.107091 -1.350863 1.457817 -3.247976 -0.386571 -19.533957 -14.743377 18.408203 -23.336951 -25.451758 12.464116 -7.782263 -14.496952 -4.568591 -15.625562 -19.409948 119.989526 -48.934044 -106.599241 7.020963 -25.074743 -17.453221 -12.930188 7.918764 -14.621112 13.795556 11.037921 -22.367892 -132.719712 47.109033 -113.417427 -3.151761 19.274905 -15.439029 
4.765187 87.646255 9.168245 179.088881 -1.838633 174.005871 22.961573 14.905441 3.480806 -15.243649 12.374274 17.153197 -24.284633 2.053650 8.840046 nan nan nan -17.462912 -11.404360 0.474457 4.137550 -0.660561 17.169453 32.845184 16.950718 16.454867 nan nan nan 2.265448 1.902030 8.909825 -0.240102 -5.288615 -4.111167 -1.344700 1.426771 -3.501690 -0.019362 -20.608114 -14.723970 18.803590 -24.249275 -25.410748 12.350139 -8.067119 -14.365543 -4.218201 -15.491751 -20.245897 119.202579 -49.064192 -105.609522 4.584430 -26.651315 -15.395524 -12.989290 8.320473 -14.538110 13.696890 10.791971 -22.550944 -132.648361 47.151454 -113.368921 -2.788422 19.381309 -15.090362 
4.752282 87.649742 9.183949 179.135164 -1.854425 174.001234 22.994126 14.948524 3.402535 -15.060423 12.679763 17.293624 -24.442211 1.819997 8.935589 nan nan nan -17.424631 -11.379607 0.457120 4.066357 -0.905452 17.214119 32.949238 17.151729 16.546538 nan nan nan 2.364170 1.905692 8.874056 -0.181286 -5.375713 -3.998607 -1.234752 1.344517 -3.771264 0.259106 -21.580262 -14.666888 19.130983 -25.134658 -25.505938 12.256914 -8.299927 -14.320178 -4.219278 -15.225654 -21.154968 118.298333 -49.102476 -104.239103 0.989011 -28.401981 -12.352066 -13.176016 8.697753 -14.359540 13.573276 10.615028 -22.936212 -132.737407 47.341299 -113.442691 -2.389163 19.582121 -14.881322 
4.755677 87.653961 9.188798 179.159565 -1.826093 173.984092 23.023798 14.967763 3.403527 -15.034864 12.621706 17.306271 -24.545862 1.758642 8.937224 nan nan nan -17.381461 -11.405858 0.446275 4.014359 -0.875874 17.226668 32.939670 17.186831 16.530413 nan nan nan 2.395049 1.897488 8.849395 -0.107796 -5.419738 -3.958166 -1.110723 1.281830 -3.926530 0.391950 -22.544043 -14.556570 19.619286 -25.775859 -25.730923 12.161944 -8.342037 -14.174056 -4.459177 -14.965587 -21.135483 118.483624 -48.956804 -104.536608 0.556172 -28.346559 -11.981776 -13.348548 9.027077 -14.230663 13.479525 10.492266 -23.127300 -132.804451 47.498143 -113.695965 -2.448299 19.529659 -14.694470 
4.763600 87.659805 9.178641 179.139564 -1.788772 174.032068 22.999687 14.960468 3.411113 -15.111039 12.471262 17.204884 -24.567793 1.868184 8.932376 nan nan nan -17.402113 -11.419431 0.382821 4.071342 -0.739153 17.224776 32.919595 17.054450 16.546211 nan nan nan 2.314538 1.911472 8.729889 -0.041330 -5.399473 -3.980075 -1.018013 1.274037 -3.983029 0.458016 -23.418259 -14.344676 20.191358 -26.149732 -26.110530 12.124211 -8.263181 -13.928879 -4.841387 -14.894047 -20.617297 119.152013 -48.788502 -105.534471 1.946986 -27.327443 -13.212424 -13.387771 9.230222 -14.091282 13.388694 10.371937 -23.156606 -132.900868 47.551324 -114.019869 -2.674150 19.302529 -14.739869 
4.770416 87.664818 9.177802 179.130298 -1.741973 174.042135 23.012204 14.965105 3.461934 -15.234134 12.308437 17.112189 -24.455460 2.034387 8.903125 nan nan nan -17.411602 -11.439082 0.322083 4.159444 -0.534225 17.274818 32.815737 16.891480 16.465440 nan nan nan 2.201200 1.909636 8.702215 0.062690 -5.337494 -4.067812 -0.948504 1.322040 -3.888984 0.512812 -24.061636 -14.382861 20.688262 -26.519969 -26.386965 12.178990 -8.044135 -13.794765 -5.186089 -15.024272 -20.020213 119.818605 -48.810628 -106.604839 4.294696 -26.483221 -15.445319 -13.376573 9.260336 -14.095822 13.241892 10.357526 -23.137681 -132.890605 47.626857 -114.198911 -3.035629 19.244454 -14.903534 
4.768514 87.677055 9.186011 179.129524 -1.696194 174.030553 23.035045 14.975031 3.479632 -15.303445 12.296178 17.116181 -24.384318 2.156929 8.831978 nan nan nan -17.404968 -11.345367 0.321923 4.219280 -0.460082 17.264126 32.718640 16.700753 16.325033 nan nan nan 2.094180 1.961466 8.668319 0.223830 -5.245451 -4.062423 -0.793348 1.302335 -3.774545 1.227585 -25.158837 -14.696628 20.988660 -27.067376 -26.524096 11.930423 -7.910991 -13.720479 -5.275629 -15.178895 -19.720556 120.103463 -48.758306 -106.748815 5.642711 -26.060690 -16.173891 -13.496536 9.238282 -14.216573 13.050514 10.383151 -23.178468 -132.816461 47.731335 -114.116278 -3.105768 19.410498 -15.177640 
4.753149 87.681595 9.186735 179.118510 -1.672017 173.985224 23.031430 15.058701 3.496983 -15.261054 12.337674 17.187793 -24.397965 2.173897 8.789829 nan nan nan -17.447673 -11.354147 0.355912 4.231270 -0.484370 17.269608 32.711410 16.807012 16.316263 nan nan nan 2.121317 1.974516 8.765932 0.210810 -5.243635 -4.121074 -0.811491 1.371732 -3.858923 0.933378 -24.956387 -14.672531 21.231585 -27.245525 -26.633841 12.034092 -8.109796 -13.484570 -5.348341 -15.036218 -19.851325 120.080311 -48.660778 -106.543237 5.414290 -26.217455 -15.844507 -13.396699 9.305701 -14.071815 12.873218 10.249458 -23.417540 -132.916681 47.807538 -114.210622 -3.132266 19.355335 -15.304334 
4.739491 87.697830 9.189559 179.123747 -1.672266 174.023396 23.001090 15.141599 3.420202 -15.174602 12.281360 17.249943 -24.424995 2.054660 8.727066 nan nan nan -17.438279 -11.380149 0.324020 4.190567 -0.514236 17.231595 32.814748 16.951583 16.469737 nan nan nan 2.212183 1.881527 8.758388 0.206130 -5.283516 -4.167327 -0.794562 1.361108 -3.952682 1.309368 -25.670962 -14.647859 21.555564 -27.698198 -26.559650 11.814425 -8.148587 -13.509161 -5.237337 -14.896266 -19.872480 119.949834 -48.545036 -106.381159 4.341723 -26.410285 -14.967692 -13.409204 9.531079 -13.993632 12.747521 10.211355 -23.545737 -133.040390 47.838695 -114.377533 -2.606101 19.372326 -15.123949 
4.732178 87.702293 9.190654 179.133844 -1.662695 173.986778 23.026793 15.266745 3.418774 -15.075215 12.292253 17.364873 -24.457321 1.860801 8.735595 nan nan nan -17.438023 -11.454761 0.347917 4.142938 -0.513217 17.253158 32.824765 17.091163 16.569419 nan nan nan 2.316816 1.755091 8.876214 0.158506 -5.281496 -4.217411 -0.840212 1.390518 -4.143792 1.375157 -25.940349 -14.684671 21.611734 -27.869918 -26.236132 11.775148 -8.212911 -13.393407 -5.194389 -14.781313 -19.940745 119.839173 -48.459275 -106.220368 3.677834 -26.575515 -14.592104 -13.387454 9.765315 -13.823710 12.672703 10.103788 -23.757893 -133.103452 47.899347 -114.437939 -1.814896 19.668174 -15.062398 
4.726029 87.703964 9.190665 179.152208 -1.678064 174.013722 23.050567 15.293722 3.347362 -15.046925 12.453466 17.431404 -24.430941 1.807450 8.813990 nan nan nan -17.421657 -11.464945 0.328218 4.144952 -0.531895 17.253248 32.800318 17.031492 16.587827 nan nan nan 2.289810 1.861898 8.797996 0.255983 -5.199765 -4.189039 -0.709156 1.326803 -4.194314 1.851358 -26.723918 -14.741486 21.673263 -28.138880 -26.300335 11.732369 -8.197101 -13.076585 -5.529540 -14.877050 -20.022206 119.976597 -48.358524 -106.255181 3.616670 -26.576932 -14.455666 -13.582440 9.744019 -13.801926 12.601577 10.009216 -23.834243 -133.085405 47.984090 -114.498916 -1.641783 19.752762 -15.097549 
4.725431 87.710030 9.188508 179.154099 -1.685046 174.009161 23.053385 15.309075 3.327670 -15.007503 12.509670 17.465554 -24.501769 1.838277 8.831198 nan nan nan -17.431249 -11.537180 0.323580 4.116871 -0.509612 17.282833 32.884286 17.053643 16.658470 nan nan nan 2.290294 1.965143 8.771939 0.301270 -5.166953 -4.206978 -0.668797 1.321017 -4.208857 1.936009 -26.843968 -14.741948 21.888197 -28.328180 -26.436988 11.774929 -8.282308 -12.905940 -5.814830 -14.901290 -20.042856 120.130143 -48.354100 -106.299040 3.845062 -26.495062 -14.417250 -13.653039 9.694419 -13.811071 12.578065 9.927663 -23.875933 -133.179849 48.062895 -114.614686 -1.932347 19.655155 -15.180588 
4.735341 87.717209 9.192179 179.134040 -1.628746 173.986545 23.053816 15.333559 3.373269 -15.036539 12.374005 17.447533 -24.520413 1.911839 8.763652 nan nan nan -17.474473 -11.624278 0.294876 4.131025 -0.358009 17.377219 32.959128 17.102445 16.564932 nan nan nan 2.290092 2.017153 8.853431 0.290235 -5.116272 -4.282549 -0.660380 1.361960 -4.266299 2.038157 -27.030972 -14.683016 22.119288 -28.330420 -26.495981 11.735804 -8.322678 -12.992570 -5.894813 -14.921863 -19.758468 120.270793 -48.468997 -106.405043 4.540461 -26.193616 -14.985431 -13.683746 9.697200 -13.845950 12.596943 9.817236 -23.832975 -133.316319 48.098049 -114.788880 -1.793873 19.691597 -15.306154 
4.744169 87.714050 9.186744 179.087971 -1.563406 173.998973 23.025684 15.278777 3.412767 -15.130549 12.242994 17.383437 -24.455225 1.932776 8.659605 nan nan nan -17.521996 -11.590225 0.259132 4.135935 -0.282679 17.425878 32.979415 17.064571 16.417110 nan nan nan 2.237582 2.056777 8.889475 0.278731 -5.040439 -4.350169 -0.648504 1.415717 -4.255500 2.265778 -27.210690 -14.775772 22.238958 -28.274751 -26.482793 11.764189 -8.209541 -13.133535 -6.036982 -15.131733 -19.460219 120.361472 -48.547414 -106.513699 5.089548 -25.992395 -15.592538 -13.737193 9.533368 -13.970705 12.701491 9.853738 -23.663568 -133.379434 48.109221 -114.896940 -1.693597 19.725015 -15.392804 
4.744828 87.707550 9.176207 179.074191 -1.546236 174.056203 23.014070 15.201801 3.358176 -15.152237 12.399820 17.388068 -24.424075 1.850258 8.688771 nan nan nan -17.534019 -11.529975 0.223931 4.154274 -0.356999 17.367966 32.931920 17.014091 16.561573 nan nan nan 2.267663 2.067716 8.711440 0.297879 -5.045837 -4.246722 -0.528637 1.365105 -4.336171 2.611999 -27.681088 -14.717866 22.233654 -28.131810 -26.596042 11.678850 -8.270729 -12.937391 -6.293772 -15.016717 -19.651929 120.441018 -48.399856 -106.522837 4.429762 -26.207117 -14.972567 -14.099195 9.668182 -13.804827 12.910986 9.868101 -23.835884 -133.425089 48.116074 -114.832473 -1.791329 19.627476 -15.259459 
4.745336 87.702965 9.175844 179.090184 -1.567654 174.061613 23.038389 15.234393 3.290853 -15.104435 12.585903 17.486284 -24.424664 1.824076 8.770136 nan nan nan -17.531318 -11.647046 0.210073 4.176535 -0.313214 17.372272 32.821674 16.997077 16.614599 nan nan nan 2.367731 2.017858 8.690869 0.286035 -5.095595 -4.238578 -0.518829 1.306129 -4.350380 2.701570 -27.676055 -14.855092 22.300587 -28.167386 -26.509544 11.765750 -8.220126 -12.818887 -6.547523 -14.817845 -19.828961 120.621125 -48.344682 -106.597114 4.327922 -26.290941 -14.869042 -14.323125 9.802379 -13.673269 13.086914 9.897549 -24.017289 -133.410087 48.073788 -114.632350 -2.158546 19.415967 -15.096631 
4.746402 87.702469 9.183726 179.100285 -1.595865 174.046916 23.037612 15.330500 3.235542 -15.049215 12.548472 17.608265 -24.442599 1.821164 8.763253 nan nan nan -17.504826 -11.745939 0.202088 4.146562 -0.202067 17.455187 32.755936 16.998650 16.380686 nan nan nan 2.376691 1.998613 8.835989 0.269471 -5.094097 -4.384555 -0.552770 1.298367 -4.437873 2.899345 -27.707171 -14.762362 22.376082 -28.061711 -26.400244 11.862689 -8.226084 -12.710041 -6.585514 -14.811413 -19.724170 120.753177 -48.429158 -106.612749 5.150990 -26.059864 -15.643044 -14.288537 9.857264 -13.640681 13.118025 9.825595 -23.975975 -133.339737 48.108407 -114.528930 -2.582191 19.371482 -15.273297 
4.748420 87.711700 9.175593 179.084773 -1.586588 174.048743 22.997531 15.402050 3.208394 -14.989912 12.460001 17.672538 -24.444125 1.836657 8.708133 nan nan nan -17.509384 -11.766591 0.210528 4.099782 -0.178599 17.465979 32.870736 17.055947 16.314513 nan nan nan 2.368788 1.944485 8.999061 0.226384 -5.083805 -4.576481 -0.596810 1.291625 -4.582473 3.151800 -27.711216 -14.594476 22.383506 -27.860131 -26.217366 11.827594 -8.240617 -12.680305 -6.414516 -14.796292 -19.586455 120.770087 -48.563069 -106.434484 5.729691 -25.854110 -16.303775 -14.207127 9.909946 -13.651475 13.170515 9.826899 -23.883370 -133.445100 48.294898 -114.631357 -2.714720 19.577005 -16.049625 
4.751110 87.715240 9.162127 179.084526 -1.561431 174.051855 23.009463 15.429736 3.220827 -15.007631 12.355175 17.659499 -24.447641 1.831140 8.685351 nan nan nan -17.525359 -11.764852 0.233763 4.119574 -0.258132 17.363493 32.973802 17.083181 16.564253 nan nan nan 2.352880 1.959845 8.926909 0.203764 -5.077432 -4.540463 -0.545910 1.305358 -4.744608 3.225254 -27.817102 -14.079780 22.506423 -27.577439 -26.418968 11.589371 -8.582128 -12.606389 -6.124073 -14.578139 -19.439015 120.671789 -48.566335 -106.235545 5.839690 -25.742058 -16.482391 -14.195306 10.156426 -13.546595 13.066670 9.601644 -24.033206 -133.664666 48.550072 -114.869856 -2.566170 19.847055 -16.916105 
4.753875 87.718132 9.173385 179.088371 -1.559654 174.007162 23.015490 15.397648 3.264923 -15.000285 12.210669 17.614574 -24.559441 1.834349 8.685299 nan nan nan -17.499210 -11.762588 0.242212 4.131968 -0.196466 17.345038 32.967337 17.004563 16.685801 nan nan nan 2.329595 1.969274 9.091942 0.204830 -5.029450 -4.659933 -0.537850 1.331624 -4.613757 3.482726 -27.503500 -14.447600 22.442504 -27.509173 -26.325036 11.582698 -8.557975 -12.649691 -6.019363 -14.740286 -19.500836 120.540604 -48.491699 -106.034837 5.752917 -25.777665 -16.384783 -14.093411 9.875051 -13.806834 12.964966 9.768926 -23.889425 -133.702194 48.671384 -114.950849 -2.607591 19.881050 -17.133851 
4.758661 87.725189 9.181213 179.087799 -1.533329 174.031307 22.998779 15.399515 3.249754 -14.949524 12.203062 17.591482 -24.608635 1.756614 8.711650 nan nan nan -17.447263 -11.710594 0.157240 4.112673 -0.132206 17.458859 32.804358 17.020869 16.430135 nan nan nan 2.398621 1.879170 9.034685 0.186988 -5.093730 -4.654019 -0.499785 1.264197 -4.742861 3.408283 -27.628675 -14.033357 22.559485 -27.248563 -26.406567 11.525233 -8.658796 -12.571880 -6.080190 -14.306185 -19.568778 120.543764 -48.408062 -106.182844 5.198633 -26.017814 -15.752223 -14.220816 10.291708 -13.618239 13.034619 9.745217 -24.036678 -133.725544 48.662797 -114.956184 -2.324364 19.795388 -16.490284 
4.766896 87.734581 9.180187 179.046479 -1.477884 174.016608 22.968382 15.399139 3.326465 -14.939170 12.293348 17.531156 -24.566098 1.802456 8.729331 nan nan nan -17.487009 -11.604656 0.160961 4.099201 -0.218744 17.509238 32.771204 16.991460 16.253518 nan nan nan 2.390119 1.822128 9.037431 0.178518 -5.124474 -4.582887 -0.459042 1.205629 -4.838745 3.525902 -27.618593 -14.078528 22.600073 -27.085970 -26.268986 11.486653 -8.582024 -12.672590 -6.149343 -14.045681 -19.598917 120.563616 -48.380271 -106.336712 4.667116 -26.288260 -15.340166 -14.407924 10.511889 -13.559474 13.249360 9.771885 -24.047268 -133.636776 48.502035 -114.799006 -1.649867 19.831113 -15.888941 
4.768193 87.732307 9.161824 179.056364 -1.464677 173.973970 23.019563 15.313502 3.431551 -14.990585 12.408203 17.446614 -24.549353 1.848881 8.781200 nan nan nan -17.469111 -11.558553 0.255753 4.131619 -0.202465 17.383572 32.716096 16.911639 16.638088 nan nan nan 2.352816 1.882929 8.971579 0.232036 -5.109388 -4.494228 -0.437630 1.234914 -4.746161 3.555813 -27.371528 -14.227432 22.632014 -26.936218 -26.345450 11.591658 -8.527941 -12.591423 -6.386628 -14.124728 -19.593314 120.663663 -48.309740 -106.423415 4.856779 -26.251396 -15.626195 -14.479747 10.378293 -13.526745 13.346340 9.828274 -24.043065 -133.560281 48.387578 -114.592373 -1.440337 19.865645 -15.721721 
4.767286 87.734459 9.151421 179.081952 -1.476964 173.946291 23.074541 15.208449 3.504757 -15.048363 12.485449 17.359183 -24.566784 1.870833 8.851723 nan nan nan -17.432913 -11.537191 0.348337 4.178403 -0.145962 17.229552 32.570303 16.916261 17.120896 nan nan nan 2.411211 1.848156 9.014536 0.221621 -5.104519 -4.510005 -0.492063 1.276113 -4.591832 3.409581 -26.755953 -14.804423 22.532541 -26.824203 -26.202216 11.650161 -8.268432 -12.845957 -6.476965 -14.368924 -19.604506 120.682713 -48.412727 -106.504505 4.705089 -26.169371 -15.654653 -14.423179 10.056736 -13.604692 13.419160 10.107428 -23.946357 -133.520716 48.245812 -114.459608 -1.373069 19.811553 -15.521637 
4.767056 87.716866 9.172358 179.101429 -1.521494 173.990092 23.076095 15.219123 3.374056 -14.982978 12.577306 17.480840 -24.667131 1.782913 8.920620 nan nan nan -17.435484 -11.479560 0.326332 4.146702 -0.333985 17.288403 32.605578 17.235275 16.867320 nan nan nan 2.437678 1.877238 8.868995 0.241760 -5.145776 -4.332306 -0.455169 1.310439 -4.738921 3.647978 -27.149327 -14.588808 22.764221 -27.055120 -26.348626 11.446771 -8.581648 -12.886642 -6.309205 -14.338164 -19.547153 120.419796 -48.178352 -106.366102 3.571983 -26.181306 -14.601875 -14.495265 10.277470 -13.480303 13.292399 9.810955 -24.056586 -133.443360 48.178558 -114.489054 -1.149578 19.807278 -15.385655 
4.759987 87.693558 9.177453 179.121472 -1.581775 174.049990 23.048955 15.296033 3.196091 -14.866713 12.572422 17.650171 -24.753276 1.656652 8.969780 nan nan nan -17.416175 -11.538263 0.252101 4.103428 -0.368758 17.417780 32.793956 17.450724 16.394219 nan nan nan 2.456682 1.895333 8.761468 0.253559 -5.213322 -4.206582 -0.422213 1.291725 -4.947561 3.706494 -27.226123 -14.248900 22.770201 -27.032269 -26.449571 11.542995 -8.833988 -12.573877 -6.408342 -14.095451 -19.651524 120.341346 -47.870929 -106.168053 3.073246 -26.205151 -14.232670 -14.577590 10.525298 -13.273885 13.211054 9.563260 -24.222532 -133.440302 48.222288 -114.505412 -1.312400 19.811918 -15.593684 
4.762235 87.694962 9.174960 179.161787 -1.579929 174.043709 23.091731 15.323777 3.191116 -14.863474 12.500898 17.667415 -24.757877 1.599866 8.976794 nan nan nan -17.355912 -11.595772 0.248105 4.092434 -0.305968 17.451222 32.806684 17.420893 16.311974 nan nan nan 2.469909 1.909204 8.758660 0.289377 -5.210981 -4.201842 -0.378670 1.273364 -5.014194 3.654483 -27.184725 -13.967579 22.771795 -26.857469 -26.576413 11.600214 -8.854610 -12.391870 -6.541504 -13.974165 -19.674906 120.470164 -47.880737 -106.187411 3.478041 -26.146187 -14.722250 -14.626656 10.573476 -13.202794 13.171792 9.530289 -24.265339 -133.560162 48.379434 -114.601238 -1.831322 19.781694 -15.959773 
4.764431 87.704613 9.169550 179.202871 -1.583460 174.039509 23.135051 15.387645 3.200643 -14.888319 12.361538 17.634534 -24.764104 1.629405 8.981443 nan nan nan -17.286748 -11.697522 0.234962 4.084703 -0.171125 17.471207 32.801199 17.285327 16.263935 nan nan nan 2.464836 1.902617 8.759043 0.319855 -5.159587 -4.204211 -0.342527 1.251991 -4.948845 3.797021 -27.249055 -14.087914 22.756173 -26.691464 -26.618590 11.439487 -8.684256 -12.630530 -6.381749 -14.117038 -19.669862 120.537061 -48.256253 -106.140902 3.925438 -26.074939 -15.255622 -14.571066 10.427519 -13.374052 13.048645 9.647364 -24.188282 -133.599269 48.572175 -114.648140 -2.247773 19.707768 -16.271331 
4.761111 87.714180 9.161400 179.207305 -1.597723 174.049167 23.132934 15.368482 3.196306 -14.925648 12.336733 17.619312 -24.724639 1.721429 8.891777 nan nan nan -17.300588 -11.744544 0.243538 4.140153 -0.117645 17.458113 32.792577 17.219759 16.255234 nan nan nan 2.479738 1.928755 8.741853 0.309158 -5.127192 -4.279257 -0.323369 1.209926 -4.750702 3.998088 -27.310774 -14.458164 22.637777 -26.621805 -26.571375 11.258843 -8.496546 -12.897375 -6.200790 -14.341586 -19.761911 120.518052 -48.531304 -106.079006 3.684233 -26.085643 -15.223592 -14.532619 10.177768 -13.561235 13.002744 9.858993 -24.094127 -133.584451 48.615300 -114.679921 -2.248968 19.663995 -16.393644 
4.756781 87.720871 9.155182 179.151712 -1.597052 174.032715 23.072743 15.270586 3.258861 -14.994424 12.323507 17.523539 -24.642213 1.863462 8.849997 nan nan nan -17.375897 -11.632131 0.281435 4.188350 -0.157302 17.437325 32.790927 17.145391 16.193172 nan nan nan 2.464676 1.909952 8.822039 0.290712 -5.123463 -4.459656 -0.341885 1.178133 -4.624269 4.079622 -27.294777 -14.572726 22.507049 -26.568408 -26.505027 11.305539 -8.416894 -12.755211 -6.250631 -14.395818 -19.757853 120.559766 -48.461281 -106.193549 4.074184 -26.047317 -15.871379 -14.573068 10.096946 -13.626573 13.147051 10.038403 -23.969067 -133.480531 48.553718 -114.508615 -1.882262 19.772241 -16.342398 
4.761501 87.717232 9.144601 179.105317 -1.563209 174.037080 23.048794 15.250327 3.302380 -15.030032 12.389674 17.464102 -24.561790 1.901119 8.862997 nan nan nan -17.411496 -11.500655 0.256208 4.194007 -0.200457 17.458185 32.782995 17.137746 16.167872 nan nan nan 2.405637 1.878881 8.843592 0.295525 -5.131746 -4.541271 -0.344466 1.184880 -4.694438 4.011874 -27.200919 -14.334642 22.498167 -26.479212 -26.484994 11.438189 -8.470392 -12.553109 -6.406135 -14.288443 -19.617053 120.603125 -48.322615 -106.362180 4.454413 -26.041567 -16.379036 -14.614266 10.200804 -13.591932 13.294182 10.066858 -23.891085 -133.371729 48.523145 -114.326953 -1.296737 19.856678 -16.068645 
4.770185 87.708580 9.134541 179.083133 -1.535044 174.078345 23.019440 15.241864 3.299460 -15.006408 12.527233 17.430979 -24.486050 1.885422 8.880013 nan nan nan -17.417890 -11.390149 0.222426 4.182894 -0.270724 17.445611 32.794362 17.172746 16.181733 nan nan nan 2.356177 1.870012 8.703394 0.279979 -5.144179 -4.414974 -0.354068 1.217422 -4.748592 3.997186 -27.012016 -14.215979 22.600984 -26.363344 -26.593993 11.386586 -8.542801 -12.618794 -6.300264 -14.213633 -19.540865 120.457987 -48.220418 -106.314289 3.841294 -26.080632 -15.632520 -14.556622 10.242099 -13.553042 13.289959 10.047713 -23.837915 -133.285576 48.448989 -114.354676 -0.786496 19.850499 -15.774020 
4.777699 87.713257 9.146924 179.111109 -1.537103 174.099206 23.016891 15.282309 3.262201 -14.915961 12.517992 17.453621 -24.599790 1.819829 8.899811 nan nan nan -17.356405 -11.408484 0.205112 4.127185 -0.276915 17.425141 32.806850 17.195113 16.206187 nan nan nan 2.366939 1.874029 8.609979 0.296633 -5.133139 -4.324095 -0.329327 1.237538 -4.653923 3.973408 -26.901819 -14.392985 22.615429 -26.246204 -26.644365 11.175685 -8.479245 -12.875948 -6.147603 -14.307170 -19.614888 120.416705 -48.356248 -106.316626 3.235538 -26.171169 -14.939523 -14.563445 10.107260 -13.616251 13.266388 10.125014 -23.822235 -133.281720 48.425311 -114.490806 -0.785028 19.840538 -15.729425 
4.784906 87.726341 9.164192 179.130606 -1.572045 174.121566 23.003828 15.310035 3.203046 -14.891324 12.412173 17.476564 -24.606214 1.830474 8.916027 nan nan nan -17.325387 -11.487861 0.193809 4.141885 -0.254252 17.401689 32.743085 17.169328 16.215499 nan nan nan 2.400941 1.866215 8.578362 0.310913 -5.153758 -4.367605 -0.269132 1.198298 -4.616690 3.769335 -26.945335 -14.280845 22.644758 -26.051946 -26.692951 11.078842 -8.411560 -12.991035 -6.209150 -14.271279 -19.664406 120.644568 -48.574454 -106.631806 3.412669 -26.216770 -15.098178 -14.717609 10.135881 -13.599385 13.387767 10.119003 -23.857512 -133.351200 48.426732 -114.582511 -0.779448 19.779781 -15.667852 
4.796653 87.723831 9.180691 179.152361 -1.561662 174.134918 23.040979 15.357900 3.168060 -14.871426 12.523555 17.534034 -24.582929 1.824978 8.969576 nan nan nan -17.277697 -11.558367 0.141452 4.101509 -0.276428 17.454121 32.693251 17.211378 16.257255 nan nan nan 2.456874 1.854563 8.591661 0.292335 -5.159313 -4.367591 -0.271059 1.197182 -4.647045 3.673521 -26.825496 -14.230543 22.632329 -25.881749 -26.686262 11.134095 -8.437768 -13.006771 -6.261637 -14.289287 -19.737337 120.611939 -48.504080 -106.666810 3.197290 -26.294570 -14.872662 -14.803260 10.140785 -13.548579 13.491894 10.084164 -23.910409 -133.353568 48.360893 -114.592405 -0.661756 19.741057 -15.523378 
4.800943 87.716591 9.184938 179.169600 -1.551820 174.165029 23.073702 15.409492 3.137286 -14.848078 12.675846 17.577471 -24.631510 1.737346 9.038056 nan nan nan -17.231263 -11.558840 0.075428 4.083347 -0.174510 17.538132 32.701999 17.411397 16.167057 nan nan nan 2.501850 1.829183 8.500297 0.282865 -5.194598 -4.204857 -0.295637 1.218493 -4.765982 3.594884 -26.645038 -14.183386 22.679412 -25.755495 -26.721383 11.175689 -8.580312 -13.031728 -6.303180 -14.220089 -19.720006 120.472151 -48.286793 -106.563729 2.739243 -26.390506 -14.374805 -14.809960 10.264957 -13.469592 13.502333 10.000535 -23.986188 -133.334739 48.257559 -114.566892 -0.461601 19.716236 -15.309424 
4.789494 87.726547 9.170589 179.165852 -1.580103 174.142705 23.054820 15.328385 3.186312 -14.900587 12.628916 17.511148 -24.691627 1.748236 9.008351 nan nan nan -17.267616 -11.532545 0.135209 4.113239 -0.092822 17.522018 32.828883 17.504984 16.086966 nan nan nan 2.543013 1.830180 8.492840 0.283435 -5.222494 -4.140200 -0.320411 1.191106 -4.815944 3.652801 -26.607533 -14.226366 22.728702 -25.713773 -26.793233 11.176429 -8.612169 -13.055820 -6.400302 -14.113976 -19.565721 120.531218 -48.220404 -106.551214 3.007341 -26.368097 -14.708313 -14.806944 10.306154 -13.552487 13.505290 9.998912 -23.949407 -133.311921 48.252141 -114.496760 -0.462309 19.512126 -15.421715 
4.786935 87.737480 9.160904 179.159423 -1.572324 174.117516 23.051997 15.218097 3.261915 -14.983084 12.632389 17.404043 -24.693870 1.825385 8.968382 nan nan nan -17.304849 -11.571234 0.164916 4.084639 -0.187527 17.458856 32.886614 17.304975 16.263612 nan nan nan 2.539343 1.907184 8.491517 0.303207 -5.205961 -4.167975 -0.283505 1.124787 -4.698613 3.806532 -26.600402 -14.349815 22.652566 -25.660787 -26.979834 11.229566 -8.538834 -12.856744 -6.545249 -13.964037 -19.620444 120.714912 -48.174706 -106.578800 3.423360 -26.331173 -15.059460 -14.864208 10.152013 -13.660387 13.567269 10.134695 -23.902119 -133.313894 48.315221 -114.470060 -1.041369 19.217021 -15.694592 
4.791549 87.737617 9.166033 179.164928 -1.568366 174.132276 23.053280 15.170420 3.249773 -14.999182 12.601159 17.371782 -24.666011 1.842886 8.947179 nan nan nan -17.276514 -11.601403 0.119127 4.070810 -0.183037 17.458921 32.794761 17.139059 16.322084 nan nan nan 2.497945 1.954936 8.470763 0.329544 -5.191153 -4.167653 -0.239011 1.094992 -4.617731 3.917186 -26.491829 -14.466565 22.506107 -25.475171 -27.067699 11.242955 -8.515120 -12.722386 -6.527651 -13.892396 -19.777240 120.797298 -48.148864 -106.492760 3.553812 -26.268796 -15.007233 -14.875580 10.017012 -13.698287 13.579978 10.214768 -23.872134 -133.326148 48.352865 -114.484518 -1.598614 19.113731 -15.937975 
4.791144 87.735596 9.172645 179.185701 -1.597199 174.173036 23.056982 15.176304 3.182548 -14.992365 12.485102 17.378089 -24.575912 1.761182 8.946505 nan nan nan -17.228045 -11.603372 0.111351 4.174580 0.060494 17.413197 32.575534 17.172936 16.652709 nan nan nan 2.472279 1.963390 8.438018 0.362628 -5.180803 -4.168879 -0.199681 1.092457 -4.569271 4.047325 -26.540649 -14.581112 22.374448 -25.221928 -27.083622 11.187195 -8.504275 -12.697260 -6.504168 -14.000146 -19.826136 120.851406 -48.097081 -106.490969 3.620616 -26.243357 -15.206046 -14.869156 9.893843 -13.740211 13.515643 10.250027 -23.842290 -133.339407 48.409215 -114.480121 -1.400309 19.239142 -16.125170 
4.794428 87.734261 9.172071 179.186876 -1.559425 174.197478 23.073792 15.255006 3.170567 -14.972173 12.465156 17.397105 -24.523971 1.646786 8.972091 nan nan nan -17.234560 -11.553559 0.109583 4.282364 0.210099 17.349769 32.379314 17.337484 17.108763 nan nan nan 2.421820 2.000416 8.430067 0.389302 -5.135991 -4.181376 -0.143248 1.111647 -4.531284 4.152563 -26.606520 -14.678660 22.256628 -25.046816 -27.109573 11.266426 -8.443057 -12.624321 -6.721717 -14.154098 -19.809140 120.882416 -47.963465 -106.483730 3.666647 -26.328643 -15.359408 -14.941648 9.749338 -13.800539 13.560995 10.302623 -23.865075 -133.401002 48.463358 -114.448010 -0.491653 19.541069 -16.233838 
4.802754 87.728363 9.170280 179.110416 -1.469185 174.189197 23.012073 15.273775 3.252016 -14.987479 12.471105 17.318941 -24.539922 1.729446 8.972175 nan nan nan -17.344951 -11.466261 0.067083 4.235684 -0.007051 17.380650 32.505072 17.320678 16.774049 nan nan nan 2.307530 2.041818 8.445942 0.382724 -5.073767 -4.192303 -0.121438 1.135241 -4.516812 4.138326 -26.402655 -14.667829 22.114996 -24.905198 -27.166287 11.434623 -8.344914 -12.424048 -7.030621 -14.148885 -19.618473 120.969548 -47.834219 -106.611348 4.353732 -26.140453 -15.865657 -14.996966 9.679396 -13.847090 13.706005 10.374737 -23.789439 -133.385751 48.444227 -114.378270 0.171212 19.706272 -16.205348 
4.814622 87.737137 9.170298 179.084897 -1.426027 174.170419 22.988712 15.242724 3.325654 -15.027298 12.447200 17.217698 -24.469729 1.866345 8.985142 nan nan nan -17.334171 -11.461441 0.048182 4.136920 -0.152883 17.343178 32.570613 17.002909 16.747277 nan nan nan 2.309884 1.997684 8.487562 0.371163 -5.074036 -4.280191 -0.120260 1.126495 -4.517393 3.843000 -26.090236 -14.499914 22.095292 -24.653096 -27.267186 11.500783 -8.281748 -12.247886 -7.236024 -13.888138 -19.515552 121.165414 -47.841591 -106.924859 5.047434 -25.920340 -16.514567 -15.094199 9.765423 -13.759653 13.885450 10.459911 -23.777716 -133.420613 48.425455 -114.397675 0.124921 19.581815 -16.229021 
4.820448 87.749176 9.168932 179.110302 -1.440823 174.164036 22.997894 15.263546 3.311179 -14.955742 12.510430 17.247396 -24.492831 1.845900 9.071415 nan nan nan -17.279095 -11.444902 0.080174 4.093885 -0.235790 17.247195 32.481420 16.853413 17.206576 nan nan nan 2.379971 1.927498 8.491221 0.356549 -5.108244 -4.260801 -0.107411 1.125241 -4.569840 3.680573 -25.946350 -14.388903 22.099366 -24.366985 -27.419166 11.438477 -8.374792 -12.256453 -7.122071 -13.673706 -19.716027 121.136860 -47.814400 -106.848457 4.390445 -26.126229 -15.985312 -15.188940 9.890922 -13.695010 13.971696 10.456359 -23.847069 -133.453155 48.394162 -114.394375 0.303602 19.614711 -16.318250 
4.817358 87.750763 9.172441 179.116404 -1.467782 174.207460 22.961692 15.261213 3.217210 -14.898461 12.531294 17.319521 -24.659051 1.824746 9.065613 nan nan nan -17.271993 -11.442821 0.016704 4.045553 -0.320692 17.367935 32.558328 17.016338 16.855955 nan nan nan 2.433405 1.868599 8.414247 0.332743 -5.159128 -4.109817 -0.099848 1.113812 -4.652197 3.749268 -25.913505 -14.342497 22.122296 -24.156550 -27.630255 11.288800 -8.477514 -12.410493 -6.835348 -13.470285 -19.939475 121.080739 -47.716995 -106.809338 3.179626 -26.318476 -15.067680 -15.285832 10.002887 -13.789587 14.032791 10.366184 -23.798411 -133.416421 48.321936 -114.470098 0.647848 19.685282 -16.377733 
4.811507 87.752487 9.172757 179.106123 -1.502888 174.281759 22.910668 15.149649 3.123883 -14.933149 12.565961 17.306944 -24.751058 1.850526 9.029493 nan nan nan -17.360749 -11.449336 -0.030410 4.114936 -0.448970 17.424860 32.859915 17.190491 16.546712 nan nan nan 2.423686 1.923209 8.237062 0.334341 -5.205496 -3.966851 -0.060965 1.062306 -4.649212 3.855913 -25.857488 -14.324791 22.074925 -23.937781 -27.880893 11.195906 -8.463094 -12.532871 -6.853987 -13.494864 -19.945427 121.107639 -47.661426 -106.807392 2.758840 -26.350285 -14.668812 -15.315584 9.947567 -13.927328 14.043223 10.384027 -23.694349 -133.351893 48.327247 -114.558334 0.821737 19.767940 -16.517919 
4.809971 87.766281 9.160643 179.102640 -1.515387 174.332585 22.901525 14.992754 3.099266 -14.994413 12.682613 17.239585 -24.672977 1.856531 9.052984 nan nan nan -17.482959 -11.454559 -0.008226 4.193615 -0.733522 17.356702 33.049718 17.149408 16.763157 nan nan nan 2.371199 2.024472 8.055969 0.388687 -5.225259 -3.891733 -0.025144 1.037658 -4.571842 3.767983 -25.542987 -14.202388 22.020372 -23.644420 -28.280175 11.243315 -8.386421 -12.541414 -7.118934 -13.639844 -19.838020 121.228499 -47.710047 -106.827699 3.129340 -26.406565 -15.039763 -15.271106 9.820985 -13.940369 14.015393 10.497184 -23.633110 -133.281290 48.311831 -114.461082 0.775444 19.772576 -16.687058 
4.807899 87.783066 9.155735 179.097062 -1.499036 174.330267 22.914131 14.926464 3.124524 -14.983418 12.808846 17.218096 -24.700413 1.805762 9.084614 nan nan nan -17.455894 -11.484152 -0.020204 4.075390 -0.750848 17.397880 33.064211 17.111660 16.685942 nan nan nan 2.378307 2.042301 8.036162 0.380831 -5.222823 -3.879478 -0.059535 1.048395 -4.554644 3.416640 -24.910335 -14.060715 21.926403 -23.197097 -28.538975 11.353322 -8.377682 -12.577595 -7.229433 -13.568275 -19.761602 121.358794 -47.819192 -106.891499 3.546680 -26.424720 -15.456617 -15.228329 9.772091 -13.918796 14.070055 10.518097 -23.575958 -133.212468 48.247199 -114.396074 0.641695 19.586997 -16.806931 
4.802659 87.798508 9.146446 179.103841 -1.469796 174.358896 22.926070 14.990527 3.107571 -14.940752 12.840473 17.225430 -24.777783 1.762895 9.099140 nan nan nan -17.333937 -11.465314 -0.106048 4.002501 -0.478132 17.470324 32.998815 17.143226 16.465837 nan nan nan 2.413816 2.000324 7.956374 0.364134 -5.196316 -3.809801 0.035672 1.005383 -4.593793 3.384487 -25.217153 -13.721475 21.742883 -22.651379 -28.858410 11.163457 -8.377398 -12.680069 -7.198338 -13.404696 -19.705153 121.485882 -47.895648 -107.047347 3.597687 -26.399217 -15.388418 -15.428075 9.805071 -14.025889 14.227185 10.558000 -23.472640 -133.221791 48.311073 -114.605469 0.449085 19.432397 -16.946154 
4.804667 87.816063 9.136281 179.108624 -1.431938 174.357757 22.937420 15.090131 3.135582 -14.887254 12.812231 17.202997 -24.821410 1.735939 9.147105 nan nan nan -17.272324 -11.421798 -0.142165 3.984006 -0.351596 17.501264 33.013661 17.372003 16.535454 nan nan nan 2.402280 1.991431 7.913082 0.353846 -5.167014 -3.749938 0.147577 0.997721 -4.641051 3.067134 -25.087369 -13.378509 21.499910 -22.026679 -29.172168 11.115439 -8.398656 -12.718640 -7.417641 -13.338146 -19.658037 121.628435 -47.902490 -107.190697 3.537654 -26.431981 -15.226331 -15.573904 9.754115 -14.104411 14.398841 10.644056 -23.428951 -133.306626 48.410057 -114.871845 0.363441 19.359598 -17.243202 
4.812121 87.843292 9.139838 179.106217 -1.392681 174.378164 22.930205 15.061804 3.161572 -14.871323 12.914175 17.125684 -24.751335 1.695015 9.194712 nan nan nan -17.321222 -11.339580 -0.145406 4.001326 -0.623370 17.446315 33.126713 17.504526 16.789538 nan nan nan 2.342940 2.055143 7.836612 0.393463 -5.119135 -3.696486 0.264311 0.968514 -4.564070 2.816460 -24.657753 -13.393588 21.211581 -21.625811 -29.462856 11.125895 -8.319261 -12.744903 -7.815504 -13.406263 -19.711976 121.690365 -47.772488 -107.148272 2.735627 -26.559254 -14.492765 -15.713198 9.554240 -14.197219 14.559136 10.792749 -23.341950 -133.370974 48.387512 -115.046876 0.633373 19.330253 -17.611035 
4.814215 87.866386 9.141684 179.094037 -1.377238 174.414179 22.910628 14.941924 3.165605 -14.895374 13.058926 17.046369 -24.714277 1.699185 9.212972 nan nan nan -17.494222 -11.226708 -0.117778 4.163924 -1.086098 17.359145 33.274674 17.471732 17.041951 nan nan nan 2.318792 2.062772 7.738875 0.409346 -5.108395 -3.589723 0.247118 0.951268 -4.506960 2.847913 -24.104919 -13.682249 20.960680 -21.475686 -29.530347 11.022553 -8.245414 -13.020900 -7.784575 -13.461610 -19.602042 121.575007 -47.705346 -106.958157 1.874191 -26.725125 -13.864547 -15.669159 9.371073 -14.383873 14.660011 11.016659 -23.123732 -133.412938 48.333302 -115.059938 0.933501 19.322395 -17.878598 
4.813484 87.877609 9.136095 179.073374 -1.365327 174.395900 22.901733 14.932203 3.204589 -14.907265 13.050503 17.040648 -24.728248 1.709815 9.232731 nan nan nan -17.535242 -11.222416 -0.097137 4.154082 -1.223174 17.331555 33.357429 17.327689 17.108331 nan nan nan 2.346080 1.979979 7.797461 0.342994 -5.106743 -3.561932 0.175223 0.982889 -4.573049 2.801709 -23.879886 -13.596385 20.750637 -21.070490 -29.565249 10.909685 -8.270525 -13.274206 -7.463528 -13.463837 -19.406835 121.586751 -47.786093 -107.105100 2.091216 -26.705535 -14.327347 -15.614004 9.343560 -14.491063 14.810642 11.091869 -22.973692 -133.458102 48.298682 -115.076993 1.141707 19.357196 -17.951539 
4.813019 87.878395 9.134241 179.077094 -1.369587 174.394126 22.891838 14.937419 3.185308 -14.898607 12.981288 17.067837 -24.710245 1.775000 9.283516 nan nan nan -17.455864 -11.248820 -0.155565 4.036224 -1.224664 17.382449 33.339227 17.154748 17.036761 nan nan nan 2.360431 1.945131 7.860281 0.308217 -5.076765 -3.582894 0.186174 0.983698 -4.588228 2.664947 -23.863811 -13.374365 20.499607 -20.580056 -29.756804 10.994305 -8.270801 -13.138712 -7.482836 -13.450680 -19.356253 121.861820 -47.711399 -107.480331 2.976185 -26.473032 -15.235532 -15.703925 9.281037 -14.526481 14.927212 11.088257 -22.952400 -133.479908 48.325547 -115.198731 1.116631 19.430322 -18.160187 
4.815958 87.889114 9.138850 179.109050 -1.391629 174.413381 22.912292 14.898148 3.136293 -14.897099 13.044003 17.104920 -24.693674 1.805246 9.302507 nan nan nan -17.408473 -11.203559 -0.149596 4.111815 -1.175271 17.322779 33.269794 17.137384 17.414987 nan nan nan 2.406633 1.931562 7.838083 0.293224 -5.073098 -3.581517 0.206244 0.958928 -4.525563 2.524210 -23.618493 -13.404957 20.312174 -20.179045 -29.856845 11.093831 -8.152589 -13.127119 -7.679507 -13.483897 -19.359928 122.038564 -47.671652 -107.730927 3.232653 -26.381056 -15.661357 -15.812331 9.114755 -14.554874 15.062377 11.203379 -22.904228 -133.530176 48.315339 -115.358005 1.052336 19.375206 -18.509014 
4.818007 87.894531 9.140992 179.127226 -1.391112 174.414349 22.957075 14.898153 3.133813 -14.909525 13.122797 17.133795 -24.694051 1.718965 9.330081 nan nan nan -17.382844 -11.181845 -0.134724 4.182920 -1.129102 17.292810 33.092370 17.222807 17.826166 nan nan nan 2.458644 1.938986 7.798354 0.266745 -5.082601 -3.551795 0.174142 0.944416 -4.453627 2.414463 -23.130056 -13.543607 20.118395 -19.888744 -29.786685 11.148898 -8.080988 -13.312712 -7.735942 -13.575446 -19.416951 121.965192 -47.752775 -107.642065 2.832268 -26.428155 -15.290753 -15.821218 8.955423 -14.592394 15.159486 11.375416 -22.857832 -133.565744 48.317283 -115.344972 1.141808 19.246218 -18.514898 
4.813949 87.899628 9.125002 179.118511 -1.386089 174.519389 22.912438 14.904565 3.049886 -14.918989 13.092727 17.088207 -24.699977 1.694051 9.350891 nan nan nan -17.459493 -11.252009 -0.249310 4.238621 -1.201789 17.389269 33.168145 17.497159 17.660142 nan nan nan 2.458344 1.983421 7.531638 0.270245 -5.092576 -3.387845 0.135334 0.929706 -4.365622 2.304186 -22.518692 -13.640221 19.836822 -19.570013 -29.769593 11.165320 -8.057188 -13.507672 -7.812903 -13.621355 -19.178028 122.100796 -47.708964 -107.795644 2.857339 -26.127995 -15.354256 -15.798288 8.779179 -14.721515 15.257963 11.588270 -22.663781 -133.526361 48.319228 -115.304695 1.353547 19.161706 -18.389143 
4.817163 87.914223 9.115856 179.107333 -1.372190 174.617290 22.884297 14.945995 2.968620 -14.964492 13.022490 17.066437 -24.654076 1.740052 9.365267 nan nan nan -17.456318 -11.301680 -0.365610 4.268882 -1.133511 17.382100 33.194698 17.402620 17.775371 nan nan nan 2.415578 2.024474 7.336763 0.282272 -5.057412 -3.339072 0.137086 0.899427 -4.261407 2.217116 -21.978899 -13.715815 19.481199 -19.134964 -29.720401 10.999170 -8.139256 -13.521899 -7.588328 -13.492381 -19.028766 122.247873 -47.678172 -107.891677 3.228820 -25.772179 -15.787728 -15.740178 8.650510 -14.846693 15.317462 11.742652 -22.462128 -133.458915 48.323950 -115.272559 1.489452 19.251152 -18.683199 
4.819666 87.947395 9.106548 179.115670 -1.341157 174.671355 22.885754 14.937436 2.951628 -14.964003 13.105015 17.038287 -24.633382 1.718631 9.428849 nan nan nan -17.349666 -11.262306 -0.409469 4.203670 -1.122201 17.248329 32.991275 17.172011 18.191122 nan nan nan 2.410990 2.070329 7.269722 0.301853 -5.022710 -3.401891 0.225641 0.817932 -4.177895 2.012225 -21.491723 -13.696264 19.061877 -18.688505 -29.784656 10.857106 -8.207005 -13.393482 -7.553068 -13.293530 -19.357194 122.128972 -47.656485 -107.563077 2.375797 -26.215102 -15.164202 -15.838629 8.573116 -14.855555 15.436557 11.919641 -22.452994 -133.451249 48.345285 -115.235179 1.579513 19.459610 -19.041660 
4.815478 87.973763 9.095373 179.103486 -1.313008 174.674740 22.868122 14.866116 2.988847 -14.918196 13.293242 16.998922 -24.688574 1.682855 9.491180 nan nan nan -17.436763 -11.201332 -0.392319 4.238223 -1.401909 17.237154 33.130079 17.317574 18.387464 nan nan nan 2.375316 2.209993 7.229110 0.314837 -5.009854 -3.361544 0.291102 0.778330 -4.150162 1.732404 -20.767460 -13.557752 18.722762 -18.381416 -29.987198 10.929930 -8.302196 -13.332503 -7.835860 -13.312250 -19.500428 121.944065 -47.517899 -107.240044 1.406314 -26.808578 -14.330693 -15.856571 8.448485 -14.828037 15.464840 11.967742 -22.500154 -133.463936 48.312267 -115.190358 1.607765 19.525832 -19.087778 
4.825989 87.979515 9.087545 179.057711 -1.258776 174.666887 22.854623 14.794196 3.061931 -14.976306 13.373909 16.917087 -24.720600 1.786686 9.526312 nan nan nan -17.550098 -11.140171 -0.390673 4.320996 -1.532091 17.257825 33.204247 17.361874 18.455666 nan nan nan 2.356180 2.208736 7.263063 0.241581 -5.014241 -3.324363 0.167168 0.833616 -4.164525 1.602224 -19.857714 -13.671161 18.511604 -18.039948 -29.834640 10.974303 -8.273375 -13.627669 -7.609694 -13.412648 -19.329569 121.785044 -47.648490 -107.152484 1.374451 -26.900817 -14.218274 -15.613022 8.354512 -14.812967 15.438269 12.030032 -22.362429 -133.465850 48.190979 -115.148956 1.607309 19.465981 -19.195642 
4.835705 87.982582 9.093720 179.037145 -1.208664 174.678721 22.867541 14.809641 3.064333 -15.027111 13.347479 16.933692 -24.752395 1.876029 9.518268 nan nan nan -17.557397 -11.151120 -0.449720 4.322155 -1.455456 17.314577 33.199002 17.323144 18.398599 nan nan nan 2.365276 2.144049 7.327098 0.165437 -5.000570 -3.398828 0.066197 0.902234 -4.151965 1.430879 -19.233694 -13.741679 18.273302 -17.493757 -29.655673 10.969489 -8.179449 -13.840497 -7.403104 -13.450199 -19.079277 121.848451 -47.854799 -107.399862 2.167214 -26.638729 -14.855584 -15.427125 8.292496 -14.806226 15.429452 12.092450 -22.222563 -133.471808 48.137400 -115.187652 1.568996 19.441479 -19.173486 
4.813055 87.990089 9.082181 179.021320 -1.217383 174.764250 22.799468 14.896935 2.968422 -14.980950 13.247320 16.978689 -24.774627 1.862475 9.527714 nan nan nan -17.565610 -11.209642 -0.534971 4.320014 -1.329834 17.312627 33.197196 17.223790 18.360622 nan nan nan 2.371521 2.079535 7.217937 0.126863 -4.966365 -3.429285 0.057796 0.957695 -4.097027 1.126633 -18.913676 -13.601420 17.959948 -16.729189 -29.789862 10.943644 -8.107709 -13.848026 -7.548576 -13.451335 -18.622474 122.125419 -47.912931 -107.926402 3.697048 -26.308027 -16.172918 -15.419636 8.266637 -14.716302 15.443748 12.131005 -22.137460 -133.404660 48.053741 -115.155074 1.699241 19.442300 -18.791915 
4.787446 88.000145 9.081620 179.006296 -1.271896 174.780551 22.748806 14.874807 2.928097 -14.939612 13.249966 17.004059 -24.807162 1.791579 9.524206 nan nan nan -17.607757 -11.223609 -0.519682 4.343660 -1.367618 17.278490 33.167378 17.190047 18.394282 nan nan nan 2.445033 2.013306 7.194143 0.064041 -4.987206 -3.437241 -0.029800 0.993427 -4.063319 0.759528 -18.060737 -13.687274 17.624176 -16.238222 -29.688938 10.955973 -8.186770 -13.804331 -7.472400 -13.341313 -18.630956 122.061118 -47.842270 -107.944721 3.810847 -26.765261 -16.705835 -15.365454 8.233973 -14.567147 15.484379 12.155831 -22.107627 -133.352089 47.906464 -115.026044 1.782365 19.524143 -18.734118 
4.791396 88.006065 9.075954 179.018018 -1.291071 174.725133 22.795480 14.837414 2.987673 -14.936080 13.285328 17.015254 -24.917560 1.827570 9.580333 nan nan nan -17.606284 -11.206977 -0.420223 4.351944 -1.437653 17.231361 33.094422 17.211913 18.390999 nan nan nan 2.539244 1.931148 7.299866 0.013895 -5.062571 -3.437597 -0.205410 1.030744 -4.025708 0.338572 -16.620163 -14.133116 17.341077 -16.037350 -29.304655 11.157984 -8.320023 -13.595644 -7.183485 -12.978230 -19.043568 121.981083 -47.639740 -107.711167 3.389741 -27.295339 -16.745098 -15.202804 8.192578 -14.473433 15.491590 12.243203 -22.222606 -133.401701 47.859261 -114.808291 1.789014 19.606047 -18.952446 
4.802454 88.016251 9.071029 178.994683 -1.272685 174.756524 22.789104 14.828558 3.005621 -14.985297 13.307396 16.960828 -24.947434 1.869532 9.638361 nan nan nan -17.608429 -11.186501 -0.442899 4.311610 -1.540531 17.208900 33.113413 17.270457 18.435045 nan nan nan 2.507511 1.948018 7.208546 -0.025190 -5.086177 -3.421562 -0.280302 1.135763 -4.066108 -0.079410 -15.607279 -13.922414 17.270204 -15.562566 -29.424959 11.308081 -8.581859 -13.458555 -7.155362 -12.861370 -19.121832 122.064080 -47.615827 -107.769120 3.471504 -27.328693 -16.904907 -15.041338 8.280248 -14.270256 15.433527 12.067275 -22.386820 -133.546123 47.871859 -114.859920 1.536112 19.580381 -19.217286 
4.804971 88.028702 9.072648 178.970586 -1.255611 174.883702 22.731815 14.824070 2.899525 -14.976798 13.407523 16.940044 -24.954394 1.790784 9.658694 nan nan nan -17.603005 -11.184586 -0.617355 4.231737 -1.718149 17.265847 33.263757 17.358346 18.577679 nan nan nan 2.377141 2.029014 6.960545 -0.030268 -5.017441 -3.316301 -0.220926 1.259340 -4.124743 -0.374254 -15.083594 -13.382843 16.894122 -14.802661 -29.778655 11.211611 -8.641790 -14.100604 -7.263004 -13.460488 -18.673642 121.910832 -47.983432 -107.595526 3.211501 -27.296465 -16.804412 -14.866270 8.186774 -14.123400 15.278097 11.942773 -22.298618 -133.541779 47.776667 -114.923243 1.501175 19.573716 -19.349711 
4.814002 88.048409 9.068574 178.965240 -1.219577 174.986310 22.708438 14.747805 2.830750 -14.955056 13.553994 16.887835 -24.971178 1.736812 9.694023 nan nan nan -17.581152 -11.157368 -0.729064 4.187504 -1.858070 17.262441 33.375921 17.354730 18.684638 nan nan nan 2.314319 2.083346 6.784799 -0.030600 -4.964214 -3.242152 -0.155420 1.283742 -4.117398 -0.536861 -14.618529 -13.224859 16.378195 -14.129563 -29.969110 11.136768 -8.536077 -14.640852 -7.404995 -13.871736 -18.304607 121.831382 -48.185328 -107.556126 2.793184 -27.155043 -16.432162 -14.788813 8.034197 -14.129188 15.251174 12.074724 -22.053626 -133.482647 47.648449 -114.929035 1.754200 19.543869 -19.083527 
4.821760 88.074066 9.052771 178.976170 -1.216264 175.024516 22.712687 14.692698 2.811101 -14.902775 13.701860 16.873879 -24.964259 1.658869 9.787925 nan nan nan -17.562057 -11.127122 -0.712020 4.230861 -1.941395 17.142572 33.222703 17.219760 19.067132 nan nan nan 2.362158 2.070074 6.742173 -0.038254 -4.998082 -3.239092 -0.078826 1.166798 -4.067494 -0.850548 -13.994162 -13.317259 15.690613 -13.426687 -30.032187 11.190270 -8.374116 -14.646518 -7.638983 -13.671320 -18.535694 121.809925 -48.175979 -107.474988 2.009184 -27.345092 -15.481622 -14.943077 7.960500 -14.100500 15.442226 12.426256 -22.003356 -133.525108 47.613304 -114.883407 1.940705 19.478973 -18.660221 
4.822091 88.084106 9.048610 178.973138 -1.228748 175.039247 22.692815 14.630000 2.779244 -14.872757 13.772582 16.884300 -24.917032 1.643140 9.796746 nan nan nan -17.569618 -11.082057 -0.706359 4.324261 -1.930527 17.067380 33.012083 17.014157 19.318609 nan nan nan 2.409722 2.026550 6.761919 -0.038972 -5.010499 -3.281619 -0.042957 1.051409 -3.926872 -1.062230 -13.240868 -13.762779 14.946787 -12.766878 -29.841187 11.376868 -8.123693 -14.353238 -7.953861 -13.438774 -18.858521 121.849440 -48.065300 -107.535826 2.110204 -27.776546 -15.654869 -15.136308 7.739759 -14.157072 15.716499 12.893907 -21.947717 -133.483391 47.603547 -114.756903 1.988705 19.586265 -18.642193 
4.816544 88.091522 9.043772 178.977503 -1.230525 175.048246 22.664511 14.600819 2.764224 -14.851836 13.697132 16.847140 -24.901928 1.718131 9.768255 nan nan nan -17.576868 -11.089566 -0.725721 4.341000 -1.890249 17.153299 33.031096 17.025316 18.963914 nan nan nan 2.425061 2.034556 6.844100 -0.020783 -4.964672 -3.395642 -0.026133 0.980629 -3.730511 -1.050270 -12.589185 -14.292332 14.186061 -12.144058 -29.579555 11.587554 -7.882600 -14.066590 -8.240587 -13.491610 -19.084494 122.103102 -47.993586 -107.924171 2.855730 -27.908037 -16.468697 -15.208431 7.453166 -14.367458 15.817858 13.154159 -21.784330 -133.367500 47.602586 -114.731637 2.075279 19.780419 -18.667855 
4.797709 88.102776 9.031981 178.970491 -1.243026 175.053727 22.613604 14.571893 2.752126 -14.816689 13.599215 16.812802 -24.910231 1.759874 9.760760 nan nan nan -17.572868 -11.177426 -0.766521 4.214492 -1.880472 17.270252 33.347417 17.128630 18.760884 nan nan nan 2.397043 2.081222 6.882070 -0.056243 -4.915368 -3.464306 -0.046406 1.030545 -3.676916 -1.305164 -11.906462 -14.257829 13.627890 -11.433043 -29.559850 11.569371 -7.909006 -14.413725 -8.137018 -13.898223 -18.978502 122.097088 -48.294540 -107.760887 3.146059 -27.821004 -16.779938 -14.969189 7.285890 -14.448450 15.640185 13.115043 -21.604733 -133.235766 47.571248 -114.661285 1.968837 19.820159 -18.665269 
4.784923 88.105606 9.021284 178.957711 -1.250542 175.051129 22.601277 14.569985 2.754149 -14.818700 13.566599 16.826238 -24.890245 1.752334 9.745531 nan nan nan -17.588682 -11.247183 -0.764599 4.211995 -1.804181 17.227883 33.345256 17.030883 19.114716 nan nan nan 2.379825 2.104337 6.856011 -0.128596 -4.888665 -3.463417 -0.149991 1.108198 -3.665251 -1.866641 -10.861175 -14.166049 13.160513 -10.776412 -29.543290 11.475653 -8.087616 -14.666033 -7.738341 -14.116681 -18.947181 121.991688 -48.538610 -107.501548 3.197636 -27.761190 -16.880915 -14.563906 7.171585 -14.366517 15.406284 13.094426 -21.554192 -133.199919 47.517401 -114.531083 1.868000 19.730900 -18.754415 
4.784776 88.103844 9.023878 178.947910 -1.246319 175.089475 22.610139 14.596411 2.735665 -14.812202 13.639697 16.816954 -24.932502 1.713182 9.790512 nan nan nan -17.617258 -11.227286 -0.786519 4.284661 -1.851222 17.155499 33.175193 16.952918 19.453028 nan nan nan 2.363083 2.097474 6.767741 -0.168431 -4.870568 -3.410725 -0.210605 1.138565 -3.660365 -2.272071 -9.738331 -14.271103 12.592732 -10.199944 -29.409665 11.386928 -8.243712 -14.638895 -7.463839 -14.047587 -19.110291 121.785176 -48.449991 -107.124303 2.373764 -27.888071 -16.382361 -14.283856 7.054440 -14.266537 15.239370 13.268308 -21.585648 -133.174517 47.498682 -114.386355 2.085003 19.777344 -18.868295 
4.786999 88.110809 9.025494 178.914324 -1.220198 175.113588 22.558558 14.687328 2.739361 -14.756738 13.590002 16.808112 -24.994824 1.663702 9.819554 nan nan nan -17.620426 -11.183134 -0.855787 4.224212 -1.891013 17.277135 33.166587 17.101439 19.070736 nan nan nan 2.335430 2.040284 6.790681 -0.201092 -4.836826 -3.480943 -0.261761 1.224353 -3.594802 -2.675640 -8.662100 -14.518840 12.108944 -9.931714 -29.190365 11.650992 -8.203802 -14.638020 -7.714266 -14.090570 -19.186117 121.697773 -48.392340 -106.767736 2.068407 -28.053699 -16.199322 -14.203560 6.868404 -14.287897 15.312032 13.441442 -21.546531 -133.307191 47.571880 -114.389645 1.658977 19.793971 -19.084153 
4.787977 88.119308 9.026249 178.902225 -1.217107 175.152629 22.513676 14.706748 2.703544 -14.731860 13.524416 16.811607 -24.998307 1.641087 9.822300 nan nan nan -17.502297 -11.156239 -0.940422 4.003761 -1.809820 17.398263 33.307240 17.158353 18.612712 nan nan nan 2.330653 2.034968 6.751698 -0.231373 -4.815212 -3.531845 -0.284257 1.266508 -3.494420 -3.055910 -7.785103 -14.669397 11.664445 -9.515729 -28.989776 11.895484 -8.155950 -14.643394 -7.976002 -14.106454 -19.148724 121.815272 -48.400522 -106.808260 2.487046 -28.056623 -16.390867 -14.170700 6.749529 -14.328675 15.351560 13.466007 -21.465801 -133.443938 47.598785 -114.456542 1.171815 19.711650 -19.192144 
4.778284 88.116928 9.028249 178.903172 -1.259939 175.151191 22.509931 14.713552 2.662915 -14.748561 13.442296 16.858847 -24.900409 1.639786 9.797086 nan nan nan -17.466393 -11.242718 -0.957127 3.944166 -1.734674 17.425359 33.207102 16.941559 18.546095 nan nan nan 2.370866 2.000331 6.792829 -0.266358 -4.804454 -3.586184 -0.328631 1.262507 -3.422153 -3.380853 -7.107325 -14.888948 11.191656 -8.938744 -28.727423 11.947709 -8.076726 -14.641345 -7.953765 -14.160840 -19.074925 122.045805 -48.439544 -107.168399 3.334064 -27.808221 -17.149828 -14.070941 6.630389 -14.337244 15.264824 13.538479 -21.396223 -133.322598 47.507250 -114.351790 1.327608 19.755185 -18.956196 
4.771271 88.111572 9.020054 178.895888 -1.241862 175.119466 22.507323 14.701342 2.733727 -14.774126 13.373520 16.819531 -24.872820 1.677190 9.770107 nan nan nan -17.523032 -11.332122 -0.947838 3.892009 -1.885365 17.474683 33.431838 16.636591 18.180740 nan nan nan 2.424834 1.930927 6.890002 -0.314757 -4.781953 -3.557631 -0.424836 1.275953 -3.410148 -3.618783 -6.449842 -15.334672 10.724730 -8.534699 -28.430249 12.106871 -7.906569 -14.565018 -7.991680 -14.145698 -19.036716 122.248232 -48.402413 -107.518873 4.287627 -27.437086 -17.796805 -14.038181 6.526781 -14.384461 15.327361 13.652503 -21.255936 -133.185539 47.330386 -114.254965 1.690993 19.847342 -18.555477 
4.784322 88.119682 9.011546 178.928725 -1.191351 175.139943 22.564658 14.693607 2.753112 -14.758979 13.510328 16.783079 -24.882089 1.627426 9.847382 nan nan nan -17.471785 -11.241996 -0.906109 4.022077 -1.762954 17.279991 33.356241 16.640712 19.024247 nan nan nan 2.465229 1.929601 6.838723 -0.339313 -4.770298 -3.533702 -0.416133 1.259829 -3.393308 -3.945750 -5.846344 -15.534969 10.273269 -8.061965 -28.355982 12.130831 -7.868518 -14.666913 -8.029272 -14.152311 -19.266274 122.155823 -48.504971 -107.187207 3.534722 -27.538065 -16.884267 -14.043773 6.437512 -14.281334 15.436631 13.871124 -21.289638 -133.166733 47.275617 -114.097655 1.837964 19.887299 -18.514443 
4.789542 88.130241 9.010106 178.943263 -1.152467 175.177341 22.574391 14.668871 2.729441 -14.754601 13.575771 16.758260 -24.880616 1.674383 9.872726 nan nan nan -17.432653 -11.208905 -0.944012 4.050522 -1.716595 17.226053 33.197016 16.750271 19.372833 nan nan nan 2.461543 1.950780 6.799023 -0.349839 -4.755339 -3.574423 -0.387895 1.245926 -3.348829 -4.259884 -5.254614 -15.641011 9.864917 -7.577127 -28.389804 12.134175 -7.861135 -14.821267 -8.048945 -14.232519 -19.314896 122.311255 -48.619535 -107.175302 3.252640 -27.203534 -16.410164 -13.979127 6.342542 -14.254830 15.429158 14.045757 -21.307273 -133.200412 47.299285 -114.093785 1.902277 19.842569 -18.644959 
4.774993 88.133545 9.018198 178.893979 -1.154172 175.223640 22.501963 14.637340 2.657101 -14.814913 13.453805 16.758500 -24.775939 1.878325 9.808740 nan nan nan -17.477009 -11.296283 -1.063194 4.038811 -1.627720 17.344856 33.096832 16.698843 19.020895 nan nan nan 2.359363 2.014849 6.745074 -0.335955 -4.707854 -3.614618 -0.385550 1.234252 -3.199532 -4.533087 -4.718356 -15.859018 9.474938 -7.206402 -28.375750 12.131999 -7.872128 -14.769150 -8.049809 -14.325105 -19.064610 122.776183 -48.589391 -107.769778 4.678780 -26.193834 -17.368772 -13.791127 6.184907 -14.344546 15.227282 14.105970 -21.233021 -133.188186 47.303670 -114.142995 1.882519 19.716375 -18.508862 
4.755677 88.129837 9.020237 178.866456 -1.180532 175.220212 22.466438 14.627486 2.626193 -14.841102 13.329880 16.780810 -24.764139 1.977957 9.754891 nan nan nan -17.542704 -11.389262 -1.123201 3.924226 -1.735629 17.515620 33.509598 16.523099 18.183188 nan nan nan 2.263493 2.075197 6.728562 -0.321698 -4.667484 -3.549712 -0.373334 1.254522 -3.195228 -4.784543 -4.194219 -16.029928 9.008828 -6.860833 -28.217026 12.128905 -7.974983 -14.623121 -7.987530 -14.367075 -18.913466 122.919477 -48.529326 -108.021600 5.735358 -25.784205 -17.916667 -13.624538 6.102198 -14.431060 15.001054 13.991832 -21.092811 -133.095239 47.263368 -114.187940 1.908717 19.674398 -18.163327 
4.753230 88.120209 9.008636 178.884445 -1.163934 175.192487 22.531907 14.632448 2.666201 -14.842774 13.410439 16.796314 -24.767785 1.822526 9.840319 nan nan nan -17.536880 -11.331653 -1.021391 4.047622 -1.539409 17.352722 33.441033 16.503538 18.971402 nan nan nan 2.302787 2.014631 6.808943 -0.359467 -4.660546 -3.568816 -0.418714 1.298065 -3.230096 -5.123166 -3.555239 -16.215969 8.545685 -6.442335 -27.968808 12.144655 -7.947414 -14.639740 -7.819445 -14.390515 -19.075465 122.601179 -48.584381 -107.776706 5.360921 -26.417858 -17.880481 -13.512295 5.990849 -14.346051 14.938118 14.147615 -21.080704 -132.969267 47.227896 -114.022708 2.031982 19.825216 -18.174617 
4.742741 88.118240 8.998413 178.892497 -1.159338 175.147856 22.567295 14.641623 2.735828 -14.787851 13.533218 16.799285 -24.846064 1.685105 9.916312 nan nan nan -17.548436 -11.263051 -0.932254 4.106742 -1.489749 17.290600 33.175505 16.667622 19.171544 nan nan nan 2.420598 1.877575 6.949993 -0.443687 -4.710831 -3.596787 -0.506327 1.315112 -3.348835 -5.430868 -2.802376 -16.358522 8.088570 -6.050844 -27.774873 12.028391 -8.035789 -14.689109 -7.352701 -14.173690 -19.439500 122.099478 -48.656432 -107.273311 4.300243 -27.513627 -17.584506 -13.399021 6.029579 -14.190165 14.914639 14.345345 -21.152494 -132.872118 47.173922 -113.830292 1.934120 19.967634 -18.305140 
4.733509 88.120644 8.996630 178.903793 -1.165222 175.127037 22.564940 14.604510 2.759673 -14.692571 13.664197 16.808415 -24.881002 1.507337 9.975060 nan nan nan -17.563291 -11.271915 -0.916385 4.049692 -1.621903 17.348217 33.154338 16.865331 18.992224 nan nan nan 2.461647 1.845791 6.943468 -0.478367 -4.726123 -3.519001 -0.499279 1.381435 -3.456248 -5.810961 -2.298574 -16.198553 7.792679 -5.757914 -27.918830 12.137274 -7.946775 -15.002834 -7.670470 -14.462045 -19.355600 121.867265 -48.873326 -107.040509 3.712730 -28.164816 -17.417099 -13.390967 5.994395 -14.000337 14.945449 14.432661 -21.232902 -132.869299 47.108920 -113.769759 1.688798 19.776018 -17.968328 
4.750646 88.120789 9.010633 178.874234 -1.078626 175.114473 22.528955 14.598756 2.828060 -14.688729 13.649599 16.737150 -24.949473 1.570031 9.990026 nan nan nan -17.571258 -11.270447 -1.008144 3.851130 -1.811439 17.517350 33.583302 16.830758 18.370064 nan nan nan 2.451116 1.794988 7.047441 -0.509574 -4.732639 -3.554114 -0.531233 1.394600 -3.495032 -6.066269 -1.740532 -16.310983 7.501433 -5.438162 -27.910980 12.485819 -7.768803 -14.885760 -8.032902 -14.273824 -19.287031 122.028271 -48.755862 -107.194113 4.274567 -28.142749 -17.836847 -13.447316 6.039426 -14.044099 15.161817 14.544240 -21.163731 -132.933489 47.080114 -113.783451 1.751404 19.767814 -17.812894 
4.763916 88.113953 9.015553 178.884671 -1.065203 175.129763 22.536965 14.602326 2.821424 -14.696643 13.657087 16.685760 -24.917625 1.589571 10.022145 nan nan nan -17.538837 -11.211416 -0.997283 3.929987 -1.707765 17.423728 33.526134 16.788801 18.857229 nan nan nan 2.471196 1.775185 7.097936 -0.527487 -4.753731 -3.620398 -0.531292 1.339905 -3.476166 -6.287212 -1.255446 -16.436125 7.165128 -5.022863 -27.904109 12.576697 -7.812169 -14.631160 -7.986016 -13.966034 -19.544311 122.040479 -48.565543 -107.100744 4.088391 -28.280576 -17.701340 -13.491949 6.043108 -14.026475 15.251133 14.687451 -21.218488 -132.964958 47.126556 -113.699528 2.169037 19.957414 -18.013880 
4.750379 88.106842 9.027320 178.885030 -1.107181 175.133528 22.525138 14.531504 2.792045 -14.740192 13.618297 16.706652 -24.872107 1.575224 9.874853 nan nan nan -17.614148 -11.225964 -0.980764 3.921688 -1.905373 17.481127 33.678710 16.809694 18.291784 nan nan nan 2.416993 1.885379 7.054294 -0.506051 -4.733016 -3.546558 -0.451695 1.306273 -3.551431 -6.378587 -0.921626 -16.332195 6.765728 -4.633491 -28.058981 12.372219 -8.032137 -14.625970 -7.766846 -14.035832 -19.664510 122.013580 -48.607218 -106.987042 3.687253 -28.222421 -17.341930 -13.452923 6.022378 -14.010025 15.037632 14.530865 -21.238009 -132.926411 47.154036 -113.674412 2.365150 20.022788 -17.941446 
4.738292 88.100998 9.025712 178.907075 -1.111958 175.108164 22.567605 14.560496 2.783320 -14.738230 13.577761 16.806450 -24.882895 1.478112 9.872733 nan nan nan -17.578938 -11.234209 -0.904564 4.039370 -1.635894 17.343614 33.449879 16.813844 18.923379 nan nan nan 2.471379 1.890416 7.091675 -0.522796 -4.716756 -3.558076 -0.436525 1.292541 -3.498931 -6.598534 -0.499767 -16.564947 6.490101 -4.262555 -28.069555 12.374823 -7.985408 -14.644245 -7.798588 -14.071561 -19.785280 122.073230 -48.654741 -107.013593 3.424736 -28.160929 -17.099992 -13.433776 5.878610 -13.980620 14.934217 14.646331 -21.329065 -132.882629 47.188879 -113.634582 2.354287 19.978757 -17.874996 
4.745890 88.102097 9.013433 178.902521 -1.050001 175.063238 22.603232 14.609965 2.864968 -14.729849 13.578152 16.808167 -24.995946 1.443049 9.954074 nan nan nan -17.548261 -11.191295 -0.853722 4.080724 -1.426566 17.267777 33.128055 16.961160 19.135015 nan nan nan 2.556685 1.793349 7.237228 -0.583115 -4.729462 -3.666698 -0.515391 1.264163 -3.433680 -6.854792 0.184824 -17.007562 6.149455 -3.998463 -27.797245 12.611648 -7.810547 -14.401022 -7.922956 -13.771159 -20.011768 122.169608 -48.475246 -107.086993 3.187872 -28.234600 -17.036664 -13.422181 5.805527 -13.985937 15.045418 14.960068 -21.407863 -132.893565 47.272442 -113.630166 2.383154 20.100678 -18.162440 
4.754305 88.093513 9.001862 178.903300 -1.000049 175.065698 22.603381 14.648205 2.897510 -14.734919 13.505829 16.772727 -25.026612 1.509148 9.991618 nan nan nan -17.578473 -11.151846 -0.842814 4.147825 -1.383523 17.296893 33.132046 17.090606 18.905800 nan nan nan 2.605995 1.672130 7.280302 -0.623086 -4.753636 -3.737623 -0.605999 1.260035 -3.330527 -6.996557 0.767601 -17.392515 5.837906 -3.695935 -27.490657 12.866432 -7.589439 -14.275028 -8.011326 -13.511372 -20.055384 122.323493 -48.360957 -107.230911 3.509514 -28.111388 -17.456323 -13.398176 5.811009 -14.043949 15.162066 15.183783 -21.365375 -132.888486 47.272890 -113.546000 2.438329 20.158606 -18.224615 
4.746221 88.085426 8.997347 178.904309 -0.996490 175.075986 22.577077 14.699016 2.887252 -14.755863 13.316082 16.771425 -24.963406 1.586714 9.914122 nan nan nan -17.628824 -11.220782 -0.882770 4.197059 -1.300544 17.406177 33.353460 17.118486 18.631043 nan nan nan 2.625584 1.627047 7.295131 -0.644650 -4.760442 -3.789428 -0.613601 1.250175 -3.248203 -7.087416 1.042853 -17.567353 5.579179 -3.315150 -27.322653 12.886402 -7.483680 -14.437248 -7.929571 -13.464036 -19.979266 122.448854 -48.531754 -107.226221 4.259672 -27.754229 -17.840394 -13.396259 5.775997 -14.121655 15.189976 15.268117 -21.297416 -132.862691 47.244477 -113.505008 2.439969 20.078933 -18.141374 
4.747878 88.077538 8.993725 178.912464 -1.005081 175.073410 22.584114 14.719440 2.886647 -14.778386 13.231562 16.776844 -24.903561 1.599460 9.884292 nan nan nan -17.610908 -11.266476 -0.889998 4.196243 -1.160390 17.426799 33.356737 17.073702 18.578814 nan nan nan 2.621102 1.617960 7.313604 -0.649492 -4.742629 -3.818695 -0.622239 1.266335 -3.203395 -7.258262 1.293010 -17.649257 5.461483 -3.071747 -27.205159 12.940665 -7.405901 -14.517190 -8.009658 -13.560661 -19.828519 122.657454 -48.633593 -107.456731 4.960555 -27.197775 -18.038632 -13.356790 5.677264 -14.142132 15.185118 15.323637 -21.269428 -132.837011 47.199298 -113.525206 2.315079 19.871537 -17.949584 
4.745070 88.072029 8.994165 178.920689 -1.048614 175.083791 22.581010 14.740372 2.837058 -14.768160 13.185656 16.821773 -24.912981 1.588812 9.866436 nan nan nan -17.590034 -11.296331 -0.882014 4.177739 -1.082058 17.427806 33.321311 17.068902 18.482745 nan nan nan 2.640138 1.575496 7.311307 -0.655431 -4.740886 -3.872228 -0.659346 1.287050 -3.165909 -7.464382 1.540094 -17.737538 5.420468 -2.951676 -27.094685 13.005799 -7.319249 -14.505456 -8.187869 -13.634992 -19.633416 122.872509 -48.651716 -107.825418 5.761473 -26.935575 -18.775530 -13.309533 5.612262 -14.078091 15.208864 15.393305 -21.238064 -132.805983 47.141938 -113.531204 1.776924 19.662017 -17.797673 
4.727853 88.065292 9.001439 178.915549 -1.089585 175.083930 22.544629 14.802052 2.806322 -14.698765 13.172842 16.899070 -24.982255 1.491801 9.816248 nan nan nan -17.619063 -11.310544 -0.854967 4.150634 -1.153099 17.423038 33.370348 17.171453 18.471218 nan nan nan 2.666858 1.561720 7.293377 -0.689276 -4.769425 -3.874794 -0.691866 1.290318 -3.206203 -7.602117 1.901018 -17.795119 5.411197 -2.978256 -26.890554 13.054136 -7.409175 -14.536301 -8.185536 -13.643038 -19.854003 122.655790 -48.659146 -107.348566 5.130576 -27.600716 -18.530089 -13.279375 5.639656 -13.911136 15.231008 15.375104 -21.318935 -132.788081 47.096147 -113.347226 1.319543 19.582397 -17.898101 
4.725022 88.062592 9.017344 178.918883 -1.094763 175.083043 22.546305 14.780878 2.829034 -14.699458 13.252068 16.877277 -24.972426 1.399634 9.805291 nan nan nan -17.543591 -11.214046 -0.819216 4.029430 -1.185783 17.338472 33.365042 17.153611 18.449512 nan nan nan 2.668985 1.595041 7.289751 -0.704733 -4.765831 -3.880253 -0.713849 1.305857 -3.263266 -7.674055 2.153980 -17.701358 5.394702 -2.971376 -26.746719 13.105633 -7.529178 -14.518146 -8.166901 -13.708661 -20.103126 122.388565 -48.636548 -106.839368 4.100297 -28.237719 -17.820989 -13.224856 5.657494 -13.766892 15.192968 15.278571 -21.355328 -132.752521 47.024450 -113.185175 1.308522 19.587645 -17.868458 
4.727683 88.060539 9.025916 178.941691 -1.100261 175.076844 22.560235 14.806349 2.831166 -14.683375 13.251536 16.892852 -24.973599 1.383159 9.831624 nan nan nan -17.429547 -11.179183 -0.790683 3.907648 -1.088813 17.279419 33.305768 17.117482 18.385078 nan nan nan 2.693150 1.606371 7.300458 -0.708641 -4.737859 -3.919960 -0.741923 1.336719 -3.247692 -7.785223 2.271436 -17.555569 5.412551 -2.822139 -26.720435 13.157548 -7.544713 -14.482407 -8.213435 -13.763475 -20.050656 122.445729 -48.629897 -106.854477 4.253329 -28.086407 -17.928446 -13.185846 5.628057 -13.728372 15.133180 15.164111 -21.385389 -132.763408 46.995372 -113.178988 1.628893 19.639466 -17.864855 
4.730379 88.053680 9.027829 178.934024 -1.106465 175.087729 22.551757 14.904163 2.803768 -14.692423 13.154790 16.935615 -24.936289 1.397043 9.831845 nan nan nan -17.545200 -11.311314 -0.834473 4.066129 -1.071385 17.354624 33.336475 17.207658 18.451465 nan nan nan 2.648815 1.649372 7.219823 -0.711657 -4.729996 -3.886091 -0.722208 1.352653 -3.226659 -7.912725 2.382663 -17.326626 5.435835 -2.596432 -26.812106 12.996837 -7.626336 -14.760250 -7.977322 -13.864673 -19.888119 122.519333 -48.838546 -106.871230 4.394388 -27.492894 -17.922575 -13.128223 5.641379 -13.684070 15.036770 15.060096 -21.433217 -132.816411 47.011871 -113.244089 1.942278 19.791128 -18.024472 
4.727092 88.056534 9.044642 178.928544 -1.100523 175.095239 22.559548 14.903034 2.801942 -14.732903 13.250576 16.931266 -24.922812 1.388740 9.830115 nan nan nan -17.685853 -11.361340 -0.874505 4.232261 -1.225035 17.416991 33.425759 17.335276 18.551130 nan nan nan 2.579415 1.758196 7.128419 -0.700041 -4.709982 -3.764243 -0.633772 1.345628 -3.363283 -8.026705 2.440468 -16.880067 5.360791 -2.375189 -27.008352 12.604614 -7.871422 -15.258740 -7.616293 -14.072170 -19.713491 122.420954 -49.098918 -106.718373 3.482785 -27.067533 -17.059230 -13.059287 5.708074 -13.575965 14.907325 14.904580 -21.445979 -132.846622 46.971876 -113.352500 2.157550 19.884536 -18.155851 
4.713451 88.065155 9.054186 178.949972 -1.122136 175.063855 22.570748 14.836122 2.814018 -14.684660 13.534621 16.953722 -24.973567 1.356620 9.850411 nan nan nan -17.671807 -11.360269 -0.838570 4.121339 -1.447885 17.434814 33.565506 17.470529 18.662302 nan nan nan 2.580938 1.825342 7.160388 -0.697101 -4.701280 -3.721511 -0.572700 1.330875 -3.495314 -8.048674 2.521932 -16.547652 5.204486 -2.235677 -27.114550 12.412437 -7.986553 -15.479524 -7.580320 -14.261896 -19.590336 122.246311 -49.167392 -106.578819 2.736889 -27.346357 -16.580307 -13.025072 5.700412 -13.532323 14.825385 14.842763 -21.478552 -132.807117 46.976716 -113.380859 2.483808 19.995550 -18.226462 
4.716028 88.066444 9.042645 178.968764 -1.129597 175.000415 22.606097 14.813059 2.879717 -14.638281 13.693825 16.969342 -25.065893 1.366363 9.896465 nan nan nan -17.638906 -11.390229 -0.751192 4.005913 -1.543115 17.414834 33.679354 17.558435 18.763505 nan nan nan 2.596413 1.807668 7.296901 -0.694137 -4.706377 -3.782199 -0.567542 1.326738 -3.499558 -8.025996 2.733176 -16.608669 5.081733 -2.166837 -26.941080 12.556737 -7.829368 -15.366781 -7.837549 -14.296370 -19.530708 122.235628 -49.125927 -106.677265 3.202107 -27.805380 -17.349100 -13.045166 5.587605 -13.564616 14.876377 14.987241 -21.528881 -132.800991 47.076016 -113.327627 2.506185 20.079315 -18.296900 
4.735798 88.057564 9.031335 178.957059 -1.138087 174.956179 22.632931 14.797097 2.930151 -14.647546 13.710512 16.973055 -25.094991 1.370964 9.930942 nan nan nan -17.654564 -11.389477 -0.700139 4.046978 -1.475030 17.410947 33.607035 17.549722 18.745333 nan nan nan 2.624010 1.709584 7.458860 -0.688235 -4.762385 -3.893152 -0.609876 1.291552 -3.405650 -8.094918 3.081146 -17.003257 4.996650 -2.140200 -26.560261 12.974098 -7.508320 -14.983014 -8.293343 -14.009977 -19.688169 122.364382 -48.895821 -106.894241 3.838140 -28.078827 -18.044427 -13.244855 5.433807 -13.645712 15.206576 15.321412 -21.567300 -132.877360 47.147310 -113.268341 2.501629 20.119423 -18.264402 
4.748380 88.032478 9.022365 178.961955 -1.130191 174.939020 22.638955 14.835611 2.968941 -14.649369 13.621426 16.930172 -25.039341 1.355487 9.930701 nan nan nan -17.663126 -11.384613 -0.685799 4.159871 -1.288226 17.427420 33.429368 17.424025 18.692013 nan nan nan 2.711711 1.588412 7.551133 -0.720947 -4.813578 -3.959750 -0.699561 1.253193 -3.286560 -8.150747 3.432916 -17.434076 4.973361 -2.058217 -26.180542 13.430224 -7.248386 -14.571206 -8.620029 -13.630296 -19.997437 122.503636 -48.651533 -107.023784 4.217478 -28.150860 -18.020305 -13.397559 5.405101 -13.695568 15.426990 15.539869 -21.642109 -132.887082 47.144162 -113.160421 2.475283 20.053219 -18.031769 
4.737232 88.033272 9.028241 178.994125 -1.149182 174.997241 22.617960 14.821142 2.902642 -14.657085 13.487793 16.893999 -24.981240 1.368582 9.817424 nan nan nan -17.523316 -11.383693 -0.759364 4.039849 -1.153674 17.414566 33.402623 17.301789 18.534852 nan nan nan 2.645948 1.667763 7.358902 -0.675519 -4.773586 -3.879033 -0.642548 1.268382 -3.280954 -8.141867 3.404267 -17.108216 4.942335 -1.843091 -26.423984 13.081996 -7.412250 -14.950622 -8.261649 -13.893254 -19.712617 122.529685 -48.989824 -106.960414 4.758414 -27.876363 -18.336406 -13.149299 5.482575 -13.629315 15.064845 15.380933 -21.487235 -132.709706 47.001004 -113.030113 1.906226 19.722723 -17.786872 
4.740919 88.020546 9.034371 178.988572 -1.142687 175.001323 22.605819 14.711857 2.923838 -14.684739 13.477999 16.820112 -25.004425 1.404942 9.807081 nan nan nan -17.409885 -11.274599 -0.747752 3.885808 -1.061502 17.374974 33.353006 17.209841 18.359576 nan nan nan 2.733292 1.505113 7.468940 -0.707820 -4.834849 -3.942347 -0.713404 1.275618 -3.231275 -8.207878 3.615757 -17.576987 4.861549 -1.808622 -26.094620 13.396727 -7.103766 -14.663838 -8.538305 -13.635979 -19.897689 122.629412 -48.804615 -107.253944 5.313110 -28.060561 -18.644999 -13.265291 5.442712 -13.671033 15.274493 15.618247 -21.420517 -132.695529 46.891422 -113.015202 1.492171 19.604059 -17.590666 
4.747105 88.016266 9.041765 179.020542 -1.150244 175.009578 22.654321 14.693155 2.905860 -14.686273 13.605353 16.824566 -24.956873 1.385525 9.849034 nan nan nan -17.456550 -11.267278 -0.731057 4.012846 -1.162609 17.359552 33.376540 17.281126 18.430075 nan nan nan 2.707557 1.572995 7.376032 -0.685307 -4.789008 -3.822307 -0.695658 1.299880 -3.216926 -8.178878 3.671156 -17.556870 4.790534 -1.823680 -26.148672 13.296773 -7.132597 -14.862351 -8.467705 -13.952053 -19.867730 122.503603 -48.888588 -107.063881 5.094495 -28.058500 -18.467623 -13.153334 5.333739 -13.682458 15.153314 15.536188 -21.332458 -132.663142 46.803755 -113.003171 1.335191 19.652215 -17.727348 
4.744558 88.011673 9.055642 179.022814 -1.183037 175.030338 22.632183 14.709594 2.835510 -14.684420 13.629330 16.879194 -24.838166 1.435325 9.787691 nan nan nan -17.579461 -11.305903 -0.703518 4.215749 -1.236433 17.312820 33.368547 17.325173 18.472989 nan nan nan 2.659517 1.658692 7.277674 -0.653937 -4.750663 -3.750587 -0.661987 1.283192 -3.198599 -8.125251 3.615513 -17.406054 4.717529 -1.757180 -26.239591 13.154707 -7.205009 -15.044109 -8.366281 -14.160270 -19.695896 122.511003 -49.008677 -106.975470 5.289701 -27.866059 -18.731625 -13.123159 5.273236 -13.681274 15.041116 15.468648 -21.304898 -132.618093 46.804790 -112.939746 1.581347 19.700537 -17.886425 
4.749314 88.010895 9.062489 178.997714 -1.164880 175.022918 22.594020 14.750496 2.843058 -14.689175 13.566861 16.885682 -24.825303 1.530401 9.770960 nan nan nan -17.598891 -11.293734 -0.711888 4.226976 -1.204456 17.311713 33.353041 17.250700 18.493133 nan nan nan 2.683061 1.591441 7.366656 -0.671728 -4.766573 -3.837113 -0.672137 1.240151 -3.194844 -8.096735 3.616281 -17.478870 4.674704 -1.618403 -26.130840 13.276441 -7.105530 -14.874301 -8.455662 -13.897082 -19.726242 122.684130 -48.934357 -107.147985 5.852506 -27.747084 -19.242462 -13.289507 5.304639 -13.706406 15.229659 15.597282 -21.378884 -132.686481 46.913695 -112.931182 1.909714 19.867592 -18.019604 
4.753867 88.002281 9.058157 178.979387 -1.147800 174.990039 22.577529 14.789161 2.895447 -14.667567 13.528170 16.855834 -24.921290 1.541387 9.838825 nan nan nan -17.625063 -11.312033 -0.728966 4.182869 -1.255166 17.387877 33.462714 17.255182 18.623594 nan nan nan 2.749405 1.533511 7.484634 -0.738871 -4.785011 -3.893339 -0.717220 1.231962 -3.188151 -8.069442 3.674674 -17.604420 4.714087 -1.604357 -26.004990 13.476834 -7.024833 -14.663184 -8.569139 -13.733505 -19.982038 122.696674 -48.812894 -107.247368 5.733982 -27.848605 -18.969189 -13.400152 5.308262 -13.753079 15.389658 15.624697 -21.501923 -132.771322 46.962941 -113.019007 2.235110 20.055174 -18.036680 
4.744710 87.999969 9.064245 178.989448 -1.167765 175.019005 22.587221 14.827675 2.843765 -14.661292 13.465919 16.901138 -25.009709 1.422673 9.825252 nan nan nan -17.535273 -11.321077 -0.785609 4.037897 -1.240601 17.410703 33.512461 17.321783 18.565471 nan nan nan 2.707620 1.662362 7.386736 -0.734587 -4.746531 -3.832524 -0.657145 1.242707 -3.251826 -8.023133 3.518057 -17.149479 4.733611 -1.590490 -26.285622 13.127438 -7.309198 -14.950154 -8.174823 -13.996538 -19.997926 122.433618 -48.984250 -106.924002 4.603990 -27.968002 -17.990937 -13.248646 5.356155 -13.695485 15.053198 15.344711 -21.550885 -132.682242 46.942219 -113.046523 2.623261 20.055732 -18.024288 
4.750697 88.014709 9.064696 179.014717 -1.116632 175.004241 22.662573 14.824559 2.900626 -14.706012 13.483701 16.896506 -25.093877 1.375815 9.844125 nan nan nan -17.383729 -11.232704 -0.770081 3.901634 -1.185662 17.292159 33.348863 17.216568 18.781835 nan nan nan 2.636421 1.783341 7.330111 -0.678900 -4.684618 -3.773175 -0.619599 1.269644 -3.316626 -7.982763 3.515747 -16.780716 4.847911 -1.749630 -26.416701 12.779130 -7.578389 -15.321408 -7.781320 -14.203134 -19.828202 122.230481 -49.130945 -106.614107 3.728625 -27.981899 -17.446295 -12.999408 5.437793 -13.618610 14.659761 15.132447 -21.559193 -132.631332 46.920562 -112.989055 2.737946 19.983972 -18.075254 
4.761415 88.014854 9.053393 179.040501 -1.088213 174.940922 22.726561 14.805240 2.978488 -14.718451 13.541031 16.900767 -25.085692 1.401262 9.883933 nan nan nan -17.441406 -11.261294 -0.670409 4.037928 -1.263225 17.195796 33.288217 17.085791 19.233456 nan nan nan 2.653018 1.771822 7.433039 -0.645307 -4.680022 -3.795200 -0.600032 1.263548 -3.309505 -8.012683 3.481317 -16.747518 4.881742 -1.803813 -26.372957 12.854991 -7.477440 -15.242287 -7.957348 -14.196551 -19.808349 122.323096 -49.074179 -106.759006 4.043905 -27.957867 -17.884815 -13.053396 5.401488 -13.617104 14.658759 15.230852 -21.607837 -132.646421 46.962947 -112.998788 2.716334 20.039195 -18.066389 
4.759856 88.008652 9.048383 179.047322 -1.120693 174.922475 22.725286 14.751017 2.971554 -14.710527 13.591238 16.911097 -24.961659 1.438353 9.835178 nan nan nan -17.564049 -11.310364 -0.597194 4.242684 -1.340509 17.147947 33.182309 17.113544 19.320724 nan nan nan 2.649204 1.762956 7.467857 -0.608547 -4.687422 -3.819864 -0.588728 1.256755 -3.267345 -8.052187 3.463392 -16.746650 4.848533 -1.816484 -26.344124 13.005203 -7.332653 -15.110966 -8.280898 -14.274153 -19.721088 122.445171 -49.015670 -106.884440 4.708327 -27.809597 -18.674885 -13.137659 5.296923 -13.625401 14.736475 15.356822 -21.639672 -132.640673 46.991607 -112.946824 2.838337 20.061959 -18.155855 
4.758618 88.007492 9.048534 179.045709 -1.125069 174.924600 22.727318 14.747072 2.973149 -14.709972 13.591029 16.910101 -24.957842 1.440371 9.835441 nan nan nan -17.568102 -11.311111 -0.592474 4.245562 -1.338814 17.144108 33.175657 17.115714 19.318718 nan nan nan 2.646263 1.764803 7.465481 -0.606701 -4.687868 -3.817529 -0.588390 1.258770 -3.264593 -8.052807 3.462310 -16.746042 4.846452 -1.816506 -26.347195 13.009113 -7.331502 -15.109340 -8.287910 -14.279117 -19.712714 122.448487 -49.015637 -106.878037 4.739241 -27.802261 -18.700825 -13.135953 5.292609 -13.627656 14.734611 15.358294 -21.641527 -132.643604 46.992189 -112.938649 2.849835 20.055618 -18.152648 
4.753299 88.013306 9.038921 179.038270 -1.205977 174.885672 22.717755 14.646895 3.017961 -14.747371 13.449073 16.847965 -24.937971 1.438402 9.826808 nan nan nan -17.620633 -11.337148 -0.482518 4.260574 -1.358054 17.111440 33.150555 17.110807 19.079242 nan nan nan 2.575980 1.778362 7.449855 -0.549015 -4.727079 -3.706443 -0.558218 1.285368 -3.298256 -8.012526 3.337615 -16.676470 4.828732 -1.809593 -26.504590 12.996919 -7.345758 -15.089776 -8.314810 -14.278585 -19.607096 122.529697 -49.013395 -106.784859 5.250083 -27.775299 -19.058643 -13.115409 5.259643 -13.674534 14.655158 15.310979 -21.673415 -132.694161 46.994629 -112.841925 2.873092 19.898567 -17.959381 
4.746150 88.008888 9.054830 179.042186 -1.221431 174.894409 22.681121 14.627452 2.990436 -14.726615 13.338183 16.812907 -24.961096 1.441101 9.789791 nan nan nan -17.494666 -11.287998 -0.564843 3.964681 -1.413933 17.246151 33.396338 16.895599 18.127506 nan nan nan 2.539556 1.741397 7.394834 -0.518060 -4.715941 -3.509647 -0.520606 1.333834 -3.490981 -7.952435 3.045892 -16.361759 4.830885 -1.617229 -26.718995 12.829984 -7.570240 -15.119191 -8.022338 -14.110856 -19.567860 122.519789 -49.054647 -106.729657 5.335897 -27.522194 -18.912695 -13.168245 5.473485 -13.682514 14.563740 15.040856 -21.642668 -132.661717 46.968396 -112.919146 2.719846 19.744929 -17.725353 
4.741007 88.008316 9.067256 179.053316 -1.211703 174.936222 22.671750 14.722364 2.925555 -14.687460 13.370218 16.858906 -24.923375 1.449814 9.795676 nan nan nan -17.353595 -11.224986 -0.614231 3.935292 -1.071122 17.209970 33.280175 16.953638 18.329292 nan nan nan 2.569014 1.723248 7.333771 -0.540633 -4.702490 -3.501394 -0.534691 1.354635 -3.472581 -8.006914 3.019670 -16.294217 4.884294 -1.557750 -26.747482 12.726516 -7.622735 -15.331365 -7.749821 -14.085069 -19.541138 122.491251 -49.171507 -106.693968 4.879069 -27.173151 -18.397834 -13.116566 5.499363 -13.675644 14.524663 15.005356 -21.635296 -132.667226 46.920111 -112.915620 2.826920 19.613714 -17.568513 
4.748694 88.013016 9.057889 179.035433 -1.206185 174.948118 22.675452 14.734177 2.930960 -14.721678 13.420563 16.863233 -24.931956 1.510011 9.796926 nan nan nan -17.490414 -11.296436 -0.614953 4.112332 -1.097116 17.245643 33.392132 17.221394 18.457564 nan nan nan 2.576931 1.767835 7.331193 -0.594012 -4.728193 -3.560204 -0.514937 1.308375 -3.464121 -7.819820 2.962313 -16.233976 4.963380 -1.530536 -26.693165 12.613646 -7.717294 -15.431097 -7.405853 -13.961438 -19.523994 122.355165 -49.195092 -106.754323 4.093540 -27.041415 -18.049742 -13.101965 5.544904 -13.612387 14.546835 15.011818 -21.651944 -132.660476 46.889413 -113.009827 3.025229 19.702453 -17.591976 
4.762541 88.019142 9.051429 179.003927 -1.169237 174.976168 22.670410 14.648207 2.965094 -14.835190 13.378798 16.790761 -24.915582 1.539036 9.761236 nan nan nan -17.631801 -11.316858 -0.662496 4.219041 -1.406122 17.232274 33.472199 17.054392 18.609549 nan nan nan 2.546255 1.808521 7.268541 -0.609659 -4.733092 -3.570648 -0.543273 1.270864 -3.395907 -7.680106 3.091918 -16.300915 5.003548 -1.706890 -26.561407 12.556505 -7.742197 -15.427240 -7.268708 -13.978982 -19.599328 122.221294 -49.132378 -106.684959 3.491891 -27.066330 -17.681011 -12.988228 5.548397 -13.560977 14.473795 15.074273 -21.684503 -132.653152 46.886226 -113.020767 2.954500 19.802309 -17.784618 
4.761295 88.026054 9.057716 179.002323 -1.139989 174.989187 22.685349 14.617427 2.965619 -14.874975 13.349615 16.804813 -24.917821 1.414238 9.717750 nan nan nan -17.617014 -11.299422 -0.726814 4.150227 -1.592598 17.255078 33.482607 16.836983 18.576005 nan nan nan 2.544448 1.790023 7.277692 -0.602569 -4.721557 -3.597663 -0.486251 1.263397 -3.442786 -7.676299 3.008370 -15.985194 4.904954 -1.574867 -26.775288 12.495144 -7.763015 -15.330524 -7.462656 -14.016313 -19.750724 122.256477 -49.079566 -106.649587 3.180930 -27.099951 -17.035955 -13.072131 5.638370 -13.451973 14.472116 15.024778 -21.788279 -132.675774 46.888257 -113.086875 2.930702 19.851582 -17.852249 
4.756386 88.030342 9.063904 179.020445 -1.146250 175.019248 22.692781 14.693243 2.891397 -14.852382 13.317135 16.866925 -24.978056 1.441685 9.762044 nan nan nan -17.577397 -11.334720 -0.771930 4.176267 -1.394328 17.324243 33.509133 17.011991 18.508850 nan nan nan 2.514607 1.790476 7.240494 -0.551896 -4.723965 -3.613132 -0.461887 1.270585 -3.343465 -7.669267 3.059061 -16.051392 4.905655 -1.590468 -26.684866 12.586120 -7.542257 -15.390998 -7.853933 -14.158712 -19.478407 122.630716 -49.034825 -107.101807 4.001849 -26.679524 -17.371978 -13.042660 5.523324 -13.588590 14.420783 15.093922 -21.736022 -132.697822 46.953575 -113.244017 2.893724 19.873867 -17.968245 
4.753272 88.023392 9.063593 179.027654 -1.155526 175.057556 22.688742 14.818736 2.828439 -14.920297 13.114475 16.866901 -24.839771 1.640535 9.716359 nan nan nan -17.464088 -11.415908 -0.829259 4.144592 -0.933119 17.379650 33.377006 17.069574 18.261819 nan nan nan 2.455038 1.842493 7.184540 -0.521480 -4.660983 -3.697450 -0.380388 1.271054 -3.145575 -7.745323 2.781841 -16.063833 4.956145 -1.424822 -26.726884 12.615825 -7.256923 -15.327910 -8.270730 -14.295540 -18.778537 123.540778 -49.037806 -108.623930 6.661778 -25.329263 -19.741100 -13.039829 5.335571 -13.740309 14.331978 15.102480 -21.556561 -132.713699 46.987727 -113.602783 2.452997 19.621848 -17.887694 
4.766892 88.023094 9.054127 179.061153 -1.124099 175.009603 22.752070 14.888592 2.886074 -14.847523 13.176064 16.884774 -24.922276 1.587021 9.745613 nan nan nan -17.303294 -11.318493 -0.776710 3.972266 -0.835824 17.359434 33.345023 17.138692 18.239932 nan nan nan 2.474617 1.909246 7.272494 -0.531758 -4.661356 -3.673451 -0.320104 1.237958 -3.192441 -7.728135 2.764998 -16.091489 4.863379 -1.421943 -26.665823 12.600933 -7.356488 -15.417374 -8.037472 -14.210625 -19.166287 123.199161 -49.262063 -107.972746 6.082400 -25.912681 -19.104982 -13.137804 5.374933 -13.742843 14.362153 15.010616 -21.645930 -132.729774 47.002681 -113.456655 2.445974 19.767706 -18.023630 
4.776781 88.025696 9.044683 179.078176 -1.123704 174.972784 22.779439 14.803394 2.936024 -14.828013 13.243947 16.851391 -24.860295 1.532255 9.727204 nan nan nan -17.380001 -11.307742 -0.706923 4.108642 -0.944284 17.310380 33.410739 17.142985 18.474021 nan nan nan 2.483068 1.921748 7.328654 -0.526282 -4.655765 -3.648286 -0.321276 1.243964 -3.221096 -7.642583 2.737242 -16.058669 4.801707 -1.431924 -26.689275 12.597661 -7.367964 -15.400974 -7.980802 -14.214333 -19.287005 123.019027 -49.343979 -107.652841 5.816607 -26.268813 -18.903279 -13.189743 5.327391 -13.690664 14.450108 15.024690 -21.643313 -132.695775 46.931674 -113.369271 2.142867 19.787556 -18.138107 
4.762729 88.022446 9.038745 179.048887 -1.165255 174.961748 22.717079 14.768491 2.935939 -14.798664 13.233916 16.831807 -24.846231 1.491743 9.689836 nan nan nan -17.561906 -11.356434 -0.677291 4.253093 -1.154046 17.302784 33.525583 17.139390 18.666213 nan nan nan 2.487910 1.882212 7.356932 -0.516930 -4.689055 -3.652343 -0.346258 1.255281 -3.205429 -7.599556 2.834948 -16.051850 4.756947 -1.478379 -26.642263 12.668636 -7.333465 -15.309461 -7.982545 -14.116046 -19.439653 122.897465 -49.353559 -107.473173 5.585536 -26.614226 -18.613890 -13.251402 5.291008 -13.654349 14.554619 15.129976 -21.656322 -132.659402 46.861591 -113.265323 1.655656 19.645642 -17.932017 
4.755550 88.025475 9.038779 179.038509 -1.164556 174.904265 22.683041 14.746176 3.010873 -14.748472 13.269980 16.777478 -24.900696 1.498121 9.696979 nan nan nan -17.596620 -11.337519 -0.637353 4.269008 -1.162272 17.339806 33.436151 17.177660 18.557275 nan nan nan 2.562769 1.847697 7.468624 -0.539854 -4.724559 -3.638719 -0.359178 1.244421 -3.216235 -7.674552 2.972517 -16.110347 4.720039 -1.537409 -26.544563 12.816621 -7.263286 -15.215409 -8.017169 -13.957274 -19.794016 122.775535 -49.340040 -107.332128 4.975427 -27.135569 -18.192311 -13.400585 5.269795 -13.640479 14.732551 15.228287 -21.726879 -132.731808 46.816150 -113.199921 1.357763 19.515471 -17.615597 
4.771865 88.024574 9.043347 179.040994 -1.103520 174.868700 22.702755 14.748979 3.082991 -14.738704 13.317998 16.757375 -24.949685 1.538741 9.714368 nan nan nan -17.559067 -11.303185 -0.629853 4.258938 -1.079155 17.359277 33.260803 17.243131 18.433048 nan nan nan 2.619136 1.810348 7.581457 -0.569941 -4.738718 -3.673928 -0.351575 1.223548 -3.240057 -7.708620 3.002193 -16.138789 4.703984 -1.539754 -26.459450 12.976584 -7.227732 -14.988203 -8.081990 -13.667344 -20.094694 122.797437 -49.186467 -107.439466 4.643592 -27.536041 -18.263267 -13.552906 5.316152 -13.640472 14.892280 15.294843 -21.833011 -132.878338 46.883854 -113.259237 1.405601 19.579017 -17.630999 
4.778980 88.010963 9.055320 179.030042 -1.084759 174.911669 22.678008 14.775473 3.035199 -14.740482 13.297824 16.792945 -24.986634 1.535507 9.694355 nan nan nan -17.454048 -11.219423 -0.661026 4.126853 -0.988824 17.313523 33.224545 17.195205 18.306700 nan nan nan 2.683731 1.704131 7.587209 -0.616645 -4.769839 -3.724673 -0.414001 1.190882 -3.221736 -7.630637 3.014455 -16.254204 4.762289 -1.485910 -26.328262 13.124843 -7.192341 -14.669096 -8.116166 -13.349538 -20.259131 122.816000 -48.873073 -107.547373 4.746843 -27.809981 -18.623402 -13.639905 5.435267 -13.653996 15.008418 15.359744 -21.919422 -132.927998 46.934347 -113.239969 1.993412 19.875934 -17.780355 
4.774292 88.001457 9.067476 179.014081 -1.120700 174.964793 22.636829 14.816366 2.941854 -14.726203 13.297558 16.839323 -25.039159 1.481077 9.748752 nan nan nan -17.376189 -11.177768 -0.683770 4.000303 -1.015234 17.209385 33.188267 16.989308 18.589455 nan nan nan 2.743293 1.582854 7.551569 -0.653176 -4.810049 -3.732799 -0.487937 1.161881 -3.238109 -7.567227 3.042500 -16.278773 4.787834 -1.376677 -26.244499 13.144718 -7.191319 -14.437019 -8.031555 -13.154610 -20.349004 122.750340 -48.647433 -107.552681 4.643352 -28.007174 -18.810765 -13.659952 5.521241 -13.607503 15.056363 15.455308 -21.969808 -132.888385 46.922898 -113.153398 2.507019 20.061673 -17.800878 
4.775902 87.996445 9.060892 179.007648 -1.125802 174.987440 22.649487 14.830422 2.919174 -14.761216 13.336620 16.850628 -25.028296 1.445595 9.789049 nan nan nan -17.494786 -11.243686 -0.654735 4.161379 -1.159204 17.086256 33.194493 16.912225 19.145192 nan nan nan 2.747048 1.555892 7.507591 -0.646657 -4.829064 -3.699816 -0.521755 1.150410 -3.229930 -7.549673 3.176936 -16.251773 4.741855 -1.341828 -26.177049 13.170584 -7.080198 -14.413875 -8.041537 -13.176591 -20.387481 122.703115 -48.680054 -107.508509 4.422910 -28.130173 -18.806876 -13.625698 5.437029 -13.581428 15.055577 15.649908 -22.017161 -132.811001 46.940292 -113.029967 2.648681 20.012676 -17.716213 
4.782506 87.995476 9.043056 179.019276 -1.076601 174.983817 22.685072 14.776218 2.971271 -14.812371 13.410868 16.815765 -25.038896 1.488341 9.736958 nan nan nan -17.600360 -11.223846 -0.629858 4.332384 -1.265797 17.118794 33.263958 17.153704 18.972231 nan nan nan 2.682427 1.653478 7.438097 -0.603559 -4.784337 -3.597472 -0.521125 1.181010 -3.198325 -7.503876 3.368143 -16.258114 4.659445 -1.423619 -26.169583 13.127955 -6.981047 -14.773113 -7.972239 -13.517213 -20.239375 122.620380 -48.894203 -107.320646 4.164499 -28.148854 -18.655463 -13.448572 5.260370 -13.673571 14.862907 15.714839 -21.939082 -132.683047 46.967854 -112.922263 2.731371 19.949556 -17.761712 
4.782777 87.998535 9.031726 179.038798 -1.066140 174.986554 22.705721 14.711216 2.982346 -14.819679 13.448854 16.793998 -25.024839 1.503699 9.694436 nan nan nan -17.559515 -11.215283 -0.664525 4.257821 -1.280749 17.223616 33.470419 17.239087 18.609203 nan nan nan 2.609145 1.779000 7.375243 -0.558955 -4.708366 -3.542513 -0.481752 1.242483 -3.134839 -7.507898 3.341248 -16.228824 4.626156 -1.454733 -26.160812 12.936555 -7.062774 -15.247924 -7.859354 -14.024505 -19.982052 122.571697 -49.091681 -107.075910 4.082574 -27.722661 -18.395315 -13.337558 5.080141 -13.826305 14.712688 15.575368 -21.756770 -132.614488 46.935019 -112.878291 2.788655 19.949017 -17.810165 
4.774887 87.997978 9.026356 179.072335 -1.125848 175.000787 22.706846 14.659836 2.940469 -14.780849 13.414675 16.768466 -24.965128 1.471643 9.726697 nan nan nan -17.507751 -11.273539 -0.691720 4.228398 -1.243707 17.259463 33.499871 17.169830 18.583761 nan nan nan 2.584303 1.820038 7.341627 -0.492938 -4.675054 -3.557090 -0.457587 1.270072 -3.010718 -7.552084 3.298341 -16.298599 4.585538 -1.510323 -26.087976 12.933831 -7.019598 -15.374949 -8.157641 -14.397373 -19.830964 122.692898 -49.081560 -106.945414 4.610877 -27.249899 -18.388520 -13.366272 4.876896 -13.920023 14.711493 15.557312 -21.639905 -132.584675 46.885427 -112.869040 2.434788 19.915442 -17.925860 
4.786157 87.993919 9.026960 179.064316 -1.095459 174.967733 22.711575 14.642521 3.004590 -14.774790 13.462302 16.716814 -24.951844 1.492680 9.771742 nan nan nan -17.501089 -11.254870 -0.688071 4.209347 -1.197967 17.287119 33.518410 17.169112 18.622698 nan nan nan 2.566629 1.805818 7.412857 -0.472994 -4.664955 -3.585033 -0.466000 1.284011 -2.990781 -7.570915 3.321819 -16.255994 4.514413 -1.509659 -26.036709 12.968927 -6.981079 -15.308126 -8.297059 -14.434785 -19.788463 122.681690 -49.005706 -106.921992 5.118878 -27.321976 -18.790194 -13.410134 4.834377 -13.900515 14.786749 15.624242 -21.579045 -132.524428 46.800322 -112.805560 1.992690 19.761242 -17.949806 
4.792276 87.989639 9.027397 179.031225 -1.067177 174.931959 22.696371 14.691588 3.061942 -14.760335 13.490208 16.726269 -25.022847 1.462110 9.788694 nan nan nan -17.531806 -11.252759 -0.681635 4.169956 -1.193262 17.326292 33.559827 17.231232 18.661975 nan nan nan 2.563191 1.782475 7.468326 -0.503065 -4.684970 -3.569616 -0.478071 1.284292 -3.042562 -7.573981 3.386513 -16.019432 4.467439 -1.443637 -26.065776 12.910392 -7.049648 -15.327279 -8.142108 -14.338320 -19.863333 122.530143 -49.016632 -106.772093 4.960251 -27.570814 -18.717144 -13.431849 4.905443 -13.842970 14.833933 15.679367 -21.601957 -132.499782 46.771485 -112.682802 1.707708 19.582482 -17.727654 
4.782093 87.986626 9.033174 179.031470 -1.125772 174.938707 22.671468 14.800785 2.992903 -14.680782 13.448895 16.837964 -25.172917 1.367042 9.831852 nan nan nan -17.557342 -11.317307 -0.695692 4.166119 -1.282695 17.386028 33.565732 17.318492 18.683759 nan nan nan 2.587436 1.798503 7.388420 -0.523569 -4.720800 -3.466037 -0.453674 1.228129 -3.093075 -7.625163 3.473772 -15.773440 4.440778 -1.396537 -26.124363 12.879260 -7.133283 -15.380280 -8.116935 -14.238010 -20.015992 122.419073 -49.020067 -106.668727 4.016920 -27.865474 -17.962224 -13.474468 5.014031 -13.807886 14.799913 15.604926 -21.726719 -132.529625 46.820228 -112.714924 2.095681 19.684564 -17.576484 
4.780117 87.988289 9.040267 179.043508 -1.161773 174.951551 22.672521 14.887205 2.937289 -14.663983 13.355798 16.912528 -25.171093 1.407463 9.813910 nan nan nan -17.579536 -11.399615 -0.698581 4.194256 -1.351402 17.404089 33.571053 17.400124 18.709788 nan nan nan 2.574871 1.839387 7.328656 -0.523749 -4.730451 -3.461481 -0.402159 1.200718 -3.083274 -7.705303 3.520156 -15.479975 4.487402 -1.254780 -26.191985 12.825737 -7.192823 -15.435007 -8.080356 -14.095730 -19.922675 122.644609 -49.081204 -107.071120 3.974966 -27.542823 -17.864921 -13.474085 5.104234 -13.832543 14.732597 15.419838 -21.794127 -132.659392 46.888672 -113.015989 2.714751 19.957013 -17.679581 
4.781101 87.996780 9.044541 179.061474 -1.189064 174.936915 22.695653 14.942692 2.932418 -14.688295 13.250323 16.941174 -25.053456 1.462268 9.734064 nan nan nan -17.567704 -11.496934 -0.676301 4.186195 -1.311670 17.406227 33.541845 17.466232 18.633486 nan nan nan 2.586898 1.866499 7.380725 -0.535435 -4.737848 -3.571326 -0.363173 1.189224 -3.051399 -7.814045 3.516907 -15.088028 4.558208 -1.044854 -26.288068 12.760548 -7.273972 -15.420116 -8.000291 -13.953713 -19.821830 122.987738 -49.126628 -107.513782 4.491514 -26.821040 -18.003225 -13.482295 5.148565 -13.834601 14.730255 15.272006 -21.846878 -132.785691 46.916712 -113.256974 2.741690 19.905861 -17.649579 
4.783058 87.992378 9.050097 179.054904 -1.188291 174.922354 22.682630 14.914837 2.947710 -14.683930 13.287574 16.925759 -24.982536 1.497612 9.726954 nan nan nan -17.561103 -11.498620 -0.703492 4.121095 -1.409294 17.415292 33.501710 17.231560 18.562402 nan nan nan 2.633110 1.818797 7.491100 -0.547047 -4.749439 -3.692237 -0.436338 1.171724 -2.932443 -7.858311 3.722984 -15.155371 4.532610 -1.103463 -26.086550 12.984984 -7.116399 -15.148833 -8.181839 -13.878627 -20.079805 123.066437 -48.965756 -107.516817 4.871421 -26.848409 -17.910656 -13.498682 5.040662 -13.899386 14.812326 15.411197 -21.891436 -132.848546 46.956296 -113.220486 2.353328 19.741760 -17.565534 
4.785433 87.972534 9.047251 179.048376 -1.182343 174.911380 22.673330 14.865027 2.966280 -14.685952 13.322254 16.909667 -25.044738 1.516905 9.773580 nan nan nan -17.586135 -11.445914 -0.679419 4.138733 -1.530401 17.349736 33.436448 16.926360 18.539656 nan nan nan 2.699245 1.732471 7.536292 -0.556743 -4.776584 -3.699407 -0.565092 1.140537 -2.846793 -7.812150 3.913376 -15.360562 4.474566 -1.246726 -25.798054 13.274161 -6.880814 -14.794968 -8.368959 -13.735561 -20.388921 123.019676 -48.787129 -107.435400 5.264509 -27.411079 -18.220807 -13.508171 4.984202 -13.950829 14.900833 15.598003 -21.916259 -132.818698 46.970263 -113.092552 2.112223 19.902132 -17.684686 
4.783475 87.958931 9.042287 179.064225 -1.188636 174.929071 22.704638 14.843974 2.949777 -14.727556 13.358460 16.917750 -25.148730 1.516871 9.763183 nan nan nan -17.603185 -11.390220 -0.624250 4.282410 -1.382060 17.285224 33.427602 17.096972 18.506939 nan nan nan 2.719555 1.698811 7.462871 -0.532226 -4.813870 -3.574399 -0.602636 1.126678 -2.898046 -7.781185 3.931269 -15.216386 4.375475 -1.175769 -25.661432 13.359594 -6.802493 -14.706599 -8.439090 -13.621832 -20.449075 123.000422 -48.715403 -107.388666 5.204095 -27.716693 -18.379122 -13.509008 5.011890 -13.981458 14.891751 15.673725 -21.952290 -132.689054 46.946014 -112.980880 2.528838 20.107540 -17.707653 
4.782694 87.956673 9.044725 179.063288 -1.194874 174.976575 22.694846 14.830919 2.889748 -14.755341 13.381929 16.913576 -25.199333 1.552610 9.747025 nan nan nan -17.597798 -11.412094 -0.687530 4.282151 -1.302140 17.340591 33.631155 17.297380 18.317876 nan nan nan 2.672285 1.729002 7.366667 -0.491433 -4.814016 -3.545687 -0.569601 1.123073 -2.914296 -7.790497 3.910159 -14.783596 4.216844 -0.969290 -25.648769 13.309829 -6.796342 -14.815508 -8.472527 -13.719369 -20.312857 123.033596 -48.810777 -107.314565 5.310494 -27.617523 -18.649368 -13.498019 4.967223 -14.039455 14.854859 15.742791 -21.875706 -132.622172 46.989454 -112.962877 2.745589 20.028339 -17.753611 
4.790829 87.964966 9.053658 179.049514 -1.133892 174.992121 22.678136 14.810605 2.922893 -14.791127 13.358236 16.827974 -25.140491 1.591673 9.742351 nan nan nan -17.566687 -11.370848 -0.775623 4.186880 -1.335107 17.403174 33.734441 17.267047 18.077510 nan nan nan 2.619455 1.757325 7.332085 -0.488440 -4.756938 -3.594166 -0.507309 1.142486 -2.931893 -7.781159 3.714071 -14.594765 4.124475 -0.963363 -25.753089 13.247277 -6.880076 -14.889969 -8.441884 -13.761382 -20.156730 123.011212 -48.900455 -107.356992 5.479136 -27.561276 -18.925808 -13.519284 5.063792 -13.974414 14.843954 15.637755 -21.805298 -132.661613 46.989092 -113.082776 2.529958 19.926135 -17.842385 
