HIERARCHY
ROOT Hips
{
	OFFSET -0.179506 -22.333345 2.821913
	CHANNELS 6 Xposition Yposition Zposition Zrotation Yrotation Xrotation 
	JOINT LeftUpLeg
	{
		OFFSET 6.951974 -9.140623 -0.681533
		CHANNELS 3 Zrotation Yrotation Xrotation
		JOINT LeftLeg
		{
			OFFSET 3.427654 -37.519855 -0.449580
			CHANNELS 3 Zrotation Yrotation Xrotation
			JOINT LeftFoot
			{
				OFFSET -1.359570 -39.796059 -4.369333
				CHANNELS 3 Zrotation Yrotation Xrotation
				JOINT LeftToe
				{
					OFFSET 2.635814 -5.579078 11.928840
					CHANNELS 3 Zrotation Yrotation Xrotation
					End Site
					{
						OFFSET 0.000000 0.000000 0.000000
					}
				}
			}
		}
	}
	JOINT RightUpLeg
	{
		OFFSET -6.767048 -9.052170 -0.431982
		CHANNELS 3 Zrotation Yrotation Xrotation
		JOINT RightLeg
		{
			OFFSET -3.829005 -38.256897 -0.885003
			CHANNELS 3 Zrotation Yrotation Xrotation
			JOINT RightFoot
			{
				OFFSET 1.577377 -39.841461 -4.231180
				CHANNELS 3 Zrotation Yrotation Xrotation
				JOINT RightToe
				{
					OFFSET -2.537174 -4.814398 12.334795
					CHANNELS 3 Zrotation Yrotation Xrotation
					End Site
					{
						OFFSET 0.000000 0.000000 0.000000
					}
				}
			}
		}
	}
	JOINT Spine
	{
		OFFSET -0.253288 10.896323 -2.669631
		CHANNELS 3 Zrotation Yrotation Xrotation
		JOINT Spine1
		{
			OFFSET 0.548704 13.518043 0.109247
			CHANNELS 3 Zrotation Yrotation Xrotation
			JOINT Spine2
			{
				OFFSET 0.145701 5.292222 2.542457
				CHANNELS 3 Zrotation Yrotation Xrotation
				JOINT Neck
				{
					OFFSET -0.277840 21.387037 -4.285703
					CHANNELS 3 Zrotation Yrotation Xrotation
					JOINT Head
					{
						OFFSET 0.515184 6.496960 5.134897
						CHANNELS 3 Zrotation Yrotation Xrotation
						End Site
						{
							OFFSET 0.000000 0.000000 0.000000
						}
					}
				}
				JOINT LeftShoulder
				{
					OFFSET 7.884473 12.174932 -3.408961
					CHANNELS 3 Zrotation Yrotation Xrotation
					JOINT LeftArm
					{
						OFFSET 9.097692 3.046888 -0.886815
						CHANNELS 3 Zrotation Yrotation Xrotation
						JOINT LeftForeArm
						{
							OFFSET 25.961220 -1.277207 -2.745643
							CHANNELS 3 Zrotation Yrotation Xrotation
							JOINT LeftHand
							{
								OFFSET 24.923361 0.898606 -0.117091
								CHANNELS 3 Zrotation Yrotation Xrotation
								End Site
								{
									OFFSET 0.000000 0.000000 0.000000
								}
							}
						}
					}
				}
				JOINT RightShoulder
				{
					OFFSET -8.175920 11.883285 -3.861528
					CHANNELS 3 Zrotation Yrotation Xrotation
					JOINT RightArm
					{
						OFFSET -9.601238 3.255117 -0.914307
						CHANNELS 3 Zrotation Yrotation Xrotation
						JOINT RightForeArm
						{
							OFFSET -25.374195 -1.332924 -2.140099
							CHANNELS 3 Zrotation Yrotation Xrotation
							JOINT RightHand
							{
								OFFSET -25.529810 0.777228 -0.555919
								CHANNELS 3 Zrotation Yrotation Xrotation
								End Site
								{
									OFFSET 0.000000 0.000000 0.000000
								}
							}
						}
					}
				}
			}
		}
	}
}
MOTION
Frames: 293
Frame Time: 0.033333
47.510868 26.731436 86.212967 -82.569748 3.305983 84.090705 18.019501 9.662698 -4.576507 -3.813772 10.695241 39.807633 1.247142 14.051485 -34.603366 nan nan nan -17.530082 -11.259964 -18.558018 2.657587 -12.818278 30.143621 5.095725 -2.028635 -8.136400 nan nan nan -4.782425 1.375940 4.652069 6.557761 -3.849050 13.079870 1.671325 0.205097 -6.330779 0.435324 -7.077794 8.144466 -0.681557 -16.662542 0.735655 -8.794549 -12.406221 -0.353133 -69.849550 -43.334753 33.303819 149.793882 -65.460230 -124.771860 -5.830162 -17.893431 -5.753166 12.940253 8.959113 -0.341063 38.123896 10.546984 0.306378 -78.941179 59.215174 -65.567317 10.484978 10.425258 -18.303813 
47.475166 26.755808 86.218216 -82.606470 3.282862 84.072998 17.948370 9.666623 -4.562030 -3.533911 10.808428 39.899747 1.319601 13.887957 -34.641584 nan nan nan -17.513506 -11.243594 -18.547777 2.597730 -12.922876 30.173169 5.060702 -1.865087 -8.497576 nan nan nan -4.811801 1.384070 4.884609 6.575601 -3.859910 12.935188 1.666112 0.231925 -6.653204 0.273466 -6.533457 8.483925 -0.645652 -16.313773 0.504635 -8.907208 -12.096431 -0.244018 -70.097826 -43.301898 33.533843 149.398066 -65.472357 -124.505422 -6.589224 -18.053618 -5.527619 13.010646 8.843102 0.016231 38.468554 10.927886 0.318169 -79.145683 58.818970 -65.431464 11.053747 10.446499 -18.068981 
47.452534 26.767639 86.208618 -82.619692 3.260295 84.037860 17.846250 9.576951 -4.546405 -3.427310 10.754114 39.927031 1.348250 13.989876 -34.674464 nan nan nan -17.535987 -11.251320 -18.563142 2.588789 -12.970625 30.271942 5.054288 -1.871427 -8.621649 nan nan nan -4.857227 1.440457 4.863088 6.602742 -3.881496 12.967491 1.685325 0.244531 -6.654108 0.151977 -6.464604 8.640826 -0.481684 -16.149593 0.300306 -8.962876 -12.129031 -0.135506 -70.111740 -43.323468 33.517524 149.086011 -65.419293 -124.628408 -6.919392 -18.062357 -6.107781 13.024075 8.898491 0.146297 38.520355 11.007115 0.199371 -79.277940 58.715911 -65.534130 11.254664 10.335304 -17.929427 
47.434845 26.783606 86.191772 -82.622682 3.245955 84.017542 17.787920 9.522664 -4.524418 -3.364219 10.715251 39.939656 1.383924 14.041168 -34.574934 nan nan nan -17.556426 -11.256083 -18.605833 2.567313 -13.008400 30.409272 5.059304 -1.851891 -8.677250 nan nan nan -4.884361 1.472171 4.803514 6.615289 -3.881581 13.078448 1.695246 0.261988 -6.659597 0.148381 -6.441130 8.725991 -0.368007 -16.106625 0.174941 -8.967736 -12.156165 -0.148229 -70.099643 -43.316498 33.505894 148.934376 -65.380954 -124.729341 -7.005117 -18.076993 -6.438524 13.018509 8.941823 0.165909 38.482639 10.991442 0.161579 -79.404998 58.721687 -65.720060 11.321754 10.325590 -17.870679 
47.430008 26.846216 86.182465 -82.568425 3.041503 84.053224 17.612963 9.353405 -4.553113 -3.298634 10.978990 39.961075 1.220816 13.827027 -34.376672 nan nan nan -17.737126 -11.355250 -18.759101 2.656211 -12.776009 30.632092 5.178561 -2.016943 -8.848069 nan nan nan -5.834856 1.699751 4.490252 7.415494 -4.229989 13.666029 1.894627 0.494501 -6.700591 6.082407 -17.870242 10.757108 6.187745 -25.338560 1.326375 -9.345757 -11.326748 0.394623 -70.889003 -44.477793 34.734269 148.020166 -65.464623 -124.393521 -7.495513 -18.279181 -4.863637 12.747047 9.416968 -0.330167 38.254346 10.310221 0.046043 -79.954100 58.623423 -66.479133 12.194570 10.726245 -17.416552 
47.414822 26.877787 86.208214 -82.622766 3.038626 84.070936 17.630972 9.371178 -4.542499 -3.044721 11.286204 40.034038 0.865500 13.414965 -34.426052 nan nan nan -17.671842 -11.256379 -18.848877 2.491085 -12.926664 30.776488 5.247527 -1.955764 -8.718109 nan nan nan -5.766212 1.654460 4.424399 7.287234 -4.139103 13.722812 1.966347 0.437057 -6.149372 6.957485 -17.512729 10.315602 6.394039 -26.543273 0.513369 -9.219478 -11.052729 -0.900827 -71.281548 -44.034818 34.815953 146.463920 -65.795053 -121.049292 -8.646387 -20.262437 -1.928105 12.471334 9.583157 -1.323364 38.561581 9.893531 0.782241 -80.073386 58.345860 -66.070174 12.590910 11.585993 -17.491045 
47.403645 26.904112 86.216202 -82.666349 2.936693 84.080329 17.488846 9.503444 -4.566362 -2.849289 11.324934 40.178775 0.452621 13.132500 -34.523793 nan nan nan -17.709152 -11.346666 -18.931877 2.410558 -12.777420 30.946933 5.400504 -1.906642 -8.764818 nan nan nan -6.090400 1.785986 4.466982 7.371796 -4.220329 13.632192 2.218010 0.575972 -5.896830 6.818015 -17.441584 10.187469 6.548026 -26.720389 0.432796 -8.988673 -10.863089 -1.369906 -71.849047 -43.804337 35.185312 146.989545 -65.829607 -121.690110 -7.917331 -20.143373 -2.172320 12.917294 9.668595 -1.206468 36.660727 8.905696 0.913237 -81.023341 59.752051 -69.028159 11.016713 11.349630 -17.703198 
47.372257 26.917755 86.211449 -82.634019 2.934939 84.062655 17.459141 9.451477 -4.525187 -2.843774 11.262261 40.182965 0.447068 13.197096 -34.528354 nan nan nan -17.762622 -11.355474 -18.858274 2.463212 -12.805443 30.985909 5.400638 -1.874740 -8.949617 nan nan nan -6.123137 1.806318 4.534495 7.373064 -4.252124 13.557483 2.280572 0.630005 -5.846037 6.753910 -17.608379 10.315791 6.518308 -26.722516 0.204948 -8.948280 -10.802441 -1.450500 -72.038774 -43.778745 35.273027 147.140215 -65.809421 -121.764440 -7.902510 -20.069564 -2.625732 12.814779 9.681866 -1.336554 36.698939 8.690950 0.968977 -81.422166 59.862154 -69.435490 11.073847 11.323871 -17.795841 
47.345734 26.938463 86.196159 -82.651473 2.937951 84.066296 17.467050 9.390484 -4.485377 -2.886541 11.240269 40.160009 0.479056 13.265224 -34.497031 nan nan nan -17.764266 -11.347422 -18.863296 2.459594 -12.855575 31.045163 5.411473 -1.830588 -9.122575 nan nan nan -6.112258 1.819449 4.579552 7.352380 -4.235364 13.448944 2.275599 0.683908 -5.748132 6.744994 -17.673695 10.270251 6.572730 -26.770325 0.206520 -8.953034 -10.788745 -1.531427 -72.070412 -43.769066 35.337486 147.280202 -65.783276 -121.817916 -7.829135 -19.965338 -2.835730 12.780954 9.649240 -1.484618 36.738244 8.541179 1.014521 -81.737424 59.988127 -69.681806 11.117498 11.224178 -17.746722 
47.326694 26.966717 86.181740 -82.682165 2.944266 84.098136 17.500829 9.319720 -4.477054 -2.924234 11.295595 40.145615 0.482683 13.295722 -34.472212 nan nan nan -17.728828 -11.329340 -18.919689 2.382626 -12.917081 31.120665 5.447341 -1.765736 -9.172252 nan nan nan -6.080619 1.831572 4.545091 7.340043 -4.217926 13.441519 2.191285 0.704436 -5.652353 6.805491 -17.569865 10.018280 6.679684 -26.891408 0.500148 -8.872668 -10.728840 -1.595963 -72.109957 -43.815662 35.447347 147.465940 -65.740951 -121.949826 -7.647033 -19.802366 -3.009845 12.865760 9.574603 -1.609483 36.694792 8.528969 1.092899 -81.986840 60.124848 -69.897472 11.033266 11.041193 -17.564123 
47.302727 26.996531 86.182404 -82.681116 2.954069 84.105408 17.548905 9.284807 -4.447456 -2.953567 11.321676 40.136629 0.484462 13.311311 -34.442863 nan nan nan -17.705730 -11.296671 -18.917455 2.323732 -12.929718 31.191568 5.472519 -1.691272 -9.177406 nan nan nan -6.065877 1.842199 4.550597 7.349210 -4.198573 13.396284 2.149587 0.695245 -5.591377 6.864688 -17.473329 9.913521 6.700714 -26.984271 0.622639 -8.822016 -10.677596 -1.594020 -72.191311 -43.828283 35.541197 147.648962 -65.753404 -122.032229 -7.359184 -19.693807 -3.118639 12.909689 9.567625 -1.635730 36.672599 8.496970 1.194406 -82.224754 60.161477 -70.026686 10.862043 10.984933 -17.587749 
47.293762 27.034683 86.185562 -82.666843 2.962130 84.117094 17.585969 9.298170 -4.432823 -2.949155 11.321542 40.128243 0.513859 13.331996 -34.421962 nan nan nan -17.697766 -11.253673 -18.915109 2.321600 -12.914861 31.238495 5.479043 -1.648150 -9.226837 nan nan nan -6.040657 1.835157 4.544384 7.345250 -4.174350 13.372850 2.127525 0.688965 -5.559900 6.888557 -17.439377 9.987458 6.630988 -26.981303 0.564219 -8.761103 -10.680157 -1.579213 -72.207419 -43.813428 35.530127 147.722042 -65.737521 -122.005506 -7.115984 -19.741082 -3.252562 12.836266 9.588869 -1.624555 36.813058 8.510164 1.284825 -82.374594 60.121638 -69.984909 10.684752 11.031081 -17.789580 
47.295780 27.066675 86.183449 -82.651172 2.975172 84.152945 17.600055 9.329302 -4.467372 -2.893614 11.337885 40.133356 0.486232 13.293515 -34.446041 nan nan nan -17.663015 -11.213665 -18.944436 2.300842 -12.919776 31.242800 5.484952 -1.637078 -9.246723 nan nan nan -5.992266 1.814420 4.514242 7.348254 -4.147608 13.384459 2.101957 0.687922 -5.534882 6.849583 -17.424357 10.113324 6.682224 -26.973049 0.370261 -8.719839 -10.714102 -1.571335 -72.195153 -43.789056 35.495479 147.750164 -65.675567 -121.888773 -6.941072 -19.860027 -3.336920 12.769617 9.632629 -1.601797 36.902603 8.555611 1.351585 -82.450061 60.063723 -69.987186 10.491765 11.178357 -18.190898 
47.282749 27.097540 86.180084 -82.627750 2.987758 84.179494 17.632133 9.382039 -4.478679 -2.919569 11.282519 40.107845 0.458602 13.242194 -34.451475 nan nan nan -17.635686 -11.207737 -18.962931 2.308646 -12.934718 31.260799 5.488988 -1.676151 -9.288289 nan nan nan -5.979266 1.771733 4.550698 7.366146 -4.128208 13.287570 2.098567 0.698615 -5.502767 6.741006 -17.482930 10.235450 6.728408 -26.922262 0.264910 -8.737672 -10.668857 -1.566602 -72.175970 -43.816648 35.492761 147.822872 -65.697404 -121.903035 -6.752432 -19.928500 -3.532720 12.732054 9.608994 -1.595217 36.935456 8.660523 1.401784 -82.449911 60.119648 -70.025106 10.288073 11.287435 -18.625071 
47.263538 27.124895 86.176476 -82.586520 3.003417 84.191822 17.670459 9.435691 -4.497850 -2.954307 11.197722 40.129936 0.428057 13.252171 -34.475793 nan nan nan -17.609510 -11.195820 -19.003089 2.318042 -12.907883 31.348054 5.470229 -1.783940 -9.333586 nan nan nan -5.989854 1.727045 4.655164 7.379667 -4.125826 13.173175 2.122309 0.729268 -5.561550 6.672611 -17.520694 10.283104 6.704943 -26.922753 0.361515 -8.804077 -10.596594 -1.568858 -72.230409 -43.820881 35.582335 147.865516 -65.750338 -121.853481 -6.658307 -20.009801 -3.694700 12.714383 9.554487 -1.635629 36.940586 8.653932 1.508292 -82.472715 60.202969 -69.946164 9.929746 11.373097 -18.863559 
47.233387 27.146872 86.174034 -82.532399 2.998997 84.196957 17.693111 9.446314 -4.494842 -3.009098 11.136391 40.122815 0.449915 13.324239 -34.445132 nan nan nan -17.608266 -11.213143 -19.039777 2.354622 -12.853929 31.420364 5.379912 -1.977215 -9.365097 nan nan nan -6.039066 1.717178 4.747255 7.378701 -4.142864 13.069687 2.181472 0.726979 -5.593852 6.705232 -17.545112 10.279830 6.638600 -26.901715 0.445134 -8.808449 -10.566745 -1.628399 -72.304385 -43.747982 35.697078 147.903536 -65.707232 -121.894048 -6.616276 -19.964938 -3.851833 12.617159 9.537837 -1.666075 37.004114 8.592583 1.586326 -82.495353 60.266368 -69.907176 9.822585 11.284452 -19.026119 
47.206184 27.166821 86.171860 -82.465359 2.973513 84.209169 17.681167 9.426922 -4.480684 -3.011050 11.140736 40.079685 0.469906 13.338880 -34.403511 nan nan nan -17.639952 -11.246958 -19.042467 2.384641 -12.840047 31.434616 5.335675 -2.050438 -9.467228 nan nan nan -6.115122 1.752583 4.762354 7.387548 -4.165436 13.043912 2.248953 0.682858 -5.587881 6.796671 -17.592880 10.236959 6.615165 -26.913420 0.408750 -8.761612 -10.543323 -1.719663 -72.425141 -43.697148 35.802700 147.884418 -65.661846 -121.915531 -6.769168 -19.914558 -3.797634 12.546176 9.535647 -1.689642 37.007306 8.606370 1.596379 -82.424413 60.319248 -69.915483 10.087369 11.153255 -19.028614 
47.194321 27.192587 86.179344 -82.400795 2.944017 84.237752 17.659247 9.427159 -4.484466 -3.025885 11.124647 40.017321 0.452009 13.279613 -34.380925 nan nan nan -17.669825 -11.257189 -19.072110 2.357715 -12.852455 31.490336 5.364379 -2.007535 -9.548212 nan nan nan -6.167489 1.787849 4.700597 7.408814 -4.180249 13.123321 2.272702 0.625734 -5.641130 6.821064 -17.599384 10.280158 6.579930 -26.939918 0.358631 -8.745661 -10.559881 -1.737042 -72.391223 -43.712763 35.782445 147.877840 -65.669339 -121.872083 -6.759835 -20.006656 -3.625721 12.560285 9.585370 -1.665160 36.968428 8.644847 1.631234 -82.259632 60.312154 -69.668096 9.914116 11.197148 -18.760359 
47.190636 27.221819 86.187157 -82.341777 2.929070 84.269062 17.656778 9.441436 -4.527449 -3.040691 11.098052 40.008183 0.419105 13.243925 -34.387304 nan nan nan -17.687381 -11.248716 -19.132880 2.314446 -12.870369 31.625618 5.383978 -1.952607 -9.573509 nan nan nan -6.184959 1.814529 4.701429 7.431692 -4.168127 13.107006 2.282862 0.561436 -5.666517 6.823615 -17.572696 10.338911 6.592037 -26.934342 0.250355 -8.749563 -10.577305 -1.736820 -72.381447 -43.740327 35.787569 147.946353 -65.691290 -121.843995 -6.538996 -20.120783 -3.605407 12.610321 9.626662 -1.624179 36.910624 8.681270 1.663065 -82.129285 60.303941 -69.283789 9.448272 11.227351 -18.366589 
47.176189 27.253944 86.187302 -82.295501 2.924060 84.298397 17.683414 9.451154 -4.565648 -3.049278 11.103202 40.012233 0.405195 13.238780 -34.371929 nan nan nan -17.677981 -11.234071 -19.183566 2.278603 -12.865551 31.739327 5.384429 -1.944143 -9.613780 nan nan nan -6.193791 1.824557 4.680165 7.437423 -4.153530 13.077958 2.285955 0.537422 -5.638368 6.866938 -17.549877 10.278531 6.581170 -26.937949 0.268735 -8.718259 -10.663089 -1.725199 -72.321834 -43.778783 35.734698 148.023358 -65.681273 -121.862426 -6.348503 -20.175191 -3.667295 12.601924 9.658029 -1.649857 36.934201 8.674144 1.662186 -82.125791 60.326563 -69.194817 9.265283 11.222627 -18.252755 
47.148594 27.280474 86.192856 -82.266333 2.936278 84.269194 17.747472 9.450677 -4.516538 -3.064230 11.103390 39.996067 0.391980 13.239489 -34.321230 nan nan nan -17.659239 -11.154048 -19.154656 2.251199 -12.879001 31.808767 5.408047 -1.976645 -9.657031 nan nan nan -6.193721 1.821870 4.671752 7.442009 -4.147002 13.118119 2.303296 0.528731 -5.592803 6.930933 -17.503738 10.130942 6.563134 -26.988415 0.345172 -8.674921 -10.699189 -1.704577 -72.344462 -43.822893 35.712083 147.976482 -65.662874 -121.845417 -6.364496 -20.314782 -3.688910 12.574316 9.686159 -1.698845 36.912379 8.692805 1.645578 -82.068691 60.258109 -69.254058 9.514387 11.523467 -18.636967 
47.117699 27.296576 86.193184 -82.241963 2.936870 84.233292 17.779316 9.474343 -4.461234 -3.082556 11.054628 39.975232 0.403476 13.244101 -34.344804 nan nan nan -17.655096 -11.101902 -19.135486 2.230919 -12.925320 31.883131 5.412468 -2.051141 -9.742973 nan nan nan -6.176788 1.819286 4.677453 7.431578 -4.124090 13.149141 2.335803 0.510790 -5.555723 6.961337 -17.485498 10.057682 6.545383 -27.072442 0.330914 -8.643304 -10.746195 -1.705613 -72.373571 -43.817721 35.701511 147.873773 -65.606094 -121.802199 -6.456569 -20.418912 -3.601809 12.514162 9.763554 -1.699451 36.930310 8.621893 1.619569 -82.171459 60.128136 -69.509293 9.827408 11.941836 -19.194500 
47.089314 27.312979 86.193886 -82.273766 2.913332 84.229775 17.781687 9.515579 -4.406043 -3.121902 11.023716 39.918798 0.400641 13.220216 -34.388369 nan nan nan -17.643365 -11.074976 -19.194498 2.191560 -12.921184 31.977003 5.402357 -2.074723 -9.799399 nan nan nan -6.198279 1.836366 4.659909 7.445510 -4.077059 13.210593 2.357958 0.515147 -5.605167 6.934279 -17.498952 10.082619 6.545851 -27.125717 0.258520 -8.636655 -10.824811 -1.691834 -72.362672 -43.808559 35.702519 147.811260 -65.577873 -121.759128 -6.362188 -20.404393 -3.588445 12.505232 9.822144 -1.683305 36.933708 8.521244 1.598888 -82.241993 60.200766 -69.342807 9.586560 12.003963 -18.745100 
47.064129 27.328638 86.200439 -82.283239 2.880543 84.255477 17.761971 9.526814 -4.382975 -3.132296 11.040136 39.858556 0.401050 13.168494 -34.344893 nan nan nan -17.643002 -11.039638 -19.251028 2.162479 -12.870545 32.037709 5.371713 -2.085469 -9.865441 nan nan nan -6.224965 1.849647 4.629329 7.460137 -4.045100 13.296506 2.363268 0.498920 -5.708398 6.900513 -17.495161 10.086443 6.525150 -27.122795 0.254178 -8.644485 -10.850643 -1.671914 -72.356139 -43.857274 35.729909 147.836796 -65.581497 -121.842819 -6.332427 -20.259231 -3.509135 12.499936 9.791408 -1.707022 36.956130 8.511879 1.643990 -82.238492 60.351357 -69.113853 9.308266 11.884888 -18.157161 
47.046783 27.346842 86.204727 -82.207257 2.838663 84.327621 17.702193 9.475435 -4.458283 -3.130777 11.033590 39.841730 0.400891 13.185681 -34.315471 nan nan nan -17.672022 -11.067476 -19.296422 2.173716 -12.848106 32.042359 5.316644 -2.156248 -9.931885 nan nan nan -6.281482 1.832878 4.577790 7.465440 -4.069212 13.283414 2.389479 0.473550 -5.727342 6.848079 -17.523162 10.121704 6.568276 -27.018889 0.219338 -8.655809 -10.861814 -1.645760 -72.321422 -43.939301 35.717027 147.958823 -65.593600 -121.992730 -6.401982 -20.018533 -3.425841 12.436931 9.747430 -1.684493 37.052817 8.594194 1.654139 -82.246687 60.368923 -69.072704 9.389781 11.793215 -18.098269 
47.015804 27.364000 86.209457 -82.127388 2.800212 84.369693 17.649677 9.417815 -4.496807 -3.130895 11.020193 39.824261 0.386258 13.213625 -34.291967 nan nan nan -17.707215 -11.111557 -19.308947 2.151077 -12.847268 32.071673 5.258621 -2.224954 -9.878787 nan nan nan -6.321267 1.794748 4.544626 7.467996 -4.116405 13.256809 2.391023 0.468085 -5.739830 6.792668 -17.544411 10.135080 6.579062 -26.935352 0.218751 -8.681097 -10.867146 -1.600824 -72.280492 -44.006112 35.717278 148.000390 -65.613386 -122.037888 -6.440051 -19.892842 -3.388127 12.417157 9.727904 -1.600031 37.096157 8.676990 1.667491 -82.279184 60.342020 -69.128322 9.486212 11.773474 -18.310538 
46.971546 27.377211 86.207520 -82.077029 2.759535 84.334812 17.617863 9.364197 -4.412889 -3.148414 10.989124 39.769643 0.366852 13.234286 -34.294427 nan nan nan -17.756061 -11.151176 -19.239839 2.141251 -12.816125 32.111675 5.183368 -2.264049 -9.864739 nan nan nan -6.346401 1.736821 4.651677 7.456968 -4.127990 13.139709 2.382164 0.498527 -5.707861 6.784283 -17.555076 10.048633 6.486863 -26.958766 0.285719 -8.636931 -10.840478 -1.634959 -72.318082 -44.012708 35.807254 147.883636 -65.638931 -121.816381 -6.370278 -19.945486 -3.388993 12.429614 9.698021 -1.543487 37.098628 8.742969 1.726116 -82.368730 60.322225 -69.210155 9.563700 11.786544 -18.600771 
46.942707 27.396500 86.197495 -82.074709 2.749057 84.320011 17.644806 9.381841 -4.361997 -3.210558 10.939150 39.717593 0.391581 13.223492 -34.314486 nan nan nan -17.734116 -11.110729 -19.247094 2.119171 -12.776390 32.183725 5.169203 -2.320539 -10.023191 nan nan nan -6.326279 1.699582 4.727027 7.429221 -4.092365 13.024744 2.379777 0.571984 -5.609069 6.823780 -17.580519 9.893856 6.408993 -26.987621 0.341372 -8.576004 -10.886311 -1.743977 -72.316030 -43.999113 35.834783 147.809443 -65.664327 -121.711732 -6.274657 -19.964193 -3.464342 12.387981 9.701460 -1.675833 37.120861 8.672706 1.713962 -82.546014 60.343081 -69.669562 9.836896 11.789921 -19.139654 
46.921646 27.418135 86.193680 -82.100937 2.732247 84.315049 17.638767 9.338482 -4.312560 -3.234662 10.940458 39.650588 0.415477 13.279073 -34.254232 nan nan nan -17.713430 -11.046699 -19.288587 2.086536 -12.764711 32.261678 5.165710 -2.349675 -10.166875 nan nan nan -6.327169 1.703115 4.748033 7.411237 -4.055348 12.965674 2.399068 0.622563 -5.511112 6.824073 -17.626438 9.779743 6.359661 -26.978933 0.357993 -8.534025 -10.958523 -1.825662 -72.305373 -43.997100 35.781639 147.814656 -65.687661 -121.756422 -6.371267 -19.944137 -3.411922 12.396073 9.749673 -1.821292 37.057621 8.623129 1.618312 -82.842886 60.370323 -70.383652 10.569571 11.788654 -19.503070 
46.892799 27.425154 86.198486 -82.076896 2.705587 84.292711 17.584646 9.266830 -4.260365 -3.172065 10.965763 39.617197 0.400397 13.347797 -34.193868 nan nan nan -17.742849 -11.058174 -19.248148 2.059961 -12.781327 32.286989 5.178982 -2.336872 -10.182058 nan nan nan -6.313004 1.690410 4.762093 7.400960 -4.097038 13.045307 2.381605 0.665669 -5.572628 6.754782 -17.667710 9.716563 6.294054 -26.976521 0.458942 -8.599555 -10.946076 -1.797750 -72.285283 -44.076737 35.728896 147.878746 -65.759218 -121.888825 -6.414490 -20.032243 -3.230255 12.543428 9.765001 -1.686316 36.815219 8.680893 1.454732 -83.015276 60.526262 -70.434068 10.650542 11.850877 -18.725848 
46.855812 27.430809 86.205437 -82.043498 2.686433 84.250081 17.550654 9.259575 -4.191922 -3.095641 10.953960 39.616249 0.382235 13.359108 -34.204717 nan nan nan -17.773254 -11.059956 -19.163684 2.025499 -12.795183 32.309423 5.209247 -2.323429 -10.202732 nan nan nan -6.264293 1.653547 4.777291 7.380197 -4.147823 13.153619 2.345061 0.698137 -5.691672 6.739332 -17.593592 9.784398 6.225581 -26.976729 0.446595 -8.635865 -10.936431 -1.711277 -72.234541 -44.140530 35.674484 147.882537 -65.782096 -121.881651 -6.284580 -20.173878 -3.153316 12.573370 9.846775 -1.423133 36.782807 8.684625 1.426110 -82.884125 60.478808 -69.816658 10.083855 11.894044 -18.062063 
46.831734 27.445656 86.209335 -82.014446 2.671702 84.250575 17.519445 9.233769 -4.186750 -3.027365 10.947878 39.628402 0.409407 13.341453 -34.218478 nan nan nan -17.782807 -11.036977 -19.158619 1.994782 -12.799713 32.356038 5.200951 -2.318964 -10.269383 nan nan nan -6.200052 1.631752 4.819940 7.344298 -4.153708 13.176131 2.305303 0.711161 -5.790311 6.781418 -17.461900 9.904543 6.255505 -26.990864 0.290546 -8.545060 -10.914846 -1.690847 -72.324415 -44.169138 35.761904 147.732878 -65.779841 -121.589138 -6.159272 -20.285051 -3.332334 12.415444 9.923493 -1.291174 37.033352 8.666334 1.627914 -82.876903 60.261662 -69.404764 9.502551 12.110850 -18.576613 
46.818123 27.472666 86.212502 -81.956474 2.682548 84.261004 17.530452 9.200017 -4.233304 -2.994576 10.929469 39.660126 0.393642 13.321555 -34.232079 nan nan nan -17.752550 -10.997074 -19.174628 1.969717 -12.801074 32.422952 5.197313 -2.375434 -10.320364 nan nan nan -6.138196 1.632163 4.927120 7.339885 -4.128821 13.023976 2.298263 0.662115 -5.725056 6.800481 -17.381113 9.955118 6.388585 -26.986642 0.125236 -8.445340 -10.924971 -1.731276 -72.411410 -44.182881 35.815657 147.588137 -65.764836 -121.193410 -6.176173 -20.356593 -3.462068 12.295905 9.948551 -1.396365 37.195092 8.666812 1.802803 -82.983004 60.234302 -68.923664 9.370420 12.376447 -18.916788 
46.790909 27.488596 86.204910 -81.933327 2.670482 84.223718 17.544036 9.174894 -4.184707 -3.014589 10.917048 39.640229 0.324846 13.314514 -34.264973 nan nan nan -17.740551 -10.979511 -19.165799 1.931045 -12.761545 32.501748 5.157548 -2.459055 -10.392557 nan nan nan -6.087340 1.643941 4.993392 7.332256 -4.092418 12.934859 2.308084 0.596339 -5.602934 6.745125 -17.352995 9.951147 6.492253 -26.927176 -0.008761 -8.465763 -10.999779 -1.820176 -72.332949 -44.158128 35.767438 147.456022 -65.735547 -121.051828 -6.295238 -20.350521 -3.392378 12.255495 10.027607 -1.669317 37.174841 8.581150 1.914754 -82.801571 60.332797 -68.509553 10.012336 12.762955 -19.150268 
46.763565 27.499355 86.192245 -81.903757 2.652115 84.244592 17.527400 9.180253 -4.201437 -3.074082 10.834956 39.623319 0.302173 13.370569 -34.278842 nan nan nan -17.736636 -11.005285 -19.222487 1.934557 -12.684578 32.589040 5.095062 -2.605428 -10.441354 nan nan nan -6.063517 1.623635 4.986534 7.337424 -4.099413 12.912477 2.317054 0.590302 -5.579949 6.660228 -17.413187 9.935680 6.436878 -26.857899 -0.000913 -8.426969 -11.084000 -1.848768 -72.198217 -44.147180 35.673797 147.439975 -65.705644 -121.011029 -6.098708 -20.131670 -3.578050 12.178735 10.070701 -1.767509 37.193232 8.644760 1.918054 -82.414870 60.271893 -68.160764 9.600128 12.390413 -19.319448 
46.736801 27.515842 86.185432 -81.837053 2.622244 84.299409 17.484124 9.103522 -4.274573 -3.080967 10.824667 39.619447 0.282719 13.359975 -34.250239 nan nan nan -17.765714 -11.017106 -19.292027 1.919758 -12.703823 32.661277 5.050707 -2.649079 -10.458289 nan nan nan -6.075793 1.616182 4.924359 7.342654 -4.139147 12.999667 2.340741 0.578563 -5.705896 6.578054 -17.440053 10.033814 6.471257 -26.843339 0.018233 -8.431109 -11.153326 -1.920299 -72.170902 -44.079043 35.695335 147.098892 -65.681590 -120.750919 -6.399756 -20.137648 -3.457082 12.195423 10.133811 -1.739013 37.132555 8.554182 1.916663 -82.668100 60.273499 -68.676266 9.797939 12.576628 -19.258975 
46.710888 27.535057 86.177193 -81.797051 2.619428 84.334435 17.496111 9.095267 -4.317208 -3.071577 10.822967 39.633315 0.296644 13.372508 -34.184342 nan nan nan -17.766205 -11.000810 -19.323731 1.939385 -12.704407 32.700623 5.000637 -2.711125 -10.514275 nan nan nan -6.026046 1.614716 4.923259 7.321235 -4.146237 12.947756 2.351388 0.555217 -5.710962 6.517565 -17.501390 10.100582 6.460521 -26.852599 0.029063 -8.420929 -11.203873 -1.931114 -72.146109 -44.095698 35.694192 146.992886 -65.650294 -120.667727 -6.528466 -19.976121 -3.418111 12.116344 10.154191 -1.737039 37.169724 8.607608 1.887350 -82.871430 60.167665 -69.329756 10.049337 12.411905 -19.963548 
46.694801 27.556301 86.170761 -81.776495 2.623664 84.362764 17.511840 9.107630 -4.347526 -3.047128 10.821868 39.641051 0.313983 13.368690 -34.190591 nan nan nan -17.752680 -10.969656 -19.378304 1.930175 -12.710240 32.762032 4.995004 -2.737642 -10.514934 nan nan nan -5.955928 1.617429 4.946295 7.295363 -4.122164 12.876044 2.350881 0.531232 -5.704088 6.503005 -17.514589 10.154441 6.489230 -26.859061 0.024923 -8.419943 -11.238123 -1.966958 -72.146206 -44.112161 35.749771 146.809466 -65.616662 -120.463778 -6.662570 -19.884975 -3.466967 11.998175 10.151968 -1.807971 37.275146 8.631820 1.944780 -82.968161 59.966634 -69.923279 10.514517 12.416830 -21.195685 
46.667454 27.579388 86.170471 -81.775897 2.616181 84.358436 17.526663 9.101525 -4.323230 -3.055015 10.819845 39.630848 0.297867 13.386450 -34.175772 nan nan nan -17.739453 -10.971346 -19.390924 1.888039 -12.698806 32.808425 4.994525 -2.693892 -10.520726 nan nan nan -5.922105 1.639930 4.957428 7.289379 -4.099462 12.858013 2.357709 0.505034 -5.711511 6.482123 -17.433466 10.180418 6.525269 -26.816868 0.112529 -8.438326 -11.313839 -1.971120 -72.081820 -44.102053 35.748086 146.608018 -65.577193 -120.291532 -6.697849 -19.827333 -3.325292 12.050379 10.162536 -1.837503 37.136245 8.592324 1.959486 -82.874299 59.877959 -70.119805 11.016277 12.307656 -21.418296 
46.619717 27.604696 86.165451 -81.750622 2.570075 84.350026 17.494416 9.056041 -4.267398 -3.068305 10.810682 39.575114 0.308773 13.478387 -34.125643 nan nan nan -17.779385 -11.018175 -19.348677 1.886853 -12.659871 32.834328 4.946624 -2.670236 -10.619512 nan nan nan -5.959724 1.699368 4.887390 7.312778 -4.106766 12.978235 2.382404 0.467994 -5.735848 6.449682 -17.415002 10.130471 6.504371 -26.772030 0.149185 -8.415026 -11.343901 -1.945625 -72.035953 -44.146513 35.695461 146.681775 -65.583650 -120.524451 -6.533653 -19.662805 -3.182313 12.112711 10.120750 -1.826069 36.923428 8.539099 1.904519 -82.751273 59.868993 -70.449516 11.101348 11.889724 -20.941040 
46.572948 27.618824 86.155975 -81.710921 2.537310 84.335862 17.463970 8.998612 -4.222827 -3.084955 10.747751 39.532054 0.327793 13.598971 -34.093212 nan nan nan -17.819042 -11.050082 -19.313561 1.924490 -12.625910 32.876170 4.936922 -2.785897 -10.717665 nan nan nan -5.941567 1.731172 4.809210 7.306572 -4.115576 13.064457 2.372607 0.427410 -5.686950 6.428191 -17.430940 10.067584 6.471220 -26.769096 0.145641 -8.388102 -11.384962 -1.950039 -71.953400 -44.182963 35.609703 146.828155 -65.648520 -120.560832 -6.116063 -19.610666 -3.268961 12.117308 10.126967 -1.871341 36.947723 8.518681 1.924005 -82.857536 59.843223 -70.517734 10.561700 11.626459 -20.910591 
46.540642 27.624250 86.155937 -81.703723 2.530365 84.311831 17.461783 8.950188 -4.166412 -3.071132 10.751325 39.484193 0.315557 13.652058 -34.041017 nan nan nan -17.814845 -11.059304 -19.310232 1.909888 -12.623287 32.943485 4.974820 -2.863058 -10.714634 nan nan nan -5.901135 1.704614 4.851100 7.291253 -4.107328 12.975324 2.371747 0.459130 -5.569735 6.406449 -17.459243 10.071433 6.565283 -26.782152 0.033003 -8.419929 -11.382469 -1.967253 -71.961522 -44.227233 35.552341 146.863972 -65.725558 -120.503179 -6.074523 -19.782239 -3.269327 12.136719 10.144006 -1.902972 36.920208 8.533821 1.766381 -83.085636 59.986531 -70.507335 10.996025 11.936765 -20.781668 
46.518353 27.629543 86.155693 -81.696945 2.513891 84.347480 17.443044 8.956703 -4.188412 -3.059945 10.749840 39.465348 0.273915 13.596147 -34.012864 nan nan nan -17.812018 -11.067923 -19.374449 1.863797 -12.657327 33.010208 5.013621 -2.861764 -10.712836 nan nan nan -5.879474 1.652776 4.903184 7.269713 -4.090882 12.792450 2.382958 0.533553 -5.479839 6.363797 -17.552616 10.190385 6.738402 -26.775124 -0.136374 -8.446767 -11.376578 -1.980126 -71.995762 -44.220234 35.520583 146.885417 -65.766399 -120.569717 -6.195898 -20.005917 -3.237877 12.120903 10.117608 -1.925437 36.853783 8.535872 1.540491 -83.055955 60.270224 -70.382177 11.701199 12.318282 -20.539387 
46.502132 27.642536 86.155220 -81.681431 2.480135 84.378921 17.396949 8.960601 -4.213819 -3.038106 10.744659 39.463325 0.286681 13.593039 -34.018399 nan nan nan -17.831995 -11.086692 -19.430668 1.838896 -12.676969 33.064961 4.972637 -2.874598 -10.758850 nan nan nan -5.877657 1.625915 4.944261 7.264684 -4.097432 12.766468 2.382718 0.559715 -5.533255 6.346614 -17.638255 10.232843 6.768012 -26.706796 -0.156557 -8.446299 -11.318136 -1.989352 -72.048839 -44.239723 35.583301 146.911877 -65.763316 -120.680805 -6.205959 -20.009034 -3.330071 12.051601 10.064959 -1.947340 36.862815 8.630101 1.542317 -82.839225 60.341853 -70.102764 11.889509 12.417718 -20.467364 
46.485313 27.653778 86.144417 -81.663835 2.452168 84.432131 17.355112 8.967031 -4.284414 -3.004035 10.741305 39.489665 0.292056 13.624669 -34.041973 nan nan nan -17.845361 -11.107677 -19.535446 1.813851 -12.688849 33.165949 4.906500 -2.897324 -10.816056 nan nan nan -5.847676 1.597996 4.917385 7.252789 -4.111680 12.843006 2.348739 0.551874 -5.649883 6.315230 -17.663899 10.187651 6.689043 -26.632300 0.035696 -8.395170 -11.235226 -1.995264 -72.087523 -44.277987 35.673968 146.920339 -65.772425 -120.667389 -6.008958 -19.952062 -3.473848 11.952073 10.038782 -1.963028 36.937413 8.746630 1.669083 -82.654001 60.269639 -69.916395 11.731610 12.621694 -20.809009 
46.467945 27.676666 86.131134 -81.676980 2.425622 84.515630 17.325701 8.980201 -4.384682 -2.986881 10.758345 39.535172 0.272662 13.612895 -34.062499 nan nan nan -17.825331 -11.082002 -19.703046 1.770049 -12.649117 33.305806 4.874730 -2.906767 -10.865899 nan nan nan -5.819232 1.554794 4.893176 7.233223 -4.105979 12.835364 2.301409 0.551716 -5.748299 6.251100 -17.700968 10.134746 6.623894 -26.613943 0.311732 -8.356973 -11.183026 -1.937506 -72.056969 -44.279818 35.673673 146.977593 -65.731173 -120.634999 -5.767273 -19.916064 -3.564298 11.948211 10.023632 -1.934859 36.980278 8.876427 1.752152 -82.544152 60.214585 -69.764698 11.570856 12.718281 -20.910028 
46.441525 27.699886 86.127907 -81.688788 2.432994 84.536780 17.354395 9.016322 -4.388294 -2.996014 10.714723 39.522749 0.228659 13.555445 -34.009039 nan nan nan -17.762098 -11.054032 -19.763094 1.723903 -12.587424 33.391119 4.869704 -2.972398 -10.903143 nan nan nan -5.807293 1.538445 4.926607 7.253418 -4.092914 12.753474 2.308088 0.561517 -5.737848 6.207055 -17.743116 10.158261 6.603138 -26.626079 0.352003 -8.320049 -11.196444 -1.870231 -72.054324 -44.288005 35.619554 146.992642 -65.691571 -120.620607 -5.712325 -19.866890 -3.608307 11.966256 10.042633 -1.867023 36.939980 8.997398 1.672285 -82.438743 60.163830 -69.584026 11.288075 12.487939 -20.638140 
46.406029 27.713066 86.131607 -81.664224 2.447895 84.529922 17.390750 9.066386 -4.345739 -3.015579 10.642114 39.470859 0.209055 13.511033 -33.938449 nan nan nan -17.720364 -11.073301 -19.724967 1.710558 -12.573806 33.385421 4.832987 -3.035075 -10.889772 nan nan nan -5.798861 1.532866 4.940654 7.295523 -4.108815 12.726461 2.329160 0.582363 -5.700401 6.216836 -17.745091 10.202348 6.580347 -26.621284 0.243844 -8.357048 -11.220143 -1.826505 -72.041337 -44.307189 35.620698 147.070843 -65.704011 -120.745447 -5.530991 -19.710707 -3.618755 11.985151 10.074826 -1.719253 36.829377 9.052740 1.550043 -82.367410 59.996841 -69.681029 10.586970 12.008970 -20.575887 
46.368603 27.723782 86.134712 -81.665326 2.430262 84.541480 17.395575 9.067204 -4.304868 -3.008318 10.676224 39.425693 0.163984 13.448275 -33.958798 nan nan nan -17.732602 -11.076158 -19.710623 1.685896 -12.609094 33.386243 4.852674 -2.994483 -10.880840 nan nan nan -5.776969 1.554239 4.923049 7.283057 -4.121284 12.662877 2.323528 0.591648 -5.610763 6.255808 -17.671901 10.222047 6.640696 -26.638112 0.208402 -8.410827 -11.236647 -1.832814 -72.066277 -44.283183 35.682194 147.139822 -65.715169 -121.027800 -5.439576 -19.663861 -3.431393 12.114505 10.126664 -1.527750 36.604386 9.012569 1.385259 -82.346943 59.867816 -70.431859 10.528676 11.898035 -20.312939 
46.329536 27.735846 86.139091 -81.699535 2.420189 84.509025 17.429847 9.067607 -4.199752 -3.004336 10.733057 39.376863 0.143964 13.384031 -33.956726 nan nan nan -17.736564 -11.031627 -19.690659 1.661913 -12.631404 33.458169 4.907286 -2.961552 -10.944808 nan nan nan -5.728201 1.553115 4.985196 7.229884 -4.082201 12.529080 2.326910 0.587517 -5.520340 6.270811 -17.635734 10.331516 6.747413 -26.582935 0.131571 -8.386852 -11.272107 -1.884423 -72.119509 -44.176931 35.707148 147.051500 -65.658001 -120.900820 -5.567403 -19.820837 -3.383653 12.104193 10.186702 -1.555532 36.581919 9.029800 1.368051 -82.454225 60.004004 -70.441088 11.302235 12.505736 -20.455847 
46.300274 27.749060 86.146637 -81.696112 2.363625 84.496544 17.390746 9.067227 -4.127931 -3.026396 10.730470 39.309252 0.218062 13.412510 -33.925168 nan nan nan -17.797485 -11.033078 -19.673128 1.694073 -12.593909 33.500619 4.886087 -2.963400 -11.029353 nan nan nan -5.743946 1.552277 4.990947 7.209154 -4.065394 12.511527 2.314507 0.625968 -5.476575 6.279225 -17.657793 10.307227 6.751073 -26.588275 0.209090 -8.401531 -11.397722 -1.852769 -71.985210 -44.123157 35.658842 147.242939 -65.573933 -121.150048 -5.304040 -19.679477 -3.374588 12.186505 10.229009 -1.542649 36.472417 8.892007 1.340765 -82.474757 59.900883 -70.651722 11.394250 12.015473 -20.382892 
46.276978 27.758535 86.162361 -81.673970 2.313147 84.499444 17.334125 9.096327 -4.095711 -3.040178 10.680122 39.245883 0.241536 13.445280 -33.921669 nan nan nan -17.851463 -11.018723 -19.665601 1.719128 -12.544242 33.525271 4.903816 -2.974853 -11.104024 nan nan nan -5.800220 1.519522 4.990653 7.217817 -4.063679 12.612730 2.322405 0.655272 -5.602844 6.278527 -17.634263 10.367683 6.761929 -26.539033 0.198709 -8.453201 -11.518434 -1.795161 -71.866159 -44.028567 35.615777 147.202584 -65.509814 -120.820156 -5.121511 -19.788420 -3.480900 12.228639 10.278781 -1.579784 36.600897 8.774178 1.492419 -83.061608 59.744477 -70.313950 11.204099 11.962496 -20.275895 
46.253567 27.769505 86.171494 -81.639894 2.302885 84.519583 17.312597 9.100795 -4.105652 -3.041943 10.635125 39.221162 0.228517 13.472445 -33.934570 nan nan nan -17.860003 -11.020258 -19.677483 1.715742 -12.564040 33.583952 4.916685 -3.011234 -11.141568 nan nan nan -5.788938 1.471972 5.055235 7.229690 -4.075337 12.610590 2.318151 0.684784 -5.723933 6.245772 -17.614775 10.346245 6.705889 -26.548129 0.261081 -8.476803 -11.415939 -1.847767 -71.931459 -43.916007 35.686869 147.296863 -65.553254 -120.811915 -4.946404 -19.931318 -3.552926 12.258698 10.244343 -1.588111 36.578166 8.781192 1.554407 -83.209888 59.790876 -70.126169 10.811017 11.888989 -19.865719 
46.222118 27.783525 86.176361 -81.592095 2.320640 84.520778 17.339804 9.115225 -4.101223 -3.063409 10.543315 39.226185 0.224000 13.478645 -33.980228 nan nan nan -17.855748 -11.065226 -19.633586 1.743271 -12.626832 33.585991 4.929918 -3.033476 -11.178070 nan nan nan -5.751637 1.434323 5.180333 7.249378 -4.084135 12.397700 2.336091 0.714001 -5.622860 6.176824 -17.683437 10.231907 6.631011 -26.567658 0.360827 -8.510369 -11.255943 -1.888261 -72.068274 -43.849376 35.736876 147.729200 -65.681795 -121.420362 -4.591946 -19.898170 -3.662361 12.256490 10.131472 -1.563005 36.383006 8.923145 1.369365 -82.849519 60.073022 -70.284031 10.141907 11.334829 -19.342563 
46.191334 27.806021 86.176552 -81.562466 2.328486 84.514022 17.385234 9.114060 -4.074234 -3.090567 10.523154 39.225826 0.215835 13.462534 -33.973322 nan nan nan -17.839695 -11.095032 -19.611071 1.765813 -12.645133 33.594439 4.910678 -3.002850 -11.280237 nan nan nan -5.760496 1.458559 5.255047 7.290062 -4.088913 12.257809 2.378691 0.688387 -5.535002 6.160150 -17.785609 10.175783 6.512675 -26.557640 0.428001 -8.530480 -11.154682 -1.832132 -72.195161 -43.856124 35.740777 148.052214 -65.757635 -121.860202 -4.444290 -19.859756 -3.728262 12.252690 10.022209 -1.514986 36.248702 9.029403 1.218362 -82.742466 60.381793 -70.214431 9.831161 11.088466 -18.679581 
46.164734 27.816845 86.174034 -81.525319 2.286888 84.530155 17.353388 9.071964 -4.074147 -3.083269 10.570364 39.211347 0.178731 13.429821 -33.962165 nan nan nan -17.879804 -11.108685 -19.648921 1.711805 -12.677208 33.683527 4.925790 -2.956214 -11.352145 nan nan nan -5.808189 1.486305 5.217140 7.300485 -4.102630 12.286923 2.433593 0.617093 -5.544316 6.215372 -17.805899 10.253526 6.442519 -26.562151 0.291573 -8.565113 -11.124524 -1.811067 -72.269511 -43.782372 35.740903 147.972193 -65.711697 -121.672980 -4.793659 -20.055589 -3.614198 12.207981 10.093426 -1.570784 36.368679 8.884280 1.361204 -83.340352 60.277200 -70.246629 10.736393 11.971257 -19.134780 
46.145271 27.833944 86.173195 -81.505258 2.251039 84.540535 17.320441 9.082398 -4.073652 -3.083140 10.535511 39.195876 0.165984 13.431213 -33.961136 nan nan nan -17.916986 -11.110869 -19.674763 1.700291 -12.632447 33.765102 4.920706 -2.986275 -11.364553 nan nan nan -5.763961 1.500506 5.151534 7.268684 -4.099233 12.375689 2.406640 0.555619 -5.544462 6.247242 -17.815933 10.265823 6.417572 -26.565470 0.209128 -8.598975 -11.208946 -1.776943 -72.031218 -43.742331 35.577342 147.995950 -65.676717 -121.549003 -4.713882 -20.067781 -3.691798 12.136222 10.247412 -1.612405 36.483813 8.820470 1.447303 -83.483906 59.979479 -70.320146 10.657597 12.329766 -20.117444 
46.122501 27.861170 86.174370 -81.485731 2.240591 84.518223 17.324697 9.080521 -4.033775 -3.111948 10.455802 39.172191 0.145404 13.449496 -33.959524 nan nan nan -17.908511 -11.095684 -19.667448 1.701815 -12.527610 33.848018 4.892648 -3.004790 -11.411857 nan nan nan -5.711808 1.508232 5.120422 7.244061 -4.075012 12.404592 2.339585 0.548177 -5.468446 6.295971 -17.849128 10.243259 6.487616 -26.540442 0.156579 -8.607259 -11.322189 -1.711626 -71.821705 -43.788442 35.414074 148.084516 -65.764689 -121.545025 -4.331380 -20.002240 -3.762364 12.096956 10.293818 -1.551181 36.506119 8.883412 1.338618 -83.103216 59.984181 -69.533399 9.792521 12.047095 -19.451006 
46.087471 27.886091 86.168396 -81.443663 2.257686 84.493190 17.379216 9.040039 -3.980430 -3.097307 10.474594 39.151979 0.116865 13.376447 -33.983018 nan nan nan -17.879673 -11.094034 -19.582441 1.692836 -12.528259 33.843510 4.832025 -2.982971 -11.469674 nan nan nan -5.667779 1.499719 5.084384 7.231485 -4.073509 12.472928 2.277730 0.549316 -5.399668 6.410659 -17.800447 10.104412 6.569661 -26.595353 0.182943 -8.569735 -11.314324 -1.687061 -71.854607 -43.920977 35.418759 148.131854 -65.847157 -121.790624 -4.388081 -19.887185 -3.629669 12.042777 10.255132 -1.465248 36.494772 8.959655 1.179081 -82.803192 59.794422 -70.251413 9.797985 12.107059 -19.920048 
46.057407 27.895437 86.156616 -81.375633 2.209327 84.513914 17.332672 9.009101 -4.000519 -3.102738 10.444295 39.148803 0.137968 13.390115 -33.979646 nan nan nan -17.953087 -11.174217 -19.556877 1.728833 -12.548203 33.854441 4.825105 -3.011431 -11.526636 nan nan nan -5.750801 1.512005 5.081630 7.270044 -4.105935 12.497524 2.295529 0.523630 -5.459994 6.356564 -17.864349 10.064936 6.569944 -26.547050 0.293595 -8.536556 -11.266578 -1.710547 -71.930038 -43.913431 35.540282 148.062440 -65.906810 -121.688902 -4.160813 -19.877464 -3.853600 12.095102 10.134312 -1.521816 36.389445 9.053925 1.307954 -82.463117 59.896723 -69.715499 9.012367 11.938609 -19.403362 
46.036560 27.901632 86.145126 -81.333299 2.161720 84.577805 17.282207 8.988296 -4.055794 -3.118665 10.453299 39.140047 0.187274 13.417919 -33.928335 nan nan nan -18.018319 -11.222773 -19.605054 1.746797 -12.593415 33.874443 4.787475 -3.057829 -11.555637 nan nan nan -5.838476 1.530887 5.072755 7.312029 -4.141651 12.538944 2.339689 0.515493 -5.605370 6.269445 -17.925556 10.068930 6.579993 -26.434049 0.353795 -8.507291 -11.215703 -1.791874 -72.016315 -43.811044 35.662921 148.004587 -65.899637 -121.503589 -4.122604 -19.838586 -4.087100 12.098345 10.010143 -1.722647 36.339824 9.093525 1.475593 -82.146802 60.088017 -69.152593 8.522312 11.897128 -18.776892 
46.010689 27.911018 86.135025 -81.309041 2.130026 84.577933 17.270495 8.993977 -4.040663 -3.153522 10.430725 39.143149 0.218126 13.430059 -33.939054 nan nan nan -18.057913 -11.258315 -19.601898 1.757486 -12.619011 33.911451 4.756742 -3.083209 -11.565120 nan nan nan -5.842384 1.546681 5.050438 7.296722 -4.135231 12.590354 2.329803 0.523167 -5.618790 6.277082 -17.956576 10.036346 6.589872 -26.414271 0.363046 -8.493176 -11.249241 -1.773489 -72.049580 -43.843047 35.664284 148.016769 -65.902912 -121.517591 -4.235899 -19.822893 -4.087075 12.072742 10.000397 -1.727022 36.335392 9.067218 1.384373 -82.181612 60.139875 -69.195826 8.596710 11.872753 -18.667437 
45.984531 27.930502 86.133461 -81.301376 2.100128 84.531894 17.265844 9.014159 -3.966294 -3.174650 10.374103 39.120550 0.206084 13.428290 -33.940189 nan nan nan -18.087904 -11.261794 -19.549866 1.765804 -12.604137 33.970812 4.742121 -3.082811 -11.629644 nan nan nan -5.817859 1.552884 5.012889 7.260237 -4.109273 12.667677 2.303354 0.555139 -5.563787 6.281199 -17.959930 10.050134 6.638015 -26.429686 0.275018 -8.526206 -11.403809 -1.663135 -71.870841 -43.908643 35.484921 148.003419 -65.906583 -121.588040 -4.253658 -19.904102 -4.102366 12.062763 10.101484 -1.592506 36.329510 8.974187 1.163529 -82.431191 60.106345 -69.405083 8.658766 11.859582 -18.670419 
45.975132 27.951530 86.127197 -81.290585 2.111259 84.573219 17.280637 9.014637 -4.024345 -3.144036 10.383959 39.138880 0.175862 13.424083 -33.959942 nan nan nan -18.055417 -11.201974 -19.606096 1.749101 -12.579360 34.040902 4.730994 -3.115195 -11.731801 nan nan nan -5.759297 1.519945 4.929168 7.274214 -4.102280 12.636488 2.274413 0.551715 -5.474219 6.197308 -17.994989 10.116371 6.682751 -26.403319 0.209381 -8.584457 -11.520328 -1.613942 -71.695809 -43.868541 35.337150 147.942612 -65.845655 -121.611375 -4.328280 -19.814801 -4.132936 12.084632 10.142784 -1.664925 36.366857 8.972942 1.174243 -82.644162 60.026018 -69.610051 8.759264 11.584944 -18.847055 
45.962166 27.969027 86.118248 -81.256012 2.118084 84.611058 17.287998 8.972526 -4.077512 -3.123915 10.390930 39.148675 0.204646 13.440362 -33.974678 nan nan nan -18.039778 -11.185631 -19.661476 1.722803 -12.596857 34.116238 4.698677 -3.185103 -11.768153 nan nan nan -5.715206 1.492160 4.892037 7.294445 -4.104788 12.564404 2.250613 0.505582 -5.376888 6.095905 -18.026748 10.154036 6.766726 -26.327053 0.168812 -8.599141 -11.520260 -1.676470 -71.642211 -43.785644 35.337264 147.926270 -65.832038 -121.650587 -4.300098 -19.721660 -4.123299 12.095352 10.053790 -2.006081 36.439094 9.071637 1.410776 -82.625631 59.943938 -69.875849 8.839572 11.270044 -19.392080 
45.932003 27.979559 86.110001 -81.270353 2.129481 84.580487 17.344551 8.949234 -4.017780 -3.126937 10.430087 39.151450 0.175457 13.399395 -33.963580 nan nan nan -18.011252 -11.136314 -19.637022 1.700775 -12.577317 34.158000 4.653855 -3.188087 -11.840266 nan nan nan -5.697461 1.499814 4.902848 7.297595 -4.073457 12.586849 2.272911 0.483345 -5.347008 6.144332 -17.946136 10.253059 6.828402 -26.369456 -0.012691 -8.557659 -11.506392 -1.711835 -71.778753 -43.714449 35.373159 147.877507 -65.822447 -121.663621 -4.559517 -19.686971 -3.820098 11.992177 10.127918 -2.076594 36.507254 9.063918 1.419444 -82.647075 59.693340 -70.443544 9.501225 11.463534 -20.370601 
45.886326 27.988081 86.098900 -81.300047 2.130738 84.563948 17.395681 8.973903 -3.950540 -3.154691 10.439021 39.129478 0.107257 13.325450 -33.951649 nan nan nan -17.989271 -11.108749 -19.622411 1.657505 -12.600325 34.194026 4.667211 -3.168719 -11.901963 nan nan nan -5.705563 1.500529 4.931251 7.282590 -4.040668 12.552800 2.306560 0.512744 -5.354933 6.235713 -17.836284 10.357563 6.839895 -26.434038 -0.159798 -8.523728 -11.448120 -1.667714 -71.928396 -43.688366 35.399144 147.855883 -65.880084 -121.734066 -4.771535 -19.591080 -3.587512 11.938880 10.268198 -1.686179 36.460953 9.004437 1.130173 -82.767928 59.619687 -70.600715 9.827277 11.720366 -20.312564 
45.846233 27.998583 86.080688 -81.277057 2.098699 84.595449 17.369847 8.992600 -3.967044 -3.162937 10.390695 39.130036 0.120056 13.341484 -33.905691 nan nan nan -18.003489 -11.160464 -19.664835 1.607022 -12.614104 34.270641 4.710782 -3.216137 -11.945841 nan nan nan -5.731195 1.518667 4.907979 7.275842 -4.036085 12.511557 2.305094 0.532314 -5.381569 6.231655 -17.834538 10.337242 6.822083 -26.403170 -0.032886 -8.532638 -11.469562 -1.546099 -71.881638 -43.707863 35.338391 147.918591 -65.959737 -121.770352 -4.574713 -19.443125 -3.571095 12.066470 10.290010 -1.294125 36.270815 8.946381 0.880812 -82.773392 59.822785 -69.988991 9.262331 11.517103 -18.928312 
45.822628 28.025713 86.065704 -81.250190 2.078318 84.613332 17.376204 9.012560 -3.981438 -3.177249 10.358346 39.141265 0.166543 13.356946 -33.905072 nan nan nan -17.986988 -11.150482 -19.741616 1.571422 -12.544353 34.407260 4.683107 -3.295781 -12.011107 nan nan nan -5.733714 1.509328 4.913577 7.248771 -4.016061 12.489670 2.297001 0.536989 -5.395226 6.232115 -17.869110 10.267543 6.769850 -26.395322 0.122073 -8.568336 -11.509860 -1.534428 -71.768890 -43.734250 35.285905 147.950666 -65.971187 -121.778266 -4.593928 -19.332360 -3.515586 12.094599 10.290701 -1.243811 36.254348 8.924648 0.858714 -82.744350 59.856057 -69.964257 9.335989 11.406458 -18.914095 
45.813313 28.054766 86.052422 -81.248030 2.065145 84.616122 17.398002 9.010844 -3.974987 -3.242107 10.378637 39.123529 0.122561 13.383038 -33.915324 nan nan nan -17.967908 -11.073598 -19.809286 1.574066 -12.439871 34.518697 4.598754 -3.364198 -12.084489 nan nan nan -5.728964 1.495840 4.916251 7.211499 -3.981208 12.515440 2.306883 0.565060 -5.387590 6.240320 -17.927744 10.172145 6.723156 -26.389708 0.211358 -8.605696 -11.574150 -1.545739 -71.654210 -43.793491 35.255124 147.986012 -65.927651 -121.832660 -4.868418 -19.187606 -3.404677 11.984491 10.286051 -1.402126 36.403728 8.910739 0.911843 -82.799959 59.661898 -70.648906 10.055486 11.370148 -20.172545 
45.813969 28.071156 86.047310 -81.222268 2.043892 84.654155 17.361313 8.960142 -4.012950 -3.332854 10.375610 39.082958 -0.014685 13.455081 -33.906280 nan nan nan -17.979906 -11.019108 -19.887050 1.584943 -12.399538 34.613509 4.572260 -3.417016 -12.149605 nan nan nan -5.736319 1.528142 4.874110 7.218882 -3.996434 12.631358 2.311426 0.567632 -5.488609 6.198236 -17.936330 10.091213 6.698875 -26.330403 0.364917 -8.659952 -11.622076 -1.549027 -71.493551 -43.833505 35.250865 147.887500 -65.920102 -121.709071 -4.961325 -19.100558 -3.477301 11.954654 10.280472 -1.515714 36.387468 8.856036 1.059144 -82.724157 59.516774 -70.864313 10.053748 11.451427 -20.985887 
45.797848 28.071692 86.040245 -81.267732 2.025343 84.670111 17.352641 8.950540 -3.992015 -3.428221 10.370282 39.044173 -0.087671 13.527837 -33.912232 nan nan nan -17.956183 -10.984764 -19.969917 1.565446 -12.328889 34.710246 4.572132 -3.479238 -12.252513 nan nan nan -5.727546 1.558273 4.878267 7.228622 -3.996546 12.667007 2.297958 0.609307 -5.575772 6.145551 -17.960567 10.070523 6.694671 -26.281922 0.474548 -8.686625 -11.608137 -1.509366 -71.383270 -43.895190 35.221662 147.798235 -65.938940 -121.654169 -5.105314 -19.040875 -3.631880 11.961768 10.230788 -1.500363 36.310531 8.872272 1.095817 -82.481743 59.671637 -70.455558 10.054698 11.253535 -20.722553 
45.755310 28.072527 86.030106 -81.275820 2.019786 84.623896 17.390180 8.981370 -3.892595 -3.484706 10.326784 39.001433 -0.123585 13.499234 -33.943064 nan nan nan -17.944957 -10.984747 -19.935585 1.523070 -12.342437 34.774026 4.545092 -3.470590 -12.395392 nan nan nan -5.730593 1.545357 4.951884 7.243293 -4.004532 12.607498 2.298882 0.673714 -5.566849 6.119133 -17.972730 10.114071 6.689417 -26.283580 0.428491 -8.631116 -11.566434 -1.479677 -71.467577 -43.919871 35.220449 147.710139 -65.996354 -121.539844 -5.137214 -19.070144 -3.696704 11.970625 10.185185 -1.445232 36.244488 8.927908 1.038796 -82.227833 59.972556 -69.801328 9.865223 11.093710 -19.516649 
45.710175 28.088467 86.018188 -81.187978 2.020738 84.570291 17.426844 8.956031 -3.837710 -3.418770 10.281608 39.019017 -0.100807 13.377538 -33.992827 nan nan nan -17.976209 -11.017710 -19.822852 1.460057 -12.503921 34.820475 4.517505 -3.394609 -12.522724 nan nan nan -5.758824 1.515926 5.022726 7.264751 -4.043944 12.525047 2.344755 0.658497 -5.480026 6.100386 -17.908610 10.109135 6.734222 -26.276699 0.365397 -8.559719 -11.484210 -1.547033 -71.666283 -43.869360 35.217745 147.500133 -66.079951 -121.389411 -5.392929 -19.247386 -3.548126 11.985152 10.181940 -1.531567 36.130095 8.983634 0.973207 -82.230675 60.209103 -70.001069 10.374395 12.039485 -18.870337 
45.673656 28.124580 86.000893 -81.142898 2.074049 84.521226 17.550086 9.033497 -3.841964 -3.234321 10.190428 39.152996 0.275086 13.447558 -34.097425 nan nan nan -17.907925 -11.023396 -19.759979 1.458008 -12.496260 34.872890 4.471069 -3.467619 -12.616917 nan nan nan -5.725646 1.467209 5.095074 7.295399 -3.994738 12.361953 2.373158 0.634255 -5.260158 6.190930 -17.851116 10.005282 6.667969 -26.310149 0.312626 -8.517927 -11.459572 -1.671167 -71.718588 -43.842366 35.198189 147.331133 -66.151324 -121.192264 -5.374727 -19.145715 -3.918613 11.833762 10.107961 -1.784199 36.319131 8.992687 1.153705 -82.015150 59.999863 -70.089813 10.453980 11.638431 -20.253031 
45.645092 28.168863 85.986824 -81.127449 2.112228 84.510760 17.651545 9.153977 -3.884095 -2.861325 10.253842 39.330943 0.685370 13.407657 -34.257549 nan nan nan -17.826466 -10.958127 -19.783165 1.349728 -12.497794 35.008247 4.530905 -3.373318 -12.754563 nan nan nan -5.696309 1.416879 5.125889 7.304809 -3.929505 12.322130 2.395608 0.608729 -5.235679 6.296573 -17.677361 9.992126 6.573731 -26.502708 0.323423 -8.396774 -11.405767 -1.785395 -71.917694 -43.769249 35.247035 147.225243 -66.211142 -121.131232 -5.561769 -19.296656 -3.859128 11.833411 10.099606 -1.835622 36.314117 9.034053 1.205841 -82.021262 60.051255 -70.332696 10.733854 12.090026 -20.649535 
45.623543 28.200827 85.978012 -81.078357 2.104162 84.510964 17.682056 9.164079 -3.915377 -2.814615 10.302408 39.428500 0.666675 13.287751 -34.214069 nan nan nan -17.837958 -10.911859 -19.807336 1.263593 -12.558241 35.169407 4.534775 -3.251511 -12.876846 nan nan nan -5.681960 1.379878 5.117148 7.313438 -3.938722 12.396395 2.413416 0.598551 -5.331197 6.257902 -17.596478 10.065547 6.530316 -26.574849 0.343486 -8.329669 -11.406224 -1.864878 -72.067247 -43.682841 35.342568 147.128355 -66.214133 -121.028996 -5.742310 -19.346995 -3.543635 11.907455 10.147289 -1.961650 36.232247 8.991060 1.399114 -81.907021 60.182237 -70.245507 11.226193 12.525913 -20.430937 
45.582890 28.231167 85.970093 -81.068598 2.120234 84.495257 17.775026 9.194656 -3.833530 -3.186027 10.144967 39.347807 0.255609 13.152854 -34.059041 nan nan nan -17.812861 -10.878469 -19.805227 1.259496 -12.588606 35.273690 4.415005 -3.308339 -12.997479 nan nan nan -5.633016 1.356000 5.122649 7.341362 -3.951653 12.457238 2.418095 0.629235 -5.401667 6.148982 -17.652392 10.161277 6.526935 -26.523130 0.234337 -8.369416 -11.472948 -1.855972 -71.942969 -43.649394 35.362794 147.084271 -66.197523 -120.815423 -5.395375 -19.222915 -3.661614 11.819414 10.217771 -2.034140 36.325263 8.893085 1.612431 -81.649069 60.137280 -69.743523 10.543204 11.965730 -20.775192 
45.518063 28.248079 85.956329 -81.052356 2.140020 84.476166 17.882884 9.238140 -3.742021 -3.429174 10.008629 39.280097 -0.007878 13.030032 -34.037034 nan nan nan -17.802751 -10.869737 -19.787659 1.206022 -12.757751 35.387658 4.396438 -3.258370 -13.085745 nan nan nan -5.577150 1.330959 5.184911 7.344243 -3.944973 12.431013 2.420399 0.649943 -5.458532 6.102395 -17.682799 10.202673 6.521491 -26.459217 0.180959 -8.333099 -11.505929 -1.827012 -71.971786 -43.668049 35.374819 146.980893 -66.172896 -120.659278 -5.541254 -19.125017 -3.514956 11.669255 10.295007 -1.945756 36.423876 8.728031 1.565065 -81.753172 60.427853 -69.799756 10.891939 12.353396 -20.674110 
45.450405 28.273329 85.933823 -81.007053 2.117943 84.473730 17.956461 9.252676 -3.716475 -3.547704 9.908733 39.293697 -0.065894 12.999005 -34.004662 nan nan nan -17.817330 -10.914445 -19.803424 1.132356 -12.892509 35.550463 4.372788 -3.272284 -13.180993 nan nan nan -5.538974 1.297623 5.293569 7.335588 -3.919390 12.256703 2.422147 0.600563 -5.426689 6.015160 -17.664682 10.181115 6.495518 -26.336822 0.178940 -8.267259 -11.483356 -1.827937 -71.880839 -43.720406 35.274106 147.025003 -66.160523 -120.801151 -5.727744 -18.925642 -3.433973 11.595311 10.274721 -1.887556 36.498975 8.720566 1.532155 -81.840786 60.950705 -69.888129 11.453257 12.555085 -20.446942 
45.393452 28.329412 85.929970 -80.966389 2.099183 84.397696 18.104236 9.241836 -3.606610 -3.782058 9.791342 39.324450 -0.209289 12.961736 -33.953594 nan nan nan -17.853974 -10.918345 -19.773432 1.027416 -13.042947 35.802632 4.344241 -3.162050 -13.146917 nan nan nan -5.541954 1.307177 5.532840 7.386506 -3.843394 12.036328 2.444594 0.431462 -5.397424 5.945723 -17.664759 10.191486 6.464045 -26.214980 0.088970 -8.159110 -11.344599 -1.902145 -71.877597 -43.762333 35.307884 147.006697 -66.204654 -120.839171 -5.489378 -18.833808 -3.623984 11.582280 10.072400 -2.105115 36.574898 8.779502 1.679784 -81.743057 61.636116 -69.530518 11.808440 12.473433 -20.316925 
45.364655 28.416431 85.930054 -80.948291 2.094176 84.377823 18.305209 9.275079 -3.566138 -3.982878 9.764440 39.365233 -0.298207 12.842228 -33.909964 nan nan nan -17.890356 -10.839756 -19.868087 0.961619 -13.148258 36.178684 4.316445 -2.951984 -13.118567 nan nan nan -5.671357 1.353698 5.570682 7.511934 -3.817322 12.085933 2.513117 0.360948 -5.480824 6.041606 -17.594514 10.265845 6.410258 -26.237141 -0.102221 -7.982356 -11.401600 -2.100016 -71.908347 -43.758703 35.506058 146.479528 -66.294294 -120.179013 -4.933428 -18.939610 -3.997007 11.577076 10.019963 -2.681235 36.632471 8.523235 2.408362 -81.500868 62.122563 -68.864235 11.145926 12.383530 -20.571049 
45.345535 28.532030 85.922424 -80.871889 2.134425 84.431443 18.573139 9.277951 -3.660762 -4.195290 9.748751 39.471384 -0.365707 12.650570 -33.919726 nan nan nan -17.906575 -10.767753 -20.071565 0.998290 -13.247498 36.656003 4.416337 -2.721524 -13.188603 nan nan nan -5.727923 1.335491 5.595004 7.606950 -3.835777 11.986664 2.550231 0.370229 -5.489839 6.005345 -17.571666 10.335389 6.489253 -26.253153 -0.244494 -7.833604 -11.558230 -2.311352 -71.758284 -43.858309 35.566287 145.969431 -66.506814 -119.618623 -4.195050 -18.932793 -4.252556 11.504672 10.067631 -3.169888 36.632299 8.279077 2.990028 -80.876270 62.934376 -68.546495 10.139704 12.323421 -20.568818 
45.304802 28.658266 85.913155 -80.844257 2.177603 84.461446 18.863793 9.295602 -3.705464 -4.461841 9.650961 39.595031 -0.420263 12.548039 -33.931360 nan nan nan -17.932231 -10.750886 -20.364822 1.178474 -13.201069 37.256156 4.701433 -2.618892 -13.205283 nan nan nan -5.684201 1.232782 5.827314 7.643845 -3.778647 11.457625 2.523490 0.332640 -5.280464 5.824903 -17.586352 10.359483 6.549304 -26.159712 -0.226465 -7.708304 -11.618931 -2.510970 -71.467339 -44.074630 35.470696 145.550199 -66.718718 -119.041819 -3.706158 -18.717011 -4.623782 11.492606 10.012265 -3.351969 36.678329 8.243384 3.423042 -80.873445 64.110479 -68.347762 9.468490 11.650897 -20.642950 
45.260731 28.781237 85.896881 -80.899650 2.226002 84.467311 19.153760 9.373616 -3.701199 -4.714734 9.496448 39.719660 -0.479932 12.469051 -33.924607 nan nan nan -18.035872 -10.621883 -20.742738 1.483076 -13.131339 37.999728 5.028604 -2.364549 -13.151578 nan nan nan -5.607488 1.098281 6.126824 7.661679 -3.652121 10.867088 2.492184 0.278605 -5.070327 5.660535 -17.526526 10.622634 6.678749 -25.955165 -0.587890 -7.490412 -11.724442 -2.757730 -71.137891 -44.305651 35.333498 145.012515 -66.887231 -118.230099 -3.202072 -18.495130 -5.258460 11.294440 10.025663 -3.438082 36.972670 8.290782 4.003459 -81.007486 65.518333 -68.060490 8.153095 11.049719 -21.274912 
45.239128 28.899576 85.870178 -81.005896 2.285724 84.490521 19.446652 9.395637 -3.705004 -5.060470 9.314784 39.793093 -0.524634 12.480687 -33.945251 nan nan nan -18.240540 -10.345840 -21.249553 1.824779 -13.212153 38.947342 5.263864 -1.865117 -12.917330 nan nan nan -5.547426 1.024042 6.229695 7.723172 -3.477534 10.728370 2.465363 0.222423 -5.081197 5.658278 -17.414007 10.869560 6.671156 -25.850471 -1.056356 -7.158209 -12.009432 -3.025745 -70.840429 -44.653854 35.272689 143.983107 -67.056792 -116.994932 -2.480033 -18.294331 -5.903377 10.804195 10.159831 -3.655372 37.590886 8.047641 4.805566 -81.495477 66.912429 -67.917404 6.675579 10.858575 -22.106984 
45.243511 29.037643 85.832314 -81.136460 2.338578 84.461340 19.767317 9.328726 -3.650630 -5.569893 9.042347 39.805505 -0.456216 12.642557 -33.983527 nan nan nan -18.522234 -10.080617 -21.918556 2.144727 -13.368178 40.266114 5.397078 -1.387623 -12.484696 nan nan nan -5.516556 1.048223 6.139131 7.798439 -3.295555 11.130487 2.420322 0.066005 -5.173320 5.877041 -17.160781 10.788196 6.655389 -25.951987 -1.472508 -6.660127 -12.516414 -3.505271 -70.400026 -45.105368 35.202761 142.503267 -67.184223 -115.391424 -1.263479 -17.859643 -6.611488 10.279309 10.444389 -4.101551 38.342481 7.602939 5.854307 -82.945460 68.522433 -69.172704 5.117469 10.391799 -23.273622 
45.224033 29.181503 85.825577 -81.263364 2.343118 84.435852 20.017700 9.226237 -3.573077 -5.879073 8.863881 39.843425 -0.336226 12.621794 -33.981146 nan nan nan -18.909215 -9.998221 -22.711365 2.390633 -13.534730 41.865415 5.778667 -0.784366 -11.835021 nan nan nan -5.388867 0.717975 6.883799 7.651310 -3.164495 9.788246 2.300083 0.130481 -4.617232 5.751392 -16.881953 11.015588 6.904321 -25.744253 -1.688373 -6.083055 -12.628137 -3.940838 -70.220687 -45.494004 34.964038 141.225472 -67.449335 -113.796334 -0.921948 -17.772372 -6.805947 10.277635 10.584755 -4.035239 38.508772 7.788522 5.939233 -83.519287 70.694095 -68.460106 6.717280 10.048596 -20.092760 
45.205238 29.342127 85.809219 -81.457472 2.372908 84.376486 20.330356 9.303200 -3.451111 -6.061536 8.659429 39.954834 -0.240826 12.458398 -33.982812 nan nan nan -19.336204 -9.858009 -23.608821 2.648368 -13.728003 43.621420 6.180394 -0.190085 -11.075810 nan nan nan -5.196280 0.438872 7.482412 7.545716 -2.911566 8.914535 2.156999 0.077702 -4.289224 5.747831 -16.393922 10.859780 6.813625 -25.780805 -1.709979 -5.547206 -12.895196 -4.538204 -69.770047 -46.021362 34.719871 139.235873 -67.677896 -111.265242 -0.473387 -17.784964 -7.140329 10.193032 10.851951 -4.148393 38.813153 7.630674 6.834895 -86.271642 72.825351 -70.623665 6.689720 10.092468 -20.052542 
45.164211 29.512978 85.794014 -81.700759 2.406174 84.270541 20.667989 9.446656 -3.183419 -6.272390 8.470189 39.952568 -0.170185 12.305508 -34.037092 nan nan nan -19.818198 -9.726568 -24.548273 2.991573 -13.855238 45.450607 6.614629 0.572507 -10.262093 nan nan nan -4.967600 0.212114 7.989773 7.476905 -2.634058 8.363760 1.976122 -0.025789 -4.093454 5.768922 -15.889831 10.425237 6.469505 -25.869285 -1.487446 -5.188367 -13.172253 -5.150902 -69.203509 -46.819138 34.416257 136.970854 -67.984110 -108.746793 -0.129475 -17.931007 -7.306172 10.169331 11.190048 -4.315051 38.910632 7.503475 8.156388 -90.562692 75.229678 -74.829616 5.915951 10.348154 -21.218183 
45.105030 29.699886 85.775719 -81.956377 2.407885 84.128124 21.006614 9.524303 -2.787635 -6.532997 8.407632 39.771723 -0.128442 12.248946 -34.068218 nan nan nan -20.370746 -9.629631 -25.494045 3.430379 -13.846412 47.217663 6.989640 1.520461 -9.627641 nan nan nan -4.758605 -0.043701 8.603473 7.342095 -2.437202 7.723078 1.801707 -0.167338 -3.795450 5.869236 -15.340553 9.871927 6.140184 -25.874305 -1.219120 -4.942904 -13.190378 -5.661110 -68.984883 -47.905491 34.197285 134.661086 -68.487863 -106.836291 0.163097 -17.791069 -6.933323 10.181005 11.614065 -4.244926 38.956572 7.874423 9.272388 -96.437595 77.831884 -81.112339 5.994526 10.452461 -22.402135 
45.017124 29.922396 85.743401 -82.222212 2.379399 83.941982 21.412378 9.683197 -2.284907 -6.830323 8.412669 39.478692 0.039189 12.174719 -34.004843 nan nan nan -20.934765 -9.534064 -26.435459 3.765905 -13.764371 48.840708 7.104188 2.294028 -9.374052 nan nan nan -4.667804 -0.331520 9.224592 7.126142 -2.294406 7.248790 1.717890 -0.327155 -3.580507 6.186531 -14.650240 9.075655 5.530943 -25.956279 -0.652457 -4.736195 -13.229865 -6.072018 -69.091992 -49.223727 34.255169 131.556760 -68.922549 -105.390494 0.231859 -17.309792 -5.224685 10.131886 12.188915 -4.082508 39.161237 8.495708 10.287691 -104.918293 80.462946 -90.372242 6.264310 10.382213 -23.624010 
44.894970 30.177578 85.715775 -82.478988 2.270907 83.828466 21.786261 9.950227 -1.787831 -7.160160 8.440150 39.100495 0.423581 12.037122 -33.923612 nan nan nan -21.500984 -9.594748 -27.489505 3.955900 -13.509547 50.324447 7.265221 2.943600 -9.443483 nan nan nan -4.581897 -0.743665 9.962033 6.808387 -2.175743 6.557442 1.595153 -0.261592 -3.559342 6.341904 -13.891282 8.451446 4.940564 -26.102651 -0.002127 -4.353203 -13.722533 -6.382851 -68.505245 -50.406870 34.197853 127.623779 -68.521599 -103.951931 -0.765258 -16.566383 -2.462502 10.074581 12.914911 -3.830168 39.601485 8.531212 11.366787 -119.413952 82.344821 -105.231582 8.374399 10.110828 -23.042760 
44.774662 30.471354 85.705437 -82.668132 2.143245 83.771585 22.153521 10.281630 -1.372397 -7.434127 8.472333 38.748387 0.630633 11.757663 -33.814766 nan nan nan -22.027832 -9.683893 -28.613860 3.974165 -13.112943 51.654590 7.612131 3.577289 -9.823368 nan nan nan -4.550204 -1.183837 10.524567 6.543328 -2.165018 5.998104 1.517000 -0.285781 -3.400815 6.340971 -12.957777 7.795638 4.561416 -25.996619 0.522979 -3.562011 -14.173914 -7.098123 -67.251778 -51.246799 33.482237 123.943907 -68.033683 -101.306389 -1.118118 -16.122415 -1.522943 10.018035 13.873453 -3.648427 39.889622 8.956023 12.713251 -139.606688 83.547339 -126.080329 10.373162 10.659447 -23.478350 
44.638683 30.786560 85.740349 -82.846525 2.047079 83.701852 22.584229 10.640371 -0.869973 -7.741812 8.481662 38.281038 0.625624 11.428903 -33.549216 nan nan nan -22.503895 -9.745624 -29.627119 3.820688 -12.705819 52.612527 7.922944 3.803412 -10.050848 nan nan nan -4.487269 -1.642713 11.008394 6.355206 -2.198259 5.565175 1.455592 -0.322117 -3.155017 6.293304 -12.003348 6.924700 4.124692 -25.799746 0.974288 -2.814528 -14.490872 -7.888253 -65.534284 -52.070976 32.319148 120.608412 -67.774265 -98.538414 -0.638929 -15.704713 -1.572238 10.028584 14.986737 -3.472960 39.817687 9.478501 14.310359 -165.512470 83.392770 -152.541125 11.217839 10.898089 -25.017690 
44.486340 31.122618 85.815132 -83.069751 1.886550 83.580779 22.982556 10.969698 -0.181614 -8.164679 8.416231 37.646508 0.484716 11.095463 -33.198996 nan nan nan -23.064013 -9.765060 -30.514065 3.508938 -12.359027 53.175432 7.856337 3.517562 -10.018532 nan nan nan -4.455618 -2.076001 11.583059 6.178565 -2.187498 5.165546 1.384224 -0.358643 -2.939078 6.308982 -11.031888 5.839067 3.499325 -25.580445 1.463722 -1.850176 -14.755880 -8.578578 -63.585395 -52.838829 30.904785 117.688601 -67.395991 -96.114261 0.340672 -15.111064 -2.104017 10.001205 16.193964 -3.250629 39.653881 10.131117 16.058863 173.744710 81.974095 -173.495446 11.102265 10.943589 -26.591410 
44.330570 31.491053 85.919968 -83.210360 1.703680 83.439696 23.347500 11.236239 0.511625 -8.571180 8.270915 36.987982 0.159271 10.739842 -32.752940 nan nan nan -23.697523 -9.866812 -31.284066 3.032946 -12.104863 53.449161 7.582085 2.940004 -9.836288 nan nan nan -4.449921 -2.511849 12.299209 5.998823 -2.193720 4.706174 1.341751 -0.475854 -2.861680 6.340902 -9.941649 4.904424 2.921745 -25.370439 1.937174 -0.509109 -14.967190 -9.065291 -61.426120 -53.457007 29.105744 115.138441 -66.770771 -94.084297 1.275007 -14.540087 -2.720944 9.559950 17.473645 -2.873572 39.603782 10.972913 17.786947 160.494671 79.960926 172.679705 11.246297 11.517206 -28.446755 
44.144680 31.860355 86.054298 -83.250455 1.542662 83.360727 23.665822 11.408575 1.150669 -8.910240 8.082229 36.257244 -0.340746 10.360266 -32.140255 nan nan nan -24.316814 -10.148270 -31.994377 2.356013 -11.888602 53.452727 7.270231 2.205896 -9.465208 nan nan nan -4.438832 -3.005578 12.916385 5.864805 -2.370412 4.293772 1.373863 -0.585892 -2.837611 6.261220 -8.880394 4.093794 2.374793 -25.056195 2.300484 0.951909 -15.294959 -9.579162 -58.803827 -53.553495 26.734076 113.241325 -65.948586 -92.385669 1.853364 -13.963167 -3.025736 8.905671 18.963151 -2.576415 39.210079 11.920322 19.014493 151.707284 77.552984 163.146239 12.399218 12.597956 -29.242681 
43.917789 32.213871 86.217506 -83.275162 1.412156 83.406703 23.906920 11.510681 1.727937 -9.184096 7.823644 35.367260 -0.748893 10.056962 -31.518475 nan nan nan -24.890785 -10.514784 -32.730545 1.502488 -11.795928 53.042818 6.994885 1.239195 -8.891692 nan nan nan -4.303500 -3.626361 13.433812 5.714899 -2.614274 3.676610 1.379161 -0.575622 -2.671883 6.137331 -7.753045 3.321404 1.881586 -24.704762 2.491988 2.423421 -15.741552 -10.289274 -55.975903 -53.066993 24.235444 111.703054 -65.015401 -90.890925 2.369917 -13.513480 -3.338108 8.147590 20.554381 -2.647918 38.678163 12.553406 20.021954 147.242105 74.707918 158.367206 13.825977 13.433105 -29.489266 
43.652653 32.568172 86.425911 -83.305416 1.248131 83.391363 24.062273 11.621496 2.475789 -9.324698 7.555158 34.258942 -1.029117 9.756899 -30.855649 nan nan nan -25.502505 -10.875890 -33.292669 0.473913 -11.901092 52.203436 6.764062 -0.024559 -7.979605 nan nan nan -4.124518 -4.298866 14.159988 5.498853 -2.807386 2.724274 1.336802 -0.543258 -2.435211 6.036981 -6.553480 2.743000 1.466411 -24.338371 2.654196 3.869029 -16.007345 -10.854680 -53.031026 -52.461559 21.718450 110.315351 -64.115730 -89.777804 2.734387 -13.208760 -3.975921 7.168182 22.075871 -2.858432 38.238156 13.074926 21.108406 146.128199 71.836197 157.016412 15.444662 14.284492 -30.835437 
43.341232 32.939922 86.687302 -83.366782 1.034365 83.298079 24.155308 11.791803 3.423201 -9.309827 7.369051 32.982516 -1.295996 9.423495 -30.119819 nan nan nan -26.162875 -11.245140 -33.662213 -0.632439 -12.142210 51.083685 6.387238 -1.179234 -6.515843 nan nan nan -3.981522 -4.824448 14.922647 5.353549 -2.957607 1.870565 1.302805 -0.607633 -2.444753 5.933563 -5.366421 2.485248 1.088311 -23.857928 2.709260 5.128760 -16.126894 -11.021371 -50.191614 -51.940606 19.143020 108.961065 -63.087991 -89.021833 2.408101 -12.975360 -5.163467 6.078401 23.352567 -3.050220 37.570081 13.589699 21.740317 147.451690 69.417723 158.416128 17.407903 15.520981 -31.285055 
42.991692 33.315434 86.986336 -83.408316 0.789617 83.276485 24.222354 11.984384 4.433991 -9.294855 7.291477 31.459047 -1.412161 9.127610 -29.195022 nan nan nan -26.820838 -11.709833 -33.925795 -1.523936 -12.258762 49.619518 5.569606 -2.123256 -4.102136 nan nan nan -3.777008 -5.277727 15.416141 5.219576 -3.118096 1.258803 1.209165 -0.699283 -2.576708 5.868230 -4.270672 2.288680 0.670909 -23.114215 2.800397 6.207278 -16.378665 -11.004039 -47.109664 -51.179893 16.364399 107.931002 -62.121909 -88.432219 1.969185 -12.843691 -6.177590 4.927084 24.145851 -3.393028 36.679290 14.129574 21.670652 149.488131 67.111190 160.601040 20.602383 16.437798 -30.980933 
42.608925 33.703438 87.303955 -83.432003 0.562460 83.358156 24.295342 12.156442 5.483064 -9.320116 7.282388 29.593035 -1.546815 8.825142 -28.036811 nan nan nan -27.417456 -12.134482 -34.101876 -2.218858 -12.354287 47.786829 4.615943 -2.891375 -0.998709 nan nan nan -3.568088 -5.744405 15.403732 5.066300 -3.329073 1.259712 1.102850 -0.726347 -2.866208 5.872531 -3.176630 2.263771 0.387515 -22.422051 2.654073 7.083684 -16.775836 -10.964057 -43.438993 -49.894657 13.478803 107.199819 -61.778523 -87.197420 2.697315 -13.372649 -4.732384 3.716007 24.575516 -3.912198 35.249999 14.385360 20.701752 152.221042 65.513188 162.959659 23.792442 18.605078 -31.127441 
42.166756 34.107323 87.678040 -83.459311 0.307005 83.565226 24.234850 12.348697 6.542733 -9.266345 7.230713 27.391510 -1.877974 8.496247 -26.662998 nan nan nan -27.929605 -12.518060 -34.208563 -2.537543 -12.266397 45.594666 4.272671 -3.230393 1.529284 nan nan nan -3.260382 -6.224380 15.147436 4.856626 -3.547782 1.228839 0.919983 -0.800236 -3.178921 5.509403 -2.377184 2.510437 0.452670 -21.452305 2.573613 7.742710 -16.874067 -10.972749 -40.519771 -48.424149 11.276814 106.784248 -61.324286 -87.233868 2.755744 -13.351558 -5.007621 2.520795 24.399318 -4.286452 33.484339 14.757997 19.204765 154.386446 64.327927 163.834442 26.143147 19.910348 -30.887551 
41.639900 34.504120 88.074684 -83.425312 0.042965 83.843708 24.141075 12.622191 7.612118 -9.102757 7.224983 25.033501 -2.287480 8.073001 -25.138957 nan nan nan -28.414710 -12.986658 -34.103334 -2.454656 -11.970320 42.985915 4.465927 -3.096283 3.830337 nan nan nan -2.827780 -6.687287 14.414720 4.621907 -3.879121 1.487667 0.717994 -0.946284 -3.561072 4.983475 -1.657909 3.409062 0.522000 -20.294716 2.138172 8.031437 -16.971830 -10.886343 -38.020370 -46.541273 9.555891 106.548106 -60.742249 -87.239851 2.403950 -13.441629 -5.416878 1.111195 23.804500 -4.814377 31.900354 14.823956 17.410465 157.985399 64.943425 165.369547 27.688922 20.873802 -32.910189 
41.062191 34.912422 88.522530 -83.311166 -0.185139 84.186310 24.039150 12.957475 8.569254 -8.811654 7.198556 22.712756 -2.877246 7.650898 -23.327059 nan nan nan -28.822728 -13.380224 -33.679841 -2.199688 -11.498771 39.842434 4.962577 -2.730499 6.511677 nan nan nan -2.291316 -7.171302 13.530030 4.454178 -4.302110 1.669266 0.445079 -1.133381 -3.901618 4.373022 -1.120822 4.468649 0.530039 -18.879672 1.571854 7.799722 -16.656593 -10.470588 -35.574491 -44.848080 7.799801 106.608306 -60.546686 -87.517158 2.012222 -13.742349 -5.848846 -0.073921 22.635847 -5.117657 30.121679 15.084458 15.053057 162.035361 66.647129 166.853256 27.675641 21.457126 -34.985835 
40.456665 35.386524 89.028435 -83.123771 -0.304565 84.608952 24.015234 13.292855 9.298370 -8.456223 7.097653 20.517866 -3.537090 7.311335 -21.293271 nan nan nan -29.086508 -13.474604 -32.979220 -1.631445 -10.566311 36.280454 5.426760 -1.911615 9.133258 nan nan nan -1.608437 -7.626290 12.327302 4.328183 -4.819452 1.921203 0.126418 -1.395753 -4.270527 3.741153 -0.616449 5.868594 0.626037 -17.364924 1.021770 7.271435 -16.225490 -9.838480 -33.267792 -43.014195 6.095313 107.077541 -60.704231 -88.443301 1.979445 -14.137583 -6.654781 -0.874664 21.317672 -5.242023 28.179694 15.391637 12.310054 166.023198 69.424047 168.760087 26.712032 21.384959 -35.375886 
39.819561 35.939034 89.567696 -82.844908 -0.362476 85.096614 24.105113 13.711664 9.812194 -8.131712 6.912199 18.515511 -4.145290 7.062179 -19.159270 nan nan nan -29.152968 -13.403308 -32.097750 -0.853597 -8.896354 32.602004 5.715185 -1.070411 11.985800 nan nan nan -1.019165 -8.069130 10.758723 4.338165 -5.444180 2.397750 -0.211531 -1.652008 -4.606433 3.202627 -0.156823 7.447373 0.697177 -15.692521 0.635064 6.727445 -15.706199 -9.126305 -31.139862 -40.968144 4.676344 108.122205 -61.276186 -89.900191 3.486078 -14.097222 -7.826925 -1.612824 19.652974 -5.333350 26.385701 16.423225 9.389604 170.876116 73.676684 171.928274 21.757078 18.978269 -34.802946 
39.137596 36.537617 90.135559 -82.397086 -0.413905 85.494801 24.225476 13.971503 10.243190 -7.777394 6.777035 16.722508 -4.605149 6.969295 -16.920439 nan nan nan -29.145124 -13.262775 -30.934082 -0.165642 -6.843169 29.129669 6.116174 -0.501237 15.213016 nan nan nan -0.624317 -8.515608 9.097419 4.395232 -6.190375 3.108356 -0.502563 -1.869413 -5.069792 2.852546 0.124440 9.118625 0.725434 -14.022087 0.409229 6.038445 -15.138190 -8.234372 -29.166716 -39.009495 3.440179 109.449155 -61.949305 -91.169331 4.833277 -13.950645 -8.143448 -2.306946 17.855856 -5.273142 24.921802 17.384970 6.544104 179.940664 78.519672 -179.521139 17.731610 16.377043 -33.839772 
38.435642 37.196579 90.722137 -81.814377 -0.330486 85.853231 24.517580 14.371546 10.371192 -7.356860 6.369847 15.424211 -5.090437 7.173481 -14.619067 nan nan nan -28.926660 -12.973650 -29.622319 0.528482 -4.393121 25.996280 6.485275 -0.285028 18.132304 nan nan nan -0.215083 -8.940920 7.475619 4.517533 -6.995618 3.781766 -0.801694 -2.017407 -5.612258 2.414498 -0.036939 10.876006 0.869256 -12.179497 0.247300 5.040418 -14.509708 -7.005216 -26.853673 -37.284001 1.952896 111.263427 -63.135007 -92.538646 7.392554 -13.608083 -9.401236 -2.998944 15.868008 -4.963755 23.778453 18.867768 3.417805 -156.409825 84.135931 -155.616084 10.642360 12.073451 -32.892743 
37.711121 37.928547 91.302277 -81.033300 -0.179612 86.222264 24.903654 14.729703 10.096426 -6.929802 6.295241 14.597730 -5.264246 7.369916 -12.305162 nan nan nan -28.662551 -12.531942 -28.206483 1.103560 -2.043813 23.319929 6.716650 0.224630 20.685638 nan nan nan 0.017514 -9.285686 5.714980 4.808847 -7.904671 4.712700 -1.065357 -2.063948 -6.330962 1.965223 -0.257018 12.866172 1.149559 -10.491421 -0.225362 4.314098 -14.030484 -5.897023 -25.375484 -35.702738 0.993932 112.617311 -63.864166 -93.593901 9.002137 -13.744365 -12.142581 -3.668775 14.097462 -4.984172 23.146611 19.993814 1.070231 -73.030451 84.666253 -72.161321 4.128842 9.204284 -31.708421 
36.974598 38.712353 91.872200 -80.126874 0.033282 86.504835 25.348437 15.108166 9.526230 -6.471029 6.505717 14.270390 -5.026661 7.701295 -10.126672 nan nan nan -28.210885 -12.057451 -26.764223 1.568984 0.397337 21.338913 6.830336 0.933387 22.794966 nan nan nan -0.024014 -9.512783 4.176956 5.167202 -8.760787 5.625141 -1.218788 -1.974621 -7.092763 2.048819 -0.421985 14.766453 1.452890 -9.353848 -0.809191 4.036208 -13.527853 -4.816103 -24.738084 -34.889393 0.548893 113.229489 -64.160397 -93.449173 9.332246 -13.882029 -15.172054 -4.403193 12.407471 -4.273528 23.085441 20.761278 -1.022453 -45.321268 76.678236 -43.442554 -1.333021 5.354055 -30.223907 
36.237789 39.546024 92.432602 -79.059576 0.339129 86.700789 25.860475 15.568190 8.691575 -5.863069 6.987890 14.400310 -5.015030 8.378490 -7.921732 nan nan nan -27.629964 -11.350771 -25.227868 1.925170 2.532099 19.968310 6.633651 1.591940 24.242669 nan nan nan -0.347018 -9.595498 2.978475 5.590410 -9.482409 6.445540 -1.154331 -1.859895 -7.879881 2.395915 -0.799706 16.431422 1.974389 -8.631590 -1.403279 3.869597 -12.740940 -3.698487 -24.326125 -35.225171 0.086730 113.901675 -65.041686 -93.127746 10.080552 -13.612879 -17.085566 -5.004851 10.591551 -3.196634 22.990265 22.149677 -3.534033 -38.039695 67.081777 -36.757735 -6.782459 1.573375 -29.959405 
35.467651 40.399250 92.955948 -77.733509 0.718123 86.835943 26.331776 15.474877 7.769079 -4.940270 8.947333 14.649104 -5.008330 8.312688 -5.800512 nan nan nan -27.079644 -10.287808 -23.539824 1.746792 2.741066 19.325779 7.491019 2.563673 25.439832 nan nan nan -0.727936 -9.369601 1.868905 5.759093 -9.940667 7.166667 -0.770452 -2.009766 -8.334574 3.190472 -1.050030 17.635598 2.589683 -8.809226 -1.961149 4.008621 -12.074404 -3.013043 -24.847999 -36.490646 -0.010995 114.031025 -65.517165 -94.175949 7.139830 -14.675558 -15.800900 -5.245024 9.381020 -2.436144 21.950577 22.013353 -6.988590 -40.623174 60.834486 -45.058133 1.878179 7.123448 -33.587110 
34.648220 41.265095 93.415611 -76.018378 1.007316 86.958974 26.696077 15.514717 6.597672 -4.285771 10.189397 15.120489 -5.436111 8.178614 -4.538007 nan nan nan -26.638353 -9.412342 -21.631812 1.702180 2.684005 19.034166 7.952676 3.394591 26.344391 nan nan nan -1.332440 -9.020328 0.472094 6.100204 -10.553937 9.108508 -0.522954 -2.046996 -9.771845 3.998217 -1.107347 18.908046 3.485293 -9.736307 -2.964772 4.280583 -11.660957 -2.159223 -25.259733 -37.975604 0.610896 113.257299 -66.127556 -93.346671 7.511623 -16.123523 -16.584454 -5.583059 8.526450 -1.730511 22.510461 20.626210 -8.560010 -46.286544 53.764462 -55.366788 -0.619074 11.239217 -39.087296 
33.887081 42.111450 93.796898 -74.003092 1.184590 87.124740 26.835742 15.196762 5.293637 -4.807774 9.180281 15.294179 -5.034116 9.513764 -4.255852 nan nan nan -26.203887 -9.098520 -19.605241 2.272236 3.707682 18.867136 7.741823 2.602841 26.849355 nan nan nan -2.185093 -8.779780 -0.453898 6.870810 -11.238886 9.901623 -0.776158 -1.577138 -10.411261 4.481328 -2.691310 19.388570 4.022791 -9.732065 -3.491071 4.811279 -11.566208 -0.582606 -25.049132 -40.176135 0.281097 114.723927 -66.979823 -93.379347 9.443155 -13.371541 -18.170152 -6.541217 6.143988 -0.833683 25.704491 20.639609 -7.826112 -49.005859 48.420715 -50.479835 -12.925994 -3.737415 -24.786508 
33.138187 42.869007 94.118484 -71.857536 1.393544 87.347264 26.745932 14.544715 3.968890 -5.368168 7.951257 15.304154 -5.114775 9.979569 -4.424805 nan nan nan -25.615101 -8.885879 -17.644779 2.085125 2.858513 18.940726 7.393239 0.611834 25.268449 nan nan nan -2.565732 -8.295807 -1.431995 7.171735 -11.568149 10.192018 -0.751854 -1.455960 -10.538324 4.351866 -4.346632 20.210232 4.748678 -9.732367 -4.747027 5.222447 -12.284943 0.099991 -25.564762 -41.687132 0.155285 115.704705 -67.374254 -93.081469 8.442363 -13.257252 -18.044671 -6.166071 4.806350 -1.425079 26.616261 21.238185 -9.084638 -47.637359 42.930513 -37.525064 -17.185228 -7.665622 -6.608711 
32.338562 43.563660 94.289696 -69.529025 1.396325 87.324486 26.386314 13.987536 2.765057 -5.882447 6.394921 15.305781 -5.154303 9.291964 -4.493564 nan nan nan -25.313714 -8.763615 -15.525839 1.936739 1.179842 19.250758 6.283271 -1.569937 22.509866 nan nan nan -2.887666 -7.773315 -2.468830 7.119428 -11.674910 10.856713 -0.603262 -1.907511 -10.581380 3.795744 -5.542555 20.257487 5.699851 -9.988636 -5.401039 5.022137 -13.320393 0.229384 -24.901060 -42.371850 0.504728 115.803892 -67.743489 -91.652095 9.347512 -13.831964 -20.781632 -7.122997 4.101629 -2.750623 29.047821 18.278268 -7.933205 -52.001897 42.156468 -39.380105 -17.808441 -8.282115 -15.231828 
31.544460 44.220581 94.354187 -67.350182 1.262844 86.970239 25.843925 13.581436 1.975810 -6.437363 4.520321 15.255406 -5.506099 8.201934 -4.363495 nan nan nan -25.089988 -8.584670 -13.177288 1.675822 -0.978651 19.443646 5.211268 -3.758614 19.413012 nan nan nan -3.386463 -7.278068 -3.135006 6.978936 -11.797995 11.451782 -0.504861 -2.445461 -10.247832 3.377755 -6.439763 20.070617 6.588168 -10.344237 -6.220230 4.852402 -14.150364 0.412833 -23.631346 -43.095603 0.329450 116.254610 -68.317568 -91.502046 11.432608 -13.965996 -23.777215 -8.520629 3.394043 -3.993087 31.976678 16.456907 -6.919259 -56.794727 41.283514 -47.794771 -20.710556 -9.946128 -30.285112 
30.851871 44.892246 94.341560 -65.587866 0.948988 86.617494 24.962860 13.082898 1.383530 -6.936905 3.244266 15.118735 -6.144596 7.289829 -4.151396 nan nan nan -24.891666 -8.457054 -11.170394 1.182266 -3.327221 19.387690 4.816727 -5.305973 16.738981 nan nan nan -3.936742 -6.932706 -3.525201 6.682948 -11.985819 11.557735 -0.399932 -2.980879 -9.720549 2.810714 -6.833557 20.241401 7.557312 -10.764456 -6.995255 4.813760 -14.668535 0.794421 -22.770259 -43.652339 -0.699675 117.398424 -69.017539 -93.012982 11.940320 -14.991534 -24.784905 -9.481687 3.127915 -4.485762 34.554650 15.717968 -7.661218 -59.725368 41.510481 -53.242966 -22.583509 -10.128067 -35.501717 
30.233747 45.628235 94.324554 -64.291562 0.483140 86.364061 23.785161 12.462068 0.904063 -7.238485 2.730362 14.974149 -6.745412 7.150921 -4.377544 nan nan nan -24.751557 -8.391011 -9.628565 0.728355 -5.332105 19.172054 4.733971 -6.410478 14.405322 nan nan nan -4.512637 -6.800025 -3.187639 6.286418 -12.118112 10.653211 -0.345187 -3.461167 -9.330119 2.096314 -7.261770 20.778795 8.770146 -10.595673 -7.367554 5.030816 -14.531616 1.330482 -22.738066 -44.363966 -1.644577 119.087340 -69.634081 -94.870921 10.765616 -16.664850 -24.339454 -9.433915 2.478265 -5.032231 36.933644 15.646607 -7.727719 -61.893781 44.550521 -54.353369 -21.309376 -6.984355 -34.875268 
29.647934 46.455978 94.280617 -63.500205 0.095052 86.172712 22.679381 11.982721 0.490127 -7.209224 2.969780 15.084690 -6.672632 7.733912 -4.972846 nan nan nan -24.428084 -8.507815 -8.416513 0.522128 -6.689856 18.784679 4.182097 -7.285454 12.052354 nan nan nan -5.210661 -6.791994 -2.654833 5.997086 -12.427877 9.392156 -0.275010 -3.869353 -8.849764 1.516651 -7.687619 21.269895 9.698201 -9.979366 -6.829383 5.432876 -13.842364 1.933605 -23.208800 -45.224920 -2.472630 121.809137 -70.190751 -98.032626 9.024837 -17.465125 -23.119525 -8.665422 1.684481 -5.587519 39.186175 16.877245 -7.299643 -63.034589 48.755679 -55.329576 -17.446915 -3.725031 -31.743458 
29.080214 47.350780 94.186554 -63.155012 -0.045270 85.972540 21.947235 11.805001 0.154255 -7.029283 3.650221 15.492034 -6.047215 8.942988 -5.635974 nan nan nan -23.743090 -8.917726 -7.384121 0.623747 -7.300969 18.217277 3.428253 -8.380864 9.648393 nan nan nan -6.006189 -6.816208 -2.278709 5.896188 -12.900893 8.349060 -0.099738 -4.066645 -8.169026 1.491835 -8.242883 21.068998 9.862772 -9.473229 -5.069374 5.778549 -13.160017 2.437892 -23.769473 -46.141356 -3.164258 125.057559 -70.624061 -101.695896 7.149226 -17.140343 -21.658915 -7.437678 1.187580 -5.670242 40.608563 18.573959 -6.470915 -63.581555 53.054235 -54.226371 -12.481644 -3.624022 -26.379137 
28.503637 48.259834 94.045944 -63.317556 0.062509 85.708337 21.685151 12.097083 -0.005722 -6.681431 4.765442 16.211056 -5.724739 9.721184 -6.499330 nan nan nan -22.771843 -9.335386 -6.665194 0.713222 -7.819328 17.858990 2.997197 -9.150743 7.445796 nan nan nan -6.500769 -6.801184 -2.115303 5.807451 -13.240747 7.870176 0.155536 -4.286902 -7.694342 1.684488 -8.508789 20.724553 9.724573 -9.315736 -3.395071 5.831407 -12.593214 2.300898 -24.858030 -46.616799 -2.526703 127.541137 -70.866822 -104.817990 6.418102 -16.619118 -21.078358 -6.557016 1.565335 -5.475236 41.448984 19.770465 -4.535114 -63.371753 57.861183 -55.705442 -8.604439 -3.042256 -30.381518 
27.944180 49.122063 93.867172 -63.918367 0.239280 85.388625 21.638240 12.461392 0.193351 -6.420841 5.896477 16.797051 -5.370379 10.073404 -7.537955 nan nan nan -21.766173 -9.617959 -6.321422 0.640357 -8.416161 17.865714 2.859644 -9.524579 5.405019 nan nan nan -6.688063 -6.767135 -1.885234 5.731649 -13.305042 7.532946 0.381227 -4.352504 -7.478247 1.858076 -8.893798 20.586113 9.217397 -9.195538 -2.367237 5.626948 -12.167559 1.799155 -26.727630 -46.940461 -0.801560 129.090676 -70.875172 -106.930194 5.650492 -16.238705 -20.664444 -6.025971 2.470986 -5.111398 41.984570 20.731072 -1.999990 -62.627512 62.075288 -54.414036 -5.881104 -2.245994 -34.210827 
27.428719 49.937351 93.654739 -64.902386 0.350406 85.044337 21.567300 12.777095 0.736932 -6.176222 7.304762 17.047323 -4.882964 10.181269 -8.509324 nan nan nan -20.919654 -9.841839 -6.319480 0.476128 -9.071391 18.211623 3.036561 -9.346699 3.533684 nan nan nan -6.801224 -6.663130 -1.717398 5.660368 -13.158638 7.684850 0.604009 -4.146176 -7.623127 2.263358 -9.024232 20.324220 8.552053 -9.417113 -1.679059 5.342143 -11.918759 1.082480 -29.081368 -47.282853 1.374341 130.078681 -70.698588 -108.756155 3.894430 -16.242663 -19.371581 -5.591429 4.057315 -4.713961 42.369082 21.112583 0.797207 -62.489153 65.601251 -53.403608 -1.784473 -0.211826 -36.021896 
26.955326 50.719891 93.411446 -66.153815 0.429801 84.629876 21.509638 13.139061 1.550263 -5.831641 9.112951 17.082154 -4.393238 10.103154 -9.431111 nan nan nan -20.266284 -10.107890 -6.360969 0.329090 -9.737418 18.621989 3.536718 -8.565021 1.921012 nan nan nan -6.793744 -6.532620 -1.549386 5.575771 -12.805701 8.128336 0.763510 -3.686159 -7.882065 2.733162 -8.868826 19.890585 8.075340 -9.892796 -1.139878 5.184600 -12.091481 0.345229 -31.713993 -47.420674 3.689406 130.766721 -70.156090 -110.283822 1.780173 -16.449517 -17.611978 -5.050444 6.150258 -4.373449 42.406519 21.233446 3.220174 -62.380482 68.769834 -53.447918 2.876134 2.480113 -35.530876 
26.520391 51.498405 93.133820 -67.541873 0.509167 84.248424 21.518707 13.528904 2.405159 -5.473280 11.221896 17.080005 -4.076975 9.858137 -10.391691 nan nan nan -19.793553 -10.386856 -6.364783 0.294458 -10.550312 18.928977 4.204622 -7.293558 0.484519 nan nan nan -6.549063 -6.343842 -1.390805 5.431276 -12.253339 8.634530 0.824359 -3.252473 -8.109357 3.175287 -8.449154 19.354517 7.788716 -10.536084 -0.860452 5.259019 -12.382032 -0.449571 -34.834007 -47.362157 6.287087 131.244199 -69.189153 -111.362660 -0.495186 -16.930312 -15.663704 -4.530428 8.307126 -3.935468 42.416271 21.392289 5.349583 -62.636487 72.073662 -54.459896 7.272408 5.464144 -33.519698 
26.127356 52.267609 92.830559 -69.006467 0.579204 83.967509 21.543610 13.998830 3.158796 -5.316916 12.694021 17.047418 -3.858215 9.796994 -11.368256 nan nan nan -19.429211 -10.596136 -6.281923 0.550769 -11.000447 18.852752 4.763716 -6.080392 -0.776857 nan nan nan -6.248775 -6.065174 -1.336082 5.329686 -11.677407 9.268804 0.818510 -2.762425 -8.269943 3.632581 -8.014995 18.755952 7.559298 -11.148336 -0.929242 5.326729 -12.565038 -1.109167 -37.285046 -47.359373 8.509356 132.615853 -68.443421 -112.969194 -0.986777 -17.171046 -14.676827 -4.200766 10.229184 -3.150193 42.774074 21.900960 7.601107 -64.358963 75.369224 -55.767260 7.205153 7.209681 -32.375760 
25.783257 53.009300 92.500053 -70.462201 0.592030 83.818987 21.420647 14.332580 3.681071 -5.347394 13.337181 17.030354 -3.453108 10.120201 -12.500659 nan nan nan -19.188842 -10.833950 -6.090927 1.122179 -10.904809 18.187126 5.075880 -5.117075 -1.712202 nan nan nan -5.981928 -5.639192 -1.202148 5.304247 -11.093991 9.529552 0.851791 -2.263466 -8.176284 3.852233 -7.934199 17.919698 7.255205 -11.408312 -0.910170 5.203714 -12.620427 -1.743985 -38.992385 -47.569708 10.232228 134.773170 -68.022940 -115.429422 -0.732152 -17.077715 -14.294260 -3.975847 11.781208 -2.457045 42.344361 23.007222 9.429393 -63.069115 78.853229 -54.521760 6.979712 7.439359 -32.592734 
25.485033 53.728661 92.163559 -71.833863 0.548372 83.822964 21.122555 14.343658 3.809401 -5.406658 13.625980 17.330791 -2.916922 10.515165 -13.767420 nan nan nan -19.066488 -10.982999 -5.937828 1.883868 -10.549656 17.261489 5.238162 -4.379825 -2.417492 nan nan nan -5.660048 -4.996241 -1.063737 5.233997 -10.368184 9.540214 0.861602 -1.843550 -8.109945 4.074790 -8.083491 17.019535 6.910946 -11.718146 -0.643609 5.176632 -12.849275 -2.312738 -40.850253 -47.972380 11.968759 136.203569 -67.582358 -116.704649 -1.103471 -17.271103 -14.027608 -3.903149 13.128947 -2.207516 42.151049 23.867152 10.979066 -60.305550 81.904107 -51.309384 8.380391 7.555762 -33.045263 
25.244368 54.433029 91.821304 -73.112614 0.440603 83.954561 20.706534 14.168500 3.547871 -5.483091 13.789365 18.035915 -2.416157 10.699577 -15.094558 nan nan nan -18.971017 -10.978458 -5.945048 2.624868 -9.961434 16.389201 5.269209 -3.785135 -3.120460 nan nan nan -5.300667 -4.137280 -0.980401 5.054893 -9.652858 9.642362 0.835303 -1.493790 -8.280505 4.413863 -8.267932 16.038090 6.596600 -12.149526 -0.049625 5.229560 -13.410050 -2.951946 -42.670361 -48.321220 13.721167 137.093288 -67.127379 -117.152108 -1.733492 -17.241001 -13.968219 -3.814867 14.527458 -2.202295 42.020276 24.196460 12.353294 -57.262522 84.539004 -47.715086 10.012372 8.125485 -33.109446 
25.038731 55.128799 91.486084 -74.189128 0.298512 84.063937 20.237830 13.866928 3.130985 -5.581836 13.689747 18.895657 -1.876690 10.755316 -16.485304 nan nan nan -18.851149 -10.913886 -6.012781 3.216620 -9.061016 15.800424 5.281353 -3.418242 -3.959467 nan nan nan -4.942700 -3.167024 -0.793870 4.823955 -9.010142 9.779472 0.748022 -1.254859 -8.586369 4.753893 -8.501896 14.895646 6.328182 -12.630284 0.848505 5.119426 -14.148957 -3.684610 -44.023546 -48.624335 15.374572 137.836132 -66.790036 -117.220073 -1.766547 -16.870187 -14.126099 -3.674224 15.858748 -2.323194 42.038228 24.089054 14.055620 -56.328998 86.711000 -46.034724 10.122518 8.377385 -33.300829 
24.863554 55.822571 91.184402 -74.966026 0.083207 84.082532 19.654875 13.302973 2.590429 -5.641747 13.471387 19.950528 -1.258635 10.789623 -17.957743 nan nan nan -18.793524 -10.894162 -6.111763 3.591783 -8.237974 15.670912 5.201653 -3.231165 -4.814143 nan nan nan -4.728762 -2.198289 -0.364139 4.631548 -8.344069 9.777673 0.653480 -1.103316 -8.914601 4.964732 -8.843163 13.625497 6.014274 -13.253442 1.994473 5.030984 -14.881493 -4.397182 -45.203308 -48.945414 17.078949 138.019358 -66.538518 -116.829113 -1.629384 -16.721424 -14.090525 -3.449265 16.960322 -2.787559 42.245518 23.730499 16.007851 -54.915804 88.356738 -43.682344 10.334187 8.907546 -32.997009 
24.722004 56.497101 90.909401 -75.492896 -0.142100 84.100322 19.024322 12.595043 1.885362 -5.582276 13.350207 21.186319 -0.794105 10.881598 -19.400519 nan nan nan -18.650644 -10.873980 -6.452975 3.657632 -7.757679 16.125104 4.924279 -3.147627 -5.846247 nan nan nan -4.698459 -1.348677 0.110500 4.541096 -7.715013 9.821461 0.653421 -0.926910 -9.209608 5.013687 -9.283582 12.465831 5.793525 -13.915262 2.916702 4.932824 -15.616068 -4.997914 -46.280350 -49.311001 18.616461 137.955824 -66.403646 -116.479396 -1.409898 -16.879018 -13.822517 -3.272798 17.851288 -3.339716 42.292480 23.385968 17.502293 -22.151404 89.703582 -10.449642 10.930038 10.035886 -32.143714 
24.568834 57.123398 90.667587 -75.806542 -0.378636 84.010531 18.339694 11.822911 1.278749 -5.330665 13.221890 22.380851 -0.461766 11.299003 -20.603239 nan nan nan -18.435816 -10.731192 -6.851016 3.466016 -7.540135 17.037467 4.668657 -3.266981 -7.181741 nan nan nan -4.802687 -0.648126 0.631292 4.486750 -7.172690 9.883456 0.696645 -0.782200 -9.275156 4.991005 -9.745480 11.379846 5.770085 -14.479347 3.550233 4.723084 -16.168514 -5.346662 -47.263960 -49.992464 19.742992 137.831592 -66.447125 -116.515008 -1.371825 -17.157160 -13.301811 -3.097269 18.632335 -3.434396 41.914878 23.413537 18.296152 119.356299 88.838418 130.836733 11.135428 10.722888 -31.585620 
24.395323 57.709770 90.464401 -75.926935 -0.625248 83.791498 17.646325 10.968220 0.860964 -4.817923 13.179244 23.469575 -0.087500 12.066850 -21.316780 nan nan nan -18.245309 -10.482441 -7.147602 3.177502 -7.522228 18.132441 4.474851 -3.450078 -8.618201 nan nan nan -4.940607 -0.068120 1.286896 4.395318 -6.699432 9.736724 0.811901 -0.775204 -9.013094 4.928714 -10.016327 10.383065 5.871075 -14.919830 3.831835 4.494241 -16.511175 -5.676595 -48.552804 -50.698744 20.767373 137.632813 -66.541243 -117.098069 -2.222143 -17.515957 -12.303037 -2.842629 19.369130 -3.426831 41.233123 23.362591 18.761017 131.431184 87.271710 142.041891 13.531493 11.629536 -31.510557 
24.244268 58.285267 90.267639 -76.021891 -0.696526 83.770947 17.200745 10.506915 0.158100 -3.984206 13.119430 24.743040 0.211169 13.070075 -21.612069 nan nan nan -17.777140 -10.130938 -7.816096 2.879730 -7.297273 19.462957 4.181158 -3.998898 -10.077041 nan nan nan -4.867424 0.393833 1.744018 4.386813 -6.285542 9.548520 0.916952 -0.835043 -8.690319 4.739613 -10.253668 9.478458 5.917028 -15.183302 3.940659 4.194792 -17.015960 -5.996787 -49.024964 -50.947070 21.359397 138.416390 -66.565754 -118.186384 -1.327613 -17.104061 -12.477538 -2.761086 19.863903 -3.626424 40.963724 23.404603 19.433570 136.588789 86.025614 147.009035 11.091486 10.030558 -32.670644 
24.097305 58.795074 90.097496 -76.096500 -0.651722 83.759373 16.918848 10.078512 -0.416263 -2.872618 13.311438 25.765209 0.436928 13.841280 -21.598157 nan nan nan -17.287899 -9.655659 -8.700512 2.545924 -7.233960 21.185137 3.816990 -4.303672 -11.227987 nan nan nan -4.562576 0.748295 2.050954 4.360325 -5.927056 9.479075 1.019744 -0.975921 -8.346597 4.543367 -10.473115 8.685984 5.798916 -15.399048 4.005992 3.946081 -17.698746 -6.411771 -49.333380 -50.746277 21.613974 139.135223 -66.458153 -118.971670 -0.916008 -16.997708 -12.515536 -2.727945 20.532897 -3.996346 40.548298 23.543365 19.753672 135.917449 85.027397 146.300458 10.566288 9.765879 -33.148583 
23.939749 59.257275 89.968803 -76.044399 -0.590987 83.656485 16.694331 9.666919 -0.754042 -1.813843 13.229234 26.391267 0.665698 14.350188 -21.371931 nan nan nan -16.929625 -9.103862 -9.570220 2.218381 -7.289294 23.121231 3.537798 -4.521978 -11.980831 nan nan nan -4.275993 0.949119 2.214171 4.312743 -5.799778 9.695070 1.163891 -1.109587 -8.076208 4.336205 -10.598808 8.294443 5.739086 -15.380868 4.000145 3.510897 -18.848735 -6.737105 -48.972491 -50.063295 21.423964 139.799242 -66.291112 -119.035746 -0.097955 -16.673970 -13.330850 -2.764669 21.553032 -4.593616 40.240797 23.422592 20.102370 134.229652 84.411745 144.204597 10.296952 9.770319 -33.840610 
23.759630 59.673473 89.835411 -75.970432 -0.537232 83.505768 16.559994 9.131496 -0.858677 -0.971684 13.039533 26.698590 0.854837 14.636680 -21.072910 nan nan nan -16.659381 -8.434831 -10.347881 1.884206 -7.501158 25.104824 3.555680 -4.635946 -12.631976 nan nan nan -3.810157 0.888669 2.448891 4.173485 -5.647932 10.003498 1.030991 -1.184983 -7.994499 4.267988 -10.528280 8.042835 5.630418 -15.525628 4.148889 3.807950 -19.181191 -7.430998 -50.000488 -49.505476 22.175247 139.610024 -66.255453 -118.904612 0.370810 -16.748050 -13.341644 -3.030907 22.057693 -4.938279 40.432432 23.852141 20.441703 131.996296 83.922572 141.453334 9.698992 9.865087 -33.640504 
23.550907 60.070786 89.736664 -75.832209 -0.414281 83.324445 16.556143 8.602192 -0.793972 -0.537208 12.423474 26.709616 1.041227 15.205482 -20.749425 nan nan nan -16.389895 -7.733717 -10.988421 1.761457 -7.698909 26.901312 3.753854 -4.989444 -13.370667 nan nan nan -3.452057 0.725944 2.758465 4.149701 -5.651345 10.156851 1.063759 -1.231023 -7.853058 4.057568 -10.591630 7.879663 5.500116 -15.330552 4.258936 3.832701 -19.722241 -7.659947 -49.886213 -48.947952 21.861880 140.060592 -66.207385 -118.691494 0.852261 -16.621292 -13.911512 -3.270876 22.687214 -5.386135 40.570217 23.991116 20.834444 130.998776 83.509033 140.610025 9.145641 9.773221 -33.438940 
23.343319 60.434971 89.678032 -75.628635 -0.369044 83.094742 16.454653 8.109775 -0.570110 -0.265860 11.690707 26.481431 1.280630 15.901886 -20.374890 nan nan nan -16.271002 -7.162418 -11.431986 1.795954 -7.909620 28.419200 3.941784 -5.376942 -14.126802 nan nan nan -3.235160 0.391883 3.215003 4.159189 -5.776976 10.185806 1.079184 -1.158571 -7.834191 3.658474 -10.742796 8.115989 5.528521 -14.754630 4.201873 3.622413 -19.985113 -7.761128 -49.887020 -48.485045 21.845867 140.578306 -66.346904 -118.749886 1.439790 -16.282005 -14.955840 -3.338648 23.196042 -5.586395 40.711199 24.380699 21.292689 129.415729 83.401507 139.315798 8.835093 9.784571 -33.203763 
23.155664 60.757465 89.644135 -75.472112 -0.445607 82.867406 16.190873 7.735131 -0.246545 0.049777 11.158127 26.101092 1.438520 16.564352 -20.007216 nan nan nan -16.282690 -6.765023 -11.734766 1.749208 -8.221764 29.667386 4.066449 -5.471101 -14.805437 nan nan nan -3.132079 -0.026322 3.681654 4.143536 -5.869649 10.194906 1.045942 -1.048964 -7.873838 3.304360 -10.856008 8.674451 5.688540 -14.276157 3.906310 3.646177 -19.883135 -7.753930 -50.641893 -48.242184 22.248779 140.643163 -66.476234 -118.857699 1.722868 -16.225913 -15.321130 -3.385693 23.543837 -5.408477 40.723811 25.047350 21.500653 128.245436 83.261248 138.228449 8.957366 10.409505 -32.962736 
22.974375 61.051590 89.631104 -75.349694 -0.551135 82.676156 15.946527 7.605474 0.063397 0.356431 10.821013 25.697616 1.520596 17.109419 -19.749360 nan nan nan -16.312609 -6.640516 -11.902809 1.718416 -8.421350 30.652924 4.007691 -5.409296 -15.463735 nan nan nan -3.037441 -0.349718 4.107096 4.116717 -5.928383 10.064048 0.981754 -0.976350 -7.819439 3.191793 -10.881362 9.057300 5.756941 -14.051395 3.817173 3.779294 -19.773501 -7.700263 -51.380639 -48.111022 22.701012 140.465988 -66.571297 -118.672574 2.013135 -16.144660 -15.221875 -3.418722 23.779033 -5.181389 40.743165 25.427009 21.794763 130.690439 82.855012 140.594165 8.897682 10.569312 -33.631468 
22.788321 61.334156 89.639618 -75.215896 -0.559156 82.583686 15.900220 7.681504 0.246258 0.563128 10.499875 25.388626 1.552294 17.538522 -19.503988 nan nan nan -16.191550 -6.642538 -11.933955 1.754005 -8.518298 31.218562 3.800061 -5.435055 -16.059644 nan nan nan -2.864763 -0.646964 4.347931 4.094865 -6.101692 9.963411 0.929266 -0.798609 -7.817541 3.205346 -10.849204 9.445022 5.756341 -13.848125 3.663671 3.653869 -20.086372 -7.628769 -51.058916 -47.811862 22.523285 140.681805 -66.681418 -118.413378 2.305958 -15.784353 -15.427280 -3.453180 24.215752 -5.066459 40.816682 25.234204 22.031343 133.820469 82.352087 143.960404 8.490146 10.309164 -34.485739 
22.601334 61.620800 89.652397 -75.068612 -0.543237 82.660646 15.901796 7.697302 0.300509 0.687508 10.124626 25.089384 1.585394 17.875964 -19.253039 nan nan nan -15.993886 -6.711303 -11.934272 1.785511 -8.626800 31.399403 3.499235 -5.470359 -16.572499 nan nan nan -2.655805 -0.902109 4.330526 4.064184 -6.331030 9.980737 0.861914 -0.615775 -7.972238 3.124757 -10.981837 10.045911 5.874943 -13.553800 3.406442 3.443969 -20.445616 -7.580177 -50.081118 -47.455826 21.984332 141.301369 -67.046965 -118.139001 3.141508 -15.539167 -16.278633 -3.584207 24.631653 -5.083154 41.063879 24.871696 22.272116 135.262664 81.925468 145.798016 8.122809 10.459602 -35.269136 
22.423592 61.879822 89.622490 -74.933633 -0.690608 82.768129 15.791019 7.608878 0.409893 0.827360 10.047760 24.661389 1.630195 17.962439 -19.003974 nan nan nan -16.030111 -6.913640 -11.904563 1.807611 -8.821499 31.416712 3.182197 -5.308465 -17.038406 nan nan nan -2.524537 -1.131960 4.064662 3.930409 -6.630595 10.498419 0.679865 -0.405798 -8.365174 3.184977 -11.008405 10.325708 5.929070 -13.395733 3.527916 3.460220 -20.414853 -7.713552 -49.873570 -47.284959 22.104913 141.464691 -67.430916 -117.805704 3.792246 -15.444602 -16.954317 -3.725015 24.810945 -5.215345 41.404556 24.764592 22.872526 136.520799 81.641074 146.815251 7.851271 10.845872 -36.294576 
22.219316 62.158951 89.597404 -74.788782 -0.654154 83.001995 16.015404 7.566385 0.412439 0.947960 10.353601 24.368955 1.292658 17.651859 -19.026464 nan nan nan -15.874960 -7.110960 -11.768086 1.769292 -9.330055 31.104253 2.699995 -4.845166 -17.283234 nan nan nan -2.557096 -0.908269 3.793685 4.152298 -6.481652 10.071323 0.987636 -0.582884 -7.985229 3.328485 -11.112271 10.695871 5.783523 -13.606510 3.222933 2.730058 -20.400609 -7.395357 -53.352403 -47.691965 23.377571 140.686689 -68.295492 -118.227329 1.534237 -16.707243 -15.063125 -4.039186 24.518359 -5.373199 41.215546 24.384898 22.443483 135.030937 80.508386 144.607551 8.969485 11.866924 -35.768607 
22.054050 62.444763 89.520988 -74.716247 -0.779896 83.234590 16.158091 7.737843 0.392678 1.004176 10.634346 24.097849 1.156390 17.232919 -18.919758 nan nan nan -15.893894 -7.418059 -11.793025 1.838269 -9.528890 30.983241 2.497900 -4.606211 -17.596823 nan nan nan -2.487775 -1.032510 3.442537 4.083627 -6.761807 10.683099 0.872960 -0.425174 -8.528030 3.731288 -10.874196 10.652443 5.591987 -13.819411 3.326135 3.042524 -19.946672 -7.426484 -54.206047 -47.819958 24.840763 139.666393 -67.780215 -119.395264 0.406171 -16.035765 -12.557189 -4.165684 24.225785 -5.361088 41.402499 24.808130 22.728368 133.759077 80.054702 142.518887 9.061796 11.788588 -34.927026 
21.866535 62.726570 89.459099 -74.635763 -0.770852 83.447097 16.523043 8.073538 0.466945 0.820856 10.536400 23.648857 0.987015 16.974006 -18.777528 nan nan nan -15.778846 -7.765776 -11.797946 2.070080 -9.512158 30.861928 2.354179 -4.602032 -17.883022 nan nan nan -2.528509 -0.887885 3.208770 4.281343 -6.674639 10.516766 1.048072 -0.577301 -8.408380 3.733811 -11.216230 10.694638 5.464814 -13.752280 3.392792 2.727686 -20.018773 -7.382246 -54.501027 -48.049239 25.228485 139.666668 -68.222849 -119.784996 0.485604 -15.731469 -12.121913 -4.353722 23.870591 -5.714740 41.391862 24.797935 22.806777 131.268259 79.535198 139.782662 8.773422 11.226099 -35.175652 
21.659712 63.006294 89.407791 -74.569854 -0.797980 83.578010 16.889299 8.354421 0.716490 0.579040 10.526439 23.070540 0.800029 16.603689 -18.626947 nan nan nan -15.670801 -7.951267 -11.787196 2.228451 -9.444468 30.844230 2.363652 -4.570007 -18.161732 nan nan nan -2.608654 -0.709731 3.117709 4.478934 -6.522501 10.243653 1.274287 -0.845055 -8.268226 3.710000 -11.428043 10.640640 5.319976 -13.778862 3.573383 2.613918 -20.159061 -7.340881 -54.769781 -48.162303 25.346884 139.729578 -68.585022 -120.035578 0.427189 -15.988046 -11.726818 -4.501625 23.726356 -5.946289 41.117607 24.607700 22.820545 130.910296 78.684223 139.098355 9.100063 12.286868 -35.347051 
21.477100 63.276325 89.357262 -74.517773 -0.892945 83.719338 17.187083 8.548192 0.945904 0.243976 10.546184 22.525587 0.707209 16.300780 -18.399935 nan nan nan -15.613823 -8.043674 -11.967114 2.328382 -9.318495 31.079905 2.260609 -4.733105 -18.348354 nan nan nan -2.674884 -0.599305 3.041166 4.617728 -6.400863 10.113966 1.385323 -1.152951 -8.212169 3.809338 -11.496036 10.285269 5.150521 -13.797824 3.955397 2.818697 -20.204483 -7.313704 -54.995609 -48.237238 25.461036 139.982836 -68.647576 -120.258640 0.621996 -16.135932 -11.761440 -4.557447 23.644750 -5.891368 40.896092 24.777026 22.950357 131.360167 78.069684 139.360495 8.832789 12.478041 -35.522144 
21.300970 63.526264 89.310944 -74.431192 -1.003444 83.814373 17.439974 8.719272 1.174920 -0.157621 10.304921 22.048129 0.671604 16.167766 -18.204767 nan nan nan -15.608087 -8.076352 -12.197096 2.408254 -9.241782 31.527878 2.090619 -4.901839 -18.487141 nan nan nan -2.811721 -0.579910 2.822543 4.749120 -6.388950 10.332762 1.472721 -1.308701 -8.265042 3.888245 -11.523966 10.113998 5.087318 -13.864431 4.131640 2.953159 -20.337410 -7.298832 -55.015099 -48.293859 25.541240 140.149431 -68.641738 -120.601453 0.754160 -16.053694 -11.779744 -4.583370 23.692603 -5.811935 40.733800 24.850726 23.079628 131.676123 77.700933 139.540390 8.322596 12.070916 -35.756722 
21.125483 63.771198 89.271729 -74.327433 -1.111912 83.828015 17.669879 8.965883 1.448284 -0.506547 9.990938 21.548964 0.681617 16.113193 -17.948416 nan nan nan -15.573866 -8.132878 -12.405398 2.440227 -9.163740 32.084268 2.085231 -5.035473 -18.738004 nan nan nan -3.018222 -0.624774 2.680688 4.874368 -6.427873 10.493116 1.609933 -1.402160 -8.222156 3.926183 -11.547423 10.086934 5.029157 -13.895937 4.171186 3.088426 -20.491807 -7.322258 -54.886123 -48.286894 25.407821 140.499565 -68.634488 -121.188317 0.659705 -15.772355 -11.766636 -4.646006 23.766359 -5.821389 40.694034 24.868250 23.106005 130.864786 77.535782 138.900900 8.192761 11.742783 -35.633782 
20.965137 64.008270 89.243690 -74.276517 -1.231647 83.791689 17.875410 9.301449 1.727529 -0.695840 9.995983 21.107039 0.693868 15.952529 -17.587899 nan nan nan -15.534064 -8.165466 -12.595023 2.425979 -9.147999 32.592049 2.161604 -5.128741 -19.011459 nan nan nan -3.236490 -0.668736 2.845621 4.999135 -6.361769 10.277722 1.767715 -1.536312 -8.106340 4.020935 -11.484684 9.975826 4.864135 -13.995512 4.320406 3.230779 -20.599620 -7.422546 -54.890866 -48.272631 25.372237 140.566381 -68.647043 -121.229762 0.394674 -15.807304 -11.937178 -4.671425 23.771777 -5.900265 40.796942 24.918727 23.231467 129.758231 77.511740 138.310693 8.517479 11.325918 -35.382388 
20.797245 64.219193 89.223541 -74.220314 -1.374984 83.730219 18.017501 9.415785 2.088070 -0.812935 10.230784 20.638238 0.622395 15.610583 -17.283721 nan nan nan -15.582929 -8.070605 -12.642937 2.281168 -9.466763 32.955985 2.194214 -4.933560 -19.235433 nan nan nan -3.409675 -0.711638 3.018687 5.062918 -6.347032 10.197430 1.911952 -1.637815 -8.198864 4.064096 -11.266868 10.041375 4.814990 -14.198508 4.363853 3.325555 -20.653843 -7.513252 -55.202512 -48.234085 25.469151 140.025014 -68.732419 -120.902946 -0.545046 -16.411455 -11.289294 -4.485801 24.041215 -5.896220 40.445866 24.669738 23.291176 130.289635 77.013920 138.566253 11.236708 13.192386 -34.933469 
20.642630 64.420990 89.195145 -74.176379 -1.505537 83.743159 18.131234 9.674446 2.317555 -1.048108 9.883949 20.242062 0.586215 15.642994 -17.041329 nan nan nan -15.576454 -8.004550 -12.802902 2.304170 -9.439301 33.338114 2.165209 -5.172503 -19.495591 nan nan nan -3.483570 -0.834886 3.061749 5.117517 -6.354318 10.111859 1.859120 -1.634011 -8.207031 4.055561 -11.286786 10.095189 4.793041 -14.185803 4.396413 3.355688 -20.739247 -7.279990 -54.679389 -48.386475 25.250314 140.511532 -68.955154 -121.190712 0.995976 -15.977084 -12.146575 -4.498754 24.045009 -5.773249 40.958117 24.903807 23.561807 129.315733 77.395191 138.110272 7.460237 10.969317 -35.488618 
20.506702 64.628906 89.177452 -74.135083 -1.653808 83.743701 18.222042 9.795020 2.576686 -1.217038 9.857691 19.819201 0.571930 15.520668 -16.832539 nan nan nan -15.603044 -7.959166 -12.919555 2.271536 -9.485671 33.694947 2.130899 -5.214739 -19.766320 nan nan nan -3.562455 -0.979139 3.121872 5.109989 -6.384214 10.009776 1.869308 -1.630285 -8.136182 4.052520 -11.213286 10.175802 4.751646 -14.185518 4.262338 3.485788 -20.726221 -7.297080 -54.589400 -48.360146 25.194277 140.666508 -68.932296 -121.299270 1.013903 -15.808664 -12.337945 -4.491711 24.158894 -5.751680 41.266703 24.833364 23.827408 129.380052 77.376116 138.324856 7.612419 10.936512 -35.880301 
20.365772 64.839859 89.167915 -74.175226 -1.792609 83.673074 18.347918 9.957919 3.004908 -1.374440 9.885818 19.292384 0.552974 15.341579 -16.598720 nan nan nan -15.568901 -7.896985 -12.956637 2.187475 -9.467595 33.998470 2.118096 -5.202201 -20.080286 nan nan nan -3.648289 -1.143996 3.205304 5.075462 -6.440789 10.062562 1.879035 -1.534431 -8.186928 4.070588 -11.018443 10.382826 4.728431 -14.225529 4.103359 3.621051 -20.751604 -7.353324 -54.483073 -48.273235 25.113375 140.514105 -68.859015 -121.143333 0.949011 -15.630292 -12.435534 -4.413069 24.391375 -5.648186 41.475182 24.732651 24.033803 129.591198 77.387628 138.717390 7.744373 11.044357 -36.076714 
20.226673 65.046272 89.127029 -74.213481 -1.879338 83.601328 18.524048 10.086338 3.429909 -1.527926 9.876313 18.716003 0.486995 15.196529 -16.268797 nan nan nan -15.452065 -7.789811 -13.006933 2.031264 -9.455002 34.305624 2.112254 -5.209073 -20.406171 nan nan nan -3.682696 -1.326272 3.309624 4.999015 -6.532045 10.103732 1.853506 -1.335480 -8.233898 4.184121 -10.779731 10.511089 4.808191 -14.373002 4.030764 3.802039 -20.793672 -7.465039 -54.426320 -48.278079 25.096469 140.069223 -68.918476 -120.792648 1.031121 -15.305240 -12.406736 -4.235307 24.653181 -5.576300 41.561832 24.623889 24.245529 130.029306 77.393788 139.170572 7.722565 11.090174 -36.092468 
20.099583 65.231758 89.074944 -74.174412 -1.972493 83.596763 18.621425 10.145623 3.695827 -1.620014 9.912342 18.239856 0.435088 15.063242 -16.006876 nan nan nan -15.414544 -7.642990 -13.107707 1.881163 -9.604913 34.668161 2.069872 -5.224342 -20.707760 nan nan nan -3.677768 -1.520695 3.347976 4.929562 -6.613037 10.128007 1.788177 -1.255446 -8.234925 4.304277 -10.498715 10.512190 4.856182 -14.546706 3.957961 4.044625 -20.674290 -7.569585 -54.588331 -48.379858 25.135785 139.557882 -68.949809 -120.308603 0.658533 -15.285323 -12.062301 -4.110460 24.845777 -5.561953 41.819200 24.571824 24.622026 130.553610 77.478813 139.733709 8.256577 11.584344 -35.946414 
19.988092 65.413124 89.028992 -74.086334 -2.037213 83.603811 18.715026 10.357744 3.820339 -1.619978 9.896123 17.908583 0.325937 14.884673 -15.784272 nan nan nan -15.356432 -7.553723 -13.218675 1.783159 -9.700196 35.055393 2.006612 -5.269729 -21.019055 nan nan nan -3.645957 -1.732692 3.394998 4.907879 -6.691091 10.155023 1.750931 -1.238400 -8.220314 4.355458 -10.220680 10.570453 4.841097 -14.652015 3.719543 4.194911 -20.602174 -7.640791 -54.522612 -48.430924 24.997686 139.365597 -68.948052 -119.866872 0.772779 -15.303690 -11.950878 -4.123099 24.980848 -5.525886 42.223818 24.605969 24.918968 130.520761 77.673973 140.021802 7.566017 11.448652 -36.072343 
19.861364 65.604126 88.989639 -74.022074 -2.029920 83.589054 18.858223 10.575145 3.966225 -1.536738 9.782939 17.611172 0.264053 14.772910 -15.551855 nan nan nan -15.209847 -7.576034 -13.296369 1.771650 -9.634207 35.393246 1.932369 -5.360253 -21.301104 nan nan nan -3.582474 -1.884813 3.547976 4.909739 -6.704987 9.947634 1.775188 -1.237293 -8.109199 4.387499 -10.141495 10.466199 4.653652 -14.676255 3.763030 4.243581 -20.613589 -7.666869 -54.450072 -48.427772 24.834214 139.491766 -69.060153 -119.751342 1.415554 -15.115975 -11.768479 -4.124854 24.966176 -5.381986 42.485559 24.722981 24.902201 129.995088 77.607865 139.681193 6.811781 10.728603 -36.053497 
19.733015 65.769325 88.966537 -73.954604 -2.038994 83.596682 18.910766 10.563817 4.137926 -1.451404 9.769173 17.267687 0.245486 14.739670 -15.357834 nan nan nan -15.140961 -7.577106 -13.328502 1.739727 -9.761277 35.613504 1.907810 -5.283928 -21.482199 nan nan nan -3.527554 -2.016895 3.575162 4.899362 -6.742650 9.838597 1.795983 -1.210930 -8.033360 4.405748 -10.027429 10.420334 4.543988 -14.687629 3.905990 4.359077 -20.523066 -7.722179 -54.828315 -48.386653 24.956678 139.318093 -69.152231 -119.617335 1.557579 -15.116079 -11.210882 -4.003296 25.050411 -5.192510 42.409050 24.663103 24.810417 130.337325 77.240927 139.765313 7.700022 11.494361 -35.699770 
19.641342 65.936172 88.931877 -73.850488 -2.047033 83.662602 18.947778 10.593288 4.159294 -1.411725 9.720588 17.041468 0.272452 14.768674 -15.244131 nan nan nan -15.065218 -7.547989 -13.447548 1.723144 -9.873179 35.817648 1.882812 -5.304656 -21.642571 nan nan nan -3.434572 -2.242612 3.602078 4.875616 -6.815332 9.686325 1.721997 -1.085631 -7.931077 4.477694 -9.912051 10.402503 4.529217 -14.720039 3.991864 4.475020 -20.298085 -7.741738 -55.240202 -48.532082 25.226057 139.252975 -69.324624 -119.662969 2.079009 -15.130131 -11.225230 -3.899049 25.059092 -4.926469 42.581199 24.750647 24.826967 130.310746 77.296535 139.773085 7.355048 11.501198 -35.480575 
19.562778 66.103371 88.892464 -73.792972 -2.043558 83.697974 19.006686 10.637632 4.173722 -1.322414 9.719629 16.927248 0.295790 14.747415 -15.118154 nan nan nan -14.946434 -7.471280 -13.587842 1.684419 -9.937425 36.055596 1.898676 -5.357826 -21.771773 nan nan nan -3.357005 -2.341249 3.648515 4.895535 -6.855510 9.663771 1.713674 -1.057450 -7.925302 4.505953 -9.753981 10.421788 4.528351 -14.848863 3.910082 4.536970 -20.224935 -7.780847 -55.539568 -48.593753 25.373940 139.090995 -69.268474 -119.588366 2.002262 -15.276759 -11.234708 -3.914770 25.165177 -4.871300 42.791037 24.655407 24.957455 130.955895 77.343989 140.343794 7.391613 11.669120 -35.709182 
19.471325 66.258087 88.838707 -73.762612 -2.063434 83.683661 19.027998 10.633521 4.265299 -1.216903 9.606347 16.765422 0.357366 14.769983 -14.901206 nan nan nan -14.842368 -7.405165 -13.701444 1.651769 -9.922638 36.317667 1.958647 -5.464202 -21.949514 nan nan nan -3.385229 -2.272122 3.689873 4.929785 -6.858856 9.658640 1.788688 -1.107056 -7.851614 4.505785 -9.722899 10.392849 4.545866 -14.892475 3.884688 4.603384 -20.437910 -7.854368 -55.537207 -48.584731 25.287437 138.877993 -69.186622 -119.349391 2.202144 -15.148563 -11.319186 -3.931505 25.261526 -5.031152 42.911631 24.399776 25.023574 131.318590 77.197552 140.711415 7.495786 11.603328 -35.833709 
19.377987 66.379524 88.773094 -73.759185 -2.144052 83.665201 18.969928 10.593197 4.391978 -1.157829 9.514208 16.557674 0.418712 14.935958 -14.736151 nan nan nan -14.839491 -7.401912 -13.824185 1.630536 -9.886894 36.643037 1.981644 -5.501160 -22.213970 nan nan nan -3.484953 -2.204832 3.684978 4.947554 -6.845846 9.683593 1.819238 -1.049509 -7.711348 4.549034 -9.777269 10.303266 4.638735 -14.892335 3.856152 4.534052 -20.515795 -7.861991 -55.472762 -48.924268 25.191413 138.601533 -69.385968 -119.156863 2.364770 -15.071539 -11.206095 -3.870574 25.180218 -5.208162 42.944416 24.208777 25.090247 131.186619 76.918988 140.701948 7.564513 11.352333 -35.474022 
19.271233 66.473114 88.720337 -73.748559 -2.272879 83.580783 18.857695 10.456254 4.651724 -1.063335 9.656137 16.264578 0.501575 14.954021 -14.588898 nan nan nan -14.956910 -7.471862 -13.769272 1.591055 -9.970374 36.861082 1.907315 -5.319709 -22.426362 nan nan nan -3.576551 -2.177584 3.800772 4.947932 -6.842538 9.816490 1.853338 -1.076033 -7.782712 4.631432 -9.733161 10.171362 4.647755 -14.943386 3.821999 4.813962 -20.624453 -7.994438 -55.884552 -48.890252 25.348558 138.022162 -69.075820 -118.547757 1.660352 -15.117893 -10.757072 -3.893308 25.185748 -5.352858 43.062348 24.003589 25.283310 132.153744 76.600494 141.627242 9.199469 12.385705 -34.920889 
19.176983 66.581299 88.686043 -73.791481 -2.327253 83.540056 18.825787 10.354779 4.831847 -0.988058 9.622827 16.068518 0.500773 15.057391 -14.433214 nan nan nan -14.939010 -7.486044 -13.744778 1.584996 -9.982111 36.973156 1.779642 -5.329016 -22.558012 nan nan nan -3.581743 -2.125975 3.845708 4.977927 -6.779268 9.927829 1.856365 -1.093670 -7.867483 4.699895 -9.752825 10.081719 4.611059 -14.967848 3.909840 4.788116 -20.492651 -8.022939 -56.254916 -49.126924 25.582290 137.751063 -69.155701 -118.419565 1.493309 -15.005017 -10.478599 -3.876772 25.031130 -5.302244 43.288023 24.027480 25.365798 132.411634 76.470421 141.792482 9.568738 12.669582 -34.830332 
19.123016 66.698395 88.656387 -73.894228 -2.371834 83.595328 18.757162 10.291576 4.832497 -0.882537 9.540670 16.045288 0.527736 15.265740 -14.388706 nan nan nan -14.867584 -7.429643 -13.913558 1.588212 -9.915526 37.148576 1.719444 -5.403513 -22.673170 nan nan nan -3.542950 -2.079346 3.768225 4.992509 -6.701845 10.001902 1.828592 -1.066340 -7.894858 4.627404 -9.822055 10.117928 4.662645 -14.942776 3.962136 4.631183 -20.410839 -8.032204 -56.303769 -49.323064 25.698971 137.637246 -69.381840 -118.394755 1.909320 -14.967060 -10.566965 -3.847153 24.912747 -5.237614 43.499025 24.115567 25.440619 131.920747 76.508907 141.274680 8.802185 12.500995 -35.036869 
19.083937 66.826820 88.628410 -73.917258 -2.431589 83.678500 18.694916 10.244032 4.734851 -0.834707 9.556290 16.053884 0.571971 15.469600 -14.389982 nan nan nan -14.814959 -7.373977 -14.044802 1.604336 -9.879961 37.241162 1.701548 -5.487157 -22.807456 nan nan nan -3.579550 -2.022137 3.613585 5.013181 -6.675603 10.088356 1.862938 -1.085243 -7.807252 4.556172 -9.849046 10.085708 4.718748 -14.959901 3.903380 4.597668 -20.370802 -7.974684 -56.362528 -49.519883 25.668289 137.660507 -69.554027 -118.433938 2.265007 -15.036556 -10.783016 -3.909600 24.862128 -5.266118 43.681533 24.169005 25.527105 131.408286 76.495155 140.678801 8.216679 12.347175 -35.489779 
19.033707 66.949417 88.598343 -73.973782 -2.484049 83.715960 18.700079 10.258880 4.707271 -0.809695 9.678834 16.064016 0.584037 15.527196 -14.358509 nan nan nan -14.762588 -7.313458 -14.165978 1.569464 -9.890416 37.408852 1.714289 -5.524370 -23.023022 nan nan nan -3.592822 -1.989330 3.553501 5.011014 -6.633128 10.112853 1.933604 -1.169839 -7.746860 4.517203 -9.757163 10.088181 4.646181 -14.942383 3.868544 4.881173 -20.639425 -7.983827 -56.429713 -49.231049 25.515071 137.557467 -69.175734 -117.961578 2.218106 -15.013870 -11.053826 -4.007735 25.033889 -5.357355 43.864540 24.089027 25.613649 131.147652 76.665169 140.878697 8.507860 12.403885 -35.428098 
18.989283 67.069008 88.556770 -74.091432 -2.515465 83.771463 18.715740 10.271658 4.652212 -0.774586 9.648700 16.139885 0.619951 15.651932 -14.314566 nan nan nan -14.665315 -7.235593 -14.387667 1.548115 -9.792247 37.682861 1.731157 -5.623314 -23.146442 nan nan nan -3.626292 -1.912552 3.534233 5.051948 -6.489424 10.101569 1.994663 -1.228223 -7.729167 4.532919 -9.775770 10.041430 4.528371 -14.992693 4.017363 5.169701 -20.948342 -8.087312 -56.554288 -48.977586 25.620502 137.173405 -68.849572 -117.122753 2.575288 -14.843392 -11.483671 -4.070940 25.131888 -5.515241 44.038829 23.890270 25.890513 131.205399 76.834431 141.585433 7.703334 11.882507 -35.781929 
18.940987 67.174019 88.519310 -74.186267 -2.538294 83.753037 18.763712 10.292291 4.683488 -0.761608 9.540539 16.172426 0.641634 15.783073 -14.216003 nan nan nan -14.594108 -7.214405 -14.522701 1.528009 -9.700130 37.953837 1.598383 -5.698088 -23.208891 nan nan nan -3.695886 -1.895887 3.603374 5.139647 -6.391954 10.147924 2.019320 -1.147680 -7.785116 4.547842 -9.859307 10.053541 4.450841 -15.034879 4.172690 5.106018 -20.965992 -8.062004 -56.703017 -49.128693 25.826825 137.026545 -68.943789 -116.908825 3.036427 -14.632311 -11.503330 -4.050879 25.105887 -5.464813 44.092311 23.852358 26.012866 131.134212 76.810029 141.664373 6.581191 11.207480 -35.905778 
18.888777 67.268082 88.485954 -74.253981 -2.587298 83.701667 18.772443 10.265461 4.770831 -0.737481 9.500026 16.169623 0.659806 15.903066 -14.150364 nan nan nan -14.600186 -7.202203 -14.548266 1.562754 -9.685960 38.106701 1.506298 -5.694574 -23.271071 nan nan nan -3.734314 -1.901472 3.658156 5.172214 -6.364000 10.250919 2.005054 -1.057154 -7.864884 4.560457 -9.880285 10.162842 4.452587 -15.120325 4.133446 4.889631 -20.793259 -8.035650 -56.921339 -49.364434 26.067428 137.018175 -69.170325 -117.099966 3.111415 -14.463471 -11.392214 -4.045504 25.138621 -5.368450 44.259325 23.833350 26.135206 131.442840 76.802217 141.862856 6.126266 10.743741 -35.948197 
18.844767 67.353828 88.442375 -74.285597 -2.668188 83.720668 18.698186 10.177604 4.763696 -0.699083 9.443761 16.214229 0.724141 16.011095 -14.207753 nan nan nan -14.653745 -7.178570 -14.653431 1.594029 -9.708357 38.274337 1.531804 -5.674198 -23.365428 nan nan nan -3.723975 -1.905627 3.551898 5.121901 -6.382988 10.350652 1.969635 -1.048058 -7.827911 4.534767 -9.829921 10.284366 4.474900 -15.181428 4.074050 4.893881 -20.780830 -8.093197 -57.102120 -49.316818 26.141845 137.051054 -69.150824 -117.193241 2.930137 -14.327335 -11.181588 -4.024267 25.333114 -5.322257 44.429805 23.744412 26.192949 131.921038 76.891068 142.229371 6.107773 10.649560 -35.936296 
18.825808 67.425102 88.410042 -74.316574 -2.749968 83.719447 18.621319 10.105541 4.775396 -0.658404 9.401162 16.246146 0.743888 16.042739 -14.217294 nan nan nan -14.704596 -7.146276 -14.764738 1.569296 -9.722560 38.470177 1.579589 -5.684254 -23.448784 nan nan nan -3.694997 -1.937027 3.569067 5.052363 -6.394205 10.305461 1.932780 -1.036541 -7.729242 4.507425 -9.762689 10.369599 4.540934 -15.231395 3.987959 5.020164 -20.770052 -8.138440 -57.208247 -49.238109 26.138331 137.077359 -69.076379 -117.176362 2.964624 -14.323680 -11.093385 -3.983904 25.497732 -5.240145 44.496514 23.761931 26.176885 132.045533 76.989436 142.245552 6.158471 10.847913 -36.025480 
18.829279 67.499084 88.385704 -74.389680 -2.802023 83.659158 18.612312 10.063765 4.848364 -0.609002 9.415359 16.291439 0.730576 15.996866 -14.192460 nan nan nan -14.696003 -7.065784 -14.839251 1.529556 -9.672698 38.659354 1.629479 -5.715875 -23.506039 nan nan nan -3.623736 -1.985279 3.791948 4.970714 -6.366484 10.112801 1.857481 -0.980900 -7.637100 4.564651 -9.694382 10.353666 4.608715 -15.267784 4.025500 5.095264 -20.672663 -8.181361 -57.367809 -49.246512 26.244594 137.024064 -69.102396 -117.124112 3.034502 -14.382782 -11.132615 -3.913707 25.524343 -5.106914 44.541120 23.932166 26.127252 131.672604 77.044364 141.917585 6.096839 10.955396 -35.823061 
18.838326 67.563507 88.351250 -74.467239 -2.828685 83.609049 18.663656 10.078858 4.905611 -0.601018 9.461880 16.353005 0.710596 15.892335 -14.220505 nan nan nan -14.683980 -6.974654 -14.905894 1.539724 -9.637675 38.806471 1.662067 -5.727176 -23.630009 nan nan nan -3.555627 -1.974955 3.920315 4.903134 -6.339507 10.093985 1.800404 -0.935452 -7.628720 4.702878 -9.615628 10.257115 4.555307 -15.402480 4.212352 5.261886 -20.813503 -8.174856 -57.332889 -49.200413 26.204026 136.896434 -68.991952 -116.943791 3.006768 -14.482797 -11.157508 -3.957711 25.604631 -5.132297 44.630126 23.887581 26.154637 131.853922 77.103854 142.081166 5.812643 11.067188 -36.160122 
18.836779 67.613838 88.282982 -74.481877 -2.857236 83.602147 18.711394 10.057281 4.904948 -0.621387 9.531764 16.366005 0.682140 15.798421 -14.253700 nan nan nan -14.729493 -6.918647 -14.966837 1.570759 -9.710009 38.944230 1.750481 -5.654078 -23.778999 nan nan nan -3.579862 -1.935797 3.787367 4.835327 -6.368307 10.246726 1.784490 -0.796823 -7.483330 5.006522 -9.556442 10.122370 4.408381 -15.683560 4.390508 5.576760 -21.225495 -8.287617 -57.357467 -49.104045 26.160167 136.224792 -68.811198 -116.266750 2.557601 -14.759956 -10.947386 -4.038173 25.777653 -5.464078 44.659533 23.516907 26.169114 132.533635 77.207184 142.766536 5.805610 11.233080 -36.434434 
18.851242 67.652908 88.219543 -74.453376 -2.927717 83.684671 18.682255 9.961174 4.758016 -0.666023 9.607735 16.429833 0.637115 15.778904 -14.287884 nan nan nan -14.839376 -6.931377 -15.171187 1.579128 -9.826983 39.163978 1.714562 -5.559216 -23.832778 nan nan nan -3.697396 -1.922496 3.587966 4.812394 -6.379624 10.318954 1.810381 -0.652278 -7.267618 5.235140 -9.617773 10.045092 4.303183 -15.860979 4.398100 5.760531 -21.392251 -8.458167 -57.746218 -49.096812 26.446520 135.507962 -68.858388 -115.598490 2.471865 -14.916973 -10.765097 -4.051003 25.795917 -5.819990 44.636027 23.264730 26.215582 132.967404 77.304022 143.224222 6.007082 11.290518 -36.413954 
18.893757 67.688316 88.192932 -74.435841 -3.040833 83.763655 18.599369 9.857196 4.637386 -0.752859 9.560914 16.464234 0.643666 15.745033 -14.321943 nan nan nan -14.986941 -7.005016 -15.415005 1.558393 -9.874952 39.409437 1.628347 -5.526565 -23.660358 nan nan nan -3.702017 -1.971408 3.733851 4.772795 -6.321658 10.045954 1.767902 -0.653209 -7.134536 5.179581 -9.756547 9.934903 4.343983 -15.739162 4.440795 5.628614 -21.098978 -8.533508 -58.222516 -49.142070 26.891979 135.708033 -69.105320 -115.861735 3.039417 -14.605046 -10.867366 -3.973942 25.595972 -5.846361 44.668221 23.536925 26.277586 132.351854 77.292534 142.490294 5.882336 11.108995 -36.107719 
18.946898 67.719460 88.207954 -74.371344 -3.145985 83.778265 18.544894 9.787658 4.588338 -0.890696 9.443478 16.474434 0.669652 15.693617 -14.375304 nan nan nan -15.163368 -7.097325 -15.513595 1.609310 -9.917163 39.546046 1.703287 -5.497160 -23.531963 nan nan nan -3.575527 -2.101510 4.213682 4.740537 -6.214408 9.503708 1.662011 -0.794963 -7.112933 4.904266 -9.881200 9.823816 4.396653 -15.485964 4.571346 5.145606 -20.275905 -8.485398 -58.997755 -49.401858 27.574148 136.547417 -69.572473 -116.857447 3.260102 -14.244995 -10.884673 -3.848401 25.253303 -5.547965 44.837073 24.203507 26.336090 131.125852 77.361998 141.144834 5.884313 10.812935 -35.578089 
19.005722 67.731270 88.219910 -74.281463 -3.219978 83.776722 18.548780 9.753795 4.533475 -1.059539 9.361686 16.517033 0.696447 15.556935 -14.446828 nan nan nan -15.336330 -7.202336 -15.537927 1.702865 -9.966980 39.594794 1.840627 -5.435813 -23.544795 nan nan nan -3.447698 -2.169997 4.562761 4.713032 -6.147204 9.190061 1.622388 -0.951432 -7.154818 4.697565 -9.889392 9.697325 4.310715 -15.400076 4.719298 5.088015 -20.058027 -8.500171 -59.564591 -49.211278 27.979781 136.990449 -69.490360 -117.112071 3.263036 -14.177381 -10.949487 -3.915939 25.199356 -5.373394 45.030319 24.455906 26.347518 130.933841 77.568195 141.120431 5.913235 10.529602 -35.248219 
19.086912 67.724762 88.219757 -74.156570 -3.299525 83.803487 18.541972 9.690062 4.376697 -1.248985 9.308195 16.663639 0.570638 15.395596 -14.609626 nan nan nan -15.523763 -7.331919 -15.600371 1.731531 -10.091024 39.652665 1.872571 -5.331962 -23.535070 nan nan nan -3.436936 -2.166646 4.673055 4.686297 -6.114017 9.084713 1.566625 -0.912582 -7.101236 4.760208 -10.044588 9.511157 4.241436 -15.482539 4.883409 4.893954 -19.891947 -8.433554 -60.173838 -49.451617 28.486815 136.651271 -69.741381 -117.007792 3.115304 -14.433031 -10.797014 -3.889574 24.986754 -5.376184 45.023047 24.452437 26.291178 131.054567 77.667640 141.117146 6.027077 10.570628 -35.049905 
19.181309 67.671112 88.196342 -73.981657 -3.392171 83.789106 18.558398 9.494747 4.262577 -1.637067 9.041256 16.778008 0.548279 15.491359 -14.749833 nan nan nan -15.803773 -7.539133 -15.517283 2.040514 -10.025705 39.590144 1.661121 -5.539549 -23.382364 nan nan nan -4.186440 -1.824784 4.818176 4.789955 -6.174870 8.948417 1.561694 0.324575 -6.581983 6.176482 -11.610551 8.209090 4.175127 -15.532417 5.819605 6.147662 -21.740146 -7.751601 -60.359666 -50.683518 28.719618 134.153784 -69.325543 -114.016347 3.485908 -14.161324 -11.051812 -3.350380 23.537349 -6.686607 44.653107 22.955940 26.154229 132.351353 76.854377 142.828872 6.629959 10.489699 -35.856827 
19.248581 67.623459 88.246605 -73.868058 -3.518027 83.995905 18.394152 9.547509 3.951769 -1.616162 9.110658 16.915756 0.321995 14.909547 -14.899400 nan nan nan -16.096428 -7.663199 -15.741479 1.957895 -10.396353 39.622937 2.006961 -5.101273 -23.145536 nan nan nan -3.144160 -2.230445 4.634164 4.516115 -6.174974 9.118100 1.572141 -1.299217 -7.242422 4.420259 -9.803193 9.907680 4.021249 -15.470954 4.382960 5.037301 -20.070012 -8.759590 -60.868876 -48.301040 28.924013 136.518316 -69.003227 -116.298360 2.643715 -14.406351 -10.821713 -4.386945 25.343326 -5.426705 45.328712 24.199547 26.357064 132.381865 78.165015 142.360898 6.124186 10.362257 -35.704393 
19.354544 67.536499 88.218338 -73.710113 -3.590868 84.107996 18.424979 9.501944 3.735017 -1.910531 8.896937 17.005142 0.193541 14.579592 -15.083658 nan nan nan -16.381337 -7.944067 -15.872351 2.043512 -10.603359 39.650145 1.954842 -4.951693 -22.949588 nan nan nan -3.303520 -2.049389 4.461459 4.543069 -6.146909 9.339871 1.612657 -0.987085 -7.217386 4.772653 -10.165179 9.740111 4.139524 -15.689345 4.400890 5.069726 -20.664832 -8.565252 -61.205819 -48.745413 29.202438 135.229610 -69.066290 -115.093327 2.356938 -14.558568 -10.301399 -4.124655 24.969629 -5.692073 44.827225 23.493221 25.728531 133.041008 78.156607 143.442265 6.837433 10.740873 -34.787935 
19.488758 67.442780 88.211807 -73.543475 -3.679449 84.178732 18.440369 9.523738 3.560964 -2.192064 8.689211 17.022320 0.032905 14.185110 -15.305170 nan nan nan -16.658915 -8.154281 -15.984244 2.103530 -10.754009 39.693164 2.078244 -4.762855 -22.946663 nan nan nan -3.177147 -2.078486 4.621489 4.510241 -6.098754 9.234859 1.553133 -0.993182 -7.194350 4.754014 -10.223814 9.567086 4.152553 -15.807753 4.255491 4.982882 -20.420923 -8.496701 -61.793762 -48.995032 29.607971 134.852895 -69.153782 -114.733981 2.005307 -14.717409 -10.061228 -4.111212 24.637635 -5.600175 44.601306 23.586283 25.369329 133.486336 78.255610 144.189274 7.219323 10.979714 -34.253534 
19.647705 67.357811 88.224495 -73.400925 -3.769119 84.222289 18.430870 9.512862 3.412604 -2.426582 8.440160 17.003477 -0.018386 13.806921 -15.553570 nan nan nan -16.925901 -8.332749 -16.144793 2.131948 -10.872886 39.854313 2.154779 -4.554156 -22.878792 nan nan nan -3.020562 -2.104130 4.877368 4.480328 -5.993668 9.086306 1.519077 -1.164456 -7.240152 4.652146 -10.133997 9.490622 4.132690 -16.023625 4.126144 4.651365 -20.023847 -8.498224 -62.346961 -49.128352 30.018778 134.651047 -69.285184 -114.613177 1.340757 -15.118120 -9.913195 -4.139254 24.466503 -5.427104 44.396975 23.700058 25.102988 134.413519 78.461060 145.130544 7.397177 11.077519 -34.162362 
19.823908 67.264290 88.234245 -73.202602 -3.862842 84.321268 18.395171 9.336482 3.182384 -2.694317 7.942927 17.065241 -0.017681 13.447104 -15.773224 nan nan nan -17.204950 -8.573799 -16.365053 2.142519 -10.998851 40.012724 2.105322 -4.402255 -22.678491 nan nan nan -2.975942 -2.130766 5.021976 4.477065 -5.969148 8.951323 1.470795 -1.142364 -7.241530 4.663582 -10.289517 9.406150 4.155830 -16.187084 4.150083 4.209364 -19.765285 -8.371911 -62.746947 -49.444787 30.357851 134.297574 -69.527049 -114.475415 0.643364 -15.663562 -9.692591 -4.058326 24.199619 -5.312731 44.055567 23.542164 24.711595 135.680788 78.510767 146.330148 7.736197 11.101392 -34.128939 
19.999851 67.153496 88.236282 -73.009611 -3.937522 84.402934 18.392542 9.067159 2.973093 -2.965573 7.432482 17.218270 -0.063407 13.034366 -15.934609 nan nan nan -17.490991 -8.798396 -16.486981 2.201813 -11.139228 40.002946 2.110309 -4.282059 -22.512577 nan nan nan -2.913704 -2.144351 5.260166 4.461922 -5.969864 8.627000 1.463432 -1.123289 -7.076242 4.636018 -10.534957 9.207515 4.208935 -16.167519 4.189773 3.979951 -19.494219 -8.298483 -63.284291 -49.676151 30.633427 134.030473 -69.642909 -114.324730 -0.175038 -16.047385 -9.250492 -3.968003 23.777993 -5.334956 43.716622 23.546239 24.026703 135.357512 78.745992 146.303787 9.100115 11.646439 -32.853258 
20.195398 67.026695 88.232407 -72.866518 -4.001702 84.534566 18.444250 8.858886 2.690123 -3.341760 6.846433 17.432380 -0.223022 12.695207 -16.236797 nan nan nan -17.743745 -9.002460 -16.710773 2.402083 -11.150771 40.006891 2.173668 -4.391215 -22.377203 nan nan nan -2.854232 -2.106432 5.436758 4.495634 -5.930422 8.269120 1.469477 -1.172921 -6.825919 4.534313 -10.790157 8.948088 4.219823 -16.125015 4.207898 3.858458 -19.361167 -8.280459 -63.486626 -49.768757 30.844226 134.136441 -69.529724 -114.405275 -0.041305 -15.713593 -9.273765 -4.079328 23.312842 -5.490919 43.496321 23.327114 23.778858 137.008282 78.792404 147.627271 8.280029 10.757449 -34.025378 
20.401516 66.883186 88.216179 -72.636830 -4.125319 84.648805 18.430296 8.417458 2.472413 -3.744360 6.234468 17.477187 -0.369322 12.231478 -16.498485 nan nan nan -18.098099 -9.180256 -16.893091 2.410319 -11.318274 40.051854 2.284512 -4.211520 -22.174112 nan nan nan -2.878064 -2.082940 5.574967 4.504355 -5.947189 8.133673 1.489283 -1.207279 -6.796065 4.390542 -11.069308 8.877305 4.405487 -16.126192 4.132285 3.766456 -19.223873 -8.166337 -63.899718 -49.949824 30.973230 133.792175 -69.386627 -113.850641 -0.900462 -16.039930 -8.635925 -3.839588 22.875326 -5.447395 43.002393 23.398917 22.659256 136.482899 79.566479 148.006171 9.914636 11.568375 -31.244932 
20.620604 66.725441 88.215263 -72.417819 -4.257967 84.696384 18.419044 8.102853 2.277794 -4.124492 5.533866 17.590546 -0.354975 11.720776 -16.798990 nan nan nan -18.449449 -9.331055 -17.057683 2.372055 -11.465743 40.158827 2.377075 -4.025088 -22.020846 nan nan nan -2.921013 -2.004723 5.778690 4.506173 -5.935408 8.144763 1.498319 -1.253028 -6.946330 4.362033 -11.301566 8.818427 4.587171 -16.301440 4.083109 3.624724 -19.137431 -8.150330 -64.183174 -50.022852 31.198447 133.366970 -69.241362 -113.155831 -1.258351 -16.397980 -8.253491 -3.644304 22.503339 -5.558109 42.475373 23.061072 21.883822 137.408992 80.082390 149.437586 10.628872 12.303367 -29.811268 
20.836828 66.552193 88.208817 -72.224175 -4.358447 84.788240 18.443398 7.956143 2.051770 -4.393028 4.882991 17.693073 -0.461495 11.176222 -17.112908 nan nan nan -18.731559 -9.553198 -17.258992 2.388836 -11.477625 40.215975 2.442162 -3.987144 -21.886907 nan nan nan -2.946665 -1.910927 5.931534 4.549372 -5.858112 7.915018 1.522304 -1.293659 -6.825058 4.345868 -11.526074 8.732004 4.708348 -16.526448 4.035143 3.404200 -19.099119 -8.157472 -64.263433 -50.135035 31.378533 133.096265 -69.138206 -112.781523 -1.265794 -16.463317 -8.300571 -3.642670 21.998685 -5.782134 42.116587 22.453843 21.386876 140.078294 80.167592 151.945823 10.024901 11.848102 -30.336820 
21.047512 66.373390 88.193649 -71.990644 -4.406848 84.896189 18.581717 7.895238 1.802290 -4.659694 4.067954 17.796505 -0.579799 10.628653 -17.450127 nan nan nan -18.924573 -9.875303 -17.450061 2.500921 -11.286091 40.215862 2.578293 -4.194364 -21.849496 nan nan nan -2.939661 -1.848086 6.071690 4.628773 -5.762726 7.398935 1.536580 -1.377246 -6.348630 4.271880 -11.860366 8.525196 4.819361 -16.689733 4.083506 3.060234 -19.016197 -8.084563 -64.062377 -50.416135 31.461523 133.411970 -69.139311 -113.224285 -0.567672 -15.933996 -8.539491 -3.775561 21.283098 -5.943592 41.828642 21.835966 21.182234 144.111972 79.714220 154.790448 7.702920 9.885309 -33.414206 
21.243198 66.174332 88.180702 -71.749920 -4.469974 84.923499 18.724216 7.598147 1.700228 -4.935114 3.372330 17.878575 -0.632750 10.120551 -17.799031 nan nan nan -19.204409 -10.138379 -17.525983 2.512357 -11.306207 40.245744 2.868632 -4.100398 -21.901172 nan nan nan -2.965778 -1.830260 6.211657 4.644105 -5.791064 7.199778 1.561518 -1.363766 -6.167869 4.128266 -12.227555 8.596703 5.126802 -16.814514 3.960937 2.783446 -18.875005 -7.923952 -64.203033 -50.690677 31.480518 133.411751 -69.065712 -113.316156 -1.022782 -16.026686 -8.042843 -3.418323 20.654019 -5.874704 41.130952 21.581348 20.007025 145.577846 80.171049 156.425223 8.563163 9.967852 -32.211014 
21.463905 65.967690 88.152901 -71.567999 -4.482110 84.961225 18.930218 7.380538 1.534607 -4.877887 2.899389 18.070219 -0.404611 9.757413 -18.250014 nan nan nan -19.428695 -10.275794 -17.646306 2.533685 -11.358944 40.302194 3.167803 -3.935264 -21.873218 nan nan nan -2.970876 -1.846818 6.344311 4.668601 -5.783757 7.189864 1.584908 -1.312455 -6.122964 4.209579 -12.442691 8.532211 5.220522 -17.146908 3.859130 2.648625 -18.706431 -7.923804 -64.575621 -50.872171 31.710626 133.101311 -68.876740 -113.018083 -1.511627 -16.087249 -7.814248 -3.092686 20.083597 -5.928149 40.488554 21.104259 19.023708 148.773808 80.689101 159.990910 9.516494 10.067543 -31.239189 
21.710381 65.750923 88.105232 -71.420545 -4.533564 85.081921 19.137266 7.221488 1.270357 -4.907993 2.694024 18.324093 -0.379090 9.517331 -18.603845 nan nan nan -19.697983 -10.377054 -17.919248 2.525611 -11.451451 40.477514 3.334511 -3.697865 -21.739556 nan nan nan -3.020512 -1.856290 6.392451 4.702709 -5.747092 7.237012 1.585066 -1.261684 -6.120216 4.410957 -12.636741 8.360912 5.201680 -17.556191 3.853438 2.574879 -18.448433 -7.972087 -65.046808 -51.034441 32.058927 132.685492 -68.652467 -112.343040 -1.914849 -16.218485 -7.614914 -2.804569 19.457068 -6.061920 40.015873 20.594080 18.211858 152.888727 81.360372 164.611299 10.243866 10.162988 -30.189959 
21.969650 65.533150 88.060974 -71.287100 -4.570579 85.217403 19.381140 7.089301 1.029799 -5.025912 2.481720 18.561869 -0.695150 9.502004 -18.809583 nan nan nan -19.931171 -10.531784 -18.232200 2.498287 -11.496877 40.635675 3.265825 -3.582650 -21.572417 nan nan nan -3.058392 -1.848900 6.420882 4.764470 -5.693159 7.217038 1.581478 -1.214101 -6.070295 4.503209 -12.921481 8.251141 5.207852 -17.806468 3.822350 2.337705 -18.223138 -7.916448 -65.355586 -51.246828 32.306491 132.578870 -68.427498 -111.915509 -2.256443 -16.208935 -7.301346 -2.548845 18.762932 -6.159056 39.620661 20.097577 17.415772 158.056018 81.889740 169.892378 10.698328 9.825790 -29.724890 
22.239620 65.300766 88.026787 -71.122022 -4.636542 85.348688 19.608951 6.949922 0.837017 -5.162379 2.326372 18.730747 -1.161892 9.483498 -18.852416 nan nan nan -20.225279 -10.718931 -18.477135 2.487308 -11.540650 40.671733 3.258096 -3.444842 -21.399946 nan nan nan -3.194720 -1.815361 6.397135 4.881695 -5.715819 7.267855 1.639952 -1.171274 -6.082077 4.311445 -13.253426 8.367275 5.422812 -17.866528 3.671018 2.018548 -18.084020 -7.744415 -65.444972 -51.481929 32.337759 132.578683 -68.139071 -111.853122 -2.794219 -16.170935 -6.749815 -2.130440 18.122656 -6.049980 38.980299 19.751675 16.371145 163.902870 82.570840 175.676530 11.406221 9.754241 -28.685871 
22.500238 65.051674 87.981384 -70.952834 -4.696588 85.494027 19.873663 6.927179 0.616199 -5.105046 2.451632 18.957737 -1.460594 9.386504 -18.788288 nan nan nan -20.541134 -10.912708 -18.697585 2.471775 -11.606279 40.682000 3.369029 -3.216986 -21.238407 nan nan nan -3.291000 -1.831115 6.165931 4.942025 -5.816551 7.589445 1.642134 -1.122236 -6.161142 4.157377 -13.444240 8.532726 5.684321 -18.111873 3.575015 1.732277 -17.877417 -7.636404 -65.388526 -51.664358 32.254417 132.464917 -67.946381 -111.906167 -3.223190 -16.299117 -6.294190 -1.577810 17.601141 -5.846468 38.384152 19.426441 15.286361 171.789301 83.386415 -176.584834 11.806224 10.008876 -27.118468 
22.741449 64.780022 87.924324 -70.889238 -4.689780 85.617029 20.242799 6.966323 0.534717 -4.915889 2.865741 19.124571 -1.379005 9.408516 -18.674592 nan nan nan -20.788540 -11.027403 -18.859574 2.421889 -11.698824 40.623611 3.460517 -2.905745 -21.043744 nan nan nan -3.286745 -1.853026 5.970137 4.975299 -5.870310 7.849207 1.630318 -1.041062 -6.184691 4.190462 -13.511582 8.646659 5.772714 -18.548662 3.574489 1.478320 -17.691372 -7.558346 -65.461846 -51.812846 32.147612 132.151928 -67.751523 -111.757970 -4.085495 -16.665248 -5.615848 -1.170301 17.063281 -5.782877 38.097770 19.084279 14.137938 -176.738984 84.293356 -164.747886 13.110797 10.340516 -24.390708 
22.994265 64.483337 87.863808 -70.913055 -4.676037 85.781382 20.643246 7.212673 0.408759 -4.686418 3.394778 19.346907 -1.278117 9.553747 -18.429266 nan nan nan -20.998298 -11.178491 -19.163238 2.388983 -11.743855 40.668344 3.580812 -2.651369 -20.856321 nan nan nan -3.302081 -1.806607 5.750240 5.062723 -5.820343 8.146921 1.644961 -0.988462 -6.280436 4.241114 -13.565153 8.766489 5.765062 -18.985844 3.416318 1.228066 -17.535702 -7.476006 -65.491161 -51.886657 32.195876 131.894504 -67.399403 -111.543960 -4.432682 -16.731997 -5.448118 -0.934962 16.514171 -5.841432 37.971070 18.437883 13.588740 -160.664812 84.622394 -148.227583 13.050965 10.221661 -24.021934 
23.270231 64.188866 87.794144 -70.901735 -4.645418 85.952018 21.108216 7.556860 0.213978 -4.384732 4.009469 19.632262 -1.545323 9.660269 -17.937126 nan nan nan -21.188659 -11.327723 -19.507541 2.413537 -11.731292 40.740768 3.703513 -2.513487 -20.712467 nan nan nan -3.294611 -1.818607 5.634681 5.186392 -5.737977 8.376451 1.612391 -0.994316 -6.425050 4.341479 -13.542007 8.793762 5.712802 -19.477243 3.177968 0.969090 -17.193134 -7.419151 -65.724939 -51.944683 32.674902 131.501791 -66.877719 -110.926564 -4.635518 -16.613827 -5.476583 -0.491546 15.893549 -5.956492 37.962547 17.584983 13.648927 -144.821751 83.978982 -131.195604 11.975635 9.594076 -24.909155 
23.545858 63.895100 87.734474 -70.849749 -4.603456 86.099763 21.551640 7.837042 0.060247 -3.909424 4.601931 19.825942 -1.699637 9.717563 -17.260863 nan nan nan -21.367495 -11.445747 -19.730580 2.368934 -11.775974 40.673357 3.752917 -2.329326 -20.522440 nan nan nan -3.285922 -1.777654 5.568802 5.325153 -5.723531 8.649372 1.613999 -1.120119 -6.691940 4.309511 -13.567219 8.789912 5.733066 -19.858924 3.065625 0.649058 -16.760306 -7.379320 -65.841461 -52.040066 32.905503 131.504977 -66.587509 -111.010711 -4.945105 -16.634188 -5.089855 0.104308 15.224254 -5.902843 37.611896 17.246058 13.165245 -132.701249 83.535794 -119.359932 11.557032 9.498240 -24.380093 
23.821089 63.599800 87.691010 -70.793243 -4.542326 86.211641 22.012241 8.114678 0.015465 -3.385397 5.015007 19.884004 -1.557145 9.833433 -16.516728 nan nan nan -21.494991 -11.527885 -19.869895 2.281450 -11.796818 40.530919 3.881319 -2.196360 -20.315086 nan nan nan -3.291285 -1.749323 5.508622 5.395712 -5.728681 8.907860 1.648029 -1.244592 -6.945100 4.387550 -13.469283 8.860847 5.725438 -20.249008 3.049501 0.446905 -16.510418 -7.162332 -65.808925 -52.012640 32.763292 132.027722 -66.363738 -111.520528 -4.691157 -16.583399 -4.681363 0.566134 14.633206 -5.688611 37.576288 16.949529 12.360615 -120.452851 82.932099 -107.254082 11.230759 9.108955 -23.344629 
24.116135 63.285561 87.631317 -70.768184 -4.483033 86.350635 22.498099 8.476809 -0.030689 -2.891001 5.554404 19.969149 -1.455907 9.836102 -15.601396 nan nan nan -21.624004 -11.647386 -20.091985 2.246767 -11.765222 40.430590 4.074168 -2.093460 -20.139625 nan nan nan -3.285608 -1.752445 5.403373 5.414748 -5.739376 8.968877 1.664648 -1.298740 -6.935503 4.497393 -13.331624 8.916959 5.719789 -20.702144 3.094210 0.556515 -16.372682 -6.844763 -65.558773 -52.070129 32.323056 132.456963 -65.872191 -112.039973 -4.866105 -16.342590 -4.207620 0.936661 14.151311 -5.337675 37.646955 16.766738 11.242716 -110.862571 81.932821 -97.798227 11.499742 8.564649 -22.547431 
24.422968 62.937126 87.554123 -70.788479 -4.413409 86.579616 22.983567 8.914144 -0.159623 -2.414574 6.243688 20.092430 -1.250574 9.817910 -14.460836 nan nan nan -21.769026 -11.770407 -20.449098 2.233544 -11.782821 40.367824 4.225636 -1.960681 -19.964870 nan nan nan -3.216717 -1.838558 5.201577 5.428317 -5.686369 9.027971 1.663214 -1.277806 -6.896438 4.574811 -13.229443 8.916843 5.637816 -21.204495 3.045608 0.709569 -16.205076 -6.702545 -65.651265 -51.978570 32.235526 132.697969 -65.203257 -112.196997 -5.225995 -16.054114 -3.659329 1.203106 13.700894 -5.152979 37.821299 16.444590 10.292079 -104.679368 80.590582 -91.687897 11.883654 7.984293 -22.044752 
24.735199 62.572105 87.468300 -70.840712 -4.397358 86.766196 23.399593 9.260458 -0.200156 -2.014370 6.777703 20.171114 -0.992575 9.919109 -13.105834 nan nan nan -21.988995 -11.906510 -20.773764 2.175452 -11.799962 40.361592 4.185988 -1.752516 -19.806608 nan nan nan -3.306482 -1.892632 5.020438 5.524203 -5.644596 9.406569 1.641805 -1.247094 -7.126277 4.679050 -13.226124 8.918556 5.646519 -21.647001 2.927152 0.860164 -15.922251 -6.568683 -65.679313 -52.055434 32.390203 132.699607 -64.421700 -111.612805 -5.481774 -15.661479 -3.438835 1.553762 13.076973 -5.033057 38.205357 16.260411 9.900601 -99.397091 78.829213 -85.684727 11.491786 7.300142 -20.736731 
25.031479 62.218220 87.370575 -70.882608 -4.359912 86.852703 23.900763 9.603715 -0.104566 -1.764576 7.106607 20.218657 -1.061752 10.045051 -11.874112 nan nan nan -22.181386 -12.071462 -21.003389 2.134004 -11.703428 40.328864 4.046863 -1.643033 -19.515128 nan nan nan -3.433764 -1.874055 4.945561 5.662478 -5.651216 9.795360 1.625699 -1.246636 -7.368346 4.777373 -13.385255 8.902422 5.716620 -21.947675 2.881391 0.723166 -15.913871 -6.391638 -64.450502 -52.275085 31.721412 132.841203 -64.046374 -110.675637 -4.918706 -15.245411 -3.951214 2.137675 12.607491 -4.906441 38.162520 15.827682 9.572761 -96.581739 77.162444 -82.356948 10.353735 6.354813 -19.948300 
25.372580 61.830482 87.301903 -70.934569 -4.263970 87.010619 24.385634 10.123296 -0.166217 -1.592876 7.078845 20.340237 -0.994803 10.485505 -10.900055 nan nan nan -22.299104 -12.268454 -21.310643 2.274451 -11.473837 40.240045 3.896979 -1.849041 -19.302580 nan nan nan -3.529841 -1.952749 4.980426 5.970827 -5.543857 9.458312 1.469328 -1.212628 -7.031502 4.619534 -13.976761 8.964644 5.852017 -21.797453 2.725510 1.267543 -15.033801 -6.595795 -61.890687 -52.033125 29.977402 134.913232 -64.840380 -108.827820 0.384121 -15.223817 -10.001969 2.354045 11.617662 -5.318840 38.675656 15.876569 10.064846 -93.754279 76.231296 -78.294455 5.652604 4.562915 -23.186766 
25.718460 61.413708 87.237946 -70.919795 -4.220927 87.272546 24.740240 10.475933 -0.329094 -1.220382 7.632301 20.390356 -1.201711 10.446458 -10.194229 nan nan nan -22.532870 -12.459322 -21.621213 2.169348 -11.664418 40.062415 3.967880 -1.488025 -19.009175 nan nan nan -3.667136 -2.026338 4.733779 6.149546 -5.657904 9.795589 1.493059 -1.190114 -7.401950 4.457568 -14.050316 9.146222 6.029351 -22.049327 2.693753 1.014503 -14.570827 -6.347878 -62.008510 -52.179868 30.168334 134.695054 -64.741918 -108.785771 1.102376 -15.918200 -9.964167 3.196953 11.086780 -5.200866 38.612558 16.224922 9.139311 -86.814754 74.959144 -70.782435 3.888016 5.736185 -19.838146 
26.067787 61.019028 87.142166 -70.905444 -4.049691 87.405368 25.308241 10.940911 -0.307746 -1.145866 7.547470 20.338608 -1.305588 10.678941 -9.568190 nan nan nan -22.584687 -12.647411 -21.802660 2.361983 -11.361314 39.787146 3.857661 -1.733019 -18.650284 nan nan nan -3.598405 -2.159133 4.807541 6.239326 -5.622684 9.250002 1.472898 -1.215810 -6.929484 4.507151 -14.232103 8.947897 5.760512 -22.160346 3.112620 0.550563 -14.412621 -5.786503 -60.884278 -52.669090 29.118288 135.521791 -64.635233 -109.802737 0.992037 -15.181764 -10.048726 3.768107 10.507618 -4.926741 37.999145 16.516747 7.881226 -88.063521 73.838674 -71.827355 4.983988 4.662767 -21.322744 
26.417229 60.585934 87.074249 -70.892984 -3.909782 87.539863 25.789165 11.188523 -0.253442 -1.100047 7.371826 20.252255 -1.397220 10.631052 -8.919474 nan nan nan -22.699943 -12.803540 -22.037069 2.387991 -11.273118 39.681285 3.785749 -1.656837 -18.402760 nan nan nan -3.621868 -2.301441 4.676628 6.321022 -5.632077 9.321023 1.452877 -1.193221 -6.916613 4.764540 -14.092423 9.012928 5.722681 -22.530688 3.011644 0.248203 -14.088260 -5.354421 -60.457256 -53.088602 28.541460 135.582832 -64.622652 -109.828071 0.746428 -15.575498 -9.915836 4.253456 10.088618 -4.635661 38.278974 16.671396 7.035175 -85.222631 71.983230 -68.159913 5.413725 4.225950 -21.421736 
26.753454 60.109791 87.009315 -70.861495 -3.794434 87.637722 26.197635 11.266908 -0.141221 -1.077898 7.162632 20.142567 -1.499076 10.328847 -8.439690 nan nan nan -22.903699 -12.971041 -22.152463 2.356799 -11.329062 39.515074 3.717220 -1.457973 -18.126232 nan nan nan -3.657943 -2.383283 4.559910 6.417257 -5.680405 9.550896 1.464516 -1.225735 -7.081211 4.928883 -14.022357 9.040645 5.720751 -22.843806 2.960013 -0.009236 -13.765063 -5.067547 -60.286851 -53.315413 28.260629 135.676727 -64.503413 -109.948112 0.509958 -15.930819 -9.871489 4.633633 9.762422 -4.481497 38.558219 16.815331 6.437561 -83.293065 70.301363 -66.357390 5.741885 4.399671 -21.765442 
27.091436 59.605904 86.945076 -70.868121 -3.646405 87.728562 26.569912 11.307669 0.000638 -1.052120 6.946325 20.025097 -1.665441 10.039819 -8.122680 nan nan nan -23.088871 -13.134546 -22.240793 2.355989 -11.416344 39.229678 3.720010 -1.275216 -17.727654 nan nan nan -3.691485 -2.443561 4.461853 6.586254 -5.734867 9.719499 1.511730 -1.251762 -7.187056 4.877942 -14.070122 9.058275 5.690789 -23.050396 2.985983 -0.356437 -13.439369 -4.809155 -60.061654 -53.473895 27.939770 136.097749 -64.452378 -110.453931 0.644070 -16.067009 -9.702942 5.189756 9.436772 -4.379788 38.456497 17.081115 5.637448 -82.241951 69.166817 -65.975189 5.484795 4.630507 -21.565140 
27.429033 59.095135 86.877731 -70.831941 -3.610812 87.923315 26.759497 10.963066 0.074644 -0.952232 7.240966 19.861612 -2.008069 9.392189 -7.771946 nan nan nan -23.486440 -13.273683 -22.381296 2.040568 -12.023134 38.991600 4.103023 -0.364355 -17.303070 nan nan nan -3.981690 -2.512419 3.981608 6.779476 -6.052023 10.736445 1.655257 -1.114499 -7.849601 4.634541 -13.838383 9.336289 6.186797 -23.342143 2.660746 -0.460293 -12.818183 -4.891617 -61.173335 -53.427797 28.392849 135.816182 -64.410608 -110.696703 -0.685650 -17.407530 -8.014467 6.151197 9.314012 -4.168265 37.425934 17.127004 3.796344 -77.848661 67.697546 -63.206642 7.298166 7.224540 -14.514548 
27.798393 58.572800 86.789551 -70.862413 -3.515626 88.093460 27.015358 10.898983 0.143713 -1.188460 6.675785 19.727867 -2.093202 9.216271 -7.546294 nan nan nan -23.728314 -13.405393 -22.606174 2.109078 -12.055325 38.670761 4.244828 -0.329627 -16.876373 nan nan nan -4.015225 -2.619243 3.861051 6.866056 -6.134561 10.726470 1.628471 -1.062662 -7.868911 4.521928 -13.918590 9.366270 6.286299 -23.327774 2.760617 -0.675082 -12.523584 -4.664163 -60.843026 -53.578646 28.082068 136.105175 -64.379550 -110.942406 -0.573343 -17.517552 -8.043535 6.514114 8.833110 -4.066400 37.448551 17.240959 2.942172 -76.693247 66.778425 -62.076210 7.133153 6.751355 -13.450107 
28.186989 58.018562 86.713074 -70.921308 -3.392113 88.166600 27.227597 10.821538 0.314959 -1.376721 5.960116 19.609417 -2.193568 8.907070 -7.247485 nan nan nan -23.952480 -13.556480 -22.749041 2.192877 -12.028756 38.317773 4.378455 -0.271279 -16.302819 nan nan nan -4.010747 -2.676482 3.738026 6.962965 -6.217347 11.076677 1.604365 -0.952252 -8.138716 4.396979 -13.995253 9.357131 6.377399 -23.382053 2.861339 -0.884952 -12.387668 -4.387710 -60.399631 -53.740456 27.685875 136.396477 -64.371894 -111.152883 -0.237312 -17.671361 -8.264647 6.932490 8.480434 -3.956536 37.206725 17.374494 2.030227 -75.379456 65.965927 -60.890329 6.764105 6.572689 -12.505906 
28.576216 57.439762 86.646477 -71.048650 -3.235047 88.245655 27.392143 10.698476 0.554848 -1.477024 5.346771 19.440312 -2.355820 8.522632 -6.911068 nan nan nan -24.160827 -13.619969 -22.885680 2.145935 -12.199992 37.966255 4.451025 -0.054372 -15.668168 nan nan nan -4.021812 -2.688689 3.413093 7.092052 -6.249339 11.755628 1.635375 -0.882471 -8.491961 4.390853 -13.972773 9.423574 6.453570 -23.643362 2.760693 -1.044091 -12.315626 -4.225932 -60.259866 -53.748558 27.619177 136.593211 -64.319476 -111.339670 0.334115 -17.796914 -8.606738 7.189467 8.516826 -3.927165 37.254091 17.293857 1.513696 -75.180405 64.295890 -62.241429 6.855755 7.226858 -14.141973 
28.976028 56.845814 86.595909 -71.220864 -3.064176 88.341431 27.520864 10.548898 0.781266 -1.647493 4.735144 19.322045 -2.680230 8.325163 -6.774402 nan nan nan -24.282992 -13.680004 -22.995410 2.094259 -12.222352 37.497723 4.547909 -0.031490 -14.960984 nan nan nan -4.105994 -2.634019 3.288447 7.278774 -6.149987 11.754866 1.743552 -0.857146 -8.360727 4.499126 -14.009137 9.543650 6.544533 -23.853032 2.534203 -1.166185 -12.271466 -3.935220 -60.256177 -53.884032 27.609355 136.717705 -64.231783 -111.406005 0.587588 -17.856519 -8.877087 7.364164 8.499755 -3.759975 37.203376 17.120301 1.188933 -75.612582 62.785356 -62.595664 6.968922 6.847059 -15.077606 
29.383024 56.222462 86.568336 -71.281765 -2.864130 88.500306 27.603974 10.321711 0.895937 -1.902162 3.890022 19.172239 -3.255474 8.175002 -7.134963 nan nan nan -24.411989 -13.827910 -22.986733 2.156084 -12.251667 36.781179 4.690953 -0.024394 -14.187862 nan nan nan -4.177667 -2.620768 3.269472 7.521015 -6.099441 11.318981 1.882945 -0.829610 -8.045154 4.429322 -14.168078 9.688692 6.594612 -23.919323 2.411919 -1.329395 -12.148786 -3.591955 -60.451925 -54.038870 27.638273 136.893638 -64.280173 -111.307200 0.763309 -18.283997 -8.890212 7.719323 8.369887 -3.627835 36.904989 17.040769 0.604091 -74.478047 61.491699 -60.111369 7.045424 6.984293 -13.366010 
29.793011 55.557690 86.537292 -71.333366 -2.677335 88.623941 27.589832 10.031977 1.108412 -2.158502 2.712376 18.860629 -3.919963 7.959653 -7.945952 nan nan nan -24.620093 -13.994143 -22.876571 2.309652 -12.244591 35.961854 4.823796 -0.041682 -13.315646 nan nan nan -4.127209 -2.625126 3.172643 7.686564 -6.119094 11.169894 1.928729 -0.811593 -7.927601 4.286520 -14.331667 9.716384 6.599393 -23.957251 2.508434 -1.609865 -12.035871 -3.294366 -60.268300 -54.188409 27.459906 137.362931 -64.372002 -111.705726 1.034889 -18.456757 -8.986370 8.054483 8.283531 -3.525196 36.537947 17.024325 -0.031380 -73.145396 60.683602 -58.719533 6.394514 6.955639 -12.575448 
30.225750 54.866917 86.496429 -71.484962 -2.500177 88.776167 27.501385 9.695187 1.347939 -2.325908 1.834220 18.532868 -4.719534 7.639832 -8.855079 nan nan nan -24.792524 -14.047936 -22.872091 2.322133 -12.261448 35.160565 5.030478 0.004077 -12.376058 nan nan nan -3.988524 -2.561627 2.871879 7.793633 -6.119813 11.423925 1.918573 -0.821052 -8.052579 4.213388 -14.437293 9.838933 6.697456 -24.074376 2.506471 -1.888815 -11.947354 -3.066260 -60.187950 -54.300745 27.399426 137.649403 -64.400686 -112.029517 0.897723 -18.544180 -9.050118 8.303654 8.228529 -3.426270 36.230523 17.045487 -0.679456 -72.137315 59.962273 -58.336639 6.069907 6.887238 -12.522786 
30.674313 54.179131 86.468147 -71.634901 -2.310417 88.964157 27.409951 9.521799 1.451009 -2.560171 1.439989 18.371403 -5.446955 7.377369 -9.836911 nan nan nan -24.906559 -14.015898 -22.900324 2.216776 -12.387292 34.305362 5.353040 -0.024823 -11.344687 nan nan nan -3.904861 -2.469070 2.441962 7.937421 -6.144938 11.831901 1.938248 -0.860023 -8.214028 4.319706 -14.447053 10.011149 6.756107 -24.287239 2.353486 -2.064108 -11.848131 -2.962720 -60.540318 -54.322503 27.720424 137.487216 -64.359760 -111.724126 0.393382 -18.882722 -8.813594 8.496641 8.264424 -3.496866 36.149368 16.772617 -0.857997 -71.722244 58.597134 -58.288433 6.592840 7.602377 -13.221209 
31.147577 53.474358 86.468742 -71.738492 -2.069011 89.107263 27.308862 9.558930 1.436096 -2.797352 1.442169 18.372407 -6.072994 7.287506 -10.844894 nan nan nan -24.986995 -14.016276 -22.808985 2.150934 -12.492674 33.343213 5.683479 -0.123862 -10.160876 nan nan nan -3.767844 -2.462322 2.202197 8.088268 -6.219072 11.859268 1.946891 -0.799995 -8.113369 4.334012 -14.497454 10.156251 6.751345 -24.350657 2.291535 -2.287301 -11.744311 -2.757530 -60.644419 -54.405307 27.783316 137.639494 -64.391318 -111.758205 0.005143 -19.070919 -8.385566 8.656583 8.226548 -3.388691 35.930044 16.724637 -1.201990 -71.218600 57.587049 -57.809869 6.745080 7.402766 -12.755575 
31.641943 52.718426 86.493149 -71.835879 -1.851203 89.212020 27.106405 9.715205 1.354833 -2.912396 1.824337 18.422333 -6.579514 7.159710 -11.997593 nan nan nan -25.080636 -14.100575 -22.642711 2.044234 -12.558055 32.273129 5.992216 -0.146552 -8.883498 nan nan nan -3.605144 -2.448142 2.035289 8.235089 -6.285660 11.891367 1.967868 -0.718949 -8.075740 4.279885 -14.532862 10.291960 6.730226 -24.373227 2.254999 -2.527304 -11.721263 -2.610476 -60.830565 -54.350670 28.026856 137.884541 -64.410606 -112.030693 -0.266801 -19.178792 -8.286307 8.817522 8.206469 -3.373837 35.524218 16.658368 -1.554118 -70.434428 56.732176 -57.580805 7.000473 7.421566 -12.974667 
32.149406 51.936451 86.513405 -71.945544 -1.705016 89.334115 26.832865 9.991398 1.223044 -3.105225 2.286748 18.464284 -6.784672 7.060647 -13.278718 nan nan nan -25.226033 -14.217800 -22.449268 1.921059 -12.599646 31.047967 6.378334 -0.129677 -7.589412 nan nan nan -3.489174 -2.394033 1.828633 8.366171 -6.345357 11.999611 1.968455 -0.673972 -8.078491 4.334922 -14.569704 10.393888 6.640359 -24.483237 2.208912 -2.623085 -11.742165 -2.526988 -61.227298 -54.229213 28.412441 138.110964 -64.431353 -112.307026 -0.418247 -19.274557 -8.208060 8.963227 8.222025 -3.385207 35.283300 16.527373 -1.843171 -69.749554 55.886028 -57.330533 6.875082 7.445284 -12.754120 
32.655804 51.119068 86.535461 -72.074519 -1.566326 89.449075 26.581284 10.433370 1.130972 -3.364700 2.975782 18.486275 -6.809520 6.913841 -14.346409 nan nan nan -25.376008 -14.302297 -22.156468 1.775127 -12.659236 29.636515 6.816720 -0.053374 -6.190057 nan nan nan -3.338143 -2.354330 1.603220 8.468527 -6.399590 12.140447 1.942598 -0.684273 -8.084283 4.535701 -14.563474 10.465734 6.435098 -24.754356 2.176094 -2.691505 -11.676734 -2.470493 -61.682638 -54.142435 28.775973 138.264891 -64.479543 -112.514171 -0.870770 -19.438113 -7.622007 9.055638 8.283577 -3.249148 35.088780 16.510096 -2.115436 -69.057887 54.986538 -57.036341 6.923038 7.536209 -12.325829 
33.179684 50.260292 86.559975 -72.291603 -1.466182 89.496513 26.256276 10.877323 1.231506 -3.619962 3.776262 18.382564 -6.626498 6.790434 -15.322411 nan nan nan -25.559966 -14.359416 -21.809111 1.667331 -12.608820 28.112775 7.262593 0.004494 -4.720149 nan nan nan -3.215467 -2.238505 1.436599 8.590093 -6.387041 12.386558 1.932249 -0.703994 -8.144814 4.751576 -14.574578 10.416460 6.160174 -24.938722 2.173507 -2.795579 -11.696497 -2.416504 -62.099456 -54.080950 29.162153 138.299862 -64.551074 -112.555730 -1.034005 -19.685904 -7.370896 9.060777 8.253122 -3.283340 34.894173 16.515424 -2.202300 -68.368251 54.120524 -56.630767 6.844453 7.600138 -12.341384 
33.726387 49.390587 86.593422 -72.555560 -1.383122 89.534779 25.812605 11.233416 1.366379 -3.746190 4.593924 18.213138 -6.249479 6.806516 -16.375627 nan nan nan -25.724751 -14.450554 -21.516579 1.533395 -12.564885 26.602394 7.808498 0.007155 -3.136733 nan nan nan -3.072956 -2.126220 1.333848 8.696722 -6.363902 12.588017 1.892683 -0.668850 -8.185255 4.911426 -14.591101 10.466968 6.077535 -24.991075 1.978353 -2.892294 -11.780453 -2.404032 -62.499381 -53.957341 29.578899 138.420829 -64.630992 -112.647782 -0.952089 -19.856955 -7.438032 9.048367 8.248150 -3.326191 34.642988 16.405697 -2.332239 -67.809532 53.474871 -56.332024 6.600859 7.636664 -12.321866 
34.283852 48.531406 86.634666 -72.811964 -1.329995 89.581948 25.254137 11.528818 1.441850 -3.786444 5.418065 18.026371 -5.692387 6.880178 -17.394348 nan nan nan -25.860834 -14.556113 -21.249653 1.292975 -12.605932 25.069510 8.327701 -0.088725 -1.464137 nan nan nan -2.973884 -2.025897 1.246914 8.764479 -6.370221 12.744178 1.858899 -0.635629 -8.182570 5.073498 -14.578203 10.542964 6.054566 -25.113837 1.788780 -2.903624 -11.924963 -2.351090 -62.739293 -53.833104 29.779131 138.619557 -64.634937 -112.861446 -1.115456 -20.025682 -7.339878 9.112523 8.396694 -3.155144 34.265067 16.279549 -2.688361 -67.339685 52.916157 -56.151437 6.537443 7.667507 -11.820195 
34.852196 47.696266 86.677986 -73.057304 -1.248039 89.536244 24.791544 11.895001 1.549228 -3.934302 6.160088 17.902715 -5.154865 6.887765 -18.292263 nan nan nan -25.927209 -14.598616 -20.908870 1.005548 -12.694397 23.494423 8.735632 -0.352769 0.270384 nan nan nan -2.948018 -1.911368 1.332093 8.877006 -6.358337 12.834832 1.921727 -0.633900 -8.125600 5.298176 -14.490220 10.417510 5.840405 -25.249994 1.715729 -2.856558 -12.158015 -2.325049 -62.870324 -53.680518 29.819743 138.831474 -64.546971 -113.074919 -1.421017 -20.118572 -7.244736 9.188895 8.562356 -3.110770 33.882169 16.204422 -2.973723 -66.843121 52.357864 -55.940502 6.585357 7.546734 -11.495338 
35.412498 46.863213 86.739540 -73.315470 -1.160557 89.378518 24.338939 12.248902 1.734323 -4.065618 6.711960 17.835229 -4.683877 6.930544 -19.126634 nan nan nan -26.002853 -14.566612 -20.428743 0.764667 -12.797669 21.871194 9.087868 -0.677844 2.123840 nan nan nan -2.933567 -1.814324 1.636306 8.998289 -6.328907 12.781810 2.008586 -0.609155 -7.972906 5.493565 -14.394260 10.335880 5.673281 -25.319456 1.452234 -2.827550 -12.390612 -2.388979 -62.937983 -53.470345 29.843769 139.207881 -64.525965 -113.355037 -1.381905 -20.228164 -7.321542 9.141333 8.693700 -3.278723 33.735396 16.110231 -3.095131 -66.339132 51.952715 -55.679323 6.343105 7.457892 -11.526679 
35.968342 46.033344 86.804520 -73.570416 -1.120595 89.162243 23.835982 12.465378 1.949581 -4.223091 7.086472 17.800775 -4.271678 7.029568 -19.866003 nan nan nan -26.179981 -14.484750 -19.887193 0.628138 -12.895348 20.321869 9.349003 -0.856154 3.945013 nan nan nan -2.945274 -1.717987 2.057011 9.107199 -6.268393 12.652509 2.049290 -0.549945 -7.812783 5.608323 -14.458252 10.222746 5.565654 -25.498511 1.352327 -2.785120 -12.594493 -2.320739 -62.995657 -53.371738 29.864019 139.563104 -64.510362 -113.641627 -1.328358 -20.329175 -7.265391 9.107260 8.817469 -3.212299 33.493178 15.949277 -3.405337 -66.015132 51.615901 -55.557634 6.431542 7.348377 -11.166144 
36.533215 45.216339 86.863304 -73.862334 -1.054962 88.949775 23.403487 12.598101 2.089145 -4.429642 7.345829 17.926430 -3.995386 7.118785 -20.520417 nan nan nan -26.338608 -14.383630 -19.437509 0.587546 -13.046591 18.899443 9.538829 -0.997231 5.724377 nan nan nan -2.941543 -1.595612 2.454255 9.214651 -6.191617 12.562792 2.079426 -0.548283 -7.662675 5.764927 -14.501035 10.091058 5.457857 -25.660077 1.278820 -2.691945 -12.652840 -2.218239 -63.309984 -53.367145 30.060731 139.745288 -64.488786 -113.866078 -1.483952 -20.526716 -7.297435 9.085286 8.903761 -3.136366 33.271814 15.982968 -3.625046 -65.583925 51.141094 -55.225356 6.801555 7.312460 -10.754759 
37.113873 44.448647 86.920967 -74.143696 -0.956777 88.754899 23.043377 12.669956 2.021461 -4.583599 7.456346 18.323107 -3.653953 7.177160 -21.161842 nan nan nan -26.408779 -14.280676 -19.109616 0.552236 -13.283735 17.658475 9.568649 -1.276620 7.534043 nan nan nan -2.919308 -1.483549 2.934307 9.300373 -6.088908 12.338102 2.130257 -0.644512 -7.489204 5.928637 -14.444298 10.026174 5.296561 -25.684309 1.218766 -2.615428 -12.670437 -2.261236 -63.530436 -53.259666 30.191168 139.834195 -64.545248 -113.847873 -1.520606 -20.768371 -7.540690 9.018213 8.945207 -3.495804 33.324030 16.087988 -3.574955 -64.864070 50.805559 -54.843272 7.059736 7.492135 -10.918017 
37.678345 43.739834 86.993454 -74.427706 -0.864983 88.526536 22.742869 12.719561 1.877520 -4.823463 7.355732 18.909356 -3.451028 7.310453 -21.746795 nan nan nan -26.448471 -14.174145 -18.859175 0.551324 -13.600098 16.717925 9.376702 -1.670668 9.073851 nan nan nan -2.941596 -1.408050 3.484432 9.346064 -5.970949 11.974492 2.157602 -0.671330 -7.225620 6.038858 -14.508944 9.953669 5.225976 -25.667610 1.282555 -2.622744 -12.753295 -2.187410 -63.357939 -53.211002 30.046661 140.143589 -64.666567 -113.938854 -1.244276 -20.929471 -7.765126 9.121636 9.041388 -3.823957 33.363157 16.074412 -3.648323 -64.239135 50.734128 -54.582478 6.925762 7.495011 -10.804287 
38.234653 43.082088 87.083725 -74.768645 -0.752254 88.326966 22.491126 12.752140 1.587922 -5.112197 7.255249 19.770019 -3.359620 7.543547 -22.278951 nan nan nan -26.406219 -14.096302 -18.760152 0.689010 -13.961345 16.083960 8.865789 -2.082000 10.190335 nan nan nan -2.989406 -1.330550 3.982135 9.390097 -5.830294 11.578616 2.171903 -0.637480 -6.894449 6.212931 -14.615419 9.868351 5.168311 -25.726735 1.367065 -2.660760 -12.759107 -2.082841 -63.292909 -53.190461 30.016569 140.571931 -64.796693 -114.205387 -0.981574 -21.126604 -7.880940 9.330093 9.130188 -4.014630 33.427371 16.094105 -3.674099 -63.834479 50.594466 -54.301255 6.662517 7.388929 -10.356138 
38.787075 42.462303 87.179512 -75.205524 -0.672761 88.169581 22.208280 12.758145 1.121757 -5.362104 7.261730 20.948418 -3.089467 7.909014 -22.916201 nan nan nan -26.323038 -14.069527 -18.853396 1.035948 -14.086241 15.832687 8.432052 -2.493081 10.720868 nan nan nan -3.094106 -1.168206 4.340770 9.417356 -5.621794 11.336370 2.213272 -0.635231 -6.655281 6.355454 -14.755959 9.913433 5.092226 -25.637246 1.378900 -2.787538 -12.738009 -2.047324 -63.236130 -53.114002 30.071981 140.919338 -64.959877 -114.415942 -0.814494 -21.223089 -8.197989 9.505543 9.094183 -4.295903 33.568834 16.140927 -3.486127 -63.430642 50.400779 -53.441678 6.473324 7.244537 -10.427635 
39.303101 41.886883 87.272964 -75.706415 -0.602863 87.978824 21.953641 12.651237 0.611998 -5.569023 7.514663 22.373973 -2.858745 8.305772 -23.639212 nan nan nan -26.176749 -14.004807 -19.056827 1.411364 -14.105564 16.228336 8.501842 -2.567012 10.348380 nan nan nan -3.256129 -0.964727 4.646794 9.437413 -5.414432 11.209386 2.309134 -0.655757 -6.522720 6.345975 -14.857268 10.018051 4.992947 -25.473205 1.535325 -2.919114 -12.703796 -1.967871 -63.149727 -52.958606 30.074649 141.302537 -65.075089 -114.876014 -0.706739 -21.058093 -8.257002 9.708244 9.122565 -4.335384 33.697067 16.266445 -3.408539 -63.067158 50.129535 -52.936762 6.125649 7.208918 -10.348870 
39.811668 41.344803 87.360497 -76.185075 -0.465403 87.809714 21.718210 12.396747 0.026407 -5.717343 7.889988 23.862260 -2.806871 8.710432 -24.369731 nan nan nan -25.925399 -13.869085 -19.341689 1.786368 -14.166348 17.161589 8.727665 -2.158241 9.252652 nan nan nan -3.350889 -0.808528 4.949555 9.466739 -5.246735 11.125199 2.416793 -0.640819 -6.441372 6.310350 -14.776772 10.076896 4.971166 -25.403610 1.656946 -3.047026 -12.558001 -1.922310 -63.227195 -52.789828 30.174129 141.618531 -65.137135 -115.273331 -0.810043 -21.013957 -8.050336 9.911535 9.277686 -4.171604 33.809374 16.345036 -3.299802 -63.129098 49.706009 -52.841114 5.891844 7.314923 -10.193286 
40.323441 40.829567 87.426720 -76.615436 -0.307453 87.707043 21.417871 12.044467 -0.633098 -5.732655 8.388677 25.288152 -2.737790 9.128405 -25.125291 nan nan nan -25.568701 -13.735427 -19.757418 2.060915 -14.126362 18.554291 8.758923 -1.566477 7.731484 nan nan nan -3.336852 -0.629843 5.117421 9.450396 -5.121608 11.177079 2.418678 -0.643313 -6.413158 6.341142 -14.704953 9.970454 4.950371 -25.433328 1.842563 -3.065961 -12.351141 -1.954862 -63.448913 -52.684138 30.358943 141.806406 -65.198613 -115.489616 -1.033543 -21.126492 -7.983926 10.063382 9.357194 -4.190201 34.152334 16.405308 -2.986567 -63.300418 49.273489 -52.818605 5.784848 7.331629 -10.285110 
40.811096 40.364159 87.474762 -76.973654 -0.140172 87.611935 21.170374 11.724673 -1.287891 -5.678104 8.949673 26.673265 -2.518213 9.484925 -25.915157 nan nan nan -25.129794 -13.570152 -20.248794 2.126738 -14.147405 20.464345 8.693425 -1.092717 5.928005 nan nan nan -3.378118 -0.492073 5.230962 9.444143 -5.041265 11.170362 2.395236 -0.616334 -6.296304 6.364370 -14.779686 9.825358 4.964111 -25.401502 2.045820 -3.021170 -12.098076 -2.022143 -63.648986 -52.579168 30.564715 142.114085 -65.323533 -115.844011 -0.960233 -21.107230 -8.114589 10.266283 9.316286 -4.378908 34.527920 16.537594 -2.522129 -63.237151 48.910182 -52.647496 5.499003 7.362460 -10.773083 
41.271198 39.924557 87.519783 -77.315567 0.038016 87.442191 20.916715 11.434458 -1.759182 -5.520090 9.394211 27.895137 -2.166924 9.836254 -26.825279 nan nan nan -24.645834 -13.337203 -20.697351 2.052771 -14.225820 22.654476 8.541272 -0.740431 3.880025 nan nan nan -3.473645 -0.399235 5.442399 9.455721 -4.962557 11.078541 2.404364 -0.543768 -6.126197 6.425806 -14.804641 9.636354 4.966898 -25.371503 2.312948 -3.001872 -11.835533 -2.125328 -63.864413 -52.447401 30.751531 142.407819 -65.481004 -116.060204 -0.950923 -21.399164 -8.091258 10.549105 9.280799 -4.563003 34.804818 16.695836 -2.087973 -63.086350 48.494298 -52.370210 5.173323 7.741283 -11.178955 
41.710930 39.489216 87.567818 -77.634218 0.216128 87.190520 20.611752 11.236576 -1.990276 -5.332048 9.527223 28.797393 -1.767811 10.216233 -27.663092 nan nan nan -24.139804 -13.041871 -21.029812 1.902392 -14.232215 24.886547 8.247040 -0.603273 1.956172 nan nan nan -3.538353 -0.354167 5.739096 9.458760 -4.891116 11.092594 2.418294 -0.461389 -6.125046 6.461352 -14.742876 9.602032 5.023271 -25.284828 2.465716 -3.099810 -11.704537 -2.177777 -63.833209 -52.304650 30.702231 142.621574 -65.579534 -116.165991 -1.139198 -21.716143 -8.007579 10.730039 9.364180 -4.632779 35.259863 16.881860 -1.711975 -63.043252 47.877798 -51.960947 4.778068 7.979421 -11.340141 
42.132301 39.071232 87.591309 -77.867552 0.411852 86.956514 20.319063 11.128637 -2.198552 -5.136180 9.482605 29.498502 -1.380557 10.611863 -28.269618 nan nan nan -23.637066 -12.764972 -21.325209 1.638630 -14.447752 27.163541 7.918002 -0.625778 0.266256 nan nan nan -3.550957 -0.378323 6.014338 9.445921 -4.864609 11.128139 2.436783 -0.360533 -6.111056 6.399582 -14.675061 9.659008 5.237115 -25.174947 2.395483 -3.197222 -11.666845 -2.183453 -63.774368 -52.169041 30.516977 142.978392 -65.573444 -116.834729 -1.701237 -21.635546 -7.894119 10.938446 9.577923 -4.389988 35.169197 16.766040 -1.837260 -63.090517 47.629446 -51.958573 5.472780 8.016837 -11.014441 
42.525475 38.666130 87.586578 -78.084712 0.596888 86.674761 20.039544 11.085839 -2.294465 -4.898694 9.360164 30.035820 -1.070729 11.007596 -28.696320 nan nan nan -23.160105 -12.530550 -21.548068 1.288656 -14.800520 29.493357 7.716361 -0.610823 -1.466375 nan nan nan -3.575665 -0.411958 6.430900 9.404170 -4.790549 11.016722 2.457117 -0.267395 -5.997235 6.416729 -14.587054 9.719405 5.532003 -25.094662 2.193007 -3.204988 -11.484917 -2.248319 -63.966540 -52.117600 30.454845 143.342743 -65.671943 -117.453406 -2.330825 -21.718775 -7.617196 11.177035 9.689178 -4.265028 35.057378 16.742283 -2.042781 -63.072169 47.327868 -51.446226 6.827004 8.154437 -9.915374 
42.874691 38.275936 87.565056 -78.403151 0.771345 86.334625 19.877903 11.209314 -2.184583 -4.768485 9.174858 30.399141 -0.746665 11.393888 -29.014099 nan nan nan -22.702570 -12.346490 -21.702197 1.093016 -15.057952 31.708978 7.660214 -0.701147 -2.923347 nan nan nan -3.628443 -0.364708 6.753247 9.395101 -4.624331 11.135163 2.472521 -0.300396 -5.915419 6.585679 -14.377718 9.764893 5.696652 -25.196692 1.806647 -3.219457 -11.302711 -2.415137 -63.836374 -51.993004 30.317343 143.732452 -65.839374 -117.691398 -1.995557 -21.887691 -7.677512 11.090877 9.739977 -4.363110 35.866719 17.000366 -1.494783 -63.189903 47.058268 -51.579429 5.302811 8.100994 -11.469659 
43.224693 37.899994 87.510307 -78.700675 0.919498 86.062123 19.788288 11.210430 -2.149272 -4.676636 9.259453 30.748334 -0.451929 11.594263 -29.242624 nan nan nan -22.288639 -12.246357 -21.850261 0.954624 -15.265298 33.745553 7.543998 -0.608922 -4.141255 nan nan nan -3.712083 -0.261721 6.954285 9.356824 -4.507993 11.283817 2.507820 -0.310587 -5.770336 6.926414 -14.128464 9.541911 5.648027 -25.397876 1.796753 -3.182320 -11.334841 -2.622944 -63.631207 -51.878009 30.061103 143.936952 -65.888006 -118.025278 -2.118163 -22.102435 -7.174033 11.158649 9.935570 -4.374569 36.023964 16.873880 -1.462402 -63.154811 47.094150 -52.216483 5.107621 8.199958 -11.531219 
43.564388 37.548939 87.465759 -79.026919 1.004728 85.846558 19.712664 11.148518 -2.147687 -4.752611 9.458112 31.098483 -0.232310 11.816031 -29.364715 nan nan nan -21.900011 -12.166447 -22.020917 0.913586 -15.246469 35.583903 7.326371 -0.516828 -5.356508 nan nan nan -3.832861 -0.099037 7.192004 9.271552 -4.367042 11.224265 2.531838 -0.299241 -5.647962 7.211108 -14.072867 9.444219 5.618841 -25.428539 1.928251 -3.092187 -11.472411 -2.791993 -63.567712 -51.674872 29.979352 143.946468 -65.812121 -118.076605 -2.319917 -21.982634 -7.144233 11.314128 10.075420 -4.576884 36.183186 16.597958 -1.192311 -63.132306 47.016045 -52.004834 5.249562 8.080674 -11.669910 
43.869904 37.218845 87.457901 -79.355730 1.015489 85.632449 19.599753 11.125033 -2.080511 -4.951853 9.615950 31.430798 -0.146312 12.027043 -29.575484 nan nan nan -21.605951 -12.158810 -22.076345 0.967254 -15.141489 37.060661 7.202925 -0.371338 -6.464885 nan nan nan -4.018410 0.056453 7.436838 9.201140 -4.222492 10.942095 2.565766 -0.307363 -5.423568 7.201558 -14.098760 9.610403 5.739186 -25.334798 1.983450 -3.179363 -11.454270 -2.754939 -63.523907 -51.525588 29.850788 144.378981 -65.825908 -118.485559 -2.530097 -21.690534 -7.299064 11.546873 10.110954 -4.445081 36.299250 16.507685 -1.181296 -63.146007 47.106122 -51.642362 5.096954 7.913201 -11.757704 
44.190289 36.911846 87.442902 -79.651545 0.978881 85.554083 19.430585 11.108263 -2.216064 -5.085582 9.892324 31.899519 -0.105506 12.169689 -29.893954 nan nan nan -21.378258 -12.336531 -22.164992 1.029140 -15.170462 38.245513 7.265697 -0.012256 -7.312080 nan nan nan -4.267191 0.248477 7.419222 9.194634 -4.146104 10.849162 2.601558 -0.324855 -5.254542 7.083608 -14.077589 9.755278 5.832340 -25.318487 2.087944 -3.335869 -11.372548 -2.640004 -63.505331 -51.477922 29.694833 144.908679 -65.946139 -119.088326 -2.619850 -21.638608 -7.252284 11.777220 10.017550 -4.358461 36.429830 16.588047 -1.352693 -62.904338 47.362796 -51.690155 4.764247 7.983255 -11.302527 
44.523251 36.624146 87.422829 -79.913345 0.946939 85.568255 19.244180 11.132375 -2.514654 -5.207653 10.095445 32.415469 0.031944 12.316453 -30.176081 nan nan nan -21.110409 -12.603526 -22.338165 1.118478 -15.124622 39.336926 7.352502 0.310293 -7.765997 nan nan nan -4.481260 0.443028 7.215242 9.174613 -4.069942 11.024858 2.602318 -0.378641 -5.277484 6.985105 -14.167712 9.808009 5.827028 -25.236896 2.316334 -3.464540 -11.345477 -2.634019 -63.574974 -51.296455 29.728104 145.057355 -66.054894 -119.092517 -2.579440 -21.730719 -7.304120 11.961119 9.854327 -4.655718 36.648667 16.552110 -1.051182 -62.652260 47.511466 -50.841871 4.860995 7.869226 -11.789023 
44.845600 36.355888 87.421143 -80.144620 0.925187 85.593887 19.028216 11.200629 -2.852763 -5.282034 10.239999 32.894297 0.223718 12.359192 -30.370369 nan nan nan -20.785300 -12.830104 -22.497774 1.118166 -15.047339 40.301922 7.209631 0.651949 -8.014818 nan nan nan -4.683081 0.626601 6.918342 9.163903 -4.046326 11.491694 2.601385 -0.461528 -5.562169 6.911697 -14.169747 9.973229 5.805887 -25.157125 2.453460 -3.620859 -11.229815 -2.665174 -63.695752 -50.999948 29.853714 145.214688 -66.060001 -119.304324 -2.773250 -21.668056 -6.970420 12.214887 9.823338 -4.651970 36.875347 16.679915 -0.767346 -62.489763 47.340842 -50.691968 4.910843 7.975549 -11.805638 
45.137093 36.099659 87.424072 -80.322021 1.014943 85.529043 18.963731 11.238884 -3.078993 -5.287710 10.448804 33.333994 0.348658 12.328120 -30.571956 nan nan nan -20.393928 -12.922129 -22.452477 1.163876 -15.084558 41.012162 7.322939 0.792103 -8.326101 nan nan nan -4.754335 0.779720 6.732696 9.160272 -4.061586 11.858382 2.581242 -0.471326 -5.696372 6.921282 -14.138337 9.941868 5.764470 -25.289233 2.655663 -3.773470 -11.096651 -2.729247 -63.879524 -50.834692 30.002991 145.482857 -66.058074 -119.950235 -3.211042 -21.666240 -6.379425 12.560231 9.877441 -4.549555 36.897212 16.645233 -0.801429 -62.484118 47.302366 -51.560791 5.109685 8.218244 -10.953589 
45.387630 35.833881 87.417526 -80.510497 1.121695 85.403827 18.955208 11.356021 -3.144641 -5.294439 10.631719 33.666785 0.521362 12.359912 -30.790371 nan nan nan -20.058345 -12.958685 -22.271991 1.323573 -15.109378 41.448222 7.569575 0.731978 -8.654373 nan nan nan -4.825937 0.933355 6.621899 9.150992 -4.036468 12.109840 2.567161 -0.374429 -5.700062 7.077627 -14.173096 9.704484 5.626400 -25.427435 2.913805 -3.872658 -11.146679 -2.802536 -64.029073 -50.710483 30.143541 145.505705 -66.134785 -119.867885 -3.398918 -22.040186 -6.211523 12.721167 9.898605 -4.645802 36.923776 16.285675 -0.727578 -62.600265 47.404470 -51.287237 4.943085 8.272293 -11.019025 
45.620361 35.558079 87.409966 -80.682458 1.207576 85.301550 18.890928 11.500305 -3.199173 -5.296379 10.716206 33.913662 0.619986 12.412841 -30.954275 nan nan nan -19.833011 -12.993982 -22.011688 1.473490 -15.143655 41.534043 7.447146 0.728547 -9.150003 nan nan nan -4.904755 1.108534 6.529191 9.141025 -3.989408 12.280706 2.568366 -0.319771 -5.711569 7.214314 -14.052671 9.573423 5.542334 -25.480289 3.104150 -3.927936 -11.155837 -2.756182 -64.223058 -50.663339 30.302758 145.563001 -66.263793 -119.681854 -3.287555 -22.286245 -6.151840 12.783491 9.834623 -4.488719 36.952471 16.043830 -0.755723 -62.669702 47.570462 -51.060700 4.443885 8.375634 -11.453627 
45.850380 35.286526 87.402405 -80.759483 1.304516 85.219599 18.779253 11.529296 -3.342610 -5.272187 10.699859 34.193157 0.644910 12.494701 -31.112856 nan nan nan -19.652638 -13.060397 -21.676870 1.592127 -15.292504 41.369575 7.279291 0.710806 -9.805767 nan nan nan -4.838837 1.225541 6.432200 9.074230 -4.015668 12.521884 2.496103 -0.369774 -5.839738 7.257209 -13.836118 9.559828 5.521951 -25.518589 3.248528 -3.996866 -10.992899 -2.628469 -64.418765 -50.690977 30.380424 145.764161 -66.348778 -119.787588 -3.368145 -22.410063 -5.972775 12.818541 9.829777 -4.164494 37.231506 16.155135 -0.794708 -62.755163 47.401058 -51.030076 4.138063 8.495128 -11.613727 
46.066082 35.008003 87.388435 -80.795420 1.360054 85.135445 18.596191 11.419668 -3.492405 -5.232933 10.756814 34.462759 0.733478 12.665294 -31.246197 nan nan nan -19.538972 -13.113424 -21.290992 1.684097 -15.430624 41.180292 7.016144 0.624951 -9.872584 nan nan nan -4.816540 1.326598 6.253895 9.048817 -4.100482 12.907406 2.421137 -0.359545 -6.008185 7.159100 -13.844781 9.568910 5.482457 -25.496979 3.386501 -4.194676 -10.886561 -2.518175 -64.524904 -50.747268 30.515464 145.830521 -66.378821 -120.190012 -3.367717 -22.289881 -5.897318 12.949941 9.812221 -4.042517 37.387277 16.091513 -0.746667 -62.979256 47.276748 -51.608377 4.266457 8.435716 -11.227042 
46.274323 34.716740 87.378784 -80.837171 1.416520 85.080354 18.381404 11.347793 -3.688859 -5.231765 10.751039 34.749114 0.755389 12.934672 -31.445854 nan nan nan -19.417135 -13.157380 -20.919383 1.747181 -15.658222 40.684853 7.098063 0.138191 -10.364525 nan nan nan -4.803070 1.383432 6.241084 8.998943 -4.104091 12.687854 2.411328 -0.300720 -5.805307 6.978422 -14.048097 9.621584 5.493238 -25.324620 3.487964 -4.403933 -10.875840 -2.359493 -64.639216 -50.733001 30.600806 146.033938 -66.424417 -120.470668 -3.165602 -21.965567 -6.072676 12.923964 9.750633 -4.014264 37.509544 15.868143 -0.715060 -63.130478 47.377805 -51.169419 4.210990 8.069940 -11.513473 
46.452545 34.442692 87.372162 -80.933752 1.478600 84.997427 18.206786 11.322394 -3.789114 -5.210860 10.828854 35.008925 0.662812 13.050608 -31.649240 nan nan nan -19.319904 -13.109032 -20.466290 1.739089 -16.059760 39.983553 7.590292 -0.450479 -10.764281 nan nan nan -4.741988 1.333309 6.395989 8.857842 -4.085509 12.166597 2.363720 -0.157316 -5.513042 6.855887 -14.119297 9.712463 5.609315 -25.296365 3.605226 -4.570796 -10.757906 -2.121933 -64.698348 -50.719723 30.495597 146.555265 -66.486286 -120.978162 -3.286203 -21.951456 -5.940538 12.962330 9.782578 -3.598465 37.557249 15.633591 -1.072848 -63.246368 47.650561 -51.006868 4.377006 8.091487 -11.725093 
46.635555 34.193901 87.366936 -81.088038 1.535586 84.904588 18.066615 11.275858 -3.878341 -5.114464 11.060219 35.339054 0.575633 13.015899 -31.867734 nan nan nan -19.201661 -13.089465 -20.129544 1.509219 -16.464960 39.341837 7.576623 -0.689436 -10.760079 nan nan nan -4.698784 1.347037 6.550137 8.760819 -4.040543 11.861165 2.289221 -0.099913 -5.416699 6.793936 -14.055370 9.877500 5.832866 -25.210075 3.570635 -4.664236 -10.551734 -2.076190 -64.887655 -50.620344 30.587685 146.823674 -66.503505 -121.177319 -3.533278 -22.278468 -5.768073 13.025774 9.675500 -3.514516 37.869255 15.872387 -1.124960 -62.876808 47.658288 -50.803346 4.260422 8.419994 -11.339013 
46.824539 33.955025 87.344490 -81.158961 1.595634 84.866034 17.886750 11.149034 -4.096872 -4.964133 11.237434 35.724724 0.539153 13.049690 -32.081280 nan nan nan -19.163524 -13.083483 -19.835073 1.234853 -16.916454 38.552000 7.261921 -0.740758 -10.662066 nan nan nan -4.703392 1.430608 6.505171 8.762784 -4.022775 11.893394 2.284712 -0.154147 -5.456743 6.724547 -14.078786 9.966223 5.935973 -25.134867 3.466437 -4.751656 -10.381433 -2.066003 -65.241972 -50.550584 30.876139 146.748500 -66.500788 -121.063526 -3.746147 -22.494621 -5.645838 13.001267 9.574526 -3.547650 38.112062 16.026955 -0.951095 -62.690104 47.506938 -50.635010 4.220662 8.630609 -11.061906 
47.000061 33.726292 87.319794 -81.179544 1.595265 84.814711 17.661321 10.982194 -4.311162 -4.936258 11.294040 36.109742 0.568769 13.225021 -32.245659 nan nan nan -19.248677 -13.125129 -19.510023 1.164431 -17.120869 37.688942 7.066781 -0.895954 -10.473694 nan nan nan -4.779486 1.577793 6.332286 8.751592 -4.055234 12.206602 2.302246 -0.164466 -5.676022 6.706228 -14.225448 10.066104 5.848939 -25.142159 3.367203 -4.872518 -10.412874 -1.861973 -65.305622 -50.584116 30.931027 146.833573 -66.474466 -121.150206 -3.870296 -22.524384 -5.487872 12.982718 9.644276 -3.301454 38.207246 15.873811 -0.985697 -62.948956 47.313724 -50.785595 4.226753 8.610016 -10.902682 
47.163574 33.511154 87.303818 -81.253534 1.617839 84.718541 17.539084 10.893810 -4.416511 -4.970526 11.348438 36.436059 0.642798 13.309643 -32.370836 nan nan nan -19.318738 -13.164051 -19.191842 1.258363 -17.112362 36.902218 6.909737 -0.989800 -10.113700 nan nan nan -4.867596 1.787688 6.128019 8.789105 -4.063810 12.705638 2.345702 -0.192777 -5.988795 6.710482 -14.222437 10.248766 5.718019 -25.113638 3.176607 -4.979809 -10.530432 -1.622603 -65.270406 -50.605084 30.866920 147.009370 -66.373295 -121.488743 -3.962586 -22.474885 -5.169585 12.960792 9.668192 -3.129652 38.238755 15.663258 -1.147528 -63.145054 47.322877 -51.258658 4.513354 8.550252 -10.604530 
47.349899 33.293682 87.279396 -81.370479 1.680833 84.632447 17.472201 10.876751 -4.532567 -4.952594 11.464210 36.734720 0.719728 13.332141 -32.509364 nan nan nan -19.337768 -13.151054 -18.997751 1.407943 -16.943508 36.212100 6.782779 -1.091404 -9.712016 nan nan nan -4.862416 1.935060 6.096376 8.807442 -4.010513 12.884825 2.348117 -0.221218 -6.087855 6.705581 -14.186968 10.153925 5.639349 -25.078676 3.252030 -5.059962 -10.599596 -1.608086 -65.317647 -50.547324 30.955290 147.030712 -66.295040 -121.605084 -3.784000 -22.470852 -5.297085 12.893664 9.615776 -3.197824 38.183130 15.504357 -1.154854 -62.998875 47.526543 -51.110957 4.580235 8.382418 -10.679354 
47.516514 33.088097 87.255295 -81.429570 1.771434 84.543104 17.432325 10.859220 -4.654393 -4.863263 11.636052 37.077257 0.786471 13.292262 -32.686744 nan nan nan -19.357153 -13.122981 -18.725763 1.640054 -16.569822 35.420880 6.731076 -1.162662 -9.370753 nan nan nan -4.761505 1.980023 6.140730 8.759364 -4.026786 12.870716 2.275235 -0.202477 -6.062695 6.731541 -14.136136 9.913035 5.637072 -25.160460 3.543516 -5.115860 -10.569834 -1.699174 -65.329083 -50.461093 31.079144 147.102917 -66.270995 -121.686027 -3.587828 -22.521429 -5.510690 12.877100 9.576046 -3.207187 38.187996 15.443449 -1.092541 -62.836773 47.593293 -50.942069 4.446608 8.349336 -10.802174 
47.650589 32.875362 87.238762 -81.472740 1.855233 84.475508 17.361943 10.818437 -4.760366 -4.791975 11.795175 37.330032 0.818864 13.345890 -32.887907 nan nan nan -19.391877 -13.164867 -18.519105 1.781810 -16.342656 34.870846 6.720702 -1.085539 -9.104818 nan nan nan -4.715400 2.028294 6.012118 8.711728 -4.102876 12.984974 2.224301 -0.144173 -6.062485 6.787647 -14.172919 9.938469 5.661951 -25.231624 3.589841 -5.191559 -10.621304 -1.729960 -65.329967 -50.344123 31.139162 147.055246 -66.226253 -121.671657 -3.747653 -22.646686 -5.489113 12.910118 9.665738 -3.208775 38.231421 15.320060 -1.043189 -62.749619 47.411912 -50.912936 4.611951 8.463225 -10.675293 
47.789265 32.684299 87.218430 -81.526230 1.956372 84.451054 17.327295 10.795822 -4.901507 -4.757002 11.927080 37.556634 0.844352 13.419254 -33.090651 nan nan nan -19.363469 -13.236235 -18.489443 1.805504 -16.272470 34.600911 6.676616 -1.099808 -8.858329 nan nan nan -4.727547 2.087047 5.781600 8.732831 -4.162598 13.147174 2.223897 -0.105205 -6.021949 6.830801 -14.317633 9.928158 5.639315 -25.271819 3.617199 -5.254308 -10.700217 -1.748205 -65.331724 -50.246102 31.181710 147.094527 -66.124007 -121.746322 -4.017887 -22.637960 -5.359108 13.017519 9.748864 -3.324880 38.105125 15.212280 -0.951984 -62.614348 47.274438 -50.729325 4.883576 8.422301 -10.416279 
47.934784 32.523148 87.173012 -81.502722 2.060546 84.474467 17.308945 10.772048 -5.165359 -4.713714 11.974115 37.868089 0.808483 13.369993 -33.263063 nan nan nan -19.302709 -13.312134 -18.631319 1.735582 -16.271119 34.623331 6.813758 -1.224544 -8.776896 nan nan nan -4.725487 2.109064 5.578162 8.736588 -4.188209 13.199614 2.213801 -0.084417 -5.916693 6.861895 -14.447150 9.745896 5.658881 -25.285967 3.741528 -5.311607 -10.723972 -1.783258 -65.394564 -50.264118 31.295120 147.079483 -66.119250 -121.813756 -4.094328 -22.671297 -5.314338 13.173640 9.706375 -3.400109 37.912222 15.134288 -0.875220 -62.478194 47.307218 -50.601405 4.823827 8.569792 -10.346988 
48.046181 32.358303 87.124451 -81.488782 2.161852 84.378799 17.321423 10.808822 -5.262854 -4.708837 11.908630 38.158340 0.756732 13.290767 -33.394838 nan nan nan -19.291889 -13.383416 -18.584266 1.709186 -16.386405 34.668075 7.145857 -1.332896 -8.879477 nan nan nan -4.719547 2.108466 5.582788 8.728624 -4.169798 13.156692 2.216356 -0.054538 -5.833539 6.935987 -14.402756 9.553338 5.611329 -25.323004 3.971038 -5.325322 -10.686814 -1.692279 -65.505646 -50.354270 31.288812 147.290367 -66.184115 -122.165486 -4.034901 -22.839673 -5.251551 13.232430 9.717182 -3.082799 37.757001 15.142934 -1.162341 -62.437786 47.404563 -50.749573 4.577728 8.754043 -10.253516 
48.176067 32.178596 87.096039 -81.612776 2.260346 84.355169 17.299513 10.829999 -5.378072 -4.645719 12.056790 38.395594 0.818680 13.263298 -33.517865 nan nan nan -19.324639 -13.291432 -18.683902 1.707405 -16.148417 34.582165 7.166022 -1.034998 -8.492802 nan nan nan -4.711732 2.127461 5.638684 8.760562 -4.147216 13.084823 2.247846 0.004985 -5.944239 6.954695 -14.282475 9.725406 5.533713 -25.305154 3.926574 -5.340584 -10.592874 -1.658268 -65.751964 -50.196820 31.460029 147.570333 -66.143241 -122.397325 -3.978278 -22.852659 -5.126423 13.196985 9.744366 -2.900651 37.734986 15.196802 -1.158459 -62.382078 47.302505 -50.858072 4.590813 8.732074 -10.221579 
48.302639 32.017200 87.071548 -81.720642 2.371385 84.345089 17.309267 10.850098 -5.485006 -4.598540 12.231743 38.577809 0.889871 13.254170 -33.558164 nan nan nan -19.369613 -13.187037 -18.694884 1.808627 -16.205779 34.391507 7.341915 -0.955064 -8.209166 nan nan nan -4.631322 2.069919 5.889498 8.731452 -4.093823 12.623007 2.234500 0.041278 -5.899978 6.902140 -14.243175 9.908964 5.475621 -25.194985 3.978549 -5.348050 -10.421348 -1.646938 -65.946874 -50.027751 31.586201 147.952644 -66.108273 -122.733620 -4.052617 -22.789897 -5.169283 13.185277 9.663523 -2.934092 37.822330 15.221051 -1.008546 -62.191812 47.376304 -50.610467 4.913451 8.571959 -9.986455 
48.421642 31.857626 87.035202 -81.713170 2.437866 84.283348 17.229797 10.806873 -5.594243 -4.558274 12.213115 38.789082 0.934908 13.298722 -33.671515 nan nan nan -19.505150 -13.203607 -18.591351 1.946594 -16.284927 34.174164 7.468596 -0.902899 -8.017886 nan nan nan -4.596822 2.027923 5.968157 8.709381 -4.131757 12.555409 2.179135 0.083078 -5.962892 6.820893 -14.269482 10.001416 5.460796 -25.125139 4.168089 -5.409565 -10.423332 -1.509362 -65.862875 -50.041005 31.534839 148.032294 -66.082885 -122.813500 -4.124700 -22.791871 -5.257489 13.218484 9.659657 -2.788256 37.793640 15.208925 -1.003079 -62.128934 47.404322 -50.357961 5.052785 8.494783 -9.835185 
48.543938 31.694941 87.000038 -81.694059 2.504717 84.155620 17.153766 10.651446 -5.660630 -4.517341 12.225890 39.028374 0.987396 13.480410 -33.785178 nan nan nan -19.643874 -13.185843 -18.378625 2.089587 -16.208448 33.849253 7.381152 -0.786297 -7.814448 nan nan nan -4.618918 2.123611 5.692944 8.765578 -4.237353 13.287836 2.161922 0.095009 -6.281641 6.913676 -14.303263 9.928574 5.344694 -25.191535 4.248061 -5.439168 -10.639123 -1.347173 -65.596228 -50.151724 31.333363 147.914564 -66.020222 -122.770671 -4.135163 -22.735434 -5.110284 13.154758 9.812563 -2.685152 37.684681 15.107012 -1.102085 -62.161662 47.287825 -50.419996 5.075729 8.400172 -9.821677 
48.659977 31.557566 86.989685 -81.704952 2.645131 84.178910 17.153486 10.540644 -5.888160 -4.385408 12.368993 39.295756 0.957371 13.519721 -33.851633 nan nan nan -19.614684 -13.114706 -18.307344 2.209241 -16.030351 33.479869 7.342782 -0.635187 -7.565920 nan nan nan -4.497211 2.105448 5.751950 8.762963 -4.234545 12.904567 2.137399 0.103012 -6.128727 6.857760 -14.399456 10.064247 5.415059 -25.179710 4.199721 -5.531082 -10.540766 -1.385158 -65.687127 -50.032443 31.453731 148.060460 -66.088928 -122.874702 -4.149854 -22.916112 -5.279352 13.117945 9.738031 -2.690406 37.729345 15.081432 -1.118953 -61.965881 47.350008 -50.282159 5.350952 8.537464 -9.948878 
48.782917 31.453432 86.985008 -81.671990 2.816277 84.155315 17.209776 10.474519 -6.068740 -4.291423 12.388535 39.544192 0.943483 13.521070 -33.947811 nan nan nan -19.547278 -13.087806 -18.170239 2.323454 -15.917622 33.151235 7.305142 -0.532439 -7.357494 nan nan nan -4.387425 2.093977 5.863499 8.781889 -4.251075 12.562449 2.137353 0.084655 -5.909924 6.842872 -14.444121 10.057949 5.532855 -25.136765 4.101121 -5.564498 -10.470536 -1.461720 -65.739573 -49.984170 31.552706 148.213818 -66.130648 -122.960585 -4.074588 -22.996633 -5.391574 13.116557 9.695979 -2.774229 37.756615 15.104024 -1.072530 -61.807150 47.353115 -50.203142 5.440928 8.817915 -10.248592 
48.877071 31.355936 86.978203 -81.623538 2.916963 84.114275 17.210428 10.486204 -6.163391 -4.288216 12.339276 39.699306 0.975160 13.602001 -34.056841 nan nan nan -19.554016 -13.095321 -18.012534 2.432405 -15.955369 32.915997 7.452399 -0.595490 -7.225749 nan nan nan -4.410588 2.123738 5.832112 8.826442 -4.306592 12.533661 2.191076 0.031840 -5.846863 6.749070 -14.512301 10.111351 5.634980 -24.997694 4.038476 -5.579689 -10.486778 -1.364606 -65.660278 -50.002081 31.463952 148.526409 -66.106479 -123.201236 -3.932126 -22.909244 -5.406546 13.157993 9.691259 -2.790883 37.813350 15.330455 -1.082703 -61.606334 47.257919 -50.155463 5.125604 8.831957 -10.150990 
48.938110 31.249100 86.951965 -81.606342 2.962826 84.055793 17.170782 10.459354 -6.163020 -4.306094 12.361617 39.753002 1.016003 13.685419 -34.167648 nan nan nan -19.610519 -13.154575 -17.872112 2.514802 -16.077919 32.754515 7.629937 -0.725449 -7.172587 nan nan nan -4.521634 2.250473 5.632348 8.872685 -4.332381 12.752194 2.268725 -0.027318 -5.825181 6.798013 -14.533110 10.046663 5.628012 -24.986523 4.101515 -5.579092 -10.670419 -1.300734 -65.516103 -50.003429 31.330636 148.665169 -66.092425 -123.471329 -3.878201 -22.897735 -5.399597 13.123060 9.722384 -2.945464 37.775035 15.108934 -1.123126 -61.566085 47.466671 -50.242100 5.028589 8.597099 -10.105980 
49.011841 31.147980 86.918671 -81.634269 3.039239 83.998336 17.184328 10.416310 -6.191451 -4.242132 12.460658 39.855858 1.089637 13.680283 -34.204380 nan nan nan -19.577632 -13.234436 -17.767797 2.527704 -16.126568 32.561051 7.577359 -0.721947 -7.135064 nan nan nan -4.626622 2.423597 5.457046 8.952937 -4.355336 13.105982 2.356560 -0.098565 -5.994421 6.995815 -14.453643 9.947645 5.423268 -25.138797 4.221370 -5.577652 -10.744972 -1.363381 -65.594380 -49.925925 31.428068 148.572680 -66.091205 -123.570637 -4.023268 -22.966702 -5.288015 13.082259 9.782823 -3.083093 37.632687 14.763591 -1.056173 -61.605563 47.624637 -50.382085 5.129757 8.528202 -10.250441 
49.089813 31.056303 86.907173 -81.637638 3.115898 83.929323 17.201425 10.372602 -6.243931 -4.220012 12.430846 39.990990 1.131091 13.693499 -34.243422 nan nan nan -19.549955 -13.350256 -17.586215 2.592585 -16.116869 32.261404 7.490938 -0.697367 -7.045976 nan nan nan -4.707774 2.496843 5.353689 9.019784 -4.413330 13.302347 2.393194 -0.104948 -6.083481 7.054171 -14.520327 9.978933 5.316110 -25.211071 4.330162 -5.606919 -10.735881 -1.322662 -65.644237 -49.908865 31.458569 148.607201 -66.115036 -123.700374 -4.224574 -22.930246 -5.108795 13.090638 9.802113 -3.028167 37.544181 14.709013 -1.058076 -61.593848 47.630323 -50.349921 5.356962 8.453713 -10.210329 
49.155575 30.971855 86.905579 -81.576928 3.156985 83.887329 17.168902 10.332185 -6.313619 -4.233478 12.368508 40.080065 1.134685 13.727644 -34.268538 nan nan nan -19.552794 -13.465584 -17.431526 2.625257 -16.095642 32.064736 7.398914 -0.710662 -6.989097 nan nan nan -4.784512 2.480625 5.240968 9.046221 -4.500152 13.387327 2.389807 -0.083065 -6.083186 6.996054 -14.618418 10.125806 5.361645 -25.164428 4.348471 -5.681163 -10.699009 -1.205665 -65.547138 -49.942905 31.339161 148.936546 -66.178332 -124.040259 -4.224932 -22.892778 -4.893415 13.155526 9.766391 -2.862865 37.552446 14.830326 -1.199248 -61.575308 47.652875 -50.281961 5.427925 8.406775 -9.823444 
49.223595 30.918808 86.904991 -81.539264 3.189875 83.941403 17.127836 10.324841 -6.454009 -4.245383 12.335192 40.175727 1.099668 13.726745 -34.325199 nan nan nan -19.478749 -13.509909 -17.422530 2.586183 -16.001817 31.928644 7.276355 -0.776280 -6.887754 nan nan nan -4.869452 2.445565 5.225491 9.064316 -4.523043 13.179095 2.370426 -0.084376 -6.080278 6.907779 -14.711322 10.364768 5.549160 -25.005290 4.344232 -5.687790 -10.525332 -1.052862 -65.603343 -49.985215 31.330345 149.420360 -66.306546 -124.411112 -3.970667 -22.954440 -5.071313 13.179416 9.563665 -2.676092 37.767365 15.188374 -1.257834 -61.352743 47.678230 -50.010707 5.085213 8.552367 -9.684040 
49.277023 30.870644 86.901382 -81.550900 3.220652 83.950942 17.123176 10.334971 -6.497555 -4.293271 12.341878 40.250700 1.065996 13.729478 -34.396484 nan nan nan -19.407529 -13.510513 -17.351838 2.573333 -15.975605 31.664188 7.288741 -0.888319 -6.765172 nan nan nan -4.932587 2.471608 5.249191 9.058421 -4.499420 13.011100 2.361299 -0.072738 -6.131938 6.871472 -14.738136 10.590502 5.718871 -24.894001 4.365000 -5.700694 -10.454280 -0.939230 -65.731523 -50.005519 31.434309 149.609433 -66.412124 -124.446029 -3.924171 -22.952700 -5.255924 13.170290 9.464389 -2.526149 37.905533 15.146130 -1.228342 -61.427635 47.727050 -49.980184 5.030911 8.668469 -9.911662 
49.312416 30.803244 86.887444 -81.554344 3.244529 83.892718 17.109475 10.337716 -6.482669 -4.294826 12.372183 40.353881 1.085872 13.758358 -34.472862 nan nan nan -19.389784 -13.548340 -17.174457 2.622129 -15.951310 31.333564 7.333690 -1.027670 -6.677148 nan nan nan -4.977184 2.524684 5.168335 9.026864 -4.520754 13.050749 2.352556 -0.061416 -6.093571 6.935295 -14.723997 10.642437 5.742446 -24.916392 4.370441 -5.659980 -10.547699 -0.934120 -65.715509 -49.953593 31.430691 149.601338 -66.449359 -124.271465 -3.916867 -22.995236 -5.328676 13.144748 9.530843 -2.498840 38.014928 14.967197 -1.167285 -61.622871 47.691988 -50.021729 4.905777 8.682574 -10.091388 
49.339962 30.729395 86.875145 -81.575700 3.264122 83.809439 17.101329 10.327907 -6.464173 -4.232134 12.422040 40.481842 1.138203 13.740314 -34.471299 nan nan nan -19.369805 -13.616917 -16.988957 2.645723 -15.905729 31.083955 7.269528 -1.069398 -6.688279 nan nan nan -5.046270 2.557728 5.142757 9.009664 -4.548354 13.086030 2.360335 -0.043688 -6.084922 7.009055 -14.758773 10.608609 5.653902 -25.017650 4.453110 -5.637844 -10.446645 -0.989221 -65.912237 -49.911267 31.636234 149.523853 -66.499047 -124.201351 -4.007828 -22.866742 -5.258906 13.132837 9.482471 -2.535177 38.100849 14.928520 -1.060764 -61.616998 47.686852 -49.986043 5.096373 8.664085 -10.138175 
49.371632 30.662132 86.865746 -81.596566 3.276055 83.715261 17.078999 10.295510 -6.419425 -4.195733 12.431262 40.572057 1.212311 13.738773 -34.417344 nan nan nan -19.345319 -13.665867 -16.831640 2.613453 -15.893858 30.835137 7.168715 -1.146111 -6.651387 nan nan nan -5.151565 2.571056 5.208190 9.021385 -4.564665 13.186561 2.384508 -0.009359 -6.241774 7.060253 -14.809063 10.523745 5.538082 -25.066377 4.592930 -5.656821 -10.186223 -1.093635 -66.263518 -49.922255 32.090048 149.408584 -66.556335 -124.134101 -4.051053 -22.611240 -5.255613 13.065597 9.314884 -2.620510 38.273662 14.968836 -0.779749 -61.601340 47.670076 -49.746571 5.302496 8.572699 -10.271056 
49.423485 30.598751 86.872665 -81.616261 3.306327 83.632679 17.023298 10.284394 -6.376099 -4.054412 12.510967 40.637419 1.269225 13.742330 -34.403787 nan nan nan -19.339835 -13.670966 -16.803571 2.726198 -15.701000 30.751228 7.106589 -1.358551 -6.489224 nan nan nan -5.178567 2.646598 5.300162 9.034600 -4.560908 13.331992 2.383469 -0.042033 -6.536777 6.980940 -14.876529 10.468116 5.555336 -25.051886 4.710838 -5.749901 -10.079146 -1.155148 -66.111179 -49.886642 32.186162 149.450817 -66.590568 -124.149003 -3.966139 -22.879094 -5.627714 13.060583 9.170999 -2.708843 38.366741 14.951166 -0.482827 -61.539410 47.737451 -49.625716 5.080737 8.664309 -10.723861 
